stage,imputer,missing_rate,replicate,fold,n_train,n_test,train_test_overlap,imputer_object_id,correlation_source,has_corr_csv_path
imputation,SimpleMean,0.0,0,1,93,24,0,2360308856336,n/a,False
imputation,SimpleMean,0.0,0,2,93,24,0,2360308855056,n/a,False
imputation,SimpleMean,0.0,0,3,94,23,0,2360308380816,n/a,False
imputation,SimpleMean,0.0,0,4,94,23,0,2360308382336,n/a,False
imputation,SimpleMean,0.0,0,5,94,23,0,2360309238384,n/a,False
imputation,"KNN(k=5,dist)",0.0,0,1,93,24,0,2360308856016,n/a,False
imputation,"KNN(k=5,dist)",0.0,0,2,93,24,0,2360308854416,n/a,False
imputation,"KNN(k=5,dist)",0.0,0,3,94,23,0,2360308382640,n/a,False
imputation,"KNN(k=5,dist)",0.0,0,4,94,23,0,2360308382944,n/a,False
imputation,"KNN(k=5,dist)",0.0,0,5,94,23,0,2360309240400,n/a,False
imputation,RFECA_SVR(k=5),0.0,0,1,93,24,0,2360308383248,training_fold_X.corr(),False
imputation,RFECA_SVR(k=5),0.0,0,2,93,24,0,2360309710928,training_fold_X.corr(),False
imputation,RFECA_SVR(k=5),0.0,0,3,94,23,0,2360309240112,training_fold_X.corr(),False
imputation,RFECA_SVR(k=5),0.0,0,4,94,23,0,2360309127904,training_fold_X.corr(),False
imputation,RFECA_SVR(k=5),0.0,0,5,94,23,0,2360309128176,training_fold_X.corr(),False
imputation,RFECA_SVR(k=10),0.0,0,1,93,24,0,2360286724944,training_fold_X.corr(),False
imputation,RFECA_SVR(k=10),0.0,0,2,93,24,0,2360286724688,training_fold_X.corr(),False
imputation,RFECA_SVR(k=10),0.0,0,3,94,23,0,2360308218480,training_fold_X.corr(),False
imputation,RFECA_SVR(k=10),0.0,0,4,94,23,0,2360308218720,training_fold_X.corr(),False
imputation,RFECA_SVR(k=10),0.0,0,5,94,23,0,2360309364816,training_fold_X.corr(),False
imputation,RFECA_SVR(k=20),0.0,0,1,93,24,0,2360309365488,training_fold_X.corr(),False
imputation,RFECA_SVR(k=20),0.0,0,2,93,24,0,2360309365712,training_fold_X.corr(),False
imputation,RFECA_SVR(k=20),0.0,0,3,94,23,0,2360309365936,training_fold_X.corr(),False
imputation,RFECA_SVR(k=20),0.0,0,4,94,23,0,2360309366160,training_fold_X.corr(),False
imputation,RFECA_SVR(k=20),0.0,0,5,94,23,0,2360309366384,training_fold_X.corr(),False
imputation,MissForest,0.0,0,1,93,24,0,2360308857296,n/a,False
imputation,MissForest,0.0,0,2,93,24,0,2360308855376,n/a,False
imputation,MissForest,0.0,0,3,94,23,0,2360308858256,n/a,False
imputation,MissForest,0.0,0,4,94,23,0,2360308858576,n/a,False
imputation,MissForest,0.0,0,5,94,23,0,2360310169680,n/a,False
classification,SimpleMean,0.0,0,1,93,24,0,2360308219440,n/a,False
classification,SimpleMean,0.0,0,2,93,24,0,2360310522480,n/a,False
classification,SimpleMean,0.0,0,3,94,23,0,2360344398544,n/a,False
classification,SimpleMean,0.0,0,4,94,23,0,2360309472032,n/a,False
classification,SimpleMean,0.0,0,5,94,23,0,2360344479312,n/a,False
classification,"KNN(k=5,dist)",0.0,0,1,93,24,0,2360309132800,n/a,False
classification,"KNN(k=5,dist)",0.0,0,2,93,24,0,2360309134160,n/a,False
classification,"KNN(k=5,dist)",0.0,0,3,94,23,0,2360310158672,n/a,False
classification,"KNN(k=5,dist)",0.0,0,4,94,23,0,2360310161488,n/a,False
classification,"KNN(k=5,dist)",0.0,0,5,94,23,0,2360345759328,n/a,False
classification,RFECA_SVR(k=5),0.0,0,1,93,24,0,2360363577904,training_fold_X.corr(),False
classification,RFECA_SVR(k=5),0.0,0,2,93,24,0,2360363995376,training_fold_X.corr(),False
classification,RFECA_SVR(k=5),0.0,0,3,94,23,0,2360364299248,training_fold_X.corr(),False
classification,RFECA_SVR(k=5),0.0,0,4,94,23,0,2360364637040,training_fold_X.corr(),False
classification,RFECA_SVR(k=5),0.0,0,5,94,23,0,2360364663536,training_fold_X.corr(),False
classification,RFECA_SVR(k=10),0.0,0,1,93,24,0,2360363577680,training_fold_X.corr(),False
classification,RFECA_SVR(k=10),0.0,0,2,93,24,0,2360365698640,training_fold_X.corr(),False
classification,RFECA_SVR(k=10),0.0,0,3,94,23,0,2360366019344,training_fold_X.corr(),False
classification,RFECA_SVR(k=10),0.0,0,4,94,23,0,2360366356688,training_fold_X.corr(),False
classification,RFECA_SVR(k=10),0.0,0,5,94,23,0,2360366710160,training_fold_X.corr(),False
classification,RFECA_SVR(k=20),0.0,0,1,93,24,0,2360367047504,training_fold_X.corr(),False
classification,RFECA_SVR(k=20),0.0,0,2,93,24,0,2360383965456,training_fold_X.corr(),False
classification,RFECA_SVR(k=20),0.0,0,3,94,23,0,2360384073168,training_fold_X.corr(),False
classification,RFECA_SVR(k=20),0.0,0,4,94,23,0,2360384672656,training_fold_X.corr(),False
classification,RFECA_SVR(k=20),0.0,0,5,94,23,0,2360385022768,training_fold_X.corr(),False
classification,MissForest,0.0,0,1,93,24,0,2360310181200,n/a,False
classification,MissForest,0.0,0,2,93,24,0,2360310175440,n/a,False
classification,MissForest,0.0,0,3,94,23,0,2360310176080,n/a,False
classification,MissForest,0.0,0,4,94,23,0,2360310175120,n/a,False
classification,MissForest,0.0,0,5,94,23,0,2360310172240,n/a,False
imputation,SimpleMean,0.0,1,1,93,24,0,2360365751312,n/a,False
imputation,SimpleMean,0.0,1,2,93,24,0,2360386373392,n/a,False
imputation,SimpleMean,0.0,1,3,94,23,0,2360386690640,n/a,False
imputation,SimpleMean,0.0,1,4,94,23,0,2360386691600,n/a,False
imputation,SimpleMean,0.0,1,5,94,23,0,2360386691792,n/a,False
imputation,"KNN(k=5,dist)",0.0,1,1,93,24,0,2360345770128,n/a,False
imputation,"KNN(k=5,dist)",0.0,1,2,93,24,0,2360386946672,n/a,False
imputation,"KNN(k=5,dist)",0.0,1,3,94,23,0,2360386947568,n/a,False
imputation,"KNN(k=5,dist)",0.0,1,4,94,23,0,2360309475568,n/a,False
imputation,"KNN(k=5,dist)",0.0,1,5,94,23,0,2360386691984,n/a,False
imputation,RFECA_SVR(k=5),0.0,1,1,93,24,0,2360386947120,training_fold_X.corr(),False
imputation,RFECA_SVR(k=5),0.0,1,2,93,24,0,2360386947792,training_fold_X.corr(),False
imputation,RFECA_SVR(k=5),0.0,1,3,94,23,0,2360386288592,training_fold_X.corr(),False
imputation,RFECA_SVR(k=5),0.0,1,4,94,23,0,2360386946896,training_fold_X.corr(),False
imputation,RFECA_SVR(k=5),0.0,1,5,94,23,0,2360386948016,training_fold_X.corr(),False
imputation,RFECA_SVR(k=10),0.0,1,1,93,24,0,2360386948240,training_fold_X.corr(),False
imputation,RFECA_SVR(k=10),0.0,1,2,93,24,0,2360386948464,training_fold_X.corr(),False
imputation,RFECA_SVR(k=10),0.0,1,3,94,23,0,2360386948688,training_fold_X.corr(),False
imputation,RFECA_SVR(k=10),0.0,1,4,94,23,0,2360386948912,training_fold_X.corr(),False
imputation,RFECA_SVR(k=10),0.0,1,5,94,23,0,2360386949136,training_fold_X.corr(),False
imputation,RFECA_SVR(k=20),0.0,1,1,93,24,0,2360386949360,training_fold_X.corr(),False
imputation,RFECA_SVR(k=20),0.0,1,2,93,24,0,2360386949584,training_fold_X.corr(),False
imputation,RFECA_SVR(k=20),0.0,1,3,94,23,0,2360386949808,training_fold_X.corr(),False
imputation,RFECA_SVR(k=20),0.0,1,4,94,23,0,2360386950032,training_fold_X.corr(),False
imputation,RFECA_SVR(k=20),0.0,1,5,94,23,0,2360386950256,training_fold_X.corr(),False
imputation,MissForest,0.0,1,1,93,24,0,2360310178640,n/a,False
imputation,MissForest,0.0,1,2,93,24,0,2360310179920,n/a,False
imputation,MissForest,0.0,1,3,94,23,0,2360310170640,n/a,False
imputation,MissForest,0.0,1,4,94,23,0,2360310172560,n/a,False
imputation,MissForest,0.0,1,5,94,23,0,2360310180880,n/a,False
classification,SimpleMean,0.0,1,1,93,24,0,2360386695440,n/a,False
classification,SimpleMean,0.0,1,2,93,24,0,2360386696208,n/a,False
classification,SimpleMean,0.0,1,3,94,23,0,2360403938576,n/a,False
classification,SimpleMean,0.0,1,4,94,23,0,2360404223440,n/a,False
classification,SimpleMean,0.0,1,5,94,23,0,2360404541072,n/a,False
classification,"KNN(k=5,dist)",0.0,1,1,93,24,0,2360386695248,n/a,False
classification,"KNN(k=5,dist)",0.0,1,2,93,24,0,2360405192784,n/a,False
classification,"KNN(k=5,dist)",0.0,1,3,94,23,0,2360405526864,n/a,False
classification,"KNN(k=5,dist)",0.0,1,4,94,23,0,2360405828112,n/a,False
classification,"KNN(k=5,dist)",0.0,1,5,94,23,0,2360406162128,n/a,False
classification,RFECA_SVR(k=5),0.0,1,1,93,24,0,2360407063280,training_fold_X.corr(),False
classification,RFECA_SVR(k=5),0.0,1,2,93,24,0,2360407449104,training_fold_X.corr(),False
classification,RFECA_SVR(k=5),0.0,1,3,94,23,0,2360424350672,training_fold_X.corr(),False
classification,RFECA_SVR(k=5),0.0,1,4,94,23,0,2360424671376,training_fold_X.corr(),False
classification,RFECA_SVR(k=5),0.0,1,5,94,23,0,2360425008720,training_fold_X.corr(),False
classification,RFECA_SVR(k=10),0.0,1,1,93,24,0,2360425362192,training_fold_X.corr(),False
classification,RFECA_SVR(k=10),0.0,1,2,93,24,0,2360425699536,training_fold_X.corr(),False
classification,RFECA_SVR(k=10),0.0,1,3,94,23,0,2360426020240,training_fold_X.corr(),False
classification,RFECA_SVR(k=10),0.0,1,4,94,23,0,2360426373968,training_fold_X.corr(),False
classification,RFECA_SVR(k=10),0.0,1,5,94,23,0,2360426744080,training_fold_X.corr(),False
classification,RFECA_SVR(k=20),0.0,1,1,93,24,0,2360427064784,training_fold_X.corr(),False
classification,RFECA_SVR(k=20),0.0,1,2,93,24,0,2360427383504,training_fold_X.corr(),False
classification,RFECA_SVR(k=20),0.0,1,3,94,23,0,2360427736976,training_fold_X.corr(),False
classification,RFECA_SVR(k=20),0.0,1,4,94,23,0,2360428074320,training_fold_X.corr(),False
classification,RFECA_SVR(k=20),0.0,1,5,94,23,0,2360428411408,training_fold_X.corr(),False
classification,MissForest,0.0,1,1,93,24,0,2360310181520,n/a,False
classification,MissForest,0.0,1,2,93,24,0,2360310182800,n/a,False
classification,MissForest,0.0,1,3,94,23,0,2360310180560,n/a,False
classification,MissForest,0.0,1,4,94,23,0,2360310171600,n/a,False
classification,MissForest,0.0,1,5,94,23,0,2360310184080,n/a,False
imputation,SimpleMean,0.0,2,1,93,24,0,2360425413712,n/a,False
imputation,SimpleMean,0.0,2,2,93,24,0,2360428150224,n/a,False
imputation,SimpleMean,0.0,2,3,94,23,0,2360446664976,n/a,False
imputation,SimpleMean,0.0,2,4,94,23,0,2360446703696,n/a,False
imputation,SimpleMean,0.0,2,5,94,23,0,2360446703888,n/a,False
imputation,"KNN(k=5,dist)",0.0,2,1,93,24,0,2360446704080,n/a,False
imputation,"KNN(k=5,dist)",0.0,2,2,93,24,0,2360446704272,n/a,False
imputation,"KNN(k=5,dist)",0.0,2,3,94,23,0,2360446704464,n/a,False
imputation,"KNN(k=5,dist)",0.0,2,4,94,23,0,2360446704656,n/a,False
imputation,"KNN(k=5,dist)",0.0,2,5,94,23,0,2360446704848,n/a,False
imputation,RFECA_SVR(k=5),0.0,2,1,93,24,0,2360386953616,training_fold_X.corr(),False
imputation,RFECA_SVR(k=5),0.0,2,2,93,24,0,2360446971120,training_fold_X.corr(),False
imputation,RFECA_SVR(k=5),0.0,2,3,94,23,0,2360446274256,training_fold_X.corr(),False
imputation,RFECA_SVR(k=5),0.0,2,4,94,23,0,2360446965296,training_fold_X.corr(),False
imputation,RFECA_SVR(k=5),0.0,2,5,94,23,0,2360446965520,training_fold_X.corr(),False
imputation,RFECA_SVR(k=10),0.0,2,1,93,24,0,2360446964624,training_fold_X.corr(),False
imputation,RFECA_SVR(k=10),0.0,2,2,93,24,0,2360446965744,training_fold_X.corr(),False
imputation,RFECA_SVR(k=10),0.0,2,3,94,23,0,2360446965968,training_fold_X.corr(),False
imputation,RFECA_SVR(k=10),0.0,2,4,94,23,0,2360446966192,training_fold_X.corr(),False
imputation,RFECA_SVR(k=10),0.0,2,5,94,23,0,2360446966416,training_fold_X.corr(),False
imputation,RFECA_SVR(k=20),0.0,2,1,93,24,0,2360446966640,training_fold_X.corr(),False
imputation,RFECA_SVR(k=20),0.0,2,2,93,24,0,2360446966864,training_fold_X.corr(),False
imputation,RFECA_SVR(k=20),0.0,2,3,94,23,0,2360446967088,training_fold_X.corr(),False
imputation,RFECA_SVR(k=20),0.0,2,4,94,23,0,2360446967312,training_fold_X.corr(),False
imputation,RFECA_SVR(k=20),0.0,2,5,94,23,0,2360446967536,training_fold_X.corr(),False
imputation,MissForest,0.0,2,1,93,24,0,2360310183440,n/a,False
imputation,MissForest,0.0,2,2,93,24,0,2360310183760,n/a,False
imputation,MissForest,0.0,2,3,94,23,0,2360310176400,n/a,False
imputation,MissForest,0.0,2,4,94,23,0,2360310171920,n/a,False
imputation,MissForest,0.0,2,5,94,23,0,2360310185040,n/a,False
classification,SimpleMean,0.0,2,1,93,24,0,2360446708304,n/a,False
classification,SimpleMean,0.0,2,2,93,24,0,2360446708880,n/a,False
classification,SimpleMean,0.0,2,3,94,23,0,2360447337872,n/a,False
classification,SimpleMean,0.0,2,4,94,23,0,2360447622736,n/a,False
classification,SimpleMean,0.0,2,5,94,23,0,2360447956752,n/a,False
classification,"KNN(k=5,dist)",0.0,2,1,93,24,0,2360446708112,n/a,False
classification,"KNN(k=5,dist)",0.0,2,2,93,24,0,2360448608464,n/a,False
classification,"KNN(k=5,dist)",0.0,2,3,94,23,0,2360449188304,n/a,False
classification,"KNN(k=5,dist)",0.0,2,4,94,23,0,2360449243792,n/a,False
classification,"KNN(k=5,dist)",0.0,2,5,94,23,0,2360466174800,n/a,False
classification,RFECA_SVR(k=5),0.0,2,1,93,24,0,2360467047600,training_fold_X.corr(),False
classification,RFECA_SVR(k=5),0.0,2,2,93,24,0,2360467401296,training_fold_X.corr(),False
classification,RFECA_SVR(k=5),0.0,2,3,94,23,0,2360467771408,training_fold_X.corr(),False
classification,RFECA_SVR(k=5),0.0,2,4,94,23,0,2360468108496,training_fold_X.corr(),False
classification,RFECA_SVR(k=5),0.0,2,5,94,23,0,2360468462224,training_fold_X.corr(),False
classification,RFECA_SVR(k=10),0.0,2,1,93,24,0,2360468782256,training_fold_X.corr(),False
classification,RFECA_SVR(k=10),0.0,2,2,93,24,0,2360469103888,training_fold_X.corr(),False
classification,RFECA_SVR(k=10),0.0,2,3,94,23,0,2360469474000,training_fold_X.corr(),False
classification,RFECA_SVR(k=10),0.0,2,4,94,23,0,2360469778320,training_fold_X.corr(),False
classification,RFECA_SVR(k=10),0.0,2,5,94,23,0,2360486693360,training_fold_X.corr(),False
classification,RFECA_SVR(k=20),0.0,2,1,93,24,0,2360487014064,training_fold_X.corr(),False
classification,RFECA_SVR(k=20),0.0,2,2,93,24,0,2360487367792,training_fold_X.corr(),False
classification,RFECA_SVR(k=20),0.0,2,3,94,23,0,2360487688496,training_fold_X.corr(),False
classification,RFECA_SVR(k=20),0.0,2,4,94,23,0,2360488042224,training_fold_X.corr(),False
classification,RFECA_SVR(k=20),0.0,2,5,94,23,0,2360488363184,training_fold_X.corr(),False
classification,MissForest,0.0,2,1,93,24,0,2360310182480,n/a,False
classification,MissForest,0.0,2,2,93,24,0,2360447633040,n/a,False
classification,MissForest,0.0,2,3,94,23,0,2360310184720,n/a,False
classification,MissForest,0.0,2,4,94,23,0,2360310185360,n/a,False
classification,MissForest,0.0,2,5,94,23,0,2360447634000,n/a,False
imputation,SimpleMean,0.0,3,1,93,24,0,2360488113744,n/a,False
imputation,SimpleMean,0.0,3,2,93,24,0,2360468862160,n/a,False
imputation,SimpleMean,0.0,3,3,94,23,0,2360490102992,n/a,False
imputation,SimpleMean,0.0,3,4,94,23,0,2360490103184,n/a,False
imputation,SimpleMean,0.0,3,5,94,23,0,2360490103376,n/a,False
imputation,"KNN(k=5,dist)",0.0,3,1,93,24,0,2360490103568,n/a,False
imputation,"KNN(k=5,dist)",0.0,3,2,93,24,0,2360490103760,n/a,False
imputation,"KNN(k=5,dist)",0.0,3,3,94,23,0,2360490104144,n/a,False
imputation,"KNN(k=5,dist)",0.0,3,4,94,23,0,2360490104336,n/a,False
imputation,"KNN(k=5,dist)",0.0,3,5,94,23,0,2360490104528,n/a,False
imputation,RFECA_SVR(k=5),0.0,3,1,93,24,0,2360446964848,training_fold_X.corr(),False
imputation,RFECA_SVR(k=5),0.0,3,2,93,24,0,2360490335536,training_fold_X.corr(),False
imputation,RFECA_SVR(k=5),0.0,3,3,94,23,0,2360489694320,training_fold_X.corr(),False
imputation,RFECA_SVR(k=5),0.0,3,4,94,23,0,2360490341584,training_fold_X.corr(),False
imputation,RFECA_SVR(k=5),0.0,3,5,94,23,0,2360490336208,training_fold_X.corr(),False
imputation,RFECA_SVR(k=10),0.0,3,1,93,24,0,2360490335984,training_fold_X.corr(),False
imputation,RFECA_SVR(k=10),0.0,3,2,93,24,0,2360490336432,training_fold_X.corr(),False
imputation,RFECA_SVR(k=10),0.0,3,3,94,23,0,2360490336656,training_fold_X.corr(),False
imputation,RFECA_SVR(k=10),0.0,3,4,94,23,0,2360490336880,training_fold_X.corr(),False
imputation,RFECA_SVR(k=10),0.0,3,5,94,23,0,2360490337104,training_fold_X.corr(),False
imputation,RFECA_SVR(k=20),0.0,3,1,93,24,0,2360490337328,training_fold_X.corr(),False
imputation,RFECA_SVR(k=20),0.0,3,2,93,24,0,2360490337552,training_fold_X.corr(),False
imputation,RFECA_SVR(k=20),0.0,3,3,94,23,0,2360490337776,training_fold_X.corr(),False
imputation,RFECA_SVR(k=20),0.0,3,4,94,23,0,2360490338000,training_fold_X.corr(),False
imputation,RFECA_SVR(k=20),0.0,3,5,94,23,0,2360490338224,training_fold_X.corr(),False
imputation,MissForest,0.0,3,1,93,24,0,2360310180240,n/a,False
imputation,MissForest,0.0,3,2,93,24,0,2360447633680,n/a,False
imputation,MissForest,0.0,3,3,94,23,0,2360447633360,n/a,False
imputation,MissForest,0.0,3,4,94,23,0,2360447632400,n/a,False
imputation,MissForest,0.0,3,5,94,23,0,2360447634640,n/a,False
classification,SimpleMean,0.0,3,1,93,24,0,2360490109328,n/a,False
classification,SimpleMean,0.0,3,2,93,24,0,2360490109904,n/a,False
classification,SimpleMean,0.0,3,3,94,23,0,2360507620752,n/a,False
classification,SimpleMean,0.0,3,4,94,23,0,2360507621328,n/a,False
classification,SimpleMean,0.0,3,5,94,23,0,2360507988112,n/a,False
classification,"KNN(k=5,dist)",0.0,3,1,93,24,0,2360490109136,n/a,False
classification,"KNN(k=5,dist)",0.0,3,2,93,24,0,2360508607056,n/a,False
classification,"KNN(k=5,dist)",0.0,3,3,94,23,0,2360509242384,n/a,False
classification,"KNN(k=5,dist)",0.0,3,4,94,23,0,2360509242960,n/a,False
classification,"KNN(k=5,dist)",0.0,3,5,94,23,0,2360509560592,n/a,False
classification,RFECA_SVR(k=5),0.0,3,1,93,24,0,2360510483824,training_fold_X.corr(),False
classification,RFECA_SVR(k=5),0.0,3,2,93,24,0,2360510853904,training_fold_X.corr(),False
classification,RFECA_SVR(k=5),0.0,3,3,94,23,0,2360511174864,training_fold_X.corr(),False
classification,RFECA_SVR(k=5),0.0,3,4,94,23,0,2360511282576,training_fold_X.corr(),False
classification,RFECA_SVR(k=5),0.0,3,5,94,23,0,2360528462672,training_fold_X.corr(),False
classification,RFECA_SVR(k=10),0.0,3,1,93,24,0,2360528783632,training_fold_X.corr(),False
classification,RFECA_SVR(k=10),0.0,3,2,93,24,0,2360529120720,training_fold_X.corr(),False
classification,RFECA_SVR(k=10),0.0,3,3,94,23,0,2360529455152,training_fold_X.corr(),False
classification,RFECA_SVR(k=10),0.0,3,4,94,23,0,2360529775856,training_fold_X.corr(),False
classification,RFECA_SVR(k=10),0.0,3,5,94,23,0,2360530129584,training_fold_X.corr(),False
classification,RFECA_SVR(k=20),0.0,3,1,93,24,0,2360530450288,training_fold_X.corr(),False
classification,RFECA_SVR(k=20),0.0,3,2,93,24,0,2360530804016,training_fold_X.corr(),False
classification,RFECA_SVR(k=20),0.0,3,3,94,23,0,2360531157744,training_fold_X.corr(),False
classification,RFECA_SVR(k=20),0.0,3,4,94,23,0,2360531478448,training_fold_X.corr(),False
classification,RFECA_SVR(k=20),0.0,3,5,94,23,0,2360531815792,training_fold_X.corr(),False
classification,MissForest,0.0,3,1,93,24,0,2360447634320,n/a,False
classification,MissForest,0.0,3,2,93,24,0,2360447635600,n/a,False
classification,MissForest,0.0,3,3,94,23,0,2360447636240,n/a,False
classification,MissForest,0.0,3,4,94,23,0,2360447634960,n/a,False
classification,MissForest,0.0,3,5,94,23,0,2360447638480,n/a,False
imputation,SimpleMean,0.0,4,1,93,24,0,2360531534672,n/a,False
imputation,SimpleMean,0.0,4,2,93,24,0,2360529212752,n/a,False
imputation,SimpleMean,0.0,4,3,94,23,0,2360549787792,n/a,False
imputation,SimpleMean,0.0,4,4,94,23,0,2360550121424,n/a,False
imputation,SimpleMean,0.0,4,5,94,23,0,2360550121616,n/a,False
imputation,"KNN(k=5,dist)",0.0,4,1,93,24,0,2360489769296,n/a,False
imputation,"KNN(k=5,dist)",0.0,4,2,93,24,0,2360550121808,n/a,False
imputation,"KNN(k=5,dist)",0.0,4,3,94,23,0,2360550122000,n/a,False
imputation,"KNN(k=5,dist)",0.0,4,4,94,23,0,2360550122192,n/a,False
imputation,"KNN(k=5,dist)",0.0,4,5,94,23,0,2360550122384,n/a,False
imputation,RFECA_SVR(k=5),0.0,4,1,93,24,0,2360490335760,training_fold_X.corr(),False
imputation,RFECA_SVR(k=5),0.0,4,2,93,24,0,2360550407568,training_fold_X.corr(),False
imputation,RFECA_SVR(k=5),0.0,4,3,94,23,0,2360549694768,training_fold_X.corr(),False
imputation,RFECA_SVR(k=5),0.0,4,4,94,23,0,2360549341936,training_fold_X.corr(),False
imputation,RFECA_SVR(k=5),0.0,4,5,94,23,0,2360549021904,training_fold_X.corr(),False
imputation,RFECA_SVR(k=10),0.0,4,1,93,24,0,2360531815568,training_fold_X.corr(),False
imputation,RFECA_SVR(k=10),0.0,4,2,93,24,0,2360531478224,training_fold_X.corr(),False
imputation,RFECA_SVR(k=10),0.0,4,3,94,23,0,2360531157520,training_fold_X.corr(),False
imputation,RFECA_SVR(k=10),0.0,4,4,94,23,0,2360530803792,training_fold_X.corr(),False
imputation,RFECA_SVR(k=10),0.0,4,5,94,23,0,2360530450064,training_fold_X.corr(),False
imputation,RFECA_SVR(k=20),0.0,4,1,93,24,0,2360530129360,training_fold_X.corr(),False
imputation,RFECA_SVR(k=20),0.0,4,2,93,24,0,2360529775632,training_fold_X.corr(),False
imputation,RFECA_SVR(k=20),0.0,4,3,94,23,0,2360529454928,training_fold_X.corr(),False
imputation,RFECA_SVR(k=20),0.0,4,4,94,23,0,2360550049392,training_fold_X.corr(),False
imputation,RFECA_SVR(k=20),0.0,4,5,94,23,0,2360549021232,training_fold_X.corr(),False
imputation,MissForest,0.0,4,1,93,24,0,2360310185680,n/a,False
imputation,MissForest,0.0,4,2,93,24,0,2360310178320,n/a,False
imputation,MissForest,0.0,4,3,94,23,0,2360310184400,n/a,False
imputation,MissForest,0.0,4,4,94,23,0,2360310182160,n/a,False
imputation,MissForest,0.0,4,5,94,23,0,2360310183120,n/a,False
classification,SimpleMean,0.0,4,1,93,24,0,2360550124304,n/a,False
classification,SimpleMean,0.0,4,2,93,24,0,2360550124880,n/a,False
classification,SimpleMean,0.0,4,3,94,23,0,2360550753872,n/a,False
classification,SimpleMean,0.0,4,4,94,23,0,2360551038736,n/a,False
classification,SimpleMean,0.0,4,5,94,23,0,2360551339984,n/a,False
classification,"KNN(k=5,dist)",0.0,4,1,93,24,0,2360550124112,n/a,False
classification,"KNN(k=5,dist)",0.0,4,2,93,24,0,2360551657680,n/a,False
classification,"KNN(k=5,dist)",0.0,4,3,94,23,0,2360552587344,n/a,False
classification,"KNN(k=5,dist)",0.0,4,4,94,23,0,2360552642832,n/a,False
classification,"KNN(k=5,dist)",0.0,4,5,94,23,0,2360552944080,n/a,False
classification,RFECA_SVR(k=5),0.0,4,1,93,24,0,2360570467664,training_fold_X.corr(),False
classification,RFECA_SVR(k=5),0.0,4,2,93,24,0,2360570804976,training_fold_X.corr(),False
classification,RFECA_SVR(k=5),0.0,4,3,94,23,0,2360571158704,training_fold_X.corr(),False
classification,RFECA_SVR(k=5),0.0,4,4,94,23,0,2360571479664,training_fold_X.corr(),False
classification,RFECA_SVR(k=5),0.0,4,5,94,23,0,2360571800368,training_fold_X.corr(),False
classification,RFECA_SVR(k=10),0.0,4,1,93,24,0,2360572167568,training_fold_X.corr(),False
classification,RFECA_SVR(k=10),0.0,4,2,93,24,0,2360572488272,training_fold_X.corr(),False
classification,RFECA_SVR(k=10),0.0,4,3,94,23,0,2360572842000,training_fold_X.corr(),False
classification,RFECA_SVR(k=10),0.0,4,4,94,23,0,2360589726928,training_fold_X.corr(),False
classification,RFECA_SVR(k=10),0.0,4,5,94,23,0,2360590080656,training_fold_X.corr(),False
classification,RFECA_SVR(k=20),0.0,4,1,93,24,0,2360590433456,training_fold_X.corr(),False
classification,RFECA_SVR(k=20),0.0,4,2,93,24,0,2360590787856,training_fold_X.corr(),False
classification,RFECA_SVR(k=20),0.0,4,3,94,23,0,2360591125200,training_fold_X.corr(),False
classification,RFECA_SVR(k=20),0.0,4,4,94,23,0,2360591478672,training_fold_X.corr(),False
classification,RFECA_SVR(k=20),0.0,4,5,94,23,0,2360591832400,training_fold_X.corr(),False
classification,MissForest,0.0,4,1,93,24,0,2360447635280,n/a,False
classification,MissForest,0.0,4,2,93,24,0,2360447640720,n/a,False
classification,MissForest,0.0,4,3,94,23,0,2360447637200,n/a,False
classification,MissForest,0.0,4,4,94,23,0,2360310172880,n/a,False
classification,MissForest,0.0,4,5,94,23,0,2360447638160,n/a,False
imputation,SimpleMean,0.0,5,1,93,24,0,2360530882768,n/a,False
imputation,SimpleMean,0.0,5,2,93,24,0,2360572227088,n/a,False
imputation,SimpleMean,0.0,5,3,94,23,0,2360549117584,n/a,False
imputation,SimpleMean,0.0,5,4,94,23,0,2360549117776,n/a,False
imputation,SimpleMean,0.0,5,5,94,23,0,2360532203280,n/a,False
imputation,"KNN(k=5,dist)",0.0,5,1,93,24,0,2360593214608,n/a,False
imputation,"KNN(k=5,dist)",0.0,5,2,93,24,0,2360593548304,n/a,False
imputation,"KNN(k=5,dist)",0.0,5,3,94,23,0,2360593548496,n/a,False
imputation,"KNN(k=5,dist)",0.0,5,4,94,23,0,2360593548688,n/a,False
imputation,"KNN(k=5,dist)",0.0,5,5,94,23,0,2360593548880,n/a,False
imputation,RFECA_SVR(k=5),0.0,5,1,93,24,0,2360550401520,training_fold_X.corr(),False
imputation,RFECA_SVR(k=5),0.0,5,2,93,24,0,2360593791728,training_fold_X.corr(),False
imputation,RFECA_SVR(k=5),0.0,5,3,94,23,0,2360593144464,training_fold_X.corr(),False
imputation,RFECA_SVR(k=5),0.0,5,4,94,23,0,2360593791952,training_fold_X.corr(),False
imputation,RFECA_SVR(k=5),0.0,5,5,94,23,0,2360593785680,training_fold_X.corr(),False
imputation,RFECA_SVR(k=10),0.0,5,1,93,24,0,2360593785456,training_fold_X.corr(),False
imputation,RFECA_SVR(k=10),0.0,5,2,93,24,0,2360593786128,training_fold_X.corr(),False
imputation,RFECA_SVR(k=10),0.0,5,3,94,23,0,2360593786576,training_fold_X.corr(),False
imputation,RFECA_SVR(k=10),0.0,5,4,94,23,0,2360593786800,training_fold_X.corr(),False
imputation,RFECA_SVR(k=10),0.0,5,5,94,23,0,2360593787024,training_fold_X.corr(),False
imputation,RFECA_SVR(k=20),0.0,5,1,93,24,0,2360593787248,training_fold_X.corr(),False
imputation,RFECA_SVR(k=20),0.0,5,2,93,24,0,2360593787472,training_fold_X.corr(),False
imputation,RFECA_SVR(k=20),0.0,5,3,94,23,0,2360593787696,training_fold_X.corr(),False
imputation,RFECA_SVR(k=20),0.0,5,4,94,23,0,2360593787920,training_fold_X.corr(),False
imputation,RFECA_SVR(k=20),0.0,5,5,94,23,0,2360593788144,training_fold_X.corr(),False
imputation,MissForest,0.0,5,1,93,24,0,2360310171280,n/a,False
imputation,MissForest,0.0,5,2,93,24,0,2360447641040,n/a,False
imputation,MissForest,0.0,5,3,94,23,0,2360447641360,n/a,False
imputation,MissForest,0.0,5,4,94,23,0,2360447631440,n/a,False
imputation,MissForest,0.0,5,5,94,23,0,2360447639120,n/a,False
classification,SimpleMean,0.0,5,1,93,24,0,2360593552336,n/a,False
classification,SimpleMean,0.0,5,2,93,24,0,2360593552912,n/a,False
classification,SimpleMean,0.0,5,3,94,23,0,2360594132688,n/a,False
classification,SimpleMean,0.0,5,4,94,23,0,2360594434000,n/a,False
classification,SimpleMean,0.0,5,5,94,23,0,2360611332240,n/a,False
classification,"KNN(k=5,dist)",0.0,5,1,93,24,0,2360593552144,n/a,False
classification,"KNN(k=5,dist)",0.0,5,2,93,24,0,2360611967568,n/a,False
classification,"KNN(k=5,dist)",0.0,5,3,94,23,0,2360612317968,n/a,False
classification,"KNN(k=5,dist)",0.0,5,4,94,23,0,2360612619280,n/a,False
classification,"KNN(k=5,dist)",0.0,5,5,94,23,0,2360612936912,n/a,False
classification,RFECA_SVR(k=5),0.0,5,1,93,24,0,2360613821744,training_fold_X.corr(),False
classification,RFECA_SVR(k=5),0.0,5,2,93,24,0,2360614208464,training_fold_X.corr(),False
classification,RFECA_SVR(k=5),0.0,5,3,94,23,0,2360631142544,training_fold_X.corr(),False
classification,RFECA_SVR(k=5),0.0,5,4,94,23,0,2360631493584,training_fold_X.corr(),False
classification,RFECA_SVR(k=5),0.0,5,5,94,23,0,2360631811824,training_fold_X.corr(),False
classification,RFECA_SVR(k=10),0.0,5,1,93,24,0,2360632116400,training_fold_X.corr(),False
classification,RFECA_SVR(k=10),0.0,5,2,93,24,0,2360632371792,training_fold_X.corr(),False
classification,RFECA_SVR(k=10),0.0,5,3,94,23,0,2360632709360,training_fold_X.corr(),False
classification,RFECA_SVR(k=10),0.0,5,4,94,23,0,2360633046448,training_fold_X.corr(),False
classification,RFECA_SVR(k=10),0.0,5,5,94,23,0,2360633400176,training_fold_X.corr(),False
classification,RFECA_SVR(k=20),0.0,5,1,93,24,0,2360633703600,training_fold_X.corr(),False
classification,RFECA_SVR(k=20),0.0,5,2,93,24,0,2360634041840,training_fold_X.corr(),False
classification,RFECA_SVR(k=20),0.0,5,3,94,23,0,2360634362800,training_fold_X.corr(),False
classification,RFECA_SVR(k=20),0.0,5,4,94,23,0,2360634716272,training_fold_X.corr(),False
classification,RFECA_SVR(k=20),0.0,5,5,94,23,0,2360635070000,training_fold_X.corr(),False
classification,MissForest,0.0,5,1,93,24,0,2360447642320,n/a,False
classification,MissForest,0.0,5,2,93,24,0,2360447639440,n/a,False
classification,MissForest,0.0,5,3,94,23,0,2360310179600,n/a,False
classification,MissForest,0.0,5,4,94,23,0,2360310170320,n/a,False
classification,MissForest,0.0,5,5,94,23,0,2360447636880,n/a,False
imputation,SimpleMean,0.0,6,1,93,24,0,2360653330960,n/a,False
imputation,SimpleMean,0.0,6,2,93,24,0,2360653331152,n/a,False
imputation,SimpleMean,0.0,6,3,94,23,0,2360653331344,n/a,False
imputation,SimpleMean,0.0,6,4,94,23,0,2360653331536,n/a,False
imputation,SimpleMean,0.0,6,5,94,23,0,2360653331728,n/a,False
imputation,"KNN(k=5,dist)",0.0,6,1,93,24,0,2360653331920,n/a,False
imputation,"KNN(k=5,dist)",0.0,6,2,93,24,0,2360653332112,n/a,False
imputation,"KNN(k=5,dist)",0.0,6,3,94,23,0,2360653332304,n/a,False
imputation,"KNN(k=5,dist)",0.0,6,4,94,23,0,2360653725776,n/a,False
imputation,"KNN(k=5,dist)",0.0,6,5,94,23,0,2360653725968,n/a,False
imputation,RFECA_SVR(k=5),0.0,6,1,93,24,0,2360653577168,training_fold_X.corr(),False
imputation,RFECA_SVR(k=5),0.0,6,2,93,24,0,2360653577392,training_fold_X.corr(),False
imputation,RFECA_SVR(k=5),0.0,6,3,94,23,0,2360652913296,training_fold_X.corr(),False
imputation,RFECA_SVR(k=5),0.0,6,4,94,23,0,2360653571568,training_fold_X.corr(),False
imputation,RFECA_SVR(k=5),0.0,6,5,94,23,0,2360653570672,training_fold_X.corr(),False
imputation,RFECA_SVR(k=10),0.0,6,1,93,24,0,2360653570896,training_fold_X.corr(),False
imputation,RFECA_SVR(k=10),0.0,6,2,93,24,0,2360653571792,training_fold_X.corr(),False
imputation,RFECA_SVR(k=10),0.0,6,3,94,23,0,2360653572016,training_fold_X.corr(),False
imputation,RFECA_SVR(k=10),0.0,6,4,94,23,0,2360653572240,training_fold_X.corr(),False
imputation,RFECA_SVR(k=10),0.0,6,5,94,23,0,2360653572464,training_fold_X.corr(),False
imputation,RFECA_SVR(k=20),0.0,6,1,93,24,0,2360653572688,training_fold_X.corr(),False
imputation,RFECA_SVR(k=20),0.0,6,2,93,24,0,2360653572912,training_fold_X.corr(),False
imputation,RFECA_SVR(k=20),0.0,6,3,94,23,0,2360653573136,training_fold_X.corr(),False
imputation,RFECA_SVR(k=20),0.0,6,4,94,23,0,2360653573360,training_fold_X.corr(),False
imputation,RFECA_SVR(k=20),0.0,6,5,94,23,0,2360653573584,training_fold_X.corr(),False
imputation,MissForest,0.0,6,1,93,24,0,2360447638800,n/a,False
imputation,MissForest,0.0,6,2,93,24,0,2360447642640,n/a,False
imputation,MissForest,0.0,6,3,94,23,0,2360447643920,n/a,False
imputation,MissForest,0.0,6,4,94,23,0,2360447640400,n/a,False
imputation,MissForest,0.0,6,5,94,23,0,2360447637840,n/a,False
classification,SimpleMean,0.0,6,1,93,24,0,2360653729424,n/a,False
classification,SimpleMean,0.0,6,2,93,24,0,2360653730000,n/a,False
classification,SimpleMean,0.0,6,3,94,23,0,2360653965712,n/a,False
classification,SimpleMean,0.0,6,4,94,23,0,2360654250640,n/a,False
classification,SimpleMean,0.0,6,5,94,23,0,2360654568272,n/a,False
classification,"KNN(k=5,dist)",0.0,6,1,93,24,0,2360653729232,n/a,False
classification,"KNN(k=5,dist)",0.0,6,2,93,24,0,2360655236368,n/a,False
classification,"KNN(k=5,dist)",0.0,6,3,94,23,0,2360655537616,n/a,False
classification,"KNN(k=5,dist)",0.0,6,4,94,23,0,2360655888016,n/a,False
classification,"KNN(k=5,dist)",0.0,6,5,94,23,0,2360672786320,n/a,False
classification,RFECA_SVR(k=5),0.0,6,1,93,24,0,2360673721872,training_fold_X.corr(),False
classification,RFECA_SVR(k=5),0.0,6,2,93,24,0,2360674108592,training_fold_X.corr(),False
classification,RFECA_SVR(k=5),0.0,6,3,94,23,0,2360674442992,training_fold_X.corr(),False
classification,RFECA_SVR(k=5),0.0,6,4,94,23,0,2360674763952,training_fold_X.corr(),False
classification,RFECA_SVR(k=5),0.0,6,5,94,23,0,2360675084656,training_fold_X.corr(),False
classification,RFECA_SVR(k=10),0.0,6,1,93,24,0,2360675422000,training_fold_X.corr(),False
classification,RFECA_SVR(k=10),0.0,6,2,93,24,0,2360675759088,training_fold_X.corr(),False
classification,RFECA_SVR(k=10),0.0,6,3,94,23,0,2360676080048,training_fold_X.corr(),False
classification,RFECA_SVR(k=10),0.0,6,4,94,23,0,2360676433520,training_fold_X.corr(),False
classification,RFECA_SVR(k=10),0.0,6,5,94,23,0,2360676770864,training_fold_X.corr(),False
classification,RFECA_SVR(k=20),0.0,6,1,93,24,0,2360693688816,training_fold_X.corr(),False
classification,RFECA_SVR(k=20),0.0,6,2,93,24,0,2360694025904,training_fold_X.corr(),False
classification,RFECA_SVR(k=20),0.0,6,3,94,23,0,2360694379632,training_fold_X.corr(),False
classification,RFECA_SVR(k=20),0.0,6,4,94,23,0,2360694700336,training_fold_X.corr(),False
classification,RFECA_SVR(k=20),0.0,6,5,94,23,0,2360695051600,training_fold_X.corr(),False
classification,MissForest,0.0,6,1,93,24,0,2360447644880,n/a,False
classification,MissForest,0.0,6,2,93,24,0,2360655548240,n/a,False
classification,MissForest,0.0,6,3,94,23,0,2360447637520,n/a,False
classification,MissForest,0.0,6,4,94,23,0,2360655545040,n/a,False
classification,MissForest,0.0,6,5,94,23,0,2360655551120,n/a,False
imputation,SimpleMean,0.0,7,1,93,24,0,2360696780176,n/a,False
imputation,SimpleMean,0.0,7,2,93,24,0,2360696779984,n/a,False
imputation,SimpleMean,0.0,7,3,94,23,0,2360696780368,n/a,False
imputation,SimpleMean,0.0,7,4,94,23,0,2360696780560,n/a,False
imputation,SimpleMean,0.0,7,5,94,23,0,2360696780752,n/a,False
imputation,"KNN(k=5,dist)",0.0,7,1,93,24,0,2360696780944,n/a,False
imputation,"KNN(k=5,dist)",0.0,7,2,93,24,0,2360696781136,n/a,False
imputation,"KNN(k=5,dist)",0.0,7,3,94,23,0,2360696781328,n/a,False
imputation,"KNN(k=5,dist)",0.0,7,4,94,23,0,2360696781520,n/a,False
imputation,"KNN(k=5,dist)",0.0,7,5,94,23,0,2360696781712,n/a,False
imputation,RFECA_SVR(k=5),0.0,7,1,93,24,0,2360593785904,training_fold_X.corr(),False
imputation,RFECA_SVR(k=5),0.0,7,2,93,24,0,2360653571120,training_fold_X.corr(),False
imputation,RFECA_SVR(k=5),0.0,7,3,94,23,0,2360696300816,training_fold_X.corr(),False
imputation,RFECA_SVR(k=5),0.0,7,4,94,23,0,2360697007792,training_fold_X.corr(),False
imputation,RFECA_SVR(k=5),0.0,7,5,94,23,0,2360697010032,training_fold_X.corr(),False
imputation,RFECA_SVR(k=10),0.0,7,1,93,24,0,2360697007568,training_fold_X.corr(),False
imputation,RFECA_SVR(k=10),0.0,7,2,93,24,0,2360697008464,training_fold_X.corr(),False
imputation,RFECA_SVR(k=10),0.0,7,3,94,23,0,2360697008016,training_fold_X.corr(),False
imputation,RFECA_SVR(k=10),0.0,7,4,94,23,0,2360697008688,training_fold_X.corr(),False
imputation,RFECA_SVR(k=10),0.0,7,5,94,23,0,2360697008912,training_fold_X.corr(),False
imputation,RFECA_SVR(k=20),0.0,7,1,93,24,0,2360697009136,training_fold_X.corr(),False
imputation,RFECA_SVR(k=20),0.0,7,2,93,24,0,2360697009360,training_fold_X.corr(),False
imputation,RFECA_SVR(k=20),0.0,7,3,94,23,0,2360697009584,training_fold_X.corr(),False
imputation,RFECA_SVR(k=20),0.0,7,4,94,23,0,2360697009808,training_fold_X.corr(),False
imputation,RFECA_SVR(k=20),0.0,7,5,94,23,0,2360697010256,training_fold_X.corr(),False
imputation,MissForest,0.0,7,1,93,24,0,2360447645200,n/a,False
imputation,MissForest,0.0,7,2,93,24,0,2360655550800,n/a,False
imputation,MissForest,0.0,7,3,94,23,0,2360655550480,n/a,False
imputation,MissForest,0.0,7,4,94,23,0,2360655546320,n/a,False
imputation,MissForest,0.0,7,5,94,23,0,2360655551760,n/a,False
classification,SimpleMean,0.0,7,1,93,24,0,2360697342480,n/a,False
classification,SimpleMean,0.0,7,2,93,24,0,2360697343056,n/a,False
classification,SimpleMean,0.0,7,3,94,23,0,2360697382160,n/a,False
classification,SimpleMean,0.0,7,4,94,23,0,2360714247632,n/a,False
classification,SimpleMean,0.0,7,5,94,23,0,2360714565328,n/a,False
classification,"KNN(k=5,dist)",0.0,7,1,93,24,0,2360697342288,n/a,False
classification,"KNN(k=5,dist)",0.0,7,2,93,24,0,2360715233424,n/a,False
classification,"KNN(k=5,dist)",0.0,7,3,94,23,0,2360715534672,n/a,False
classification,"KNN(k=5,dist)",0.0,7,4,94,23,0,2360715868688,n/a,False
classification,"KNN(k=5,dist)",0.0,7,5,94,23,0,2360716219152,n/a,False
classification,RFECA_SVR(k=5),0.0,7,1,93,24,0,2360717106928,training_fold_X.corr(),False
classification,RFECA_SVR(k=5),0.0,7,2,93,24,0,2360717475216,training_fold_X.corr(),False
classification,RFECA_SVR(k=5),0.0,7,3,94,23,0,2360717813456,training_fold_X.corr(),False
classification,RFECA_SVR(k=5),0.0,7,4,94,23,0,2360718167184,training_fold_X.corr(),False
classification,RFECA_SVR(k=5),0.0,7,5,94,23,0,2360735052112,training_fold_X.corr(),False
classification,RFECA_SVR(k=10),0.0,7,1,93,24,0,2360735405840,training_fold_X.corr(),False
classification,RFECA_SVR(k=10),0.0,7,2,93,24,0,2360735759312,training_fold_X.corr(),False
classification,RFECA_SVR(k=10),0.0,7,3,94,23,0,2360736096656,training_fold_X.corr(),False
classification,RFECA_SVR(k=10),0.0,7,4,94,23,0,2360736401232,training_fold_X.corr(),False
classification,RFECA_SVR(k=10),0.0,7,5,94,23,0,2360736738320,training_fold_X.corr(),False
classification,RFECA_SVR(k=20),0.0,7,1,93,24,0,2360737092048,training_fold_X.corr(),False
classification,RFECA_SVR(k=20),0.0,7,2,93,24,0,2360737443280,training_fold_X.corr(),False
classification,RFECA_SVR(k=20),0.0,7,3,94,23,0,2360737764240,training_fold_X.corr(),False
classification,RFECA_SVR(k=20),0.0,7,4,94,23,0,2360738084944,training_fold_X.corr(),False
classification,RFECA_SVR(k=20),0.0,7,5,94,23,0,2360738405904,training_fold_X.corr(),False
classification,MissForest,0.0,7,1,93,24,0,2360655552400,n/a,False
classification,MissForest,0.0,7,2,93,24,0,2360655554640,n/a,False
classification,MissForest,0.0,7,3,94,23,0,2360655554960,n/a,False
classification,MissForest,0.0,7,4,94,23,0,2360655554320,n/a,False
classification,MissForest,0.0,7,5,94,23,0,2360655555920,n/a,False
imputation,SimpleMean,0.0,8,1,93,24,0,2360756728656,n/a,False
imputation,SimpleMean,0.0,8,2,93,24,0,2360756728464,n/a,False
imputation,SimpleMean,0.0,8,3,94,23,0,2360756728848,n/a,False
imputation,SimpleMean,0.0,8,4,94,23,0,2360756729040,n/a,False
imputation,SimpleMean,0.0,8,5,94,23,0,2360756729232,n/a,False
imputation,"KNN(k=5,dist)",0.0,8,1,93,24,0,2360756729424,n/a,False
imputation,"KNN(k=5,dist)",0.0,8,2,93,24,0,2360756729616,n/a,False
imputation,"KNN(k=5,dist)",0.0,8,3,94,23,0,2360756729808,n/a,False
imputation,"KNN(k=5,dist)",0.0,8,4,94,23,0,2360756730000,n/a,False
imputation,"KNN(k=5,dist)",0.0,8,5,94,23,0,2360756730192,n/a,False
imputation,RFECA_SVR(k=5),0.0,8,1,93,24,0,2360697007344,training_fold_X.corr(),False
imputation,RFECA_SVR(k=5),0.0,8,2,93,24,0,2360756975920,training_fold_X.corr(),False
imputation,RFECA_SVR(k=5),0.0,8,3,94,23,0,2360756334032,training_fold_X.corr(),False
imputation,RFECA_SVR(k=5),0.0,8,4,94,23,0,2360756975472,training_fold_X.corr(),False
imputation,RFECA_SVR(k=5),0.0,8,5,94,23,0,2360756975024,training_fold_X.corr(),False
imputation,RFECA_SVR(k=10),0.0,8,1,93,24,0,2360756976144,training_fold_X.corr(),False
imputation,RFECA_SVR(k=10),0.0,8,2,93,24,0,2360756976368,training_fold_X.corr(),False
imputation,RFECA_SVR(k=10),0.0,8,3,94,23,0,2360756976592,training_fold_X.corr(),False
imputation,RFECA_SVR(k=10),0.0,8,4,94,23,0,2360756976816,training_fold_X.corr(),False
imputation,RFECA_SVR(k=10),0.0,8,5,94,23,0,2360756977040,training_fold_X.corr(),False
imputation,RFECA_SVR(k=20),0.0,8,1,93,24,0,2360756977264,training_fold_X.corr(),False
imputation,RFECA_SVR(k=20),0.0,8,2,93,24,0,2360756975248,training_fold_X.corr(),False
imputation,RFECA_SVR(k=20),0.0,8,3,94,23,0,2360756975696,training_fold_X.corr(),False
imputation,RFECA_SVR(k=20),0.0,8,4,94,23,0,2360757223952,training_fold_X.corr(),False
imputation,RFECA_SVR(k=20),0.0,8,5,94,23,0,2360757224176,training_fold_X.corr(),False
imputation,MissForest,0.0,8,1,93,24,0,2360310181840,n/a,False
imputation,MissForest,0.0,8,2,93,24,0,2360310170960,n/a,False
imputation,MissForest,0.0,8,3,94,23,0,2360447641680,n/a,False
imputation,MissForest,0.0,8,4,94,23,0,2360447640080,n/a,False
imputation,MissForest,0.0,8,5,94,23,0,2360447631760,n/a,False
classification,SimpleMean,0.0,8,1,93,24,0,2360757323344,n/a,False
classification,SimpleMean,0.0,8,2,93,24,0,2360757323920,n/a,False
classification,SimpleMean,0.0,8,3,94,23,0,2360757363024,n/a,False
classification,SimpleMean,0.0,8,4,94,23,0,2360757664272,n/a,False
classification,SimpleMean,0.0,8,5,94,23,0,2360757981968,n/a,False
classification,"KNN(k=5,dist)",0.0,8,1,93,24,0,2360757323152,n/a,False
classification,"KNN(k=5,dist)",0.0,8,2,93,24,0,2360758666448,n/a,False
classification,"KNN(k=5,dist)",0.0,8,3,94,23,0,2360775531920,n/a,False
classification,"KNN(k=5,dist)",0.0,8,4,94,23,0,2360775865936,n/a,False
classification,"KNN(k=5,dist)",0.0,8,5,94,23,0,2360776183632,n/a,False
classification,RFECA_SVR(k=5),0.0,8,1,93,24,0,2360777074832,training_fold_X.corr(),False
classification,RFECA_SVR(k=5),0.0,8,2,93,24,0,2360777427888,training_fold_X.corr(),False
classification,RFECA_SVR(k=5),0.0,8,3,94,23,0,2360777748592,training_fold_X.corr(),False
classification,RFECA_SVR(k=5),0.0,8,4,94,23,0,2360778118704,training_fold_X.corr(),False
classification,RFECA_SVR(k=5),0.0,8,5,94,23,0,2360778455792,training_fold_X.corr(),False
classification,RFECA_SVR(k=10),0.0,8,1,93,24,0,2360778793136,training_fold_X.corr(),False
classification,RFECA_SVR(k=10),0.0,8,2,93,24,0,2360779146864,training_fold_X.corr(),False
classification,RFECA_SVR(k=10),0.0,8,3,94,23,0,2360779500336,training_fold_X.corr(),False
classification,RFECA_SVR(k=10),0.0,8,4,94,23,0,2360796416048,training_fold_X.corr(),False
classification,RFECA_SVR(k=10),0.0,8,5,94,23,0,2360796720368,training_fold_X.corr(),False
classification,RFECA_SVR(k=20),0.0,8,1,93,24,0,2360797057712,training_fold_X.corr(),False
classification,RFECA_SVR(k=20),0.0,8,2,93,24,0,2360797411184,training_fold_X.corr(),False
classification,RFECA_SVR(k=20),0.0,8,3,94,23,0,2360797764912,training_fold_X.corr(),False
classification,RFECA_SVR(k=20),0.0,8,4,94,23,0,2360798118416,training_fold_X.corr(),False
classification,RFECA_SVR(k=20),0.0,8,5,94,23,0,2360798472112,training_fold_X.corr(),False
classification,MissForest,0.0,8,1,93,24,0,2360447645520,n/a,False
classification,MissForest,0.0,8,2,93,24,0,2360447632720,n/a,False
classification,MissForest,0.0,8,3,94,23,0,2360447639760,n/a,False
classification,MissForest,0.0,8,4,94,23,0,2360447643280,n/a,False
classification,MissForest,0.0,8,5,94,23,0,2360655548880,n/a,False
imputation,SimpleMean,0.0,9,1,93,24,0,2360798220880,n/a,False
imputation,SimpleMean,0.0,9,2,93,24,0,2360696413584,n/a,False
imputation,SimpleMean,0.0,9,3,94,23,0,2360675506448,n/a,False
imputation,SimpleMean,0.0,9,4,94,23,0,2360800160912,n/a,False
imputation,SimpleMean,0.0,9,5,94,23,0,2360800161104,n/a,False
imputation,"KNN(k=5,dist)",0.0,9,1,93,24,0,2360800161296,n/a,False
imputation,"KNN(k=5,dist)",0.0,9,2,93,24,0,2360800161488,n/a,False
imputation,"KNN(k=5,dist)",0.0,9,3,94,23,0,2360800161680,n/a,False
imputation,"KNN(k=5,dist)",0.0,9,4,94,23,0,2360800161872,n/a,False
imputation,"KNN(k=5,dist)",0.0,9,5,94,23,0,2360800162064,n/a,False
imputation,RFECA_SVR(k=5),0.0,9,1,93,24,0,2360757223504,training_fold_X.corr(),False
imputation,RFECA_SVR(k=5),0.0,9,2,93,24,0,2360799746704,training_fold_X.corr(),False
imputation,RFECA_SVR(k=5),0.0,9,3,94,23,0,2360799737712,training_fold_X.corr(),False
imputation,RFECA_SVR(k=5),0.0,9,4,94,23,0,2360799740432,training_fold_X.corr(),False
imputation,RFECA_SVR(k=5),0.0,9,5,94,23,0,2360799746480,training_fold_X.corr(),False
imputation,RFECA_SVR(k=10),0.0,9,1,93,24,0,2360799740208,training_fold_X.corr(),False
imputation,RFECA_SVR(k=10),0.0,9,2,93,24,0,2360799740880,training_fold_X.corr(),False
imputation,RFECA_SVR(k=10),0.0,9,3,94,23,0,2360799739984,training_fold_X.corr(),False
imputation,RFECA_SVR(k=10),0.0,9,4,94,23,0,2360799740656,training_fold_X.corr(),False
imputation,RFECA_SVR(k=10),0.0,9,5,94,23,0,2360799741104,training_fold_X.corr(),False
imputation,RFECA_SVR(k=20),0.0,9,1,93,24,0,2360799741328,training_fold_X.corr(),False
imputation,RFECA_SVR(k=20),0.0,9,2,93,24,0,2360799741552,training_fold_X.corr(),False
imputation,RFECA_SVR(k=20),0.0,9,3,94,23,0,2360799741776,training_fold_X.corr(),False
imputation,RFECA_SVR(k=20),0.0,9,4,94,23,0,2360799742000,training_fold_X.corr(),False
imputation,RFECA_SVR(k=20),0.0,9,5,94,23,0,2360799742224,training_fold_X.corr(),False
imputation,MissForest,0.0,9,1,93,24,0,2360447647440,n/a,False
imputation,MissForest,0.0,9,2,93,24,0,2360447644560,n/a,False
imputation,MissForest,0.0,9,3,94,23,0,2360447646160,n/a,False
imputation,MissForest,0.0,9,4,94,23,0,2360447647120,n/a,False
imputation,MissForest,0.0,9,5,94,23,0,2360447646800,n/a,False
classification,SimpleMean,0.0,9,1,93,24,0,2360800165520,n/a,False
classification,SimpleMean,0.0,9,2,93,24,0,2360817352976,n/a,False
classification,SimpleMean,0.0,9,3,94,23,0,2360817408464,n/a,False
classification,SimpleMean,0.0,9,4,94,23,0,2360817676944,n/a,False
classification,SimpleMean,0.0,9,5,94,23,0,2360818011024,n/a,False
classification,"KNN(k=5,dist)",0.0,9,1,93,24,0,2360800165328,n/a,False
classification,"KNN(k=5,dist)",0.0,9,2,93,24,0,2360818629904,n/a,False
classification,"KNN(k=5,dist)",0.0,9,3,94,23,0,2360818947600,n/a,False
classification,"KNN(k=5,dist)",0.0,9,4,94,23,0,2360819281616,n/a,False
classification,"KNN(k=5,dist)",0.0,9,5,94,23,0,2360819632080,n/a,False
classification,RFECA_SVR(k=5),0.0,9,1,93,24,0,2360820511280,training_fold_X.corr(),False
classification,RFECA_SVR(k=5),0.0,9,2,93,24,0,2360820897104,training_fold_X.corr(),False
classification,RFECA_SVR(k=5),0.0,9,3,94,23,0,2360837798416,training_fold_X.corr(),False
classification,RFECA_SVR(k=5),0.0,9,4,94,23,0,2360837873616,training_fold_X.corr(),False
classification,RFECA_SVR(k=5),0.0,9,5,94,23,0,2360838489488,training_fold_X.corr(),False
classification,RFECA_SVR(k=10),0.0,9,1,93,24,0,2360838807728,training_fold_X.corr(),False
classification,RFECA_SVR(k=10),0.0,9,2,93,24,0,2360839128688,training_fold_X.corr(),False
classification,RFECA_SVR(k=10),0.0,9,3,94,23,0,2360839449392,training_fold_X.corr(),False
classification,RFECA_SVR(k=10),0.0,9,4,94,23,0,2360839835888,training_fold_X.corr(),False
classification,RFECA_SVR(k=10),0.0,9,5,94,23,0,2360840172976,training_fold_X.corr(),False
classification,RFECA_SVR(k=20),0.0,9,1,93,24,0,2360840477552,training_fold_X.corr(),False
classification,RFECA_SVR(k=20),0.0,9,2,93,24,0,2360840830128,training_fold_X.corr(),False
classification,RFECA_SVR(k=20),0.0,9,3,94,23,0,2360841184752,training_fold_X.corr(),False
classification,RFECA_SVR(k=20),0.0,9,4,94,23,0,2360841522096,training_fold_X.corr(),False
classification,RFECA_SVR(k=20),0.0,9,5,94,23,0,2360841875568,training_fold_X.corr(),False
classification,MissForest,0.0,9,1,93,24,0,2360655549200,n/a,False
classification,MissForest,0.0,9,2,93,24,0,2360655552720,n/a,False
classification,MissForest,0.0,9,3,94,23,0,2360655556240,n/a,False
classification,MissForest,0.0,9,4,94,23,0,2360447645840,n/a,False
classification,MissForest,0.0,9,5,94,23,0,2360655552080,n/a,False
imputation,SimpleMean,0.05,0,1,93,24,0,2360841620176,n/a,False
imputation,SimpleMean,0.05,0,2,93,24,0,2360756727888,n/a,False
imputation,SimpleMean,0.05,0,3,94,23,0,2360756728080,n/a,False
imputation,SimpleMean,0.05,0,4,94,23,0,2360860125008,n/a,False
imputation,SimpleMean,0.05,0,5,94,23,0,2360860125200,n/a,False
imputation,"KNN(k=5,dist)",0.05,0,1,93,24,0,2360860125392,n/a,False
imputation,"KNN(k=5,dist)",0.05,0,2,93,24,0,2360860125584,n/a,False
imputation,"KNN(k=5,dist)",0.05,0,3,94,23,0,2360860125776,n/a,False
imputation,"KNN(k=5,dist)",0.05,0,4,94,23,0,2360860125968,n/a,False
imputation,"KNN(k=5,dist)",0.05,0,5,94,23,0,2360860126160,n/a,False
imputation,RFECA_SVR(k=5),0.05,0,1,93,24,0,2360860392848,training_fold_X.corr(),False
imputation,RFECA_SVR(k=5),0.05,0,2,93,24,0,2360799417904,training_fold_X.corr(),False
imputation,RFECA_SVR(k=5),0.05,0,3,94,23,0,2360860590608,training_fold_X.corr(),False
imputation,RFECA_SVR(k=5),0.05,0,4,94,23,0,2360860393072,training_fold_X.corr(),False
imputation,RFECA_SVR(k=5),0.05,0,5,94,23,0,2360859719088,training_fold_X.corr(),False
imputation,RFECA_SVR(k=10),0.05,0,1,93,24,0,2360860590832,training_fold_X.corr(),False
imputation,RFECA_SVR(k=10),0.05,0,2,93,24,0,2360860591056,training_fold_X.corr(),False
imputation,RFECA_SVR(k=10),0.05,0,3,94,23,0,2360860591280,training_fold_X.corr(),False
imputation,RFECA_SVR(k=10),0.05,0,4,94,23,0,2360860591504,training_fold_X.corr(),False
imputation,RFECA_SVR(k=10),0.05,0,5,94,23,0,2360860591728,training_fold_X.corr(),False
imputation,RFECA_SVR(k=20),0.05,0,1,93,24,0,2360860591952,training_fold_X.corr(),False
imputation,RFECA_SVR(k=20),0.05,0,2,93,24,0,2360860592176,training_fold_X.corr(),False
imputation,RFECA_SVR(k=20),0.05,0,3,94,23,0,2360860592400,training_fold_X.corr(),False
imputation,RFECA_SVR(k=20),0.05,0,4,94,23,0,2360860592624,training_fold_X.corr(),False
imputation,RFECA_SVR(k=20),0.05,0,5,94,23,0,2360860592848,training_fold_X.corr(),False
imputation,MissForest,0.05,0,1,93,24,0,2360447646480,n/a,False
imputation,MissForest,0.05,0,2,93,24,0,2360860902416,n/a,False
imputation,MissForest,0.05,0,3,94,23,0,2360447636560,n/a,False
imputation,MissForest,0.05,0,4,94,23,0,2360655556560,n/a,False
imputation,MissForest,0.05,0,5,94,23,0,2360655559760,n/a,False
classification,SimpleMean,0.05,0,1,93,24,0,2361205165136,n/a,False
classification,SimpleMean,0.05,0,2,93,24,0,2361205166480,n/a,False
classification,SimpleMean,0.05,0,3,94,23,0,2361205304080,n/a,False
classification,SimpleMean,0.05,0,4,94,23,0,2361238733840,n/a,False
classification,SimpleMean,0.05,0,5,94,23,0,2361239018704,n/a,False
classification,"KNN(k=5,dist)",0.05,0,1,93,24,0,2361205166288,n/a,False
classification,"KNN(k=5,dist)",0.05,0,2,93,24,0,2361239686800,n/a,False
classification,"KNN(k=5,dist)",0.05,0,3,94,23,0,2361240053584,n/a,False
classification,"KNN(k=5,dist)",0.05,0,4,94,23,0,2361240633424,n/a,False
classification,"KNN(k=5,dist)",0.05,0,5,94,23,0,2361240688912,n/a,False
classification,RFECA_SVR(k=5),0.05,0,1,93,24,0,2361241598704,training_fold_X.corr(),False
classification,RFECA_SVR(k=5),0.05,0,2,93,24,0,2361241985200,training_fold_X.corr(),False
classification,RFECA_SVR(k=5),0.05,0,3,94,23,0,2361242355536,training_fold_X.corr(),False
classification,RFECA_SVR(k=5),0.05,0,4,94,23,0,2361242708784,training_fold_X.corr(),False
classification,RFECA_SVR(k=5),0.05,0,5,94,23,0,2361243043440,training_fold_X.corr(),False
classification,RFECA_SVR(k=10),0.05,0,1,93,24,0,2361243380976,training_fold_X.corr(),False
classification,RFECA_SVR(k=10),0.05,0,2,93,24,0,2361243734256,training_fold_X.corr(),False
classification,RFECA_SVR(k=10),0.05,0,3,94,23,0,2361244038352,training_fold_X.corr(),False
classification,RFECA_SVR(k=10),0.05,0,4,94,23,0,2361244359312,training_fold_X.corr(),False
classification,RFECA_SVR(k=10),0.05,0,5,94,23,0,2361244695952,training_fold_X.corr(),False
classification,RFECA_SVR(k=20),0.05,0,1,93,24,0,2361245033744,training_fold_X.corr(),False
classification,RFECA_SVR(k=20),0.05,0,2,93,24,0,2361245387248,training_fold_X.corr(),False
classification,RFECA_SVR(k=20),0.05,0,3,94,23,0,2361245724336,training_fold_X.corr(),False
classification,RFECA_SVR(k=20),0.05,0,4,94,23,0,2361246094896,training_fold_X.corr(),False
classification,RFECA_SVR(k=20),0.05,0,5,94,23,0,2361246415152,training_fold_X.corr(),False
classification,MissForest,0.05,0,1,93,24,0,2360655558480,n/a,False
classification,MissForest,0.05,0,2,93,24,0,2360860908496,n/a,False
classification,MissForest,0.05,0,3,94,23,0,2360655553360,n/a,False
classification,MissForest,0.05,0,4,94,23,0,2360655549520,n/a,False
classification,MissForest,0.05,0,5,94,23,0,2360860913296,n/a,False
imputation,SimpleMean,0.05,1,1,93,24,0,2361246162320,n/a,False
imputation,SimpleMean,0.05,1,2,93,24,0,2360632155728,n/a,False
imputation,SimpleMean,0.05,1,3,94,23,0,2360652980944,n/a,False
imputation,SimpleMean,0.05,1,4,94,23,0,2362618024144,n/a,False
imputation,SimpleMean,0.05,1,5,94,23,0,2362618023760,n/a,False
imputation,"KNN(k=5,dist)",0.05,1,1,93,24,0,2362618023952,n/a,False
imputation,"KNN(k=5,dist)",0.05,1,2,93,24,0,2362618024336,n/a,False
imputation,"KNN(k=5,dist)",0.05,1,3,94,23,0,2362618024528,n/a,False
imputation,"KNN(k=5,dist)",0.05,1,4,94,23,0,2362618024720,n/a,False
imputation,"KNN(k=5,dist)",0.05,1,5,94,23,0,2362618024912,n/a,False
imputation,RFECA_SVR(k=5),0.05,1,1,93,24,0,2360694700112,training_fold_X.corr(),False
imputation,RFECA_SVR(k=5),0.05,1,2,93,24,0,2362618598960,training_fold_X.corr(),False
imputation,RFECA_SVR(k=5),0.05,1,3,94,23,0,2362618598736,training_fold_X.corr(),False
imputation,RFECA_SVR(k=5),0.05,1,4,94,23,0,2362618599184,training_fold_X.corr(),False
imputation,RFECA_SVR(k=5),0.05,1,5,94,23,0,2362618599408,training_fold_X.corr(),False
imputation,RFECA_SVR(k=10),0.05,1,1,93,24,0,2362618599632,training_fold_X.corr(),False
imputation,RFECA_SVR(k=10),0.05,1,2,93,24,0,2362618609040,training_fold_X.corr(),False
imputation,RFECA_SVR(k=10),0.05,1,3,94,23,0,2362618608816,training_fold_X.corr(),False
imputation,RFECA_SVR(k=10),0.05,1,4,94,23,0,2362618608592,training_fold_X.corr(),False
imputation,RFECA_SVR(k=10),0.05,1,5,94,23,0,2362618608368,training_fold_X.corr(),False
imputation,RFECA_SVR(k=20),0.05,1,1,93,24,0,2362618608144,training_fold_X.corr(),False
imputation,RFECA_SVR(k=20),0.05,1,2,93,24,0,2362618607920,training_fold_X.corr(),False
imputation,RFECA_SVR(k=20),0.05,1,3,94,23,0,2362618607696,training_fold_X.corr(),False
imputation,RFECA_SVR(k=20),0.05,1,4,94,23,0,2362618607472,training_fold_X.corr(),False
imputation,RFECA_SVR(k=20),0.05,1,5,94,23,0,2362618607248,training_fold_X.corr(),False
imputation,MissForest,0.05,1,1,93,24,0,2360860908176,n/a,False
imputation,MissForest,0.05,1,2,93,24,0,2360655544400,n/a,False
imputation,MissForest,0.05,1,3,94,23,0,2360860912336,n/a,False
imputation,MissForest,0.05,1,4,94,23,0,2360860911056,n/a,False
imputation,MissForest,0.05,1,5,94,23,0,2360860915216,n/a,False
classification,SimpleMean,0.05,1,1,93,24,0,2362994505680,n/a,False
classification,SimpleMean,0.05,1,2,93,24,0,2362994507024,n/a,False
classification,SimpleMean,0.05,1,3,94,23,0,2362994628304,n/a,False
classification,SimpleMean,0.05,1,4,94,23,0,2362994913168,n/a,False
classification,SimpleMean,0.05,1,5,94,23,0,2363011795088,n/a,False
classification,"KNN(k=5,dist)",0.05,1,1,93,24,0,2362994493584,n/a,False
classification,"KNN(k=5,dist)",0.05,1,2,93,24,0,2363012413968,n/a,False
classification,"KNN(k=5,dist)",0.05,1,3,94,23,0,2363012748048,n/a,False
classification,"KNN(k=5,dist)",0.05,1,4,94,23,0,2363013065680,n/a,False
classification,"KNN(k=5,dist)",0.05,1,5,94,23,0,2363013399760,n/a,False
classification,RFECA_SVR(k=5),0.05,1,1,93,24,0,2363014265808,training_fold_X.corr(),False
classification,RFECA_SVR(k=5),0.05,1,2,93,24,0,2363031249296,training_fold_X.corr(),False
classification,RFECA_SVR(k=5),0.05,1,3,94,23,0,2363031684496,training_fold_X.corr(),False
classification,RFECA_SVR(k=5),0.05,1,4,94,23,0,2363032005648,training_fold_X.corr(),False
classification,RFECA_SVR(k=5),0.05,1,5,94,23,0,2363032358928,training_fold_X.corr(),False
classification,RFECA_SVR(k=10),0.05,1,1,93,24,0,2363032663024,training_fold_X.corr(),False
classification,RFECA_SVR(k=10),0.05,1,2,93,24,0,2363033033136,training_fold_X.corr(),False
classification,RFECA_SVR(k=10),0.05,1,3,94,23,0,2363033369776,training_fold_X.corr(),False
classification,RFECA_SVR(k=10),0.05,1,4,94,23,0,2363033691184,training_fold_X.corr(),False
classification,RFECA_SVR(k=10),0.05,1,5,94,23,0,2363034025136,training_fold_X.corr(),False
classification,RFECA_SVR(k=20),0.05,1,1,93,24,0,2363034363152,training_fold_X.corr(),False
classification,RFECA_SVR(k=20),0.05,1,2,93,24,0,2363034700944,training_fold_X.corr(),False
classification,RFECA_SVR(k=20),0.05,1,3,94,23,0,2363035037584,training_fold_X.corr(),False
classification,RFECA_SVR(k=20),0.05,1,4,94,23,0,2363035358320,training_fold_X.corr(),False
classification,RFECA_SVR(k=20),0.05,1,5,94,23,0,2363052276016,training_fold_X.corr(),False
classification,MissForest,0.05,1,1,93,24,0,2360860911376,n/a,False
classification,MissForest,0.05,1,2,93,24,0,2360447642000,n/a,False
classification,MissForest,0.05,1,3,94,23,0,2360860903696,n/a,False
classification,MissForest,0.05,1,4,94,23,0,2360860913936,n/a,False
classification,MissForest,0.05,1,5,94,23,0,2360655555280,n/a,False
imputation,SimpleMean,0.05,2,1,93,24,0,2363052034384,n/a,False
imputation,SimpleMean,0.05,2,2,93,24,0,2360738174480,n/a,False
imputation,SimpleMean,0.05,2,3,94,23,0,2360860124624,n/a,False
imputation,SimpleMean,0.05,2,4,94,23,0,2363396734416,n/a,False
imputation,SimpleMean,0.05,2,5,94,23,0,2363396734224,n/a,False
imputation,"KNN(k=5,dist)",0.05,2,1,93,24,0,2363396734608,n/a,False
imputation,"KNN(k=5,dist)",0.05,2,2,93,24,0,2363396734800,n/a,False
imputation,"KNN(k=5,dist)",0.05,2,3,94,23,0,2363397177424,n/a,False
imputation,"KNN(k=5,dist)",0.05,2,4,94,23,0,2363397177616,n/a,False
imputation,"KNN(k=5,dist)",0.05,2,5,94,23,0,2363397177808,n/a,False
imputation,RFECA_SVR(k=5),0.05,2,1,93,24,0,2360779500112,training_fold_X.corr(),False
imputation,RFECA_SVR(k=5),0.05,2,2,93,24,0,2363396955440,training_fold_X.corr(),False
imputation,RFECA_SVR(k=5),0.05,2,3,94,23,0,2363396955888,training_fold_X.corr(),False
imputation,RFECA_SVR(k=5),0.05,2,4,94,23,0,2363396953200,training_fold_X.corr(),False
imputation,RFECA_SVR(k=5),0.05,2,5,94,23,0,2363396953872,training_fold_X.corr(),False
imputation,RFECA_SVR(k=10),0.05,2,1,93,24,0,2363396952976,training_fold_X.corr(),False
imputation,RFECA_SVR(k=10),0.05,2,2,93,24,0,2363396953648,training_fold_X.corr(),False
imputation,RFECA_SVR(k=10),0.05,2,3,94,23,0,2363396954096,training_fold_X.corr(),False
imputation,RFECA_SVR(k=10),0.05,2,4,94,23,0,2363396954320,training_fold_X.corr(),False
imputation,RFECA_SVR(k=10),0.05,2,5,94,23,0,2363396954544,training_fold_X.corr(),False
imputation,RFECA_SVR(k=20),0.05,2,1,93,24,0,2363396954768,training_fold_X.corr(),False
imputation,RFECA_SVR(k=20),0.05,2,2,93,24,0,2363396954992,training_fold_X.corr(),False
imputation,RFECA_SVR(k=20),0.05,2,3,94,23,0,2363396955216,training_fold_X.corr(),False
imputation,RFECA_SVR(k=20),0.05,2,4,94,23,0,2363396959696,training_fold_X.corr(),False
imputation,RFECA_SVR(k=20),0.05,2,5,94,23,0,2363396959472,training_fold_X.corr(),False
imputation,MissForest,0.05,2,1,93,24,0,2360860916816,n/a,False
imputation,MissForest,0.05,2,2,93,24,0,2360860904656,n/a,False
imputation,MissForest,0.05,2,3,94,23,0,2360860909456,n/a,False
imputation,MissForest,0.05,2,4,94,23,0,2362909465872,n/a,False
imputation,MissForest,0.05,2,5,94,23,0,2360655556880,n/a,False
classification,SimpleMean,0.05,2,1,93,24,0,2363773207184,n/a,False
classification,SimpleMean,0.05,2,2,93,24,0,2363773220816,n/a,False
classification,SimpleMean,0.05,2,3,94,23,0,2363773357904,n/a,False
classification,SimpleMean,0.05,2,4,94,23,0,2363806787600,n/a,False
classification,SimpleMean,0.05,2,5,94,23,0,2363807351056,n/a,False
classification,"KNN(k=5,dist)",0.05,2,1,93,24,0,2363773220432,n/a,False
classification,"KNN(k=5,dist)",0.05,2,2,93,24,0,2363807724176,n/a,False
classification,"KNN(k=5,dist)",0.05,2,3,94,23,0,2363808041872,n/a,False
classification,"KNN(k=5,dist)",0.05,2,4,94,23,0,2363808326736,n/a,False
classification,"KNN(k=5,dist)",0.05,2,5,94,23,0,2363808677136,n/a,False
classification,RFECA_SVR(k=5),0.05,2,1,93,24,0,2363809566960,training_fold_X.corr(),False
classification,RFECA_SVR(k=5),0.05,2,2,93,24,0,2363826501488,training_fold_X.corr(),False
classification,RFECA_SVR(k=5),0.05,2,3,94,23,0,2363826822000,training_fold_X.corr(),False
classification,RFECA_SVR(k=5),0.05,2,4,94,23,0,2363827125424,training_fold_X.corr(),False
classification,RFECA_SVR(k=5),0.05,2,5,94,23,0,2363827463440,training_fold_X.corr(),False
classification,RFECA_SVR(k=10),0.05,2,1,93,24,0,2363827801232,training_fold_X.corr(),False
classification,RFECA_SVR(k=10),0.05,2,2,93,24,0,2363828137872,training_fold_X.corr(),False
classification,RFECA_SVR(k=10),0.05,2,3,94,23,0,2363828507760,training_fold_X.corr(),False
classification,RFECA_SVR(k=10),0.05,2,4,94,23,0,2363828828464,training_fold_X.corr(),False
classification,RFECA_SVR(k=10),0.05,2,5,94,23,0,2363829182640,training_fold_X.corr(),False
classification,RFECA_SVR(k=20),0.05,2,1,93,24,0,2363829503152,training_fold_X.corr(),False
classification,RFECA_SVR(k=20),0.05,2,2,93,24,0,2363829840016,training_fold_X.corr(),False
classification,RFECA_SVR(k=20),0.05,2,3,94,23,0,2363830191056,training_fold_X.corr(),False
classification,RFECA_SVR(k=20),0.05,2,4,94,23,0,2363830528592,training_fold_X.corr(),False
classification,RFECA_SVR(k=20),0.05,2,5,94,23,0,2363830727664,training_fold_X.corr(),False
classification,MissForest,0.05,2,1,93,24,0,2360447642960,n/a,False
classification,MissForest,0.05,2,2,93,24,0,2360655544720,n/a,False
classification,MissForest,0.05,2,3,94,23,0,2360860906576,n/a,False
classification,MissForest,0.05,2,4,94,23,0,2360655558160,n/a,False
classification,MissForest,0.05,2,5,94,23,0,2362909458832,n/a,False
imputation,SimpleMean,0.05,3,1,93,24,0,2361243441808,n/a,False
imputation,SimpleMean,0.05,3,2,93,24,0,2360634826704,n/a,False
imputation,SimpleMean,0.05,3,3,94,23,0,2362618023184,n/a,False
imputation,SimpleMean,0.05,3,4,94,23,0,2364209004624,n/a,False
imputation,SimpleMean,0.05,3,5,94,23,0,2364209004816,n/a,False
imputation,"KNN(k=5,dist)",0.05,3,1,93,24,0,2364209005008,n/a,False
imputation,"KNN(k=5,dist)",0.05,3,2,93,24,0,2364209005200,n/a,False
imputation,"KNN(k=5,dist)",0.05,3,3,94,23,0,2364209005392,n/a,False
imputation,"KNN(k=5,dist)",0.05,3,4,94,23,0,2364209005584,n/a,False
imputation,"KNN(k=5,dist)",0.05,3,5,94,23,0,2364209005776,n/a,False
imputation,RFECA_SVR(k=5),0.05,3,1,93,24,0,2363396956560,training_fold_X.corr(),False
imputation,RFECA_SVR(k=5),0.05,3,2,93,24,0,2364208807312,training_fold_X.corr(),False
imputation,RFECA_SVR(k=5),0.05,3,3,94,23,0,2364208806864,training_fold_X.corr(),False
imputation,RFECA_SVR(k=5),0.05,3,4,94,23,0,2364208806640,training_fold_X.corr(),False
imputation,RFECA_SVR(k=5),0.05,3,5,94,23,0,2364208806416,training_fold_X.corr(),False
imputation,RFECA_SVR(k=10),0.05,3,1,93,24,0,2364208806192,training_fold_X.corr(),False
imputation,RFECA_SVR(k=10),0.05,3,2,93,24,0,2364208805968,training_fold_X.corr(),False
imputation,RFECA_SVR(k=10),0.05,3,3,94,23,0,2364208805744,training_fold_X.corr(),False
imputation,RFECA_SVR(k=10),0.05,3,4,94,23,0,2364208805520,training_fold_X.corr(),False
imputation,RFECA_SVR(k=10),0.05,3,5,94,23,0,2364208805296,training_fold_X.corr(),False
imputation,RFECA_SVR(k=20),0.05,3,1,93,24,0,2364208805072,training_fold_X.corr(),False
imputation,RFECA_SVR(k=20),0.05,3,2,93,24,0,2364208804848,training_fold_X.corr(),False
imputation,RFECA_SVR(k=20),0.05,3,3,94,23,0,2364208804624,training_fold_X.corr(),False
imputation,RFECA_SVR(k=20),0.05,3,4,94,23,0,2364208804400,training_fold_X.corr(),False
imputation,RFECA_SVR(k=20),0.05,3,5,94,23,0,2364208804176,training_fold_X.corr(),False
imputation,MissForest,0.05,3,1,93,24,0,2360860901456,n/a,False
imputation,MissForest,0.05,3,2,93,24,0,2360860909136,n/a,False
imputation,MissForest,0.05,3,3,94,23,0,2362909462032,n/a,False
imputation,MissForest,0.05,3,4,94,23,0,2362909461712,n/a,False
imputation,MissForest,0.05,3,5,94,23,0,2360655557520,n/a,False
classification,SimpleMean,0.05,3,1,93,24,0,2364568360656,n/a,False
classification,SimpleMean,0.05,3,2,93,24,0,2364568362192,n/a,False
classification,SimpleMean,0.05,3,3,94,23,0,2364568532176,n/a,False
classification,SimpleMean,0.05,3,4,94,23,0,2364601994704,n/a,False
classification,SimpleMean,0.05,3,5,94,23,0,2364602279568,n/a,False
classification,"KNN(k=5,dist)",0.05,3,1,93,24,0,2364568356624,n/a,False
classification,"KNN(k=5,dist)",0.05,3,2,93,24,0,2364602931280,n/a,False
classification,"KNN(k=5,dist)",0.05,3,3,94,23,0,2364603248912,n/a,False
classification,"KNN(k=5,dist)",0.05,3,4,94,23,0,2364603599376,n/a,False
classification,"KNN(k=5,dist)",0.05,3,5,94,23,0,2364603900624,n/a,False
classification,RFECA_SVR(k=5),0.05,3,1,93,24,0,2364604796944,training_fold_X.corr(),False
classification,RFECA_SVR(k=5),0.05,3,2,93,24,0,2364621665040,training_fold_X.corr(),False
classification,RFECA_SVR(k=5),0.05,3,3,94,23,0,2364622002160,training_fold_X.corr(),False
classification,RFECA_SVR(k=5),0.05,3,4,94,23,0,2364622339248,training_fold_X.corr(),False
classification,RFECA_SVR(k=5),0.05,3,5,94,23,0,2364622677040,training_fold_X.corr(),False
classification,RFECA_SVR(k=10),0.05,3,1,93,24,0,2364623013936,training_fold_X.corr(),False
classification,RFECA_SVR(k=10),0.05,3,2,93,24,0,2364623334416,training_fold_X.corr(),False
classification,RFECA_SVR(k=10),0.05,3,3,94,23,0,2364623688144,training_fold_X.corr(),False
classification,RFECA_SVR(k=10),0.05,3,4,94,23,0,2364624025680,training_fold_X.corr(),False
classification,RFECA_SVR(k=10),0.05,3,5,94,23,0,2364624362576,training_fold_X.corr(),False
classification,RFECA_SVR(k=20),0.05,3,1,93,24,0,2364624698544,training_fold_X.corr(),False
classification,RFECA_SVR(k=20),0.05,3,2,93,24,0,2364625036784,training_fold_X.corr(),False
classification,RFECA_SVR(k=20),0.05,3,3,94,23,0,2364625390960,training_fold_X.corr(),False
classification,RFECA_SVR(k=20),0.05,3,4,94,23,0,2364625727600,training_fold_X.corr(),False
classification,RFECA_SVR(k=20),0.05,3,5,94,23,0,2364642626480,training_fold_X.corr(),False
classification,MissForest,0.05,3,1,93,24,0,2360655545360,n/a,False
classification,MissForest,0.05,3,2,93,24,0,2360860905296,n/a,False
classification,MissForest,0.05,3,3,94,23,0,2360655546000,n/a,False
classification,MissForest,0.05,3,4,94,23,0,2360860917456,n/a,False
classification,MissForest,0.05,3,5,94,23,0,2360860909776,n/a,False
imputation,SimpleMean,0.05,4,1,93,24,0,2364625806992,n/a,False
imputation,SimpleMean,0.05,4,2,93,24,0,2360838883664,n/a,False
imputation,SimpleMean,0.05,4,3,94,23,0,2363396670480,n/a,False
imputation,SimpleMean,0.05,4,4,94,23,0,2365003729040,n/a,False
imputation,SimpleMean,0.05,4,5,94,23,0,2365003728848,n/a,False
imputation,"KNN(k=5,dist)",0.05,4,1,93,24,0,2365003729232,n/a,False
imputation,"KNN(k=5,dist)",0.05,4,2,93,24,0,2365003729616,n/a,False
imputation,"KNN(k=5,dist)",0.05,4,3,94,23,0,2365003729808,n/a,False
imputation,"KNN(k=5,dist)",0.05,4,4,94,23,0,2365003729424,n/a,False
imputation,"KNN(k=5,dist)",0.05,4,5,94,23,0,2365003730000,n/a,False
imputation,RFECA_SVR(k=5),0.05,4,1,93,24,0,2364139862544,training_fold_X.corr(),False
imputation,RFECA_SVR(k=5),0.05,4,2,93,24,0,2364833081264,training_fold_X.corr(),False
imputation,RFECA_SVR(k=5),0.05,4,3,94,23,0,2364833082160,training_fold_X.corr(),False
imputation,RFECA_SVR(k=5),0.05,4,4,94,23,0,2364833083728,training_fold_X.corr(),False
imputation,RFECA_SVR(k=5),0.05,4,5,94,23,0,2364833086640,training_fold_X.corr(),False
imputation,RFECA_SVR(k=10),0.05,4,1,93,24,0,2364833083952,training_fold_X.corr(),False
imputation,RFECA_SVR(k=10),0.05,4,2,93,24,0,2364935163920,training_fold_X.corr(),False
imputation,RFECA_SVR(k=10),0.05,4,3,94,23,0,2364935165488,training_fold_X.corr(),False
imputation,RFECA_SVR(k=10),0.05,4,4,94,23,0,2364935165264,training_fold_X.corr(),False
imputation,RFECA_SVR(k=10),0.05,4,5,94,23,0,2364935165712,training_fold_X.corr(),False
imputation,RFECA_SVR(k=20),0.05,4,1,93,24,0,2365003986800,training_fold_X.corr(),False
imputation,RFECA_SVR(k=20),0.05,4,2,93,24,0,2365003985904,training_fold_X.corr(),False
imputation,RFECA_SVR(k=20),0.05,4,3,94,23,0,2365003985680,training_fold_X.corr(),False
imputation,RFECA_SVR(k=20),0.05,4,4,94,23,0,2364780738864,training_fold_X.corr(),False
imputation,RFECA_SVR(k=20),0.05,4,5,94,23,0,2365003987024,training_fold_X.corr(),False
imputation,MissForest,0.05,4,1,93,24,0,2360447644240,n/a,False
imputation,MissForest,0.05,4,2,93,24,0,2362909465552,n/a,False
imputation,MissForest,0.05,4,3,94,23,0,2365158098576,n/a,False
imputation,MissForest,0.05,4,4,94,23,0,2362909459792,n/a,False
imputation,MissForest,0.05,4,5,94,23,0,2360860915856,n/a,False
classification,SimpleMean,0.05,4,1,93,24,0,2365380185936,n/a,False
classification,SimpleMean,0.05,4,2,93,24,0,2365380186320,n/a,False
classification,SimpleMean,0.05,4,3,94,23,0,2365380274576,n/a,False
classification,SimpleMean,0.05,4,4,94,23,0,2365397189264,n/a,False
classification,SimpleMean,0.05,4,5,94,23,0,2365397490512,n/a,False
classification,"KNN(k=5,dist)",0.05,4,1,93,24,0,2365380184784,n/a,False
classification,"KNN(k=5,dist)",0.05,4,2,93,24,0,2365398109456,n/a,False
classification,"KNN(k=5,dist)",0.05,4,3,94,23,0,2365398443472,n/a,False
classification,"KNN(k=5,dist)",0.05,4,4,94,23,0,2365398761104,n/a,False
classification,"KNN(k=5,dist)",0.05,4,5,94,23,0,2365399095184,n/a,False
classification,RFECA_SVR(k=5),0.05,4,1,93,24,0,2365416591600,training_fold_X.corr(),False
classification,RFECA_SVR(k=5),0.05,4,2,93,24,0,2365416942160,training_fold_X.corr(),False
classification,RFECA_SVR(k=5),0.05,4,3,94,23,0,2365417345264,training_fold_X.corr(),False
classification,RFECA_SVR(k=5),0.05,4,4,94,23,0,2365417682352,training_fold_X.corr(),False
classification,RFECA_SVR(k=5),0.05,4,5,94,23,0,2365418003760,training_fold_X.corr(),False
classification,RFECA_SVR(k=10),0.05,4,1,93,24,0,2365418339504,training_fold_X.corr(),False
classification,RFECA_SVR(k=10),0.05,4,2,93,24,0,2365418693904,training_fold_X.corr(),False
classification,RFECA_SVR(k=10),0.05,4,3,94,23,0,2365419014864,training_fold_X.corr(),False
classification,RFECA_SVR(k=10),0.05,4,4,94,23,0,2365419352400,training_fold_X.corr(),False
classification,RFECA_SVR(k=10),0.05,4,5,94,23,0,2365419705680,training_fold_X.corr(),False
classification,RFECA_SVR(k=20),0.05,4,1,93,24,0,2365420009776,training_fold_X.corr(),False
classification,RFECA_SVR(k=20),0.05,4,2,93,24,0,2365420412656,training_fold_X.corr(),False
classification,RFECA_SVR(k=20),0.05,4,3,94,23,0,2365420734064,training_fold_X.corr(),False
classification,RFECA_SVR(k=20),0.05,4,4,94,23,0,2365437651312,training_fold_X.corr(),False
classification,RFECA_SVR(k=20),0.05,4,5,94,23,0,2365437988432,training_fold_X.corr(),False
classification,MissForest,0.05,4,1,93,24,0,2362909473552,n/a,False
classification,MissForest,0.05,4,2,93,24,0,2362909473232,n/a,False
classification,MissForest,0.05,4,3,94,23,0,2362909463952,n/a,False
classification,MissForest,0.05,4,4,94,23,0,2362909463632,n/a,False
classification,MissForest,0.05,4,5,94,23,0,2362909466192,n/a,False
imputation,SimpleMean,0.05,5,1,93,24,0,2365437745808,n/a,False
imputation,SimpleMean,0.05,5,2,93,24,0,2363830779984,n/a,False
imputation,SimpleMean,0.05,5,3,94,23,0,2364208514832,n/a,False
imputation,SimpleMean,0.05,5,4,94,23,0,2365799262608,n/a,False
imputation,SimpleMean,0.05,5,5,94,23,0,2365799262800,n/a,False
imputation,"KNN(k=5,dist)",0.05,5,1,93,24,0,2365799262992,n/a,False
imputation,"KNN(k=5,dist)",0.05,5,2,93,24,0,2365799263184,n/a,False
imputation,"KNN(k=5,dist)",0.05,5,3,94,23,0,2365799263568,n/a,False
imputation,"KNN(k=5,dist)",0.05,5,4,94,23,0,2365799263376,n/a,False
imputation,"KNN(k=5,dist)",0.05,5,5,94,23,0,2365799263760,n/a,False
imputation,RFECA_SVR(k=5),0.05,5,1,93,24,0,2365661744944,training_fold_X.corr(),False
imputation,RFECA_SVR(k=5),0.05,5,2,93,24,0,2365661745168,training_fold_X.corr(),False
imputation,RFECA_SVR(k=5),0.05,5,3,94,23,0,2365661744720,training_fold_X.corr(),False
imputation,RFECA_SVR(k=5),0.05,5,4,94,23,0,2365661744496,training_fold_X.corr(),False
imputation,RFECA_SVR(k=5),0.05,5,5,94,23,0,2365661744272,training_fold_X.corr(),False
imputation,RFECA_SVR(k=10),0.05,5,1,93,24,0,2365661744048,training_fold_X.corr(),False
imputation,RFECA_SVR(k=10),0.05,5,2,93,24,0,2365661743824,training_fold_X.corr(),False
imputation,RFECA_SVR(k=10),0.05,5,3,94,23,0,2365661687248,training_fold_X.corr(),False
imputation,RFECA_SVR(k=10),0.05,5,4,94,23,0,2365730569616,training_fold_X.corr(),False
imputation,RFECA_SVR(k=10),0.05,5,5,94,23,0,2364625727376,training_fold_X.corr(),False
imputation,RFECA_SVR(k=20),0.05,5,1,93,24,0,2365661745392,training_fold_X.corr(),False
imputation,RFECA_SVR(k=20),0.05,5,2,93,24,0,2365661745616,training_fold_X.corr(),False
imputation,RFECA_SVR(k=20),0.05,5,3,94,23,0,2365816055728,training_fold_X.corr(),False
imputation,RFECA_SVR(k=20),0.05,5,4,94,23,0,2365816057296,training_fold_X.corr(),False
imputation,RFECA_SVR(k=20),0.05,5,5,94,23,0,2365816057744,training_fold_X.corr(),False
imputation,MissForest,0.05,5,1,93,24,0,2360860910096,n/a,False
imputation,MissForest,0.05,5,2,93,24,0,2362909473872,n/a,False
imputation,MissForest,0.05,5,3,94,23,0,2360655557840,n/a,False
imputation,MissForest,0.05,5,4,94,23,0,2362909471312,n/a,False
imputation,MissForest,0.05,5,5,94,23,0,2360655548560,n/a,False
classification,SimpleMean,0.05,5,1,93,24,0,2366192365840,n/a,False
classification,SimpleMean,0.05,5,2,93,24,0,2366192366416,n/a,False
classification,SimpleMean,0.05,5,3,94,23,0,2366192503888,n/a,False
classification,SimpleMean,0.05,5,4,94,23,0,2366192772368,n/a,False
classification,SimpleMean,0.05,5,5,94,23,0,2366193057232,n/a,False
classification,"KNN(k=5,dist)",0.05,5,1,93,24,0,2366192366032,n/a,False
classification,"KNN(k=5,dist)",0.05,5,2,93,24,0,2366210305936,n/a,False
classification,"KNN(k=5,dist)",0.05,5,3,94,23,0,2366210623632,n/a,False
classification,"KNN(k=5,dist)",0.05,5,4,94,23,0,2366210941264,n/a,False
classification,"KNN(k=5,dist)",0.05,5,5,94,23,0,2366211258896,n/a,False
classification,RFECA_SVR(k=5),0.05,5,1,93,24,0,2366212171024,training_fold_X.corr(),False
classification,RFECA_SVR(k=5),0.05,5,2,93,24,0,2366212540688,training_fold_X.corr(),False
classification,RFECA_SVR(k=5),0.05,5,3,94,23,0,2366212828400,training_fold_X.corr(),False
classification,RFECA_SVR(k=5),0.05,5,4,94,23,0,2366213165744,training_fold_X.corr(),False
classification,RFECA_SVR(k=5),0.05,5,5,94,23,0,2366213519664,training_fold_X.corr(),False
classification,RFECA_SVR(k=10),0.05,5,1,93,24,0,2366213853872,training_fold_X.corr(),False
classification,RFECA_SVR(k=10),0.05,5,2,93,24,0,2366214174352,training_fold_X.corr(),False
classification,RFECA_SVR(k=10),0.05,5,3,94,23,0,2366231059536,training_fold_X.corr(),False
classification,RFECA_SVR(k=10),0.05,5,4,94,23,0,2366231413712,training_fold_X.corr(),False
classification,RFECA_SVR(k=10),0.05,5,5,94,23,0,2366231750352,training_fold_X.corr(),False
classification,RFECA_SVR(k=20),0.05,5,1,93,24,0,2366232071088,training_fold_X.corr(),False
classification,RFECA_SVR(k=20),0.05,5,2,93,24,0,2366232408176,training_fold_X.corr(),False
classification,RFECA_SVR(k=20),0.05,5,3,94,23,0,2366232745968,training_fold_X.corr(),False
classification,RFECA_SVR(k=20),0.05,5,4,94,23,0,2366233131760,training_fold_X.corr(),False
classification,RFECA_SVR(k=20),0.05,5,5,94,23,0,2366233452496,training_fold_X.corr(),False
classification,MissForest,0.05,5,1,93,24,0,2360655553680,n/a,False
classification,MissForest,0.05,5,2,93,24,0,2360860910736,n/a,False
classification,MissForest,0.05,5,3,94,23,0,2362909461392,n/a,False
classification,MissForest,0.05,5,4,94,23,0,2362909472912,n/a,False
classification,MissForest,0.05,5,5,94,23,0,2362909470352,n/a,False
imputation,SimpleMean,0.05,6,1,93,24,0,2366233198032,n/a,False
imputation,SimpleMean,0.05,6,2,93,24,0,2363032766032,n/a,False
imputation,SimpleMean,0.05,6,3,94,23,0,2365003648656,n/a,False
imputation,SimpleMean,0.05,6,4,94,23,0,2366627843536,n/a,False
imputation,SimpleMean,0.05,6,5,94,23,0,2366627844304,n/a,False
imputation,"KNN(k=5,dist)",0.05,6,1,93,24,0,2366627843728,n/a,False
imputation,"KNN(k=5,dist)",0.05,6,2,93,24,0,2366627844112,n/a,False
imputation,"KNN(k=5,dist)",0.05,6,3,94,23,0,2366627843920,n/a,False
imputation,"KNN(k=5,dist)",0.05,6,4,94,23,0,2366627844496,n/a,False
imputation,"KNN(k=5,dist)",0.05,6,5,94,23,0,2366627844688,n/a,False
imputation,RFECA_SVR(k=5),0.05,6,1,93,24,0,2365816058864,training_fold_X.corr(),False
imputation,RFECA_SVR(k=5),0.05,6,2,93,24,0,2366371651536,training_fold_X.corr(),False
imputation,RFECA_SVR(k=5),0.05,6,3,94,23,0,2366473697584,training_fold_X.corr(),False
imputation,RFECA_SVR(k=5),0.05,6,4,94,23,0,2366526023824,training_fold_X.corr(),False
imputation,RFECA_SVR(k=5),0.05,6,5,94,23,0,2366526023600,training_fold_X.corr(),False
imputation,RFECA_SVR(k=10),0.05,6,1,93,24,0,2366526025168,training_fold_X.corr(),False
imputation,RFECA_SVR(k=10),0.05,6,2,93,24,0,2366526020912,training_fold_X.corr(),False
imputation,RFECA_SVR(k=10),0.05,6,3,94,23,0,2366526020688,training_fold_X.corr(),False
imputation,RFECA_SVR(k=10),0.05,6,4,94,23,0,2366526024944,training_fold_X.corr(),False
imputation,RFECA_SVR(k=10),0.05,6,5,94,23,0,2366526024720,training_fold_X.corr(),False
imputation,RFECA_SVR(k=20),0.05,6,1,93,24,0,2366526024496,training_fold_X.corr(),False
imputation,RFECA_SVR(k=20),0.05,6,2,93,24,0,2366526025392,training_fold_X.corr(),False
imputation,RFECA_SVR(k=20),0.05,6,3,94,23,0,2366526021584,training_fold_X.corr(),False
imputation,RFECA_SVR(k=20),0.05,6,4,94,23,0,2366526021136,training_fold_X.corr(),False
imputation,RFECA_SVR(k=20),0.05,6,5,94,23,0,2366526024048,training_fold_X.corr(),False
imputation,MissForest,0.05,6,1,93,24,0,2362909470992,n/a,False
imputation,MissForest,0.05,6,2,93,24,0,2365158099216,n/a,False
imputation,MissForest,0.05,6,3,94,23,0,2362909464592,n/a,False
imputation,MissForest,0.05,6,4,94,23,0,2360447632080,n/a,False
imputation,MissForest,0.05,6,5,94,23,0,2360860903376,n/a,False
classification,SimpleMean,0.05,6,1,93,24,0,2366970934864,n/a,False
classification,SimpleMean,0.05,6,2,93,24,0,2366970935632,n/a,False
classification,SimpleMean,0.05,6,3,94,23,0,2367004217936,n/a,False
classification,SimpleMean,0.05,6,4,94,23,0,2367004453648,n/a,False
classification,SimpleMean,0.05,6,5,94,23,0,2367004771344,n/a,False
classification,"KNN(k=5,dist)",0.05,6,1,93,24,0,2366970933904,n/a,False
classification,"KNN(k=5,dist)",0.05,6,2,93,24,0,2367005422992,n/a,False
classification,"KNN(k=5,dist)",0.05,6,3,94,23,0,2367005740688,n/a,False
classification,"KNN(k=5,dist)",0.05,6,4,94,23,0,2367006041936,n/a,False
classification,"KNN(k=5,dist)",0.05,6,5,94,23,0,2367006670928,n/a,False
classification,RFECA_SVR(k=5),0.05,6,1,93,24,0,2367007283184,training_fold_X.corr(),False
classification,RFECA_SVR(k=5),0.05,6,2,93,24,0,2367024250032,training_fold_X.corr(),False
classification,RFECA_SVR(k=5),0.05,6,3,94,23,0,2367024653136,training_fold_X.corr(),False
classification,RFECA_SVR(k=5),0.05,6,4,94,23,0,2367024990480,training_fold_X.corr(),False
classification,RFECA_SVR(k=5),0.05,6,5,94,23,0,2367025344400,training_fold_X.corr(),False
classification,RFECA_SVR(k=10),0.05,6,1,93,24,0,2367025662448,training_fold_X.corr(),False
classification,RFECA_SVR(k=10),0.05,6,2,93,24,0,2367025966544,training_fold_X.corr(),False
classification,RFECA_SVR(k=10),0.05,6,3,94,23,0,2367026303888,training_fold_X.corr(),False
classification,RFECA_SVR(k=10),0.05,6,4,94,23,0,2367026608656,training_fold_X.corr(),False
classification,RFECA_SVR(k=10),0.05,6,5,94,23,0,2367026961936,training_fold_X.corr(),False
classification,RFECA_SVR(k=20),0.05,6,1,93,24,0,2367027331600,training_fold_X.corr(),False
classification,RFECA_SVR(k=20),0.05,6,2,93,24,0,2367027636144,training_fold_X.corr(),False
classification,RFECA_SVR(k=20),0.05,6,3,94,23,0,2367028006704,training_fold_X.corr(),False
classification,RFECA_SVR(k=20),0.05,6,4,94,23,0,2367028310576,training_fold_X.corr(),False
classification,RFECA_SVR(k=20),0.05,6,5,94,23,0,2367028664080,training_fold_X.corr(),False
classification,MissForest,0.05,6,1,93,24,0,2360860904336,n/a,False
classification,MissForest,0.05,6,2,93,24,0,2362909458512,n/a,False
classification,MissForest,0.05,6,3,94,23,0,2365158099536,n/a,False
classification,MissForest,0.05,6,4,94,23,0,2362909474192,n/a,False
classification,MissForest,0.05,6,5,94,23,0,2360860907216,n/a,False
imputation,SimpleMean,0.05,7,1,93,24,0,2367389846224,n/a,False
imputation,SimpleMean,0.05,7,2,93,24,0,2367025709328,n/a,False
imputation,SimpleMean,0.05,7,3,94,23,0,2365418412304,n/a,False
imputation,SimpleMean,0.05,7,4,94,23,0,2365799170128,n/a,False
imputation,SimpleMean,0.05,7,5,94,23,0,2363827895760,n/a,False
imputation,"KNN(k=5,dist)",0.05,7,1,93,24,0,2367389892048,n/a,False
imputation,"KNN(k=5,dist)",0.05,7,2,93,24,0,2367389891856,n/a,False
imputation,"KNN(k=5,dist)",0.05,7,3,94,23,0,2367389891664,n/a,False
imputation,"KNN(k=5,dist)",0.05,7,4,94,23,0,2367389890320,n/a,False
imputation,"KNN(k=5,dist)",0.05,7,5,94,23,0,2367389890896,n/a,False
imputation,RFECA_SVR(k=5),0.05,7,1,93,24,0,2366233452272,training_fold_X.corr(),False
imputation,RFECA_SVR(k=5),0.05,7,2,93,24,0,2367423246672,training_fold_X.corr(),False
imputation,RFECA_SVR(k=5),0.05,7,3,94,23,0,2367423247344,training_fold_X.corr(),False
imputation,RFECA_SVR(k=5),0.05,7,4,94,23,0,2367423247120,training_fold_X.corr(),False
imputation,RFECA_SVR(k=5),0.05,7,5,94,23,0,2367423247568,training_fold_X.corr(),False
imputation,RFECA_SVR(k=10),0.05,7,1,93,24,0,2367423247792,training_fold_X.corr(),False
imputation,RFECA_SVR(k=10),0.05,7,2,93,24,0,2367423248016,training_fold_X.corr(),False
imputation,RFECA_SVR(k=10),0.05,7,3,94,23,0,2367423248240,training_fold_X.corr(),False
imputation,RFECA_SVR(k=10),0.05,7,4,94,23,0,2367423248464,training_fold_X.corr(),False
imputation,RFECA_SVR(k=10),0.05,7,5,94,23,0,2367423248688,training_fold_X.corr(),False
imputation,RFECA_SVR(k=20),0.05,7,1,93,24,0,2367423248912,training_fold_X.corr(),False
imputation,RFECA_SVR(k=20),0.05,7,2,93,24,0,2367423249584,training_fold_X.corr(),False
imputation,RFECA_SVR(k=20),0.05,7,3,94,23,0,2367423249808,training_fold_X.corr(),False
imputation,RFECA_SVR(k=20),0.05,7,4,94,23,0,2367423249136,training_fold_X.corr(),False
imputation,RFECA_SVR(k=20),0.05,7,5,94,23,0,2367423250032,training_fold_X.corr(),False
imputation,MissForest,0.05,7,1,93,24,0,2360860914576,n/a,False
imputation,MissForest,0.05,7,2,93,24,0,2365158106896,n/a,False
imputation,MissForest,0.05,7,3,94,23,0,2362909468112,n/a,False
imputation,MissForest,0.05,7,4,94,23,0,2365158104656,n/a,False
imputation,MissForest,0.05,7,5,94,23,0,2360860912656,n/a,False
classification,SimpleMean,0.05,7,1,93,24,0,2367783004560,n/a,False
classification,SimpleMean,0.05,7,2,93,24,0,2367783005328,n/a,False
classification,SimpleMean,0.05,7,3,94,23,0,2367783126992,n/a,False
classification,SimpleMean,0.05,7,4,94,23,0,2367783379088,n/a,False
classification,SimpleMean,0.05,7,5,94,23,0,2367783713104,n/a,False
classification,"KNN(k=5,dist)",0.05,7,1,93,24,0,2367782996496,n/a,False
classification,"KNN(k=5,dist)",0.05,7,2,93,24,0,2367800961808,n/a,False
classification,"KNN(k=5,dist)",0.05,7,3,94,23,0,2367801279504,n/a,False
classification,"KNN(k=5,dist)",0.05,7,4,94,23,0,2367801580752,n/a,False
classification,"KNN(k=5,dist)",0.05,7,5,94,23,0,2367801898384,n/a,False
classification,RFECA_SVR(k=5),0.05,7,1,93,24,0,2367819394512,training_fold_X.corr(),False
classification,RFECA_SVR(k=5),0.05,7,2,93,24,0,2367819715024,training_fold_X.corr(),False
classification,RFECA_SVR(k=5),0.05,7,3,94,23,0,2367820052112,training_fold_X.corr(),False
classification,RFECA_SVR(k=5),0.05,7,4,94,23,0,2367820389904,training_fold_X.corr(),False
classification,RFECA_SVR(k=5),0.05,7,5,94,23,0,2367820725648,training_fold_X.corr(),False
classification,RFECA_SVR(k=10),0.05,7,1,93,24,0,2367821063664,training_fold_X.corr(),False
classification,RFECA_SVR(k=10),0.05,7,2,93,24,0,2367821348016,training_fold_X.corr(),False
classification,RFECA_SVR(k=10),0.05,7,3,94,23,0,2367821703088,training_fold_X.corr(),False
classification,RFECA_SVR(k=10),0.05,7,4,94,23,0,2367822039984,training_fold_X.corr(),False
classification,RFECA_SVR(k=10),0.05,7,5,94,23,0,2367822344080,training_fold_X.corr(),False
classification,RFECA_SVR(k=20),0.05,7,1,93,24,0,2367822714192,training_fold_X.corr(),False
classification,RFECA_SVR(k=20),0.05,7,2,93,24,0,2367823035344,training_fold_X.corr(),False
classification,RFECA_SVR(k=20),0.05,7,3,94,23,0,2367839969232,training_fold_X.corr(),False
classification,RFECA_SVR(k=20),0.05,7,4,94,23,0,2367840289968,training_fold_X.corr(),False
classification,RFECA_SVR(k=20),0.05,7,5,94,23,0,2367840627056,training_fold_X.corr(),False
classification,MissForest,0.05,7,1,93,24,0,2362909466512,n/a,False
classification,MissForest,0.05,7,2,93,24,0,2365158101776,n/a,False
classification,MissForest,0.05,7,3,94,23,0,2365158105936,n/a,False
classification,MissForest,0.05,7,4,94,23,0,2360860903056,n/a,False
classification,MissForest,0.05,7,5,94,23,0,2362909469712,n/a,False
imputation,SimpleMean,0.05,8,1,93,24,0,2367840368976,n/a,False
imputation,SimpleMean,0.05,8,2,93,24,0,2368184979280,n/a,False
imputation,SimpleMean,0.05,8,3,94,23,0,2366594564944,n/a,False
imputation,SimpleMean,0.05,8,4,94,23,0,2366627843344,n/a,False
imputation,SimpleMean,0.05,8,5,94,23,0,2366627843152,n/a,False
imputation,"KNN(k=5,dist)",0.05,8,1,93,24,0,2368218446736,n/a,False
imputation,"KNN(k=5,dist)",0.05,8,2,93,24,0,2368218447504,n/a,False
imputation,"KNN(k=5,dist)",0.05,8,3,94,23,0,2368218445968,n/a,False
imputation,"KNN(k=5,dist)",0.05,8,4,94,23,0,2368218446160,n/a,False
imputation,"KNN(k=5,dist)",0.05,8,5,94,23,0,2368218446352,n/a,False
imputation,RFECA_SVR(k=5),0.05,8,1,93,24,0,2367080275696,training_fold_X.corr(),False
imputation,RFECA_SVR(k=5),0.05,8,2,93,24,0,2368218691440,training_fold_X.corr(),False
imputation,RFECA_SVR(k=5),0.05,8,3,94,23,0,2368218690992,training_fold_X.corr(),False
imputation,RFECA_SVR(k=5),0.05,8,4,94,23,0,2368218680464,training_fold_X.corr(),False
imputation,RFECA_SVR(k=5),0.05,8,5,94,23,0,2368218678672,training_fold_X.corr(),False
imputation,RFECA_SVR(k=10),0.05,8,1,93,24,0,2368218680240,training_fold_X.corr(),False
imputation,RFECA_SVR(k=10),0.05,8,2,93,24,0,2368218678448,training_fold_X.corr(),False
imputation,RFECA_SVR(k=10),0.05,8,3,94,23,0,2368218678896,training_fold_X.corr(),False
imputation,RFECA_SVR(k=10),0.05,8,4,94,23,0,2368218679120,training_fold_X.corr(),False
imputation,RFECA_SVR(k=10),0.05,8,5,94,23,0,2368218679344,training_fold_X.corr(),False
imputation,RFECA_SVR(k=20),0.05,8,1,93,24,0,2368218679568,training_fold_X.corr(),False
imputation,RFECA_SVR(k=20),0.05,8,2,93,24,0,2368218679792,training_fold_X.corr(),False
imputation,RFECA_SVR(k=20),0.05,8,3,94,23,0,2368218678224,training_fold_X.corr(),False
imputation,RFECA_SVR(k=20),0.05,8,4,94,23,0,2368218682032,training_fold_X.corr(),False
imputation,RFECA_SVR(k=20),0.05,8,5,94,23,0,2368218682256,training_fold_X.corr(),False
imputation,MissForest,0.05,8,1,93,24,0,2360860902096,n/a,False
imputation,MissForest,0.05,8,2,93,24,0,2360860917136,n/a,False
imputation,MissForest,0.05,8,3,94,23,0,2365158111056,n/a,False
imputation,MissForest,0.05,8,4,94,23,0,2365158106256,n/a,False
imputation,MissForest,0.05,8,5,94,23,0,2360655545680,n/a,False
classification,SimpleMean,0.05,8,1,93,24,0,2368578278928,n/a,False
classification,SimpleMean,0.05,8,2,93,24,0,2368578279504,n/a,False
classification,SimpleMean,0.05,8,3,94,23,0,2368578334608,n/a,False
classification,SimpleMean,0.05,8,4,94,23,0,2368578652304,n/a,False
classification,SimpleMean,0.05,8,5,94,23,0,2368578986320,n/a,False
classification,"KNN(k=5,dist)",0.05,8,1,93,24,0,2368578273744,n/a,False
classification,"KNN(k=5,dist)",0.05,8,2,93,24,0,2368596251408,n/a,False
classification,"KNN(k=5,dist)",0.05,8,3,94,23,0,2368596569040,n/a,False
classification,"KNN(k=5,dist)",0.05,8,4,94,23,0,2368613467344,n/a,False
classification,"KNN(k=5,dist)",0.05,8,5,94,23,0,2368613801360,n/a,False
classification,RFECA_SVR(k=5),0.05,8,1,93,24,0,2368614661072,training_fold_X.corr(),False
classification,RFECA_SVR(k=5),0.05,8,2,93,24,0,2368614998416,training_fold_X.corr(),False
classification,RFECA_SVR(k=5),0.05,8,3,94,23,0,2368615336208,training_fold_X.corr(),False
classification,RFECA_SVR(k=5),0.05,8,4,94,23,0,2368615689232,training_fold_X.corr(),False
classification,RFECA_SVR(k=5),0.05,8,5,94,23,0,2368616026352,training_fold_X.corr(),False
classification,RFECA_SVR(k=10),0.05,8,1,93,24,0,2368616363440,training_fold_X.corr(),False
classification,RFECA_SVR(k=10),0.05,8,2,93,24,0,2368616684848,training_fold_X.corr(),False
classification,RFECA_SVR(k=10),0.05,8,3,94,23,0,2368616987824,training_fold_X.corr(),False
classification,RFECA_SVR(k=10),0.05,8,4,94,23,0,2368617325840,training_fold_X.corr(),False
classification,RFECA_SVR(k=10),0.05,8,5,94,23,0,2368634292944,training_fold_X.corr(),False
classification,RFECA_SVR(k=20),0.05,8,1,93,24,0,2368634597712,training_fold_X.corr(),False
classification,RFECA_SVR(k=20),0.05,8,2,93,24,0,2368634934608,training_fold_X.corr(),False
classification,RFECA_SVR(k=20),0.05,8,3,94,23,0,2368635271472,training_fold_X.corr(),False
classification,RFECA_SVR(k=20),0.05,8,4,94,23,0,2368635641584,training_fold_X.corr(),False
classification,RFECA_SVR(k=20),0.05,8,5,94,23,0,2368635995760,training_fold_X.corr(),False
classification,MissForest,0.05,8,1,93,24,0,2362909467792,n/a,False
classification,MissForest,0.05,8,2,93,24,0,2360655559440,n/a,False
classification,MissForest,0.05,8,3,94,23,0,2365158110736,n/a,False
classification,MissForest,0.05,8,4,94,23,0,2365158102416,n/a,False
classification,MissForest,0.05,8,5,94,23,0,2360860907856,n/a,False
imputation,SimpleMean,0.05,9,1,93,24,0,2368635724112,n/a,False
imputation,SimpleMean,0.05,9,2,93,24,0,2368980043536,n/a,False
imputation,SimpleMean,0.05,9,3,94,23,0,2367389890512,n/a,False
imputation,SimpleMean,0.05,9,4,94,23,0,2367389890704,n/a,False
imputation,SimpleMean,0.05,9,5,94,23,0,2367389890128,n/a,False
imputation,"KNN(k=5,dist)",0.05,9,1,93,24,0,2369013664656,n/a,False
imputation,"KNN(k=5,dist)",0.05,9,2,93,24,0,2369013664464,n/a,False
imputation,"KNN(k=5,dist)",0.05,9,3,94,23,0,2369013664272,n/a,False
imputation,"KNN(k=5,dist)",0.05,9,4,94,23,0,2369013662928,n/a,False
imputation,"KNN(k=5,dist)",0.05,9,5,94,23,0,2369013663504,n/a,False
imputation,RFECA_SVR(k=5),0.05,9,1,93,24,0,2368064322736,training_fold_X.corr(),False
imputation,RFECA_SVR(k=5),0.05,9,2,93,24,0,2369013562768,training_fold_X.corr(),False
imputation,RFECA_SVR(k=5),0.05,9,3,94,23,0,2368859258480,training_fold_X.corr(),False
imputation,RFECA_SVR(k=5),0.05,9,4,94,23,0,2369013562544,training_fold_X.corr(),False
imputation,RFECA_SVR(k=5),0.05,9,5,94,23,0,2369013562992,training_fold_X.corr(),False
imputation,RFECA_SVR(k=10),0.05,9,1,93,24,0,2369013561424,training_fold_X.corr(),False
imputation,RFECA_SVR(k=10),0.05,9,2,93,24,0,2369013561648,training_fold_X.corr(),False
imputation,RFECA_SVR(k=10),0.05,9,3,94,23,0,2369013561872,training_fold_X.corr(),False
imputation,RFECA_SVR(k=10),0.05,9,4,94,23,0,2369013562320,training_fold_X.corr(),False
imputation,RFECA_SVR(k=10),0.05,9,5,94,23,0,2369013562096,training_fold_X.corr(),False
imputation,RFECA_SVR(k=20),0.05,9,1,93,24,0,2368928080496,training_fold_X.corr(),False
imputation,RFECA_SVR(k=20),0.05,9,2,93,24,0,2368928079824,training_fold_X.corr(),False
imputation,RFECA_SVR(k=20),0.05,9,3,94,23,0,2368928080048,training_fold_X.corr(),False
imputation,RFECA_SVR(k=20),0.05,9,4,94,23,0,2368928077808,training_fold_X.corr(),False
imputation,RFECA_SVR(k=20),0.05,9,5,94,23,0,2368928081392,training_fold_X.corr(),False
imputation,MissForest,0.05,9,1,93,24,0,2360860914256,n/a,False
imputation,MissForest,0.05,9,2,93,24,0,2360860916496,n/a,False
imputation,MissForest,0.05,9,3,94,23,0,2365158097616,n/a,False
imputation,MissForest,0.05,9,4,94,23,0,2362909463312,n/a,False
imputation,MissForest,0.05,9,5,94,23,0,2365158107536,n/a,False
classification,SimpleMean,0.05,9,1,93,24,0,2369389931664,n/a,False
classification,SimpleMean,0.05,9,2,93,24,0,2369389932048,n/a,False
classification,SimpleMean,0.05,9,3,94,23,0,2369390134864,n/a,False
classification,SimpleMean,0.05,9,4,94,23,0,2369390403344,n/a,False
classification,SimpleMean,0.05,9,5,94,23,0,2369390720976,n/a,False
classification,"KNN(k=5,dist)",0.05,9,1,93,24,0,2369389922448,n/a,False
classification,"KNN(k=5,dist)",0.05,9,2,93,24,0,2369391356304,n/a,False
classification,"KNN(k=5,dist)",0.05,9,3,94,23,0,2369391690384,n/a,False
classification,"KNN(k=5,dist)",0.05,9,4,94,23,0,2369392008016,n/a,False
classification,"KNN(k=5,dist)",0.05,9,5,94,23,0,2369392342032,n/a,False
classification,RFECA_SVR(k=5),0.05,9,1,93,24,0,2369409807792,training_fold_X.corr(),False
classification,RFECA_SVR(k=5),0.05,9,2,93,24,0,2369410161520,training_fold_X.corr(),False
classification,RFECA_SVR(k=5),0.05,9,3,94,23,0,2369410499312,training_fold_X.corr(),False
classification,RFECA_SVR(k=5),0.05,9,4,94,23,0,2369410783888,training_fold_X.corr(),False
classification,RFECA_SVR(k=5),0.05,9,5,94,23,0,2369411137136,training_fold_X.corr(),False
classification,RFECA_SVR(k=10),0.05,9,1,93,24,0,2369411458096,training_fold_X.corr(),False
classification,RFECA_SVR(k=10),0.05,9,2,93,24,0,2369411812272,training_fold_X.corr(),False
classification,RFECA_SVR(k=10),0.05,9,3,94,23,0,2369412132528,training_fold_X.corr(),False
classification,RFECA_SVR(k=10),0.05,9,4,94,23,0,2369412469648,training_fold_X.corr(),False
classification,RFECA_SVR(k=10),0.05,9,5,94,23,0,2369429370960,training_fold_X.corr(),False
classification,RFECA_SVR(k=20),0.05,9,1,93,24,0,2369429708752,training_fold_X.corr(),False
classification,RFECA_SVR(k=20),0.05,9,2,93,24,0,2369430078416,training_fold_X.corr(),False
classification,RFECA_SVR(k=20),0.05,9,3,94,23,0,2369430415280,training_fold_X.corr(),False
classification,RFECA_SVR(k=20),0.05,9,4,94,23,0,2369430752624,training_fold_X.corr(),False
classification,RFECA_SVR(k=20),0.05,9,5,94,23,0,2369431073776,training_fold_X.corr(),False
classification,MissForest,0.05,9,1,93,24,0,2365158103376,n/a,False
classification,MissForest,0.05,9,2,93,24,0,2362909471632,n/a,False
classification,MissForest,0.05,9,3,94,23,0,2362909466832,n/a,False
classification,MissForest,0.05,9,4,94,23,0,2362909459152,n/a,False
classification,MissForest,0.05,9,5,94,23,0,2365158101456,n/a,False
imputation,SimpleMean,0.1,0,1,93,24,0,2369430828624,n/a,False
imputation,SimpleMean,0.1,0,2,93,24,0,2369411528080,n/a,False
imputation,SimpleMean,0.1,0,3,94,23,0,2369808780944,n/a,False
imputation,SimpleMean,0.1,0,4,94,23,0,2368218447696,n/a,False
imputation,SimpleMean,0.1,0,5,94,23,0,2368218447120,n/a,False
imputation,"KNN(k=5,dist)",0.1,0,1,93,24,0,2368218447312,n/a,False
imputation,"KNN(k=5,dist)",0.1,0,2,93,24,0,2369808838928,n/a,False
imputation,"KNN(k=5,dist)",0.1,0,3,94,23,0,2369808838736,n/a,False
imputation,"KNN(k=5,dist)",0.1,0,4,94,23,0,2369808838544,n/a,False
imputation,"KNN(k=5,dist)",0.1,0,5,94,23,0,2369808837200,n/a,False
imputation,RFECA_SVR(k=5),0.1,0,1,93,24,0,2368928080272,training_fold_X.corr(),False
imputation,RFECA_SVR(k=5),0.1,0,2,93,24,0,2369706994480,training_fold_X.corr(),False
imputation,RFECA_SVR(k=5),0.1,0,3,94,23,0,2369706992016,training_fold_X.corr(),False
imputation,RFECA_SVR(k=5),0.1,0,4,94,23,0,2369706998288,training_fold_X.corr(),False
imputation,RFECA_SVR(k=5),0.1,0,5,94,23,0,2369706998064,training_fold_X.corr(),False
imputation,RFECA_SVR(k=10),0.1,0,1,93,24,0,2369706993136,training_fold_X.corr(),False
imputation,RFECA_SVR(k=10),0.1,0,2,93,24,0,2369585932880,training_fold_X.corr(),False
imputation,RFECA_SVR(k=10),0.1,0,3,94,23,0,2369706997840,training_fold_X.corr(),False
imputation,RFECA_SVR(k=10),0.1,0,4,94,23,0,2369706999408,training_fold_X.corr(),False
imputation,RFECA_SVR(k=10),0.1,0,5,94,23,0,2369809082064,training_fold_X.corr(),False
imputation,RFECA_SVR(k=20),0.1,0,1,93,24,0,2369809082288,training_fold_X.corr(),False
imputation,RFECA_SVR(k=20),0.1,0,2,93,24,0,2369809076912,training_fold_X.corr(),False
imputation,RFECA_SVR(k=20),0.1,0,3,94,23,0,2369654734448,training_fold_X.corr(),False
imputation,RFECA_SVR(k=20),0.1,0,4,94,23,0,2369809076464,training_fold_X.corr(),False
imputation,RFECA_SVR(k=20),0.1,0,5,94,23,0,2369809076240,training_fold_X.corr(),False
imputation,MissForest,0.1,0,1,93,24,0,2365158104336,n/a,False
imputation,MissForest,0.1,0,2,93,24,0,2365158100176,n/a,False
imputation,MissForest,0.1,0,3,94,23,0,2369236377808,n/a,False
imputation,MissForest,0.1,0,4,94,23,0,2362909468432,n/a,False
imputation,MissForest,0.1,0,5,94,23,0,2369236375888,n/a,False
classification,SimpleMean,0.1,0,1,93,24,0,2370168811600,n/a,False
classification,SimpleMean,0.1,0,2,93,24,0,2370168811984,n/a,False
classification,SimpleMean,0.1,0,3,94,23,0,2370168965648,n/a,False
classification,SimpleMean,0.1,0,4,94,23,0,2370169234128,n/a,False
classification,SimpleMean,0.1,0,5,94,23,0,2370186132368,n/a,False
classification,"KNN(k=5,dist)",0.1,0,1,93,24,0,2370168802384,n/a,False
classification,"KNN(k=5,dist)",0.1,0,2,93,24,0,2370186767696,n/a,False
classification,"KNN(k=5,dist)",0.1,0,3,94,23,0,2370187118160,n/a,False
classification,"KNN(k=5,dist)",0.1,0,4,94,23,0,2370187419408,n/a,False
classification,"KNN(k=5,dist)",0.1,0,5,94,23,0,2370187769808,n/a,False
classification,RFECA_SVR(k=5),0.1,0,1,93,24,0,2370188606864,training_fold_X.corr(),False
classification,RFECA_SVR(k=5),0.1,0,2,93,24,0,2370188945328,training_fold_X.corr(),False
classification,RFECA_SVR(k=5),0.1,0,3,94,23,0,2370189282224,training_fold_X.corr(),False
classification,RFECA_SVR(k=5),0.1,0,4,94,23,0,2370189569936,training_fold_X.corr(),False
classification,RFECA_SVR(k=5),0.1,0,5,94,23,0,2370189940048,training_fold_X.corr(),False
classification,RFECA_SVR(k=10),0.1,0,1,93,24,0,2370206858192,training_fold_X.corr(),False
classification,RFECA_SVR(k=10),0.1,0,2,93,24,0,2370207178704,training_fold_X.corr(),False
classification,RFECA_SVR(k=10),0.1,0,3,94,23,0,2370207532208,training_fold_X.corr(),False
classification,RFECA_SVR(k=10),0.1,0,4,94,23,0,2370207852912,training_fold_X.corr(),False
classification,RFECA_SVR(k=10),0.1,0,5,94,23,0,2370208207088,training_fold_X.corr(),False
classification,RFECA_SVR(k=20),0.1,0,1,93,24,0,2370208527344,training_fold_X.corr(),False
classification,RFECA_SVR(k=20),0.1,0,2,93,24,0,2370208848080,training_fold_X.corr(),False
classification,RFECA_SVR(k=20),0.1,0,3,94,23,0,2370209217936,training_fold_X.corr(),False
classification,RFECA_SVR(k=20),0.1,0,4,94,23,0,2370209555728,training_fold_X.corr(),False
classification,RFECA_SVR(k=20),0.1,0,5,94,23,0,2370209892624,training_fold_X.corr(),False
classification,MissForest,0.1,0,1,93,24,0,2362909468752,n/a,False
classification,MissForest,0.1,0,2,93,24,0,2362909467152,n/a,False
classification,MissForest,0.1,0,3,94,23,0,2369236372048,n/a,False
classification,MissForest,0.1,0,4,94,23,0,2362909474512,n/a,False
classification,MissForest,0.1,0,5,94,23,0,2369236384848,n/a,False
imputation,SimpleMean,0.1,1,1,93,24,0,2370206906512,n/a,False
imputation,SimpleMean,0.1,1,2,93,24,0,2370209626640,n/a,False
imputation,SimpleMean,0.1,1,3,94,23,0,2370571092240,n/a,False
imputation,SimpleMean,0.1,1,4,94,23,0,2369013663312,n/a,False
imputation,SimpleMean,0.1,1,5,94,23,0,2369013662736,n/a,False
imputation,"KNN(k=5,dist)",0.1,1,1,93,24,0,2369013663120,n/a,False
imputation,"KNN(k=5,dist)",0.1,1,2,93,24,0,2370571129616,n/a,False
imputation,"KNN(k=5,dist)",0.1,1,3,94,23,0,2370571129424,n/a,False
imputation,"KNN(k=5,dist)",0.1,1,4,94,23,0,2370571129232,n/a,False
imputation,"KNN(k=5,dist)",0.1,1,5,94,23,0,2370571128272,n/a,False
imputation,RFECA_SVR(k=5),0.1,1,1,93,24,0,2369706992912,training_fold_X.corr(),False
imputation,RFECA_SVR(k=5),0.1,1,2,93,24,0,2370571400400,training_fold_X.corr(),False
imputation,RFECA_SVR(k=5),0.1,1,3,94,23,0,2370571401520,training_fold_X.corr(),False
imputation,RFECA_SVR(k=5),0.1,1,4,94,23,0,2370571401072,training_fold_X.corr(),False
imputation,RFECA_SVR(k=5),0.1,1,5,94,23,0,2370571395696,training_fold_X.corr(),False
imputation,RFECA_SVR(k=10),0.1,1,1,93,24,0,2370571393904,training_fold_X.corr(),False
imputation,RFECA_SVR(k=10),0.1,1,2,93,24,0,2370571395472,training_fold_X.corr(),False
imputation,RFECA_SVR(k=10),0.1,1,3,94,23,0,2370571393680,training_fold_X.corr(),False
imputation,RFECA_SVR(k=10),0.1,1,4,94,23,0,2370571394128,training_fold_X.corr(),False
imputation,RFECA_SVR(k=10),0.1,1,5,94,23,0,2370571394352,training_fold_X.corr(),False
imputation,RFECA_SVR(k=20),0.1,1,1,93,24,0,2370571394576,training_fold_X.corr(),False
imputation,RFECA_SVR(k=20),0.1,1,2,93,24,0,2370571394800,training_fold_X.corr(),False
imputation,RFECA_SVR(k=20),0.1,1,3,94,23,0,2370571395024,training_fold_X.corr(),False
imputation,RFECA_SVR(k=20),0.1,1,4,94,23,0,2370571395248,training_fold_X.corr(),False
imputation,RFECA_SVR(k=20),0.1,1,5,94,23,0,2370571397040,training_fold_X.corr(),False
imputation,MissForest,0.1,1,1,93,24,0,2362909464272,n/a,False
imputation,MissForest,0.1,1,2,93,24,0,2369236381008,n/a,False
imputation,MissForest,0.1,1,3,94,23,0,2369236382608,n/a,False
imputation,MissForest,0.1,1,4,94,23,0,2369236383888,n/a,False
imputation,MissForest,0.1,1,5,94,23,0,2369236373648,n/a,False
classification,SimpleMean,0.1,1,1,93,24,0,2370931266128,n/a,False
classification,SimpleMean,0.1,1,2,93,24,0,2370931266320,n/a,False
classification,SimpleMean,0.1,1,3,94,23,0,2370931305424,n/a,False
classification,SimpleMean,0.1,1,4,94,23,0,2370948220112,n/a,False
classification,SimpleMean,0.1,1,5,94,23,0,2370948521360,n/a,False
classification,"KNN(k=5,dist)",0.1,1,1,93,24,0,2370931264976,n/a,False
classification,"KNN(k=5,dist)",0.1,1,2,93,24,0,2370965770064,n/a,False
classification,"KNN(k=5,dist)",0.1,1,3,94,23,0,2370966071312,n/a,False
classification,"KNN(k=5,dist)",0.1,1,4,94,23,0,2370966651152,n/a,False
classification,"KNN(k=5,dist)",0.1,1,5,94,23,0,2370966706640,n/a,False
classification,RFECA_SVR(k=5),0.1,1,1,93,24,0,2370967607504,training_fold_X.corr(),False
classification,RFECA_SVR(k=5),0.1,1,2,93,24,0,2370967944592,training_fold_X.corr(),False
classification,RFECA_SVR(k=5),0.1,1,3,94,23,0,2370968249168,training_fold_X.corr(),False
classification,RFECA_SVR(k=5),0.1,1,4,94,23,0,2370968586960,training_fold_X.corr(),False
classification,RFECA_SVR(k=5),0.1,1,5,94,23,0,2370968923600,training_fold_X.corr(),False
classification,RFECA_SVR(k=10),0.1,1,1,93,24,0,2370969277104,training_fold_X.corr(),False
classification,RFECA_SVR(k=10),0.1,1,2,93,24,0,2370969597808,training_fold_X.corr(),False
classification,RFECA_SVR(k=10),0.1,1,3,94,23,0,2370969919216,training_fold_X.corr(),False
classification,RFECA_SVR(k=10),0.1,1,4,94,23,0,2370986836720,training_fold_X.corr(),False
classification,RFECA_SVR(k=10),0.1,1,5,94,23,0,2370987140816,training_fold_X.corr(),False
classification,RFECA_SVR(k=20),0.1,1,1,93,24,0,2370987494544,training_fold_X.corr(),False
classification,RFECA_SVR(k=20),0.1,1,2,93,24,0,2370987832080,training_fold_X.corr(),False
classification,RFECA_SVR(k=20),0.1,1,3,94,23,0,2370988168976,training_fold_X.corr(),False
classification,RFECA_SVR(k=20),0.1,1,4,94,23,0,2370988503152,training_fold_X.corr(),False
classification,RFECA_SVR(k=20),0.1,1,5,94,23,0,2370210249008,training_fold_X.corr(),False
classification,MissForest,0.1,1,1,93,24,0,2369236382928,n/a,False
classification,MissForest,0.1,1,2,93,24,0,2369236384208,n/a,False
classification,MissForest,0.1,1,3,94,23,0,2369236381328,n/a,False
classification,MissForest,0.1,1,4,94,23,0,2362909471952,n/a,False
classification,MissForest,0.1,1,5,94,23,0,2369236373968,n/a,False
imputation,SimpleMean,0.1,2,1,93,24,0,2370988262416,n/a,False
imputation,SimpleMean,0.1,2,2,93,24,0,2370969344656,n/a,False
imputation,SimpleMean,0.1,2,3,94,23,0,2371349872720,n/a,False
imputation,SimpleMean,0.1,2,4,94,23,0,2369808837392,n/a,False
imputation,SimpleMean,0.1,2,5,94,23,0,2369808837008,n/a,False
imputation,"KNN(k=5,dist)",0.1,2,1,93,24,0,2369808837584,n/a,False
imputation,"KNN(k=5,dist)",0.1,2,2,93,24,0,2371349869200,n/a,False
imputation,"KNN(k=5,dist)",0.1,2,3,94,23,0,2371349869008,n/a,False
imputation,"KNN(k=5,dist)",0.1,2,4,94,23,0,2371349868816,n/a,False
imputation,"KNN(k=5,dist)",0.1,2,5,94,23,0,2371349867856,n/a,False
imputation,RFECA_SVR(k=5),0.1,2,1,93,24,0,2370571396592,training_fold_X.corr(),False
imputation,RFECA_SVR(k=5),0.1,2,2,93,24,0,2371281219920,training_fold_X.corr(),False
imputation,RFECA_SVR(k=5),0.1,2,3,94,23,0,2371281223280,training_fold_X.corr(),False
imputation,RFECA_SVR(k=5),0.1,2,4,94,23,0,2371281221712,training_fold_X.corr(),False
imputation,RFECA_SVR(k=5),0.1,2,5,94,23,0,2371281222832,training_fold_X.corr(),False
imputation,RFECA_SVR(k=10),0.1,2,1,93,24,0,2371281219248,training_fold_X.corr(),False
imputation,RFECA_SVR(k=10),0.1,2,2,93,24,0,2371195714736,training_fold_X.corr(),False
imputation,RFECA_SVR(k=10),0.1,2,3,94,23,0,2371281221936,training_fold_X.corr(),False
imputation,RFECA_SVR(k=10),0.1,2,4,94,23,0,2371126928656,training_fold_X.corr(),False
imputation,RFECA_SVR(k=10),0.1,2,5,94,23,0,2371195714960,training_fold_X.corr(),False
imputation,RFECA_SVR(k=20),0.1,2,1,93,24,0,2371126930448,training_fold_X.corr(),False
imputation,RFECA_SVR(k=20),0.1,2,2,93,24,0,2371350130352,training_fold_X.corr(),False
imputation,RFECA_SVR(k=20),0.1,2,3,94,23,0,2371350130128,training_fold_X.corr(),False
imputation,RFECA_SVR(k=20),0.1,2,4,94,23,0,2371350129904,training_fold_X.corr(),False
imputation,RFECA_SVR(k=20),0.1,2,5,94,23,0,2371350126096,training_fold_X.corr(),False
imputation,MissForest,0.1,2,1,93,24,0,2362909469392,n/a,False
imputation,MissForest,0.1,2,2,93,24,0,2369236382288,n/a,False
imputation,MissForest,0.1,2,3,94,23,0,2365158111376,n/a,False
imputation,MissForest,0.1,2,4,94,23,0,2369236377168,n/a,False
imputation,MissForest,0.1,2,5,94,23,0,2369236371088,n/a,False
classification,SimpleMean,0.1,2,1,93,24,0,2371693277648,n/a,False
classification,SimpleMean,0.1,2,2,93,24,0,2371693277840,n/a,False
classification,SimpleMean,0.1,2,3,94,23,0,2371693431696,n/a,False
classification,SimpleMean,0.1,2,4,94,23,0,2371726861392,n/a,False
classification,SimpleMean,0.1,2,5,94,23,0,2371727179024,n/a,False
classification,"KNN(k=5,dist)",0.1,2,1,93,24,0,2371693268432,n/a,False
classification,"KNN(k=5,dist)",0.1,2,2,93,24,0,2371727830736,n/a,False
classification,"KNN(k=5,dist)",0.1,2,3,94,23,0,2371728164816,n/a,False
classification,"KNN(k=5,dist)",0.1,2,4,94,23,0,2371728466064,n/a,False
classification,"KNN(k=5,dist)",0.1,2,5,94,23,0,2371728800080,n/a,False
classification,RFECA_SVR(k=5),0.1,2,1,93,24,0,2371746302000,training_fold_X.corr(),False
classification,RFECA_SVR(k=5),0.1,2,2,93,24,0,2371746655024,training_fold_X.corr(),False
classification,RFECA_SVR(k=5),0.1,2,3,94,23,0,2371746959376,training_fold_X.corr(),False
classification,RFECA_SVR(k=5),0.1,2,4,94,23,0,2371747277392,training_fold_X.corr(),False
classification,RFECA_SVR(k=5),0.1,2,5,94,23,0,2371747615184,training_fold_X.corr(),False
classification,RFECA_SVR(k=10),0.1,2,1,93,24,0,2371747935440,training_fold_X.corr(),False
classification,RFECA_SVR(k=10),0.1,2,2,93,24,0,2371748256176,training_fold_X.corr(),False
classification,RFECA_SVR(k=10),0.1,2,3,94,23,0,2371748658800,training_fold_X.corr(),False
classification,RFECA_SVR(k=10),0.1,2,4,94,23,0,2371748980208,training_fold_X.corr(),False
classification,RFECA_SVR(k=10),0.1,2,5,94,23,0,2371749300720,training_fold_X.corr(),False
classification,RFECA_SVR(k=20),0.1,2,1,93,24,0,2371766218192,training_fold_X.corr(),False
classification,RFECA_SVR(k=20),0.1,2,2,93,24,0,2371766539152,training_fold_X.corr(),False
classification,RFECA_SVR(k=20),0.1,2,3,94,23,0,2371766893072,training_fold_X.corr(),False
classification,RFECA_SVR(k=20),0.1,2,4,94,23,0,2371767229968,training_fold_X.corr(),False
classification,RFECA_SVR(k=20),0.1,2,5,94,23,0,2371767271504,training_fold_X.corr(),False
classification,MissForest,0.1,2,1,93,24,0,2365158108816,n/a,False
classification,MissForest,0.1,2,2,93,24,0,2369236376208,n/a,False
classification,MissForest,0.1,2,3,94,23,0,2365158103056,n/a,False
classification,MissForest,0.1,2,4,94,23,0,2360860912016,n/a,False
classification,MissForest,0.1,2,5,94,23,0,2362909462352,n/a,False
imputation,SimpleMean,0.1,3,1,93,24,0,2371767335824,n/a,False
imputation,SimpleMean,0.1,3,2,93,24,0,2371748035088,n/a,False
imputation,SimpleMean,0.1,3,3,94,23,0,2370571127888,n/a,False
imputation,SimpleMean,0.1,3,4,94,23,0,2370571128080,n/a,False
imputation,SimpleMean,0.1,3,5,94,23,0,2370571127696,n/a,False
imputation,"KNN(k=5,dist)",0.1,3,1,93,24,0,2372111827600,n/a,False
imputation,"KNN(k=5,dist)",0.1,3,2,93,24,0,2372112225424,n/a,False
imputation,"KNN(k=5,dist)",0.1,3,3,94,23,0,2372112225232,n/a,False
imputation,"KNN(k=5,dist)",0.1,3,4,94,23,0,2372112225040,n/a,False
imputation,"KNN(k=5,dist)",0.1,3,5,94,23,0,2372112223504,n/a,False
imputation,RFECA_SVR(k=5),0.1,3,1,93,24,0,2371126923504,training_fold_X.corr(),False
imputation,RFECA_SVR(k=5),0.1,3,2,93,24,0,2372112447120,training_fold_X.corr(),False
imputation,RFECA_SVR(k=5),0.1,3,3,94,23,0,2372112446896,training_fold_X.corr(),False
imputation,RFECA_SVR(k=5),0.1,3,4,94,23,0,2372112439952,training_fold_X.corr(),False
imputation,RFECA_SVR(k=5),0.1,3,5,94,23,0,2372112441744,training_fold_X.corr(),False
imputation,RFECA_SVR(k=10),0.1,3,1,93,24,0,2372112441520,training_fold_X.corr(),False
imputation,RFECA_SVR(k=10),0.1,3,2,93,24,0,2372112439728,training_fold_X.corr(),False
imputation,RFECA_SVR(k=10),0.1,3,3,94,23,0,2372112440176,training_fold_X.corr(),False
imputation,RFECA_SVR(k=10),0.1,3,4,94,23,0,2372112440400,training_fold_X.corr(),False
imputation,RFECA_SVR(k=10),0.1,3,5,94,23,0,2372112440624,training_fold_X.corr(),False
imputation,RFECA_SVR(k=20),0.1,3,1,93,24,0,2372112440848,training_fold_X.corr(),False
imputation,RFECA_SVR(k=20),0.1,3,2,93,24,0,2372112441072,training_fold_X.corr(),False
imputation,RFECA_SVR(k=20),0.1,3,3,94,23,0,2372112441296,training_fold_X.corr(),False
imputation,RFECA_SVR(k=20),0.1,3,4,94,23,0,2372112443088,training_fold_X.corr(),False
imputation,RFECA_SVR(k=20),0.1,3,5,94,23,0,2372112442864,training_fold_X.corr(),False
imputation,MissForest,0.1,3,1,93,24,0,2360655560080,n/a,False
imputation,MissForest,0.1,3,2,93,24,0,2360655549840,n/a,False
imputation,MissForest,0.1,3,3,94,23,0,2365158112656,n/a,False
imputation,MissForest,0.1,3,4,94,23,0,2371991293456,n/a,False
imputation,MissForest,0.1,3,5,94,23,0,2369236376528,n/a,False
classification,SimpleMean,0.1,3,1,93,24,0,2372488877008,n/a,False
classification,SimpleMean,0.1,3,2,93,24,0,2372488877200,n/a,False
classification,SimpleMean,0.1,3,3,94,23,0,2372488981648,n/a,False
classification,SimpleMean,0.1,3,4,94,23,0,2372489217424,n/a,False
classification,SimpleMean,0.1,3,5,94,23,0,2372489518672,n/a,False
classification,"KNN(k=5,dist)",0.1,3,1,93,24,0,2372488839248,n/a,False
classification,"KNN(k=5,dist)",0.1,3,2,93,24,0,2372490170384,n/a,False
classification,"KNN(k=5,dist)",0.1,3,3,94,23,0,2372490504400,n/a,False
classification,"KNN(k=5,dist)",0.1,3,4,94,23,0,2372507648464,n/a,False
classification,"KNN(k=5,dist)",0.1,3,5,94,23,0,2372507720336,n/a,False
classification,RFECA_SVR(k=5),0.1,3,1,93,24,0,2372508620784,training_fold_X.corr(),False
classification,RFECA_SVR(k=5),0.1,3,2,93,24,0,2372508941488,training_fold_X.corr(),False
classification,RFECA_SVR(k=5),0.1,3,3,94,23,0,2372509262896,training_fold_X.corr(),False
classification,RFECA_SVR(k=5),0.1,3,4,94,23,0,2372509632560,training_fold_X.corr(),False
classification,RFECA_SVR(k=5),0.1,3,5,94,23,0,2372509953040,training_fold_X.corr(),False
classification,RFECA_SVR(k=10),0.1,3,1,93,24,0,2372510257616,training_fold_X.corr(),False
classification,RFECA_SVR(k=10),0.1,3,2,93,24,0,2372510595152,training_fold_X.corr(),False
classification,RFECA_SVR(k=10),0.1,3,3,94,23,0,2372510964816,training_fold_X.corr(),False
classification,RFECA_SVR(k=10),0.1,3,4,94,23,0,2372511315600,training_fold_X.corr(),False
classification,RFECA_SVR(k=10),0.1,3,5,94,23,0,2372511620176,training_fold_X.corr(),False
classification,RFECA_SVR(k=20),0.1,3,1,93,24,0,2372528538576,training_fold_X.corr(),False
classification,RFECA_SVR(k=20),0.1,3,2,93,24,0,2372528875216,training_fold_X.corr(),False
classification,RFECA_SVR(k=20),0.1,3,3,94,23,0,2372529245104,training_fold_X.corr(),False
classification,RFECA_SVR(k=20),0.1,3,4,94,23,0,2372529582192,training_fold_X.corr(),False
classification,RFECA_SVR(k=20),0.1,3,5,94,23,0,2372529919984,training_fold_X.corr(),False
classification,MissForest,0.1,3,1,93,24,0,2365158110416,n/a,False
classification,MissForest,0.1,3,2,93,24,0,2369236379408,n/a,False
classification,MissForest,0.1,3,3,94,23,0,2371991292176,n/a,False
classification,MissForest,0.1,3,4,94,23,0,2369236381968,n/a,False
classification,MissForest,0.1,3,5,94,23,0,2365158097936,n/a,False
imputation,SimpleMean,0.1,4,1,93,24,0,2372529643088,n/a,False
imputation,SimpleMean,0.1,4,2,93,24,0,2372510358544,n/a,False
imputation,SimpleMean,0.1,4,3,94,23,0,2366213913296,n/a,False
imputation,SimpleMean,0.1,4,4,94,23,0,2371349867664,n/a,False
imputation,SimpleMean,0.1,4,5,94,23,0,2371349868048,n/a,False
imputation,"KNN(k=5,dist)",0.1,4,1,93,24,0,2371349867280,n/a,False
imputation,"KNN(k=5,dist)",0.1,4,2,93,24,0,2372857938768,n/a,False
imputation,"KNN(k=5,dist)",0.1,4,3,94,23,0,2364623086480,n/a,False
imputation,"KNN(k=5,dist)",0.1,4,4,94,23,0,2372891161616,n/a,False
imputation,"KNN(k=5,dist)",0.1,4,5,94,23,0,2372891161232,n/a,False
imputation,RFECA_SVR(k=5),0.1,4,1,93,24,0,2371991200592,training_fold_X.corr(),False
imputation,RFECA_SVR(k=5),0.1,4,2,93,24,0,2372599182544,training_fold_X.corr(),False
imputation,RFECA_SVR(k=5),0.1,4,3,94,23,0,2372891393648,training_fold_X.corr(),False
imputation,RFECA_SVR(k=5),0.1,4,4,94,23,0,2372891392976,training_fold_X.corr(),False
imputation,RFECA_SVR(k=5),0.1,4,5,94,23,0,2372891393424,training_fold_X.corr(),False
imputation,RFECA_SVR(k=10),0.1,4,1,93,24,0,2372891393200,training_fold_X.corr(),False
imputation,RFECA_SVR(k=10),0.1,4,2,93,24,0,2372805894320,training_fold_X.corr(),False
imputation,RFECA_SVR(k=10),0.1,4,3,94,23,0,2372805894544,training_fold_X.corr(),False
imputation,RFECA_SVR(k=10),0.1,4,4,94,23,0,2372805892752,training_fold_X.corr(),False
imputation,RFECA_SVR(k=10),0.1,4,5,94,23,0,2372805893872,training_fold_X.corr(),False
imputation,RFECA_SVR(k=20),0.1,4,1,93,24,0,2372805894096,training_fold_X.corr(),False
imputation,RFECA_SVR(k=20),0.1,4,2,93,24,0,2372564983536,training_fold_X.corr(),False
imputation,RFECA_SVR(k=20),0.1,4,3,94,23,0,2372805894992,training_fold_X.corr(),False
imputation,RFECA_SVR(k=20),0.1,4,4,94,23,0,2372805895216,training_fold_X.corr(),False
imputation,RFECA_SVR(k=20),0.1,4,5,94,23,0,2372892049936,training_fold_X.corr(),False
imputation,MissForest,0.1,4,1,93,24,0,2369236370448,n/a,False
imputation,MissForest,0.1,4,2,93,24,0,2365158097296,n/a,False
imputation,MissForest,0.1,4,3,94,23,0,2362909464912,n/a,False
imputation,MissForest,0.1,4,4,94,23,0,2360860906256,n/a,False
imputation,MissForest,0.1,4,5,94,23,0,2371991296656,n/a,False
classification,SimpleMean,0.1,4,1,93,24,0,2373236952912,n/a,False
classification,SimpleMean,0.1,4,2,93,24,0,2373236961744,n/a,False
classification,SimpleMean,0.1,4,3,94,23,0,2373237181520,n/a,False
classification,SimpleMean,0.1,4,4,94,23,0,2373237351696,n/a,False
classification,SimpleMean,0.1,4,5,94,23,0,2373254200784,n/a,False
classification,"KNN(k=5,dist)",0.1,4,1,93,24,0,2373236962128,n/a,False
classification,"KNN(k=5,dist)",0.1,4,2,93,24,0,2373254819728,n/a,False
classification,"KNN(k=5,dist)",0.1,4,3,94,23,0,2373271701648,n/a,False
classification,"KNN(k=5,dist)",0.1,4,4,94,23,0,2373272035664,n/a,False
classification,"KNN(k=5,dist)",0.1,4,5,94,23,0,2373272336912,n/a,False
classification,RFECA_SVR(k=5),0.1,4,1,93,24,0,2373273235568,training_fold_X.corr(),False
classification,RFECA_SVR(k=5),0.1,4,2,93,24,0,2373273589072,training_fold_X.corr(),False
classification,RFECA_SVR(k=5),0.1,4,3,94,23,0,2373273877008,training_fold_X.corr(),False
classification,RFECA_SVR(k=5),0.1,4,4,94,23,0,2373274198416,training_fold_X.corr(),False
classification,RFECA_SVR(k=5),0.1,4,5,94,23,0,2373274535312,training_fold_X.corr(),False
classification,RFECA_SVR(k=10),0.1,4,1,93,24,0,2373274855792,training_fold_X.corr(),False
classification,RFECA_SVR(k=10),0.1,4,2,93,24,0,2373275193136,training_fold_X.corr(),False
classification,RFECA_SVR(k=10),0.1,4,3,94,23,0,2373275497904,training_fold_X.corr(),False
classification,RFECA_SVR(k=10),0.1,4,4,94,23,0,2373292429104,training_fold_X.corr(),False
classification,RFECA_SVR(k=10),0.1,4,5,94,23,0,2373292765968,training_fold_X.corr(),False
classification,RFECA_SVR(k=20),0.1,4,1,93,24,0,2373293086928,training_fold_X.corr(),False
classification,RFECA_SVR(k=20),0.1,4,2,93,24,0,2373293391024,training_fold_X.corr(),False
classification,RFECA_SVR(k=20),0.1,4,3,94,23,0,2373293761360,training_fold_X.corr(),False
classification,RFECA_SVR(k=20),0.1,4,4,94,23,0,2373294065712,training_fold_X.corr(),False
classification,RFECA_SVR(k=20),0.1,4,5,94,23,0,2373294419184,training_fold_X.corr(),False
classification,MissForest,0.1,4,1,93,24,0,2360860904976,n/a,False
classification,MissForest,0.1,4,2,93,24,0,2371991296976,n/a,False
classification,MissForest,0.1,4,3,94,23,0,2360655559120,n/a,False
classification,MissForest,0.1,4,4,94,23,0,2360860904016,n/a,False
classification,MissForest,0.1,4,5,94,23,0,2371991295056,n/a,False
imputation,SimpleMean,0.1,5,1,93,24,0,2360799810896,n/a,False
imputation,SimpleMean,0.1,5,2,93,24,0,2360694758032,n/a,False
imputation,SimpleMean,0.1,5,3,94,23,0,2372112224080,n/a,False
imputation,SimpleMean,0.1,5,4,94,23,0,2372112224272,n/a,False
imputation,SimpleMean,0.1,5,5,94,23,0,2373655694608,n/a,False
imputation,"KNN(k=5,dist)",0.1,5,1,93,24,0,2373655694416,n/a,False
imputation,"KNN(k=5,dist)",0.1,5,2,93,24,0,2373655694800,n/a,False
imputation,"KNN(k=5,dist)",0.1,5,3,94,23,0,2373655695184,n/a,False
imputation,"KNN(k=5,dist)",0.1,5,4,94,23,0,2373655695376,n/a,False
imputation,"KNN(k=5,dist)",0.1,5,5,94,23,0,2373655694992,n/a,False
imputation,RFECA_SVR(k=5),0.1,5,1,93,24,0,2373347113040,training_fold_X.corr(),False
imputation,RFECA_SVR(k=5),0.1,5,2,93,24,0,2373587041008,training_fold_X.corr(),False
imputation,RFECA_SVR(k=5),0.1,5,3,94,23,0,2373587037872,training_fold_X.corr(),False
imputation,RFECA_SVR(k=5),0.1,5,4,94,23,0,2373587040336,training_fold_X.corr(),False
imputation,RFECA_SVR(k=5),0.1,5,5,94,23,0,2373587040784,training_fold_X.corr(),False
imputation,RFECA_SVR(k=10),0.1,5,1,93,24,0,2373587040560,training_fold_X.corr(),False
imputation,RFECA_SVR(k=10),0.1,5,2,93,24,0,2372892050160,training_fold_X.corr(),False
imputation,RFECA_SVR(k=10),0.1,5,3,94,23,0,2373587040112,training_fold_X.corr(),False
imputation,RFECA_SVR(k=10),0.1,5,4,94,23,0,2373587039888,training_fold_X.corr(),False
imputation,RFECA_SVR(k=10),0.1,5,5,94,23,0,2373655946512,training_fold_X.corr(),False
imputation,RFECA_SVR(k=20),0.1,5,1,93,24,0,2373655946736,training_fold_X.corr(),False
imputation,RFECA_SVR(k=20),0.1,5,2,93,24,0,2373655946960,training_fold_X.corr(),False
imputation,RFECA_SVR(k=20),0.1,5,3,94,23,0,2373655947184,training_fold_X.corr(),False
imputation,RFECA_SVR(k=20),0.1,5,4,94,23,0,2373655947408,training_fold_X.corr(),False
imputation,RFECA_SVR(k=20),0.1,5,5,94,23,0,2373655947632,training_fold_X.corr(),False
imputation,MissForest,0.1,5,1,93,24,0,2369236377488,n/a,False
imputation,MissForest,0.1,5,2,93,24,0,2371991294416,n/a,False
imputation,MissForest,0.1,5,3,94,23,0,2369236371728,n/a,False
imputation,MissForest,0.1,5,4,94,23,0,2371991291216,n/a,False
imputation,MissForest,0.1,5,5,94,23,0,2369236380368,n/a,False
classification,SimpleMean,0.1,5,1,93,24,0,2374015143568,n/a,False
classification,SimpleMean,0.1,5,2,93,24,0,2374015145296,n/a,False
classification,SimpleMean,0.1,5,3,94,23,0,2374015233360,n/a,False
classification,SimpleMean,0.1,5,4,94,23,0,2374015534672,n/a,False
classification,SimpleMean,0.1,5,5,94,23,0,2374015835920,n/a,False
classification,"KNN(k=5,dist)",0.1,5,1,93,24,0,2374015144720,n/a,False
classification,"KNN(k=5,dist)",0.1,5,2,93,24,0,2374033101008,n/a,False
classification,"KNN(k=5,dist)",0.1,5,3,94,23,0,2374033435024,n/a,False
classification,"KNN(k=5,dist)",0.1,5,4,94,23,0,2374033752720,n/a,False
classification,"KNN(k=5,dist)",0.1,5,5,94,23,0,2374034070352,n/a,False
classification,RFECA_SVR(k=5),0.1,5,1,93,24,0,2374034998672,training_fold_X.corr(),False
classification,RFECA_SVR(k=5),0.1,5,2,93,24,0,2374035368528,training_fold_X.corr(),False
classification,RFECA_SVR(k=5),0.1,5,3,94,23,0,2374035771632,training_fold_X.corr(),False
classification,RFECA_SVR(k=5),0.1,5,4,94,23,0,2374036092112,training_fold_X.corr(),False
classification,RFECA_SVR(k=5),0.1,5,5,94,23,0,2374036413072,training_fold_X.corr(),False
classification,RFECA_SVR(k=10),0.1,5,1,93,24,0,2374036766096,training_fold_X.corr(),False
classification,RFECA_SVR(k=10),0.1,5,2,93,24,0,2374053684496,training_fold_X.corr(),False
classification,RFECA_SVR(k=10),0.1,5,3,94,23,0,2374054021616,training_fold_X.corr(),False
classification,RFECA_SVR(k=10),0.1,5,4,94,23,0,2374054358704,training_fold_X.corr(),False
classification,RFECA_SVR(k=10),0.1,5,5,94,23,0,2374054696496,training_fold_X.corr(),False
classification,RFECA_SVR(k=20),0.1,5,1,93,24,0,2374055016752,training_fold_X.corr(),False
classification,RFECA_SVR(k=20),0.1,5,2,93,24,0,2374055353872,training_fold_X.corr(),False
classification,RFECA_SVR(k=20),0.1,5,3,94,23,0,2374055707600,training_fold_X.corr(),False
classification,RFECA_SVR(k=20),0.1,5,4,94,23,0,2374056061520,training_fold_X.corr(),False
classification,RFECA_SVR(k=20),0.1,5,5,94,23,0,2374056431184,training_fold_X.corr(),False
classification,MissForest,0.1,5,1,93,24,0,2360655553040,n/a,False
classification,MissForest,0.1,5,2,93,24,0,2371991291536,n/a,False
classification,MissForest,0.1,5,3,94,23,0,2371991304336,n/a,False
classification,MissForest,0.1,5,4,94,23,0,2371991303376,n/a,False
classification,MissForest,0.1,5,5,94,23,0,2360860901776,n/a,False
imputation,SimpleMean,0.1,6,1,93,24,0,2374056140176,n/a,False
imputation,SimpleMean,0.1,6,2,93,24,0,2360860124816,n/a,False
imputation,SimpleMean,0.1,6,3,94,23,0,2372891161424,n/a,False
imputation,SimpleMean,0.1,6,4,94,23,0,2372891160080,n/a,False
imputation,SimpleMean,0.1,6,5,94,23,0,2374417591632,n/a,False
imputation,"KNN(k=5,dist)",0.1,6,1,93,24,0,2374417592016,n/a,False
imputation,"KNN(k=5,dist)",0.1,6,2,93,24,0,2374417592592,n/a,False
imputation,"KNN(k=5,dist)",0.1,6,3,94,23,0,2374417592400,n/a,False
imputation,"KNN(k=5,dist)",0.1,6,4,94,23,0,2374417592208,n/a,False
imputation,"KNN(k=5,dist)",0.1,6,5,94,23,0,2374417592784,n/a,False
imputation,RFECA_SVR(k=5),0.1,6,1,93,24,0,2373432632368,training_fold_X.corr(),False
imputation,RFECA_SVR(k=5),0.1,6,2,93,24,0,2374417802064,training_fold_X.corr(),False
imputation,RFECA_SVR(k=5),0.1,6,3,94,23,0,2374417801616,training_fold_X.corr(),False
imputation,RFECA_SVR(k=5),0.1,6,4,94,23,0,2374417804528,training_fold_X.corr(),False
imputation,RFECA_SVR(k=5),0.1,6,5,94,23,0,2374417804304,training_fold_X.corr(),False
imputation,RFECA_SVR(k=10),0.1,6,1,93,24,0,2374417802960,training_fold_X.corr(),False
imputation,RFECA_SVR(k=10),0.1,6,2,93,24,0,2374417804752,training_fold_X.corr(),False
imputation,RFECA_SVR(k=10),0.1,6,3,94,23,0,2374417804976,training_fold_X.corr(),False
imputation,RFECA_SVR(k=10),0.1,6,4,94,23,0,2374417805200,training_fold_X.corr(),False
imputation,RFECA_SVR(k=10),0.1,6,5,94,23,0,2374417805424,training_fold_X.corr(),False
imputation,RFECA_SVR(k=20),0.1,6,1,93,24,0,2374417805648,training_fold_X.corr(),False
imputation,RFECA_SVR(k=20),0.1,6,2,93,24,0,2374417805872,training_fold_X.corr(),False
imputation,RFECA_SVR(k=20),0.1,6,3,94,23,0,2374417806096,training_fold_X.corr(),False
imputation,RFECA_SVR(k=20),0.1,6,4,94,23,0,2374417806320,training_fold_X.corr(),False
imputation,RFECA_SVR(k=20),0.1,6,5,94,23,0,2374417806544,training_fold_X.corr(),False
imputation,MissForest,0.1,6,1,93,24,0,2369236373328,n/a,False
imputation,MissForest,0.1,6,2,93,24,0,2371991304976,n/a,False
imputation,MissForest,0.1,6,3,94,23,0,2371991305296,n/a,False
imputation,MissForest,0.1,6,4,94,23,0,2369236380688,n/a,False
imputation,MissForest,0.1,6,5,94,23,0,2369236383248,n/a,False
classification,SimpleMean,0.1,6,1,93,24,0,2374777794832,n/a,False
classification,SimpleMean,0.1,6,2,93,24,0,2374777795600,n/a,False
classification,SimpleMean,0.1,6,3,94,23,0,2374777950032,n/a,False
classification,SimpleMean,0.1,6,4,94,23,0,2374778169360,n/a,False
classification,SimpleMean,0.1,6,5,94,23,0,2374795378960,n/a,False
classification,"KNN(k=5,dist)",0.1,6,1,93,24,0,2374777782736,n/a,False
classification,"KNN(k=5,dist)",0.1,6,2,93,24,0,2374795768464,n/a,False
classification,"KNN(k=5,dist)",0.1,6,3,94,23,0,2374796069776,n/a,False
classification,"KNN(k=5,dist)",0.1,6,4,94,23,0,2374796420176,n/a,False
classification,"KNN(k=5,dist)",0.1,6,5,94,23,0,2374796705040,n/a,False
classification,RFECA_SVR(k=5),0.1,6,1,93,24,0,2374814212944,training_fold_X.corr(),False
classification,RFECA_SVR(k=5),0.1,6,2,93,24,0,2374814567120,training_fold_X.corr(),False
classification,RFECA_SVR(k=5),0.1,6,3,94,23,0,2374814887376,training_fold_X.corr(),False
classification,RFECA_SVR(k=5),0.1,6,4,94,23,0,2374815208112,training_fold_X.corr(),False
classification,RFECA_SVR(k=5),0.1,6,5,94,23,0,2374815545200,training_fold_X.corr(),False
classification,RFECA_SVR(k=10),0.1,6,1,93,24,0,2374815882992,training_fold_X.corr(),False
classification,RFECA_SVR(k=10),0.1,6,2,93,24,0,2374816183952,training_fold_X.corr(),False
classification,RFECA_SVR(k=10),0.1,6,3,94,23,0,2374816504688,training_fold_X.corr(),False
classification,RFECA_SVR(k=10),0.1,6,4,94,23,0,2374816824496,training_fold_X.corr(),False
classification,RFECA_SVR(k=10),0.1,6,5,94,23,0,2374817163184,training_fold_X.corr(),False
classification,RFECA_SVR(k=20),0.1,6,1,93,24,0,2374817532848,training_fold_X.corr(),False
classification,RFECA_SVR(k=20),0.1,6,2,93,24,0,2374817853328,training_fold_X.corr(),False
classification,RFECA_SVR(k=20),0.1,6,3,94,23,0,2374818190672,training_fold_X.corr(),False
classification,RFECA_SVR(k=20),0.1,6,4,94,23,0,2374818528208,training_fold_X.corr(),False
classification,RFECA_SVR(k=20),0.1,6,5,94,23,0,2374835445712,training_fold_X.corr(),False
classification,MissForest,0.1,6,1,93,24,0,2371991302096,n/a,False
classification,MissForest,0.1,6,2,93,24,0,2371991304016,n/a,False
classification,MissForest,0.1,6,3,94,23,0,2371991297936,n/a,False
classification,MissForest,0.1,6,4,94,23,0,2360860915536,n/a,False
classification,MissForest,0.1,6,5,94,23,0,2365158102096,n/a,False
imputation,SimpleMean,0.1,7,1,93,24,0,2374835486800,n/a,False
imputation,SimpleMean,0.1,7,2,93,24,0,2362618023568,n/a,False
imputation,SimpleMean,0.1,7,3,94,23,0,2372112223888,n/a,False
imputation,SimpleMean,0.1,7,4,94,23,0,2373655642960,n/a,False
imputation,SimpleMean,0.1,7,5,94,23,0,2375179915088,n/a,False
imputation,"KNN(k=5,dist)",0.1,7,1,93,24,0,2375179915472,n/a,False
imputation,"KNN(k=5,dist)",0.1,7,2,93,24,0,2375179916240,n/a,False
imputation,"KNN(k=5,dist)",0.1,7,3,94,23,0,2375179915856,n/a,False
imputation,"KNN(k=5,dist)",0.1,7,4,94,23,0,2375179915664,n/a,False
imputation,"KNN(k=5,dist)",0.1,7,5,94,23,0,2375179916048,n/a,False
imputation,RFECA_SVR(k=5),0.1,7,1,93,24,0,2374365511280,training_fold_X.corr(),False
imputation,RFECA_SVR(k=5),0.1,7,2,93,24,0,2375128070224,training_fold_X.corr(),False
imputation,RFECA_SVR(k=5),0.1,7,3,94,23,0,2375128070000,training_fold_X.corr(),False
imputation,RFECA_SVR(k=5),0.1,7,4,94,23,0,2375128070448,training_fold_X.corr(),False
imputation,RFECA_SVR(k=5),0.1,7,5,94,23,0,2375128070672,training_fold_X.corr(),False
imputation,RFECA_SVR(k=10),0.1,7,1,93,24,0,2375025965360,training_fold_X.corr(),False
imputation,RFECA_SVR(k=10),0.1,7,2,93,24,0,2375128069776,training_fold_X.corr(),False
imputation,RFECA_SVR(k=10),0.1,7,3,94,23,0,2375128070896,training_fold_X.corr(),False
imputation,RFECA_SVR(k=10),0.1,7,4,94,23,0,2375180336752,training_fold_X.corr(),False
imputation,RFECA_SVR(k=10),0.1,7,5,94,23,0,2375180336528,training_fold_X.corr(),False
imputation,RFECA_SVR(k=20),0.1,7,1,93,24,0,2375180336304,training_fold_X.corr(),False
imputation,RFECA_SVR(k=20),0.1,7,2,93,24,0,2375180395344,training_fold_X.corr(),False
imputation,RFECA_SVR(k=20),0.1,7,3,94,23,0,2375128071568,training_fold_X.corr(),False
imputation,RFECA_SVR(k=20),0.1,7,4,94,23,0,2375180399376,training_fold_X.corr(),False
imputation,RFECA_SVR(k=20),0.1,7,5,94,23,0,2375180395120,training_fold_X.corr(),False
imputation,MissForest,0.1,7,1,93,24,0,2360447643600,n/a,False
imputation,MissForest,0.1,7,2,93,24,0,2369236372688,n/a,False
imputation,MissForest,0.1,7,3,94,23,0,2371991294096,n/a,False
imputation,MissForest,0.1,7,4,94,23,0,2360860902736,n/a,False
imputation,MissForest,0.1,7,5,94,23,0,2371991301136,n/a,False
classification,SimpleMean,0.1,7,1,93,24,0,2375540134672,n/a,False
classification,SimpleMean,0.1,7,2,93,24,0,2375540136208,n/a,False
classification,SimpleMean,0.1,7,3,94,23,0,2375540338960,n/a,False
classification,SimpleMean,0.1,7,4,94,23,0,2375557155344,n/a,False
classification,SimpleMean,0.1,7,5,94,23,0,2375557489360,n/a,False
classification,"KNN(k=5,dist)",0.1,7,1,93,24,0,2375540130640,n/a,False
classification,"KNN(k=5,dist)",0.1,7,2,93,24,0,2375574639760,n/a,False
classification,"KNN(k=5,dist)",0.1,7,3,94,23,0,2375574941008,n/a,False
classification,"KNN(k=5,dist)",0.1,7,4,94,23,0,2375575291472,n/a,False
classification,"KNN(k=5,dist)",0.1,7,5,94,23,0,2375575625488,n/a,False
classification,RFECA_SVR(k=5),0.1,7,1,93,24,0,2375576516464,training_fold_X.corr(),False
classification,RFECA_SVR(k=5),0.1,7,2,93,24,0,2375576870192,training_fold_X.corr(),False
classification,RFECA_SVR(k=5),0.1,7,3,94,23,0,2375577191600,training_fold_X.corr(),False
classification,RFECA_SVR(k=5),0.1,7,4,94,23,0,2375577528240,training_fold_X.corr(),False
classification,RFECA_SVR(k=5),0.1,7,5,94,23,0,2375594462352,training_fold_X.corr(),False
classification,RFECA_SVR(k=10),0.1,7,1,93,24,0,2375594766672,training_fold_X.corr(),False
classification,RFECA_SVR(k=10),0.1,7,2,93,24,0,2375595104464,training_fold_X.corr(),False
classification,RFECA_SVR(k=10),0.1,7,3,94,23,0,2375595441104,training_fold_X.corr(),False
classification,RFECA_SVR(k=10),0.1,7,4,94,23,0,2375595810992,training_fold_X.corr(),False
classification,RFECA_SVR(k=10),0.1,7,5,94,23,0,2375596148336,training_fold_X.corr(),False
classification,RFECA_SVR(k=20),0.1,7,1,93,24,0,2375596502256,training_fold_X.corr(),False
classification,RFECA_SVR(k=20),0.1,7,2,93,24,0,2375596803472,training_fold_X.corr(),False
classification,RFECA_SVR(k=20),0.1,7,3,94,23,0,2375597123952,training_fold_X.corr(),False
classification,RFECA_SVR(k=20),0.1,7,4,94,23,0,2375597461296,training_fold_X.corr(),False
classification,RFECA_SVR(k=20),0.1,7,5,94,23,0,2375597798832,training_fold_X.corr(),False
classification,MissForest,0.1,7,1,93,24,0,2371991293776,n/a,False
classification,MissForest,0.1,7,2,93,24,0,2360860906896,n/a,False
classification,MissForest,0.1,7,3,94,23,0,2365158105616,n/a,False
classification,MissForest,0.1,7,4,94,23,0,2365158109456,n/a,False
classification,MissForest,0.1,7,5,94,23,0,2365158112336,n/a,False
imputation,SimpleMean,0.1,8,1,93,24,0,2375597580816,n/a,False
imputation,SimpleMean,0.1,8,2,93,24,0,2360756728272,n/a,False
imputation,SimpleMean,0.1,8,3,94,23,0,2372891160464,n/a,False
imputation,SimpleMean,0.1,8,4,94,23,0,2374417591824,n/a,False
imputation,SimpleMean,0.1,8,5,94,23,0,2375942549776,n/a,False
imputation,"KNN(k=5,dist)",0.1,8,1,93,24,0,2375942550160,n/a,False
imputation,"KNN(k=5,dist)",0.1,8,2,93,24,0,2375942550736,n/a,False
imputation,"KNN(k=5,dist)",0.1,8,3,94,23,0,2375942550352,n/a,False
imputation,"KNN(k=5,dist)",0.1,8,4,94,23,0,2375942550928,n/a,False
imputation,"KNN(k=5,dist)",0.1,8,5,94,23,0,2375942550544,n/a,False
imputation,RFECA_SVR(k=5),0.1,8,1,93,24,0,2375128069552,training_fold_X.corr(),False
imputation,RFECA_SVR(k=5),0.1,8,2,93,24,0,2375975916880,training_fold_X.corr(),False
imputation,RFECA_SVR(k=5),0.1,8,3,94,23,0,2375975920016,training_fold_X.corr(),False
imputation,RFECA_SVR(k=5),0.1,8,4,94,23,0,2375975919568,training_fold_X.corr(),False
imputation,RFECA_SVR(k=5),0.1,8,5,94,23,0,2375975919344,training_fold_X.corr(),False
imputation,RFECA_SVR(k=10),0.1,8,1,93,24,0,2375975919120,training_fold_X.corr(),False
imputation,RFECA_SVR(k=10),0.1,8,2,93,24,0,2375975918896,training_fold_X.corr(),False
imputation,RFECA_SVR(k=10),0.1,8,3,94,23,0,2375975918672,training_fold_X.corr(),False
imputation,RFECA_SVR(k=10),0.1,8,4,94,23,0,2375975918448,training_fold_X.corr(),False
imputation,RFECA_SVR(k=10),0.1,8,5,94,23,0,2375975918224,training_fold_X.corr(),False
imputation,RFECA_SVR(k=20),0.1,8,1,93,24,0,2375975918000,training_fold_X.corr(),False
imputation,RFECA_SVR(k=20),0.1,8,2,93,24,0,2375975925840,training_fold_X.corr(),False
imputation,RFECA_SVR(k=20),0.1,8,3,94,23,0,2375975926064,training_fold_X.corr(),False
imputation,RFECA_SVR(k=20),0.1,8,4,94,23,0,2375975926288,training_fold_X.corr(),False
imputation,RFECA_SVR(k=20),0.1,8,5,94,23,0,2375975926512,training_fold_X.corr(),False
imputation,MissForest,0.1,8,1,93,24,0,2360860908816,n/a,False
imputation,MissForest,0.1,8,2,93,24,0,2365158098896,n/a,False
imputation,MissForest,0.1,8,3,94,23,0,2375180476624,n/a,False
imputation,MissForest,0.1,8,4,94,23,0,2371991305616,n/a,False
imputation,MissForest,0.1,8,5,94,23,0,2375180468624,n/a,False
classification,SimpleMean,0.1,8,1,93,24,0,2376319022288,n/a,False
classification,SimpleMean,0.1,8,2,93,24,0,2376319023632,n/a,False
classification,SimpleMean,0.1,8,3,94,23,0,2376319259408,n/a,False
classification,SimpleMean,0.1,8,4,94,23,0,2376319544272,n/a,False
classification,SimpleMean,0.1,8,5,94,23,0,2376319845584,n/a,False
classification,"KNN(k=5,dist)",0.1,8,1,93,24,0,2376319010192,n/a,False
classification,"KNN(k=5,dist)",0.1,8,2,93,24,0,2376337061456,n/a,False
classification,"KNN(k=5,dist)",0.1,8,3,94,23,0,2376337411920,n/a,False
classification,"KNN(k=5,dist)",0.1,8,4,94,23,0,2376337713168,n/a,False
classification,"KNN(k=5,dist)",0.1,8,5,94,23,0,2376338325776,n/a,False
classification,RFECA_SVR(k=5),0.1,8,1,93,24,0,2376355549424,training_fold_X.corr(),False
classification,RFECA_SVR(k=5),0.1,8,2,93,24,0,2376355870576,training_fold_X.corr(),False
classification,RFECA_SVR(k=5),0.1,8,3,94,23,0,2376356191088,training_fold_X.corr(),False
classification,RFECA_SVR(k=5),0.1,8,4,94,23,0,2376356510896,training_fold_X.corr(),False
classification,RFECA_SVR(k=5),0.1,8,5,94,23,0,2376356848912,training_fold_X.corr(),False
classification,RFECA_SVR(k=10),0.1,8,1,93,24,0,2376357170320,training_fold_X.corr(),False
classification,RFECA_SVR(k=10),0.1,8,2,93,24,0,2376357506960,training_fold_X.corr(),False
classification,RFECA_SVR(k=10),0.1,8,3,94,23,0,2376357824784,training_fold_X.corr(),False
classification,RFECA_SVR(k=10),0.1,8,4,94,23,0,2376358145488,training_fold_X.corr(),False
classification,RFECA_SVR(k=10),0.1,8,5,94,23,0,2376358499664,training_fold_X.corr(),False
classification,RFECA_SVR(k=20),0.1,8,1,93,24,0,2376358803536,training_fold_X.corr(),False
classification,RFECA_SVR(k=20),0.1,8,2,93,24,0,2376359157040,training_fold_X.corr(),False
classification,RFECA_SVR(k=20),0.1,8,3,94,23,0,2376376107088,training_fold_X.corr(),False
classification,RFECA_SVR(k=20),0.1,8,4,94,23,0,2376376445296,training_fold_X.corr(),False
classification,RFECA_SVR(k=20),0.1,8,5,94,23,0,2376376814960,training_fold_X.corr(),False
classification,MissForest,0.1,8,1,93,24,0,2365158100496,n/a,False
classification,MissForest,0.1,8,2,93,24,0,2375180475344,n/a,False
classification,MissForest,0.1,8,3,94,23,0,2375180473104,n/a,False
classification,MissForest,0.1,8,4,94,23,0,2376515060432,n/a,False
classification,MissForest,0.1,8,5,94,23,0,2376515062672,n/a,False
imputation,SimpleMean,0.1,9,1,93,24,0,2376357282448,n/a,False
imputation,SimpleMean,0.1,9,2,93,24,0,2376376534032,n/a,False
imputation,SimpleMean,0.1,9,3,94,23,0,2373274909584,n/a,False
imputation,SimpleMean,0.1,9,4,94,23,0,2375179915280,n/a,False
imputation,SimpleMean,0.1,9,5,94,23,0,2376738050832,n/a,False
imputation,"KNN(k=5,dist)",0.1,9,1,93,24,0,2376738051216,n/a,False
imputation,"KNN(k=5,dist)",0.1,9,2,93,24,0,2376738051792,n/a,False
imputation,"KNN(k=5,dist)",0.1,9,3,94,23,0,2376738051408,n/a,False
imputation,"KNN(k=5,dist)",0.1,9,4,94,23,0,2376738051600,n/a,False
imputation,"KNN(k=5,dist)",0.1,9,5,94,23,0,2376738051984,n/a,False
imputation,RFECA_SVR(k=5),0.1,9,1,93,24,0,2375890448944,training_fold_X.corr(),False
imputation,RFECA_SVR(k=5),0.1,9,2,93,24,0,2376738285040,training_fold_X.corr(),False
imputation,RFECA_SVR(k=5),0.1,9,3,94,23,0,2376738284592,training_fold_X.corr(),False
imputation,RFECA_SVR(k=5),0.1,9,4,94,23,0,2376738287056,training_fold_X.corr(),False
imputation,RFECA_SVR(k=5),0.1,9,5,94,23,0,2376738286832,training_fold_X.corr(),False
imputation,RFECA_SVR(k=10),0.1,9,1,93,24,0,2376738285712,training_fold_X.corr(),False
imputation,RFECA_SVR(k=10),0.1,9,2,93,24,0,2376738287280,training_fold_X.corr(),False
imputation,RFECA_SVR(k=10),0.1,9,3,94,23,0,2376738287504,training_fold_X.corr(),False
imputation,RFECA_SVR(k=10),0.1,9,4,94,23,0,2376738287728,training_fold_X.corr(),False
imputation,RFECA_SVR(k=10),0.1,9,5,94,23,0,2376738287952,training_fold_X.corr(),False
imputation,RFECA_SVR(k=20),0.1,9,1,93,24,0,2376738288176,training_fold_X.corr(),False
imputation,RFECA_SVR(k=20),0.1,9,2,93,24,0,2376738288400,training_fold_X.corr(),False
imputation,RFECA_SVR(k=20),0.1,9,3,94,23,0,2376738288624,training_fold_X.corr(),False
imputation,RFECA_SVR(k=20),0.1,9,4,94,23,0,2376738288848,training_fold_X.corr(),False
imputation,RFECA_SVR(k=20),0.1,9,5,94,23,0,2376738289072,training_fold_X.corr(),False
imputation,MissForest,0.1,9,1,93,24,0,2371991298256,n/a,False
imputation,MissForest,0.1,9,2,93,24,0,2375180480144,n/a,False
imputation,MissForest,0.1,9,3,94,23,0,2360655547920,n/a,False
imputation,MissForest,0.1,9,4,94,23,0,2376515061392,n/a,False
imputation,MissForest,0.1,9,5,94,23,0,2371991292496,n/a,False
classification,SimpleMean,0.1,9,1,93,24,0,2377098090000,n/a,False
classification,SimpleMean,0.1,9,2,93,24,0,2377098091344,n/a,False
classification,SimpleMean,0.1,9,3,94,23,0,2377098179792,n/a,False
classification,SimpleMean,0.1,9,4,94,23,0,2377098448336,n/a,False
classification,SimpleMean,0.1,9,5,94,23,0,2377098749584,n/a,False
classification,"KNN(k=5,dist)",0.1,9,1,93,24,0,2377098085968,n/a,False
classification,"KNN(k=5,dist)",0.1,9,2,93,24,0,2377115998288,n/a,False
classification,"KNN(k=5,dist)",0.1,9,3,94,23,0,2377116299536,n/a,False
classification,"KNN(k=5,dist)",0.1,9,4,94,23,0,2377116617232,n/a,False
classification,"KNN(k=5,dist)",0.1,9,5,94,23,0,2377116934864,n/a,False
classification,RFECA_SVR(k=5),0.1,9,1,93,24,0,2377117833648,training_fold_X.corr(),False
classification,RFECA_SVR(k=5),0.1,9,2,93,24,0,2377118203056,training_fold_X.corr(),False
classification,RFECA_SVR(k=5),0.1,9,3,94,23,0,2377118639376,training_fold_X.corr(),False
classification,RFECA_SVR(k=5),0.1,9,4,94,23,0,2377118960112,training_fold_X.corr(),False
classification,RFECA_SVR(k=5),0.1,9,5,94,23,0,2377119280592,training_fold_X.corr(),False
classification,RFECA_SVR(k=10),0.1,9,1,93,24,0,2377119617936,training_fold_X.corr(),False
classification,RFECA_SVR(k=10),0.1,9,2,93,24,0,2377136519696,training_fold_X.corr(),False
classification,RFECA_SVR(k=10),0.1,9,3,94,23,0,2377136840208,training_fold_X.corr(),False
classification,RFECA_SVR(k=10),0.1,9,4,94,23,0,2377137193712,training_fold_X.corr(),False
classification,RFECA_SVR(k=10),0.1,9,5,94,23,0,2377137547184,training_fold_X.corr(),False
classification,RFECA_SVR(k=20),0.1,9,1,93,24,0,2377137884976,training_fold_X.corr(),False
classification,RFECA_SVR(k=20),0.1,9,2,93,24,0,2377138186160,training_fold_X.corr(),False
classification,RFECA_SVR(k=20),0.1,9,3,94,23,0,2377138523280,training_fold_X.corr(),False
classification,RFECA_SVR(k=20),0.1,9,4,94,23,0,2377138860368,training_fold_X.corr(),False
classification,RFECA_SVR(k=20),0.1,9,5,94,23,0,2377139214544,training_fold_X.corr(),False
classification,MissForest,0.1,9,1,93,24,0,2371991297616,n/a,False
classification,MissForest,0.1,9,2,93,24,0,2375180480784,n/a,False
classification,MissForest,0.1,9,3,94,23,0,2371991299856,n/a,False
classification,MissForest,0.1,9,4,94,23,0,2375180482064,n/a,False
classification,MissForest,0.1,9,5,94,23,0,2375180470224,n/a,False
imputation,SimpleMean,0.2,0,1,93,24,0,2377138972112,n/a,False
imputation,SimpleMean,0.2,0,2,93,24,0,2377119704144,n/a,False
imputation,SimpleMean,0.2,0,3,94,23,0,2374417499152,n/a,False
imputation,SimpleMean,0.2,0,4,94,23,0,2375942549968,n/a,False
imputation,SimpleMean,0.2,0,5,94,23,0,2377500423376,n/a,False
imputation,"KNN(k=5,dist)",0.2,0,1,93,24,0,2377500423760,n/a,False
imputation,"KNN(k=5,dist)",0.2,0,2,93,24,0,2377500424144,n/a,False
imputation,"KNN(k=5,dist)",0.2,0,3,94,23,0,2377500423952,n/a,False
imputation,"KNN(k=5,dist)",0.2,0,4,94,23,0,2377500424336,n/a,False
imputation,"KNN(k=5,dist)",0.2,0,5,94,23,0,2377500424528,n/a,False
imputation,RFECA_SVR(k=5),0.2,0,1,93,24,0,2377208508976,training_fold_X.corr(),False
imputation,RFECA_SVR(k=5),0.2,0,2,93,24,0,2377362865328,training_fold_X.corr(),False
imputation,RFECA_SVR(k=5),0.2,0,3,94,23,0,2375596502032,training_fold_X.corr(),False
imputation,RFECA_SVR(k=5),0.2,0,4,94,23,0,2377362865104,training_fold_X.corr(),False
imputation,RFECA_SVR(k=5),0.2,0,5,94,23,0,2377362862640,training_fold_X.corr(),False
imputation,RFECA_SVR(k=10),0.2,0,1,93,24,0,2377415189552,training_fold_X.corr(),False
imputation,RFECA_SVR(k=10),0.2,0,2,93,24,0,2377415189328,training_fold_X.corr(),False
imputation,RFECA_SVR(k=10),0.2,0,3,94,23,0,2377415189104,training_fold_X.corr(),False
imputation,RFECA_SVR(k=10),0.2,0,4,94,23,0,2377415186864,training_fold_X.corr(),False
imputation,RFECA_SVR(k=10),0.2,0,5,94,23,0,2377415192240,training_fold_X.corr(),False
imputation,RFECA_SVR(k=20),0.2,0,1,93,24,0,2377415188656,training_fold_X.corr(),False
imputation,RFECA_SVR(k=20),0.2,0,2,93,24,0,2377415188208,training_fold_X.corr(),False
imputation,RFECA_SVR(k=20),0.2,0,3,94,23,0,2377415187088,training_fold_X.corr(),False
imputation,RFECA_SVR(k=20),0.2,0,4,94,23,0,2377415188432,training_fold_X.corr(),False
imputation,RFECA_SVR(k=20),0.2,0,5,94,23,0,2377415186640,training_fold_X.corr(),False
imputation,MissForest,0.2,0,1,93,24,0,2371991290576,n/a,False
imputation,MissForest,0.2,0,2,93,24,0,2375180475984,n/a,False
imputation,MissForest,0.2,0,3,94,23,0,2365158112016,n/a,False
imputation,MissForest,0.2,0,4,94,23,0,2360655558800,n/a,False
imputation,MissForest,0.2,0,5,94,23,0,2365158102736,n/a,False
classification,SimpleMean,0.2,0,1,93,24,0,2377827645584,n/a,False
classification,SimpleMean,0.2,0,2,93,24,0,2377827646928,n/a,False
classification,SimpleMean,0.2,0,3,94,23,0,2377827768016,n/a,False
classification,SimpleMean,0.2,0,4,94,23,0,2377828036496,n/a,False
classification,SimpleMean,0.2,0,5,94,23,0,2377844934800,n/a,False
classification,"KNN(k=5,dist)",0.2,0,1,93,24,0,2377827633488,n/a,False
classification,"KNN(k=5,dist)",0.2,0,2,93,24,0,2377845586448,n/a,False
classification,"KNN(k=5,dist)",0.2,0,3,94,23,0,2377845920528,n/a,False
classification,"KNN(k=5,dist)",0.2,0,4,94,23,0,2377846238160,n/a,False
classification,"KNN(k=5,dist)",0.2,0,5,94,23,0,2377846539472,n/a,False
classification,RFECA_SVR(k=5),0.2,0,1,93,24,0,2377847451088,training_fold_X.corr(),False
classification,RFECA_SVR(k=5),0.2,0,2,93,24,0,2377847788432,training_fold_X.corr(),False
classification,RFECA_SVR(k=5),0.2,0,3,94,23,0,2377864673808,training_fold_X.corr(),False
classification,RFECA_SVR(k=5),0.2,0,4,94,23,0,2377865027088,training_fold_X.corr(),False
classification,RFECA_SVR(k=5),0.2,0,5,94,23,0,2377865364208,training_fold_X.corr(),False
classification,RFECA_SVR(k=10),0.2,0,1,93,24,0,2377865701296,training_fold_X.corr(),False
classification,RFECA_SVR(k=10),0.2,0,2,93,24,0,2377866055472,training_fold_X.corr(),False
classification,RFECA_SVR(k=10),0.2,0,3,94,23,0,2377866392112,training_fold_X.corr(),False
classification,RFECA_SVR(k=10),0.2,0,4,94,23,0,2377866712848,training_fold_X.corr(),False
classification,RFECA_SVR(k=10),0.2,0,5,94,23,0,2377866804176,training_fold_X.corr(),False
classification,RFECA_SVR(k=20),0.2,0,1,93,24,0,2377867387728,training_fold_X.corr(),False
classification,RFECA_SVR(k=20),0.2,0,2,93,24,0,2377867708240,training_fold_X.corr(),False
classification,RFECA_SVR(k=20),0.2,0,3,94,23,0,2377868028720,training_fold_X.corr(),False
classification,RFECA_SVR(k=20),0.2,0,4,94,23,0,2377868346992,training_fold_X.corr(),False
classification,RFECA_SVR(k=20),0.2,0,5,94,23,0,2377868717296,training_fold_X.corr(),False
classification,MissForest,0.2,0,1,93,24,0,2375180470544,n/a,False
classification,MissForest,0.2,0,2,93,24,0,2375180473424,n/a,False
classification,MissForest,0.2,0,3,94,23,0,2375180476304,n/a,False
classification,MissForest,0.2,0,4,94,23,0,2360655554000,n/a,False
classification,MissForest,0.2,0,5,94,23,0,2360655551440,n/a,False
imputation,SimpleMean,0.2,1,1,93,24,0,2377868478224,n/a,False
imputation,SimpleMean,0.2,1,2,93,24,0,2376738051024,n/a,False
imputation,SimpleMean,0.2,1,3,94,23,0,2375180043856,n/a,False
imputation,SimpleMean,0.2,1,4,94,23,0,2378213349264,n/a,False
imputation,SimpleMean,0.2,1,5,94,23,0,2378213349072,n/a,False
imputation,"KNN(k=5,dist)",0.2,1,1,93,24,0,2378213349456,n/a,False
imputation,"KNN(k=5,dist)",0.2,1,2,93,24,0,2378213349648,n/a,False
imputation,"KNN(k=5,dist)",0.2,1,3,94,23,0,2378213350032,n/a,False
imputation,"KNN(k=5,dist)",0.2,1,4,94,23,0,2378213349840,n/a,False
imputation,"KNN(k=5,dist)",0.2,1,5,94,23,0,2378213350224,n/a,False
imputation,RFECA_SVR(k=5),0.2,1,1,93,24,0,2377293967024,training_fold_X.corr(),False
imputation,RFECA_SVR(k=5),0.2,1,2,93,24,0,2378075814192,training_fold_X.corr(),False
imputation,RFECA_SVR(k=5),0.2,1,3,94,23,0,2378213599376,training_fold_X.corr(),False
imputation,RFECA_SVR(k=5),0.2,1,4,94,23,0,2378213600272,training_fold_X.corr(),False
imputation,RFECA_SVR(k=5),0.2,1,5,94,23,0,2378213600048,training_fold_X.corr(),False
imputation,RFECA_SVR(k=10),0.2,1,1,93,24,0,2378213594224,training_fold_X.corr(),False
imputation,RFECA_SVR(k=10),0.2,1,2,93,24,0,2378213594672,training_fold_X.corr(),False
imputation,RFECA_SVR(k=10),0.2,1,3,94,23,0,2378213594448,training_fold_X.corr(),False
imputation,RFECA_SVR(k=10),0.2,1,4,94,23,0,2378213596912,training_fold_X.corr(),False
imputation,RFECA_SVR(k=10),0.2,1,5,94,23,0,2378213596688,training_fold_X.corr(),False
imputation,RFECA_SVR(k=20),0.2,1,1,93,24,0,2378213596464,training_fold_X.corr(),False
imputation,RFECA_SVR(k=20),0.2,1,2,93,24,0,2378213596240,training_fold_X.corr(),False
imputation,RFECA_SVR(k=20),0.2,1,3,94,23,0,2378213596016,training_fold_X.corr(),False
imputation,RFECA_SVR(k=20),0.2,1,4,94,23,0,2378213595792,training_fold_X.corr(),False
imputation,RFECA_SVR(k=20),0.2,1,5,94,23,0,2378213595568,training_fold_X.corr(),False
imputation,MissForest,0.2,1,1,93,24,0,2365158101136,n/a,False
imputation,MissForest,0.2,1,2,93,24,0,2371991302416,n/a,False
imputation,MissForest,0.2,1,3,94,23,0,2375180472784,n/a,False
imputation,MissForest,0.2,1,4,94,23,0,2365158108176,n/a,False
imputation,MissForest,0.2,1,5,94,23,0,2371991302736,n/a,False
classification,SimpleMean,0.2,1,1,93,24,0,2378523646608,n/a,False
classification,SimpleMean,0.2,1,2,93,24,0,2378523648144,n/a,False
classification,SimpleMean,0.2,1,3,94,23,0,2378523736208,n/a,False
classification,SimpleMean,0.2,1,4,94,23,0,2378540601744,n/a,False
classification,SimpleMean,0.2,1,5,94,23,0,2378540919376,n/a,False
classification,"KNN(k=5,dist)",0.2,1,1,93,24,0,2378523642576,n/a,False
classification,"KNN(k=5,dist)",0.2,1,2,93,24,0,2378541554704,n/a,False
classification,"KNN(k=5,dist)",0.2,1,3,94,23,0,2378541905104,n/a,False
classification,"KNN(k=5,dist)",0.2,1,4,94,23,0,2378542206416,n/a,False
classification,"KNN(k=5,dist)",0.2,1,5,94,23,0,2378542524048,n/a,False
classification,RFECA_SVR(k=5),0.2,1,1,93,24,0,2378560031888,training_fold_X.corr(),False
classification,RFECA_SVR(k=5),0.2,1,2,93,24,0,2378560320272,training_fold_X.corr(),False
classification,RFECA_SVR(k=5),0.2,1,3,94,23,0,2378560687024,training_fold_X.corr(),False
classification,RFECA_SVR(k=5),0.2,1,4,94,23,0,2378561007504,training_fold_X.corr(),False
classification,RFECA_SVR(k=5),0.2,1,5,94,23,0,2378561328464,training_fold_X.corr(),False
classification,RFECA_SVR(k=10),0.2,1,1,93,24,0,2378561666000,training_fold_X.corr(),False
classification,RFECA_SVR(k=10),0.2,1,2,93,24,0,2378561986512,training_fold_X.corr(),False
classification,RFECA_SVR(k=10),0.2,1,3,94,23,0,2378562290864,training_fold_X.corr(),False
classification,RFECA_SVR(k=10),0.2,1,4,94,23,0,2378562627952,training_fold_X.corr(),False
classification,RFECA_SVR(k=10),0.2,1,5,94,23,0,2378562982128,training_fold_X.corr(),False
classification,RFECA_SVR(k=20),0.2,1,1,93,24,0,2378563335152,training_fold_X.corr(),False
classification,RFECA_SVR(k=20),0.2,1,2,93,24,0,2378563672272,training_fold_X.corr(),False
classification,RFECA_SVR(k=20),0.2,1,3,94,23,0,2378564009360,training_fold_X.corr(),False
classification,RFECA_SVR(k=20),0.2,1,4,94,23,0,2378564363536,training_fold_X.corr(),False
classification,RFECA_SVR(k=20),0.2,1,5,94,23,0,2378581281040,training_fold_X.corr(),False
classification,MissForest,0.2,1,1,93,24,0,2375180469584,n/a,False
classification,MissForest,0.2,1,2,93,24,0,2375180474704,n/a,False
classification,MissForest,0.2,1,3,94,23,0,2369236384528,n/a,False
classification,MissForest,0.2,1,4,94,23,0,2362909461072,n/a,False
classification,MissForest,0.2,1,5,94,23,0,2362909465232,n/a,False
imputation,SimpleMean,0.2,2,1,93,24,0,2378564430032,n/a,False
imputation,SimpleMean,0.2,2,2,93,24,0,2377500423568,n/a,False
imputation,SimpleMean,0.2,2,3,94,23,0,2375942457296,n/a,False
imputation,SimpleMean,0.2,2,4,94,23,0,2378892769616,n/a,False
imputation,SimpleMean,0.2,2,5,94,23,0,2378892769424,n/a,False
imputation,"KNN(k=5,dist)",0.2,2,1,93,24,0,2378892769808,n/a,False
imputation,"KNN(k=5,dist)",0.2,2,2,93,24,0,2378892770384,n/a,False
imputation,"KNN(k=5,dist)",0.2,2,3,94,23,0,2378892770000,n/a,False
imputation,"KNN(k=5,dist)",0.2,2,4,94,23,0,2378892770192,n/a,False
imputation,"KNN(k=5,dist)",0.2,2,5,94,23,0,2378892770576,n/a,False
imputation,RFECA_SVR(k=5),0.2,2,1,93,24,0,2378075808144,training_fold_X.corr(),False
imputation,RFECA_SVR(k=5),0.2,2,2,93,24,0,2378893028144,training_fold_X.corr(),False
imputation,RFECA_SVR(k=5),0.2,2,3,94,23,0,2378893027696,training_fold_X.corr(),False
imputation,RFECA_SVR(k=5),0.2,2,4,94,23,0,2378893027472,training_fold_X.corr(),False
imputation,RFECA_SVR(k=5),0.2,2,5,94,23,0,2378893027248,training_fold_X.corr(),False
imputation,RFECA_SVR(k=10),0.2,2,1,93,24,0,2378893031504,training_fold_X.corr(),False
imputation,RFECA_SVR(k=10),0.2,2,2,93,24,0,2378893032624,training_fold_X.corr(),False
imputation,RFECA_SVR(k=10),0.2,2,3,94,23,0,2378893032400,training_fold_X.corr(),False
imputation,RFECA_SVR(k=10),0.2,2,4,94,23,0,2378893032176,training_fold_X.corr(),False
imputation,RFECA_SVR(k=10),0.2,2,5,94,23,0,2378893025232,training_fold_X.corr(),False
imputation,RFECA_SVR(k=20),0.2,2,1,93,24,0,2378893025904,training_fold_X.corr(),False
imputation,RFECA_SVR(k=20),0.2,2,2,93,24,0,2378893025008,training_fold_X.corr(),False
imputation,RFECA_SVR(k=20),0.2,2,3,94,23,0,2378893025680,training_fold_X.corr(),False
imputation,RFECA_SVR(k=20),0.2,2,4,94,23,0,2378893026128,training_fold_X.corr(),False
imputation,RFECA_SVR(k=20),0.2,2,5,94,23,0,2378893026352,training_fold_X.corr(),False
imputation,MissForest,0.2,2,1,93,24,0,2362909469072,n/a,False
imputation,MissForest,0.2,2,2,93,24,0,2369236370768,n/a,False
imputation,MissForest,0.2,2,3,94,23,0,2362909470032,n/a,False
imputation,MissForest,0.2,2,4,94,23,0,2369236379728,n/a,False
imputation,MissForest,0.2,2,5,94,23,0,2369236375568,n/a,False
classification,SimpleMean,0.2,2,1,93,24,0,2379223646032,n/a,False
classification,SimpleMean,0.2,2,2,93,24,0,2379223286224,n/a,False
classification,SimpleMean,0.2,2,3,94,23,0,2379223784080,n/a,False
classification,SimpleMean,0.2,2,4,94,23,0,2379240551248,n/a,False
classification,SimpleMean,0.2,2,5,94,23,0,2379240803408,n/a,False
classification,"KNN(k=5,dist)",0.2,2,1,93,24,0,2379223633168,n/a,False
classification,"KNN(k=5,dist)",0.2,2,2,93,24,0,2379241323984,n/a,False
classification,"KNN(k=5,dist)",0.2,2,3,94,23,0,2379258156752,n/a,False
classification,"KNN(k=5,dist)",0.2,2,4,94,23,0,2379258408848,n/a,False
classification,"KNN(k=5,dist)",0.2,2,5,94,23,0,2379258677392,n/a,False
classification,RFECA_SVR(k=5),0.2,2,1,93,24,0,2379259552368,training_fold_X.corr(),False
classification,RFECA_SVR(k=5),0.2,2,2,93,24,0,2379259870160,training_fold_X.corr(),False
classification,RFECA_SVR(k=5),0.2,2,3,94,23,0,2379260174736,training_fold_X.corr(),False
classification,RFECA_SVR(k=5),0.2,2,4,94,23,0,2379260528912,training_fold_X.corr(),False
classification,RFECA_SVR(k=5),0.2,2,5,94,23,0,2379260816400,training_fold_X.corr(),False
classification,RFECA_SVR(k=10),0.2,2,1,93,24,0,2379261120752,training_fold_X.corr(),False
classification,RFECA_SVR(k=10),0.2,2,2,93,24,0,2379261457840,training_fold_X.corr(),False
classification,RFECA_SVR(k=10),0.2,2,3,94,23,0,2379261812016,training_fold_X.corr(),False
classification,RFECA_SVR(k=10),0.2,2,4,94,23,0,2379262114992,training_fold_X.corr(),False
classification,RFECA_SVR(k=10),0.2,2,5,94,23,0,2379279033616,training_fold_X.corr(),False
classification,RFECA_SVR(k=20),0.2,2,1,93,24,0,2379279387344,training_fold_X.corr(),False
classification,RFECA_SVR(k=20),0.2,2,2,93,24,0,2379279724880,training_fold_X.corr(),False
classification,RFECA_SVR(k=20),0.2,2,3,94,23,0,2379280045392,training_fold_X.corr(),False
classification,RFECA_SVR(k=20),0.2,2,4,94,23,0,2379280365872,training_fold_X.corr(),False
classification,RFECA_SVR(k=20),0.2,2,5,94,23,0,2379280719600,training_fold_X.corr(),False
classification,MissForest,0.2,2,1,93,24,0,2371991300816,n/a,False
classification,MissForest,0.2,2,2,93,24,0,2371991298896,n/a,False
classification,MissForest,0.2,2,3,94,23,0,2360860913616,n/a,False
classification,MissForest,0.2,2,4,94,23,0,2369236381648,n/a,False
classification,MissForest,0.2,2,5,94,23,0,2375180471504,n/a,False
imputation,SimpleMean,0.2,3,1,93,24,0,2377865790864,n/a,False
imputation,SimpleMean,0.2,3,2,93,24,0,2378213297616,n/a,False
imputation,SimpleMean,0.2,3,3,94,23,0,2376737933840,n/a,False
imputation,SimpleMean,0.2,3,4,94,23,0,2379608791696,n/a,False
imputation,SimpleMean,0.2,3,5,94,23,0,2379608791888,n/a,False
imputation,"KNN(k=5,dist)",0.2,3,1,93,24,0,2379608792080,n/a,False
imputation,"KNN(k=5,dist)",0.2,3,2,93,24,0,2379608792656,n/a,False
imputation,"KNN(k=5,dist)",0.2,3,3,94,23,0,2379608792848,n/a,False
imputation,"KNN(k=5,dist)",0.2,3,4,94,23,0,2379608792464,n/a,False
imputation,"KNN(k=5,dist)",0.2,3,5,94,23,0,2379608792272,n/a,False
imputation,RFECA_SVR(k=5),0.2,3,1,93,24,0,2378702895408,training_fold_X.corr(),False
imputation,RFECA_SVR(k=5),0.2,3,2,93,24,0,2379609011856,training_fold_X.corr(),False
imputation,RFECA_SVR(k=5),0.2,3,3,94,23,0,2379609012080,training_fold_X.corr(),False
imputation,RFECA_SVR(k=5),0.2,3,4,94,23,0,2379609012528,training_fold_X.corr(),False
imputation,RFECA_SVR(k=5),0.2,3,5,94,23,0,2379609012976,training_fold_X.corr(),False
imputation,RFECA_SVR(k=10),0.2,3,1,93,24,0,2379609013200,training_fold_X.corr(),False
imputation,RFECA_SVR(k=10),0.2,3,2,93,24,0,2379609013424,training_fold_X.corr(),False
imputation,RFECA_SVR(k=10),0.2,3,3,94,23,0,2379609013648,training_fold_X.corr(),False
imputation,RFECA_SVR(k=10),0.2,3,4,94,23,0,2379609013872,training_fold_X.corr(),False
imputation,RFECA_SVR(k=10),0.2,3,5,94,23,0,2379418905392,training_fold_X.corr(),False
imputation,RFECA_SVR(k=20),0.2,3,1,93,24,0,2379609012752,training_fold_X.corr(),False
imputation,RFECA_SVR(k=20),0.2,3,2,93,24,0,2379609012304,training_fold_X.corr(),False
imputation,RFECA_SVR(k=20),0.2,3,3,94,23,0,2379609653328,training_fold_X.corr(),False
imputation,RFECA_SVR(k=20),0.2,3,4,94,23,0,2379609654000,training_fold_X.corr(),False
imputation,RFECA_SVR(k=20),0.2,3,5,94,23,0,2379609654224,training_fold_X.corr(),False
imputation,MissForest,0.2,3,1,93,24,0,2360447635920,n/a,False
imputation,MissForest,0.2,3,2,93,24,0,2376515075152,n/a,False
imputation,MissForest,0.2,3,3,94,23,0,2376515063632,n/a,False
imputation,MissForest,0.2,3,4,94,23,0,2376515072592,n/a,False
imputation,MissForest,0.2,3,5,94,23,0,2369236378128,n/a,False
classification,SimpleMean,0.2,3,1,93,24,0,2379919646288,n/a,False
classification,SimpleMean,0.2,3,2,93,24,0,2379919647824,n/a,False
classification,SimpleMean,0.2,3,3,94,23,0,2379919735888,n/a,False
classification,SimpleMean,0.2,3,4,94,23,0,2379920004432,n/a,False
classification,SimpleMean,0.2,3,5,94,23,0,2379936935440,n/a,False
classification,"KNN(k=5,dist)",0.2,3,1,93,24,0,2379919642256,n/a,False
classification,"KNN(k=5,dist)",0.2,3,2,93,24,0,2379937554384,n/a,False
classification,"KNN(k=5,dist)",0.2,3,3,94,23,0,2379937872016,n/a,False
classification,"KNN(k=5,dist)",0.2,3,4,94,23,0,2379938206096,n/a,False
classification,"KNN(k=5,dist)",0.2,3,5,94,23,0,2379938540112,n/a,False
classification,RFECA_SVR(k=5),0.2,3,1,93,24,0,2379956007920,training_fold_X.corr(),False
classification,RFECA_SVR(k=5),0.2,3,2,93,24,0,2379956328880,training_fold_X.corr(),False
classification,RFECA_SVR(k=5),0.2,3,3,94,23,0,2379956649136,training_fold_X.corr(),False
classification,RFECA_SVR(k=5),0.2,3,4,94,23,0,2379956970544,training_fold_X.corr(),False
classification,RFECA_SVR(k=5),0.2,3,5,94,23,0,2379957307664,training_fold_X.corr(),False
classification,RFECA_SVR(k=10),0.2,3,1,93,24,0,2379957625904,training_fold_X.corr(),False
classification,RFECA_SVR(k=10),0.2,3,2,93,24,0,2379957963696,training_fold_X.corr(),False
classification,RFECA_SVR(k=10),0.2,3,3,94,23,0,2379958300336,training_fold_X.corr(),False
classification,RFECA_SVR(k=10),0.2,3,4,94,23,0,2379958653840,training_fold_X.corr(),False
classification,RFECA_SVR(k=10),0.2,3,5,94,23,0,2379958990928,training_fold_X.corr(),False
classification,RFECA_SVR(k=20),0.2,3,1,93,24,0,2379959312336,training_fold_X.corr(),False
classification,RFECA_SVR(k=20),0.2,3,2,93,24,0,2379959682000,training_fold_X.corr(),False
classification,RFECA_SVR(k=20),0.2,3,3,94,23,0,2379960002480,training_fold_X.corr(),False
classification,RFECA_SVR(k=20),0.2,3,4,94,23,0,2379960356208,training_fold_X.corr(),False
classification,RFECA_SVR(k=20),0.2,3,5,94,23,0,2379960677360,training_fold_X.corr(),False
classification,MissForest,0.2,3,1,93,24,0,2376515062992,n/a,False
classification,MissForest,0.2,3,2,93,24,0,2371991303056,n/a,False
classification,MissForest,0.2,3,3,94,23,0,2376515065552,n/a,False
classification,MissForest,0.2,3,4,94,23,0,2379730574288,n/a,False
classification,MissForest,0.2,3,5,94,23,0,2375180468304,n/a,False
imputation,SimpleMean,0.2,4,1,93,24,0,2379960413328,n/a,False
imputation,SimpleMean,0.2,4,2,93,24,0,2378892693328,n/a,False
imputation,SimpleMean,0.2,4,3,94,23,0,2377500265360,n/a,False
imputation,SimpleMean,0.2,4,4,94,23,0,2380288736528,n/a,False
imputation,SimpleMean,0.2,4,5,94,23,0,2380288736336,n/a,False
imputation,"KNN(k=5,dist)",0.2,4,1,93,24,0,2380288736720,n/a,False
imputation,"KNN(k=5,dist)",0.2,4,2,93,24,0,2380288737104,n/a,False
imputation,"KNN(k=5,dist)",0.2,4,3,94,23,0,2380288736912,n/a,False
imputation,"KNN(k=5,dist)",0.2,4,4,94,23,0,2380289212496,n/a,False
imputation,"KNN(k=5,dist)",0.2,4,5,94,23,0,2380289212688,n/a,False
imputation,RFECA_SVR(k=5),0.2,4,1,93,24,0,2379418899568,training_fold_X.corr(),False
imputation,RFECA_SVR(k=5),0.2,4,2,93,24,0,2380236682896,training_fold_X.corr(),False
imputation,RFECA_SVR(k=5),0.2,4,3,94,23,0,2380236679312,training_fold_X.corr(),False
imputation,RFECA_SVR(k=5),0.2,4,4,94,23,0,2380236684016,training_fold_X.corr(),False
imputation,RFECA_SVR(k=5),0.2,4,5,94,23,0,2380236683344,training_fold_X.corr(),False
imputation,RFECA_SVR(k=10),0.2,4,1,93,24,0,2380236684240,training_fold_X.corr(),False
imputation,RFECA_SVR(k=10),0.2,4,2,93,24,0,2380236683120,training_fold_X.corr(),False
imputation,RFECA_SVR(k=10),0.2,4,3,94,23,0,2380236680656,training_fold_X.corr(),False
imputation,RFECA_SVR(k=10),0.2,4,4,94,23,0,2380236680880,training_fold_X.corr(),False
imputation,RFECA_SVR(k=10),0.2,4,5,94,23,0,2380236683792,training_fold_X.corr(),False
imputation,RFECA_SVR(k=20),0.2,4,1,93,24,0,2380288965360,training_fold_X.corr(),False
imputation,RFECA_SVR(k=20),0.2,4,2,93,24,0,2380288956624,training_fold_X.corr(),False
imputation,RFECA_SVR(k=20),0.2,4,3,94,23,0,2380288956848,training_fold_X.corr(),False
imputation,RFECA_SVR(k=20),0.2,4,4,94,23,0,2380288960880,training_fold_X.corr(),False
imputation,RFECA_SVR(k=20),0.2,4,5,94,23,0,2380288960656,training_fold_X.corr(),False
imputation,MissForest,0.2,4,1,93,24,0,2360655555600,n/a,False
imputation,MissForest,0.2,4,2,93,24,0,2376515067472,n/a,False
imputation,MissForest,0.2,4,3,94,23,0,2376515064912,n/a,False
imputation,MissForest,0.2,4,4,94,23,0,2376515067792,n/a,False
imputation,MissForest,0.2,4,5,94,23,0,2365158108496,n/a,False
classification,SimpleMean,0.2,4,1,93,24,0,2380615140368,n/a,False
classification,SimpleMean,0.2,4,2,93,24,0,2380615139984,n/a,False
classification,SimpleMean,0.2,4,3,94,23,0,2380615245392,n/a,False
classification,SimpleMean,0.2,4,4,94,23,0,2380615497488,n/a,False
classification,SimpleMean,0.2,4,5,94,23,0,2380615798800,n/a,False
classification,"KNN(k=5,dist)",0.2,4,1,93,24,0,2380615123024,n/a,False
classification,"KNN(k=5,dist)",0.2,4,2,93,24,0,2380633276880,n/a,False
classification,"KNN(k=5,dist)",0.2,4,3,94,23,0,2380633315984,n/a,False
classification,"KNN(k=5,dist)",0.2,4,4,94,23,0,2380633633616,n/a,False
classification,"KNN(k=5,dist)",0.2,4,5,94,23,0,2380633984080,n/a,False
classification,RFECA_SVR(k=5),0.2,4,1,93,24,0,2380651476176,training_fold_X.corr(),False
classification,RFECA_SVR(k=5),0.2,4,2,93,24,0,2380651879280,training_fold_X.corr(),False
classification,RFECA_SVR(k=5),0.2,4,3,94,23,0,2380652281008,training_fold_X.corr(),False
classification,RFECA_SVR(k=5),0.2,4,4,94,23,0,2380652635408,training_fold_X.corr(),False
classification,RFECA_SVR(k=5),0.2,4,5,94,23,0,2380652956144,training_fold_X.corr(),False
classification,RFECA_SVR(k=10),0.2,4,1,93,24,0,2380653260464,training_fold_X.corr(),False
classification,RFECA_SVR(k=10),0.2,4,2,93,24,0,2380653598256,training_fold_X.corr(),False
classification,RFECA_SVR(k=10),0.2,4,3,94,23,0,2380653902128,training_fold_X.corr(),False
classification,RFECA_SVR(k=10),0.2,4,4,94,23,0,2380654239248,training_fold_X.corr(),False
classification,RFECA_SVR(k=10),0.2,4,5,94,23,0,2380654590256,training_fold_X.corr(),False
classification,RFECA_SVR(k=20),0.2,4,1,93,24,0,2380654911664,training_fold_X.corr(),False
classification,RFECA_SVR(k=20),0.2,4,2,93,24,0,2380655248560,training_fold_X.corr(),False
classification,RFECA_SVR(k=20),0.2,4,3,94,23,0,2380672149648,training_fold_X.corr(),False
classification,RFECA_SVR(k=20),0.2,4,4,94,23,0,2380672503376,training_fold_X.corr(),False
classification,RFECA_SVR(k=20),0.2,4,5,94,23,0,2380672857296,training_fold_X.corr(),False
classification,MissForest,0.2,4,1,93,24,0,2376515064272,n/a,False
classification,MissForest,0.2,4,2,93,24,0,2365158096976,n/a,False
classification,MissForest,0.2,4,3,94,23,0,2365158104016,n/a,False
classification,MissForest,0.2,4,4,94,23,0,2375180477584,n/a,False
classification,MissForest,0.2,4,5,94,23,0,2362909460432,n/a,False
imputation,SimpleMean,0.2,5,1,93,24,0,2380672601744,n/a,False
imputation,SimpleMean,0.2,5,2,93,24,0,2379280435920,n/a,False
imputation,SimpleMean,0.2,5,3,94,23,0,2360778887376,n/a,False
imputation,SimpleMean,0.2,5,4,94,23,0,2380984376912,n/a,False
imputation,SimpleMean,0.2,5,5,94,23,0,2380984377104,n/a,False
imputation,"KNN(k=5,dist)",0.2,5,1,93,24,0,2380984377296,n/a,False
imputation,"KNN(k=5,dist)",0.2,5,2,93,24,0,2380984377488,n/a,False
imputation,"KNN(k=5,dist)",0.2,5,3,94,23,0,2380984377680,n/a,False
imputation,"KNN(k=5,dist)",0.2,5,4,94,23,0,2380984377872,n/a,False
imputation,"KNN(k=5,dist)",0.2,5,5,94,23,0,2380984378064,n/a,False
imputation,RFECA_SVR(k=5),0.2,5,1,93,24,0,2379977615952,training_fold_X.corr(),False
imputation,RFECA_SVR(k=5),0.2,5,2,93,24,0,2380932266960,training_fold_X.corr(),False
imputation,RFECA_SVR(k=5),0.2,5,3,94,23,0,2380932265840,training_fold_X.corr(),False
imputation,RFECA_SVR(k=5),0.2,5,4,94,23,0,2380932265616,training_fold_X.corr(),False
imputation,RFECA_SVR(k=5),0.2,5,5,94,23,0,2380932266512,training_fold_X.corr(),False
imputation,RFECA_SVR(k=10),0.2,5,1,93,24,0,2380932266736,training_fold_X.corr(),False
imputation,RFECA_SVR(k=10),0.2,5,2,93,24,0,2380932264496,training_fold_X.corr(),False
imputation,RFECA_SVR(k=10),0.2,5,3,94,23,0,2380932266064,training_fold_X.corr(),False
imputation,RFECA_SVR(k=10),0.2,5,4,94,23,0,2380932263152,training_fold_X.corr(),False
imputation,RFECA_SVR(k=10),0.2,5,5,94,23,0,2380932264272,training_fold_X.corr(),False
imputation,RFECA_SVR(k=20),0.2,5,1,93,24,0,2380984590960,training_fold_X.corr(),False
imputation,RFECA_SVR(k=20),0.2,5,2,93,24,0,2380984591184,training_fold_X.corr(),False
imputation,RFECA_SVR(k=20),0.2,5,3,94,23,0,2380984591408,training_fold_X.corr(),False
imputation,RFECA_SVR(k=20),0.2,5,4,94,23,0,2380984595440,training_fold_X.corr(),False
imputation,RFECA_SVR(k=20),0.2,5,5,94,23,0,2380984595216,training_fold_X.corr(),False
imputation,MissForest,0.2,5,1,93,24,0,2362909459472,n/a,False
imputation,MissForest,0.2,5,2,93,24,0,2360860910416,n/a,False
imputation,MissForest,0.2,5,3,94,23,0,2365158112976,n/a,False
imputation,MissForest,0.2,5,4,94,23,0,2375180468944,n/a,False
imputation,MissForest,0.2,5,5,94,23,0,2375180484304,n/a,False
classification,SimpleMean,0.2,5,1,93,24,0,2381311059600,n/a,False
classification,SimpleMean,0.2,5,2,93,24,0,2381311059792,n/a,False
classification,SimpleMean,0.2,5,3,94,23,0,2381311590480,n/a,False
classification,SimpleMean,0.2,5,4,94,23,0,2381311629584,n/a,False
classification,SimpleMean,0.2,5,5,94,23,0,2381328544208,n/a,False
classification,"KNN(k=5,dist)",0.2,5,1,93,24,0,2381311050384,n/a,False
classification,"KNN(k=5,dist)",0.2,5,2,93,24,0,2381329114000,n/a,False
classification,"KNN(k=5,dist)",0.2,5,3,94,23,0,2381329448016,n/a,False
classification,"KNN(k=5,dist)",0.2,5,4,94,23,0,2381329765712,n/a,False
classification,"KNN(k=5,dist)",0.2,5,5,94,23,0,2381330083344,n/a,False
classification,RFECA_SVR(k=5),0.2,5,1,93,24,0,2381347589264,training_fold_X.corr(),False
classification,RFECA_SVR(k=5),0.2,5,2,93,24,0,2381347909968,training_fold_X.corr(),False
classification,RFECA_SVR(k=5),0.2,5,3,94,23,0,2381348247760,training_fold_X.corr(),False
classification,RFECA_SVR(k=5),0.2,5,4,94,23,0,2381348535248,training_fold_X.corr(),False
classification,RFECA_SVR(k=5),0.2,5,5,94,23,0,2381348888752,training_fold_X.corr(),False
classification,RFECA_SVR(k=10),0.2,5,1,93,24,0,2381349242480,training_fold_X.corr(),False
classification,RFECA_SVR(k=10),0.2,5,2,93,24,0,2381349563632,training_fold_X.corr(),False
classification,RFECA_SVR(k=10),0.2,5,3,94,23,0,2381349916912,training_fold_X.corr(),False
classification,RFECA_SVR(k=10),0.2,5,4,94,23,0,2381350237392,training_fold_X.corr(),False
classification,RFECA_SVR(k=10),0.2,5,5,94,23,0,2381350525584,training_fold_X.corr(),False
classification,RFECA_SVR(k=20),0.2,5,1,93,24,0,2381350911376,training_fold_X.corr(),False
classification,RFECA_SVR(k=20),0.2,5,2,93,24,0,2381367794096,training_fold_X.corr(),False
classification,RFECA_SVR(k=20),0.2,5,3,94,23,0,2381368147344,training_fold_X.corr(),False
classification,RFECA_SVR(k=20),0.2,5,4,94,23,0,2381368501072,training_fold_X.corr(),False
classification,RFECA_SVR(k=20),0.2,5,5,94,23,0,2381368855248,training_fold_X.corr(),False
classification,MissForest,0.2,5,1,93,24,0,2365158099856,n/a,False
classification,MissForest,0.2,5,2,93,24,0,2376515071312,n/a,False
classification,MissForest,0.2,5,3,94,23,0,2375180478224,n/a,False
classification,MissForest,0.2,5,4,94,23,0,2371991305936,n/a,False
classification,MissForest,0.2,5,5,94,23,0,2376515073232,n/a,False
imputation,SimpleMean,0.2,6,1,93,24,0,2381368602704,n/a,False
imputation,SimpleMean,0.2,6,2,93,24,0,2378562043728,n/a,False
imputation,SimpleMean,0.2,6,3,94,23,0,2360859807184,n/a,False
imputation,SimpleMean,0.2,6,4,94,23,0,2381680590928,n/a,False
imputation,SimpleMean,0.2,6,5,94,23,0,2381680591120,n/a,False
imputation,"KNN(k=5,dist)",0.2,6,1,93,24,0,2381680591312,n/a,False
imputation,"KNN(k=5,dist)",0.2,6,2,93,24,0,2381680591504,n/a,False
imputation,"KNN(k=5,dist)",0.2,6,3,94,23,0,2381680591696,n/a,False
imputation,"KNN(k=5,dist)",0.2,6,4,94,23,0,2381680591888,n/a,False
imputation,"KNN(k=5,dist)",0.2,6,5,94,23,0,2381680592080,n/a,False
imputation,RFECA_SVR(k=5),0.2,6,1,93,24,0,2381542762640,training_fold_X.corr(),False
imputation,RFECA_SVR(k=5),0.2,6,2,93,24,0,2381542767568,training_fold_X.corr(),False
imputation,RFECA_SVR(k=5),0.2,6,3,94,23,0,2381628256144,training_fold_X.corr(),False
imputation,RFECA_SVR(k=5),0.2,6,4,94,23,0,2381628256368,training_fold_X.corr(),False
imputation,RFECA_SVR(k=5),0.2,6,5,94,23,0,2381628256592,training_fold_X.corr(),False
imputation,RFECA_SVR(k=10),0.2,6,1,93,24,0,2381628256816,training_fold_X.corr(),False
imputation,RFECA_SVR(k=10),0.2,6,2,93,24,0,2380932266288,training_fold_X.corr(),False
imputation,RFECA_SVR(k=10),0.2,6,3,94,23,0,2381628248304,training_fold_X.corr(),False
imputation,RFECA_SVR(k=10),0.2,6,4,94,23,0,2381628248752,training_fold_X.corr(),False
imputation,RFECA_SVR(k=10),0.2,6,5,94,23,0,2381680553648,training_fold_X.corr(),False
imputation,RFECA_SVR(k=20),0.2,6,1,93,24,0,2381680551856,training_fold_X.corr(),False
imputation,RFECA_SVR(k=20),0.2,6,2,93,24,0,2381680553872,training_fold_X.corr(),False
imputation,RFECA_SVR(k=20),0.2,6,3,94,23,0,2381680557232,training_fold_X.corr(),False
imputation,RFECA_SVR(k=20),0.2,6,4,94,23,0,2381680557008,training_fold_X.corr(),False
imputation,RFECA_SVR(k=20),0.2,6,5,94,23,0,2381680556784,training_fold_X.corr(),False
imputation,MissForest,0.2,6,1,93,24,0,2362909460112,n/a,False
imputation,MissForest,0.2,6,2,93,24,0,2376515070352,n/a,False
imputation,MissForest,0.2,6,3,94,23,0,2375180477904,n/a,False
imputation,MissForest,0.2,6,4,94,23,0,2376515063952,n/a,False
imputation,MissForest,0.2,6,5,94,23,0,2371991292816,n/a,False
classification,SimpleMean,0.2,6,1,93,24,0,2382007175312,n/a,False
classification,SimpleMean,0.2,6,2,93,24,0,2382007174928,n/a,False
classification,SimpleMean,0.2,6,3,94,23,0,2382007263760,n/a,False
classification,SimpleMean,0.2,6,4,94,23,0,2382024096464,n/a,False
classification,SimpleMean,0.2,6,5,94,23,0,2382024430544,n/a,False
classification,"KNN(k=5,dist)",0.2,6,1,93,24,0,2382007174160,n/a,False
classification,"KNN(k=5,dist)",0.2,6,2,93,24,0,2382025082256,n/a,False
classification,"KNN(k=5,dist)",0.2,6,3,94,23,0,2382025416272,n/a,False
classification,"KNN(k=5,dist)",0.2,6,4,94,23,0,2382025750288,n/a,False
classification,"KNN(k=5,dist)",0.2,6,5,94,23,0,2382026018832,n/a,False
classification,RFECA_SVR(k=5),0.2,6,1,93,24,0,2382043539152,training_fold_X.corr(),False
classification,RFECA_SVR(k=5),0.2,6,2,93,24,0,2382043823280,training_fold_X.corr(),False
classification,RFECA_SVR(k=5),0.2,6,3,94,23,0,2382044161968,training_fold_X.corr(),False
classification,RFECA_SVR(k=5),0.2,6,4,94,23,0,2382044498864,training_fold_X.corr(),False
classification,RFECA_SVR(k=5),0.2,6,5,94,23,0,2382044819344,training_fold_X.corr(),False
classification,RFECA_SVR(k=10),0.2,6,1,93,24,0,2382045173072,training_fold_X.corr(),False
classification,RFECA_SVR(k=10),0.2,6,2,93,24,0,2382045510608,training_fold_X.corr(),False
classification,RFECA_SVR(k=10),0.2,6,3,94,23,0,2382045831120,training_fold_X.corr(),False
classification,RFECA_SVR(k=10),0.2,6,4,94,23,0,2382046201008,training_fold_X.corr(),False
classification,RFECA_SVR(k=10),0.2,6,5,94,23,0,2382046521712,training_fold_X.corr(),False
classification,RFECA_SVR(k=20),0.2,6,1,93,24,0,2382063423728,training_fold_X.corr(),False
classification,RFECA_SVR(k=20),0.2,6,2,93,24,0,2382063793136,training_fold_X.corr(),False
classification,RFECA_SVR(k=20),0.2,6,3,94,23,0,2382064130256,training_fold_X.corr(),False
classification,RFECA_SVR(k=20),0.2,6,4,94,23,0,2382064450960,training_fold_X.corr(),False
classification,RFECA_SVR(k=20),0.2,6,5,94,23,0,2382064821520,training_fold_X.corr(),False
classification,MissForest,0.2,6,1,93,24,0,2376515062032,n/a,False
classification,MissForest,0.2,6,2,93,24,0,2376515072912,n/a,False
classification,MissForest,0.2,6,3,94,23,0,2375180470864,n/a,False
classification,MissForest,0.2,6,4,94,23,0,2371991295696,n/a,False
classification,MissForest,0.2,6,5,94,23,0,2375180472144,n/a,False
imputation,SimpleMean,0.2,7,1,93,24,0,2380653333776,n/a,False
imputation,SimpleMean,0.2,7,2,93,24,0,2379261217104,n/a,False
imputation,SimpleMean,0.2,7,3,94,23,0,2362617971728,n/a,False
imputation,SimpleMean,0.2,7,4,94,23,0,2382376264208,n/a,False
imputation,SimpleMean,0.2,7,5,94,23,0,2382376264400,n/a,False
imputation,"KNN(k=5,dist)",0.2,7,1,93,24,0,2382376264592,n/a,False
imputation,"KNN(k=5,dist)",0.2,7,2,93,24,0,2382376265360,n/a,False
imputation,"KNN(k=5,dist)",0.2,7,3,94,23,0,2382376264976,n/a,False
imputation,"KNN(k=5,dist)",0.2,7,4,94,23,0,2382376264784,n/a,False
imputation,"KNN(k=5,dist)",0.2,7,5,94,23,0,2382376265168,n/a,False
imputation,RFECA_SVR(k=5),0.2,7,1,93,24,0,2382186395952,training_fold_X.corr(),False
imputation,RFECA_SVR(k=5),0.2,7,2,93,24,0,2381680554096,training_fold_X.corr(),False
imputation,RFECA_SVR(k=5),0.2,7,3,94,23,0,2382186384080,training_fold_X.corr(),False
imputation,RFECA_SVR(k=5),0.2,7,4,94,23,0,2382376483568,training_fold_X.corr(),False
imputation,RFECA_SVR(k=5),0.2,7,5,94,23,0,2382376484016,training_fold_X.corr(),False
imputation,RFECA_SVR(k=10),0.2,7,1,93,24,0,2382376484240,training_fold_X.corr(),False
imputation,RFECA_SVR(k=10),0.2,7,2,93,24,0,2382376484464,training_fold_X.corr(),False
imputation,RFECA_SVR(k=10),0.2,7,3,94,23,0,2382376483792,training_fold_X.corr(),False
imputation,RFECA_SVR(k=10),0.2,7,4,94,23,0,2382324197296,training_fold_X.corr(),False
imputation,RFECA_SVR(k=10),0.2,7,5,94,23,0,2382376483344,training_fold_X.corr(),False
imputation,RFECA_SVR(k=20),0.2,7,1,93,24,0,2382324197072,training_fold_X.corr(),False
imputation,RFECA_SVR(k=20),0.2,7,2,93,24,0,2382393119408,training_fold_X.corr(),False
imputation,RFECA_SVR(k=20),0.2,7,3,94,23,0,2382393119184,training_fold_X.corr(),False
imputation,RFECA_SVR(k=20),0.2,7,4,94,23,0,2382393115376,training_fold_X.corr(),False
imputation,RFECA_SVR(k=20),0.2,7,5,94,23,0,2382393115600,training_fold_X.corr(),False
imputation,MissForest,0.2,7,1,93,24,0,2376515075792,n/a,False
imputation,MissForest,0.2,7,2,93,24,0,2376515074832,n/a,False
imputation,MissForest,0.2,7,3,94,23,0,2375180479824,n/a,False
imputation,MissForest,0.2,7,4,94,23,0,2379730572048,n/a,False
imputation,MissForest,0.2,7,5,94,23,0,2371991297296,n/a,False
classification,SimpleMean,0.2,7,1,93,24,0,2382719772112,n/a,False
classification,SimpleMean,0.2,7,2,93,24,0,2382719773456,n/a,False
classification,SimpleMean,0.2,7,3,94,23,0,2382719910928,n/a,False
classification,SimpleMean,0.2,7,4,94,23,0,2382720146640,n/a,False
classification,SimpleMean,0.2,7,5,94,23,0,2382720464272,n/a,False
classification,"KNN(k=5,dist)",0.2,7,1,93,24,0,2382719764048,n/a,False
classification,"KNN(k=5,dist)",0.2,7,2,93,24,0,2382721115984,n/a,False
classification,"KNN(k=5,dist)",0.2,7,3,94,23,0,2382721695824,n/a,False
classification,"KNN(k=5,dist)",0.2,7,4,94,23,0,2382721734928,n/a,False
classification,"KNN(k=5,dist)",0.2,7,5,94,23,0,2382738665936,n/a,False
classification,RFECA_SVR(k=5),0.2,7,1,93,24,0,2382739536400,training_fold_X.corr(),False
classification,RFECA_SVR(k=5),0.2,7,2,93,24,0,2382739874192,training_fold_X.corr(),False
classification,RFECA_SVR(k=5),0.2,7,3,94,23,0,2382740211088,training_fold_X.corr(),False
classification,RFECA_SVR(k=5),0.2,7,4,94,23,0,2382740531568,training_fold_X.corr(),False
classification,RFECA_SVR(k=5),0.2,7,5,94,23,0,2382740901680,training_fold_X.corr(),False
classification,RFECA_SVR(k=10),0.2,7,1,93,24,0,2382741206448,training_fold_X.corr(),False
classification,RFECA_SVR(k=10),0.2,7,2,93,24,0,2382741526960,training_fold_X.corr(),False
classification,RFECA_SVR(k=10),0.2,7,3,94,23,0,2382741860688,training_fold_X.corr(),False
classification,RFECA_SVR(k=10),0.2,7,4,94,23,0,2382742181648,training_fold_X.corr(),False
classification,RFECA_SVR(k=10),0.2,7,5,94,23,0,2382742519184,training_fold_X.corr(),False
classification,RFECA_SVR(k=20),0.2,7,1,93,24,0,2382759453072,training_fold_X.corr(),False
classification,RFECA_SVR(k=20),0.2,7,2,93,24,0,2382759790192,training_fold_X.corr(),False
classification,RFECA_SVR(k=20),0.2,7,3,94,23,0,2382760127280,training_fold_X.corr(),False
classification,RFECA_SVR(k=20),0.2,7,4,94,23,0,2382760481456,training_fold_X.corr(),False
classification,RFECA_SVR(k=20),0.2,7,5,94,23,0,2382760801712,training_fold_X.corr(),False
classification,MissForest,0.2,7,1,93,24,0,2369236372368,n/a,False
classification,MissForest,0.2,7,2,93,24,0,2369236374928,n/a,False
classification,MissForest,0.2,7,3,94,23,0,2379730580368,n/a,False
classification,MissForest,0.2,7,4,94,23,0,2369236385168,n/a,False
classification,MissForest,0.2,7,5,94,23,0,2379730571408,n/a,False
imputation,SimpleMean,0.2,8,1,93,24,0,2382760555536,n/a,False
imputation,SimpleMean,0.2,8,2,93,24,0,2379957693200,n/a,False
imputation,SimpleMean,0.2,8,3,94,23,0,2360735503504,n/a,False
imputation,SimpleMean,0.2,8,4,94,23,0,2383088895184,n/a,False
imputation,SimpleMean,0.2,8,5,94,23,0,2383088894992,n/a,False
imputation,"KNN(k=5,dist)",0.2,8,1,93,24,0,2383088895376,n/a,False
imputation,"KNN(k=5,dist)",0.2,8,2,93,24,0,2383088895952,n/a,False
imputation,"KNN(k=5,dist)",0.2,8,3,94,23,0,2383088895760,n/a,False
imputation,"KNN(k=5,dist)",0.2,8,4,94,23,0,2383088895568,n/a,False
imputation,"KNN(k=5,dist)",0.2,8,5,94,23,0,2383088896144,n/a,False
imputation,RFECA_SVR(k=5),0.2,8,1,93,24,0,2382324203120,training_fold_X.corr(),False
imputation,RFECA_SVR(k=5),0.2,8,2,93,24,0,2382761179664,training_fold_X.corr(),False
imputation,RFECA_SVR(k=5),0.2,8,3,94,23,0,2383089186672,training_fold_X.corr(),False
imputation,RFECA_SVR(k=5),0.2,8,4,94,23,0,2383089188240,training_fold_X.corr(),False
imputation,RFECA_SVR(k=5),0.2,8,5,94,23,0,2383089183312,training_fold_X.corr(),False
imputation,RFECA_SVR(k=10),0.2,8,1,93,24,0,2383089183536,training_fold_X.corr(),False
imputation,RFECA_SVR(k=10),0.2,8,2,93,24,0,2383089181072,training_fold_X.corr(),False
imputation,RFECA_SVR(k=10),0.2,8,3,94,23,0,2383089181968,training_fold_X.corr(),False
imputation,RFECA_SVR(k=10),0.2,8,4,94,23,0,2383089181296,training_fold_X.corr(),False
imputation,RFECA_SVR(k=10),0.2,8,5,94,23,0,2383089181744,training_fold_X.corr(),False
imputation,RFECA_SVR(k=20),0.2,8,1,93,24,0,2383089180176,training_fold_X.corr(),False
imputation,RFECA_SVR(k=20),0.2,8,2,93,24,0,2383089182192,training_fold_X.corr(),False
imputation,RFECA_SVR(k=20),0.2,8,3,94,23,0,2383089182416,training_fold_X.corr(),False
imputation,RFECA_SVR(k=20),0.2,8,4,94,23,0,2383089182640,training_fold_X.corr(),False
imputation,RFECA_SVR(k=20),0.2,8,5,94,23,0,2383089182864,training_fold_X.corr(),False
imputation,MissForest,0.2,8,1,93,24,0,2362909472592,n/a,False
imputation,MissForest,0.2,8,2,93,24,0,2379730569168,n/a,False
imputation,MissForest,0.2,8,3,94,23,0,2379730567568,n/a,False
imputation,MissForest,0.2,8,4,94,23,0,2371991304656,n/a,False
imputation,MissForest,0.2,8,5,94,23,0,2379730582288,n/a,False
classification,SimpleMean,0.2,8,1,93,24,0,2383416592336,n/a,False
classification,SimpleMean,0.2,8,2,93,24,0,2383416593680,n/a,False
classification,SimpleMean,0.2,8,3,94,23,0,2383416731088,n/a,False
classification,SimpleMean,0.2,8,4,94,23,0,2383416999568,n/a,False
classification,SimpleMean,0.2,8,5,94,23,0,2383433897872,n/a,False
classification,"KNN(k=5,dist)",0.2,8,1,93,24,0,2383416593488,n/a,False
classification,"KNN(k=5,dist)",0.2,8,2,93,24,0,2383434533200,n/a,False
classification,"KNN(k=5,dist)",0.2,8,3,94,23,0,2383434850832,n/a,False
classification,"KNN(k=5,dist)",0.2,8,4,94,23,0,2383435168464,n/a,False
classification,"KNN(k=5,dist)",0.2,8,5,94,23,0,2383435486160,n/a,False
classification,RFECA_SVR(k=5),0.2,8,1,93,24,0,2383436434128,training_fold_X.corr(),False
classification,RFECA_SVR(k=5),0.2,8,2,93,24,0,2383436754832,training_fold_X.corr(),False
classification,RFECA_SVR(k=5),0.2,8,3,94,23,0,2383437092624,training_fold_X.corr(),False
classification,RFECA_SVR(k=5),0.2,8,4,94,23,0,2383437412880,training_fold_X.corr(),False
classification,RFECA_SVR(k=5),0.2,8,5,94,23,0,2383437750000,training_fold_X.corr(),False
classification,RFECA_SVR(k=10),0.2,8,1,93,24,0,2383454667952,training_fold_X.corr(),False
classification,RFECA_SVR(k=10),0.2,8,2,93,24,0,2383454989104,training_fold_X.corr(),False
classification,RFECA_SVR(k=10),0.2,8,3,94,23,0,2383455309616,training_fold_X.corr(),False
classification,RFECA_SVR(k=10),0.2,8,4,94,23,0,2383455662864,training_fold_X.corr(),False
classification,RFECA_SVR(k=10),0.2,8,5,94,23,0,2383456000208,training_fold_X.corr(),False
classification,RFECA_SVR(k=20),0.2,8,1,93,24,0,2383456304304,training_fold_X.corr(),False
classification,RFECA_SVR(k=20),0.2,8,2,93,24,0,2383456641872,training_fold_X.corr(),False
classification,RFECA_SVR(k=20),0.2,8,3,94,23,0,2383456992656,training_fold_X.corr(),False
classification,RFECA_SVR(k=20),0.2,8,4,94,23,0,2383457313616,training_fold_X.corr(),False
classification,RFECA_SVR(k=20),0.2,8,5,94,23,0,2383457684176,training_fold_X.corr(),False
classification,MissForest,0.2,8,1,93,24,0,2365158100816,n/a,False
classification,MissForest,0.2,8,2,93,24,0,2379730579088,n/a,False
classification,MissForest,0.2,8,3,94,23,0,2379730582608,n/a,False
classification,MissForest,0.2,8,4,94,23,0,2383107397008,n/a,False
classification,MissForest,0.2,8,5,94,23,0,2376515069072,n/a,False
imputation,SimpleMean,0.2,9,1,93,24,0,2383457424912,n/a,False
imputation,SimpleMean,0.2,9,2,93,24,0,2382064554576,n/a,False
imputation,SimpleMean,0.2,9,3,94,23,0,2382376192144,n/a,False
imputation,SimpleMean,0.2,9,4,94,23,0,2383785764496,n/a,False
imputation,SimpleMean,0.2,9,5,94,23,0,2383785764304,n/a,False
imputation,"KNN(k=5,dist)",0.2,9,1,93,24,0,2383785764688,n/a,False
imputation,"KNN(k=5,dist)",0.2,9,2,93,24,0,2383785764880,n/a,False
imputation,"KNN(k=5,dist)",0.2,9,3,94,23,0,2383785765456,n/a,False
imputation,"KNN(k=5,dist)",0.2,9,4,94,23,0,2383785765264,n/a,False
imputation,"KNN(k=5,dist)",0.2,9,5,94,23,0,2383785765072,n/a,False
imputation,RFECA_SVR(k=5),0.2,9,1,93,24,0,2383613722704,training_fold_X.corr(),False
imputation,RFECA_SVR(k=5),0.2,9,2,93,24,0,2383733664784,training_fold_X.corr(),False
imputation,RFECA_SVR(k=5),0.2,9,3,94,23,0,2383733665232,training_fold_X.corr(),False
imputation,RFECA_SVR(k=5),0.2,9,4,94,23,0,2383733665456,training_fold_X.corr(),False
imputation,RFECA_SVR(k=5),0.2,9,5,94,23,0,2383733665680,training_fold_X.corr(),False
imputation,RFECA_SVR(k=10),0.2,9,1,93,24,0,2383055470672,training_fold_X.corr(),False
imputation,RFECA_SVR(k=10),0.2,9,2,93,24,0,2383733655376,training_fold_X.corr(),False
imputation,RFECA_SVR(k=10),0.2,9,3,94,23,0,2383733665008,training_fold_X.corr(),False
imputation,RFECA_SVR(k=10),0.2,9,4,94,23,0,2383785980016,training_fold_X.corr(),False
imputation,RFECA_SVR(k=10),0.2,9,5,94,23,0,2383785983600,training_fold_X.corr(),False
imputation,RFECA_SVR(k=20),0.2,9,1,93,24,0,2383785982928,training_fold_X.corr(),False
imputation,RFECA_SVR(k=20),0.2,9,2,93,24,0,2383785983152,training_fold_X.corr(),False
imputation,RFECA_SVR(k=20),0.2,9,3,94,23,0,2383785978672,training_fold_X.corr(),False
imputation,RFECA_SVR(k=20),0.2,9,4,94,23,0,2383785982704,training_fold_X.corr(),False
imputation,RFECA_SVR(k=20),0.2,9,5,94,23,0,2383785982480,training_fold_X.corr(),False
imputation,MissForest,0.2,9,1,93,24,0,2365158106576,n/a,False
imputation,MissForest,0.2,9,2,93,24,0,2383107396688,n/a,False
imputation,MissForest,0.2,9,3,94,23,0,2379730570448,n/a,False
imputation,MissForest,0.2,9,4,94,23,0,2376515061072,n/a,False
imputation,MissForest,0.2,9,5,94,23,0,2383107392528,n/a,False
classification,SimpleMean,0.2,9,1,93,24,0,2384096061840,n/a,False
classification,SimpleMean,0.2,9,2,93,24,0,2384096063376,n/a,False
classification,SimpleMean,0.2,9,3,94,23,0,2384096200656,n/a,False
classification,SimpleMean,0.2,9,4,94,23,0,2384129613968,n/a,False
classification,SimpleMean,0.2,9,5,94,23,0,2384129931600,n/a,False
classification,"KNN(k=5,dist)",0.2,9,1,93,24,0,2384096053776,n/a,False
classification,"KNN(k=5,dist)",0.2,9,2,93,24,0,2384130583312,n/a,False
classification,"KNN(k=5,dist)",0.2,9,3,94,23,0,2384130884624,n/a,False
classification,"KNN(k=5,dist)",0.2,9,4,94,23,0,2384131218640,n/a,False
classification,"KNN(k=5,dist)",0.2,9,5,94,23,0,2384131503504,n/a,False
classification,RFECA_SVR(k=5),0.2,9,1,93,24,0,2384132450000,training_fold_X.corr(),False
classification,RFECA_SVR(k=5),0.2,9,2,93,24,0,2383785978224,training_fold_X.corr(),False
classification,RFECA_SVR(k=5),0.2,9,3,94,23,0,2384133105808,training_fold_X.corr(),False
classification,RFECA_SVR(k=5),0.2,9,4,94,23,0,2384133426320,training_fold_X.corr(),False
classification,RFECA_SVR(k=5),0.2,9,5,94,23,0,2384150343792,training_fold_X.corr(),False
classification,RFECA_SVR(k=10),0.2,9,1,93,24,0,2384150664752,training_fold_X.corr(),False
classification,RFECA_SVR(k=10),0.2,9,2,93,24,0,2384150985904,training_fold_X.corr(),False
classification,RFECA_SVR(k=10),0.2,9,3,94,23,0,2384151339184,training_fold_X.corr(),False
classification,RFECA_SVR(k=10),0.2,9,4,94,23,0,2384151627152,training_fold_X.corr(),False
classification,RFECA_SVR(k=10),0.2,9,5,94,23,0,2384151980624,training_fold_X.corr(),False
classification,RFECA_SVR(k=20),0.2,9,1,93,24,0,2384152334800,training_fold_X.corr(),False
classification,RFECA_SVR(k=20),0.2,9,2,93,24,0,2384152655056,training_fold_X.corr(),False
classification,RFECA_SVR(k=20),0.2,9,3,94,23,0,2384153008560,training_fold_X.corr(),False
classification,RFECA_SVR(k=20),0.2,9,4,94,23,0,2384153329264,training_fold_X.corr(),False
classification,RFECA_SVR(k=20),0.2,9,5,94,23,0,2384153699824,training_fold_X.corr(),False
classification,MissForest,0.2,9,1,93,24,0,2379730577168,n/a,False
classification,MissForest,0.2,9,2,93,24,0,2375180475024,n/a,False
classification,MissForest,0.2,9,3,94,23,0,2369236378768,n/a,False
classification,MissForest,0.2,9,4,94,23,0,2383107394128,n/a,False
classification,MissForest,0.2,9,5,94,23,0,2379730568208,n/a,False
imputation,SimpleMean,0.3,0,1,93,24,0,2384153458640,n/a,False
imputation,SimpleMean,0.3,0,2,93,24,0,2381349318352,n/a,False
imputation,SimpleMean,0.3,0,3,94,23,0,2383055653584,n/a,False
imputation,SimpleMean,0.3,0,4,94,23,0,2384481831056,n/a,False
imputation,SimpleMean,0.3,0,5,94,23,0,2384481830864,n/a,False
imputation,"KNN(k=5,dist)",0.3,0,1,93,24,0,2384481831248,n/a,False
imputation,"KNN(k=5,dist)",0.3,0,2,93,24,0,2384481831824,n/a,False
imputation,"KNN(k=5,dist)",0.3,0,3,94,23,0,2384481831440,n/a,False
imputation,"KNN(k=5,dist)",0.3,0,4,94,23,0,2384481831632,n/a,False
imputation,"KNN(k=5,dist)",0.3,0,5,94,23,0,2384481832016,n/a,False
imputation,RFECA_SVR(k=5),0.3,0,1,93,24,0,2383785980688,training_fold_X.corr(),False
imputation,RFECA_SVR(k=5),0.3,0,2,93,24,0,2384482041008,training_fold_X.corr(),False
imputation,RFECA_SVR(k=5),0.3,0,3,94,23,0,2384482041232,training_fold_X.corr(),False
imputation,RFECA_SVR(k=5),0.3,0,4,94,23,0,2384482039888,training_fold_X.corr(),False
imputation,RFECA_SVR(k=5),0.3,0,5,94,23,0,2384482040336,training_fold_X.corr(),False
imputation,RFECA_SVR(k=10),0.3,0,1,93,24,0,2384482040560,training_fold_X.corr(),False
imputation,RFECA_SVR(k=10),0.3,0,2,93,24,0,2384482040784,training_fold_X.corr(),False
imputation,RFECA_SVR(k=10),0.3,0,3,94,23,0,2384482041456,training_fold_X.corr(),False
imputation,RFECA_SVR(k=10),0.3,0,4,94,23,0,2384482040112,training_fold_X.corr(),False
imputation,RFECA_SVR(k=10),0.3,0,5,94,23,0,2384482053360,training_fold_X.corr(),False
imputation,RFECA_SVR(k=20),0.3,0,1,93,24,0,2384482053136,training_fold_X.corr(),False
imputation,RFECA_SVR(k=20),0.3,0,2,93,24,0,2384482043056,training_fold_X.corr(),False
imputation,RFECA_SVR(k=20),0.3,0,3,94,23,0,2384482042832,training_fold_X.corr(),False
imputation,RFECA_SVR(k=20),0.3,0,4,94,23,0,2384482042608,training_fold_X.corr(),False
imputation,RFECA_SVR(k=20),0.3,0,5,94,23,0,2384482049552,training_fold_X.corr(),False
imputation,MissForest,0.3,0,1,93,24,0,2365158098256,n/a,False
imputation,MissForest,0.3,0,2,93,24,0,2383107398608,n/a,False
imputation,MissForest,0.3,0,3,94,23,0,2379730568528,n/a,False
imputation,MissForest,0.3,0,4,94,23,0,2360860914896,n/a,False
imputation,MissForest,0.3,0,5,94,23,0,2375180476944,n/a,False
classification,SimpleMean,0.3,0,1,93,24,0,2384775565328,n/a,False
classification,SimpleMean,0.3,0,2,93,24,0,2384775565904,n/a,False
classification,SimpleMean,0.3,0,3,94,23,0,2384775555472,n/a,False
classification,SimpleMean,0.3,0,4,94,23,0,2384775905936,n/a,False
classification,SimpleMean,0.3,0,5,94,23,0,2384776239952,n/a,False
classification,"KNN(k=5,dist)",0.3,0,1,93,24,0,2384775564176,n/a,False
classification,"KNN(k=5,dist)",0.3,0,2,93,24,0,2384776875280,n/a,False
classification,"KNN(k=5,dist)",0.3,0,3,94,23,0,2384777209296,n/a,False
classification,"KNN(k=5,dist)",0.3,0,4,94,23,0,2384777526928,n/a,False
classification,"KNN(k=5,dist)",0.3,0,5,94,23,0,2384794441616,n/a,False
classification,RFECA_SVR(k=5),0.3,0,1,93,24,0,2384795335184,training_fold_X.corr(),False
classification,RFECA_SVR(k=5),0.3,0,2,93,24,0,2384795705296,training_fold_X.corr(),False
classification,RFECA_SVR(k=5),0.3,0,3,94,23,0,2384796026704,training_fold_X.corr(),False
classification,RFECA_SVR(k=5),0.3,0,4,94,23,0,2384796346960,training_fold_X.corr(),False
classification,RFECA_SVR(k=5),0.3,0,5,94,23,0,2384796667696,training_fold_X.corr(),False
classification,RFECA_SVR(k=10),0.3,0,1,93,24,0,2384797002096,training_fold_X.corr(),False
classification,RFECA_SVR(k=10),0.3,0,2,93,24,0,2384797339888,training_fold_X.corr(),False
classification,RFECA_SVR(k=10),0.3,0,3,94,23,0,2384797453008,training_fold_X.corr(),False
classification,RFECA_SVR(k=10),0.3,0,4,94,23,0,2384797724560,training_fold_X.corr(),False
classification,RFECA_SVR(k=10),0.3,0,5,94,23,0,2384798078736,training_fold_X.corr(),False
classification,RFECA_SVR(k=20),0.3,0,1,93,24,0,2384798383504,training_fold_X.corr(),False
classification,RFECA_SVR(k=20),0.3,0,2,93,24,0,2384815317392,training_fold_X.corr(),False
classification,RFECA_SVR(k=20),0.3,0,3,94,23,0,2384815654512,training_fold_X.corr(),False
classification,RFECA_SVR(k=20),0.3,0,4,94,23,0,2384815991600,training_fold_X.corr(),False
classification,RFECA_SVR(k=20),0.3,0,5,94,23,0,2384816329392,training_fold_X.corr(),False
classification,MissForest,0.3,0,1,93,24,0,2371991300176,n/a,False
classification,MissForest,0.3,0,2,93,24,0,2371991300496,n/a,False
classification,MissForest,0.3,0,3,94,23,0,2376515068112,n/a,False
classification,MissForest,0.3,0,4,94,23,0,2383107402768,n/a,False
classification,MissForest,0.3,0,5,94,23,0,2369236374288,n/a,False
imputation,SimpleMean,0.3,1,1,93,24,0,2383454753936,n/a,False
imputation,SimpleMean,0.3,1,2,93,24,0,2382045237456,n/a,False
imputation,SimpleMean,0.3,1,3,94,23,0,2383785708624,n/a,False
imputation,SimpleMean,0.3,1,4,94,23,0,2385094601104,n/a,False
imputation,SimpleMean,0.3,1,5,94,23,0,2385094601296,n/a,False
imputation,"KNN(k=5,dist)",0.3,1,1,93,24,0,2385094601488,n/a,False
imputation,"KNN(k=5,dist)",0.3,1,2,93,24,0,2385094602256,n/a,False
imputation,"KNN(k=5,dist)",0.3,1,3,94,23,0,2385094601872,n/a,False
imputation,"KNN(k=5,dist)",0.3,1,4,94,23,0,2385094602064,n/a,False
imputation,"KNN(k=5,dist)",0.3,1,5,94,23,0,2385094601680,n/a,False
imputation,RFECA_SVR(k=5),0.3,1,1,93,24,0,2384291902896,training_fold_X.corr(),False
imputation,RFECA_SVR(k=5),0.3,1,2,93,24,0,2385094802608,training_fold_X.corr(),False
imputation,RFECA_SVR(k=5),0.3,1,3,94,23,0,2385094802160,training_fold_X.corr(),False
imputation,RFECA_SVR(k=5),0.3,1,4,94,23,0,2385094801936,training_fold_X.corr(),False
imputation,RFECA_SVR(k=5),0.3,1,5,94,23,0,2385094801712,training_fold_X.corr(),False
imputation,RFECA_SVR(k=10),0.3,1,1,93,24,0,2385094801488,training_fold_X.corr(),False
imputation,RFECA_SVR(k=10),0.3,1,2,93,24,0,2385094801264,training_fold_X.corr(),False
imputation,RFECA_SVR(k=10),0.3,1,3,94,23,0,2385094801040,training_fold_X.corr(),False
imputation,RFECA_SVR(k=10),0.3,1,4,94,23,0,2385094800816,training_fold_X.corr(),False
imputation,RFECA_SVR(k=10),0.3,1,5,94,23,0,2385094800592,training_fold_X.corr(),False
imputation,RFECA_SVR(k=20),0.3,1,1,93,24,0,2385094800368,training_fold_X.corr(),False
imputation,RFECA_SVR(k=20),0.3,1,2,93,24,0,2385094800144,training_fold_X.corr(),False
imputation,RFECA_SVR(k=20),0.3,1,3,94,23,0,2385094799024,training_fold_X.corr(),False
imputation,RFECA_SVR(k=20),0.3,1,4,94,23,0,2385094797456,training_fold_X.corr(),False
imputation,RFECA_SVR(k=20),0.3,1,5,94,23,0,2385094799248,training_fold_X.corr(),False
imputation,MissForest,0.3,1,1,93,24,0,2360655546960,n/a,False
imputation,MissForest,0.3,1,2,93,24,0,2376515073872,n/a,False
imputation,MissForest,0.3,1,3,94,23,0,2369236383568,n/a,False
imputation,MissForest,0.3,1,4,94,23,0,2376515070032,n/a,False
imputation,MissForest,0.3,1,5,94,23,0,2383107402128,n/a,False
classification,SimpleMean,0.3,1,1,93,24,0,2385371705808,n/a,False
classification,SimpleMean,0.3,1,2,93,24,0,2385371706000,n/a,False
classification,SimpleMean,0.3,1,3,94,23,0,2385371761552,n/a,False
classification,SimpleMean,0.3,1,4,94,23,0,2385406223440,n/a,False
classification,SimpleMean,0.3,1,5,94,23,0,2385405082896,n/a,False
classification,"KNN(k=5,dist)",0.3,1,1,93,24,0,2385371696592,n/a,False
classification,"KNN(k=5,dist)",0.3,1,2,93,24,0,2385408143056,n/a,False
classification,"KNN(k=5,dist)",0.3,1,3,94,23,0,2385408231376,n/a,False
classification,"KNN(k=5,dist)",0.3,1,4,94,23,0,2385408499856,n/a,False
classification,"KNN(k=5,dist)",0.3,1,5,94,23,0,2385408768336,n/a,False
classification,RFECA_SVR(k=5),0.3,1,1,93,24,0,2385409665392,training_fold_X.corr(),False
classification,RFECA_SVR(k=5),0.3,1,2,93,24,0,2385410002288,training_fold_X.corr(),False
classification,RFECA_SVR(k=5),0.3,1,3,94,23,0,2385426919760,training_fold_X.corr(),False
classification,RFECA_SVR(k=5),0.3,1,4,94,23,0,2385427257104,training_fold_X.corr(),False
classification,RFECA_SVR(k=5),0.3,1,5,94,23,0,2385427578256,training_fold_X.corr(),False
classification,RFECA_SVR(k=10),0.3,1,1,93,24,0,2385427915152,training_fold_X.corr(),False
classification,RFECA_SVR(k=10),0.3,1,2,93,24,0,2385428252272,training_fold_X.corr(),False
classification,RFECA_SVR(k=10),0.3,1,3,94,23,0,2385428556592,training_fold_X.corr(),False
classification,RFECA_SVR(k=10),0.3,1,4,94,23,0,2385428910768,training_fold_X.corr(),False
classification,RFECA_SVR(k=10),0.3,1,5,94,23,0,2385429247408,training_fold_X.corr(),False
classification,RFECA_SVR(k=20),0.3,1,1,93,24,0,2385429568144,training_fold_X.corr(),False
classification,RFECA_SVR(k=20),0.3,1,2,93,24,0,2385429919152,training_fold_X.corr(),False
classification,RFECA_SVR(k=20),0.3,1,3,94,23,0,2385430256944,training_fold_X.corr(),False
classification,RFECA_SVR(k=20),0.3,1,4,94,23,0,2385430576304,training_fold_X.corr(),False
classification,RFECA_SVR(k=20),0.3,1,5,94,23,0,2385430914320,training_fold_X.corr(),False
classification,MissForest,0.3,1,1,93,24,0,2369236375248,n/a,False
classification,MissForest,0.3,1,2,93,24,0,2371991290256,n/a,False
classification,MissForest,0.3,1,3,94,23,0,2383107407248,n/a,False
classification,MissForest,0.3,1,4,94,23,0,2365158107216,n/a,False
classification,MissForest,0.3,1,5,94,23,0,2383107402448,n/a,False
imputation,SimpleMean,0.3,2,1,93,24,0,2385430657936,n/a,False
imputation,SimpleMean,0.3,2,2,93,24,0,2382741271184,n/a,False
imputation,SimpleMean,0.3,2,3,94,23,0,2384481685136,n/a,False
imputation,SimpleMean,0.3,2,4,94,23,0,2385725836176,n/a,False
imputation,SimpleMean,0.3,2,5,94,23,0,2385725836368,n/a,False
imputation,"KNN(k=5,dist)",0.3,2,1,93,24,0,2385725836560,n/a,False
imputation,"KNN(k=5,dist)",0.3,2,2,93,24,0,2385725836752,n/a,False
imputation,"KNN(k=5,dist)",0.3,2,3,94,23,0,2385725836944,n/a,False
imputation,"KNN(k=5,dist)",0.3,2,4,94,23,0,2385725837136,n/a,False
imputation,"KNN(k=5,dist)",0.3,2,5,94,23,0,2385725837328,n/a,False
imputation,RFECA_SVR(k=5),0.3,2,1,93,24,0,2385094797680,training_fold_X.corr(),False
imputation,RFECA_SVR(k=5),0.3,2,2,93,24,0,2385604836304,training_fold_X.corr(),False
imputation,RFECA_SVR(k=5),0.3,2,3,94,23,0,2385604835856,training_fold_X.corr(),False
imputation,RFECA_SVR(k=5),0.3,2,4,94,23,0,2385604836976,training_fold_X.corr(),False
imputation,RFECA_SVR(k=5),0.3,2,5,94,23,0,2385673724752,training_fold_X.corr(),False
imputation,RFECA_SVR(k=10),0.3,2,1,93,24,0,2385673730128,training_fold_X.corr(),False
imputation,RFECA_SVR(k=10),0.3,2,2,93,24,0,2385673728112,training_fold_X.corr(),False
imputation,RFECA_SVR(k=10),0.3,2,3,94,23,0,2385673726768,training_fold_X.corr(),False
imputation,RFECA_SVR(k=10),0.3,2,4,94,23,0,2385673728560,training_fold_X.corr(),False
imputation,RFECA_SVR(k=10),0.3,2,5,94,23,0,2385673729904,training_fold_X.corr(),False
imputation,RFECA_SVR(k=20),0.3,2,1,93,24,0,2385673729680,training_fold_X.corr(),False
imputation,RFECA_SVR(k=20),0.3,2,2,93,24,0,2385673729008,training_fold_X.corr(),False
imputation,RFECA_SVR(k=20),0.3,2,3,94,23,0,2385673726320,training_fold_X.corr(),False
imputation,RFECA_SVR(k=20),0.3,2,4,94,23,0,2385673729232,training_fold_X.corr(),False
imputation,RFECA_SVR(k=20),0.3,2,5,94,23,0,2385673728784,training_fold_X.corr(),False
imputation,MissForest,0.3,2,1,93,24,0,2376515069392,n/a,False
imputation,MissForest,0.3,2,2,93,24,0,2383107407568,n/a,False
imputation,MissForest,0.3,2,3,94,23,0,2365158107856,n/a,False
imputation,MissForest,0.3,2,4,94,23,0,2376515063312,n/a,False
imputation,MissForest,0.3,2,5,94,23,0,2379730570128,n/a,False
classification,SimpleMean,0.3,2,1,93,24,0,2386002924496,n/a,False
classification,SimpleMean,0.3,2,2,93,24,0,2386002924880,n/a,False
classification,SimpleMean,0.3,2,3,94,23,0,2386002996560,n/a,False
classification,SimpleMean,0.3,2,4,94,23,0,2386003281488,n/a,False
classification,SimpleMean,0.3,2,5,94,23,0,2386020196112,n/a,False
classification,"KNN(k=5,dist)",0.3,2,1,93,24,0,2386002923344,n/a,False
classification,"KNN(k=5,dist)",0.3,2,2,93,24,0,2386020831440,n/a,False
classification,"KNN(k=5,dist)",0.3,2,3,94,23,0,2386037713296,n/a,False
classification,"KNN(k=5,dist)",0.3,2,4,94,23,0,2386038030992,n/a,False
classification,"KNN(k=5,dist)",0.3,2,5,94,23,0,2386038348624,n/a,False
classification,RFECA_SVR(k=5),0.3,2,1,93,24,0,2386039258736,training_fold_X.corr(),False
classification,RFECA_SVR(k=5),0.3,2,2,93,24,0,2386039612464,training_fold_X.corr(),False
classification,RFECA_SVR(k=5),0.3,2,3,94,23,0,2386039933872,training_fold_X.corr(),False
classification,RFECA_SVR(k=5),0.3,2,4,94,23,0,2386040270512,training_fold_X.corr(),False
classification,RFECA_SVR(k=5),0.3,2,5,94,23,0,2386040607632,training_fold_X.corr(),False
classification,RFECA_SVR(k=10),0.3,2,1,93,24,0,2386040928336,training_fold_X.corr(),False
classification,RFECA_SVR(k=10),0.3,2,2,93,24,0,2386041266128,training_fold_X.corr(),False
classification,RFECA_SVR(k=10),0.3,2,3,94,23,0,2386041619408,training_fold_X.corr(),False
classification,RFECA_SVR(k=10),0.3,2,4,94,23,0,2386058504112,training_fold_X.corr(),False
classification,RFECA_SVR(k=10),0.3,2,5,94,23,0,2386058857840,training_fold_X.corr(),False
classification,RFECA_SVR(k=20),0.3,2,1,93,24,0,2386059178992,training_fold_X.corr(),False
classification,RFECA_SVR(k=20),0.3,2,2,93,24,0,2386059512976,training_fold_X.corr(),False
classification,RFECA_SVR(k=20),0.3,2,3,94,23,0,2386059817072,training_fold_X.corr(),False
classification,RFECA_SVR(k=20),0.3,2,4,94,23,0,2386060170800,training_fold_X.corr(),False
classification,RFECA_SVR(k=20),0.3,2,5,94,23,0,2386060491952,training_fold_X.corr(),False
classification,MissForest,0.3,2,1,93,24,0,2369236369808,n/a,False
classification,MissForest,0.3,2,2,93,24,0,2383107393488,n/a,False
classification,MissForest,0.3,2,3,94,23,0,2383107405968,n/a,False
classification,MissForest,0.3,2,4,94,23,0,2379730573328,n/a,False
classification,MissForest,0.3,2,5,94,23,0,2369236373008,n/a,False
imputation,SimpleMean,0.3,3,1,93,24,0,2386060238224,n/a,False
imputation,SimpleMean,0.3,3,2,93,24,0,2384816052688,n/a,False
imputation,SimpleMean,0.3,3,3,94,23,0,2385094475856,n/a,False
imputation,SimpleMean,0.3,3,4,94,23,0,2386338852176,n/a,False
imputation,SimpleMean,0.3,3,5,94,23,0,2386338852368,n/a,False
imputation,"KNN(k=5,dist)",0.3,3,1,93,24,0,2386338852560,n/a,False
imputation,"KNN(k=5,dist)",0.3,3,2,93,24,0,2386338853328,n/a,False
imputation,"KNN(k=5,dist)",0.3,3,3,94,23,0,2386338853136,n/a,False
imputation,"KNN(k=5,dist)",0.3,3,4,94,23,0,2386338852752,n/a,False
imputation,"KNN(k=5,dist)",0.3,3,5,94,23,0,2386338852944,n/a,False
imputation,RFECA_SVR(k=5),0.3,3,1,93,24,0,2386303334256,training_fold_X.corr(),False
imputation,RFECA_SVR(k=5),0.3,3,2,93,24,0,2386303333808,training_fold_X.corr(),False
imputation,RFECA_SVR(k=5),0.3,3,3,94,23,0,2386217872848,training_fold_X.corr(),False
imputation,RFECA_SVR(k=5),0.3,3,4,94,23,0,2386217872176,training_fold_X.corr(),False
imputation,RFECA_SVR(k=5),0.3,3,5,94,23,0,2386217871056,training_fold_X.corr(),False
imputation,RFECA_SVR(k=10),0.3,3,1,93,24,0,2385726101712,training_fold_X.corr(),False
imputation,RFECA_SVR(k=10),0.3,3,2,93,24,0,2386217871728,training_fold_X.corr(),False
imputation,RFECA_SVR(k=10),0.3,3,3,94,23,0,2386217873968,training_fold_X.corr(),False
imputation,RFECA_SVR(k=10),0.3,3,4,94,23,0,2386339069552,training_fold_X.corr(),False
imputation,RFECA_SVR(k=10),0.3,3,5,94,23,0,2386339069328,training_fold_X.corr(),False
imputation,RFECA_SVR(k=20),0.3,3,1,93,24,0,2386339063728,training_fold_X.corr(),False
imputation,RFECA_SVR(k=20),0.3,3,2,93,24,0,2386339062608,training_fold_X.corr(),False
imputation,RFECA_SVR(k=20),0.3,3,3,94,23,0,2386339062832,training_fold_X.corr(),False
imputation,RFECA_SVR(k=20),0.3,3,4,94,23,0,2386339063056,training_fold_X.corr(),False
imputation,RFECA_SVR(k=20),0.3,3,5,94,23,0,2386339068656,training_fold_X.corr(),False
imputation,MissForest,0.3,3,1,93,24,0,2383107400528,n/a,False
imputation,MissForest,0.3,3,2,93,24,0,2379730576848,n/a,False
imputation,MissForest,0.3,3,3,94,23,0,2369236378448,n/a,False
imputation,MissForest,0.3,3,4,94,23,0,2383107395088,n/a,False
imputation,MissForest,0.3,3,5,94,23,0,2371991303696,n/a,False
classification,SimpleMean,0.3,3,1,93,24,0,2386615973264,n/a,False
classification,SimpleMean,0.3,3,2,93,24,0,2386615973456,n/a,False
classification,SimpleMean,0.3,3,3,94,23,0,2386616078160,n/a,False
classification,SimpleMean,0.3,3,4,94,23,0,2386649491472,n/a,False
classification,SimpleMean,0.3,3,5,94,23,0,2386650087696,n/a,False
classification,"KNN(k=5,dist)",0.3,3,1,93,24,0,2386615960016,n/a,False
classification,"KNN(k=5,dist)",0.3,3,2,93,24,0,2386650477200,n/a,False
classification,"KNN(k=5,dist)",0.3,3,3,94,23,0,2386650794896,n/a,False
classification,"KNN(k=5,dist)",0.3,3,4,94,23,0,2386651128912,n/a,False
classification,"KNN(k=5,dist)",0.3,3,5,94,23,0,2386651446544,n/a,False
classification,RFECA_SVR(k=5),0.3,3,1,93,24,0,2386652303152,training_fold_X.corr(),False
classification,RFECA_SVR(k=5),0.3,3,2,93,24,0,2386669237232,training_fold_X.corr(),False
classification,RFECA_SVR(k=5),0.3,3,3,94,23,0,2386669558640,training_fold_X.corr(),False
classification,RFECA_SVR(k=5),0.3,3,4,94,23,0,2386669862512,training_fold_X.corr(),False
classification,RFECA_SVR(k=5),0.3,3,5,94,23,0,2386670216016,training_fold_X.corr(),False
classification,RFECA_SVR(k=10),0.3,3,1,93,24,0,2386670536976,training_fold_X.corr(),False
classification,RFECA_SVR(k=10),0.3,3,2,93,24,0,2386670858128,training_fold_X.corr(),False
classification,RFECA_SVR(k=10),0.3,3,3,94,23,0,2386671211408,training_fold_X.corr(),False
classification,RFECA_SVR(k=10),0.3,3,4,94,23,0,2386671548272,training_fold_X.corr(),False
classification,RFECA_SVR(k=10),0.3,3,5,94,23,0,2386671902000,training_fold_X.corr(),False
classification,RFECA_SVR(k=20),0.3,3,1,93,24,0,2386672223408,training_fold_X.corr(),False
classification,RFECA_SVR(k=20),0.3,3,2,93,24,0,2386672560048,training_fold_X.corr(),False
classification,RFECA_SVR(k=20),0.3,3,3,94,23,0,2386672913552,training_fold_X.corr(),False
classification,RFECA_SVR(k=20),0.3,3,4,94,23,0,2386689831248,training_fold_X.corr(),False
classification,RFECA_SVR(k=20),0.3,3,5,94,23,0,2386690185424,training_fold_X.corr(),False
classification,MissForest,0.3,3,1,93,24,0,2379730578768,n/a,False
classification,MissForest,0.3,3,2,93,24,0,2379730567248,n/a,False
classification,MissForest,0.3,3,3,94,23,0,2379730574608,n/a,False
classification,MissForest,0.3,3,4,94,23,0,2371991299536,n/a,False
classification,MissForest,0.3,3,5,94,23,0,2379730570768,n/a,False
imputation,SimpleMean,0.3,4,1,93,24,0,2386690228304,n/a,False
imputation,SimpleMean,0.3,4,2,93,24,0,2384150738512,n/a,False
imputation,SimpleMean,0.3,4,3,94,23,0,2385725784720,n/a,False
imputation,SimpleMean,0.3,4,4,94,23,0,2386951950160,n/a,False
imputation,SimpleMean,0.3,4,5,94,23,0,2386951950352,n/a,False
imputation,"KNN(k=5,dist)",0.3,4,1,93,24,0,2386951950544,n/a,False
imputation,"KNN(k=5,dist)",0.3,4,2,93,24,0,2386951951120,n/a,False
imputation,"KNN(k=5,dist)",0.3,4,3,94,23,0,2386951950928,n/a,False
imputation,"KNN(k=5,dist)",0.3,4,4,94,23,0,2386951950736,n/a,False
imputation,"KNN(k=5,dist)",0.3,4,5,94,23,0,2386951951312,n/a,False
imputation,RFECA_SVR(k=5),0.3,4,1,93,24,0,2386916477872,training_fold_X.corr(),False
imputation,RFECA_SVR(k=5),0.3,4,2,93,24,0,2386339063504,training_fold_X.corr(),False
imputation,RFECA_SVR(k=5),0.3,4,3,94,23,0,2386985335984,training_fold_X.corr(),False
imputation,RFECA_SVR(k=5),0.3,4,4,94,23,0,2386985335536,training_fold_X.corr(),False
imputation,RFECA_SVR(k=5),0.3,4,5,94,23,0,2386985335312,training_fold_X.corr(),False
imputation,RFECA_SVR(k=10),0.3,4,1,93,24,0,2386985335088,training_fold_X.corr(),False
imputation,RFECA_SVR(k=10),0.3,4,2,93,24,0,2386985334864,training_fold_X.corr(),False
imputation,RFECA_SVR(k=10),0.3,4,3,94,23,0,2386985334640,training_fold_X.corr(),False
imputation,RFECA_SVR(k=10),0.3,4,4,94,23,0,2386985334416,training_fold_X.corr(),False
imputation,RFECA_SVR(k=10),0.3,4,5,94,23,0,2386985334192,training_fold_X.corr(),False
imputation,RFECA_SVR(k=20),0.3,4,1,93,24,0,2386985333296,training_fold_X.corr(),False
imputation,RFECA_SVR(k=20),0.3,4,2,93,24,0,2386985331728,training_fold_X.corr(),False
imputation,RFECA_SVR(k=20),0.3,4,3,94,23,0,2386985332624,training_fold_X.corr(),False
imputation,RFECA_SVR(k=20),0.3,4,4,94,23,0,2386985331952,training_fold_X.corr(),False
imputation,RFECA_SVR(k=20),0.3,4,5,94,23,0,2386985332400,training_fold_X.corr(),False
imputation,MissForest,0.3,4,1,93,24,0,2371991289936,n/a,False
imputation,MissForest,0.3,4,2,93,24,0,2376515068752,n/a,False
imputation,MissForest,0.3,4,3,94,23,0,2375180481424,n/a,False
imputation,MissForest,0.3,4,4,94,23,0,2379730579408,n/a,False
imputation,MissForest,0.3,4,5,94,23,0,2375180482704,n/a,False
classification,SimpleMean,0.3,4,1,93,24,0,2387262298000,n/a,False
classification,SimpleMean,0.3,4,2,93,24,0,2387262298384,n/a,False
classification,SimpleMean,0.3,4,3,94,23,0,2387262386448,n/a,False
classification,SimpleMean,0.3,4,4,94,23,0,2387262654992,n/a,False
classification,SimpleMean,0.3,4,5,94,23,0,2387262972624,n/a,False
classification,"KNN(k=5,dist)",0.3,4,1,93,24,0,2387262292816,n/a,False
classification,"KNN(k=5,dist)",0.3,4,2,93,24,0,2387263591568,n/a,False
classification,"KNN(k=5,dist)",0.3,4,3,94,23,0,2387263925584,n/a,False
classification,"KNN(k=5,dist)",0.3,4,4,94,23,0,2387280840272,n/a,False
classification,"KNN(k=5,dist)",0.3,4,5,94,23,0,2387281125136,n/a,False
classification,RFECA_SVR(k=5),0.3,4,1,93,24,0,2387282046192,training_fold_X.corr(),False
classification,RFECA_SVR(k=5),0.3,4,2,93,24,0,2387282383536,training_fold_X.corr(),False
classification,RFECA_SVR(k=5),0.3,4,3,94,23,0,2387282704688,training_fold_X.corr(),False
classification,RFECA_SVR(k=5),0.3,4,4,94,23,0,2387283025200,training_fold_X.corr(),False
classification,RFECA_SVR(k=5),0.3,4,5,94,23,0,2387283343216,training_fold_X.corr(),False
classification,RFECA_SVR(k=10),0.3,4,1,93,24,0,2387283680560,training_fold_X.corr(),False
classification,RFECA_SVR(k=10),0.3,4,2,93,24,0,2387284018352,training_fold_X.corr(),False
classification,RFECA_SVR(k=10),0.3,4,3,94,23,0,2387284322224,training_fold_X.corr(),False
classification,RFECA_SVR(k=10),0.3,4,4,94,23,0,2387284659344,training_fold_X.corr(),False
classification,RFECA_SVR(k=10),0.3,4,5,94,23,0,2387301593424,training_fold_X.corr(),False
classification,RFECA_SVR(k=20),0.3,4,1,93,24,0,2387301947600,training_fold_X.corr(),False
classification,RFECA_SVR(k=20),0.3,4,2,93,24,0,2387302300624,training_fold_X.corr(),False
classification,RFECA_SVR(k=20),0.3,4,3,94,23,0,2387302621360,training_fold_X.corr(),False
classification,RFECA_SVR(k=20),0.3,4,4,94,23,0,2387302975088,training_fold_X.corr(),False
classification,RFECA_SVR(k=20),0.3,4,5,94,23,0,2387303279856,training_fold_X.corr(),False
classification,MissForest,0.3,4,1,93,24,0,2379730581328,n/a,False
classification,MissForest,0.3,4,2,93,24,0,2375180479184,n/a,False
classification,MissForest,0.3,4,3,94,23,0,2379730579728,n/a,False
classification,MissForest,0.3,4,4,94,23,0,2379730575568,n/a,False
classification,MissForest,0.3,4,5,94,23,0,2379730569488,n/a,False
imputation,SimpleMean,0.3,5,1,93,24,0,2386040986640,n/a,False
imputation,SimpleMean,0.3,5,2,93,24,0,2384797063248,n/a,False
imputation,SimpleMean,0.3,5,3,94,23,0,2386338808848,n/a,False
imputation,SimpleMean,0.3,5,4,94,23,0,2387598242064,n/a,False
imputation,SimpleMean,0.3,5,5,94,23,0,2387598242256,n/a,False
imputation,"KNN(k=5,dist)",0.3,5,1,93,24,0,2387598242448,n/a,False
imputation,"KNN(k=5,dist)",0.3,5,2,93,24,0,2387598242832,n/a,False
imputation,"KNN(k=5,dist)",0.3,5,3,94,23,0,2387598243024,n/a,False
imputation,"KNN(k=5,dist)",0.3,5,4,94,23,0,2387598243216,n/a,False
imputation,"KNN(k=5,dist)",0.3,5,5,94,23,0,2387598242640,n/a,False
imputation,RFECA_SVR(k=5),0.3,5,1,93,24,0,2386742947952,training_fold_X.corr(),False
imputation,RFECA_SVR(k=5),0.3,5,2,93,24,0,2387598485200,training_fold_X.corr(),False
imputation,RFECA_SVR(k=5),0.3,5,3,94,23,0,2387598486320,training_fold_X.corr(),False
imputation,RFECA_SVR(k=5),0.3,5,4,94,23,0,2387598485872,training_fold_X.corr(),False
imputation,RFECA_SVR(k=5),0.3,5,5,94,23,0,2387598480048,training_fold_X.corr(),False
imputation,RFECA_SVR(k=10),0.3,5,1,93,24,0,2387598480496,training_fold_X.corr(),False
imputation,RFECA_SVR(k=10),0.3,5,2,93,24,0,2387598479600,training_fold_X.corr(),False
imputation,RFECA_SVR(k=10),0.3,5,3,94,23,0,2387598480272,training_fold_X.corr(),False
imputation,RFECA_SVR(k=10),0.3,5,4,94,23,0,2387598482736,training_fold_X.corr(),False
imputation,RFECA_SVR(k=10),0.3,5,5,94,23,0,2387598482512,training_fold_X.corr(),False
imputation,RFECA_SVR(k=20),0.3,5,1,93,24,0,2387598482288,training_fold_X.corr(),False
imputation,RFECA_SVR(k=20),0.3,5,2,93,24,0,2387598482064,training_fold_X.corr(),False
imputation,RFECA_SVR(k=20),0.3,5,3,94,23,0,2387598481840,training_fold_X.corr(),False
imputation,RFECA_SVR(k=20),0.3,5,4,94,23,0,2387598481616,training_fold_X.corr(),False
imputation,RFECA_SVR(k=20),0.3,5,5,94,23,0,2387598481392,training_fold_X.corr(),False
imputation,MissForest,0.3,5,1,93,24,0,2375180483024,n/a,False
imputation,MissForest,0.3,5,2,93,24,0,2375180474384,n/a,False
imputation,MissForest,0.3,5,3,94,23,0,2375180472464,n/a,False
imputation,MissForest,0.3,5,4,94,23,0,2375180478544,n/a,False
imputation,MissForest,0.3,5,5,94,23,0,2387073191440,n/a,False
classification,SimpleMean,0.3,5,1,93,24,0,2387875363152,n/a,False
classification,SimpleMean,0.3,5,2,93,24,0,2387875363344,n/a,False
classification,SimpleMean,0.3,5,3,94,23,0,2387875468048,n/a,False
classification,SimpleMean,0.3,5,4,94,23,0,2387875769296,n/a,False
classification,SimpleMean,0.3,5,5,94,23,0,2387892651216,n/a,False
classification,"KNN(k=5,dist)",0.3,5,1,93,24,0,2387875349904,n/a,False
classification,"KNN(k=5,dist)",0.3,5,2,93,24,0,2387893286480,n/a,False
classification,"KNN(k=5,dist)",0.3,5,3,94,23,0,2387893604176,n/a,False
classification,"KNN(k=5,dist)",0.3,5,4,94,23,0,2387893905424,n/a,False
classification,"KNN(k=5,dist)",0.3,5,5,94,23,0,2387894501648,n/a,False
classification,RFECA_SVR(k=5),0.3,5,1,93,24,0,2387911704176,training_fold_X.corr(),False
classification,RFECA_SVR(k=5),0.3,5,2,93,24,0,2387912041744,training_fold_X.corr(),False
classification,RFECA_SVR(k=5),0.3,5,3,94,23,0,2387912395920,training_fold_X.corr(),False
classification,RFECA_SVR(k=5),0.3,5,4,94,23,0,2387912716176,training_fold_X.corr(),False
classification,RFECA_SVR(k=5),0.3,5,5,94,23,0,2387913053296,training_fold_X.corr(),False
classification,RFECA_SVR(k=10),0.3,5,1,93,24,0,2387913357616,training_fold_X.corr(),False
classification,RFECA_SVR(k=10),0.3,5,2,93,24,0,2387913728176,training_fold_X.corr(),False
classification,RFECA_SVR(k=10),0.3,5,3,94,23,0,2387914065072,training_fold_X.corr(),False
classification,RFECA_SVR(k=10),0.3,5,4,94,23,0,2387914369168,training_fold_X.corr(),False
classification,RFECA_SVR(k=10),0.3,5,5,94,23,0,2387914755664,training_fold_X.corr(),False
classification,RFECA_SVR(k=20),0.3,5,1,93,24,0,2387915076816,training_fold_X.corr(),False
classification,RFECA_SVR(k=20),0.3,5,2,93,24,0,2387915413712,training_fold_X.corr(),False
classification,RFECA_SVR(k=20),0.3,5,3,94,23,0,2387932311888,training_fold_X.corr(),False
classification,RFECA_SVR(k=20),0.3,5,4,94,23,0,2387932616464,training_fold_X.corr(),False
classification,RFECA_SVR(k=20),0.3,5,5,94,23,0,2387932970384,training_fold_X.corr(),False
classification,MissForest,0.3,5,1,93,24,0,2383107397648,n/a,False
classification,MissForest,0.3,5,2,93,24,0,2383107396368,n/a,False
classification,MissForest,0.3,5,3,94,23,0,2383107395408,n/a,False
classification,MissForest,0.3,5,4,94,23,0,2376515061712,n/a,False
classification,MissForest,0.3,5,5,94,23,0,2376515068432,n/a,False
imputation,SimpleMean,0.3,6,1,93,24,0,2387932709712,n/a,False
imputation,SimpleMean,0.3,6,2,93,24,0,2385428003344,n/a,False
imputation,SimpleMean,0.3,6,3,94,23,0,2386951833168,n/a,False
imputation,SimpleMean,0.3,6,4,94,23,0,2388211340048,n/a,False
imputation,SimpleMean,0.3,6,5,94,23,0,2388211340240,n/a,False
imputation,"KNN(k=5,dist)",0.3,6,1,93,24,0,2388211340432,n/a,False
imputation,"KNN(k=5,dist)",0.3,6,2,93,24,0,2388211340624,n/a,False
imputation,"KNN(k=5,dist)",0.3,6,3,94,23,0,2388211341008,n/a,False
imputation,"KNN(k=5,dist)",0.3,6,4,94,23,0,2388211340816,n/a,False
imputation,"KNN(k=5,dist)",0.3,6,5,94,23,0,2388211341200,n/a,False
imputation,RFECA_SVR(k=5),0.3,6,1,93,24,0,2387598488784,training_fold_X.corr(),False
imputation,RFECA_SVR(k=5),0.3,6,2,93,24,0,2388090317392,training_fold_X.corr(),False
imputation,RFECA_SVR(k=5),0.3,6,3,94,23,0,2388090318064,training_fold_X.corr(),False
imputation,RFECA_SVR(k=5),0.3,6,4,94,23,0,2388090317168,training_fold_X.corr(),False
imputation,RFECA_SVR(k=5),0.3,6,5,94,23,0,2388090317840,training_fold_X.corr(),False
imputation,RFECA_SVR(k=10),0.3,6,1,93,24,0,2388090311792,training_fold_X.corr(),False
imputation,RFECA_SVR(k=10),0.3,6,2,93,24,0,2388090317616,training_fold_X.corr(),False
imputation,RFECA_SVR(k=10),0.3,6,3,94,23,0,2388090318288,training_fold_X.corr(),False
imputation,RFECA_SVR(k=10),0.3,6,4,94,23,0,2388090318512,training_fold_X.corr(),False
imputation,RFECA_SVR(k=10),0.3,6,5,94,23,0,2388211578736,training_fold_X.corr(),False
imputation,RFECA_SVR(k=20),0.3,6,1,93,24,0,2388211578512,training_fold_X.corr(),False
imputation,RFECA_SVR(k=20),0.3,6,2,93,24,0,2388211574704,training_fold_X.corr(),False
imputation,RFECA_SVR(k=20),0.3,6,3,94,23,0,2388211574256,training_fold_X.corr(),False
imputation,RFECA_SVR(k=20),0.3,6,4,94,23,0,2388211574480,training_fold_X.corr(),False
imputation,RFECA_SVR(k=20),0.3,6,5,94,23,0,2388211576944,training_fold_X.corr(),False
imputation,MissForest,0.3,6,1,93,24,0,2362909462672,n/a,False
imputation,MissForest,0.3,6,2,93,24,0,2383107406608,n/a,False
imputation,MissForest,0.3,6,3,94,23,0,2387073197520,n/a,False
imputation,MissForest,0.3,6,4,94,23,0,2387073202960,n/a,False
imputation,MissForest,0.3,6,5,94,23,0,2388175947728,n/a,False
classification,SimpleMean,0.3,6,1,93,24,0,2388488215376,n/a,False
classification,SimpleMean,0.3,6,2,93,24,0,2388488215568,n/a,False
classification,SimpleMean,0.3,6,3,94,23,0,2388488647888,n/a,False
classification,SimpleMean,0.3,6,4,94,23,0,2388522094032,n/a,False
classification,SimpleMean,0.3,6,5,94,23,0,2388522428048,n/a,False
classification,"KNN(k=5,dist)",0.3,6,1,93,24,0,2388488210192,n/a,False
classification,"KNN(k=5,dist)",0.3,6,2,93,24,0,2388523063376,n/a,False
classification,"KNN(k=5,dist)",0.3,6,3,94,23,0,2388523381008,n/a,False
classification,"KNN(k=5,dist)",0.3,6,4,94,23,0,2388523731472,n/a,False
classification,"KNN(k=5,dist)",0.3,6,5,94,23,0,2388524049104,n/a,False
classification,RFECA_SVR(k=5),0.3,6,1,93,24,0,2388524931728,training_fold_X.corr(),False
classification,RFECA_SVR(k=5),0.3,6,2,93,24,0,2388525249744,training_fold_X.corr(),False
classification,RFECA_SVR(k=5),0.3,6,3,94,23,0,2388525636688,training_fold_X.corr(),False
classification,RFECA_SVR(k=5),0.3,6,4,94,23,0,2388525923504,training_fold_X.corr(),False
classification,RFECA_SVR(k=5),0.3,6,5,94,23,0,2388542841904,training_fold_X.corr(),False
classification,RFECA_SVR(k=10),0.3,6,1,93,24,0,2388543179248,training_fold_X.corr(),False
classification,RFECA_SVR(k=10),0.3,6,2,93,24,0,2388543500400,training_fold_X.corr(),False
classification,RFECA_SVR(k=10),0.3,6,3,94,23,0,2388543837296,training_fold_X.corr(),False
classification,RFECA_SVR(k=10),0.3,6,4,94,23,0,2388544157776,training_fold_X.corr(),False
classification,RFECA_SVR(k=10),0.3,6,5,94,23,0,2388544478736,training_fold_X.corr(),False
classification,RFECA_SVR(k=20),0.3,6,1,93,24,0,2388544832912,training_fold_X.corr(),False
classification,RFECA_SVR(k=20),0.3,6,2,93,24,0,2388545202320,training_fold_X.corr(),False
classification,RFECA_SVR(k=20),0.3,6,3,94,23,0,2388545523056,training_fold_X.corr(),False
classification,RFECA_SVR(k=20),0.3,6,4,94,23,0,2388545892912,training_fold_X.corr(),False
classification,RFECA_SVR(k=20),0.3,6,5,94,23,0,2388546214320,training_fold_X.corr(),False
classification,MissForest,0.3,6,1,93,24,0,2383107393168,n/a,False
classification,MissForest,0.3,6,2,93,24,0,2376515066192,n/a,False
classification,MissForest,0.3,6,3,94,23,0,2387073193680,n/a,False
classification,MissForest,0.3,6,4,94,23,0,2387073200400,n/a,False
classification,MissForest,0.3,6,5,94,23,0,2360860905616,n/a,False
imputation,SimpleMean,0.3,7,1,93,24,0,2388545922320,n/a,False
imputation,SimpleMean,0.3,7,2,93,24,0,2387303063888,n/a,False
imputation,SimpleMean,0.3,7,3,94,23,0,2387598198736,n/a,False
imputation,SimpleMean,0.3,7,4,94,23,0,2388824569040,n/a,False
imputation,SimpleMean,0.3,7,5,94,23,0,2388824569232,n/a,False
imputation,"KNN(k=5,dist)",0.3,7,1,93,24,0,2388824569424,n/a,False
imputation,"KNN(k=5,dist)",0.3,7,2,93,24,0,2388824570000,n/a,False
imputation,"KNN(k=5,dist)",0.3,7,3,94,23,0,2388824569808,n/a,False
imputation,"KNN(k=5,dist)",0.3,7,4,94,23,0,2388824569616,n/a,False
imputation,"KNN(k=5,dist)",0.3,7,5,94,23,0,2388824570192,n/a,False
imputation,RFECA_SVR(k=5),0.3,7,1,93,24,0,2388211352080,training_fold_X.corr(),False
imputation,RFECA_SVR(k=5),0.3,7,2,93,24,0,2388824800208,training_fold_X.corr(),False
imputation,RFECA_SVR(k=5),0.3,7,3,94,23,0,2388824800432,training_fold_X.corr(),False
imputation,RFECA_SVR(k=5),0.3,7,4,94,23,0,2388824799984,training_fold_X.corr(),False
imputation,RFECA_SVR(k=5),0.3,7,5,94,23,0,2388824799760,training_fold_X.corr(),False
imputation,RFECA_SVR(k=10),0.3,7,1,93,24,0,2388824799536,training_fold_X.corr(),False
imputation,RFECA_SVR(k=10),0.3,7,2,93,24,0,2388824797744,training_fold_X.corr(),False
imputation,RFECA_SVR(k=10),0.3,7,3,94,23,0,2388824797520,training_fold_X.corr(),False
imputation,RFECA_SVR(k=10),0.3,7,4,94,23,0,2388824797968,training_fold_X.corr(),False
imputation,RFECA_SVR(k=10),0.3,7,5,94,23,0,2388824798192,training_fold_X.corr(),False
imputation,RFECA_SVR(k=20),0.3,7,1,93,24,0,2388824799088,training_fold_X.corr(),False
imputation,RFECA_SVR(k=20),0.3,7,2,93,24,0,2388824797072,training_fold_X.corr(),False
imputation,RFECA_SVR(k=20),0.3,7,3,94,23,0,2388824798416,training_fold_X.corr(),False
imputation,RFECA_SVR(k=20),0.3,7,4,94,23,0,2388824798640,training_fold_X.corr(),False
imputation,RFECA_SVR(k=20),0.3,7,5,94,23,0,2388824799312,training_fold_X.corr(),False
imputation,MissForest,0.3,7,1,93,24,0,2360860912976,n/a,False
imputation,MissForest,0.3,7,2,93,24,0,2388175951888,n/a,False
imputation,MissForest,0.3,7,3,94,23,0,2379730573008,n/a,False
imputation,MissForest,0.3,7,4,94,23,0,2379730581968,n/a,False
imputation,MissForest,0.3,7,5,94,23,0,2388175956048,n/a,False
classification,SimpleMean,0.3,7,1,93,24,0,2389135015184,n/a,False
classification,SimpleMean,0.3,7,2,93,24,0,2389135015760,n/a,False
classification,SimpleMean,0.3,7,3,94,23,0,2389135087312,n/a,False
classification,SimpleMean,0.3,7,4,94,23,0,2389135355792,n/a,False
classification,SimpleMean,0.3,7,5,94,23,0,2389135689872,n/a,False
classification,"KNN(k=5,dist)",0.3,7,1,93,24,0,2389135001936,n/a,False
classification,"KNN(k=5,dist)",0.3,7,2,93,24,0,2389136325136,n/a,False
classification,"KNN(k=5,dist)",0.3,7,3,94,23,0,2389136642832,n/a,False
classification,"KNN(k=5,dist)",0.3,7,4,94,23,0,2389136976848,n/a,False
classification,"KNN(k=5,dist)",0.3,7,5,94,23,0,2389153891536,n/a,False
classification,RFECA_SVR(k=5),0.3,7,1,93,24,0,2389154786768,training_fold_X.corr(),False
classification,RFECA_SVR(k=5),0.3,7,2,93,24,0,2389155124112,training_fold_X.corr(),False
classification,RFECA_SVR(k=5),0.3,7,3,94,23,0,2389155445264,training_fold_X.corr(),False
classification,RFECA_SVR(k=5),0.3,7,4,94,23,0,2389155782160,training_fold_X.corr(),False
classification,RFECA_SVR(k=5),0.3,7,5,94,23,0,2389156119280,training_fold_X.corr(),False
classification,RFECA_SVR(k=10),0.3,7,1,93,24,0,2389156439984,training_fold_X.corr(),False
classification,RFECA_SVR(k=10),0.3,7,2,93,24,0,2389156794160,training_fold_X.corr(),False
classification,RFECA_SVR(k=10),0.3,7,3,94,23,0,2389157078736,training_fold_X.corr(),False
classification,RFECA_SVR(k=10),0.3,7,4,94,23,0,2389157432240,training_fold_X.corr(),False
classification,RFECA_SVR(k=10),0.3,7,5,94,23,0,2389157769328,training_fold_X.corr(),False
classification,RFECA_SVR(k=20),0.3,7,1,93,24,0,2389158107120,training_fold_X.corr(),False
classification,RFECA_SVR(k=20),0.3,7,2,93,24,0,2389158443760,training_fold_X.corr(),False
classification,RFECA_SVR(k=20),0.3,7,3,94,23,0,2389158797264,training_fold_X.corr(),False
classification,RFECA_SVR(k=20),0.3,7,4,94,23,0,2389175731600,training_fold_X.corr(),False
classification,RFECA_SVR(k=20),0.3,7,5,94,23,0,2389176036368,training_fold_X.corr(),False
classification,MissForest,0.3,7,1,93,24,0,2379730582928,n/a,False
classification,MissForest,0.3,7,2,93,24,0,2369236380048,n/a,False
classification,MissForest,0.3,7,3,94,23,0,2383107403728,n/a,False
classification,MissForest,0.3,7,4,94,23,0,2387073202640,n/a,False
classification,MissForest,0.3,7,5,94,23,0,2388175951568,n/a,False
imputation,SimpleMean,0.3,8,1,93,24,0,2389175781136,n/a,False
imputation,SimpleMean,0.3,8,2,93,24,0,2386670616016,n/a,False
imputation,SimpleMean,0.3,8,3,94,23,0,2388211173904,n/a,False
imputation,SimpleMean,0.3,8,4,94,23,0,2389437730256,n/a,False
imputation,SimpleMean,0.3,8,5,94,23,0,2380615140176,n/a,False
imputation,"KNN(k=5,dist)",0.3,8,1,93,24,0,2389470975696,n/a,False
imputation,"KNN(k=5,dist)",0.3,8,2,93,24,0,2389470976080,n/a,False
imputation,"KNN(k=5,dist)",0.3,8,3,94,23,0,2389470975888,n/a,False
imputation,"KNN(k=5,dist)",0.3,8,4,94,23,0,2389470976848,n/a,False
imputation,"KNN(k=5,dist)",0.3,8,5,94,23,0,2389470976272,n/a,False
imputation,RFECA_SVR(k=5),0.3,8,1,93,24,0,2389176397040,training_fold_X.corr(),False
imputation,RFECA_SVR(k=5),0.3,8,2,93,24,0,2389158443536,training_fold_X.corr(),False
imputation,RFECA_SVR(k=5),0.3,8,3,94,23,0,2389176397264,training_fold_X.corr(),False
imputation,RFECA_SVR(k=5),0.3,8,4,94,23,0,2389281105840,training_fold_X.corr(),False
imputation,RFECA_SVR(k=5),0.3,8,5,94,23,0,2389281104272,training_fold_X.corr(),False
imputation,RFECA_SVR(k=10),0.3,8,1,93,24,0,2389156793936,training_fold_X.corr(),False
imputation,RFECA_SVR(k=10),0.3,8,2,93,24,0,2389281104048,training_fold_X.corr(),False
imputation,RFECA_SVR(k=10),0.3,8,3,94,23,0,2389281111440,training_fold_X.corr(),False
imputation,RFECA_SVR(k=10),0.3,8,4,94,23,0,2389471273360,training_fold_X.corr(),False
imputation,RFECA_SVR(k=10),0.3,8,5,94,23,0,2389471273136,training_fold_X.corr(),False
imputation,RFECA_SVR(k=20),0.3,8,1,93,24,0,2389471272912,training_fold_X.corr(),False
imputation,RFECA_SVR(k=20),0.3,8,2,93,24,0,2389471268880,training_fold_X.corr(),False
imputation,RFECA_SVR(k=20),0.3,8,3,94,23,0,2389471268656,training_fold_X.corr(),False
imputation,RFECA_SVR(k=20),0.3,8,4,94,23,0,2389471280752,training_fold_X.corr(),False
imputation,RFECA_SVR(k=20),0.3,8,5,94,23,0,2389471269104,training_fold_X.corr(),False
imputation,MissForest,0.3,8,1,93,24,0,2388175947088,n/a,False
imputation,MissForest,0.3,8,2,93,24,0,2388175946768,n/a,False
imputation,MissForest,0.3,8,3,94,23,0,2388175953488,n/a,False
imputation,MissForest,0.3,8,4,94,23,0,2388175952848,n/a,False
imputation,MissForest,0.3,8,5,94,23,0,2387073194320,n/a,False
classification,SimpleMean,0.3,8,1,93,24,0,2389747981904,n/a,False
classification,SimpleMean,0.3,8,2,93,24,0,2389747982096,n/a,False
classification,SimpleMean,0.3,8,3,94,23,0,2389748086928,n/a,False
classification,SimpleMean,0.3,8,4,94,23,0,2389748289936,n/a,False
classification,SimpleMean,0.3,8,5,94,23,0,2389748640336,n/a,False
classification,"KNN(k=5,dist)",0.3,8,1,93,24,0,2389747976720,n/a,False
classification,"KNN(k=5,dist)",0.3,8,2,93,24,0,2389765872656,n/a,False
classification,"KNN(k=5,dist)",0.3,8,3,94,23,0,2389766206672,n/a,False
classification,"KNN(k=5,dist)",0.3,8,4,94,23,0,2389766507984,n/a,False
classification,"KNN(k=5,dist)",0.3,8,5,94,23,0,2389766825616,n/a,False
classification,RFECA_SVR(k=5),0.3,8,1,93,24,0,2389767735120,training_fold_X.corr(),False
classification,RFECA_SVR(k=5),0.3,8,2,93,24,0,2389768039440,training_fold_X.corr(),False
classification,RFECA_SVR(k=5),0.3,8,3,94,23,0,2389768393616,training_fold_X.corr(),False
classification,RFECA_SVR(k=5),0.3,8,4,94,23,0,2389768713872,training_fold_X.corr(),False
classification,RFECA_SVR(k=5),0.3,8,5,94,23,0,2389785631600,training_fold_X.corr(),False
classification,RFECA_SVR(k=10),0.3,8,1,93,24,0,2389785967792,training_fold_X.corr(),False
classification,RFECA_SVR(k=10),0.3,8,2,93,24,0,2389786290096,training_fold_X.corr(),False
classification,RFECA_SVR(k=10),0.3,8,3,94,23,0,2389786590384,training_fold_X.corr(),False
classification,RFECA_SVR(k=10),0.3,8,4,94,23,0,2389786928400,training_fold_X.corr(),False
classification,RFECA_SVR(k=10),0.3,8,5,94,23,0,2389787265744,training_fold_X.corr(),False
classification,RFECA_SVR(k=20),0.3,8,1,93,24,0,2389787619664,training_fold_X.corr(),False
classification,RFECA_SVR(k=20),0.3,8,2,93,24,0,2389787940176,training_fold_X.corr(),False
classification,RFECA_SVR(k=20),0.3,8,3,94,23,0,2389788260656,training_fold_X.corr(),False
classification,RFECA_SVR(k=20),0.3,8,4,94,23,0,2389788663536,training_fold_X.corr(),False
classification,RFECA_SVR(k=20),0.3,8,5,94,23,0,2389788968560,training_fold_X.corr(),False
classification,MissForest,0.3,8,1,93,24,0,2388175956688,n/a,False
classification,MissForest,0.3,8,2,93,24,0,2387073193360,n/a,False
classification,MissForest,0.3,8,3,94,23,0,2387073191760,n/a,False
classification,MissForest,0.3,8,4,94,23,0,2387073195920,n/a,False
classification,MissForest,0.3,8,5,94,23,0,2387073192080,n/a,False
imputation,SimpleMean,0.3,9,1,93,24,0,2388543218576,n/a,False
imputation,SimpleMean,0.3,9,2,93,24,0,2387283763152,n/a,False
imputation,SimpleMean,0.3,9,3,94,23,0,2388824492944,n/a,False
imputation,SimpleMean,0.3,9,4,94,23,0,2390067280016,n/a,False
imputation,SimpleMean,0.3,9,5,94,23,0,2390067280208,n/a,False
imputation,"KNN(k=5,dist)",0.3,9,1,93,24,0,2390067280400,n/a,False
imputation,"KNN(k=5,dist)",0.3,9,2,93,24,0,2390067280592,n/a,False
imputation,"KNN(k=5,dist)",0.3,9,3,94,23,0,2390067280784,n/a,False
imputation,"KNN(k=5,dist)",0.3,9,4,94,23,0,2390067280976,n/a,False
imputation,"KNN(k=5,dist)",0.3,9,5,94,23,0,2390067281168,n/a,False
imputation,RFECA_SVR(k=5),0.3,9,1,93,24,0,2389979503472,training_fold_X.corr(),False
imputation,RFECA_SVR(k=5),0.3,9,2,93,24,0,2389979496976,training_fold_X.corr(),False
imputation,RFECA_SVR(k=5),0.3,9,3,94,23,0,2389979496528,training_fold_X.corr(),False
imputation,RFECA_SVR(k=5),0.3,9,4,94,23,0,2389979505040,training_fold_X.corr(),False
imputation,RFECA_SVR(k=5),0.3,9,5,94,23,0,2389979504816,training_fold_X.corr(),False
imputation,RFECA_SVR(k=10),0.3,9,1,93,24,0,2389979504592,training_fold_X.corr(),False
imputation,RFECA_SVR(k=10),0.3,9,2,93,24,0,2389979504368,training_fold_X.corr(),False
imputation,RFECA_SVR(k=10),0.3,9,3,94,23,0,2389979504144,training_fold_X.corr(),False
imputation,RFECA_SVR(k=10),0.3,9,4,94,23,0,2389979503920,training_fold_X.corr(),False
imputation,RFECA_SVR(k=10),0.3,9,5,94,23,0,2389979503696,training_fold_X.corr(),False
imputation,RFECA_SVR(k=20),0.3,9,1,93,24,0,2388524931056,training_fold_X.corr(),False
imputation,RFECA_SVR(k=20),0.3,9,2,93,24,0,2389979497200,training_fold_X.corr(),False
imputation,RFECA_SVR(k=20),0.3,9,3,94,23,0,2389979496752,training_fold_X.corr(),False
imputation,RFECA_SVR(k=20),0.3,9,4,94,23,0,2390084105424,training_fold_X.corr(),False
imputation,RFECA_SVR(k=20),0.3,9,5,94,23,0,2390084105648,training_fold_X.corr(),False
imputation,MissForest,0.3,9,1,93,24,0,2360655557200,n/a,False
imputation,MissForest,0.3,9,2,93,24,0,2388175945808,n/a,False
imputation,MissForest,0.3,9,3,94,23,0,2388175946128,n/a,False
imputation,MissForest,0.3,9,4,94,23,0,2387073198160,n/a,False
imputation,MissForest,0.3,9,5,94,23,0,2388175957328,n/a,False
classification,SimpleMean,0.3,9,1,93,24,0,2390380347216,n/a,False
classification,SimpleMean,0.3,9,2,93,24,0,2390382215632,n/a,False
classification,SimpleMean,0.3,9,3,94,23,0,2390381894288,n/a,False
classification,SimpleMean,0.3,9,4,94,23,0,2390362239824,n/a,False
classification,SimpleMean,0.3,9,5,94,23,0,2390362639440,n/a,False
classification,"KNN(k=5,dist)",0.3,9,1,93,24,0,2390380334352,n/a,False
classification,"KNN(k=5,dist)",0.3,9,2,93,24,0,2390343515600,n/a,False
classification,"KNN(k=5,dist)",0.3,9,3,94,23,0,2390344308432,n/a,False
classification,"KNN(k=5,dist)",0.3,9,4,94,23,0,2390380244880,n/a,False
classification,"KNN(k=5,dist)",0.3,9,5,94,23,0,2390380693648,n/a,False
classification,RFECA_SVR(k=5),0.3,9,1,93,24,0,2390381124240,training_fold_X.corr(),False
classification,RFECA_SVR(k=5),0.3,9,2,93,24,0,2390381739408,training_fold_X.corr(),False
classification,RFECA_SVR(k=5),0.3,9,3,94,23,0,2390402720368,training_fold_X.corr(),False
classification,RFECA_SVR(k=5),0.3,9,4,94,23,0,2390402992176,training_fold_X.corr(),False
classification,RFECA_SVR(k=5),0.3,9,5,94,23,0,2390403247792,training_fold_X.corr(),False
classification,RFECA_SVR(k=10),0.3,9,1,93,24,0,2390403519152,training_fold_X.corr(),False
classification,RFECA_SVR(k=10),0.3,9,2,93,24,0,2390403806864,training_fold_X.corr(),False
classification,RFECA_SVR(k=10),0.3,9,3,94,23,0,2390404095056,training_fold_X.corr(),False
classification,RFECA_SVR(k=10),0.3,9,4,94,23,0,2390404449232,training_fold_X.corr(),False
classification,RFECA_SVR(k=10),0.3,9,5,94,23,0,2390421382864,training_fold_X.corr(),False
classification,RFECA_SVR(k=20),0.3,9,1,93,24,0,2390421719984,training_fold_X.corr(),False
classification,RFECA_SVR(k=20),0.3,9,2,93,24,0,2390422073456,training_fold_X.corr(),False
classification,RFECA_SVR(k=20),0.3,9,3,94,23,0,2390422362096,training_fold_X.corr(),False
classification,RFECA_SVR(k=20),0.3,9,4,94,23,0,2390422682352,training_fold_X.corr(),False
classification,RFECA_SVR(k=20),0.3,9,5,94,23,0,2390423019472,training_fold_X.corr(),False
classification,MissForest,0.3,9,1,93,24,0,2360860916176,n/a,False
classification,MissForest,0.3,9,2,93,24,0,2387073202000,n/a,False
classification,MissForest,0.3,9,3,94,23,0,2379730575888,n/a,False
classification,MissForest,0.3,9,4,94,23,0,2387073189840,n/a,False
classification,MissForest,0.3,9,5,94,23,0,2387073201040,n/a,False
