utc,elapsed_s,cpu_pct,ram_pct,ram_used_mb,swap_pct,n_python,cpu_freq_mhz,cpu_temp_c,stop_requested,stop_reason
2026-07-31T16:14:14.987365+00:00,1.4,20.9,54.4,8830.7,0.0,3,3201.0,,False,
2026-07-31T16:14:34.992356+00:00,21.4,76.5,62.2,10096.8,0.0,15,3201.0,,False,
2026-07-31T16:14:55.666292+00:00,42.1,100.0,65.6,10645.7,0.0,19,3201.0,,False,
2026-07-31T16:15:16.169790+00:00,62.6,100.0,65.4,10609.9,0.0,19,3201.0,,False,
2026-07-31T16:15:36.651139+00:00,83.0,100.0,65.5,10633.0,0.0,19,3201.0,,False,
2026-07-31T16:15:57.167215+00:00,103.6,100.0,65.4,10616.5,0.0,19,3201.0,,False,
2026-07-31T16:16:17.667981+00:00,124.1,100.0,65.0,10554.4,0.0,19,3201.0,,False,
2026-07-31T16:16:38.224350+00:00,144.6,100.0,65.0,10549.0,0.0,19,3201.0,,False,
2026-07-31T16:16:58.769196+00:00,165.2,100.0,64.9,10535.1,0.0,19,3201.0,,False,
2026-07-31T16:17:19.298175+00:00,185.7,100.0,64.9,10533.9,0.0,19,3201.0,,False,
2026-07-31T16:17:39.801283+00:00,206.2,100.0,64.9,10533.3,0.0,19,3201.0,,False,
2026-07-31T16:18:00.299095+00:00,226.7,100.0,64.9,10539.0,0.0,19,3201.0,,False,
2026-07-31T16:18:20.786997+00:00,247.2,100.0,65.1,10563.7,0.0,19,3201.0,,False,
2026-07-31T16:18:41.463280+00:00,267.9,100.0,65.2,10576.0,0.0,19,3201.0,,False,
2026-07-31T16:19:01.995673+00:00,288.4,100.0,65.6,10647.5,0.0,19,3201.0,,False,
2026-07-31T16:19:22.555102+00:00,308.9,100.0,65.5,10637.6,0.0,19,3201.0,,False,
2026-07-31T16:19:43.047308+00:00,329.4,100.0,65.4,10611.8,0.0,19,3201.0,,False,
2026-07-31T16:20:03.581734+00:00,350.0,100.0,65.2,10588.0,0.0,19,3201.0,,False,
2026-07-31T16:20:24.120150+00:00,370.5,100.0,65.2,10579.0,0.0,19,3201.0,,False,
2026-07-31T16:20:44.626883+00:00,391.0,100.0,65.3,10595.6,0.0,19,3201.0,,False,
2026-07-31T16:21:05.168594+00:00,411.6,100.0,65.2,10582.1,0.0,19,3201.0,,False,
2026-07-31T16:21:25.660614+00:00,432.1,100.0,65.1,10564.5,0.0,19,3201.0,,False,
2026-07-31T16:21:46.197131+00:00,452.6,100.0,65.1,10566.7,0.0,19,3201.0,,False,
2026-07-31T16:22:06.704893+00:00,473.1,100.0,65.1,10567.1,0.0,19,3201.0,,False,
2026-07-31T16:22:27.235671+00:00,493.6,100.0,65.0,10554.9,0.0,19,3201.0,,False,
2026-07-31T16:22:47.801661+00:00,514.2,100.0,65.1,10561.1,0.0,19,3201.0,,False,
2026-07-31T16:23:08.334733+00:00,534.7,100.0,65.4,10613.5,0.0,19,3201.0,,False,
2026-07-31T16:23:28.852874+00:00,555.2,100.0,65.8,10688.5,0.0,19,3201.0,,False,
2026-07-31T16:23:49.334896+00:00,575.7,100.0,66.2,10748.0,0.0,19,3201.0,,False,
2026-07-31T16:24:09.840076+00:00,596.2,100.0,66.2,10737.7,0.0,19,3201.0,,False,
2026-07-31T16:24:30.410176+00:00,616.8,100.0,66.2,10746.5,0.0,19,3201.0,,False,
2026-07-31T16:24:50.941739+00:00,637.3,100.0,66.6,10805.3,0.0,19,3201.0,,False,
2026-07-31T16:25:11.486438+00:00,657.9,100.0,66.5,10797.4,0.0,19,3201.0,,False,
2026-07-31T16:25:32.203491+00:00,678.6,100.0,66.8,10845.7,0.0,19,3201.0,,False,
2026-07-31T16:25:52.765529+00:00,699.2,100.0,67.1,10885.6,0.0,19,3201.0,,False,
2026-07-31T16:26:13.318257+00:00,719.7,100.0,66.9,10854.6,0.0,19,3201.0,,False,
2026-07-31T16:26:33.844913+00:00,740.2,100.0,66.5,10788.6,0.0,19,3201.0,,False,
2026-07-31T16:26:54.354371+00:00,760.7,100.0,66.3,10768.3,0.0,19,3201.0,,False,
2026-07-31T16:27:14.853699+00:00,781.2,100.0,66.4,10775.3,0.0,19,3201.0,,False,
2026-07-31T16:27:35.390733+00:00,801.8,100.0,66.5,10799.6,0.0,19,3201.0,,False,
2026-07-31T16:27:55.934689+00:00,822.3,100.0,66.5,10792.7,0.0,19,3201.0,,False,
2026-07-31T16:28:16.434389+00:00,842.8,100.0,66.5,10795.6,0.0,19,3201.0,,False,
2026-07-31T16:28:36.960894+00:00,863.4,100.0,67.0,10876.4,0.0,19,3201.0,,False,
2026-07-31T16:28:57.476245+00:00,883.9,100.0,67.1,10889.2,0.0,19,3201.0,,False,
2026-07-31T16:29:18.016969+00:00,904.4,100.0,67.0,10875.4,0.0,19,3201.0,,False,
2026-07-31T16:29:38.561568+00:00,925.0,100.0,65.5,10627.9,0.0,19,3201.0,,False,
2026-07-31T16:29:59.053609+00:00,945.4,100.0,65.4,10620.3,0.0,19,3201.0,,False,
2026-07-31T16:30:19.582651+00:00,966.0,100.0,65.3,10604.6,0.0,19,3201.0,,False,
2026-07-31T16:30:40.100964+00:00,986.5,100.0,64.8,10515.7,0.0,19,3201.0,,False,
2026-07-31T16:31:00.628642+00:00,1007.0,100.0,64.8,10512.3,0.0,19,3201.0,,False,
2026-07-31T16:31:21.133125+00:00,1027.5,100.0,64.8,10522.2,0.0,19,3201.0,,False,
2026-07-31T16:31:41.645252+00:00,1048.0,100.0,64.7,10506.2,0.0,19,3201.0,,False,
2026-07-31T16:32:02.156201+00:00,1068.5,100.0,64.6,10492.3,0.0,19,3201.0,,False,
2026-07-31T16:32:22.694067+00:00,1089.1,100.0,64.6,10487.9,0.0,19,3201.0,,False,
2026-07-31T16:32:43.196686+00:00,1109.6,100.0,64.8,10522.0,0.0,19,3201.0,,False,
2026-07-31T16:33:03.707404+00:00,1130.1,100.0,64.7,10505.8,0.0,19,3201.0,,False,
2026-07-31T16:33:24.218166+00:00,1150.6,100.0,64.8,10520.3,0.0,19,3201.0,,False,
2026-07-31T16:33:44.814048+00:00,1171.2,100.0,64.9,10529.4,0.0,19,3201.0,,False,
2026-07-31T16:34:05.343494+00:00,1191.7,100.0,64.7,10502.7,0.0,19,3201.0,,False,
2026-07-31T16:34:25.849022+00:00,1212.2,100.0,64.5,10474.3,0.0,19,3201.0,,False,
2026-07-31T16:34:46.348257+00:00,1232.7,100.0,64.4,10459.3,0.0,19,3201.0,,False,
2026-07-31T16:35:06.869050+00:00,1253.3,100.0,64.4,10448.1,0.1,19,3201.0,,False,
2026-07-31T16:35:27.367117+00:00,1273.8,100.0,64.3,10435.7,0.1,19,3201.0,,False,
2026-07-31T16:35:47.926985+00:00,1294.3,100.0,64.3,10443.9,0.1,19,3201.0,,False,
2026-07-31T16:36:08.431726+00:00,1314.8,100.0,64.1,10404.6,0.1,19,3201.0,,False,
2026-07-31T16:36:28.937673+00:00,1335.3,100.0,64.1,10408.1,0.1,19,3201.0,,False,
2026-07-31T16:36:49.477052+00:00,1355.9,100.0,64.2,10423.8,0.1,19,3201.0,,False,
2026-07-31T16:37:10.003766+00:00,1376.4,100.0,64.2,10424.5,0.1,19,3201.0,,False,
2026-07-31T16:37:30.520123+00:00,1396.9,100.0,64.2,10420.4,0.1,19,3201.0,,False,
2026-07-31T16:37:51.079800+00:00,1417.5,100.0,64.2,10413.7,0.1,19,3201.0,,False,
2026-07-31T16:38:11.568695+00:00,1438.0,100.0,64.3,10444.2,0.1,19,3201.0,,False,
2026-07-31T16:38:32.204287+00:00,1458.6,100.0,64.5,10469.2,0.1,19,3201.0,,False,
2026-07-31T16:38:52.709675+00:00,1479.1,100.0,64.9,10538.1,0.1,19,3201.0,,False,
2026-07-31T16:39:13.218231+00:00,1499.6,100.0,64.8,10517.3,0.1,19,3201.0,,False,
2026-07-31T16:39:33.755685+00:00,1520.1,100.0,64.8,10511.8,0.1,19,3201.0,,False,
2026-07-31T16:39:54.298114+00:00,1540.7,100.0,64.9,10541.5,0.1,19,3201.0,,False,
2026-07-31T16:40:14.904210+00:00,1561.3,100.0,64.9,10530.7,0.1,19,3201.0,,False,
2026-07-31T16:40:35.440576+00:00,1581.8,100.0,64.8,10521.8,0.1,19,3201.0,,False,
2026-07-31T16:40:55.989948+00:00,1602.4,100.0,64.9,10530.6,0.1,19,3201.0,,False,
2026-07-31T16:41:16.512893+00:00,1622.9,100.0,64.7,10506.3,0.1,19,3201.0,,False,
2026-07-31T16:41:37.050926+00:00,1643.4,100.0,64.8,10523.6,0.1,19,3201.0,,False,
2026-07-31T16:41:57.612207+00:00,1664.0,100.0,64.7,10502.3,0.1,19,3201.0,,False,
2026-07-31T16:42:18.152954+00:00,1684.5,100.0,64.8,10518.7,0.1,19,3201.0,,False,
2026-07-31T16:42:38.675264+00:00,1705.1,100.0,64.6,10489.9,0.1,19,3201.0,,False,
2026-07-31T16:42:59.227528+00:00,1725.6,100.0,64.6,10488.2,0.1,19,3201.0,,False,
2026-07-31T16:43:19.762510+00:00,1746.2,100.0,64.6,10483.2,0.1,19,3201.0,,False,
2026-07-31T16:43:40.334248+00:00,1766.7,100.0,64.6,10478.5,0.1,19,3201.0,,False,
2026-07-31T16:44:00.816622+00:00,1787.2,100.0,64.4,10453.4,0.1,19,3201.0,,False,
2026-07-31T16:44:21.396434+00:00,1807.8,100.0,64.4,10448.5,0.1,19,3201.0,,False,
2026-07-31T16:44:42.079383+00:00,1828.5,100.0,64.7,10507.2,0.1,19,3201.0,,False,
2026-07-31T16:45:02.631140+00:00,1849.0,100.0,63.8,10355.6,0.1,19,3201.0,,False,
2026-07-31T16:45:23.154936+00:00,1869.5,100.0,63.8,10360.4,0.1,19,3201.0,,False,
2026-07-31T16:45:43.682113+00:00,1890.1,100.0,63.9,10379.1,0.1,19,3201.0,,False,
2026-07-31T16:46:04.189443+00:00,1910.6,100.0,63.9,10366.2,0.1,19,3201.0,,False,
2026-07-31T16:46:24.697303+00:00,1931.1,100.0,63.9,10368.3,0.1,19,3201.0,,False,
2026-07-31T16:46:45.232212+00:00,1951.6,100.0,63.8,10363.0,0.1,19,3201.0,,False,
2026-07-31T16:47:05.749641+00:00,1972.1,100.0,63.9,10373.2,0.1,19,3201.0,,False,
2026-07-31T16:47:26.279667+00:00,1992.7,100.0,63.8,10356.6,0.1,19,3201.0,,False,
2026-07-31T16:47:46.803150+00:00,2013.2,100.0,63.7,10347.3,0.1,19,3201.0,,False,
2026-07-31T16:48:07.336884+00:00,2033.7,100.0,63.8,10349.3,0.1,19,3201.0,,False,
2026-07-31T16:48:27.843338+00:00,2054.2,100.0,63.9,10370.0,0.1,19,3201.0,,False,
2026-07-31T16:48:48.398944+00:00,2074.8,100.0,63.9,10378.1,0.1,19,3201.0,,False,
2026-07-31T16:49:09.009940+00:00,2095.4,100.0,63.8,10360.2,0.1,19,3201.0,,False,
2026-07-31T16:49:29.563814+00:00,2116.0,100.0,63.7,10334.4,0.1,19,3201.0,,False,
2026-07-31T16:49:50.099497+00:00,2136.5,100.0,63.6,10317.0,0.1,19,3201.0,,False,
2026-07-31T16:50:10.626981+00:00,2157.0,100.0,63.5,10305.4,0.1,19,3201.0,,False,
2026-07-31T16:50:31.135886+00:00,2177.5,100.0,63.5,10308.6,0.1,19,3201.0,,False,
2026-07-31T16:50:51.658313+00:00,2198.0,100.0,63.5,10304.0,0.1,19,3201.0,,False,
2026-07-31T16:51:12.174491+00:00,2218.6,100.0,63.4,10288.4,0.1,19,3201.0,,False,
2026-07-31T16:51:32.765072+00:00,2239.2,100.0,63.3,10274.8,0.1,19,3201.0,,False,
2026-07-31T16:51:53.307226+00:00,2259.7,100.0,63.2,10259.4,0.1,19,3201.0,,False,
2026-07-31T16:52:13.841308+00:00,2280.2,100.0,63.2,10250.9,0.1,19,3201.0,,False,
2026-07-31T16:52:34.377268+00:00,2300.8,100.0,63.2,10262.4,0.1,19,3201.0,,False,
2026-07-31T16:52:54.929661+00:00,2321.3,100.0,63.1,10247.0,0.1,19,3201.0,,False,
2026-07-31T16:53:15.504641+00:00,2341.9,100.0,63.2,10260.5,0.1,19,3201.0,,False,
2026-07-31T16:53:36.054143+00:00,2362.4,100.0,63.3,10276.4,0.1,19,3201.0,,False,
2026-07-31T16:53:56.215212+00:00,2382.6,100.0,61.7,10015.5,0.1,19,3201.0,,False,
2026-07-31T16:54:16.221349+00:00,2402.6,94.7,61.1,9923.2,0.1,19,3201.0,,False,
2026-07-31T16:54:36.236294+00:00,2422.6,94.7,61.1,9920.9,0.1,19,3201.0,,False,
2026-07-31T16:54:56.241913+00:00,2442.6,94.2,61.2,9939.1,0.1,19,3201.0,,False,
2026-07-31T16:55:16.249439+00:00,2462.6,94.8,61.2,9928.6,0.1,19,3201.0,,False,
2026-07-31T16:55:36.257634+00:00,2482.6,94.9,61.1,9914.1,0.1,19,3201.0,,False,
2026-07-31T16:55:56.264475+00:00,2502.7,94.8,61.0,9908.4,0.1,19,3201.0,,False,
2026-07-31T16:56:16.270474+00:00,2522.7,94.1,61.0,9907.6,0.1,19,3201.0,,False,
2026-07-31T16:56:36.286390+00:00,2542.7,94.5,61.1,9922.2,0.1,19,3201.0,,False,
2026-07-31T16:56:56.315735+00:00,2562.7,91.6,61.1,9912.3,0.1,19,3201.0,,False,
2026-07-31T16:57:16.321283+00:00,2582.7,88.3,61.0,9904.9,0.1,19,3201.0,,False,
2026-07-31T16:57:36.326430+00:00,2602.7,88.5,61.1,9920.6,0.1,19,3201.0,,False,
2026-07-31T16:57:56.331969+00:00,2622.7,88.4,61.1,9911.3,0.1,19,3201.0,,False,
2026-07-31T16:58:16.337122+00:00,2642.7,89.9,61.1,9911.4,0.1,19,3201.0,,False,
2026-07-31T16:58:36.342627+00:00,2662.7,88.9,61.0,9896.7,0.1,19,3201.0,,False,
2026-07-31T16:58:56.347076+00:00,2682.7,79.7,61.1,9925.6,0.1,19,3201.0,,False,
2026-07-31T16:59:16.352338+00:00,2702.7,77.0,61.0,9898.9,0.1,19,3201.0,,False,
2026-07-31T16:59:36.357508+00:00,2722.7,69.2,60.9,9892.2,0.1,19,3201.0,,False,
2026-07-31T16:59:56.361028+00:00,2742.8,69.5,60.3,9787.1,0.1,19,3201.0,,False,
2026-07-31T17:00:16.364777+00:00,2762.8,63.0,60.4,9796.9,0.1,19,3201.0,,False,
2026-07-31T17:00:36.368563+00:00,2782.8,53.4,60.6,9835.8,0.1,19,3201.0,,False,
2026-07-31T17:00:56.372174+00:00,2802.8,53.3,60.4,9805.6,0.1,19,3201.0,,False,
2026-07-31T17:01:16.375633+00:00,2822.8,51.2,60.5,9813.2,0.1,19,3201.0,,False,
2026-07-31T17:01:36.379128+00:00,2842.8,46.6,60.5,9820.9,0.1,19,3201.0,,False,
2026-07-31T17:01:56.382639+00:00,2862.8,44.6,60.4,9797.8,0.1,19,3201.0,,False,
2026-07-31T17:02:16.386531+00:00,2882.8,43.0,60.4,9798.6,0.1,19,3201.0,,False,
2026-07-31T17:02:36.389710+00:00,2902.8,35.6,60.4,9808.3,0.1,19,3201.0,,False,
2026-07-31T17:02:56.393407+00:00,2922.8,33.9,60.4,9798.3,0.1,19,3201.0,,False,
2026-07-31T17:03:16.397029+00:00,2942.8,33.3,60.4,9806.1,0.1,19,3201.0,,False,
2026-07-31T17:03:36.399960+00:00,2962.8,26.4,60.4,9810.9,0.1,19,3201.0,,False,
2026-07-31T17:03:56.403244+00:00,2982.8,25.3,60.4,9808.0,0.1,19,3201.0,,False,
2026-07-31T17:04:16.406583+00:00,3002.8,25.3,60.4,9806.8,0.1,19,3201.0,,False,
2026-07-31T17:04:36.409740+00:00,3022.8,27.9,60.6,9839.9,0.1,19,3201.0,,False,
2026-07-31T17:04:56.413470+00:00,3042.8,27.5,60.1,9757.8,0.1,19,3201.0,,False,
2026-07-31T17:05:16.416448+00:00,3062.8,27.6,60.1,9759.3,0.1,19,3201.0,,False,
2026-07-31T17:05:36.419790+00:00,3082.8,26.4,60.1,9757.0,0.1,19,3201.0,,False,
2026-07-31T17:05:56.422917+00:00,3102.8,18.8,60.1,9752.3,0.1,19,3201.0,,False,
2026-07-31T17:06:16.426305+00:00,3122.8,15.2,60.3,9783.4,0.1,19,3201.0,,False,
2026-07-31T17:06:36.429639+00:00,3142.8,21.1,61.8,10025.8,0.1,19,3201.0,,False,
2026-07-31T17:06:56.432909+00:00,3162.8,20.2,63.5,10310.1,0.1,19,3201.0,,False,
2026-07-31T17:07:16.435950+00:00,3182.8,17.6,62.3,10114.0,0.1,19,3201.0,,False,
2026-07-31T17:07:36.439592+00:00,3202.8,13.2,60.3,9781.7,0.1,19,3201.0,,False,
2026-07-31T17:07:56.442343+00:00,3222.8,11.4,60.1,9751.9,0.1,19,3201.0,,False,
2026-07-31T17:08:16.445781+00:00,3242.8,16.4,61.4,9962.5,0.1,19,3201.0,,False,
2026-07-31T17:08:36.449274+00:00,3262.8,9.6,61.4,9964.3,0.1,19,3201.0,,False,
2026-07-31T17:08:56.454012+00:00,3282.8,59.8,55.8,9059.6,0.1,12,3201.0,,False,
2026-07-31T17:09:17.187921+00:00,3303.6,100.0,61.5,9975.7,0.1,19,3201.0,,False,
2026-07-31T17:09:37.977640+00:00,3324.4,100.0,61.5,9986.3,0.1,19,3201.0,,False,
2026-07-31T17:09:58.494124+00:00,3344.9,100.0,61.8,10036.8,0.1,19,3201.0,,False,
2026-07-31T17:10:19.048432+00:00,3365.4,100.0,61.8,10039.0,0.1,19,3201.0,,False,
2026-07-31T17:10:39.608545+00:00,3386.0,100.0,61.8,10029.3,0.1,19,3201.0,,False,
2026-07-31T17:11:00.142919+00:00,3406.5,100.0,61.7,10015.1,0.1,19,3201.0,,False,
2026-07-31T17:11:20.668395+00:00,3427.1,100.0,61.7,10008.2,0.1,19,3201.0,,False,
2026-07-31T17:11:41.184331+00:00,3447.6,100.0,61.5,9989.0,0.1,19,3201.0,,False,
2026-07-31T17:12:01.704546+00:00,3468.1,100.0,61.5,9990.6,0.1,19,3201.0,,False,
2026-07-31T17:12:22.218036+00:00,3488.6,100.0,61.7,10018.1,0.1,19,3201.0,,False,
2026-07-31T17:12:42.741398+00:00,3509.1,100.0,61.6,9994.6,0.1,19,3201.0,,False,
2026-07-31T17:13:03.324423+00:00,3529.7,100.0,61.7,10015.0,0.1,19,3201.0,,False,
2026-07-31T17:13:23.858808+00:00,3550.2,100.0,61.7,10015.7,0.1,19,3201.0,,False,
2026-07-31T17:13:44.390151+00:00,3570.8,100.0,62.0,10058.9,0.1,19,3201.0,,False,
2026-07-31T17:14:04.930184+00:00,3591.3,100.0,61.8,10026.2,0.1,19,3201.0,,False,
2026-07-31T17:14:25.477911+00:00,3611.9,100.0,61.7,10018.1,0.1,19,3201.0,,False,
2026-07-31T17:14:46.008615+00:00,3632.4,100.0,61.8,10029.5,0.1,19,3201.0,,False,
2026-07-31T17:15:06.494833+00:00,3652.9,100.0,62.0,10056.1,0.1,19,3201.0,,False,
2026-07-31T17:15:26.975450+00:00,3673.4,100.0,60.5,9826.3,0.1,19,3201.0,,False,
2026-07-31T17:15:47.459794+00:00,3693.8,100.0,60.6,9842.4,0.1,19,3201.0,,False,
2026-07-31T17:16:07.978280+00:00,3714.4,100.0,60.7,9853.5,0.1,19,3201.0,,False,
2026-07-31T17:16:28.480312+00:00,3734.9,100.0,60.5,9825.9,0.1,19,3201.0,,False,
2026-07-31T17:16:48.965434+00:00,3755.4,100.0,60.5,9826.1,0.1,19,3201.0,,False,
2026-07-31T17:17:09.492739+00:00,3775.9,100.0,60.5,9816.0,0.1,19,3201.0,,False,
2026-07-31T17:17:30.021098+00:00,3796.4,100.0,60.5,9815.4,0.1,19,3201.0,,False,
2026-07-31T17:17:50.579632+00:00,3817.0,100.0,60.6,9835.8,0.1,19,3201.0,,False,
2026-07-31T17:18:11.113332+00:00,3837.5,100.0,60.5,9818.7,0.1,19,3201.0,,False,
2026-07-31T17:18:31.667590+00:00,3858.1,100.0,60.4,9805.0,0.1,19,3201.0,,False,
2026-07-31T17:18:52.267068+00:00,3878.7,100.0,60.7,9848.1,0.1,19,3201.0,,False,
2026-07-31T17:19:12.771426+00:00,3899.2,100.0,60.5,9820.6,0.1,19,3201.0,,False,
2026-07-31T17:19:33.311908+00:00,3919.7,100.0,60.3,9791.5,0.1,19,3201.0,,False,
2026-07-31T17:19:53.823361+00:00,3940.2,100.0,60.3,9784.0,0.1,19,3201.0,,False,
2026-07-31T17:20:14.360976+00:00,3960.8,100.0,60.2,9779.6,0.1,19,3201.0,,False,
2026-07-31T17:20:34.852847+00:00,3981.2,100.0,60.2,9771.1,0.1,19,3201.0,,False,
2026-07-31T17:20:55.388179+00:00,4001.8,100.0,60.1,9762.2,0.1,19,3201.0,,False,
2026-07-31T17:21:15.918798+00:00,4022.3,100.0,60.2,9765.3,0.1,19,3201.0,,False,
2026-07-31T17:21:36.435735+00:00,4042.8,100.0,60.0,9745.3,0.1,19,3201.0,,False,
2026-07-31T17:21:56.955634+00:00,4063.3,100.0,59.9,9729.5,0.1,19,3201.0,,False,
2026-07-31T17:22:17.448915+00:00,4083.8,100.0,59.7,9693.4,0.1,19,3201.0,,False,
2026-07-31T17:22:37.961800+00:00,4104.4,100.0,59.8,9702.8,0.1,19,3201.0,,False,
2026-07-31T17:22:58.525187+00:00,4124.9,100.0,59.8,9707.0,0.1,19,3201.0,,False,
2026-07-31T17:23:19.055281+00:00,4145.4,100.0,59.8,9703.7,0.1,19,3201.0,,False,
2026-07-31T17:23:39.593231+00:00,4166.0,100.0,59.8,9707.2,0.1,19,3201.0,,False,
2026-07-31T17:24:00.118806+00:00,4186.5,100.0,60.0,9738.0,0.1,19,3201.0,,False,
2026-07-31T17:24:20.603875+00:00,4207.0,100.0,59.9,9716.4,0.1,19,3201.0,,False,
2026-07-31T17:24:41.122159+00:00,4227.5,100.0,60.0,9742.5,0.1,19,3201.0,,False,
2026-07-31T17:25:01.682313+00:00,4248.1,100.0,60.1,9759.8,0.1,19,3201.0,,False,
2026-07-31T17:25:22.199028+00:00,4268.6,100.0,60.0,9737.1,0.1,19,3201.0,,False,
2026-07-31T17:25:42.707403+00:00,4289.1,100.0,59.9,9717.9,0.1,19,3201.0,,False,
2026-07-31T17:26:03.218089+00:00,4309.6,100.0,59.9,9718.8,0.1,19,3201.0,,False,
2026-07-31T17:26:23.702978+00:00,4330.1,100.0,59.8,9713.5,0.1,19,3201.0,,False,
2026-07-31T17:26:44.219021+00:00,4350.6,100.0,59.8,9703.2,0.1,19,3201.0,,False,
2026-07-31T17:27:04.749749+00:00,4371.1,100.0,59.7,9689.2,0.1,19,3201.0,,False,
2026-07-31T17:27:25.268010+00:00,4391.7,100.0,59.6,9670.7,0.1,19,3201.0,,False,
2026-07-31T17:27:45.884623+00:00,4412.3,100.0,59.5,9654.2,0.1,19,3201.0,,False,
2026-07-31T17:28:06.430684+00:00,4432.8,100.0,59.3,9627.4,0.1,19,3201.0,,False,
2026-07-31T17:28:26.966348+00:00,4453.4,100.0,59.3,9623.9,0.1,19,3201.0,,False,
2026-07-31T17:28:47.461834+00:00,4473.9,100.0,59.5,9653.9,0.1,19,3201.0,,False,
2026-07-31T17:29:08.160918+00:00,4494.6,100.0,59.5,9650.8,0.1,19,3201.0,,False,
2026-07-31T17:29:28.652607+00:00,4515.0,100.0,59.4,9641.4,0.1,19,3201.0,,False,
2026-07-31T17:29:49.169958+00:00,4535.6,100.0,59.3,9624.3,0.1,19,3201.0,,False,
2026-07-31T17:30:09.751078+00:00,4556.1,100.0,59.3,9623.8,0.1,19,3201.0,,False,
2026-07-31T17:30:30.274924+00:00,4576.7,100.0,59.4,9640.7,0.1,19,3201.0,,False,
2026-07-31T17:30:50.785249+00:00,4597.2,100.0,58.8,9548.3,0.1,19,3201.0,,False,
2026-07-31T17:31:11.290858+00:00,4617.7,100.0,58.9,9553.5,0.1,19,3201.0,,False,
2026-07-31T17:31:31.966373+00:00,4638.4,100.0,58.9,9557.2,0.1,19,3201.0,,False,
2026-07-31T17:31:52.424370+00:00,4658.8,100.0,58.9,9564.7,0.1,19,3201.0,,False,
2026-07-31T17:32:12.954585+00:00,4679.3,100.0,59.1,9587.2,0.1,19,3201.0,,False,
2026-07-31T17:32:33.485861+00:00,4699.9,100.0,58.9,9556.0,0.1,19,3201.0,,False,
2026-07-31T17:32:53.986685+00:00,4720.4,100.0,59.0,9573.8,0.1,19,3201.0,,False,
2026-07-31T17:33:14.509054+00:00,4740.9,100.0,59.0,9572.6,0.1,19,3201.0,,False,
2026-07-31T17:33:35.240616+00:00,4761.6,100.0,59.2,9606.1,0.1,19,3201.0,,False,
2026-07-31T17:33:56.054643+00:00,4782.4,100.0,59.2,9616.8,0.1,19,3201.0,,False,
2026-07-31T17:34:16.571142+00:00,4803.0,100.0,59.2,9606.7,0.1,19,3201.0,,False,
2026-07-31T17:34:37.095877+00:00,4823.5,100.0,59.1,9598.5,0.1,19,3201.0,,False,
2026-07-31T17:34:57.612602+00:00,4844.0,100.0,59.1,9595.8,0.1,19,3201.0,,False,
2026-07-31T17:35:18.104747+00:00,4864.5,100.0,59.2,9609.9,0.1,19,3201.0,,False,
2026-07-31T17:35:38.613485+00:00,4885.0,100.0,59.0,9581.6,0.1,19,3201.0,,False,
2026-07-31T17:35:59.221306+00:00,4905.6,100.0,59.4,9634.3,0.1,19,3201.0,,False,
2026-07-31T17:36:19.762375+00:00,4926.2,100.0,59.1,9591.6,0.1,19,3201.0,,False,
2026-07-31T17:36:40.253405+00:00,4946.6,100.0,59.1,9596.9,0.1,19,3201.0,,False,
2026-07-31T17:37:00.786767+00:00,4967.2,100.0,59.0,9580.2,0.1,19,3201.0,,False,
2026-07-31T17:37:21.331865+00:00,4987.7,100.0,59.1,9589.0,0.1,19,3201.0,,False,
2026-07-31T17:37:41.843310+00:00,5008.2,100.0,59.1,9594.3,0.1,19,3201.0,,False,
2026-07-31T17:38:02.439656+00:00,5028.8,100.0,59.2,9604.6,0.1,19,3201.0,,False,
2026-07-31T17:38:22.962644+00:00,5049.4,100.0,59.2,9601.8,0.1,19,3201.0,,False,
2026-07-31T17:38:43.525953+00:00,5069.9,100.0,58.9,9564.0,0.1,19,3201.0,,False,
2026-07-31T17:39:04.025025+00:00,5090.4,100.0,58.8,9550.3,0.1,19,3201.0,,False,
2026-07-31T17:39:24.558032+00:00,5110.9,100.0,58.8,9539.6,0.1,19,3201.0,,False,
2026-07-31T17:39:45.106234+00:00,5131.5,100.0,59.0,9584.7,0.1,19,3201.0,,False,
2026-07-31T17:40:05.682096+00:00,5152.1,100.0,60.2,9767.9,0.1,19,3201.0,,False,
2026-07-31T17:40:26.265065+00:00,5172.7,100.0,60.8,9864.2,0.1,19,3201.0,,False,
2026-07-31T17:40:46.950084+00:00,5193.3,100.0,60.6,9842.1,0.1,19,3201.0,,False,
2026-07-31T17:41:07.863049+00:00,5214.3,100.0,61.1,9910.3,0.1,19,3201.0,,False,
2026-07-31T17:41:28.461817+00:00,5234.9,100.0,61.2,9931.1,0.1,19,3201.0,,False,
2026-07-31T17:41:48.983631+00:00,5255.4,100.0,61.3,9956.6,0.1,19,3201.0,,False,
2026-07-31T17:42:09.520634+00:00,5275.9,100.0,61.2,9942.0,0.1,19,3201.0,,False,
2026-07-31T17:42:30.038322+00:00,5296.4,100.0,61.3,9950.5,0.1,19,3201.0,,False,
2026-07-31T17:42:50.572744+00:00,5317.0,100.0,61.5,9979.6,0.1,19,3201.0,,False,
2026-07-31T17:43:11.091983+00:00,5337.5,100.0,60.9,9890.3,0.1,19,3201.0,,False,
2026-07-31T17:43:31.641736+00:00,5358.0,100.0,60.9,9884.4,0.1,19,3201.0,,False,
2026-07-31T17:43:52.157733+00:00,5378.5,100.0,60.7,9856.2,0.1,19,3201.0,,False,
2026-07-31T17:44:12.653107+00:00,5399.0,100.0,60.7,9850.6,0.1,19,3201.0,,False,
2026-07-31T17:44:32.941215+00:00,5419.3,100.0,60.9,9888.4,0.1,19,3201.0,,False,
2026-07-31T17:44:53.442110+00:00,5439.8,100.0,60.8,9872.0,0.1,19,3201.0,,False,
2026-07-31T17:45:13.946322+00:00,5460.3,100.0,60.8,9872.7,0.1,19,3201.0,,False,
2026-07-31T19:56:07.241467+00:00,1.4,19.8,54.3,8816.1,0.1,3,3201.0,,False,
2026-07-31T19:56:27.247402+00:00,21.4,81.3,62.2,10092.5,0.1,14,3201.0,,False,
2026-07-31T19:56:47.757652+00:00,41.9,100.0,65.6,10645.9,0.1,19,3201.0,,False,
2026-07-31T19:57:08.292678+00:00,62.5,100.0,65.2,10589.8,0.1,19,3201.0,,False,
2026-07-31T19:57:28.826568+00:00,83.0,100.0,65.3,10592.1,0.1,19,3201.0,,False,
2026-07-31T19:57:49.363263+00:00,103.5,100.0,65.2,10590.7,0.1,19,3201.0,,False,
2026-07-31T19:58:09.950689+00:00,124.1,100.0,65.1,10571.7,0.1,19,3201.0,,False,
2026-07-31T19:58:30.449879+00:00,144.6,100.0,65.1,10572.7,0.1,19,3201.0,,False,
2026-07-31T19:58:50.950922+00:00,165.1,100.0,65.2,10579.2,0.1,19,3201.0,,False,
2026-07-31T19:59:11.507938+00:00,185.7,100.0,65.1,10560.3,0.1,19,3201.0,,False,
2026-07-31T19:59:32.052507+00:00,206.2,100.0,65.1,10564.2,0.1,19,3201.0,,False,
2026-07-31T19:59:52.629483+00:00,226.8,100.0,65.2,10588.5,0.1,19,3201.0,,False,
2026-07-31T20:00:13.171530+00:00,247.4,100.0,65.2,10587.2,0.1,19,3201.0,,False,
2026-07-31T20:00:33.651626+00:00,267.8,100.0,65.1,10566.8,0.1,19,3201.0,,False,
2026-07-31T20:00:54.133112+00:00,288.3,100.0,65.0,10557.1,0.1,19,3201.0,,False,
2026-07-31T20:01:14.680652+00:00,308.9,100.0,65.1,10564.9,0.1,19,3201.0,,False,
2026-07-31T20:01:35.235457+00:00,329.4,100.0,65.1,10572.7,0.1,19,3201.0,,False,
2026-07-31T20:01:55.768474+00:00,350.0,100.0,65.0,10551.0,0.1,19,3201.0,,False,
2026-07-31T20:02:16.291430+00:00,370.5,100.0,64.9,10538.1,0.1,19,3201.0,,False,
2026-07-31T20:02:36.848149+00:00,391.0,100.0,65.0,10548.5,0.1,19,3201.0,,False,
2026-07-31T20:02:57.403842+00:00,411.6,100.0,65.0,10553.0,0.1,19,3201.0,,False,
2026-07-31T20:03:17.910158+00:00,432.1,100.0,65.2,10579.8,0.1,19,3201.0,,False,
2026-07-31T20:03:38.430907+00:00,452.6,100.0,65.4,10613.4,0.1,19,3201.0,,False,
2026-07-31T20:03:58.969669+00:00,473.2,100.0,65.4,10615.6,0.1,19,3201.0,,False,
2026-07-31T20:04:19.559797+00:00,493.7,100.0,65.3,10602.3,0.1,19,3201.0,,False,
2026-07-31T20:04:40.109980+00:00,514.3,100.0,65.5,10625.9,0.1,19,3201.0,,False,
2026-07-31T20:05:00.600616+00:00,534.8,100.0,66.0,10706.4,0.1,19,3201.0,,False,
2026-07-31T20:05:21.158596+00:00,555.3,100.0,65.7,10666.1,0.1,19,3201.0,,False,
2026-07-31T20:05:41.694395+00:00,575.9,100.0,64.9,10527.8,0.1,19,3201.0,,False,
2026-07-31T20:06:02.225889+00:00,596.4,100.0,64.7,10504.7,0.1,19,3201.0,,False,
2026-07-31T20:06:22.757594+00:00,616.9,100.0,64.8,10514.4,0.1,19,3201.0,,False,
2026-07-31T20:06:43.292665+00:00,637.5,100.0,64.7,10507.5,0.1,19,3201.0,,False,
2026-07-31T20:07:03.817607+00:00,658.0,100.0,64.7,10501.8,0.1,19,3201.0,,False,
2026-07-31T20:07:24.350694+00:00,678.5,100.0,64.8,10511.2,0.1,19,3201.0,,False,
2026-07-31T20:07:44.874454+00:00,699.1,100.0,64.7,10496.5,0.1,19,3201.0,,False,
2026-07-31T20:08:05.386583+00:00,719.6,100.0,64.7,10498.0,0.1,19,3201.0,,False,
2026-07-31T20:08:25.902817+00:00,740.1,100.0,65.3,10603.6,0.1,19,3201.0,,False,
2026-07-31T20:08:46.409314+00:00,760.6,100.0,65.4,10611.1,0.1,19,3201.0,,False,
2026-07-31T20:09:06.912520+00:00,781.1,100.0,65.3,10599.5,0.1,19,3201.0,,False,
2026-07-31T20:09:27.402474+00:00,801.6,100.0,62.4,10129.4,0.1,19,3201.0,,False,
2026-07-31T20:09:47.975476+00:00,822.2,100.0,62.7,10182.7,0.1,19,3201.0,,False,
2026-07-31T20:10:08.466120+00:00,842.6,100.0,62.8,10192.1,0.1,19,3201.0,,False,
2026-07-31T20:10:29.445377+00:00,863.6,100.0,63.0,10225.3,0.1,19,3201.0,,False,
2026-07-31T20:10:50.032474+00:00,884.2,100.0,62.8,10200.9,0.1,19,3201.0,,False,
2026-07-31T20:11:10.583402+00:00,904.8,100.0,62.8,10191.7,0.1,19,3201.0,,False,
2026-07-31T20:11:31.146951+00:00,925.3,100.0,62.8,10201.3,0.1,19,3201.0,,False,
2026-07-31T20:11:51.681064+00:00,945.9,100.0,62.8,10192.2,0.1,19,3201.0,,False,
2026-07-31T20:12:12.304456+00:00,966.5,100.0,62.7,10184.2,0.1,19,3201.0,,False,
2026-07-31T20:12:32.822456+00:00,987.0,100.0,62.8,10192.7,0.1,19,3201.0,,False,
2026-07-31T20:12:53.367082+00:00,1007.5,100.0,62.6,10165.8,0.1,19,3201.0,,False,
2026-07-31T20:13:13.854881+00:00,1028.0,100.0,62.6,10157.3,0.1,19,3201.0,,False,
2026-07-31T20:13:34.363377+00:00,1048.5,100.0,62.6,10160.2,0.1,19,3201.0,,False,
2026-07-31T20:13:54.922625+00:00,1069.1,100.0,62.7,10175.0,0.1,19,3201.0,,False,
2026-07-31T20:14:15.434745+00:00,1089.6,100.0,62.6,10168.6,0.1,19,3201.0,,False,
2026-07-31T20:14:35.968934+00:00,1110.2,100.0,62.6,10164.8,0.1,19,3201.0,,False,
2026-07-31T20:14:56.504109+00:00,1130.7,100.0,62.9,10205.9,0.1,19,3201.0,,False,
2026-07-31T20:15:16.975349+00:00,1151.2,100.0,62.7,10177.9,0.1,19,3201.0,,False,
2026-07-31T20:15:37.501206+00:00,1171.7,100.0,62.8,10201.2,0.1,19,3201.0,,False,
2026-07-31T20:15:58.014930+00:00,1192.2,100.0,62.9,10204.8,0.1,19,3201.0,,False,
2026-07-31T20:16:18.562661+00:00,1212.7,100.0,62.8,10191.9,0.1,19,3201.0,,False,
2026-07-31T20:16:39.088765+00:00,1233.3,100.0,62.7,10180.4,0.1,19,3201.0,,False,
2026-07-31T20:16:59.602381+00:00,1253.8,100.0,62.6,10155.5,0.1,19,3201.0,,False,
2026-07-31T20:17:20.110044+00:00,1274.3,100.0,62.6,10162.8,0.1,19,3201.0,,False,
2026-07-31T20:17:40.606501+00:00,1294.8,100.0,62.6,10154.8,0.1,19,3201.0,,False,
2026-07-31T20:18:01.153240+00:00,1315.3,100.0,62.6,10157.3,0.1,19,3201.0,,False,
2026-07-31T20:18:21.649888+00:00,1335.8,100.0,62.7,10182.8,0.1,19,3201.0,,False,
2026-07-31T20:18:42.134934+00:00,1356.3,100.0,62.8,10200.9,0.1,19,3201.0,,False,
2026-07-31T20:19:02.780994+00:00,1377.0,100.0,62.8,10201.1,0.1,19,3201.0,,False,
2026-07-31T20:19:23.299418+00:00,1397.5,100.0,62.8,10188.9,0.1,19,3201.0,,False,
2026-07-31T20:19:43.847800+00:00,1418.0,100.0,62.7,10180.6,0.1,19,3201.0,,False,
2026-07-31T20:20:04.406128+00:00,1438.6,100.0,62.7,10183.4,0.1,19,3201.0,,False,
2026-07-31T20:20:24.920302+00:00,1459.1,100.0,62.7,10176.1,0.1,19,3201.0,,False,
2026-07-31T20:20:45.652086+00:00,1479.8,100.0,62.7,10177.7,0.1,19,3201.0,,False,
2026-07-31T20:21:06.126891+00:00,1500.3,100.0,62.7,10180.7,0.1,19,3201.0,,False,
2026-07-31T20:21:26.654175+00:00,1520.8,100.0,62.7,10180.0,0.1,19,3201.0,,False,
2026-07-31T20:21:47.525943+00:00,1541.7,100.0,62.8,10192.1,0.1,19,3201.0,,False,
2026-07-31T20:22:08.091816+00:00,1562.3,100.0,62.9,10204.6,0.1,19,3201.0,,False,
2026-07-31T20:22:28.678479+00:00,1582.9,100.0,62.8,10195.0,0.1,19,3201.0,,False,
2026-07-31T20:22:49.157820+00:00,1603.3,100.0,62.7,10179.6,0.1,19,3201.0,,False,
2026-07-31T20:23:09.718150+00:00,1623.9,100.0,62.9,10215.4,0.1,19,3201.0,,False,
2026-07-31T20:23:30.271990+00:00,1644.5,100.0,62.8,10200.9,0.1,19,3201.0,,False,
2026-07-31T20:23:50.764729+00:00,1664.9,100.0,62.6,10168.9,0.1,19,3201.0,,False,
2026-07-31T20:24:11.270557+00:00,1685.5,100.0,62.7,10176.9,0.1,19,3201.0,,False,
2026-07-31T20:24:32.024269+00:00,1706.2,100.0,63.0,10232.9,0.1,19,3201.0,,False,
2026-07-31T20:24:52.733635+00:00,1726.9,100.0,62.6,10158.4,0.1,19,3201.0,,False,
2026-07-31T20:25:13.247026+00:00,1747.4,100.0,62.6,10154.9,0.1,19,3201.0,,False,
2026-07-31T20:25:33.808252+00:00,1768.0,100.0,62.5,10152.7,0.1,19,3201.0,,False,
2026-07-31T20:25:54.324264+00:00,1788.5,100.0,62.6,10165.6,0.1,19,3201.0,,False,
2026-07-31T20:26:14.615513+00:00,1808.8,100.0,62.6,10160.0,0.1,19,3201.0,,False,
2026-07-31T20:26:35.143740+00:00,1829.3,100.0,62.7,10173.9,0.1,19,3201.0,,False,
2026-07-31T20:26:55.679783+00:00,1849.9,100.0,62.7,10185.7,0.1,19,3201.0,,False,
2026-07-31T20:27:16.162854+00:00,1870.3,100.0,62.7,10177.5,0.1,19,3201.0,,False,
2026-07-31T20:27:36.671763+00:00,1890.9,100.0,62.7,10175.4,0.1,19,3201.0,,False,
2026-07-31T20:27:57.252476+00:00,1911.4,100.0,62.8,10192.6,0.1,19,3201.0,,False,
2026-07-31T20:28:17.776371+00:00,1932.0,100.0,62.8,10191.7,0.1,19,3201.0,,False,
2026-07-31T20:28:38.301864+00:00,1952.5,100.0,62.8,10194.5,0.1,19,3201.0,,False,
2026-07-31T20:28:58.829956+00:00,1973.0,100.0,62.7,10173.2,0.1,19,3201.0,,False,
2026-07-31T20:29:19.332005+00:00,1993.5,100.0,62.7,10170.2,0.1,19,3201.0,,False,
2026-07-31T20:29:39.942704+00:00,2014.1,100.0,62.8,10187.7,0.1,19,3201.0,,False,
2026-07-31T20:30:00.465608+00:00,2034.6,100.0,62.7,10177.2,0.1,19,3201.0,,False,
2026-07-31T20:30:20.972601+00:00,2055.2,100.0,62.9,10203.2,0.1,19,3201.0,,False,
2026-07-31T20:30:41.500340+00:00,2075.7,100.0,62.7,10180.7,0.1,19,3201.0,,False,
2026-07-31T20:31:02.003095+00:00,2096.2,100.0,62.7,10182.4,0.1,19,3201.0,,False,
2026-07-31T20:31:22.720341+00:00,2116.9,100.0,62.7,10179.5,0.1,19,3201.0,,False,
2026-07-31T20:31:42.726082+00:00,2136.9,95.3,62.8,10187.8,0.1,19,3201.0,,False,
2026-07-31T20:32:02.748561+00:00,2156.9,95.5,62.8,10189.4,0.1,19,3201.0,,False,
2026-07-31T20:32:22.754941+00:00,2176.9,92.3,63.0,10219.7,0.1,19,3201.0,,False,
2026-07-31T20:32:42.760218+00:00,2196.9,87.8,62.9,10207.0,0.1,19,3201.0,,False,
2026-07-31T20:33:02.765266+00:00,2216.9,88.2,62.9,10205.4,0.1,19,3201.0,,False,
2026-07-31T20:33:22.770934+00:00,2237.0,85.8,62.9,10207.9,0.1,19,3201.0,,False,
2026-07-31T20:33:42.776100+00:00,2257.0,81.8,62.9,10208.1,0.1,19,3201.0,,False,
2026-07-31T20:34:02.781842+00:00,2277.0,84.2,62.9,10208.0,0.1,19,3201.0,,False,
2026-07-31T20:34:22.786909+00:00,2297.0,78.6,62.8,10199.0,0.1,19,3201.0,,False,
2026-07-31T20:34:42.792046+00:00,2317.0,80.6,62.8,10198.4,0.1,19,3201.0,,False,
2026-07-31T20:35:02.797243+00:00,2337.0,71.3,62.8,10196.8,0.1,19,3201.0,,False,
2026-07-31T20:35:22.803308+00:00,2357.0,73.2,62.8,10197.8,0.1,19,3201.0,,False,
2026-07-31T20:35:42.807664+00:00,2377.0,69.1,62.9,10204.8,0.1,19,3201.0,,False,
2026-07-31T20:36:02.812450+00:00,2397.0,65.9,62.8,10191.2,0.1,19,3201.0,,False,
2026-07-31T20:36:22.816079+00:00,2417.0,65.7,62.8,10195.2,0.1,19,3201.0,,False,
2026-07-31T20:36:42.819762+00:00,2437.0,67.7,62.8,10193.3,0.1,19,3201.0,,False,
2026-07-31T20:37:02.825296+00:00,2457.0,63.1,62.7,10184.8,0.1,19,3201.0,,False,
2026-07-31T20:37:22.829061+00:00,2477.0,65.2,62.8,10187.4,0.1,19,3201.0,,False,
2026-07-31T20:37:42.832985+00:00,2497.0,60.4,62.8,10187.2,0.1,19,3201.0,,False,
2026-07-31T20:38:02.836765+00:00,2517.0,50.8,62.7,10182.8,0.1,19,3201.0,,False,
2026-07-31T20:38:22.840250+00:00,2537.0,53.6,62.7,10181.1,0.1,19,3201.0,,False,
2026-07-31T20:38:42.844884+00:00,2557.0,52.4,62.7,10183.2,0.1,19,3201.0,,False,
2026-07-31T20:39:02.848205+00:00,2577.0,46.1,62.7,10183.0,0.1,19,3201.0,,False,
2026-07-31T20:39:22.851921+00:00,2597.0,46.6,62.7,10170.0,0.1,19,3201.0,,False,
2026-07-31T20:39:42.856114+00:00,2617.0,47.1,62.6,10158.2,0.1,19,3201.0,,False,
2026-07-31T20:40:02.859515+00:00,2637.0,51.5,62.7,10180.0,0.1,19,3201.0,,False,
2026-07-31T20:40:22.862831+00:00,2657.0,35.8,62.6,10168.5,0.1,19,3201.0,,False,
2026-07-31T20:40:42.866685+00:00,2677.0,32.6,62.6,10168.1,0.1,19,3201.0,,False,
2026-07-31T20:41:02.870076+00:00,2697.1,21.5,62.7,10176.4,0.1,19,3201.0,,False,
2026-07-31T20:41:22.873261+00:00,2717.1,16.0,62.7,10180.6,0.1,19,3201.0,,False,
2026-07-31T20:41:42.876194+00:00,2737.1,13.5,62.6,10167.8,0.1,19,3201.0,,False,
2026-07-31T20:42:02.879584+00:00,2757.1,14.3,62.7,10169.7,0.1,19,3201.0,,False,
2026-07-31T20:42:22.882911+00:00,2777.1,14.9,62.6,10154.8,0.1,19,3201.0,,False,
2026-07-31T20:42:42.886662+00:00,2797.1,13.7,62.9,10209.1,0.1,19,3201.0,,False,
2026-07-31T20:43:02.889881+00:00,2817.1,13.3,63.1,10235.7,0.1,19,3201.0,,False,
2026-07-31T20:43:22.893529+00:00,2837.1,15.9,63.1,10235.3,0.1,19,3201.0,,False,
2026-07-31T20:43:42.897026+00:00,2857.1,15.6,63.0,10233.8,0.1,19,3201.0,,False,
2026-07-31T20:44:02.900357+00:00,2877.1,9.2,63.1,10236.4,0.1,19,3201.0,,False,
2026-07-31T20:44:22.905276+00:00,2897.1,62.5,58.2,9440.7,0.1,13,3201.0,,False,
2026-07-31T20:44:44.321221+00:00,2918.5,100.0,63.5,10310.2,0.1,19,3201.0,,False,
2026-07-31T20:45:04.858381+00:00,2939.0,100.0,63.4,10292.1,0.1,19,3201.0,,False,
2026-07-31T20:45:25.403585+00:00,2959.6,100.0,63.4,10292.1,0.1,19,3201.0,,False,
2026-07-31T20:45:45.933474+00:00,2980.1,100.0,63.5,10300.0,0.1,19,3201.0,,False,
2026-07-31T20:46:06.433915+00:00,3000.6,100.0,63.3,10273.0,0.1,19,3201.0,,False,
2026-07-31T20:46:26.942169+00:00,3021.1,100.0,63.3,10278.9,0.1,19,3201.0,,False,
2026-07-31T20:46:47.426101+00:00,3041.6,100.0,63.2,10257.7,0.1,19,3201.0,,False,
2026-07-31T20:47:07.916207+00:00,3062.1,100.0,63.2,10258.8,0.1,19,3201.0,,False,
2026-07-31T20:47:28.406263+00:00,3082.6,100.0,63.3,10274.5,0.1,19,3201.0,,False,
2026-07-31T20:47:48.940175+00:00,3103.1,100.0,63.2,10266.6,0.1,19,3201.0,,False,
2026-07-31T20:48:09.482569+00:00,3123.7,100.0,63.3,10272.9,0.1,19,3201.0,,False,
2026-07-31T20:48:29.984775+00:00,3144.2,100.0,63.3,10272.8,0.1,19,3201.0,,False,
2026-07-31T20:48:50.511545+00:00,3164.7,100.0,63.3,10282.4,0.1,19,3201.0,,False,
2026-07-31T20:49:11.024737+00:00,3185.2,100.0,63.3,10279.0,0.1,19,3201.0,,False,
2026-07-31T20:49:31.531878+00:00,3205.7,100.0,63.3,10277.3,0.1,19,3201.0,,False,
2026-07-31T20:49:52.114216+00:00,3226.3,100.0,63.3,10275.4,0.1,19,3201.0,,False,
2026-07-31T20:50:12.915261+00:00,3247.1,100.0,63.2,10253.6,0.1,19,3201.0,,False,
2026-07-31T20:50:33.427112+00:00,3267.6,100.0,63.3,10279.4,0.1,19,3201.0,,False,
2026-07-31T20:50:53.932412+00:00,3288.1,100.0,63.4,10293.6,0.1,19,3201.0,,False,
2026-07-31T20:51:14.434703+00:00,3308.6,100.0,63.4,10288.4,0.1,19,3201.0,,False,
2026-07-31T20:51:34.961224+00:00,3329.1,100.0,63.5,10313.9,0.1,19,3201.0,,False,
2026-07-31T20:51:55.551363+00:00,3349.7,100.0,63.8,10352.0,0.1,19,3201.0,,False,
2026-07-31T20:52:16.634912+00:00,3370.8,100.0,63.9,10364.9,0.1,19,3201.0,,False,
2026-07-31T20:52:37.772532+00:00,3392.0,100.0,64.1,10404.8,0.1,19,3201.0,,False,
2026-07-31T20:52:58.892609+00:00,3413.1,100.0,63.9,10369.4,0.1,19,3201.0,,False,
2026-07-31T20:53:19.385206+00:00,3433.6,100.0,64.1,10397.5,0.1,19,3201.0,,False,
2026-07-31T20:53:39.885731+00:00,3454.1,100.0,64.0,10391.0,0.1,19,3201.0,,False,
2026-07-31T20:54:00.517435+00:00,3474.7,100.0,64.8,10523.4,0.1,19,3201.0,,False,
2026-07-31T20:54:21.063260+00:00,3495.2,100.0,64.6,10488.8,0.1,19,3201.0,,False,
2026-07-31T20:54:41.828619+00:00,3516.0,100.0,64.6,10487.7,0.1,19,3201.0,,False,
2026-07-31T20:55:02.451669+00:00,3536.6,100.0,63.7,10339.9,0.1,19,3201.0,,False,
2026-07-31T20:55:22.971797+00:00,3557.2,100.0,63.8,10351.3,0.1,19,3201.0,,False,
2026-07-31T20:55:43.464298+00:00,3577.6,100.0,63.8,10355.9,0.1,19,3201.0,,False,
2026-07-31T20:56:03.978017+00:00,3598.2,100.0,63.7,10347.4,0.1,19,3201.0,,False,
2026-07-31T20:56:24.264819+00:00,3618.4,100.0,63.8,10350.5,0.1,19,3201.0,,False,
2026-07-31T20:56:44.759924+00:00,3638.9,100.0,63.8,10362.4,0.1,19,3201.0,,False,
2026-07-31T20:57:05.284375+00:00,3659.5,100.0,63.6,10316.9,0.1,19,3201.0,,False,
2026-07-31T20:57:25.807377+00:00,3680.0,100.0,63.6,10323.3,0.1,19,3201.0,,False,
2026-07-31T20:57:46.334381+00:00,3700.5,100.0,63.5,10308.7,0.1,19,3201.0,,False,
2026-07-31T20:58:06.981382+00:00,3721.2,100.0,63.5,10314.8,0.1,19,3201.0,,False,
2026-07-31T20:58:27.482945+00:00,3741.7,100.0,63.4,10288.9,0.1,19,3201.0,,False,
2026-07-31T20:58:47.961227+00:00,3762.1,100.0,63.3,10267.7,0.1,19,3201.0,,False,
2026-07-31T20:59:08.447370+00:00,3782.6,100.0,63.2,10261.0,0.1,19,3201.0,,False,
2026-07-31T20:59:28.963133+00:00,3803.1,100.0,63.1,10246.1,0.1,19,3201.0,,False,
2026-07-31T20:59:49.517739+00:00,3823.7,100.0,63.2,10259.2,0.1,19,3201.0,,False,
2026-07-31T21:00:10.029128+00:00,3844.2,100.0,63.1,10247.7,0.1,19,3201.0,,False,
2026-07-31T21:00:30.560039+00:00,3864.7,100.0,63.1,10244.4,0.1,19,3201.0,,False,
2026-07-31T21:00:51.075868+00:00,3885.3,100.0,63.1,10248.1,0.1,19,3201.0,,False,
2026-07-31T21:01:11.707425+00:00,3905.9,100.0,63.1,10242.2,0.1,19,3201.0,,False,
2026-07-31T21:01:32.244526+00:00,3926.4,100.0,63.1,10235.9,0.1,19,3201.0,,False,
2026-07-31T21:01:52.779561+00:00,3947.0,100.0,63.1,10246.8,0.1,19,3201.0,,False,
2026-07-31T21:02:13.580471+00:00,3967.8,100.0,63.2,10263.0,0.1,19,3201.0,,False,
2026-07-31T21:02:34.136902+00:00,3988.3,100.0,63.2,10255.0,0.1,19,3201.0,,False,
2026-07-31T21:02:54.679819+00:00,4008.9,100.0,63.1,10249.4,0.1,19,3201.0,,False,
2026-07-31T21:03:15.208673+00:00,4029.4,100.0,63.1,10247.9,0.1,19,3201.0,,False,
2026-07-31T21:03:35.741415+00:00,4049.9,100.0,63.2,10254.9,0.1,19,3201.0,,False,
2026-07-31T21:03:56.291244+00:00,4070.5,100.0,63.2,10254.4,0.1,19,3201.0,,False,
2026-07-31T21:04:16.798850+00:00,4091.0,100.0,63.1,10250.4,0.1,19,3201.0,,False,
2026-07-31T21:04:37.349232+00:00,4111.5,100.0,63.2,10258.5,0.1,19,3201.0,,False,
2026-07-31T21:04:57.883189+00:00,4132.1,100.0,63.3,10276.0,0.1,19,3201.0,,False,
2026-07-31T21:05:18.512382+00:00,4152.7,100.0,63.1,10246.3,0.1,19,3201.0,,False,
2026-07-31T21:05:39.043959+00:00,4173.2,100.0,63.2,10256.6,0.1,19,3201.0,,False,
2026-07-31T21:05:59.615438+00:00,4193.8,100.0,63.2,10264.6,0.1,19,3201.0,,False,
2026-07-31T21:06:20.095790+00:00,4214.3,100.0,63.4,10294.2,0.1,19,3201.0,,False,
2026-07-31T21:06:40.620494+00:00,4234.8,100.0,63.2,10265.0,0.1,19,3201.0,,False,
2026-07-31T21:07:01.137561+00:00,4255.3,100.0,63.0,10232.7,0.1,19,3201.0,,False,
2026-07-31T21:07:21.735340+00:00,4275.9,100.0,63.1,10243.9,0.1,19,3201.0,,False,
2026-07-31T21:07:42.298502+00:00,4296.5,100.0,63.2,10260.5,0.1,19,3201.0,,False,
2026-07-31T21:08:02.813264+00:00,4317.0,100.0,63.4,10296.2,0.1,19,3201.0,,False,
2026-07-31T21:08:23.391487+00:00,4337.6,100.0,63.7,10335.3,0.1,19,3201.0,,False,
2026-07-31T21:08:44.197162+00:00,4358.4,100.0,63.6,10328.8,0.1,19,3201.0,,False,
2026-07-31T21:09:04.704027+00:00,4378.9,100.0,63.6,10320.4,0.1,19,3201.0,,False,
2026-07-31T21:09:25.222137+00:00,4399.4,100.0,63.3,10282.3,0.1,19,3201.0,,False,
2026-07-31T21:09:45.755587+00:00,4419.9,100.0,63.7,10333.3,0.1,19,3201.0,,False,
2026-07-31T21:10:06.589287+00:00,4440.8,100.0,64.1,10411.7,0.1,19,3201.0,,False,
2026-07-31T21:10:27.102688+00:00,4461.3,100.0,63.2,10255.2,0.1,19,3201.0,,False,
2026-07-31T21:10:47.623435+00:00,4481.8,100.0,63.1,10247.6,0.1,19,3201.0,,False,
2026-07-31T21:11:08.158033+00:00,4502.3,100.0,63.1,10245.6,0.1,19,3201.0,,False,
2026-07-31T21:11:28.703859+00:00,4522.9,100.0,63.2,10257.7,0.1,19,3201.0,,False,
2026-07-31T21:11:49.236405+00:00,4543.4,100.0,63.1,10246.3,0.1,19,3201.0,,False,
2026-07-31T21:12:09.720812+00:00,4563.9,100.0,63.2,10262.4,0.1,19,3201.0,,False,
2026-07-31T21:12:30.244694+00:00,4584.4,100.0,63.1,10244.2,0.1,19,3201.0,,False,
2026-07-31T21:12:50.771716+00:00,4605.0,100.0,63.0,10230.7,0.1,19,3201.0,,False,
2026-07-31T21:13:11.326166+00:00,4625.5,100.0,63.1,10238.3,0.1,19,3201.0,,False,
2026-07-31T21:13:31.834781+00:00,4646.0,100.0,63.0,10233.3,0.1,19,3201.0,,False,
2026-07-31T21:13:52.361498+00:00,4666.5,100.0,63.2,10253.5,0.1,19,3201.0,,False,
2026-07-31T21:14:13.269939+00:00,4687.5,100.0,63.4,10286.7,0.1,19,3201.0,,False,
2026-07-31T21:14:33.750351+00:00,4707.9,100.0,63.3,10268.6,0.1,19,3201.0,,False,
2026-07-31T21:14:54.274950+00:00,4728.5,100.0,63.1,10250.2,0.1,19,3201.0,,False,
2026-07-31T21:15:14.798421+00:00,4749.0,100.0,63.3,10279.6,0.1,19,3201.0,,False,
2026-07-31T21:15:35.329940+00:00,4769.5,100.0,63.3,10269.9,0.1,19,3201.0,,False,
2026-07-31T21:15:55.839360+00:00,4790.0,100.0,63.2,10263.5,0.1,19,3201.0,,False,
2026-07-31T21:16:16.352866+00:00,4810.5,100.0,63.2,10261.4,0.1,19,3201.0,,False,
2026-07-31T21:16:36.881358+00:00,4831.1,100.0,63.3,10275.2,0.1,19,3201.0,,False,
2026-07-31T21:16:57.388498+00:00,4851.6,100.0,63.2,10264.7,0.1,19,3201.0,,False,
2026-07-31T21:17:17.891478+00:00,4872.1,100.0,63.2,10265.6,0.1,19,3201.0,,False,
2026-07-31T21:17:38.407158+00:00,4892.6,100.0,63.4,10284.2,0.1,19,3201.0,,False,
2026-07-31T21:17:58.952804+00:00,4913.1,100.0,63.3,10282.5,0.1,19,3201.0,,False,
2026-07-31T21:18:19.439592+00:00,4933.6,100.0,63.4,10291.1,0.1,19,3201.0,,False,
2026-07-31T21:18:39.954964+00:00,4954.1,100.0,63.3,10279.2,0.1,19,3201.0,,False,
2026-07-31T21:19:00.485848+00:00,4974.7,100.0,63.3,10277.2,0.1,19,3201.0,,False,
2026-07-31T21:19:20.963142+00:00,4995.1,100.0,63.3,10274.2,0.1,19,3201.0,,False,
2026-07-31T21:19:41.464409+00:00,5015.6,100.0,63.3,10273.8,0.1,19,3201.0,,False,
2026-07-31T21:20:01.983940+00:00,5036.2,100.0,63.4,10290.3,0.1,19,3201.0,,False,
2026-07-31T21:20:22.487647+00:00,5056.7,100.0,63.3,10272.9,0.1,19,3201.0,,False,
2026-07-31T21:20:43.030904+00:00,5077.2,100.0,63.3,10278.3,0.1,19,3201.0,,False,
2026-07-31T21:21:03.594465+00:00,5097.8,100.0,63.4,10284.9,0.1,19,3201.0,,False,
2026-07-31T21:21:24.104315+00:00,5118.3,100.0,63.3,10280.2,0.1,19,3201.0,,False,
2026-07-31T21:21:44.607305+00:00,5138.8,100.0,63.4,10286.2,0.1,19,3201.0,,False,
2026-07-31T21:22:05.102672+00:00,5159.3,100.0,63.4,10290.5,0.1,19,3201.0,,False,
2026-07-31T21:22:25.644486+00:00,5179.8,100.0,63.4,10295.2,0.1,19,3201.0,,False,
2026-07-31T21:22:46.188897+00:00,5200.4,100.0,63.3,10280.8,0.1,19,3201.0,,False,
2026-07-31T21:23:06.724805+00:00,5220.9,100.0,63.4,10284.2,0.1,19,3201.0,,False,
2026-07-31T21:23:27.452751+00:00,5241.6,100.0,63.5,10307.2,0.1,19,3201.0,,False,
2026-07-31T21:23:48.187889+00:00,5262.4,100.0,63.4,10296.4,0.1,19,3201.0,,False,
2026-07-31T21:24:08.725562+00:00,5282.9,100.0,63.4,10296.7,0.1,19,3201.0,,False,
2026-07-31T21:24:29.501738+00:00,5303.7,100.0,63.5,10309.2,0.1,19,3201.0,,False,
2026-07-31T21:24:50.015396+00:00,5324.2,100.0,63.7,10342.8,0.1,19,3201.0,,False,
2026-07-31T21:25:10.567262+00:00,5344.7,100.0,63.7,10337.5,0.1,19,3201.0,,False,
2026-07-31T21:25:31.055149+00:00,5365.2,100.0,64.0,10394.7,0.1,19,3201.0,,False,
2026-07-31T21:25:51.567982+00:00,5385.7,100.0,64.0,10395.5,0.1,19,3201.0,,False,
2026-07-31T21:26:12.094128+00:00,5406.3,100.0,64.0,10396.0,0.1,19,3201.0,,False,
2026-07-31T21:26:32.481886+00:00,5426.7,100.0,64.1,10406.5,0.1,19,3201.0,,False,
2026-07-31T21:26:52.983532+00:00,5447.2,100.0,64.1,10400.0,0.1,19,3201.0,,False,
2026-07-31T21:27:13.724615+00:00,5467.9,100.0,64.1,10407.1,0.1,19,3201.0,,False,
2026-07-31T21:27:34.255416+00:00,5488.4,100.0,64.0,10396.3,0.1,19,3201.0,,False,
2026-07-31T21:27:54.825926+00:00,5509.0,100.0,65.2,10577.9,0.1,19,3201.0,,False,
2026-07-31T21:28:15.410599+00:00,5529.6,100.0,65.1,10564.1,0.1,19,3201.0,,False,
2026-07-31T21:28:35.922071+00:00,5550.1,100.0,65.0,10555.2,0.1,19,3201.0,,False,
2026-07-31T21:28:56.474153+00:00,5570.7,100.0,65.0,10556.4,0.1,19,3201.0,,False,
2026-07-31T21:29:16.981212+00:00,5591.2,100.0,65.0,10555.0,0.1,19,3201.0,,False,
2026-07-31T21:29:37.581015+00:00,5611.8,100.0,65.1,10570.9,0.1,19,3201.0,,False,
2026-07-31T21:29:58.106240+00:00,5632.3,100.0,65.0,10552.5,0.1,19,3201.0,,False,
2026-07-31T21:30:18.618067+00:00,5652.8,100.0,65.0,10551.4,0.1,19,3201.0,,False,
2026-07-31T21:30:39.125161+00:00,5673.3,100.0,65.0,10556.0,0.1,19,3201.0,,False,
2026-07-31T21:30:59.691794+00:00,5693.9,100.0,64.9,10530.7,0.1,19,3201.0,,False,
2026-07-31T21:31:20.192266+00:00,5714.4,100.0,64.9,10534.1,0.1,19,3201.0,,False,
2026-07-31T21:31:40.768876+00:00,5735.0,100.0,64.9,10531.8,0.1,19,3201.0,,False,
2026-07-31T21:32:01.265814+00:00,5755.4,100.0,64.9,10527.3,0.1,19,3201.0,,False,
2026-07-31T21:32:21.795027+00:00,5776.0,100.0,64.8,10525.3,0.1,19,3201.0,,False,
2026-07-31T21:32:42.341173+00:00,5796.5,100.0,64.9,10529.6,0.1,19,3201.0,,False,
2026-07-31T21:33:02.844916+00:00,5817.0,100.0,64.7,10506.3,0.1,19,3201.0,,False,
2026-07-31T21:33:23.449257+00:00,5837.6,100.0,64.7,10505.2,0.1,19,3201.0,,False,
2026-07-31T21:33:44.478729+00:00,5858.7,100.0,64.9,10540.9,0.1,19,3201.0,,False,
2026-07-31T21:34:04.988706+00:00,5879.2,100.0,64.9,10530.1,0.1,19,3201.0,,False,
2026-07-31T21:34:25.549560+00:00,5899.7,100.0,64.9,10532.5,0.1,19,3201.0,,False,
2026-07-31T21:34:46.095491+00:00,5920.3,100.0,64.7,10507.7,0.1,19,3201.0,,False,
2026-07-31T21:35:06.582404+00:00,5940.8,100.0,64.7,10499.6,0.1,19,3201.0,,False,
2026-07-31T21:35:27.117772+00:00,5961.3,100.0,64.6,10487.6,0.1,19,3201.0,,False,
2026-07-31T21:35:47.663467+00:00,5981.8,100.0,64.6,10478.6,0.1,19,3201.0,,False,
2026-07-31T21:36:08.177897+00:00,6002.4,100.0,64.6,10489.3,0.1,19,3201.0,,False,
2026-07-31T21:36:28.680009+00:00,6022.9,100.0,64.5,10475.7,0.1,19,3201.0,,False,
2026-07-31T21:36:49.312889+00:00,6043.5,100.0,64.7,10507.6,0.1,19,3201.0,,False,
2026-07-31T21:37:09.821386+00:00,6064.0,100.0,64.6,10489.7,0.1,19,3201.0,,False,
2026-07-31T21:37:30.363653+00:00,6084.5,100.0,64.6,10488.1,0.1,19,3201.0,,False,
2026-07-31T21:37:51.143950+00:00,6105.3,100.0,64.8,10512.5,0.1,19,3201.0,,False,
2026-07-31T21:38:11.670154+00:00,6125.9,100.0,64.5,10461.9,0.1,19,3201.0,,False,
2026-07-31T21:38:32.247324+00:00,6146.4,100.0,64.4,10453.9,0.1,19,3201.0,,False,
2026-07-31T21:38:52.740185+00:00,6166.9,100.0,64.4,10456.0,0.1,19,3201.0,,False,
2026-07-31T21:39:13.252488+00:00,6187.4,100.0,64.3,10433.2,0.1,19,3201.0,,False,
2026-07-31T21:39:33.806105+00:00,6208.0,100.0,64.3,10438.1,0.1,19,3201.0,,False,
2026-07-31T21:39:54.301854+00:00,6228.5,100.0,64.5,10468.6,0.1,19,3201.0,,False,
2026-07-31T21:40:14.829728+00:00,6249.0,100.0,64.5,10467.1,0.1,19,3201.0,,False,
2026-07-31T21:40:35.395547+00:00,6269.6,100.0,64.5,10467.3,0.1,19,3201.0,,False,
2026-07-31T21:40:55.878852+00:00,6290.1,100.0,64.5,10468.3,0.1,19,3201.0,,False,
2026-07-31T21:41:16.428814+00:00,6310.6,100.0,64.4,10453.8,0.1,19,3201.0,,False,
2026-07-31T21:41:37.000644+00:00,6331.2,100.0,64.3,10442.5,0.1,19,3201.0,,False,
2026-07-31T21:41:57.540534+00:00,6351.7,100.0,64.4,10456.5,0.1,19,3201.0,,False,
2026-07-31T21:42:18.054122+00:00,6372.2,100.0,64.4,10458.4,0.1,19,3201.0,,False,
2026-07-31T21:42:38.305564+00:00,6392.5,100.0,63.6,10331.8,0.1,19,3201.0,,False,
2026-07-31T21:42:58.311003+00:00,6412.5,89.0,63.4,10298.3,0.1,19,3201.0,,False,
2026-07-31T21:43:18.316492+00:00,6432.5,88.7,63.4,10297.0,0.1,19,3201.0,,False,
2026-07-31T21:43:38.322911+00:00,6452.5,82.7,63.5,10307.5,0.1,19,3201.0,,False,
2026-07-31T21:43:58.328110+00:00,6472.5,81.7,63.5,10314.7,0.1,19,3201.0,,False,
2026-07-31T21:44:18.333387+00:00,6492.5,75.5,63.5,10315.2,0.1,19,3201.0,,False,
2026-07-31T21:44:38.338926+00:00,6512.5,77.4,63.5,10304.7,0.1,19,3201.0,,False,
2026-07-31T21:44:58.343958+00:00,6532.5,76.0,63.5,10310.2,0.1,19,3201.0,,False,
2026-07-31T21:45:18.349088+00:00,6552.5,69.5,63.4,10295.5,0.1,19,3201.0,,False,
2026-07-31T21:45:38.352670+00:00,6572.5,72.2,63.4,10293.4,0.1,19,3201.0,,False,
2026-07-31T21:45:58.356902+00:00,6592.5,69.6,63.6,10316.8,0.1,19,3201.0,,False,
2026-07-31T21:46:18.362133+00:00,6612.5,69.9,63.4,10283.2,0.1,19,3201.0,,False,
2026-07-31T21:46:38.366918+00:00,6632.5,72.4,63.4,10293.0,0.1,19,3201.0,,False,
2026-07-31T21:46:58.371608+00:00,6652.6,70.7,63.4,10288.1,0.1,19,3201.0,,False,
2026-07-31T21:47:18.376593+00:00,6672.6,70.0,63.4,10292.1,0.1,19,3201.0,,False,
2026-07-31T21:47:38.381647+00:00,6692.6,63.5,63.4,10295.4,0.1,19,3201.0,,False,
2026-07-31T21:47:58.386960+00:00,6712.6,64.1,63.5,10304.9,0.1,19,3201.0,,False,
2026-07-31T21:48:18.390661+00:00,6732.6,66.3,63.4,10294.7,0.1,19,3201.0,,False,
2026-07-31T21:48:38.394676+00:00,6752.6,59.6,63.5,10302.1,0.1,19,3201.0,,False,
2026-07-31T21:48:58.398490+00:00,6772.6,58.0,63.4,10296.4,0.1,19,3201.0,,False,
2026-07-31T21:49:18.401847+00:00,6792.6,58.0,63.4,10294.5,0.1,19,3201.0,,False,
2026-07-31T21:49:38.405575+00:00,6812.6,51.4,63.4,10295.1,0.1,19,3201.0,,False,
2026-07-31T21:49:58.409395+00:00,6832.6,50.4,63.5,10309.1,0.1,19,3201.0,,False,
2026-07-31T21:50:18.413073+00:00,6852.6,45.1,63.6,10317.9,0.1,19,3201.0,,False,
2026-07-31T21:50:38.416967+00:00,6872.6,45.2,63.5,10304.6,0.1,19,3201.0,,False,
2026-07-31T21:50:58.420522+00:00,6892.6,39.5,63.4,10295.6,0.1,19,3201.0,,False,
2026-07-31T21:51:18.424413+00:00,6912.6,42.6,63.4,10286.5,0.1,19,3201.0,,False,
2026-07-31T21:51:38.428267+00:00,6932.6,26.1,63.4,10287.1,0.1,19,3201.0,,False,
2026-07-31T21:51:58.431583+00:00,6952.6,25.9,63.4,10293.4,0.1,19,3201.0,,False,
2026-07-31T21:52:18.434889+00:00,6972.6,25.2,63.4,10293.0,0.1,19,3201.0,,False,
2026-07-31T21:52:38.438403+00:00,6992.6,27.1,63.4,10292.5,0.1,19,3201.0,,False,
2026-07-31T21:52:58.441961+00:00,7012.6,28.1,63.4,10284.9,0.1,19,3201.0,,False,
2026-07-31T21:53:18.445204+00:00,7032.6,25.7,63.4,10285.5,0.1,19,3201.0,,False,
2026-07-31T21:53:38.448551+00:00,7052.6,27.4,63.4,10287.1,0.1,19,3201.0,,False,
2026-07-31T21:53:58.451782+00:00,7072.6,20.4,63.5,10308.9,0.1,19,3201.0,,False,
2026-07-31T21:54:18.455426+00:00,7092.6,38.2,63.7,10339.5,0.1,19,3201.0,,False,
2026-07-31T21:54:38.459015+00:00,7112.6,14.5,65.2,10578.9,0.1,19,3201.0,,False,
2026-07-31T21:54:58.461824+00:00,7132.6,14.0,65.3,10603.7,0.1,19,3201.0,,False,
2026-07-31T21:55:18.465524+00:00,7152.6,13.9,65.3,10593.3,0.1,19,3201.0,,False,
2026-07-31T21:55:38.469093+00:00,7172.7,12.0,65.0,10557.3,0.1,19,3201.0,,False,
2026-07-31T21:55:58.472942+00:00,7192.7,7.9,64.9,10542.1,0.1,19,3201.0,,False,
2026-07-31T21:56:18.476104+00:00,7212.7,8.1,64.9,10540.1,0.1,19,3201.0,,False,
2026-07-31T21:56:38.490602+00:00,7232.7,11.8,64.8,10521.9,0.1,19,3201.0,,False,
2026-07-31T21:56:58.494420+00:00,7252.7,46.9,58.1,9432.6,0.1,10,3201.0,,False,
2026-07-31T21:57:19.110944+00:00,7273.3,100.0,65.2,10578.0,0.1,19,3201.0,,False,
2026-07-31T21:57:39.644443+00:00,7293.8,100.0,65.3,10603.8,0.1,19,3201.0,,False,
2026-07-31T21:58:00.195640+00:00,7314.4,100.0,64.3,10441.6,0.1,19,3201.0,,False,
2026-07-31T21:58:20.733165+00:00,7334.9,100.0,64.2,10423.5,0.1,19,3201.0,,False,
2026-07-31T21:58:41.229064+00:00,7355.4,100.0,64.3,10440.9,0.1,19,3201.0,,False,
2026-07-31T21:59:01.771895+00:00,7376.0,100.0,64.4,10446.0,0.1,19,3201.0,,False,
2026-07-31T21:59:22.296074+00:00,7396.5,100.0,64.3,10432.8,0.1,19,3201.0,,False,
2026-07-31T21:59:42.816228+00:00,7417.0,100.0,64.3,10434.8,0.1,19,3201.0,,False,
2026-07-31T22:00:03.330659+00:00,7437.5,100.0,64.4,10446.9,0.1,19,3201.0,,False,
2026-07-31T22:00:23.845935+00:00,7458.0,100.0,64.3,10444.3,0.1,19,3201.0,,False,
2026-07-31T22:00:44.355570+00:00,7478.5,100.0,64.4,10445.7,0.1,19,3201.0,,False,
2026-07-31T22:01:04.863531+00:00,7499.0,100.0,64.3,10430.9,0.1,19,3201.0,,False,
2026-07-31T22:01:25.373937+00:00,7519.6,100.0,64.3,10431.0,0.1,19,3201.0,,False,
2026-07-31T22:01:45.868830+00:00,7540.1,100.0,64.3,10439.8,0.1,19,3201.0,,False,
2026-07-31T22:02:06.379504+00:00,7560.6,100.0,64.3,10435.6,0.1,19,3201.0,,False,
2026-07-31T22:02:26.858812+00:00,7581.0,100.0,64.3,10433.4,0.1,19,3201.0,,False,
2026-07-31T22:02:47.391833+00:00,7601.6,100.0,64.3,10441.2,0.1,19,3201.0,,False,
2026-07-31T22:03:07.866359+00:00,7622.0,100.0,64.3,10441.3,0.1,19,3201.0,,False,
2026-07-31T22:03:28.394480+00:00,7642.6,100.0,64.4,10450.8,0.1,19,3201.0,,False,
2026-07-31T22:03:48.933667+00:00,7663.1,100.0,64.3,10441.1,0.1,19,3201.0,,False,
2026-07-31T22:04:09.435840+00:00,7683.6,100.0,64.4,10448.0,0.1,19,3201.0,,False,
2026-07-31T22:04:29.932411+00:00,7704.1,100.0,64.4,10446.7,0.1,19,3201.0,,False,
2026-07-31T22:04:50.711652+00:00,7724.9,100.0,64.6,10486.1,0.1,19,3201.0,,False,
2026-07-31T22:05:11.222624+00:00,7745.4,100.0,64.5,10465.1,0.1,19,3201.0,,False,
2026-07-31T22:05:31.736867+00:00,7765.9,100.0,64.4,10448.3,0.1,19,3201.0,,False,
2026-07-31T22:05:52.242965+00:00,7786.4,100.0,64.4,10448.0,0.1,19,3201.0,,False,
2026-07-31T22:06:12.760861+00:00,7806.9,100.0,64.4,10454.4,0.1,19,3201.0,,False,
2026-07-31T22:06:33.297337+00:00,7827.5,100.0,64.4,10448.0,0.1,19,3201.0,,False,
2026-07-31T22:06:53.849387+00:00,7848.0,100.0,64.4,10457.5,0.1,19,3201.0,,False,
2026-07-31T22:07:14.388943+00:00,7868.6,100.0,64.4,10457.9,0.1,19,3201.0,,False,
2026-07-31T22:07:34.917625+00:00,7889.1,100.0,64.4,10456.7,0.1,19,3201.0,,False,
2026-07-31T22:07:55.409298+00:00,7909.6,100.0,64.5,10468.1,0.1,19,3201.0,,False,
2026-07-31T22:08:15.941923+00:00,7930.1,100.0,64.5,10477.9,0.1,19,3201.0,,False,
2026-07-31T22:08:36.477653+00:00,7950.7,100.0,64.5,10464.0,0.1,19,3201.0,,False,
2026-07-31T22:08:57.032596+00:00,7971.2,100.0,64.6,10482.6,0.1,19,3201.0,,False,
2026-07-31T22:09:17.569588+00:00,7991.8,100.0,64.5,10465.2,0.1,19,3201.0,,False,
2026-07-31T22:09:38.366967+00:00,8012.5,100.0,64.7,10497.8,0.1,19,3201.0,,False,
2026-07-31T22:09:59.124740+00:00,8033.3,100.0,66.8,10839.3,0.1,19,3201.0,,False,
2026-07-31T22:10:19.876314+00:00,8054.1,100.0,65.9,10703.8,0.1,19,3201.0,,False,
2026-07-31T22:10:40.884875+00:00,8075.1,100.0,67.0,10880.6,0.1,19,3201.0,,False,
2026-07-31T22:11:01.421295+00:00,8095.6,100.0,66.4,10775.1,0.1,19,3201.0,,False,
2026-07-31T22:11:22.013141+00:00,8116.2,100.0,66.3,10765.1,0.1,19,3201.0,,False,
2026-07-31T22:11:42.632481+00:00,8136.8,100.0,66.3,10754.4,0.1,19,3201.0,,False,
2026-07-31T22:12:03.147466+00:00,8157.3,100.0,66.1,10733.1,0.1,19,3201.0,,False,
2026-07-31T22:12:23.640001+00:00,8177.8,100.0,65.9,10689.5,0.1,19,3201.0,,False,
2026-07-31T22:12:44.172775+00:00,8198.4,100.0,65.5,10634.2,0.1,19,3201.0,,False,
2026-07-31T22:13:04.683925+00:00,8218.9,100.0,65.6,10642.2,0.1,19,3201.0,,False,
2026-07-31T22:13:25.235310+00:00,8239.4,100.0,65.5,10639.9,0.1,19,3201.0,,False,
2026-07-31T22:13:45.760241+00:00,8259.9,100.0,65.3,10603.0,0.1,19,3201.0,,False,
2026-07-31T22:14:06.278988+00:00,8280.5,100.0,65.3,10598.8,0.1,19,3201.0,,False,
2026-07-31T22:14:26.846180+00:00,8301.0,100.0,65.3,10595.1,0.1,19,3201.0,,False,
2026-07-31T22:14:47.685592+00:00,8321.9,100.0,65.6,10643.1,0.1,19,3201.0,,False,
2026-07-31T22:15:08.194304+00:00,8342.4,100.0,65.9,10699.0,0.1,19,3201.0,,False,
2026-07-31T22:15:28.678983+00:00,8362.9,100.0,65.6,10655.1,0.1,19,3201.0,,False,
2026-07-31T22:15:49.183768+00:00,8383.4,100.0,65.6,10652.4,0.1,19,3201.0,,False,
2026-07-31T22:16:09.702328+00:00,8403.9,100.0,65.9,10703.9,0.1,19,3201.0,,False,
2026-07-31T22:16:30.234173+00:00,8424.4,100.0,65.9,10704.5,0.1,19,3201.0,,False,
2026-07-31T22:16:50.735934+00:00,8444.9,100.0,65.9,10697.0,0.1,19,3201.0,,False,
2026-07-31T22:17:11.256899+00:00,8465.4,100.0,65.9,10690.7,0.1,19,3201.0,,False,
2026-07-31T22:17:31.751009+00:00,8485.9,100.0,65.9,10693.4,0.1,19,3201.0,,False,
2026-07-31T22:17:52.258180+00:00,8506.4,100.0,65.9,10689.9,0.1,19,3201.0,,False,
2026-07-31T22:18:12.796138+00:00,8527.0,100.0,65.9,10691.4,0.1,19,3201.0,,False,
2026-07-31T22:18:33.344947+00:00,8547.5,100.0,66.0,10713.4,0.1,19,3201.0,,False,
2026-07-31T22:18:53.838914+00:00,8568.0,100.0,66.1,10725.1,0.1,19,3201.0,,False,
2026-07-31T22:19:14.357280+00:00,8588.5,100.0,66.1,10724.9,0.1,19,3201.0,,False,
2026-07-31T22:19:34.876132+00:00,8609.1,100.0,66.0,10715.7,0.1,19,3201.0,,False,
2026-07-31T22:19:55.382434+00:00,8629.6,100.0,66.1,10728.7,0.1,19,3201.0,,False,
2026-07-31T22:20:15.949108+00:00,8650.1,100.0,66.1,10727.2,0.1,19,3201.0,,False,
2026-07-31T22:20:36.623361+00:00,8670.8,100.0,65.7,10670.0,0.1,19,3201.0,,False,
2026-07-31T22:20:57.266772+00:00,8691.4,100.0,65.7,10663.7,0.1,19,3201.0,,False,
2026-07-31T22:21:17.765616+00:00,8711.9,100.0,65.4,10624.0,0.1,19,3201.0,,False,
2026-07-31T22:21:38.284339+00:00,8732.5,100.0,65.4,10621.5,0.1,19,3201.0,,False,
2026-07-31T22:21:58.785984+00:00,8753.0,100.0,65.5,10630.7,0.1,19,3201.0,,False,
2026-07-31T22:22:19.303657+00:00,8773.5,100.0,65.5,10628.5,0.1,19,3201.0,,False,
2026-07-31T22:22:39.831811+00:00,8794.0,100.0,65.5,10636.0,0.1,19,3201.0,,False,
2026-07-31T22:23:00.336321+00:00,8814.5,100.0,65.5,10636.2,0.1,19,3201.0,,False,
2026-07-31T22:23:20.846439+00:00,8835.0,100.0,65.7,10662.2,0.1,19,3201.0,,False,
2026-07-31T22:23:41.358983+00:00,8855.5,100.0,65.7,10657.5,0.1,19,3201.0,,False,
2026-07-31T22:24:01.840645+00:00,8876.0,100.0,65.7,10658.6,0.1,19,3201.0,,False,
2026-07-31T22:24:22.444288+00:00,8896.6,100.0,65.8,10672.7,0.1,19,3201.0,,False,
2026-07-31T22:24:43.125197+00:00,8917.3,100.0,65.7,10669.6,0.1,19,3201.0,,False,
2026-07-31T22:25:03.635324+00:00,8937.8,100.0,65.8,10678.9,0.1,19,3201.0,,False,
2026-07-31T22:25:24.214586+00:00,8958.4,100.0,65.8,10684.1,0.1,19,3201.0,,False,
2026-07-31T22:25:44.718295+00:00,8978.9,100.0,66.0,10707.5,0.1,19,3201.0,,False,
2026-07-31T22:26:05.259571+00:00,8999.4,100.0,65.8,10680.8,0.1,19,3201.0,,False,
2026-07-31T22:26:25.784911+00:00,9020.0,100.0,65.8,10678.6,0.1,19,3201.0,,False,
2026-07-31T22:26:46.081411+00:00,9040.3,100.0,65.7,10664.1,0.1,19,3201.0,,False,
2026-07-31T22:27:06.734179+00:00,9060.9,100.0,65.7,10662.8,0.1,19,3201.0,,False,
2026-07-31T22:27:27.233974+00:00,9081.4,100.0,65.6,10653.6,0.1,19,3201.0,,False,
2026-07-31T22:27:47.974268+00:00,9102.2,100.0,65.7,10657.1,0.1,19,3201.0,,False,
2026-07-31T22:28:08.491643+00:00,9122.7,100.0,65.7,10662.6,0.1,19,3201.0,,False,
2026-07-31T22:28:29.012777+00:00,9143.2,100.0,65.6,10656.1,0.1,19,3201.0,,False,
2026-07-31T22:28:49.522050+00:00,9163.7,100.0,65.7,10661.6,0.1,19,3201.0,,False,
2026-07-31T22:29:10.046539+00:00,9184.2,100.0,65.6,10650.0,0.1,19,3201.0,,False,
2026-07-31T22:29:30.571418+00:00,9204.8,100.0,65.6,10652.1,0.1,19,3201.0,,False,
2026-07-31T22:29:51.148130+00:00,9225.3,100.0,65.8,10678.8,0.1,19,3201.0,,False,
2026-07-31T22:30:11.682293+00:00,9245.9,100.0,65.7,10659.9,0.1,19,3201.0,,False,
2026-07-31T22:30:32.178604+00:00,9266.4,100.0,65.7,10658.9,0.1,19,3201.0,,False,
2026-07-31T22:30:52.724447+00:00,9286.9,100.0,65.6,10644.7,0.1,19,3201.0,,False,
2026-07-31T22:31:13.214735+00:00,9307.4,100.0,65.6,10643.2,0.1,19,3201.0,,False,
2026-07-31T22:31:33.770531+00:00,9328.0,100.0,65.5,10639.8,0.1,19,3201.0,,False,
2026-07-31T22:31:54.281309+00:00,9348.5,100.0,65.6,10653.9,0.1,19,3201.0,,False,
2026-07-31T22:32:14.850667+00:00,9369.0,100.0,65.7,10658.5,0.1,19,3201.0,,False,
2026-07-31T22:32:35.359407+00:00,9389.5,100.0,65.7,10660.5,0.1,19,3201.0,,False,
2026-07-31T22:32:55.874979+00:00,9410.1,100.0,65.6,10648.5,0.1,19,3201.0,,False,
2026-07-31T22:33:16.388526+00:00,9430.6,100.0,65.6,10654.5,0.1,19,3201.0,,False,
2026-07-31T22:33:36.923602+00:00,9451.1,100.0,65.6,10655.1,0.1,19,3201.0,,False,
2026-07-31T22:33:57.447179+00:00,9471.6,100.0,65.6,10652.5,0.1,19,3201.0,,False,
2026-07-31T22:34:17.951435+00:00,9492.1,100.0,65.7,10658.7,0.1,19,3201.0,,False,
2026-07-31T22:34:38.474842+00:00,9512.7,100.0,65.7,10659.8,0.1,19,3201.0,,False,
2026-07-31T22:34:59.026609+00:00,9533.2,100.0,65.7,10669.3,0.1,19,3201.0,,False,
2026-07-31T22:35:19.563764+00:00,9553.7,100.0,65.8,10673.0,0.1,19,3201.0,,False,
2026-07-31T22:35:40.094688+00:00,9574.3,100.0,65.9,10690.3,0.1,19,3201.0,,False,
2026-07-31T22:36:00.615283+00:00,9594.8,100.0,65.9,10698.1,0.1,19,3201.0,,False,
2026-07-31T22:36:21.242803+00:00,9615.4,100.0,65.8,10681.7,0.1,19,3201.0,,False,
2026-07-31T22:36:41.773453+00:00,9636.0,100.0,65.7,10668.2,0.1,19,3201.0,,False,
2026-07-31T22:37:02.302423+00:00,9656.5,100.0,65.9,10695.9,0.1,19,3201.0,,False,
2026-07-31T22:37:22.845185+00:00,9677.0,100.0,65.9,10692.7,0.1,19,3201.0,,False,
2026-07-31T22:37:43.405997+00:00,9697.6,100.0,65.9,10702.7,0.1,19,3201.0,,False,
2026-07-31T22:38:03.934315+00:00,9718.1,100.0,65.9,10689.3,0.1,19,3201.0,,False,
2026-07-31T22:38:24.526481+00:00,9738.7,100.0,65.9,10695.7,0.1,19,3201.0,,False,
2026-07-31T22:38:45.075481+00:00,9759.3,100.0,65.8,10673.2,0.1,19,3201.0,,False,
2026-07-31T22:39:05.577559+00:00,9779.8,100.0,65.7,10656.8,0.1,19,3201.0,,False,
2026-07-31T22:39:26.136124+00:00,9800.3,100.0,65.7,10664.5,0.1,19,3201.0,,False,
2026-07-31T22:39:46.665903+00:00,9820.8,100.0,65.8,10680.4,0.1,19,3201.0,,False,
2026-07-31T22:40:07.196322+00:00,9841.4,100.0,65.8,10673.5,0.1,19,3201.0,,False,
2026-07-31T22:40:27.754232+00:00,9861.9,100.0,65.8,10684.3,0.1,19,3201.0,,False,
2026-07-31T22:40:48.282551+00:00,9882.5,100.0,65.9,10695.2,0.1,19,3201.0,,False,
2026-07-31T22:41:08.784056+00:00,9903.0,100.0,65.9,10695.8,0.1,19,3201.0,,False,
2026-07-31T22:41:29.268824+00:00,9923.5,100.0,65.9,10702.3,0.1,19,3201.0,,False,
2026-07-31T22:41:49.800226+00:00,9944.0,100.0,66.0,10705.4,0.1,19,3201.0,,False,
2026-07-31T22:42:10.298877+00:00,9964.5,100.0,65.9,10697.9,0.1,19,3201.0,,False,
2026-07-31T22:42:30.831379+00:00,9985.0,100.0,65.9,10703.8,0.1,19,3201.0,,False,
2026-07-31T22:42:51.332233+00:00,10005.5,100.0,65.9,10702.3,0.1,19,3201.0,,False,
2026-07-31T22:43:11.845973+00:00,10026.0,100.0,65.8,10687.4,0.1,19,3201.0,,False,
2026-07-31T22:43:32.361494+00:00,10046.5,100.0,65.8,10687.7,0.1,19,3201.0,,False,
2026-07-31T22:43:53.135578+00:00,10067.3,100.0,65.9,10697.6,0.1,19,3201.0,,False,
2026-07-31T22:44:13.631876+00:00,10087.8,100.0,65.8,10676.9,0.1,19,3201.0,,False,
2026-07-31T22:44:34.153762+00:00,10108.3,100.0,65.8,10673.7,0.1,19,3201.0,,False,
2026-07-31T22:44:54.717530+00:00,10128.9,100.0,66.0,10706.1,0.1,19,3201.0,,False,
2026-07-31T22:45:15.271819+00:00,10149.5,100.0,65.9,10699.5,0.1,19,3201.0,,False,
2026-07-31T22:45:35.784058+00:00,10170.0,100.0,65.9,10693.8,0.1,19,3201.0,,False,
2026-07-31T22:45:56.310853+00:00,10190.5,100.0,65.9,10699.6,0.1,19,3201.0,,False,
2026-07-31T22:46:16.850941+00:00,10211.0,100.0,65.8,10685.8,0.1,19,3201.0,,False,
2026-07-31T22:46:37.391491+00:00,10231.6,100.0,65.7,10669.6,0.1,19,3201.0,,False,
2026-07-31T22:46:57.954819+00:00,10252.1,100.0,65.8,10676.1,0.1,19,3201.0,,False,
2026-07-31T22:47:18.521244+00:00,10272.7,100.0,65.7,10661.3,0.1,19,3201.0,,False,
2026-07-31T22:47:39.029906+00:00,10293.2,100.0,65.7,10671.9,0.1,19,3201.0,,False,
2026-07-31T22:47:59.567320+00:00,10313.7,100.0,65.8,10681.1,0.1,19,3201.0,,False,
2026-07-31T22:48:20.137032+00:00,10334.3,100.0,65.8,10676.8,0.1,19,3201.0,,False,
2026-07-31T22:48:40.668342+00:00,10354.8,100.0,65.8,10673.8,0.1,19,3201.0,,False,
2026-07-31T22:49:01.172036+00:00,10375.4,100.0,65.8,10687.7,0.1,19,3201.0,,False,
2026-07-31T22:49:21.689383+00:00,10395.9,100.0,66.0,10705.3,0.1,19,3201.0,,False,
2026-07-31T22:49:42.229374+00:00,10416.4,100.0,65.9,10691.9,0.1,19,3201.0,,False,
2026-07-31T22:50:02.706660+00:00,10436.9,100.0,65.9,10704.0,0.1,19,3201.0,,False,
2026-07-31T22:50:23.324658+00:00,10457.5,100.0,65.9,10702.8,0.1,19,3201.0,,False,
2026-07-31T22:50:43.866095+00:00,10478.0,100.0,66.0,10715.2,0.1,19,3201.0,,False,
2026-07-31T22:51:04.484908+00:00,10498.7,100.0,65.6,10648.7,0.1,19,3201.0,,False,
2026-07-31T22:51:24.977351+00:00,10519.2,100.0,66.0,10706.5,0.1,19,3201.0,,False,
2026-07-31T22:51:45.554041+00:00,10539.7,100.0,65.9,10704.2,0.1,19,3201.0,,False,
2026-07-31T22:52:06.078668+00:00,10560.3,100.0,66.0,10707.5,0.1,19,3201.0,,False,
2026-07-31T22:52:26.578574+00:00,10580.8,100.0,65.8,10687.3,0.1,19,3201.0,,False,
2026-07-31T22:52:47.132634+00:00,10601.3,100.0,65.8,10681.7,0.1,19,3201.0,,False,
2026-07-31T22:53:07.670929+00:00,10621.9,100.0,65.8,10678.8,0.1,19,3201.0,,False,
2026-07-31T22:53:28.180607+00:00,10642.4,100.0,64.8,10510.8,0.1,19,3201.0,,False,
2026-07-31T22:53:48.694477+00:00,10662.9,100.0,64.8,10519.7,0.1,19,3201.0,,False,
2026-07-31T22:54:09.258856+00:00,10683.4,100.0,64.7,10509.3,0.1,19,3201.0,,False,
2026-07-31T22:54:29.769563+00:00,10704.0,100.0,64.8,10524.7,0.1,19,3201.0,,False,
2026-07-31T22:54:50.609201+00:00,10724.8,100.0,65.4,10610.6,0.1,19,3201.0,,False,
2026-07-31T22:55:11.179486+00:00,10745.4,100.0,65.3,10599.3,0.1,19,3201.0,,False,
2026-07-31T22:55:31.451547+00:00,10765.6,100.0,65.3,10605.5,0.1,19,3201.0,,False,
2026-07-31T22:55:51.969549+00:00,10786.2,100.0,65.3,10596.1,0.1,19,3201.0,,False,
2026-07-31T22:56:12.568278+00:00,10806.7,100.0,65.2,10589.2,0.1,19,3201.0,,False,
2026-07-31T22:56:32.573857+00:00,10826.8,94.3,65.3,10594.3,0.1,19,3201.0,,False,
2026-07-31T22:56:52.634855+00:00,10846.8,96.6,65.0,10558.8,0.2,19,3201.0,,False,
2026-07-31T22:57:12.640820+00:00,10866.8,81.7,64.9,10542.0,0.2,19,3201.0,,False,
2026-07-31T22:57:32.646814+00:00,10886.8,82.2,64.9,10542.8,0.2,19,3201.0,,False,
2026-07-31T22:57:52.653764+00:00,10906.8,82.5,64.9,10539.5,0.2,19,3201.0,,False,
2026-07-31T22:58:12.658851+00:00,10926.8,82.6,65.0,10543.2,0.2,19,3201.0,,False,
2026-07-31T22:58:32.665019+00:00,10946.8,82.5,64.9,10536.3,0.2,19,3201.0,,False,
2026-07-31T22:58:52.670259+00:00,10966.9,84.0,65.0,10544.5,0.2,19,3201.0,,False,
2026-07-31T22:59:12.675391+00:00,10986.9,73.4,64.9,10531.3,0.2,19,3201.0,,False,
2026-07-31T22:59:32.680491+00:00,11006.9,70.9,64.9,10533.1,0.2,19,3201.0,,False,
2026-07-31T22:59:52.684331+00:00,11026.9,70.7,65.0,10553.6,0.2,19,3201.0,,False,
2026-07-31T23:00:12.689328+00:00,11046.9,70.4,64.9,10540.3,0.2,19,3201.0,,False,
2026-07-31T23:00:32.694729+00:00,11066.9,70.6,64.9,10526.6,0.2,19,3201.0,,False,
2026-07-31T23:00:52.699761+00:00,11086.9,65.2,64.9,10537.4,0.2,19,3201.0,,False,
2026-07-31T23:01:12.703948+00:00,11106.9,63.9,64.9,10533.9,0.2,19,3201.0,,False,
2026-07-31T23:01:32.708853+00:00,11126.9,63.6,64.9,10533.3,0.2,19,3201.0,,False,
2026-07-31T23:01:52.714347+00:00,11146.9,64.8,64.9,10531.4,0.2,19,3201.0,,False,
2026-07-31T23:02:12.718229+00:00,11166.9,57.0,64.9,10541.4,0.2,19,3201.0,,False,
2026-07-31T23:02:32.721729+00:00,11186.9,57.4,64.9,10529.9,0.2,19,3201.0,,False,
2026-07-31T23:02:52.725436+00:00,11206.9,51.0,64.9,10530.8,0.2,19,3201.0,,False,
2026-07-31T23:03:12.729459+00:00,11226.9,54.7,64.9,10538.3,0.2,19,3201.0,,False,
2026-07-31T23:03:32.733079+00:00,11246.9,44.7,64.9,10527.4,0.2,19,3201.0,,False,
2026-07-31T23:03:52.736939+00:00,11266.9,38.3,64.9,10527.5,0.2,19,3201.0,,False,
2026-07-31T23:04:12.740507+00:00,11286.9,38.5,64.8,10521.4,0.2,19,3201.0,,False,
2026-07-31T23:04:32.744088+00:00,11306.9,31.9,64.8,10520.6,0.2,19,3201.0,,False,
2026-07-31T23:04:52.747741+00:00,11326.9,31.8,64.8,10515.4,0.2,19,3201.0,,False,
2026-07-31T23:05:12.750878+00:00,11346.9,25.7,65.0,10546.0,0.2,19,3201.0,,False,
2026-07-31T23:05:32.754429+00:00,11366.9,25.6,64.9,10528.9,0.2,19,3201.0,,False,
2026-07-31T23:05:52.757667+00:00,11386.9,28.9,64.8,10519.4,0.2,19,3201.0,,False,
2026-07-31T23:06:12.761467+00:00,11406.9,26.3,64.8,10521.7,0.2,19,3201.0,,False,
2026-07-31T23:06:32.764813+00:00,11426.9,13.7,64.8,10519.5,0.2,19,3201.0,,False,
2026-07-31T23:06:52.767950+00:00,11446.9,14.1,64.7,10505.6,0.2,19,3201.0,,False,
2026-07-31T23:07:12.772174+00:00,11467.0,15.3,64.8,10519.2,0.2,19,3201.0,,False,
2026-07-31T23:07:32.775898+00:00,11487.0,14.3,64.7,10506.5,0.2,19,3201.0,,False,
2026-07-31T23:07:52.778861+00:00,11507.0,13.3,64.7,10510.2,0.2,19,3201.0,,False,
2026-07-31T23:08:12.781945+00:00,11527.0,20.8,65.2,10584.2,0.2,19,3201.0,,False,
2026-07-31T23:08:32.785360+00:00,11547.0,14.0,64.2,10417.6,0.2,19,3201.0,,False,
2026-07-31T23:08:52.789369+00:00,11567.0,13.7,64.3,10433.0,0.2,19,3201.0,,False,
2026-07-31T23:09:12.792072+00:00,11587.0,20.4,64.3,10437.7,0.2,19,3201.0,,False,
2026-07-31T23:09:32.797059+00:00,11607.0,60.8,58.8,9546.8,0.2,11,3201.0,,False,
2026-07-31T23:09:53.395283+00:00,11627.6,100.0,65.9,10701.1,0.2,19,3201.0,,False,
2026-07-31T23:10:13.931885+00:00,11648.1,100.0,65.7,10670.7,0.2,19,3201.0,,False,
2026-07-31T23:10:34.411215+00:00,11668.6,100.0,65.7,10668.1,0.2,19,3201.0,,False,
2026-07-31T23:10:54.913648+00:00,11689.1,100.0,65.7,10656.8,0.2,19,3201.0,,False,
2026-07-31T23:11:15.417547+00:00,11709.6,100.0,65.6,10649.8,0.2,19,3201.0,,False,
2026-07-31T23:11:36.000505+00:00,11730.2,100.0,65.5,10638.9,0.2,19,3201.0,,False,
2026-07-31T23:11:56.531827+00:00,11750.7,100.0,65.4,10619.9,0.2,19,3201.0,,False,
2026-07-31T23:12:17.071470+00:00,11771.3,100.0,65.4,10616.7,0.2,19,3201.0,,False,
2026-07-31T23:12:37.579560+00:00,11791.8,100.0,65.4,10608.6,0.2,19,3201.0,,False,
2026-07-31T23:12:58.123474+00:00,11812.3,100.0,65.4,10619.4,0.2,19,3201.0,,False,
2026-07-31T23:13:18.620115+00:00,11832.8,100.0,65.5,10631.1,0.2,19,3201.0,,False,
2026-07-31T23:13:39.167966+00:00,11853.3,100.0,65.5,10632.1,0.2,19,3201.0,,False,
2026-07-31T23:13:59.699626+00:00,11873.9,100.0,65.5,10632.9,0.2,19,3201.0,,False,
2026-07-31T23:14:20.234590+00:00,11894.4,100.0,65.5,10626.8,0.2,19,3201.0,,False,
2026-07-31T23:14:40.772677+00:00,11915.0,100.0,65.5,10634.2,0.2,19,3201.0,,False,
2026-07-31T23:15:01.351420+00:00,11935.5,100.0,65.5,10633.2,0.2,19,3201.0,,False,
2026-07-31T23:15:21.870431+00:00,11956.1,100.0,65.4,10617.6,0.2,19,3201.0,,False,
2026-07-31T23:15:42.375731+00:00,11976.6,100.0,65.5,10628.3,0.2,19,3201.0,,False,
2026-07-31T23:16:02.887233+00:00,11997.1,100.0,65.4,10616.6,0.2,19,3201.0,,False,
2026-07-31T23:16:23.413381+00:00,12017.6,100.0,65.4,10612.8,0.2,19,3201.0,,False,
2026-07-31T23:16:43.922843+00:00,12038.1,100.0,65.3,10606.8,0.2,19,3201.0,,False,
2026-07-31T23:17:04.436620+00:00,12058.6,100.0,65.3,10605.1,0.2,19,3201.0,,False,
2026-07-31T23:17:24.961584+00:00,12079.1,100.0,65.4,10618.2,0.2,19,3201.0,,False,
2026-07-31T23:17:45.477146+00:00,12099.7,100.0,65.4,10609.2,0.2,19,3201.0,,False,
2026-07-31T23:18:05.973398+00:00,12120.2,100.0,65.4,10609.1,0.2,19,3201.0,,False,
2026-07-31T23:18:26.484131+00:00,12140.7,100.0,65.4,10612.7,0.2,19,3201.0,,False,
2026-07-31T23:18:47.001898+00:00,12161.2,100.0,65.5,10624.9,0.2,19,3201.0,,False,
2026-07-31T23:19:07.488871+00:00,12181.7,100.0,65.5,10624.8,0.2,19,3201.0,,False,
2026-07-31T23:19:28.029484+00:00,12202.2,100.0,65.4,10623.7,0.2,19,3201.0,,False,
2026-07-31T23:19:48.695571+00:00,12222.9,100.0,65.4,10622.4,0.2,19,3201.0,,False,
2026-07-31T23:20:09.218763+00:00,12243.4,100.0,65.6,10640.4,0.2,19,3201.0,,False,
2026-07-31T23:20:29.728794+00:00,12263.9,100.0,65.5,10629.9,0.2,19,3201.0,,False,
2026-07-31T23:20:50.214305+00:00,12284.4,100.0,65.5,10634.2,0.2,19,3201.0,,False,
2026-07-31T23:21:10.710279+00:00,12304.9,100.0,65.5,10632.8,0.2,19,3201.0,,False,
2026-07-31T23:21:31.253794+00:00,12325.4,100.0,65.5,10630.1,0.2,19,3201.0,,False,
2026-07-31T23:21:51.796129+00:00,12346.0,100.0,65.5,10631.7,0.2,19,3201.0,,False,
2026-07-31T23:22:12.343783+00:00,12366.5,100.0,65.4,10615.9,0.2,19,3201.0,,False,
2026-07-31T23:22:32.878543+00:00,12387.1,100.0,65.4,10617.4,0.2,19,3201.0,,False,
2026-07-31T23:22:53.364135+00:00,12407.5,100.0,65.3,10604.0,0.2,19,3201.0,,False,
2026-07-31T23:23:13.868244+00:00,12428.0,100.0,65.4,10610.1,0.2,19,3201.0,,False,
2026-07-31T23:23:34.380886+00:00,12448.6,100.0,65.7,10664.3,0.2,19,3201.0,,False,
2026-07-31T23:23:54.907591+00:00,12469.1,100.0,65.7,10664.9,0.2,19,3201.0,,False,
2026-07-31T23:24:15.483957+00:00,12489.7,100.0,65.8,10674.0,0.2,19,3201.0,,False,
2026-07-31T23:24:35.990124+00:00,12510.2,100.0,65.8,10675.8,0.2,19,3201.0,,False,
2026-07-31T23:24:56.526076+00:00,12530.7,100.0,66.3,10760.7,0.2,19,3201.0,,False,
2026-07-31T23:25:17.050783+00:00,12551.2,100.0,66.0,10717.6,0.2,19,3201.0,,False,
2026-07-31T23:25:37.572161+00:00,12571.8,100.0,66.1,10724.5,0.2,19,3201.0,,False,
2026-07-31T23:25:58.095875+00:00,12592.3,100.0,66.1,10736.5,0.2,19,3201.0,,False,
2026-07-31T23:26:18.609493+00:00,12612.8,100.0,66.0,10715.9,0.2,19,3201.0,,False,
2026-07-31T23:26:39.128686+00:00,12633.3,100.0,66.0,10719.3,0.2,19,3201.0,,False,
2026-07-31T23:26:59.431964+00:00,12653.6,100.0,66.0,10713.9,0.2,19,3201.0,,False,
2026-07-31T23:27:19.947100+00:00,12674.1,100.0,66.0,10709.3,0.2,19,3201.0,,False,
2026-07-31T23:27:40.435525+00:00,12694.6,100.0,66.0,10715.6,0.2,19,3201.0,,False,
2026-07-31T23:28:00.977840+00:00,12715.2,100.0,66.0,10715.5,0.2,19,3201.0,,False,
2026-07-31T23:28:21.487209+00:00,12735.7,100.0,65.5,10638.9,0.2,19,3201.0,,False,
2026-07-31T23:28:42.028600+00:00,12756.2,100.0,65.6,10652.7,0.2,19,3201.0,,False,
2026-07-31T23:29:02.535925+00:00,12776.7,100.0,65.6,10649.0,0.2,19,3201.0,,False,
2026-07-31T23:29:23.068449+00:00,12797.3,100.0,65.4,10616.9,0.2,19,3201.0,,False,
2026-07-31T23:29:43.596948+00:00,12817.8,100.0,65.4,10607.8,0.2,19,3201.0,,False,
2026-07-31T23:30:04.236383+00:00,12838.4,100.0,65.4,10610.7,0.2,19,3201.0,,False,
2026-07-31T23:30:24.795629+00:00,12859.0,100.0,65.3,10607.6,0.2,19,3201.0,,False,
2026-07-31T23:30:45.297960+00:00,12879.5,100.0,65.4,10612.1,0.2,19,3201.0,,False,
2026-07-31T23:31:05.812319+00:00,12900.0,100.0,65.4,10612.9,0.2,19,3201.0,,False,
2026-07-31T23:31:26.327922+00:00,12920.5,100.0,65.3,10602.2,0.2,19,3201.0,,False,
2026-07-31T23:31:46.856504+00:00,12941.0,100.0,65.3,10607.4,0.2,19,3201.0,,False,
2026-07-31T23:32:07.376905+00:00,12961.6,100.0,65.4,10622.4,0.2,19,3201.0,,False,
2026-07-31T23:32:27.916701+00:00,12982.1,100.0,65.6,10641.6,0.2,19,3201.0,,False,
2026-07-31T23:32:48.601182+00:00,13002.8,100.0,65.4,10615.0,0.2,19,3201.0,,False,
2026-07-31T23:33:09.350899+00:00,13023.5,100.0,65.4,10612.2,0.2,19,3201.0,,False,
2026-07-31T23:33:29.858873+00:00,13044.0,100.0,65.4,10610.2,0.2,19,3201.0,,False,
2026-07-31T23:33:50.386350+00:00,13064.6,100.0,65.4,10612.5,0.2,19,3201.0,,False,
2026-07-31T23:34:10.893290+00:00,13085.1,100.0,65.4,10613.2,0.2,19,3201.0,,False,
2026-07-31T23:34:31.422533+00:00,13105.6,100.0,65.5,10625.6,0.2,19,3201.0,,False,
2026-07-31T23:34:51.935970+00:00,13126.1,100.0,65.5,10638.5,0.2,19,3201.0,,False,
2026-07-31T23:35:12.507976+00:00,13146.7,100.0,65.5,10626.9,0.2,19,3201.0,,False,
2026-07-31T23:35:33.059907+00:00,13167.2,100.0,65.5,10632.9,0.2,19,3201.0,,False,
2026-07-31T23:35:53.583915+00:00,13187.8,100.0,65.4,10623.5,0.2,19,3201.0,,False,
2026-07-31T23:36:14.111907+00:00,13208.3,100.0,65.5,10628.3,0.2,19,3201.0,,False,
2026-07-31T23:36:34.604952+00:00,13228.8,100.0,65.5,10633.2,0.2,19,3201.0,,False,
2026-07-31T23:36:55.132053+00:00,13249.3,100.0,65.6,10641.9,0.2,19,3201.0,,False,
2026-07-31T23:37:15.637561+00:00,13269.8,100.0,65.6,10640.3,0.2,19,3201.0,,False,
2026-07-31T23:37:36.146499+00:00,13290.3,100.0,65.4,10623.7,0.2,19,3201.0,,False,
2026-07-31T23:37:56.676271+00:00,13310.9,100.0,65.6,10643.1,0.2,19,3201.0,,False,
2026-07-31T23:38:17.173990+00:00,13331.4,100.0,65.6,10640.7,0.2,19,3201.0,,False,
2026-07-31T23:38:37.655660+00:00,13351.8,100.0,65.6,10641.0,0.2,19,3201.0,,False,
2026-07-31T23:38:58.163914+00:00,13372.3,100.0,65.4,10621.6,0.2,19,3201.0,,False,
2026-07-31T23:39:18.706640+00:00,13392.9,100.0,65.4,10618.9,0.2,19,3201.0,,False,
2026-07-31T23:39:39.298658+00:00,13413.5,100.0,65.5,10639.5,0.2,19,3201.0,,False,
2026-07-31T23:39:59.781706+00:00,13434.0,100.0,65.6,10651.2,0.2,19,3201.0,,False,
2026-07-31T23:40:20.303684+00:00,13454.5,100.0,65.7,10662.3,0.2,19,3201.0,,False,
2026-07-31T23:40:40.842417+00:00,13475.0,100.0,65.8,10682.6,0.2,19,3201.0,,False,
2026-07-31T23:41:01.342298+00:00,13495.5,100.0,65.7,10657.0,0.2,19,3201.0,,False,
2026-07-31T23:41:21.910689+00:00,13516.1,100.0,65.6,10655.7,0.2,19,3201.0,,False,
2026-07-31T23:41:42.412998+00:00,13536.6,100.0,65.6,10652.6,0.2,19,3201.0,,False,
2026-07-31T23:42:02.951928+00:00,13557.1,100.0,65.6,10650.0,0.2,19,3201.0,,False,
2026-07-31T23:42:23.443586+00:00,13577.6,100.0,65.6,10652.5,0.2,19,3201.0,,False,
2026-07-31T23:42:43.960163+00:00,13598.1,100.0,65.7,10657.6,0.2,19,3201.0,,False,
2026-07-31T23:43:04.502498+00:00,13618.7,100.0,65.6,10650.5,0.2,19,3201.0,,False,
2026-07-31T23:43:25.026860+00:00,13639.2,100.0,65.7,10661.2,0.2,19,3201.0,,False,
2026-07-31T23:43:45.567446+00:00,13659.7,100.0,65.6,10643.5,0.2,19,3201.0,,False,
2026-07-31T23:44:06.088982+00:00,13680.3,100.0,65.7,10662.5,0.2,19,3201.0,,False,
2026-07-31T23:44:26.578447+00:00,13700.8,100.0,65.6,10645.7,0.2,19,3201.0,,False,
2026-07-31T23:44:47.317332+00:00,13721.5,100.0,66.3,10764.7,0.2,19,3201.0,,False,
2026-07-31T23:45:07.845655+00:00,13742.0,100.0,65.7,10667.9,0.2,19,3201.0,,False,
2026-07-31T23:45:28.378018+00:00,13762.6,100.0,65.7,10664.5,0.2,19,3201.0,,False,
2026-07-31T23:45:48.918030+00:00,13783.1,100.0,65.7,10658.8,0.2,19,3201.0,,False,
2026-07-31T23:46:09.443156+00:00,13803.6,100.0,65.7,10658.5,0.2,19,3201.0,,False,
2026-07-31T23:46:30.000408+00:00,13824.2,100.0,65.6,10653.7,0.2,19,3201.0,,False,
2026-07-31T23:46:50.478978+00:00,13844.7,100.0,65.7,10668.9,0.2,19,3201.0,,False,
2026-07-31T23:47:11.006634+00:00,13865.2,100.0,65.7,10666.4,0.2,19,3201.0,,False,
2026-07-31T23:47:31.561511+00:00,13885.7,100.0,65.7,10671.4,0.2,19,3201.0,,False,
2026-07-31T23:47:52.086314+00:00,13906.3,100.0,65.7,10658.4,0.2,19,3201.0,,False,
2026-07-31T23:48:12.586118+00:00,13926.8,100.0,65.7,10665.1,0.2,19,3201.0,,False,
2026-07-31T23:48:33.072075+00:00,13947.3,100.0,65.7,10668.9,0.2,19,3201.0,,False,
2026-07-31T23:48:53.602285+00:00,13967.8,100.0,65.8,10676.9,0.2,19,3201.0,,False,
2026-07-31T23:49:14.116053+00:00,13988.3,100.0,66.0,10707.7,0.2,19,3201.0,,False,
2026-07-31T23:49:34.635458+00:00,14008.8,100.0,66.0,10705.2,0.2,19,3201.0,,False,
2026-07-31T23:49:55.208561+00:00,14029.4,100.0,66.1,10732.0,0.2,19,3201.0,,False,
2026-07-31T23:50:15.747212+00:00,14049.9,100.0,66.1,10724.3,0.2,19,3201.0,,False,
2026-07-31T23:50:36.283433+00:00,14070.5,100.0,66.0,10711.4,0.2,19,3201.0,,False,
2026-07-31T23:50:56.789908+00:00,14091.0,100.0,66.0,10714.0,0.2,19,3201.0,,False,
2026-07-31T23:51:17.331662+00:00,14111.5,100.0,65.9,10700.1,0.2,19,3201.0,,False,
2026-07-31T23:51:37.923567+00:00,14132.1,100.0,66.0,10708.9,0.2,19,3201.0,,False,
2026-07-31T23:51:58.462885+00:00,14152.6,100.0,65.8,10688.5,0.2,19,3201.0,,False,
2026-07-31T23:52:19.020093+00:00,14173.2,100.0,65.8,10687.3,0.2,19,3201.0,,False,
2026-07-31T23:52:39.636466+00:00,14193.8,100.0,65.8,10687.5,0.2,19,3201.0,,False,
2026-07-31T23:53:00.325167+00:00,14214.5,100.0,65.9,10702.2,0.2,19,3201.0,,False,
2026-07-31T23:53:20.829027+00:00,14235.0,100.0,66.0,10721.3,0.2,19,3201.0,,False,
2026-07-31T23:53:41.360471+00:00,14255.5,100.0,66.0,10718.2,0.2,19,3201.0,,False,
2026-07-31T23:54:01.863496+00:00,14276.0,100.0,65.9,10695.3,0.2,19,3201.0,,False,
2026-07-31T23:54:22.463920+00:00,14296.6,100.0,66.0,10712.0,0.2,19,3201.0,,False,
2026-07-31T23:54:43.052409+00:00,14317.2,100.0,66.0,10712.7,0.2,19,3201.0,,False,
2026-07-31T23:55:03.549464+00:00,14337.7,100.0,66.2,10742.9,0.2,19,3201.0,,False,
2026-07-31T23:55:24.055613+00:00,14358.2,100.0,66.1,10724.9,0.2,19,3201.0,,False,
2026-07-31T23:55:44.566156+00:00,14378.7,100.0,66.0,10717.5,0.2,19,3201.0,,False,
2026-07-31T23:56:05.076932+00:00,14399.3,100.0,65.9,10701.9,0.2,19,3201.0,,False,
2026-07-31T23:56:25.678294+00:00,14419.9,100.0,66.0,10707.1,0.2,19,3201.0,,False,
2026-07-31T23:56:46.207251+00:00,14440.4,100.0,65.8,10673.2,0.2,19,3201.0,,False,
2026-07-31T23:57:06.493461+00:00,14460.7,100.0,65.6,10656.2,0.2,19,3201.0,,False,
2026-07-31T23:57:27.039517+00:00,14481.2,100.0,65.6,10648.6,0.2,19,3201.0,,False,
2026-07-31T23:57:47.531341+00:00,14501.7,100.0,65.6,10649.0,0.2,19,3201.0,,False,
2026-07-31T23:58:08.047406+00:00,14522.2,100.0,65.5,10634.7,0.2,19,3201.0,,False,
2026-07-31T23:58:28.572552+00:00,14542.8,100.0,65.5,10625.9,0.2,19,3201.0,,False,
2026-07-31T23:58:49.096933+00:00,14563.3,100.0,65.5,10628.0,0.2,19,3201.0,,False,
2026-07-31T23:59:09.613054+00:00,14583.8,100.0,65.1,10560.1,0.2,19,3201.0,,False,
2026-07-31T23:59:30.118570+00:00,14604.3,100.0,65.0,10558.7,0.2,19,3201.0,,False,
2026-07-31T23:59:50.640068+00:00,14624.8,100.0,65.2,10579.4,0.2,19,3201.0,,False,
2026-08-01T00:00:11.159729+00:00,14645.3,100.0,65.0,10559.1,0.2,19,3201.0,,False,
2026-08-01T00:00:31.681590+00:00,14665.9,100.0,65.0,10551.3,0.2,19,3201.0,,False,
2026-08-01T00:00:52.199632+00:00,14686.4,100.0,65.2,10580.3,0.2,19,3201.0,,False,
2026-08-01T00:01:12.763274+00:00,14706.9,100.0,65.2,10579.1,0.2,19,3201.0,,False,
2026-08-01T00:01:33.309547+00:00,14727.5,100.0,65.2,10583.5,0.2,19,3201.0,,False,
2026-08-01T00:01:53.858261+00:00,14748.0,100.0,65.2,10578.8,0.2,19,3201.0,,False,
2026-08-01T00:02:14.386379+00:00,14768.6,100.0,65.1,10566.6,0.2,19,3201.0,,False,
2026-08-01T00:02:34.917132+00:00,14789.1,100.0,65.0,10556.9,0.2,19,3201.0,,False,
2026-08-01T00:02:55.398365+00:00,14809.6,100.0,64.9,10535.4,0.2,19,3201.0,,False,
2026-08-01T00:03:15.944192+00:00,14830.1,100.0,64.9,10537.1,0.2,19,3201.0,,False,
2026-08-01T00:03:36.459709+00:00,14850.6,100.0,64.9,10541.8,0.2,19,3201.0,,False,
2026-08-01T00:03:56.963450+00:00,14871.1,100.0,65.0,10546.2,0.2,19,3201.0,,False,
2026-08-01T00:04:17.489287+00:00,14891.7,100.0,64.9,10539.2,0.2,19,3201.0,,False,
2026-08-01T00:04:38.107659+00:00,14912.3,100.0,65.0,10546.2,0.2,19,3201.0,,False,
2026-08-01T00:04:58.601540+00:00,14932.8,100.0,65.0,10558.3,0.2,19,3201.0,,False,
2026-08-01T00:05:19.123604+00:00,14953.3,100.0,65.1,10565.6,0.2,19,3201.0,,False,
2026-08-01T00:05:39.649104+00:00,14973.8,100.0,65.0,10543.9,0.2,19,3201.0,,False,
2026-08-01T00:06:00.207971+00:00,14994.4,100.0,64.9,10538.5,0.2,19,3201.0,,False,
2026-08-01T00:06:20.738393+00:00,15014.9,100.0,64.9,10537.0,0.2,19,3201.0,,False,
2026-08-01T00:06:41.238856+00:00,15035.4,100.0,65.0,10544.8,0.2,19,3201.0,,False,
2026-08-01T00:07:01.774759+00:00,15056.0,100.0,65.0,10553.0,0.2,19,3201.0,,False,
2026-08-01T00:07:22.266164+00:00,15076.4,100.0,65.1,10561.7,0.2,19,3201.0,,False,
2026-08-01T00:07:42.422835+00:00,15096.6,100.0,65.1,10574.6,0.2,19,3201.0,,False,
2026-08-01T00:08:02.428095+00:00,15116.6,82.5,64.9,10533.2,0.2,19,3201.0,,False,
2026-08-01T00:08:22.433461+00:00,15136.6,83.4,65.0,10550.7,0.2,19,3201.0,,False,
2026-08-01T00:08:42.439144+00:00,15156.6,81.5,65.1,10566.7,0.2,19,3201.0,,False,
2026-08-01T00:09:02.444685+00:00,15176.6,88.4,65.1,10564.9,0.2,19,3201.0,,False,
2026-08-01T00:09:22.451075+00:00,15196.6,76.8,65.0,10546.5,0.2,19,3201.0,,False,
2026-08-01T00:09:42.462301+00:00,15216.6,83.6,65.1,10561.2,0.2,19,3201.0,,False,
2026-08-01T00:10:02.467795+00:00,15236.6,79.9,66.1,10726.1,0.2,19,3201.0,,False,
2026-08-01T00:10:22.473218+00:00,15256.7,70.7,65.8,10687.9,0.2,19,3201.0,,False,
2026-08-01T00:10:42.478200+00:00,15276.7,69.7,65.8,10677.0,0.2,19,3201.0,,False,
2026-08-01T00:11:02.482744+00:00,15296.7,70.0,65.7,10658.5,0.2,19,3201.0,,False,
2026-08-01T00:11:22.487017+00:00,15316.7,70.9,65.6,10655.2,0.2,19,3201.0,,False,
2026-08-01T00:11:42.491784+00:00,15336.7,69.2,65.7,10659.1,0.2,19,3201.0,,False,
2026-08-01T00:12:02.496872+00:00,15356.7,69.6,65.6,10653.9,0.2,19,3201.0,,False,
2026-08-01T00:12:22.502120+00:00,15376.7,70.8,65.6,10646.5,0.2,19,3201.0,,False,
2026-08-01T00:12:42.506051+00:00,15396.7,58.3,65.7,10657.2,0.2,19,3201.0,,False,
2026-08-01T00:13:02.510574+00:00,15416.7,52.0,65.6,10643.8,0.2,19,3201.0,,False,
2026-08-01T00:13:22.514467+00:00,15436.7,53.9,65.6,10650.5,0.2,19,3201.0,,False,
2026-08-01T00:13:42.518213+00:00,15456.7,44.8,65.7,10670.3,0.2,19,3201.0,,False,
2026-08-01T00:14:02.521861+00:00,15476.7,44.7,65.6,10653.7,0.2,19,3201.0,,False,
2026-08-01T00:14:22.525319+00:00,15496.7,44.7,64.8,10514.9,0.2,19,3201.0,,False,
2026-08-01T00:14:42.528861+00:00,15516.7,45.8,65.1,10566.2,0.2,19,3201.0,,False,
2026-08-01T00:15:02.532294+00:00,15536.7,44.3,65.2,10588.4,0.2,19,3201.0,,False,
2026-08-01T00:15:22.535885+00:00,15556.7,38.7,65.3,10607.5,0.2,19,3201.0,,False,
2026-08-01T00:15:42.539194+00:00,15576.7,44.3,65.3,10598.2,0.2,19,3201.0,,False,
2026-08-01T00:16:02.542621+00:00,15596.7,25.5,65.3,10600.2,0.2,19,3201.0,,False,
2026-08-01T00:16:22.545757+00:00,15616.7,26.5,65.3,10593.4,0.2,19,3201.0,,False,
2026-08-01T00:16:42.549826+00:00,15636.7,26.6,65.4,10623.7,0.2,19,3201.0,,False,
2026-08-01T00:17:02.553225+00:00,15656.7,25.9,65.2,10587.6,0.2,19,3201.0,,False,
2026-08-01T00:17:22.556768+00:00,15676.7,26.3,65.2,10586.9,0.2,19,3201.0,,False,
2026-08-01T00:17:42.560419+00:00,15696.7,26.3,65.3,10599.2,0.2,19,3201.0,,False,
2026-08-01T00:18:02.564332+00:00,15716.7,20.9,65.3,10595.8,0.2,19,3201.0,,False,
2026-08-01T00:18:22.567697+00:00,15736.7,20.2,65.3,10591.6,0.2,19,3201.0,,False,
2026-08-01T00:18:42.571323+00:00,15756.8,12.8,65.2,10583.8,0.2,19,3201.0,,False,
2026-08-01T00:19:02.574403+00:00,15776.8,13.6,65.2,10584.5,0.2,19,3201.0,,False,
2026-08-01T00:19:22.577330+00:00,15796.8,13.4,65.2,10588.0,0.2,19,3201.0,,False,
2026-08-01T00:19:42.581170+00:00,15816.8,13.6,65.0,10549.9,0.2,19,3201.0,,False,
2026-08-01T00:20:02.585016+00:00,15836.8,13.2,65.1,10566.4,0.2,19,3201.0,,False,
2026-08-01T00:20:23.095754+00:00,15857.3,38.6,65.1,10565.8,0.2,4,3201.0,,False,
2026-08-01T00:20:43.101075+00:00,15877.3,94.1,62.7,10175.4,0.2,15,3201.0,,False,
2026-08-01T00:21:03.626334+00:00,15897.8,100.0,65.8,10687.1,0.2,19,3201.0,,False,
2026-08-01T00:21:24.141177+00:00,15918.3,100.0,65.7,10663.3,0.2,19,3201.0,,False,
2026-08-01T00:21:44.660648+00:00,15938.8,100.0,65.4,10623.1,0.2,19,3201.0,,False,
2026-08-01T00:22:05.189461+00:00,15959.4,100.0,65.4,10618.1,0.2,19,3201.0,,False,
2026-08-01T00:22:25.701551+00:00,15979.9,100.0,65.5,10625.5,0.2,19,3201.0,,False,
2026-08-01T00:22:46.216705+00:00,16000.4,100.0,65.5,10628.4,0.2,19,3201.0,,False,
2026-08-01T00:23:06.732288+00:00,16020.9,100.0,65.6,10643.7,0.2,19,3201.0,,False,
2026-08-01T00:23:27.250348+00:00,16041.4,100.0,65.6,10642.6,0.2,19,3201.0,,False,
2026-08-01T00:23:47.764275+00:00,16061.9,100.0,65.1,10565.1,0.2,19,3201.0,,False,
2026-08-01T00:24:08.275705+00:00,16082.5,100.0,65.0,10555.2,0.2,19,3201.0,,False,
2026-08-01T00:24:28.814872+00:00,16103.0,100.0,65.1,10567.0,0.2,19,3201.0,,False,
2026-08-01T00:24:49.327052+00:00,16123.5,100.0,65.5,10629.8,0.2,19,3201.0,,False,
2026-08-01T00:25:09.837924+00:00,16144.0,100.0,65.4,10616.6,0.2,19,3201.0,,False,
2026-08-01T00:25:30.400135+00:00,16164.6,100.0,65.4,10611.7,0.2,19,3201.0,,False,
2026-08-01T00:25:50.913398+00:00,16185.1,100.0,65.4,10623.3,0.2,19,3201.0,,False,
2026-08-01T00:26:11.456781+00:00,16205.6,100.0,65.5,10626.3,0.2,19,3201.0,,False,
2026-08-01T00:26:32.016927+00:00,16226.2,100.0,65.4,10623.2,0.2,19,3201.0,,False,
2026-08-01T00:26:52.533693+00:00,16246.7,100.0,65.4,10617.8,0.2,19,3201.0,,False,
2026-08-01T00:27:12.846006+00:00,16267.0,100.0,65.4,10621.1,0.2,19,3201.0,,False,
2026-08-01T00:27:33.343246+00:00,16287.5,100.0,65.4,10613.7,0.2,19,3201.0,,False,
2026-08-01T00:27:53.871676+00:00,16308.1,100.0,65.3,10607.3,0.2,19,3201.0,,False,
2026-08-01T00:28:14.392167+00:00,16328.6,100.0,65.3,10597.1,0.2,19,3201.0,,False,
2026-08-01T00:28:34.920940+00:00,16349.1,100.0,65.3,10595.5,0.2,19,3201.0,,False,
2026-08-01T00:28:55.467682+00:00,16369.6,100.0,65.3,10597.3,0.2,19,3201.0,,False,
2026-08-01T00:29:16.015040+00:00,16390.2,100.0,65.4,10614.7,0.2,19,3201.0,,False,
2026-08-01T00:29:36.545131+00:00,16410.7,100.0,65.7,10661.6,0.2,19,3201.0,,False,
2026-08-01T00:29:57.064832+00:00,16431.2,100.0,64.4,10454.9,0.2,19,3201.0,,False,
2026-08-01T00:30:17.557750+00:00,16451.7,100.0,64.4,10452.7,0.2,19,3201.0,,False,
2026-08-01T00:30:38.107840+00:00,16472.3,100.0,64.4,10458.7,0.2,19,3201.0,,False,
2026-08-01T00:30:58.606158+00:00,16492.8,100.0,64.5,10475.5,0.2,19,3201.0,,False,
2026-08-01T00:31:19.098968+00:00,16513.3,100.0,64.5,10477.4,0.2,19,3201.0,,False,
2026-08-01T00:31:39.615359+00:00,16533.8,100.0,64.4,10453.6,0.2,19,3201.0,,False,
2026-08-01T00:32:00.138667+00:00,16554.3,100.0,64.4,10450.2,0.2,19,3201.0,,False,
2026-08-01T00:32:20.656811+00:00,16574.8,100.0,64.4,10461.4,0.2,19,3201.0,,False,
2026-08-01T00:32:41.177131+00:00,16595.4,100.0,64.4,10449.3,0.2,19,3201.0,,False,
2026-08-01T00:33:01.672314+00:00,16615.9,100.0,64.5,10474.0,0.2,19,3201.0,,False,
2026-08-01T00:33:22.157155+00:00,16636.3,100.0,64.5,10462.9,0.2,19,3201.0,,False,
2026-08-01T00:33:42.691636+00:00,16656.9,100.0,64.5,10461.9,0.2,19,3201.0,,False,
2026-08-01T00:34:03.182585+00:00,16677.4,100.0,64.5,10469.6,0.2,19,3201.0,,False,
2026-08-01T00:34:23.694738+00:00,16697.9,100.0,64.4,10461.5,0.2,19,3201.0,,False,
2026-08-01T00:34:44.311263+00:00,16718.5,100.0,64.6,10478.8,0.2,19,3201.0,,False,
2026-08-01T00:35:04.823727+00:00,16739.0,100.0,64.6,10492.6,0.2,19,3201.0,,False,
2026-08-01T00:35:25.354476+00:00,16759.5,100.0,64.6,10486.1,0.2,19,3201.0,,False,
2026-08-01T00:35:45.925350+00:00,16780.1,100.0,64.6,10492.3,0.2,19,3201.0,,False,
2026-08-01T00:36:06.422735+00:00,16800.6,100.0,64.6,10485.4,0.2,19,3201.0,,False,
2026-08-01T00:36:26.930590+00:00,16821.1,100.0,64.6,10489.2,0.2,19,3201.0,,False,
2026-08-01T00:36:47.486490+00:00,16841.7,100.0,64.7,10505.2,0.2,19,3201.0,,False,
2026-08-01T00:37:07.998459+00:00,16862.2,100.0,64.7,10502.6,0.2,19,3201.0,,False,
2026-08-01T00:37:28.612812+00:00,16882.8,100.0,64.7,10494.3,0.2,19,3201.0,,False,
2026-08-01T00:37:49.145877+00:00,16903.3,100.0,64.7,10508.6,0.2,19,3201.0,,False,
2026-08-01T00:38:09.674130+00:00,16923.9,100.0,64.8,10515.3,0.2,19,3201.0,,False,
2026-08-01T00:38:30.213493+00:00,16944.4,100.0,64.9,10538.0,0.2,19,3201.0,,False,
2026-08-01T00:38:50.723223+00:00,16964.9,100.0,65.0,10549.2,0.2,19,3201.0,,False,
2026-08-01T00:39:11.248217+00:00,16985.4,100.0,64.9,10526.9,0.2,19,3201.0,,False,
2026-08-01T00:39:31.748907+00:00,17005.9,100.0,64.8,10524.7,0.2,19,3201.0,,False,
2026-08-01T00:39:52.297218+00:00,17026.5,100.0,65.2,10587.5,0.2,19,3201.0,,False,
2026-08-01T00:40:13.148819+00:00,17047.3,100.0,65.3,10603.4,0.2,19,3201.0,,False,
2026-08-01T00:40:33.700566+00:00,17067.9,100.0,65.2,10587.6,0.2,19,3201.0,,False,
2026-08-01T00:40:54.243940+00:00,17088.4,100.0,65.5,10637.1,0.2,19,3201.0,,False,
2026-08-01T00:41:14.806956+00:00,17109.0,100.0,65.4,10614.8,0.2,19,3201.0,,False,
2026-08-01T00:41:35.298687+00:00,17129.5,100.0,65.4,10611.5,0.2,19,3201.0,,False,
2026-08-01T00:41:55.805817+00:00,17150.0,100.0,65.4,10611.8,0.2,19,3201.0,,False,
2026-08-01T00:42:16.330171+00:00,17170.5,100.0,65.3,10607.1,0.2,19,3201.0,,False,
2026-08-01T00:42:37.197967+00:00,17191.4,100.0,65.3,10597.2,0.2,19,3201.0,,False,
2026-08-01T00:42:57.790677+00:00,17212.0,100.0,65.2,10585.3,0.2,19,3201.0,,False,
2026-08-01T00:43:18.336519+00:00,17232.5,100.0,65.2,10589.7,0.2,19,3201.0,,False,
2026-08-01T00:43:38.940817+00:00,17253.1,100.0,65.3,10596.8,0.2,19,3201.0,,False,
2026-08-01T00:43:59.446428+00:00,17273.6,100.0,65.2,10582.7,0.2,19,3201.0,,False,
2026-08-01T00:44:20.299019+00:00,17294.5,100.0,65.2,10576.6,0.2,19,3201.0,,False,
2026-08-01T00:44:40.851159+00:00,17315.0,100.0,65.2,10580.9,0.2,19,3201.0,,False,
2026-08-01T00:45:01.368260+00:00,17335.5,100.0,64.6,10489.8,0.2,19,3201.0,,False,
2026-08-01T00:45:22.009748+00:00,17356.2,100.0,64.7,10498.4,0.2,19,3201.0,,False,
2026-08-01T00:45:42.520865+00:00,17376.7,100.0,64.7,10497.8,0.2,19,3201.0,,False,
2026-08-01T00:46:03.040297+00:00,17397.2,100.0,64.7,10502.4,0.2,19,3201.0,,False,
2026-08-01T00:46:23.532504+00:00,17417.7,100.0,64.6,10485.7,0.2,19,3201.0,,False,
2026-08-01T00:46:44.050861+00:00,17438.2,100.0,64.7,10505.5,0.2,19,3201.0,,False,
2026-08-01T00:47:04.605486+00:00,17458.8,100.0,64.6,10488.6,0.2,19,3201.0,,False,
2026-08-01T00:47:25.118250+00:00,17479.3,100.0,64.6,10484.9,0.2,19,3201.0,,False,
2026-08-01T00:47:45.636418+00:00,17499.8,100.0,64.7,10499.3,0.2,19,3201.0,,False,
2026-08-01T00:48:06.245171+00:00,17520.4,100.0,64.7,10503.9,0.2,19,3201.0,,False,
2026-08-01T00:48:26.750110+00:00,17540.9,100.0,64.8,10523.2,0.2,19,3201.0,,False,
2026-08-01T00:48:47.282356+00:00,17561.5,100.0,64.8,10514.7,0.2,19,3201.0,,False,
2026-08-01T00:49:07.803011+00:00,17582.0,100.0,64.7,10503.7,0.2,19,3201.0,,False,
2026-08-01T00:49:28.359206+00:00,17602.5,100.0,64.7,10505.5,0.2,19,3201.0,,False,
2026-08-01T00:49:49.136875+00:00,17623.3,100.0,65.0,10543.1,0.2,19,3201.0,,False,
2026-08-01T00:50:09.650235+00:00,17643.8,100.0,64.9,10536.3,0.2,19,3201.0,,False,
2026-08-01T00:50:30.190196+00:00,17664.4,100.0,64.7,10509.6,0.2,19,3201.0,,False,
2026-08-01T00:50:50.725700+00:00,17684.9,100.0,64.8,10517.4,0.2,19,3201.0,,False,
2026-08-01T00:51:11.260523+00:00,17705.4,100.0,64.8,10526.5,0.2,19,3201.0,,False,
2026-08-01T00:51:31.758035+00:00,17725.9,100.0,64.9,10528.9,0.2,19,3201.0,,False,
2026-08-01T00:51:52.321625+00:00,17746.5,100.0,64.8,10524.0,0.2,19,3201.0,,False,
2026-08-01T00:52:12.831591+00:00,17767.0,100.0,64.8,10526.6,0.2,19,3201.0,,False,
2026-08-01T00:52:33.314109+00:00,17787.5,100.0,64.9,10532.2,0.2,19,3201.0,,False,
2026-08-01T00:52:53.793170+00:00,17808.0,100.0,64.9,10532.9,0.2,19,3201.0,,False,
2026-08-01T00:53:14.317813+00:00,17828.5,100.0,64.9,10528.9,0.2,19,3201.0,,False,
2026-08-01T00:53:34.818213+00:00,17849.0,100.0,64.9,10531.0,0.2,19,3201.0,,False,
2026-08-01T00:53:55.318684+00:00,17869.5,100.0,64.8,10521.8,0.2,19,3201.0,,False,
2026-08-01T00:54:15.873241+00:00,17890.1,100.0,64.8,10522.0,0.2,19,3201.0,,False,
2026-08-01T00:54:36.481354+00:00,17910.7,100.0,64.9,10531.1,0.2,19,3201.0,,False,
2026-08-01T00:54:57.073930+00:00,17931.3,100.0,65.4,10615.7,0.2,19,3201.0,,False,
2026-08-01T00:55:17.571446+00:00,17951.8,100.0,65.2,10584.7,0.2,19,3201.0,,False,
2026-08-01T00:55:38.075656+00:00,17972.3,100.0,65.2,10576.3,0.2,19,3201.0,,False,
2026-08-01T00:55:58.599863+00:00,17992.8,100.0,65.2,10584.7,0.2,19,3201.0,,False,
2026-08-01T00:56:19.141692+00:00,18013.3,100.0,65.2,10584.0,0.2,19,3201.0,,False,
2026-08-01T00:56:39.659793+00:00,18033.8,100.0,65.1,10571.5,0.2,19,3201.0,,False,
2026-08-01T00:57:00.182518+00:00,18054.4,100.0,65.0,10558.4,0.2,19,3201.0,,False,
2026-08-01T00:57:20.486098+00:00,18074.7,100.0,65.0,10551.1,0.2,19,3201.0,,False,
2026-08-01T00:57:40.999783+00:00,18095.2,100.0,65.0,10549.4,0.2,19,3201.0,,False,
2026-08-01T00:58:01.535556+00:00,18115.7,100.0,65.1,10562.1,0.2,19,3201.0,,False,
2026-08-01T00:58:22.049057+00:00,18136.2,100.0,65.1,10560.1,0.2,19,3201.0,,False,
2026-08-01T00:58:42.581182+00:00,18156.8,100.0,65.0,10556.5,0.2,19,3201.0,,False,
2026-08-01T00:59:03.098559+00:00,18177.3,100.0,65.0,10554.9,0.2,19,3201.0,,False,
2026-08-01T00:59:23.636702+00:00,18197.8,100.0,65.0,10554.8,0.2,19,3201.0,,False,
2026-08-01T00:59:44.295017+00:00,18218.5,100.0,65.1,10567.4,0.2,19,3201.0,,False,
2026-08-01T01:00:04.818254+00:00,18239.0,100.0,65.4,10617.3,0.2,19,3201.0,,False,
2026-08-01T01:00:25.345986+00:00,18259.5,100.0,65.6,10649.6,0.2,19,3201.0,,False,
2026-08-01T01:00:45.855698+00:00,18280.0,100.0,65.6,10646.0,0.2,19,3201.0,,False,
2026-08-01T01:01:06.365827+00:00,18300.5,100.0,65.6,10648.8,0.2,19,3201.0,,False,
2026-08-01T01:01:26.890925+00:00,18321.1,100.0,65.6,10643.9,0.2,19,3201.0,,False,
2026-08-01T01:01:47.407347+00:00,18341.6,100.0,65.5,10634.1,0.2,19,3201.0,,False,
2026-08-01T01:02:07.957137+00:00,18362.1,100.0,65.4,10623.8,0.2,19,3201.0,,False,
2026-08-01T01:02:28.449022+00:00,18382.6,100.0,65.4,10621.2,0.2,19,3201.0,,False,
2026-08-01T01:02:48.987155+00:00,18403.2,100.0,65.5,10626.0,0.2,19,3201.0,,False,
2026-08-01T01:03:09.514962+00:00,18423.7,100.0,65.5,10624.8,0.2,19,3201.0,,False,
2026-08-01T01:03:30.020068+00:00,18444.2,100.0,65.4,10622.7,0.2,19,3201.0,,False,
2026-08-01T01:03:50.508060+00:00,18464.7,100.0,65.5,10630.8,0.2,19,3201.0,,False,
2026-08-01T01:04:11.030764+00:00,18485.2,100.0,65.5,10633.3,0.2,19,3201.0,,False,
2026-08-01T01:04:31.547815+00:00,18505.7,100.0,65.6,10651.5,0.2,19,3201.0,,False,
2026-08-01T01:04:52.101461+00:00,18526.3,100.0,65.8,10673.6,0.2,19,3201.0,,False,
2026-08-01T01:05:12.609319+00:00,18546.8,100.0,65.8,10673.7,0.2,19,3201.0,,False,
2026-08-01T01:05:33.127456+00:00,18567.3,100.0,65.7,10661.8,0.2,19,3201.0,,False,
2026-08-01T01:05:53.643751+00:00,18587.8,100.0,65.6,10649.3,0.2,19,3201.0,,False,
2026-08-01T01:06:14.220934+00:00,18608.4,100.0,65.5,10634.8,0.2,19,3201.0,,False,
2026-08-01T01:06:34.728831+00:00,18628.9,100.0,65.5,10636.2,0.2,19,3201.0,,False,
2026-08-01T01:06:55.253347+00:00,18649.4,100.0,65.5,10630.9,0.2,19,3201.0,,False,
2026-08-01T01:07:15.767054+00:00,18669.9,100.0,65.5,10630.0,0.2,19,3201.0,,False,
2026-08-01T01:07:36.599946+00:00,18690.8,100.0,65.5,10633.6,0.2,19,3201.0,,False,
2026-08-01T01:07:57.158233+00:00,18711.3,100.0,64.7,10501.2,0.2,19,3201.0,,False,
2026-08-01T01:08:17.713584+00:00,18731.9,100.0,64.8,10525.4,0.2,19,3201.0,,False,
2026-08-01T01:08:38.230199+00:00,18752.4,100.0,64.9,10532.1,0.2,19,3201.0,,False,
2026-08-01T01:08:58.733886+00:00,18772.9,100.0,64.9,10540.7,0.2,19,3201.0,,False,
2026-08-01T01:09:19.273615+00:00,18793.5,100.0,64.9,10527.8,0.2,19,3201.0,,False,
2026-08-01T01:09:39.875463+00:00,18814.1,100.0,65.1,10574.4,0.2,19,3201.0,,False,
2026-08-01T01:10:00.388066+00:00,18834.6,100.0,65.5,10629.7,0.2,19,3201.0,,False,
2026-08-01T01:10:20.946912+00:00,18855.1,100.0,66.0,10716.1,0.2,19,3201.0,,False,
2026-08-01T01:10:41.456147+00:00,18875.6,100.0,66.0,10706.5,0.2,19,3201.0,,False,
2026-08-01T01:11:01.972019+00:00,18896.2,100.0,65.9,10690.0,0.2,19,3201.0,,False,
2026-08-01T01:11:22.504637+00:00,18916.7,100.0,65.9,10702.8,0.2,19,3201.0,,False,
2026-08-01T01:11:43.020221+00:00,18937.2,100.0,65.8,10679.0,0.2,19,3201.0,,False,
2026-08-01T01:12:03.533324+00:00,18957.7,100.0,66.2,10741.7,0.2,19,3201.0,,False,
2026-08-01T01:12:24.051059+00:00,18978.2,100.0,65.8,10676.8,0.2,19,3201.0,,False,
2026-08-01T01:12:44.592828+00:00,18998.8,100.0,65.9,10698.8,0.2,19,3201.0,,False,
2026-08-01T01:13:05.105680+00:00,19019.3,100.0,65.8,10673.6,0.2,19,3201.0,,False,
2026-08-01T01:13:25.618573+00:00,19039.8,100.0,65.7,10666.0,0.2,19,3201.0,,False,
2026-08-01T01:13:46.183740+00:00,19060.4,100.0,65.8,10684.7,0.2,19,3201.0,,False,
2026-08-01T01:14:06.683094+00:00,19080.9,100.0,65.8,10677.2,0.2,19,3201.0,,False,
2026-08-01T01:14:27.193061+00:00,19101.4,100.0,65.8,10675.2,0.2,19,3201.0,,False,
2026-08-01T01:14:47.936956+00:00,19122.1,100.0,65.8,10686.2,0.2,19,3201.0,,False,
2026-08-01T01:15:08.440387+00:00,19142.6,100.0,65.8,10685.2,0.2,19,3201.0,,False,
2026-08-01T01:15:28.930595+00:00,19163.1,100.0,65.8,10687.6,0.2,19,3201.0,,False,
2026-08-01T01:15:49.792255+00:00,19184.0,100.0,65.9,10692.5,0.2,19,3201.0,,False,
2026-08-01T01:16:10.295437+00:00,19204.5,100.0,65.8,10683.5,0.2,19,3201.0,,False,
2026-08-01T01:16:30.823508+00:00,19225.0,100.0,65.8,10673.5,0.2,19,3201.0,,False,
2026-08-01T01:16:51.388172+00:00,19245.6,100.0,65.6,10642.3,0.2,19,3201.0,,False,
2026-08-01T01:17:11.904184+00:00,19266.1,100.0,65.6,10643.0,0.2,19,3201.0,,False,
2026-08-01T01:17:32.242379+00:00,19286.4,98.5,65.6,10648.9,0.2,19,3201.0,,False,
2026-08-01T01:17:52.282342+00:00,19306.5,95.4,65.7,10669.1,0.2,19,3201.0,,False,
2026-08-01T01:18:12.298659+00:00,19326.5,96.5,65.6,10652.5,0.2,19,3201.0,,False,
2026-08-01T01:18:32.304170+00:00,19346.5,89.6,65.7,10661.4,0.2,19,3201.0,,False,
2026-08-01T01:18:52.309653+00:00,19366.5,89.9,65.7,10658.5,0.2,19,3201.0,,False,
2026-08-01T01:19:12.315541+00:00,19386.5,86.3,65.7,10662.2,0.2,19,3201.0,,False,
2026-08-01T01:19:32.321140+00:00,19406.5,77.1,65.8,10679.4,0.2,19,3201.0,,False,
2026-08-01T01:19:52.326552+00:00,19426.5,76.4,65.7,10672.1,0.2,19,3201.0,,False,
2026-08-01T01:20:12.331724+00:00,19446.5,81.3,65.7,10662.6,0.2,19,3201.0,,False,
2026-08-01T01:20:32.336813+00:00,19466.5,70.8,65.7,10658.4,0.2,19,3201.0,,False,
2026-08-01T01:20:52.342587+00:00,19486.5,69.3,65.7,10662.7,0.2,19,3201.0,,False,
2026-08-01T01:21:12.348351+00:00,19506.5,70.2,65.7,10659.7,0.2,19,3201.0,,False,
2026-08-01T01:21:32.353584+00:00,19526.5,71.8,65.8,10675.9,0.2,19,3201.0,,False,
2026-08-01T01:21:52.359151+00:00,19546.5,70.6,65.7,10658.9,0.2,19,3201.0,,False,
2026-08-01T01:22:12.364341+00:00,19566.5,71.1,65.7,10659.1,0.2,19,3201.0,,False,
2026-08-01T01:22:32.369995+00:00,19586.6,70.3,65.6,10652.0,0.2,19,3201.0,,False,
2026-08-01T01:22:52.375211+00:00,19606.6,68.3,65.7,10662.9,0.2,19,3201.0,,False,
2026-08-01T01:23:12.379074+00:00,19626.6,64.7,65.1,10570.9,0.2,19,3201.0,,False,
2026-08-01T01:23:32.384214+00:00,19646.6,65.0,65.1,10574.9,0.2,19,3201.0,,False,
2026-08-01T01:23:52.388373+00:00,19666.6,57.2,65.3,10607.7,0.2,19,3201.0,,False,
2026-08-01T01:24:12.391991+00:00,19686.6,50.3,65.4,10615.0,0.2,19,3201.0,,False,
2026-08-01T01:24:32.395788+00:00,19706.6,51.5,65.4,10614.2,0.2,19,3201.0,,False,
2026-08-01T01:24:52.399665+00:00,19726.6,55.9,65.7,10666.2,0.2,19,3201.0,,False,
2026-08-01T01:25:12.403376+00:00,19746.6,45.1,65.6,10642.9,0.2,19,3201.0,,False,
2026-08-01T01:25:32.406988+00:00,19766.6,44.2,65.5,10627.2,0.2,19,3201.0,,False,
2026-08-01T01:25:52.410522+00:00,19786.6,44.6,65.6,10644.2,0.2,19,3201.0,,False,
2026-08-01T01:26:12.414477+00:00,19806.6,45.6,65.6,10648.6,0.2,19,3201.0,,False,
2026-08-01T01:26:32.418361+00:00,19826.6,34.3,65.6,10642.9,0.2,19,3201.0,,False,
2026-08-01T01:26:52.421441+00:00,19846.6,33.9,65.6,10648.3,0.2,19,3201.0,,False,
2026-08-01T01:27:12.424575+00:00,19866.6,25.1,65.6,10650.6,0.2,19,3201.0,,False,
2026-08-01T01:27:32.439933+00:00,19886.6,28.8,65.6,10643.2,0.2,19,3201.0,,False,
2026-08-01T01:27:52.443390+00:00,19906.6,19.2,65.4,10618.0,0.2,19,3201.0,,False,
2026-08-01T01:28:12.446814+00:00,19926.6,14.1,65.6,10648.8,0.2,19,3201.0,,False,
2026-08-01T01:28:32.449788+00:00,19946.6,15.5,65.5,10637.2,0.2,19,3201.0,,False,
2026-08-01T01:28:52.452941+00:00,19966.6,12.9,65.5,10636.2,0.2,19,3201.0,,False,
2026-08-01T01:29:12.456993+00:00,19986.6,12.9,65.1,10569.8,0.2,19,3201.0,,False,
2026-08-01T01:29:32.460423+00:00,20006.6,13.1,65.1,10569.7,0.2,19,3201.0,,False,
2026-08-01T01:29:52.464003+00:00,20026.6,14.5,65.0,10548.2,0.2,19,3201.0,,False,
2026-08-01T01:30:12.467873+00:00,20046.6,13.2,64.9,10539.0,0.2,19,3201.0,,False,
2026-08-01T01:30:32.471631+00:00,20066.7,13.8,64.9,10537.3,0.2,19,3201.0,,False,
2026-08-01T01:30:52.475094+00:00,20086.7,7.5,65.0,10549.9,0.2,19,3201.0,,False,
2026-08-01T01:31:12.480030+00:00,20106.7,62.2,59.9,9717.2,0.2,12,3201.0,,False,
2026-08-01T01:31:33.347192+00:00,20127.5,100.0,65.6,10652.7,0.2,19,3201.0,,False,
2026-08-01T01:31:53.874835+00:00,20148.1,100.0,65.4,10614.7,0.2,19,3201.0,,False,
2026-08-01T01:32:14.428260+00:00,20168.6,100.0,65.4,10609.9,0.2,19,3201.0,,False,
2026-08-01T01:32:35.023743+00:00,20189.2,100.0,65.4,10609.1,0.2,19,3201.0,,False,
2026-08-01T01:32:55.528506+00:00,20209.7,100.0,65.3,10600.1,0.2,19,3201.0,,False,
2026-08-01T01:33:16.118829+00:00,20230.3,100.0,65.3,10598.9,0.2,19,3201.0,,False,
2026-08-01T01:33:36.599722+00:00,20250.8,100.0,65.3,10600.4,0.2,19,3201.0,,False,
2026-08-01T01:33:57.129160+00:00,20271.3,100.0,65.4,10614.0,0.2,19,3201.0,,False,
2026-08-01T01:34:17.660689+00:00,20291.8,100.0,65.4,10621.8,0.2,19,3201.0,,False,
2026-08-01T01:34:38.315347+00:00,20312.5,100.0,65.5,10626.8,0.2,19,3201.0,,False,
2026-08-01T01:34:58.825538+00:00,20333.0,100.0,65.6,10646.1,0.2,19,3201.0,,False,
2026-08-01T01:35:19.337112+00:00,20353.5,100.0,65.5,10637.9,0.2,19,3201.0,,False,
2026-08-01T01:35:39.857018+00:00,20374.0,100.0,65.5,10637.9,0.2,19,3201.0,,False,
2026-08-01T01:36:00.344669+00:00,20394.5,100.0,65.6,10652.6,0.2,19,3201.0,,False,
2026-08-01T01:36:20.916576+00:00,20415.1,100.0,65.6,10653.5,0.2,19,3201.0,,False,
2026-08-01T01:36:41.452535+00:00,20435.6,100.0,65.6,10651.8,0.2,19,3201.0,,False,
2026-08-01T01:37:01.974105+00:00,20456.2,100.0,65.7,10661.3,0.2,19,3201.0,,False,
2026-08-01T01:37:22.495092+00:00,20476.7,100.0,65.6,10644.2,0.2,19,3201.0,,False,
2026-08-01T01:37:43.059940+00:00,20497.2,100.0,65.6,10642.0,0.2,19,3201.0,,False,
2026-08-01T01:38:03.596494+00:00,20517.8,100.0,65.6,10653.6,0.2,19,3201.0,,False,
2026-08-01T01:38:24.124581+00:00,20538.3,100.0,66.0,10709.7,0.2,19,3201.0,,False,
2026-08-01T01:38:44.659148+00:00,20558.8,100.0,66.0,10711.6,0.2,19,3201.0,,False,
2026-08-01T01:39:05.139805+00:00,20579.3,100.0,65.9,10701.6,0.2,19,3201.0,,False,
2026-08-01T01:39:25.634241+00:00,20599.8,100.0,65.9,10702.8,0.2,19,3201.0,,False,
2026-08-01T01:39:46.245880+00:00,20620.4,100.0,66.0,10709.1,0.2,19,3201.0,,False,
2026-08-01T01:40:06.796332+00:00,20641.0,100.0,66.0,10711.7,0.2,19,3201.0,,False,
2026-08-01T01:40:27.315312+00:00,20661.5,100.0,66.0,10712.6,0.2,19,3201.0,,False,
2026-08-01T01:40:47.816604+00:00,20682.0,100.0,66.0,10715.7,0.2,19,3201.0,,False,
2026-08-01T01:41:08.348469+00:00,20702.5,100.0,66.2,10747.6,0.2,19,3201.0,,False,
2026-08-01T01:41:28.850169+00:00,20723.0,100.0,66.1,10733.7,0.2,19,3201.0,,False,
2026-08-01T01:41:49.366579+00:00,20743.5,100.0,66.1,10722.9,0.2,19,3201.0,,False,
2026-08-01T01:42:09.890312+00:00,20764.1,100.0,66.1,10730.7,0.2,19,3201.0,,False,
2026-08-01T01:42:30.438478+00:00,20784.6,100.0,66.1,10728.1,0.2,19,3201.0,,False,
2026-08-01T01:42:50.983348+00:00,20805.2,100.0,66.1,10736.8,0.2,19,3201.0,,False,
2026-08-01T01:43:11.481208+00:00,20825.7,100.0,66.1,10731.1,0.2,19,3201.0,,False,
2026-08-01T01:43:31.980853+00:00,20846.2,100.0,66.1,10731.8,0.2,19,3201.0,,False,
2026-08-01T01:43:52.507864+00:00,20866.7,100.0,66.0,10709.8,0.2,19,3201.0,,False,
2026-08-01T01:44:13.040871+00:00,20887.2,100.0,66.0,10706.5,0.2,19,3201.0,,False,
2026-08-01T01:44:33.543058+00:00,20907.7,100.0,65.9,10702.1,0.2,19,3201.0,,False,
2026-08-01T01:44:54.074710+00:00,20928.3,100.0,66.0,10716.6,0.2,19,3201.0,,False,
2026-08-01T01:45:14.576869+00:00,20948.8,100.0,66.1,10726.3,0.2,19,3201.0,,False,
2026-08-01T01:45:35.085876+00:00,20969.3,100.0,66.0,10708.6,0.2,19,3201.0,,False,
2026-08-01T01:45:55.570996+00:00,20989.8,100.0,66.0,10705.8,0.2,19,3201.0,,False,
2026-08-01T01:46:16.099646+00:00,21010.3,100.0,66.0,10705.3,0.2,19,3201.0,,False,
2026-08-01T01:46:36.629223+00:00,21030.8,100.0,65.9,10702.1,0.2,19,3201.0,,False,
2026-08-01T01:46:57.125184+00:00,21051.3,100.0,66.0,10716.6,0.2,19,3201.0,,False,
2026-08-01T01:47:17.623805+00:00,21071.8,100.0,66.1,10727.2,0.2,19,3201.0,,False,
2026-08-01T01:47:38.169280+00:00,21092.4,100.0,66.0,10721.0,0.2,19,3201.0,,False,
2026-08-01T01:47:58.676451+00:00,21112.9,100.0,66.0,10706.6,0.2,19,3201.0,,False,
2026-08-01T01:48:19.370901+00:00,21133.6,100.0,66.0,10715.0,0.2,19,3201.0,,False,
2026-08-01T01:48:40.210130+00:00,21154.4,100.0,66.1,10732.4,0.2,19,3201.0,,False,
2026-08-01T01:49:00.693067+00:00,21174.9,100.0,66.1,10733.2,0.2,19,3201.0,,False,
2026-08-01T01:49:21.206953+00:00,21195.4,100.0,66.1,10732.6,0.2,19,3201.0,,False,
2026-08-01T01:49:41.754762+00:00,21215.9,100.0,66.1,10729.0,0.2,19,3201.0,,False,
2026-08-01T01:50:02.264255+00:00,21236.4,100.0,66.2,10742.1,0.2,19,3201.0,,False,
2026-08-01T01:50:22.777166+00:00,21257.0,100.0,66.3,10755.4,0.2,19,3201.0,,False,
2026-08-01T01:50:43.335306+00:00,21277.5,100.0,66.1,10727.5,0.2,19,3201.0,,False,
2026-08-01T01:51:03.882615+00:00,21298.1,100.0,66.0,10715.3,0.2,19,3201.0,,False,
2026-08-01T01:51:24.392588+00:00,21318.6,100.0,66.1,10725.9,0.2,19,3201.0,,False,
2026-08-01T01:51:44.927375+00:00,21339.1,100.0,66.1,10724.8,0.2,19,3201.0,,False,
2026-08-01T01:52:05.478143+00:00,21359.7,100.0,66.0,10709.4,0.2,19,3201.0,,False,
2026-08-01T01:52:26.064281+00:00,21380.2,100.0,66.4,10771.8,0.2,19,3201.0,,False,
2026-08-01T01:52:46.579141+00:00,21400.8,100.0,66.4,10784.5,0.2,19,3201.0,,False,
2026-08-01T01:53:07.126292+00:00,21421.3,100.0,66.5,10794.6,0.2,19,3201.0,,False,
2026-08-01T01:53:27.635823+00:00,21441.8,100.0,66.6,10806.7,0.2,19,3201.0,,False,
2026-08-01T01:53:48.176436+00:00,21462.4,100.0,66.5,10795.7,0.2,19,3201.0,,False,
2026-08-01T01:54:08.683473+00:00,21482.9,100.0,66.4,10780.4,0.2,19,3201.0,,False,
2026-08-01T01:54:29.224100+00:00,21503.4,100.0,65.8,10686.6,0.2,19,3201.0,,False,
2026-08-01T01:54:49.723066+00:00,21523.9,100.0,66.1,10728.3,0.2,19,3201.0,,False,
2026-08-01T01:55:10.246133+00:00,21544.4,100.0,66.1,10728.0,0.2,19,3201.0,,False,
2026-08-01T01:55:30.847389+00:00,21565.0,100.0,67.2,10915.2,0.2,19,3201.0,,False,
2026-08-01T01:55:51.341826+00:00,21585.5,100.0,67.4,10937.4,0.2,19,3201.0,,False,
2026-08-01T01:56:12.246872+00:00,21606.4,100.0,68.4,11108.6,0.2,19,3201.0,,False,
2026-08-01T01:56:32.989828+00:00,21627.2,100.0,67.3,10924.7,0.2,19,3201.0,,False,
2026-08-01T01:56:54.037277+00:00,21648.2,100.0,67.9,11017.4,0.2,19,3201.0,,False,
2026-08-01T01:57:14.599446+00:00,21668.8,100.0,67.2,10907.2,0.2,19,3201.0,,False,
2026-08-01T01:57:35.042706+00:00,21689.2,100.0,67.6,10973.4,0.2,19,3201.0,,False,
2026-08-01T01:57:55.625767+00:00,21709.8,100.0,67.6,10976.4,0.2,19,3201.0,,False,
2026-08-01T01:58:16.416211+00:00,21730.6,100.0,68.9,11178.4,0.2,19,3201.0,,False,
2026-08-01T01:58:36.928901+00:00,21751.1,100.0,67.8,11005.3,0.2,19,3201.0,,False,
2026-08-01T01:58:57.856080+00:00,21772.0,100.0,67.5,10961.1,0.2,19,3201.0,,False,
2026-08-01T01:59:18.807174+00:00,21793.0,100.0,67.9,11028.9,0.2,19,3201.0,,False,
2026-08-01T01:59:40.250340+00:00,21814.4,100.0,68.3,11094.7,0.2,19,3201.0,,False,
2026-08-01T02:00:00.984170+00:00,21835.2,100.0,67.8,11011.7,0.2,19,3201.0,,False,
2026-08-01T02:00:22.067790+00:00,21856.2,100.0,68.3,11091.8,0.2,19,3201.0,,False,
2026-08-01T02:00:42.835397+00:00,21877.0,100.0,68.0,11033.6,0.2,19,3201.0,,False,
2026-08-01T02:01:03.578298+00:00,21897.8,100.0,68.0,11037.1,0.2,19,3201.0,,False,
2026-08-01T02:01:24.092243+00:00,21918.3,100.0,67.6,10964.9,0.2,19,3201.0,,False,
2026-08-01T02:01:44.662847+00:00,21938.8,100.0,67.5,10952.5,0.2,19,3201.0,,False,
2026-08-01T02:02:05.189502+00:00,21959.4,100.0,67.5,10949.0,0.2,19,3201.0,,False,
2026-08-01T02:02:25.696487+00:00,21979.9,100.0,67.4,10945.7,0.2,19,3201.0,,False,
2026-08-01T02:02:46.351429+00:00,22000.5,100.0,67.2,10900.9,0.2,19,3201.0,,False,
2026-08-01T02:03:06.896279+00:00,22021.1,100.0,67.5,10951.8,0.2,19,3201.0,,False,
2026-08-01T02:03:27.389937+00:00,22041.6,100.0,67.2,10905.2,0.2,19,3201.0,,False,
2026-08-01T02:03:47.930276+00:00,22062.1,100.0,67.2,10901.5,0.2,19,3201.0,,False,
2026-08-01T02:04:08.462911+00:00,22082.6,100.0,67.0,10882.5,0.2,19,3201.0,,False,
2026-08-01T02:04:29.016197+00:00,22103.2,100.0,67.0,10882.6,0.2,19,3201.0,,False,
2026-08-01T02:04:49.746528+00:00,22123.9,100.0,67.9,11014.2,0.2,19,3201.0,,False,
2026-08-01T02:05:10.278330+00:00,22144.5,100.0,67.2,10900.3,0.2,19,3201.0,,False,
2026-08-01T02:05:30.833977+00:00,22165.0,100.0,66.9,10867.2,0.2,19,3201.0,,False,
2026-08-01T02:05:51.327927+00:00,22185.5,100.0,67.0,10868.5,0.2,19,3201.0,,False,
2026-08-01T02:06:11.890512+00:00,22206.1,100.0,66.9,10856.4,0.2,19,3201.0,,False,
2026-08-01T02:06:32.407530+00:00,22226.6,100.0,66.9,10855.5,0.2,19,3201.0,,False,
2026-08-01T02:06:52.911985+00:00,22247.1,100.0,66.9,10864.2,0.2,19,3201.0,,False,
2026-08-01T02:07:13.432596+00:00,22267.6,100.0,66.9,10853.6,0.2,19,3201.0,,False,
2026-08-01T02:07:34.334124+00:00,22288.5,100.0,66.9,10866.2,0.2,19,3201.0,,False,
2026-08-01T02:07:54.791858+00:00,22309.0,100.0,67.0,10872.0,0.2,19,3201.0,,False,
2026-08-01T02:08:15.307743+00:00,22329.5,100.0,67.2,10909.4,0.2,19,3201.0,,False,
2026-08-01T02:08:35.907075+00:00,22350.1,100.0,67.2,10904.9,0.2,19,3201.0,,False,
2026-08-01T02:08:56.406751+00:00,22370.6,100.0,67.2,10912.1,0.2,19,3201.0,,False,
2026-08-01T02:09:17.042831+00:00,22391.2,100.0,66.6,10814.8,0.3,19,3201.0,,False,
2026-08-01T02:09:37.604579+00:00,22411.8,100.0,66.7,10823.5,0.3,19,3201.0,,False,
2026-08-01T02:09:58.162805+00:00,22432.3,100.0,66.9,10867.4,0.3,19,3201.0,,False,
2026-08-01T02:10:18.686430+00:00,22452.9,100.0,66.9,10855.4,0.3,19,3201.0,,False,
2026-08-01T02:10:39.197210+00:00,22473.4,100.0,66.8,10847.5,0.3,19,3201.0,,False,
2026-08-01T02:11:00.067934+00:00,22494.2,100.0,66.8,10850.6,0.3,19,3201.0,,False,
2026-08-01T02:11:20.600175+00:00,22514.8,100.0,66.7,10830.5,0.3,19,3201.0,,False,
2026-08-01T02:11:41.123482+00:00,22535.3,100.0,66.7,10827.6,0.3,19,3201.0,,False,
2026-08-01T02:12:01.637555+00:00,22555.8,100.0,66.7,10826.9,0.3,19,3201.0,,False,
2026-08-01T02:12:22.164960+00:00,22576.3,100.0,66.7,10827.6,0.3,19,3201.0,,False,
2026-08-01T02:12:42.700626+00:00,22596.9,100.0,66.6,10818.4,0.3,19,3201.0,,False,
2026-08-01T02:13:03.214267+00:00,22617.4,100.0,66.5,10796.6,0.3,19,3201.0,,False,
2026-08-01T02:13:23.859667+00:00,22638.0,100.0,66.4,10773.7,0.3,19,3201.0,,False,
2026-08-01T02:13:44.364298+00:00,22658.5,100.0,66.4,10784.3,0.3,19,3201.0,,False,
2026-08-01T02:14:04.873364+00:00,22679.1,100.0,66.3,10758.2,0.3,19,3201.0,,False,
2026-08-01T02:14:25.446243+00:00,22699.6,100.0,66.3,10769.1,0.3,19,3201.0,,False,
2026-08-01T02:14:46.338126+00:00,22720.5,100.0,66.2,10738.3,0.3,19,3201.0,,False,
2026-08-01T02:15:06.916315+00:00,22741.1,100.0,66.1,10721.5,0.3,19,3201.0,,False,
2026-08-01T02:15:27.520458+00:00,22761.7,100.0,66.1,10736.2,0.3,19,3201.0,,False,
2026-08-01T02:15:48.043647+00:00,22782.2,100.0,66.2,10744.6,0.3,19,3201.0,,False,
2026-08-01T02:16:08.740301+00:00,22802.9,100.0,66.2,10739.2,0.3,19,3201.0,,False,
2026-08-01T02:16:29.283425+00:00,22823.5,100.0,66.2,10743.5,0.3,19,3201.0,,False,
2026-08-01T02:16:49.780269+00:00,22844.0,100.0,66.1,10726.3,0.3,19,3201.0,,False,
2026-08-01T02:17:10.377492+00:00,22864.6,100.0,66.0,10718.9,0.3,19,3201.0,,False,
2026-08-01T02:17:30.898495+00:00,22885.1,100.0,66.1,10725.5,0.3,19,3201.0,,False,
2026-08-01T02:17:51.440489+00:00,22905.6,100.0,67.3,10918.5,0.3,19,3201.0,,False,
2026-08-01T02:18:11.986014+00:00,22926.2,100.0,66.8,10850.3,0.3,19,3201.0,,False,
2026-08-01T02:18:32.644610+00:00,22946.8,100.0,66.9,10865.3,0.3,19,3201.0,,False,
2026-08-01T02:18:53.160556+00:00,22967.3,100.0,66.9,10866.8,0.3,19,3201.0,,False,
2026-08-01T02:19:13.650910+00:00,22987.8,100.0,66.9,10860.5,0.3,19,3201.0,,False,
2026-08-01T02:19:34.183101+00:00,23008.4,100.0,67.0,10868.8,0.3,19,3201.0,,False,
2026-08-01T02:19:55.041299+00:00,23029.2,100.0,67.1,10892.9,0.3,19,3201.0,,False,
2026-08-01T02:20:15.561439+00:00,23049.7,100.0,66.9,10866.1,0.3,19,3201.0,,False,
2026-08-01T02:20:36.090993+00:00,23070.3,100.0,67.0,10868.8,0.3,19,3201.0,,False,
2026-08-01T02:20:56.587461+00:00,23090.8,100.0,67.0,10873.5,0.3,19,3201.0,,False,
2026-08-01T02:21:17.122773+00:00,23111.3,100.0,66.9,10862.6,0.3,19,3201.0,,False,
2026-08-01T02:21:37.667466+00:00,23131.8,100.0,66.6,10813.6,0.3,19,3201.0,,False,
2026-08-01T02:21:58.169768+00:00,23152.4,100.0,66.5,10799.1,0.3,19,3201.0,,False,
2026-08-01T02:22:18.677590+00:00,23172.9,100.0,66.6,10815.9,0.3,19,3201.0,,False,
2026-08-01T02:22:39.202136+00:00,23193.4,100.0,66.9,10856.3,0.3,19,3201.0,,False,
2026-08-01T02:22:59.694672+00:00,23213.9,100.0,66.6,10815.1,0.3,19,3201.0,,False,
2026-08-01T02:23:20.210087+00:00,23234.4,100.0,66.7,10826.5,0.3,19,3201.0,,False,
2026-08-01T02:23:40.886777+00:00,23255.1,100.0,66.6,10814.8,0.3,19,3201.0,,False,
2026-08-01T02:24:01.459067+00:00,23275.6,100.0,66.7,10822.2,0.3,19,3201.0,,False,
2026-08-01T02:24:21.998207+00:00,23296.2,100.0,66.4,10780.6,0.3,19,3201.0,,False,
2026-08-01T02:24:42.522157+00:00,23316.7,100.0,66.5,10791.2,0.3,19,3201.0,,False,
2026-08-01T02:25:03.120428+00:00,23337.3,100.0,66.4,10771.5,0.3,19,3201.0,,False,
2026-08-01T02:25:23.681675+00:00,23357.9,100.0,66.1,10736.0,0.3,19,3201.0,,False,
2026-08-01T02:25:44.237951+00:00,23378.4,100.0,65.6,10645.6,0.3,19,3201.0,,False,
2026-08-01T02:26:04.770335+00:00,23399.0,100.0,65.6,10648.2,0.3,19,3201.0,,False,
2026-08-01T02:26:25.300184+00:00,23419.5,100.0,65.1,10569.3,0.3,19,3201.0,,False,
2026-08-01T02:26:45.815328+00:00,23440.0,100.0,64.9,10535.3,0.3,19,3201.0,,False,
2026-08-01T02:27:06.342238+00:00,23460.5,100.0,64.9,10530.1,0.3,19,3201.0,,False,
2026-08-01T02:27:26.849072+00:00,23481.0,100.0,64.6,10490.1,0.3,19,3201.0,,False,
2026-08-01T02:27:47.129391+00:00,23501.3,100.0,64.5,10471.3,0.3,19,3201.0,,False,
2026-08-01T02:28:07.885188+00:00,23522.1,100.0,64.5,10468.4,0.3,19,3201.0,,False,
2026-08-01T02:28:28.437528+00:00,23542.6,100.0,64.3,10439.9,0.3,19,3201.0,,False,
2026-08-01T02:28:48.928125+00:00,23563.1,100.0,64.4,10454.6,0.3,19,3201.0,,False,
2026-08-01T02:29:09.471027+00:00,23583.7,100.0,64.5,10471.6,0.3,19,3201.0,,False,
2026-08-01T02:29:30.293457+00:00,23604.5,100.0,64.9,10540.4,0.3,19,3201.0,,False,
2026-08-01T02:29:50.298913+00:00,23624.5,88.4,63.7,10335.2,0.3,19,3201.0,,False,
2026-08-01T02:30:10.304157+00:00,23644.5,88.0,63.5,10311.4,0.3,19,3201.0,,False,
2026-08-01T02:30:30.310441+00:00,23664.5,88.0,63.4,10294.7,0.3,19,3201.0,,False,
2026-08-01T02:30:50.315846+00:00,23684.5,88.2,63.4,10290.2,0.3,19,3201.0,,False,
2026-08-01T02:31:10.321538+00:00,23704.5,82.9,63.4,10287.2,0.3,19,3201.0,,False,
2026-08-01T02:31:30.326761+00:00,23724.5,82.9,63.5,10306.0,0.3,19,3201.0,,False,
2026-08-01T02:31:50.332784+00:00,23744.5,82.0,63.4,10293.0,0.3,19,3201.0,,False,
2026-08-01T02:32:10.337538+00:00,23764.5,75.9,63.4,10290.5,0.3,19,3201.0,,False,
2026-08-01T02:32:30.342579+00:00,23784.5,75.9,63.4,10287.0,0.3,19,3201.0,,False,
2026-08-01T02:32:50.347732+00:00,23804.5,75.8,63.4,10287.6,0.3,19,3201.0,,False,
2026-08-01T02:33:10.352926+00:00,23824.5,70.6,63.3,10274.6,0.3,19,3201.0,,False,
2026-08-01T02:33:30.356960+00:00,23844.5,70.8,63.3,10271.3,0.3,19,3201.0,,False,
2026-08-01T02:33:50.361843+00:00,23864.5,71.3,63.3,10279.1,0.3,19,3201.0,,False,
2026-08-01T02:34:10.366818+00:00,23884.5,65.5,63.4,10284.1,0.3,19,3201.0,,False,
2026-08-01T02:34:30.371689+00:00,23904.6,68.8,63.3,10282.8,0.3,19,3201.0,,False,
2026-08-01T02:34:50.375381+00:00,23924.6,59.2,63.6,10316.8,0.3,19,3201.0,,False,
2026-08-01T02:35:10.379389+00:00,23944.6,57.7,63.5,10302.5,0.3,19,3201.0,,False,
2026-08-01T02:35:30.384090+00:00,23964.6,57.0,63.4,10294.7,0.3,19,3201.0,,False,
2026-08-01T02:35:50.388196+00:00,23984.6,55.7,63.5,10309.6,0.3,19,3201.0,,False,
2026-08-01T02:36:10.392814+00:00,24004.6,50.9,63.6,10323.4,0.3,19,3201.0,,False,
2026-08-01T02:36:30.396810+00:00,24024.6,46.0,63.6,10315.8,0.3,19,3201.0,,False,
2026-08-01T02:36:50.401024+00:00,24044.6,45.3,63.6,10319.2,0.3,19,3201.0,,False,
2026-08-01T02:37:10.404362+00:00,24064.6,32.8,63.1,10238.9,0.3,19,3201.0,,False,
2026-08-01T02:37:30.408305+00:00,24084.6,25.7,63.0,10225.4,0.3,19,3201.0,,False,
2026-08-01T02:37:50.412624+00:00,24104.6,27.3,63.6,10324.1,0.3,19,3201.0,,False,
2026-08-01T02:38:10.416209+00:00,24124.6,25.9,63.5,10308.5,0.3,19,3201.0,,False,
2026-08-01T02:38:30.419703+00:00,24144.6,25.5,63.5,10307.0,0.3,19,3201.0,,False,
2026-08-01T02:38:50.422829+00:00,24164.6,28.5,63.6,10321.9,0.3,19,3201.0,,False,
2026-08-01T02:39:10.426464+00:00,24184.6,26.7,63.6,10321.4,0.3,19,3201.0,,False,
2026-08-01T02:39:30.429723+00:00,24204.6,25.7,63.7,10333.7,0.3,19,3201.0,,False,
2026-08-01T02:39:50.434107+00:00,24224.6,23.1,64.0,10387.3,0.3,19,3201.0,,False,
2026-08-01T02:40:10.437692+00:00,24244.6,13.7,63.9,10373.5,0.3,19,3201.0,,False,
2026-08-01T02:40:30.441440+00:00,24264.6,13.7,63.9,10364.4,0.3,19,3201.0,,False,
2026-08-01T02:40:50.445042+00:00,24284.6,14.5,63.9,10365.8,0.3,19,3201.0,,False,
2026-08-01T02:41:10.448485+00:00,24304.6,13.6,63.9,10379.5,0.3,19,3201.0,,False,
2026-08-01T02:41:30.453131+00:00,24324.6,13.6,63.9,10372.2,0.3,19,3201.0,,False,
2026-08-01T02:41:50.456822+00:00,24344.6,14.4,63.8,10361.6,0.3,19,3201.0,,False,
2026-08-01T02:42:10.460255+00:00,24364.6,7.5,63.9,10365.8,0.3,19,3201.0,,False,
2026-08-01T02:42:30.464526+00:00,24384.6,7.6,63.8,10358.2,0.3,19,3201.0,,False,
2026-08-01T02:42:50.467638+00:00,24404.6,29.2,54.1,8781.5,0.3,6,3201.0,,False,
2026-08-01T02:43:10.487710+00:00,24424.7,94.1,62.3,10111.8,0.3,17,3201.0,,False,
2026-08-01T02:43:31.038333+00:00,24445.2,100.0,64.5,10463.7,0.3,19,3201.0,,False,
2026-08-01T02:43:51.556778+00:00,24465.7,100.0,64.5,10463.2,0.3,19,3201.0,,False,
2026-08-01T02:44:12.055270+00:00,24486.2,100.0,64.3,10430.8,0.3,19,3201.0,,False,
2026-08-01T02:44:32.553129+00:00,24506.7,100.0,64.2,10426.6,0.3,19,3201.0,,False,
2026-08-01T02:44:53.074848+00:00,24527.3,100.0,64.5,10469.8,0.3,19,3201.0,,False,
2026-08-01T02:45:13.585668+00:00,24547.8,100.0,63.1,10249.3,0.3,19,3201.0,,False,
2026-08-01T02:45:34.076111+00:00,24568.3,100.0,63.2,10255.1,0.3,19,3201.0,,False,
2026-08-01T02:45:54.599003+00:00,24588.8,100.0,63.3,10276.5,0.3,19,3201.0,,False,
2026-08-01T02:46:15.107045+00:00,24609.3,100.0,63.2,10265.0,0.3,19,3201.0,,False,
2026-08-01T02:46:35.632726+00:00,24629.8,100.0,63.2,10263.4,0.3,19,3201.0,,False,
2026-08-01T02:46:56.142267+00:00,24650.3,100.0,63.2,10261.8,0.3,19,3201.0,,False,
2026-08-01T02:47:16.706285+00:00,24670.9,100.0,63.4,10287.6,0.3,19,3201.0,,False,
2026-08-01T02:47:37.204679+00:00,24691.4,100.0,63.3,10277.9,0.3,19,3201.0,,False,
2026-08-01T02:47:57.692610+00:00,24711.9,100.0,63.4,10298.4,0.3,19,3201.0,,False,
2026-08-01T02:48:18.203499+00:00,24732.4,100.0,63.5,10303.4,0.3,19,3201.0,,False,
2026-08-01T02:48:38.735733+00:00,24752.9,100.0,63.5,10300.9,0.3,19,3201.0,,False,
2026-08-01T02:48:59.280799+00:00,24773.5,100.0,63.5,10307.2,0.3,19,3201.0,,False,
2026-08-01T02:49:19.796599+00:00,24794.0,100.0,63.5,10299.8,0.3,19,3201.0,,False,
2026-08-01T02:49:40.332006+00:00,24814.5,100.0,63.6,10316.7,0.3,19,3201.0,,False,
2026-08-01T02:50:00.902365+00:00,24835.1,100.0,63.7,10334.1,0.3,19,3201.0,,False,
2026-08-01T02:50:21.441479+00:00,24855.6,100.0,63.7,10338.2,0.3,19,3201.0,,False,
2026-08-01T02:50:41.957134+00:00,24876.1,100.0,63.6,10330.5,0.3,19,3201.0,,False,
2026-08-01T02:51:02.481941+00:00,24896.7,100.0,63.6,10322.8,0.3,19,3201.0,,False,
2026-08-01T02:51:23.038451+00:00,24917.2,100.0,63.6,10319.3,0.3,19,3201.0,,False,
2026-08-01T02:51:43.534269+00:00,24937.7,100.0,63.5,10304.1,0.3,19,3201.0,,False,
2026-08-01T02:52:04.030030+00:00,24958.2,100.0,63.5,10302.9,0.3,19,3201.0,,False,
2026-08-01T02:52:24.541489+00:00,24978.7,100.0,63.5,10303.8,0.3,19,3201.0,,False,
2026-08-01T02:52:45.052394+00:00,24999.2,100.0,63.5,10308.6,0.3,19,3201.0,,False,
2026-08-01T02:53:05.534208+00:00,25019.7,100.0,63.5,10309.1,0.3,19,3201.0,,False,
2026-08-01T02:53:26.060084+00:00,25040.2,100.0,63.5,10307.4,0.3,19,3201.0,,False,
2026-08-01T02:53:46.568855+00:00,25060.8,100.0,63.6,10320.4,0.3,19,3201.0,,False,
2026-08-01T02:54:07.072202+00:00,25081.3,100.0,63.4,10299.0,0.3,19,3201.0,,False,
2026-08-01T02:54:27.570325+00:00,25101.8,100.0,63.4,10288.2,0.3,19,3201.0,,False,
2026-08-01T02:54:48.160951+00:00,25122.3,100.0,63.7,10335.9,0.3,19,3201.0,,False,
2026-08-01T02:55:08.657147+00:00,25142.8,100.0,63.7,10345.3,0.3,19,3201.0,,False,
2026-08-01T02:55:29.175370+00:00,25163.4,100.0,63.8,10352.1,0.3,19,3201.0,,False,
2026-08-01T02:55:49.702594+00:00,25183.9,100.0,63.7,10346.7,0.3,19,3201.0,,False,
2026-08-01T02:56:10.189391+00:00,25204.4,100.0,63.8,10355.5,0.3,19,3201.0,,False,
2026-08-01T02:56:30.683582+00:00,25224.9,100.0,63.8,10352.8,0.3,19,3201.0,,False,
2026-08-01T02:56:51.219889+00:00,25245.4,100.0,63.8,10351.7,0.3,19,3201.0,,False,
2026-08-01T02:57:11.728861+00:00,25265.9,100.0,63.8,10357.2,0.3,19,3201.0,,False,
2026-08-01T02:57:32.234807+00:00,25286.4,100.0,63.8,10352.5,0.3,19,3201.0,,False,
2026-08-01T02:57:52.522548+00:00,25306.7,100.0,63.7,10340.6,0.3,19,3201.0,,False,
2026-08-01T02:58:13.073408+00:00,25327.3,100.0,63.6,10316.7,0.3,19,3201.0,,False,
2026-08-01T02:58:33.601157+00:00,25347.8,100.0,63.7,10336.0,0.3,19,3201.0,,False,
2026-08-01T02:58:54.091316+00:00,25368.3,100.0,63.6,10329.1,0.3,19,3201.0,,False,
2026-08-01T02:59:14.644972+00:00,25388.8,100.0,63.8,10350.5,0.3,19,3201.0,,False,
2026-08-01T02:59:35.196921+00:00,25409.4,100.0,63.8,10354.4,0.3,19,3201.0,,False,
2026-08-01T02:59:55.715423+00:00,25429.9,100.0,63.9,10370.3,0.3,19,3201.0,,False,
2026-08-01T03:00:16.622505+00:00,25450.8,100.0,64.3,10431.1,0.3,19,3201.0,,False,
2026-08-01T03:00:37.130847+00:00,25471.3,100.0,64.5,10477.1,0.3,19,3201.0,,False,
2026-08-01T03:00:57.677051+00:00,25491.9,100.0,64.5,10477.1,0.3,19,3201.0,,False,
2026-08-01T03:01:18.196529+00:00,25512.4,100.0,64.3,10429.4,0.3,19,3201.0,,False,
2026-08-01T03:01:38.710477+00:00,25532.9,100.0,64.0,10383.9,0.3,19,3201.0,,False,
2026-08-01T03:01:59.214685+00:00,25553.4,100.0,64.1,10410.8,0.3,19,3201.0,,False,
2026-08-01T03:02:19.732937+00:00,25573.9,100.0,64.3,10430.3,0.3,19,3201.0,,False,
2026-08-01T03:02:40.269611+00:00,25594.5,100.0,64.2,10415.4,0.3,19,3201.0,,False,
2026-08-01T03:03:00.788061+00:00,25615.0,100.0,64.2,10416.0,0.3,19,3201.0,,False,
2026-08-01T03:03:21.279133+00:00,25635.5,100.0,64.2,10423.8,0.3,19,3201.0,,False,
2026-08-01T03:03:41.871579+00:00,25656.1,100.0,64.4,10453.2,0.3,19,3201.0,,False,
2026-08-01T03:04:02.357988+00:00,25676.5,100.0,64.5,10462.6,0.3,19,3201.0,,False,
2026-08-01T03:04:22.856472+00:00,25697.0,100.0,64.5,10462.8,0.3,19,3201.0,,False,
2026-08-01T03:04:43.493581+00:00,25717.7,100.0,64.4,10454.9,0.3,19,3201.0,,False,
2026-08-01T03:05:03.999691+00:00,25738.2,100.0,64.4,10454.2,0.3,19,3201.0,,False,
2026-08-01T03:05:24.567412+00:00,25758.7,100.0,64.4,10451.7,0.3,19,3201.0,,False,
2026-08-01T03:05:45.099715+00:00,25779.3,100.0,64.4,10446.0,0.3,19,3201.0,,False,
2026-08-01T03:06:05.644703+00:00,25799.8,100.0,64.3,10438.3,0.3,19,3201.0,,False,
2026-08-01T03:06:26.372590+00:00,25820.6,100.0,65.3,10604.6,0.3,19,3201.0,,False,
2026-08-01T03:06:47.061227+00:00,25841.2,100.0,64.9,10531.5,0.3,19,3201.0,,False,
2026-08-01T03:07:07.734081+00:00,25861.9,100.0,65.4,10612.4,0.3,19,3201.0,,False,
2026-08-01T03:07:28.380931+00:00,25882.6,100.0,66.1,10726.6,0.3,19,3201.0,,False,
2026-08-01T03:07:49.701589+00:00,25903.9,100.0,65.9,10705.0,0.3,19,3201.0,,False,
2026-08-01T03:08:10.379842+00:00,25924.6,100.0,65.9,10693.4,0.3,19,3201.0,,False,
2026-08-01T03:08:31.116343+00:00,25945.3,100.0,65.4,10615.5,0.3,19,3201.0,,False,
2026-08-01T03:08:51.816306+00:00,25966.0,100.0,66.4,10774.6,0.3,19,3201.0,,False,
2026-08-01T03:09:12.884744+00:00,25987.1,100.0,65.5,10637.8,0.3,19,3201.0,,False,
2026-08-01T03:09:34.415058+00:00,26008.6,100.0,65.4,10618.4,0.3,19,3201.0,,False,
2026-08-01T03:09:55.368726+00:00,26029.6,100.0,65.8,10672.9,0.3,19,3201.0,,False,
2026-08-01T03:10:17.320802+00:00,26051.5,100.0,65.7,10659.6,0.3,20,3201.0,,False,
2026-08-01T03:10:38.783870+00:00,26073.0,100.0,65.7,10669.4,0.3,21,3201.0,,False,
2026-08-01T03:10:59.463333+00:00,26093.6,100.0,65.2,10576.0,0.3,21,3201.0,,False,
2026-08-01T03:11:20.003850+00:00,26114.2,100.0,65.4,10621.9,0.3,21,3201.0,,False,
2026-08-01T03:11:40.519220+00:00,26134.7,100.0,65.2,10588.8,0.3,21,3201.0,,False,
2026-08-01T03:12:01.039041+00:00,26155.2,100.0,65.2,10577.1,0.3,21,3201.0,,False,
2026-08-01T03:12:21.522644+00:00,26175.7,100.0,64.9,10528.3,0.3,21,3201.0,,False,
2026-08-01T03:12:42.081904+00:00,26196.3,100.0,64.6,10482.3,0.3,21,3201.0,,False,
2026-08-01T03:13:02.628388+00:00,26216.8,100.0,64.6,10489.8,0.3,21,3201.0,,False,
2026-08-01T03:13:23.157531+00:00,26237.3,100.0,64.5,10469.8,0.3,21,3201.0,,False,
2026-08-01T03:13:43.705402+00:00,26257.9,100.0,64.5,10472.4,0.3,21,3201.0,,False,
2026-08-01T03:14:04.471566+00:00,26278.7,100.0,64.6,10484.8,0.3,21,3201.0,,False,
2026-08-01T03:14:25.001346+00:00,26299.2,100.0,64.3,10431.7,0.3,21,3201.0,,False,
2026-08-01T03:14:45.615619+00:00,26319.8,100.0,64.1,10410.5,0.4,21,3201.0,,False,
2026-08-01T03:15:06.136083+00:00,26340.3,100.0,64.0,10387.2,0.4,21,3201.0,,False,
2026-08-01T03:15:26.712054+00:00,26360.9,100.0,64.1,10405.7,0.4,21,3201.0,,False,
2026-08-01T03:15:47.237257+00:00,26381.4,100.0,64.4,10448.8,0.4,21,3201.0,,False,
2026-08-01T03:16:07.789656+00:00,26402.0,100.0,64.3,10440.4,0.4,21,3201.0,,False,
2026-08-01T03:16:28.317052+00:00,26422.5,100.0,64.3,10434.4,0.4,21,3201.0,,False,
2026-08-01T03:16:48.850194+00:00,26443.0,100.0,64.4,10452.6,0.4,21,3201.0,,False,
2026-08-01T03:17:09.380370+00:00,26463.6,100.0,64.3,10429.6,0.4,21,3201.0,,False,
2026-08-01T03:17:29.897086+00:00,26484.1,100.0,64.3,10438.0,0.4,21,3201.0,,False,
2026-08-01T03:17:50.399828+00:00,26504.6,100.0,64.5,10464.3,0.4,21,3201.0,,False,
2026-08-01T03:18:11.011360+00:00,26525.2,100.0,64.4,10460.0,0.4,21,3201.0,,False,
2026-08-01T03:18:31.532386+00:00,26545.7,100.0,64.4,10461.6,0.4,21,3201.0,,False,
2026-08-01T03:18:52.066318+00:00,26566.2,100.0,64.5,10468.4,0.4,21,3201.0,,False,
2026-08-01T03:19:12.940967+00:00,26587.1,100.0,64.6,10484.8,0.4,21,3201.0,,False,
2026-08-01T03:19:33.614445+00:00,26607.8,100.0,64.5,10462.6,0.4,21,3201.0,,False,
2026-08-01T03:19:54.205932+00:00,26628.4,100.0,64.5,10471.9,0.4,21,3201.0,,False,
2026-08-01T03:20:15.102667+00:00,26649.3,100.0,64.6,10487.3,0.4,21,3201.0,,False,
2026-08-01T03:20:35.960399+00:00,26670.1,100.0,64.6,10491.2,0.4,21,3201.0,,False,
2026-08-01T03:20:56.486258+00:00,26690.7,100.0,64.5,10463.1,0.4,21,3201.0,,False,
2026-08-01T03:21:16.976514+00:00,26711.2,100.0,64.4,10458.8,0.4,21,3201.0,,False,
2026-08-01T03:21:37.635777+00:00,26731.8,100.0,64.6,10478.6,0.4,21,3201.0,,False,
2026-08-01T03:21:58.165622+00:00,26752.3,100.0,64.5,10463.9,0.4,21,3201.0,,False,
2026-08-01T03:22:18.692162+00:00,26772.9,100.0,64.4,10451.3,0.4,21,3201.0,,False,
2026-08-01T03:22:39.224782+00:00,26793.4,100.0,64.6,10482.1,0.4,21,3201.0,,False,
2026-08-01T03:22:59.765907+00:00,26813.9,100.0,64.4,10450.5,0.4,21,3201.0,,False,
2026-08-01T03:23:20.688805+00:00,26834.9,100.0,64.5,10471.1,0.4,21,3201.0,,False,
2026-08-01T03:23:41.259695+00:00,26855.4,100.0,64.6,10482.5,0.4,21,3201.0,,False,
2026-08-01T03:24:01.820059+00:00,26876.0,100.0,64.5,10466.5,0.4,21,3201.0,,False,
2026-08-01T03:24:22.348224+00:00,26896.5,100.0,64.1,10402.0,0.4,21,3201.0,,False,
2026-08-01T03:24:42.918324+00:00,26917.1,100.0,64.2,10416.5,0.4,21,3201.0,,False,
2026-08-01T03:25:03.472876+00:00,26937.7,100.0,64.1,10398.2,0.4,21,3201.0,,False,
2026-08-01T03:25:24.007653+00:00,26958.2,100.0,63.9,10379.3,0.4,21,3201.0,,False,
2026-08-01T03:25:44.557139+00:00,26978.7,100.0,64.0,10389.2,0.4,21,3201.0,,False,
2026-08-01T03:26:05.073198+00:00,26999.3,100.0,64.1,10397.8,0.4,21,3201.0,,False,
2026-08-01T03:26:25.608179+00:00,27019.8,100.0,64.1,10412.0,0.4,21,3201.0,,False,
2026-08-01T03:26:46.192610+00:00,27040.4,100.0,64.3,10441.8,0.4,21,3201.0,,False,
2026-08-01T03:27:06.718356+00:00,27060.9,100.0,64.2,10422.5,0.4,21,3201.0,,False,
2026-08-01T03:27:27.248115+00:00,27081.4,100.0,64.3,10429.7,0.4,21,3201.0,,False,
2026-08-01T03:27:47.754042+00:00,27101.9,100.0,64.3,10432.1,0.4,21,3201.0,,False,
2026-08-01T03:28:08.053784+00:00,27122.2,100.0,64.3,10442.3,0.4,21,3201.0,,False,
2026-08-01T03:28:28.608717+00:00,27142.8,100.0,64.1,10400.4,0.4,21,3201.0,,False,
2026-08-01T03:28:49.169138+00:00,27163.4,100.0,64.2,10418.5,0.4,21,3201.0,,False,
2026-08-01T03:29:09.677539+00:00,27183.9,100.0,64.0,10381.7,0.4,21,3201.0,,False,
2026-08-01T03:29:30.212956+00:00,27204.4,100.0,64.0,10388.7,0.4,21,3201.0,,False,
2026-08-01T03:29:51.092115+00:00,27225.3,100.0,64.2,10427.9,0.4,21,3201.0,,False,
2026-08-01T03:30:11.594318+00:00,27245.8,100.0,64.3,10432.8,0.4,21,3201.0,,False,
2026-08-01T03:30:32.086795+00:00,27266.3,100.0,64.1,10406.5,0.4,21,3201.0,,False,
2026-08-01T03:30:52.595932+00:00,27286.8,100.0,64.1,10409.9,0.4,21,3201.0,,False,
2026-08-01T03:31:13.113505+00:00,27307.3,100.0,64.1,10401.5,0.4,21,3201.0,,False,
2026-08-01T03:31:33.634876+00:00,27327.8,100.0,64.1,10401.8,0.4,21,3201.0,,False,
2026-08-01T03:31:54.160398+00:00,27348.3,100.0,64.1,10401.3,0.4,21,3201.0,,False,
2026-08-01T03:32:14.668572+00:00,27368.9,100.0,64.1,10396.9,0.4,21,3201.0,,False,
2026-08-01T03:32:35.185145+00:00,27389.4,100.0,64.1,10403.5,0.4,21,3201.0,,False,
2026-08-01T03:32:55.718502+00:00,27409.9,100.0,64.1,10401.1,0.4,21,3201.0,,False,
2026-08-01T03:33:16.247319+00:00,27430.4,100.0,64.0,10392.6,0.4,21,3201.0,,False,
2026-08-01T03:33:36.748273+00:00,27450.9,100.0,63.9,10369.9,0.4,21,3201.0,,False,
2026-08-01T03:33:57.260692+00:00,27471.4,100.0,64.0,10392.4,0.4,21,3201.0,,False,
2026-08-01T03:34:17.817033+00:00,27492.0,100.0,63.9,10377.6,0.4,21,3201.0,,False,
2026-08-01T03:34:38.419494+00:00,27512.6,100.0,63.9,10379.2,0.4,21,3201.0,,False,
2026-08-01T03:34:59.111472+00:00,27533.3,100.0,64.1,10405.4,0.4,21,3201.0,,False,
2026-08-01T03:35:19.739783+00:00,27553.9,100.0,64.0,10393.0,0.4,21,3201.0,,False,
2026-08-01T03:35:40.264241+00:00,27574.4,100.0,64.0,10382.8,0.4,21,3201.0,,False,
2026-08-01T03:36:00.812723+00:00,27595.0,100.0,64.0,10390.4,0.4,21,3201.0,,False,
2026-08-01T03:36:21.570800+00:00,27615.8,100.0,63.9,10375.4,0.4,21,3201.0,,False,
2026-08-01T03:36:42.205394+00:00,27636.4,100.0,63.9,10370.1,0.4,21,3201.0,,False,
2026-08-01T03:37:02.702102+00:00,27656.9,100.0,63.8,10352.9,0.4,21,3201.0,,False,
2026-08-01T03:37:23.382245+00:00,27677.6,100.0,63.8,10363.5,0.4,21,3201.0,,False,
2026-08-01T03:37:44.009003+00:00,27698.2,100.0,63.8,10358.8,0.4,21,3201.0,,False,
2026-08-01T03:38:04.523747+00:00,27718.7,100.0,64.0,10381.9,0.4,21,3201.0,,False,
2026-08-01T03:38:25.269992+00:00,27739.5,100.0,64.1,10405.3,0.4,21,3201.0,,False,
2026-08-01T03:38:45.953696+00:00,27760.1,100.0,64.1,10402.0,0.4,21,3201.0,,False,
2026-08-01T03:39:06.453727+00:00,27780.6,100.0,64.0,10396.7,0.4,21,3201.0,,False,
2026-08-01T03:39:26.975246+00:00,27801.2,100.0,64.2,10425.3,0.4,21,3201.0,,False,
2026-08-01T03:39:47.586016+00:00,27821.8,100.0,64.4,10446.1,0.4,21,3201.0,,False,
2026-08-01T03:40:07.748830+00:00,27841.9,100.0,63.6,10316.9,0.4,21,3201.0,,False,
2026-08-01T03:40:27.761503+00:00,27861.9,96.1,63.3,10283.1,0.4,21,3201.0,,False,
2026-08-01T03:40:47.822547+00:00,27882.0,89.5,63.3,10276.9,0.4,21,3201.0,,False,
2026-08-01T03:41:07.828150+00:00,27902.0,83.2,63.2,10256.1,0.4,21,3201.0,,False,
2026-08-01T03:41:27.833553+00:00,27922.0,82.9,63.1,10244.5,0.4,21,3201.0,,False,
2026-08-01T03:41:47.839045+00:00,27942.0,82.3,63.1,10243.7,0.4,21,3201.0,,False,
2026-08-01T03:42:07.844105+00:00,27962.0,77.7,63.1,10240.1,0.4,21,3201.0,,False,
2026-08-01T03:42:27.849097+00:00,27982.0,71.7,63.3,10272.4,0.4,21,3201.0,,False,
2026-08-01T03:42:47.854250+00:00,28002.0,69.2,63.2,10254.1,0.4,21,3201.0,,False,
2026-08-01T03:43:07.858310+00:00,28022.0,70.0,63.1,10236.3,0.4,21,3201.0,,False,
2026-08-01T03:43:27.862931+00:00,28042.0,71.7,63.1,10244.6,0.4,21,3201.0,,False,
2026-08-01T03:43:47.867075+00:00,28062.0,71.3,63.2,10256.6,0.4,21,3201.0,,False,
2026-08-01T03:44:07.871173+00:00,28082.1,60.1,63.3,10276.0,0.4,21,3201.0,,False,
2026-08-01T03:44:27.876029+00:00,28102.1,59.7,63.2,10259.2,0.4,21,3201.0,,False,
2026-08-01T03:44:47.880538+00:00,28122.1,61.5,63.3,10272.9,0.4,21,3201.0,,False,
2026-08-01T03:45:07.885520+00:00,28142.1,59.8,63.1,10247.6,0.4,21,3201.0,,False,
2026-08-01T03:45:27.889540+00:00,28162.1,57.9,63.1,10241.9,0.4,21,3201.0,,False,
2026-08-01T03:45:47.893800+00:00,28182.1,57.4,63.2,10256.1,0.4,21,3201.0,,False,
2026-08-01T03:46:07.897516+00:00,28202.1,51.3,63.2,10261.5,0.4,21,3201.0,,False,
2026-08-01T03:46:27.900905+00:00,28222.1,52.3,63.3,10276.8,0.4,21,3201.0,,False,
2026-08-01T03:46:47.904826+00:00,28242.1,44.3,63.2,10263.1,0.4,21,3201.0,,False,
2026-08-01T03:47:07.908862+00:00,28262.1,46.6,62.9,10206.2,0.4,21,3201.0,,False,
2026-08-01T03:47:27.912594+00:00,28282.1,38.2,63.0,10231.6,0.4,21,3201.0,,False,
2026-08-01T03:47:47.916080+00:00,28302.1,39.8,63.1,10245.1,0.4,21,3201.0,,False,
2026-08-01T03:48:07.920232+00:00,28322.1,42.6,63.0,10229.4,0.4,21,3201.0,,False,
2026-08-01T03:48:27.923508+00:00,28342.1,31.4,63.1,10250.3,0.4,21,3201.0,,False,
2026-08-01T03:48:47.927145+00:00,28362.1,32.8,63.4,10286.3,0.4,21,3201.0,,False,
2026-08-01T03:49:07.930534+00:00,28382.1,25.9,63.3,10281.4,0.4,21,3201.0,,False,
2026-08-01T03:49:27.934040+00:00,28402.1,20.4,63.3,10267.3,0.4,21,3201.0,,False,
2026-08-01T03:49:47.937386+00:00,28422.1,34.2,63.3,10269.0,0.4,21,3201.0,,False,
2026-08-01T03:50:07.940834+00:00,28442.1,19.7,63.1,10250.2,0.4,21,3201.0,,False,
2026-08-01T03:50:27.944016+00:00,28462.1,19.6,63.2,10257.3,0.4,21,3201.0,,False,
2026-08-01T03:50:47.946898+00:00,28482.1,14.6,63.4,10284.9,0.4,21,3201.0,,False,
2026-08-01T03:51:07.949965+00:00,28502.1,14.5,63.4,10285.8,0.4,21,3201.0,,False,
2026-08-01T03:51:27.954105+00:00,28522.1,13.5,63.1,10245.1,0.4,21,3201.0,,False,
2026-08-01T03:51:47.957524+00:00,28542.1,7.6,63.2,10261.7,0.4,21,3201.0,,False,
2026-08-01T03:52:07.960661+00:00,28562.1,7.3,63.1,10250.4,0.4,21,3201.0,,False,
2026-08-01T03:52:27.963599+00:00,28582.1,19.1,52.3,8485.9,0.4,6,3201.0,,False,
2026-08-01T03:52:47.969188+00:00,28602.2,84.5,61.2,9928.3,0.4,18,3201.0,,False,
2026-08-01T03:53:08.489943+00:00,28622.7,100.0,64.0,10393.9,0.4,21,3201.0,,False,
2026-08-01T03:53:29.008242+00:00,28643.2,100.0,64.1,10401.7,0.4,21,3201.0,,False,
2026-08-01T03:53:49.556980+00:00,28663.7,100.0,63.8,10356.9,0.4,21,3201.0,,False,
2026-08-01T03:54:10.057982+00:00,28684.2,100.0,63.7,10346.4,0.4,21,3201.0,,False,
2026-08-01T03:54:30.540799+00:00,28704.7,100.0,63.8,10351.1,0.4,21,3201.0,,False,
2026-08-01T03:54:51.075118+00:00,28725.3,100.0,63.9,10378.6,0.4,21,3201.0,,False,
2026-08-01T03:55:11.593672+00:00,28745.8,100.0,64.2,10424.8,0.4,21,3201.0,,False,
2026-08-01T03:55:32.102318+00:00,28766.3,100.0,62.8,10200.4,0.4,21,3201.0,,False,
2026-08-01T03:55:52.628591+00:00,28786.8,100.0,63.0,10221.9,0.4,21,3201.0,,False,
2026-08-01T03:56:13.313869+00:00,28807.5,100.0,63.1,10242.2,0.4,21,3201.0,,False,
2026-08-01T03:56:33.806878+00:00,28828.0,100.0,63.1,10237.1,0.4,21,3201.0,,False,
2026-08-01T03:56:54.332454+00:00,28848.5,100.0,63.0,10230.4,0.4,21,3201.0,,False,
2026-08-01T03:57:14.842356+00:00,28869.0,100.0,62.9,10218.2,0.4,21,3201.0,,False,
2026-08-01T03:57:35.404737+00:00,28889.6,100.0,63.0,10228.7,0.4,21,3201.0,,False,
2026-08-01T03:57:55.932306+00:00,28910.1,100.0,63.2,10254.2,0.4,21,3201.0,,False,
2026-08-01T03:58:16.199038+00:00,28930.4,100.0,63.1,10249.6,0.4,21,3201.0,,False,
2026-08-01T03:58:36.833659+00:00,28951.0,100.0,63.1,10250.3,0.4,21,3201.0,,False,
2026-08-01T03:58:57.357542+00:00,28971.5,100.0,63.2,10251.1,0.4,21,3201.0,,False,
2026-08-01T03:59:17.940731+00:00,28992.1,100.0,63.1,10244.6,0.4,21,3201.0,,False,
2026-08-01T03:59:38.456417+00:00,29012.6,100.0,63.2,10264.6,0.4,21,3201.0,,False,
2026-08-01T03:59:58.951292+00:00,29033.1,100.0,63.2,10257.4,0.4,21,3201.0,,False,
2026-08-01T04:00:19.471227+00:00,29053.7,100.0,63.6,10328.5,0.4,21,3201.0,,False,
2026-08-01T04:00:40.208046+00:00,29074.4,100.0,64.5,10467.6,0.4,21,3201.0,,False,
2026-08-01T04:01:00.819041+00:00,29095.0,100.0,65.2,10583.1,0.4,21,3201.0,,False,
2026-08-01T04:01:21.407535+00:00,29115.6,100.0,64.8,10520.5,0.4,21,3201.0,,False,
2026-08-01T04:01:41.922747+00:00,29136.1,100.0,64.8,10510.7,0.4,21,3201.0,,False,
2026-08-01T04:02:02.445529+00:00,29156.6,100.0,64.7,10498.9,0.4,21,3201.0,,False,
2026-08-01T04:02:22.987020+00:00,29177.2,100.0,64.7,10498.8,0.4,21,3201.0,,False,
2026-08-01T04:02:43.475715+00:00,29197.7,100.0,64.7,10507.1,0.4,21,3201.0,,False,
2026-08-01T04:03:04.026084+00:00,29218.2,100.0,64.7,10507.7,0.4,21,3201.0,,False,
2026-08-01T04:03:24.540945+00:00,29238.7,100.0,64.8,10510.8,0.4,21,3201.0,,False,
2026-08-01T04:03:45.078154+00:00,29259.3,100.0,64.8,10519.8,0.4,21,3201.0,,False,
2026-08-01T04:04:05.616493+00:00,29279.8,100.0,64.8,10513.8,0.4,21,3201.0,,False,
2026-08-01T04:04:26.185917+00:00,29300.4,100.0,64.8,10513.4,0.4,21,3201.0,,False,
2026-08-01T04:04:46.725037+00:00,29320.9,100.0,64.9,10526.7,0.4,21,3201.0,,False,
2026-08-01T04:05:07.228406+00:00,29341.4,100.0,64.8,10513.4,0.4,21,3201.0,,False,
2026-08-01T04:05:27.867870+00:00,29362.0,100.0,64.8,10513.2,0.4,21,3201.0,,False,
2026-08-01T04:05:48.358276+00:00,29382.5,100.0,64.8,10521.8,0.4,21,3201.0,,False,
2026-08-01T04:06:08.886300+00:00,29403.1,100.0,64.9,10537.2,0.4,21,3201.0,,False,
2026-08-01T04:06:29.548275+00:00,29423.7,100.0,64.8,10522.3,0.4,21,3201.0,,False,
2026-08-01T04:06:50.109401+00:00,29444.3,100.0,64.7,10501.6,0.4,21,3201.0,,False,
2026-08-01T04:07:10.636068+00:00,29464.8,100.0,64.7,10503.5,0.4,21,3201.0,,False,
2026-08-01T04:07:31.490317+00:00,29485.7,100.0,64.8,10515.7,0.4,21,3201.0,,False,
2026-08-01T04:07:52.236360+00:00,29506.4,100.0,64.8,10523.6,0.4,21,3201.0,,False,
2026-08-01T04:08:12.869334+00:00,29527.1,100.0,65.0,10547.7,0.4,21,3201.0,,False,
2026-08-01T04:08:33.847086+00:00,29548.0,100.0,65.3,10605.0,0.4,21,3201.0,,False,
2026-08-01T04:08:54.580074+00:00,29568.8,100.0,65.0,10544.2,0.4,21,3201.0,,False,
2026-08-01T04:09:15.084744+00:00,29589.3,100.0,64.8,10517.4,0.4,21,3201.0,,False,
2026-08-01T04:09:35.653760+00:00,29609.8,100.0,64.6,10492.0,0.4,21,3201.0,,False,
2026-08-01T04:09:56.632304+00:00,29630.8,100.0,65.0,10556.3,0.4,21,3201.0,,False,
2026-08-01T04:10:17.141010+00:00,29651.3,100.0,65.0,10552.1,0.4,21,3201.0,,False,
2026-08-01T04:10:37.766145+00:00,29671.9,100.0,65.4,10608.5,0.4,21,3201.0,,False,
2026-08-01T04:10:58.673080+00:00,29692.9,100.0,65.8,10673.6,0.4,21,3201.0,,False,
2026-08-01T04:11:19.207769+00:00,29713.4,100.0,66.1,10728.3,0.4,21,3201.0,,False,
2026-08-01T04:11:39.743004+00:00,29733.9,100.0,66.1,10732.6,0.4,21,3201.0,,False,
2026-08-01T04:12:00.413952+00:00,29754.6,100.0,66.0,10720.0,0.4,21,3201.0,,False,
2026-08-01T04:12:20.973052+00:00,29775.2,100.0,66.0,10710.3,0.4,21,3201.0,,False,
2026-08-01T04:12:41.508699+00:00,29795.7,100.0,66.0,10714.2,0.4,21,3201.0,,False,
2026-08-01T04:13:02.041817+00:00,29816.2,100.0,66.1,10729.7,0.4,21,3201.0,,False,
2026-08-01T04:13:22.853152+00:00,29837.0,100.0,66.1,10735.2,0.4,21,3201.0,,False,
2026-08-01T04:13:43.525723+00:00,29857.7,100.0,66.1,10728.0,0.4,21,3201.0,,False,
2026-08-01T04:14:04.038404+00:00,29878.2,100.0,66.1,10730.0,0.4,21,3201.0,,False,
2026-08-01T04:14:24.593736+00:00,29898.8,100.0,66.1,10724.0,0.4,21,3201.0,,False,
2026-08-01T04:14:45.169764+00:00,29919.4,100.0,66.4,10773.1,0.4,21,3201.0,,False,
2026-08-01T04:15:05.718068+00:00,29939.9,100.0,66.4,10782.3,0.4,21,3201.0,,False,
2026-08-01T04:15:26.636250+00:00,29960.8,100.0,66.4,10776.9,0.4,21,3201.0,,False,
2026-08-01T04:15:47.176194+00:00,29981.4,100.0,66.4,10777.7,0.4,21,3201.0,,False,
2026-08-01T04:16:07.726289+00:00,30001.9,100.0,66.2,10750.9,0.4,21,3201.0,,False,
2026-08-01T04:16:28.237145+00:00,30022.4,100.0,66.0,10719.1,0.4,21,3201.0,,False,
2026-08-01T04:16:48.735053+00:00,30042.9,100.0,66.1,10736.5,0.4,21,3201.0,,False,
2026-08-01T04:17:09.588916+00:00,30063.8,100.0,66.1,10722.0,0.4,21,3201.0,,False,
2026-08-01T04:17:30.127282+00:00,30084.3,100.0,66.1,10725.2,0.4,21,3201.0,,False,
2026-08-01T04:17:50.673439+00:00,30104.9,100.0,66.1,10723.6,0.4,21,3201.0,,False,
2026-08-01T04:18:11.229582+00:00,30125.4,100.0,66.0,10719.6,0.4,21,3201.0,,False,
2026-08-01T04:18:31.781708+00:00,30146.0,100.0,66.0,10713.7,0.4,21,3201.0,,False,
2026-08-01T04:18:52.288332+00:00,30166.5,100.0,66.2,10737.7,0.4,21,3201.0,,False,
2026-08-01T04:19:12.792808+00:00,30187.0,100.0,66.2,10743.9,0.4,21,3201.0,,False,
2026-08-01T04:19:33.316835+00:00,30207.5,100.0,66.0,10720.3,0.4,21,3201.0,,False,
2026-08-01T04:19:53.812190+00:00,30228.0,100.0,66.0,10716.4,0.4,21,3201.0,,False,
2026-08-01T04:20:14.495214+00:00,30248.7,100.0,65.9,10700.5,0.4,21,3201.0,,False,
2026-08-01T04:20:35.047995+00:00,30269.2,100.0,66.1,10723.2,0.4,21,3201.0,,False,
2026-08-01T04:20:55.544422+00:00,30289.7,100.0,66.0,10720.1,0.4,21,3201.0,,False,
2026-08-01T04:21:16.250592+00:00,30310.4,100.0,66.1,10722.4,0.4,21,3201.0,,False,
2026-08-01T04:21:36.801397+00:00,30331.0,100.0,65.9,10689.1,0.4,21,3201.0,,False,
2026-08-01T04:21:57.322372+00:00,30351.5,100.0,65.8,10686.7,0.4,21,3201.0,,False,
2026-08-01T04:22:17.848044+00:00,30372.0,100.0,65.8,10682.7,0.4,21,3201.0,,False,
2026-08-01T04:22:38.483791+00:00,30392.7,100.0,65.9,10697.8,0.4,21,3201.0,,False,
2026-08-01T04:22:59.009897+00:00,30413.2,100.0,65.9,10690.2,0.4,21,3201.0,,False,
2026-08-01T04:23:19.512252+00:00,30433.7,100.0,65.9,10700.6,0.4,21,3201.0,,False,
2026-08-01T04:23:40.228649+00:00,30454.4,100.0,66.0,10711.5,0.4,21,3201.0,,False,
2026-08-01T04:24:01.011410+00:00,30475.2,100.0,66.0,10708.5,0.4,21,3201.0,,False,
2026-08-01T04:24:21.531704+00:00,30495.7,100.0,65.9,10702.9,0.4,21,3201.0,,False,
2026-08-01T04:24:42.152975+00:00,30516.3,100.0,66.1,10736.5,0.4,21,3201.0,,False,
2026-08-01T04:25:03.138845+00:00,30537.3,100.0,66.0,10714.8,0.4,21,3201.0,,False,
2026-08-01T04:25:23.670523+00:00,30557.9,100.0,65.8,10683.9,0.4,21,3201.0,,False,
2026-08-01T04:25:44.201465+00:00,30578.4,100.0,65.9,10698.1,0.4,21,3201.0,,False,
2026-08-01T04:26:04.848735+00:00,30599.0,100.0,66.2,10746.5,0.4,21,3201.0,,False,
2026-08-01T04:26:25.352831+00:00,30619.5,100.0,66.2,10739.1,0.4,21,3201.0,,False,
2026-08-01T04:26:45.896721+00:00,30640.1,100.0,66.1,10729.0,0.4,21,3201.0,,False,
2026-08-01T04:27:06.499885+00:00,30660.7,100.0,66.2,10743.6,0.4,21,3201.0,,False,
2026-08-01T04:27:27.038348+00:00,30681.2,100.0,66.1,10725.3,0.4,21,3201.0,,False,
2026-08-01T04:27:47.543862+00:00,30701.7,100.0,66.1,10723.3,0.4,21,3201.0,,False,
2026-08-01T04:28:08.061797+00:00,30722.2,100.0,66.1,10725.5,0.4,21,3201.0,,False,
2026-08-01T04:28:28.352360+00:00,30742.5,100.0,66.0,10721.2,0.4,21,3201.0,,False,
2026-08-01T04:28:48.914009+00:00,30763.1,100.0,66.2,10739.3,0.4,21,3201.0,,False,
2026-08-01T04:29:09.454303+00:00,30783.6,100.0,66.1,10737.4,0.4,21,3201.0,,False,
2026-08-01T04:29:29.950763+00:00,30804.1,100.0,66.1,10725.1,0.4,21,3201.0,,False,
2026-08-01T04:29:50.594833+00:00,30824.8,100.0,66.2,10738.0,0.4,21,3201.0,,False,
2026-08-01T04:30:11.116078+00:00,30845.3,100.0,66.1,10729.4,0.4,21,3201.0,,False,
2026-08-01T04:30:31.636529+00:00,30865.8,100.0,66.1,10722.2,0.4,21,3201.0,,False,
2026-08-01T04:30:52.135692+00:00,30886.3,100.0,66.2,10743.2,0.4,21,3201.0,,False,
2026-08-01T04:31:13.270656+00:00,30907.5,100.0,66.1,10732.8,0.4,21,3201.0,,False,
2026-08-01T04:31:33.786627+00:00,30928.0,100.0,66.1,10732.1,0.4,21,3201.0,,False,
2026-08-01T04:31:54.319780+00:00,30948.5,100.0,66.2,10745.1,0.4,21,3201.0,,False,
2026-08-01T04:32:15.211558+00:00,30969.4,100.0,66.3,10757.5,0.4,21,3201.0,,False,
2026-08-01T04:32:35.765696+00:00,30989.9,100.0,66.2,10740.1,0.4,21,3201.0,,False,
2026-08-01T04:32:56.238227+00:00,31010.4,100.0,66.2,10739.2,0.4,21,3201.0,,False,
2026-08-01T04:33:16.795968+00:00,31031.0,100.0,66.1,10734.3,0.4,21,3201.0,,False,
2026-08-01T04:33:37.283549+00:00,31051.5,100.0,66.2,10744.1,0.4,21,3201.0,,False,
2026-08-01T04:33:57.803437+00:00,31072.0,100.0,66.3,10753.9,0.4,21,3201.0,,False,
2026-08-01T04:34:18.358287+00:00,31092.5,100.0,66.3,10755.0,0.4,21,3201.0,,False,
2026-08-01T04:34:38.921005+00:00,31113.1,100.0,66.3,10760.2,0.4,21,3201.0,,False,
2026-08-01T04:34:59.434981+00:00,31133.6,100.0,66.3,10763.5,0.4,21,3201.0,,False,
2026-08-01T04:35:19.947130+00:00,31154.1,100.0,66.3,10769.5,0.4,21,3201.0,,False,
2026-08-01T04:35:40.442649+00:00,31174.6,100.0,66.3,10758.0,0.4,21,3201.0,,False,
2026-08-01T04:36:00.981920+00:00,31195.2,100.0,66.3,10763.0,0.4,21,3201.0,,False,
2026-08-01T04:36:21.524135+00:00,31215.7,100.0,66.3,10754.8,0.4,21,3201.0,,False,
2026-08-01T04:36:42.037420+00:00,31236.2,100.0,66.4,10770.9,0.4,21,3201.0,,False,
2026-08-01T04:37:02.595498+00:00,31256.8,100.0,66.3,10769.7,0.4,21,3201.0,,False,
2026-08-01T04:37:23.117191+00:00,31277.3,100.0,66.0,10717.6,0.4,21,3201.0,,False,
2026-08-01T04:37:43.616096+00:00,31297.8,100.0,66.1,10724.2,0.4,21,3201.0,,False,
2026-08-01T04:38:04.116597+00:00,31318.3,100.0,66.0,10708.3,0.4,21,3201.0,,False,
2026-08-01T04:38:24.691335+00:00,31338.9,100.0,66.1,10736.4,0.4,21,3201.0,,False,
2026-08-01T04:38:45.233494+00:00,31359.4,100.0,66.3,10755.4,0.4,21,3201.0,,False,
2026-08-01T04:39:05.789283+00:00,31380.0,100.0,66.4,10777.9,0.4,21,3201.0,,False,
2026-08-01T04:39:26.298177+00:00,31400.5,100.0,66.5,10788.8,0.4,21,3201.0,,False,
2026-08-01T04:39:47.005379+00:00,31421.2,100.0,66.5,10794.5,0.4,21,3201.0,,False,
2026-08-01T04:40:07.508103+00:00,31441.7,100.0,66.5,10795.0,0.4,21,3201.0,,False,
2026-08-01T04:40:28.024748+00:00,31462.2,100.0,66.4,10773.2,0.4,21,3201.0,,False,
2026-08-01T04:40:48.602010+00:00,31482.8,100.0,66.4,10784.9,0.4,21,3201.0,,False,
2026-08-01T04:41:09.135306+00:00,31503.3,100.0,66.4,10779.3,0.4,21,3201.0,,False,
2026-08-01T04:41:29.660332+00:00,31523.8,100.0,66.3,10755.4,0.4,21,3201.0,,False,
2026-08-01T04:41:50.384389+00:00,31544.6,100.0,66.4,10773.2,0.4,21,3201.0,,False,
2026-08-01T04:42:11.057519+00:00,31565.2,100.0,66.5,10799.3,0.4,21,3201.0,,False,
2026-08-01T04:42:31.609414+00:00,31585.8,100.0,66.5,10791.2,0.4,21,3201.0,,False,
2026-08-01T04:42:52.202939+00:00,31606.4,100.0,66.4,10783.5,0.4,21,3201.0,,False,
2026-08-01T04:43:13.122909+00:00,31627.3,100.0,66.4,10776.0,0.4,21,3201.0,,False,
2026-08-01T04:43:33.676099+00:00,31647.9,100.0,66.2,10740.8,0.4,21,3201.0,,False,
2026-08-01T04:43:54.186864+00:00,31668.4,100.0,66.2,10745.0,0.4,21,3201.0,,False,
2026-08-01T04:44:14.841189+00:00,31689.0,100.0,66.1,10735.9,0.4,21,3201.0,,False,
2026-08-01T04:44:35.340612+00:00,31709.5,100.0,66.2,10737.8,0.4,21,3201.0,,False,
2026-08-01T04:44:55.899687+00:00,31730.1,100.0,66.3,10764.4,0.4,21,3201.0,,False,
2026-08-01T04:45:16.404356+00:00,31750.6,100.0,66.0,10720.5,0.4,21,3201.0,,False,
2026-08-01T04:45:36.881771+00:00,31771.1,100.0,65.8,10686.1,0.4,21,3201.0,,False,
2026-08-01T04:45:57.424607+00:00,31791.6,100.0,66.0,10714.6,0.4,21,3201.0,,False,
2026-08-01T04:46:17.972313+00:00,31812.2,100.0,66.0,10713.4,0.4,21,3201.0,,False,
2026-08-01T04:46:38.488994+00:00,31832.7,100.0,65.9,10703.6,0.4,21,3201.0,,False,
2026-08-01T04:46:58.994338+00:00,31853.2,100.0,65.9,10698.3,0.4,21,3201.0,,False,
2026-08-01T04:47:19.501919+00:00,31873.7,100.0,66.0,10705.8,0.4,21,3201.0,,False,
2026-08-01T04:47:40.015866+00:00,31894.2,100.0,65.8,10678.2,0.4,21,3201.0,,False,
2026-08-01T04:48:00.540332+00:00,31914.7,100.0,65.8,10682.4,0.4,21,3201.0,,False,
2026-08-01T04:48:21.061489+00:00,31935.2,100.0,65.9,10691.1,0.4,21,3201.0,,False,
2026-08-01T04:48:41.585705+00:00,31955.8,100.0,65.8,10680.4,0.4,21,3201.0,,False,
2026-08-01T04:49:02.117340+00:00,31976.3,100.0,65.9,10698.2,0.4,21,3201.0,,False,
2026-08-01T04:49:22.123357+00:00,31996.3,95.4,65.3,10604.1,0.4,21,3201.0,,False,
2026-08-01T04:49:42.128931+00:00,32016.3,88.5,65.3,10605.6,0.4,21,3201.0,,False,
2026-08-01T04:50:02.136758+00:00,32036.3,87.6,65.4,10615.5,0.4,21,3201.0,,False,
2026-08-01T04:50:22.145379+00:00,32056.3,89.2,65.1,10573.2,0.4,21,3201.0,,False,
2026-08-01T04:50:42.150619+00:00,32076.3,81.6,65.1,10560.3,0.4,21,3201.0,,False,
2026-08-01T04:51:02.155814+00:00,32096.3,82.3,65.1,10565.5,0.4,21,3201.0,,False,
2026-08-01T04:51:22.160209+00:00,32116.3,78.1,65.3,10594.6,0.4,21,3201.0,,False,
2026-08-01T04:51:42.165772+00:00,32136.3,76.2,65.3,10595.7,0.4,21,3201.0,,False,
2026-08-01T04:52:02.171289+00:00,32156.4,75.3,65.3,10597.7,0.4,21,3201.0,,False,
2026-08-01T04:52:22.175359+00:00,32176.4,72.0,65.2,10578.0,0.4,21,3201.0,,False,
2026-08-01T04:52:42.180171+00:00,32196.4,73.2,65.1,10564.2,0.4,21,3201.0,,False,
2026-08-01T04:53:02.185574+00:00,32216.4,71.8,65.2,10591.0,0.4,21,3201.0,,False,
2026-08-01T04:53:22.190541+00:00,32236.4,74.9,65.2,10589.9,0.4,21,3201.0,,False,
2026-08-01T04:53:42.194733+00:00,32256.4,70.4,65.2,10583.0,0.4,21,3201.0,,False,
2026-08-01T04:54:02.201088+00:00,32276.4,69.6,65.3,10594.8,0.4,21,3201.0,,False,
2026-08-01T04:54:22.205115+00:00,32296.4,59.5,65.5,10634.2,0.4,21,3201.0,,False,
2026-08-01T04:54:42.210264+00:00,32316.4,61.7,65.5,10627.3,0.4,21,3201.0,,False,
2026-08-01T04:55:02.214250+00:00,32336.4,52.1,65.5,10634.4,0.4,21,3201.0,,False,
2026-08-01T04:55:22.218257+00:00,32356.4,50.2,65.4,10623.0,0.4,21,3201.0,,False,
2026-08-01T04:55:42.222066+00:00,32376.4,50.9,65.4,10613.3,0.4,21,3201.0,,False,
2026-08-01T04:56:02.225669+00:00,32396.4,44.4,65.5,10624.3,0.4,21,3201.0,,False,
2026-08-01T04:56:22.229192+00:00,32416.4,45.9,65.4,10609.9,0.4,21,3201.0,,False,
2026-08-01T04:56:42.233201+00:00,32436.4,40.9,65.2,10588.5,0.4,21,3201.0,,False,
2026-08-01T04:57:02.237115+00:00,32456.4,32.4,65.4,10611.7,0.4,21,3201.0,,False,
2026-08-01T04:57:22.240868+00:00,32476.4,35.6,65.3,10601.4,0.4,21,3201.0,,False,
2026-08-01T04:57:42.244288+00:00,32496.4,25.8,65.3,10597.6,0.4,21,3201.0,,False,
2026-08-01T04:58:02.247545+00:00,32516.4,25.5,65.3,10594.4,0.4,21,3201.0,,False,
2026-08-01T04:58:22.251077+00:00,32536.4,26.1,65.3,10598.1,0.4,21,3201.0,,False,
2026-08-01T04:58:42.267069+00:00,32556.4,20.3,65.3,10605.5,0.4,21,3201.0,,False,
2026-08-01T04:59:02.270294+00:00,32576.5,20.1,65.1,10567.2,0.4,21,3201.0,,False,
2026-08-01T04:59:22.273464+00:00,32596.5,20.4,65.2,10575.4,0.4,21,3201.0,,False,
2026-08-01T04:59:42.277487+00:00,32616.5,14.2,65.2,10585.7,0.4,21,3201.0,,False,
2026-08-01T05:00:02.280809+00:00,32636.5,19.7,65.4,10623.7,0.4,21,3201.0,,False,
2026-08-01T05:00:22.285048+00:00,32656.5,19.5,66.2,10738.6,0.4,21,3201.0,,False,
2026-08-01T05:00:42.288268+00:00,32676.5,13.0,65.9,10691.6,0.4,21,3201.0,,False,
2026-08-01T05:01:02.292480+00:00,32696.5,13.8,66.4,10775.6,0.3,21,3201.0,,False,
2026-08-01T05:01:22.295719+00:00,32716.5,6.7,66.3,10760.2,0.3,21,3201.0,,False,
2026-08-01T05:01:42.299323+00:00,32736.5,6.8,66.2,10749.1,0.3,21,3201.0,,False,
2026-08-01T05:02:02.303455+00:00,32756.5,7.5,66.2,10750.0,0.3,21,3201.0,,False,
2026-08-01T05:02:22.307716+00:00,32776.5,62.6,60.7,9849.7,0.3,13,3201.0,,False,
2026-08-01T05:02:42.924279+00:00,32797.1,100.0,67.2,10910.2,0.3,21,3201.0,,False,
2026-08-01T05:03:03.426497+00:00,32817.6,100.0,67.2,10911.6,0.3,21,3201.0,,False,
2026-08-01T05:03:23.926810+00:00,32838.1,100.0,66.8,10847.9,0.3,21,3201.0,,False,
2026-08-01T05:03:44.432572+00:00,32858.6,100.0,66.8,10843.2,0.3,21,3201.0,,False,
2026-08-01T05:04:04.925657+00:00,32879.1,100.0,66.9,10854.7,0.3,21,3201.0,,False,
2026-08-01T05:04:25.422215+00:00,32899.6,100.0,67.0,10881.2,0.3,21,3201.0,,False,
2026-08-01T05:04:45.952346+00:00,32920.1,100.0,66.8,10847.1,0.3,21,3201.0,,False,
2026-08-01T05:05:06.520607+00:00,32940.7,100.0,67.0,10881.3,0.3,21,3201.0,,False,
2026-08-01T05:05:27.039660+00:00,32961.2,100.0,67.0,10868.6,0.3,21,3201.0,,False,
2026-08-01T05:05:47.546049+00:00,32981.7,100.0,66.7,10825.5,0.3,21,3201.0,,False,
2026-08-01T05:06:08.092020+00:00,33002.3,100.0,66.7,10827.7,0.3,21,3201.0,,False,
2026-08-01T05:06:28.600928+00:00,33022.8,100.0,66.7,10831.7,0.3,21,3201.0,,False,
2026-08-01T05:06:49.144505+00:00,33043.3,100.0,66.7,10834.0,0.3,21,3201.0,,False,
2026-08-01T05:07:09.708300+00:00,33063.9,100.0,66.7,10827.8,0.3,21,3201.0,,False,
2026-08-01T05:07:30.259876+00:00,33084.4,100.0,66.8,10839.5,0.3,21,3201.0,,False,
2026-08-01T05:07:50.740014+00:00,33104.9,100.0,66.8,10843.1,0.3,21,3201.0,,False,
2026-08-01T05:08:11.252696+00:00,33125.4,100.0,66.8,10838.0,0.3,21,3201.0,,False,
2026-08-01T05:08:31.777151+00:00,33146.0,100.0,66.6,10809.3,0.3,21,3201.0,,False,
2026-08-01T05:08:52.340272+00:00,33166.5,100.0,66.7,10833.6,0.3,21,3201.0,,False,
2026-08-01T05:09:12.866459+00:00,33187.0,100.0,66.9,10851.7,0.3,21,3201.0,,False,
2026-08-01T05:09:33.366752+00:00,33207.5,100.0,66.9,10852.6,0.3,21,3201.0,,False,
2026-08-01T05:09:53.894219+00:00,33228.1,100.0,66.9,10866.3,0.3,21,3201.0,,False,
2026-08-01T05:10:14.449512+00:00,33248.6,100.0,66.9,10864.9,0.3,21,3201.0,,False,
2026-08-01T05:10:34.987560+00:00,33269.2,100.0,66.9,10865.7,0.3,21,3201.0,,False,
2026-08-01T05:10:55.463321+00:00,33289.6,100.0,67.0,10871.1,0.3,21,3201.0,,False,
2026-08-01T05:11:15.981504+00:00,33310.2,100.0,67.0,10873.2,0.3,21,3201.0,,False,
2026-08-01T05:11:36.482474+00:00,33330.7,100.0,67.0,10872.8,0.3,21,3201.0,,False,
2026-08-01T05:11:57.082343+00:00,33351.3,100.0,66.7,10826.2,0.3,21,3201.0,,False,
2026-08-01T05:12:17.672077+00:00,33371.9,100.0,66.7,10824.1,0.3,21,3201.0,,False,
2026-08-01T05:12:38.196622+00:00,33392.4,100.0,66.7,10825.0,0.3,21,3201.0,,False,
2026-08-01T05:12:59.030507+00:00,33413.2,100.0,66.8,10838.3,0.3,21,3201.0,,False,
2026-08-01T05:13:19.611207+00:00,33433.8,100.0,66.8,10845.3,0.3,21,3201.0,,False,
2026-08-01T05:13:40.180129+00:00,33454.4,100.0,66.6,10810.7,0.3,21,3201.0,,False,
2026-08-01T05:14:01.006617+00:00,33475.2,100.0,66.7,10824.9,0.3,21,3201.0,,False,
2026-08-01T05:14:21.586704+00:00,33495.8,100.0,66.7,10823.2,0.3,21,3201.0,,False,
2026-08-01T05:14:42.423093+00:00,33516.6,100.0,66.7,10825.9,0.3,21,3201.0,,False,
2026-08-01T05:15:02.923385+00:00,33537.1,100.0,66.8,10840.8,0.3,21,3201.0,,False,
2026-08-01T05:15:23.549159+00:00,33557.7,100.0,66.6,10817.9,0.3,21,3201.0,,False,
2026-08-01T05:15:44.075461+00:00,33578.3,100.0,66.3,10767.9,0.3,21,3201.0,,False,
2026-08-01T05:16:04.614132+00:00,33598.8,100.0,66.5,10794.0,0.3,21,3201.0,,False,
2026-08-01T05:16:25.175130+00:00,33619.4,100.0,66.3,10760.2,0.3,21,3201.0,,False,
2026-08-01T05:16:45.720000+00:00,33639.9,100.0,66.2,10742.0,0.3,21,3201.0,,False,
2026-08-01T05:17:06.211696+00:00,33660.4,100.0,66.2,10739.4,0.3,21,3201.0,,False,
2026-08-01T05:17:26.760000+00:00,33680.9,100.0,66.2,10738.7,0.3,21,3201.0,,False,
2026-08-01T05:17:47.317894+00:00,33701.5,100.0,66.3,10759.6,0.3,21,3201.0,,False,
2026-08-01T05:18:07.832642+00:00,33722.0,100.0,66.4,10773.2,0.3,21,3201.0,,False,
2026-08-01T05:18:28.337327+00:00,33742.5,100.0,66.4,10773.2,0.3,21,3201.0,,False,
2026-08-01T05:18:48.872283+00:00,33763.1,100.0,66.4,10774.8,0.3,21,3201.0,,False,
2026-08-01T05:19:09.387578+00:00,33783.6,100.0,66.3,10768.5,0.3,21,3201.0,,False,
2026-08-01T05:19:29.925777+00:00,33804.1,100.0,66.4,10777.2,0.3,21,3201.0,,False,
2026-08-01T05:19:50.492654+00:00,33824.7,100.0,66.5,10801.7,0.3,21,3201.0,,False,
2026-08-01T05:20:10.967146+00:00,33845.1,100.0,66.7,10823.6,0.3,21,3201.0,,False,
2026-08-01T05:20:31.455123+00:00,33865.6,100.0,66.8,10839.9,0.3,21,3201.0,,False,
2026-08-01T05:20:51.972444+00:00,33886.2,100.0,66.5,10800.3,0.3,21,3201.0,,False,
2026-08-01T05:21:12.492872+00:00,33906.7,100.0,66.5,10797.9,0.3,21,3201.0,,False,
2026-08-01T05:21:32.982196+00:00,33927.2,100.0,66.3,10763.5,0.3,21,3201.0,,False,
2026-08-01T05:21:53.561236+00:00,33947.7,100.0,66.4,10777.7,0.3,21,3201.0,,False,
2026-08-01T05:22:14.099637+00:00,33968.3,100.0,66.4,10774.7,0.3,21,3201.0,,False,
2026-08-01T05:22:34.664284+00:00,33988.8,100.0,66.4,10773.9,0.3,21,3201.0,,False,
2026-08-01T05:22:55.183220+00:00,34009.4,100.0,66.3,10770.0,0.3,21,3201.0,,False,
2026-08-01T05:23:15.703704+00:00,34029.9,100.0,66.4,10773.1,0.3,21,3201.0,,False,
2026-08-01T05:23:36.355870+00:00,34050.5,100.0,66.6,10805.2,0.3,21,3201.0,,False,
2026-08-01T05:23:56.904531+00:00,34071.1,100.0,66.5,10786.5,0.3,21,3201.0,,False,
2026-08-01T05:24:17.877551+00:00,34092.1,100.0,66.4,10779.5,0.3,21,3201.0,,False,
2026-08-01T05:24:38.916187+00:00,34113.1,100.0,66.7,10830.7,0.3,21,3201.0,,False,
2026-08-01T05:24:59.475216+00:00,34133.7,100.0,66.8,10845.9,0.3,21,3201.0,,False,
2026-08-01T05:25:19.998434+00:00,34154.2,100.0,66.8,10840.7,0.3,21,3201.0,,False,
2026-08-01T05:25:40.498430+00:00,34174.7,100.0,66.9,10855.1,0.3,21,3201.0,,False,
2026-08-01T05:26:01.070182+00:00,34195.3,100.0,66.7,10825.1,0.3,21,3201.0,,False,
2026-08-01T05:26:21.615117+00:00,34215.8,100.0,66.8,10840.4,0.3,21,3201.0,,False,
2026-08-01T05:26:42.115481+00:00,34236.3,100.0,66.6,10809.7,0.3,21,3201.0,,False,
2026-08-01T05:27:02.616913+00:00,34256.8,100.0,66.5,10793.5,0.3,21,3201.0,,False,
2026-08-01T05:27:23.119774+00:00,34277.3,100.0,66.6,10803.6,0.3,21,3201.0,,False,
2026-08-01T05:27:43.657744+00:00,34297.8,100.0,66.5,10796.1,0.3,21,3201.0,,False,
2026-08-01T05:28:04.154630+00:00,34318.3,100.0,66.5,10798.3,0.3,21,3201.0,,False,
2026-08-01T05:28:24.671608+00:00,34338.9,100.0,66.6,10803.6,0.3,21,3201.0,,False,
2026-08-01T05:28:45.254913+00:00,34359.4,100.0,66.7,10822.2,0.3,21,3201.0,,False,
2026-08-01T05:29:05.796127+00:00,34380.0,100.0,66.6,10803.1,0.3,21,3201.0,,False,
2026-08-01T05:29:26.370286+00:00,34400.6,100.0,66.6,10803.9,0.3,21,3201.0,,False,
2026-08-01T05:29:46.900135+00:00,34421.1,100.0,66.6,10803.2,0.3,21,3201.0,,False,
2026-08-01T05:30:07.459559+00:00,34441.6,100.0,66.5,10788.3,0.3,21,3201.0,,False,
2026-08-01T05:30:28.078650+00:00,34462.3,100.0,66.5,10796.8,0.3,21,3201.0,,False,
2026-08-01T05:30:48.611254+00:00,34482.8,100.0,66.6,10805.2,0.3,21,3201.0,,False,
2026-08-01T05:31:09.525183+00:00,34503.7,100.0,66.5,10801.7,0.3,21,3201.0,,False,
2026-08-01T05:31:30.339694+00:00,34524.5,100.0,66.5,10788.0,0.3,21,3201.0,,False,
2026-08-01T05:31:50.855297+00:00,34545.0,100.0,66.5,10798.7,0.3,21,3201.0,,False,
2026-08-01T05:32:11.495465+00:00,34565.7,100.0,66.6,10803.3,0.3,21,3201.0,,False,
2026-08-01T05:32:32.164987+00:00,34586.3,100.0,66.7,10819.0,0.3,21,3201.0,,False,
2026-08-01T05:32:52.701242+00:00,34606.9,100.0,66.6,10803.4,0.3,21,3201.0,,False,
2026-08-01T05:33:13.225955+00:00,34627.4,100.0,66.6,10817.7,0.3,21,3201.0,,False,
2026-08-01T05:33:33.763816+00:00,34647.9,100.0,66.6,10811.4,0.3,21,3201.0,,False,
2026-08-01T05:33:54.306024+00:00,34668.5,100.0,66.6,10810.7,0.3,21,3201.0,,False,
2026-08-01T05:34:14.825661+00:00,34689.0,100.0,66.6,10803.6,0.3,21,3201.0,,False,
2026-08-01T05:34:35.364716+00:00,34709.5,100.0,66.5,10794.6,0.3,21,3201.0,,False,
2026-08-01T05:34:55.916845+00:00,34730.1,100.0,66.7,10820.4,0.3,21,3201.0,,False,
2026-08-01T05:35:16.430740+00:00,34750.6,100.0,66.7,10831.7,0.3,21,3201.0,,False,
2026-08-01T05:35:36.970957+00:00,34771.2,100.0,66.6,10807.0,0.3,21,3201.0,,False,
2026-08-01T05:35:57.477422+00:00,34791.7,100.0,66.6,10809.1,0.3,21,3201.0,,False,
2026-08-01T05:36:17.977723+00:00,34812.2,100.0,66.5,10795.7,0.3,21,3201.0,,False,
2026-08-01T05:36:38.481191+00:00,34832.7,100.0,66.4,10780.2,0.3,21,3201.0,,False,
2026-08-01T05:36:58.991857+00:00,34853.2,100.0,66.5,10797.3,0.3,21,3201.0,,False,
2026-08-01T05:37:19.491521+00:00,34873.7,100.0,66.4,10782.8,0.3,21,3201.0,,False,
2026-08-01T05:37:40.018690+00:00,34894.2,100.0,66.4,10785.1,0.3,21,3201.0,,False,
2026-08-01T05:38:00.544995+00:00,34914.7,100.0,66.6,10803.7,0.3,21,3201.0,,False,
2026-08-01T05:38:21.070791+00:00,34935.3,100.0,66.6,10809.8,0.3,21,3201.0,,False,
2026-08-01T05:38:41.595792+00:00,34955.8,100.0,66.5,10798.7,0.3,21,3201.0,,False,
2026-08-01T05:39:02.110735+00:00,34976.3,100.0,66.6,10804.1,0.3,21,3201.0,,False,
2026-08-01T05:39:22.600497+00:00,34996.8,100.0,66.5,10796.9,0.3,21,3201.0,,False,
2026-08-01T05:39:43.113977+00:00,35017.3,100.0,66.5,10795.7,0.3,21,3201.0,,False,
2026-08-01T05:40:03.620240+00:00,35037.8,100.0,66.7,10825.2,0.3,21,3201.0,,False,
2026-08-01T05:40:24.164416+00:00,35058.3,100.0,66.7,10824.1,0.3,21,3201.0,,False,
2026-08-01T05:40:44.693885+00:00,35078.9,100.0,66.7,10834.2,0.3,21,3201.0,,False,
2026-08-01T05:41:05.200026+00:00,35099.4,100.0,66.6,10815.4,0.3,21,3201.0,,False,
2026-08-01T05:41:25.765842+00:00,35119.9,100.0,66.6,10804.8,0.3,21,3201.0,,False,
2026-08-01T05:41:46.749039+00:00,35140.9,100.0,66.6,10806.2,0.3,21,3201.0,,False,
2026-08-01T05:42:07.256914+00:00,35161.4,100.0,66.6,10809.1,0.3,21,3201.0,,False,
2026-08-01T05:42:27.790434+00:00,35182.0,100.0,66.7,10831.9,0.3,21,3201.0,,False,
2026-08-01T05:42:48.329012+00:00,35202.5,100.0,66.7,10822.2,0.3,21,3201.0,,False,
2026-08-01T05:43:08.851615+00:00,35223.0,100.0,66.7,10833.4,0.3,21,3201.0,,False,
2026-08-01T05:43:29.321909+00:00,35243.5,100.0,66.6,10818.4,0.3,21,3201.0,,False,
2026-08-01T05:43:49.838512+00:00,35264.0,100.0,66.4,10782.8,0.3,21,3201.0,,False,
2026-08-01T05:44:10.330744+00:00,35284.5,100.0,66.4,10780.8,0.3,21,3201.0,,False,
2026-08-01T05:44:30.831140+00:00,35305.0,100.0,66.5,10792.0,0.3,21,3201.0,,False,
2026-08-01T05:44:51.358016+00:00,35325.5,100.0,66.6,10817.2,0.3,21,3201.0,,False,
2026-08-01T05:45:11.851245+00:00,35346.0,100.0,66.6,10803.3,0.3,21,3201.0,,False,
2026-08-01T05:45:32.366439+00:00,35366.5,100.0,66.7,10830.7,0.3,21,3201.0,,False,
2026-08-01T05:45:52.863472+00:00,35387.0,100.0,66.8,10846.2,0.3,21,3201.0,,False,
2026-08-01T05:46:13.391308+00:00,35407.6,100.0,65.8,10674.9,0.3,21,3201.0,,False,
2026-08-01T05:46:33.919015+00:00,35428.1,100.0,65.6,10643.0,0.3,21,3201.0,,False,
2026-08-01T05:46:54.436060+00:00,35448.6,100.0,65.6,10640.5,0.3,21,3201.0,,False,
2026-08-01T05:47:14.983885+00:00,35469.2,100.0,65.5,10637.6,0.3,21,3201.0,,False,
2026-08-01T05:47:35.509584+00:00,35489.7,100.0,65.5,10635.5,0.3,21,3201.0,,False,
2026-08-01T05:47:56.000630+00:00,35510.2,100.0,65.7,10659.9,0.3,21,3201.0,,False,
2026-08-01T05:48:16.486350+00:00,35530.7,100.0,65.6,10644.3,0.3,21,3201.0,,False,
2026-08-01T05:48:37.031643+00:00,35551.2,100.0,65.6,10653.2,0.3,21,3201.0,,False,
2026-08-01T05:48:57.571393+00:00,35571.8,100.0,65.6,10647.8,0.3,21,3201.0,,False,
2026-08-01T05:49:18.095047+00:00,35592.3,100.0,65.7,10659.6,0.3,21,3201.0,,False,
2026-08-01T05:49:38.867989+00:00,35613.0,100.0,65.7,10670.0,0.3,21,3201.0,,False,
2026-08-01T05:49:59.407249+00:00,35633.6,100.0,65.9,10689.7,0.3,21,3201.0,,False,
2026-08-01T05:50:19.988018+00:00,35654.2,100.0,65.7,10662.7,0.3,21,3201.0,,False,
2026-08-01T05:50:40.841725+00:00,35675.0,100.0,65.8,10680.5,0.3,21,3201.0,,False,
2026-08-01T05:51:01.382299+00:00,35695.6,100.0,65.7,10671.3,0.3,21,3201.0,,False,
2026-08-01T05:51:22.052966+00:00,35716.2,100.0,65.7,10660.8,0.3,21,3201.0,,False,
2026-08-01T05:51:42.573735+00:00,35736.8,100.0,65.6,10656.1,0.3,21,3201.0,,False,
2026-08-01T05:52:03.099351+00:00,35757.3,100.0,65.7,10668.2,0.3,21,3201.0,,False,
2026-08-01T05:52:23.654614+00:00,35777.8,100.0,65.6,10654.7,0.3,21,3201.0,,False,
2026-08-01T05:52:44.173478+00:00,35798.4,100.0,65.7,10664.3,0.3,21,3201.0,,False,
2026-08-01T05:53:04.677037+00:00,35818.9,100.0,65.6,10652.6,0.3,21,3201.0,,False,
2026-08-01T05:53:25.701045+00:00,35839.9,100.0,65.8,10688.2,0.3,21,3201.0,,False,
2026-08-01T05:53:46.258342+00:00,35860.4,100.0,65.8,10675.6,0.3,21,3201.0,,False,
2026-08-01T05:54:06.805826+00:00,35881.0,100.0,65.7,10658.5,0.3,21,3201.0,,False,
2026-08-01T05:54:27.432360+00:00,35901.6,100.0,65.8,10676.4,0.3,21,3201.0,,False,
2026-08-01T05:54:48.021265+00:00,35922.2,100.0,65.9,10693.7,0.3,21,3201.0,,False,
2026-08-01T05:55:08.612365+00:00,35942.8,100.0,66.0,10711.1,0.3,21,3201.0,,False,
2026-08-01T05:55:29.133428+00:00,35963.3,100.0,66.0,10715.9,0.3,21,3201.0,,False,
2026-08-01T05:55:49.651872+00:00,35983.8,100.0,66.0,10711.8,0.3,21,3201.0,,False,
2026-08-01T05:56:10.170575+00:00,36004.4,100.0,66.0,10718.7,0.3,21,3201.0,,False,
2026-08-01T05:56:30.678167+00:00,36024.9,100.0,66.0,10711.0,0.3,21,3201.0,,False,
2026-08-01T05:56:51.199107+00:00,36045.4,100.0,66.0,10715.8,0.3,21,3201.0,,False,
2026-08-01T05:57:11.727194+00:00,36065.9,100.0,65.9,10696.6,0.3,21,3201.0,,False,
2026-08-01T05:57:32.273364+00:00,36086.5,100.0,65.9,10705.2,0.3,21,3201.0,,False,
2026-08-01T05:57:52.822857+00:00,36107.0,100.0,66.2,10747.2,0.3,21,3201.0,,False,
2026-08-01T05:58:13.365827+00:00,36127.5,100.0,66.1,10722.1,0.3,21,3201.0,,False,
2026-08-01T05:58:33.371399+00:00,36147.6,95.4,66.3,10759.4,0.3,21,3201.0,,False,
2026-08-01T05:58:53.395349+00:00,36167.6,82.0,66.2,10743.9,0.3,21,3201.0,,False,
2026-08-01T05:59:13.400702+00:00,36187.6,83.6,66.0,10719.4,0.3,21,3201.0,,False,
2026-08-01T05:59:33.407408+00:00,36207.6,82.8,66.0,10719.1,0.3,21,3201.0,,False,
2026-08-01T05:59:53.411664+00:00,36227.6,83.5,66.2,10742.7,0.3,21,3201.0,,False,
2026-08-01T06:00:13.416618+00:00,36247.6,83.9,66.1,10723.6,0.3,21,3201.0,,False,
2026-08-01T06:00:33.422167+00:00,36267.6,81.3,66.1,10728.9,0.3,21,3201.0,,False,
2026-08-01T06:00:53.427491+00:00,36287.6,76.3,66.2,10744.0,0.3,21,3201.0,,False,
2026-08-01T06:01:13.432866+00:00,36307.6,75.3,65.8,10678.9,0.3,21,3201.0,,False,
2026-08-01T06:01:33.436796+00:00,36327.6,76.2,65.9,10701.4,0.3,21,3201.0,,False,
2026-08-01T06:01:53.442104+00:00,36347.6,75.9,66.0,10714.1,0.3,21,3201.0,,False,
2026-08-01T06:02:13.446231+00:00,36367.6,70.0,66.0,10718.9,0.3,21,3201.0,,False,
2026-08-01T06:02:33.451372+00:00,36387.6,71.4,66.0,10716.3,0.3,21,3201.0,,False,
2026-08-01T06:02:53.455736+00:00,36407.6,71.5,66.0,10719.3,0.3,21,3201.0,,False,
2026-08-01T06:03:13.460863+00:00,36427.6,69.4,66.0,10707.9,0.3,21,3201.0,,False,
2026-08-01T06:03:33.465936+00:00,36447.6,64.0,66.1,10726.2,0.3,21,3201.0,,False,
2026-08-01T06:03:53.470664+00:00,36467.7,63.2,65.9,10700.7,0.3,21,3201.0,,False,
2026-08-01T06:04:13.474507+00:00,36487.7,62.4,66.2,10737.7,0.3,21,3201.0,,False,
2026-08-01T06:04:33.479915+00:00,36507.7,53.3,66.1,10731.7,0.3,21,3201.0,,False,
2026-08-01T06:04:53.484785+00:00,36527.7,51.8,66.4,10786.2,0.3,21,3201.0,,False,
2026-08-01T06:05:13.488438+00:00,36547.7,44.1,66.1,10730.6,0.3,21,3201.0,,False,
2026-08-01T06:05:33.492206+00:00,36567.7,53.3,66.1,10727.9,0.3,21,3201.0,,False,
2026-08-01T06:05:53.496273+00:00,36587.7,25.8,66.3,10761.9,0.3,21,3201.0,,False,
2026-08-01T06:06:13.499480+00:00,36607.7,26.6,66.2,10744.2,0.3,21,3201.0,,False,
2026-08-01T06:06:33.502918+00:00,36627.7,27.6,66.2,10745.8,0.3,21,3201.0,,False,
2026-08-01T06:06:53.506519+00:00,36647.7,26.2,66.2,10752.5,0.3,21,3201.0,,False,
2026-08-01T06:07:13.510187+00:00,36667.7,26.2,66.2,10741.9,0.3,21,3201.0,,False,
2026-08-01T06:07:33.514120+00:00,36687.7,25.6,66.0,10709.4,0.3,21,3201.0,,False,
2026-08-01T06:07:53.517922+00:00,36707.7,26.0,66.1,10737.1,0.3,21,3201.0,,False,
2026-08-01T06:08:13.521822+00:00,36727.7,32.8,66.1,10735.8,0.3,21,3201.0,,False,
2026-08-01T06:08:33.525691+00:00,36747.7,26.0,66.1,10734.9,0.3,21,3201.0,,False,
2026-08-01T06:08:53.529651+00:00,36767.7,13.7,66.4,10779.5,0.3,21,3201.0,,False,
2026-08-01T06:09:13.533452+00:00,36787.7,13.8,66.3,10765.0,0.3,21,3201.0,,False,
2026-08-01T06:09:33.536242+00:00,36807.7,12.8,66.3,10761.2,0.3,21,3201.0,,False,
2026-08-01T06:09:53.539871+00:00,36827.7,14.2,66.4,10771.0,0.3,21,3201.0,,False,
2026-08-01T06:10:13.543531+00:00,36847.7,13.8,66.3,10766.4,0.3,21,3201.0,,False,
2026-08-01T06:10:33.547239+00:00,36867.7,13.3,66.3,10758.3,0.3,21,3201.0,,False,
2026-08-01T06:10:53.551067+00:00,36887.7,13.6,66.4,10775.5,0.3,21,3201.0,,False,
2026-08-01T06:11:13.554161+00:00,36907.7,12.5,66.4,10781.0,0.3,21,3201.0,,False,
2026-08-01T06:11:33.557671+00:00,36927.7,1.4,54.6,8856.5,0.3,4,3201.0,,False,
