stage,imputer,model,missing_rate,replicate,fold,f1_macro,bal_acc,n_train,n_test,train_class_distribution,test_class_distribution,n_unique_predictions,degenerate_single_class_preds,f1_LumA,precision_LumA,recall_LumA,f1_LumB,precision_LumB,recall_LumB,f1_Her2,precision_Her2,recall_Her2,f1_Basal,precision_Basal,recall_Basal,seed
classification,SimpleMean,EnsembleSoft,0.0,0,1,0.8726542614495549,0.8678884711779449,1286,322,"{'Basal': 167, 'Her2': 179, 'LumA': 560, 'LumB': 380}","{'Basal': 42, 'Her2': 45, 'LumA': 140, 'LumB': 95}",4,False,0.9124087591240876,0.9328358208955224,0.8928571428571429,0.88,0.8380952380952381,0.9263157894736842,0.8297872340425532,0.7959183673469388,0.8666666666666667,0.868421052631579,0.9705882352941176,0.7857142857142857,18042
classification,SimpleMean,EnsembleSoft,0.0,0,2,0.9124523158699873,0.8965956558061822,1286,322,"{'Basal': 167, 'Her2': 179, 'LumA': 560, 'LumB': 380}","{'Basal': 42, 'Her2': 45, 'LumA': 140, 'LumB': 95}",4,False,0.9387755102040817,0.8961038961038961,0.9857142857142858,0.9021739130434783,0.9325842696629213,0.8736842105263158,0.8705882352941177,0.925,0.8222222222222222,0.9382716049382716,0.9743589743589743,0.9047619047619048,18042
classification,SimpleMean,EnsembleSoft,0.0,0,3,0.8801446219833877,0.8765977443609023,1286,322,"{'Basal': 167, 'Her2': 179, 'LumA': 560, 'LumB': 380}","{'Basal': 42, 'Her2': 45, 'LumA': 140, 'LumB': 95}",4,False,0.9225352112676056,0.9097222222222222,0.9357142857142857,0.8556149732620321,0.8695652173913043,0.8421052631578947,0.7912087912087912,0.782608695652174,0.8,0.9512195121951219,0.975,0.9285714285714286,18042
classification,SimpleMean,EnsembleSoft,0.0,0,4,0.883751255883811,0.8779165902561281,1287,321,"{'Basal': 168, 'Her2': 179, 'LumA': 560, 'LumB': 380}","{'Basal': 41, 'Her2': 45, 'LumA': 140, 'LumB': 95}",4,False,0.9323843416370107,0.9290780141843972,0.9357142857142857,0.8969072164948454,0.8787878787878788,0.9157894736842105,0.7674418604651163,0.8048780487804879,0.7333333333333333,0.9382716049382716,0.95,0.926829268292683,18042
classification,SimpleMean,EnsembleSoft,0.0,0,5,0.8806775926001528,0.8572339940760993,1287,321,"{'Basal': 167, 'Her2': 180, 'LumA': 560, 'LumB': 380}","{'Basal': 42, 'Her2': 44, 'LumA': 140, 'LumB': 95}",4,False,0.9220338983050848,0.8774193548387097,0.9714285714285714,0.8947368421052632,0.8947368421052632,0.8947368421052632,0.7692307692307693,0.8823529411764706,0.6818181818181818,0.9367088607594937,1.0,0.8809523809523809,18042
classification,"KNN(k=5,dist)",EnsembleSoft,0.0,0,1,0.8726542614495549,0.8678884711779449,1286,322,"{'Basal': 167, 'Her2': 179, 'LumA': 560, 'LumB': 380}","{'Basal': 42, 'Her2': 45, 'LumA': 140, 'LumB': 95}",4,False,0.9124087591240876,0.9328358208955224,0.8928571428571429,0.88,0.8380952380952381,0.9263157894736842,0.8297872340425532,0.7959183673469388,0.8666666666666667,0.868421052631579,0.9705882352941176,0.7857142857142857,18042
classification,"KNN(k=5,dist)",EnsembleSoft,0.0,0,2,0.9124523158699873,0.8965956558061822,1286,322,"{'Basal': 167, 'Her2': 179, 'LumA': 560, 'LumB': 380}","{'Basal': 42, 'Her2': 45, 'LumA': 140, 'LumB': 95}",4,False,0.9387755102040817,0.8961038961038961,0.9857142857142858,0.9021739130434783,0.9325842696629213,0.8736842105263158,0.8705882352941177,0.925,0.8222222222222222,0.9382716049382716,0.9743589743589743,0.9047619047619048,18042
classification,"KNN(k=5,dist)",EnsembleSoft,0.0,0,3,0.8801446219833877,0.8765977443609023,1286,322,"{'Basal': 167, 'Her2': 179, 'LumA': 560, 'LumB': 380}","{'Basal': 42, 'Her2': 45, 'LumA': 140, 'LumB': 95}",4,False,0.9225352112676056,0.9097222222222222,0.9357142857142857,0.8556149732620321,0.8695652173913043,0.8421052631578947,0.7912087912087912,0.782608695652174,0.8,0.9512195121951219,0.975,0.9285714285714286,18042
classification,"KNN(k=5,dist)",EnsembleSoft,0.0,0,4,0.883751255883811,0.8779165902561281,1287,321,"{'Basal': 168, 'Her2': 179, 'LumA': 560, 'LumB': 380}","{'Basal': 41, 'Her2': 45, 'LumA': 140, 'LumB': 95}",4,False,0.9323843416370107,0.9290780141843972,0.9357142857142857,0.8969072164948454,0.8787878787878788,0.9157894736842105,0.7674418604651163,0.8048780487804879,0.7333333333333333,0.9382716049382716,0.95,0.926829268292683,18042
classification,"KNN(k=5,dist)",EnsembleSoft,0.0,0,5,0.8806775926001528,0.8572339940760993,1287,321,"{'Basal': 167, 'Her2': 180, 'LumA': 560, 'LumB': 380}","{'Basal': 42, 'Her2': 44, 'LumA': 140, 'LumB': 95}",4,False,0.9220338983050848,0.8774193548387097,0.9714285714285714,0.8947368421052632,0.8947368421052632,0.8947368421052632,0.7692307692307693,0.8823529411764706,0.6818181818181818,0.9367088607594937,1.0,0.8809523809523809,18042
classification,RFECA_SVR(k=5),EnsembleSoft,0.0,0,1,0.8726542614495549,0.8678884711779449,1286,322,"{'Basal': 167, 'Her2': 179, 'LumA': 560, 'LumB': 380}","{'Basal': 42, 'Her2': 45, 'LumA': 140, 'LumB': 95}",4,False,0.9124087591240876,0.9328358208955224,0.8928571428571429,0.88,0.8380952380952381,0.9263157894736842,0.8297872340425532,0.7959183673469388,0.8666666666666667,0.868421052631579,0.9705882352941176,0.7857142857142857,18042
classification,RFECA_SVR(k=5),EnsembleSoft,0.0,0,2,0.9124523158699873,0.8965956558061822,1286,322,"{'Basal': 167, 'Her2': 179, 'LumA': 560, 'LumB': 380}","{'Basal': 42, 'Her2': 45, 'LumA': 140, 'LumB': 95}",4,False,0.9387755102040817,0.8961038961038961,0.9857142857142858,0.9021739130434783,0.9325842696629213,0.8736842105263158,0.8705882352941177,0.925,0.8222222222222222,0.9382716049382716,0.9743589743589743,0.9047619047619048,18042
classification,RFECA_SVR(k=5),EnsembleSoft,0.0,0,3,0.8801446219833877,0.8765977443609023,1286,322,"{'Basal': 167, 'Her2': 179, 'LumA': 560, 'LumB': 380}","{'Basal': 42, 'Her2': 45, 'LumA': 140, 'LumB': 95}",4,False,0.9225352112676056,0.9097222222222222,0.9357142857142857,0.8556149732620321,0.8695652173913043,0.8421052631578947,0.7912087912087912,0.782608695652174,0.8,0.9512195121951219,0.975,0.9285714285714286,18042
classification,RFECA_SVR(k=5),EnsembleSoft,0.0,0,4,0.883751255883811,0.8779165902561281,1287,321,"{'Basal': 168, 'Her2': 179, 'LumA': 560, 'LumB': 380}","{'Basal': 41, 'Her2': 45, 'LumA': 140, 'LumB': 95}",4,False,0.9323843416370107,0.9290780141843972,0.9357142857142857,0.8969072164948454,0.8787878787878788,0.9157894736842105,0.7674418604651163,0.8048780487804879,0.7333333333333333,0.9382716049382716,0.95,0.926829268292683,18042
classification,RFECA_SVR(k=5),EnsembleSoft,0.0,0,5,0.8806775926001528,0.8572339940760993,1287,321,"{'Basal': 167, 'Her2': 180, 'LumA': 560, 'LumB': 380}","{'Basal': 42, 'Her2': 44, 'LumA': 140, 'LumB': 95}",4,False,0.9220338983050848,0.8774193548387097,0.9714285714285714,0.8947368421052632,0.8947368421052632,0.8947368421052632,0.7692307692307693,0.8823529411764706,0.6818181818181818,0.9367088607594937,1.0,0.8809523809523809,18042
classification,RFECA_SVR(k=10),EnsembleSoft,0.0,0,1,0.8726542614495549,0.8678884711779449,1286,322,"{'Basal': 167, 'Her2': 179, 'LumA': 560, 'LumB': 380}","{'Basal': 42, 'Her2': 45, 'LumA': 140, 'LumB': 95}",4,False,0.9124087591240876,0.9328358208955224,0.8928571428571429,0.88,0.8380952380952381,0.9263157894736842,0.8297872340425532,0.7959183673469388,0.8666666666666667,0.868421052631579,0.9705882352941176,0.7857142857142857,18042
classification,RFECA_SVR(k=10),EnsembleSoft,0.0,0,2,0.9124523158699873,0.8965956558061822,1286,322,"{'Basal': 167, 'Her2': 179, 'LumA': 560, 'LumB': 380}","{'Basal': 42, 'Her2': 45, 'LumA': 140, 'LumB': 95}",4,False,0.9387755102040817,0.8961038961038961,0.9857142857142858,0.9021739130434783,0.9325842696629213,0.8736842105263158,0.8705882352941177,0.925,0.8222222222222222,0.9382716049382716,0.9743589743589743,0.9047619047619048,18042
classification,RFECA_SVR(k=10),EnsembleSoft,0.0,0,3,0.8801446219833877,0.8765977443609023,1286,322,"{'Basal': 167, 'Her2': 179, 'LumA': 560, 'LumB': 380}","{'Basal': 42, 'Her2': 45, 'LumA': 140, 'LumB': 95}",4,False,0.9225352112676056,0.9097222222222222,0.9357142857142857,0.8556149732620321,0.8695652173913043,0.8421052631578947,0.7912087912087912,0.782608695652174,0.8,0.9512195121951219,0.975,0.9285714285714286,18042
classification,RFECA_SVR(k=10),EnsembleSoft,0.0,0,4,0.883751255883811,0.8779165902561281,1287,321,"{'Basal': 168, 'Her2': 179, 'LumA': 560, 'LumB': 380}","{'Basal': 41, 'Her2': 45, 'LumA': 140, 'LumB': 95}",4,False,0.9323843416370107,0.9290780141843972,0.9357142857142857,0.8969072164948454,0.8787878787878788,0.9157894736842105,0.7674418604651163,0.8048780487804879,0.7333333333333333,0.9382716049382716,0.95,0.926829268292683,18042
classification,RFECA_SVR(k=10),EnsembleSoft,0.0,0,5,0.8806775926001528,0.8572339940760993,1287,321,"{'Basal': 167, 'Her2': 180, 'LumA': 560, 'LumB': 380}","{'Basal': 42, 'Her2': 44, 'LumA': 140, 'LumB': 95}",4,False,0.9220338983050848,0.8774193548387097,0.9714285714285714,0.8947368421052632,0.8947368421052632,0.8947368421052632,0.7692307692307693,0.8823529411764706,0.6818181818181818,0.9367088607594937,1.0,0.8809523809523809,18042
classification,RFECA_SVR(k=20),EnsembleSoft,0.0,0,1,0.8726542614495549,0.8678884711779449,1286,322,"{'Basal': 167, 'Her2': 179, 'LumA': 560, 'LumB': 380}","{'Basal': 42, 'Her2': 45, 'LumA': 140, 'LumB': 95}",4,False,0.9124087591240876,0.9328358208955224,0.8928571428571429,0.88,0.8380952380952381,0.9263157894736842,0.8297872340425532,0.7959183673469388,0.8666666666666667,0.868421052631579,0.9705882352941176,0.7857142857142857,18042
classification,RFECA_SVR(k=20),EnsembleSoft,0.0,0,2,0.9124523158699873,0.8965956558061822,1286,322,"{'Basal': 167, 'Her2': 179, 'LumA': 560, 'LumB': 380}","{'Basal': 42, 'Her2': 45, 'LumA': 140, 'LumB': 95}",4,False,0.9387755102040817,0.8961038961038961,0.9857142857142858,0.9021739130434783,0.9325842696629213,0.8736842105263158,0.8705882352941177,0.925,0.8222222222222222,0.9382716049382716,0.9743589743589743,0.9047619047619048,18042
classification,RFECA_SVR(k=20),EnsembleSoft,0.0,0,3,0.8801446219833877,0.8765977443609023,1286,322,"{'Basal': 167, 'Her2': 179, 'LumA': 560, 'LumB': 380}","{'Basal': 42, 'Her2': 45, 'LumA': 140, 'LumB': 95}",4,False,0.9225352112676056,0.9097222222222222,0.9357142857142857,0.8556149732620321,0.8695652173913043,0.8421052631578947,0.7912087912087912,0.782608695652174,0.8,0.9512195121951219,0.975,0.9285714285714286,18042
classification,RFECA_SVR(k=20),EnsembleSoft,0.0,0,4,0.883751255883811,0.8779165902561281,1287,321,"{'Basal': 168, 'Her2': 179, 'LumA': 560, 'LumB': 380}","{'Basal': 41, 'Her2': 45, 'LumA': 140, 'LumB': 95}",4,False,0.9323843416370107,0.9290780141843972,0.9357142857142857,0.8969072164948454,0.8787878787878788,0.9157894736842105,0.7674418604651163,0.8048780487804879,0.7333333333333333,0.9382716049382716,0.95,0.926829268292683,18042
classification,RFECA_SVR(k=20),EnsembleSoft,0.0,0,5,0.8806775926001528,0.8572339940760993,1287,321,"{'Basal': 167, 'Her2': 180, 'LumA': 560, 'LumB': 380}","{'Basal': 42, 'Her2': 44, 'LumA': 140, 'LumB': 95}",4,False,0.9220338983050848,0.8774193548387097,0.9714285714285714,0.8947368421052632,0.8947368421052632,0.8947368421052632,0.7692307692307693,0.8823529411764706,0.6818181818181818,0.9367088607594937,1.0,0.8809523809523809,18042
classification,MissForest,EnsembleSoft,0.0,0,1,0.8726542614495549,0.8678884711779449,1286,322,"{'Basal': 167, 'Her2': 179, 'LumA': 560, 'LumB': 380}","{'Basal': 42, 'Her2': 45, 'LumA': 140, 'LumB': 95}",4,False,0.9124087591240876,0.9328358208955224,0.8928571428571429,0.88,0.8380952380952381,0.9263157894736842,0.8297872340425532,0.7959183673469388,0.8666666666666667,0.868421052631579,0.9705882352941176,0.7857142857142857,18042
classification,MissForest,EnsembleSoft,0.0,0,2,0.9124523158699873,0.8965956558061822,1286,322,"{'Basal': 167, 'Her2': 179, 'LumA': 560, 'LumB': 380}","{'Basal': 42, 'Her2': 45, 'LumA': 140, 'LumB': 95}",4,False,0.9387755102040817,0.8961038961038961,0.9857142857142858,0.9021739130434783,0.9325842696629213,0.8736842105263158,0.8705882352941177,0.925,0.8222222222222222,0.9382716049382716,0.9743589743589743,0.9047619047619048,18042
classification,MissForest,EnsembleSoft,0.0,0,3,0.8801446219833877,0.8765977443609023,1286,322,"{'Basal': 167, 'Her2': 179, 'LumA': 560, 'LumB': 380}","{'Basal': 42, 'Her2': 45, 'LumA': 140, 'LumB': 95}",4,False,0.9225352112676056,0.9097222222222222,0.9357142857142857,0.8556149732620321,0.8695652173913043,0.8421052631578947,0.7912087912087912,0.782608695652174,0.8,0.9512195121951219,0.975,0.9285714285714286,18042
classification,MissForest,EnsembleSoft,0.0,0,4,0.883751255883811,0.8779165902561281,1287,321,"{'Basal': 168, 'Her2': 179, 'LumA': 560, 'LumB': 380}","{'Basal': 41, 'Her2': 45, 'LumA': 140, 'LumB': 95}",4,False,0.9323843416370107,0.9290780141843972,0.9357142857142857,0.8969072164948454,0.8787878787878788,0.9157894736842105,0.7674418604651163,0.8048780487804879,0.7333333333333333,0.9382716049382716,0.95,0.926829268292683,18042
classification,MissForest,EnsembleSoft,0.0,0,5,0.8806775926001528,0.8572339940760993,1287,321,"{'Basal': 167, 'Her2': 180, 'LumA': 560, 'LumB': 380}","{'Basal': 42, 'Her2': 44, 'LumA': 140, 'LumB': 95}",4,False,0.9220338983050848,0.8774193548387097,0.9714285714285714,0.8947368421052632,0.8947368421052632,0.8947368421052632,0.7692307692307693,0.8823529411764706,0.6818181818181818,0.9367088607594937,1.0,0.8809523809523809,18042
classification,SimpleMean,EnsembleSoft,0.0,1,1,0.8726542614495549,0.8678884711779449,1286,322,"{'Basal': 167, 'Her2': 179, 'LumA': 560, 'LumB': 380}","{'Basal': 42, 'Her2': 45, 'LumA': 140, 'LumB': 95}",4,False,0.9124087591240876,0.9328358208955224,0.8928571428571429,0.88,0.8380952380952381,0.9263157894736842,0.8297872340425532,0.7959183673469388,0.8666666666666667,0.868421052631579,0.9705882352941176,0.7857142857142857,18043
classification,SimpleMean,EnsembleSoft,0.0,1,2,0.9124523158699873,0.8965956558061822,1286,322,"{'Basal': 167, 'Her2': 179, 'LumA': 560, 'LumB': 380}","{'Basal': 42, 'Her2': 45, 'LumA': 140, 'LumB': 95}",4,False,0.9387755102040817,0.8961038961038961,0.9857142857142858,0.9021739130434783,0.9325842696629213,0.8736842105263158,0.8705882352941177,0.925,0.8222222222222222,0.9382716049382716,0.9743589743589743,0.9047619047619048,18043
classification,SimpleMean,EnsembleSoft,0.0,1,3,0.8801446219833877,0.8765977443609023,1286,322,"{'Basal': 167, 'Her2': 179, 'LumA': 560, 'LumB': 380}","{'Basal': 42, 'Her2': 45, 'LumA': 140, 'LumB': 95}",4,False,0.9225352112676056,0.9097222222222222,0.9357142857142857,0.8556149732620321,0.8695652173913043,0.8421052631578947,0.7912087912087912,0.782608695652174,0.8,0.9512195121951219,0.975,0.9285714285714286,18043
classification,SimpleMean,EnsembleSoft,0.0,1,4,0.883751255883811,0.8779165902561281,1287,321,"{'Basal': 168, 'Her2': 179, 'LumA': 560, 'LumB': 380}","{'Basal': 41, 'Her2': 45, 'LumA': 140, 'LumB': 95}",4,False,0.9323843416370107,0.9290780141843972,0.9357142857142857,0.8969072164948454,0.8787878787878788,0.9157894736842105,0.7674418604651163,0.8048780487804879,0.7333333333333333,0.9382716049382716,0.95,0.926829268292683,18043
classification,SimpleMean,EnsembleSoft,0.0,1,5,0.8806775926001528,0.8572339940760993,1287,321,"{'Basal': 167, 'Her2': 180, 'LumA': 560, 'LumB': 380}","{'Basal': 42, 'Her2': 44, 'LumA': 140, 'LumB': 95}",4,False,0.9220338983050848,0.8774193548387097,0.9714285714285714,0.8947368421052632,0.8947368421052632,0.8947368421052632,0.7692307692307693,0.8823529411764706,0.6818181818181818,0.9367088607594937,1.0,0.8809523809523809,18043
classification,"KNN(k=5,dist)",EnsembleSoft,0.0,1,1,0.8726542614495549,0.8678884711779449,1286,322,"{'Basal': 167, 'Her2': 179, 'LumA': 560, 'LumB': 380}","{'Basal': 42, 'Her2': 45, 'LumA': 140, 'LumB': 95}",4,False,0.9124087591240876,0.9328358208955224,0.8928571428571429,0.88,0.8380952380952381,0.9263157894736842,0.8297872340425532,0.7959183673469388,0.8666666666666667,0.868421052631579,0.9705882352941176,0.7857142857142857,18043
classification,"KNN(k=5,dist)",EnsembleSoft,0.0,1,2,0.9124523158699873,0.8965956558061822,1286,322,"{'Basal': 167, 'Her2': 179, 'LumA': 560, 'LumB': 380}","{'Basal': 42, 'Her2': 45, 'LumA': 140, 'LumB': 95}",4,False,0.9387755102040817,0.8961038961038961,0.9857142857142858,0.9021739130434783,0.9325842696629213,0.8736842105263158,0.8705882352941177,0.925,0.8222222222222222,0.9382716049382716,0.9743589743589743,0.9047619047619048,18043
classification,"KNN(k=5,dist)",EnsembleSoft,0.0,1,3,0.8801446219833877,0.8765977443609023,1286,322,"{'Basal': 167, 'Her2': 179, 'LumA': 560, 'LumB': 380}","{'Basal': 42, 'Her2': 45, 'LumA': 140, 'LumB': 95}",4,False,0.9225352112676056,0.9097222222222222,0.9357142857142857,0.8556149732620321,0.8695652173913043,0.8421052631578947,0.7912087912087912,0.782608695652174,0.8,0.9512195121951219,0.975,0.9285714285714286,18043
classification,"KNN(k=5,dist)",EnsembleSoft,0.0,1,4,0.883751255883811,0.8779165902561281,1287,321,"{'Basal': 168, 'Her2': 179, 'LumA': 560, 'LumB': 380}","{'Basal': 41, 'Her2': 45, 'LumA': 140, 'LumB': 95}",4,False,0.9323843416370107,0.9290780141843972,0.9357142857142857,0.8969072164948454,0.8787878787878788,0.9157894736842105,0.7674418604651163,0.8048780487804879,0.7333333333333333,0.9382716049382716,0.95,0.926829268292683,18043
classification,"KNN(k=5,dist)",EnsembleSoft,0.0,1,5,0.8806775926001528,0.8572339940760993,1287,321,"{'Basal': 167, 'Her2': 180, 'LumA': 560, 'LumB': 380}","{'Basal': 42, 'Her2': 44, 'LumA': 140, 'LumB': 95}",4,False,0.9220338983050848,0.8774193548387097,0.9714285714285714,0.8947368421052632,0.8947368421052632,0.8947368421052632,0.7692307692307693,0.8823529411764706,0.6818181818181818,0.9367088607594937,1.0,0.8809523809523809,18043
classification,RFECA_SVR(k=5),EnsembleSoft,0.0,1,1,0.8726542614495549,0.8678884711779449,1286,322,"{'Basal': 167, 'Her2': 179, 'LumA': 560, 'LumB': 380}","{'Basal': 42, 'Her2': 45, 'LumA': 140, 'LumB': 95}",4,False,0.9124087591240876,0.9328358208955224,0.8928571428571429,0.88,0.8380952380952381,0.9263157894736842,0.8297872340425532,0.7959183673469388,0.8666666666666667,0.868421052631579,0.9705882352941176,0.7857142857142857,18043
classification,RFECA_SVR(k=5),EnsembleSoft,0.0,1,2,0.9124523158699873,0.8965956558061822,1286,322,"{'Basal': 167, 'Her2': 179, 'LumA': 560, 'LumB': 380}","{'Basal': 42, 'Her2': 45, 'LumA': 140, 'LumB': 95}",4,False,0.9387755102040817,0.8961038961038961,0.9857142857142858,0.9021739130434783,0.9325842696629213,0.8736842105263158,0.8705882352941177,0.925,0.8222222222222222,0.9382716049382716,0.9743589743589743,0.9047619047619048,18043
classification,RFECA_SVR(k=5),EnsembleSoft,0.0,1,3,0.8801446219833877,0.8765977443609023,1286,322,"{'Basal': 167, 'Her2': 179, 'LumA': 560, 'LumB': 380}","{'Basal': 42, 'Her2': 45, 'LumA': 140, 'LumB': 95}",4,False,0.9225352112676056,0.9097222222222222,0.9357142857142857,0.8556149732620321,0.8695652173913043,0.8421052631578947,0.7912087912087912,0.782608695652174,0.8,0.9512195121951219,0.975,0.9285714285714286,18043
classification,RFECA_SVR(k=5),EnsembleSoft,0.0,1,4,0.883751255883811,0.8779165902561281,1287,321,"{'Basal': 168, 'Her2': 179, 'LumA': 560, 'LumB': 380}","{'Basal': 41, 'Her2': 45, 'LumA': 140, 'LumB': 95}",4,False,0.9323843416370107,0.9290780141843972,0.9357142857142857,0.8969072164948454,0.8787878787878788,0.9157894736842105,0.7674418604651163,0.8048780487804879,0.7333333333333333,0.9382716049382716,0.95,0.926829268292683,18043
classification,RFECA_SVR(k=5),EnsembleSoft,0.0,1,5,0.8806775926001528,0.8572339940760993,1287,321,"{'Basal': 167, 'Her2': 180, 'LumA': 560, 'LumB': 380}","{'Basal': 42, 'Her2': 44, 'LumA': 140, 'LumB': 95}",4,False,0.9220338983050848,0.8774193548387097,0.9714285714285714,0.8947368421052632,0.8947368421052632,0.8947368421052632,0.7692307692307693,0.8823529411764706,0.6818181818181818,0.9367088607594937,1.0,0.8809523809523809,18043
classification,RFECA_SVR(k=10),EnsembleSoft,0.0,1,1,0.8726542614495549,0.8678884711779449,1286,322,"{'Basal': 167, 'Her2': 179, 'LumA': 560, 'LumB': 380}","{'Basal': 42, 'Her2': 45, 'LumA': 140, 'LumB': 95}",4,False,0.9124087591240876,0.9328358208955224,0.8928571428571429,0.88,0.8380952380952381,0.9263157894736842,0.8297872340425532,0.7959183673469388,0.8666666666666667,0.868421052631579,0.9705882352941176,0.7857142857142857,18043
classification,RFECA_SVR(k=10),EnsembleSoft,0.0,1,2,0.9124523158699873,0.8965956558061822,1286,322,"{'Basal': 167, 'Her2': 179, 'LumA': 560, 'LumB': 380}","{'Basal': 42, 'Her2': 45, 'LumA': 140, 'LumB': 95}",4,False,0.9387755102040817,0.8961038961038961,0.9857142857142858,0.9021739130434783,0.9325842696629213,0.8736842105263158,0.8705882352941177,0.925,0.8222222222222222,0.9382716049382716,0.9743589743589743,0.9047619047619048,18043
classification,RFECA_SVR(k=10),EnsembleSoft,0.0,1,3,0.8801446219833877,0.8765977443609023,1286,322,"{'Basal': 167, 'Her2': 179, 'LumA': 560, 'LumB': 380}","{'Basal': 42, 'Her2': 45, 'LumA': 140, 'LumB': 95}",4,False,0.9225352112676056,0.9097222222222222,0.9357142857142857,0.8556149732620321,0.8695652173913043,0.8421052631578947,0.7912087912087912,0.782608695652174,0.8,0.9512195121951219,0.975,0.9285714285714286,18043
classification,RFECA_SVR(k=10),EnsembleSoft,0.0,1,4,0.883751255883811,0.8779165902561281,1287,321,"{'Basal': 168, 'Her2': 179, 'LumA': 560, 'LumB': 380}","{'Basal': 41, 'Her2': 45, 'LumA': 140, 'LumB': 95}",4,False,0.9323843416370107,0.9290780141843972,0.9357142857142857,0.8969072164948454,0.8787878787878788,0.9157894736842105,0.7674418604651163,0.8048780487804879,0.7333333333333333,0.9382716049382716,0.95,0.926829268292683,18043
classification,RFECA_SVR(k=10),EnsembleSoft,0.0,1,5,0.8806775926001528,0.8572339940760993,1287,321,"{'Basal': 167, 'Her2': 180, 'LumA': 560, 'LumB': 380}","{'Basal': 42, 'Her2': 44, 'LumA': 140, 'LumB': 95}",4,False,0.9220338983050848,0.8774193548387097,0.9714285714285714,0.8947368421052632,0.8947368421052632,0.8947368421052632,0.7692307692307693,0.8823529411764706,0.6818181818181818,0.9367088607594937,1.0,0.8809523809523809,18043
classification,RFECA_SVR(k=20),EnsembleSoft,0.0,1,1,0.8726542614495549,0.8678884711779449,1286,322,"{'Basal': 167, 'Her2': 179, 'LumA': 560, 'LumB': 380}","{'Basal': 42, 'Her2': 45, 'LumA': 140, 'LumB': 95}",4,False,0.9124087591240876,0.9328358208955224,0.8928571428571429,0.88,0.8380952380952381,0.9263157894736842,0.8297872340425532,0.7959183673469388,0.8666666666666667,0.868421052631579,0.9705882352941176,0.7857142857142857,18043
classification,RFECA_SVR(k=20),EnsembleSoft,0.0,1,2,0.9124523158699873,0.8965956558061822,1286,322,"{'Basal': 167, 'Her2': 179, 'LumA': 560, 'LumB': 380}","{'Basal': 42, 'Her2': 45, 'LumA': 140, 'LumB': 95}",4,False,0.9387755102040817,0.8961038961038961,0.9857142857142858,0.9021739130434783,0.9325842696629213,0.8736842105263158,0.8705882352941177,0.925,0.8222222222222222,0.9382716049382716,0.9743589743589743,0.9047619047619048,18043
classification,RFECA_SVR(k=20),EnsembleSoft,0.0,1,3,0.8801446219833877,0.8765977443609023,1286,322,"{'Basal': 167, 'Her2': 179, 'LumA': 560, 'LumB': 380}","{'Basal': 42, 'Her2': 45, 'LumA': 140, 'LumB': 95}",4,False,0.9225352112676056,0.9097222222222222,0.9357142857142857,0.8556149732620321,0.8695652173913043,0.8421052631578947,0.7912087912087912,0.782608695652174,0.8,0.9512195121951219,0.975,0.9285714285714286,18043
classification,RFECA_SVR(k=20),EnsembleSoft,0.0,1,4,0.883751255883811,0.8779165902561281,1287,321,"{'Basal': 168, 'Her2': 179, 'LumA': 560, 'LumB': 380}","{'Basal': 41, 'Her2': 45, 'LumA': 140, 'LumB': 95}",4,False,0.9323843416370107,0.9290780141843972,0.9357142857142857,0.8969072164948454,0.8787878787878788,0.9157894736842105,0.7674418604651163,0.8048780487804879,0.7333333333333333,0.9382716049382716,0.95,0.926829268292683,18043
classification,RFECA_SVR(k=20),EnsembleSoft,0.0,1,5,0.8806775926001528,0.8572339940760993,1287,321,"{'Basal': 167, 'Her2': 180, 'LumA': 560, 'LumB': 380}","{'Basal': 42, 'Her2': 44, 'LumA': 140, 'LumB': 95}",4,False,0.9220338983050848,0.8774193548387097,0.9714285714285714,0.8947368421052632,0.8947368421052632,0.8947368421052632,0.7692307692307693,0.8823529411764706,0.6818181818181818,0.9367088607594937,1.0,0.8809523809523809,18043
classification,MissForest,EnsembleSoft,0.0,1,1,0.8726542614495549,0.8678884711779449,1286,322,"{'Basal': 167, 'Her2': 179, 'LumA': 560, 'LumB': 380}","{'Basal': 42, 'Her2': 45, 'LumA': 140, 'LumB': 95}",4,False,0.9124087591240876,0.9328358208955224,0.8928571428571429,0.88,0.8380952380952381,0.9263157894736842,0.8297872340425532,0.7959183673469388,0.8666666666666667,0.868421052631579,0.9705882352941176,0.7857142857142857,18043
classification,MissForest,EnsembleSoft,0.0,1,2,0.9124523158699873,0.8965956558061822,1286,322,"{'Basal': 167, 'Her2': 179, 'LumA': 560, 'LumB': 380}","{'Basal': 42, 'Her2': 45, 'LumA': 140, 'LumB': 95}",4,False,0.9387755102040817,0.8961038961038961,0.9857142857142858,0.9021739130434783,0.9325842696629213,0.8736842105263158,0.8705882352941177,0.925,0.8222222222222222,0.9382716049382716,0.9743589743589743,0.9047619047619048,18043
classification,MissForest,EnsembleSoft,0.0,1,3,0.8801446219833877,0.8765977443609023,1286,322,"{'Basal': 167, 'Her2': 179, 'LumA': 560, 'LumB': 380}","{'Basal': 42, 'Her2': 45, 'LumA': 140, 'LumB': 95}",4,False,0.9225352112676056,0.9097222222222222,0.9357142857142857,0.8556149732620321,0.8695652173913043,0.8421052631578947,0.7912087912087912,0.782608695652174,0.8,0.9512195121951219,0.975,0.9285714285714286,18043
classification,MissForest,EnsembleSoft,0.0,1,4,0.883751255883811,0.8779165902561281,1287,321,"{'Basal': 168, 'Her2': 179, 'LumA': 560, 'LumB': 380}","{'Basal': 41, 'Her2': 45, 'LumA': 140, 'LumB': 95}",4,False,0.9323843416370107,0.9290780141843972,0.9357142857142857,0.8969072164948454,0.8787878787878788,0.9157894736842105,0.7674418604651163,0.8048780487804879,0.7333333333333333,0.9382716049382716,0.95,0.926829268292683,18043
classification,MissForest,EnsembleSoft,0.0,1,5,0.8806775926001528,0.8572339940760993,1287,321,"{'Basal': 167, 'Her2': 180, 'LumA': 560, 'LumB': 380}","{'Basal': 42, 'Her2': 44, 'LumA': 140, 'LumB': 95}",4,False,0.9220338983050848,0.8774193548387097,0.9714285714285714,0.8947368421052632,0.8947368421052632,0.8947368421052632,0.7692307692307693,0.8823529411764706,0.6818181818181818,0.9367088607594937,1.0,0.8809523809523809,18043
classification,SimpleMean,EnsembleSoft,0.0,2,1,0.8726542614495549,0.8678884711779449,1286,322,"{'Basal': 167, 'Her2': 179, 'LumA': 560, 'LumB': 380}","{'Basal': 42, 'Her2': 45, 'LumA': 140, 'LumB': 95}",4,False,0.9124087591240876,0.9328358208955224,0.8928571428571429,0.88,0.8380952380952381,0.9263157894736842,0.8297872340425532,0.7959183673469388,0.8666666666666667,0.868421052631579,0.9705882352941176,0.7857142857142857,18044
classification,SimpleMean,EnsembleSoft,0.0,2,2,0.9124523158699873,0.8965956558061822,1286,322,"{'Basal': 167, 'Her2': 179, 'LumA': 560, 'LumB': 380}","{'Basal': 42, 'Her2': 45, 'LumA': 140, 'LumB': 95}",4,False,0.9387755102040817,0.8961038961038961,0.9857142857142858,0.9021739130434783,0.9325842696629213,0.8736842105263158,0.8705882352941177,0.925,0.8222222222222222,0.9382716049382716,0.9743589743589743,0.9047619047619048,18044
classification,SimpleMean,EnsembleSoft,0.0,2,3,0.8801446219833877,0.8765977443609023,1286,322,"{'Basal': 167, 'Her2': 179, 'LumA': 560, 'LumB': 380}","{'Basal': 42, 'Her2': 45, 'LumA': 140, 'LumB': 95}",4,False,0.9225352112676056,0.9097222222222222,0.9357142857142857,0.8556149732620321,0.8695652173913043,0.8421052631578947,0.7912087912087912,0.782608695652174,0.8,0.9512195121951219,0.975,0.9285714285714286,18044
classification,SimpleMean,EnsembleSoft,0.0,2,4,0.883751255883811,0.8779165902561281,1287,321,"{'Basal': 168, 'Her2': 179, 'LumA': 560, 'LumB': 380}","{'Basal': 41, 'Her2': 45, 'LumA': 140, 'LumB': 95}",4,False,0.9323843416370107,0.9290780141843972,0.9357142857142857,0.8969072164948454,0.8787878787878788,0.9157894736842105,0.7674418604651163,0.8048780487804879,0.7333333333333333,0.9382716049382716,0.95,0.926829268292683,18044
classification,SimpleMean,EnsembleSoft,0.0,2,5,0.8806775926001528,0.8572339940760993,1287,321,"{'Basal': 167, 'Her2': 180, 'LumA': 560, 'LumB': 380}","{'Basal': 42, 'Her2': 44, 'LumA': 140, 'LumB': 95}",4,False,0.9220338983050848,0.8774193548387097,0.9714285714285714,0.8947368421052632,0.8947368421052632,0.8947368421052632,0.7692307692307693,0.8823529411764706,0.6818181818181818,0.9367088607594937,1.0,0.8809523809523809,18044
classification,"KNN(k=5,dist)",EnsembleSoft,0.0,2,1,0.8726542614495549,0.8678884711779449,1286,322,"{'Basal': 167, 'Her2': 179, 'LumA': 560, 'LumB': 380}","{'Basal': 42, 'Her2': 45, 'LumA': 140, 'LumB': 95}",4,False,0.9124087591240876,0.9328358208955224,0.8928571428571429,0.88,0.8380952380952381,0.9263157894736842,0.8297872340425532,0.7959183673469388,0.8666666666666667,0.868421052631579,0.9705882352941176,0.7857142857142857,18044
classification,"KNN(k=5,dist)",EnsembleSoft,0.0,2,2,0.9124523158699873,0.8965956558061822,1286,322,"{'Basal': 167, 'Her2': 179, 'LumA': 560, 'LumB': 380}","{'Basal': 42, 'Her2': 45, 'LumA': 140, 'LumB': 95}",4,False,0.9387755102040817,0.8961038961038961,0.9857142857142858,0.9021739130434783,0.9325842696629213,0.8736842105263158,0.8705882352941177,0.925,0.8222222222222222,0.9382716049382716,0.9743589743589743,0.9047619047619048,18044
classification,"KNN(k=5,dist)",EnsembleSoft,0.0,2,3,0.8801446219833877,0.8765977443609023,1286,322,"{'Basal': 167, 'Her2': 179, 'LumA': 560, 'LumB': 380}","{'Basal': 42, 'Her2': 45, 'LumA': 140, 'LumB': 95}",4,False,0.9225352112676056,0.9097222222222222,0.9357142857142857,0.8556149732620321,0.8695652173913043,0.8421052631578947,0.7912087912087912,0.782608695652174,0.8,0.9512195121951219,0.975,0.9285714285714286,18044
classification,"KNN(k=5,dist)",EnsembleSoft,0.0,2,4,0.883751255883811,0.8779165902561281,1287,321,"{'Basal': 168, 'Her2': 179, 'LumA': 560, 'LumB': 380}","{'Basal': 41, 'Her2': 45, 'LumA': 140, 'LumB': 95}",4,False,0.9323843416370107,0.9290780141843972,0.9357142857142857,0.8969072164948454,0.8787878787878788,0.9157894736842105,0.7674418604651163,0.8048780487804879,0.7333333333333333,0.9382716049382716,0.95,0.926829268292683,18044
classification,"KNN(k=5,dist)",EnsembleSoft,0.0,2,5,0.8806775926001528,0.8572339940760993,1287,321,"{'Basal': 167, 'Her2': 180, 'LumA': 560, 'LumB': 380}","{'Basal': 42, 'Her2': 44, 'LumA': 140, 'LumB': 95}",4,False,0.9220338983050848,0.8774193548387097,0.9714285714285714,0.8947368421052632,0.8947368421052632,0.8947368421052632,0.7692307692307693,0.8823529411764706,0.6818181818181818,0.9367088607594937,1.0,0.8809523809523809,18044
classification,RFECA_SVR(k=5),EnsembleSoft,0.0,2,1,0.8726542614495549,0.8678884711779449,1286,322,"{'Basal': 167, 'Her2': 179, 'LumA': 560, 'LumB': 380}","{'Basal': 42, 'Her2': 45, 'LumA': 140, 'LumB': 95}",4,False,0.9124087591240876,0.9328358208955224,0.8928571428571429,0.88,0.8380952380952381,0.9263157894736842,0.8297872340425532,0.7959183673469388,0.8666666666666667,0.868421052631579,0.9705882352941176,0.7857142857142857,18044
classification,RFECA_SVR(k=5),EnsembleSoft,0.0,2,2,0.9124523158699873,0.8965956558061822,1286,322,"{'Basal': 167, 'Her2': 179, 'LumA': 560, 'LumB': 380}","{'Basal': 42, 'Her2': 45, 'LumA': 140, 'LumB': 95}",4,False,0.9387755102040817,0.8961038961038961,0.9857142857142858,0.9021739130434783,0.9325842696629213,0.8736842105263158,0.8705882352941177,0.925,0.8222222222222222,0.9382716049382716,0.9743589743589743,0.9047619047619048,18044
classification,RFECA_SVR(k=5),EnsembleSoft,0.0,2,3,0.8801446219833877,0.8765977443609023,1286,322,"{'Basal': 167, 'Her2': 179, 'LumA': 560, 'LumB': 380}","{'Basal': 42, 'Her2': 45, 'LumA': 140, 'LumB': 95}",4,False,0.9225352112676056,0.9097222222222222,0.9357142857142857,0.8556149732620321,0.8695652173913043,0.8421052631578947,0.7912087912087912,0.782608695652174,0.8,0.9512195121951219,0.975,0.9285714285714286,18044
classification,RFECA_SVR(k=5),EnsembleSoft,0.0,2,4,0.883751255883811,0.8779165902561281,1287,321,"{'Basal': 168, 'Her2': 179, 'LumA': 560, 'LumB': 380}","{'Basal': 41, 'Her2': 45, 'LumA': 140, 'LumB': 95}",4,False,0.9323843416370107,0.9290780141843972,0.9357142857142857,0.8969072164948454,0.8787878787878788,0.9157894736842105,0.7674418604651163,0.8048780487804879,0.7333333333333333,0.9382716049382716,0.95,0.926829268292683,18044
classification,RFECA_SVR(k=5),EnsembleSoft,0.0,2,5,0.8806775926001528,0.8572339940760993,1287,321,"{'Basal': 167, 'Her2': 180, 'LumA': 560, 'LumB': 380}","{'Basal': 42, 'Her2': 44, 'LumA': 140, 'LumB': 95}",4,False,0.9220338983050848,0.8774193548387097,0.9714285714285714,0.8947368421052632,0.8947368421052632,0.8947368421052632,0.7692307692307693,0.8823529411764706,0.6818181818181818,0.9367088607594937,1.0,0.8809523809523809,18044
classification,RFECA_SVR(k=10),EnsembleSoft,0.0,2,1,0.8726542614495549,0.8678884711779449,1286,322,"{'Basal': 167, 'Her2': 179, 'LumA': 560, 'LumB': 380}","{'Basal': 42, 'Her2': 45, 'LumA': 140, 'LumB': 95}",4,False,0.9124087591240876,0.9328358208955224,0.8928571428571429,0.88,0.8380952380952381,0.9263157894736842,0.8297872340425532,0.7959183673469388,0.8666666666666667,0.868421052631579,0.9705882352941176,0.7857142857142857,18044
classification,RFECA_SVR(k=10),EnsembleSoft,0.0,2,2,0.9124523158699873,0.8965956558061822,1286,322,"{'Basal': 167, 'Her2': 179, 'LumA': 560, 'LumB': 380}","{'Basal': 42, 'Her2': 45, 'LumA': 140, 'LumB': 95}",4,False,0.9387755102040817,0.8961038961038961,0.9857142857142858,0.9021739130434783,0.9325842696629213,0.8736842105263158,0.8705882352941177,0.925,0.8222222222222222,0.9382716049382716,0.9743589743589743,0.9047619047619048,18044
classification,RFECA_SVR(k=10),EnsembleSoft,0.0,2,3,0.8801446219833877,0.8765977443609023,1286,322,"{'Basal': 167, 'Her2': 179, 'LumA': 560, 'LumB': 380}","{'Basal': 42, 'Her2': 45, 'LumA': 140, 'LumB': 95}",4,False,0.9225352112676056,0.9097222222222222,0.9357142857142857,0.8556149732620321,0.8695652173913043,0.8421052631578947,0.7912087912087912,0.782608695652174,0.8,0.9512195121951219,0.975,0.9285714285714286,18044
classification,RFECA_SVR(k=10),EnsembleSoft,0.0,2,4,0.883751255883811,0.8779165902561281,1287,321,"{'Basal': 168, 'Her2': 179, 'LumA': 560, 'LumB': 380}","{'Basal': 41, 'Her2': 45, 'LumA': 140, 'LumB': 95}",4,False,0.9323843416370107,0.9290780141843972,0.9357142857142857,0.8969072164948454,0.8787878787878788,0.9157894736842105,0.7674418604651163,0.8048780487804879,0.7333333333333333,0.9382716049382716,0.95,0.926829268292683,18044
classification,RFECA_SVR(k=10),EnsembleSoft,0.0,2,5,0.8806775926001528,0.8572339940760993,1287,321,"{'Basal': 167, 'Her2': 180, 'LumA': 560, 'LumB': 380}","{'Basal': 42, 'Her2': 44, 'LumA': 140, 'LumB': 95}",4,False,0.9220338983050848,0.8774193548387097,0.9714285714285714,0.8947368421052632,0.8947368421052632,0.8947368421052632,0.7692307692307693,0.8823529411764706,0.6818181818181818,0.9367088607594937,1.0,0.8809523809523809,18044
classification,RFECA_SVR(k=20),EnsembleSoft,0.0,2,1,0.8726542614495549,0.8678884711779449,1286,322,"{'Basal': 167, 'Her2': 179, 'LumA': 560, 'LumB': 380}","{'Basal': 42, 'Her2': 45, 'LumA': 140, 'LumB': 95}",4,False,0.9124087591240876,0.9328358208955224,0.8928571428571429,0.88,0.8380952380952381,0.9263157894736842,0.8297872340425532,0.7959183673469388,0.8666666666666667,0.868421052631579,0.9705882352941176,0.7857142857142857,18044
classification,RFECA_SVR(k=20),EnsembleSoft,0.0,2,2,0.9124523158699873,0.8965956558061822,1286,322,"{'Basal': 167, 'Her2': 179, 'LumA': 560, 'LumB': 380}","{'Basal': 42, 'Her2': 45, 'LumA': 140, 'LumB': 95}",4,False,0.9387755102040817,0.8961038961038961,0.9857142857142858,0.9021739130434783,0.9325842696629213,0.8736842105263158,0.8705882352941177,0.925,0.8222222222222222,0.9382716049382716,0.9743589743589743,0.9047619047619048,18044
classification,RFECA_SVR(k=20),EnsembleSoft,0.0,2,3,0.8801446219833877,0.8765977443609023,1286,322,"{'Basal': 167, 'Her2': 179, 'LumA': 560, 'LumB': 380}","{'Basal': 42, 'Her2': 45, 'LumA': 140, 'LumB': 95}",4,False,0.9225352112676056,0.9097222222222222,0.9357142857142857,0.8556149732620321,0.8695652173913043,0.8421052631578947,0.7912087912087912,0.782608695652174,0.8,0.9512195121951219,0.975,0.9285714285714286,18044
classification,RFECA_SVR(k=20),EnsembleSoft,0.0,2,4,0.883751255883811,0.8779165902561281,1287,321,"{'Basal': 168, 'Her2': 179, 'LumA': 560, 'LumB': 380}","{'Basal': 41, 'Her2': 45, 'LumA': 140, 'LumB': 95}",4,False,0.9323843416370107,0.9290780141843972,0.9357142857142857,0.8969072164948454,0.8787878787878788,0.9157894736842105,0.7674418604651163,0.8048780487804879,0.7333333333333333,0.9382716049382716,0.95,0.926829268292683,18044
classification,RFECA_SVR(k=20),EnsembleSoft,0.0,2,5,0.8806775926001528,0.8572339940760993,1287,321,"{'Basal': 167, 'Her2': 180, 'LumA': 560, 'LumB': 380}","{'Basal': 42, 'Her2': 44, 'LumA': 140, 'LumB': 95}",4,False,0.9220338983050848,0.8774193548387097,0.9714285714285714,0.8947368421052632,0.8947368421052632,0.8947368421052632,0.7692307692307693,0.8823529411764706,0.6818181818181818,0.9367088607594937,1.0,0.8809523809523809,18044
classification,MissForest,EnsembleSoft,0.0,2,1,0.8726542614495549,0.8678884711779449,1286,322,"{'Basal': 167, 'Her2': 179, 'LumA': 560, 'LumB': 380}","{'Basal': 42, 'Her2': 45, 'LumA': 140, 'LumB': 95}",4,False,0.9124087591240876,0.9328358208955224,0.8928571428571429,0.88,0.8380952380952381,0.9263157894736842,0.8297872340425532,0.7959183673469388,0.8666666666666667,0.868421052631579,0.9705882352941176,0.7857142857142857,18044
classification,MissForest,EnsembleSoft,0.0,2,2,0.9124523158699873,0.8965956558061822,1286,322,"{'Basal': 167, 'Her2': 179, 'LumA': 560, 'LumB': 380}","{'Basal': 42, 'Her2': 45, 'LumA': 140, 'LumB': 95}",4,False,0.9387755102040817,0.8961038961038961,0.9857142857142858,0.9021739130434783,0.9325842696629213,0.8736842105263158,0.8705882352941177,0.925,0.8222222222222222,0.9382716049382716,0.9743589743589743,0.9047619047619048,18044
classification,MissForest,EnsembleSoft,0.0,2,3,0.8801446219833877,0.8765977443609023,1286,322,"{'Basal': 167, 'Her2': 179, 'LumA': 560, 'LumB': 380}","{'Basal': 42, 'Her2': 45, 'LumA': 140, 'LumB': 95}",4,False,0.9225352112676056,0.9097222222222222,0.9357142857142857,0.8556149732620321,0.8695652173913043,0.8421052631578947,0.7912087912087912,0.782608695652174,0.8,0.9512195121951219,0.975,0.9285714285714286,18044
classification,MissForest,EnsembleSoft,0.0,2,4,0.883751255883811,0.8779165902561281,1287,321,"{'Basal': 168, 'Her2': 179, 'LumA': 560, 'LumB': 380}","{'Basal': 41, 'Her2': 45, 'LumA': 140, 'LumB': 95}",4,False,0.9323843416370107,0.9290780141843972,0.9357142857142857,0.8969072164948454,0.8787878787878788,0.9157894736842105,0.7674418604651163,0.8048780487804879,0.7333333333333333,0.9382716049382716,0.95,0.926829268292683,18044
classification,MissForest,EnsembleSoft,0.0,2,5,0.8806775926001528,0.8572339940760993,1287,321,"{'Basal': 167, 'Her2': 180, 'LumA': 560, 'LumB': 380}","{'Basal': 42, 'Her2': 44, 'LumA': 140, 'LumB': 95}",4,False,0.9220338983050848,0.8774193548387097,0.9714285714285714,0.8947368421052632,0.8947368421052632,0.8947368421052632,0.7692307692307693,0.8823529411764706,0.6818181818181818,0.9367088607594937,1.0,0.8809523809523809,18044
classification,SimpleMean,EnsembleSoft,0.0,3,1,0.8726542614495549,0.8678884711779449,1286,322,"{'Basal': 167, 'Her2': 179, 'LumA': 560, 'LumB': 380}","{'Basal': 42, 'Her2': 45, 'LumA': 140, 'LumB': 95}",4,False,0.9124087591240876,0.9328358208955224,0.8928571428571429,0.88,0.8380952380952381,0.9263157894736842,0.8297872340425532,0.7959183673469388,0.8666666666666667,0.868421052631579,0.9705882352941176,0.7857142857142857,18045
classification,SimpleMean,EnsembleSoft,0.0,3,2,0.9124523158699873,0.8965956558061822,1286,322,"{'Basal': 167, 'Her2': 179, 'LumA': 560, 'LumB': 380}","{'Basal': 42, 'Her2': 45, 'LumA': 140, 'LumB': 95}",4,False,0.9387755102040817,0.8961038961038961,0.9857142857142858,0.9021739130434783,0.9325842696629213,0.8736842105263158,0.8705882352941177,0.925,0.8222222222222222,0.9382716049382716,0.9743589743589743,0.9047619047619048,18045
classification,SimpleMean,EnsembleSoft,0.0,3,3,0.8801446219833877,0.8765977443609023,1286,322,"{'Basal': 167, 'Her2': 179, 'LumA': 560, 'LumB': 380}","{'Basal': 42, 'Her2': 45, 'LumA': 140, 'LumB': 95}",4,False,0.9225352112676056,0.9097222222222222,0.9357142857142857,0.8556149732620321,0.8695652173913043,0.8421052631578947,0.7912087912087912,0.782608695652174,0.8,0.9512195121951219,0.975,0.9285714285714286,18045
classification,SimpleMean,EnsembleSoft,0.0,3,4,0.883751255883811,0.8779165902561281,1287,321,"{'Basal': 168, 'Her2': 179, 'LumA': 560, 'LumB': 380}","{'Basal': 41, 'Her2': 45, 'LumA': 140, 'LumB': 95}",4,False,0.9323843416370107,0.9290780141843972,0.9357142857142857,0.8969072164948454,0.8787878787878788,0.9157894736842105,0.7674418604651163,0.8048780487804879,0.7333333333333333,0.9382716049382716,0.95,0.926829268292683,18045
classification,SimpleMean,EnsembleSoft,0.0,3,5,0.8806775926001528,0.8572339940760993,1287,321,"{'Basal': 167, 'Her2': 180, 'LumA': 560, 'LumB': 380}","{'Basal': 42, 'Her2': 44, 'LumA': 140, 'LumB': 95}",4,False,0.9220338983050848,0.8774193548387097,0.9714285714285714,0.8947368421052632,0.8947368421052632,0.8947368421052632,0.7692307692307693,0.8823529411764706,0.6818181818181818,0.9367088607594937,1.0,0.8809523809523809,18045
classification,"KNN(k=5,dist)",EnsembleSoft,0.0,3,1,0.8726542614495549,0.8678884711779449,1286,322,"{'Basal': 167, 'Her2': 179, 'LumA': 560, 'LumB': 380}","{'Basal': 42, 'Her2': 45, 'LumA': 140, 'LumB': 95}",4,False,0.9124087591240876,0.9328358208955224,0.8928571428571429,0.88,0.8380952380952381,0.9263157894736842,0.8297872340425532,0.7959183673469388,0.8666666666666667,0.868421052631579,0.9705882352941176,0.7857142857142857,18045
classification,"KNN(k=5,dist)",EnsembleSoft,0.0,3,2,0.9124523158699873,0.8965956558061822,1286,322,"{'Basal': 167, 'Her2': 179, 'LumA': 560, 'LumB': 380}","{'Basal': 42, 'Her2': 45, 'LumA': 140, 'LumB': 95}",4,False,0.9387755102040817,0.8961038961038961,0.9857142857142858,0.9021739130434783,0.9325842696629213,0.8736842105263158,0.8705882352941177,0.925,0.8222222222222222,0.9382716049382716,0.9743589743589743,0.9047619047619048,18045
classification,"KNN(k=5,dist)",EnsembleSoft,0.0,3,3,0.8801446219833877,0.8765977443609023,1286,322,"{'Basal': 167, 'Her2': 179, 'LumA': 560, 'LumB': 380}","{'Basal': 42, 'Her2': 45, 'LumA': 140, 'LumB': 95}",4,False,0.9225352112676056,0.9097222222222222,0.9357142857142857,0.8556149732620321,0.8695652173913043,0.8421052631578947,0.7912087912087912,0.782608695652174,0.8,0.9512195121951219,0.975,0.9285714285714286,18045
classification,"KNN(k=5,dist)",EnsembleSoft,0.0,3,4,0.883751255883811,0.8779165902561281,1287,321,"{'Basal': 168, 'Her2': 179, 'LumA': 560, 'LumB': 380}","{'Basal': 41, 'Her2': 45, 'LumA': 140, 'LumB': 95}",4,False,0.9323843416370107,0.9290780141843972,0.9357142857142857,0.8969072164948454,0.8787878787878788,0.9157894736842105,0.7674418604651163,0.8048780487804879,0.7333333333333333,0.9382716049382716,0.95,0.926829268292683,18045
classification,"KNN(k=5,dist)",EnsembleSoft,0.0,3,5,0.8806775926001528,0.8572339940760993,1287,321,"{'Basal': 167, 'Her2': 180, 'LumA': 560, 'LumB': 380}","{'Basal': 42, 'Her2': 44, 'LumA': 140, 'LumB': 95}",4,False,0.9220338983050848,0.8774193548387097,0.9714285714285714,0.8947368421052632,0.8947368421052632,0.8947368421052632,0.7692307692307693,0.8823529411764706,0.6818181818181818,0.9367088607594937,1.0,0.8809523809523809,18045
classification,RFECA_SVR(k=5),EnsembleSoft,0.0,3,1,0.8726542614495549,0.8678884711779449,1286,322,"{'Basal': 167, 'Her2': 179, 'LumA': 560, 'LumB': 380}","{'Basal': 42, 'Her2': 45, 'LumA': 140, 'LumB': 95}",4,False,0.9124087591240876,0.9328358208955224,0.8928571428571429,0.88,0.8380952380952381,0.9263157894736842,0.8297872340425532,0.7959183673469388,0.8666666666666667,0.868421052631579,0.9705882352941176,0.7857142857142857,18045
classification,RFECA_SVR(k=5),EnsembleSoft,0.0,3,2,0.9124523158699873,0.8965956558061822,1286,322,"{'Basal': 167, 'Her2': 179, 'LumA': 560, 'LumB': 380}","{'Basal': 42, 'Her2': 45, 'LumA': 140, 'LumB': 95}",4,False,0.9387755102040817,0.8961038961038961,0.9857142857142858,0.9021739130434783,0.9325842696629213,0.8736842105263158,0.8705882352941177,0.925,0.8222222222222222,0.9382716049382716,0.9743589743589743,0.9047619047619048,18045
classification,RFECA_SVR(k=5),EnsembleSoft,0.0,3,3,0.8801446219833877,0.8765977443609023,1286,322,"{'Basal': 167, 'Her2': 179, 'LumA': 560, 'LumB': 380}","{'Basal': 42, 'Her2': 45, 'LumA': 140, 'LumB': 95}",4,False,0.9225352112676056,0.9097222222222222,0.9357142857142857,0.8556149732620321,0.8695652173913043,0.8421052631578947,0.7912087912087912,0.782608695652174,0.8,0.9512195121951219,0.975,0.9285714285714286,18045
classification,RFECA_SVR(k=5),EnsembleSoft,0.0,3,4,0.883751255883811,0.8779165902561281,1287,321,"{'Basal': 168, 'Her2': 179, 'LumA': 560, 'LumB': 380}","{'Basal': 41, 'Her2': 45, 'LumA': 140, 'LumB': 95}",4,False,0.9323843416370107,0.9290780141843972,0.9357142857142857,0.8969072164948454,0.8787878787878788,0.9157894736842105,0.7674418604651163,0.8048780487804879,0.7333333333333333,0.9382716049382716,0.95,0.926829268292683,18045
classification,RFECA_SVR(k=5),EnsembleSoft,0.0,3,5,0.8806775926001528,0.8572339940760993,1287,321,"{'Basal': 167, 'Her2': 180, 'LumA': 560, 'LumB': 380}","{'Basal': 42, 'Her2': 44, 'LumA': 140, 'LumB': 95}",4,False,0.9220338983050848,0.8774193548387097,0.9714285714285714,0.8947368421052632,0.8947368421052632,0.8947368421052632,0.7692307692307693,0.8823529411764706,0.6818181818181818,0.9367088607594937,1.0,0.8809523809523809,18045
classification,RFECA_SVR(k=10),EnsembleSoft,0.0,3,1,0.8726542614495549,0.8678884711779449,1286,322,"{'Basal': 167, 'Her2': 179, 'LumA': 560, 'LumB': 380}","{'Basal': 42, 'Her2': 45, 'LumA': 140, 'LumB': 95}",4,False,0.9124087591240876,0.9328358208955224,0.8928571428571429,0.88,0.8380952380952381,0.9263157894736842,0.8297872340425532,0.7959183673469388,0.8666666666666667,0.868421052631579,0.9705882352941176,0.7857142857142857,18045
classification,RFECA_SVR(k=10),EnsembleSoft,0.0,3,2,0.9124523158699873,0.8965956558061822,1286,322,"{'Basal': 167, 'Her2': 179, 'LumA': 560, 'LumB': 380}","{'Basal': 42, 'Her2': 45, 'LumA': 140, 'LumB': 95}",4,False,0.9387755102040817,0.8961038961038961,0.9857142857142858,0.9021739130434783,0.9325842696629213,0.8736842105263158,0.8705882352941177,0.925,0.8222222222222222,0.9382716049382716,0.9743589743589743,0.9047619047619048,18045
classification,RFECA_SVR(k=10),EnsembleSoft,0.0,3,3,0.8801446219833877,0.8765977443609023,1286,322,"{'Basal': 167, 'Her2': 179, 'LumA': 560, 'LumB': 380}","{'Basal': 42, 'Her2': 45, 'LumA': 140, 'LumB': 95}",4,False,0.9225352112676056,0.9097222222222222,0.9357142857142857,0.8556149732620321,0.8695652173913043,0.8421052631578947,0.7912087912087912,0.782608695652174,0.8,0.9512195121951219,0.975,0.9285714285714286,18045
classification,RFECA_SVR(k=10),EnsembleSoft,0.0,3,4,0.883751255883811,0.8779165902561281,1287,321,"{'Basal': 168, 'Her2': 179, 'LumA': 560, 'LumB': 380}","{'Basal': 41, 'Her2': 45, 'LumA': 140, 'LumB': 95}",4,False,0.9323843416370107,0.9290780141843972,0.9357142857142857,0.8969072164948454,0.8787878787878788,0.9157894736842105,0.7674418604651163,0.8048780487804879,0.7333333333333333,0.9382716049382716,0.95,0.926829268292683,18045
classification,RFECA_SVR(k=10),EnsembleSoft,0.0,3,5,0.8806775926001528,0.8572339940760993,1287,321,"{'Basal': 167, 'Her2': 180, 'LumA': 560, 'LumB': 380}","{'Basal': 42, 'Her2': 44, 'LumA': 140, 'LumB': 95}",4,False,0.9220338983050848,0.8774193548387097,0.9714285714285714,0.8947368421052632,0.8947368421052632,0.8947368421052632,0.7692307692307693,0.8823529411764706,0.6818181818181818,0.9367088607594937,1.0,0.8809523809523809,18045
classification,RFECA_SVR(k=20),EnsembleSoft,0.0,3,1,0.8726542614495549,0.8678884711779449,1286,322,"{'Basal': 167, 'Her2': 179, 'LumA': 560, 'LumB': 380}","{'Basal': 42, 'Her2': 45, 'LumA': 140, 'LumB': 95}",4,False,0.9124087591240876,0.9328358208955224,0.8928571428571429,0.88,0.8380952380952381,0.9263157894736842,0.8297872340425532,0.7959183673469388,0.8666666666666667,0.868421052631579,0.9705882352941176,0.7857142857142857,18045
classification,RFECA_SVR(k=20),EnsembleSoft,0.0,3,2,0.9124523158699873,0.8965956558061822,1286,322,"{'Basal': 167, 'Her2': 179, 'LumA': 560, 'LumB': 380}","{'Basal': 42, 'Her2': 45, 'LumA': 140, 'LumB': 95}",4,False,0.9387755102040817,0.8961038961038961,0.9857142857142858,0.9021739130434783,0.9325842696629213,0.8736842105263158,0.8705882352941177,0.925,0.8222222222222222,0.9382716049382716,0.9743589743589743,0.9047619047619048,18045
classification,RFECA_SVR(k=20),EnsembleSoft,0.0,3,3,0.8801446219833877,0.8765977443609023,1286,322,"{'Basal': 167, 'Her2': 179, 'LumA': 560, 'LumB': 380}","{'Basal': 42, 'Her2': 45, 'LumA': 140, 'LumB': 95}",4,False,0.9225352112676056,0.9097222222222222,0.9357142857142857,0.8556149732620321,0.8695652173913043,0.8421052631578947,0.7912087912087912,0.782608695652174,0.8,0.9512195121951219,0.975,0.9285714285714286,18045
classification,RFECA_SVR(k=20),EnsembleSoft,0.0,3,4,0.883751255883811,0.8779165902561281,1287,321,"{'Basal': 168, 'Her2': 179, 'LumA': 560, 'LumB': 380}","{'Basal': 41, 'Her2': 45, 'LumA': 140, 'LumB': 95}",4,False,0.9323843416370107,0.9290780141843972,0.9357142857142857,0.8969072164948454,0.8787878787878788,0.9157894736842105,0.7674418604651163,0.8048780487804879,0.7333333333333333,0.9382716049382716,0.95,0.926829268292683,18045
classification,RFECA_SVR(k=20),EnsembleSoft,0.0,3,5,0.8806775926001528,0.8572339940760993,1287,321,"{'Basal': 167, 'Her2': 180, 'LumA': 560, 'LumB': 380}","{'Basal': 42, 'Her2': 44, 'LumA': 140, 'LumB': 95}",4,False,0.9220338983050848,0.8774193548387097,0.9714285714285714,0.8947368421052632,0.8947368421052632,0.8947368421052632,0.7692307692307693,0.8823529411764706,0.6818181818181818,0.9367088607594937,1.0,0.8809523809523809,18045
classification,MissForest,EnsembleSoft,0.0,3,1,0.8726542614495549,0.8678884711779449,1286,322,"{'Basal': 167, 'Her2': 179, 'LumA': 560, 'LumB': 380}","{'Basal': 42, 'Her2': 45, 'LumA': 140, 'LumB': 95}",4,False,0.9124087591240876,0.9328358208955224,0.8928571428571429,0.88,0.8380952380952381,0.9263157894736842,0.8297872340425532,0.7959183673469388,0.8666666666666667,0.868421052631579,0.9705882352941176,0.7857142857142857,18045
classification,MissForest,EnsembleSoft,0.0,3,2,0.9124523158699873,0.8965956558061822,1286,322,"{'Basal': 167, 'Her2': 179, 'LumA': 560, 'LumB': 380}","{'Basal': 42, 'Her2': 45, 'LumA': 140, 'LumB': 95}",4,False,0.9387755102040817,0.8961038961038961,0.9857142857142858,0.9021739130434783,0.9325842696629213,0.8736842105263158,0.8705882352941177,0.925,0.8222222222222222,0.9382716049382716,0.9743589743589743,0.9047619047619048,18045
classification,MissForest,EnsembleSoft,0.0,3,3,0.8801446219833877,0.8765977443609023,1286,322,"{'Basal': 167, 'Her2': 179, 'LumA': 560, 'LumB': 380}","{'Basal': 42, 'Her2': 45, 'LumA': 140, 'LumB': 95}",4,False,0.9225352112676056,0.9097222222222222,0.9357142857142857,0.8556149732620321,0.8695652173913043,0.8421052631578947,0.7912087912087912,0.782608695652174,0.8,0.9512195121951219,0.975,0.9285714285714286,18045
classification,MissForest,EnsembleSoft,0.0,3,4,0.883751255883811,0.8779165902561281,1287,321,"{'Basal': 168, 'Her2': 179, 'LumA': 560, 'LumB': 380}","{'Basal': 41, 'Her2': 45, 'LumA': 140, 'LumB': 95}",4,False,0.9323843416370107,0.9290780141843972,0.9357142857142857,0.8969072164948454,0.8787878787878788,0.9157894736842105,0.7674418604651163,0.8048780487804879,0.7333333333333333,0.9382716049382716,0.95,0.926829268292683,18045
classification,MissForest,EnsembleSoft,0.0,3,5,0.8806775926001528,0.8572339940760993,1287,321,"{'Basal': 167, 'Her2': 180, 'LumA': 560, 'LumB': 380}","{'Basal': 42, 'Her2': 44, 'LumA': 140, 'LumB': 95}",4,False,0.9220338983050848,0.8774193548387097,0.9714285714285714,0.8947368421052632,0.8947368421052632,0.8947368421052632,0.7692307692307693,0.8823529411764706,0.6818181818181818,0.9367088607594937,1.0,0.8809523809523809,18045
classification,SimpleMean,EnsembleSoft,0.0,4,1,0.8726542614495549,0.8678884711779449,1286,322,"{'Basal': 167, 'Her2': 179, 'LumA': 560, 'LumB': 380}","{'Basal': 42, 'Her2': 45, 'LumA': 140, 'LumB': 95}",4,False,0.9124087591240876,0.9328358208955224,0.8928571428571429,0.88,0.8380952380952381,0.9263157894736842,0.8297872340425532,0.7959183673469388,0.8666666666666667,0.868421052631579,0.9705882352941176,0.7857142857142857,18046
classification,SimpleMean,EnsembleSoft,0.0,4,2,0.9124523158699873,0.8965956558061822,1286,322,"{'Basal': 167, 'Her2': 179, 'LumA': 560, 'LumB': 380}","{'Basal': 42, 'Her2': 45, 'LumA': 140, 'LumB': 95}",4,False,0.9387755102040817,0.8961038961038961,0.9857142857142858,0.9021739130434783,0.9325842696629213,0.8736842105263158,0.8705882352941177,0.925,0.8222222222222222,0.9382716049382716,0.9743589743589743,0.9047619047619048,18046
classification,SimpleMean,EnsembleSoft,0.0,4,3,0.8801446219833877,0.8765977443609023,1286,322,"{'Basal': 167, 'Her2': 179, 'LumA': 560, 'LumB': 380}","{'Basal': 42, 'Her2': 45, 'LumA': 140, 'LumB': 95}",4,False,0.9225352112676056,0.9097222222222222,0.9357142857142857,0.8556149732620321,0.8695652173913043,0.8421052631578947,0.7912087912087912,0.782608695652174,0.8,0.9512195121951219,0.975,0.9285714285714286,18046
classification,SimpleMean,EnsembleSoft,0.0,4,4,0.883751255883811,0.8779165902561281,1287,321,"{'Basal': 168, 'Her2': 179, 'LumA': 560, 'LumB': 380}","{'Basal': 41, 'Her2': 45, 'LumA': 140, 'LumB': 95}",4,False,0.9323843416370107,0.9290780141843972,0.9357142857142857,0.8969072164948454,0.8787878787878788,0.9157894736842105,0.7674418604651163,0.8048780487804879,0.7333333333333333,0.9382716049382716,0.95,0.926829268292683,18046
classification,SimpleMean,EnsembleSoft,0.0,4,5,0.8806775926001528,0.8572339940760993,1287,321,"{'Basal': 167, 'Her2': 180, 'LumA': 560, 'LumB': 380}","{'Basal': 42, 'Her2': 44, 'LumA': 140, 'LumB': 95}",4,False,0.9220338983050848,0.8774193548387097,0.9714285714285714,0.8947368421052632,0.8947368421052632,0.8947368421052632,0.7692307692307693,0.8823529411764706,0.6818181818181818,0.9367088607594937,1.0,0.8809523809523809,18046
classification,"KNN(k=5,dist)",EnsembleSoft,0.0,4,1,0.8726542614495549,0.8678884711779449,1286,322,"{'Basal': 167, 'Her2': 179, 'LumA': 560, 'LumB': 380}","{'Basal': 42, 'Her2': 45, 'LumA': 140, 'LumB': 95}",4,False,0.9124087591240876,0.9328358208955224,0.8928571428571429,0.88,0.8380952380952381,0.9263157894736842,0.8297872340425532,0.7959183673469388,0.8666666666666667,0.868421052631579,0.9705882352941176,0.7857142857142857,18046
classification,"KNN(k=5,dist)",EnsembleSoft,0.0,4,2,0.9124523158699873,0.8965956558061822,1286,322,"{'Basal': 167, 'Her2': 179, 'LumA': 560, 'LumB': 380}","{'Basal': 42, 'Her2': 45, 'LumA': 140, 'LumB': 95}",4,False,0.9387755102040817,0.8961038961038961,0.9857142857142858,0.9021739130434783,0.9325842696629213,0.8736842105263158,0.8705882352941177,0.925,0.8222222222222222,0.9382716049382716,0.9743589743589743,0.9047619047619048,18046
classification,"KNN(k=5,dist)",EnsembleSoft,0.0,4,3,0.8801446219833877,0.8765977443609023,1286,322,"{'Basal': 167, 'Her2': 179, 'LumA': 560, 'LumB': 380}","{'Basal': 42, 'Her2': 45, 'LumA': 140, 'LumB': 95}",4,False,0.9225352112676056,0.9097222222222222,0.9357142857142857,0.8556149732620321,0.8695652173913043,0.8421052631578947,0.7912087912087912,0.782608695652174,0.8,0.9512195121951219,0.975,0.9285714285714286,18046
classification,"KNN(k=5,dist)",EnsembleSoft,0.0,4,4,0.883751255883811,0.8779165902561281,1287,321,"{'Basal': 168, 'Her2': 179, 'LumA': 560, 'LumB': 380}","{'Basal': 41, 'Her2': 45, 'LumA': 140, 'LumB': 95}",4,False,0.9323843416370107,0.9290780141843972,0.9357142857142857,0.8969072164948454,0.8787878787878788,0.9157894736842105,0.7674418604651163,0.8048780487804879,0.7333333333333333,0.9382716049382716,0.95,0.926829268292683,18046
classification,"KNN(k=5,dist)",EnsembleSoft,0.0,4,5,0.8806775926001528,0.8572339940760993,1287,321,"{'Basal': 167, 'Her2': 180, 'LumA': 560, 'LumB': 380}","{'Basal': 42, 'Her2': 44, 'LumA': 140, 'LumB': 95}",4,False,0.9220338983050848,0.8774193548387097,0.9714285714285714,0.8947368421052632,0.8947368421052632,0.8947368421052632,0.7692307692307693,0.8823529411764706,0.6818181818181818,0.9367088607594937,1.0,0.8809523809523809,18046
classification,RFECA_SVR(k=5),EnsembleSoft,0.0,4,1,0.8726542614495549,0.8678884711779449,1286,322,"{'Basal': 167, 'Her2': 179, 'LumA': 560, 'LumB': 380}","{'Basal': 42, 'Her2': 45, 'LumA': 140, 'LumB': 95}",4,False,0.9124087591240876,0.9328358208955224,0.8928571428571429,0.88,0.8380952380952381,0.9263157894736842,0.8297872340425532,0.7959183673469388,0.8666666666666667,0.868421052631579,0.9705882352941176,0.7857142857142857,18046
classification,RFECA_SVR(k=5),EnsembleSoft,0.0,4,2,0.9124523158699873,0.8965956558061822,1286,322,"{'Basal': 167, 'Her2': 179, 'LumA': 560, 'LumB': 380}","{'Basal': 42, 'Her2': 45, 'LumA': 140, 'LumB': 95}",4,False,0.9387755102040817,0.8961038961038961,0.9857142857142858,0.9021739130434783,0.9325842696629213,0.8736842105263158,0.8705882352941177,0.925,0.8222222222222222,0.9382716049382716,0.9743589743589743,0.9047619047619048,18046
classification,RFECA_SVR(k=5),EnsembleSoft,0.0,4,3,0.8801446219833877,0.8765977443609023,1286,322,"{'Basal': 167, 'Her2': 179, 'LumA': 560, 'LumB': 380}","{'Basal': 42, 'Her2': 45, 'LumA': 140, 'LumB': 95}",4,False,0.9225352112676056,0.9097222222222222,0.9357142857142857,0.8556149732620321,0.8695652173913043,0.8421052631578947,0.7912087912087912,0.782608695652174,0.8,0.9512195121951219,0.975,0.9285714285714286,18046
classification,RFECA_SVR(k=5),EnsembleSoft,0.0,4,4,0.883751255883811,0.8779165902561281,1287,321,"{'Basal': 168, 'Her2': 179, 'LumA': 560, 'LumB': 380}","{'Basal': 41, 'Her2': 45, 'LumA': 140, 'LumB': 95}",4,False,0.9323843416370107,0.9290780141843972,0.9357142857142857,0.8969072164948454,0.8787878787878788,0.9157894736842105,0.7674418604651163,0.8048780487804879,0.7333333333333333,0.9382716049382716,0.95,0.926829268292683,18046
classification,RFECA_SVR(k=5),EnsembleSoft,0.0,4,5,0.8806775926001528,0.8572339940760993,1287,321,"{'Basal': 167, 'Her2': 180, 'LumA': 560, 'LumB': 380}","{'Basal': 42, 'Her2': 44, 'LumA': 140, 'LumB': 95}",4,False,0.9220338983050848,0.8774193548387097,0.9714285714285714,0.8947368421052632,0.8947368421052632,0.8947368421052632,0.7692307692307693,0.8823529411764706,0.6818181818181818,0.9367088607594937,1.0,0.8809523809523809,18046
classification,RFECA_SVR(k=10),EnsembleSoft,0.0,4,1,0.8726542614495549,0.8678884711779449,1286,322,"{'Basal': 167, 'Her2': 179, 'LumA': 560, 'LumB': 380}","{'Basal': 42, 'Her2': 45, 'LumA': 140, 'LumB': 95}",4,False,0.9124087591240876,0.9328358208955224,0.8928571428571429,0.88,0.8380952380952381,0.9263157894736842,0.8297872340425532,0.7959183673469388,0.8666666666666667,0.868421052631579,0.9705882352941176,0.7857142857142857,18046
classification,RFECA_SVR(k=10),EnsembleSoft,0.0,4,2,0.9124523158699873,0.8965956558061822,1286,322,"{'Basal': 167, 'Her2': 179, 'LumA': 560, 'LumB': 380}","{'Basal': 42, 'Her2': 45, 'LumA': 140, 'LumB': 95}",4,False,0.9387755102040817,0.8961038961038961,0.9857142857142858,0.9021739130434783,0.9325842696629213,0.8736842105263158,0.8705882352941177,0.925,0.8222222222222222,0.9382716049382716,0.9743589743589743,0.9047619047619048,18046
classification,RFECA_SVR(k=10),EnsembleSoft,0.0,4,3,0.8801446219833877,0.8765977443609023,1286,322,"{'Basal': 167, 'Her2': 179, 'LumA': 560, 'LumB': 380}","{'Basal': 42, 'Her2': 45, 'LumA': 140, 'LumB': 95}",4,False,0.9225352112676056,0.9097222222222222,0.9357142857142857,0.8556149732620321,0.8695652173913043,0.8421052631578947,0.7912087912087912,0.782608695652174,0.8,0.9512195121951219,0.975,0.9285714285714286,18046
classification,RFECA_SVR(k=10),EnsembleSoft,0.0,4,4,0.883751255883811,0.8779165902561281,1287,321,"{'Basal': 168, 'Her2': 179, 'LumA': 560, 'LumB': 380}","{'Basal': 41, 'Her2': 45, 'LumA': 140, 'LumB': 95}",4,False,0.9323843416370107,0.9290780141843972,0.9357142857142857,0.8969072164948454,0.8787878787878788,0.9157894736842105,0.7674418604651163,0.8048780487804879,0.7333333333333333,0.9382716049382716,0.95,0.926829268292683,18046
classification,RFECA_SVR(k=10),EnsembleSoft,0.0,4,5,0.8806775926001528,0.8572339940760993,1287,321,"{'Basal': 167, 'Her2': 180, 'LumA': 560, 'LumB': 380}","{'Basal': 42, 'Her2': 44, 'LumA': 140, 'LumB': 95}",4,False,0.9220338983050848,0.8774193548387097,0.9714285714285714,0.8947368421052632,0.8947368421052632,0.8947368421052632,0.7692307692307693,0.8823529411764706,0.6818181818181818,0.9367088607594937,1.0,0.8809523809523809,18046
classification,RFECA_SVR(k=20),EnsembleSoft,0.0,4,1,0.8726542614495549,0.8678884711779449,1286,322,"{'Basal': 167, 'Her2': 179, 'LumA': 560, 'LumB': 380}","{'Basal': 42, 'Her2': 45, 'LumA': 140, 'LumB': 95}",4,False,0.9124087591240876,0.9328358208955224,0.8928571428571429,0.88,0.8380952380952381,0.9263157894736842,0.8297872340425532,0.7959183673469388,0.8666666666666667,0.868421052631579,0.9705882352941176,0.7857142857142857,18046
classification,RFECA_SVR(k=20),EnsembleSoft,0.0,4,2,0.9124523158699873,0.8965956558061822,1286,322,"{'Basal': 167, 'Her2': 179, 'LumA': 560, 'LumB': 380}","{'Basal': 42, 'Her2': 45, 'LumA': 140, 'LumB': 95}",4,False,0.9387755102040817,0.8961038961038961,0.9857142857142858,0.9021739130434783,0.9325842696629213,0.8736842105263158,0.8705882352941177,0.925,0.8222222222222222,0.9382716049382716,0.9743589743589743,0.9047619047619048,18046
classification,RFECA_SVR(k=20),EnsembleSoft,0.0,4,3,0.8801446219833877,0.8765977443609023,1286,322,"{'Basal': 167, 'Her2': 179, 'LumA': 560, 'LumB': 380}","{'Basal': 42, 'Her2': 45, 'LumA': 140, 'LumB': 95}",4,False,0.9225352112676056,0.9097222222222222,0.9357142857142857,0.8556149732620321,0.8695652173913043,0.8421052631578947,0.7912087912087912,0.782608695652174,0.8,0.9512195121951219,0.975,0.9285714285714286,18046
classification,RFECA_SVR(k=20),EnsembleSoft,0.0,4,4,0.883751255883811,0.8779165902561281,1287,321,"{'Basal': 168, 'Her2': 179, 'LumA': 560, 'LumB': 380}","{'Basal': 41, 'Her2': 45, 'LumA': 140, 'LumB': 95}",4,False,0.9323843416370107,0.9290780141843972,0.9357142857142857,0.8969072164948454,0.8787878787878788,0.9157894736842105,0.7674418604651163,0.8048780487804879,0.7333333333333333,0.9382716049382716,0.95,0.926829268292683,18046
classification,RFECA_SVR(k=20),EnsembleSoft,0.0,4,5,0.8806775926001528,0.8572339940760993,1287,321,"{'Basal': 167, 'Her2': 180, 'LumA': 560, 'LumB': 380}","{'Basal': 42, 'Her2': 44, 'LumA': 140, 'LumB': 95}",4,False,0.9220338983050848,0.8774193548387097,0.9714285714285714,0.8947368421052632,0.8947368421052632,0.8947368421052632,0.7692307692307693,0.8823529411764706,0.6818181818181818,0.9367088607594937,1.0,0.8809523809523809,18046
classification,MissForest,EnsembleSoft,0.0,4,1,0.8726542614495549,0.8678884711779449,1286,322,"{'Basal': 167, 'Her2': 179, 'LumA': 560, 'LumB': 380}","{'Basal': 42, 'Her2': 45, 'LumA': 140, 'LumB': 95}",4,False,0.9124087591240876,0.9328358208955224,0.8928571428571429,0.88,0.8380952380952381,0.9263157894736842,0.8297872340425532,0.7959183673469388,0.8666666666666667,0.868421052631579,0.9705882352941176,0.7857142857142857,18046
classification,MissForest,EnsembleSoft,0.0,4,2,0.9124523158699873,0.8965956558061822,1286,322,"{'Basal': 167, 'Her2': 179, 'LumA': 560, 'LumB': 380}","{'Basal': 42, 'Her2': 45, 'LumA': 140, 'LumB': 95}",4,False,0.9387755102040817,0.8961038961038961,0.9857142857142858,0.9021739130434783,0.9325842696629213,0.8736842105263158,0.8705882352941177,0.925,0.8222222222222222,0.9382716049382716,0.9743589743589743,0.9047619047619048,18046
classification,MissForest,EnsembleSoft,0.0,4,3,0.8801446219833877,0.8765977443609023,1286,322,"{'Basal': 167, 'Her2': 179, 'LumA': 560, 'LumB': 380}","{'Basal': 42, 'Her2': 45, 'LumA': 140, 'LumB': 95}",4,False,0.9225352112676056,0.9097222222222222,0.9357142857142857,0.8556149732620321,0.8695652173913043,0.8421052631578947,0.7912087912087912,0.782608695652174,0.8,0.9512195121951219,0.975,0.9285714285714286,18046
classification,MissForest,EnsembleSoft,0.0,4,4,0.883751255883811,0.8779165902561281,1287,321,"{'Basal': 168, 'Her2': 179, 'LumA': 560, 'LumB': 380}","{'Basal': 41, 'Her2': 45, 'LumA': 140, 'LumB': 95}",4,False,0.9323843416370107,0.9290780141843972,0.9357142857142857,0.8969072164948454,0.8787878787878788,0.9157894736842105,0.7674418604651163,0.8048780487804879,0.7333333333333333,0.9382716049382716,0.95,0.926829268292683,18046
classification,MissForest,EnsembleSoft,0.0,4,5,0.8806775926001528,0.8572339940760993,1287,321,"{'Basal': 167, 'Her2': 180, 'LumA': 560, 'LumB': 380}","{'Basal': 42, 'Her2': 44, 'LumA': 140, 'LumB': 95}",4,False,0.9220338983050848,0.8774193548387097,0.9714285714285714,0.8947368421052632,0.8947368421052632,0.8947368421052632,0.7692307692307693,0.8823529411764706,0.6818181818181818,0.9367088607594937,1.0,0.8809523809523809,18046
classification,SimpleMean,EnsembleSoft,0.0,5,1,0.8726542614495549,0.8678884711779449,1286,322,"{'Basal': 167, 'Her2': 179, 'LumA': 560, 'LumB': 380}","{'Basal': 42, 'Her2': 45, 'LumA': 140, 'LumB': 95}",4,False,0.9124087591240876,0.9328358208955224,0.8928571428571429,0.88,0.8380952380952381,0.9263157894736842,0.8297872340425532,0.7959183673469388,0.8666666666666667,0.868421052631579,0.9705882352941176,0.7857142857142857,18047
classification,SimpleMean,EnsembleSoft,0.0,5,2,0.9124523158699873,0.8965956558061822,1286,322,"{'Basal': 167, 'Her2': 179, 'LumA': 560, 'LumB': 380}","{'Basal': 42, 'Her2': 45, 'LumA': 140, 'LumB': 95}",4,False,0.9387755102040817,0.8961038961038961,0.9857142857142858,0.9021739130434783,0.9325842696629213,0.8736842105263158,0.8705882352941177,0.925,0.8222222222222222,0.9382716049382716,0.9743589743589743,0.9047619047619048,18047
classification,SimpleMean,EnsembleSoft,0.0,5,3,0.8801446219833877,0.8765977443609023,1286,322,"{'Basal': 167, 'Her2': 179, 'LumA': 560, 'LumB': 380}","{'Basal': 42, 'Her2': 45, 'LumA': 140, 'LumB': 95}",4,False,0.9225352112676056,0.9097222222222222,0.9357142857142857,0.8556149732620321,0.8695652173913043,0.8421052631578947,0.7912087912087912,0.782608695652174,0.8,0.9512195121951219,0.975,0.9285714285714286,18047
classification,SimpleMean,EnsembleSoft,0.0,5,4,0.883751255883811,0.8779165902561281,1287,321,"{'Basal': 168, 'Her2': 179, 'LumA': 560, 'LumB': 380}","{'Basal': 41, 'Her2': 45, 'LumA': 140, 'LumB': 95}",4,False,0.9323843416370107,0.9290780141843972,0.9357142857142857,0.8969072164948454,0.8787878787878788,0.9157894736842105,0.7674418604651163,0.8048780487804879,0.7333333333333333,0.9382716049382716,0.95,0.926829268292683,18047
classification,SimpleMean,EnsembleSoft,0.0,5,5,0.8806775926001528,0.8572339940760993,1287,321,"{'Basal': 167, 'Her2': 180, 'LumA': 560, 'LumB': 380}","{'Basal': 42, 'Her2': 44, 'LumA': 140, 'LumB': 95}",4,False,0.9220338983050848,0.8774193548387097,0.9714285714285714,0.8947368421052632,0.8947368421052632,0.8947368421052632,0.7692307692307693,0.8823529411764706,0.6818181818181818,0.9367088607594937,1.0,0.8809523809523809,18047
classification,"KNN(k=5,dist)",EnsembleSoft,0.0,5,1,0.8726542614495549,0.8678884711779449,1286,322,"{'Basal': 167, 'Her2': 179, 'LumA': 560, 'LumB': 380}","{'Basal': 42, 'Her2': 45, 'LumA': 140, 'LumB': 95}",4,False,0.9124087591240876,0.9328358208955224,0.8928571428571429,0.88,0.8380952380952381,0.9263157894736842,0.8297872340425532,0.7959183673469388,0.8666666666666667,0.868421052631579,0.9705882352941176,0.7857142857142857,18047
classification,"KNN(k=5,dist)",EnsembleSoft,0.0,5,2,0.9124523158699873,0.8965956558061822,1286,322,"{'Basal': 167, 'Her2': 179, 'LumA': 560, 'LumB': 380}","{'Basal': 42, 'Her2': 45, 'LumA': 140, 'LumB': 95}",4,False,0.9387755102040817,0.8961038961038961,0.9857142857142858,0.9021739130434783,0.9325842696629213,0.8736842105263158,0.8705882352941177,0.925,0.8222222222222222,0.9382716049382716,0.9743589743589743,0.9047619047619048,18047
classification,"KNN(k=5,dist)",EnsembleSoft,0.0,5,3,0.8801446219833877,0.8765977443609023,1286,322,"{'Basal': 167, 'Her2': 179, 'LumA': 560, 'LumB': 380}","{'Basal': 42, 'Her2': 45, 'LumA': 140, 'LumB': 95}",4,False,0.9225352112676056,0.9097222222222222,0.9357142857142857,0.8556149732620321,0.8695652173913043,0.8421052631578947,0.7912087912087912,0.782608695652174,0.8,0.9512195121951219,0.975,0.9285714285714286,18047
classification,"KNN(k=5,dist)",EnsembleSoft,0.0,5,4,0.883751255883811,0.8779165902561281,1287,321,"{'Basal': 168, 'Her2': 179, 'LumA': 560, 'LumB': 380}","{'Basal': 41, 'Her2': 45, 'LumA': 140, 'LumB': 95}",4,False,0.9323843416370107,0.9290780141843972,0.9357142857142857,0.8969072164948454,0.8787878787878788,0.9157894736842105,0.7674418604651163,0.8048780487804879,0.7333333333333333,0.9382716049382716,0.95,0.926829268292683,18047
classification,"KNN(k=5,dist)",EnsembleSoft,0.0,5,5,0.8806775926001528,0.8572339940760993,1287,321,"{'Basal': 167, 'Her2': 180, 'LumA': 560, 'LumB': 380}","{'Basal': 42, 'Her2': 44, 'LumA': 140, 'LumB': 95}",4,False,0.9220338983050848,0.8774193548387097,0.9714285714285714,0.8947368421052632,0.8947368421052632,0.8947368421052632,0.7692307692307693,0.8823529411764706,0.6818181818181818,0.9367088607594937,1.0,0.8809523809523809,18047
classification,RFECA_SVR(k=5),EnsembleSoft,0.0,5,1,0.8726542614495549,0.8678884711779449,1286,322,"{'Basal': 167, 'Her2': 179, 'LumA': 560, 'LumB': 380}","{'Basal': 42, 'Her2': 45, 'LumA': 140, 'LumB': 95}",4,False,0.9124087591240876,0.9328358208955224,0.8928571428571429,0.88,0.8380952380952381,0.9263157894736842,0.8297872340425532,0.7959183673469388,0.8666666666666667,0.868421052631579,0.9705882352941176,0.7857142857142857,18047
classification,RFECA_SVR(k=5),EnsembleSoft,0.0,5,2,0.9124523158699873,0.8965956558061822,1286,322,"{'Basal': 167, 'Her2': 179, 'LumA': 560, 'LumB': 380}","{'Basal': 42, 'Her2': 45, 'LumA': 140, 'LumB': 95}",4,False,0.9387755102040817,0.8961038961038961,0.9857142857142858,0.9021739130434783,0.9325842696629213,0.8736842105263158,0.8705882352941177,0.925,0.8222222222222222,0.9382716049382716,0.9743589743589743,0.9047619047619048,18047
classification,RFECA_SVR(k=5),EnsembleSoft,0.0,5,3,0.8801446219833877,0.8765977443609023,1286,322,"{'Basal': 167, 'Her2': 179, 'LumA': 560, 'LumB': 380}","{'Basal': 42, 'Her2': 45, 'LumA': 140, 'LumB': 95}",4,False,0.9225352112676056,0.9097222222222222,0.9357142857142857,0.8556149732620321,0.8695652173913043,0.8421052631578947,0.7912087912087912,0.782608695652174,0.8,0.9512195121951219,0.975,0.9285714285714286,18047
classification,RFECA_SVR(k=5),EnsembleSoft,0.0,5,4,0.883751255883811,0.8779165902561281,1287,321,"{'Basal': 168, 'Her2': 179, 'LumA': 560, 'LumB': 380}","{'Basal': 41, 'Her2': 45, 'LumA': 140, 'LumB': 95}",4,False,0.9323843416370107,0.9290780141843972,0.9357142857142857,0.8969072164948454,0.8787878787878788,0.9157894736842105,0.7674418604651163,0.8048780487804879,0.7333333333333333,0.9382716049382716,0.95,0.926829268292683,18047
classification,RFECA_SVR(k=5),EnsembleSoft,0.0,5,5,0.8806775926001528,0.8572339940760993,1287,321,"{'Basal': 167, 'Her2': 180, 'LumA': 560, 'LumB': 380}","{'Basal': 42, 'Her2': 44, 'LumA': 140, 'LumB': 95}",4,False,0.9220338983050848,0.8774193548387097,0.9714285714285714,0.8947368421052632,0.8947368421052632,0.8947368421052632,0.7692307692307693,0.8823529411764706,0.6818181818181818,0.9367088607594937,1.0,0.8809523809523809,18047
classification,RFECA_SVR(k=10),EnsembleSoft,0.0,5,1,0.8726542614495549,0.8678884711779449,1286,322,"{'Basal': 167, 'Her2': 179, 'LumA': 560, 'LumB': 380}","{'Basal': 42, 'Her2': 45, 'LumA': 140, 'LumB': 95}",4,False,0.9124087591240876,0.9328358208955224,0.8928571428571429,0.88,0.8380952380952381,0.9263157894736842,0.8297872340425532,0.7959183673469388,0.8666666666666667,0.868421052631579,0.9705882352941176,0.7857142857142857,18047
classification,RFECA_SVR(k=10),EnsembleSoft,0.0,5,2,0.9124523158699873,0.8965956558061822,1286,322,"{'Basal': 167, 'Her2': 179, 'LumA': 560, 'LumB': 380}","{'Basal': 42, 'Her2': 45, 'LumA': 140, 'LumB': 95}",4,False,0.9387755102040817,0.8961038961038961,0.9857142857142858,0.9021739130434783,0.9325842696629213,0.8736842105263158,0.8705882352941177,0.925,0.8222222222222222,0.9382716049382716,0.9743589743589743,0.9047619047619048,18047
classification,RFECA_SVR(k=10),EnsembleSoft,0.0,5,3,0.8801446219833877,0.8765977443609023,1286,322,"{'Basal': 167, 'Her2': 179, 'LumA': 560, 'LumB': 380}","{'Basal': 42, 'Her2': 45, 'LumA': 140, 'LumB': 95}",4,False,0.9225352112676056,0.9097222222222222,0.9357142857142857,0.8556149732620321,0.8695652173913043,0.8421052631578947,0.7912087912087912,0.782608695652174,0.8,0.9512195121951219,0.975,0.9285714285714286,18047
classification,RFECA_SVR(k=10),EnsembleSoft,0.0,5,4,0.883751255883811,0.8779165902561281,1287,321,"{'Basal': 168, 'Her2': 179, 'LumA': 560, 'LumB': 380}","{'Basal': 41, 'Her2': 45, 'LumA': 140, 'LumB': 95}",4,False,0.9323843416370107,0.9290780141843972,0.9357142857142857,0.8969072164948454,0.8787878787878788,0.9157894736842105,0.7674418604651163,0.8048780487804879,0.7333333333333333,0.9382716049382716,0.95,0.926829268292683,18047
classification,RFECA_SVR(k=10),EnsembleSoft,0.0,5,5,0.8806775926001528,0.8572339940760993,1287,321,"{'Basal': 167, 'Her2': 180, 'LumA': 560, 'LumB': 380}","{'Basal': 42, 'Her2': 44, 'LumA': 140, 'LumB': 95}",4,False,0.9220338983050848,0.8774193548387097,0.9714285714285714,0.8947368421052632,0.8947368421052632,0.8947368421052632,0.7692307692307693,0.8823529411764706,0.6818181818181818,0.9367088607594937,1.0,0.8809523809523809,18047
classification,RFECA_SVR(k=20),EnsembleSoft,0.0,5,1,0.8726542614495549,0.8678884711779449,1286,322,"{'Basal': 167, 'Her2': 179, 'LumA': 560, 'LumB': 380}","{'Basal': 42, 'Her2': 45, 'LumA': 140, 'LumB': 95}",4,False,0.9124087591240876,0.9328358208955224,0.8928571428571429,0.88,0.8380952380952381,0.9263157894736842,0.8297872340425532,0.7959183673469388,0.8666666666666667,0.868421052631579,0.9705882352941176,0.7857142857142857,18047
classification,RFECA_SVR(k=20),EnsembleSoft,0.0,5,2,0.9124523158699873,0.8965956558061822,1286,322,"{'Basal': 167, 'Her2': 179, 'LumA': 560, 'LumB': 380}","{'Basal': 42, 'Her2': 45, 'LumA': 140, 'LumB': 95}",4,False,0.9387755102040817,0.8961038961038961,0.9857142857142858,0.9021739130434783,0.9325842696629213,0.8736842105263158,0.8705882352941177,0.925,0.8222222222222222,0.9382716049382716,0.9743589743589743,0.9047619047619048,18047
classification,RFECA_SVR(k=20),EnsembleSoft,0.0,5,3,0.8801446219833877,0.8765977443609023,1286,322,"{'Basal': 167, 'Her2': 179, 'LumA': 560, 'LumB': 380}","{'Basal': 42, 'Her2': 45, 'LumA': 140, 'LumB': 95}",4,False,0.9225352112676056,0.9097222222222222,0.9357142857142857,0.8556149732620321,0.8695652173913043,0.8421052631578947,0.7912087912087912,0.782608695652174,0.8,0.9512195121951219,0.975,0.9285714285714286,18047
classification,RFECA_SVR(k=20),EnsembleSoft,0.0,5,4,0.883751255883811,0.8779165902561281,1287,321,"{'Basal': 168, 'Her2': 179, 'LumA': 560, 'LumB': 380}","{'Basal': 41, 'Her2': 45, 'LumA': 140, 'LumB': 95}",4,False,0.9323843416370107,0.9290780141843972,0.9357142857142857,0.8969072164948454,0.8787878787878788,0.9157894736842105,0.7674418604651163,0.8048780487804879,0.7333333333333333,0.9382716049382716,0.95,0.926829268292683,18047
classification,RFECA_SVR(k=20),EnsembleSoft,0.0,5,5,0.8806775926001528,0.8572339940760993,1287,321,"{'Basal': 167, 'Her2': 180, 'LumA': 560, 'LumB': 380}","{'Basal': 42, 'Her2': 44, 'LumA': 140, 'LumB': 95}",4,False,0.9220338983050848,0.8774193548387097,0.9714285714285714,0.8947368421052632,0.8947368421052632,0.8947368421052632,0.7692307692307693,0.8823529411764706,0.6818181818181818,0.9367088607594937,1.0,0.8809523809523809,18047
classification,MissForest,EnsembleSoft,0.0,5,1,0.8726542614495549,0.8678884711779449,1286,322,"{'Basal': 167, 'Her2': 179, 'LumA': 560, 'LumB': 380}","{'Basal': 42, 'Her2': 45, 'LumA': 140, 'LumB': 95}",4,False,0.9124087591240876,0.9328358208955224,0.8928571428571429,0.88,0.8380952380952381,0.9263157894736842,0.8297872340425532,0.7959183673469388,0.8666666666666667,0.868421052631579,0.9705882352941176,0.7857142857142857,18047
classification,MissForest,EnsembleSoft,0.0,5,2,0.9124523158699873,0.8965956558061822,1286,322,"{'Basal': 167, 'Her2': 179, 'LumA': 560, 'LumB': 380}","{'Basal': 42, 'Her2': 45, 'LumA': 140, 'LumB': 95}",4,False,0.9387755102040817,0.8961038961038961,0.9857142857142858,0.9021739130434783,0.9325842696629213,0.8736842105263158,0.8705882352941177,0.925,0.8222222222222222,0.9382716049382716,0.9743589743589743,0.9047619047619048,18047
classification,MissForest,EnsembleSoft,0.0,5,3,0.8801446219833877,0.8765977443609023,1286,322,"{'Basal': 167, 'Her2': 179, 'LumA': 560, 'LumB': 380}","{'Basal': 42, 'Her2': 45, 'LumA': 140, 'LumB': 95}",4,False,0.9225352112676056,0.9097222222222222,0.9357142857142857,0.8556149732620321,0.8695652173913043,0.8421052631578947,0.7912087912087912,0.782608695652174,0.8,0.9512195121951219,0.975,0.9285714285714286,18047
classification,MissForest,EnsembleSoft,0.0,5,4,0.883751255883811,0.8779165902561281,1287,321,"{'Basal': 168, 'Her2': 179, 'LumA': 560, 'LumB': 380}","{'Basal': 41, 'Her2': 45, 'LumA': 140, 'LumB': 95}",4,False,0.9323843416370107,0.9290780141843972,0.9357142857142857,0.8969072164948454,0.8787878787878788,0.9157894736842105,0.7674418604651163,0.8048780487804879,0.7333333333333333,0.9382716049382716,0.95,0.926829268292683,18047
classification,MissForest,EnsembleSoft,0.0,5,5,0.8806775926001528,0.8572339940760993,1287,321,"{'Basal': 167, 'Her2': 180, 'LumA': 560, 'LumB': 380}","{'Basal': 42, 'Her2': 44, 'LumA': 140, 'LumB': 95}",4,False,0.9220338983050848,0.8774193548387097,0.9714285714285714,0.8947368421052632,0.8947368421052632,0.8947368421052632,0.7692307692307693,0.8823529411764706,0.6818181818181818,0.9367088607594937,1.0,0.8809523809523809,18047
classification,SimpleMean,EnsembleSoft,0.0,6,1,0.8726542614495549,0.8678884711779449,1286,322,"{'Basal': 167, 'Her2': 179, 'LumA': 560, 'LumB': 380}","{'Basal': 42, 'Her2': 45, 'LumA': 140, 'LumB': 95}",4,False,0.9124087591240876,0.9328358208955224,0.8928571428571429,0.88,0.8380952380952381,0.9263157894736842,0.8297872340425532,0.7959183673469388,0.8666666666666667,0.868421052631579,0.9705882352941176,0.7857142857142857,18048
classification,SimpleMean,EnsembleSoft,0.0,6,2,0.9124523158699873,0.8965956558061822,1286,322,"{'Basal': 167, 'Her2': 179, 'LumA': 560, 'LumB': 380}","{'Basal': 42, 'Her2': 45, 'LumA': 140, 'LumB': 95}",4,False,0.9387755102040817,0.8961038961038961,0.9857142857142858,0.9021739130434783,0.9325842696629213,0.8736842105263158,0.8705882352941177,0.925,0.8222222222222222,0.9382716049382716,0.9743589743589743,0.9047619047619048,18048
classification,SimpleMean,EnsembleSoft,0.0,6,3,0.8801446219833877,0.8765977443609023,1286,322,"{'Basal': 167, 'Her2': 179, 'LumA': 560, 'LumB': 380}","{'Basal': 42, 'Her2': 45, 'LumA': 140, 'LumB': 95}",4,False,0.9225352112676056,0.9097222222222222,0.9357142857142857,0.8556149732620321,0.8695652173913043,0.8421052631578947,0.7912087912087912,0.782608695652174,0.8,0.9512195121951219,0.975,0.9285714285714286,18048
classification,SimpleMean,EnsembleSoft,0.0,6,4,0.883751255883811,0.8779165902561281,1287,321,"{'Basal': 168, 'Her2': 179, 'LumA': 560, 'LumB': 380}","{'Basal': 41, 'Her2': 45, 'LumA': 140, 'LumB': 95}",4,False,0.9323843416370107,0.9290780141843972,0.9357142857142857,0.8969072164948454,0.8787878787878788,0.9157894736842105,0.7674418604651163,0.8048780487804879,0.7333333333333333,0.9382716049382716,0.95,0.926829268292683,18048
classification,SimpleMean,EnsembleSoft,0.0,6,5,0.8806775926001528,0.8572339940760993,1287,321,"{'Basal': 167, 'Her2': 180, 'LumA': 560, 'LumB': 380}","{'Basal': 42, 'Her2': 44, 'LumA': 140, 'LumB': 95}",4,False,0.9220338983050848,0.8774193548387097,0.9714285714285714,0.8947368421052632,0.8947368421052632,0.8947368421052632,0.7692307692307693,0.8823529411764706,0.6818181818181818,0.9367088607594937,1.0,0.8809523809523809,18048
classification,"KNN(k=5,dist)",EnsembleSoft,0.0,6,1,0.8726542614495549,0.8678884711779449,1286,322,"{'Basal': 167, 'Her2': 179, 'LumA': 560, 'LumB': 380}","{'Basal': 42, 'Her2': 45, 'LumA': 140, 'LumB': 95}",4,False,0.9124087591240876,0.9328358208955224,0.8928571428571429,0.88,0.8380952380952381,0.9263157894736842,0.8297872340425532,0.7959183673469388,0.8666666666666667,0.868421052631579,0.9705882352941176,0.7857142857142857,18048
classification,"KNN(k=5,dist)",EnsembleSoft,0.0,6,2,0.9124523158699873,0.8965956558061822,1286,322,"{'Basal': 167, 'Her2': 179, 'LumA': 560, 'LumB': 380}","{'Basal': 42, 'Her2': 45, 'LumA': 140, 'LumB': 95}",4,False,0.9387755102040817,0.8961038961038961,0.9857142857142858,0.9021739130434783,0.9325842696629213,0.8736842105263158,0.8705882352941177,0.925,0.8222222222222222,0.9382716049382716,0.9743589743589743,0.9047619047619048,18048
classification,"KNN(k=5,dist)",EnsembleSoft,0.0,6,3,0.8801446219833877,0.8765977443609023,1286,322,"{'Basal': 167, 'Her2': 179, 'LumA': 560, 'LumB': 380}","{'Basal': 42, 'Her2': 45, 'LumA': 140, 'LumB': 95}",4,False,0.9225352112676056,0.9097222222222222,0.9357142857142857,0.8556149732620321,0.8695652173913043,0.8421052631578947,0.7912087912087912,0.782608695652174,0.8,0.9512195121951219,0.975,0.9285714285714286,18048
classification,"KNN(k=5,dist)",EnsembleSoft,0.0,6,4,0.883751255883811,0.8779165902561281,1287,321,"{'Basal': 168, 'Her2': 179, 'LumA': 560, 'LumB': 380}","{'Basal': 41, 'Her2': 45, 'LumA': 140, 'LumB': 95}",4,False,0.9323843416370107,0.9290780141843972,0.9357142857142857,0.8969072164948454,0.8787878787878788,0.9157894736842105,0.7674418604651163,0.8048780487804879,0.7333333333333333,0.9382716049382716,0.95,0.926829268292683,18048
classification,"KNN(k=5,dist)",EnsembleSoft,0.0,6,5,0.8806775926001528,0.8572339940760993,1287,321,"{'Basal': 167, 'Her2': 180, 'LumA': 560, 'LumB': 380}","{'Basal': 42, 'Her2': 44, 'LumA': 140, 'LumB': 95}",4,False,0.9220338983050848,0.8774193548387097,0.9714285714285714,0.8947368421052632,0.8947368421052632,0.8947368421052632,0.7692307692307693,0.8823529411764706,0.6818181818181818,0.9367088607594937,1.0,0.8809523809523809,18048
classification,RFECA_SVR(k=5),EnsembleSoft,0.0,6,1,0.8726542614495549,0.8678884711779449,1286,322,"{'Basal': 167, 'Her2': 179, 'LumA': 560, 'LumB': 380}","{'Basal': 42, 'Her2': 45, 'LumA': 140, 'LumB': 95}",4,False,0.9124087591240876,0.9328358208955224,0.8928571428571429,0.88,0.8380952380952381,0.9263157894736842,0.8297872340425532,0.7959183673469388,0.8666666666666667,0.868421052631579,0.9705882352941176,0.7857142857142857,18048
classification,RFECA_SVR(k=5),EnsembleSoft,0.0,6,2,0.9124523158699873,0.8965956558061822,1286,322,"{'Basal': 167, 'Her2': 179, 'LumA': 560, 'LumB': 380}","{'Basal': 42, 'Her2': 45, 'LumA': 140, 'LumB': 95}",4,False,0.9387755102040817,0.8961038961038961,0.9857142857142858,0.9021739130434783,0.9325842696629213,0.8736842105263158,0.8705882352941177,0.925,0.8222222222222222,0.9382716049382716,0.9743589743589743,0.9047619047619048,18048
classification,RFECA_SVR(k=5),EnsembleSoft,0.0,6,3,0.8801446219833877,0.8765977443609023,1286,322,"{'Basal': 167, 'Her2': 179, 'LumA': 560, 'LumB': 380}","{'Basal': 42, 'Her2': 45, 'LumA': 140, 'LumB': 95}",4,False,0.9225352112676056,0.9097222222222222,0.9357142857142857,0.8556149732620321,0.8695652173913043,0.8421052631578947,0.7912087912087912,0.782608695652174,0.8,0.9512195121951219,0.975,0.9285714285714286,18048
classification,RFECA_SVR(k=5),EnsembleSoft,0.0,6,4,0.883751255883811,0.8779165902561281,1287,321,"{'Basal': 168, 'Her2': 179, 'LumA': 560, 'LumB': 380}","{'Basal': 41, 'Her2': 45, 'LumA': 140, 'LumB': 95}",4,False,0.9323843416370107,0.9290780141843972,0.9357142857142857,0.8969072164948454,0.8787878787878788,0.9157894736842105,0.7674418604651163,0.8048780487804879,0.7333333333333333,0.9382716049382716,0.95,0.926829268292683,18048
classification,RFECA_SVR(k=5),EnsembleSoft,0.0,6,5,0.8806775926001528,0.8572339940760993,1287,321,"{'Basal': 167, 'Her2': 180, 'LumA': 560, 'LumB': 380}","{'Basal': 42, 'Her2': 44, 'LumA': 140, 'LumB': 95}",4,False,0.9220338983050848,0.8774193548387097,0.9714285714285714,0.8947368421052632,0.8947368421052632,0.8947368421052632,0.7692307692307693,0.8823529411764706,0.6818181818181818,0.9367088607594937,1.0,0.8809523809523809,18048
classification,RFECA_SVR(k=10),EnsembleSoft,0.0,6,1,0.8726542614495549,0.8678884711779449,1286,322,"{'Basal': 167, 'Her2': 179, 'LumA': 560, 'LumB': 380}","{'Basal': 42, 'Her2': 45, 'LumA': 140, 'LumB': 95}",4,False,0.9124087591240876,0.9328358208955224,0.8928571428571429,0.88,0.8380952380952381,0.9263157894736842,0.8297872340425532,0.7959183673469388,0.8666666666666667,0.868421052631579,0.9705882352941176,0.7857142857142857,18048
classification,RFECA_SVR(k=10),EnsembleSoft,0.0,6,2,0.9124523158699873,0.8965956558061822,1286,322,"{'Basal': 167, 'Her2': 179, 'LumA': 560, 'LumB': 380}","{'Basal': 42, 'Her2': 45, 'LumA': 140, 'LumB': 95}",4,False,0.9387755102040817,0.8961038961038961,0.9857142857142858,0.9021739130434783,0.9325842696629213,0.8736842105263158,0.8705882352941177,0.925,0.8222222222222222,0.9382716049382716,0.9743589743589743,0.9047619047619048,18048
classification,RFECA_SVR(k=10),EnsembleSoft,0.0,6,3,0.8801446219833877,0.8765977443609023,1286,322,"{'Basal': 167, 'Her2': 179, 'LumA': 560, 'LumB': 380}","{'Basal': 42, 'Her2': 45, 'LumA': 140, 'LumB': 95}",4,False,0.9225352112676056,0.9097222222222222,0.9357142857142857,0.8556149732620321,0.8695652173913043,0.8421052631578947,0.7912087912087912,0.782608695652174,0.8,0.9512195121951219,0.975,0.9285714285714286,18048
classification,RFECA_SVR(k=10),EnsembleSoft,0.0,6,4,0.883751255883811,0.8779165902561281,1287,321,"{'Basal': 168, 'Her2': 179, 'LumA': 560, 'LumB': 380}","{'Basal': 41, 'Her2': 45, 'LumA': 140, 'LumB': 95}",4,False,0.9323843416370107,0.9290780141843972,0.9357142857142857,0.8969072164948454,0.8787878787878788,0.9157894736842105,0.7674418604651163,0.8048780487804879,0.7333333333333333,0.9382716049382716,0.95,0.926829268292683,18048
classification,RFECA_SVR(k=10),EnsembleSoft,0.0,6,5,0.8806775926001528,0.8572339940760993,1287,321,"{'Basal': 167, 'Her2': 180, 'LumA': 560, 'LumB': 380}","{'Basal': 42, 'Her2': 44, 'LumA': 140, 'LumB': 95}",4,False,0.9220338983050848,0.8774193548387097,0.9714285714285714,0.8947368421052632,0.8947368421052632,0.8947368421052632,0.7692307692307693,0.8823529411764706,0.6818181818181818,0.9367088607594937,1.0,0.8809523809523809,18048
classification,RFECA_SVR(k=20),EnsembleSoft,0.0,6,1,0.8726542614495549,0.8678884711779449,1286,322,"{'Basal': 167, 'Her2': 179, 'LumA': 560, 'LumB': 380}","{'Basal': 42, 'Her2': 45, 'LumA': 140, 'LumB': 95}",4,False,0.9124087591240876,0.9328358208955224,0.8928571428571429,0.88,0.8380952380952381,0.9263157894736842,0.8297872340425532,0.7959183673469388,0.8666666666666667,0.868421052631579,0.9705882352941176,0.7857142857142857,18048
classification,RFECA_SVR(k=20),EnsembleSoft,0.0,6,2,0.9124523158699873,0.8965956558061822,1286,322,"{'Basal': 167, 'Her2': 179, 'LumA': 560, 'LumB': 380}","{'Basal': 42, 'Her2': 45, 'LumA': 140, 'LumB': 95}",4,False,0.9387755102040817,0.8961038961038961,0.9857142857142858,0.9021739130434783,0.9325842696629213,0.8736842105263158,0.8705882352941177,0.925,0.8222222222222222,0.9382716049382716,0.9743589743589743,0.9047619047619048,18048
classification,RFECA_SVR(k=20),EnsembleSoft,0.0,6,3,0.8801446219833877,0.8765977443609023,1286,322,"{'Basal': 167, 'Her2': 179, 'LumA': 560, 'LumB': 380}","{'Basal': 42, 'Her2': 45, 'LumA': 140, 'LumB': 95}",4,False,0.9225352112676056,0.9097222222222222,0.9357142857142857,0.8556149732620321,0.8695652173913043,0.8421052631578947,0.7912087912087912,0.782608695652174,0.8,0.9512195121951219,0.975,0.9285714285714286,18048
classification,RFECA_SVR(k=20),EnsembleSoft,0.0,6,4,0.883751255883811,0.8779165902561281,1287,321,"{'Basal': 168, 'Her2': 179, 'LumA': 560, 'LumB': 380}","{'Basal': 41, 'Her2': 45, 'LumA': 140, 'LumB': 95}",4,False,0.9323843416370107,0.9290780141843972,0.9357142857142857,0.8969072164948454,0.8787878787878788,0.9157894736842105,0.7674418604651163,0.8048780487804879,0.7333333333333333,0.9382716049382716,0.95,0.926829268292683,18048
classification,RFECA_SVR(k=20),EnsembleSoft,0.0,6,5,0.8806775926001528,0.8572339940760993,1287,321,"{'Basal': 167, 'Her2': 180, 'LumA': 560, 'LumB': 380}","{'Basal': 42, 'Her2': 44, 'LumA': 140, 'LumB': 95}",4,False,0.9220338983050848,0.8774193548387097,0.9714285714285714,0.8947368421052632,0.8947368421052632,0.8947368421052632,0.7692307692307693,0.8823529411764706,0.6818181818181818,0.9367088607594937,1.0,0.8809523809523809,18048
classification,MissForest,EnsembleSoft,0.0,6,1,0.8726542614495549,0.8678884711779449,1286,322,"{'Basal': 167, 'Her2': 179, 'LumA': 560, 'LumB': 380}","{'Basal': 42, 'Her2': 45, 'LumA': 140, 'LumB': 95}",4,False,0.9124087591240876,0.9328358208955224,0.8928571428571429,0.88,0.8380952380952381,0.9263157894736842,0.8297872340425532,0.7959183673469388,0.8666666666666667,0.868421052631579,0.9705882352941176,0.7857142857142857,18048
classification,MissForest,EnsembleSoft,0.0,6,2,0.9124523158699873,0.8965956558061822,1286,322,"{'Basal': 167, 'Her2': 179, 'LumA': 560, 'LumB': 380}","{'Basal': 42, 'Her2': 45, 'LumA': 140, 'LumB': 95}",4,False,0.9387755102040817,0.8961038961038961,0.9857142857142858,0.9021739130434783,0.9325842696629213,0.8736842105263158,0.8705882352941177,0.925,0.8222222222222222,0.9382716049382716,0.9743589743589743,0.9047619047619048,18048
classification,MissForest,EnsembleSoft,0.0,6,3,0.8801446219833877,0.8765977443609023,1286,322,"{'Basal': 167, 'Her2': 179, 'LumA': 560, 'LumB': 380}","{'Basal': 42, 'Her2': 45, 'LumA': 140, 'LumB': 95}",4,False,0.9225352112676056,0.9097222222222222,0.9357142857142857,0.8556149732620321,0.8695652173913043,0.8421052631578947,0.7912087912087912,0.782608695652174,0.8,0.9512195121951219,0.975,0.9285714285714286,18048
classification,MissForest,EnsembleSoft,0.0,6,4,0.883751255883811,0.8779165902561281,1287,321,"{'Basal': 168, 'Her2': 179, 'LumA': 560, 'LumB': 380}","{'Basal': 41, 'Her2': 45, 'LumA': 140, 'LumB': 95}",4,False,0.9323843416370107,0.9290780141843972,0.9357142857142857,0.8969072164948454,0.8787878787878788,0.9157894736842105,0.7674418604651163,0.8048780487804879,0.7333333333333333,0.9382716049382716,0.95,0.926829268292683,18048
classification,MissForest,EnsembleSoft,0.0,6,5,0.8806775926001528,0.8572339940760993,1287,321,"{'Basal': 167, 'Her2': 180, 'LumA': 560, 'LumB': 380}","{'Basal': 42, 'Her2': 44, 'LumA': 140, 'LumB': 95}",4,False,0.9220338983050848,0.8774193548387097,0.9714285714285714,0.8947368421052632,0.8947368421052632,0.8947368421052632,0.7692307692307693,0.8823529411764706,0.6818181818181818,0.9367088607594937,1.0,0.8809523809523809,18048
classification,SimpleMean,EnsembleSoft,0.0,7,1,0.8726542614495549,0.8678884711779449,1286,322,"{'Basal': 167, 'Her2': 179, 'LumA': 560, 'LumB': 380}","{'Basal': 42, 'Her2': 45, 'LumA': 140, 'LumB': 95}",4,False,0.9124087591240876,0.9328358208955224,0.8928571428571429,0.88,0.8380952380952381,0.9263157894736842,0.8297872340425532,0.7959183673469388,0.8666666666666667,0.868421052631579,0.9705882352941176,0.7857142857142857,18049
classification,SimpleMean,EnsembleSoft,0.0,7,2,0.9124523158699873,0.8965956558061822,1286,322,"{'Basal': 167, 'Her2': 179, 'LumA': 560, 'LumB': 380}","{'Basal': 42, 'Her2': 45, 'LumA': 140, 'LumB': 95}",4,False,0.9387755102040817,0.8961038961038961,0.9857142857142858,0.9021739130434783,0.9325842696629213,0.8736842105263158,0.8705882352941177,0.925,0.8222222222222222,0.9382716049382716,0.9743589743589743,0.9047619047619048,18049
classification,SimpleMean,EnsembleSoft,0.0,7,3,0.8801446219833877,0.8765977443609023,1286,322,"{'Basal': 167, 'Her2': 179, 'LumA': 560, 'LumB': 380}","{'Basal': 42, 'Her2': 45, 'LumA': 140, 'LumB': 95}",4,False,0.9225352112676056,0.9097222222222222,0.9357142857142857,0.8556149732620321,0.8695652173913043,0.8421052631578947,0.7912087912087912,0.782608695652174,0.8,0.9512195121951219,0.975,0.9285714285714286,18049
classification,SimpleMean,EnsembleSoft,0.0,7,4,0.883751255883811,0.8779165902561281,1287,321,"{'Basal': 168, 'Her2': 179, 'LumA': 560, 'LumB': 380}","{'Basal': 41, 'Her2': 45, 'LumA': 140, 'LumB': 95}",4,False,0.9323843416370107,0.9290780141843972,0.9357142857142857,0.8969072164948454,0.8787878787878788,0.9157894736842105,0.7674418604651163,0.8048780487804879,0.7333333333333333,0.9382716049382716,0.95,0.926829268292683,18049
classification,SimpleMean,EnsembleSoft,0.0,7,5,0.8806775926001528,0.8572339940760993,1287,321,"{'Basal': 167, 'Her2': 180, 'LumA': 560, 'LumB': 380}","{'Basal': 42, 'Her2': 44, 'LumA': 140, 'LumB': 95}",4,False,0.9220338983050848,0.8774193548387097,0.9714285714285714,0.8947368421052632,0.8947368421052632,0.8947368421052632,0.7692307692307693,0.8823529411764706,0.6818181818181818,0.9367088607594937,1.0,0.8809523809523809,18049
classification,"KNN(k=5,dist)",EnsembleSoft,0.0,7,1,0.8726542614495549,0.8678884711779449,1286,322,"{'Basal': 167, 'Her2': 179, 'LumA': 560, 'LumB': 380}","{'Basal': 42, 'Her2': 45, 'LumA': 140, 'LumB': 95}",4,False,0.9124087591240876,0.9328358208955224,0.8928571428571429,0.88,0.8380952380952381,0.9263157894736842,0.8297872340425532,0.7959183673469388,0.8666666666666667,0.868421052631579,0.9705882352941176,0.7857142857142857,18049
classification,"KNN(k=5,dist)",EnsembleSoft,0.0,7,2,0.9124523158699873,0.8965956558061822,1286,322,"{'Basal': 167, 'Her2': 179, 'LumA': 560, 'LumB': 380}","{'Basal': 42, 'Her2': 45, 'LumA': 140, 'LumB': 95}",4,False,0.9387755102040817,0.8961038961038961,0.9857142857142858,0.9021739130434783,0.9325842696629213,0.8736842105263158,0.8705882352941177,0.925,0.8222222222222222,0.9382716049382716,0.9743589743589743,0.9047619047619048,18049
classification,"KNN(k=5,dist)",EnsembleSoft,0.0,7,3,0.8801446219833877,0.8765977443609023,1286,322,"{'Basal': 167, 'Her2': 179, 'LumA': 560, 'LumB': 380}","{'Basal': 42, 'Her2': 45, 'LumA': 140, 'LumB': 95}",4,False,0.9225352112676056,0.9097222222222222,0.9357142857142857,0.8556149732620321,0.8695652173913043,0.8421052631578947,0.7912087912087912,0.782608695652174,0.8,0.9512195121951219,0.975,0.9285714285714286,18049
classification,"KNN(k=5,dist)",EnsembleSoft,0.0,7,4,0.883751255883811,0.8779165902561281,1287,321,"{'Basal': 168, 'Her2': 179, 'LumA': 560, 'LumB': 380}","{'Basal': 41, 'Her2': 45, 'LumA': 140, 'LumB': 95}",4,False,0.9323843416370107,0.9290780141843972,0.9357142857142857,0.8969072164948454,0.8787878787878788,0.9157894736842105,0.7674418604651163,0.8048780487804879,0.7333333333333333,0.9382716049382716,0.95,0.926829268292683,18049
classification,"KNN(k=5,dist)",EnsembleSoft,0.0,7,5,0.8806775926001528,0.8572339940760993,1287,321,"{'Basal': 167, 'Her2': 180, 'LumA': 560, 'LumB': 380}","{'Basal': 42, 'Her2': 44, 'LumA': 140, 'LumB': 95}",4,False,0.9220338983050848,0.8774193548387097,0.9714285714285714,0.8947368421052632,0.8947368421052632,0.8947368421052632,0.7692307692307693,0.8823529411764706,0.6818181818181818,0.9367088607594937,1.0,0.8809523809523809,18049
classification,RFECA_SVR(k=5),EnsembleSoft,0.0,7,1,0.8726542614495549,0.8678884711779449,1286,322,"{'Basal': 167, 'Her2': 179, 'LumA': 560, 'LumB': 380}","{'Basal': 42, 'Her2': 45, 'LumA': 140, 'LumB': 95}",4,False,0.9124087591240876,0.9328358208955224,0.8928571428571429,0.88,0.8380952380952381,0.9263157894736842,0.8297872340425532,0.7959183673469388,0.8666666666666667,0.868421052631579,0.9705882352941176,0.7857142857142857,18049
classification,RFECA_SVR(k=5),EnsembleSoft,0.0,7,2,0.9124523158699873,0.8965956558061822,1286,322,"{'Basal': 167, 'Her2': 179, 'LumA': 560, 'LumB': 380}","{'Basal': 42, 'Her2': 45, 'LumA': 140, 'LumB': 95}",4,False,0.9387755102040817,0.8961038961038961,0.9857142857142858,0.9021739130434783,0.9325842696629213,0.8736842105263158,0.8705882352941177,0.925,0.8222222222222222,0.9382716049382716,0.9743589743589743,0.9047619047619048,18049
classification,RFECA_SVR(k=5),EnsembleSoft,0.0,7,3,0.8801446219833877,0.8765977443609023,1286,322,"{'Basal': 167, 'Her2': 179, 'LumA': 560, 'LumB': 380}","{'Basal': 42, 'Her2': 45, 'LumA': 140, 'LumB': 95}",4,False,0.9225352112676056,0.9097222222222222,0.9357142857142857,0.8556149732620321,0.8695652173913043,0.8421052631578947,0.7912087912087912,0.782608695652174,0.8,0.9512195121951219,0.975,0.9285714285714286,18049
classification,RFECA_SVR(k=5),EnsembleSoft,0.0,7,4,0.883751255883811,0.8779165902561281,1287,321,"{'Basal': 168, 'Her2': 179, 'LumA': 560, 'LumB': 380}","{'Basal': 41, 'Her2': 45, 'LumA': 140, 'LumB': 95}",4,False,0.9323843416370107,0.9290780141843972,0.9357142857142857,0.8969072164948454,0.8787878787878788,0.9157894736842105,0.7674418604651163,0.8048780487804879,0.7333333333333333,0.9382716049382716,0.95,0.926829268292683,18049
classification,RFECA_SVR(k=5),EnsembleSoft,0.0,7,5,0.8806775926001528,0.8572339940760993,1287,321,"{'Basal': 167, 'Her2': 180, 'LumA': 560, 'LumB': 380}","{'Basal': 42, 'Her2': 44, 'LumA': 140, 'LumB': 95}",4,False,0.9220338983050848,0.8774193548387097,0.9714285714285714,0.8947368421052632,0.8947368421052632,0.8947368421052632,0.7692307692307693,0.8823529411764706,0.6818181818181818,0.9367088607594937,1.0,0.8809523809523809,18049
classification,RFECA_SVR(k=10),EnsembleSoft,0.0,7,1,0.8726542614495549,0.8678884711779449,1286,322,"{'Basal': 167, 'Her2': 179, 'LumA': 560, 'LumB': 380}","{'Basal': 42, 'Her2': 45, 'LumA': 140, 'LumB': 95}",4,False,0.9124087591240876,0.9328358208955224,0.8928571428571429,0.88,0.8380952380952381,0.9263157894736842,0.8297872340425532,0.7959183673469388,0.8666666666666667,0.868421052631579,0.9705882352941176,0.7857142857142857,18049
classification,RFECA_SVR(k=10),EnsembleSoft,0.0,7,2,0.9124523158699873,0.8965956558061822,1286,322,"{'Basal': 167, 'Her2': 179, 'LumA': 560, 'LumB': 380}","{'Basal': 42, 'Her2': 45, 'LumA': 140, 'LumB': 95}",4,False,0.9387755102040817,0.8961038961038961,0.9857142857142858,0.9021739130434783,0.9325842696629213,0.8736842105263158,0.8705882352941177,0.925,0.8222222222222222,0.9382716049382716,0.9743589743589743,0.9047619047619048,18049
classification,RFECA_SVR(k=10),EnsembleSoft,0.0,7,3,0.8801446219833877,0.8765977443609023,1286,322,"{'Basal': 167, 'Her2': 179, 'LumA': 560, 'LumB': 380}","{'Basal': 42, 'Her2': 45, 'LumA': 140, 'LumB': 95}",4,False,0.9225352112676056,0.9097222222222222,0.9357142857142857,0.8556149732620321,0.8695652173913043,0.8421052631578947,0.7912087912087912,0.782608695652174,0.8,0.9512195121951219,0.975,0.9285714285714286,18049
classification,RFECA_SVR(k=10),EnsembleSoft,0.0,7,4,0.883751255883811,0.8779165902561281,1287,321,"{'Basal': 168, 'Her2': 179, 'LumA': 560, 'LumB': 380}","{'Basal': 41, 'Her2': 45, 'LumA': 140, 'LumB': 95}",4,False,0.9323843416370107,0.9290780141843972,0.9357142857142857,0.8969072164948454,0.8787878787878788,0.9157894736842105,0.7674418604651163,0.8048780487804879,0.7333333333333333,0.9382716049382716,0.95,0.926829268292683,18049
classification,RFECA_SVR(k=10),EnsembleSoft,0.0,7,5,0.8806775926001528,0.8572339940760993,1287,321,"{'Basal': 167, 'Her2': 180, 'LumA': 560, 'LumB': 380}","{'Basal': 42, 'Her2': 44, 'LumA': 140, 'LumB': 95}",4,False,0.9220338983050848,0.8774193548387097,0.9714285714285714,0.8947368421052632,0.8947368421052632,0.8947368421052632,0.7692307692307693,0.8823529411764706,0.6818181818181818,0.9367088607594937,1.0,0.8809523809523809,18049
classification,RFECA_SVR(k=20),EnsembleSoft,0.0,7,1,0.8726542614495549,0.8678884711779449,1286,322,"{'Basal': 167, 'Her2': 179, 'LumA': 560, 'LumB': 380}","{'Basal': 42, 'Her2': 45, 'LumA': 140, 'LumB': 95}",4,False,0.9124087591240876,0.9328358208955224,0.8928571428571429,0.88,0.8380952380952381,0.9263157894736842,0.8297872340425532,0.7959183673469388,0.8666666666666667,0.868421052631579,0.9705882352941176,0.7857142857142857,18049
classification,RFECA_SVR(k=20),EnsembleSoft,0.0,7,2,0.9124523158699873,0.8965956558061822,1286,322,"{'Basal': 167, 'Her2': 179, 'LumA': 560, 'LumB': 380}","{'Basal': 42, 'Her2': 45, 'LumA': 140, 'LumB': 95}",4,False,0.9387755102040817,0.8961038961038961,0.9857142857142858,0.9021739130434783,0.9325842696629213,0.8736842105263158,0.8705882352941177,0.925,0.8222222222222222,0.9382716049382716,0.9743589743589743,0.9047619047619048,18049
classification,RFECA_SVR(k=20),EnsembleSoft,0.0,7,3,0.8801446219833877,0.8765977443609023,1286,322,"{'Basal': 167, 'Her2': 179, 'LumA': 560, 'LumB': 380}","{'Basal': 42, 'Her2': 45, 'LumA': 140, 'LumB': 95}",4,False,0.9225352112676056,0.9097222222222222,0.9357142857142857,0.8556149732620321,0.8695652173913043,0.8421052631578947,0.7912087912087912,0.782608695652174,0.8,0.9512195121951219,0.975,0.9285714285714286,18049
classification,RFECA_SVR(k=20),EnsembleSoft,0.0,7,4,0.883751255883811,0.8779165902561281,1287,321,"{'Basal': 168, 'Her2': 179, 'LumA': 560, 'LumB': 380}","{'Basal': 41, 'Her2': 45, 'LumA': 140, 'LumB': 95}",4,False,0.9323843416370107,0.9290780141843972,0.9357142857142857,0.8969072164948454,0.8787878787878788,0.9157894736842105,0.7674418604651163,0.8048780487804879,0.7333333333333333,0.9382716049382716,0.95,0.926829268292683,18049
classification,RFECA_SVR(k=20),EnsembleSoft,0.0,7,5,0.8806775926001528,0.8572339940760993,1287,321,"{'Basal': 167, 'Her2': 180, 'LumA': 560, 'LumB': 380}","{'Basal': 42, 'Her2': 44, 'LumA': 140, 'LumB': 95}",4,False,0.9220338983050848,0.8774193548387097,0.9714285714285714,0.8947368421052632,0.8947368421052632,0.8947368421052632,0.7692307692307693,0.8823529411764706,0.6818181818181818,0.9367088607594937,1.0,0.8809523809523809,18049
classification,MissForest,EnsembleSoft,0.0,7,1,0.8726542614495549,0.8678884711779449,1286,322,"{'Basal': 167, 'Her2': 179, 'LumA': 560, 'LumB': 380}","{'Basal': 42, 'Her2': 45, 'LumA': 140, 'LumB': 95}",4,False,0.9124087591240876,0.9328358208955224,0.8928571428571429,0.88,0.8380952380952381,0.9263157894736842,0.8297872340425532,0.7959183673469388,0.8666666666666667,0.868421052631579,0.9705882352941176,0.7857142857142857,18049
classification,MissForest,EnsembleSoft,0.0,7,2,0.9124523158699873,0.8965956558061822,1286,322,"{'Basal': 167, 'Her2': 179, 'LumA': 560, 'LumB': 380}","{'Basal': 42, 'Her2': 45, 'LumA': 140, 'LumB': 95}",4,False,0.9387755102040817,0.8961038961038961,0.9857142857142858,0.9021739130434783,0.9325842696629213,0.8736842105263158,0.8705882352941177,0.925,0.8222222222222222,0.9382716049382716,0.9743589743589743,0.9047619047619048,18049
classification,MissForest,EnsembleSoft,0.0,7,3,0.8801446219833877,0.8765977443609023,1286,322,"{'Basal': 167, 'Her2': 179, 'LumA': 560, 'LumB': 380}","{'Basal': 42, 'Her2': 45, 'LumA': 140, 'LumB': 95}",4,False,0.9225352112676056,0.9097222222222222,0.9357142857142857,0.8556149732620321,0.8695652173913043,0.8421052631578947,0.7912087912087912,0.782608695652174,0.8,0.9512195121951219,0.975,0.9285714285714286,18049
classification,MissForest,EnsembleSoft,0.0,7,4,0.883751255883811,0.8779165902561281,1287,321,"{'Basal': 168, 'Her2': 179, 'LumA': 560, 'LumB': 380}","{'Basal': 41, 'Her2': 45, 'LumA': 140, 'LumB': 95}",4,False,0.9323843416370107,0.9290780141843972,0.9357142857142857,0.8969072164948454,0.8787878787878788,0.9157894736842105,0.7674418604651163,0.8048780487804879,0.7333333333333333,0.9382716049382716,0.95,0.926829268292683,18049
classification,MissForest,EnsembleSoft,0.0,7,5,0.8806775926001528,0.8572339940760993,1287,321,"{'Basal': 167, 'Her2': 180, 'LumA': 560, 'LumB': 380}","{'Basal': 42, 'Her2': 44, 'LumA': 140, 'LumB': 95}",4,False,0.9220338983050848,0.8774193548387097,0.9714285714285714,0.8947368421052632,0.8947368421052632,0.8947368421052632,0.7692307692307693,0.8823529411764706,0.6818181818181818,0.9367088607594937,1.0,0.8809523809523809,18049
classification,SimpleMean,EnsembleSoft,0.0,8,1,0.8726542614495549,0.8678884711779449,1286,322,"{'Basal': 167, 'Her2': 179, 'LumA': 560, 'LumB': 380}","{'Basal': 42, 'Her2': 45, 'LumA': 140, 'LumB': 95}",4,False,0.9124087591240876,0.9328358208955224,0.8928571428571429,0.88,0.8380952380952381,0.9263157894736842,0.8297872340425532,0.7959183673469388,0.8666666666666667,0.868421052631579,0.9705882352941176,0.7857142857142857,18050
classification,SimpleMean,EnsembleSoft,0.0,8,2,0.9124523158699873,0.8965956558061822,1286,322,"{'Basal': 167, 'Her2': 179, 'LumA': 560, 'LumB': 380}","{'Basal': 42, 'Her2': 45, 'LumA': 140, 'LumB': 95}",4,False,0.9387755102040817,0.8961038961038961,0.9857142857142858,0.9021739130434783,0.9325842696629213,0.8736842105263158,0.8705882352941177,0.925,0.8222222222222222,0.9382716049382716,0.9743589743589743,0.9047619047619048,18050
classification,SimpleMean,EnsembleSoft,0.0,8,3,0.8801446219833877,0.8765977443609023,1286,322,"{'Basal': 167, 'Her2': 179, 'LumA': 560, 'LumB': 380}","{'Basal': 42, 'Her2': 45, 'LumA': 140, 'LumB': 95}",4,False,0.9225352112676056,0.9097222222222222,0.9357142857142857,0.8556149732620321,0.8695652173913043,0.8421052631578947,0.7912087912087912,0.782608695652174,0.8,0.9512195121951219,0.975,0.9285714285714286,18050
classification,SimpleMean,EnsembleSoft,0.0,8,4,0.883751255883811,0.8779165902561281,1287,321,"{'Basal': 168, 'Her2': 179, 'LumA': 560, 'LumB': 380}","{'Basal': 41, 'Her2': 45, 'LumA': 140, 'LumB': 95}",4,False,0.9323843416370107,0.9290780141843972,0.9357142857142857,0.8969072164948454,0.8787878787878788,0.9157894736842105,0.7674418604651163,0.8048780487804879,0.7333333333333333,0.9382716049382716,0.95,0.926829268292683,18050
classification,SimpleMean,EnsembleSoft,0.0,8,5,0.8806775926001528,0.8572339940760993,1287,321,"{'Basal': 167, 'Her2': 180, 'LumA': 560, 'LumB': 380}","{'Basal': 42, 'Her2': 44, 'LumA': 140, 'LumB': 95}",4,False,0.9220338983050848,0.8774193548387097,0.9714285714285714,0.8947368421052632,0.8947368421052632,0.8947368421052632,0.7692307692307693,0.8823529411764706,0.6818181818181818,0.9367088607594937,1.0,0.8809523809523809,18050
classification,"KNN(k=5,dist)",EnsembleSoft,0.0,8,1,0.8726542614495549,0.8678884711779449,1286,322,"{'Basal': 167, 'Her2': 179, 'LumA': 560, 'LumB': 380}","{'Basal': 42, 'Her2': 45, 'LumA': 140, 'LumB': 95}",4,False,0.9124087591240876,0.9328358208955224,0.8928571428571429,0.88,0.8380952380952381,0.9263157894736842,0.8297872340425532,0.7959183673469388,0.8666666666666667,0.868421052631579,0.9705882352941176,0.7857142857142857,18050
classification,"KNN(k=5,dist)",EnsembleSoft,0.0,8,2,0.9124523158699873,0.8965956558061822,1286,322,"{'Basal': 167, 'Her2': 179, 'LumA': 560, 'LumB': 380}","{'Basal': 42, 'Her2': 45, 'LumA': 140, 'LumB': 95}",4,False,0.9387755102040817,0.8961038961038961,0.9857142857142858,0.9021739130434783,0.9325842696629213,0.8736842105263158,0.8705882352941177,0.925,0.8222222222222222,0.9382716049382716,0.9743589743589743,0.9047619047619048,18050
classification,"KNN(k=5,dist)",EnsembleSoft,0.0,8,3,0.8801446219833877,0.8765977443609023,1286,322,"{'Basal': 167, 'Her2': 179, 'LumA': 560, 'LumB': 380}","{'Basal': 42, 'Her2': 45, 'LumA': 140, 'LumB': 95}",4,False,0.9225352112676056,0.9097222222222222,0.9357142857142857,0.8556149732620321,0.8695652173913043,0.8421052631578947,0.7912087912087912,0.782608695652174,0.8,0.9512195121951219,0.975,0.9285714285714286,18050
classification,"KNN(k=5,dist)",EnsembleSoft,0.0,8,4,0.883751255883811,0.8779165902561281,1287,321,"{'Basal': 168, 'Her2': 179, 'LumA': 560, 'LumB': 380}","{'Basal': 41, 'Her2': 45, 'LumA': 140, 'LumB': 95}",4,False,0.9323843416370107,0.9290780141843972,0.9357142857142857,0.8969072164948454,0.8787878787878788,0.9157894736842105,0.7674418604651163,0.8048780487804879,0.7333333333333333,0.9382716049382716,0.95,0.926829268292683,18050
classification,"KNN(k=5,dist)",EnsembleSoft,0.0,8,5,0.8806775926001528,0.8572339940760993,1287,321,"{'Basal': 167, 'Her2': 180, 'LumA': 560, 'LumB': 380}","{'Basal': 42, 'Her2': 44, 'LumA': 140, 'LumB': 95}",4,False,0.9220338983050848,0.8774193548387097,0.9714285714285714,0.8947368421052632,0.8947368421052632,0.8947368421052632,0.7692307692307693,0.8823529411764706,0.6818181818181818,0.9367088607594937,1.0,0.8809523809523809,18050
classification,RFECA_SVR(k=5),EnsembleSoft,0.0,8,1,0.8726542614495549,0.8678884711779449,1286,322,"{'Basal': 167, 'Her2': 179, 'LumA': 560, 'LumB': 380}","{'Basal': 42, 'Her2': 45, 'LumA': 140, 'LumB': 95}",4,False,0.9124087591240876,0.9328358208955224,0.8928571428571429,0.88,0.8380952380952381,0.9263157894736842,0.8297872340425532,0.7959183673469388,0.8666666666666667,0.868421052631579,0.9705882352941176,0.7857142857142857,18050
classification,RFECA_SVR(k=5),EnsembleSoft,0.0,8,2,0.9124523158699873,0.8965956558061822,1286,322,"{'Basal': 167, 'Her2': 179, 'LumA': 560, 'LumB': 380}","{'Basal': 42, 'Her2': 45, 'LumA': 140, 'LumB': 95}",4,False,0.9387755102040817,0.8961038961038961,0.9857142857142858,0.9021739130434783,0.9325842696629213,0.8736842105263158,0.8705882352941177,0.925,0.8222222222222222,0.9382716049382716,0.9743589743589743,0.9047619047619048,18050
classification,RFECA_SVR(k=5),EnsembleSoft,0.0,8,3,0.8801446219833877,0.8765977443609023,1286,322,"{'Basal': 167, 'Her2': 179, 'LumA': 560, 'LumB': 380}","{'Basal': 42, 'Her2': 45, 'LumA': 140, 'LumB': 95}",4,False,0.9225352112676056,0.9097222222222222,0.9357142857142857,0.8556149732620321,0.8695652173913043,0.8421052631578947,0.7912087912087912,0.782608695652174,0.8,0.9512195121951219,0.975,0.9285714285714286,18050
classification,RFECA_SVR(k=5),EnsembleSoft,0.0,8,4,0.883751255883811,0.8779165902561281,1287,321,"{'Basal': 168, 'Her2': 179, 'LumA': 560, 'LumB': 380}","{'Basal': 41, 'Her2': 45, 'LumA': 140, 'LumB': 95}",4,False,0.9323843416370107,0.9290780141843972,0.9357142857142857,0.8969072164948454,0.8787878787878788,0.9157894736842105,0.7674418604651163,0.8048780487804879,0.7333333333333333,0.9382716049382716,0.95,0.926829268292683,18050
classification,RFECA_SVR(k=5),EnsembleSoft,0.0,8,5,0.8806775926001528,0.8572339940760993,1287,321,"{'Basal': 167, 'Her2': 180, 'LumA': 560, 'LumB': 380}","{'Basal': 42, 'Her2': 44, 'LumA': 140, 'LumB': 95}",4,False,0.9220338983050848,0.8774193548387097,0.9714285714285714,0.8947368421052632,0.8947368421052632,0.8947368421052632,0.7692307692307693,0.8823529411764706,0.6818181818181818,0.9367088607594937,1.0,0.8809523809523809,18050
classification,RFECA_SVR(k=10),EnsembleSoft,0.0,8,1,0.8726542614495549,0.8678884711779449,1286,322,"{'Basal': 167, 'Her2': 179, 'LumA': 560, 'LumB': 380}","{'Basal': 42, 'Her2': 45, 'LumA': 140, 'LumB': 95}",4,False,0.9124087591240876,0.9328358208955224,0.8928571428571429,0.88,0.8380952380952381,0.9263157894736842,0.8297872340425532,0.7959183673469388,0.8666666666666667,0.868421052631579,0.9705882352941176,0.7857142857142857,18050
classification,RFECA_SVR(k=10),EnsembleSoft,0.0,8,2,0.9124523158699873,0.8965956558061822,1286,322,"{'Basal': 167, 'Her2': 179, 'LumA': 560, 'LumB': 380}","{'Basal': 42, 'Her2': 45, 'LumA': 140, 'LumB': 95}",4,False,0.9387755102040817,0.8961038961038961,0.9857142857142858,0.9021739130434783,0.9325842696629213,0.8736842105263158,0.8705882352941177,0.925,0.8222222222222222,0.9382716049382716,0.9743589743589743,0.9047619047619048,18050
classification,RFECA_SVR(k=10),EnsembleSoft,0.0,8,3,0.8801446219833877,0.8765977443609023,1286,322,"{'Basal': 167, 'Her2': 179, 'LumA': 560, 'LumB': 380}","{'Basal': 42, 'Her2': 45, 'LumA': 140, 'LumB': 95}",4,False,0.9225352112676056,0.9097222222222222,0.9357142857142857,0.8556149732620321,0.8695652173913043,0.8421052631578947,0.7912087912087912,0.782608695652174,0.8,0.9512195121951219,0.975,0.9285714285714286,18050
classification,RFECA_SVR(k=10),EnsembleSoft,0.0,8,4,0.883751255883811,0.8779165902561281,1287,321,"{'Basal': 168, 'Her2': 179, 'LumA': 560, 'LumB': 380}","{'Basal': 41, 'Her2': 45, 'LumA': 140, 'LumB': 95}",4,False,0.9323843416370107,0.9290780141843972,0.9357142857142857,0.8969072164948454,0.8787878787878788,0.9157894736842105,0.7674418604651163,0.8048780487804879,0.7333333333333333,0.9382716049382716,0.95,0.926829268292683,18050
classification,RFECA_SVR(k=10),EnsembleSoft,0.0,8,5,0.8806775926001528,0.8572339940760993,1287,321,"{'Basal': 167, 'Her2': 180, 'LumA': 560, 'LumB': 380}","{'Basal': 42, 'Her2': 44, 'LumA': 140, 'LumB': 95}",4,False,0.9220338983050848,0.8774193548387097,0.9714285714285714,0.8947368421052632,0.8947368421052632,0.8947368421052632,0.7692307692307693,0.8823529411764706,0.6818181818181818,0.9367088607594937,1.0,0.8809523809523809,18050
classification,RFECA_SVR(k=20),EnsembleSoft,0.0,8,1,0.8726542614495549,0.8678884711779449,1286,322,"{'Basal': 167, 'Her2': 179, 'LumA': 560, 'LumB': 380}","{'Basal': 42, 'Her2': 45, 'LumA': 140, 'LumB': 95}",4,False,0.9124087591240876,0.9328358208955224,0.8928571428571429,0.88,0.8380952380952381,0.9263157894736842,0.8297872340425532,0.7959183673469388,0.8666666666666667,0.868421052631579,0.9705882352941176,0.7857142857142857,18050
classification,RFECA_SVR(k=20),EnsembleSoft,0.0,8,2,0.9124523158699873,0.8965956558061822,1286,322,"{'Basal': 167, 'Her2': 179, 'LumA': 560, 'LumB': 380}","{'Basal': 42, 'Her2': 45, 'LumA': 140, 'LumB': 95}",4,False,0.9387755102040817,0.8961038961038961,0.9857142857142858,0.9021739130434783,0.9325842696629213,0.8736842105263158,0.8705882352941177,0.925,0.8222222222222222,0.9382716049382716,0.9743589743589743,0.9047619047619048,18050
classification,RFECA_SVR(k=20),EnsembleSoft,0.0,8,3,0.8801446219833877,0.8765977443609023,1286,322,"{'Basal': 167, 'Her2': 179, 'LumA': 560, 'LumB': 380}","{'Basal': 42, 'Her2': 45, 'LumA': 140, 'LumB': 95}",4,False,0.9225352112676056,0.9097222222222222,0.9357142857142857,0.8556149732620321,0.8695652173913043,0.8421052631578947,0.7912087912087912,0.782608695652174,0.8,0.9512195121951219,0.975,0.9285714285714286,18050
classification,RFECA_SVR(k=20),EnsembleSoft,0.0,8,4,0.883751255883811,0.8779165902561281,1287,321,"{'Basal': 168, 'Her2': 179, 'LumA': 560, 'LumB': 380}","{'Basal': 41, 'Her2': 45, 'LumA': 140, 'LumB': 95}",4,False,0.9323843416370107,0.9290780141843972,0.9357142857142857,0.8969072164948454,0.8787878787878788,0.9157894736842105,0.7674418604651163,0.8048780487804879,0.7333333333333333,0.9382716049382716,0.95,0.926829268292683,18050
classification,RFECA_SVR(k=20),EnsembleSoft,0.0,8,5,0.8806775926001528,0.8572339940760993,1287,321,"{'Basal': 167, 'Her2': 180, 'LumA': 560, 'LumB': 380}","{'Basal': 42, 'Her2': 44, 'LumA': 140, 'LumB': 95}",4,False,0.9220338983050848,0.8774193548387097,0.9714285714285714,0.8947368421052632,0.8947368421052632,0.8947368421052632,0.7692307692307693,0.8823529411764706,0.6818181818181818,0.9367088607594937,1.0,0.8809523809523809,18050
classification,MissForest,EnsembleSoft,0.0,8,1,0.8726542614495549,0.8678884711779449,1286,322,"{'Basal': 167, 'Her2': 179, 'LumA': 560, 'LumB': 380}","{'Basal': 42, 'Her2': 45, 'LumA': 140, 'LumB': 95}",4,False,0.9124087591240876,0.9328358208955224,0.8928571428571429,0.88,0.8380952380952381,0.9263157894736842,0.8297872340425532,0.7959183673469388,0.8666666666666667,0.868421052631579,0.9705882352941176,0.7857142857142857,18050
classification,MissForest,EnsembleSoft,0.0,8,2,0.9124523158699873,0.8965956558061822,1286,322,"{'Basal': 167, 'Her2': 179, 'LumA': 560, 'LumB': 380}","{'Basal': 42, 'Her2': 45, 'LumA': 140, 'LumB': 95}",4,False,0.9387755102040817,0.8961038961038961,0.9857142857142858,0.9021739130434783,0.9325842696629213,0.8736842105263158,0.8705882352941177,0.925,0.8222222222222222,0.9382716049382716,0.9743589743589743,0.9047619047619048,18050
classification,MissForest,EnsembleSoft,0.0,8,3,0.8801446219833877,0.8765977443609023,1286,322,"{'Basal': 167, 'Her2': 179, 'LumA': 560, 'LumB': 380}","{'Basal': 42, 'Her2': 45, 'LumA': 140, 'LumB': 95}",4,False,0.9225352112676056,0.9097222222222222,0.9357142857142857,0.8556149732620321,0.8695652173913043,0.8421052631578947,0.7912087912087912,0.782608695652174,0.8,0.9512195121951219,0.975,0.9285714285714286,18050
classification,MissForest,EnsembleSoft,0.0,8,4,0.883751255883811,0.8779165902561281,1287,321,"{'Basal': 168, 'Her2': 179, 'LumA': 560, 'LumB': 380}","{'Basal': 41, 'Her2': 45, 'LumA': 140, 'LumB': 95}",4,False,0.9323843416370107,0.9290780141843972,0.9357142857142857,0.8969072164948454,0.8787878787878788,0.9157894736842105,0.7674418604651163,0.8048780487804879,0.7333333333333333,0.9382716049382716,0.95,0.926829268292683,18050
classification,MissForest,EnsembleSoft,0.0,8,5,0.8806775926001528,0.8572339940760993,1287,321,"{'Basal': 167, 'Her2': 180, 'LumA': 560, 'LumB': 380}","{'Basal': 42, 'Her2': 44, 'LumA': 140, 'LumB': 95}",4,False,0.9220338983050848,0.8774193548387097,0.9714285714285714,0.8947368421052632,0.8947368421052632,0.8947368421052632,0.7692307692307693,0.8823529411764706,0.6818181818181818,0.9367088607594937,1.0,0.8809523809523809,18050
classification,SimpleMean,EnsembleSoft,0.0,9,1,0.8726542614495549,0.8678884711779449,1286,322,"{'Basal': 167, 'Her2': 179, 'LumA': 560, 'LumB': 380}","{'Basal': 42, 'Her2': 45, 'LumA': 140, 'LumB': 95}",4,False,0.9124087591240876,0.9328358208955224,0.8928571428571429,0.88,0.8380952380952381,0.9263157894736842,0.8297872340425532,0.7959183673469388,0.8666666666666667,0.868421052631579,0.9705882352941176,0.7857142857142857,18051
classification,SimpleMean,EnsembleSoft,0.0,9,2,0.9124523158699873,0.8965956558061822,1286,322,"{'Basal': 167, 'Her2': 179, 'LumA': 560, 'LumB': 380}","{'Basal': 42, 'Her2': 45, 'LumA': 140, 'LumB': 95}",4,False,0.9387755102040817,0.8961038961038961,0.9857142857142858,0.9021739130434783,0.9325842696629213,0.8736842105263158,0.8705882352941177,0.925,0.8222222222222222,0.9382716049382716,0.9743589743589743,0.9047619047619048,18051
classification,SimpleMean,EnsembleSoft,0.0,9,3,0.8801446219833877,0.8765977443609023,1286,322,"{'Basal': 167, 'Her2': 179, 'LumA': 560, 'LumB': 380}","{'Basal': 42, 'Her2': 45, 'LumA': 140, 'LumB': 95}",4,False,0.9225352112676056,0.9097222222222222,0.9357142857142857,0.8556149732620321,0.8695652173913043,0.8421052631578947,0.7912087912087912,0.782608695652174,0.8,0.9512195121951219,0.975,0.9285714285714286,18051
classification,SimpleMean,EnsembleSoft,0.0,9,4,0.883751255883811,0.8779165902561281,1287,321,"{'Basal': 168, 'Her2': 179, 'LumA': 560, 'LumB': 380}","{'Basal': 41, 'Her2': 45, 'LumA': 140, 'LumB': 95}",4,False,0.9323843416370107,0.9290780141843972,0.9357142857142857,0.8969072164948454,0.8787878787878788,0.9157894736842105,0.7674418604651163,0.8048780487804879,0.7333333333333333,0.9382716049382716,0.95,0.926829268292683,18051
classification,SimpleMean,EnsembleSoft,0.0,9,5,0.8806775926001528,0.8572339940760993,1287,321,"{'Basal': 167, 'Her2': 180, 'LumA': 560, 'LumB': 380}","{'Basal': 42, 'Her2': 44, 'LumA': 140, 'LumB': 95}",4,False,0.9220338983050848,0.8774193548387097,0.9714285714285714,0.8947368421052632,0.8947368421052632,0.8947368421052632,0.7692307692307693,0.8823529411764706,0.6818181818181818,0.9367088607594937,1.0,0.8809523809523809,18051
classification,"KNN(k=5,dist)",EnsembleSoft,0.0,9,1,0.8726542614495549,0.8678884711779449,1286,322,"{'Basal': 167, 'Her2': 179, 'LumA': 560, 'LumB': 380}","{'Basal': 42, 'Her2': 45, 'LumA': 140, 'LumB': 95}",4,False,0.9124087591240876,0.9328358208955224,0.8928571428571429,0.88,0.8380952380952381,0.9263157894736842,0.8297872340425532,0.7959183673469388,0.8666666666666667,0.868421052631579,0.9705882352941176,0.7857142857142857,18051
classification,"KNN(k=5,dist)",EnsembleSoft,0.0,9,2,0.9124523158699873,0.8965956558061822,1286,322,"{'Basal': 167, 'Her2': 179, 'LumA': 560, 'LumB': 380}","{'Basal': 42, 'Her2': 45, 'LumA': 140, 'LumB': 95}",4,False,0.9387755102040817,0.8961038961038961,0.9857142857142858,0.9021739130434783,0.9325842696629213,0.8736842105263158,0.8705882352941177,0.925,0.8222222222222222,0.9382716049382716,0.9743589743589743,0.9047619047619048,18051
classification,"KNN(k=5,dist)",EnsembleSoft,0.0,9,3,0.8801446219833877,0.8765977443609023,1286,322,"{'Basal': 167, 'Her2': 179, 'LumA': 560, 'LumB': 380}","{'Basal': 42, 'Her2': 45, 'LumA': 140, 'LumB': 95}",4,False,0.9225352112676056,0.9097222222222222,0.9357142857142857,0.8556149732620321,0.8695652173913043,0.8421052631578947,0.7912087912087912,0.782608695652174,0.8,0.9512195121951219,0.975,0.9285714285714286,18051
classification,"KNN(k=5,dist)",EnsembleSoft,0.0,9,4,0.883751255883811,0.8779165902561281,1287,321,"{'Basal': 168, 'Her2': 179, 'LumA': 560, 'LumB': 380}","{'Basal': 41, 'Her2': 45, 'LumA': 140, 'LumB': 95}",4,False,0.9323843416370107,0.9290780141843972,0.9357142857142857,0.8969072164948454,0.8787878787878788,0.9157894736842105,0.7674418604651163,0.8048780487804879,0.7333333333333333,0.9382716049382716,0.95,0.926829268292683,18051
classification,"KNN(k=5,dist)",EnsembleSoft,0.0,9,5,0.8806775926001528,0.8572339940760993,1287,321,"{'Basal': 167, 'Her2': 180, 'LumA': 560, 'LumB': 380}","{'Basal': 42, 'Her2': 44, 'LumA': 140, 'LumB': 95}",4,False,0.9220338983050848,0.8774193548387097,0.9714285714285714,0.8947368421052632,0.8947368421052632,0.8947368421052632,0.7692307692307693,0.8823529411764706,0.6818181818181818,0.9367088607594937,1.0,0.8809523809523809,18051
classification,RFECA_SVR(k=5),EnsembleSoft,0.0,9,1,0.8726542614495549,0.8678884711779449,1286,322,"{'Basal': 167, 'Her2': 179, 'LumA': 560, 'LumB': 380}","{'Basal': 42, 'Her2': 45, 'LumA': 140, 'LumB': 95}",4,False,0.9124087591240876,0.9328358208955224,0.8928571428571429,0.88,0.8380952380952381,0.9263157894736842,0.8297872340425532,0.7959183673469388,0.8666666666666667,0.868421052631579,0.9705882352941176,0.7857142857142857,18051
classification,RFECA_SVR(k=5),EnsembleSoft,0.0,9,2,0.9124523158699873,0.8965956558061822,1286,322,"{'Basal': 167, 'Her2': 179, 'LumA': 560, 'LumB': 380}","{'Basal': 42, 'Her2': 45, 'LumA': 140, 'LumB': 95}",4,False,0.9387755102040817,0.8961038961038961,0.9857142857142858,0.9021739130434783,0.9325842696629213,0.8736842105263158,0.8705882352941177,0.925,0.8222222222222222,0.9382716049382716,0.9743589743589743,0.9047619047619048,18051
classification,RFECA_SVR(k=5),EnsembleSoft,0.0,9,3,0.8801446219833877,0.8765977443609023,1286,322,"{'Basal': 167, 'Her2': 179, 'LumA': 560, 'LumB': 380}","{'Basal': 42, 'Her2': 45, 'LumA': 140, 'LumB': 95}",4,False,0.9225352112676056,0.9097222222222222,0.9357142857142857,0.8556149732620321,0.8695652173913043,0.8421052631578947,0.7912087912087912,0.782608695652174,0.8,0.9512195121951219,0.975,0.9285714285714286,18051
classification,RFECA_SVR(k=5),EnsembleSoft,0.0,9,4,0.883751255883811,0.8779165902561281,1287,321,"{'Basal': 168, 'Her2': 179, 'LumA': 560, 'LumB': 380}","{'Basal': 41, 'Her2': 45, 'LumA': 140, 'LumB': 95}",4,False,0.9323843416370107,0.9290780141843972,0.9357142857142857,0.8969072164948454,0.8787878787878788,0.9157894736842105,0.7674418604651163,0.8048780487804879,0.7333333333333333,0.9382716049382716,0.95,0.926829268292683,18051
classification,RFECA_SVR(k=5),EnsembleSoft,0.0,9,5,0.8806775926001528,0.8572339940760993,1287,321,"{'Basal': 167, 'Her2': 180, 'LumA': 560, 'LumB': 380}","{'Basal': 42, 'Her2': 44, 'LumA': 140, 'LumB': 95}",4,False,0.9220338983050848,0.8774193548387097,0.9714285714285714,0.8947368421052632,0.8947368421052632,0.8947368421052632,0.7692307692307693,0.8823529411764706,0.6818181818181818,0.9367088607594937,1.0,0.8809523809523809,18051
classification,RFECA_SVR(k=10),EnsembleSoft,0.0,9,1,0.8726542614495549,0.8678884711779449,1286,322,"{'Basal': 167, 'Her2': 179, 'LumA': 560, 'LumB': 380}","{'Basal': 42, 'Her2': 45, 'LumA': 140, 'LumB': 95}",4,False,0.9124087591240876,0.9328358208955224,0.8928571428571429,0.88,0.8380952380952381,0.9263157894736842,0.8297872340425532,0.7959183673469388,0.8666666666666667,0.868421052631579,0.9705882352941176,0.7857142857142857,18051
classification,RFECA_SVR(k=10),EnsembleSoft,0.0,9,2,0.9124523158699873,0.8965956558061822,1286,322,"{'Basal': 167, 'Her2': 179, 'LumA': 560, 'LumB': 380}","{'Basal': 42, 'Her2': 45, 'LumA': 140, 'LumB': 95}",4,False,0.9387755102040817,0.8961038961038961,0.9857142857142858,0.9021739130434783,0.9325842696629213,0.8736842105263158,0.8705882352941177,0.925,0.8222222222222222,0.9382716049382716,0.9743589743589743,0.9047619047619048,18051
classification,RFECA_SVR(k=10),EnsembleSoft,0.0,9,3,0.8801446219833877,0.8765977443609023,1286,322,"{'Basal': 167, 'Her2': 179, 'LumA': 560, 'LumB': 380}","{'Basal': 42, 'Her2': 45, 'LumA': 140, 'LumB': 95}",4,False,0.9225352112676056,0.9097222222222222,0.9357142857142857,0.8556149732620321,0.8695652173913043,0.8421052631578947,0.7912087912087912,0.782608695652174,0.8,0.9512195121951219,0.975,0.9285714285714286,18051
classification,RFECA_SVR(k=10),EnsembleSoft,0.0,9,4,0.883751255883811,0.8779165902561281,1287,321,"{'Basal': 168, 'Her2': 179, 'LumA': 560, 'LumB': 380}","{'Basal': 41, 'Her2': 45, 'LumA': 140, 'LumB': 95}",4,False,0.9323843416370107,0.9290780141843972,0.9357142857142857,0.8969072164948454,0.8787878787878788,0.9157894736842105,0.7674418604651163,0.8048780487804879,0.7333333333333333,0.9382716049382716,0.95,0.926829268292683,18051
classification,RFECA_SVR(k=10),EnsembleSoft,0.0,9,5,0.8806775926001528,0.8572339940760993,1287,321,"{'Basal': 167, 'Her2': 180, 'LumA': 560, 'LumB': 380}","{'Basal': 42, 'Her2': 44, 'LumA': 140, 'LumB': 95}",4,False,0.9220338983050848,0.8774193548387097,0.9714285714285714,0.8947368421052632,0.8947368421052632,0.8947368421052632,0.7692307692307693,0.8823529411764706,0.6818181818181818,0.9367088607594937,1.0,0.8809523809523809,18051
classification,RFECA_SVR(k=20),EnsembleSoft,0.0,9,1,0.8726542614495549,0.8678884711779449,1286,322,"{'Basal': 167, 'Her2': 179, 'LumA': 560, 'LumB': 380}","{'Basal': 42, 'Her2': 45, 'LumA': 140, 'LumB': 95}",4,False,0.9124087591240876,0.9328358208955224,0.8928571428571429,0.88,0.8380952380952381,0.9263157894736842,0.8297872340425532,0.7959183673469388,0.8666666666666667,0.868421052631579,0.9705882352941176,0.7857142857142857,18051
classification,RFECA_SVR(k=20),EnsembleSoft,0.0,9,2,0.9124523158699873,0.8965956558061822,1286,322,"{'Basal': 167, 'Her2': 179, 'LumA': 560, 'LumB': 380}","{'Basal': 42, 'Her2': 45, 'LumA': 140, 'LumB': 95}",4,False,0.9387755102040817,0.8961038961038961,0.9857142857142858,0.9021739130434783,0.9325842696629213,0.8736842105263158,0.8705882352941177,0.925,0.8222222222222222,0.9382716049382716,0.9743589743589743,0.9047619047619048,18051
classification,RFECA_SVR(k=20),EnsembleSoft,0.0,9,3,0.8801446219833877,0.8765977443609023,1286,322,"{'Basal': 167, 'Her2': 179, 'LumA': 560, 'LumB': 380}","{'Basal': 42, 'Her2': 45, 'LumA': 140, 'LumB': 95}",4,False,0.9225352112676056,0.9097222222222222,0.9357142857142857,0.8556149732620321,0.8695652173913043,0.8421052631578947,0.7912087912087912,0.782608695652174,0.8,0.9512195121951219,0.975,0.9285714285714286,18051
classification,RFECA_SVR(k=20),EnsembleSoft,0.0,9,4,0.883751255883811,0.8779165902561281,1287,321,"{'Basal': 168, 'Her2': 179, 'LumA': 560, 'LumB': 380}","{'Basal': 41, 'Her2': 45, 'LumA': 140, 'LumB': 95}",4,False,0.9323843416370107,0.9290780141843972,0.9357142857142857,0.8969072164948454,0.8787878787878788,0.9157894736842105,0.7674418604651163,0.8048780487804879,0.7333333333333333,0.9382716049382716,0.95,0.926829268292683,18051
classification,RFECA_SVR(k=20),EnsembleSoft,0.0,9,5,0.8806775926001528,0.8572339940760993,1287,321,"{'Basal': 167, 'Her2': 180, 'LumA': 560, 'LumB': 380}","{'Basal': 42, 'Her2': 44, 'LumA': 140, 'LumB': 95}",4,False,0.9220338983050848,0.8774193548387097,0.9714285714285714,0.8947368421052632,0.8947368421052632,0.8947368421052632,0.7692307692307693,0.8823529411764706,0.6818181818181818,0.9367088607594937,1.0,0.8809523809523809,18051
classification,MissForest,EnsembleSoft,0.0,9,1,0.8726542614495549,0.8678884711779449,1286,322,"{'Basal': 167, 'Her2': 179, 'LumA': 560, 'LumB': 380}","{'Basal': 42, 'Her2': 45, 'LumA': 140, 'LumB': 95}",4,False,0.9124087591240876,0.9328358208955224,0.8928571428571429,0.88,0.8380952380952381,0.9263157894736842,0.8297872340425532,0.7959183673469388,0.8666666666666667,0.868421052631579,0.9705882352941176,0.7857142857142857,18051
classification,MissForest,EnsembleSoft,0.0,9,2,0.9124523158699873,0.8965956558061822,1286,322,"{'Basal': 167, 'Her2': 179, 'LumA': 560, 'LumB': 380}","{'Basal': 42, 'Her2': 45, 'LumA': 140, 'LumB': 95}",4,False,0.9387755102040817,0.8961038961038961,0.9857142857142858,0.9021739130434783,0.9325842696629213,0.8736842105263158,0.8705882352941177,0.925,0.8222222222222222,0.9382716049382716,0.9743589743589743,0.9047619047619048,18051
classification,MissForest,EnsembleSoft,0.0,9,3,0.8801446219833877,0.8765977443609023,1286,322,"{'Basal': 167, 'Her2': 179, 'LumA': 560, 'LumB': 380}","{'Basal': 42, 'Her2': 45, 'LumA': 140, 'LumB': 95}",4,False,0.9225352112676056,0.9097222222222222,0.9357142857142857,0.8556149732620321,0.8695652173913043,0.8421052631578947,0.7912087912087912,0.782608695652174,0.8,0.9512195121951219,0.975,0.9285714285714286,18051
classification,MissForest,EnsembleSoft,0.0,9,4,0.883751255883811,0.8779165902561281,1287,321,"{'Basal': 168, 'Her2': 179, 'LumA': 560, 'LumB': 380}","{'Basal': 41, 'Her2': 45, 'LumA': 140, 'LumB': 95}",4,False,0.9323843416370107,0.9290780141843972,0.9357142857142857,0.8969072164948454,0.8787878787878788,0.9157894736842105,0.7674418604651163,0.8048780487804879,0.7333333333333333,0.9382716049382716,0.95,0.926829268292683,18051
classification,MissForest,EnsembleSoft,0.0,9,5,0.8806775926001528,0.8572339940760993,1287,321,"{'Basal': 167, 'Her2': 180, 'LumA': 560, 'LumB': 380}","{'Basal': 42, 'Her2': 44, 'LumA': 140, 'LumB': 95}",4,False,0.9220338983050848,0.8774193548387097,0.9714285714285714,0.8947368421052632,0.8947368421052632,0.8947368421052632,0.7692307692307693,0.8823529411764706,0.6818181818181818,0.9367088607594937,1.0,0.8809523809523809,18051
classification,SimpleMean,EnsembleSoft,0.05,0,1,0.8739548546691404,0.8723475355054302,1286,322,"{'Basal': 167, 'Her2': 179, 'LumA': 560, 'LumB': 380}","{'Basal': 42, 'Her2': 45, 'LumA': 140, 'LumB': 95}",4,False,0.9018181818181819,0.9185185185185185,0.8857142857142857,0.8775510204081632,0.8514851485148515,0.9052631578947369,0.8333333333333334,0.7843137254901961,0.8888888888888888,0.8831168831168831,0.9714285714285714,0.8095238095238095,18047
classification,SimpleMean,EnsembleSoft,0.05,0,2,0.9112465979644593,0.8995196324143693,1286,322,"{'Basal': 167, 'Her2': 179, 'LumA': 560, 'LumB': 380}","{'Basal': 42, 'Her2': 45, 'LumA': 140, 'LumB': 95}",4,False,0.9419795221843004,0.9019607843137255,0.9857142857142858,0.9010989010989011,0.9425287356321839,0.8631578947368421,0.8636363636363636,0.8837209302325582,0.8444444444444444,0.9382716049382716,0.9743589743589743,0.9047619047619048,18047
classification,SimpleMean,EnsembleSoft,0.05,0,3,0.8613746948930667,0.8555137844611528,1286,322,"{'Basal': 167, 'Her2': 179, 'LumA': 560, 'LumB': 380}","{'Basal': 42, 'Her2': 45, 'LumA': 140, 'LumB': 95}",4,False,0.9122807017543859,0.896551724137931,0.9285714285714286,0.8404255319148937,0.8494623655913979,0.8315789473684211,0.7415730337078652,0.75,0.7333333333333333,0.9512195121951219,0.975,0.9285714285714286,18047
classification,SimpleMean,EnsembleSoft,0.05,0,4,0.8977841788984896,0.8924936833954806,1287,321,"{'Basal': 168, 'Her2': 179, 'LumA': 560, 'LumB': 380}","{'Basal': 41, 'Her2': 45, 'LumA': 140, 'LumB': 95}",4,False,0.9323843416370107,0.9290780141843972,0.9357142857142857,0.8911917098445595,0.8775510204081632,0.9052631578947369,0.8045977011494253,0.8333333333333334,0.7777777777777778,0.9629629629629629,0.975,0.9512195121951219,18047
classification,SimpleMean,EnsembleSoft,0.05,0,5,0.8729303706172085,0.8519708361813625,1287,321,"{'Basal': 167, 'Her2': 180, 'LumA': 560, 'LumB': 380}","{'Basal': 42, 'Her2': 44, 'LumA': 140, 'LumB': 95}",4,False,0.9220338983050848,0.8774193548387097,0.9714285714285714,0.8829787234042553,0.8924731182795699,0.8736842105263158,0.75,0.8333333333333334,0.6818181818181818,0.9367088607594937,1.0,0.8809523809523809,18047
classification,"KNN(k=5,dist)",EnsembleSoft,0.05,0,1,0.8744530896013778,0.8687343358395989,1286,322,"{'Basal': 167, 'Her2': 179, 'LumA': 560, 'LumB': 380}","{'Basal': 42, 'Her2': 45, 'LumA': 140, 'LumB': 95}",4,False,0.9051094890510949,0.9253731343283582,0.8857142857142857,0.8855721393034826,0.839622641509434,0.9368421052631579,0.8387096774193549,0.8125,0.8666666666666667,0.868421052631579,0.9705882352941176,0.7857142857142857,18047
classification,"KNN(k=5,dist)",EnsembleSoft,0.05,0,2,0.9152539390329741,0.9021512113617377,1286,322,"{'Basal': 167, 'Her2': 179, 'LumA': 560, 'LumB': 380}","{'Basal': 42, 'Her2': 45, 'LumA': 140, 'LumB': 95}",4,False,0.9452054794520548,0.9078947368421053,0.9857142857142858,0.9021739130434783,0.9325842696629213,0.8736842105263158,0.8636363636363636,0.8837209302325582,0.8444444444444444,0.95,1.0,0.9047619047619048,18047
classification,"KNN(k=5,dist)",EnsembleSoft,0.05,0,3,0.8687147809667299,0.863251879699248,1286,322,"{'Basal': 167, 'Her2': 179, 'LumA': 560, 'LumB': 380}","{'Basal': 42, 'Her2': 45, 'LumA': 140, 'LumB': 95}",4,False,0.916083916083916,0.8972602739726028,0.9357142857142857,0.8449197860962567,0.8586956521739131,0.8315789473684211,0.75,0.7674418604651163,0.7333333333333333,0.963855421686747,0.975609756097561,0.9523809523809523,18047
classification,"KNN(k=5,dist)",EnsembleSoft,0.05,0,4,0.8831195128216751,0.8755774089695785,1287,321,"{'Basal': 168, 'Her2': 179, 'LumA': 560, 'LumB': 380}","{'Basal': 41, 'Her2': 45, 'LumA': 140, 'LumB': 95}",4,False,0.9192982456140351,0.903448275862069,0.9357142857142857,0.8842105263157894,0.8842105263157894,0.8842105263157894,0.7906976744186046,0.8292682926829268,0.7555555555555555,0.9382716049382716,0.95,0.926829268292683,18047
classification,"KNN(k=5,dist)",EnsembleSoft,0.05,0,5,0.8820961627363143,0.8629158122579176,1287,321,"{'Basal': 167, 'Her2': 180, 'LumA': 560, 'LumB': 380}","{'Basal': 42, 'Her2': 44, 'LumA': 140, 'LumB': 95}",4,False,0.9315068493150684,0.8947368421052632,0.9714285714285714,0.8947368421052632,0.8947368421052632,0.8947368421052632,0.7654320987654321,0.8378378378378378,0.7045454545454546,0.9367088607594937,1.0,0.8809523809523809,18047
classification,RFECA_SVR(k=5),EnsembleSoft,0.05,0,1,0.8602754416770635,0.8569757727652465,1286,322,"{'Basal': 167, 'Her2': 179, 'LumA': 560, 'LumB': 380}","{'Basal': 42, 'Her2': 45, 'LumA': 140, 'LumB': 95}",4,False,0.8970588235294118,0.9242424242424242,0.8714285714285714,0.8756218905472637,0.8301886792452831,0.9263157894736842,0.8,0.76,0.8444444444444444,0.868421052631579,0.9705882352941176,0.7857142857142857,18047
classification,RFECA_SVR(k=5),EnsembleSoft,0.05,0,2,0.8984247707069782,0.8866228070175439,1286,322,"{'Basal': 167, 'Her2': 179, 'LumA': 560, 'LumB': 380}","{'Basal': 42, 'Her2': 45, 'LumA': 140, 'LumB': 95}",4,False,0.9383561643835616,0.9013157894736842,0.9785714285714285,0.8913043478260869,0.9213483146067416,0.8631578947368421,0.8372093023255814,0.8780487804878049,0.8,0.926829268292683,0.95,0.9047619047619048,18047
classification,RFECA_SVR(k=5),EnsembleSoft,0.05,0,3,0.8710088987032332,0.8661758563074352,1286,322,"{'Basal': 167, 'Her2': 179, 'LumA': 560, 'LumB': 380}","{'Basal': 42, 'Her2': 45, 'LumA': 140, 'LumB': 95}",4,False,0.9128919860627178,0.891156462585034,0.9357142857142857,0.8432432432432433,0.8666666666666667,0.8210526315789474,0.7640449438202247,0.7727272727272727,0.7555555555555555,0.963855421686747,0.975609756097561,0.9523809523809523,18047
classification,RFECA_SVR(k=5),EnsembleSoft,0.05,0,4,0.890338987481911,0.8854448112150295,1287,321,"{'Basal': 168, 'Her2': 179, 'LumA': 560, 'LumB': 380}","{'Basal': 41, 'Her2': 45, 'LumA': 140, 'LumB': 95}",4,False,0.9187279151943463,0.9090909090909091,0.9285714285714286,0.8842105263157894,0.8842105263157894,0.8842105263157894,0.7954545454545454,0.813953488372093,0.7777777777777778,0.9629629629629629,0.975,0.9512195121951219,18047
classification,RFECA_SVR(k=5),EnsembleSoft,0.05,0,5,0.8755104670830686,0.8515521758942812,1287,321,"{'Basal': 167, 'Her2': 180, 'LumA': 560, 'LumB': 380}","{'Basal': 42, 'Her2': 44, 'LumA': 140, 'LumB': 95}",4,False,0.9220338983050848,0.8774193548387097,0.9714285714285714,0.8900523560209425,0.8854166666666666,0.8947368421052632,0.7532467532467533,0.8787878787878788,0.6590909090909091,0.9367088607594937,1.0,0.8809523809523809,18047
classification,RFECA_SVR(k=10),EnsembleSoft,0.05,0,1,0.8614313476267155,0.8572263993316624,1286,322,"{'Basal': 167, 'Her2': 179, 'LumA': 560, 'LumB': 380}","{'Basal': 42, 'Her2': 45, 'LumA': 140, 'LumB': 95}",4,False,0.9051094890510949,0.9253731343283582,0.8857142857142857,0.89,0.8476190476190476,0.9368421052631579,0.8085106382978723,0.7755102040816326,0.8444444444444444,0.8421052631578947,0.9411764705882353,0.7619047619047619,18047
classification,RFECA_SVR(k=10),EnsembleSoft,0.05,0,2,0.9151464150572659,0.9010129490392649,1286,322,"{'Basal': 167, 'Her2': 179, 'LumA': 560, 'LumB': 380}","{'Basal': 42, 'Her2': 45, 'LumA': 140, 'LumB': 95}",4,False,0.9488054607508533,0.9084967320261438,0.9928571428571429,0.9130434782608695,0.9438202247191011,0.8842105263157894,0.8604651162790697,0.9024390243902439,0.8222222222222222,0.9382716049382716,0.9743589743589743,0.9047619047619048,18047
classification,RFECA_SVR(k=10),EnsembleSoft,0.05,0,3,0.8802350543821945,0.8732247284878863,1286,322,"{'Basal': 167, 'Her2': 179, 'LumA': 560, 'LumB': 380}","{'Basal': 42, 'Her2': 45, 'LumA': 140, 'LumB': 95}",4,False,0.9198606271777003,0.8979591836734694,0.9428571428571428,0.8556149732620321,0.8695652173913043,0.8421052631578947,0.7816091954022989,0.8095238095238095,0.7555555555555555,0.963855421686747,0.975609756097561,0.9523809523809523,18047
classification,RFECA_SVR(k=10),EnsembleSoft,0.05,0,4,0.8926139200103219,0.8880763901623979,1287,321,"{'Basal': 168, 'Her2': 179, 'LumA': 560, 'LumB': 380}","{'Basal': 41, 'Her2': 45, 'LumA': 140, 'LumB': 95}",4,False,0.9219858156028369,0.9154929577464789,0.9285714285714286,0.8900523560209425,0.8854166666666666,0.8947368421052632,0.7954545454545454,0.813953488372093,0.7777777777777778,0.9629629629629629,0.975,0.9512195121951219,18047
classification,RFECA_SVR(k=10),EnsembleSoft,0.05,0,5,0.8736428864606831,0.8519708361813625,1287,321,"{'Basal': 167, 'Her2': 180, 'LumA': 560, 'LumB': 380}","{'Basal': 42, 'Her2': 44, 'LumA': 140, 'LumB': 95}",4,False,0.9220338983050848,0.8774193548387097,0.9714285714285714,0.8783068783068783,0.8829787234042553,0.8736842105263158,0.7692307692307693,0.8823529411764706,0.6818181818181818,0.925,0.9736842105263158,0.8809523809523809,18047
classification,RFECA_SVR(k=20),EnsembleSoft,0.05,0,1,0.8591854911529372,0.8549916457811195,1286,322,"{'Basal': 167, 'Her2': 179, 'LumA': 560, 'LumB': 380}","{'Basal': 42, 'Her2': 45, 'LumA': 140, 'LumB': 95}",4,False,0.9018181818181819,0.9185185185185185,0.8857142857142857,0.8844221105527639,0.8461538461538461,0.9263157894736842,0.8043478260869565,0.7872340425531915,0.8222222222222222,0.8461538461538461,0.9166666666666666,0.7857142857142857,18047
classification,RFECA_SVR(k=20),EnsembleSoft,0.05,0,2,0.9068004198455644,0.8936716791979951,1286,322,"{'Basal': 167, 'Her2': 179, 'LumA': 560, 'LumB': 380}","{'Basal': 42, 'Her2': 45, 'LumA': 140, 'LumB': 95}",4,False,0.9452054794520548,0.9078947368421053,0.9857142857142858,0.9081081081081082,0.9333333333333333,0.8842105263157894,0.8470588235294118,0.9,0.8,0.926829268292683,0.95,0.9047619047619048,18047
classification,RFECA_SVR(k=20),EnsembleSoft,0.05,0,3,0.8764764217957796,0.8705931495405179,1286,322,"{'Basal': 167, 'Her2': 179, 'LumA': 560, 'LumB': 380}","{'Basal': 42, 'Her2': 45, 'LumA': 140, 'LumB': 95}",4,False,0.9198606271777003,0.8979591836734694,0.9428571428571428,0.8494623655913979,0.8681318681318682,0.8315789473684211,0.7727272727272727,0.7906976744186046,0.7555555555555555,0.963855421686747,0.975609756097561,0.9523809523809523,18047
classification,RFECA_SVR(k=20),EnsembleSoft,0.05,0,4,0.889602010429517,0.8833666992684964,1287,321,"{'Basal': 168, 'Her2': 179, 'LumA': 560, 'LumB': 380}","{'Basal': 41, 'Her2': 45, 'LumA': 140, 'LumB': 95}",4,False,0.9181494661921709,0.9148936170212766,0.9214285714285714,0.8865979381443299,0.8686868686868687,0.9052631578947369,0.7906976744186046,0.8292682926829268,0.7555555555555555,0.9629629629629629,0.975,0.9512195121951219,18047
classification,RFECA_SVR(k=20),EnsembleSoft,0.05,0,5,0.8649622720101444,0.8436574390521759,1287,321,"{'Basal': 167, 'Her2': 180, 'LumA': 560, 'LumB': 380}","{'Basal': 42, 'Her2': 44, 'LumA': 140, 'LumB': 95}",4,False,0.918918918918919,0.8717948717948718,0.9714285714285714,0.8723404255319149,0.8817204301075269,0.8631578947368421,0.7435897435897436,0.8529411764705882,0.6590909090909091,0.925,0.9736842105263158,0.8809523809523809,18047
classification,MissForest,EnsembleSoft,0.05,0,1,0.8583908439397057,0.8562865497076023,1286,322,"{'Basal': 167, 'Her2': 179, 'LumA': 560, 'LumB': 380}","{'Basal': 42, 'Her2': 45, 'LumA': 140, 'LumB': 95}",4,False,0.9003690036900369,0.9312977099236641,0.8714285714285714,0.8910891089108911,0.8411214953271028,0.9473684210526315,0.8,0.76,0.8444444444444444,0.8421052631578947,0.9411764705882353,0.7619047619047619,18047
classification,MissForest,EnsembleSoft,0.05,0,2,0.9095743384437815,0.8983813700918964,1286,322,"{'Basal': 167, 'Her2': 179, 'LumA': 560, 'LumB': 380}","{'Basal': 42, 'Her2': 45, 'LumA': 140, 'LumB': 95}",4,False,0.9488054607508533,0.9084967320261438,0.9928571428571429,0.9120879120879121,0.9540229885057471,0.8736842105263158,0.8505747126436781,0.8809523809523809,0.8222222222222222,0.926829268292683,0.95,0.9047619047619048,18047
classification,MissForest,EnsembleSoft,0.05,0,3,0.8690670395488799,0.8628550543024227,1286,322,"{'Basal': 167, 'Her2': 179, 'LumA': 560, 'LumB': 380}","{'Basal': 42, 'Her2': 45, 'LumA': 140, 'LumB': 95}",4,False,0.916083916083916,0.8972602739726028,0.9357142857142857,0.8449197860962567,0.8586956521739131,0.8315789473684211,0.7640449438202247,0.7727272727272727,0.7555555555555555,0.9512195121951219,0.975,0.9285714285714286,18047
classification,MissForest,EnsembleSoft,0.05,0,4,0.8782541671425543,0.8708677180756771,1287,321,"{'Basal': 168, 'Her2': 179, 'LumA': 560, 'LumB': 380}","{'Basal': 41, 'Her2': 45, 'LumA': 140, 'LumB': 95}",4,False,0.9219858156028369,0.9154929577464789,0.9285714285714286,0.8762886597938144,0.8585858585858586,0.8947368421052632,0.7764705882352941,0.825,0.7333333333333333,0.9382716049382716,0.95,0.926829268292683,18047
classification,MissForest,EnsembleSoft,0.05,0,5,0.8751919544188984,0.8546024151287309,1287,321,"{'Basal': 167, 'Her2': 180, 'LumA': 560, 'LumB': 380}","{'Basal': 42, 'Her2': 44, 'LumA': 140, 'LumB': 95}",4,False,0.9251700680272109,0.8831168831168831,0.9714285714285714,0.8888888888888888,0.8936170212765957,0.8842105263157894,0.75,0.8333333333333334,0.6818181818181818,0.9367088607594937,1.0,0.8809523809523809,18047
classification,SimpleMean,EnsembleSoft,0.05,1,1,0.876853305456724,0.8725981620718462,1286,322,"{'Basal': 167, 'Her2': 179, 'LumA': 560, 'LumB': 380}","{'Basal': 42, 'Her2': 45, 'LumA': 140, 'LumB': 95}",4,False,0.9197080291970803,0.9402985074626866,0.9,0.8743718592964824,0.8365384615384616,0.9157894736842105,0.8333333333333334,0.7843137254901961,0.8888888888888888,0.88,1.0,0.7857142857142857,18048
classification,SimpleMean,EnsembleSoft,0.05,1,2,0.8882107899520013,0.8763575605680869,1286,322,"{'Basal': 167, 'Her2': 179, 'LumA': 560, 'LumB': 380}","{'Basal': 42, 'Her2': 45, 'LumA': 140, 'LumB': 95}",4,False,0.9315068493150684,0.8947368421052632,0.9714285714285714,0.8972972972972973,0.9222222222222223,0.8736842105263158,0.8192771084337349,0.8947368421052632,0.7555555555555555,0.9047619047619048,0.9047619047619048,0.9047619047619048,18048
classification,SimpleMean,EnsembleSoft,0.05,1,3,0.8806636246707281,0.8752088554720134,1286,322,"{'Basal': 167, 'Her2': 179, 'LumA': 560, 'LumB': 380}","{'Basal': 42, 'Her2': 45, 'LumA': 140, 'LumB': 95}",4,False,0.9122807017543859,0.896551724137931,0.9285714285714286,0.851063829787234,0.8602150537634409,0.8421052631578947,0.7954545454545454,0.813953488372093,0.7777777777777778,0.963855421686747,0.975609756097561,0.9523809523809523,18048
classification,SimpleMean,EnsembleSoft,0.05,1,4,0.8766271296017303,0.8700218534140229,1287,321,"{'Basal': 168, 'Her2': 179, 'LumA': 560, 'LumB': 380}","{'Basal': 41, 'Her2': 45, 'LumA': 140, 'LumB': 95}",4,False,0.9257950530035336,0.916083916083916,0.9357142857142857,0.875,0.865979381443299,0.8842105263157894,0.7674418604651163,0.8048780487804879,0.7333333333333333,0.9382716049382716,0.95,0.926829268292683,18048
classification,SimpleMean,EnsembleSoft,0.05,1,5,0.8542497267257997,0.8357627022100707,1287,321,"{'Basal': 167, 'Her2': 180, 'LumA': 560, 'LumB': 380}","{'Basal': 42, 'Her2': 44, 'LumA': 140, 'LumB': 95}",4,False,0.918918918918919,0.8717948717948718,0.9714285714285714,0.8540540540540541,0.8777777777777778,0.8315789473684211,0.7073170731707317,0.7631578947368421,0.6590909090909091,0.9367088607594937,1.0,0.8809523809523809,18048
classification,"KNN(k=5,dist)",EnsembleSoft,0.05,1,1,0.8674940938192304,0.8603487886382624,1286,322,"{'Basal': 167, 'Her2': 179, 'LumA': 560, 'LumB': 380}","{'Basal': 42, 'Her2': 45, 'LumA': 140, 'LumB': 95}",4,False,0.9169675090252708,0.927007299270073,0.9071428571428571,0.8888888888888888,0.8543689320388349,0.9263157894736842,0.7956989247311828,0.7708333333333334,0.8222222222222222,0.868421052631579,0.9705882352941176,0.7857142857142857,18048
classification,"KNN(k=5,dist)",EnsembleSoft,0.05,1,2,0.8906078253820069,0.8783416875522139,1286,322,"{'Basal': 167, 'Her2': 179, 'LumA': 560, 'LumB': 380}","{'Basal': 42, 'Her2': 45, 'LumA': 140, 'LumB': 95}",4,False,0.9209621993127147,0.8874172185430463,0.9571428571428572,0.8924731182795699,0.9120879120879121,0.8736842105263158,0.8333333333333334,0.8974358974358975,0.7777777777777778,0.9156626506024096,0.926829268292683,0.9047619047619048,18048
classification,"KNN(k=5,dist)",EnsembleSoft,0.05,1,3,0.8930020005226591,0.8912907268170427,1286,322,"{'Basal': 167, 'Her2': 179, 'LumA': 560, 'LumB': 380}","{'Basal': 42, 'Her2': 45, 'LumA': 140, 'LumB': 95}",4,False,0.9285714285714286,0.9285714285714286,0.9285714285714286,0.8795811518324608,0.875,0.8842105263157894,0.8,0.8,0.8,0.963855421686747,0.975609756097561,0.9523809523809523,18048
classification,"KNN(k=5,dist)",EnsembleSoft,0.05,1,4,0.8814957973580861,0.8752850113087598,1287,321,"{'Basal': 168, 'Her2': 179, 'LumA': 560, 'LumB': 380}","{'Basal': 41, 'Her2': 45, 'LumA': 140, 'LumB': 95}",4,False,0.9290780141843972,0.9225352112676056,0.9357142857142857,0.8911917098445595,0.8775510204081632,0.9052631578947369,0.7674418604651163,0.8048780487804879,0.7333333333333333,0.9382716049382716,0.95,0.926829268292683,18048
classification,"KNN(k=5,dist)",EnsembleSoft,0.05,1,5,0.8678067131403325,0.8462890179995444,1287,321,"{'Basal': 167, 'Her2': 180, 'LumA': 560, 'LumB': 380}","{'Basal': 42, 'Her2': 44, 'LumA': 140, 'LumB': 95}",4,False,0.9220338983050848,0.8774193548387097,0.9714285714285714,0.8783068783068783,0.8829787234042553,0.8736842105263158,0.7341772151898734,0.8285714285714286,0.6590909090909091,0.9367088607594937,1.0,0.8809523809523809,18048
classification,RFECA_SVR(k=5),EnsembleSoft,0.05,1,1,0.8712748576377798,0.8661027568922306,1286,322,"{'Basal': 167, 'Her2': 179, 'LumA': 560, 'LumB': 380}","{'Basal': 42, 'Her2': 45, 'LumA': 140, 'LumB': 95}",4,False,0.9084249084249084,0.9323308270676691,0.8857142857142857,0.8756218905472637,0.8301886792452831,0.9263157894736842,0.8210526315789474,0.78,0.8666666666666667,0.88,1.0,0.7857142857142857,18048
classification,RFECA_SVR(k=5),EnsembleSoft,0.05,1,2,0.890182783658381,0.877297410192147,1286,322,"{'Basal': 167, 'Her2': 179, 'LumA': 560, 'LumB': 380}","{'Basal': 42, 'Her2': 45, 'LumA': 140, 'LumB': 95}",4,False,0.9355932203389831,0.8903225806451613,0.9857142857142858,0.9010989010989011,0.9425287356321839,0.8631578947368421,0.8192771084337349,0.8947368421052632,0.7555555555555555,0.9047619047619048,0.9047619047619048,0.9047619047619048,18048
classification,RFECA_SVR(k=5),EnsembleSoft,0.05,1,3,0.8876014325970271,0.8831035923141187,1286,322,"{'Basal': 167, 'Her2': 179, 'LumA': 560, 'LumB': 380}","{'Basal': 42, 'Her2': 45, 'LumA': 140, 'LumB': 95}",4,False,0.9219858156028369,0.9154929577464789,0.9285714285714286,0.8691099476439791,0.8645833333333334,0.8736842105263158,0.7954545454545454,0.813953488372093,0.7777777777777778,0.963855421686747,0.975609756097561,0.9523809523809523,18048
classification,RFECA_SVR(k=5),EnsembleSoft,0.05,1,4,0.8771320741375666,0.8708677180756771,1287,321,"{'Basal': 168, 'Her2': 179, 'LumA': 560, 'LumB': 380}","{'Basal': 41, 'Her2': 45, 'LumA': 140, 'LumB': 95}",4,False,0.9219858156028369,0.9154929577464789,0.9285714285714286,0.8808290155440415,0.8673469387755102,0.8947368421052632,0.7674418604651163,0.8048780487804879,0.7333333333333333,0.9382716049382716,0.95,0.926829268292683,18048
classification,RFECA_SVR(k=5),EnsembleSoft,0.05,1,5,0.8725464517733957,0.8519708361813625,1287,321,"{'Basal': 167, 'Her2': 180, 'LumA': 560, 'LumB': 380}","{'Basal': 42, 'Her2': 44, 'LumA': 140, 'LumB': 95}",4,False,0.9251700680272109,0.8831168831168831,0.9714285714285714,0.8783068783068783,0.8829787234042553,0.8736842105263158,0.75,0.8333333333333334,0.6818181818181818,0.9367088607594937,1.0,0.8809523809523809,18048
classification,RFECA_SVR(k=10),EnsembleSoft,0.05,1,1,0.8635429920956237,0.8597013366750208,1286,322,"{'Basal': 167, 'Her2': 179, 'LumA': 560, 'LumB': 380}","{'Basal': 42, 'Her2': 45, 'LumA': 140, 'LumB': 95}",4,False,0.9157509157509157,0.9398496240601504,0.8928571428571429,0.87,0.8285714285714286,0.9157894736842105,0.8,0.76,0.8444444444444444,0.868421052631579,0.9705882352941176,0.7857142857142857,18048
classification,RFECA_SVR(k=10),EnsembleSoft,0.05,1,2,0.890182783658381,0.877297410192147,1286,322,"{'Basal': 167, 'Her2': 179, 'LumA': 560, 'LumB': 380}","{'Basal': 42, 'Her2': 45, 'LumA': 140, 'LumB': 95}",4,False,0.9355932203389831,0.8903225806451613,0.9857142857142858,0.9010989010989011,0.9425287356321839,0.8631578947368421,0.8192771084337349,0.8947368421052632,0.7555555555555555,0.9047619047619048,0.9047619047619048,0.9047619047619048,18048
classification,RFECA_SVR(k=10),EnsembleSoft,0.05,1,3,0.8855106916666992,0.8813178780284043,1286,322,"{'Basal': 167, 'Her2': 179, 'LumA': 560, 'LumB': 380}","{'Basal': 42, 'Her2': 45, 'LumA': 140, 'LumB': 95}",4,False,0.9181494661921709,0.9148936170212766,0.9214285714285714,0.8645833333333334,0.8556701030927835,0.8736842105263158,0.7954545454545454,0.813953488372093,0.7777777777777778,0.963855421686747,0.975609756097561,0.9523809523809523,18048
classification,RFECA_SVR(k=10),EnsembleSoft,0.05,1,4,0.8762297010415863,0.8717135827373311,1287,321,"{'Basal': 168, 'Her2': 179, 'LumA': 560, 'LumB': 380}","{'Basal': 41, 'Her2': 45, 'LumA': 140, 'LumB': 95}",4,False,0.9214285714285714,0.9214285714285714,0.9214285714285714,0.8865979381443299,0.8686868686868687,0.9052631578947369,0.7586206896551724,0.7857142857142857,0.7333333333333333,0.9382716049382716,0.95,0.926829268292683,18048
classification,RFECA_SVR(k=10),EnsembleSoft,0.05,1,5,0.8629708439835022,0.8406071998177261,1287,321,"{'Basal': 167, 'Her2': 180, 'LumA': 560, 'LumB': 380}","{'Basal': 42, 'Her2': 44, 'LumA': 140, 'LumB': 95}",4,False,0.918918918918919,0.8717948717948718,0.9714285714285714,0.8783068783068783,0.8829787234042553,0.8736842105263158,0.717948717948718,0.8235294117647058,0.6363636363636364,0.9367088607594937,1.0,0.8809523809523809,18048
classification,RFECA_SVR(k=20),EnsembleSoft,0.05,1,1,0.8753968132046325,0.8676900584795322,1286,322,"{'Basal': 167, 'Her2': 179, 'LumA': 560, 'LumB': 380}","{'Basal': 42, 'Her2': 45, 'LumA': 140, 'LumB': 95}",4,False,0.924187725631769,0.9343065693430657,0.9142857142857143,0.8888888888888888,0.8543689320388349,0.9263157894736842,0.8085106382978723,0.7755102040816326,0.8444444444444444,0.88,1.0,0.7857142857142857,18048
classification,RFECA_SVR(k=20),EnsembleSoft,0.05,1,2,0.8846412598188447,0.8746658312447786,1286,322,"{'Basal': 167, 'Her2': 179, 'LumA': 560, 'LumB': 380}","{'Basal': 42, 'Her2': 45, 'LumA': 140, 'LumB': 95}",4,False,0.9387755102040817,0.8961038961038961,0.9857142857142858,0.8950276243093923,0.9418604651162791,0.8526315789473684,0.8,0.85,0.7555555555555555,0.9047619047619048,0.9047619047619048,0.9047619047619048,18048
classification,RFECA_SVR(k=20),EnsembleSoft,0.05,1,3,0.8850775851037255,0.8796261487050961,1286,322,"{'Basal': 167, 'Her2': 179, 'LumA': 560, 'LumB': 380}","{'Basal': 42, 'Her2': 45, 'LumA': 140, 'LumB': 95}",4,False,0.9192982456140351,0.903448275862069,0.9357142857142857,0.8617021276595744,0.8709677419354839,0.8526315789473684,0.7954545454545454,0.813953488372093,0.7777777777777778,0.963855421686747,0.975609756097561,0.9523809523809523,18048
classification,RFECA_SVR(k=20),EnsembleSoft,0.05,1,4,0.8716088802005126,0.8647701571000673,1287,321,"{'Basal': 168, 'Her2': 179, 'LumA': 560, 'LumB': 380}","{'Basal': 41, 'Her2': 45, 'LumA': 140, 'LumB': 95}",4,False,0.9219858156028369,0.9154929577464789,0.9285714285714286,0.8808290155440415,0.8673469387755102,0.8947368421052632,0.7586206896551724,0.7857142857142857,0.7333333333333333,0.925,0.9487179487179487,0.9024390243902439,18048
classification,RFECA_SVR(k=20),EnsembleSoft,0.05,1,5,0.8698851187573245,0.8480747322852586,1287,321,"{'Basal': 167, 'Her2': 180, 'LumA': 560, 'LumB': 380}","{'Basal': 42, 'Her2': 44, 'LumA': 140, 'LumB': 95}",4,False,0.9256756756756757,0.8782051282051282,0.9785714285714285,0.8829787234042553,0.8924731182795699,0.8736842105263158,0.7341772151898734,0.8285714285714286,0.6590909090909091,0.9367088607594937,1.0,0.8809523809523809,18048
classification,MissForest,EnsembleSoft,0.05,1,1,0.8661783154642289,0.8614870509607351,1286,322,"{'Basal': 167, 'Her2': 179, 'LumA': 560, 'LumB': 380}","{'Basal': 42, 'Her2': 45, 'LumA': 140, 'LumB': 95}",4,False,0.9130434782608695,0.9264705882352942,0.9,0.883248730964467,0.8529411764705882,0.9157894736842105,0.8,0.76,0.8444444444444444,0.868421052631579,0.9705882352941176,0.7857142857142857,18048
classification,MissForest,EnsembleSoft,0.05,1,2,0.8825063446223856,0.8728801169590643,1286,322,"{'Basal': 167, 'Her2': 179, 'LumA': 560, 'LumB': 380}","{'Basal': 42, 'Her2': 45, 'LumA': 140, 'LumB': 95}",4,False,0.9351535836177475,0.8954248366013072,0.9785714285714285,0.8901098901098901,0.9310344827586207,0.8526315789473684,0.8,0.85,0.7555555555555555,0.9047619047619048,0.9047619047619048,0.9047619047619048,18048
classification,MissForest,EnsembleSoft,0.05,1,3,0.886071366135167,0.8833959899749374,1286,322,"{'Basal': 167, 'Her2': 179, 'LumA': 560, 'LumB': 380}","{'Basal': 42, 'Her2': 45, 'LumA': 140, 'LumB': 95}",4,False,0.9187279151943463,0.9090909090909091,0.9285714285714286,0.8617021276595744,0.8709677419354839,0.8526315789473684,0.8,0.8,0.8,0.963855421686747,0.975609756097561,0.9523809523809523,18048
classification,MissForest,EnsembleSoft,0.05,1,4,0.8771320741375666,0.8708677180756771,1287,321,"{'Basal': 168, 'Her2': 179, 'LumA': 560, 'LumB': 380}","{'Basal': 41, 'Her2': 45, 'LumA': 140, 'LumB': 95}",4,False,0.9219858156028369,0.9154929577464789,0.9285714285714286,0.8808290155440415,0.8673469387755102,0.8947368421052632,0.7674418604651163,0.8048780487804879,0.7333333333333333,0.9382716049382716,0.95,0.926829268292683,18048
classification,MissForest,EnsembleSoft,0.05,1,5,0.8629708439835022,0.8406071998177261,1287,321,"{'Basal': 167, 'Her2': 180, 'LumA': 560, 'LumB': 380}","{'Basal': 42, 'Her2': 44, 'LumA': 140, 'LumB': 95}",4,False,0.918918918918919,0.8717948717948718,0.9714285714285714,0.8783068783068783,0.8829787234042553,0.8736842105263158,0.717948717948718,0.8235294117647058,0.6363636363636364,0.9367088607594937,1.0,0.8809523809523809,18048
classification,SimpleMean,EnsembleSoft,0.05,2,1,0.8814870607342086,0.874780701754386,1286,322,"{'Basal': 167, 'Her2': 179, 'LumA': 560, 'LumB': 380}","{'Basal': 42, 'Her2': 45, 'LumA': 140, 'LumB': 95}",4,False,0.9136690647482014,0.9202898550724637,0.9071428571428571,0.8877551020408163,0.8613861386138614,0.9157894736842105,0.8297872340425532,0.7959183673469388,0.8666666666666667,0.8947368421052632,1.0,0.8095238095238095,18049
classification,SimpleMean,EnsembleSoft,0.05,2,2,0.8960788785501429,0.8812238930659984,1286,322,"{'Basal': 167, 'Her2': 179, 'LumA': 560, 'LumB': 380}","{'Basal': 42, 'Her2': 45, 'LumA': 140, 'LumB': 95}",4,False,0.9379310344827586,0.9066666666666666,0.9714285714285714,0.8994708994708994,0.9042553191489362,0.8947368421052632,0.8333333333333334,0.8974358974358975,0.7777777777777778,0.9135802469135802,0.9487179487179487,0.8809523809523809,18049
classification,SimpleMean,EnsembleSoft,0.05,2,3,0.8887917290356314,0.8845864661654136,1286,322,"{'Basal': 167, 'Her2': 179, 'LumA': 560, 'LumB': 380}","{'Basal': 42, 'Her2': 45, 'LumA': 140, 'LumB': 95}",4,False,0.9370629370629371,0.9178082191780822,0.9571428571428572,0.8756756756756757,0.9,0.8526315789473684,0.7912087912087912,0.782608695652174,0.8,0.9512195121951219,0.975,0.9285714285714286,18049
classification,SimpleMean,EnsembleSoft,0.05,2,4,0.8947788252356781,0.8861037247590522,1287,321,"{'Basal': 168, 'Her2': 179, 'LumA': 560, 'LumB': 380}","{'Basal': 41, 'Her2': 45, 'LumA': 140, 'LumB': 95}",4,False,0.9357142857142857,0.9357142857142857,0.9357142857142857,0.8934010152284264,0.8627450980392157,0.9263157894736842,0.8,0.85,0.7555555555555555,0.95,0.9743589743589743,0.926829268292683,18049
classification,SimpleMean,EnsembleSoft,0.05,2,5,0.8753034057101223,0.8513015493278652,1287,321,"{'Basal': 167, 'Her2': 180, 'LumA': 560, 'LumB': 380}","{'Basal': 42, 'Her2': 44, 'LumA': 140, 'LumB': 95}",4,False,0.9084745762711864,0.864516129032258,0.9571428571428572,0.8795811518324608,0.875,0.8842105263157894,0.7631578947368421,0.90625,0.6590909090909091,0.95,1.0,0.9047619047619048,18049
classification,"KNN(k=5,dist)",EnsembleSoft,0.05,2,1,0.8693381180223285,0.8652568922305763,1286,322,"{'Basal': 167, 'Her2': 179, 'LumA': 560, 'LumB': 380}","{'Basal': 42, 'Her2': 45, 'LumA': 140, 'LumB': 95}",4,False,0.9090909090909091,0.9259259259259259,0.8928571428571429,0.8787878787878788,0.8446601941747572,0.9157894736842105,0.8210526315789474,0.78,0.8666666666666667,0.868421052631579,0.9705882352941176,0.7857142857142857,18049
classification,"KNN(k=5,dist)",EnsembleSoft,0.05,2,2,0.911690966855441,0.8976921470342524,1286,322,"{'Basal': 167, 'Her2': 179, 'LumA': 560, 'LumB': 380}","{'Basal': 42, 'Her2': 45, 'LumA': 140, 'LumB': 95}",4,False,0.9488054607508533,0.9084967320261438,0.9928571428571429,0.9239130434782609,0.9550561797752809,0.8947368421052632,0.8604651162790697,0.9024390243902439,0.8222222222222222,0.9135802469135802,0.9487179487179487,0.8809523809523809,18049
classification,"KNN(k=5,dist)",EnsembleSoft,0.05,2,3,0.878384058603106,0.874812030075188,1286,322,"{'Basal': 167, 'Her2': 179, 'LumA': 560, 'LumB': 380}","{'Basal': 42, 'Her2': 45, 'LumA': 140, 'LumB': 95}",4,False,0.9154929577464789,0.9027777777777778,0.9285714285714286,0.8556149732620321,0.8695652173913043,0.8421052631578947,0.7912087912087912,0.782608695652174,0.8,0.9512195121951219,0.975,0.9285714285714286,18049
classification,"KNN(k=5,dist)",EnsembleSoft,0.05,2,4,0.8898889985769418,0.8814880188275567,1287,321,"{'Basal': 168, 'Her2': 179, 'LumA': 560, 'LumB': 380}","{'Basal': 41, 'Her2': 45, 'LumA': 140, 'LumB': 95}",4,False,0.9432624113475178,0.9366197183098591,0.95,0.8923076923076924,0.87,0.9157894736842105,0.7857142857142857,0.8461538461538461,0.7333333333333333,0.9382716049382716,0.95,0.926829268292683,18049
classification,"KNN(k=5,dist)",EnsembleSoft,0.05,2,5,0.8777844231791601,0.8530872636135794,1287,321,"{'Basal': 167, 'Her2': 180, 'LumA': 560, 'LumB': 380}","{'Basal': 42, 'Her2': 44, 'LumA': 140, 'LumB': 95}",4,False,0.9090909090909091,0.8598726114649682,0.9642857142857143,0.8888888888888888,0.8936170212765957,0.8842105263157894,0.7631578947368421,0.90625,0.6590909090909091,0.95,1.0,0.9047619047619048,18049
classification,RFECA_SVR(k=5),EnsembleSoft,0.05,2,1,0.872016720633701,0.869423558897243,1286,322,"{'Basal': 167, 'Her2': 179, 'LumA': 560, 'LumB': 380}","{'Basal': 42, 'Her2': 45, 'LumA': 140, 'LumB': 95}",4,False,0.9051094890510949,0.9253731343283582,0.8857142857142857,0.8787878787878788,0.8446601941747572,0.9157894736842105,0.8210526315789474,0.78,0.8666666666666667,0.8831168831168831,0.9714285714285714,0.8095238095238095,18049
classification,RFECA_SVR(k=5),EnsembleSoft,0.05,2,2,0.9090944329731663,0.8965956558061822,1286,322,"{'Basal': 167, 'Her2': 179, 'LumA': 560, 'LumB': 380}","{'Basal': 42, 'Her2': 45, 'LumA': 140, 'LumB': 95}",4,False,0.9419795221843004,0.9019607843137255,0.9857142857142858,0.907103825136612,0.9431818181818182,0.8736842105263158,0.8604651162790697,0.9024390243902439,0.8222222222222222,0.926829268292683,0.95,0.9047619047619048,18049
classification,RFECA_SVR(k=5),EnsembleSoft,0.05,2,3,0.8778557918372982,0.8765977443609023,1286,322,"{'Basal': 167, 'Her2': 179, 'LumA': 560, 'LumB': 380}","{'Basal': 42, 'Her2': 45, 'LumA': 140, 'LumB': 95}",4,False,0.9257950530035336,0.916083916083916,0.9357142857142857,0.8602150537634409,0.8791208791208791,0.8421052631578947,0.7741935483870968,0.75,0.8,0.9512195121951219,0.975,0.9285714285714286,18049
classification,RFECA_SVR(k=5),EnsembleSoft,0.05,2,4,0.8927851447727773,0.8823338834892109,1287,321,"{'Basal': 168, 'Her2': 179, 'LumA': 560, 'LumB': 380}","{'Basal': 41, 'Her2': 45, 'LumA': 140, 'LumB': 95}",4,False,0.9328621908127208,0.9230769230769231,0.9428571428571428,0.9025641025641026,0.88,0.9263157894736842,0.7857142857142857,0.8461538461538461,0.7333333333333333,0.95,0.9743589743589743,0.926829268292683,18049
classification,RFECA_SVR(k=5),EnsembleSoft,0.05,2,5,0.881703413940256,0.8575045568466622,1287,321,"{'Basal': 167, 'Her2': 180, 'LumA': 560, 'LumB': 380}","{'Basal': 42, 'Her2': 44, 'LumA': 140, 'LumB': 95}",4,False,0.918918918918919,0.8717948717948718,0.9714285714285714,0.8947368421052632,0.8947368421052632,0.8947368421052632,0.7631578947368421,0.90625,0.6590909090909091,0.95,1.0,0.9047619047619048,18049
classification,RFECA_SVR(k=10),EnsembleSoft,0.05,2,1,0.8790888582991412,0.8729949874686718,1286,322,"{'Basal': 167, 'Her2': 179, 'LumA': 560, 'LumB': 380}","{'Basal': 42, 'Her2': 45, 'LumA': 140, 'LumB': 95}",4,False,0.9130434782608695,0.9264705882352942,0.9,0.8787878787878788,0.8446601941747572,0.9157894736842105,0.8297872340425532,0.7959183673469388,0.8666666666666667,0.8947368421052632,1.0,0.8095238095238095,18049
classification,RFECA_SVR(k=10),EnsembleSoft,0.05,2,2,0.9131101260079926,0.8992272347535506,1286,322,"{'Basal': 167, 'Her2': 179, 'LumA': 560, 'LumB': 380}","{'Basal': 42, 'Her2': 45, 'LumA': 140, 'LumB': 95}",4,False,0.9419795221843004,0.9019607843137255,0.9857142857142858,0.9130434782608695,0.9438202247191011,0.8842105263157894,0.8705882352941177,0.925,0.8222222222222222,0.926829268292683,0.95,0.9047619047619048,18049
classification,RFECA_SVR(k=10),EnsembleSoft,0.05,2,3,0.879963847558954,0.8783834586466166,1286,322,"{'Basal': 167, 'Her2': 179, 'LumA': 560, 'LumB': 380}","{'Basal': 42, 'Her2': 45, 'LumA': 140, 'LumB': 95}",4,False,0.9295774647887324,0.9166666666666666,0.9428571428571428,0.8648648648648649,0.8888888888888888,0.8421052631578947,0.7741935483870968,0.75,0.8,0.9512195121951219,0.975,0.9285714285714286,18049
classification,RFECA_SVR(k=10),EnsembleSoft,0.05,2,4,0.8945519292250741,0.8841195977749252,1287,321,"{'Basal': 168, 'Her2': 179, 'LumA': 560, 'LumB': 380}","{'Basal': 41, 'Her2': 45, 'LumA': 140, 'LumB': 95}",4,False,0.9399293286219081,0.9300699300699301,0.95,0.9025641025641026,0.88,0.9263157894736842,0.7857142857142857,0.8461538461538461,0.7333333333333333,0.95,0.9743589743589743,0.926829268292683,18049
classification,RFECA_SVR(k=10),EnsembleSoft,0.05,2,5,0.8863491807640744,0.8623405103668261,1287,321,"{'Basal': 167, 'Her2': 180, 'LumA': 560, 'LumB': 380}","{'Basal': 42, 'Her2': 44, 'LumA': 140, 'LumB': 95}",4,False,0.9225589225589226,0.8726114649681529,0.9785714285714285,0.8936170212765957,0.9032258064516129,0.8842105263157894,0.7792207792207793,0.9090909090909091,0.6818181818181818,0.95,1.0,0.9047619047619048,18049
classification,RFECA_SVR(k=20),EnsembleSoft,0.05,2,1,0.8729494163273048,0.8685776942355891,1286,322,"{'Basal': 167, 'Her2': 179, 'LumA': 560, 'LumB': 380}","{'Basal': 42, 'Her2': 45, 'LumA': 140, 'LumB': 95}",4,False,0.9057971014492754,0.9191176470588235,0.8928571428571429,0.8730964467005076,0.8431372549019608,0.9052631578947369,0.8297872340425532,0.7959183673469388,0.8666666666666667,0.8831168831168831,0.9714285714285714,0.8095238095238095,18049
classification,RFECA_SVR(k=20),EnsembleSoft,0.05,2,2,0.9131101260079926,0.8992272347535506,1286,322,"{'Basal': 167, 'Her2': 179, 'LumA': 560, 'LumB': 380}","{'Basal': 42, 'Her2': 45, 'LumA': 140, 'LumB': 95}",4,False,0.9419795221843004,0.9019607843137255,0.9857142857142858,0.9130434782608695,0.9438202247191011,0.8842105263157894,0.8705882352941177,0.925,0.8222222222222222,0.926829268292683,0.95,0.9047619047619048,18049
classification,RFECA_SVR(k=20),EnsembleSoft,0.05,2,3,0.8889023549049386,0.886967418546366,1286,322,"{'Basal': 167, 'Her2': 179, 'LumA': 560, 'LumB': 380}","{'Basal': 42, 'Her2': 45, 'LumA': 140, 'LumB': 95}",4,False,0.9295774647887324,0.9166666666666666,0.9428571428571428,0.8709677419354839,0.8901098901098901,0.8526315789473684,0.7912087912087912,0.782608695652174,0.8,0.963855421686747,0.975609756097561,0.9523809523809523,18049
classification,RFECA_SVR(k=20),EnsembleSoft,0.05,2,4,0.8934437759198519,0.8852578600973979,1287,321,"{'Basal': 168, 'Her2': 179, 'LumA': 560, 'LumB': 380}","{'Basal': 41, 'Her2': 45, 'LumA': 140, 'LumB': 95}",4,False,0.9361702127659575,0.9295774647887324,0.9428571428571428,0.8969072164948454,0.8787878787878788,0.9157894736842105,0.7906976744186046,0.8292682926829268,0.7555555555555555,0.95,0.9743589743589743,0.926829268292683,18049
classification,RFECA_SVR(k=20),EnsembleSoft,0.05,2,5,0.8790718349928877,0.8548729778992937,1287,321,"{'Basal': 167, 'Her2': 180, 'LumA': 560, 'LumB': 380}","{'Basal': 42, 'Her2': 44, 'LumA': 140, 'LumB': 95}",4,False,0.918918918918919,0.8717948717948718,0.9714285714285714,0.8842105263157894,0.8842105263157894,0.8842105263157894,0.7631578947368421,0.90625,0.6590909090909091,0.95,1.0,0.9047619047619048,18049
classification,MissForest,EnsembleSoft,0.05,2,1,0.8772990815961932,0.8729949874686718,1286,322,"{'Basal': 167, 'Her2': 179, 'LumA': 560, 'LumB': 380}","{'Basal': 42, 'Her2': 45, 'LumA': 140, 'LumB': 95}",4,False,0.9130434782608695,0.9264705882352942,0.9,0.883248730964467,0.8529411764705882,0.9157894736842105,0.8297872340425532,0.7959183673469388,0.8666666666666667,0.8831168831168831,0.9714285714285714,0.8095238095238095,18049
classification,MissForest,EnsembleSoft,0.05,2,2,0.9091041314807574,0.8954573934837093,1286,322,"{'Basal': 167, 'Her2': 179, 'LumA': 560, 'LumB': 380}","{'Basal': 42, 'Her2': 45, 'LumA': 140, 'LumB': 95}",4,False,0.9455782312925171,0.9025974025974026,0.9928571428571429,0.9180327868852459,0.9545454545454546,0.8842105263157894,0.8571428571428571,0.9230769230769231,0.8,0.9156626506024096,0.926829268292683,0.9047619047619048,18049
classification,MissForest,EnsembleSoft,0.05,2,3,0.883811661890902,0.8818609022556392,1286,322,"{'Basal': 167, 'Her2': 179, 'LumA': 560, 'LumB': 380}","{'Basal': 42, 'Her2': 45, 'LumA': 140, 'LumB': 95}",4,False,0.9290780141843972,0.9225352112676056,0.9357142857142857,0.8723404255319149,0.8817204301075269,0.8631578947368421,0.782608695652174,0.7659574468085106,0.8,0.9512195121951219,0.975,0.9285714285714286,18049
classification,MissForest,EnsembleSoft,0.05,2,4,0.8885823539907594,0.8805481692034967,1287,321,"{'Basal': 168, 'Her2': 179, 'LumA': 560, 'LumB': 380}","{'Basal': 41, 'Her2': 45, 'LumA': 140, 'LumB': 95}",4,False,0.9323843416370107,0.9290780141843972,0.9357142857142857,0.8979591836734694,0.8712871287128713,0.9263157894736842,0.7857142857142857,0.8461538461538461,0.7333333333333333,0.9382716049382716,0.95,0.926829268292683,18049
classification,MissForest,EnsembleSoft,0.05,2,5,0.8821134275081643,0.8575045568466622,1287,321,"{'Basal': 167, 'Her2': 180, 'LumA': 560, 'LumB': 380}","{'Basal': 42, 'Her2': 44, 'LumA': 140, 'LumB': 95}",4,False,0.9158249158249159,0.8662420382165605,0.9714285714285714,0.8994708994708994,0.9042553191489362,0.8947368421052632,0.7631578947368421,0.90625,0.6590909090909091,0.95,1.0,0.9047619047619048,18049
classification,SimpleMean,EnsembleSoft,0.05,3,1,0.8672582070308217,0.8647138680033417,1286,322,"{'Basal': 167, 'Her2': 179, 'LumA': 560, 'LumB': 380}","{'Basal': 42, 'Her2': 45, 'LumA': 140, 'LumB': 95}",4,False,0.9044117647058824,0.9318181818181818,0.8785714285714286,0.8756218905472637,0.8301886792452831,0.9263157894736842,0.8172043010752689,0.7916666666666666,0.8444444444444444,0.8717948717948718,0.9444444444444444,0.8095238095238095,18050
classification,SimpleMean,EnsembleSoft,0.05,3,2,0.8938634788448944,0.8810672514619883,1286,322,"{'Basal': 167, 'Her2': 179, 'LumA': 560, 'LumB': 380}","{'Basal': 42, 'Her2': 45, 'LumA': 140, 'LumB': 95}",4,False,0.9351535836177475,0.8954248366013072,0.9785714285714285,0.8913043478260869,0.9213483146067416,0.8631578947368421,0.8333333333333334,0.8974358974358975,0.7777777777777778,0.9156626506024096,0.926829268292683,0.9047619047619048,18050
classification,SimpleMean,EnsembleSoft,0.05,3,3,0.8840981452833263,0.8780910609857979,1286,322,"{'Basal': 167, 'Her2': 179, 'LumA': 560, 'LumB': 380}","{'Basal': 42, 'Her2': 45, 'LumA': 140, 'LumB': 95}",4,False,0.9263157894736842,0.9103448275862069,0.9428571428571428,0.8723404255319149,0.8817204301075269,0.8631578947368421,0.7865168539325843,0.7954545454545454,0.7777777777777778,0.9512195121951219,0.975,0.9285714285714286,18050
classification,SimpleMean,EnsembleSoft,0.05,3,4,0.8845698496407717,0.8761308759704138,1287,321,"{'Basal': 168, 'Her2': 179, 'LumA': 560, 'LumB': 380}","{'Basal': 41, 'Her2': 45, 'LumA': 140, 'LumB': 95}",4,False,0.9219858156028369,0.9154929577464789,0.9285714285714286,0.8923076923076924,0.87,0.9157894736842105,0.7857142857142857,0.8461538461538461,0.7333333333333333,0.9382716049382716,0.95,0.926829268292683,18050
classification,SimpleMean,EnsembleSoft,0.05,3,5,0.8836988888308123,0.8590197083618136,1287,321,"{'Basal': 167, 'Her2': 180, 'LumA': 560, 'LumB': 380}","{'Basal': 42, 'Her2': 44, 'LumA': 140, 'LumB': 95}",4,False,0.9288135593220339,0.8838709677419355,0.9785714285714285,0.8900523560209425,0.8854166666666666,0.8947368421052632,0.7792207792207793,0.9090909090909091,0.6818181818181818,0.9367088607594937,1.0,0.8809523809523809,18050
classification,"KNN(k=5,dist)",EnsembleSoft,0.05,3,1,0.8591396503250747,0.8587614870509608,1286,322,"{'Basal': 167, 'Her2': 179, 'LumA': 560, 'LumB': 380}","{'Basal': 42, 'Her2': 45, 'LumA': 140, 'LumB': 95}",4,False,0.9077490774907749,0.9389312977099237,0.8785714285714286,0.88,0.8380952380952381,0.9263157894736842,0.7916666666666666,0.7450980392156863,0.8444444444444444,0.8571428571428571,0.9428571428571428,0.7857142857142857,18050
classification,"KNN(k=5,dist)",EnsembleSoft,0.05,3,2,0.8951384164077594,0.8848370927318296,1286,322,"{'Basal': 167, 'Her2': 179, 'LumA': 560, 'LumB': 380}","{'Basal': 42, 'Her2': 45, 'LumA': 140, 'LumB': 95}",4,False,0.9315068493150684,0.8947368421052632,0.9714285714285714,0.8961748633879781,0.9318181818181818,0.8631578947368421,0.8372093023255814,0.8780487804878049,0.8,0.9156626506024096,0.926829268292683,0.9047619047619048,18050
classification,"KNN(k=5,dist)",EnsembleSoft,0.05,3,3,0.8819991112800449,0.8763053467000836,1286,322,"{'Basal': 167, 'Her2': 179, 'LumA': 560, 'LumB': 380}","{'Basal': 42, 'Her2': 45, 'LumA': 140, 'LumB': 95}",4,False,0.9225352112676056,0.9097222222222222,0.9357142857142857,0.8677248677248677,0.8723404255319149,0.8631578947368421,0.7865168539325843,0.7954545454545454,0.7777777777777778,0.9512195121951219,0.975,0.9285714285714286,18050
classification,"KNN(k=5,dist)",EnsembleSoft,0.05,3,4,0.8847038693273888,0.8769767406320679,1287,321,"{'Basal': 168, 'Her2': 179, 'LumA': 560, 'LumB': 380}","{'Basal': 41, 'Her2': 45, 'LumA': 140, 'LumB': 95}",4,False,0.9214285714285714,0.9214285714285714,0.9214285714285714,0.8934010152284264,0.8627450980392157,0.9263157894736842,0.7857142857142857,0.8461538461538461,0.7333333333333333,0.9382716049382716,0.95,0.926829268292683,18050
classification,"KNN(k=5,dist)",EnsembleSoft,0.05,3,5,0.8824598098812759,0.8562400318979266,1287,321,"{'Basal': 167, 'Her2': 180, 'LumA': 560, 'LumB': 380}","{'Basal': 42, 'Her2': 44, 'LumA': 140, 'LumB': 95}",4,False,0.9225589225589226,0.8726114649681529,0.9785714285714285,0.900523560209424,0.8958333333333334,0.9052631578947369,0.7567567567567568,0.9333333333333333,0.6363636363636364,0.95,1.0,0.9047619047619048,18050
classification,RFECA_SVR(k=5),EnsembleSoft,0.05,3,1,0.8617913105413105,0.8629281537176274,1286,322,"{'Basal': 167, 'Her2': 179, 'LumA': 560, 'LumB': 380}","{'Basal': 42, 'Her2': 45, 'LumA': 140, 'LumB': 95}",4,False,0.9037037037037037,0.9384615384615385,0.8714285714285714,0.88,0.8380952380952381,0.9263157894736842,0.7916666666666666,0.7450980392156863,0.8444444444444444,0.8717948717948718,0.9444444444444444,0.8095238095238095,18050
classification,RFECA_SVR(k=5),EnsembleSoft,0.05,3,2,0.8998978005677419,0.8857769423558898,1286,322,"{'Basal': 167, 'Her2': 179, 'LumA': 560, 'LumB': 380}","{'Basal': 42, 'Her2': 45, 'LumA': 140, 'LumB': 95}",4,False,0.9355932203389831,0.8903225806451613,0.9857142857142858,0.8901098901098901,0.9310344827586207,0.8526315789473684,0.8470588235294118,0.9,0.8,0.926829268292683,0.95,0.9047619047619048,18050
classification,RFECA_SVR(k=5),EnsembleSoft,0.05,3,3,0.8780723167033159,0.8728279030910611,1286,322,"{'Basal': 167, 'Her2': 179, 'LumA': 560, 'LumB': 380}","{'Basal': 42, 'Her2': 45, 'LumA': 140, 'LumB': 95}",4,False,0.9230769230769231,0.9041095890410958,0.9428571428571428,0.8602150537634409,0.8791208791208791,0.8421052631578947,0.7777777777777778,0.7777777777777778,0.7777777777777778,0.9512195121951219,0.975,0.9285714285714286,18050
classification,RFECA_SVR(k=5),EnsembleSoft,0.05,3,4,0.8741317424113122,0.8670038918434297,1287,321,"{'Basal': 168, 'Her2': 179, 'LumA': 560, 'LumB': 380}","{'Basal': 41, 'Her2': 45, 'LumA': 140, 'LumB': 95}",4,False,0.9175627240143369,0.920863309352518,0.9142857142857143,0.8787878787878788,0.8446601941747572,0.9157894736842105,0.7619047619047619,0.8205128205128205,0.7111111111111111,0.9382716049382716,0.95,0.926829268292683,18050
classification,RFECA_SVR(k=5),EnsembleSoft,0.05,3,5,0.8766145025486267,0.8502876509455457,1287,321,"{'Basal': 167, 'Her2': 180, 'LumA': 560, 'LumB': 380}","{'Basal': 42, 'Her2': 44, 'LumA': 140, 'LumB': 95}",4,False,0.9225589225589226,0.8726114649681529,0.9785714285714285,0.900523560209424,0.8958333333333334,0.9052631578947369,0.7466666666666667,0.9032258064516129,0.6363636363636364,0.9367088607594937,1.0,0.8809523809523809,18050
classification,RFECA_SVR(k=10),EnsembleSoft,0.05,3,1,0.873629510883506,0.8712092731829575,1286,322,"{'Basal': 167, 'Her2': 179, 'LumA': 560, 'LumB': 380}","{'Basal': 42, 'Her2': 45, 'LumA': 140, 'LumB': 95}",4,False,0.9124087591240876,0.9328358208955224,0.8928571428571429,0.883248730964467,0.8529411764705882,0.9157894736842105,0.8041237113402062,0.75,0.8666666666666667,0.8947368421052632,1.0,0.8095238095238095,18050
classification,RFECA_SVR(k=10),EnsembleSoft,0.05,3,2,0.9049869641264324,0.8928258145363409,1286,322,"{'Basal': 167, 'Her2': 179, 'LumA': 560, 'LumB': 380}","{'Basal': 42, 'Her2': 45, 'LumA': 140, 'LumB': 95}",4,False,0.9488054607508533,0.9084967320261438,0.9928571428571429,0.907103825136612,0.9431818181818182,0.8736842105263158,0.8372093023255814,0.8780487804878049,0.8,0.926829268292683,0.95,0.9047619047619048,18050
classification,RFECA_SVR(k=10),EnsembleSoft,0.05,3,3,0.8780723167033159,0.8728279030910611,1286,322,"{'Basal': 167, 'Her2': 179, 'LumA': 560, 'LumB': 380}","{'Basal': 42, 'Her2': 45, 'LumA': 140, 'LumB': 95}",4,False,0.9230769230769231,0.9041095890410958,0.9428571428571428,0.8602150537634409,0.8791208791208791,0.8421052631578947,0.7777777777777778,0.7777777777777778,0.7777777777777778,0.9512195121951219,0.975,0.9285714285714286,18050
classification,RFECA_SVR(k=10),EnsembleSoft,0.05,3,4,0.8836314563520205,0.8741467489862869,1287,321,"{'Basal': 168, 'Her2': 179, 'LumA': 560, 'LumB': 380}","{'Basal': 41, 'Her2': 45, 'LumA': 140, 'LumB': 95}",4,False,0.9328621908127208,0.9230769230769231,0.9428571428571428,0.8923076923076924,0.87,0.9157894736842105,0.7710843373493976,0.8421052631578947,0.7111111111111111,0.9382716049382716,0.95,0.926829268292683,18050
classification,RFECA_SVR(k=10),EnsembleSoft,0.05,3,5,0.8723131998180047,0.845870357712463,1287,321,"{'Basal': 167, 'Her2': 180, 'LumA': 560, 'LumB': 380}","{'Basal': 42, 'Her2': 44, 'LumA': 140, 'LumB': 95}",4,False,0.9158249158249159,0.8662420382165605,0.9714285714285714,0.8900523560209425,0.8854166666666666,0.8947368421052632,0.7466666666666667,0.9032258064516129,0.6363636363636364,0.9367088607594937,1.0,0.8809523809523809,18050
classification,RFECA_SVR(k=20),EnsembleSoft,0.05,3,1,0.8700131074599159,0.866499582289056,1286,322,"{'Basal': 167, 'Her2': 179, 'LumA': 560, 'LumB': 380}","{'Basal': 42, 'Her2': 45, 'LumA': 140, 'LumB': 95}",4,False,0.9084249084249084,0.9323308270676691,0.8857142857142857,0.88,0.8380952380952381,0.9263157894736842,0.8085106382978723,0.7755102040816326,0.8444444444444444,0.8831168831168831,0.9714285714285714,0.8095238095238095,18050
classification,RFECA_SVR(k=20),EnsembleSoft,0.05,3,2,0.9026789257524206,0.8901942355889725,1286,322,"{'Basal': 167, 'Her2': 179, 'LumA': 560, 'LumB': 380}","{'Basal': 42, 'Her2': 45, 'LumA': 140, 'LumB': 95}",4,False,0.9455782312925171,0.9025974025974026,0.9928571428571429,0.9010989010989011,0.9425287356321839,0.8631578947368421,0.8372093023255814,0.8780487804878049,0.8,0.926829268292683,0.95,0.9047619047619048,18050
classification,RFECA_SVR(k=20),EnsembleSoft,0.05,3,3,0.8780723167033159,0.8728279030910611,1286,322,"{'Basal': 167, 'Her2': 179, 'LumA': 560, 'LumB': 380}","{'Basal': 42, 'Her2': 45, 'LumA': 140, 'LumB': 95}",4,False,0.9230769230769231,0.9041095890410958,0.9428571428571428,0.8602150537634409,0.8791208791208791,0.8421052631578947,0.7777777777777778,0.7777777777777778,0.7777777777777778,0.9512195121951219,0.975,0.9285714285714286,18050
classification,RFECA_SVR(k=20),EnsembleSoft,0.05,3,4,0.882771538741296,0.8723610347005726,1287,321,"{'Basal': 168, 'Her2': 179, 'LumA': 560, 'LumB': 380}","{'Basal': 41, 'Her2': 45, 'LumA': 140, 'LumB': 95}",4,False,0.9290780141843972,0.9225352112676056,0.9357142857142857,0.883248730964467,0.8529411764705882,0.9157894736842105,0.7804878048780488,0.8648648648648649,0.7111111111111111,0.9382716049382716,0.95,0.926829268292683,18050
classification,RFECA_SVR(k=20),EnsembleSoft,0.05,3,5,0.8766145025486267,0.8502876509455457,1287,321,"{'Basal': 167, 'Her2': 180, 'LumA': 560, 'LumB': 380}","{'Basal': 42, 'Her2': 44, 'LumA': 140, 'LumB': 95}",4,False,0.9225589225589226,0.8726114649681529,0.9785714285714285,0.900523560209424,0.8958333333333334,0.9052631578947369,0.7466666666666667,0.9032258064516129,0.6363636363636364,0.9367088607594937,1.0,0.8809523809523809,18050
classification,MissForest,EnsembleSoft,0.05,3,1,0.8682881322676042,0.866499582289056,1286,322,"{'Basal': 167, 'Her2': 179, 'LumA': 560, 'LumB': 380}","{'Basal': 42, 'Her2': 45, 'LumA': 140, 'LumB': 95}",4,False,0.9084249084249084,0.9323308270676691,0.8857142857142857,0.8844221105527639,0.8461538461538461,0.9263157894736842,0.8085106382978723,0.7755102040816326,0.8444444444444444,0.8717948717948718,0.9444444444444444,0.8095238095238095,18050
classification,MissForest,EnsembleSoft,0.05,3,2,0.9029512053631834,0.8910401002506266,1286,322,"{'Basal': 167, 'Her2': 179, 'LumA': 560, 'LumB': 380}","{'Basal': 42, 'Her2': 45, 'LumA': 140, 'LumB': 95}",4,False,0.9419795221843004,0.9019607843137255,0.9857142857142858,0.907103825136612,0.9431818181818182,0.8736842105263158,0.8470588235294118,0.9,0.8,0.9156626506024096,0.926829268292683,0.9047619047619048,18050
classification,MissForest,EnsembleSoft,0.05,3,3,0.872302723157831,0.8684106098579784,1286,322,"{'Basal': 167, 'Her2': 179, 'LumA': 560, 'LumB': 380}","{'Basal': 42, 'Her2': 45, 'LumA': 140, 'LumB': 95}",4,False,0.9192982456140351,0.903448275862069,0.9357142857142857,0.8494623655913979,0.8681318681318682,0.8315789473684211,0.7692307692307693,0.7608695652173914,0.7777777777777778,0.9512195121951219,0.975,0.9285714285714286,18050
classification,MissForest,EnsembleSoft,0.05,3,4,0.8830791973489622,0.8761308759704138,1287,321,"{'Basal': 168, 'Her2': 179, 'LumA': 560, 'LumB': 380}","{'Basal': 41, 'Her2': 45, 'LumA': 140, 'LumB': 95}",4,False,0.9252669039145908,0.9219858156028369,0.9285714285714286,0.8923076923076924,0.87,0.9157894736842105,0.7764705882352941,0.825,0.7333333333333333,0.9382716049382716,0.95,0.926829268292683,18050
classification,MissForest,EnsembleSoft,0.05,3,5,0.8683966020408392,0.8432387787650946,1287,321,"{'Basal': 167, 'Her2': 180, 'LumA': 560, 'LumB': 380}","{'Basal': 42, 'Her2': 44, 'LumA': 140, 'LumB': 95}",4,False,0.9158249158249159,0.8662420382165605,0.9714285714285714,0.8842105263157894,0.8842105263157894,0.8842105263157894,0.7368421052631579,0.875,0.6363636363636364,0.9367088607594937,1.0,0.8809523809523809,18050
classification,SimpleMean,EnsembleSoft,0.05,4,1,0.8777908223170743,0.8766708437761068,1286,322,"{'Basal': 167, 'Her2': 179, 'LumA': 560, 'LumB': 380}","{'Basal': 42, 'Her2': 45, 'LumA': 140, 'LumB': 95}",4,False,0.9003690036900369,0.9312977099236641,0.8714285714285714,0.8855721393034826,0.839622641509434,0.9368421052631579,0.8421052631578947,0.8,0.8888888888888888,0.8831168831168831,0.9714285714285714,0.8095238095238095,18051
classification,SimpleMean,EnsembleSoft,0.05,4,2,0.8957747880428293,0.885233918128655,1286,322,"{'Basal': 167, 'Her2': 179, 'LumA': 560, 'LumB': 380}","{'Basal': 42, 'Her2': 45, 'LumA': 140, 'LumB': 95}",4,False,0.9347079037800687,0.9006622516556292,0.9714285714285714,0.8864864864864865,0.9111111111111111,0.8631578947368421,0.8333333333333334,0.8974358974358975,0.7777777777777778,0.9285714285714286,0.9285714285714286,0.9285714285714286,18051
classification,SimpleMean,EnsembleSoft,0.05,4,3,0.8842091970365936,0.8817042606516291,1286,322,"{'Basal': 167, 'Her2': 179, 'LumA': 560, 'LumB': 380}","{'Basal': 42, 'Her2': 45, 'LumA': 140, 'LumB': 95}",4,False,0.9230769230769231,0.9041095890410958,0.9428571428571428,0.8586956521739131,0.8876404494382022,0.8315789473684211,0.7912087912087912,0.782608695652174,0.8,0.963855421686747,0.975609756097561,0.9523809523809523,18051
classification,SimpleMean,EnsembleSoft,0.05,4,4,0.8803800839756846,0.8725594473989853,1287,321,"{'Basal': 168, 'Her2': 179, 'LumA': 560, 'LumB': 380}","{'Basal': 41, 'Her2': 45, 'LumA': 140, 'LumB': 95}",4,False,0.9142857142857143,0.9142857142857143,0.9142857142857143,0.883248730964467,0.8529411764705882,0.9157894736842105,0.7857142857142857,0.8461538461538461,0.7333333333333333,0.9382716049382716,0.95,0.926829268292683,18051
classification,SimpleMean,EnsembleSoft,0.05,4,5,0.8768073268073269,0.8540271132376396,1287,321,"{'Basal': 167, 'Her2': 180, 'LumA': 560, 'LumB': 380}","{'Basal': 42, 'Her2': 44, 'LumA': 140, 'LumB': 95}",4,False,0.9256756756756757,0.8782051282051282,0.9785714285714285,0.8783068783068783,0.8829787234042553,0.8736842105263158,0.7532467532467533,0.8787878787878788,0.6590909090909091,0.95,1.0,0.9047619047619048,18051
classification,"KNN(k=5,dist)",EnsembleSoft,0.05,4,1,0.8668543956043956,0.8623329156223893,1286,322,"{'Basal': 167, 'Her2': 179, 'LumA': 560, 'LumB': 380}","{'Basal': 42, 'Her2': 45, 'LumA': 140, 'LumB': 95}",4,False,0.9157509157509157,0.9398496240601504,0.8928571428571429,0.88,0.8380952380952381,0.9263157894736842,0.7916666666666666,0.7450980392156863,0.8444444444444444,0.88,1.0,0.7857142857142857,18051
classification,"KNN(k=5,dist)",EnsembleSoft,0.05,4,2,0.9021221937095769,0.8903926482873852,1286,322,"{'Basal': 167, 'Her2': 179, 'LumA': 560, 'LumB': 380}","{'Basal': 42, 'Her2': 45, 'LumA': 140, 'LumB': 95}",4,False,0.9347079037800687,0.9006622516556292,0.9714285714285714,0.8864864864864865,0.9111111111111111,0.8631578947368421,0.8604651162790697,0.9024390243902439,0.8222222222222222,0.926829268292683,0.95,0.9047619047619048,18051
classification,"KNN(k=5,dist)",EnsembleSoft,0.05,4,3,0.8792322657882611,0.8752088554720134,1286,322,"{'Basal': 167, 'Her2': 179, 'LumA': 560, 'LumB': 380}","{'Basal': 42, 'Her2': 45, 'LumA': 140, 'LumB': 95}",4,False,0.9154929577464789,0.9027777777777778,0.9285714285714286,0.851063829787234,0.8602150537634409,0.8421052631578947,0.7865168539325843,0.7954545454545454,0.7777777777777778,0.963855421686747,0.975609756097561,0.9523809523809523,18051
classification,"KNN(k=5,dist)",EnsembleSoft,0.05,4,4,0.8814957973580861,0.8752850113087598,1287,321,"{'Basal': 168, 'Her2': 179, 'LumA': 560, 'LumB': 380}","{'Basal': 41, 'Her2': 45, 'LumA': 140, 'LumB': 95}",4,False,0.9290780141843972,0.9225352112676056,0.9357142857142857,0.8911917098445595,0.8775510204081632,0.9052631578947369,0.7674418604651163,0.8048780487804879,0.7333333333333333,0.9382716049382716,0.95,0.926829268292683,18051
classification,"KNN(k=5,dist)",EnsembleSoft,0.05,4,5,0.8693811003937587,0.8462890179995444,1287,321,"{'Basal': 167, 'Her2': 180, 'LumA': 560, 'LumB': 380}","{'Basal': 42, 'Her2': 44, 'LumA': 140, 'LumB': 95}",4,False,0.918918918918919,0.8717948717948718,0.9714285714285714,0.8783068783068783,0.8829787234042553,0.8736842105263158,0.7435897435897436,0.8529411764705882,0.6590909090909091,0.9367088607594937,1.0,0.8809523809523809,18051
classification,RFECA_SVR(k=5),EnsembleSoft,0.05,4,1,0.8591878719677226,0.8585108604845446,1286,322,"{'Basal': 167, 'Her2': 179, 'LumA': 560, 'LumB': 380}","{'Basal': 42, 'Her2': 45, 'LumA': 140, 'LumB': 95}",4,False,0.8962962962962963,0.9307692307692308,0.8642857142857143,0.8656716417910447,0.8207547169811321,0.9157894736842105,0.7916666666666666,0.7450980392156863,0.8444444444444444,0.8831168831168831,0.9714285714285714,0.8095238095238095,18051
classification,RFECA_SVR(k=5),EnsembleSoft,0.05,4,2,0.9000123243594751,0.8886069340016709,1286,322,"{'Basal': 167, 'Her2': 179, 'LumA': 560, 'LumB': 380}","{'Basal': 42, 'Her2': 45, 'LumA': 140, 'LumB': 95}",4,False,0.9310344827586207,0.9,0.9642857142857143,0.8817204301075269,0.9010989010989011,0.8631578947368421,0.8604651162790697,0.9024390243902439,0.8222222222222222,0.926829268292683,0.95,0.9047619047619048,18051
classification,RFECA_SVR(k=5),EnsembleSoft,0.05,4,3,0.8821041281409068,0.8799185463659148,1286,322,"{'Basal': 167, 'Her2': 179, 'LumA': 560, 'LumB': 380}","{'Basal': 42, 'Her2': 45, 'LumA': 140, 'LumB': 95}",4,False,0.9192982456140351,0.903448275862069,0.9357142857142857,0.8540540540540541,0.8777777777777778,0.8315789473684211,0.7912087912087912,0.782608695652174,0.8,0.963855421686747,0.975609756097561,0.9523809523809523,18051
classification,RFECA_SVR(k=5),EnsembleSoft,0.05,4,4,0.8836022473873606,0.8770707255944741,1287,321,"{'Basal': 168, 'Her2': 179, 'LumA': 560, 'LumB': 380}","{'Basal': 41, 'Her2': 45, 'LumA': 140, 'LumB': 95}",4,False,0.9328621908127208,0.9230769230769231,0.9428571428571428,0.8958333333333334,0.8865979381443299,0.9052631578947369,0.7674418604651163,0.8048780487804879,0.7333333333333333,0.9382716049382716,0.95,0.926829268292683,18051
classification,RFECA_SVR(k=5),EnsembleSoft,0.05,4,5,0.8751919544188984,0.8546024151287309,1287,321,"{'Basal': 167, 'Her2': 180, 'LumA': 560, 'LumB': 380}","{'Basal': 42, 'Her2': 44, 'LumA': 140, 'LumB': 95}",4,False,0.9251700680272109,0.8831168831168831,0.9714285714285714,0.8888888888888888,0.8936170212765957,0.8842105263157894,0.75,0.8333333333333334,0.6818181818181818,0.9367088607594937,1.0,0.8809523809523809,18051
classification,RFECA_SVR(k=10),EnsembleSoft,0.05,4,1,0.8753552042329341,0.8716060985797829,1286,322,"{'Basal': 167, 'Her2': 179, 'LumA': 560, 'LumB': 380}","{'Basal': 42, 'Her2': 45, 'LumA': 140, 'LumB': 95}",4,False,0.9124087591240876,0.9328358208955224,0.8928571428571429,0.8743718592964824,0.8365384615384616,0.9157894736842105,0.8172043010752689,0.7916666666666666,0.8444444444444444,0.8974358974358975,0.9722222222222222,0.8333333333333334,18051
classification,RFECA_SVR(k=10),EnsembleSoft,0.05,4,2,0.9019234674572111,0.889546783625731,1286,322,"{'Basal': 167, 'Her2': 179, 'LumA': 560, 'LumB': 380}","{'Basal': 42, 'Her2': 45, 'LumA': 140, 'LumB': 95}",4,False,0.9351535836177475,0.8954248366013072,0.9785714285714285,0.8852459016393442,0.9204545454545454,0.8526315789473684,0.8604651162790697,0.9024390243902439,0.8222222222222222,0.926829268292683,0.95,0.9047619047619048,18051
classification,RFECA_SVR(k=10),EnsembleSoft,0.05,4,3,0.8821041281409068,0.8799185463659148,1286,322,"{'Basal': 167, 'Her2': 179, 'LumA': 560, 'LumB': 380}","{'Basal': 42, 'Her2': 45, 'LumA': 140, 'LumB': 95}",4,False,0.9192982456140351,0.903448275862069,0.9357142857142857,0.8540540540540541,0.8777777777777778,0.8315789473684211,0.7912087912087912,0.782608695652174,0.8,0.963855421686747,0.975609756097561,0.9523809523809523,18051
classification,RFECA_SVR(k=10),EnsembleSoft,0.05,4,4,0.8836022473873606,0.8770707255944741,1287,321,"{'Basal': 168, 'Her2': 179, 'LumA': 560, 'LumB': 380}","{'Basal': 41, 'Her2': 45, 'LumA': 140, 'LumB': 95}",4,False,0.9328621908127208,0.9230769230769231,0.9428571428571428,0.8958333333333334,0.8865979381443299,0.9052631578947369,0.7674418604651163,0.8048780487804879,0.7333333333333333,0.9382716049382716,0.95,0.926829268292683,18051
classification,RFECA_SVR(k=10),EnsembleSoft,0.05,4,5,0.8737157922284505,0.8507063112326271,1287,321,"{'Basal': 167, 'Her2': 180, 'LumA': 560, 'LumB': 380}","{'Basal': 42, 'Her2': 44, 'LumA': 140, 'LumB': 95}",4,False,0.9256756756756757,0.8782051282051282,0.9785714285714285,0.8888888888888888,0.8936170212765957,0.8842105263157894,0.7435897435897436,0.8529411764705882,0.6590909090909091,0.9367088607594937,1.0,0.8809523809523809,18051
classification,RFECA_SVR(k=20),EnsembleSoft,0.05,4,1,0.8850523364085879,0.8797932330827067,1286,322,"{'Basal': 167, 'Her2': 179, 'LumA': 560, 'LumB': 380}","{'Basal': 42, 'Her2': 45, 'LumA': 140, 'LumB': 95}",4,False,0.9124087591240876,0.9328358208955224,0.8928571428571429,0.88,0.8380952380952381,0.9263157894736842,0.8387096774193549,0.8125,0.8666666666666667,0.9090909090909091,1.0,0.8333333333333334,18051
classification,RFECA_SVR(k=20),EnsembleSoft,0.05,4,2,0.9023442659493222,0.889546783625731,1286,322,"{'Basal': 167, 'Her2': 179, 'LumA': 560, 'LumB': 380}","{'Basal': 42, 'Her2': 45, 'LumA': 140, 'LumB': 95}",4,False,0.9319727891156463,0.8896103896103896,0.9785714285714285,0.8901098901098901,0.9310344827586207,0.8526315789473684,0.8604651162790697,0.9024390243902439,0.8222222222222222,0.926829268292683,0.95,0.9047619047619048,18051
classification,RFECA_SVR(k=20),EnsembleSoft,0.05,4,3,0.8821041281409068,0.8799185463659148,1286,322,"{'Basal': 167, 'Her2': 179, 'LumA': 560, 'LumB': 380}","{'Basal': 42, 'Her2': 45, 'LumA': 140, 'LumB': 95}",4,False,0.9192982456140351,0.903448275862069,0.9357142857142857,0.8540540540540541,0.8777777777777778,0.8315789473684211,0.7912087912087912,0.782608695652174,0.8,0.963855421686747,0.975609756097561,0.9523809523809523,18051
classification,RFECA_SVR(k=20),EnsembleSoft,0.05,4,4,0.8846990234577115,0.8770707255944741,1287,321,"{'Basal': 168, 'Her2': 179, 'LumA': 560, 'LumB': 380}","{'Basal': 41, 'Her2': 45, 'LumA': 140, 'LumB': 95}",4,False,0.9328621908127208,0.9230769230769231,0.9428571428571428,0.8911917098445595,0.8775510204081632,0.9052631578947369,0.7764705882352941,0.825,0.7333333333333333,0.9382716049382716,0.95,0.926829268292683,18051
classification,RFECA_SVR(k=20),EnsembleSoft,0.05,4,5,0.8716357572425278,0.8489205969469128,1287,321,"{'Basal': 167, 'Her2': 180, 'LumA': 560, 'LumB': 380}","{'Basal': 42, 'Her2': 44, 'LumA': 140, 'LumB': 95}",4,False,0.9220338983050848,0.8774193548387097,0.9714285714285714,0.8842105263157894,0.8842105263157894,0.8842105263157894,0.7435897435897436,0.8529411764705882,0.6590909090909091,0.9367088607594937,1.0,0.8809523809523809,18051
classification,MissForest,EnsembleSoft,0.05,4,1,0.8661285320941465,0.8617794486215539,1286,322,"{'Basal': 167, 'Her2': 179, 'LumA': 560, 'LumB': 380}","{'Basal': 42, 'Her2': 45, 'LumA': 140, 'LumB': 95}",4,False,0.9130434782608695,0.9264705882352942,0.9,0.8673469387755102,0.8415841584158416,0.8947368421052632,0.8041237113402062,0.75,0.8666666666666667,0.88,1.0,0.7857142857142857,18051
classification,MissForest,EnsembleSoft,0.05,4,2,0.8957802398472282,0.8839912280701755,1286,322,"{'Basal': 167, 'Her2': 179, 'LumA': 560, 'LumB': 380}","{'Basal': 42, 'Her2': 45, 'LumA': 140, 'LumB': 95}",4,False,0.9351535836177475,0.8954248366013072,0.9785714285714285,0.8852459016393442,0.9204545454545454,0.8526315789473684,0.8470588235294118,0.9,0.8,0.9156626506024096,0.926829268292683,0.9047619047619048,18051
classification,MissForest,EnsembleSoft,0.05,4,3,0.8858421802660558,0.8825501253132833,1286,322,"{'Basal': 167, 'Her2': 179, 'LumA': 560, 'LumB': 380}","{'Basal': 42, 'Her2': 45, 'LumA': 140, 'LumB': 95}",4,False,0.9192982456140351,0.903448275862069,0.9357142857142857,0.8602150537634409,0.8791208791208791,0.8421052631578947,0.8,0.8,0.8,0.963855421686747,0.975609756097561,0.9523809523809523,18051
classification,MissForest,EnsembleSoft,0.05,4,4,0.8814957973580861,0.8752850113087598,1287,321,"{'Basal': 168, 'Her2': 179, 'LumA': 560, 'LumB': 380}","{'Basal': 41, 'Her2': 45, 'LumA': 140, 'LumB': 95}",4,False,0.9290780141843972,0.9225352112676056,0.9357142857142857,0.8911917098445595,0.8775510204081632,0.9052631578947369,0.7674418604651163,0.8048780487804879,0.7333333333333333,0.9382716049382716,0.95,0.926829268292683,18051
classification,MissForest,EnsembleSoft,0.05,4,5,0.8767813297098859,0.8546024151287309,1287,321,"{'Basal': 167, 'Her2': 180, 'LumA': 560, 'LumB': 380}","{'Basal': 42, 'Her2': 44, 'LumA': 140, 'LumB': 95}",4,False,0.9220338983050848,0.8774193548387097,0.9714285714285714,0.8888888888888888,0.8936170212765957,0.8842105263157894,0.759493670886076,0.8571428571428571,0.6818181818181818,0.9367088607594937,1.0,0.8809523809523809,18051
classification,SimpleMean,EnsembleSoft,0.05,5,1,0.8673875418035596,0.8655597326649958,1286,322,"{'Basal': 167, 'Her2': 179, 'LumA': 560, 'LumB': 380}","{'Basal': 42, 'Her2': 45, 'LumA': 140, 'LumB': 95}",4,False,0.9037037037037037,0.9384615384615385,0.8714285714285714,0.8768472906403941,0.8240740740740741,0.9368421052631579,0.8172043010752689,0.7916666666666666,0.8444444444444444,0.8717948717948718,0.9444444444444444,0.8095238095238095,18052
classification,SimpleMean,EnsembleSoft,0.05,5,2,0.8983356227452126,0.8870718462823726,1286,322,"{'Basal': 167, 'Her2': 179, 'LumA': 560, 'LumB': 380}","{'Basal': 42, 'Her2': 45, 'LumA': 140, 'LumB': 95}",4,False,0.9347079037800687,0.9006622516556292,0.9714285714285714,0.9021739130434783,0.9325842696629213,0.8736842105263158,0.8314606741573034,0.8409090909090909,0.8222222222222222,0.925,0.9736842105263158,0.8809523809523809,18052
classification,SimpleMean,EnsembleSoft,0.05,5,3,0.8654559674167517,0.858688387635756,1286,322,"{'Basal': 167, 'Her2': 179, 'LumA': 560, 'LumB': 380}","{'Basal': 42, 'Her2': 45, 'LumA': 140, 'LumB': 95}",4,False,0.9230769230769231,0.9041095890410958,0.9428571428571428,0.8449197860962567,0.8586956521739131,0.8315789473684211,0.7555555555555555,0.7555555555555555,0.7555555555555555,0.9382716049382716,0.9743589743589743,0.9047619047619048,18052
classification,SimpleMean,EnsembleSoft,0.05,5,4,0.8762259969414055,0.8688835910915501,1287,321,"{'Basal': 168, 'Her2': 179, 'LumA': 560, 'LumB': 380}","{'Basal': 41, 'Her2': 45, 'LumA': 140, 'LumB': 95}",4,False,0.9328621908127208,0.9230769230769231,0.9428571428571428,0.8808290155440415,0.8673469387755102,0.8947368421052632,0.7529411764705882,0.8,0.7111111111111111,0.9382716049382716,0.95,0.926829268292683,18052
classification,SimpleMean,EnsembleSoft,0.05,5,5,0.8786265731488541,0.8579232171337434,1287,321,"{'Basal': 167, 'Her2': 180, 'LumA': 560, 'LumB': 380}","{'Basal': 42, 'Her2': 44, 'LumA': 140, 'LumB': 95}",4,False,0.9220338983050848,0.8774193548387097,0.9714285714285714,0.8829787234042553,0.8924731182795699,0.8736842105263158,0.759493670886076,0.8571428571428571,0.6818181818181818,0.95,1.0,0.9047619047619048,18052
classification,"KNN(k=5,dist)",EnsembleSoft,0.05,5,1,0.8751839107774637,0.8717627401837927,1286,322,"{'Basal': 167, 'Her2': 179, 'LumA': 560, 'LumB': 380}","{'Basal': 42, 'Her2': 45, 'LumA': 140, 'LumB': 95}",4,False,0.9117647058823529,0.9393939393939394,0.8857142857142857,0.8910891089108911,0.8411214953271028,0.9473684210526315,0.8260869565217391,0.8085106382978723,0.8444444444444444,0.8717948717948718,0.9444444444444444,0.8095238095238095,18052
classification,"KNN(k=5,dist)",EnsembleSoft,0.05,5,2,0.8944498609396467,0.8822055137844612,1286,322,"{'Basal': 167, 'Her2': 179, 'LumA': 560, 'LumB': 380}","{'Basal': 42, 'Her2': 45, 'LumA': 140, 'LumB': 95}",4,False,0.9315068493150684,0.8947368421052632,0.9714285714285714,0.8804347826086957,0.9101123595505618,0.8526315789473684,0.8275862068965517,0.8571428571428571,0.8,0.9382716049382716,0.9743589743589743,0.9047619047619048,18052
classification,"KNN(k=5,dist)",EnsembleSoft,0.05,5,3,0.8671155655843523,0.8621658312447785,1286,322,"{'Basal': 167, 'Her2': 179, 'LumA': 560, 'LumB': 380}","{'Basal': 42, 'Her2': 45, 'LumA': 140, 'LumB': 95}",4,False,0.9257950530035336,0.916083916083916,0.9357142857142857,0.8571428571428571,0.8617021276595744,0.8526315789473684,0.7472527472527473,0.7391304347826086,0.7555555555555555,0.9382716049382716,0.9743589743589743,0.9047619047619048,18052
classification,"KNN(k=5,dist)",EnsembleSoft,0.05,5,4,0.8633451848002318,0.8582632903396703,1287,321,"{'Basal': 168, 'Her2': 179, 'LumA': 560, 'LumB': 380}","{'Basal': 41, 'Her2': 45, 'LumA': 140, 'LumB': 95}",4,False,0.9148936170212766,0.9084507042253521,0.9214285714285714,0.8645833333333334,0.8556701030927835,0.8736842105263158,0.735632183908046,0.7619047619047619,0.7111111111111111,0.9382716049382716,0.95,0.926829268292683,18052
classification,"KNN(k=5,dist)",EnsembleSoft,0.05,5,5,0.8735107290167746,0.8515521758942812,1287,321,"{'Basal': 167, 'Her2': 180, 'LumA': 560, 'LumB': 380}","{'Basal': 42, 'Her2': 44, 'LumA': 140, 'LumB': 95}",4,False,0.9283276450511946,0.8888888888888888,0.9714285714285714,0.8854166666666666,0.8762886597938144,0.8947368421052632,0.7435897435897436,0.8529411764705882,0.6590909090909091,0.9367088607594937,1.0,0.8809523809523809,18052
classification,RFECA_SVR(k=5),EnsembleSoft,0.05,5,1,0.8738061499903604,0.8705200501253132,1286,322,"{'Basal': 167, 'Her2': 179, 'LumA': 560, 'LumB': 380}","{'Basal': 42, 'Her2': 45, 'LumA': 140, 'LumB': 95}",4,False,0.9157509157509157,0.9398496240601504,0.8928571428571429,0.89,0.8476190476190476,0.9368421052631579,0.8210526315789474,0.78,0.8666666666666667,0.868421052631579,0.9705882352941176,0.7857142857142857,18052
classification,RFECA_SVR(k=5),EnsembleSoft,0.05,5,2,0.8897899369984756,0.8769423558897244,1286,322,"{'Basal': 167, 'Her2': 179, 'LumA': 560, 'LumB': 380}","{'Basal': 42, 'Her2': 45, 'LumA': 140, 'LumB': 95}",4,False,0.9251700680272109,0.8831168831168831,0.9714285714285714,0.8681318681318682,0.9080459770114943,0.8315789473684211,0.8275862068965517,0.8571428571428571,0.8,0.9382716049382716,0.9743589743589743,0.9047619047619048,18052
classification,RFECA_SVR(k=5),EnsembleSoft,0.05,5,3,0.8696145511148202,0.8657790309106099,1286,322,"{'Basal': 167, 'Her2': 179, 'LumA': 560, 'LumB': 380}","{'Basal': 42, 'Her2': 45, 'LumA': 140, 'LumB': 95}",4,False,0.9192982456140351,0.903448275862069,0.9357142857142857,0.8387096774193549,0.8571428571428571,0.8210526315789474,0.7692307692307693,0.7608695652173914,0.7777777777777778,0.9512195121951219,0.975,0.9285714285714286,18052
classification,RFECA_SVR(k=5),EnsembleSoft,0.05,5,4,0.8730911702945845,0.8670978768058358,1287,321,"{'Basal': 168, 'Her2': 179, 'LumA': 560, 'LumB': 380}","{'Basal': 41, 'Her2': 45, 'LumA': 140, 'LumB': 95}",4,False,0.9290780141843972,0.9225352112676056,0.9357142857142857,0.8808290155440415,0.8673469387755102,0.8947368421052632,0.7441860465116279,0.7804878048780488,0.7111111111111111,0.9382716049382716,0.95,0.926829268292683,18052
classification,RFECA_SVR(k=5),EnsembleSoft,0.05,5,5,0.8802905135096041,0.8572339940760993,1287,321,"{'Basal': 167, 'Her2': 180, 'LumA': 560, 'LumB': 380}","{'Basal': 42, 'Her2': 44, 'LumA': 140, 'LumB': 95}",4,False,0.9251700680272109,0.8831168831168831,0.9714285714285714,0.8900523560209425,0.8854166666666666,0.8947368421052632,0.7692307692307693,0.8823529411764706,0.6818181818181818,0.9367088607594937,1.0,0.8809523809523809,18052
classification,RFECA_SVR(k=10),EnsembleSoft,0.05,5,1,0.8751542614495549,0.8705200501253132,1286,322,"{'Basal': 167, 'Her2': 179, 'LumA': 560, 'LumB': 380}","{'Basal': 42, 'Her2': 45, 'LumA': 140, 'LumB': 95}",4,False,0.9124087591240876,0.9328358208955224,0.8928571428571429,0.89,0.8476190476190476,0.9368421052631579,0.8297872340425532,0.7959183673469388,0.8666666666666667,0.868421052631579,0.9705882352941176,0.7857142857142857,18052
classification,RFECA_SVR(k=10),EnsembleSoft,0.05,5,2,0.896657305004859,0.8851294903926483,1286,322,"{'Basal': 167, 'Her2': 179, 'LumA': 560, 'LumB': 380}","{'Basal': 42, 'Her2': 45, 'LumA': 140, 'LumB': 95}",4,False,0.9283276450511946,0.8888888888888888,0.9714285714285714,0.8791208791208791,0.9195402298850575,0.8421052631578947,0.8409090909090909,0.8604651162790697,0.8222222222222222,0.9382716049382716,0.9743589743589743,0.9047619047619048,18052
classification,RFECA_SVR(k=10),EnsembleSoft,0.05,5,3,0.8733038304207978,0.8684106098579784,1286,322,"{'Basal': 167, 'Her2': 179, 'LumA': 560, 'LumB': 380}","{'Basal': 42, 'Her2': 45, 'LumA': 140, 'LumB': 95}",4,False,0.9192982456140351,0.903448275862069,0.9357142857142857,0.8449197860962567,0.8586956521739131,0.8315789473684211,0.7777777777777778,0.7777777777777778,0.7777777777777778,0.9512195121951219,0.975,0.9285714285714286,18052
classification,RFECA_SVR(k=10),EnsembleSoft,0.05,5,4,0.8732700905181525,0.86794374146749,1287,321,"{'Basal': 168, 'Her2': 179, 'LumA': 560, 'LumB': 380}","{'Basal': 41, 'Her2': 45, 'LumA': 140, 'LumB': 95}",4,False,0.9285714285714286,0.9285714285714286,0.9285714285714286,0.882051282051282,0.86,0.9052631578947369,0.7441860465116279,0.7804878048780488,0.7111111111111111,0.9382716049382716,0.95,0.926829268292683,18052
classification,RFECA_SVR(k=10),EnsembleSoft,0.05,5,5,0.8695617757801184,0.8471348826611985,1287,321,"{'Basal': 167, 'Her2': 180, 'LumA': 560, 'LumB': 380}","{'Basal': 42, 'Her2': 44, 'LumA': 140, 'LumB': 95}",4,False,0.9183673469387755,0.8766233766233766,0.9642857142857143,0.8795811518324608,0.875,0.8842105263157894,0.7435897435897436,0.8529411764705882,0.6590909090909091,0.9367088607594937,1.0,0.8809523809523809,18052
classification,RFECA_SVR(k=20),EnsembleSoft,0.05,5,1,0.868171439628483,0.8661027568922306,1286,322,"{'Basal': 167, 'Her2': 179, 'LumA': 560, 'LumB': 380}","{'Basal': 42, 'Her2': 45, 'LumA': 140, 'LumB': 95}",4,False,0.9117647058823529,0.9393939393939394,0.8857142857142857,0.88,0.8380952380952381,0.9263157894736842,0.8125,0.7647058823529411,0.8666666666666667,0.868421052631579,0.9705882352941176,0.7857142857142857,18052
classification,RFECA_SVR(k=20),EnsembleSoft,0.05,5,2,0.8958538364266915,0.8813596491228071,1286,322,"{'Basal': 167, 'Her2': 179, 'LumA': 560, 'LumB': 380}","{'Basal': 42, 'Her2': 45, 'LumA': 140, 'LumB': 95}",4,False,0.9288135593220339,0.8838709677419355,0.9785714285714285,0.8791208791208791,0.9195402298850575,0.8421052631578947,0.8372093023255814,0.8780487804878049,0.8,0.9382716049382716,0.9743589743589743,0.9047619047619048,18052
classification,RFECA_SVR(k=20),EnsembleSoft,0.05,5,3,0.8650744780737984,0.8602234753550543,1286,322,"{'Basal': 167, 'Her2': 179, 'LumA': 560, 'LumB': 380}","{'Basal': 42, 'Her2': 45, 'LumA': 140, 'LumB': 95}",4,False,0.9192982456140351,0.903448275862069,0.9357142857142857,0.8342245989304813,0.8478260869565217,0.8210526315789474,0.7555555555555555,0.7555555555555555,0.7555555555555555,0.9512195121951219,0.975,0.9285714285714286,18052
classification,RFECA_SVR(k=20),EnsembleSoft,0.05,5,4,0.8803905183337808,0.8723610347005726,1287,321,"{'Basal': 168, 'Her2': 179, 'LumA': 560, 'LumB': 380}","{'Basal': 41, 'Her2': 45, 'LumA': 140, 'LumB': 95}",4,False,0.9290780141843972,0.9225352112676056,0.9357142857142857,0.8923076923076924,0.87,0.9157894736842105,0.7619047619047619,0.8205128205128205,0.7111111111111111,0.9382716049382716,0.95,0.926829268292683,18052
classification,RFECA_SVR(k=20),EnsembleSoft,0.05,5,5,0.870906562350108,0.8489205969469128,1287,321,"{'Basal': 167, 'Her2': 180, 'LumA': 560, 'LumB': 380}","{'Basal': 42, 'Her2': 44, 'LumA': 140, 'LumB': 95}",4,False,0.9283276450511946,0.8888888888888888,0.9714285714285714,0.875,0.865979381443299,0.8842105263157894,0.7435897435897436,0.8529411764705882,0.6590909090909091,0.9367088607594937,1.0,0.8809523809523809,18052
classification,MissForest,EnsembleSoft,0.05,5,1,0.8810588299150813,0.8764724310776943,1286,322,"{'Basal': 167, 'Her2': 179, 'LumA': 560, 'LumB': 380}","{'Basal': 42, 'Her2': 45, 'LumA': 140, 'LumB': 95}",4,False,0.9124087591240876,0.9328358208955224,0.8928571428571429,0.89,0.8476190476190476,0.9368421052631579,0.8387096774193549,0.8125,0.8666666666666667,0.8831168831168831,0.9714285714285714,0.8095238095238095,18052
classification,MissForest,EnsembleSoft,0.05,5,2,0.8861247338771854,0.8751566416040101,1286,322,"{'Basal': 167, 'Her2': 179, 'LumA': 560, 'LumB': 380}","{'Basal': 42, 'Her2': 45, 'LumA': 140, 'LumB': 95}",4,False,0.9246575342465754,0.8881578947368421,0.9642857142857143,0.8633879781420765,0.8977272727272727,0.8315789473684211,0.8181818181818182,0.8372093023255814,0.8,0.9382716049382716,0.9743589743589743,0.9047619047619048,18052
classification,MissForest,EnsembleSoft,0.05,5,3,0.8743272910541647,0.8710421888053468,1286,322,"{'Basal': 167, 'Her2': 179, 'LumA': 560, 'LumB': 380}","{'Basal': 42, 'Her2': 45, 'LumA': 140, 'LumB': 95}",4,False,0.9257950530035336,0.916083916083916,0.9357142857142857,0.851063829787234,0.8602150537634409,0.8421052631578947,0.7692307692307693,0.7608695652173914,0.7777777777777778,0.9512195121951219,0.975,0.9285714285714286,18052
classification,MissForest,EnsembleSoft,0.05,5,4,0.8723718142013777,0.8653121625201216,1287,321,"{'Basal': 168, 'Her2': 179, 'LumA': 560, 'LumB': 380}","{'Basal': 41, 'Her2': 45, 'LumA': 140, 'LumB': 95}",4,False,0.9219858156028369,0.9154929577464789,0.9285714285714286,0.8762886597938144,0.8585858585858586,0.8947368421052632,0.7529411764705882,0.8,0.7111111111111111,0.9382716049382716,0.95,0.926829268292683,18052
classification,MissForest,EnsembleSoft,0.05,5,5,0.8763957814971425,0.8546024151287309,1287,321,"{'Basal': 167, 'Her2': 180, 'LumA': 560, 'LumB': 380}","{'Basal': 42, 'Her2': 44, 'LumA': 140, 'LumB': 95}",4,False,0.9251700680272109,0.8831168831168831,0.9714285714285714,0.8842105263157894,0.8842105263157894,0.8842105263157894,0.759493670886076,0.8571428571428571,0.6818181818181818,0.9367088607594937,1.0,0.8809523809523809,18052
classification,SimpleMean,EnsembleSoft,0.05,6,1,0.8642279867172198,0.862531328320802,1286,322,"{'Basal': 167, 'Her2': 179, 'LumA': 560, 'LumB': 380}","{'Basal': 42, 'Her2': 45, 'LumA': 140, 'LumB': 95}",4,False,0.9003690036900369,0.9312977099236641,0.8714285714285714,0.8756218905472637,0.8301886792452831,0.9263157894736842,0.8125,0.7647058823529411,0.8666666666666667,0.868421052631579,0.9705882352941176,0.7857142857142857,18053
classification,SimpleMean,EnsembleSoft,0.05,6,2,0.8970546524256772,0.8857769423558898,1286,322,"{'Basal': 167, 'Her2': 179, 'LumA': 560, 'LumB': 380}","{'Basal': 42, 'Her2': 45, 'LumA': 140, 'LumB': 95}",4,False,0.9387755102040817,0.8961038961038961,0.9857142857142858,0.8950276243093923,0.9418604651162791,0.8526315789473684,0.8275862068965517,0.8571428571428571,0.8,0.926829268292683,0.95,0.9047619047619048,18053
classification,SimpleMean,EnsembleSoft,0.05,6,3,0.8824432411388933,0.8760442773600668,1286,322,"{'Basal': 167, 'Her2': 179, 'LumA': 560, 'LumB': 380}","{'Basal': 42, 'Her2': 45, 'LumA': 140, 'LumB': 95}",4,False,0.9166666666666666,0.8918918918918919,0.9428571428571428,0.8369565217391305,0.8651685393258427,0.8105263157894737,0.8131868131868132,0.8043478260869565,0.8222222222222222,0.9629629629629629,1.0,0.9285714285714286,18053
classification,SimpleMean,EnsembleSoft,0.05,6,4,0.8704456162117453,0.8656160217617214,1287,321,"{'Basal': 168, 'Her2': 179, 'LumA': 560, 'LumB': 380}","{'Basal': 41, 'Her2': 45, 'LumA': 140, 'LumB': 95}",4,False,0.9247311827956989,0.9280575539568345,0.9214285714285714,0.882051282051282,0.86,0.9052631578947369,0.75,0.7674418604651163,0.7333333333333333,0.925,0.9487179487179487,0.9024390243902439,18053
classification,SimpleMean,EnsembleSoft,0.05,6,5,0.8839288383128376,0.8601361357940306,1287,321,"{'Basal': 167, 'Her2': 180, 'LumA': 560, 'LumB': 380}","{'Basal': 42, 'Her2': 44, 'LumA': 140, 'LumB': 95}",4,False,0.9220338983050848,0.8774193548387097,0.9714285714285714,0.900523560209424,0.8958333333333334,0.9052631578947369,0.7631578947368421,0.90625,0.6590909090909091,0.95,1.0,0.9047619047619048,18053
classification,"KNN(k=5,dist)",EnsembleSoft,0.05,6,1,0.8698249714629127,0.8690267335004176,1286,322,"{'Basal': 167, 'Her2': 179, 'LumA': 560, 'LumB': 380}","{'Basal': 42, 'Her2': 45, 'LumA': 140, 'LumB': 95}",4,False,0.9117647058823529,0.9393939393939394,0.8857142857142857,0.8743718592964824,0.8365384615384616,0.9157894736842105,0.8247422680412371,0.7692307692307693,0.8888888888888888,0.868421052631579,0.9705882352941176,0.7857142857142857,18053
classification,"KNN(k=5,dist)",EnsembleSoft,0.05,6,2,0.9002672784704333,0.8874686716791981,1286,322,"{'Basal': 167, 'Her2': 179, 'LumA': 560, 'LumB': 380}","{'Basal': 42, 'Her2': 45, 'LumA': 140, 'LumB': 95}",4,False,0.9347079037800687,0.9006622516556292,0.9714285714285714,0.8924731182795699,0.9120879120879121,0.8736842105263158,0.8470588235294118,0.9,0.8,0.926829268292683,0.95,0.9047619047619048,18053
classification,"KNN(k=5,dist)",EnsembleSoft,0.05,6,3,0.8785808456540164,0.8731203007518797,1286,322,"{'Basal': 167, 'Her2': 179, 'LumA': 560, 'LumB': 380}","{'Basal': 42, 'Her2': 45, 'LumA': 140, 'LumB': 95}",4,False,0.9198606271777003,0.8979591836734694,0.9428571428571428,0.8432432432432433,0.8666666666666667,0.8210526315789474,0.8,0.8,0.8,0.9512195121951219,0.975,0.9285714285714286,18053
classification,"KNN(k=5,dist)",EnsembleSoft,0.05,6,4,0.8787661966024345,0.8746375593455182,1287,321,"{'Basal': 168, 'Her2': 179, 'LumA': 560, 'LumB': 380}","{'Basal': 41, 'Her2': 45, 'LumA': 140, 'LumB': 95}",4,False,0.9247311827956989,0.9280575539568345,0.9214285714285714,0.8762886597938144,0.8585858585858586,0.8947368421052632,0.7640449438202247,0.7727272727272727,0.7555555555555555,0.95,0.9743589743589743,0.926829268292683,18053
classification,"KNN(k=5,dist)",EnsembleSoft,0.05,6,5,0.8773687422255003,0.8541837548416497,1287,321,"{'Basal': 167, 'Her2': 180, 'LumA': 560, 'LumB': 380}","{'Basal': 42, 'Her2': 44, 'LumA': 140, 'LumB': 95}",4,False,0.9283276450511946,0.8888888888888888,0.9714285714285714,0.8911917098445595,0.8775510204081632,0.9052631578947369,0.7532467532467533,0.8787878787878788,0.6590909090909091,0.9367088607594937,1.0,0.8809523809523809,18053
classification,RFECA_SVR(k=5),EnsembleSoft,0.05,6,1,0.8557958756559848,0.854344193817878,1286,322,"{'Basal': 167, 'Her2': 179, 'LumA': 560, 'LumB': 380}","{'Basal': 42, 'Her2': 45, 'LumA': 140, 'LumB': 95}",4,False,0.9003690036900369,0.9312977099236641,0.8714285714285714,0.8656716417910447,0.8207547169811321,0.9157894736842105,0.8,0.76,0.8444444444444444,0.8571428571428571,0.9428571428571428,0.7857142857142857,18053
classification,RFECA_SVR(k=5),EnsembleSoft,0.05,6,2,0.9022096163535386,0.8884085213032582,1286,322,"{'Basal': 167, 'Her2': 179, 'LumA': 560, 'LumB': 380}","{'Basal': 42, 'Her2': 45, 'LumA': 140, 'LumB': 95}",4,False,0.9387755102040817,0.8961038961038961,0.9857142857142858,0.8961748633879781,0.9318181818181818,0.8631578947368421,0.8470588235294118,0.9,0.8,0.926829268292683,0.95,0.9047619047619048,18053
classification,RFECA_SVR(k=5),EnsembleSoft,0.05,6,3,0.8891470916844508,0.8828007518796993,1286,322,"{'Basal': 167, 'Her2': 179, 'LumA': 560, 'LumB': 380}","{'Basal': 42, 'Her2': 45, 'LumA': 140, 'LumB': 95}",4,False,0.9300699300699301,0.910958904109589,0.95,0.8663101604278075,0.8804347826086957,0.8526315789473684,0.8089887640449438,0.8181818181818182,0.8,0.9512195121951219,0.975,0.9285714285714286,18053
classification,RFECA_SVR(k=5),EnsembleSoft,0.05,6,4,0.8700416244025915,0.8664504248425943,1287,321,"{'Basal': 168, 'Her2': 179, 'LumA': 560, 'LumB': 380}","{'Basal': 41, 'Her2': 45, 'LumA': 140, 'LumB': 95}",4,False,0.9214285714285714,0.9214285714285714,0.9214285714285714,0.8704663212435233,0.8571428571428571,0.8842105263157894,0.75,0.7674418604651163,0.7333333333333333,0.9382716049382716,0.95,0.926829268292683,18053
classification,RFECA_SVR(k=5),EnsembleSoft,0.05,6,5,0.8764980581464681,0.8541837548416497,1287,321,"{'Basal': 167, 'Her2': 180, 'LumA': 560, 'LumB': 380}","{'Basal': 42, 'Her2': 44, 'LumA': 140, 'LumB': 95}",4,False,0.9251700680272109,0.8831168831168831,0.9714285714285714,0.900523560209424,0.8958333333333334,0.9052631578947369,0.7435897435897436,0.8529411764705882,0.6590909090909091,0.9367088607594937,1.0,0.8809523809523809,18053
classification,RFECA_SVR(k=10),EnsembleSoft,0.05,6,1,0.8592289236775941,0.8551900584795322,1286,322,"{'Basal': 167, 'Her2': 179, 'LumA': 560, 'LumB': 380}","{'Basal': 42, 'Her2': 45, 'LumA': 140, 'LumB': 95}",4,False,0.8929889298892989,0.9236641221374046,0.8642857142857143,0.8669950738916257,0.8148148148148148,0.9263157894736842,0.8085106382978723,0.7755102040816326,0.8444444444444444,0.868421052631579,0.9705882352941176,0.7857142857142857,18053
classification,RFECA_SVR(k=10),EnsembleSoft,0.05,6,2,0.9063885240676787,0.8918859649122808,1286,322,"{'Basal': 167, 'Her2': 179, 'LumA': 560, 'LumB': 380}","{'Basal': 42, 'Her2': 45, 'LumA': 140, 'LumB': 95}",4,False,0.9383561643835616,0.9013157894736842,0.9785714285714285,0.9032258064516129,0.9230769230769231,0.8842105263157894,0.8571428571428571,0.9230769230769231,0.8,0.926829268292683,0.95,0.9047619047619048,18053
classification,RFECA_SVR(k=10),EnsembleSoft,0.05,6,3,0.8868131495740474,0.8801691729323309,1286,322,"{'Basal': 167, 'Her2': 179, 'LumA': 560, 'LumB': 380}","{'Basal': 42, 'Her2': 45, 'LumA': 140, 'LumB': 95}",4,False,0.926829268292683,0.9047619047619048,0.95,0.8602150537634409,0.8791208791208791,0.8421052631578947,0.8089887640449438,0.8181818181818182,0.8,0.9512195121951219,0.975,0.9285714285714286,18053
classification,RFECA_SVR(k=10),EnsembleSoft,0.05,6,4,0.8689568090181943,0.8672962895042484,1287,321,"{'Basal': 168, 'Her2': 179, 'LumA': 560, 'LumB': 380}","{'Basal': 41, 'Her2': 45, 'LumA': 140, 'LumB': 95}",4,False,0.924187725631769,0.9343065693430657,0.9142857142857143,0.8717948717948718,0.85,0.8947368421052632,0.7415730337078652,0.75,0.7333333333333333,0.9382716049382716,0.95,0.926829268292683,18053
classification,RFECA_SVR(k=10),EnsembleSoft,0.05,6,5,0.8761148956834414,0.8541837548416497,1287,321,"{'Basal': 167, 'Her2': 180, 'LumA': 560, 'LumB': 380}","{'Basal': 42, 'Her2': 44, 'LumA': 140, 'LumB': 95}",4,False,0.9283276450511946,0.8888888888888888,0.9714285714285714,0.8958333333333334,0.8865979381443299,0.9052631578947369,0.7435897435897436,0.8529411764705882,0.6590909090909091,0.9367088607594937,1.0,0.8809523809523809,18053
classification,RFECA_SVR(k=20),EnsembleSoft,0.05,6,1,0.8664964717017299,0.8658521303258144,1286,322,"{'Basal': 167, 'Her2': 179, 'LumA': 560, 'LumB': 380}","{'Basal': 42, 'Her2': 45, 'LumA': 140, 'LumB': 95}",4,False,0.9003690036900369,0.9312977099236641,0.8714285714285714,0.87,0.8285714285714286,0.9157894736842105,0.8125,0.7647058823529411,0.8666666666666667,0.8831168831168831,0.9714285714285714,0.8095238095238095,18053
classification,RFECA_SVR(k=20),EnsembleSoft,0.05,6,2,0.9002672784704333,0.8874686716791981,1286,322,"{'Basal': 167, 'Her2': 179, 'LumA': 560, 'LumB': 380}","{'Basal': 42, 'Her2': 45, 'LumA': 140, 'LumB': 95}",4,False,0.9347079037800687,0.9006622516556292,0.9714285714285714,0.8924731182795699,0.9120879120879121,0.8736842105263158,0.8470588235294118,0.9,0.8,0.926829268292683,0.95,0.9047619047619048,18053
classification,RFECA_SVR(k=20),EnsembleSoft,0.05,6,3,0.8740766676811904,0.8675647451963242,1286,322,"{'Basal': 167, 'Her2': 179, 'LumA': 560, 'LumB': 380}","{'Basal': 42, 'Her2': 45, 'LumA': 140, 'LumB': 95}",4,False,0.9198606271777003,0.8979591836734694,0.9428571428571428,0.8387096774193549,0.8571428571428571,0.8210526315789474,0.7865168539325843,0.7954545454545454,0.7777777777777778,0.9512195121951219,0.975,0.9285714285714286,18053
classification,RFECA_SVR(k=20),EnsembleSoft,0.05,6,4,0.875494935224429,0.8737916946838642,1287,321,"{'Basal': 168, 'Her2': 179, 'LumA': 560, 'LumB': 380}","{'Basal': 41, 'Her2': 45, 'LumA': 140, 'LumB': 95}",4,False,0.9285714285714286,0.9285714285714286,0.9285714285714286,0.8795811518324608,0.875,0.8842105263157894,0.7555555555555555,0.7555555555555555,0.7555555555555555,0.9382716049382716,0.95,0.926829268292683,18053
classification,RFECA_SVR(k=20),EnsembleSoft,0.05,6,5,0.8803439205083645,0.8568153337890181,1287,321,"{'Basal': 167, 'Her2': 180, 'LumA': 560, 'LumB': 380}","{'Basal': 42, 'Her2': 44, 'LumA': 140, 'LumB': 95}",4,False,0.9251700680272109,0.8831168831168831,0.9714285714285714,0.90625,0.8969072164948454,0.9157894736842105,0.7532467532467533,0.8787878787878788,0.6590909090909091,0.9367088607594937,1.0,0.8809523809523809,18053
classification,MissForest,EnsembleSoft,0.05,6,1,0.8623986915935051,0.8640664160401001,1286,322,"{'Basal': 167, 'Her2': 179, 'LumA': 560, 'LumB': 380}","{'Basal': 42, 'Her2': 45, 'LumA': 140, 'LumB': 95}",4,False,0.8996282527881041,0.937984496124031,0.8642857142857143,0.8656716417910447,0.8207547169811321,0.9157894736842105,0.8125,0.7647058823529411,0.8666666666666667,0.8717948717948718,0.9444444444444444,0.8095238095238095,18053
classification,MissForest,EnsembleSoft,0.05,6,2,0.9000865058164823,0.8866228070175439,1286,322,"{'Basal': 167, 'Her2': 179, 'LumA': 560, 'LumB': 380}","{'Basal': 42, 'Her2': 45, 'LumA': 140, 'LumB': 95}",4,False,0.9351535836177475,0.8954248366013072,0.9785714285714285,0.8913043478260869,0.9213483146067416,0.8631578947368421,0.8470588235294118,0.9,0.8,0.926829268292683,0.95,0.9047619047619048,18053
classification,MissForest,EnsembleSoft,0.05,6,3,0.8860703459498309,0.880858395989975,1286,322,"{'Basal': 167, 'Her2': 179, 'LumA': 560, 'LumB': 380}","{'Basal': 42, 'Her2': 45, 'LumA': 140, 'LumB': 95}",4,False,0.9236111111111112,0.8986486486486487,0.95,0.8478260869565217,0.8764044943820225,0.8210526315789474,0.8089887640449438,0.8181818181818182,0.8,0.963855421686747,0.975609756097561,0.9523809523809523,18053
classification,MissForest,EnsembleSoft,0.05,6,4,0.8700416244025915,0.8664504248425943,1287,321,"{'Basal': 168, 'Her2': 179, 'LumA': 560, 'LumB': 380}","{'Basal': 41, 'Her2': 45, 'LumA': 140, 'LumB': 95}",4,False,0.9214285714285714,0.9214285714285714,0.9214285714285714,0.8704663212435233,0.8571428571428571,0.8842105263157894,0.75,0.7674418604651163,0.7333333333333333,0.9382716049382716,0.95,0.926829268292683,18053
classification,MissForest,EnsembleSoft,0.05,6,5,0.8799594158006299,0.8568153337890181,1287,321,"{'Basal': 167, 'Her2': 180, 'LumA': 560, 'LumB': 380}","{'Basal': 42, 'Her2': 44, 'LumA': 140, 'LumB': 95}",4,False,0.9283276450511946,0.8888888888888888,0.9714285714285714,0.9015544041450777,0.8877551020408163,0.9157894736842105,0.7532467532467533,0.8787878787878788,0.6590909090909091,0.9367088607594937,1.0,0.8809523809523809,18053
classification,SimpleMean,EnsembleSoft,0.05,7,1,0.8751839107774637,0.8717627401837927,1286,322,"{'Basal': 167, 'Her2': 179, 'LumA': 560, 'LumB': 380}","{'Basal': 42, 'Her2': 45, 'LumA': 140, 'LumB': 95}",4,False,0.9117647058823529,0.9393939393939394,0.8857142857142857,0.8910891089108911,0.8411214953271028,0.9473684210526315,0.8260869565217391,0.8085106382978723,0.8444444444444444,0.8717948717948718,0.9444444444444444,0.8095238095238095,18054
classification,SimpleMean,EnsembleSoft,0.05,7,2,0.9089555304736401,0.8951649958228907,1286,322,"{'Basal': 167, 'Her2': 179, 'LumA': 560, 'LumB': 380}","{'Basal': 42, 'Her2': 45, 'LumA': 140, 'LumB': 95}",4,False,0.952054794520548,0.9144736842105263,0.9928571428571429,0.9247311827956989,0.945054945054945,0.9052631578947369,0.8433734939759037,0.9210526315789473,0.7777777777777778,0.9156626506024096,0.926829268292683,0.9047619047619048,18054
classification,SimpleMean,EnsembleSoft,0.05,7,3,0.8922868620762253,0.8907372598162072,1286,322,"{'Basal': 167, 'Her2': 179, 'LumA': 560, 'LumB': 380}","{'Basal': 42, 'Her2': 45, 'LumA': 140, 'LumB': 95}",4,False,0.9257950530035336,0.916083916083916,0.9357142857142857,0.8663101604278075,0.8804347826086957,0.8526315789473684,0.8131868131868132,0.8043478260869565,0.8222222222222222,0.963855421686747,0.975609756097561,0.9523809523809523,18054
classification,SimpleMean,EnsembleSoft,0.05,7,4,0.8709060343200519,0.8629844428143529,1287,321,"{'Basal': 168, 'Her2': 179, 'LumA': 560, 'LumB': 380}","{'Basal': 41, 'Her2': 45, 'LumA': 140, 'LumB': 95}",4,False,0.9148936170212766,0.9084507042253521,0.9214285714285714,0.8762886597938144,0.8585858585858586,0.8947368421052632,0.7674418604651163,0.8048780487804879,0.7333333333333333,0.925,0.9487179487179487,0.9024390243902439,18054
classification,SimpleMean,EnsembleSoft,0.05,7,5,0.864211245014739,0.8435634540897698,1287,321,"{'Basal': 167, 'Her2': 180, 'LumA': 560, 'LumB': 380}","{'Basal': 42, 'Her2': 44, 'LumA': 140, 'LumB': 95}",4,False,0.910958904109589,0.875,0.95,0.875,0.865979381443299,0.8842105263157894,0.7341772151898734,0.8285714285714286,0.6590909090909091,0.9367088607594937,1.0,0.8809523809523809,18054
classification,"KNN(k=5,dist)",EnsembleSoft,0.05,7,1,0.8710947183897039,0.869423558897243,1286,322,"{'Basal': 167, 'Her2': 179, 'LumA': 560, 'LumB': 380}","{'Basal': 42, 'Her2': 45, 'LumA': 140, 'LumB': 95}",4,False,0.9084249084249084,0.9323308270676691,0.8857142857142857,0.8743718592964824,0.8365384615384616,0.9157894736842105,0.8297872340425532,0.7959183673469388,0.8666666666666667,0.8717948717948718,0.9444444444444444,0.8095238095238095,18054
classification,"KNN(k=5,dist)",EnsembleSoft,0.05,7,2,0.9034509909114438,0.8881161236424395,1286,322,"{'Basal': 167, 'Her2': 179, 'LumA': 560, 'LumB': 380}","{'Basal': 42, 'Her2': 45, 'LumA': 140, 'LumB': 95}",4,False,0.9452054794520548,0.9078947368421053,0.9857142857142858,0.8983957219251337,0.9130434782608695,0.8842105263157894,0.8433734939759037,0.9210526315789473,0.7777777777777778,0.926829268292683,0.95,0.9047619047619048,18054
classification,"KNN(k=5,dist)",EnsembleSoft,0.05,7,3,0.8752102402937668,0.8679615705931495,1286,322,"{'Basal': 167, 'Her2': 179, 'LumA': 560, 'LumB': 380}","{'Basal': 42, 'Her2': 45, 'LumA': 140, 'LumB': 95}",4,False,0.9166666666666666,0.8918918918918919,0.9428571428571428,0.8387096774193549,0.8571428571428571,0.8210526315789474,0.7816091954022989,0.8095238095238095,0.7555555555555555,0.963855421686747,0.975609756097561,0.9523809523809523,18054
classification,"KNN(k=5,dist)",EnsembleSoft,0.05,7,4,0.8824340811572411,0.8744391466471056,1287,321,"{'Basal': 168, 'Her2': 179, 'LumA': 560, 'LumB': 380}","{'Basal': 41, 'Her2': 45, 'LumA': 140, 'LumB': 95}",4,False,0.9295774647887324,0.9166666666666666,0.9428571428571428,0.8854166666666666,0.8762886597938144,0.8947368421052632,0.7764705882352941,0.825,0.7333333333333333,0.9382716049382716,0.95,0.926829268292683,18054
classification,"KNN(k=5,dist)",EnsembleSoft,0.05,7,5,0.8673092630409222,0.8445033037138301,1287,321,"{'Basal': 167, 'Her2': 180, 'LumA': 560, 'LumB': 380}","{'Basal': 42, 'Her2': 44, 'LumA': 140, 'LumB': 95}",4,False,0.9152542372881356,0.8709677419354839,0.9642857142857143,0.8736842105263158,0.8736842105263158,0.8736842105263158,0.7435897435897436,0.8529411764705882,0.6590909090909091,0.9367088607594937,1.0,0.8809523809523809,18054
classification,RFECA_SVR(k=5),EnsembleSoft,0.05,7,1,0.8713698684190997,0.869423558897243,1286,322,"{'Basal': 167, 'Her2': 179, 'LumA': 560, 'LumB': 380}","{'Basal': 42, 'Her2': 45, 'LumA': 140, 'LumB': 95}",4,False,0.9051094890510949,0.9253731343283582,0.8857142857142857,0.8787878787878788,0.8446601941747572,0.9157894736842105,0.8297872340425532,0.7959183673469388,0.8666666666666667,0.8717948717948718,0.9444444444444444,0.8095238095238095,18054
classification,RFECA_SVR(k=5),EnsembleSoft,0.05,7,2,0.9045668195455726,0.8928258145363409,1286,322,"{'Basal': 167, 'Her2': 179, 'LumA': 560, 'LumB': 380}","{'Basal': 42, 'Her2': 45, 'LumA': 140, 'LumB': 95}",4,False,0.952054794520548,0.9144736842105263,0.9928571428571429,0.9021739130434783,0.9325842696629213,0.8736842105263158,0.8372093023255814,0.8780487804878049,0.8,0.926829268292683,0.95,0.9047619047619048,18054
classification,RFECA_SVR(k=5),EnsembleSoft,0.05,7,3,0.8759988660062821,0.8708855472013367,1286,322,"{'Basal': 167, 'Her2': 179, 'LumA': 560, 'LumB': 380}","{'Basal': 42, 'Her2': 45, 'LumA': 140, 'LumB': 95}",4,False,0.9166666666666666,0.8918918918918919,0.9428571428571428,0.8369565217391305,0.8651685393258427,0.8105263157894737,0.7865168539325843,0.7954545454545454,0.7777777777777778,0.963855421686747,0.975609756097561,0.9523809523809523,18054
classification,RFECA_SVR(k=5),EnsembleSoft,0.05,7,4,0.8735008554289021,0.8638303074760071,1287,321,"{'Basal': 168, 'Her2': 179, 'LumA': 560, 'LumB': 380}","{'Basal': 41, 'Her2': 45, 'LumA': 140, 'LumB': 95}",4,False,0.9078014184397163,0.9014084507042254,0.9142857142857143,0.882051282051282,0.86,0.9052631578947369,0.7674418604651163,0.8048780487804879,0.7333333333333333,0.9367088607594937,0.9736842105263158,0.9024390243902439,18054
classification,RFECA_SVR(k=5),EnsembleSoft,0.05,7,5,0.8624569901801747,0.8388214855320119,1287,321,"{'Basal': 167, 'Her2': 180, 'LumA': 560, 'LumB': 380}","{'Basal': 42, 'Her2': 44, 'LumA': 140, 'LumB': 95}",4,False,0.9121621621621622,0.8653846153846154,0.9642857142857143,0.8736842105263158,0.8736842105263158,0.8736842105263158,0.7272727272727273,0.8484848484848485,0.6363636363636364,0.9367088607594937,1.0,0.8809523809523809,18054
classification,RFECA_SVR(k=10),EnsembleSoft,0.05,7,1,0.8660507194829294,0.8638680033416875,1286,322,"{'Basal': 167, 'Her2': 179, 'LumA': 560, 'LumB': 380}","{'Basal': 42, 'Her2': 45, 'LumA': 140, 'LumB': 95}",4,False,0.9051094890510949,0.9253731343283582,0.8857142857142857,0.8787878787878788,0.8446601941747572,0.9157894736842105,0.8085106382978723,0.7755102040816326,0.8444444444444444,0.8717948717948718,0.9444444444444444,0.8095238095238095,18054
classification,RFECA_SVR(k=10),EnsembleSoft,0.05,7,2,0.9026303956715112,0.8899018379281538,1286,322,"{'Basal': 167, 'Her2': 179, 'LumA': 560, 'LumB': 380}","{'Basal': 42, 'Her2': 45, 'LumA': 140, 'LumB': 95}",4,False,0.952054794520548,0.9144736842105263,0.9928571428571429,0.9081081081081082,0.9333333333333333,0.8842105263157894,0.8235294117647058,0.875,0.7777777777777778,0.926829268292683,0.95,0.9047619047619048,18054
classification,RFECA_SVR(k=10),EnsembleSoft,0.05,7,3,0.8720530238822921,0.8679615705931495,1286,322,"{'Basal': 167, 'Her2': 179, 'LumA': 560, 'LumB': 380}","{'Basal': 42, 'Her2': 45, 'LumA': 140, 'LumB': 95}",4,False,0.9198606271777003,0.8979591836734694,0.9428571428571428,0.8432432432432433,0.8666666666666667,0.8210526315789474,0.7727272727272727,0.7906976744186046,0.7555555555555555,0.9523809523809523,0.9523809523809523,0.9523809523809523,18054
classification,RFECA_SVR(k=10),EnsembleSoft,0.05,7,4,0.873025039600896,0.8629844428143529,1287,321,"{'Basal': 168, 'Her2': 179, 'LumA': 560, 'LumB': 380}","{'Basal': 41, 'Her2': 45, 'LumA': 140, 'LumB': 95}",4,False,0.911660777385159,0.9020979020979021,0.9214285714285714,0.8762886597938144,0.8585858585858586,0.8947368421052632,0.7674418604651163,0.8048780487804879,0.7333333333333333,0.9367088607594937,0.9736842105263158,0.9024390243902439,18054
classification,RFECA_SVR(k=10),EnsembleSoft,0.05,7,5,0.8673092630409222,0.8445033037138301,1287,321,"{'Basal': 167, 'Her2': 180, 'LumA': 560, 'LumB': 380}","{'Basal': 42, 'Her2': 44, 'LumA': 140, 'LumB': 95}",4,False,0.9152542372881356,0.8709677419354839,0.9642857142857143,0.8736842105263158,0.8736842105263158,0.8736842105263158,0.7435897435897436,0.8529411764705882,0.6590909090909091,0.9367088607594937,1.0,0.8809523809523809,18054
classification,RFECA_SVR(k=20),EnsembleSoft,0.05,7,1,0.8696326931184999,0.866499582289056,1286,322,"{'Basal': 167, 'Her2': 179, 'LumA': 560, 'LumB': 380}","{'Basal': 42, 'Her2': 45, 'LumA': 140, 'LumB': 95}",4,False,0.9051094890510949,0.9253731343283582,0.8857142857142857,0.8844221105527639,0.8461538461538461,0.9263157894736842,0.8172043010752689,0.7916666666666666,0.8444444444444444,0.8717948717948718,0.9444444444444444,0.8095238095238095,18054
classification,RFECA_SVR(k=20),EnsembleSoft,0.05,7,2,0.8919108859656534,0.8786862990810359,1286,322,"{'Basal': 167, 'Her2': 179, 'LumA': 560, 'LumB': 380}","{'Basal': 42, 'Her2': 45, 'LumA': 140, 'LumB': 95}",4,False,0.9488054607508533,0.9084967320261438,0.9928571428571429,0.8913043478260869,0.9213483146067416,0.8631578947368421,0.813953488372093,0.8536585365853658,0.7777777777777778,0.9135802469135802,0.9487179487179487,0.8809523809523809,18054
classification,RFECA_SVR(k=20),EnsembleSoft,0.05,7,3,0.87871625731063,0.8735171261487051,1286,322,"{'Basal': 167, 'Her2': 179, 'LumA': 560, 'LumB': 380}","{'Basal': 42, 'Her2': 45, 'LumA': 140, 'LumB': 95}",4,False,0.9166666666666666,0.8918918918918919,0.9428571428571428,0.8478260869565217,0.8764044943820225,0.8210526315789474,0.7865168539325843,0.7954545454545454,0.7777777777777778,0.963855421686747,0.975609756097561,0.9523809523809523,18054
classification,RFECA_SVR(k=20),EnsembleSoft,0.05,7,4,0.8789570420142202,0.8682476007090898,1287,321,"{'Basal': 168, 'Her2': 179, 'LumA': 560, 'LumB': 380}","{'Basal': 41, 'Her2': 45, 'LumA': 140, 'LumB': 95}",4,False,0.9148936170212766,0.9084507042253521,0.9214285714285714,0.8877551020408163,0.8613861386138614,0.9157894736842105,0.7764705882352941,0.825,0.7333333333333333,0.9367088607594937,0.9736842105263158,0.9024390243902439,18054
classification,RFECA_SVR(k=20),EnsembleSoft,0.05,7,5,0.8695617757801184,0.8471348826611985,1287,321,"{'Basal': 167, 'Her2': 180, 'LumA': 560, 'LumB': 380}","{'Basal': 42, 'Her2': 44, 'LumA': 140, 'LumB': 95}",4,False,0.9183673469387755,0.8766233766233766,0.9642857142857143,0.8795811518324608,0.875,0.8842105263157894,0.7435897435897436,0.8529411764705882,0.6590909090909091,0.9367088607594937,1.0,0.8809523809523809,18054
classification,MissForest,EnsembleSoft,0.05,7,1,0.8692194901872321,0.8656537176274017,1286,322,"{'Basal': 167, 'Her2': 179, 'LumA': 560, 'LumB': 380}","{'Basal': 42, 'Her2': 45, 'LumA': 140, 'LumB': 95}",4,False,0.9090909090909091,0.9259259259259259,0.8928571428571429,0.8787878787878788,0.8446601941747572,0.9157894736842105,0.8172043010752689,0.7916666666666666,0.8444444444444444,0.8717948717948718,0.9444444444444444,0.8095238095238095,18054
classification,MissForest,EnsembleSoft,0.05,7,2,0.9049869641264324,0.8928258145363409,1286,322,"{'Basal': 167, 'Her2': 179, 'LumA': 560, 'LumB': 380}","{'Basal': 42, 'Her2': 45, 'LumA': 140, 'LumB': 95}",4,False,0.9488054607508533,0.9084967320261438,0.9928571428571429,0.907103825136612,0.9431818181818182,0.8736842105263158,0.8372093023255814,0.8780487804878049,0.8,0.926829268292683,0.95,0.9047619047619048,18054
classification,MissForest,EnsembleSoft,0.05,7,3,0.8796345234478887,0.8723788638262322,1286,322,"{'Basal': 167, 'Her2': 179, 'LumA': 560, 'LumB': 380}","{'Basal': 42, 'Her2': 45, 'LumA': 140, 'LumB': 95}",4,False,0.9236111111111112,0.8986486486486487,0.95,0.8494623655913979,0.8681318681318682,0.8315789473684211,0.7816091954022989,0.8095238095238095,0.7555555555555555,0.963855421686747,0.975609756097561,0.9523809523809523,18054
classification,MissForest,EnsembleSoft,0.05,7,4,0.8793948095252335,0.8708791796564581,1287,321,"{'Basal': 168, 'Her2': 179, 'LumA': 560, 'LumB': 380}","{'Basal': 41, 'Her2': 45, 'LumA': 140, 'LumB': 95}",4,False,0.9181494661921709,0.9148936170212766,0.9214285714285714,0.8979591836734694,0.8712871287128713,0.9263157894736842,0.7764705882352941,0.825,0.7333333333333333,0.925,0.9487179487179487,0.9024390243902439,18054
classification,MissForest,EnsembleSoft,0.05,7,5,0.8751344148627845,0.849766461608567,1287,321,"{'Basal': 167, 'Her2': 180, 'LumA': 560, 'LumB': 380}","{'Basal': 42, 'Her2': 44, 'LumA': 140, 'LumB': 95}",4,False,0.9152542372881356,0.8709677419354839,0.9642857142857143,0.8854166666666666,0.8762886597938144,0.8947368421052632,0.7631578947368421,0.90625,0.6590909090909091,0.9367088607594937,1.0,0.8809523809523809,18054
classification,SimpleMean,EnsembleSoft,0.05,8,1,0.8698791899656766,0.8643170426065163,1286,322,"{'Basal': 167, 'Her2': 179, 'LumA': 560, 'LumB': 380}","{'Basal': 42, 'Her2': 45, 'LumA': 140, 'LumB': 95}",4,False,0.9010989010989011,0.924812030075188,0.8785714285714286,0.8712871287128713,0.822429906542056,0.9263157894736842,0.8387096774193549,0.8125,0.8666666666666667,0.868421052631579,0.9705882352941176,0.7857142857142857,18055
classification,SimpleMean,EnsembleSoft,0.05,8,2,0.9077348336179286,0.8982873851294905,1286,322,"{'Basal': 167, 'Her2': 179, 'LumA': 560, 'LumB': 380}","{'Basal': 42, 'Her2': 45, 'LumA': 140, 'LumB': 95}",4,False,0.9444444444444444,0.918918918918919,0.9714285714285714,0.9090909090909091,0.9239130434782609,0.8947368421052632,0.8505747126436781,0.8809523809523809,0.8222222222222222,0.926829268292683,0.95,0.9047619047619048,18055
classification,SimpleMean,EnsembleSoft,0.05,8,3,0.8580481147231126,0.8537280701754385,1286,322,"{'Basal': 167, 'Her2': 179, 'LumA': 560, 'LumB': 380}","{'Basal': 42, 'Her2': 45, 'LumA': 140, 'LumB': 95}",4,False,0.911660777385159,0.9020979020979021,0.9214285714285714,0.8359788359788359,0.8404255319148937,0.8315789473684211,0.7333333333333333,0.7333333333333333,0.7333333333333333,0.9512195121951219,0.975,0.9285714285714286,18055
classification,SimpleMean,EnsembleSoft,0.05,8,4,0.8736877742398943,0.8636318947775945,1287,321,"{'Basal': 168, 'Her2': 179, 'LumA': 560, 'LumB': 380}","{'Basal': 41, 'Her2': 45, 'LumA': 140, 'LumB': 95}",4,False,0.9257950530035336,0.916083916083916,0.9357142857142857,0.882051282051282,0.86,0.9052631578947369,0.7619047619047619,0.8205128205128205,0.7111111111111111,0.925,0.9487179487179487,0.9024390243902439,18055
classification,SimpleMean,EnsembleSoft,0.05,8,5,0.8430857787849313,0.8234592162223742,1287,321,"{'Basal': 167, 'Her2': 180, 'LumA': 560, 'LumB': 380}","{'Basal': 42, 'Her2': 44, 'LumA': 140, 'LumB': 95}",4,False,0.9084745762711864,0.864516129032258,0.9571428571428572,0.8465608465608465,0.851063829787234,0.8421052631578947,0.6923076923076923,0.7941176470588235,0.6136363636363636,0.925,0.9736842105263158,0.8809523809523809,18055
classification,"KNN(k=5,dist)",EnsembleSoft,0.05,8,1,0.8596107055961071,0.8545948203842941,1286,322,"{'Basal': 167, 'Her2': 179, 'LumA': 560, 'LumB': 380}","{'Basal': 42, 'Her2': 45, 'LumA': 140, 'LumB': 95}",4,False,0.9051094890510949,0.9253731343283582,0.8857142857142857,0.88,0.8380952380952381,0.9263157894736842,0.8,0.76,0.8444444444444444,0.8533333333333334,0.9696969696969697,0.7619047619047619,18055
classification,"KNN(k=5,dist)",EnsembleSoft,0.05,8,2,0.9123743951869754,0.9021512113617377,1286,322,"{'Basal': 167, 'Her2': 179, 'LumA': 560, 'LumB': 380}","{'Basal': 42, 'Her2': 45, 'LumA': 140, 'LumB': 95}",4,False,0.9452054794520548,0.9078947368421053,0.9857142857142858,0.9120879120879121,0.9540229885057471,0.8736842105263158,0.8539325842696629,0.8636363636363636,0.8444444444444444,0.9382716049382716,0.9743589743589743,0.9047619047619048,18055
classification,"KNN(k=5,dist)",EnsembleSoft,0.05,8,3,0.8713037289571154,0.8667293233082706,1286,322,"{'Basal': 167, 'Her2': 179, 'LumA': 560, 'LumB': 380}","{'Basal': 42, 'Her2': 45, 'LumA': 140, 'LumB': 95}",4,False,0.9187279151943463,0.9090909090909091,0.9285714285714286,0.8526315789473684,0.8526315789473684,0.8526315789473684,0.75,0.7674418604651163,0.7333333333333333,0.963855421686747,0.975609756097561,0.9523809523809523,18055
classification,"KNN(k=5,dist)",EnsembleSoft,0.05,8,4,0.8823361823361824,0.8703769077164456,1287,321,"{'Basal': 168, 'Her2': 179, 'LumA': 560, 'LumB': 380}","{'Basal': 41, 'Her2': 45, 'LumA': 140, 'LumB': 95}",4,False,0.9333333333333333,0.9172413793103448,0.95,0.8923076923076924,0.87,0.9157894736842105,0.7654320987654321,0.8611111111111112,0.6888888888888889,0.9382716049382716,0.95,0.926829268292683,18055
classification,"KNN(k=5,dist)",EnsembleSoft,0.05,8,5,0.8680127591935078,0.8432387787650946,1287,321,"{'Basal': 167, 'Her2': 180, 'LumA': 560, 'LumB': 380}","{'Basal': 42, 'Her2': 44, 'LumA': 140, 'LumB': 95}",4,False,0.918918918918919,0.8717948717948718,0.9714285714285714,0.8795811518324608,0.875,0.8842105263157894,0.7368421052631579,0.875,0.6363636363636364,0.9367088607594937,1.0,0.8809523809523809,18055
classification,RFECA_SVR(k=5),EnsembleSoft,0.05,8,1,0.8590539462433826,0.8554406850459482,1286,322,"{'Basal': 167, 'Her2': 179, 'LumA': 560, 'LumB': 380}","{'Basal': 42, 'Her2': 45, 'LumA': 140, 'LumB': 95}",4,False,0.9044117647058824,0.9318181818181818,0.8785714285714286,0.8811881188118812,0.8317757009345794,0.9368421052631579,0.8085106382978723,0.7755102040816326,0.8444444444444444,0.8421052631578947,0.9411764705882353,0.7619047619047619,18055
classification,RFECA_SVR(k=5),EnsembleSoft,0.05,8,2,0.9042054868133631,0.8959482038429407,1286,322,"{'Basal': 167, 'Her2': 179, 'LumA': 560, 'LumB': 380}","{'Basal': 42, 'Her2': 45, 'LumA': 140, 'LumB': 95}",4,False,0.9379310344827586,0.9066666666666666,0.9714285714285714,0.8961748633879781,0.9318181818181818,0.8631578947368421,0.8444444444444444,0.8444444444444444,0.8444444444444444,0.9382716049382716,0.9743589743589743,0.9047619047619048,18055
classification,RFECA_SVR(k=5),EnsembleSoft,0.05,8,3,0.8757033960957598,0.8714390142021721,1286,322,"{'Basal': 167, 'Her2': 179, 'LumA': 560, 'LumB': 380}","{'Basal': 42, 'Her2': 45, 'LumA': 140, 'LumB': 95}",4,False,0.9192982456140351,0.903448275862069,0.9357142857142857,0.8556149732620321,0.8695652173913043,0.8421052631578947,0.7640449438202247,0.7727272727272727,0.7555555555555555,0.963855421686747,0.975609756097561,0.9523809523809523,18055
classification,RFECA_SVR(k=5),EnsembleSoft,0.05,8,4,0.8907617394887399,0.8806421541659026,1287,321,"{'Basal': 168, 'Her2': 179, 'LumA': 560, 'LumB': 380}","{'Basal': 41, 'Her2': 45, 'LumA': 140, 'LumB': 95}",4,False,0.9337979094076655,0.9115646258503401,0.9571428571428572,0.9052631578947369,0.9052631578947369,0.9052631578947369,0.7857142857142857,0.8461538461538461,0.7333333333333333,0.9382716049382716,0.95,0.926829268292683,18055
classification,RFECA_SVR(k=5),EnsembleSoft,0.05,8,5,0.8691222118497256,0.8493392572339941,1287,321,"{'Basal': 167, 'Her2': 180, 'LumA': 560, 'LumB': 380}","{'Basal': 42, 'Her2': 44, 'LumA': 140, 'LumB': 95}",4,False,0.9220338983050848,0.8774193548387097,0.9714285714285714,0.8770053475935828,0.8913043478260869,0.8631578947368421,0.7407407407407407,0.8108108108108109,0.6818181818181818,0.9367088607594937,1.0,0.8809523809523809,18055
classification,RFECA_SVR(k=10),EnsembleSoft,0.05,8,1,0.8537063230132537,0.8525584795321637,1286,322,"{'Basal': 167, 'Her2': 179, 'LumA': 560, 'LumB': 380}","{'Basal': 42, 'Her2': 45, 'LumA': 140, 'LumB': 95}",4,False,0.8962962962962963,0.9307692307692308,0.8642857142857143,0.8613861386138614,0.8130841121495327,0.9157894736842105,0.8,0.76,0.8444444444444444,0.8571428571428571,0.9428571428571428,0.7857142857142857,18055
classification,RFECA_SVR(k=10),EnsembleSoft,0.05,8,2,0.9059393854671385,0.8967940685045949,1286,322,"{'Basal': 167, 'Her2': 179, 'LumA': 560, 'LumB': 380}","{'Basal': 42, 'Her2': 45, 'LumA': 140, 'LumB': 95}",4,False,0.9342560553633218,0.9060402684563759,0.9642857142857143,0.8972972972972973,0.9222222222222223,0.8736842105263158,0.8539325842696629,0.8636363636363636,0.8444444444444444,0.9382716049382716,0.9743589743589743,0.9047619047619048,18055
classification,RFECA_SVR(k=10),EnsembleSoft,0.05,8,3,0.8657886553260641,0.8599310776942355,1286,322,"{'Basal': 167, 'Her2': 179, 'LumA': 560, 'LumB': 380}","{'Basal': 42, 'Her2': 45, 'LumA': 140, 'LumB': 95}",4,False,0.9192982456140351,0.903448275862069,0.9357142857142857,0.851063829787234,0.8602150537634409,0.8421052631578947,0.7415730337078652,0.75,0.7333333333333333,0.9512195121951219,0.975,0.9285714285714286,18055
classification,RFECA_SVR(k=10),EnsembleSoft,0.05,8,4,0.8878676290527965,0.8793984453002426,1287,321,"{'Basal': 168, 'Her2': 179, 'LumA': 560, 'LumB': 380}","{'Basal': 41, 'Her2': 45, 'LumA': 140, 'LumB': 95}",4,False,0.9333333333333333,0.9172413793103448,0.95,0.8958333333333334,0.8865979381443299,0.9052631578947369,0.7710843373493976,0.8421052631578947,0.7111111111111111,0.9512195121951219,0.9512195121951219,0.9512195121951219,18055
classification,RFECA_SVR(k=10),EnsembleSoft,0.05,8,5,0.8742720834265316,0.8535059239006607,1287,321,"{'Basal': 167, 'Her2': 180, 'LumA': 560, 'LumB': 380}","{'Basal': 42, 'Her2': 44, 'LumA': 140, 'LumB': 95}",4,False,0.9152542372881356,0.8709677419354839,0.9642857142857143,0.8723404255319149,0.8817204301075269,0.8631578947368421,0.759493670886076,0.8571428571428571,0.6818181818181818,0.95,1.0,0.9047619047619048,18055
classification,RFECA_SVR(k=20),EnsembleSoft,0.05,8,1,0.8816146887275325,0.8821741854636591,1286,322,"{'Basal': 167, 'Her2': 179, 'LumA': 560, 'LumB': 380}","{'Basal': 42, 'Her2': 45, 'LumA': 140, 'LumB': 95}",4,False,0.9077490774907749,0.9389312977099237,0.8785714285714286,0.88,0.8380952380952381,0.9263157894736842,0.8387096774193549,0.8125,0.8666666666666667,0.9,0.9473684210526315,0.8571428571428571,18055
classification,RFECA_SVR(k=20),EnsembleSoft,0.05,8,2,0.9098474575973925,0.8994256474519633,1286,322,"{'Basal': 167, 'Her2': 179, 'LumA': 560, 'LumB': 380}","{'Basal': 42, 'Her2': 45, 'LumA': 140, 'LumB': 95}",4,False,0.9342560553633218,0.9060402684563759,0.9642857142857143,0.9032258064516129,0.9230769230769231,0.8842105263157894,0.8636363636363636,0.8837209302325582,0.8444444444444444,0.9382716049382716,0.9743589743589743,0.9047619047619048,18055
classification,RFECA_SVR(k=20),EnsembleSoft,0.05,8,3,0.8727531016694644,0.8681182121971596,1286,322,"{'Basal': 167, 'Her2': 179, 'LumA': 560, 'LumB': 380}","{'Basal': 42, 'Her2': 45, 'LumA': 140, 'LumB': 95}",4,False,0.9225352112676056,0.9097222222222222,0.9357142857142857,0.8617021276595744,0.8709677419354839,0.8526315789473684,0.7555555555555555,0.7555555555555555,0.7555555555555555,0.9512195121951219,0.975,0.9285714285714286,18055
classification,RFECA_SVR(k=20),EnsembleSoft,0.05,8,4,0.8916487636378954,0.8820300242476109,1287,321,"{'Basal': 168, 'Her2': 179, 'LumA': 560, 'LumB': 380}","{'Basal': 41, 'Her2': 45, 'LumA': 140, 'LumB': 95}",4,False,0.9333333333333333,0.9172413793103448,0.95,0.9015544041450777,0.8877551020408163,0.9157894736842105,0.7804878048780488,0.8648648648648649,0.7111111111111111,0.9512195121951219,0.9512195121951219,0.9512195121951219,18055
classification,RFECA_SVR(k=20),EnsembleSoft,0.05,8,5,0.8767813297098859,0.8546024151287309,1287,321,"{'Basal': 167, 'Her2': 180, 'LumA': 560, 'LumB': 380}","{'Basal': 42, 'Her2': 44, 'LumA': 140, 'LumB': 95}",4,False,0.9220338983050848,0.8774193548387097,0.9714285714285714,0.8888888888888888,0.8936170212765957,0.8842105263157894,0.759493670886076,0.8571428571428571,0.6818181818181818,0.9367088607594937,1.0,0.8809523809523809,18055
classification,MissForest,EnsembleSoft,0.05,8,1,0.8530715793594946,0.8487886382623224,1286,322,"{'Basal': 167, 'Her2': 179, 'LumA': 560, 'LumB': 380}","{'Basal': 42, 'Her2': 45, 'LumA': 140, 'LumB': 95}",4,False,0.8937728937728938,0.9172932330827067,0.8714285714285714,0.8656716417910447,0.8207547169811321,0.9157894736842105,0.7956989247311828,0.7708333333333334,0.8222222222222222,0.8571428571428571,0.9428571428571428,0.7857142857142857,18055
classification,MissForest,EnsembleSoft,0.05,8,2,0.910222192589573,0.9003654970760234,1286,322,"{'Basal': 167, 'Her2': 179, 'LumA': 560, 'LumB': 380}","{'Basal': 42, 'Her2': 45, 'LumA': 140, 'LumB': 95}",4,False,0.9415807560137457,0.9072847682119205,0.9785714285714285,0.907103825136612,0.9431818181818182,0.8736842105263158,0.8539325842696629,0.8636363636363636,0.8444444444444444,0.9382716049382716,0.9743589743589743,0.9047619047619048,18055
classification,MissForest,EnsembleSoft,0.05,8,3,0.8757033960957598,0.8714390142021721,1286,322,"{'Basal': 167, 'Her2': 179, 'LumA': 560, 'LumB': 380}","{'Basal': 42, 'Her2': 45, 'LumA': 140, 'LumB': 95}",4,False,0.9192982456140351,0.903448275862069,0.9357142857142857,0.8556149732620321,0.8695652173913043,0.8421052631578947,0.7640449438202247,0.7727272727272727,0.7555555555555555,0.963855421686747,0.975609756097561,0.9523809523809523,18055
classification,MissForest,EnsembleSoft,0.05,8,4,0.8859941827101956,0.8721626220021599,1287,321,"{'Basal': 168, 'Her2': 179, 'LumA': 560, 'LumB': 380}","{'Basal': 41, 'Her2': 45, 'LumA': 140, 'LumB': 95}",4,False,0.9337979094076655,0.9115646258503401,0.9571428571428572,0.8969072164948454,0.8787878787878788,0.9157894736842105,0.775,0.8857142857142857,0.6888888888888889,0.9382716049382716,0.95,0.926829268292683,18055
classification,MissForest,EnsembleSoft,0.05,8,5,0.8689504966736813,0.8445033037138301,1287,321,"{'Basal': 167, 'Her2': 180, 'LumA': 560, 'LumB': 380}","{'Basal': 42, 'Her2': 44, 'LumA': 140, 'LumB': 95}",4,False,0.9121621621621622,0.8653846153846154,0.9642857142857143,0.8736842105263158,0.8736842105263158,0.8736842105263158,0.7532467532467533,0.8787878787878788,0.6590909090909091,0.9367088607594937,1.0,0.8809523809523809,18055
classification,SimpleMean,EnsembleSoft,0.05,9,1,0.8764683398771025,0.8720551378446115,1286,322,"{'Basal': 167, 'Her2': 179, 'LumA': 560, 'LumB': 380}","{'Basal': 42, 'Her2': 45, 'LumA': 140, 'LumB': 95}",4,False,0.9084249084249084,0.9323308270676691,0.8857142857142857,0.8756218905472637,0.8301886792452831,0.9263157894736842,0.8387096774193549,0.8125,0.8666666666666667,0.8831168831168831,0.9714285714285714,0.8095238095238095,18056
classification,SimpleMean,EnsembleSoft,0.05,9,2,0.9049912026605222,0.8917815371762741,1286,322,"{'Basal': 167, 'Her2': 179, 'LumA': 560, 'LumB': 380}","{'Basal': 42, 'Her2': 45, 'LumA': 140, 'LumB': 95}",4,False,0.9351535836177475,0.8954248366013072,0.9785714285714285,0.8961748633879781,0.9318181818181818,0.8631578947368421,0.8636363636363636,0.8837209302325582,0.8444444444444444,0.925,0.9736842105263158,0.8809523809523809,18056
classification,SimpleMean,EnsembleSoft,0.05,9,3,0.8842069795592411,0.8792293233082707,1286,322,"{'Basal': 167, 'Her2': 179, 'LumA': 560, 'LumB': 380}","{'Basal': 42, 'Her2': 45, 'LumA': 140, 'LumB': 95}",4,False,0.9192982456140351,0.903448275862069,0.9357142857142857,0.8663101604278075,0.8804347826086957,0.8526315789473684,0.8,0.8,0.8,0.9512195121951219,0.975,0.9285714285714286,18056
classification,SimpleMean,EnsembleSoft,0.05,9,4,0.8896920533734558,0.8877839925015791,1287,321,"{'Basal': 168, 'Her2': 179, 'LumA': 560, 'LumB': 380}","{'Basal': 41, 'Her2': 45, 'LumA': 140, 'LumB': 95}",4,False,0.9285714285714286,0.9285714285714286,0.9285714285714286,0.90625,0.8969072164948454,0.9157894736842105,0.7727272727272727,0.7906976744186046,0.7555555555555555,0.9512195121951219,0.9512195121951219,0.9512195121951219,18056
classification,SimpleMean,EnsembleSoft,0.05,9,5,0.8738964713874298,0.8535059239006607,1287,321,"{'Basal': 167, 'Her2': 180, 'LumA': 560, 'LumB': 380}","{'Basal': 42, 'Her2': 44, 'LumA': 140, 'LumB': 95}",4,False,0.9183673469387755,0.8766233766233766,0.9642857142857143,0.8677248677248677,0.8723404255319149,0.8631578947368421,0.759493670886076,0.8571428571428571,0.6818181818181818,0.95,1.0,0.9047619047619048,18056
classification,"KNN(k=5,dist)",EnsembleSoft,0.05,9,1,0.8614322927663528,0.8608395989974937,1286,322,"{'Basal': 167, 'Her2': 179, 'LumA': 560, 'LumB': 380}","{'Basal': 42, 'Her2': 45, 'LumA': 140, 'LumB': 95}",4,False,0.9117647058823529,0.9393939393939394,0.8857142857142857,0.864321608040201,0.8269230769230769,0.9052631578947369,0.8125,0.7647058823529411,0.8666666666666667,0.8571428571428571,0.9428571428571428,0.7857142857142857,18056
classification,"KNN(k=5,dist)",EnsembleSoft,0.05,9,2,0.9010257841998311,0.8877192982456141,1286,322,"{'Basal': 167, 'Her2': 179, 'LumA': 560, 'LumB': 380}","{'Basal': 42, 'Her2': 45, 'LumA': 140, 'LumB': 95}",4,False,0.9452054794520548,0.9078947368421053,0.9857142857142858,0.9081081081081082,0.9333333333333333,0.8842105263157894,0.8372093023255814,0.8780487804878049,0.8,0.9135802469135802,0.9487179487179487,0.8809523809523809,18056
classification,"KNN(k=5,dist)",EnsembleSoft,0.05,9,3,0.8734008353419906,0.8721804511278196,1286,322,"{'Basal': 167, 'Her2': 179, 'LumA': 560, 'LumB': 380}","{'Basal': 42, 'Her2': 45, 'LumA': 140, 'LumB': 95}",4,False,0.9187279151943463,0.9090909090909091,0.9285714285714286,0.8494623655913979,0.8681318681318682,0.8315789473684211,0.7741935483870968,0.75,0.8,0.9512195121951219,0.975,0.9285714285714286,18056
classification,"KNN(k=5,dist)",EnsembleSoft,0.05,9,4,0.8793945768655771,0.8734992970230455,1287,321,"{'Basal': 168, 'Her2': 179, 'LumA': 560, 'LumB': 380}","{'Basal': 41, 'Her2': 45, 'LumA': 140, 'LumB': 95}",4,False,0.9252669039145908,0.9219858156028369,0.9285714285714286,0.8865979381443299,0.8686868686868687,0.9052631578947369,0.7674418604651163,0.8048780487804879,0.7333333333333333,0.9382716049382716,0.95,0.926829268292683,18056
classification,"KNN(k=5,dist)",EnsembleSoft,0.05,9,5,0.8763544843496445,0.855291638186375,1287,321,"{'Basal': 167, 'Her2': 180, 'LumA': 560, 'LumB': 380}","{'Basal': 42, 'Her2': 44, 'LumA': 140, 'LumB': 95}",4,False,0.918918918918919,0.8717948717948718,0.9714285714285714,0.8770053475935828,0.8913043478260869,0.8631578947368421,0.759493670886076,0.8571428571428571,0.6818181818181818,0.95,1.0,0.9047619047619048,18056
classification,RFECA_SVR(k=5),EnsembleSoft,0.05,9,1,0.877005753080756,0.876764828738513,1286,322,"{'Basal': 167, 'Her2': 179, 'LumA': 560, 'LumB': 380}","{'Basal': 42, 'Her2': 45, 'LumA': 140, 'LumB': 95}",4,False,0.9124087591240876,0.9328358208955224,0.8928571428571429,0.8877551020408163,0.8613861386138614,0.9157894736842105,0.8247422680412371,0.7692307692307693,0.8888888888888888,0.8831168831168831,0.9714285714285714,0.8095238095238095,18056
classification,RFECA_SVR(k=5),EnsembleSoft,0.05,9,2,0.9010073427150603,0.8880116959064328,1286,322,"{'Basal': 167, 'Her2': 179, 'LumA': 560, 'LumB': 380}","{'Basal': 42, 'Her2': 45, 'LumA': 140, 'LumB': 95}",4,False,0.9387755102040817,0.8961038961038961,0.9857142857142858,0.9010989010989011,0.9425287356321839,0.8631578947368421,0.8505747126436781,0.8809523809523809,0.8222222222222222,0.9135802469135802,0.9487179487179487,0.8809523809523809,18056
classification,RFECA_SVR(k=5),EnsembleSoft,0.05,9,3,0.8802866247105001,0.8769945697577277,1286,322,"{'Basal': 167, 'Her2': 179, 'LumA': 560, 'LumB': 380}","{'Basal': 42, 'Her2': 45, 'LumA': 140, 'LumB': 95}",4,False,0.9192982456140351,0.903448275862069,0.9357142857142857,0.8602150537634409,0.8791208791208791,0.8421052631578947,0.7777777777777778,0.7777777777777778,0.7777777777777778,0.963855421686747,0.975609756097561,0.9523809523809523,18056
classification,RFECA_SVR(k=5),EnsembleSoft,0.05,9,4,0.8831593192390221,0.8799007172402551,1287,321,"{'Basal': 168, 'Her2': 179, 'LumA': 560, 'LumB': 380}","{'Basal': 41, 'Her2': 45, 'LumA': 140, 'LumB': 95}",4,False,0.9247311827956989,0.9280575539568345,0.9214285714285714,0.8969072164948454,0.8787878787878788,0.9157894736842105,0.7727272727272727,0.7906976744186046,0.7555555555555555,0.9382716049382716,0.95,0.926829268292683,18056
classification,RFECA_SVR(k=5),EnsembleSoft,0.05,9,5,0.8795212619460739,0.8579232171337434,1287,321,"{'Basal': 167, 'Her2': 180, 'LumA': 560, 'LumB': 380}","{'Basal': 42, 'Her2': 44, 'LumA': 140, 'LumB': 95}",4,False,0.9251700680272109,0.8831168831168831,0.9714285714285714,0.8736842105263158,0.8736842105263158,0.8736842105263158,0.7692307692307693,0.8823529411764706,0.6818181818181818,0.95,1.0,0.9047619047619048,18056
classification,RFECA_SVR(k=10),EnsembleSoft,0.05,9,1,0.8793904465825384,0.876764828738513,1286,322,"{'Basal': 167, 'Her2': 179, 'LumA': 560, 'LumB': 380}","{'Basal': 42, 'Her2': 45, 'LumA': 140, 'LumB': 95}",4,False,0.9090909090909091,0.9259259259259259,0.8928571428571429,0.883248730964467,0.8529411764705882,0.9157894736842105,0.8421052631578947,0.8,0.8888888888888888,0.8831168831168831,0.9714285714285714,0.8095238095238095,18056
classification,RFECA_SVR(k=10),EnsembleSoft,0.05,9,2,0.9067921989686838,0.8939640768588137,1286,322,"{'Basal': 167, 'Her2': 179, 'LumA': 560, 'LumB': 380}","{'Basal': 42, 'Her2': 45, 'LumA': 140, 'LumB': 95}",4,False,0.9387755102040817,0.8961038961038961,0.9857142857142858,0.9010989010989011,0.9425287356321839,0.8631578947368421,0.8604651162790697,0.9024390243902439,0.8222222222222222,0.926829268292683,0.95,0.9047619047619048,18056
classification,RFECA_SVR(k=10),EnsembleSoft,0.05,9,3,0.8707937221495711,0.8674707602339181,1286,322,"{'Basal': 167, 'Her2': 179, 'LumA': 560, 'LumB': 380}","{'Basal': 42, 'Her2': 45, 'LumA': 140, 'LumB': 95}",4,False,0.911660777385159,0.9020979020979021,0.9214285714285714,0.851063829787234,0.8602150537634409,0.8421052631578947,0.7692307692307693,0.7608695652173914,0.7777777777777778,0.9512195121951219,0.975,0.9285714285714286,18056
classification,RFECA_SVR(k=10),EnsembleSoft,0.05,9,4,0.8875580929657928,0.8859982782158649,1287,321,"{'Basal': 168, 'Her2': 179, 'LumA': 560, 'LumB': 380}","{'Basal': 41, 'Her2': 45, 'LumA': 140, 'LumB': 95}",4,False,0.9247311827956989,0.9280575539568345,0.9214285714285714,0.9015544041450777,0.8877551020408163,0.9157894736842105,0.7727272727272727,0.7906976744186046,0.7555555555555555,0.9512195121951219,0.9512195121951219,0.9512195121951219,18056
classification,RFECA_SVR(k=10),EnsembleSoft,0.05,9,5,0.8795212619460739,0.8579232171337434,1287,321,"{'Basal': 167, 'Her2': 180, 'LumA': 560, 'LumB': 380}","{'Basal': 42, 'Her2': 44, 'LumA': 140, 'LumB': 95}",4,False,0.9251700680272109,0.8831168831168831,0.9714285714285714,0.8736842105263158,0.8736842105263158,0.8736842105263158,0.7692307692307693,0.8823529411764706,0.6818181818181818,0.95,1.0,0.9047619047619048,18056
classification,RFECA_SVR(k=20),EnsembleSoft,0.05,9,1,0.8671453198504282,0.8650062656641604,1286,322,"{'Basal': 167, 'Her2': 179, 'LumA': 560, 'LumB': 380}","{'Basal': 42, 'Her2': 45, 'LumA': 140, 'LumB': 95}",4,False,0.9044117647058824,0.9318181818181818,0.8785714285714286,0.86,0.819047619047619,0.9052631578947369,0.8210526315789474,0.78,0.8666666666666667,0.8831168831168831,0.9714285714285714,0.8095238095238095,18056
classification,RFECA_SVR(k=20),EnsembleSoft,0.05,9,2,0.902526395428227,0.8903926482873852,1286,322,"{'Basal': 167, 'Her2': 179, 'LumA': 560, 'LumB': 380}","{'Basal': 42, 'Her2': 45, 'LumA': 140, 'LumB': 95}",4,False,0.9315068493150684,0.8947368421052632,0.9714285714285714,0.8913043478260869,0.9213483146067416,0.8631578947368421,0.8604651162790697,0.9024390243902439,0.8222222222222222,0.926829268292683,0.95,0.9047619047619048,18056
classification,RFECA_SVR(k=20),EnsembleSoft,0.05,9,3,0.8823517753379791,0.880764411027569,1286,322,"{'Basal': 167, 'Her2': 179, 'LumA': 560, 'LumB': 380}","{'Basal': 42, 'Her2': 45, 'LumA': 140, 'LumB': 95}",4,False,0.9187279151943463,0.9090909090909091,0.9285714285714286,0.8556149732620321,0.8695652173913043,0.8421052631578947,0.7912087912087912,0.782608695652174,0.8,0.963855421686747,0.975609756097561,0.9523809523809523,18056
classification,RFECA_SVR(k=20),EnsembleSoft,0.05,9,4,0.8828696502852096,0.8804427226603093,1287,321,"{'Basal': 168, 'Her2': 179, 'LumA': 560, 'LumB': 380}","{'Basal': 41, 'Her2': 45, 'LumA': 140, 'LumB': 95}",4,False,0.9247311827956989,0.9280575539568345,0.9214285714285714,0.8969072164948454,0.8787878787878788,0.9157894736842105,0.7586206896551724,0.7857142857142857,0.7333333333333333,0.9512195121951219,0.9512195121951219,0.9512195121951219,18056
classification,RFECA_SVR(k=20),EnsembleSoft,0.05,9,5,0.879892886460683,0.8579232171337434,1287,321,"{'Basal': 167, 'Her2': 180, 'LumA': 560, 'LumB': 380}","{'Basal': 42, 'Her2': 44, 'LumA': 140, 'LumB': 95}",4,False,0.9220338983050848,0.8774193548387097,0.9714285714285714,0.8783068783068783,0.8829787234042553,0.8736842105263158,0.7692307692307693,0.8823529411764706,0.6818181818181818,0.95,1.0,0.9047619047619048,18056
classification,MissForest,EnsembleSoft,0.05,9,1,0.8788348950449777,0.8738408521303258,1286,322,"{'Basal': 167, 'Her2': 179, 'LumA': 560, 'LumB': 380}","{'Basal': 42, 'Her2': 45, 'LumA': 140, 'LumB': 95}",4,False,0.9090909090909091,0.9259259259259259,0.8928571428571429,0.8844221105527639,0.8461538461538461,0.9263157894736842,0.8387096774193549,0.8125,0.8666666666666667,0.8831168831168831,0.9714285714285714,0.8095238095238095,18056
classification,MissForest,EnsembleSoft,0.05,9,2,0.9010073427150603,0.8880116959064328,1286,322,"{'Basal': 167, 'Her2': 179, 'LumA': 560, 'LumB': 380}","{'Basal': 42, 'Her2': 45, 'LumA': 140, 'LumB': 95}",4,False,0.9387755102040817,0.8961038961038961,0.9857142857142858,0.9010989010989011,0.9425287356321839,0.8631578947368421,0.8505747126436781,0.8809523809523809,0.8222222222222222,0.9135802469135802,0.9487179487179487,0.8809523809523809,18056
classification,MissForest,EnsembleSoft,0.05,9,3,0.8821041281409068,0.8799185463659148,1286,322,"{'Basal': 167, 'Her2': 179, 'LumA': 560, 'LumB': 380}","{'Basal': 42, 'Her2': 45, 'LumA': 140, 'LumB': 95}",4,False,0.9192982456140351,0.903448275862069,0.9357142857142857,0.8540540540540541,0.8777777777777778,0.8315789473684211,0.7912087912087912,0.782608695652174,0.8,0.963855421686747,0.975609756097561,0.9523809523809523,18056
classification,MissForest,EnsembleSoft,0.05,9,4,0.8864891645050099,0.8830743016076776,1287,321,"{'Basal': 168, 'Her2': 179, 'LumA': 560, 'LumB': 380}","{'Basal': 41, 'Her2': 45, 'LumA': 140, 'LumB': 95}",4,False,0.9247311827956989,0.9280575539568345,0.9214285714285714,0.9025641025641026,0.88,0.9263157894736842,0.7674418604651163,0.8048780487804879,0.7333333333333333,0.9512195121951219,0.9512195121951219,0.9512195121951219,18056
classification,MissForest,EnsembleSoft,0.05,9,5,0.8821528408934425,0.8605547960811119,1287,321,"{'Basal': 167, 'Her2': 180, 'LumA': 560, 'LumB': 380}","{'Basal': 42, 'Her2': 44, 'LumA': 140, 'LumB': 95}",4,False,0.9251700680272109,0.8831168831168831,0.9714285714285714,0.8842105263157894,0.8842105263157894,0.8842105263157894,0.7692307692307693,0.8823529411764706,0.6818181818181818,0.95,1.0,0.9047619047619048,18056
classification,SimpleMean,EnsembleSoft,0.1,0,1,0.8668961758906771,0.8680868838763576,1286,322,"{'Basal': 167, 'Her2': 179, 'LumA': 560, 'LumB': 380}","{'Basal': 42, 'Her2': 45, 'LumA': 140, 'LumB': 95}",4,False,0.9037037037037037,0.9384615384615385,0.8714285714285714,0.8756218905472637,0.8301886792452831,0.9263157894736842,0.8421052631578947,0.8,0.8888888888888888,0.8461538461538461,0.9166666666666666,0.7857142857142857,18052
classification,SimpleMean,EnsembleSoft,0.1,0,2,0.8680490703930399,0.8553153717627402,1286,322,"{'Basal': 167, 'Her2': 179, 'LumA': 560, 'LumB': 380}","{'Basal': 42, 'Her2': 45, 'LumA': 140, 'LumB': 95}",4,False,0.9288135593220339,0.8838709677419355,0.9785714285714285,0.8729281767955801,0.9186046511627907,0.8315789473684211,0.7954545454545454,0.813953488372093,0.7777777777777778,0.875,0.9210526315789473,0.8333333333333334,18052
classification,SimpleMean,EnsembleSoft,0.1,0,3,0.8712254388155767,0.8645363408521304,1286,322,"{'Basal': 167, 'Her2': 179, 'LumA': 560, 'LumB': 380}","{'Basal': 42, 'Her2': 45, 'LumA': 140, 'LumB': 95}",4,False,0.9198606271777003,0.8979591836734694,0.9428571428571428,0.8324324324324325,0.8555555555555555,0.8105263157894737,0.782608695652174,0.7659574468085106,0.8,0.95,1.0,0.9047619047619048,18052
classification,SimpleMean,EnsembleSoft,0.1,0,4,0.8730159710229223,0.8598620535077532,1287,321,"{'Basal': 168, 'Her2': 179, 'LumA': 560, 'LumB': 380}","{'Basal': 41, 'Her2': 45, 'LumA': 140, 'LumB': 95}",4,False,0.9263157894736842,0.9103448275862069,0.9428571428571428,0.882051282051282,0.86,0.9052631578947369,0.7469879518072289,0.8157894736842105,0.6888888888888889,0.9367088607594937,0.9736842105263158,0.9024390243902439,18052
classification,SimpleMean,EnsembleSoft,0.1,0,5,0.8812715751438772,0.8572339940760993,1287,321,"{'Basal': 167, 'Her2': 180, 'LumA': 560, 'LumB': 380}","{'Basal': 42, 'Her2': 44, 'LumA': 140, 'LumB': 95}",4,False,0.9283276450511946,0.8888888888888888,0.9714285714285714,0.8808290155440415,0.8673469387755102,0.8947368421052632,0.7792207792207793,0.9090909090909091,0.6818181818181818,0.9367088607594937,1.0,0.8809523809523809,18052
classification,"KNN(k=5,dist)",EnsembleSoft,0.1,0,1,0.8684489798505372,0.8666979949874687,1286,322,"{'Basal': 167, 'Her2': 179, 'LumA': 560, 'LumB': 380}","{'Basal': 42, 'Her2': 45, 'LumA': 140, 'LumB': 95}",4,False,0.8962962962962963,0.9307692307692308,0.8642857142857143,0.8669950738916257,0.8148148148148148,0.9263157894736842,0.8387096774193549,0.8125,0.8666666666666667,0.8717948717948718,0.9444444444444444,0.8095238095238095,18052
classification,"KNN(k=5,dist)",EnsembleSoft,0.1,0,2,0.906156570800899,0.8924707602339181,1286,322,"{'Basal': 167, 'Her2': 179, 'LumA': 560, 'LumB': 380}","{'Basal': 42, 'Her2': 45, 'LumA': 140, 'LumB': 95}",4,False,0.9288135593220339,0.8838709677419355,0.9785714285714285,0.8839779005524862,0.9302325581395349,0.8421052631578947,0.8735632183908046,0.9047619047619048,0.8444444444444444,0.9382716049382716,0.9743589743589743,0.9047619047619048,18052
classification,"KNN(k=5,dist)",EnsembleSoft,0.1,0,3,0.8759610678055287,0.8697994987468672,1286,322,"{'Basal': 167, 'Her2': 179, 'LumA': 560, 'LumB': 380}","{'Basal': 42, 'Her2': 45, 'LumA': 140, 'LumB': 95}",4,False,0.9263157894736842,0.9103448275862069,0.9428571428571428,0.8449197860962567,0.8586956521739131,0.8315789473684211,0.782608695652174,0.7659574468085106,0.8,0.95,1.0,0.9047619047619048,18052
classification,"KNN(k=5,dist)",EnsembleSoft,0.1,0,4,0.8662652960786967,0.8568326303563788,1287,321,"{'Basal': 168, 'Her2': 179, 'LumA': 560, 'LumB': 380}","{'Basal': 41, 'Her2': 45, 'LumA': 140, 'LumB': 95}",4,False,0.9219858156028369,0.9154929577464789,0.9285714285714286,0.8730964467005076,0.8431372549019608,0.9052631578947369,0.7317073170731707,0.8108108108108109,0.6666666666666666,0.9382716049382716,0.95,0.926829268292683,18052
classification,"KNN(k=5,dist)",EnsembleSoft,0.1,0,5,0.8771716777719648,0.8536625655046708,1287,321,"{'Basal': 167, 'Her2': 180, 'LumA': 560, 'LumB': 380}","{'Basal': 42, 'Her2': 44, 'LumA': 140, 'LumB': 95}",4,False,0.9209621993127147,0.8874172185430463,0.9571428571428572,0.8717948717948718,0.85,0.8947368421052632,0.7792207792207793,0.9090909090909091,0.6818181818181818,0.9367088607594937,1.0,0.8809523809523809,18052
classification,RFECA_SVR(k=5),EnsembleSoft,0.1,0,1,0.8734703339401043,0.8729010025062656,1286,322,"{'Basal': 167, 'Her2': 179, 'LumA': 560, 'LumB': 380}","{'Basal': 42, 'Her2': 45, 'LumA': 140, 'LumB': 95}",4,False,0.9111111111111111,0.9461538461538461,0.8785714285714286,0.8811881188118812,0.8317757009345794,0.9368421052631579,0.8297872340425532,0.7959183673469388,0.8666666666666667,0.8717948717948718,0.9444444444444444,0.8095238095238095,18052
classification,RFECA_SVR(k=5),EnsembleSoft,0.1,0,2,0.8909772995823442,0.8791771094402673,1286,322,"{'Basal': 167, 'Her2': 179, 'LumA': 560, 'LumB': 380}","{'Basal': 42, 'Her2': 45, 'LumA': 140, 'LumB': 95}",4,False,0.9283276450511946,0.8888888888888888,0.9714285714285714,0.8791208791208791,0.9195402298850575,0.8421052631578947,0.8314606741573034,0.8409090909090909,0.8222222222222222,0.925,0.9736842105263158,0.8809523809523809,18052
classification,RFECA_SVR(k=5),EnsembleSoft,0.1,0,3,0.8810351882160394,0.8724310776942357,1286,322,"{'Basal': 167, 'Her2': 179, 'LumA': 560, 'LumB': 380}","{'Basal': 42, 'Her2': 45, 'LumA': 140, 'LumB': 95}",4,False,0.9230769230769231,0.9041095890410958,0.9428571428571428,0.851063829787234,0.8602150537634409,0.8421052631578947,0.8,0.8,0.8,0.95,1.0,0.9047619047619048,18052
classification,RFECA_SVR(k=5),EnsembleSoft,0.1,0,4,0.8709266171215666,0.8630356378751758,1287,321,"{'Basal': 168, 'Her2': 179, 'LumA': 560, 'LumB': 380}","{'Basal': 41, 'Her2': 45, 'LumA': 140, 'LumB': 95}",4,False,0.9328621908127208,0.9230769230769231,0.9428571428571428,0.8923076923076924,0.87,0.9157894736842105,0.7317073170731707,0.8108108108108109,0.6666666666666666,0.926829268292683,0.926829268292683,0.926829268292683,18052
classification,RFECA_SVR(k=5),EnsembleSoft,0.1,0,5,0.8799464348436952,0.8557188425609479,1287,321,"{'Basal': 167, 'Her2': 180, 'LumA': 560, 'LumB': 380}","{'Basal': 42, 'Her2': 44, 'LumA': 140, 'LumB': 95}",4,False,0.9246575342465754,0.8881578947368421,0.9642857142857143,0.8717948717948718,0.85,0.8947368421052632,0.7733333333333333,0.9354838709677419,0.6590909090909091,0.95,1.0,0.9047619047619048,18052
classification,RFECA_SVR(k=10),EnsembleSoft,0.1,0,1,0.8595304648084422,0.8607456140350878,1286,322,"{'Basal': 167, 'Her2': 179, 'LumA': 560, 'LumB': 380}","{'Basal': 42, 'Her2': 45, 'LumA': 140, 'LumB': 95}",4,False,0.8996282527881041,0.937984496124031,0.8642857142857143,0.8712871287128713,0.822429906542056,0.9263157894736842,0.8210526315789474,0.78,0.8666666666666667,0.8461538461538461,0.9166666666666666,0.7857142857142857,18052
classification,RFECA_SVR(k=10),EnsembleSoft,0.1,0,2,0.8944498609396467,0.8822055137844612,1286,322,"{'Basal': 167, 'Her2': 179, 'LumA': 560, 'LumB': 380}","{'Basal': 42, 'Her2': 45, 'LumA': 140, 'LumB': 95}",4,False,0.9315068493150684,0.8947368421052632,0.9714285714285714,0.8804347826086957,0.9101123595505618,0.8526315789473684,0.8275862068965517,0.8571428571428571,0.8,0.9382716049382716,0.9743589743589743,0.9047619047619048,18052
classification,RFECA_SVR(k=10),EnsembleSoft,0.1,0,3,0.8710115229723072,0.8642439431913116,1286,322,"{'Basal': 167, 'Her2': 179, 'LumA': 560, 'LumB': 380}","{'Basal': 42, 'Her2': 45, 'LumA': 140, 'LumB': 95}",4,False,0.9230769230769231,0.9041095890410958,0.9428571428571428,0.8449197860962567,0.8586956521739131,0.8315789473684211,0.7777777777777778,0.7777777777777778,0.7777777777777778,0.9382716049382716,0.9743589743589743,0.9047619047619048,18052
classification,RFECA_SVR(k=10),EnsembleSoft,0.1,0,4,0.8744381373813999,0.866805479145017,1287,321,"{'Basal': 168, 'Her2': 179, 'LumA': 560, 'LumB': 380}","{'Basal': 41, 'Her2': 45, 'LumA': 140, 'LumB': 95}",4,False,0.9290780141843972,0.9225352112676056,0.9357142857142857,0.8923076923076924,0.87,0.9157894736842105,0.7380952380952381,0.7948717948717948,0.6888888888888889,0.9382716049382716,0.95,0.926829268292683,18052
classification,RFECA_SVR(k=10),EnsembleSoft,0.1,0,5,0.8847759018879475,0.861400660742766,1287,321,"{'Basal': 167, 'Her2': 180, 'LumA': 560, 'LumB': 380}","{'Basal': 42, 'Her2': 44, 'LumA': 140, 'LumB': 95}",4,False,0.9278350515463918,0.8940397350993378,0.9642857142857143,0.8717948717948718,0.85,0.8947368421052632,0.7894736842105263,0.9375,0.6818181818181818,0.95,1.0,0.9047619047619048,18052
classification,RFECA_SVR(k=20),EnsembleSoft,0.1,0,1,0.8735498234852478,0.8731934001670842,1286,322,"{'Basal': 167, 'Her2': 179, 'LumA': 560, 'LumB': 380}","{'Basal': 42, 'Her2': 45, 'LumA': 140, 'LumB': 95}",4,False,0.9077490774907749,0.9389312977099237,0.8785714285714286,0.87,0.8285714285714286,0.9157894736842105,0.8333333333333334,0.7843137254901961,0.8888888888888888,0.8831168831168831,0.9714285714285714,0.8095238095238095,18052
classification,RFECA_SVR(k=20),EnsembleSoft,0.1,0,2,0.9011110423937501,0.889546783625731,1286,322,"{'Basal': 167, 'Her2': 179, 'LumA': 560, 'LumB': 380}","{'Basal': 42, 'Her2': 45, 'LumA': 140, 'LumB': 95}",4,False,0.9351535836177475,0.8954248366013072,0.9785714285714285,0.8901098901098901,0.9310344827586207,0.8526315789473684,0.8409090909090909,0.8604651162790697,0.8222222222222222,0.9382716049382716,0.9743589743589743,0.9047619047619048,18052
classification,RFECA_SVR(k=20),EnsembleSoft,0.1,0,3,0.8726959726172944,0.8675647451963242,1286,322,"{'Basal': 167, 'Her2': 179, 'LumA': 560, 'LumB': 380}","{'Basal': 42, 'Her2': 45, 'LumA': 140, 'LumB': 95}",4,False,0.9230769230769231,0.9041095890410958,0.9428571428571428,0.8387096774193549,0.8571428571428571,0.8210526315789474,0.7777777777777778,0.7777777777777778,0.7777777777777778,0.9512195121951219,0.975,0.9285714285714286,18052
classification,RFECA_SVR(k=20),EnsembleSoft,0.1,0,4,0.8781443864473499,0.8691331988507853,1287,321,"{'Basal': 168, 'Her2': 179, 'LumA': 560, 'LumB': 380}","{'Basal': 41, 'Her2': 45, 'LumA': 140, 'LumB': 95}",4,False,0.9328621908127208,0.9230769230769231,0.9428571428571428,0.8877551020408163,0.8613861386138614,0.9157894736842105,0.7407407407407407,0.8333333333333334,0.6666666666666666,0.9512195121951219,0.9512195121951219,0.9512195121951219,18052
classification,RFECA_SVR(k=20),EnsembleSoft,0.1,0,5,0.8805329394013268,0.8579232171337434,1287,321,"{'Basal': 167, 'Her2': 180, 'LumA': 560, 'LumB': 380}","{'Basal': 42, 'Her2': 44, 'LumA': 140, 'LumB': 95}",4,False,0.9283276450511946,0.8888888888888888,0.9714285714285714,0.8645833333333334,0.8556701030927835,0.8736842105263158,0.7792207792207793,0.9090909090909091,0.6818181818181818,0.95,1.0,0.9047619047619048,18052
classification,MissForest,EnsembleSoft,0.1,0,1,0.8725726468601747,0.8682852965747703,1286,322,"{'Basal': 167, 'Her2': 179, 'LumA': 560, 'LumB': 380}","{'Basal': 42, 'Her2': 45, 'LumA': 140, 'LumB': 95}",4,False,0.9124087591240876,0.9328358208955224,0.8928571428571429,0.88,0.8380952380952381,0.9263157894736842,0.8260869565217391,0.8085106382978723,0.8444444444444444,0.8717948717948718,0.9444444444444444,0.8095238095238095,18052
classification,MissForest,EnsembleSoft,0.1,0,2,0.9048126175860696,0.8930242272347536,1286,322,"{'Basal': 167, 'Her2': 179, 'LumA': 560, 'LumB': 380}","{'Basal': 42, 'Her2': 45, 'LumA': 140, 'LumB': 95}",4,False,0.9379310344827586,0.9066666666666666,0.9714285714285714,0.8924731182795699,0.9120879120879121,0.8736842105263158,0.8505747126436781,0.8809523809523809,0.8222222222222222,0.9382716049382716,0.9743589743589743,0.9047619047619048,18052
classification,MissForest,EnsembleSoft,0.1,0,3,0.8758948954121316,0.8713345864661655,1286,322,"{'Basal': 167, 'Her2': 179, 'LumA': 560, 'LumB': 380}","{'Basal': 42, 'Her2': 45, 'LumA': 140, 'LumB': 95}",4,False,0.9192982456140351,0.903448275862069,0.9357142857142857,0.8387096774193549,0.8571428571428571,0.8210526315789474,0.782608695652174,0.7659574468085106,0.8,0.9629629629629629,1.0,0.9285714285714286,18052
classification,MissForest,EnsembleSoft,0.1,0,4,0.8834702463663904,0.8733008843246328,1287,321,"{'Basal': 168, 'Her2': 179, 'LumA': 560, 'LumB': 380}","{'Basal': 41, 'Her2': 45, 'LumA': 140, 'LumB': 95}",4,False,0.9333333333333333,0.9172413793103448,0.95,0.8911917098445595,0.8775510204081632,0.9052631578947369,0.7710843373493976,0.8421052631578947,0.7111111111111111,0.9382716049382716,0.95,0.926829268292683,18052
classification,MissForest,EnsembleSoft,0.1,0,5,0.879024927001871,0.8546024151287309,1287,321,"{'Basal': 167, 'Her2': 180, 'LumA': 560, 'LumB': 380}","{'Basal': 42, 'Her2': 44, 'LumA': 140, 'LumB': 95}",4,False,0.9251700680272109,0.8831168831168831,0.9714285714285714,0.875,0.865979381443299,0.8842105263157894,0.7792207792207793,0.9090909090909091,0.6818181818181818,0.9367088607594937,1.0,0.8809523809523809,18052
classification,SimpleMean,EnsembleSoft,0.1,1,1,0.8754666332941401,0.8723475355054302,1286,322,"{'Basal': 167, 'Her2': 179, 'LumA': 560, 'LumB': 380}","{'Basal': 42, 'Her2': 45, 'LumA': 140, 'LumB': 95}",4,False,0.9051094890510949,0.9253731343283582,0.8857142857142857,0.8686868686868687,0.8349514563106796,0.9052631578947369,0.8333333333333334,0.7843137254901961,0.8888888888888888,0.8947368421052632,1.0,0.8095238095238095,18053
classification,SimpleMean,EnsembleSoft,0.1,1,2,0.8915258510296358,0.8851294903926483,1286,322,"{'Basal': 167, 'Her2': 179, 'LumA': 560, 'LumB': 380}","{'Basal': 42, 'Her2': 45, 'LumA': 140, 'LumB': 95}",4,False,0.9379310344827586,0.9066666666666666,0.9714285714285714,0.8791208791208791,0.9195402298850575,0.8421052631578947,0.8222222222222222,0.8222222222222222,0.8222222222222222,0.926829268292683,0.95,0.9047619047619048,18053
classification,SimpleMean,EnsembleSoft,0.1,1,3,0.8893324804130744,0.8821010860484545,1286,322,"{'Basal': 167, 'Her2': 179, 'LumA': 560, 'LumB': 380}","{'Basal': 42, 'Her2': 45, 'LumA': 140, 'LumB': 95}",4,False,0.9198606271777003,0.8979591836734694,0.9428571428571428,0.8449197860962567,0.8586956521739131,0.8315789473684211,0.8045977011494253,0.8333333333333334,0.7777777777777778,0.9879518072289156,1.0,0.9761904761904762,18053
classification,SimpleMean,EnsembleSoft,0.1,1,4,0.8800147110273693,0.8729572916029913,1287,321,"{'Basal': 168, 'Her2': 179, 'LumA': 560, 'LumB': 380}","{'Basal': 41, 'Her2': 45, 'LumA': 140, 'LumB': 95}",4,False,0.9285714285714286,0.9285714285714286,0.9285714285714286,0.882051282051282,0.86,0.9052631578947369,0.7727272727272727,0.7906976744186046,0.7555555555555555,0.9367088607594937,0.9736842105263158,0.9024390243902439,18053
classification,SimpleMean,EnsembleSoft,0.1,1,5,0.8721805713025952,0.8500370243791296,1287,321,"{'Basal': 167, 'Her2': 180, 'LumA': 560, 'LumB': 380}","{'Basal': 42, 'Her2': 44, 'LumA': 140, 'LumB': 95}",4,False,0.9183673469387755,0.8766233766233766,0.9642857142857143,0.8854166666666666,0.8762886597938144,0.8947368421052632,0.7466666666666667,0.9032258064516129,0.6363636363636364,0.9382716049382716,0.9743589743589743,0.9047619047619048,18053
classification,"KNN(k=5,dist)",EnsembleSoft,0.1,1,1,0.8644615541591438,0.864609440267335,1286,322,"{'Basal': 167, 'Her2': 179, 'LumA': 560, 'LumB': 380}","{'Basal': 42, 'Her2': 45, 'LumA': 140, 'LumB': 95}",4,False,0.9044117647058824,0.9318181818181818,0.8785714285714286,0.8686868686868687,0.8349514563106796,0.9052631578947369,0.8163265306122449,0.7547169811320755,0.8888888888888888,0.868421052631579,0.9705882352941176,0.7857142857142857,18053
classification,"KNN(k=5,dist)",EnsembleSoft,0.1,1,2,0.8860710948055965,0.8748642439431913,1286,322,"{'Basal': 167, 'Her2': 179, 'LumA': 560, 'LumB': 380}","{'Basal': 42, 'Her2': 45, 'LumA': 140, 'LumB': 95}",4,False,0.9246575342465754,0.8881578947368421,0.9642857142857143,0.8804347826086957,0.9101123595505618,0.8526315789473684,0.8235294117647058,0.875,0.7777777777777778,0.9156626506024096,0.926829268292683,0.9047619047619048,18053
classification,"KNN(k=5,dist)",EnsembleSoft,0.1,1,3,0.8718623099785529,0.864640768588137,1286,322,"{'Basal': 167, 'Her2': 179, 'LumA': 560, 'LumB': 380}","{'Basal': 42, 'Her2': 45, 'LumA': 140, 'LumB': 95}",4,False,0.9230769230769231,0.9041095890410958,0.9428571428571428,0.8404255319148937,0.8494623655913979,0.8315789473684211,0.7727272727272727,0.7906976744186046,0.7555555555555555,0.9512195121951219,0.975,0.9285714285714286,18053
classification,"KNN(k=5,dist)",EnsembleSoft,0.1,1,4,0.8791919824814562,0.8720999653605559,1287,321,"{'Basal': 168, 'Her2': 179, 'LumA': 560, 'LumB': 380}","{'Basal': 41, 'Her2': 45, 'LumA': 140, 'LumB': 95}",4,False,0.9263157894736842,0.9103448275862069,0.9428571428571428,0.8677248677248677,0.8723404255319149,0.8631578947368421,0.7727272727272727,0.7906976744186046,0.7555555555555555,0.95,0.9743589743589743,0.926829268292683,18053
classification,"KNN(k=5,dist)",EnsembleSoft,0.1,1,5,0.8837446169181642,0.8596149464570517,1287,321,"{'Basal': 167, 'Her2': 180, 'LumA': 560, 'LumB': 380}","{'Basal': 42, 'Her2': 44, 'LumA': 140, 'LumB': 95}",4,False,0.9146757679180887,0.8758169934640523,0.9571428571428572,0.8808290155440415,0.8673469387755102,0.8947368421052632,0.7894736842105263,0.9375,0.6818181818181818,0.95,1.0,0.9047619047619048,18053
classification,RFECA_SVR(k=5),EnsembleSoft,0.1,1,1,0.8592114902641219,0.8552840434419382,1286,322,"{'Basal': 167, 'Her2': 179, 'LumA': 560, 'LumB': 380}","{'Basal': 42, 'Her2': 45, 'LumA': 140, 'LumB': 95}",4,False,0.9084249084249084,0.9323308270676691,0.8857142857142857,0.86,0.819047619047619,0.9052631578947369,0.8,0.76,0.8444444444444444,0.868421052631579,0.9705882352941176,0.7857142857142857,18053
classification,RFECA_SVR(k=5),EnsembleSoft,0.1,1,2,0.8863502122340158,0.8777882205513785,1286,322,"{'Basal': 167, 'Her2': 179, 'LumA': 560, 'LumB': 380}","{'Basal': 42, 'Her2': 45, 'LumA': 140, 'LumB': 95}",4,False,0.9278350515463918,0.8940397350993378,0.9642857142857143,0.8743169398907104,0.9090909090909091,0.8421052631578947,0.8275862068965517,0.8571428571428571,0.8,0.9156626506024096,0.926829268292683,0.9047619047619048,18053
classification,RFECA_SVR(k=5),EnsembleSoft,0.1,1,3,0.8770617763718493,0.8695071010860485,1286,322,"{'Basal': 167, 'Her2': 179, 'LumA': 560, 'LumB': 380}","{'Basal': 42, 'Her2': 45, 'LumA': 140, 'LumB': 95}",4,False,0.9263157894736842,0.9103448275862069,0.9428571428571428,0.8571428571428571,0.8617021276595744,0.8526315789473684,0.7865168539325843,0.7954545454545454,0.7777777777777778,0.9382716049382716,0.9743589743589743,0.9047619047619048,18053
classification,RFECA_SVR(k=5),EnsembleSoft,0.1,1,4,0.8815965643551851,0.8752850113087598,1287,321,"{'Basal': 168, 'Her2': 179, 'LumA': 560, 'LumB': 380}","{'Basal': 41, 'Her2': 45, 'LumA': 140, 'LumB': 95}",4,False,0.9357142857142857,0.9357142857142857,0.9357142857142857,0.882051282051282,0.86,0.9052631578947369,0.7586206896551724,0.7857142857142857,0.7333333333333333,0.95,0.9743589743589743,0.926829268292683,18053
classification,RFECA_SVR(k=5),EnsembleSoft,0.1,1,5,0.8823331042261464,0.8575045568466622,1287,321,"{'Basal': 167, 'Her2': 180, 'LumA': 560, 'LumB': 380}","{'Basal': 42, 'Her2': 44, 'LumA': 140, 'LumB': 95}",4,False,0.9251700680272109,0.8831168831168831,0.9714285714285714,0.8808290155440415,0.8673469387755102,0.8947368421052632,0.7733333333333333,0.9354838709677419,0.6590909090909091,0.95,1.0,0.9047619047619048,18053
classification,RFECA_SVR(k=10),EnsembleSoft,0.1,1,1,0.8519672910273484,0.8499269005847954,1286,322,"{'Basal': 167, 'Her2': 179, 'LumA': 560, 'LumB': 380}","{'Basal': 42, 'Her2': 45, 'LumA': 140, 'LumB': 95}",4,False,0.8962962962962963,0.9307692307692308,0.8642857142857143,0.8514851485148515,0.8037383177570093,0.9052631578947369,0.7916666666666666,0.7450980392156863,0.8444444444444444,0.868421052631579,0.9705882352941176,0.7857142857142857,18053
classification,RFECA_SVR(k=10),EnsembleSoft,0.1,1,2,0.8763316313973974,0.8696010860484544,1286,322,"{'Basal': 167, 'Her2': 179, 'LumA': 560, 'LumB': 380}","{'Basal': 42, 'Her2': 45, 'LumA': 140, 'LumB': 95}",4,False,0.9278350515463918,0.8940397350993378,0.9642857142857143,0.8681318681318682,0.9080459770114943,0.8315789473684211,0.8045977011494253,0.8333333333333334,0.7777777777777778,0.9047619047619048,0.9047619047619048,0.9047619047619048,18053
classification,RFECA_SVR(k=10),EnsembleSoft,0.1,1,3,0.887056548343331,0.881015037593985,1286,322,"{'Basal': 167, 'Her2': 179, 'LumA': 560, 'LumB': 380}","{'Basal': 42, 'Her2': 45, 'LumA': 140, 'LumB': 95}",4,False,0.9263157894736842,0.9103448275862069,0.9428571428571428,0.8617021276595744,0.8709677419354839,0.8526315789473684,0.8089887640449438,0.8181818181818182,0.8,0.9512195121951219,0.975,0.9285714285714286,18053
classification,RFECA_SVR(k=10),EnsembleSoft,0.1,1,4,0.8749667437532656,0.8682361391283087,1287,321,"{'Basal': 168, 'Her2': 179, 'LumA': 560, 'LumB': 380}","{'Basal': 41, 'Her2': 45, 'LumA': 140, 'LumB': 95}",4,False,0.9252669039145908,0.9219858156028369,0.9285714285714286,0.865979381443299,0.8484848484848485,0.8842105263157894,0.7586206896551724,0.7857142857142857,0.7333333333333333,0.95,0.9743589743589743,0.926829268292683,18053
classification,RFECA_SVR(k=10),EnsembleSoft,0.1,1,5,0.8605084745762712,0.8375569605832764,1287,321,"{'Basal': 167, 'Her2': 180, 'LumA': 560, 'LumB': 380}","{'Basal': 42, 'Her2': 44, 'LumA': 140, 'LumB': 95}",4,False,0.9220338983050848,0.8774193548387097,0.9714285714285714,0.875,0.865979381443299,0.8842105263157894,0.72,0.8709677419354839,0.6136363636363636,0.925,0.9736842105263158,0.8809523809523809,18053
classification,RFECA_SVR(k=20),EnsembleSoft,0.1,1,1,0.8533868603496007,0.8513157894736842,1286,322,"{'Basal': 167, 'Her2': 179, 'LumA': 560, 'LumB': 380}","{'Basal': 42, 'Her2': 45, 'LumA': 140, 'LumB': 95}",4,False,0.9003690036900369,0.9312977099236641,0.8714285714285714,0.8557213930348259,0.8113207547169812,0.9052631578947369,0.8041237113402062,0.75,0.8666666666666667,0.8533333333333334,0.9696969696969697,0.7619047619047619,18053
classification,RFECA_SVR(k=20),EnsembleSoft,0.1,1,2,0.8869876938607109,0.879281537176274,1286,322,"{'Basal': 167, 'Her2': 179, 'LumA': 560, 'LumB': 380}","{'Basal': 42, 'Her2': 45, 'LumA': 140, 'LumB': 95}",4,False,0.9379310344827586,0.9066666666666666,0.9714285714285714,0.8913043478260869,0.9213483146067416,0.8631578947368421,0.813953488372093,0.8536585365853658,0.7777777777777778,0.9047619047619048,0.9047619047619048,0.9047619047619048,18053
classification,RFECA_SVR(k=20),EnsembleSoft,0.1,1,3,0.8764332688252215,0.8701963241436926,1286,322,"{'Basal': 167, 'Her2': 179, 'LumA': 560, 'LumB': 380}","{'Basal': 42, 'Her2': 45, 'LumA': 140, 'LumB': 95}",4,False,0.9230769230769231,0.9041095890410958,0.9428571428571428,0.8449197860962567,0.8586956521739131,0.8315789473684211,0.7865168539325843,0.7954545454545454,0.7777777777777778,0.9512195121951219,0.975,0.9285714285714286,18053
classification,RFECA_SVR(k=20),EnsembleSoft,0.1,1,4,0.8778357650407418,0.8720059803981498,1287,321,"{'Basal': 168, 'Her2': 179, 'LumA': 560, 'LumB': 380}","{'Basal': 41, 'Her2': 45, 'LumA': 140, 'LumB': 95}",4,False,0.9181494661921709,0.9148936170212766,0.9214285714285714,0.8704663212435233,0.8571428571428571,0.8842105263157894,0.7727272727272727,0.7906976744186046,0.7555555555555555,0.95,0.9743589743589743,0.926829268292683,18053
classification,RFECA_SVR(k=20),EnsembleSoft,0.1,1,5,0.86234643411558,0.8384028252449306,1287,321,"{'Basal': 167, 'Her2': 180, 'LumA': 560, 'LumB': 380}","{'Basal': 42, 'Her2': 44, 'LumA': 140, 'LumB': 95}",4,False,0.9183673469387755,0.8766233766233766,0.9642857142857143,0.8762886597938144,0.8585858585858586,0.8947368421052632,0.7297297297297297,0.9,0.6136363636363636,0.925,0.9736842105263158,0.8809523809523809,18053
classification,MissForest,EnsembleSoft,0.1,1,1,0.8618792646673753,0.8576649958228906,1286,322,"{'Basal': 167, 'Her2': 179, 'LumA': 560, 'LumB': 380}","{'Basal': 42, 'Her2': 45, 'LumA': 140, 'LumB': 95}",4,False,0.8970588235294118,0.9242424242424242,0.8714285714285714,0.8557213930348259,0.8113207547169812,0.9052631578947369,0.8,0.76,0.8444444444444444,0.8947368421052632,1.0,0.8095238095238095,18053
classification,MissForest,EnsembleSoft,0.1,1,2,0.8837300022751847,0.8774958228905597,1286,322,"{'Basal': 167, 'Her2': 179, 'LumA': 560, 'LumB': 380}","{'Basal': 42, 'Her2': 45, 'LumA': 140, 'LumB': 95}",4,False,0.9342560553633218,0.9060402684563759,0.9642857142857143,0.8913043478260869,0.9213483146067416,0.8631578947368421,0.8045977011494253,0.8333333333333334,0.7777777777777778,0.9047619047619048,0.9047619047619048,0.9047619047619048,18053
classification,MissForest,EnsembleSoft,0.1,1,3,0.875433571512003,0.8686612364243943,1286,322,"{'Basal': 167, 'Her2': 179, 'LumA': 560, 'LumB': 380}","{'Basal': 42, 'Her2': 45, 'LumA': 140, 'LumB': 95}",4,False,0.9300699300699301,0.910958904109589,0.95,0.8556149732620321,0.8695652173913043,0.8421052631578947,0.7777777777777778,0.7777777777777778,0.7777777777777778,0.9382716049382716,0.9743589743589743,0.9047619047619048,18053
classification,MissForest,EnsembleSoft,0.1,1,4,0.8768172572779482,0.8708677180756771,1287,321,"{'Basal': 168, 'Her2': 179, 'LumA': 560, 'LumB': 380}","{'Basal': 41, 'Her2': 45, 'LumA': 140, 'LumB': 95}",4,False,0.9252669039145908,0.9219858156028369,0.9285714285714286,0.8762886597938144,0.8585858585858586,0.8947368421052632,0.7674418604651163,0.8048780487804879,0.7333333333333333,0.9382716049382716,0.95,0.926829268292683,18053
classification,MissForest,EnsembleSoft,0.1,1,5,0.8711738833073912,0.8465595807701071,1287,321,"{'Basal': 167, 'Her2': 180, 'LumA': 560, 'LumB': 380}","{'Basal': 42, 'Her2': 44, 'LumA': 140, 'LumB': 95}",4,False,0.918918918918919,0.8717948717948718,0.9714285714285714,0.8691099476439791,0.8645833333333334,0.8736842105263158,0.7466666666666667,0.9032258064516129,0.6363636363636364,0.95,1.0,0.9047619047619048,18053
classification,SimpleMean,EnsembleSoft,0.1,2,1,0.8709846182991963,0.8681913116123642,1286,322,"{'Basal': 167, 'Her2': 179, 'LumA': 560, 'LumB': 380}","{'Basal': 42, 'Her2': 45, 'LumA': 140, 'LumB': 95}",4,False,0.9037037037037037,0.9384615384615385,0.8714285714285714,0.8823529411764706,0.8256880733944955,0.9473684210526315,0.8260869565217391,0.8085106382978723,0.8444444444444444,0.8717948717948718,0.9444444444444444,0.8095238095238095,18054
classification,SimpleMean,EnsembleSoft,0.1,2,2,0.8849049144296876,0.8748224728487887,1286,322,"{'Basal': 167, 'Her2': 179, 'LumA': 560, 'LumB': 380}","{'Basal': 42, 'Her2': 45, 'LumA': 140, 'LumB': 95}",4,False,0.9448275862068966,0.9133333333333333,0.9785714285714285,0.9032258064516129,0.9230769230769231,0.8842105263157894,0.8,0.85,0.7555555555555555,0.891566265060241,0.9024390243902439,0.8809523809523809,18054
classification,SimpleMean,EnsembleSoft,0.1,2,3,0.8693522061686892,0.8613617376775272,1286,322,"{'Basal': 167, 'Her2': 179, 'LumA': 560, 'LumB': 380}","{'Basal': 42, 'Her2': 45, 'LumA': 140, 'LumB': 95}",4,False,0.9027777777777778,0.8783783783783784,0.9285714285714286,0.8279569892473119,0.8461538461538461,0.8105263157894737,0.7954545454545454,0.813953488372093,0.7777777777777778,0.9512195121951219,0.975,0.9285714285714286,18054
classification,SimpleMean,EnsembleSoft,0.1,2,4,0.8950139769270131,0.8915538337714204,1287,321,"{'Basal': 168, 'Her2': 179, 'LumA': 560, 'LumB': 380}","{'Basal': 41, 'Her2': 45, 'LumA': 140, 'LumB': 95}",4,False,0.9247311827956989,0.9280575539568345,0.9214285714285714,0.8969072164948454,0.8787878787878788,0.9157894736842105,0.7954545454545454,0.813953488372093,0.7777777777777778,0.9629629629629629,0.975,0.9512195121951219,18054
classification,SimpleMean,EnsembleSoft,0.1,2,5,0.8541633624107852,0.8319292549555708,1287,321,"{'Basal': 167, 'Her2': 180, 'LumA': 560, 'LumB': 380}","{'Basal': 42, 'Her2': 44, 'LumA': 140, 'LumB': 95}",4,False,0.9140893470790378,0.8807947019867549,0.95,0.8615384615384616,0.84,0.8842105263157894,0.717948717948718,0.8235294117647058,0.6363636363636364,0.9230769230769231,1.0,0.8571428571428571,18054
classification,"KNN(k=5,dist)",EnsembleSoft,0.1,2,1,0.8670270196145103,0.8641708437761069,1286,322,"{'Basal': 167, 'Her2': 179, 'LumA': 560, 'LumB': 380}","{'Basal': 42, 'Her2': 45, 'LumA': 140, 'LumB': 95}",4,False,0.8962962962962963,0.9307692307692308,0.8642857142857143,0.8725490196078431,0.8165137614678899,0.9368421052631579,0.8131868131868132,0.8043478260869565,0.8222222222222222,0.8860759493670886,0.9459459459459459,0.8333333333333334,18054
classification,"KNN(k=5,dist)",EnsembleSoft,0.1,2,2,0.8926937496550771,0.8803780284043442,1286,322,"{'Basal': 167, 'Her2': 179, 'LumA': 560, 'LumB': 380}","{'Basal': 42, 'Her2': 45, 'LumA': 140, 'LumB': 95}",4,False,0.9415807560137457,0.9072847682119205,0.9785714285714285,0.9032258064516129,0.9230769230769231,0.8842105263157894,0.8235294117647058,0.875,0.7777777777777778,0.9024390243902439,0.925,0.8809523809523809,18054
classification,"KNN(k=5,dist)",EnsembleSoft,0.1,2,3,0.8835780537527634,0.8769945697577277,1286,322,"{'Basal': 167, 'Her2': 179, 'LumA': 560, 'LumB': 380}","{'Basal': 42, 'Her2': 45, 'LumA': 140, 'LumB': 95}",4,False,0.9192982456140351,0.903448275862069,0.9357142857142857,0.8465608465608465,0.851063829787234,0.8421052631578947,0.8045977011494253,0.8333333333333334,0.7777777777777778,0.963855421686747,0.975609756097561,0.9523809523809523,18054
classification,"KNN(k=5,dist)",EnsembleSoft,0.1,2,4,0.8902570310765652,0.886009739796646,1287,321,"{'Basal': 168, 'Her2': 179, 'LumA': 560, 'LumB': 380}","{'Basal': 41, 'Her2': 45, 'LumA': 140, 'LumB': 95}",4,False,0.927536231884058,0.9411764705882353,0.9142857142857143,0.9045226130653267,0.8653846153846154,0.9473684210526315,0.7906976744186046,0.8292682926829268,0.7555555555555555,0.9382716049382716,0.95,0.926829268292683,18054
classification,"KNN(k=5,dist)",EnsembleSoft,0.1,2,5,0.8579837610816905,0.8352500569605833,1287,321,"{'Basal': 167, 'Her2': 180, 'LumA': 560, 'LumB': 380}","{'Basal': 42, 'Her2': 44, 'LumA': 140, 'LumB': 95}",4,False,0.9078498293515358,0.869281045751634,0.95,0.8601036269430051,0.8469387755102041,0.8736842105263158,0.7272727272727273,0.8484848484848485,0.6363636363636364,0.9367088607594937,1.0,0.8809523809523809,18054
classification,RFECA_SVR(k=5),EnsembleSoft,0.1,2,1,0.8703198861463415,0.8640664160401001,1286,322,"{'Basal': 167, 'Her2': 179, 'LumA': 560, 'LumB': 380}","{'Basal': 42, 'Her2': 45, 'LumA': 140, 'LumB': 95}",4,False,0.8864468864468864,0.9097744360902256,0.8642857142857143,0.8613861386138614,0.8130841121495327,0.9157894736842105,0.8387096774193549,0.8125,0.8666666666666667,0.8947368421052632,1.0,0.8095238095238095,18054
classification,RFECA_SVR(k=5),EnsembleSoft,0.1,2,2,0.8939183106716492,0.881422305764411,1286,322,"{'Basal': 167, 'Her2': 179, 'LumA': 560, 'LumB': 380}","{'Basal': 42, 'Her2': 45, 'LumA': 140, 'LumB': 95}",4,False,0.952054794520548,0.9144736842105263,0.9928571428571429,0.9139784946236559,0.9340659340659341,0.8947368421052632,0.8048780487804879,0.8918918918918919,0.7333333333333333,0.9047619047619048,0.9047619047619048,0.9047619047619048,18054
classification,RFECA_SVR(k=5),EnsembleSoft,0.1,2,3,0.878711450215122,0.8755012531328321,1286,322,"{'Basal': 167, 'Her2': 179, 'LumA': 560, 'LumB': 380}","{'Basal': 42, 'Her2': 45, 'LumA': 140, 'LumB': 95}",4,False,0.9122807017543859,0.896551724137931,0.9285714285714286,0.8387096774193549,0.8571428571428571,0.8210526315789474,0.8,0.8,0.8,0.963855421686747,0.975609756097561,0.9523809523809523,18054
classification,RFECA_SVR(k=5),EnsembleSoft,0.1,2,4,0.9004225179149059,0.8957215192452677,1287,321,"{'Basal': 168, 'Her2': 179, 'LumA': 560, 'LumB': 380}","{'Basal': 41, 'Her2': 45, 'LumA': 140, 'LumB': 95}",4,False,0.9219858156028369,0.9154929577464789,0.9285714285714286,0.900523560209424,0.8958333333333334,0.9052631578947369,0.8409090909090909,0.8604651162790697,0.8222222222222222,0.9382716049382716,0.95,0.926829268292683,18054
classification,RFECA_SVR(k=5),EnsembleSoft,0.1,2,5,0.8645283455410039,0.8406071998177261,1287,321,"{'Basal': 167, 'Her2': 180, 'LumA': 560, 'LumB': 380}","{'Basal': 42, 'Her2': 44, 'LumA': 140, 'LumB': 95}",4,False,0.9158249158249159,0.8662420382165605,0.9714285714285714,0.8783068783068783,0.8829787234042553,0.8736842105263158,0.7272727272727273,0.8484848484848485,0.6363636363636364,0.9367088607594937,1.0,0.8809523809523809,18054
classification,RFECA_SVR(k=10),EnsembleSoft,0.1,2,1,0.8670270196145103,0.8641708437761069,1286,322,"{'Basal': 167, 'Her2': 179, 'LumA': 560, 'LumB': 380}","{'Basal': 42, 'Her2': 45, 'LumA': 140, 'LumB': 95}",4,False,0.8962962962962963,0.9307692307692308,0.8642857142857143,0.8725490196078431,0.8165137614678899,0.9368421052631579,0.8131868131868132,0.8043478260869565,0.8222222222222222,0.8860759493670886,0.9459459459459459,0.8333333333333334,18054
classification,RFECA_SVR(k=10),EnsembleSoft,0.1,2,2,0.8797486144660678,0.8692669172932331,1286,322,"{'Basal': 167, 'Her2': 179, 'LumA': 560, 'LumB': 380}","{'Basal': 42, 'Her2': 45, 'LumA': 140, 'LumB': 95}",4,False,0.9480968858131488,0.9194630872483222,0.9785714285714285,0.8936170212765957,0.9032258064516129,0.8842105263157894,0.7857142857142857,0.8461538461538461,0.7333333333333333,0.891566265060241,0.9024390243902439,0.8809523809523809,18054
classification,RFECA_SVR(k=10),EnsembleSoft,0.1,2,3,0.8692859923051042,0.8661758563074352,1286,322,"{'Basal': 167, 'Her2': 179, 'LumA': 560, 'LumB': 380}","{'Basal': 42, 'Her2': 45, 'LumA': 140, 'LumB': 95}",4,False,0.9128919860627178,0.891156462585034,0.9357142857142857,0.8478260869565217,0.8764044943820225,0.8210526315789474,0.7640449438202247,0.7727272727272727,0.7555555555555555,0.9523809523809523,0.9523809523809523,0.9523809523809523,18054
classification,RFECA_SVR(k=10),EnsembleSoft,0.1,2,4,0.888467699562077,0.8796083195794364,1287,321,"{'Basal': 168, 'Her2': 179, 'LumA': 560, 'LumB': 380}","{'Basal': 41, 'Her2': 45, 'LumA': 140, 'LumB': 95}",4,False,0.9214285714285714,0.9214285714285714,0.9214285714285714,0.898989898989899,0.8640776699029126,0.9368421052631579,0.7951807228915663,0.868421052631579,0.7333333333333333,0.9382716049382716,0.95,0.926829268292683,18054
classification,RFECA_SVR(k=10),EnsembleSoft,0.1,2,5,0.8662857489249791,0.8453491683754842,1287,321,"{'Basal': 167, 'Her2': 180, 'LumA': 560, 'LumB': 380}","{'Basal': 42, 'Her2': 44, 'LumA': 140, 'LumB': 95}",4,False,0.9146757679180887,0.8758169934640523,0.9571428571428572,0.8795811518324608,0.875,0.8842105263157894,0.7341772151898734,0.8285714285714286,0.6590909090909091,0.9367088607594937,1.0,0.8809523809523809,18054
classification,RFECA_SVR(k=20),EnsembleSoft,0.1,2,1,0.8693843696306457,0.8655597326649958,1286,322,"{'Basal': 167, 'Her2': 179, 'LumA': 560, 'LumB': 380}","{'Basal': 42, 'Her2': 45, 'LumA': 140, 'LumB': 95}",4,False,0.9003690036900369,0.9312977099236641,0.8714285714285714,0.8768472906403941,0.8240740740740741,0.9368421052631579,0.8172043010752689,0.7916666666666666,0.8444444444444444,0.8831168831168831,0.9714285714285714,0.8095238095238095,18054
classification,RFECA_SVR(k=20),EnsembleSoft,0.1,2,2,0.8761366701434192,0.8657894736842106,1286,322,"{'Basal': 167, 'Her2': 179, 'LumA': 560, 'LumB': 380}","{'Basal': 42, 'Her2': 45, 'LumA': 140, 'LumB': 95}",4,False,0.9452054794520548,0.9078947368421053,0.9857142857142858,0.8913043478260869,0.9213483146067416,0.8631578947368421,0.7764705882352941,0.825,0.7333333333333333,0.891566265060241,0.9024390243902439,0.8809523809523809,18054
classification,RFECA_SVR(k=20),EnsembleSoft,0.1,2,3,0.8771050000114411,0.8721804511278196,1286,322,"{'Basal': 167, 'Her2': 179, 'LumA': 560, 'LumB': 380}","{'Basal': 42, 'Her2': 45, 'LumA': 140, 'LumB': 95}",4,False,0.9122807017543859,0.896551724137931,0.9285714285714286,0.8449197860962567,0.8586956521739131,0.8315789473684211,0.8,0.8,0.8,0.9512195121951219,0.975,0.9285714285714286,18054
classification,RFECA_SVR(k=20),EnsembleSoft,0.1,2,4,0.886576282131146,0.8769767406320679,1287,321,"{'Basal': 168, 'Her2': 179, 'LumA': 560, 'LumB': 380}","{'Basal': 41, 'Her2': 45, 'LumA': 140, 'LumB': 95}",4,False,0.9148936170212766,0.9084507042253521,0.9214285714285714,0.8979591836734694,0.8712871287128713,0.9263157894736842,0.7951807228915663,0.868421052631579,0.7333333333333333,0.9382716049382716,0.95,0.926829268292683,18054
classification,RFECA_SVR(k=20),EnsembleSoft,0.1,2,5,0.8693811003937587,0.8462890179995444,1287,321,"{'Basal': 167, 'Her2': 180, 'LumA': 560, 'LumB': 380}","{'Basal': 42, 'Her2': 44, 'LumA': 140, 'LumB': 95}",4,False,0.918918918918919,0.8717948717948718,0.9714285714285714,0.8783068783068783,0.8829787234042553,0.8736842105263158,0.7435897435897436,0.8529411764705882,0.6590909090909091,0.9367088607594937,1.0,0.8809523809523809,18054
classification,MissForest,EnsembleSoft,0.1,2,1,0.8769504268145402,0.8744360902255639,1286,322,"{'Basal': 167, 'Her2': 179, 'LumA': 560, 'LumB': 380}","{'Basal': 42, 'Her2': 45, 'LumA': 140, 'LumB': 95}",4,False,0.9003690036900369,0.9312977099236641,0.8714285714285714,0.8712871287128713,0.822429906542056,0.9263157894736842,0.8387096774193549,0.8125,0.8666666666666667,0.8974358974358975,0.9722222222222222,0.8333333333333334,18054
classification,MissForest,EnsembleSoft,0.1,2,2,0.8845431210885432,0.8755116959064327,1286,322,"{'Basal': 167, 'Her2': 179, 'LumA': 560, 'LumB': 380}","{'Basal': 42, 'Her2': 45, 'LumA': 140, 'LumB': 95}",4,False,0.9383561643835616,0.9013157894736842,0.9785714285714285,0.8961748633879781,0.9318181818181818,0.8631578947368421,0.8095238095238095,0.8717948717948718,0.7555555555555555,0.8941176470588236,0.8837209302325582,0.9047619047619048,18054
classification,MissForest,EnsembleSoft,0.1,2,3,0.8699745506088524,0.8643901420217209,1286,322,"{'Basal': 167, 'Her2': 179, 'LumA': 560, 'LumB': 380}","{'Basal': 42, 'Her2': 45, 'LumA': 140, 'LumB': 95}",4,False,0.9090909090909091,0.8904109589041096,0.9285714285714286,0.8342245989304813,0.8478260869565217,0.8210526315789474,0.7727272727272727,0.7906976744186046,0.7555555555555555,0.963855421686747,0.975609756097561,0.9523809523809523,18054
classification,MissForest,EnsembleSoft,0.1,2,4,0.8847793673999813,0.8752850113087598,1287,321,"{'Basal': 168, 'Her2': 179, 'LumA': 560, 'LumB': 380}","{'Basal': 41, 'Her2': 45, 'LumA': 140, 'LumB': 95}",4,False,0.9192982456140351,0.903448275862069,0.9357142857142857,0.8958333333333334,0.8865979381443299,0.9052631578947369,0.7857142857142857,0.8461538461538461,0.7333333333333333,0.9382716049382716,0.95,0.926829268292683,18054
classification,MissForest,EnsembleSoft,0.1,2,5,0.8685554674943635,0.8440846434267487,1287,321,"{'Basal': 167, 'Her2': 180, 'LumA': 560, 'LumB': 380}","{'Basal': 42, 'Her2': 44, 'LumA': 140, 'LumB': 95}",4,False,0.9152542372881356,0.8709677419354839,0.9642857142857143,0.8854166666666666,0.8762886597938144,0.8947368421052632,0.7368421052631579,0.875,0.6363636363636364,0.9367088607594937,1.0,0.8809523809523809,18054
classification,SimpleMean,EnsembleSoft,0.1,3,1,0.8535718353581199,0.8501775271512113,1286,322,"{'Basal': 167, 'Her2': 179, 'LumA': 560, 'LumB': 380}","{'Basal': 42, 'Her2': 45, 'LumA': 140, 'LumB': 95}",4,False,0.8978102189781022,0.917910447761194,0.8785714285714286,0.8743718592964824,0.8365384615384616,0.9157894736842105,0.8,0.76,0.8444444444444444,0.8421052631578947,0.9411764705882353,0.7619047619047619,18055
classification,SimpleMean,EnsembleSoft,0.1,3,2,0.909161242850034,0.897733918128655,1286,322,"{'Basal': 167, 'Her2': 179, 'LumA': 560, 'LumB': 380}","{'Basal': 42, 'Her2': 45, 'LumA': 140, 'LumB': 95}",4,False,0.9351535836177475,0.8954248366013072,0.9785714285714285,0.9010989010989011,0.9425287356321839,0.8631578947368421,0.8735632183908046,0.9047619047619048,0.8444444444444444,0.926829268292683,0.95,0.9047619047619048,18055
classification,SimpleMean,EnsembleSoft,0.1,3,3,0.8608475962001942,0.8575918964076858,1286,322,"{'Basal': 167, 'Her2': 179, 'LumA': 560, 'LumB': 380}","{'Basal': 42, 'Her2': 45, 'LumA': 140, 'LumB': 95}",4,False,0.916083916083916,0.8972602739726028,0.9357142857142857,0.8369565217391305,0.8651685393258427,0.8105263157894737,0.7391304347826086,0.723404255319149,0.7555555555555555,0.9512195121951219,0.975,0.9285714285714286,18055
classification,SimpleMean,EnsembleSoft,0.1,3,4,0.8811369113402854,0.8747430058887056,1287,321,"{'Basal': 168, 'Her2': 179, 'LumA': 560, 'LumB': 380}","{'Basal': 41, 'Her2': 45, 'LumA': 140, 'LumB': 95}",4,False,0.9290780141843972,0.9225352112676056,0.9357142857142857,0.8911917098445595,0.8775510204081632,0.9052631578947369,0.7906976744186046,0.8292682926829268,0.7555555555555555,0.9135802469135802,0.925,0.9024390243902439,18055
classification,SimpleMean,EnsembleSoft,0.1,3,5,0.8409103881278539,0.8230405559352928,1287,321,"{'Basal': 167, 'Her2': 180, 'LumA': 560, 'LumB': 380}","{'Basal': 42, 'Her2': 44, 'LumA': 140, 'LumB': 95}",4,False,0.9178082191780822,0.881578947368421,0.9571428571428572,0.8541666666666666,0.845360824742268,0.8631578947368421,0.6666666666666666,0.7647058823529411,0.5909090909090909,0.925,0.9736842105263158,0.8809523809523809,18055
classification,"KNN(k=5,dist)",EnsembleSoft,0.1,3,1,0.866039033100727,0.862531328320802,1286,322,"{'Basal': 167, 'Her2': 179, 'LumA': 560, 'LumB': 380}","{'Basal': 42, 'Her2': 45, 'LumA': 140, 'LumB': 95}",4,False,0.9003690036900369,0.9312977099236641,0.8714285714285714,0.8712871287128713,0.822429906542056,0.9263157894736842,0.8125,0.7647058823529411,0.8666666666666667,0.88,1.0,0.7857142857142857,18055
classification,"KNN(k=5,dist)",EnsembleSoft,0.1,3,2,0.9090160544696417,0.8948099415204679,1286,322,"{'Basal': 167, 'Her2': 179, 'LumA': 560, 'LumB': 380}","{'Basal': 42, 'Her2': 45, 'LumA': 140, 'LumB': 95}",4,False,0.9351535836177475,0.8954248366013072,0.9785714285714285,0.9021739130434783,0.9325842696629213,0.8736842105263158,0.8604651162790697,0.9024390243902439,0.8222222222222222,0.9382716049382716,0.9743589743589743,0.9047619047619048,18055
classification,"KNN(k=5,dist)",EnsembleSoft,0.1,3,3,0.8637115875525782,0.8581453634085212,1286,322,"{'Basal': 167, 'Her2': 179, 'LumA': 560, 'LumB': 380}","{'Basal': 42, 'Her2': 45, 'LumA': 140, 'LumB': 95}",4,False,0.9154929577464789,0.9027777777777778,0.9285714285714286,0.8465608465608465,0.851063829787234,0.8421052631578947,0.7415730337078652,0.75,0.7333333333333333,0.9512195121951219,0.975,0.9285714285714286,18055
classification,"KNN(k=5,dist)",EnsembleSoft,0.1,3,4,0.8840947204501051,0.8752850113087598,1287,321,"{'Basal': 168, 'Her2': 179, 'LumA': 560, 'LumB': 380}","{'Basal': 41, 'Her2': 45, 'LumA': 140, 'LumB': 95}",4,False,0.9257950530035336,0.916083916083916,0.9357142857142857,0.8865979381443299,0.8686868686868687,0.9052631578947369,0.7857142857142857,0.8461538461538461,0.7333333333333333,0.9382716049382716,0.95,0.926829268292683,18055
classification,"KNN(k=5,dist)",EnsembleSoft,0.1,3,5,0.8626637873403469,0.8399379129642288,1287,321,"{'Basal': 167, 'Her2': 180, 'LumA': 560, 'LumB': 380}","{'Basal': 42, 'Her2': 44, 'LumA': 140, 'LumB': 95}",4,False,0.9146757679180887,0.8758169934640523,0.9571428571428572,0.865979381443299,0.8484848484848485,0.8842105263157894,0.72,0.8709677419354839,0.6136363636363636,0.95,1.0,0.9047619047619048,18055
classification,RFECA_SVR(k=5),EnsembleSoft,0.1,3,1,0.8587252770512253,0.852360066833751,1286,322,"{'Basal': 167, 'Her2': 179, 'LumA': 560, 'LumB': 380}","{'Basal': 42, 'Her2': 45, 'LumA': 140, 'LumB': 95}",4,False,0.9051094890510949,0.9253731343283582,0.8857142857142857,0.8656716417910447,0.8207547169811321,0.9157894736842105,0.7956989247311828,0.7708333333333334,0.8222222222222222,0.868421052631579,0.9705882352941176,0.7857142857142857,18055
classification,RFECA_SVR(k=5),EnsembleSoft,0.1,3,2,0.8968268542055702,0.8859753550543025,1286,322,"{'Basal': 167, 'Her2': 179, 'LumA': 560, 'LumB': 380}","{'Basal': 42, 'Her2': 45, 'LumA': 140, 'LumB': 95}",4,False,0.9246575342465754,0.8881578947368421,0.9642857142857143,0.8852459016393442,0.9204545454545454,0.8526315789473684,0.8505747126436781,0.8809523809523809,0.8222222222222222,0.926829268292683,0.95,0.9047619047619048,18055
classification,RFECA_SVR(k=5),EnsembleSoft,0.1,3,3,0.86146847299384,0.85843776106934,1286,322,"{'Basal': 167, 'Her2': 179, 'LumA': 560, 'LumB': 380}","{'Basal': 42, 'Her2': 45, 'LumA': 140, 'LumB': 95}",4,False,0.9122807017543859,0.896551724137931,0.9285714285714286,0.8432432432432433,0.8666666666666667,0.8210526315789474,0.7391304347826086,0.723404255319149,0.7555555555555555,0.9512195121951219,0.975,0.9285714285714286,18055
classification,RFECA_SVR(k=5),EnsembleSoft,0.1,3,4,0.8765196247744241,0.8672033233490231,1287,321,"{'Basal': 168, 'Her2': 179, 'LumA': 560, 'LumB': 380}","{'Basal': 41, 'Her2': 45, 'LumA': 140, 'LumB': 95}",4,False,0.9300699300699301,0.910958904109589,0.95,0.900523560209424,0.8958333333333334,0.9052631578947369,0.7619047619047619,0.8205128205128205,0.7111111111111111,0.9135802469135802,0.925,0.9024390243902439,18055
classification,RFECA_SVR(k=5),EnsembleSoft,0.1,3,5,0.8625209485503604,0.8412964228753702,1287,321,"{'Basal': 167, 'Her2': 180, 'LumA': 560, 'LumB': 380}","{'Basal': 42, 'Her2': 44, 'LumA': 140, 'LumB': 95}",4,False,0.9158249158249159,0.8662420382165605,0.9714285714285714,0.8663101604278075,0.8804347826086957,0.8526315789473684,0.717948717948718,0.8235294117647058,0.6363636363636364,0.95,1.0,0.9047619047619048,18055
classification,RFECA_SVR(k=10),EnsembleSoft,0.1,3,1,0.8597542569659442,0.8583646616541354,1286,322,"{'Basal': 167, 'Her2': 179, 'LumA': 560, 'LumB': 380}","{'Basal': 42, 'Her2': 45, 'LumA': 140, 'LumB': 95}",4,False,0.9044117647058824,0.9318181818181818,0.8785714285714286,0.88,0.8380952380952381,0.9263157894736842,0.8125,0.7647058823529411,0.8666666666666667,0.8421052631578947,0.9411764705882353,0.7619047619047619,18055
classification,RFECA_SVR(k=10),EnsembleSoft,0.1,3,2,0.9052128796648289,0.8930242272347536,1286,322,"{'Basal': 167, 'Her2': 179, 'LumA': 560, 'LumB': 380}","{'Basal': 42, 'Her2': 45, 'LumA': 140, 'LumB': 95}",4,False,0.9347079037800687,0.9006622516556292,0.9714285714285714,0.8972972972972973,0.9222222222222223,0.8736842105263158,0.8505747126436781,0.8809523809523809,0.8222222222222222,0.9382716049382716,0.9743589743589743,0.9047619047619048,18055
classification,RFECA_SVR(k=10),EnsembleSoft,0.1,3,3,0.8694151537380035,0.8625626566416039,1286,322,"{'Basal': 167, 'Her2': 179, 'LumA': 560, 'LumB': 380}","{'Basal': 42, 'Her2': 45, 'LumA': 140, 'LumB': 95}",4,False,0.9192982456140351,0.903448275862069,0.9357142857142857,0.8571428571428571,0.8617021276595744,0.8526315789473684,0.75,0.7674418604651163,0.7333333333333333,0.9512195121951219,0.975,0.9285714285714286,18055
classification,RFECA_SVR(k=10),EnsembleSoft,0.1,3,4,0.8739915857267323,0.865959614483363,1287,321,"{'Basal': 168, 'Her2': 179, 'LumA': 560, 'LumB': 380}","{'Basal': 41, 'Her2': 45, 'LumA': 140, 'LumB': 95}",4,False,0.9263157894736842,0.9103448275862069,0.9428571428571428,0.8958333333333334,0.8865979381443299,0.9052631578947369,0.7469879518072289,0.8157894736842105,0.6888888888888889,0.926829268292683,0.926829268292683,0.926829268292683,18055
classification,RFECA_SVR(k=10),EnsembleSoft,0.1,3,5,0.8708792879734004,0.8491911597174755,1287,321,"{'Basal': 167, 'Her2': 180, 'LumA': 560, 'LumB': 380}","{'Basal': 42, 'Her2': 44, 'LumA': 140, 'LumB': 95}",4,False,0.9220338983050848,0.8774193548387097,0.9714285714285714,0.8842105263157894,0.8842105263157894,0.8842105263157894,0.7272727272727273,0.8484848484848485,0.6363636363636364,0.95,1.0,0.9047619047619048,18055
classification,RFECA_SVR(k=20),EnsembleSoft,0.1,3,1,0.8741272886878015,0.8712092731829575,1286,322,"{'Basal': 167, 'Her2': 179, 'LumA': 560, 'LumB': 380}","{'Basal': 42, 'Her2': 45, 'LumA': 140, 'LumB': 95}",4,False,0.9090909090909091,0.9259259259259259,0.8928571428571429,0.883248730964467,0.8529411764705882,0.9157894736842105,0.8210526315789474,0.78,0.8666666666666667,0.8831168831168831,0.9714285714285714,0.8095238095238095,18055
classification,RFECA_SVR(k=20),EnsembleSoft,0.1,3,2,0.9119867777913755,0.9012113617376776,1286,322,"{'Basal': 167, 'Her2': 179, 'LumA': 560, 'LumB': 380}","{'Basal': 42, 'Her2': 45, 'LumA': 140, 'LumB': 95}",4,False,0.9379310344827586,0.9066666666666666,0.9714285714285714,0.9081081081081082,0.9333333333333333,0.8842105263157894,0.8636363636363636,0.8837209302325582,0.8444444444444444,0.9382716049382716,0.9743589743589743,0.9047619047619048,18055
classification,RFECA_SVR(k=20),EnsembleSoft,0.1,3,3,0.8628207516705169,0.856610275689223,1286,322,"{'Basal': 167, 'Her2': 179, 'LumA': 560, 'LumB': 380}","{'Basal': 42, 'Her2': 45, 'LumA': 140, 'LumB': 95}",4,False,0.9225352112676056,0.9097222222222222,0.9357142857142857,0.8571428571428571,0.8617021276595744,0.8526315789473684,0.7333333333333333,0.7333333333333333,0.7333333333333333,0.9382716049382716,0.9743589743589743,0.9047619047619048,18055
classification,RFECA_SVR(k=20),EnsembleSoft,0.1,3,4,0.8753255355260495,0.8642793467408358,1287,321,"{'Basal': 168, 'Her2': 179, 'LumA': 560, 'LumB': 380}","{'Basal': 41, 'Her2': 45, 'LumA': 140, 'LumB': 95}",4,False,0.9300699300699301,0.910958904109589,0.95,0.9015544041450777,0.8877551020408163,0.9157894736842105,0.7560975609756098,0.8378378378378378,0.6888888888888889,0.9135802469135802,0.925,0.9024390243902439,18055
classification,RFECA_SVR(k=20),EnsembleSoft,0.1,3,5,0.8710163288288288,0.8461409204830258,1287,321,"{'Basal': 167, 'Her2': 180, 'LumA': 560, 'LumB': 380}","{'Basal': 42, 'Her2': 44, 'LumA': 140, 'LumB': 95}",4,False,0.918918918918919,0.8717948717948718,0.9714285714285714,0.8854166666666666,0.8762886597938144,0.8947368421052632,0.7297297297297297,0.9,0.6136363636363636,0.95,1.0,0.9047619047619048,18055
classification,MissForest,EnsembleSoft,0.1,3,1,0.8753322563960861,0.8720551378446115,1286,322,"{'Basal': 167, 'Her2': 179, 'LumA': 560, 'LumB': 380}","{'Basal': 42, 'Her2': 45, 'LumA': 140, 'LumB': 95}",4,False,0.9084249084249084,0.9323308270676691,0.8857142857142857,0.88,0.8380952380952381,0.9263157894736842,0.8297872340425532,0.7959183673469388,0.8666666666666667,0.8831168831168831,0.9714285714285714,0.8095238095238095,18055
classification,MissForest,EnsembleSoft,0.1,3,2,0.8951253973572068,0.8844402673350041,1286,322,"{'Basal': 167, 'Her2': 179, 'LumA': 560, 'LumB': 380}","{'Basal': 42, 'Her2': 45, 'LumA': 140, 'LumB': 95}",4,False,0.9347079037800687,0.9006622516556292,0.9714285714285714,0.8913043478260869,0.9213483146067416,0.8631578947368421,0.8409090909090909,0.8604651162790697,0.8222222222222222,0.9135802469135802,0.9487179487179487,0.8809523809523809,18055
classification,MissForest,EnsembleSoft,0.1,3,3,0.8647925600196651,0.8607769423558896,1286,322,"{'Basal': 167, 'Her2': 179, 'LumA': 560, 'LumB': 380}","{'Basal': 42, 'Her2': 45, 'LumA': 140, 'LumB': 95}",4,False,0.9219858156028369,0.9154929577464789,0.9285714285714286,0.8526315789473684,0.8526315789473684,0.8526315789473684,0.7333333333333333,0.7333333333333333,0.7333333333333333,0.9512195121951219,0.975,0.9285714285714286,18055
classification,MissForest,EnsembleSoft,0.1,3,4,0.8881548917630864,0.8771761721376612,1287,321,"{'Basal': 168, 'Her2': 179, 'LumA': 560, 'LumB': 380}","{'Basal': 41, 'Her2': 45, 'LumA': 140, 'LumB': 95}",4,False,0.9403508771929825,0.9241379310344827,0.9571428571428572,0.9015544041450777,0.8877551020408163,0.9157894736842105,0.7857142857142857,0.8461538461538461,0.7333333333333333,0.925,0.9487179487179487,0.9024390243902439,18055
classification,MissForest,EnsembleSoft,0.1,3,5,0.8738718464782296,0.8522413989519253,1287,321,"{'Basal': 167, 'Her2': 180, 'LumA': 560, 'LumB': 380}","{'Basal': 42, 'Her2': 44, 'LumA': 140, 'LumB': 95}",4,False,0.918918918918919,0.8717948717948718,0.9714285714285714,0.8829787234042553,0.8924731182795699,0.8736842105263158,0.7435897435897436,0.8529411764705882,0.6590909090909091,0.95,1.0,0.9047619047619048,18055
classification,SimpleMean,EnsembleSoft,0.1,4,1,0.8566048716784012,0.8501775271512113,1286,322,"{'Basal': 167, 'Her2': 179, 'LumA': 560, 'LumB': 380}","{'Basal': 42, 'Her2': 45, 'LumA': 140, 'LumB': 95}",4,False,0.9044117647058824,0.9318181818181818,0.8785714285714286,0.8571428571428571,0.8055555555555556,0.9157894736842105,0.8,0.76,0.8444444444444444,0.8648648648648649,1.0,0.7619047619047619,18056
classification,SimpleMean,EnsembleSoft,0.1,4,2,0.9047491124526008,0.8880116959064328,1286,322,"{'Basal': 167, 'Her2': 179, 'LumA': 560, 'LumB': 380}","{'Basal': 42, 'Her2': 45, 'LumA': 140, 'LumB': 95}",4,False,0.9324324324324325,0.8846153846153846,0.9857142857142858,0.9010989010989011,0.9425287356321839,0.8631578947368421,0.8604651162790697,0.9024390243902439,0.8222222222222222,0.925,0.9736842105263158,0.8809523809523809,18056
classification,SimpleMean,EnsembleSoft,0.1,4,3,0.8812522155464613,0.8783834586466166,1286,322,"{'Basal': 167, 'Her2': 179, 'LumA': 560, 'LumB': 380}","{'Basal': 42, 'Her2': 45, 'LumA': 140, 'LumB': 95}",4,False,0.9263157894736842,0.9103448275862069,0.9428571428571428,0.8648648648648649,0.8888888888888888,0.8421052631578947,0.782608695652174,0.7659574468085106,0.8,0.9512195121951219,0.975,0.9285714285714286,18056
classification,SimpleMean,EnsembleSoft,0.1,4,4,0.8762394214980422,0.8699278684516168,1287,321,"{'Basal': 168, 'Her2': 179, 'LumA': 560, 'LumB': 380}","{'Basal': 41, 'Her2': 45, 'LumA': 140, 'LumB': 95}",4,False,0.9142857142857143,0.9142857142857143,0.9142857142857143,0.882051282051282,0.86,0.9052631578947369,0.7586206896551724,0.7857142857142857,0.7333333333333333,0.95,0.9743589743589743,0.926829268292683,18056
classification,SimpleMean,EnsembleSoft,0.1,4,5,0.866088227116327,0.8434068124857599,1287,321,"{'Basal': 167, 'Her2': 180, 'LumA': 560, 'LumB': 380}","{'Basal': 42, 'Her2': 44, 'LumA': 140, 'LumB': 95}",4,False,0.9084745762711864,0.864516129032258,0.9571428571428572,0.8526315789473684,0.8526315789473684,0.8526315789473684,0.7532467532467533,0.8787878787878788,0.6590909090909091,0.95,1.0,0.9047619047619048,18056
classification,"KNN(k=5,dist)",EnsembleSoft,0.1,4,1,0.8633997252747252,0.8590538847117795,1286,322,"{'Basal': 167, 'Her2': 179, 'LumA': 560, 'LumB': 380}","{'Basal': 42, 'Her2': 45, 'LumA': 140, 'LumB': 95}",4,False,0.9010989010989011,0.924812030075188,0.8785714285714286,0.86,0.819047619047619,0.9052631578947369,0.8125,0.7647058823529411,0.8666666666666667,0.88,1.0,0.7857142857142857,18056
classification,"KNN(k=5,dist)",EnsembleSoft,0.1,4,2,0.9109574389115731,0.8953529657477026,1286,322,"{'Basal': 167, 'Her2': 179, 'LumA': 560, 'LumB': 380}","{'Basal': 42, 'Her2': 45, 'LumA': 140, 'LumB': 95}",4,False,0.9391891891891891,0.8910256410256411,0.9928571428571429,0.9060773480662984,0.9534883720930233,0.8631578947368421,0.8735632183908046,0.9047619047619048,0.8444444444444444,0.925,0.9736842105263158,0.8809523809523809,18056
classification,"KNN(k=5,dist)",EnsembleSoft,0.1,4,3,0.8822825950319082,0.8796261487050961,1286,322,"{'Basal': 167, 'Her2': 179, 'LumA': 560, 'LumB': 380}","{'Basal': 42, 'Her2': 45, 'LumA': 140, 'LumB': 95}",4,False,0.9257950530035336,0.916083916083916,0.9357142857142857,0.8617021276595744,0.8709677419354839,0.8526315789473684,0.7777777777777778,0.7777777777777778,0.7777777777777778,0.963855421686747,0.975609756097561,0.9523809523809523,18056
classification,"KNN(k=5,dist)",EnsembleSoft,0.1,4,4,0.8755671248573595,0.8700218534140229,1287,321,"{'Basal': 168, 'Her2': 179, 'LumA': 560, 'LumB': 380}","{'Basal': 41, 'Her2': 45, 'LumA': 140, 'LumB': 95}",4,False,0.9257950530035336,0.916083916083916,0.9357142857142857,0.8795811518324608,0.875,0.8842105263157894,0.7586206896551724,0.7857142857142857,0.7333333333333333,0.9382716049382716,0.95,0.926829268292683,18056
classification,"KNN(k=5,dist)",EnsembleSoft,0.1,4,5,0.8751890027265967,0.8535059239006607,1287,321,"{'Basal': 167, 'Her2': 180, 'LumA': 560, 'LumB': 380}","{'Basal': 42, 'Her2': 44, 'LumA': 140, 'LumB': 95}",4,False,0.9183673469387755,0.8766233766233766,0.9642857142857143,0.8631578947368421,0.8631578947368421,0.8631578947368421,0.7692307692307693,0.8823529411764706,0.6818181818181818,0.95,1.0,0.9047619047619048,18056
classification,RFECA_SVR(k=5),EnsembleSoft,0.1,4,1,0.8654205913542511,0.8569757727652465,1286,322,"{'Basal': 167, 'Her2': 179, 'LumA': 560, 'LumB': 380}","{'Basal': 42, 'Her2': 45, 'LumA': 140, 'LumB': 95}",4,False,0.8970588235294118,0.9242424242424242,0.8714285714285714,0.8585365853658536,0.8,0.9263157894736842,0.8260869565217391,0.8085106382978723,0.8444444444444444,0.88,1.0,0.7857142857142857,18056
classification,RFECA_SVR(k=5),EnsembleSoft,0.1,4,2,0.9021539264732685,0.8887009189640769,1286,322,"{'Basal': 167, 'Her2': 179, 'LumA': 560, 'LumB': 380}","{'Basal': 42, 'Her2': 45, 'LumA': 140, 'LumB': 95}",4,False,0.9324324324324325,0.8846153846153846,0.9857142857142858,0.8888888888888888,0.9411764705882353,0.8421052631578947,0.8604651162790697,0.9024390243902439,0.8222222222222222,0.926829268292683,0.95,0.9047619047619048,18056
classification,RFECA_SVR(k=5),EnsembleSoft,0.1,4,3,0.8808590794097028,0.8778404344193819,1286,322,"{'Basal': 167, 'Her2': 179, 'LumA': 560, 'LumB': 380}","{'Basal': 42, 'Her2': 45, 'LumA': 140, 'LumB': 95}",4,False,0.9154929577464789,0.9027777777777778,0.9285714285714286,0.8663101604278075,0.8804347826086957,0.8526315789473684,0.7777777777777778,0.7777777777777778,0.7777777777777778,0.963855421686747,0.975609756097561,0.9523809523809523,18056
classification,RFECA_SVR(k=5),EnsembleSoft,0.1,4,4,0.8887873537875532,0.8816864315259694,1287,321,"{'Basal': 168, 'Her2': 179, 'LumA': 560, 'LumB': 380}","{'Basal': 41, 'Her2': 45, 'LumA': 140, 'LumB': 95}",4,False,0.9219858156028369,0.9154929577464789,0.9285714285714286,0.9015544041450777,0.8877551020408163,0.9157894736842105,0.7816091954022989,0.8095238095238095,0.7555555555555555,0.95,0.9743589743589743,0.926829268292683,18056
classification,RFECA_SVR(k=5),EnsembleSoft,0.1,4,5,0.8865131281940155,0.8666552745500115,1287,321,"{'Basal': 167, 'Her2': 180, 'LumA': 560, 'LumB': 380}","{'Basal': 42, 'Her2': 44, 'LumA': 140, 'LumB': 95}",4,False,0.9283276450511946,0.8888888888888888,0.9714285714285714,0.8677248677248677,0.8723404255319149,0.8631578947368421,0.8,0.8888888888888888,0.7272727272727273,0.95,1.0,0.9047619047619048,18056
classification,RFECA_SVR(k=10),EnsembleSoft,0.1,4,1,0.8618010752688172,0.854344193817878,1286,322,"{'Basal': 167, 'Her2': 179, 'LumA': 560, 'LumB': 380}","{'Basal': 42, 'Her2': 45, 'LumA': 140, 'LumB': 95}",4,False,0.8970588235294118,0.9242424242424242,0.8714285714285714,0.8529411764705882,0.7981651376146789,0.9157894736842105,0.8172043010752689,0.7916666666666666,0.8444444444444444,0.88,1.0,0.7857142857142857,18056
classification,RFECA_SVR(k=10),EnsembleSoft,0.1,4,2,0.9048279751120344,0.8897974101921471,1286,322,"{'Basal': 167, 'Her2': 179, 'LumA': 560, 'LumB': 380}","{'Basal': 42, 'Her2': 45, 'LumA': 140, 'LumB': 95}",4,False,0.9391891891891891,0.8910256410256411,0.9928571428571429,0.9060773480662984,0.9534883720930233,0.8631578947368421,0.8604651162790697,0.9024390243902439,0.8222222222222222,0.9135802469135802,0.9487179487179487,0.8809523809523809,18056
classification,RFECA_SVR(k=10),EnsembleSoft,0.1,4,3,0.8829747967535109,0.8796261487050961,1286,322,"{'Basal': 167, 'Her2': 179, 'LumA': 560, 'LumB': 380}","{'Basal': 42, 'Her2': 45, 'LumA': 140, 'LumB': 95}",4,False,0.9192982456140351,0.903448275862069,0.9357142857142857,0.8709677419354839,0.8901098901098901,0.8526315789473684,0.7777777777777778,0.7777777777777778,0.7777777777777778,0.963855421686747,0.975609756097561,0.9523809523809523,18056
classification,RFECA_SVR(k=10),EnsembleSoft,0.1,4,4,0.8805927349149294,0.8761308759704138,1287,321,"{'Basal': 168, 'Her2': 179, 'LumA': 560, 'LumB': 380}","{'Basal': 41, 'Her2': 45, 'LumA': 140, 'LumB': 95}",4,False,0.9285714285714286,0.9285714285714286,0.9285714285714286,0.8969072164948454,0.8787878787878788,0.9157894736842105,0.7586206896551724,0.7857142857142857,0.7333333333333333,0.9382716049382716,0.95,0.926829268292683,18056
classification,RFECA_SVR(k=10),EnsembleSoft,0.1,4,5,0.8679844850265551,0.8467076782866256,1287,321,"{'Basal': 167, 'Her2': 180, 'LumA': 560, 'LumB': 380}","{'Basal': 42, 'Her2': 44, 'LumA': 140, 'LumB': 95}",4,False,0.918918918918919,0.8717948717948718,0.9714285714285714,0.8663101604278075,0.8804347826086957,0.8526315789473684,0.75,0.8333333333333334,0.6818181818181818,0.9367088607594937,1.0,0.8809523809523809,18056
classification,RFECA_SVR(k=20),EnsembleSoft,0.1,4,1,0.8601155305007482,0.8534043441938179,1286,322,"{'Basal': 167, 'Her2': 179, 'LumA': 560, 'LumB': 380}","{'Basal': 42, 'Her2': 45, 'LumA': 140, 'LumB': 95}",4,False,0.8888888888888888,0.9230769230769231,0.8571428571428571,0.8543689320388349,0.7927927927927928,0.9263157894736842,0.8172043010752689,0.7916666666666666,0.8444444444444444,0.88,1.0,0.7857142857142857,18056
classification,RFECA_SVR(k=20),EnsembleSoft,0.1,4,2,0.9071265391591236,0.8924289891395155,1286,322,"{'Basal': 167, 'Her2': 179, 'LumA': 560, 'LumB': 380}","{'Basal': 42, 'Her2': 45, 'LumA': 140, 'LumB': 95}",4,False,0.9423728813559322,0.896774193548387,0.9928571428571429,0.9120879120879121,0.9540229885057471,0.8736842105263158,0.8604651162790697,0.9024390243902439,0.8222222222222222,0.9135802469135802,0.9487179487179487,0.8809523809523809,18056
classification,RFECA_SVR(k=20),EnsembleSoft,0.1,4,3,0.8935716523879209,0.8933688387635756,1286,322,"{'Basal': 167, 'Her2': 179, 'LumA': 560, 'LumB': 380}","{'Basal': 42, 'Her2': 45, 'LumA': 140, 'LumB': 95}",4,False,0.9290780141843972,0.9225352112676056,0.9357142857142857,0.8770053475935828,0.8913043478260869,0.8631578947368421,0.8043478260869565,0.7872340425531915,0.8222222222222222,0.963855421686747,0.975609756097561,0.9523809523809523,18056
classification,RFECA_SVR(k=20),EnsembleSoft,0.1,4,4,0.8731760841436165,0.8661580271817756,1287,321,"{'Basal': 168, 'Her2': 179, 'LumA': 560, 'LumB': 380}","{'Basal': 41, 'Her2': 45, 'LumA': 140, 'LumB': 95}",4,False,0.9148936170212766,0.9084507042253521,0.9214285714285714,0.8865979381443299,0.8686868686868687,0.9052631578947369,0.7529411764705882,0.8,0.7111111111111111,0.9382716049382716,0.95,0.926829268292683,18056
classification,RFECA_SVR(k=20),EnsembleSoft,0.1,4,5,0.8688448217733779,0.8467076782866256,1287,321,"{'Basal': 167, 'Her2': 180, 'LumA': 560, 'LumB': 380}","{'Basal': 42, 'Her2': 44, 'LumA': 140, 'LumB': 95}",4,False,0.9220338983050848,0.8774193548387097,0.9714285714285714,0.8571428571428571,0.8617021276595744,0.8526315789473684,0.759493670886076,0.8571428571428571,0.6818181818181818,0.9367088607594937,1.0,0.8809523809523809,18056
classification,MissForest,EnsembleSoft,0.1,4,1,0.8603398454088407,0.8551900584795322,1286,322,"{'Basal': 167, 'Her2': 179, 'LumA': 560, 'LumB': 380}","{'Basal': 42, 'Her2': 45, 'LumA': 140, 'LumB': 95}",4,False,0.8929889298892989,0.9236641221374046,0.8642857142857143,0.8627450980392157,0.8073394495412844,0.9263157894736842,0.8172043010752689,0.7916666666666666,0.8444444444444444,0.868421052631579,0.9705882352941176,0.7857142857142857,18056
classification,MissForest,EnsembleSoft,0.1,4,2,0.907267090909455,0.8932748538011697,1286,322,"{'Basal': 167, 'Her2': 179, 'LumA': 560, 'LumB': 380}","{'Basal': 42, 'Her2': 45, 'LumA': 140, 'LumB': 95}",4,False,0.9419795221843004,0.9019607843137255,0.9857142857142858,0.9130434782608695,0.9438202247191011,0.8842105263157894,0.8604651162790697,0.9024390243902439,0.8222222222222222,0.9135802469135802,0.9487179487179487,0.8809523809523809,18056
classification,MissForest,EnsembleSoft,0.1,4,3,0.8854630729877814,0.8851817042606517,1286,322,"{'Basal': 167, 'Her2': 179, 'LumA': 560, 'LumB': 380}","{'Basal': 42, 'Her2': 45, 'LumA': 140, 'LumB': 95}",4,False,0.9290780141843972,0.9225352112676056,0.9357142857142857,0.8663101604278075,0.8804347826086957,0.8526315789473684,0.782608695652174,0.7659574468085106,0.8,0.963855421686747,0.975609756097561,0.9523809523809523,18056
classification,MissForest,EnsembleSoft,0.1,4,4,0.8754174849771807,0.868789606129144,1287,321,"{'Basal': 168, 'Her2': 179, 'LumA': 560, 'LumB': 380}","{'Basal': 41, 'Her2': 45, 'LumA': 140, 'LumB': 95}",4,False,0.9181494661921709,0.9148936170212766,0.9214285714285714,0.8923076923076924,0.87,0.9157894736842105,0.7529411764705882,0.8,0.7111111111111111,0.9382716049382716,0.95,0.926829268292683,18056
classification,MissForest,EnsembleSoft,0.1,4,5,0.8650464085590668,0.8418717247664617,1287,321,"{'Basal': 167, 'Her2': 180, 'LumA': 560, 'LumB': 380}","{'Basal': 42, 'Her2': 44, 'LumA': 140, 'LumB': 95}",4,False,0.9121621621621622,0.8653846153846154,0.9642857142857143,0.8677248677248677,0.8723404255319149,0.8631578947368421,0.7435897435897436,0.8529411764705882,0.6590909090909091,0.9367088607594937,1.0,0.8809523809523809,18056
classification,SimpleMean,EnsembleSoft,0.1,5,1,0.8593321539141971,0.8611319966583124,1286,322,"{'Basal': 167, 'Her2': 179, 'LumA': 560, 'LumB': 380}","{'Basal': 42, 'Her2': 45, 'LumA': 140, 'LumB': 95}",4,False,0.9117647058823529,0.9393939393939394,0.8857142857142857,0.8571428571428571,0.8316831683168316,0.8842105263157894,0.8,0.7272727272727273,0.8888888888888888,0.868421052631579,0.9705882352941176,0.7857142857142857,18057
classification,SimpleMean,EnsembleSoft,0.1,5,2,0.8872218788635919,0.8798663324979115,1286,322,"{'Basal': 167, 'Her2': 179, 'LumA': 560, 'LumB': 380}","{'Basal': 42, 'Her2': 45, 'LumA': 140, 'LumB': 95}",4,False,0.9283276450511946,0.8888888888888888,0.9714285714285714,0.8715083798882681,0.9285714285714286,0.8210526315789474,0.8222222222222222,0.8222222222222222,0.8222222222222222,0.926829268292683,0.95,0.9047619047619048,18057
classification,SimpleMean,EnsembleSoft,0.1,5,3,0.8485942781815409,0.8365079365079364,1286,322,"{'Basal': 167, 'Her2': 179, 'LumA': 560, 'LumB': 380}","{'Basal': 42, 'Her2': 45, 'LumA': 140, 'LumB': 95}",4,False,0.896551724137931,0.8666666666666667,0.9285714285714286,0.8085106382978723,0.8172043010752689,0.8,0.7380952380952381,0.7948717948717948,0.6888888888888889,0.9512195121951219,0.975,0.9285714285714286,18057
classification,SimpleMean,EnsembleSoft,0.1,5,4,0.8846512067735088,0.8815809849827821,1287,321,"{'Basal': 168, 'Her2': 179, 'LumA': 560, 'LumB': 380}","{'Basal': 41, 'Her2': 45, 'LumA': 140, 'LumB': 95}",4,False,0.920863309352518,0.927536231884058,0.9142857142857143,0.882051282051282,0.86,0.9052631578947369,0.7727272727272727,0.7906976744186046,0.7555555555555555,0.9629629629629629,0.975,0.9512195121951219,18057
classification,SimpleMean,EnsembleSoft,0.1,5,5,0.869867377968782,0.8442327409432673,1287,321,"{'Basal': 167, 'Her2': 180, 'LumA': 560, 'LumB': 380}","{'Basal': 42, 'Her2': 44, 'LumA': 140, 'LumB': 95}",4,False,0.9215017064846417,0.8823529411764706,0.9642857142857143,0.8556701030927835,0.8383838383838383,0.8736842105263158,0.7792207792207793,0.9090909090909091,0.6818181818181818,0.9230769230769231,1.0,0.8571428571428571,18057
classification,"KNN(k=5,dist)",EnsembleSoft,0.1,5,1,0.8654741733547249,0.864609440267335,1286,322,"{'Basal': 167, 'Her2': 179, 'LumA': 560, 'LumB': 380}","{'Basal': 42, 'Her2': 45, 'LumA': 140, 'LumB': 95}",4,False,0.9044117647058824,0.9318181818181818,0.8785714285714286,0.864321608040201,0.8269230769230769,0.9052631578947369,0.8247422680412371,0.7692307692307693,0.8888888888888888,0.868421052631579,0.9705882352941176,0.7857142857142857,18057
classification,"KNN(k=5,dist)",EnsembleSoft,0.1,5,2,0.9009914972902645,0.8904866332497912,1286,322,"{'Basal': 167, 'Her2': 179, 'LumA': 560, 'LumB': 380}","{'Basal': 42, 'Her2': 45, 'LumA': 140, 'LumB': 95}",4,False,0.9423728813559322,0.896774193548387,0.9928571428571429,0.8938547486033519,0.9523809523809523,0.8421052631578947,0.8409090909090909,0.8604651162790697,0.8222222222222222,0.926829268292683,0.95,0.9047619047619048,18057
classification,"KNN(k=5,dist)",EnsembleSoft,0.1,5,3,0.8832790198903329,0.8758563074352548,1286,322,"{'Basal': 167, 'Her2': 179, 'LumA': 560, 'LumB': 380}","{'Basal': 42, 'Her2': 45, 'LumA': 140, 'LumB': 95}",4,False,0.9230769230769231,0.9041095890410958,0.9428571428571428,0.8617021276595744,0.8709677419354839,0.8526315789473684,0.7727272727272727,0.7906976744186046,0.7555555555555555,0.975609756097561,1.0,0.9523809523809523,18057
classification,"KNN(k=5,dist)",EnsembleSoft,0.1,5,4,0.877124146944066,0.8720059803981498,1287,321,"{'Basal': 168, 'Her2': 179, 'LumA': 560, 'LumB': 380}","{'Basal': 41, 'Her2': 45, 'LumA': 140, 'LumB': 95}",4,False,0.9181494661921709,0.9148936170212766,0.9214285714285714,0.8704663212435233,0.8571428571428571,0.8842105263157894,0.7816091954022989,0.8095238095238095,0.7555555555555555,0.9382716049382716,0.95,0.926829268292683,18057
classification,"KNN(k=5,dist)",EnsembleSoft,0.1,5,5,0.8714745597535485,0.84865003417635,1287,321,"{'Basal': 167, 'Her2': 180, 'LumA': 560, 'LumB': 380}","{'Basal': 42, 'Her2': 44, 'LumA': 140, 'LumB': 95}",4,False,0.9283276450511946,0.8888888888888888,0.9714285714285714,0.875,0.865979381443299,0.8842105263157894,0.759493670886076,0.8571428571428571,0.6818181818181818,0.9230769230769231,1.0,0.8571428571428571,18057
classification,RFECA_SVR(k=5),EnsembleSoft,0.1,5,1,0.8745823654943723,0.8731934001670842,1286,322,"{'Basal': 167, 'Her2': 179, 'LumA': 560, 'LumB': 380}","{'Basal': 42, 'Her2': 45, 'LumA': 140, 'LumB': 95}",4,False,0.9010989010989011,0.924812030075188,0.8785714285714286,0.8743718592964824,0.8365384615384616,0.9157894736842105,0.851063829787234,0.8163265306122449,0.8888888888888888,0.8717948717948718,0.9444444444444444,0.8095238095238095,18057
classification,RFECA_SVR(k=5),EnsembleSoft,0.1,5,2,0.898755332697786,0.887562656641604,1286,322,"{'Basal': 167, 'Her2': 179, 'LumA': 560, 'LumB': 380}","{'Basal': 42, 'Her2': 45, 'LumA': 140, 'LumB': 95}",4,False,0.9455782312925171,0.9025974025974026,0.9928571428571429,0.8950276243093923,0.9418604651162791,0.8526315789473684,0.8275862068965517,0.8571428571428571,0.8,0.926829268292683,0.95,0.9047619047619048,18057
classification,RFECA_SVR(k=5),EnsembleSoft,0.1,5,3,0.8784383556256851,0.8711466165413533,1286,322,"{'Basal': 167, 'Her2': 179, 'LumA': 560, 'LumB': 380}","{'Basal': 42, 'Her2': 45, 'LumA': 140, 'LumB': 95}",4,False,0.9192982456140351,0.903448275862069,0.9357142857142857,0.8631578947368421,0.8631578947368421,0.8631578947368421,0.7674418604651163,0.8048780487804879,0.7333333333333333,0.963855421686747,0.975609756097561,0.9523809523809523,18057
classification,RFECA_SVR(k=5),EnsembleSoft,0.1,5,4,0.8897390154292795,0.8859982782158649,1287,321,"{'Basal': 168, 'Her2': 179, 'LumA': 560, 'LumB': 380}","{'Basal': 41, 'Her2': 45, 'LumA': 140, 'LumB': 95}",4,False,0.9247311827956989,0.9280575539568345,0.9214285714285714,0.8923076923076924,0.87,0.9157894736842105,0.7906976744186046,0.8292682926829268,0.7555555555555555,0.9512195121951219,0.9512195121951219,0.9512195121951219,18057
classification,RFECA_SVR(k=5),EnsembleSoft,0.1,5,5,0.8607397990907961,0.8355006835269994,1287,321,"{'Basal': 167, 'Her2': 180, 'LumA': 560, 'LumB': 380}","{'Basal': 42, 'Her2': 44, 'LumA': 140, 'LumB': 95}",4,False,0.9215017064846417,0.8823529411764706,0.9642857142857143,0.8615384615384616,0.84,0.8842105263157894,0.7368421052631579,0.875,0.6363636363636364,0.9230769230769231,1.0,0.8571428571428571,18057
classification,RFECA_SVR(k=10),EnsembleSoft,0.1,5,1,0.8724105755355754,0.8717000835421889,1286,322,"{'Basal': 167, 'Her2': 179, 'LumA': 560, 'LumB': 380}","{'Basal': 42, 'Her2': 45, 'LumA': 140, 'LumB': 95}",4,False,0.8937728937728938,0.9172932330827067,0.8714285714285714,0.8585858585858586,0.8252427184466019,0.8947368421052632,0.8541666666666666,0.803921568627451,0.9111111111111111,0.8831168831168831,0.9714285714285714,0.8095238095238095,18057
classification,RFECA_SVR(k=10),EnsembleSoft,0.1,5,2,0.8966262218708563,0.8857769423558898,1286,322,"{'Basal': 167, 'Her2': 179, 'LumA': 560, 'LumB': 380}","{'Basal': 42, 'Her2': 45, 'LumA': 140, 'LumB': 95}",4,False,0.9419795221843004,0.9019607843137255,0.9857142857142858,0.8901098901098901,0.9310344827586207,0.8526315789473684,0.8275862068965517,0.8571428571428571,0.8,0.926829268292683,0.95,0.9047619047619048,18057
classification,RFECA_SVR(k=10),EnsembleSoft,0.1,5,3,0.8752817409563102,0.869360902255639,1286,322,"{'Basal': 167, 'Her2': 179, 'LumA': 560, 'LumB': 380}","{'Basal': 42, 'Her2': 45, 'LumA': 140, 'LumB': 95}",4,False,0.9154929577464789,0.9027777777777778,0.9285714285714286,0.8631578947368421,0.8631578947368421,0.8631578947368421,0.7586206896551724,0.7857142857142857,0.7333333333333333,0.963855421686747,0.975609756097561,0.9523809523809523,18057
classification,RFECA_SVR(k=10),EnsembleSoft,0.1,5,4,0.8834720601519295,0.8825208346068424,1287,321,"{'Basal': 168, 'Her2': 179, 'LumA': 560, 'LumB': 380}","{'Basal': 41, 'Her2': 45, 'LumA': 140, 'LumB': 95}",4,False,0.9285714285714286,0.9285714285714286,0.9285714285714286,0.8900523560209425,0.8854166666666666,0.8947368421052632,0.7640449438202247,0.7727272727272727,0.7555555555555555,0.9512195121951219,0.9512195121951219,0.9512195121951219,18057
classification,RFECA_SVR(k=10),EnsembleSoft,0.1,5,5,0.8766567288034077,0.8546024151287309,1287,321,"{'Basal': 167, 'Her2': 180, 'LumA': 560, 'LumB': 380}","{'Basal': 42, 'Her2': 44, 'LumA': 140, 'LumB': 95}",4,False,0.9347079037800687,0.9006622516556292,0.9714285714285714,0.865979381443299,0.8484848484848485,0.8842105263157894,0.7692307692307693,0.8823529411764706,0.6818181818181818,0.9367088607594937,1.0,0.8809523809523809,18057
classification,RFECA_SVR(k=20),EnsembleSoft,0.1,5,1,0.8824057249277909,0.8796888053467001,1286,322,"{'Basal': 167, 'Her2': 179, 'LumA': 560, 'LumB': 380}","{'Basal': 42, 'Her2': 45, 'LumA': 140, 'LumB': 95}",4,False,0.9057971014492754,0.9191176470588235,0.8928571428571429,0.8775510204081632,0.8514851485148515,0.9052631578947369,0.8631578947368421,0.82,0.9111111111111111,0.8831168831168831,0.9714285714285714,0.8095238095238095,18057
classification,RFECA_SVR(k=20),EnsembleSoft,0.1,5,2,0.9033291476235727,0.8931182121971596,1286,322,"{'Basal': 167, 'Her2': 179, 'LumA': 560, 'LumB': 380}","{'Basal': 42, 'Her2': 45, 'LumA': 140, 'LumB': 95}",4,False,0.9455782312925171,0.9025974025974026,0.9928571428571429,0.9,0.9529411764705882,0.8526315789473684,0.8409090909090909,0.8604651162790697,0.8222222222222222,0.926829268292683,0.95,0.9047619047619048,18057
classification,RFECA_SVR(k=20),EnsembleSoft,0.1,5,3,0.8753283608930595,0.8689640768588137,1286,322,"{'Basal': 167, 'Her2': 179, 'LumA': 560, 'LumB': 380}","{'Basal': 42, 'Her2': 45, 'LumA': 140, 'LumB': 95}",4,False,0.9187279151943463,0.9090909090909091,0.9285714285714286,0.8586387434554974,0.8541666666666666,0.8631578947368421,0.7727272727272727,0.7906976744186046,0.7555555555555555,0.9512195121951219,0.975,0.9285714285714286,18057
classification,RFECA_SVR(k=20),EnsembleSoft,0.1,5,4,0.8855964099394051,0.8843065488925567,1287,321,"{'Basal': 168, 'Her2': 179, 'LumA': 560, 'LumB': 380}","{'Basal': 41, 'Her2': 45, 'LumA': 140, 'LumB': 95}",4,False,0.9323843416370107,0.9290780141843972,0.9357142857142857,0.8947368421052632,0.8947368421052632,0.8947368421052632,0.7640449438202247,0.7727272727272727,0.7555555555555555,0.9512195121951219,0.9512195121951219,0.9512195121951219,18057
classification,RFECA_SVR(k=20),EnsembleSoft,0.1,5,5,0.8537296554423186,0.8302375256322625,1287,321,"{'Basal': 167, 'Her2': 180, 'LumA': 560, 'LumB': 380}","{'Basal': 42, 'Her2': 44, 'LumA': 140, 'LumB': 95}",4,False,0.9152542372881356,0.8709677419354839,0.9642857142857143,0.8586387434554974,0.8541666666666666,0.8631578947368421,0.717948717948718,0.8235294117647058,0.6363636363636364,0.9230769230769231,1.0,0.8571428571428571,18057
classification,MissForest,EnsembleSoft,0.1,5,1,0.8667937237760037,0.864609440267335,1286,322,"{'Basal': 167, 'Her2': 179, 'LumA': 560, 'LumB': 380}","{'Basal': 42, 'Her2': 45, 'LumA': 140, 'LumB': 95}",4,False,0.9010989010989011,0.924812030075188,0.8785714285714286,0.864321608040201,0.8269230769230769,0.9052631578947369,0.8333333333333334,0.7843137254901961,0.8888888888888888,0.868421052631579,0.9705882352941176,0.7857142857142857,18057
classification,MissForest,EnsembleSoft,0.1,5,2,0.9112401319880454,0.8983813700918964,1286,322,"{'Basal': 167, 'Her2': 179, 'LumA': 560, 'LumB': 380}","{'Basal': 42, 'Her2': 45, 'LumA': 140, 'LumB': 95}",4,False,0.9455782312925171,0.9025974025974026,0.9928571428571429,0.9120879120879121,0.9540229885057471,0.8736842105263158,0.8604651162790697,0.9024390243902439,0.8222222222222222,0.926829268292683,0.95,0.9047619047619048,18057
classification,MissForest,EnsembleSoft,0.1,5,3,0.8728958603111143,0.8650375939849623,1286,322,"{'Basal': 167, 'Her2': 179, 'LumA': 560, 'LumB': 380}","{'Basal': 42, 'Her2': 45, 'LumA': 140, 'LumB': 95}",4,False,0.9198606271777003,0.8979591836734694,0.9428571428571428,0.8404255319148937,0.8494623655913979,0.8315789473684211,0.7674418604651163,0.8048780487804879,0.7333333333333333,0.963855421686747,0.975609756097561,0.9523809523809523,18057
classification,MissForest,EnsembleSoft,0.1,5,4,0.8881500296105816,0.8840141512317379,1287,321,"{'Basal': 168, 'Her2': 179, 'LumA': 560, 'LumB': 380}","{'Basal': 41, 'Her2': 45, 'LumA': 140, 'LumB': 95}",4,False,0.9323843416370107,0.9290780141843972,0.9357142857142857,0.9015544041450777,0.8877551020408163,0.9157894736842105,0.7674418604651163,0.8048780487804879,0.7333333333333333,0.9512195121951219,0.9512195121951219,0.9512195121951219,18057
classification,MissForest,EnsembleSoft,0.1,5,5,0.8662893361264938,0.8411825017088175,1287,321,"{'Basal': 167, 'Her2': 180, 'LumA': 560, 'LumB': 380}","{'Basal': 42, 'Her2': 44, 'LumA': 140, 'LumB': 95}",4,False,0.9183673469387755,0.8766233766233766,0.9642857142857143,0.8704663212435233,0.8571428571428571,0.8842105263157894,0.7532467532467533,0.8787878787878788,0.6590909090909091,0.9230769230769231,1.0,0.8571428571428571,18057
classification,SimpleMean,EnsembleSoft,0.1,6,1,0.866751460652545,0.8603487886382624,1286,322,"{'Basal': 167, 'Her2': 179, 'LumA': 560, 'LumB': 380}","{'Basal': 42, 'Her2': 45, 'LumA': 140, 'LumB': 95}",4,False,0.9236363636363636,0.9407407407407408,0.9071428571428571,0.8844221105527639,0.8461538461538461,0.9263157894736842,0.7789473684210526,0.74,0.8222222222222222,0.88,1.0,0.7857142857142857,18058
classification,SimpleMean,EnsembleSoft,0.1,6,2,0.9045325077555043,0.8942564745196324,1286,322,"{'Basal': 167, 'Her2': 179, 'LumA': 560, 'LumB': 380}","{'Basal': 42, 'Her2': 45, 'LumA': 140, 'LumB': 95}",4,False,0.9387755102040817,0.8961038961038961,0.9857142857142858,0.8888888888888888,0.9411764705882353,0.8421052631578947,0.8636363636363636,0.8837209302325582,0.8444444444444444,0.926829268292683,0.95,0.9047619047619048,18058
classification,SimpleMean,EnsembleSoft,0.1,6,3,0.8722931616284576,0.8678675856307435,1286,322,"{'Basal': 167, 'Her2': 179, 'LumA': 560, 'LumB': 380}","{'Basal': 42, 'Her2': 45, 'LumA': 140, 'LumB': 95}",4,False,0.9148936170212766,0.9084507042253521,0.9214285714285714,0.837696335078534,0.8333333333333334,0.8421052631578947,0.7727272727272727,0.7906976744186046,0.7555555555555555,0.963855421686747,0.975609756097561,0.9523809523809523,18058
classification,SimpleMean,EnsembleSoft,0.1,6,4,0.8792834736024548,0.8718190292805184,1287,321,"{'Basal': 168, 'Her2': 179, 'LumA': 560, 'LumB': 380}","{'Basal': 41, 'Her2': 45, 'LumA': 140, 'LumB': 95}",4,False,0.9323843416370107,0.9290780141843972,0.9357142857142857,0.8923076923076924,0.87,0.9157894736842105,0.7674418604651163,0.8048780487804879,0.7333333333333333,0.925,0.9487179487179487,0.9024390243902439,18058
classification,SimpleMean,EnsembleSoft,0.1,6,5,0.8659808491255309,0.8475535429482798,1287,321,"{'Basal': 167, 'Her2': 180, 'LumA': 560, 'LumB': 380}","{'Basal': 42, 'Her2': 44, 'LumA': 140, 'LumB': 95}",4,False,0.9278350515463918,0.8940397350993378,0.9642857142857143,0.8586387434554974,0.8541666666666666,0.8631578947368421,0.7407407407407407,0.8108108108108109,0.6818181818181818,0.9367088607594937,1.0,0.8809523809523809,18058
classification,"KNN(k=5,dist)",EnsembleSoft,0.1,6,1,0.8522808908391324,0.8487886382623224,1286,322,"{'Basal': 167, 'Her2': 179, 'LumA': 560, 'LumB': 380}","{'Basal': 42, 'Her2': 45, 'LumA': 140, 'LumB': 95}",4,False,0.9003690036900369,0.9312977099236641,0.8714285714285714,0.8613861386138614,0.8130841121495327,0.9157894736842105,0.7789473684210526,0.74,0.8222222222222222,0.868421052631579,0.9705882352941176,0.7857142857142857,18058
classification,"KNN(k=5,dist)",EnsembleSoft,0.1,6,2,0.8981017885424883,0.8824561403508773,1286,322,"{'Basal': 167, 'Her2': 179, 'LumA': 560, 'LumB': 380}","{'Basal': 42, 'Her2': 45, 'LumA': 140, 'LumB': 95}",4,False,0.9355932203389831,0.8903225806451613,0.9857142857142858,0.8961748633879781,0.9318181818181818,0.8631578947368421,0.8470588235294118,0.9,0.8,0.9135802469135802,0.9487179487179487,0.8809523809523809,18058
classification,"KNN(k=5,dist)",EnsembleSoft,0.1,6,3,0.8636036702786681,0.8592836257309941,1286,322,"{'Basal': 167, 'Her2': 179, 'LumA': 560, 'LumB': 380}","{'Basal': 42, 'Her2': 45, 'LumA': 140, 'LumB': 95}",4,False,0.911660777385159,0.9020979020979021,0.9214285714285714,0.8359788359788359,0.8404255319148937,0.8315789473684211,0.7555555555555555,0.7555555555555555,0.7555555555555555,0.9512195121951219,0.975,0.9285714285714286,18058
classification,"KNN(k=5,dist)",EnsembleSoft,0.1,6,4,0.8810468949883112,0.8769767406320679,1287,321,"{'Basal': 168, 'Her2': 179, 'LumA': 560, 'LumB': 380}","{'Basal': 41, 'Her2': 45, 'LumA': 140, 'LumB': 95}",4,False,0.9247311827956989,0.9280575539568345,0.9214285714285714,0.9025641025641026,0.88,0.9263157894736842,0.7586206896551724,0.7857142857142857,0.7333333333333333,0.9382716049382716,0.95,0.926829268292683,18058
classification,"KNN(k=5,dist)",EnsembleSoft,0.1,6,5,0.8869320392027374,0.8673331054910003,1287,321,"{'Basal': 167, 'Her2': 180, 'LumA': 560, 'LumB': 380}","{'Basal': 42, 'Her2': 44, 'LumA': 140, 'LumB': 95}",4,False,0.9448275862068966,0.9133333333333333,0.9785714285714285,0.8911917098445595,0.8775510204081632,0.9052631578947369,0.775,0.8611111111111112,0.7045454545454546,0.9367088607594937,1.0,0.8809523809523809,18058
classification,RFECA_SVR(k=5),EnsembleSoft,0.1,6,1,0.8543575835088284,0.849436090225564,1286,322,"{'Basal': 167, 'Her2': 179, 'LumA': 560, 'LumB': 380}","{'Basal': 42, 'Her2': 45, 'LumA': 140, 'LumB': 95}",4,False,0.9117647058823529,0.9393939393939394,0.8857142857142857,0.8712871287128713,0.822429906542056,0.9263157894736842,0.7659574468085106,0.7346938775510204,0.8,0.868421052631579,0.9705882352941176,0.7857142857142857,18058
classification,RFECA_SVR(k=5),EnsembleSoft,0.1,6,2,0.8989489545073168,0.8884085213032582,1286,322,"{'Basal': 167, 'Her2': 179, 'LumA': 560, 'LumB': 380}","{'Basal': 42, 'Her2': 45, 'LumA': 140, 'LumB': 95}",4,False,0.9452054794520548,0.9078947368421053,0.9857142857142858,0.8961748633879781,0.9318181818181818,0.8631578947368421,0.8275862068965517,0.8571428571428571,0.8,0.926829268292683,0.95,0.9047619047619048,18058
classification,RFECA_SVR(k=5),EnsembleSoft,0.1,6,3,0.8808257540864023,0.8758563074352548,1286,322,"{'Basal': 167, 'Her2': 179, 'LumA': 560, 'LumB': 380}","{'Basal': 42, 'Her2': 45, 'LumA': 140, 'LumB': 95}",4,False,0.9295774647887324,0.9166666666666666,0.9428571428571428,0.8571428571428571,0.8617021276595744,0.8526315789473684,0.7727272727272727,0.7906976744186046,0.7555555555555555,0.963855421686747,0.975609756097561,0.9523809523809523,18058
classification,RFECA_SVR(k=5),EnsembleSoft,0.1,6,4,0.8750549930051242,0.8657214683049086,1287,321,"{'Basal': 168, 'Her2': 179, 'LumA': 560, 'LumB': 380}","{'Basal': 41, 'Her2': 45, 'LumA': 140, 'LumB': 95}",4,False,0.9290780141843972,0.9225352112676056,0.9357142857142857,0.8923076923076924,0.87,0.9157894736842105,0.7674418604651163,0.8048780487804879,0.7333333333333333,0.9113924050632911,0.9473684210526315,0.8780487804878049,18058
classification,RFECA_SVR(k=5),EnsembleSoft,0.1,6,5,0.8634544628560119,0.8462890179995444,1287,321,"{'Basal': 167, 'Her2': 180, 'LumA': 560, 'LumB': 380}","{'Basal': 42, 'Her2': 44, 'LumA': 140, 'LumB': 95}",4,False,0.9347079037800687,0.9006622516556292,0.9714285714285714,0.8691099476439791,0.8645833333333334,0.8736842105263158,0.725,0.8055555555555556,0.6590909090909091,0.925,0.9736842105263158,0.8809523809523809,18058
classification,RFECA_SVR(k=10),EnsembleSoft,0.1,6,1,0.8535053599040459,0.8476503759398497,1286,322,"{'Basal': 167, 'Her2': 179, 'LumA': 560, 'LumB': 380}","{'Basal': 42, 'Her2': 45, 'LumA': 140, 'LumB': 95}",4,False,0.9044117647058824,0.9318181818181818,0.8785714285714286,0.8669950738916257,0.8148148148148148,0.9263157894736842,0.7741935483870968,0.75,0.8,0.868421052631579,0.9705882352941176,0.7857142857142857,18058
classification,RFECA_SVR(k=10),EnsembleSoft,0.1,6,2,0.9192730087936483,0.9081035923141186,1286,322,"{'Basal': 167, 'Her2': 179, 'LumA': 560, 'LumB': 380}","{'Basal': 42, 'Her2': 45, 'LumA': 140, 'LumB': 95}",4,False,0.9452054794520548,0.9078947368421053,0.9857142857142858,0.907103825136612,0.9431818181818182,0.8736842105263158,0.8735632183908046,0.9047619047619048,0.8444444444444444,0.9512195121951219,0.975,0.9285714285714286,18058
classification,RFECA_SVR(k=10),EnsembleSoft,0.1,6,3,0.876419688060618,0.8714390142021721,1286,322,"{'Basal': 167, 'Her2': 179, 'LumA': 560, 'LumB': 380}","{'Basal': 42, 'Her2': 45, 'LumA': 140, 'LumB': 95}",4,False,0.9225352112676056,0.9097222222222222,0.9357142857142857,0.8465608465608465,0.851063829787234,0.8421052631578947,0.7727272727272727,0.7906976744186046,0.7555555555555555,0.963855421686747,0.975609756097561,0.9523809523809523,18058
classification,RFECA_SVR(k=10),EnsembleSoft,0.1,6,4,0.8681971205757991,0.8636318947775945,1287,321,"{'Basal': 168, 'Her2': 179, 'LumA': 560, 'LumB': 380}","{'Basal': 41, 'Her2': 45, 'LumA': 140, 'LumB': 95}",4,False,0.9323843416370107,0.9290780141843972,0.9357142857142857,0.8911917098445595,0.8775510204081632,0.9052631578947369,0.735632183908046,0.7619047619047619,0.7111111111111111,0.9135802469135802,0.925,0.9024390243902439,18058
classification,RFECA_SVR(k=10),EnsembleSoft,0.1,6,5,0.8685332137617814,0.8519708361813625,1287,321,"{'Basal': 167, 'Her2': 180, 'LumA': 560, 'LumB': 380}","{'Basal': 42, 'Her2': 44, 'LumA': 140, 'LumB': 95}",4,False,0.9347079037800687,0.9006622516556292,0.9714285714285714,0.8736842105263158,0.8736842105263158,0.8736842105263158,0.7407407407407407,0.8108108108108109,0.6818181818181818,0.925,0.9736842105263158,0.8809523809523809,18058
classification,RFECA_SVR(k=20),EnsembleSoft,0.1,6,1,0.8567124423500523,0.852360066833751,1286,322,"{'Basal': 167, 'Her2': 179, 'LumA': 560, 'LumB': 380}","{'Basal': 42, 'Her2': 45, 'LumA': 140, 'LumB': 95}",4,False,0.9051094890510949,0.9253731343283582,0.8857142857142857,0.8743718592964824,0.8365384615384616,0.9157894736842105,0.7789473684210526,0.74,0.8222222222222222,0.868421052631579,0.9705882352941176,0.7857142857142857,18058
classification,RFECA_SVR(k=20),EnsembleSoft,0.1,6,2,0.9051206010548907,0.8939640768588137,1286,322,"{'Basal': 167, 'Her2': 179, 'LumA': 560, 'LumB': 380}","{'Basal': 42, 'Her2': 45, 'LumA': 140, 'LumB': 95}",4,False,0.9419795221843004,0.9019607843137255,0.9857142857142858,0.9010989010989011,0.9425287356321839,0.8631578947368421,0.8505747126436781,0.8809523809523809,0.8222222222222222,0.926829268292683,0.95,0.9047619047619048,18058
classification,RFECA_SVR(k=20),EnsembleSoft,0.1,6,3,0.8856923260873953,0.8784878863826232,1286,322,"{'Basal': 167, 'Her2': 179, 'LumA': 560, 'LumB': 380}","{'Basal': 42, 'Her2': 45, 'LumA': 140, 'LumB': 95}",4,False,0.9295774647887324,0.9166666666666666,0.9428571428571428,0.8586387434554974,0.8541666666666666,0.8631578947368421,0.7906976744186046,0.8292682926829268,0.7555555555555555,0.963855421686747,0.975609756097561,0.9523809523809523,18058
classification,RFECA_SVR(k=20),EnsembleSoft,0.1,6,4,0.894800572986376,0.883577592354871,1287,321,"{'Basal': 168, 'Her2': 179, 'LumA': 560, 'LumB': 380}","{'Basal': 41, 'Her2': 45, 'LumA': 140, 'LumB': 95}",4,False,0.9399293286219081,0.9300699300699301,0.95,0.9025641025641026,0.88,0.9263157894736842,0.8,0.85,0.7555555555555555,0.9367088607594937,0.9736842105263158,0.9024390243902439,18058
classification,RFECA_SVR(k=20),EnsembleSoft,0.1,6,5,0.8685332137617814,0.8519708361813625,1287,321,"{'Basal': 167, 'Her2': 180, 'LumA': 560, 'LumB': 380}","{'Basal': 42, 'Her2': 44, 'LumA': 140, 'LumB': 95}",4,False,0.9347079037800687,0.9006622516556292,0.9714285714285714,0.8736842105263158,0.8736842105263158,0.8736842105263158,0.7407407407407407,0.8108108108108109,0.6818181818181818,0.925,0.9736842105263158,0.8809523809523809,18058
classification,MissForest,EnsembleSoft,0.1,6,1,0.8605017645182457,0.8573725981620719,1286,322,"{'Basal': 167, 'Her2': 179, 'LumA': 560, 'LumB': 380}","{'Basal': 42, 'Her2': 45, 'LumA': 140, 'LumB': 95}",4,False,0.9003690036900369,0.9312977099236641,0.8714285714285714,0.8712871287128713,0.822429906542056,0.9263157894736842,0.7872340425531915,0.7551020408163265,0.8222222222222222,0.8831168831168831,0.9714285714285714,0.8095238095238095,18058
classification,MissForest,EnsembleSoft,0.1,6,2,0.9088881866428695,0.8932748538011697,1286,322,"{'Basal': 167, 'Her2': 179, 'LumA': 560, 'LumB': 380}","{'Basal': 42, 'Her2': 45, 'LumA': 140, 'LumB': 95}",4,False,0.9419795221843004,0.9019607843137255,0.9857142857142858,0.9081081081081082,0.9333333333333333,0.8842105263157894,0.8604651162790697,0.9024390243902439,0.8222222222222222,0.925,0.9736842105263158,0.8809523809523809,18058
classification,MissForest,EnsembleSoft,0.1,6,3,0.876419688060618,0.8714390142021721,1286,322,"{'Basal': 167, 'Her2': 179, 'LumA': 560, 'LumB': 380}","{'Basal': 42, 'Her2': 45, 'LumA': 140, 'LumB': 95}",4,False,0.9225352112676056,0.9097222222222222,0.9357142857142857,0.8465608465608465,0.851063829787234,0.8421052631578947,0.7727272727272727,0.7906976744186046,0.7555555555555555,0.963855421686747,0.975609756097561,0.9523809523809523,18058
classification,MissForest,EnsembleSoft,0.1,6,4,0.8848899885902413,0.8739086028078327,1287,321,"{'Basal': 168, 'Her2': 179, 'LumA': 560, 'LumB': 380}","{'Basal': 41, 'Her2': 45, 'LumA': 140, 'LumB': 95}",4,False,0.9323843416370107,0.9290780141843972,0.9357142857142857,0.8934010152284264,0.8627450980392157,0.9263157894736842,0.7906976744186046,0.8292682926829268,0.7555555555555555,0.9230769230769231,0.972972972972973,0.8780487804878049,18058
classification,MissForest,EnsembleSoft,0.1,6,5,0.889800124495603,0.8712292093871041,1287,321,"{'Basal': 167, 'Her2': 180, 'LumA': 560, 'LumB': 380}","{'Basal': 42, 'Her2': 44, 'LumA': 140, 'LumB': 95}",4,False,0.9411764705882353,0.912751677852349,0.9714285714285714,0.8911917098445595,0.8775510204081632,0.9052631578947369,0.7901234567901234,0.8648648648648649,0.7272727272727273,0.9367088607594937,1.0,0.8809523809523809,18058
classification,SimpleMean,EnsembleSoft,0.1,7,1,0.8641436052631086,0.8664473684210527,1286,322,"{'Basal': 167, 'Her2': 179, 'LumA': 560, 'LumB': 380}","{'Basal': 42, 'Her2': 45, 'LumA': 140, 'LumB': 95}",4,False,0.8880597014925373,0.9296875,0.85,0.8613861386138614,0.8130841121495327,0.9157894736842105,0.8210526315789474,0.78,0.8666666666666667,0.8860759493670886,0.9459459459459459,0.8333333333333334,18059
classification,SimpleMean,EnsembleSoft,0.1,7,2,0.8892972902548826,0.8819131161236424,1286,322,"{'Basal': 167, 'Her2': 179, 'LumA': 560, 'LumB': 380}","{'Basal': 42, 'Her2': 45, 'LumA': 140, 'LumB': 95}",4,False,0.9411764705882353,0.912751677852349,0.9714285714285714,0.8972972972972973,0.9222222222222223,0.8736842105263158,0.813953488372093,0.8536585365853658,0.7777777777777778,0.9047619047619048,0.9047619047619048,0.9047619047619048,18059
classification,SimpleMean,EnsembleSoft,0.1,7,3,0.8638880560626294,0.8595342522974101,1286,322,"{'Basal': 167, 'Her2': 179, 'LumA': 560, 'LumB': 380}","{'Basal': 42, 'Her2': 45, 'LumA': 140, 'LumB': 95}",4,False,0.9225352112676056,0.9097222222222222,0.9357142857142857,0.8556149732620321,0.8695652173913043,0.8421052631578947,0.7391304347826086,0.723404255319149,0.7555555555555555,0.9382716049382716,0.9743589743589743,0.9047619047619048,18059
classification,SimpleMean,EnsembleSoft,0.1,7,4,0.8832460545646655,0.8785128471585468,1287,321,"{'Basal': 168, 'Her2': 179, 'LumA': 560, 'LumB': 380}","{'Basal': 41, 'Her2': 45, 'LumA': 140, 'LumB': 95}",4,False,0.931899641577061,0.935251798561151,0.9285714285714286,0.8865979381443299,0.8686868686868687,0.9052631578947369,0.7777777777777778,0.7777777777777778,0.7777777777777778,0.9367088607594937,0.9736842105263158,0.9024390243902439,18059
classification,SimpleMean,EnsembleSoft,0.1,7,5,0.8624275692156523,0.8418717247664617,1287,321,"{'Basal': 167, 'Her2': 180, 'LumA': 560, 'LumB': 380}","{'Basal': 42, 'Her2': 44, 'LumA': 140, 'LumB': 95}",4,False,0.9246575342465754,0.8881578947368421,0.9642857142857143,0.8541666666666666,0.845360824742268,0.8631578947368421,0.7341772151898734,0.8285714285714286,0.6590909090909091,0.9367088607594937,1.0,0.8809523809523809,18059
classification,"KNN(k=5,dist)",EnsembleSoft,0.1,7,1,0.8717415706043052,0.869423558897243,1286,322,"{'Basal': 167, 'Her2': 179, 'LumA': 560, 'LumB': 380}","{'Basal': 42, 'Her2': 45, 'LumA': 140, 'LumB': 95}",4,False,0.9084249084249084,0.9323308270676691,0.8857142857142857,0.8743718592964824,0.8365384615384616,0.9157894736842105,0.8210526315789474,0.78,0.8666666666666667,0.8831168831168831,0.9714285714285714,0.8095238095238095,18059
classification,"KNN(k=5,dist)",EnsembleSoft,0.1,7,2,0.8945338566639072,0.8839912280701755,1286,322,"{'Basal': 167, 'Her2': 179, 'LumA': 560, 'LumB': 380}","{'Basal': 42, 'Her2': 45, 'LumA': 140, 'LumB': 95}",4,False,0.9351535836177475,0.8954248366013072,0.9785714285714285,0.8901098901098901,0.9310344827586207,0.8526315789473684,0.8372093023255814,0.8780487804878049,0.8,0.9156626506024096,0.926829268292683,0.9047619047619048,18059
classification,"KNN(k=5,dist)",EnsembleSoft,0.1,7,3,0.8704220716566862,0.8654866332497911,1286,322,"{'Basal': 167, 'Her2': 179, 'LumA': 560, 'LumB': 380}","{'Basal': 42, 'Her2': 45, 'LumA': 140, 'LumB': 95}",4,False,0.9192982456140351,0.903448275862069,0.9357142857142857,0.8556149732620321,0.8695652173913043,0.8421052631578947,0.7555555555555555,0.7555555555555555,0.7555555555555555,0.9512195121951219,0.975,0.9285714285714286,18059
classification,"KNN(k=5,dist)",EnsembleSoft,0.1,7,4,0.8741265751647658,0.8699278684516168,1287,321,"{'Basal': 168, 'Her2': 179, 'LumA': 560, 'LumB': 380}","{'Basal': 41, 'Her2': 45, 'LumA': 140, 'LumB': 95}",4,False,0.9175627240143369,0.920863309352518,0.9142857142857143,0.882051282051282,0.86,0.9052631578947369,0.7586206896551724,0.7857142857142857,0.7333333333333333,0.9382716049382716,0.95,0.926829268292683,18059
classification,"KNN(k=5,dist)",EnsembleSoft,0.1,7,5,0.8521373832933983,0.8306561859193438,1287,321,"{'Basal': 167, 'Her2': 180, 'LumA': 560, 'LumB': 380}","{'Basal': 42, 'Her2': 44, 'LumA': 140, 'LumB': 95}",4,False,0.9183673469387755,0.8766233766233766,0.9642857142857143,0.8421052631578947,0.8421052631578947,0.8421052631578947,0.725,0.8055555555555556,0.6590909090909091,0.9230769230769231,1.0,0.8571428571428571,18059
classification,RFECA_SVR(k=5),EnsembleSoft,0.1,7,1,0.8666508098731586,0.868483709273183,1286,322,"{'Basal': 167, 'Her2': 179, 'LumA': 560, 'LumB': 380}","{'Basal': 42, 'Her2': 45, 'LumA': 140, 'LumB': 95}",4,False,0.9003690036900369,0.9312977099236641,0.8714285714285714,0.8844221105527639,0.8461538461538461,0.9263157894736842,0.8210526315789474,0.78,0.8666666666666667,0.8607594936708861,0.918918918918919,0.8095238095238095,18059
classification,RFECA_SVR(k=5),EnsembleSoft,0.1,7,2,0.8998128496560368,0.8921783625730995,1286,322,"{'Basal': 167, 'Her2': 179, 'LumA': 560, 'LumB': 380}","{'Basal': 42, 'Her2': 45, 'LumA': 140, 'LumB': 95}",4,False,0.9415807560137457,0.9072847682119205,0.9785714285714285,0.9010989010989011,0.9425287356321839,0.8631578947368421,0.8409090909090909,0.8604651162790697,0.8222222222222222,0.9156626506024096,0.926829268292683,0.9047619047619048,18059
classification,RFECA_SVR(k=5),EnsembleSoft,0.1,7,3,0.8602319827601759,0.8531328320802004,1286,322,"{'Basal': 167, 'Her2': 179, 'LumA': 560, 'LumB': 380}","{'Basal': 42, 'Her2': 45, 'LumA': 140, 'LumB': 95}",4,False,0.9198606271777003,0.8979591836734694,0.9428571428571428,0.8494623655913979,0.8681318681318682,0.8315789473684211,0.7333333333333333,0.7333333333333333,0.7333333333333333,0.9382716049382716,0.9743589743589743,0.9047619047619048,18059
classification,RFECA_SVR(k=5),EnsembleSoft,0.1,7,4,0.8924718959201718,0.8861037247590522,1287,321,"{'Basal': 168, 'Her2': 179, 'LumA': 560, 'LumB': 380}","{'Basal': 41, 'Her2': 45, 'LumA': 140, 'LumB': 95}",4,False,0.9357142857142857,0.9357142857142857,0.9357142857142857,0.9025641025641026,0.88,0.9263157894736842,0.7816091954022989,0.8095238095238095,0.7555555555555555,0.95,0.9743589743589743,0.926829268292683,18059
classification,RFECA_SVR(k=5),EnsembleSoft,0.1,7,5,0.8624275692156523,0.8418717247664617,1287,321,"{'Basal': 167, 'Her2': 180, 'LumA': 560, 'LumB': 380}","{'Basal': 42, 'Her2': 44, 'LumA': 140, 'LumB': 95}",4,False,0.9246575342465754,0.8881578947368421,0.9642857142857143,0.8541666666666666,0.845360824742268,0.8631578947368421,0.7341772151898734,0.8285714285714286,0.6590909090909091,0.9367088607594937,1.0,0.8809523809523809,18059
classification,RFECA_SVR(k=10),EnsembleSoft,0.1,7,1,0.8645271053865324,0.8666979949874687,1286,322,"{'Basal': 167, 'Her2': 179, 'LumA': 560, 'LumB': 380}","{'Basal': 42, 'Her2': 45, 'LumA': 140, 'LumB': 95}",4,False,0.8962962962962963,0.9307692307692308,0.8642857142857143,0.88,0.8380952380952381,0.9263157894736842,0.8210526315789474,0.78,0.8666666666666667,0.8607594936708861,0.918918918918919,0.8095238095238095,18059
classification,RFECA_SVR(k=10),EnsembleSoft,0.1,7,2,0.8939809220597327,0.8844402673350041,1286,322,"{'Basal': 167, 'Her2': 179, 'LumA': 560, 'LumB': 380}","{'Basal': 42, 'Her2': 45, 'LumA': 140, 'LumB': 95}",4,False,0.9347079037800687,0.9006622516556292,0.9714285714285714,0.8961748633879781,0.9318181818181818,0.8631578947368421,0.8314606741573034,0.8409090909090909,0.8222222222222222,0.9135802469135802,0.9487179487179487,0.8809523809523809,18059
classification,RFECA_SVR(k=10),EnsembleSoft,0.1,7,3,0.8715350648522127,0.8660296574770259,1286,322,"{'Basal': 167, 'Her2': 179, 'LumA': 560, 'LumB': 380}","{'Basal': 42, 'Her2': 45, 'LumA': 140, 'LumB': 95}",4,False,0.9236111111111112,0.8986486486486487,0.95,0.8633879781420765,0.8977272727272727,0.8315789473684211,0.7608695652173914,0.7446808510638298,0.7777777777777778,0.9382716049382716,0.9743589743589743,0.9047619047619048,18059
classification,RFECA_SVR(k=10),EnsembleSoft,0.1,7,4,0.8787944001242791,0.8752850113087598,1287,321,"{'Basal': 168, 'Her2': 179, 'LumA': 560, 'LumB': 380}","{'Basal': 41, 'Her2': 45, 'LumA': 140, 'LumB': 95}",4,False,0.9357142857142857,0.9357142857142857,0.9357142857142857,0.8911917098445595,0.8775510204081632,0.9052631578947369,0.75,0.7674418604651163,0.7333333333333333,0.9382716049382716,0.95,0.926829268292683,18059
classification,RFECA_SVR(k=10),EnsembleSoft,0.1,7,5,0.8675012846153917,0.8475535429482798,1287,321,"{'Basal': 167, 'Her2': 180, 'LumA': 560, 'LumB': 380}","{'Basal': 42, 'Her2': 44, 'LumA': 140, 'LumB': 95}",4,False,0.9246575342465754,0.8881578947368421,0.9642857142857143,0.8586387434554974,0.8541666666666666,0.8631578947368421,0.75,0.8333333333333334,0.6818181818181818,0.9367088607594937,1.0,0.8809523809523809,18059
classification,RFECA_SVR(k=20),EnsembleSoft,0.1,7,1,0.8650153295164063,0.8669903926482874,1286,322,"{'Basal': 167, 'Her2': 179, 'LumA': 560, 'LumB': 380}","{'Basal': 42, 'Her2': 45, 'LumA': 140, 'LumB': 95}",4,False,0.8962962962962963,0.9307692307692308,0.8642857142857143,0.864321608040201,0.8269230769230769,0.9052631578947369,0.8163265306122449,0.7547169811320755,0.8888888888888888,0.8831168831168831,0.9714285714285714,0.8095238095238095,18059
classification,RFECA_SVR(k=20),EnsembleSoft,0.1,7,2,0.8933692852419882,0.8839912280701755,1286,322,"{'Basal': 167, 'Her2': 179, 'LumA': 560, 'LumB': 380}","{'Basal': 42, 'Her2': 45, 'LumA': 140, 'LumB': 95}",4,False,0.9383561643835616,0.9013157894736842,0.9785714285714285,0.8901098901098901,0.9310344827586207,0.8526315789473684,0.8181818181818182,0.8372093023255814,0.8,0.926829268292683,0.95,0.9047619047619048,18059
classification,RFECA_SVR(k=20),EnsembleSoft,0.1,7,3,0.8677831895582153,0.8621658312447785,1286,322,"{'Basal': 167, 'Her2': 179, 'LumA': 560, 'LumB': 380}","{'Basal': 42, 'Her2': 45, 'LumA': 140, 'LumB': 95}",4,False,0.9192982456140351,0.903448275862069,0.9357142857142857,0.8663101604278075,0.8804347826086957,0.8526315789473684,0.7472527472527473,0.7391304347826086,0.7555555555555555,0.9382716049382716,0.9743589743589743,0.9047619047619048,18059
classification,RFECA_SVR(k=20),EnsembleSoft,0.1,7,4,0.8768504937859027,0.8726534323613914,1287,321,"{'Basal': 168, 'Her2': 179, 'LumA': 560, 'LumB': 380}","{'Basal': 41, 'Her2': 45, 'LumA': 140, 'LumB': 95}",4,False,0.9290780141843972,0.9225352112676056,0.9357142857142857,0.8900523560209425,0.8854166666666666,0.8947368421052632,0.75,0.7674418604651163,0.7333333333333333,0.9382716049382716,0.95,0.926829268292683,18059
classification,RFECA_SVR(k=20),EnsembleSoft,0.1,7,5,0.8606183732229866,0.8418717247664617,1287,321,"{'Basal': 167, 'Her2': 180, 'LumA': 560, 'LumB': 380}","{'Basal': 42, 'Her2': 44, 'LumA': 140, 'LumB': 95}",4,False,0.9246575342465754,0.8881578947368421,0.9642857142857143,0.8586387434554974,0.8541666666666666,0.8631578947368421,0.7341772151898734,0.8285714285714286,0.6590909090909091,0.925,0.9736842105263158,0.8809523809523809,18059
classification,MissForest,EnsembleSoft,0.1,7,1,0.873370276776033,0.8755743525480368,1286,322,"{'Basal': 167, 'Her2': 179, 'LumA': 560, 'LumB': 380}","{'Basal': 42, 'Her2': 45, 'LumA': 140, 'LumB': 95}",4,False,0.8996282527881041,0.937984496124031,0.8642857142857143,0.8656716417910447,0.8207547169811321,0.9157894736842105,0.8421052631578947,0.8,0.8888888888888888,0.8860759493670886,0.9459459459459459,0.8333333333333334,18059
classification,MissForest,EnsembleSoft,0.1,7,2,0.8951069316988476,0.8848370927318296,1286,322,"{'Basal': 167, 'Her2': 179, 'LumA': 560, 'LumB': 380}","{'Basal': 42, 'Her2': 45, 'LumA': 140, 'LumB': 95}",4,False,0.9347079037800687,0.9006622516556292,0.9714285714285714,0.8913043478260869,0.9213483146067416,0.8631578947368421,0.8275862068965517,0.8571428571428571,0.8,0.926829268292683,0.95,0.9047619047619048,18059
classification,MissForest,EnsembleSoft,0.1,7,3,0.8636332542129643,0.858688387635756,1286,322,"{'Basal': 167, 'Her2': 179, 'LumA': 560, 'LumB': 380}","{'Basal': 42, 'Her2': 45, 'LumA': 140, 'LumB': 95}",4,False,0.9230769230769231,0.9041095890410958,0.9428571428571428,0.8540540540540541,0.8777777777777778,0.8315789473684211,0.7391304347826086,0.723404255319149,0.7555555555555555,0.9382716049382716,0.9743589743589743,0.9047619047619048,18059
classification,MissForest,EnsembleSoft,0.1,7,4,0.8763122689980098,0.86918745033315,1287,321,"{'Basal': 168, 'Her2': 179, 'LumA': 560, 'LumB': 380}","{'Basal': 41, 'Her2': 45, 'LumA': 140, 'LumB': 95}",4,False,0.9257950530035336,0.916083916083916,0.9357142857142857,0.8958333333333334,0.8865979381443299,0.9052631578947369,0.7586206896551724,0.7857142857142857,0.7333333333333333,0.925,0.9487179487179487,0.9024390243902439,18059
classification,MissForest,EnsembleSoft,0.1,7,5,0.8667440646494422,0.8462890179995444,1287,321,"{'Basal': 167, 'Her2': 180, 'LumA': 560, 'LumB': 380}","{'Basal': 42, 'Her2': 44, 'LumA': 140, 'LumB': 95}",4,False,0.9315068493150684,0.8947368421052632,0.9714285714285714,0.8645833333333334,0.8556701030927835,0.8736842105263158,0.7341772151898734,0.8285714285714286,0.6590909090909091,0.9367088607594937,1.0,0.8809523809523809,18059
classification,SimpleMean,EnsembleSoft,0.1,8,1,0.8707223298586023,0.8695802005012531,1286,322,"{'Basal': 167, 'Her2': 179, 'LumA': 560, 'LumB': 380}","{'Basal': 42, 'Her2': 45, 'LumA': 140, 'LumB': 95}",4,False,0.917910447761194,0.9609375,0.8785714285714286,0.8780487804878049,0.8181818181818182,0.9473684210526315,0.8297872340425532,0.7959183673469388,0.8666666666666667,0.8571428571428571,0.9428571428571428,0.7857142857142857,18060
classification,SimpleMean,EnsembleSoft,0.1,8,2,0.8751962323390895,0.8640455304928989,1286,322,"{'Basal': 167, 'Her2': 179, 'LumA': 560, 'LumB': 380}","{'Basal': 42, 'Her2': 45, 'LumA': 140, 'LumB': 95}",4,False,0.9183673469387755,0.8766233766233766,0.9642857142857143,0.8681318681318682,0.9080459770114943,0.8315789473684211,0.8095238095238095,0.8717948717948718,0.7555555555555555,0.9047619047619048,0.9047619047619048,0.9047619047619048,18060
classification,SimpleMean,EnsembleSoft,0.1,8,3,0.8844229342846559,0.8785818713450292,1286,322,"{'Basal': 167, 'Her2': 179, 'LumA': 560, 'LumB': 380}","{'Basal': 42, 'Her2': 45, 'LumA': 140, 'LumB': 95}",4,False,0.9084507042253521,0.8958333333333334,0.9214285714285714,0.8465608465608465,0.851063829787234,0.8421052631578947,0.8314606741573034,0.8409090909090909,0.8222222222222222,0.9512195121951219,0.975,0.9285714285714286,18060
classification,SimpleMean,EnsembleSoft,0.1,8,4,0.8890597519207628,0.8865945351182836,1287,321,"{'Basal': 168, 'Her2': 179, 'LumA': 560, 'LumB': 380}","{'Basal': 41, 'Her2': 45, 'LumA': 140, 'LumB': 95}",4,False,0.924187725631769,0.9343065693430657,0.9142857142857143,0.882051282051282,0.86,0.9052631578947369,0.8,0.8,0.8,0.95,0.9743589743589743,0.926829268292683,18060
classification,SimpleMean,EnsembleSoft,0.1,8,5,0.8798236642238324,0.8597089314194577,1287,321,"{'Basal': 167, 'Her2': 180, 'LumA': 560, 'LumB': 380}","{'Basal': 42, 'Her2': 44, 'LumA': 140, 'LumB': 95}",4,False,0.9288135593220339,0.8838709677419355,0.9785714285714285,0.8829787234042553,0.8924731182795699,0.8736842105263158,0.7692307692307693,0.8823529411764706,0.6818181818181818,0.9382716049382716,0.9743589743589743,0.9047619047619048,18060
classification,"KNN(k=5,dist)",EnsembleSoft,0.1,8,1,0.8703795066413662,0.8631787802840434,1286,322,"{'Basal': 167, 'Her2': 179, 'LumA': 560, 'LumB': 380}","{'Basal': 42, 'Her2': 45, 'LumA': 140, 'LumB': 95}",4,False,0.9117647058823529,0.9393939393939394,0.8857142857142857,0.8725490196078431,0.8165137614678899,0.9368421052631579,0.8172043010752689,0.7916666666666666,0.8444444444444444,0.88,1.0,0.7857142857142857,18060
classification,"KNN(k=5,dist)",EnsembleSoft,0.1,8,2,0.9023127436736083,0.8912385129490393,1286,322,"{'Basal': 167, 'Her2': 179, 'LumA': 560, 'LumB': 380}","{'Basal': 42, 'Her2': 45, 'LumA': 140, 'LumB': 95}",4,False,0.9342560553633218,0.9060402684563759,0.9642857142857143,0.8877005347593583,0.9021739130434783,0.8736842105263158,0.8604651162790697,0.9024390243902439,0.8222222222222222,0.926829268292683,0.95,0.9047619047619048,18060
classification,"KNN(k=5,dist)",EnsembleSoft,0.1,8,3,0.8729153364324962,0.8697055137844611,1286,322,"{'Basal': 167, 'Her2': 179, 'LumA': 560, 'LumB': 380}","{'Basal': 42, 'Her2': 45, 'LumA': 140, 'LumB': 95}",4,False,0.9181494661921709,0.9148936170212766,0.9214285714285714,0.8526315789473684,0.8526315789473684,0.8526315789473684,0.782608695652174,0.7659574468085106,0.8,0.9382716049382716,0.9743589743589743,0.9047619047619048,18060
classification,"KNN(k=5,dist)",EnsembleSoft,0.1,8,4,0.8837030353159385,0.8784074006153596,1287,321,"{'Basal': 168, 'Her2': 179, 'LumA': 560, 'LumB': 380}","{'Basal': 41, 'Her2': 45, 'LumA': 140, 'LumB': 95}",4,False,0.9175627240143369,0.920863309352518,0.9142857142857143,0.8717948717948718,0.85,0.8947368421052632,0.7954545454545454,0.813953488372093,0.7777777777777778,0.95,0.9743589743589743,0.926829268292683,18060
classification,"KNN(k=5,dist)",EnsembleSoft,0.1,8,5,0.8693110356674187,0.8480747322852586,1287,321,"{'Basal': 167, 'Her2': 180, 'LumA': 560, 'LumB': 380}","{'Basal': 42, 'Her2': 44, 'LumA': 140, 'LumB': 95}",4,False,0.9256756756756757,0.8782051282051282,0.9785714285714285,0.8829787234042553,0.8924731182795699,0.8736842105263158,0.7435897435897436,0.8529411764705882,0.6590909090909091,0.925,0.9736842105263158,0.8809523809523809,18060
classification,RFECA_SVR(k=5),EnsembleSoft,0.1,8,1,0.8706106139087879,0.8677944862155388,1286,322,"{'Basal': 167, 'Her2': 179, 'LumA': 560, 'LumB': 380}","{'Basal': 42, 'Her2': 45, 'LumA': 140, 'LumB': 95}",4,False,0.9104477611940298,0.953125,0.8714285714285714,0.8737864077669902,0.8108108108108109,0.9473684210526315,0.8297872340425532,0.7959183673469388,0.8666666666666667,0.868421052631579,0.9705882352941176,0.7857142857142857,18060
classification,RFECA_SVR(k=5),EnsembleSoft,0.1,8,2,0.8890695698053614,0.8743107769423559,1286,322,"{'Basal': 167, 'Her2': 179, 'LumA': 560, 'LumB': 380}","{'Basal': 42, 'Her2': 45, 'LumA': 140, 'LumB': 95}",4,False,0.918918918918919,0.8717948717948718,0.9714285714285714,0.861878453038674,0.9069767441860465,0.8210526315789474,0.8372093023255814,0.8780487804878049,0.8,0.9382716049382716,0.9743589743589743,0.9047619047619048,18060
classification,RFECA_SVR(k=5),EnsembleSoft,0.1,8,3,0.8786996485858787,0.8718880534670009,1286,322,"{'Basal': 167, 'Her2': 179, 'LumA': 560, 'LumB': 380}","{'Basal': 42, 'Her2': 45, 'LumA': 140, 'LumB': 95}",4,False,0.9154929577464789,0.9027777777777778,0.9285714285714286,0.8526315789473684,0.8526315789473684,0.8526315789473684,0.7954545454545454,0.813953488372093,0.7777777777777778,0.9512195121951219,0.975,0.9285714285714286,18060
classification,RFECA_SVR(k=5),EnsembleSoft,0.1,8,4,0.886193559594598,0.8848088208325693,1287,321,"{'Basal': 168, 'Her2': 179, 'LumA': 560, 'LumB': 380}","{'Basal': 41, 'Her2': 45, 'LumA': 140, 'LumB': 95}",4,False,0.9169675090252708,0.927007299270073,0.9071428571428571,0.8865979381443299,0.8686868686868687,0.9052631578947369,0.7912087912087912,0.782608695652174,0.8,0.95,0.9743589743589743,0.926829268292683,18060
classification,RFECA_SVR(k=5),EnsembleSoft,0.1,8,5,0.8821528408934425,0.8605547960811119,1287,321,"{'Basal': 167, 'Her2': 180, 'LumA': 560, 'LumB': 380}","{'Basal': 42, 'Her2': 44, 'LumA': 140, 'LumB': 95}",4,False,0.9251700680272109,0.8831168831168831,0.9714285714285714,0.8842105263157894,0.8842105263157894,0.8842105263157894,0.7692307692307693,0.8823529411764706,0.6818181818181818,0.95,1.0,0.9047619047619048,18060
classification,RFECA_SVR(k=10),EnsembleSoft,0.1,8,1,0.8787954452647246,0.8762218045112782,1286,322,"{'Basal': 167, 'Her2': 179, 'LumA': 560, 'LumB': 380}","{'Basal': 42, 'Her2': 45, 'LumA': 140, 'LumB': 95}",4,False,0.9077490774907749,0.9389312977099237,0.8785714285714286,0.8712871287128713,0.822429906542056,0.9263157894736842,0.8387096774193549,0.8125,0.8666666666666667,0.8974358974358975,0.9722222222222222,0.8333333333333334,18060
classification,RFECA_SVR(k=10),EnsembleSoft,0.1,8,2,0.8962511212632853,0.8851294903926483,1286,322,"{'Basal': 167, 'Her2': 179, 'LumA': 560, 'LumB': 380}","{'Basal': 42, 'Her2': 45, 'LumA': 140, 'LumB': 95}",4,False,0.9315068493150684,0.8947368421052632,0.9714285714285714,0.8743169398907104,0.9090909090909091,0.8421052631578947,0.8409090909090909,0.8604651162790697,0.8222222222222222,0.9382716049382716,0.9743589743589743,0.9047619047619048,18060
classification,RFECA_SVR(k=10),EnsembleSoft,0.1,8,3,0.8733038304207978,0.8684106098579784,1286,322,"{'Basal': 167, 'Her2': 179, 'LumA': 560, 'LumB': 380}","{'Basal': 42, 'Her2': 45, 'LumA': 140, 'LumB': 95}",4,False,0.9192982456140351,0.903448275862069,0.9357142857142857,0.8449197860962567,0.8586956521739131,0.8315789473684211,0.7777777777777778,0.7777777777777778,0.7777777777777778,0.9512195121951219,0.975,0.9285714285714286,18060
classification,RFECA_SVR(k=10),EnsembleSoft,0.1,8,4,0.8883159526014672,0.8865945351182836,1287,321,"{'Basal': 168, 'Her2': 179, 'LumA': 560, 'LumB': 380}","{'Basal': 41, 'Her2': 45, 'LumA': 140, 'LumB': 95}",4,False,0.920863309352518,0.927536231884058,0.9142857142857143,0.8911917098445595,0.8775510204081632,0.9052631578947369,0.7912087912087912,0.782608695652174,0.8,0.95,0.9743589743589743,0.926829268292683,18060
classification,RFECA_SVR(k=10),EnsembleSoft,0.1,8,5,0.8764785168139535,0.8579232171337434,1287,321,"{'Basal': 167, 'Her2': 180, 'LumA': 560, 'LumB': 380}","{'Basal': 42, 'Her2': 44, 'LumA': 140, 'LumB': 95}",4,False,0.9251700680272109,0.8831168831168831,0.9714285714285714,0.8829787234042553,0.8924731182795699,0.8736842105263158,0.759493670886076,0.8571428571428571,0.6818181818181818,0.9382716049382716,0.9743589743589743,0.9047619047619048,18060
classification,RFECA_SVR(k=20),EnsembleSoft,0.1,8,1,0.8793364766314621,0.8771616541353384,1286,322,"{'Basal': 167, 'Her2': 179, 'LumA': 560, 'LumB': 380}","{'Basal': 42, 'Her2': 45, 'LumA': 140, 'LumB': 95}",4,False,0.9157509157509157,0.9398496240601504,0.8928571428571429,0.8743718592964824,0.8365384615384616,0.9157894736842105,0.8297872340425532,0.7959183673469388,0.8666666666666667,0.8974358974358975,0.9722222222222222,0.8333333333333334,18060
classification,RFECA_SVR(k=20),EnsembleSoft,0.1,8,2,0.8995559322838156,0.8851294903926483,1286,322,"{'Basal': 167, 'Her2': 179, 'LumA': 560, 'LumB': 380}","{'Basal': 42, 'Her2': 45, 'LumA': 140, 'LumB': 95}",4,False,0.9251700680272109,0.8831168831168831,0.9714285714285714,0.8743169398907104,0.9090909090909091,0.8421052631578947,0.8604651162790697,0.9024390243902439,0.8222222222222222,0.9382716049382716,0.9743589743589743,0.9047619047619048,18060
classification,RFECA_SVR(k=20),EnsembleSoft,0.1,8,3,0.8810101790748778,0.8745196324143694,1286,322,"{'Basal': 167, 'Her2': 179, 'LumA': 560, 'LumB': 380}","{'Basal': 42, 'Her2': 45, 'LumA': 140, 'LumB': 95}",4,False,0.9187279151943463,0.9090909090909091,0.9285714285714286,0.8586387434554974,0.8541666666666666,0.8631578947368421,0.7954545454545454,0.813953488372093,0.7777777777777778,0.9512195121951219,0.975,0.9285714285714286,18060
classification,RFECA_SVR(k=20),EnsembleSoft,0.1,8,4,0.894687975615233,0.8901659636897121,1287,321,"{'Basal': 168, 'Her2': 179, 'LumA': 560, 'LumB': 380}","{'Basal': 41, 'Her2': 45, 'LumA': 140, 'LumB': 95}",4,False,0.9285714285714286,0.9285714285714286,0.9285714285714286,0.8911917098445595,0.8775510204081632,0.9052631578947369,0.8089887640449438,0.8181818181818182,0.8,0.95,0.9743589743589743,0.926829268292683,18060
classification,RFECA_SVR(k=20),EnsembleSoft,0.1,8,5,0.8725464517733957,0.8519708361813625,1287,321,"{'Basal': 167, 'Her2': 180, 'LumA': 560, 'LumB': 380}","{'Basal': 42, 'Her2': 44, 'LumA': 140, 'LumB': 95}",4,False,0.9251700680272109,0.8831168831168831,0.9714285714285714,0.8783068783068783,0.8829787234042553,0.8736842105263158,0.75,0.8333333333333334,0.6818181818181818,0.9367088607594937,1.0,0.8809523809523809,18060
classification,MissForest,EnsembleSoft,0.1,8,1,0.8734477016996087,0.8667502088554719,1286,322,"{'Basal': 167, 'Her2': 179, 'LumA': 560, 'LumB': 380}","{'Basal': 42, 'Her2': 45, 'LumA': 140, 'LumB': 95}",4,False,0.9197080291970803,0.9402985074626866,0.9,0.8855721393034826,0.839622641509434,0.9368421052631579,0.8085106382978723,0.7755102040816326,0.8444444444444444,0.88,1.0,0.7857142857142857,18060
classification,MissForest,EnsembleSoft,0.1,8,2,0.9029143786807763,0.8903926482873852,1286,322,"{'Basal': 167, 'Her2': 179, 'LumA': 560, 'LumB': 380}","{'Basal': 42, 'Her2': 45, 'LumA': 140, 'LumB': 95}",4,False,0.9315068493150684,0.8947368421052632,0.9714285714285714,0.8913043478260869,0.9213483146067416,0.8631578947368421,0.8505747126436781,0.8809523809523809,0.8222222222222222,0.9382716049382716,0.9743589743589743,0.9047619047619048,18060
classification,MissForest,EnsembleSoft,0.1,8,3,0.8797584361675553,0.8743629908103593,1286,322,"{'Basal': 167, 'Her2': 179, 'LumA': 560, 'LumB': 380}","{'Basal': 42, 'Her2': 45, 'LumA': 140, 'LumB': 95}",4,False,0.9192982456140351,0.903448275862069,0.9357142857142857,0.8404255319148937,0.8494623655913979,0.8315789473684211,0.7954545454545454,0.813953488372093,0.7777777777777778,0.963855421686747,0.975609756097561,0.9523809523809523,18060
classification,MissForest,EnsembleSoft,0.1,8,4,0.8759336085194183,0.8699278684516168,1287,321,"{'Basal': 168, 'Her2': 179, 'LumA': 560, 'LumB': 380}","{'Basal': 41, 'Her2': 45, 'LumA': 140, 'LumB': 95}",4,False,0.9175627240143369,0.920863309352518,0.9142857142857143,0.8775510204081632,0.8514851485148515,0.9052631578947369,0.7586206896551724,0.7857142857142857,0.7333333333333333,0.95,0.9743589743589743,0.926829268292683,18060
classification,MissForest,EnsembleSoft,0.1,8,5,0.87495214619788,0.8558669400774664,1287,321,"{'Basal': 167, 'Her2': 180, 'LumA': 560, 'LumB': 380}","{'Basal': 42, 'Her2': 44, 'LumA': 140, 'LumB': 95}",4,False,0.9215017064846417,0.8823529411764706,0.9642857142857143,0.8783068783068783,0.8829787234042553,0.8736842105263158,0.775,0.8611111111111112,0.7045454545454546,0.925,0.9736842105263158,0.8809523809523809,18060
classification,SimpleMean,EnsembleSoft,0.1,9,1,0.8729797979797981,0.8692773600668338,1286,322,"{'Basal': 167, 'Her2': 179, 'LumA': 560, 'LumB': 380}","{'Basal': 42, 'Her2': 45, 'LumA': 140, 'LumB': 95}",4,False,0.9163636363636364,0.9333333333333333,0.9,0.8888888888888888,0.8543689320388349,0.9263157894736842,0.8333333333333334,0.7843137254901961,0.8888888888888888,0.8533333333333334,0.9696969696969697,0.7619047619047619,18061
classification,SimpleMean,EnsembleSoft,0.1,9,2,0.8803425944901967,0.8733709273182958,1286,322,"{'Basal': 167, 'Her2': 179, 'LumA': 560, 'LumB': 380}","{'Basal': 42, 'Her2': 45, 'LumA': 140, 'LumB': 95}",4,False,0.9241379310344827,0.8933333333333333,0.9571428571428572,0.8633879781420765,0.8977272727272727,0.8315789473684211,0.8181818181818182,0.8372093023255814,0.8,0.9156626506024096,0.926829268292683,0.9047619047619048,18061
classification,SimpleMean,EnsembleSoft,0.1,9,3,0.8635809228136659,0.8545634920634921,1286,322,"{'Basal': 167, 'Her2': 179, 'LumA': 560, 'LumB': 380}","{'Basal': 42, 'Her2': 45, 'LumA': 140, 'LumB': 95}",4,False,0.903448275862069,0.8733333333333333,0.9357142857142857,0.8260869565217391,0.8539325842696629,0.8,0.7865168539325843,0.7954545454545454,0.7777777777777778,0.9382716049382716,0.9743589743589743,0.9047619047619048,18061
classification,SimpleMean,EnsembleSoft,0.1,9,4,0.8653467007149453,0.8637248609328199,1287,321,"{'Basal': 168, 'Her2': 179, 'LumA': 560, 'LumB': 380}","{'Basal': 41, 'Her2': 45, 'LumA': 140, 'LumB': 95}",4,False,0.9097472924187726,0.9197080291970803,0.9,0.8717948717948718,0.85,0.8947368421052632,0.7415730337078652,0.75,0.7333333333333333,0.9382716049382716,0.95,0.926829268292683,18061
classification,SimpleMean,EnsembleSoft,0.1,9,5,0.8595079030205612,0.8387189564821143,1287,321,"{'Basal': 167, 'Her2': 180, 'LumA': 560, 'LumB': 380}","{'Basal': 42, 'Her2': 44, 'LumA': 140, 'LumB': 95}",4,False,0.9047619047619048,0.8636363636363636,0.95,0.8465608465608465,0.851063829787234,0.8421052631578947,0.75,0.8333333333333334,0.6818181818181818,0.9367088607594937,1.0,0.8809523809523809,18061
classification,"KNN(k=5,dist)",EnsembleSoft,0.1,9,1,0.8582985173991218,0.8550856307435255,1286,322,"{'Basal': 167, 'Her2': 179, 'LumA': 560, 'LumB': 380}","{'Basal': 42, 'Her2': 45, 'LumA': 140, 'LumB': 95}",4,False,0.8962962962962963,0.9307692307692308,0.8642857142857143,0.8472906403940886,0.7962962962962963,0.9052631578947369,0.8247422680412371,0.7692307692307693,0.8888888888888888,0.8648648648648649,1.0,0.7619047619047619,18061
classification,"KNN(k=5,dist)",EnsembleSoft,0.1,9,2,0.8919831805835281,0.8837406015037594,1286,322,"{'Basal': 167, 'Her2': 179, 'LumA': 560, 'LumB': 380}","{'Basal': 42, 'Her2': 45, 'LumA': 140, 'LumB': 95}",4,False,0.9278350515463918,0.8940397350993378,0.9642857142857143,0.8743169398907104,0.9090909090909091,0.8421052631578947,0.8372093023255814,0.8780487804878049,0.8,0.9285714285714286,0.9285714285714286,0.9285714285714286,18061
classification,"KNN(k=5,dist)",EnsembleSoft,0.1,9,3,0.8774099727317106,0.870749791144528,1286,322,"{'Basal': 167, 'Her2': 179, 'LumA': 560, 'LumB': 380}","{'Basal': 42, 'Her2': 45, 'LumA': 140, 'LumB': 95}",4,False,0.9225352112676056,0.9097222222222222,0.9357142857142857,0.8631578947368421,0.8631578947368421,0.8631578947368421,0.7727272727272727,0.7906976744186046,0.7555555555555555,0.9512195121951219,0.975,0.9285714285714286,18061
classification,"KNN(k=5,dist)",EnsembleSoft,0.1,9,4,0.8798108500694708,0.8734992970230455,1287,321,"{'Basal': 168, 'Her2': 179, 'LumA': 560, 'LumB': 380}","{'Basal': 41, 'Her2': 45, 'LumA': 140, 'LumB': 95}",4,False,0.9285714285714286,0.9285714285714286,0.9285714285714286,0.882051282051282,0.86,0.9052631578947369,0.7586206896551724,0.7857142857142857,0.7333333333333333,0.95,0.9743589743589743,0.926829268292683,18061
classification,"KNN(k=5,dist)",EnsembleSoft,0.1,9,5,0.8795398067588076,0.8561375028480291,1287,321,"{'Basal': 167, 'Her2': 180, 'LumA': 560, 'LumB': 380}","{'Basal': 42, 'Her2': 44, 'LumA': 140, 'LumB': 95}",4,False,0.9152542372881356,0.8709677419354839,0.9642857142857143,0.8736842105263158,0.8736842105263158,0.8736842105263158,0.7792207792207793,0.9090909090909091,0.6818181818181818,0.95,1.0,0.9047619047619048,18061
classification,RFECA_SVR(k=5),EnsembleSoft,0.1,9,1,0.8721385162252036,0.8680868838763576,1286,322,"{'Basal': 167, 'Her2': 179, 'LumA': 560, 'LumB': 380}","{'Basal': 42, 'Her2': 45, 'LumA': 140, 'LumB': 95}",4,False,0.9037037037037037,0.9384615384615385,0.8714285714285714,0.8627450980392157,0.8073394495412844,0.9263157894736842,0.8421052631578947,0.8,0.8888888888888888,0.88,1.0,0.7857142857142857,18061
classification,RFECA_SVR(k=5),EnsembleSoft,0.1,9,2,0.8950444552071128,0.8813596491228071,1286,322,"{'Basal': 167, 'Her2': 179, 'LumA': 560, 'LumB': 380}","{'Basal': 42, 'Her2': 45, 'LumA': 140, 'LumB': 95}",4,False,0.9319727891156463,0.8896103896103896,0.9785714285714285,0.8743169398907104,0.9090909090909091,0.8421052631578947,0.8470588235294118,0.9,0.8,0.926829268292683,0.95,0.9047619047619048,18061
classification,RFECA_SVR(k=5),EnsembleSoft,0.1,9,3,0.8856018207019454,0.8797827903091062,1286,322,"{'Basal': 167, 'Her2': 179, 'LumA': 560, 'LumB': 380}","{'Basal': 42, 'Her2': 45, 'LumA': 140, 'LumB': 95}",4,False,0.9252669039145908,0.9219858156028369,0.9285714285714286,0.8704663212435233,0.8571428571428571,0.8842105263157894,0.7954545454545454,0.813953488372093,0.7777777777777778,0.9512195121951219,0.975,0.9285714285714286,18061
classification,RFECA_SVR(k=5),EnsembleSoft,0.1,9,4,0.8813519750450292,0.879054852578601,1287,321,"{'Basal': 168, 'Her2': 179, 'LumA': 560, 'LumB': 380}","{'Basal': 41, 'Her2': 45, 'LumA': 140, 'LumB': 95}",4,False,0.931899641577061,0.935251798561151,0.9285714285714286,0.8911917098445595,0.8775510204081632,0.9052631578947369,0.7640449438202247,0.7727272727272727,0.7555555555555555,0.9382716049382716,0.95,0.926829268292683,18061
classification,RFECA_SVR(k=5),EnsembleSoft,0.1,9,5,0.8700173686495876,0.8508743449532923,1287,321,"{'Basal': 167, 'Her2': 180, 'LumA': 560, 'LumB': 380}","{'Basal': 42, 'Her2': 44, 'LumA': 140, 'LumB': 95}",4,False,0.9183673469387755,0.8766233766233766,0.9642857142857143,0.8617021276595744,0.8709677419354839,0.8526315789473684,0.75,0.8333333333333334,0.6818181818181818,0.95,1.0,0.9047619047619048,18061
classification,RFECA_SVR(k=10),EnsembleSoft,0.1,9,1,0.8586108879405863,0.854344193817878,1286,322,"{'Basal': 167, 'Her2': 179, 'LumA': 560, 'LumB': 380}","{'Basal': 42, 'Her2': 45, 'LumA': 140, 'LumB': 95}",4,False,0.9003690036900369,0.9312977099236641,0.8714285714285714,0.8571428571428571,0.8055555555555556,0.9157894736842105,0.8085106382978723,0.7755102040816326,0.8444444444444444,0.868421052631579,0.9705882352941176,0.7857142857142857,18061
classification,RFECA_SVR(k=10),EnsembleSoft,0.1,9,2,0.8886092743312731,0.8769423558897244,1286,322,"{'Basal': 167, 'Her2': 179, 'LumA': 560, 'LumB': 380}","{'Basal': 42, 'Her2': 45, 'LumA': 140, 'LumB': 95}",4,False,0.9283276450511946,0.8888888888888888,0.9714285714285714,0.8633879781420765,0.8977272727272727,0.8315789473684211,0.8470588235294118,0.9,0.8,0.9156626506024096,0.926829268292683,0.9047619047619048,18061
classification,RFECA_SVR(k=10),EnsembleSoft,0.1,9,3,0.8851786787120548,0.8780910609857979,1286,322,"{'Basal': 167, 'Her2': 179, 'LumA': 560, 'LumB': 380}","{'Basal': 42, 'Her2': 45, 'LumA': 140, 'LumB': 95}",4,False,0.9263157894736842,0.9103448275862069,0.9428571428571428,0.8677248677248677,0.8723404255319149,0.8631578947368421,0.7954545454545454,0.813953488372093,0.7777777777777778,0.9512195121951219,0.975,0.9285714285714286,18061
classification,RFECA_SVR(k=10),EnsembleSoft,0.1,9,4,0.885925167604509,0.8828246938484423,1287,321,"{'Basal': 168, 'Her2': 179, 'LumA': 560, 'LumB': 380}","{'Basal': 41, 'Her2': 45, 'LumA': 140, 'LumB': 95}",4,False,0.9247311827956989,0.9280575539568345,0.9214285714285714,0.8911917098445595,0.8775510204081632,0.9052631578947369,0.7777777777777778,0.7777777777777778,0.7777777777777778,0.95,0.9743589743589743,0.926829268292683,18061
classification,RFECA_SVR(k=10),EnsembleSoft,0.1,9,5,0.8617713799863553,0.8400860104807474,1287,321,"{'Basal': 167, 'Her2': 180, 'LumA': 560, 'LumB': 380}","{'Basal': 42, 'Her2': 44, 'LumA': 140, 'LumB': 95}",4,False,0.9084745762711864,0.864516129032258,0.9571428571428572,0.8677248677248677,0.8723404255319149,0.8631578947368421,0.7341772151898734,0.8285714285714286,0.6590909090909091,0.9367088607594937,1.0,0.8809523809523809,18061
classification,RFECA_SVR(k=20),EnsembleSoft,0.1,9,1,0.8584379962657946,0.8534983291562239,1286,322,"{'Basal': 167, 'Her2': 179, 'LumA': 560, 'LumB': 380}","{'Basal': 42, 'Her2': 45, 'LumA': 140, 'LumB': 95}",4,False,0.9010989010989011,0.924812030075188,0.8785714285714286,0.8557213930348259,0.8113207547169812,0.9052631578947369,0.8085106382978723,0.7755102040816326,0.8444444444444444,0.868421052631579,0.9705882352941176,0.7857142857142857,18061
classification,RFECA_SVR(k=20),EnsembleSoft,0.1,9,2,0.881230014685985,0.8709899749373433,1286,322,"{'Basal': 167, 'Her2': 179, 'LumA': 560, 'LumB': 380}","{'Basal': 42, 'Her2': 45, 'LumA': 140, 'LumB': 95}",4,False,0.9315068493150684,0.8947368421052632,0.9714285714285714,0.8633879781420765,0.8977272727272727,0.8315789473684211,0.8275862068965517,0.8571428571428571,0.8,0.9024390243902439,0.925,0.8809523809523809,18061
classification,RFECA_SVR(k=20),EnsembleSoft,0.1,9,3,0.87907907165766,0.8738304093567252,1286,322,"{'Basal': 167, 'Her2': 179, 'LumA': 560, 'LumB': 380}","{'Basal': 42, 'Her2': 45, 'LumA': 140, 'LumB': 95}",4,False,0.9252669039145908,0.9219858156028369,0.9285714285714286,0.875,0.865979381443299,0.8842105263157894,0.7777777777777778,0.7777777777777778,0.7777777777777778,0.9382716049382716,0.9743589743589743,0.9047619047619048,18061
classification,RFECA_SVR(k=20),EnsembleSoft,0.1,9,4,0.8762297010415863,0.8717135827373311,1287,321,"{'Basal': 168, 'Her2': 179, 'LumA': 560, 'LumB': 380}","{'Basal': 41, 'Her2': 45, 'LumA': 140, 'LumB': 95}",4,False,0.9214285714285714,0.9214285714285714,0.9214285714285714,0.8865979381443299,0.8686868686868687,0.9052631578947369,0.7586206896551724,0.7857142857142857,0.7333333333333333,0.9382716049382716,0.95,0.926829268292683,18061
classification,RFECA_SVR(k=20),EnsembleSoft,0.1,9,5,0.8632211745457676,0.8434068124857599,1287,321,"{'Basal': 167, 'Her2': 180, 'LumA': 560, 'LumB': 380}","{'Basal': 42, 'Her2': 44, 'LumA': 140, 'LumB': 95}",4,False,0.9115646258503401,0.8701298701298701,0.9571428571428572,0.8571428571428571,0.8617021276595744,0.8526315789473684,0.7341772151898734,0.8285714285714286,0.6590909090909091,0.95,1.0,0.9047619047619048,18061
classification,MissForest,EnsembleSoft,0.1,9,1,0.8603319591038536,0.8572681704260652,1286,322,"{'Basal': 167, 'Her2': 179, 'LumA': 560, 'LumB': 380}","{'Basal': 42, 'Her2': 45, 'LumA': 140, 'LumB': 95}",4,False,0.9003690036900369,0.9312977099236641,0.8714285714285714,0.8514851485148515,0.8037383177570093,0.9052631578947369,0.8210526315789474,0.78,0.8666666666666667,0.868421052631579,0.9705882352941176,0.7857142857142857,18061
classification,MissForest,EnsembleSoft,0.1,9,2,0.8977766956442713,0.8839912280701755,1286,322,"{'Basal': 167, 'Her2': 179, 'LumA': 560, 'LumB': 380}","{'Basal': 42, 'Her2': 45, 'LumA': 140, 'LumB': 95}",4,False,0.9319727891156463,0.8896103896103896,0.9785714285714285,0.8852459016393442,0.9204545454545454,0.8526315789473684,0.8470588235294118,0.9,0.8,0.926829268292683,0.95,0.9047619047619048,18061
classification,MissForest,EnsembleSoft,0.1,9,3,0.8830917909135287,0.8763053467000836,1286,322,"{'Basal': 167, 'Her2': 179, 'LumA': 560, 'LumB': 380}","{'Basal': 42, 'Her2': 45, 'LumA': 140, 'LumB': 95}",4,False,0.9225352112676056,0.9097222222222222,0.9357142857142857,0.8631578947368421,0.8631578947368421,0.8631578947368421,0.7954545454545454,0.813953488372093,0.7777777777777778,0.9512195121951219,0.975,0.9285714285714286,18061
classification,MissForest,EnsembleSoft,0.1,9,4,0.8648489290047876,0.8617407339486929,1287,321,"{'Basal': 168, 'Her2': 179, 'LumA': 560, 'LumB': 380}","{'Basal': 41, 'Her2': 45, 'LumA': 140, 'LumB': 95}",4,False,0.9175627240143369,0.920863309352518,0.9142857142857143,0.8762886597938144,0.8585858585858586,0.8947368421052632,0.7272727272727273,0.7441860465116279,0.7111111111111111,0.9382716049382716,0.95,0.926829268292683,18061
classification,MissForest,EnsembleSoft,0.1,9,5,0.8844200035124692,0.8626651856915015,1287,321,"{'Basal': 167, 'Her2': 180, 'LumA': 560, 'LumB': 380}","{'Basal': 42, 'Her2': 44, 'LumA': 140, 'LumB': 95}",4,False,0.9178082191780822,0.881578947368421,0.9571428571428572,0.875,0.865979381443299,0.8842105263157894,0.7948717948717948,0.9117647058823529,0.7045454545454546,0.95,1.0,0.9047619047619048,18061
classification,SimpleMean,EnsembleSoft,0.2,0,1,0.8564952862865577,0.8534043441938179,1286,322,"{'Basal': 167, 'Her2': 179, 'LumA': 560, 'LumB': 380}","{'Basal': 42, 'Her2': 45, 'LumA': 140, 'LumB': 95}",4,False,0.8888888888888888,0.9230769230769231,0.8571428571428571,0.8627450980392157,0.8073394495412844,0.9263157894736842,0.8172043010752689,0.7916666666666666,0.8444444444444444,0.8571428571428571,0.9428571428571428,0.7857142857142857,18062
classification,SimpleMean,EnsembleSoft,0.2,0,2,0.8850651568221355,0.8724832915622389,1286,322,"{'Basal': 167, 'Her2': 179, 'LumA': 560, 'LumB': 380}","{'Basal': 42, 'Her2': 45, 'LumA': 140, 'LumB': 95}",4,False,0.9319727891156463,0.8896103896103896,0.9785714285714285,0.8901098901098901,0.9310344827586207,0.8526315789473684,0.8045977011494253,0.8333333333333334,0.7777777777777778,0.9135802469135802,0.9487179487179487,0.8809523809523809,18062
classification,SimpleMean,EnsembleSoft,0.2,0,3,0.8693840420462077,0.8605263157894736,1286,322,"{'Basal': 167, 'Her2': 179, 'LumA': 560, 'LumB': 380}","{'Basal': 42, 'Her2': 45, 'LumA': 140, 'LumB': 95}",4,False,0.8951048951048951,0.8767123287671232,0.9142857142857143,0.8421052631578947,0.8421052631578947,0.8421052631578947,0.7764705882352941,0.825,0.7333333333333333,0.963855421686747,0.975609756097561,0.9523809523809523,18062
classification,SimpleMean,EnsembleSoft,0.2,0,4,0.8703391401037806,0.8640297389816004,1287,321,"{'Basal': 168, 'Her2': 179, 'LumA': 560, 'LumB': 380}","{'Basal': 41, 'Her2': 45, 'LumA': 140, 'LumB': 95}",4,False,0.9366197183098591,0.9236111111111112,0.95,0.8947368421052632,0.8947368421052632,0.8947368421052632,0.75,0.7674418604651163,0.7333333333333333,0.9,0.9230769230769231,0.8780487804878049,18062
classification,SimpleMean,EnsembleSoft,0.2,0,5,0.8550551660898631,0.8305622009569378,1287,321,"{'Basal': 167, 'Her2': 180, 'LumA': 560, 'LumB': 380}","{'Basal': 42, 'Her2': 44, 'LumA': 140, 'LumB': 95}",4,False,0.8949152542372881,0.8516129032258064,0.9428571428571428,0.8586387434554974,0.8541666666666666,0.8631578947368421,0.7435897435897436,0.8529411764705882,0.6590909090909091,0.9230769230769231,1.0,0.8571428571428571,18062
classification,"KNN(k=5,dist)",EnsembleSoft,0.2,0,1,0.8591411632527116,0.856234335839599,1286,322,"{'Basal': 167, 'Her2': 179, 'LumA': 560, 'LumB': 380}","{'Basal': 42, 'Her2': 45, 'LumA': 140, 'LumB': 95}",4,False,0.9077490774907749,0.9389312977099237,0.8785714285714286,0.8768472906403941,0.8240740740740741,0.9368421052631579,0.7912087912087912,0.782608695652174,0.8,0.8607594936708861,0.918918918918919,0.8095238095238095,18062
classification,"KNN(k=5,dist)",EnsembleSoft,0.2,0,2,0.8857974756986057,0.8739139515455304,1286,322,"{'Basal': 167, 'Her2': 179, 'LumA': 560, 'LumB': 380}","{'Basal': 42, 'Her2': 45, 'LumA': 140, 'LumB': 95}",4,False,0.9220338983050848,0.8774193548387097,0.9714285714285714,0.8666666666666667,0.9176470588235294,0.8210526315789474,0.8409090909090909,0.8604651162790697,0.8222222222222222,0.9135802469135802,0.9487179487179487,0.8809523809523809,18062
classification,"KNN(k=5,dist)",EnsembleSoft,0.2,0,3,0.882959526282274,0.8791353383458647,1286,322,"{'Basal': 167, 'Her2': 179, 'LumA': 560, 'LumB': 380}","{'Basal': 42, 'Her2': 45, 'LumA': 140, 'LumB': 95}",4,False,0.9175627240143369,0.920863309352518,0.9142857142857143,0.8601036269430051,0.8469387755102041,0.8736842105263158,0.7912087912087912,0.782608695652174,0.8,0.9629629629629629,1.0,0.9285714285714286,18062
classification,"KNN(k=5,dist)",EnsembleSoft,0.2,0,4,0.861515897720166,0.8525207836664833,1287,321,"{'Basal': 168, 'Her2': 179, 'LumA': 560, 'LumB': 380}","{'Basal': 41, 'Her2': 45, 'LumA': 140, 'LumB': 95}",4,False,0.916083916083916,0.8972602739726028,0.9357142857142857,0.8958333333333334,0.8865979381443299,0.9052631578947369,0.7317073170731707,0.8108108108108109,0.6666666666666666,0.9024390243902439,0.9024390243902439,0.9024390243902439,18062
classification,"KNN(k=5,dist)",EnsembleSoft,0.2,0,5,0.8567699905419204,0.8350934153565732,1287,321,"{'Basal': 167, 'Her2': 180, 'LumA': 560, 'LumB': 380}","{'Basal': 42, 'Her2': 44, 'LumA': 140, 'LumB': 95}",4,False,0.9054054054054054,0.8589743589743589,0.9571428571428572,0.8465608465608465,0.851063829787234,0.8421052631578947,0.7368421052631579,0.875,0.6363636363636364,0.9382716049382716,0.9743589743589743,0.9047619047619048,18062
classification,RFECA_SVR(k=5),EnsembleSoft,0.2,0,1,0.8477326278461623,0.845812447786132,1286,322,"{'Basal': 167, 'Her2': 179, 'LumA': 560, 'LumB': 380}","{'Basal': 42, 'Her2': 45, 'LumA': 140, 'LumB': 95}",4,False,0.8764044943820225,0.9212598425196851,0.8357142857142857,0.8405797101449275,0.7767857142857143,0.9157894736842105,0.8131868131868132,0.8043478260869565,0.8222222222222222,0.8607594936708861,0.918918918918919,0.8095238095238095,18062
classification,RFECA_SVR(k=5),EnsembleSoft,0.2,0,2,0.88912754660955,0.8800229741019214,1286,322,"{'Basal': 167, 'Her2': 179, 'LumA': 560, 'LumB': 380}","{'Basal': 42, 'Her2': 45, 'LumA': 140, 'LumB': 95}",4,False,0.9310344827586207,0.9,0.9642857142857143,0.8804347826086957,0.9101123595505618,0.8526315789473684,0.8314606741573034,0.8409090909090909,0.8222222222222222,0.9135802469135802,0.9487179487179487,0.8809523809523809,18062
classification,RFECA_SVR(k=5),EnsembleSoft,0.2,0,3,0.8790343263043278,0.872577276524645,1286,322,"{'Basal': 167, 'Her2': 179, 'LumA': 560, 'LumB': 380}","{'Basal': 42, 'Her2': 45, 'LumA': 140, 'LumB': 95}",4,False,0.9090909090909091,0.8904109589041096,0.9285714285714286,0.8449197860962567,0.8586956521739131,0.8315789473684211,0.7865168539325843,0.7954545454545454,0.7777777777777778,0.975609756097561,1.0,0.9523809523809523,18062
classification,RFECA_SVR(k=5),EnsembleSoft,0.2,0,4,0.8716775801271822,0.8619516270350673,1287,321,"{'Basal': 168, 'Her2': 179, 'LumA': 560, 'LumB': 380}","{'Basal': 41, 'Her2': 45, 'LumA': 140, 'LumB': 95}",4,False,0.9295774647887324,0.9166666666666666,0.9428571428571428,0.9015544041450777,0.8877551020408163,0.9157894736842105,0.7441860465116279,0.7804878048780488,0.7111111111111111,0.9113924050632911,0.9473684210526315,0.8780487804878049,18062
classification,RFECA_SVR(k=5),EnsembleSoft,0.2,0,5,0.8664627294949216,0.8425694919115972,1287,321,"{'Basal': 167, 'Her2': 180, 'LumA': 560, 'LumB': 380}","{'Basal': 42, 'Her2': 44, 'LumA': 140, 'LumB': 95}",4,False,0.9115646258503401,0.8701298701298701,0.9571428571428572,0.8762886597938144,0.8585858585858586,0.8947368421052632,0.7397260273972602,0.9310344827586207,0.6136363636363636,0.9382716049382716,0.9743589743589743,0.9047619047619048,18062
classification,RFECA_SVR(k=10),EnsembleSoft,0.2,0,1,0.8411217337349283,0.8420426065162907,1286,322,"{'Basal': 167, 'Her2': 179, 'LumA': 560, 'LumB': 380}","{'Basal': 42, 'Her2': 45, 'LumA': 140, 'LumB': 95}",4,False,0.8872180451127819,0.9365079365079365,0.8428571428571429,0.8446601941747572,0.7837837837837838,0.9157894736842105,0.782608695652174,0.7659574468085106,0.8,0.85,0.8947368421052632,0.8095238095238095,18062
classification,RFECA_SVR(k=10),EnsembleSoft,0.2,0,2,0.8955930688501903,0.8851817042606517,1286,322,"{'Basal': 167, 'Her2': 179, 'LumA': 560, 'LumB': 380}","{'Basal': 42, 'Her2': 45, 'LumA': 140, 'LumB': 95}",4,False,0.9310344827586207,0.9,0.9642857142857143,0.8804347826086957,0.9101123595505618,0.8526315789473684,0.8478260869565217,0.8297872340425532,0.8666666666666667,0.9230769230769231,1.0,0.8571428571428571,18062
classification,RFECA_SVR(k=10),EnsembleSoft,0.2,0,3,0.8745432155323988,0.8699456975772766,1286,322,"{'Basal': 167, 'Her2': 179, 'LumA': 560, 'LumB': 380}","{'Basal': 42, 'Her2': 45, 'LumA': 140, 'LumB': 95}",4,False,0.9090909090909091,0.8904109589041096,0.9285714285714286,0.8387096774193549,0.8571428571428571,0.8210526315789474,0.7865168539325843,0.7954545454545454,0.7777777777777778,0.963855421686747,0.975609756097561,0.9523809523809523,18062
classification,RFECA_SVR(k=10),EnsembleSoft,0.2,0,4,0.8604930988391372,0.850298510503902,1287,321,"{'Basal': 168, 'Her2': 179, 'LumA': 560, 'LumB': 380}","{'Basal': 41, 'Her2': 45, 'LumA': 140, 'LumB': 95}",4,False,0.9295774647887324,0.9166666666666666,0.9428571428571428,0.8969072164948454,0.8787878787878788,0.9157894736842105,0.7294117647058823,0.775,0.6888888888888889,0.8860759493670886,0.9210526315789473,0.8536585365853658,18062
classification,RFECA_SVR(k=10),EnsembleSoft,0.2,0,5,0.8693745107404902,0.8438340168603327,1287,321,"{'Basal': 167, 'Her2': 180, 'LumA': 560, 'LumB': 380}","{'Basal': 42, 'Her2': 44, 'LumA': 140, 'LumB': 95}",4,False,0.9047619047619048,0.8636363636363636,0.95,0.865979381443299,0.8484848484848485,0.8842105263157894,0.7567567567567568,0.9333333333333333,0.6363636363636364,0.95,1.0,0.9047619047619048,18062
classification,RFECA_SVR(k=20),EnsembleSoft,0.2,0,1,0.8381411854753733,0.8376253132832081,1286,322,"{'Basal': 167, 'Her2': 179, 'LumA': 560, 'LumB': 380}","{'Basal': 42, 'Her2': 45, 'LumA': 140, 'LumB': 95}",4,False,0.8764044943820225,0.9212598425196851,0.8357142857142857,0.8349514563106796,0.7747747747747747,0.9052631578947369,0.7912087912087912,0.782608695652174,0.8,0.85,0.8947368421052632,0.8095238095238095,18062
classification,RFECA_SVR(k=20),EnsembleSoft,0.2,0,2,0.9009649472982384,0.8914264828738513,1286,322,"{'Basal': 167, 'Her2': 179, 'LumA': 560, 'LumB': 380}","{'Basal': 42, 'Her2': 45, 'LumA': 140, 'LumB': 95}",4,False,0.9246575342465754,0.8881578947368421,0.9642857142857143,0.8729281767955801,0.9186046511627907,0.8315789473684211,0.8695652173913043,0.851063829787234,0.8888888888888888,0.9367088607594937,1.0,0.8809523809523809,18062
classification,RFECA_SVR(k=20),EnsembleSoft,0.2,0,3,0.8798721306841503,0.8783312447786131,1286,322,"{'Basal': 167, 'Her2': 179, 'LumA': 560, 'LumB': 380}","{'Basal': 42, 'Her2': 45, 'LumA': 140, 'LumB': 95}",4,False,0.8975265017667845,0.8881118881118881,0.9071428571428571,0.8449197860962567,0.8586956521739131,0.8315789473684211,0.8131868131868132,0.8043478260869565,0.8222222222222222,0.963855421686747,0.975609756097561,0.9523809523809523,18062
classification,RFECA_SVR(k=20),EnsembleSoft,0.2,0,4,0.8743406379667688,0.8657214683049086,1287,321,"{'Basal': 168, 'Her2': 179, 'LumA': 560, 'LumB': 380}","{'Basal': 41, 'Her2': 45, 'LumA': 140, 'LumB': 95}",4,False,0.9257950530035336,0.916083916083916,0.9357142857142857,0.9015544041450777,0.8877551020408163,0.9157894736842105,0.7586206896551724,0.7857142857142857,0.7333333333333333,0.9113924050632911,0.9473684210526315,0.8780487804878049,18062
classification,RFECA_SVR(k=20),EnsembleSoft,0.2,0,5,0.8760838963963964,0.8500370243791296,1287,321,"{'Basal': 167, 'Her2': 180, 'LumA': 560, 'LumB': 380}","{'Basal': 42, 'Her2': 44, 'LumA': 140, 'LumB': 95}",4,False,0.9121621621621622,0.8653846153846154,0.9642857142857143,0.8854166666666666,0.8762886597938144,0.8947368421052632,0.7567567567567568,0.9333333333333333,0.6363636363636364,0.95,1.0,0.9047619047619048,18062
classification,MissForest,EnsembleSoft,0.2,0,1,0.8459980172854344,0.8475981620718462,1286,322,"{'Basal': 167, 'Her2': 179, 'LumA': 560, 'LumB': 380}","{'Basal': 42, 'Her2': 45, 'LumA': 140, 'LumB': 95}",4,False,0.8872180451127819,0.9365079365079365,0.8428571428571429,0.848780487804878,0.7909090909090909,0.9157894736842105,0.7872340425531915,0.7551020408163265,0.8222222222222222,0.8607594936708861,0.918918918918919,0.8095238095238095,18062
classification,MissForest,EnsembleSoft,0.2,0,2,0.8902516919055372,0.8824979114452799,1286,322,"{'Basal': 167, 'Her2': 179, 'LumA': 560, 'LumB': 380}","{'Basal': 42, 'Her2': 45, 'LumA': 140, 'LumB': 95}",4,False,0.9315068493150684,0.8947368421052632,0.9714285714285714,0.8729281767955801,0.9186046511627907,0.8315789473684211,0.8409090909090909,0.8604651162790697,0.8222222222222222,0.9156626506024096,0.926829268292683,0.9047619047619048,18062
classification,MissForest,EnsembleSoft,0.2,0,3,0.8744339893329458,0.8695593149540518,1286,322,"{'Basal': 167, 'Her2': 179, 'LumA': 560, 'LumB': 380}","{'Basal': 42, 'Her2': 45, 'LumA': 140, 'LumB': 95}",4,False,0.9039145907473309,0.900709219858156,0.9071428571428571,0.8541666666666666,0.845360824742268,0.8631578947368421,0.7640449438202247,0.7727272727272727,0.7555555555555555,0.975609756097561,1.0,0.9523809523809523,18062
classification,MissForest,EnsembleSoft,0.2,0,4,0.8598246942897696,0.8519787782464292,1287,321,"{'Basal': 168, 'Her2': 179, 'LumA': 560, 'LumB': 380}","{'Basal': 41, 'Her2': 45, 'LumA': 140, 'LumB': 95}",4,False,0.9225352112676056,0.9097222222222222,0.9357142857142857,0.8958333333333334,0.8865979381443299,0.9052631578947369,0.7209302325581395,0.7560975609756098,0.6888888888888889,0.9,0.9230769230769231,0.8780487804878049,18062
classification,MissForest,EnsembleSoft,0.2,0,5,0.8723264634801289,0.8486699703804967,1287,321,"{'Basal': 167, 'Her2': 180, 'LumA': 560, 'LumB': 380}","{'Basal': 42, 'Her2': 44, 'LumA': 140, 'LumB': 95}",4,False,0.9115646258503401,0.8701298701298701,0.9571428571428572,0.8645833333333334,0.8556701030927835,0.8736842105263158,0.7631578947368421,0.90625,0.6590909090909091,0.95,1.0,0.9047619047619048,18062
classification,SimpleMean,EnsembleSoft,0.2,1,1,0.8460963751682524,0.8418024227234753,1286,322,"{'Basal': 167, 'Her2': 179, 'LumA': 560, 'LumB': 380}","{'Basal': 42, 'Her2': 45, 'LumA': 140, 'LumB': 95}",4,False,0.9111111111111111,0.9461538461538461,0.8785714285714286,0.8737864077669902,0.8108108108108109,0.9473684210526315,0.7640449438202247,0.7727272727272727,0.7555555555555555,0.8354430379746836,0.8918918918918919,0.7857142857142857,18063
classification,SimpleMean,EnsembleSoft,0.2,1,2,0.8937782652233417,0.8866645781119465,1286,322,"{'Basal': 167, 'Her2': 179, 'LumA': 560, 'LumB': 380}","{'Basal': 42, 'Her2': 45, 'LumA': 140, 'LumB': 95}",4,False,0.9278350515463918,0.8940397350993378,0.9642857142857143,0.8681318681318682,0.9080459770114943,0.8315789473684211,0.8505747126436781,0.8809523809523809,0.8222222222222222,0.9285714285714286,0.9285714285714286,0.9285714285714286,18063
classification,SimpleMean,EnsembleSoft,0.2,1,3,0.867182897372452,0.8613617376775272,1286,322,"{'Basal': 167, 'Her2': 179, 'LumA': 560, 'LumB': 380}","{'Basal': 42, 'Her2': 45, 'LumA': 140, 'LumB': 95}",4,False,0.9027777777777778,0.8783783783783784,0.9285714285714286,0.8369565217391305,0.8651685393258427,0.8105263157894737,0.7777777777777778,0.7777777777777778,0.7777777777777778,0.9512195121951219,0.975,0.9285714285714286,18063
classification,SimpleMean,EnsembleSoft,0.2,1,4,0.879947829403432,0.8718190292805184,1287,321,"{'Basal': 168, 'Her2': 179, 'LumA': 560, 'LumB': 380}","{'Basal': 41, 'Her2': 45, 'LumA': 140, 'LumB': 95}",4,False,0.9257950530035336,0.916083916083916,0.9357142857142857,0.9015544041450777,0.8877551020408163,0.9157894736842105,0.7674418604651163,0.8048780487804879,0.7333333333333333,0.925,0.9487179487179487,0.9024390243902439,18063
classification,SimpleMean,EnsembleSoft,0.2,1,5,0.8453551686060766,0.8283151059466849,1287,321,"{'Basal': 167, 'Her2': 180, 'LumA': 560, 'LumB': 380}","{'Basal': 42, 'Her2': 44, 'LumA': 140, 'LumB': 95}",4,False,0.9078498293515358,0.869281045751634,0.95,0.8210526315789474,0.8210526315789474,0.8210526315789474,0.7012987012987013,0.8181818181818182,0.6136363636363636,0.9512195121951219,0.975,0.9285714285714286,18063
classification,"KNN(k=5,dist)",EnsembleSoft,0.2,1,1,0.8740822053151655,0.8686821219715957,1286,322,"{'Basal': 167, 'Her2': 179, 'LumA': 560, 'LumB': 380}","{'Basal': 42, 'Her2': 45, 'LumA': 140, 'LumB': 95}",4,False,0.9124087591240876,0.9328358208955224,0.8928571428571429,0.8756218905472637,0.8301886792452831,0.9263157894736842,0.8222222222222222,0.8222222222222222,0.8222222222222222,0.8860759493670886,0.9459459459459459,0.8333333333333334,18063
classification,"KNN(k=5,dist)",EnsembleSoft,0.2,1,2,0.8999849964546187,0.8869152046783626,1286,322,"{'Basal': 167, 'Her2': 179, 'LumA': 560, 'LumB': 380}","{'Basal': 42, 'Her2': 45, 'LumA': 140, 'LumB': 95}",4,False,0.9319727891156463,0.8896103896103896,0.9785714285714285,0.8791208791208791,0.9195402298850575,0.8421052631578947,0.8505747126436781,0.8809523809523809,0.8222222222222222,0.9382716049382716,0.9743589743589743,0.9047619047619048,18063
classification,"KNN(k=5,dist)",EnsembleSoft,0.2,1,3,0.8812068993692193,0.8770467836257311,1286,322,"{'Basal': 167, 'Her2': 179, 'LumA': 560, 'LumB': 380}","{'Basal': 42, 'Her2': 45, 'LumA': 140, 'LumB': 95}",4,False,0.9219858156028369,0.9154929577464789,0.9285714285714286,0.8571428571428571,0.8617021276595744,0.8526315789473684,0.7956989247311828,0.7708333333333334,0.8222222222222222,0.95,1.0,0.9047619047619048,18063
classification,"KNN(k=5,dist)",EnsembleSoft,0.2,1,4,0.8763684116298203,0.8720059803981498,1287,321,"{'Basal': 168, 'Her2': 179, 'LumA': 560, 'LumB': 380}","{'Basal': 41, 'Her2': 45, 'LumA': 140, 'LumB': 95}",4,False,0.9148936170212766,0.9084507042253521,0.9214285714285714,0.8795811518324608,0.875,0.8842105263157894,0.7727272727272727,0.7906976744186046,0.7555555555555555,0.9382716049382716,0.95,0.926829268292683,18063
classification,"KNN(k=5,dist)",EnsembleSoft,0.2,1,5,0.8468367822091227,0.8249943039416724,1287,321,"{'Basal': 167, 'Her2': 180, 'LumA': 560, 'LumB': 380}","{'Basal': 42, 'Her2': 44, 'LumA': 140, 'LumB': 95}",4,False,0.8956228956228957,0.8471337579617835,0.95,0.8404255319148937,0.8494623655913979,0.8315789473684211,0.7012987012987013,0.8181818181818182,0.6136363636363636,0.95,1.0,0.9047619047619048,18063
classification,RFECA_SVR(k=5),EnsembleSoft,0.2,1,1,0.8579709491729992,0.8559314954051795,1286,322,"{'Basal': 167, 'Her2': 179, 'LumA': 560, 'LumB': 380}","{'Basal': 42, 'Her2': 45, 'LumA': 140, 'LumB': 95}",4,False,0.9197080291970803,0.9402985074626866,0.9,0.8787878787878788,0.8446601941747572,0.9157894736842105,0.7872340425531915,0.7551020408163265,0.8222222222222222,0.8461538461538461,0.9166666666666666,0.7857142857142857,18063
classification,RFECA_SVR(k=5),EnsembleSoft,0.2,1,2,0.8793661448671775,0.8680659983291562,1286,322,"{'Basal': 167, 'Her2': 179, 'LumA': 560, 'LumB': 380}","{'Basal': 42, 'Her2': 45, 'LumA': 140, 'LumB': 95}",4,False,0.9315068493150684,0.8947368421052632,0.9714285714285714,0.8695652173913043,0.898876404494382,0.8421052631578947,0.813953488372093,0.8536585365853658,0.7777777777777778,0.9024390243902439,0.925,0.8809523809523809,18063
classification,RFECA_SVR(k=5),EnsembleSoft,0.2,1,3,0.8722652245015547,0.8697055137844611,1286,322,"{'Basal': 167, 'Her2': 179, 'LumA': 560, 'LumB': 380}","{'Basal': 42, 'Her2': 45, 'LumA': 140, 'LumB': 95}",4,False,0.9148936170212766,0.9084507042253521,0.9214285714285714,0.8617021276595744,0.8709677419354839,0.8526315789473684,0.7741935483870968,0.75,0.8,0.9382716049382716,0.9743589743589743,0.9047619047619048,18063
classification,RFECA_SVR(k=5),EnsembleSoft,0.2,1,4,0.8918305795151151,0.8847158546773437,1287,321,"{'Basal': 168, 'Her2': 179, 'LumA': 560, 'LumB': 380}","{'Basal': 41, 'Her2': 45, 'LumA': 140, 'LumB': 95}",4,False,0.9361702127659575,0.9295774647887324,0.9428571428571428,0.9015544041450777,0.8877551020408163,0.9157894736842105,0.8045977011494253,0.8333333333333334,0.7777777777777778,0.925,0.9487179487179487,0.9024390243902439,18063
classification,RFECA_SVR(k=5),EnsembleSoft,0.2,1,5,0.8508517800805439,0.8344041922989291,1287,321,"{'Basal': 167, 'Her2': 180, 'LumA': 560, 'LumB': 380}","{'Basal': 42, 'Her2': 44, 'LumA': 140, 'LumB': 95}",4,False,0.9178082191780822,0.881578947368421,0.9571428571428572,0.8631578947368421,0.8631578947368421,0.8631578947368421,0.7088607594936709,0.8,0.6363636363636364,0.9135802469135802,0.9487179487179487,0.8809523809523809,18063
classification,RFECA_SVR(k=10),EnsembleSoft,0.2,1,1,0.8540540825122678,0.8549916457811195,1286,322,"{'Basal': 167, 'Her2': 179, 'LumA': 560, 'LumB': 380}","{'Basal': 42, 'Her2': 45, 'LumA': 140, 'LumB': 95}",4,False,0.9084249084249084,0.9323308270676691,0.8857142857142857,0.8934010152284264,0.8627450980392157,0.9263157894736842,0.7789473684210526,0.74,0.8222222222222222,0.8354430379746836,0.8918918918918919,0.7857142857142857,18063
classification,RFECA_SVR(k=10),EnsembleSoft,0.2,1,2,0.8821413494093907,0.8703007518796992,1286,322,"{'Basal': 167, 'Her2': 179, 'LumA': 560, 'LumB': 380}","{'Basal': 42, 'Her2': 45, 'LumA': 140, 'LumB': 95}",4,False,0.9347079037800687,0.9006622516556292,0.9714285714285714,0.8756756756756757,0.9,0.8526315789473684,0.8181818181818182,0.8372093023255814,0.8,0.9,0.9473684210526315,0.8571428571428571,18063
classification,RFECA_SVR(k=10),EnsembleSoft,0.2,1,3,0.856917747896895,0.8541666666666667,1286,322,"{'Basal': 167, 'Her2': 179, 'LumA': 560, 'LumB': 380}","{'Basal': 42, 'Her2': 45, 'LumA': 140, 'LumB': 95}",4,False,0.9128919860627178,0.891156462585034,0.9357142857142857,0.8397790055248618,0.8837209302325582,0.8,0.75,0.7058823529411765,0.8,0.925,0.9736842105263158,0.8809523809523809,18063
classification,RFECA_SVR(k=10),EnsembleSoft,0.2,1,4,0.8855346276133804,0.8819902907675694,1287,321,"{'Basal': 168, 'Her2': 179, 'LumA': 560, 'LumB': 380}","{'Basal': 41, 'Her2': 45, 'LumA': 140, 'LumB': 95}",4,False,0.9280575539568345,0.9347826086956522,0.9214285714285714,0.9025641025641026,0.88,0.9263157894736842,0.7865168539325843,0.7954545454545454,0.7777777777777778,0.925,0.9487179487179487,0.9024390243902439,18063
classification,RFECA_SVR(k=10),EnsembleSoft,0.2,1,5,0.8527046146093765,0.8344041922989291,1287,321,"{'Basal': 167, 'Her2': 180, 'LumA': 560, 'LumB': 380}","{'Basal': 42, 'Her2': 44, 'LumA': 140, 'LumB': 95}",4,False,0.9115646258503401,0.8701298701298701,0.9571428571428572,0.8677248677248677,0.8723404255319149,0.8631578947368421,0.717948717948718,0.8235294117647058,0.6363636363636364,0.9135802469135802,0.9487179487179487,0.8809523809523809,18063
classification,RFECA_SVR(k=20),EnsembleSoft,0.2,1,1,0.8559972454208846,0.8549916457811195,1286,322,"{'Basal': 167, 'Her2': 179, 'LumA': 560, 'LumB': 380}","{'Basal': 42, 'Her2': 45, 'LumA': 140, 'LumB': 95}",4,False,0.9084249084249084,0.9323308270676691,0.8857142857142857,0.8844221105527639,0.8461538461538461,0.9263157894736842,0.7956989247311828,0.7708333333333334,0.8222222222222222,0.8354430379746836,0.8918918918918919,0.7857142857142857,18063
classification,RFECA_SVR(k=20),EnsembleSoft,0.2,1,2,0.8816940230545204,0.8706975772765246,1286,322,"{'Basal': 167, 'Her2': 179, 'LumA': 560, 'LumB': 380}","{'Basal': 42, 'Her2': 45, 'LumA': 140, 'LumB': 95}",4,False,0.9347079037800687,0.9006622516556292,0.9714285714285714,0.8756756756756757,0.9,0.8526315789473684,0.813953488372093,0.8536585365853658,0.7777777777777778,0.9024390243902439,0.925,0.8809523809523809,18063
classification,RFECA_SVR(k=20),EnsembleSoft,0.2,1,3,0.8605052592106321,0.8554093567251462,1286,322,"{'Basal': 167, 'Her2': 179, 'LumA': 560, 'LumB': 380}","{'Basal': 42, 'Her2': 45, 'LumA': 140, 'LumB': 95}",4,False,0.9059233449477352,0.8843537414965986,0.9285714285714286,0.8369565217391305,0.8651685393258427,0.8105263157894737,0.7608695652173914,0.7446808510638298,0.7777777777777778,0.9382716049382716,0.9743589743589743,0.9047619047619048,18063
classification,RFECA_SVR(k=20),EnsembleSoft,0.2,1,4,0.8936363556397974,0.8866999816614707,1287,321,"{'Basal': 168, 'Her2': 179, 'LumA': 560, 'LumB': 380}","{'Basal': 41, 'Her2': 45, 'LumA': 140, 'LumB': 95}",4,False,0.931899641577061,0.935251798561151,0.9285714285714286,0.8877551020408163,0.8613861386138614,0.9157894736842105,0.8181818181818182,0.8372093023255814,0.8,0.9367088607594937,0.9736842105263158,0.9024390243902439,18063
classification,RFECA_SVR(k=20),EnsembleSoft,0.2,1,5,0.8527042811103451,0.833558327637275,1287,321,"{'Basal': 167, 'Her2': 180, 'LumA': 560, 'LumB': 380}","{'Basal': 42, 'Her2': 44, 'LumA': 140, 'LumB': 95}",4,False,0.9152542372881356,0.8709677419354839,0.9642857142857143,0.8617021276595744,0.8709677419354839,0.8526315789473684,0.7088607594936709,0.8,0.6363636363636364,0.925,0.9736842105263158,0.8809523809523809,18063
classification,MissForest,EnsembleSoft,0.2,1,1,0.8546278331422524,0.849436090225564,1286,322,"{'Basal': 167, 'Her2': 179, 'LumA': 560, 'LumB': 380}","{'Basal': 42, 'Her2': 45, 'LumA': 140, 'LumB': 95}",4,False,0.9117647058823529,0.9393939393939394,0.8857142857142857,0.8669950738916257,0.8148148148148148,0.9263157894736842,0.782608695652174,0.7659574468085106,0.8,0.8571428571428571,0.9428571428571428,0.7857142857142857,18063
classification,MissForest,EnsembleSoft,0.2,1,2,0.8908516845405845,0.8818086883876357,1286,322,"{'Basal': 167, 'Her2': 179, 'LumA': 560, 'LumB': 380}","{'Basal': 42, 'Her2': 45, 'LumA': 140, 'LumB': 95}",4,False,0.9379310344827586,0.9066666666666666,0.9714285714285714,0.8804347826086957,0.9101123595505618,0.8526315789473684,0.8314606741573034,0.8409090909090909,0.8222222222222222,0.9135802469135802,0.9487179487179487,0.8809523809523809,18063
classification,MissForest,EnsembleSoft,0.2,1,3,0.8678694928148085,0.8617690058479531,1286,322,"{'Basal': 167, 'Her2': 179, 'LumA': 560, 'LumB': 380}","{'Basal': 42, 'Her2': 45, 'LumA': 140, 'LumB': 95}",4,False,0.9192982456140351,0.903448275862069,0.9357142857142857,0.8663101604278075,0.8804347826086957,0.8526315789473684,0.7608695652173914,0.7446808510638298,0.7777777777777778,0.925,0.9736842105263158,0.8809523809523809,18063
classification,MissForest,EnsembleSoft,0.2,1,4,0.872579960565655,0.8662520121441817,1287,321,"{'Basal': 168, 'Her2': 179, 'LumA': 560, 'LumB': 380}","{'Basal': 41, 'Her2': 45, 'LumA': 140, 'LumB': 95}",4,False,0.9328621908127208,0.9230769230769231,0.9428571428571428,0.875,0.865979381443299,0.8842105263157894,0.7441860465116279,0.7804878048780488,0.7111111111111111,0.9382716049382716,0.95,0.926829268292683,18063
classification,MissForest,EnsembleSoft,0.2,1,5,0.8564819557404304,0.8361899065846434,1287,321,"{'Basal': 167, 'Her2': 180, 'LumA': 560, 'LumB': 380}","{'Basal': 42, 'Her2': 44, 'LumA': 140, 'LumB': 95}",4,False,0.9152542372881356,0.8709677419354839,0.9642857142857143,0.8677248677248677,0.8723404255319149,0.8631578947368421,0.717948717948718,0.8235294117647058,0.6363636363636364,0.925,0.9736842105263158,0.8809523809523809,18063
classification,SimpleMean,EnsembleSoft,0.2,2,1,0.8579451546051425,0.8537489557226399,1286,322,"{'Basal': 167, 'Her2': 179, 'LumA': 560, 'LumB': 380}","{'Basal': 42, 'Her2': 45, 'LumA': 140, 'LumB': 95}",4,False,0.9124087591240876,0.9328358208955224,0.8928571428571429,0.8743718592964824,0.8365384615384616,0.9157894736842105,0.7916666666666666,0.7450980392156863,0.8444444444444444,0.8533333333333334,0.9696969696969697,0.7619047619047619,18064
classification,SimpleMean,EnsembleSoft,0.2,2,2,0.8623217098594522,0.8514933166248955,1286,322,"{'Basal': 167, 'Her2': 179, 'LumA': 560, 'LumB': 380}","{'Basal': 42, 'Her2': 45, 'LumA': 140, 'LumB': 95}",4,False,0.9047619047619048,0.8636363636363636,0.95,0.861878453038674,0.9069767441860465,0.8210526315789474,0.8045977011494253,0.8333333333333334,0.7777777777777778,0.8780487804878049,0.9,0.8571428571428571,18064
classification,SimpleMean,EnsembleSoft,0.2,2,3,0.8478478868297225,0.8422619047619047,1286,322,"{'Basal': 167, 'Her2': 179, 'LumA': 560, 'LumB': 380}","{'Basal': 42, 'Her2': 45, 'LumA': 140, 'LumB': 95}",4,False,0.8943661971830986,0.8819444444444444,0.9071428571428571,0.8042328042328042,0.8085106382978723,0.8,0.7415730337078652,0.75,0.7333333333333333,0.9512195121951219,0.975,0.9285714285714286,18064
classification,SimpleMean,EnsembleSoft,0.2,2,4,0.858980410397505,0.8561851783931373,1287,321,"{'Basal': 168, 'Her2': 179, 'LumA': 560, 'LumB': 380}","{'Basal': 41, 'Her2': 45, 'LumA': 140, 'LumB': 95}",4,False,0.9110320284697508,0.9078014184397163,0.9142857142857143,0.8854166666666666,0.8762886597938144,0.8947368421052632,0.7126436781609196,0.7380952380952381,0.6888888888888889,0.926829268292683,0.926829268292683,0.926829268292683,18064
classification,SimpleMean,EnsembleSoft,0.2,2,5,0.8500696310906883,0.8297163362952836,1287,321,"{'Basal': 167, 'Her2': 180, 'LumA': 560, 'LumB': 380}","{'Basal': 42, 'Her2': 44, 'LumA': 140, 'LumB': 95}",4,False,0.910958904109589,0.875,0.95,0.84375,0.8350515463917526,0.8526315789473684,0.7341772151898734,0.8285714285714286,0.6590909090909091,0.9113924050632911,0.972972972972973,0.8571428571428571,18064
classification,"KNN(k=5,dist)",EnsembleSoft,0.2,2,1,0.8590290909983236,0.8540517961570593,1286,322,"{'Basal': 167, 'Her2': 179, 'LumA': 560, 'LumB': 380}","{'Basal': 42, 'Her2': 45, 'LumA': 140, 'LumB': 95}",4,False,0.9037037037037037,0.9384615384615385,0.8714285714285714,0.8682926829268293,0.8090909090909091,0.9368421052631579,0.7956989247311828,0.7708333333333334,0.8222222222222222,0.868421052631579,0.9705882352941176,0.7857142857142857,18064
classification,"KNN(k=5,dist)",EnsembleSoft,0.2,2,2,0.8935805646403817,0.8829573934837094,1286,322,"{'Basal': 167, 'Her2': 179, 'LumA': 560, 'LumB': 380}","{'Basal': 42, 'Her2': 45, 'LumA': 140, 'LumB': 95}",4,False,0.9166666666666666,0.8918918918918919,0.9428571428571428,0.8936170212765957,0.9032258064516129,0.8842105263157894,0.8372093023255814,0.8780487804878049,0.8,0.926829268292683,0.95,0.9047619047619048,18064
classification,"KNN(k=5,dist)",EnsembleSoft,0.2,2,3,0.8575491456780449,0.851388888888889,1286,322,"{'Basal': 167, 'Her2': 179, 'LumA': 560, 'LumB': 380}","{'Basal': 42, 'Her2': 45, 'LumA': 140, 'LumB': 95}",4,False,0.9020979020979021,0.8835616438356164,0.9214285714285714,0.8128342245989305,0.8260869565217391,0.8,0.7640449438202247,0.7727272727272727,0.7555555555555555,0.9512195121951219,0.975,0.9285714285714286,18064
classification,"KNN(k=5,dist)",EnsembleSoft,0.2,2,4,0.8686422397734497,0.8603528638669845,1287,321,"{'Basal': 168, 'Her2': 179, 'LumA': 560, 'LumB': 380}","{'Basal': 41, 'Her2': 45, 'LumA': 140, 'LumB': 95}",4,False,0.911660777385159,0.9020979020979021,0.9214285714285714,0.8704663212435233,0.8571428571428571,0.8842105263157894,0.7674418604651163,0.8048780487804879,0.7333333333333333,0.925,0.9487179487179487,0.9024390243902439,18064
classification,"KNN(k=5,dist)",EnsembleSoft,0.2,2,5,0.8481325838317364,0.826238892686261,1287,321,"{'Basal': 167, 'Her2': 180, 'LumA': 560, 'LumB': 380}","{'Basal': 42, 'Her2': 44, 'LumA': 140, 'LumB': 95}",4,False,0.9084745762711864,0.864516129032258,0.9571428571428572,0.8359788359788359,0.8404255319148937,0.8315789473684211,0.725,0.8055555555555556,0.6590909090909091,0.9230769230769231,1.0,0.8571428571428571,18064
classification,RFECA_SVR(k=5),EnsembleSoft,0.2,2,1,0.8442270064676363,0.8407581453634085,1286,322,"{'Basal': 167, 'Her2': 179, 'LumA': 560, 'LumB': 380}","{'Basal': 42, 'Her2': 45, 'LumA': 140, 'LumB': 95}",4,False,0.8962962962962963,0.9307692307692308,0.8642857142857143,0.8725490196078431,0.8165137614678899,0.9368421052631579,0.7659574468085106,0.7346938775510204,0.8,0.8421052631578947,0.9411764705882353,0.7619047619047619,18064
classification,RFECA_SVR(k=5),EnsembleSoft,0.2,2,2,0.8966453767862843,0.8864243943191312,1286,322,"{'Basal': 167, 'Her2': 179, 'LumA': 560, 'LumB': 380}","{'Basal': 42, 'Her2': 45, 'LumA': 140, 'LumB': 95}",4,False,0.9209621993127147,0.8874172185430463,0.9571428571428572,0.8961748633879781,0.9318181818181818,0.8631578947368421,0.8444444444444444,0.8444444444444444,0.8444444444444444,0.925,0.9736842105263158,0.8809523809523809,18064
classification,RFECA_SVR(k=5),EnsembleSoft,0.2,2,3,0.8605104795581772,0.8566520467836257,1286,322,"{'Basal': 167, 'Her2': 179, 'LumA': 560, 'LumB': 380}","{'Basal': 42, 'Her2': 45, 'LumA': 140, 'LumB': 95}",4,False,0.9084507042253521,0.8958333333333334,0.9214285714285714,0.8297872340425532,0.8387096774193549,0.8210526315789474,0.7640449438202247,0.7727272727272727,0.7555555555555555,0.9397590361445783,0.9512195121951219,0.9285714285714286,18064
classification,RFECA_SVR(k=5),EnsembleSoft,0.2,2,4,0.8948176847391507,0.8849540008557981,1287,321,"{'Basal': 168, 'Her2': 179, 'LumA': 560, 'LumB': 380}","{'Basal': 41, 'Her2': 45, 'LumA': 140, 'LumB': 95}",4,False,0.9300699300699301,0.910958904109589,0.95,0.900523560209424,0.8958333333333334,0.9052631578947369,0.7857142857142857,0.8461538461538461,0.7333333333333333,0.9629629629629629,0.975,0.9512195121951219,18064
classification,RFECA_SVR(k=5),EnsembleSoft,0.2,2,5,0.8518132422832742,0.8310833902939166,1287,321,"{'Basal': 167, 'Her2': 180, 'LumA': 560, 'LumB': 380}","{'Basal': 42, 'Her2': 44, 'LumA': 140, 'LumB': 95}",4,False,0.9178082191780822,0.881578947368421,0.9571428571428572,0.8601036269430051,0.8469387755102041,0.8736842105263158,0.717948717948718,0.8235294117647058,0.6363636363636364,0.9113924050632911,0.972972972972973,0.8571428571428571,18064
classification,RFECA_SVR(k=10),EnsembleSoft,0.2,2,1,0.858410573964499,0.8555868838763576,1286,322,"{'Basal': 167, 'Her2': 179, 'LumA': 560, 'LumB': 380}","{'Basal': 42, 'Her2': 45, 'LumA': 140, 'LumB': 95}",4,False,0.8962962962962963,0.9307692307692308,0.8642857142857143,0.8669950738916257,0.8148148148148148,0.9263157894736842,0.7872340425531915,0.7551020408163265,0.8222222222222222,0.8831168831168831,0.9714285714285714,0.8095238095238095,18064
classification,RFECA_SVR(k=10),EnsembleSoft,0.2,2,2,0.9036990779419249,0.8932226399331663,1286,322,"{'Basal': 167, 'Her2': 179, 'LumA': 560, 'LumB': 380}","{'Basal': 42, 'Her2': 45, 'LumA': 140, 'LumB': 95}",4,False,0.9204152249134948,0.8926174496644296,0.95,0.8924731182795699,0.9120879120879121,0.8736842105263158,0.8636363636363636,0.8837209302325582,0.8444444444444444,0.9382716049382716,0.9743589743589743,0.9047619047619048,18064
classification,RFECA_SVR(k=10),EnsembleSoft,0.2,2,3,0.8555948392500483,0.8502506265664159,1286,322,"{'Basal': 167, 'Her2': 179, 'LumA': 560, 'LumB': 380}","{'Basal': 42, 'Her2': 45, 'LumA': 140, 'LumB': 95}",4,False,0.9090909090909091,0.8904109589041096,0.9285714285714286,0.8235294117647058,0.8369565217391305,0.8105263157894737,0.75,0.7674418604651163,0.7333333333333333,0.9397590361445783,0.9512195121951219,0.9285714285714286,18064
classification,RFECA_SVR(k=10),EnsembleSoft,0.2,2,4,0.8954282717919311,0.8884314444648207,1287,321,"{'Basal': 168, 'Her2': 179, 'LumA': 560, 'LumB': 380}","{'Basal': 41, 'Her2': 45, 'LumA': 140, 'LumB': 95}",4,False,0.9328621908127208,0.9230769230769231,0.9428571428571428,0.9119170984455959,0.8979591836734694,0.9263157894736842,0.7857142857142857,0.8461538461538461,0.7333333333333333,0.9512195121951219,0.9512195121951219,0.9512195121951219,18064
classification,RFECA_SVR(k=10),EnsembleSoft,0.2,2,5,0.8713340092059929,0.8517202096149464,1287,321,"{'Basal': 167, 'Her2': 180, 'LumA': 560, 'LumB': 380}","{'Basal': 42, 'Her2': 44, 'LumA': 140, 'LumB': 95}",4,False,0.9146757679180887,0.8758169934640523,0.9571428571428572,0.8631578947368421,0.8631578947368421,0.8631578947368421,0.7692307692307693,0.8823529411764706,0.6818181818181818,0.9382716049382716,0.9743589743589743,0.9047619047619048,18064
classification,RFECA_SVR(k=20),EnsembleSoft,0.2,2,1,0.8629828015468317,0.8632205513784461,1286,322,"{'Basal': 167, 'Her2': 179, 'LumA': 560, 'LumB': 380}","{'Basal': 42, 'Her2': 45, 'LumA': 140, 'LumB': 95}",4,False,0.9003690036900369,0.9312977099236641,0.8714285714285714,0.864321608040201,0.8269230769230769,0.9052631578947369,0.8041237113402062,0.75,0.8666666666666667,0.8831168831168831,0.9714285714285714,0.8095238095238095,18064
classification,RFECA_SVR(k=20),EnsembleSoft,0.2,2,2,0.8869802072356283,0.8782372598162071,1286,322,"{'Basal': 167, 'Her2': 179, 'LumA': 560, 'LumB': 380}","{'Basal': 42, 'Her2': 45, 'LumA': 140, 'LumB': 95}",4,False,0.9241379310344827,0.8933333333333333,0.9571428571428572,0.8804347826086957,0.9101123595505618,0.8526315789473684,0.8409090909090909,0.8604651162790697,0.8222222222222222,0.9024390243902439,0.925,0.8809523809523809,18064
classification,RFECA_SVR(k=20),EnsembleSoft,0.2,2,3,0.8693579174310123,0.8635442773600668,1286,322,"{'Basal': 167, 'Her2': 179, 'LumA': 560, 'LumB': 380}","{'Basal': 42, 'Her2': 45, 'LumA': 140, 'LumB': 95}",4,False,0.9128919860627178,0.891156462585034,0.9357142857142857,0.8279569892473119,0.8461538461538461,0.8105263157894737,0.7727272727272727,0.7906976744186046,0.7555555555555555,0.963855421686747,0.975609756097561,0.9523809523809523,18064
classification,RFECA_SVR(k=20),EnsembleSoft,0.2,2,4,0.8954221991315358,0.8866457301791064,1287,321,"{'Basal': 168, 'Her2': 179, 'LumA': 560, 'LumB': 380}","{'Basal': 41, 'Her2': 45, 'LumA': 140, 'LumB': 95}",4,False,0.9257950530035336,0.916083916083916,0.9357142857142857,0.9072164948453608,0.8888888888888888,0.9263157894736842,0.7857142857142857,0.8461538461538461,0.7333333333333333,0.9629629629629629,0.975,0.9512195121951219,18064
classification,RFECA_SVR(k=20),EnsembleSoft,0.2,2,5,0.8699009491278931,0.8493392572339941,1287,321,"{'Basal': 167, 'Her2': 180, 'LumA': 560, 'LumB': 380}","{'Basal': 42, 'Her2': 44, 'LumA': 140, 'LumB': 95}",4,False,0.9251700680272109,0.8831168831168831,0.9714285714285714,0.8677248677248677,0.8723404255319149,0.8631578947368421,0.75,0.8333333333333334,0.6818181818181818,0.9367088607594937,1.0,0.8809523809523809,18064
classification,MissForest,EnsembleSoft,0.2,2,1,0.864761699743043,0.8613408521303259,1286,322,"{'Basal': 167, 'Her2': 179, 'LumA': 560, 'LumB': 380}","{'Basal': 42, 'Her2': 45, 'LumA': 140, 'LumB': 95}",4,False,0.9084249084249084,0.9323308270676691,0.8857142857142857,0.8756218905472637,0.8301886792452831,0.9263157894736842,0.8,0.8,0.8,0.875,0.9210526315789473,0.8333333333333334,18064
classification,MissForest,EnsembleSoft,0.2,2,2,0.8980364421547372,0.8890559732664997,1286,322,"{'Basal': 167, 'Her2': 179, 'LumA': 560, 'LumB': 380}","{'Basal': 42, 'Her2': 45, 'LumA': 140, 'LumB': 95}",4,False,0.9273356401384083,0.8993288590604027,0.9571428571428572,0.8972972972972973,0.9222222222222223,0.8736842105263158,0.8539325842696629,0.8636363636363636,0.8444444444444444,0.9135802469135802,0.9487179487179487,0.8809523809523809,18064
classification,MissForest,EnsembleSoft,0.2,2,3,0.8677771176545822,0.8619152046783626,1286,322,"{'Basal': 167, 'Her2': 179, 'LumA': 560, 'LumB': 380}","{'Basal': 42, 'Her2': 45, 'LumA': 140, 'LumB': 95}",4,False,0.9148936170212766,0.9084507042253521,0.9214285714285714,0.837696335078534,0.8333333333333334,0.8421052631578947,0.7555555555555555,0.7555555555555555,0.7555555555555555,0.9629629629629629,1.0,0.9285714285714286,18064
classification,MissForest,EnsembleSoft,0.2,2,4,0.8832776844436261,0.8752850113087598,1287,321,"{'Basal': 168, 'Her2': 179, 'LumA': 560, 'LumB': 380}","{'Basal': 41, 'Her2': 45, 'LumA': 140, 'LumB': 95}",4,False,0.9225352112676056,0.9097222222222222,0.9357142857142857,0.8958333333333334,0.8865979381443299,0.9052631578947369,0.7764705882352941,0.825,0.7333333333333333,0.9382716049382716,0.95,0.926829268292683,18064
classification,MissForest,EnsembleSoft,0.2,2,5,0.8594686421939636,0.8361899065846434,1287,321,"{'Basal': 167, 'Her2': 180, 'LumA': 560, 'LumB': 380}","{'Basal': 42, 'Her2': 44, 'LumA': 140, 'LumB': 95}",4,False,0.9152542372881356,0.8709677419354839,0.9642857142857143,0.8586387434554974,0.8541666666666666,0.8631578947368421,0.7272727272727273,0.8484848484848485,0.6363636363636364,0.9367088607594937,1.0,0.8809523809523809,18064
classification,SimpleMean,EnsembleSoft,0.2,3,1,0.8560918248418248,0.854187552213868,1286,322,"{'Basal': 167, 'Her2': 179, 'LumA': 560, 'LumB': 380}","{'Basal': 42, 'Her2': 45, 'LumA': 140, 'LumB': 95}",4,False,0.9010989010989011,0.924812030075188,0.8785714285714286,0.8484848484848485,0.8155339805825242,0.8842105263157894,0.7916666666666666,0.7450980392156863,0.8444444444444444,0.8831168831168831,0.9714285714285714,0.8095238095238095,18065
classification,SimpleMean,EnsembleSoft,0.2,3,2,0.8670145898947481,0.8624060150375938,1286,322,"{'Basal': 167, 'Her2': 179, 'LumA': 560, 'LumB': 380}","{'Basal': 42, 'Her2': 45, 'LumA': 140, 'LumB': 95}",4,False,0.9103448275862069,0.88,0.9428571428571428,0.8524590163934426,0.8863636363636364,0.8210526315789474,0.7857142857142857,0.8461538461538461,0.7333333333333333,0.9195402298850575,0.8888888888888888,0.9523809523809523,18065
classification,SimpleMean,EnsembleSoft,0.2,3,3,0.8443382762461711,0.8362677527151211,1286,322,"{'Basal': 167, 'Her2': 179, 'LumA': 560, 'LumB': 380}","{'Basal': 42, 'Her2': 45, 'LumA': 140, 'LumB': 95}",4,False,0.9052631578947369,0.8896551724137931,0.9214285714285714,0.8359788359788359,0.8404255319148937,0.8315789473684211,0.7111111111111111,0.7111111111111111,0.7111111111111111,0.925,0.9736842105263158,0.8809523809523809,18065
classification,SimpleMean,EnsembleSoft,0.2,3,4,0.8827993101692118,0.8703257126556229,1287,321,"{'Basal': 168, 'Her2': 179, 'LumA': 560, 'LumB': 380}","{'Basal': 41, 'Her2': 45, 'LumA': 140, 'LumB': 95}",4,False,0.9154929577464789,0.9027777777777778,0.9285714285714286,0.8762886597938144,0.8585858585858586,0.8947368421052632,0.7906976744186046,0.8292682926829268,0.7555555555555555,0.9487179487179487,1.0,0.9024390243902439,18065
classification,SimpleMean,EnsembleSoft,0.2,3,5,0.8470617634524518,0.8263613579403053,1287,321,"{'Basal': 167, 'Her2': 180, 'LumA': 560, 'LumB': 380}","{'Basal': 42, 'Her2': 44, 'LumA': 140, 'LumB': 95}",4,False,0.9084745762711864,0.864516129032258,0.9571428571428572,0.8481675392670157,0.84375,0.8526315789473684,0.6933333333333334,0.8387096774193549,0.5909090909090909,0.9382716049382716,0.9743589743589743,0.9047619047619048,18065
classification,"KNN(k=5,dist)",EnsembleSoft,0.2,3,1,0.8782998417086043,0.8738408521303258,1286,322,"{'Basal': 167, 'Her2': 179, 'LumA': 560, 'LumB': 380}","{'Basal': 42, 'Her2': 45, 'LumA': 140, 'LumB': 95}",4,False,0.9157509157509157,0.9398496240601504,0.8928571428571429,0.8756218905472637,0.8301886792452831,0.9263157894736842,0.8387096774193549,0.8125,0.8666666666666667,0.8831168831168831,0.9714285714285714,0.8095238095238095,18065
classification,"KNN(k=5,dist)",EnsembleSoft,0.2,3,2,0.8766217455688625,0.8685045948203843,1286,322,"{'Basal': 167, 'Her2': 179, 'LumA': 560, 'LumB': 380}","{'Basal': 42, 'Her2': 45, 'LumA': 140, 'LumB': 95}",4,False,0.9178082191780822,0.881578947368421,0.9571428571428572,0.8461538461538461,0.8850574712643678,0.8105263157894737,0.813953488372093,0.8536585365853658,0.7777777777777778,0.9285714285714286,0.9285714285714286,0.9285714285714286,18065
classification,"KNN(k=5,dist)",EnsembleSoft,0.2,3,3,0.8490768279146225,0.8462406015037593,1286,322,"{'Basal': 167, 'Her2': 179, 'LumA': 560, 'LumB': 380}","{'Basal': 42, 'Her2': 45, 'LumA': 140, 'LumB': 95}",4,False,0.9219858156028369,0.9154929577464789,0.9285714285714286,0.851063829787234,0.8602150537634409,0.8421052631578947,0.7096774193548387,0.6875,0.7333333333333333,0.9135802469135802,0.9487179487179487,0.8809523809523809,18065
classification,"KNN(k=5,dist)",EnsembleSoft,0.2,3,4,0.8711112163698371,0.86466471055688,1287,321,"{'Basal': 168, 'Her2': 179, 'LumA': 560, 'LumB': 380}","{'Basal': 41, 'Her2': 45, 'LumA': 140, 'LumB': 95}",4,False,0.9142857142857143,0.9142857142857143,0.9142857142857143,0.8615384615384616,0.84,0.8842105263157894,0.7586206896551724,0.7857142857142857,0.7333333333333333,0.95,0.9743589743589743,0.926829268292683,18065
classification,"KNN(k=5,dist)",EnsembleSoft,0.2,3,5,0.862292173848368,0.8434068124857599,1287,321,"{'Basal': 167, 'Her2': 180, 'LumA': 560, 'LumB': 380}","{'Basal': 42, 'Her2': 44, 'LumA': 140, 'LumB': 95}",4,False,0.9146757679180887,0.8758169934640523,0.9571428571428572,0.8526315789473684,0.8526315789473684,0.8526315789473684,0.7435897435897436,0.8529411764705882,0.6590909090909091,0.9382716049382716,0.9743589743589743,0.9047619047619048,18065
classification,RFECA_SVR(k=5),EnsembleSoft,0.2,3,1,0.8623054376389732,0.8601503759398497,1286,322,"{'Basal': 167, 'Her2': 179, 'LumA': 560, 'LumB': 380}","{'Basal': 42, 'Her2': 45, 'LumA': 140, 'LumB': 95}",4,False,0.9117647058823529,0.9393939393939394,0.8857142857142857,0.88,0.8380952380952381,0.9263157894736842,0.8041237113402062,0.75,0.8666666666666667,0.8533333333333334,0.9696969696969697,0.7619047619047619,18065
classification,RFECA_SVR(k=5),EnsembleSoft,0.2,3,2,0.8864026966561065,0.8777882205513785,1286,322,"{'Basal': 167, 'Her2': 179, 'LumA': 560, 'LumB': 380}","{'Basal': 42, 'Her2': 45, 'LumA': 140, 'LumB': 95}",4,False,0.9310344827586207,0.9,0.9642857142857143,0.8695652173913043,0.898876404494382,0.8421052631578947,0.8181818181818182,0.8372093023255814,0.8,0.926829268292683,0.95,0.9047619047619048,18065
classification,RFECA_SVR(k=5),EnsembleSoft,0.2,3,3,0.8760543509389306,0.870749791144528,1286,322,"{'Basal': 167, 'Her2': 179, 'LumA': 560, 'LumB': 380}","{'Basal': 42, 'Her2': 45, 'LumA': 140, 'LumB': 95}",4,False,0.9257950530035336,0.916083916083916,0.9357142857142857,0.8631578947368421,0.8631578947368421,0.8631578947368421,0.7640449438202247,0.7727272727272727,0.7555555555555555,0.9512195121951219,0.975,0.9285714285714286,18065
classification,RFECA_SVR(k=5),EnsembleSoft,0.2,3,4,0.8597574114922487,0.8512258797400004,1287,321,"{'Basal': 168, 'Her2': 179, 'LumA': 560, 'LumB': 380}","{'Basal': 41, 'Her2': 45, 'LumA': 140, 'LumB': 95}",4,False,0.900709219858156,0.8943661971830986,0.9071428571428571,0.865979381443299,0.8484848484848485,0.8842105263157894,0.735632183908046,0.7619047619047619,0.7111111111111111,0.9367088607594937,0.9736842105263158,0.9024390243902439,18065
classification,RFECA_SVR(k=5),EnsembleSoft,0.2,3,5,0.8418825838317363,0.8205570745044429,1287,321,"{'Basal': 167, 'Her2': 180, 'LumA': 560, 'LumB': 380}","{'Basal': 42, 'Her2': 44, 'LumA': 140, 'LumB': 95}",4,False,0.9084745762711864,0.864516129032258,0.9571428571428572,0.8359788359788359,0.8404255319148937,0.8315789473684211,0.7,0.7777777777777778,0.6363636363636364,0.9230769230769231,1.0,0.8571428571428571,18065
classification,RFECA_SVR(k=10),EnsembleSoft,0.2,3,1,0.8508398738219612,0.8501775271512113,1286,322,"{'Basal': 167, 'Her2': 179, 'LumA': 560, 'LumB': 380}","{'Basal': 42, 'Her2': 45, 'LumA': 140, 'LumB': 95}",4,False,0.9077490774907749,0.9389312977099237,0.8785714285714286,0.87,0.8285714285714286,0.9157894736842105,0.7835051546391752,0.7307692307692307,0.8444444444444444,0.8421052631578947,0.9411764705882353,0.7619047619047619,18065
classification,RFECA_SVR(k=10),EnsembleSoft,0.2,3,2,0.8695732905972263,0.8622598162071846,1286,322,"{'Basal': 167, 'Her2': 179, 'LumA': 560, 'LumB': 380}","{'Basal': 42, 'Her2': 45, 'LumA': 140, 'LumB': 95}",4,False,0.9241379310344827,0.8933333333333333,0.9571428571428572,0.8586956521739131,0.8876404494382022,0.8315789473684211,0.7906976744186046,0.8292682926829268,0.7555555555555555,0.9047619047619048,0.9047619047619048,0.9047619047619048,18065
classification,RFECA_SVR(k=10),EnsembleSoft,0.2,3,3,0.8714110288424313,0.8680242272347536,1286,322,"{'Basal': 167, 'Her2': 179, 'LumA': 560, 'LumB': 380}","{'Basal': 42, 'Her2': 45, 'LumA': 140, 'LumB': 95}",4,False,0.9142857142857143,0.9142857142857143,0.9142857142857143,0.8645833333333334,0.8556701030927835,0.8736842105263158,0.7555555555555555,0.7555555555555555,0.7555555555555555,0.9512195121951219,0.975,0.9285714285714286,18065
classification,RFECA_SVR(k=10),EnsembleSoft,0.2,3,4,0.8677597532392173,0.8594130142429244,1287,321,"{'Basal': 168, 'Her2': 179, 'LumA': 560, 'LumB': 380}","{'Basal': 41, 'Her2': 45, 'LumA': 140, 'LumB': 95}",4,False,0.9039145907473309,0.900709219858156,0.9071428571428571,0.8717948717948718,0.85,0.8947368421052632,0.7586206896551724,0.7857142857142857,0.7333333333333333,0.9367088607594937,0.9736842105263158,0.9024390243902439,18065
classification,RFECA_SVR(k=10),EnsembleSoft,0.2,3,5,0.8592512230975209,0.8377249943039417,1287,321,"{'Basal': 167, 'Her2': 180, 'LumA': 560, 'LumB': 380}","{'Basal': 42, 'Her2': 44, 'LumA': 140, 'LumB': 95}",4,False,0.9115646258503401,0.8701298701298701,0.9571428571428572,0.8481675392670157,0.84375,0.8526315789473684,0.7272727272727273,0.8484848484848485,0.6363636363636364,0.95,1.0,0.9047619047619048,18065
classification,RFECA_SVR(k=20),EnsembleSoft,0.2,3,1,0.868825041978514,0.8690267335004176,1286,322,"{'Basal': 167, 'Her2': 179, 'LumA': 560, 'LumB': 380}","{'Basal': 42, 'Her2': 45, 'LumA': 140, 'LumB': 95}",4,False,0.9117647058823529,0.9393939393939394,0.8857142857142857,0.8787878787878788,0.8446601941747572,0.9157894736842105,0.8163265306122449,0.7547169811320755,0.8888888888888888,0.868421052631579,0.9705882352941176,0.7857142857142857,18065
classification,RFECA_SVR(k=20),EnsembleSoft,0.2,3,2,0.8712813145162065,0.8658312447786132,1286,322,"{'Basal': 167, 'Her2': 179, 'LumA': 560, 'LumB': 380}","{'Basal': 42, 'Her2': 45, 'LumA': 140, 'LumB': 95}",4,False,0.9347079037800687,0.9006622516556292,0.9714285714285714,0.8729281767955801,0.9186046511627907,0.8315789473684211,0.7727272727272727,0.7906976744186046,0.7555555555555555,0.9047619047619048,0.9047619047619048,0.9047619047619048,18065
classification,RFECA_SVR(k=20),EnsembleSoft,0.2,3,3,0.8660983499525166,0.8620718462823725,1286,322,"{'Basal': 167, 'Her2': 179, 'LumA': 560, 'LumB': 380}","{'Basal': 42, 'Her2': 45, 'LumA': 140, 'LumB': 95}",4,False,0.9142857142857143,0.9142857142857143,0.9142857142857143,0.8645833333333334,0.8556701030927835,0.8736842105263158,0.7472527472527473,0.7391304347826086,0.7555555555555555,0.9382716049382716,0.9743589743589743,0.9047619047619048,18065
classification,RFECA_SVR(k=20),EnsembleSoft,0.2,3,4,0.8696532765990178,0.8614911261894573,1287,321,"{'Basal': 168, 'Her2': 179, 'LumA': 560, 'LumB': 380}","{'Basal': 41, 'Her2': 45, 'LumA': 140, 'LumB': 95}",4,False,0.9045936395759717,0.8951048951048951,0.9142857142857143,0.8645833333333334,0.8556701030927835,0.8736842105263158,0.7727272727272727,0.7906976744186046,0.7555555555555555,0.9367088607594937,0.9736842105263158,0.9024390243902439,18065
classification,RFECA_SVR(k=20),EnsembleSoft,0.2,3,5,0.8506060656546927,0.828722374117111,1287,321,"{'Basal': 167, 'Her2': 180, 'LumA': 560, 'LumB': 380}","{'Basal': 42, 'Her2': 44, 'LumA': 140, 'LumB': 95}",4,False,0.9146757679180887,0.8758169934640523,0.9571428571428572,0.8497409326424871,0.8367346938775511,0.8631578947368421,0.7012987012987013,0.8181818181818182,0.6136363636363636,0.9367088607594937,1.0,0.8809523809523809,18065
classification,MissForest,EnsembleSoft,0.2,3,1,0.8594824253661257,0.8554406850459482,1286,322,"{'Basal': 167, 'Her2': 179, 'LumA': 560, 'LumB': 380}","{'Basal': 42, 'Her2': 45, 'LumA': 140, 'LumB': 95}",4,False,0.9077490774907749,0.9389312977099237,0.8785714285714286,0.8768472906403941,0.8240740740740741,0.9368421052631579,0.8,0.76,0.8444444444444444,0.8533333333333334,0.9696969696969697,0.7619047619047619,18065
classification,MissForest,EnsembleSoft,0.2,3,2,0.8498779462198505,0.8421679197994987,1286,322,"{'Basal': 167, 'Her2': 179, 'LumA': 560, 'LumB': 380}","{'Basal': 42, 'Her2': 45, 'LumA': 140, 'LumB': 95}",4,False,0.9209621993127147,0.8874172185430463,0.9571428571428572,0.8524590163934426,0.8863636363636364,0.8210526315789474,0.7586206896551724,0.7857142857142857,0.7333333333333333,0.8674698795180723,0.8780487804878049,0.8571428571428571,18065
classification,MissForest,EnsembleSoft,0.2,3,3,0.8613367593577805,0.8569131161236424,1286,322,"{'Basal': 167, 'Her2': 179, 'LumA': 560, 'LumB': 380}","{'Basal': 42, 'Her2': 45, 'LumA': 140, 'LumB': 95}",4,False,0.9142857142857143,0.9142857142857143,0.9142857142857143,0.8556701030927835,0.8383838383838383,0.8736842105263158,0.735632183908046,0.7619047619047619,0.7111111111111111,0.9397590361445783,0.9512195121951219,0.9285714285714286,18065
classification,MissForest,EnsembleSoft,0.2,3,4,0.8626775343340054,0.8550897059722476,1287,321,"{'Basal': 168, 'Her2': 179, 'LumA': 560, 'LumB': 380}","{'Basal': 41, 'Her2': 45, 'LumA': 140, 'LumB': 95}",4,False,0.9084507042253521,0.8958333333333334,0.9214285714285714,0.8586387434554974,0.8541666666666666,0.8631578947368421,0.7586206896551724,0.7857142857142857,0.7333333333333333,0.925,0.9487179487179487,0.9024390243902439,18065
classification,MissForest,EnsembleSoft,0.2,3,5,0.8771960998024828,0.8540271132376396,1287,321,"{'Basal': 167, 'Her2': 180, 'LumA': 560, 'LumB': 380}","{'Basal': 42, 'Her2': 44, 'LumA': 140, 'LumB': 95}",4,False,0.9225589225589226,0.8726114649681529,0.9785714285714285,0.8829787234042553,0.8924731182795699,0.8736842105263158,0.7532467532467533,0.8787878787878788,0.6590909090909091,0.95,1.0,0.9047619047619048,18065
classification,SimpleMean,EnsembleSoft,0.2,4,1,0.8303223993166672,0.82453007518797,1286,322,"{'Basal': 167, 'Her2': 179, 'LumA': 560, 'LumB': 380}","{'Basal': 42, 'Her2': 45, 'LumA': 140, 'LumB': 95}",4,False,0.9010989010989011,0.924812030075188,0.8785714285714286,0.8514851485148515,0.8037383177570093,0.9052631578947369,0.7578947368421053,0.72,0.8,0.8108108108108109,0.9375,0.7142857142857143,18066
classification,SimpleMean,EnsembleSoft,0.2,4,2,0.8678973973787966,0.8633980785296574,1286,322,"{'Basal': 167, 'Her2': 179, 'LumA': 560, 'LumB': 380}","{'Basal': 42, 'Her2': 45, 'LumA': 140, 'LumB': 95}",4,False,0.9204152249134948,0.8926174496644296,0.95,0.8524590163934426,0.8863636363636364,0.8210526315789474,0.8045977011494253,0.8333333333333334,0.7777777777777778,0.8941176470588236,0.8837209302325582,0.9047619047619048,18066
classification,SimpleMean,EnsembleSoft,0.2,4,3,0.8800476703702509,0.8742585630743526,1286,322,"{'Basal': 167, 'Her2': 179, 'LumA': 560, 'LumB': 380}","{'Basal': 42, 'Her2': 45, 'LumA': 140, 'LumB': 95}",4,False,0.916083916083916,0.8972602739726028,0.9357142857142857,0.8279569892473119,0.8461538461538461,0.8105263157894737,0.8131868131868132,0.8043478260869565,0.8222222222222222,0.9629629629629629,1.0,0.9285714285714286,18066
classification,SimpleMean,EnsembleSoft,0.2,4,4,0.8545006778082689,0.8517166900992318,1287,321,"{'Basal': 168, 'Her2': 179, 'LumA': 560, 'LumB': 380}","{'Basal': 41, 'Her2': 45, 'LumA': 140, 'LumB': 95}",4,False,0.8920863309352518,0.8985507246376812,0.8857142857142857,0.845360824742268,0.8282828282828283,0.8631578947368421,0.7555555555555555,0.7555555555555555,0.7555555555555555,0.925,0.9487179487179487,0.9024390243902439,18066
classification,SimpleMean,EnsembleSoft,0.2,4,5,0.8663787015189733,0.8417777398040556,1287,321,"{'Basal': 167, 'Her2': 180, 'LumA': 560, 'LumB': 380}","{'Basal': 42, 'Her2': 44, 'LumA': 140, 'LumB': 95}",4,False,0.9041095890410958,0.868421052631579,0.9428571428571428,0.8615384615384616,0.84,0.8842105263157894,0.7631578947368421,0.90625,0.6590909090909091,0.9367088607594937,1.0,0.8809523809523809,18066
classification,"KNN(k=5,dist)",EnsembleSoft,0.2,4,1,0.8458717402000985,0.8415935672514621,1286,322,"{'Basal': 167, 'Her2': 179, 'LumA': 560, 'LumB': 380}","{'Basal': 42, 'Her2': 45, 'LumA': 140, 'LumB': 95}",4,False,0.9010989010989011,0.924812030075188,0.8785714285714286,0.8557213930348259,0.8113207547169812,0.9052631578947369,0.8,0.76,0.8444444444444444,0.8266666666666667,0.9393939393939394,0.7380952380952381,18066
classification,"KNN(k=5,dist)",EnsembleSoft,0.2,4,2,0.8766225762689432,0.8688492063492064,1286,322,"{'Basal': 167, 'Her2': 179, 'LumA': 560, 'LumB': 380}","{'Basal': 42, 'Her2': 45, 'LumA': 140, 'LumB': 95}",4,False,0.910958904109589,0.875,0.95,0.8444444444444444,0.8941176470588236,0.8,0.8260869565217391,0.8085106382978723,0.8444444444444444,0.925,0.9736842105263158,0.8809523809523809,18066
classification,"KNN(k=5,dist)",EnsembleSoft,0.2,4,3,0.8756598777582915,0.8748538011695906,1286,322,"{'Basal': 167, 'Her2': 179, 'LumA': 560, 'LumB': 380}","{'Basal': 42, 'Her2': 45, 'LumA': 140, 'LumB': 95}",4,False,0.9078014184397163,0.9014084507042254,0.9142857142857143,0.8235294117647058,0.8369565217391305,0.8105263157894737,0.7956989247311828,0.7708333333333334,0.8222222222222222,0.975609756097561,1.0,0.9523809523809523,18066
classification,"KNN(k=5,dist)",EnsembleSoft,0.2,4,4,0.8796195464805137,0.8757758216679912,1287,321,"{'Basal': 168, 'Her2': 179, 'LumA': 560, 'LumB': 380}","{'Basal': 41, 'Her2': 45, 'LumA': 140, 'LumB': 95}",4,False,0.9142857142857143,0.9142857142857143,0.9142857142857143,0.8704663212435233,0.8571428571428571,0.8842105263157894,0.7954545454545454,0.813953488372093,0.7777777777777778,0.9382716049382716,0.95,0.926829268292683,18066
classification,"KNN(k=5,dist)",EnsembleSoft,0.2,4,5,0.8619979822792554,0.8367652084757348,1287,321,"{'Basal': 167, 'Her2': 180, 'LumA': 560, 'LumB': 380}","{'Basal': 42, 'Her2': 44, 'LumA': 140, 'LumB': 95}",4,False,0.9115646258503401,0.8701298701298701,0.9571428571428572,0.8601036269430051,0.8469387755102041,0.8736842105263158,0.7532467532467533,0.8787878787878788,0.6590909090909091,0.9230769230769231,1.0,0.8571428571428571,18066
classification,RFECA_SVR(k=5),EnsembleSoft,0.2,4,1,0.8612162981762354,0.8614348370927318,1286,322,"{'Basal': 167, 'Her2': 179, 'LumA': 560, 'LumB': 380}","{'Basal': 42, 'Her2': 45, 'LumA': 140, 'LumB': 95}",4,False,0.8962962962962963,0.9307692307692308,0.8642857142857143,0.8557213930348259,0.8113207547169812,0.9052631578947369,0.8210526315789474,0.78,0.8666666666666667,0.8717948717948718,0.9444444444444444,0.8095238095238095,18066
classification,RFECA_SVR(k=5),EnsembleSoft,0.2,4,2,0.8871635470230542,0.8826963241436926,1286,322,"{'Basal': 167, 'Her2': 179, 'LumA': 560, 'LumB': 380}","{'Basal': 42, 'Her2': 45, 'LumA': 140, 'LumB': 95}",4,False,0.9204152249134948,0.8926174496644296,0.95,0.8681318681318682,0.9080459770114943,0.8315789473684211,0.8444444444444444,0.8444444444444444,0.8444444444444444,0.9156626506024096,0.926829268292683,0.9047619047619048,18066
classification,RFECA_SVR(k=5),EnsembleSoft,0.2,4,3,0.8617972009459748,0.8596177944862156,1286,322,"{'Basal': 167, 'Her2': 179, 'LumA': 560, 'LumB': 380}","{'Basal': 42, 'Her2': 45, 'LumA': 140, 'LumB': 95}",4,False,0.8975265017667845,0.8881118881118881,0.9071428571428571,0.7914438502673797,0.8043478260869565,0.7789473684210526,0.782608695652174,0.7659574468085106,0.8,0.975609756097561,1.0,0.9523809523809523,18066
classification,RFECA_SVR(k=5),EnsembleSoft,0.2,4,4,0.8430924007512002,0.8376816023799336,1287,321,"{'Basal': 168, 'Her2': 179, 'LumA': 560, 'LumB': 380}","{'Basal': 41, 'Her2': 45, 'LumA': 140, 'LumB': 95}",4,False,0.8920863309352518,0.8985507246376812,0.8857142857142857,0.8426395939086294,0.8137254901960784,0.8736842105263158,0.7126436781609196,0.7380952380952381,0.6888888888888889,0.925,0.9487179487179487,0.9024390243902439,18066
classification,RFECA_SVR(k=5),EnsembleSoft,0.2,4,5,0.8540771473227613,0.8320431761221235,1287,321,"{'Basal': 167, 'Her2': 180, 'LumA': 560, 'LumB': 380}","{'Basal': 42, 'Her2': 44, 'LumA': 140, 'LumB': 95}",4,False,0.9054054054054054,0.8589743589743589,0.9571428571428572,0.8526315789473684,0.8526315789473684,0.8526315789473684,0.72,0.8709677419354839,0.6136363636363636,0.9382716049382716,0.9743589743589743,0.9047619047619048,18066
classification,RFECA_SVR(k=10),EnsembleSoft,0.2,4,1,0.8537798277682315,0.852109440267335,1286,322,"{'Basal': 167, 'Her2': 179, 'LumA': 560, 'LumB': 380}","{'Basal': 42, 'Her2': 45, 'LumA': 140, 'LumB': 95}",4,False,0.9003690036900369,0.9312977099236641,0.8714285714285714,0.8557213930348259,0.8113207547169812,0.9052631578947369,0.7872340425531915,0.7551020408163265,0.8222222222222222,0.8717948717948718,0.9444444444444444,0.8095238095238095,18066
classification,RFECA_SVR(k=10),EnsembleSoft,0.2,4,2,0.881121859896704,0.8743107769423559,1286,322,"{'Basal': 167, 'Her2': 179, 'LumA': 560, 'LumB': 380}","{'Basal': 42, 'Her2': 45, 'LumA': 140, 'LumB': 95}",4,False,0.9283276450511946,0.8888888888888888,0.9714285714285714,0.8715083798882681,0.9285714285714286,0.8210526315789474,0.8089887640449438,0.8181818181818182,0.8,0.9156626506024096,0.926829268292683,0.9047619047619048,18066
classification,RFECA_SVR(k=10),EnsembleSoft,0.2,4,3,0.8701798045490398,0.868452380952381,1286,322,"{'Basal': 167, 'Her2': 179, 'LumA': 560, 'LumB': 380}","{'Basal': 42, 'Her2': 45, 'LumA': 140, 'LumB': 95}",4,False,0.9084507042253521,0.8958333333333334,0.9214285714285714,0.8172043010752689,0.8351648351648352,0.8,0.7912087912087912,0.782608695652174,0.8,0.963855421686747,0.975609756097561,0.9523809523809523,18066
classification,RFECA_SVR(k=10),EnsembleSoft,0.2,4,4,0.852174039988788,0.8476544511685719,1287,321,"{'Basal': 168, 'Her2': 179, 'LumA': 560, 'LumB': 380}","{'Basal': 41, 'Her2': 45, 'LumA': 140, 'LumB': 95}",4,False,0.8992805755395683,0.9057971014492754,0.8928571428571429,0.8571428571428571,0.8316831683168316,0.8842105263157894,0.7272727272727273,0.7441860465116279,0.7111111111111111,0.925,0.9487179487179487,0.9024390243902439,18066
classification,RFECA_SVR(k=10),EnsembleSoft,0.2,4,5,0.85773598979657,0.8339855320118479,1287,321,"{'Basal': 167, 'Her2': 180, 'LumA': 560, 'LumB': 380}","{'Basal': 42, 'Her2': 44, 'LumA': 140, 'LumB': 95}",4,False,0.9146757679180887,0.8758169934640523,0.9571428571428572,0.8615384615384616,0.84,0.8842105263157894,0.7297297297297297,0.9,0.6136363636363636,0.925,0.9736842105263158,0.8809523809523809,18066
classification,RFECA_SVR(k=20),EnsembleSoft,0.2,4,1,0.836553281775506,0.8358395989974938,1286,322,"{'Basal': 167, 'Her2': 179, 'LumA': 560, 'LumB': 380}","{'Basal': 42, 'Her2': 45, 'LumA': 140, 'LumB': 95}",4,False,0.8921933085501859,0.9302325581395349,0.8571428571428571,0.8472906403940886,0.7962962962962963,0.9052631578947369,0.7959183673469388,0.7358490566037735,0.8666666666666667,0.8108108108108109,0.9375,0.7142857142857143,18066
classification,RFECA_SVR(k=20),EnsembleSoft,0.2,4,2,0.8869183129212939,0.8795739348370928,1286,322,"{'Basal': 167, 'Her2': 179, 'LumA': 560, 'LumB': 380}","{'Basal': 42, 'Her2': 45, 'LumA': 140, 'LumB': 95}",4,False,0.9347079037800687,0.9006622516556292,0.9714285714285714,0.8791208791208791,0.9195402298850575,0.8421052631578947,0.8181818181818182,0.8372093023255814,0.8,0.9156626506024096,0.926829268292683,0.9047619047619048,18066
classification,RFECA_SVR(k=20),EnsembleSoft,0.2,4,3,0.8734045850913446,0.8726190476190476,1286,322,"{'Basal': 167, 'Her2': 179, 'LumA': 560, 'LumB': 380}","{'Basal': 42, 'Her2': 45, 'LumA': 140, 'LumB': 95}",4,False,0.9045936395759717,0.8951048951048951,0.9142857142857143,0.8128342245989305,0.8260869565217391,0.8,0.8,0.8,0.8,0.9761904761904762,0.9761904761904762,0.9761904761904762,18066
classification,RFECA_SVR(k=20),EnsembleSoft,0.2,4,4,0.8608137367426503,0.854703323349023,1287,321,"{'Basal': 168, 'Her2': 179, 'LumA': 560, 'LumB': 380}","{'Basal': 41, 'Her2': 45, 'LumA': 140, 'LumB': 95}",4,False,0.9097472924187726,0.9197080291970803,0.9,0.864321608040201,0.8269230769230769,0.9052631578947369,0.7441860465116279,0.7804878048780488,0.7111111111111111,0.925,0.9487179487179487,0.9024390243902439,18066
classification,RFECA_SVR(k=20),EnsembleSoft,0.2,4,5,0.862336670179136,0.8399379129642288,1287,321,"{'Basal': 167, 'Her2': 180, 'LumA': 560, 'LumB': 380}","{'Basal': 42, 'Her2': 44, 'LumA': 140, 'LumB': 95}",4,False,0.9178082191780822,0.881578947368421,0.9571428571428572,0.8615384615384616,0.84,0.8842105263157894,0.72,0.8709677419354839,0.6136363636363636,0.95,1.0,0.9047619047619048,18066
classification,MissForest,EnsembleSoft,0.2,4,1,0.848083900602196,0.8423872180451129,1286,322,"{'Basal': 167, 'Her2': 179, 'LumA': 560, 'LumB': 380}","{'Basal': 42, 'Her2': 45, 'LumA': 140, 'LumB': 95}",4,False,0.9010989010989011,0.924812030075188,0.8785714285714286,0.8514851485148515,0.8037383177570093,0.9052631578947369,0.782608695652174,0.7659574468085106,0.8,0.8571428571428571,0.9428571428571428,0.7857142857142857,18066
classification,MissForest,EnsembleSoft,0.2,4,2,0.8824528471156219,0.8751566416040101,1286,322,"{'Basal': 167, 'Her2': 179, 'LumA': 560, 'LumB': 380}","{'Basal': 42, 'Her2': 45, 'LumA': 140, 'LumB': 95}",4,False,0.9278350515463918,0.8940397350993378,0.9642857142857143,0.8681318681318682,0.9080459770114943,0.8315789473684211,0.8181818181818182,0.8372093023255814,0.8,0.9156626506024096,0.926829268292683,0.9047619047619048,18066
classification,MissForest,EnsembleSoft,0.2,4,3,0.8732814747019343,0.8682539682539683,1286,322,"{'Basal': 167, 'Her2': 179, 'LumA': 560, 'LumB': 380}","{'Basal': 42, 'Her2': 45, 'LumA': 140, 'LumB': 95}",4,False,0.9166666666666666,0.8918918918918919,0.9428571428571428,0.8260869565217391,0.8539325842696629,0.8,0.7865168539325843,0.7954545454545454,0.7777777777777778,0.963855421686747,0.975609756097561,0.9523809523809523,18066
classification,MissForest,EnsembleSoft,0.2,4,4,0.8717162139147954,0.8635264482344072,1287,321,"{'Basal': 168, 'Her2': 179, 'LumA': 560, 'LumB': 380}","{'Basal': 41, 'Her2': 45, 'LumA': 140, 'LumB': 95}",4,False,0.9148936170212766,0.9084507042253521,0.9214285714285714,0.8717948717948718,0.85,0.8947368421052632,0.7619047619047619,0.8205128205128205,0.7111111111111111,0.9382716049382716,0.95,0.926829268292683,18066
classification,MissForest,EnsembleSoft,0.2,4,5,0.8677399115321738,0.8417236272499431,1287,321,"{'Basal': 167, 'Her2': 180, 'LumA': 560, 'LumB': 380}","{'Basal': 42, 'Her2': 44, 'LumA': 140, 'LumB': 95}",4,False,0.9152542372881356,0.8709677419354839,0.9642857142857143,0.865979381443299,0.8484848484848485,0.8842105263157894,0.7397260273972602,0.9310344827586207,0.6136363636363636,0.95,1.0,0.9047619047619048,18066
classification,SimpleMean,EnsembleSoft,0.2,5,1,0.8488983737763646,0.8452172096908939,1286,322,"{'Basal': 167, 'Her2': 179, 'LumA': 560, 'LumB': 380}","{'Basal': 42, 'Her2': 45, 'LumA': 140, 'LumB': 95}",4,False,0.8856088560885609,0.916030534351145,0.8571428571428571,0.8571428571428571,0.8055555555555556,0.9157894736842105,0.7956989247311828,0.7708333333333334,0.8222222222222222,0.8571428571428571,0.9428571428571428,0.7857142857142857,18067
classification,SimpleMean,EnsembleSoft,0.2,5,2,0.8905486998289964,0.8742063492063492,1286,322,"{'Basal': 167, 'Her2': 179, 'LumA': 560, 'LumB': 380}","{'Basal': 42, 'Her2': 45, 'LumA': 140, 'LumB': 95}",4,False,0.9096989966555183,0.8553459119496856,0.9714285714285714,0.8539325842696629,0.9156626506024096,0.8,0.8735632183908046,0.9047619047619048,0.8444444444444444,0.925,0.9736842105263158,0.8809523809523809,18067
classification,SimpleMean,EnsembleSoft,0.2,5,3,0.8488899571119793,0.8458333333333332,1286,322,"{'Basal': 167, 'Her2': 179, 'LumA': 560, 'LumB': 380}","{'Basal': 42, 'Her2': 45, 'LumA': 140, 'LumB': 95}",4,False,0.9052631578947369,0.8896551724137931,0.9214285714285714,0.8172043010752689,0.8351648351648352,0.8,0.7333333333333333,0.7333333333333333,0.7333333333333333,0.9397590361445783,0.9512195121951219,0.9285714285714286,18067
classification,SimpleMean,EnsembleSoft,0.2,5,4,0.8703277998960729,0.8632340505735885,1287,321,"{'Basal': 168, 'Her2': 179, 'LumA': 560, 'LumB': 380}","{'Basal': 41, 'Her2': 45, 'LumA': 140, 'LumB': 95}",4,False,0.9214285714285714,0.9214285714285714,0.9214285714285714,0.8787878787878788,0.8446601941747572,0.9157894736842105,0.7654320987654321,0.8611111111111112,0.6888888888888889,0.9156626506024096,0.9047619047619048,0.926829268292683,18067
classification,SimpleMean,EnsembleSoft,0.2,5,5,0.8653755139468158,0.8411825017088175,1287,321,"{'Basal': 167, 'Her2': 180, 'LumA': 560, 'LumB': 380}","{'Basal': 42, 'Her2': 44, 'LumA': 140, 'LumB': 95}",4,False,0.9152542372881356,0.8709677419354839,0.9642857142857143,0.8795811518324608,0.875,0.8842105263157894,0.7435897435897436,0.8529411764705882,0.6590909090909091,0.9230769230769231,1.0,0.8571428571428571,18067
classification,"KNN(k=5,dist)",EnsembleSoft,0.2,5,1,0.8666309674569425,0.8599937343358396,1286,322,"{'Basal': 167, 'Her2': 179, 'LumA': 560, 'LumB': 380}","{'Basal': 42, 'Her2': 45, 'LumA': 140, 'LumB': 95}",4,False,0.9025270758122743,0.9124087591240876,0.8928571428571429,0.8629441624365483,0.8333333333333334,0.8947368421052632,0.8210526315789474,0.78,0.8666666666666667,0.88,1.0,0.7857142857142857,18067
classification,"KNN(k=5,dist)",EnsembleSoft,0.2,5,2,0.88216903816247,0.8694966583124477,1286,322,"{'Basal': 167, 'Her2': 179, 'LumA': 560, 'LumB': 380}","{'Basal': 42, 'Her2': 45, 'LumA': 140, 'LumB': 95}",4,False,0.9183673469387755,0.8766233766233766,0.9642857142857143,0.8461538461538461,0.8850574712643678,0.8105263157894737,0.8505747126436781,0.8809523809523809,0.8222222222222222,0.9135802469135802,0.9487179487179487,0.8809523809523809,18067
classification,"KNN(k=5,dist)",EnsembleSoft,0.2,5,3,0.873696990253888,0.866468253968254,1286,322,"{'Basal': 167, 'Her2': 179, 'LumA': 560, 'LumB': 380}","{'Basal': 42, 'Her2': 45, 'LumA': 140, 'LumB': 95}",4,False,0.9065743944636678,0.8791946308724832,0.9357142857142857,0.8260869565217391,0.8539325842696629,0.8,0.7865168539325843,0.7954545454545454,0.7777777777777778,0.975609756097561,1.0,0.9523809523809523,18067
classification,"KNN(k=5,dist)",EnsembleSoft,0.2,5,4,0.8730529628140289,0.8644662978584674,1287,321,"{'Basal': 168, 'Her2': 179, 'LumA': 560, 'LumB': 380}","{'Basal': 41, 'Her2': 45, 'LumA': 140, 'LumB': 95}",4,False,0.9192982456140351,0.903448275862069,0.9357142857142857,0.875,0.865979381443299,0.8842105263157894,0.7710843373493976,0.8421052631578947,0.7111111111111111,0.926829268292683,0.926829268292683,0.926829268292683,18067
classification,"KNN(k=5,dist)",EnsembleSoft,0.2,5,5,0.8672493471738374,0.8438140806561859,1287,321,"{'Basal': 167, 'Her2': 180, 'LumA': 560, 'LumB': 380}","{'Basal': 42, 'Her2': 44, 'LumA': 140, 'LumB': 95}",4,False,0.9215017064846417,0.8823529411764706,0.9642857142857143,0.8808290155440415,0.8673469387755102,0.8947368421052632,0.7435897435897436,0.8529411764705882,0.6590909090909091,0.9230769230769231,1.0,0.8571428571428571,18067
classification,RFECA_SVR(k=5),EnsembleSoft,0.2,5,1,0.8555815883678413,0.852109440267335,1286,322,"{'Basal': 167, 'Her2': 179, 'LumA': 560, 'LumB': 380}","{'Basal': 42, 'Her2': 45, 'LumA': 140, 'LumB': 95}",4,False,0.8905109489051095,0.9104477611940298,0.8714285714285714,0.864321608040201,0.8269230769230769,0.9052631578947369,0.7956989247311828,0.7708333333333334,0.8222222222222222,0.8717948717948718,0.9444444444444444,0.8095238095238095,18067
classification,RFECA_SVR(k=5),EnsembleSoft,0.2,5,2,0.8964267517014449,0.8814118629908103,1286,322,"{'Basal': 167, 'Her2': 179, 'LumA': 560, 'LumB': 380}","{'Basal': 42, 'Her2': 45, 'LumA': 140, 'LumB': 95}",4,False,0.9220338983050848,0.8774193548387097,0.9714285714285714,0.8901098901098901,0.9310344827586207,0.8526315789473684,0.8735632183908046,0.9047619047619048,0.8444444444444444,0.9,0.9473684210526315,0.8571428571428571,18067
classification,RFECA_SVR(k=5),EnsembleSoft,0.2,5,3,0.8688309421719617,0.8615601503759397,1286,322,"{'Basal': 167, 'Her2': 179, 'LumA': 560, 'LumB': 380}","{'Basal': 42, 'Her2': 45, 'LumA': 140, 'LumB': 95}",4,False,0.9204152249134948,0.8926174496644296,0.95,0.8324324324324325,0.8555555555555555,0.8105263157894737,0.7586206896551724,0.7857142857142857,0.7333333333333333,0.963855421686747,0.975609756097561,0.9523809523809523,18067
classification,RFECA_SVR(k=5),EnsembleSoft,0.2,5,4,0.8735251760439141,0.8670978768058358,1287,321,"{'Basal': 168, 'Her2': 179, 'LumA': 560, 'LumB': 380}","{'Basal': 41, 'Her2': 45, 'LumA': 140, 'LumB': 95}",4,False,0.9290780141843972,0.9225352112676056,0.9357142857142857,0.8762886597938144,0.8585858585858586,0.8947368421052632,0.7619047619047619,0.8205128205128205,0.7111111111111111,0.926829268292683,0.926829268292683,0.926829268292683,18067
classification,RFECA_SVR(k=5),EnsembleSoft,0.2,5,5,0.861922119487909,0.8388214855320119,1287,321,"{'Basal': 167, 'Her2': 180, 'LumA': 560, 'LumB': 380}","{'Basal': 42, 'Her2': 44, 'LumA': 140, 'LumB': 95}",4,False,0.9121621621621622,0.8653846153846154,0.9642857142857143,0.8736842105263158,0.8736842105263158,0.8736842105263158,0.7368421052631579,0.875,0.6363636363636364,0.925,0.9736842105263158,0.8809523809523809,18067
classification,RFECA_SVR(k=10),EnsembleSoft,0.2,5,1,0.8610765602889592,0.8572681704260652,1286,322,"{'Basal': 167, 'Her2': 179, 'LumA': 560, 'LumB': 380}","{'Basal': 42, 'Her2': 45, 'LumA': 140, 'LumB': 95}",4,False,0.8905109489051095,0.9104477611940298,0.8714285714285714,0.864321608040201,0.8269230769230769,0.9052631578947369,0.8210526315789474,0.78,0.8666666666666667,0.868421052631579,0.9705882352941176,0.7857142857142857,18067
classification,RFECA_SVR(k=10),EnsembleSoft,0.2,5,2,0.8959600405002704,0.8821010860484545,1286,322,"{'Basal': 167, 'Her2': 179, 'LumA': 560, 'LumB': 380}","{'Basal': 42, 'Her2': 45, 'LumA': 140, 'LumB': 95}",4,False,0.918918918918919,0.8717948717948718,0.9714285714285714,0.8777777777777778,0.9294117647058824,0.8315789473684211,0.8735632183908046,0.9047619047619048,0.8444444444444444,0.9135802469135802,0.9487179487179487,0.8809523809523809,18067
classification,RFECA_SVR(k=10),EnsembleSoft,0.2,5,3,0.8588182688218307,0.8526837928153717,1286,322,"{'Basal': 167, 'Her2': 179, 'LumA': 560, 'LumB': 380}","{'Basal': 42, 'Her2': 45, 'LumA': 140, 'LumB': 95}",4,False,0.9204152249134948,0.8926174496644296,0.95,0.8478260869565217,0.8764044943820225,0.8210526315789474,0.7272727272727273,0.7441860465116279,0.7111111111111111,0.9397590361445783,0.9512195121951219,0.9285714285714286,18067
classification,RFECA_SVR(k=10),EnsembleSoft,0.2,5,4,0.8836172522942533,0.8761194143896327,1287,321,"{'Basal': 168, 'Her2': 179, 'LumA': 560, 'LumB': 380}","{'Basal': 41, 'Her2': 45, 'LumA': 140, 'LumB': 95}",4,False,0.9225352112676056,0.9097222222222222,0.9357142857142857,0.875,0.865979381443299,0.8842105263157894,0.7857142857142857,0.8461538461538461,0.7333333333333333,0.9512195121951219,0.9512195121951219,0.9512195121951219,18067
classification,RFECA_SVR(k=10),EnsembleSoft,0.2,5,5,0.8574057986903425,0.8366171109592163,1287,321,"{'Basal': 167, 'Her2': 180, 'LumA': 560, 'LumB': 380}","{'Basal': 42, 'Her2': 44, 'LumA': 140, 'LumB': 95}",4,False,0.9178082191780822,0.881578947368421,0.9571428571428572,0.8762886597938144,0.8585858585858586,0.8947368421052632,0.7105263157894737,0.84375,0.6136363636363636,0.925,0.9736842105263158,0.8809523809523809,18067
classification,RFECA_SVR(k=20),EnsembleSoft,0.2,5,1,0.8531646128173037,0.8514619883040936,1286,322,"{'Basal': 167, 'Her2': 179, 'LumA': 560, 'LumB': 380}","{'Basal': 42, 'Her2': 45, 'LumA': 140, 'LumB': 95}",4,False,0.8823529411764706,0.9090909090909091,0.8571428571428571,0.85,0.8095238095238095,0.8947368421052632,0.8085106382978723,0.7755102040816326,0.8444444444444444,0.8717948717948718,0.9444444444444444,0.8095238095238095,18067
classification,RFECA_SVR(k=20),EnsembleSoft,0.2,5,2,0.8948587294235899,0.8818086883876357,1286,322,"{'Basal': 167, 'Her2': 179, 'LumA': 560, 'LumB': 380}","{'Basal': 42, 'Her2': 45, 'LumA': 140, 'LumB': 95}",4,False,0.9251700680272109,0.8831168831168831,0.9714285714285714,0.8901098901098901,0.9310344827586207,0.8526315789473684,0.8505747126436781,0.8809523809523809,0.8222222222222222,0.9135802469135802,0.9487179487179487,0.8809523809523809,18067
classification,RFECA_SVR(k=20),EnsembleSoft,0.2,5,3,0.8578186801981621,0.8552109440267334,1286,322,"{'Basal': 167, 'Her2': 179, 'LumA': 560, 'LumB': 380}","{'Basal': 42, 'Her2': 45, 'LumA': 140, 'LumB': 95}",4,False,0.926829268292683,0.9047619047619048,0.95,0.8415300546448088,0.875,0.8105263157894737,0.7472527472527473,0.7391304347826086,0.7555555555555555,0.9156626506024096,0.926829268292683,0.9047619047619048,18067
classification,RFECA_SVR(k=20),EnsembleSoft,0.2,5,4,0.8697944946137488,0.8626805835727531,1287,321,"{'Basal': 168, 'Her2': 179, 'LumA': 560, 'LumB': 380}","{'Basal': 41, 'Her2': 45, 'LumA': 140, 'LumB': 95}",4,False,0.9219858156028369,0.9154929577464789,0.9285714285714286,0.865979381443299,0.8484848484848485,0.8842105263157894,0.7529411764705882,0.8,0.7111111111111111,0.9382716049382716,0.95,0.926829268292683,18067
classification,RFECA_SVR(k=20),EnsembleSoft,0.2,5,5,0.8524663829262273,0.8295682387787652,1287,321,"{'Basal': 167, 'Her2': 180, 'LumA': 560, 'LumB': 380}","{'Basal': 42, 'Her2': 44, 'LumA': 140, 'LumB': 95}",4,False,0.9047619047619048,0.8636363636363636,0.95,0.8601036269430051,0.8469387755102041,0.8736842105263158,0.72,0.8709677419354839,0.6136363636363636,0.925,0.9736842105263158,0.8809523809523809,18067
classification,MissForest,EnsembleSoft,0.2,5,1,0.8719309179953327,0.8669486215538846,1286,322,"{'Basal': 167, 'Her2': 179, 'LumA': 560, 'LumB': 380}","{'Basal': 42, 'Her2': 45, 'LumA': 140, 'LumB': 95}",4,False,0.9010989010989011,0.924812030075188,0.8785714285714286,0.8855721393034826,0.839622641509434,0.9368421052631579,0.8210526315789474,0.78,0.8666666666666667,0.88,1.0,0.7857142857142857,18067
classification,MissForest,EnsembleSoft,0.2,5,2,0.9012679421070884,0.8847326649958229,1286,322,"{'Basal': 167, 'Her2': 179, 'LumA': 560, 'LumB': 380}","{'Basal': 42, 'Her2': 45, 'LumA': 140, 'LumB': 95}",4,False,0.9220338983050848,0.8774193548387097,0.9714285714285714,0.8743169398907104,0.9090909090909091,0.8421052631578947,0.8837209302325582,0.926829268292683,0.8444444444444444,0.925,0.9736842105263158,0.8809523809523809,18067
classification,MissForest,EnsembleSoft,0.2,5,3,0.8635241325163956,0.8600668337510442,1286,322,"{'Basal': 167, 'Her2': 179, 'LumA': 560, 'LumB': 380}","{'Basal': 42, 'Her2': 45, 'LumA': 140, 'LumB': 95}",4,False,0.9134948096885813,0.8859060402684564,0.9428571428571428,0.8241758241758241,0.8620689655172413,0.7894736842105263,0.7640449438202247,0.7727272727272727,0.7555555555555555,0.9523809523809523,0.9523809523809523,0.9523809523809523,18067
classification,MissForest,EnsembleSoft,0.2,5,4,0.8808729273100386,0.8718075676997372,1287,321,"{'Basal': 168, 'Her2': 179, 'LumA': 560, 'LumB': 380}","{'Basal': 41, 'Her2': 45, 'LumA': 140, 'LumB': 95}",4,False,0.9198606271777003,0.8979591836734694,0.9428571428571428,0.8888888888888888,0.8936170212765957,0.8842105263157894,0.7764705882352941,0.825,0.7333333333333333,0.9382716049382716,0.95,0.926829268292683,18067
classification,MissForest,EnsembleSoft,0.2,5,5,0.8405852928357194,0.8212548416495784,1287,321,"{'Basal': 167, 'Her2': 180, 'LumA': 560, 'LumB': 380}","{'Basal': 42, 'Her2': 44, 'LumA': 140, 'LumB': 95}",4,False,0.9078498293515358,0.869281045751634,0.95,0.8541666666666666,0.845360824742268,0.8631578947368421,0.6753246753246753,0.7878787878787878,0.5909090909090909,0.925,0.9736842105263158,0.8809523809523809,18067
classification,SimpleMean,EnsembleSoft,0.2,6,1,0.8355754913387787,0.8317251461988304,1286,322,"{'Basal': 167, 'Her2': 179, 'LumA': 560, 'LumB': 380}","{'Basal': 42, 'Her2': 45, 'LumA': 140, 'LumB': 95}",4,False,0.8970588235294118,0.9242424242424242,0.8714285714285714,0.8613861386138614,0.8130841121495327,0.9157894736842105,0.7526881720430108,0.7291666666666666,0.7777777777777778,0.8311688311688312,0.9142857142857143,0.7619047619047619,18068
classification,SimpleMean,EnsembleSoft,0.2,6,2,0.910180055910762,0.8968880534670008,1286,322,"{'Basal': 167, 'Her2': 179, 'LumA': 560, 'LumB': 380}","{'Basal': 42, 'Her2': 45, 'LumA': 140, 'LumB': 95}",4,False,0.9387755102040817,0.8961038961038961,0.9857142857142858,0.8901098901098901,0.9310344827586207,0.8526315789473684,0.8735632183908046,0.9047619047619048,0.8444444444444444,0.9382716049382716,0.9743589743589743,0.9047619047619048,18068
classification,SimpleMean,EnsembleSoft,0.2,6,3,0.8757490333972151,0.8681599832915622,1286,322,"{'Basal': 167, 'Her2': 179, 'LumA': 560, 'LumB': 380}","{'Basal': 42, 'Her2': 45, 'LumA': 140, 'LumB': 95}",4,False,0.8958333333333334,0.8716216216216216,0.9214285714285714,0.8387096774193549,0.8571428571428571,0.8210526315789474,0.8045977011494253,0.8333333333333334,0.7777777777777778,0.963855421686747,0.975609756097561,0.9523809523809523,18068
classification,SimpleMean,EnsembleSoft,0.2,6,4,0.8454528521421596,0.8332225380524482,1287,321,"{'Basal': 168, 'Her2': 179, 'LumA': 560, 'LumB': 380}","{'Basal': 41, 'Her2': 45, 'LumA': 140, 'LumB': 95}",4,False,0.9128919860627178,0.891156462585034,0.9357142857142857,0.8717948717948718,0.85,0.8947368421052632,0.6835443037974683,0.7941176470588235,0.6,0.9135802469135802,0.925,0.9024390243902439,18068
classification,SimpleMean,EnsembleSoft,0.2,6,5,0.8643351813320116,0.8440846434267487,1287,321,"{'Basal': 167, 'Her2': 180, 'LumA': 560, 'LumB': 380}","{'Basal': 42, 'Her2': 44, 'LumA': 140, 'LumB': 95}",4,False,0.9215017064846417,0.8823529411764706,0.9642857142857143,0.8854166666666666,0.8762886597938144,0.8947368421052632,0.7368421052631579,0.875,0.6363636363636364,0.9135802469135802,0.9487179487179487,0.8809523809523809,18068
classification,"KNN(k=5,dist)",EnsembleSoft,0.2,6,1,0.8532771941371666,0.8476503759398497,1286,322,"{'Basal': 167, 'Her2': 179, 'LumA': 560, 'LumB': 380}","{'Basal': 42, 'Her2': 45, 'LumA': 140, 'LumB': 95}",4,False,0.9077490774907749,0.9389312977099237,0.8785714285714286,0.8627450980392157,0.8073394495412844,0.9263157894736842,0.7741935483870968,0.75,0.8,0.868421052631579,0.9705882352941176,0.7857142857142857,18068
classification,"KNN(k=5,dist)",EnsembleSoft,0.2,6,2,0.8983612824974951,0.8890977443609023,1286,322,"{'Basal': 167, 'Her2': 179, 'LumA': 560, 'LumB': 380}","{'Basal': 42, 'Her2': 45, 'LumA': 140, 'LumB': 95}",4,False,0.9387755102040817,0.8961038961038961,0.9857142857142858,0.8888888888888888,0.9411764705882353,0.8421052631578947,0.8372093023255814,0.8780487804878049,0.8,0.9285714285714286,0.9285714285714286,0.9285714285714286,18068
classification,"KNN(k=5,dist)",EnsembleSoft,0.2,6,3,0.8771629131931484,0.8703947368421052,1286,322,"{'Basal': 167, 'Her2': 179, 'LumA': 560, 'LumB': 380}","{'Basal': 42, 'Her2': 45, 'LumA': 140, 'LumB': 95}",4,False,0.9052631578947369,0.8896551724137931,0.9214285714285714,0.8404255319148937,0.8494623655913979,0.8315789473684211,0.8,0.8,0.8,0.9629629629629629,1.0,0.9285714285714286,18068
classification,"KNN(k=5,dist)",EnsembleSoft,0.2,6,4,0.869617742260598,0.858922203883693,1287,321,"{'Basal': 168, 'Her2': 179, 'LumA': 560, 'LumB': 380}","{'Basal': 41, 'Her2': 45, 'LumA': 140, 'LumB': 95}",4,False,0.9187279151943463,0.9090909090909091,0.9285714285714286,0.8877551020408163,0.8613861386138614,0.9157894736842105,0.7469879518072289,0.8157894736842105,0.6888888888888889,0.925,0.9487179487179487,0.9024390243902439,18068
classification,"KNN(k=5,dist)",EnsembleSoft,0.2,6,5,0.8776678800651403,0.8518569150148099,1287,321,"{'Basal': 167, 'Her2': 180, 'LumA': 560, 'LumB': 380}","{'Basal': 42, 'Her2': 44, 'LumA': 140, 'LumB': 95}",4,False,0.9246575342465754,0.8881578947368421,0.9642857142857143,0.882051282051282,0.86,0.9052631578947369,0.7948717948717948,0.9117647058823529,0.7045454545454546,0.9090909090909091,1.0,0.8333333333333334,18068
classification,RFECA_SVR(k=5),EnsembleSoft,0.2,6,1,0.8607213191430898,0.8605889724310777,1286,322,"{'Basal': 167, 'Her2': 179, 'LumA': 560, 'LumB': 380}","{'Basal': 42, 'Her2': 45, 'LumA': 140, 'LumB': 95}",4,False,0.8970588235294118,0.9242424242424242,0.8714285714285714,0.8585858585858586,0.8252427184466019,0.8947368421052632,0.8041237113402062,0.75,0.8666666666666667,0.8831168831168831,0.9714285714285714,0.8095238095238095,18068
classification,RFECA_SVR(k=5),EnsembleSoft,0.2,6,2,0.9109009274245357,0.9045321637426901,1286,322,"{'Basal': 167, 'Her2': 179, 'LumA': 560, 'LumB': 380}","{'Basal': 42, 'Her2': 45, 'LumA': 140, 'LumB': 95}",4,False,0.9477351916376306,0.9251700680272109,0.9714285714285714,0.8924731182795699,0.9120879120879121,0.8736842105263158,0.8636363636363636,0.8837209302325582,0.8444444444444444,0.9397590361445783,0.9512195121951219,0.9285714285714286,18068
classification,RFECA_SVR(k=5),EnsembleSoft,0.2,6,3,0.8792898242129419,0.8742585630743526,1286,322,"{'Basal': 167, 'Her2': 179, 'LumA': 560, 'LumB': 380}","{'Basal': 42, 'Her2': 45, 'LumA': 140, 'LumB': 95}",4,False,0.9128919860627178,0.891156462585034,0.9357142857142857,0.8369565217391305,0.8651685393258427,0.8105263157894737,0.8043478260869565,0.7872340425531915,0.8222222222222222,0.9629629629629629,1.0,0.9285714285714286,18068
classification,RFECA_SVR(k=5),EnsembleSoft,0.2,6,4,0.8752090609648748,0.8647816186808484,1287,321,"{'Basal': 168, 'Her2': 179, 'LumA': 560, 'LumB': 380}","{'Basal': 41, 'Her2': 45, 'LumA': 140, 'LumB': 95}",4,False,0.9214285714285714,0.9214285714285714,0.9214285714285714,0.8888888888888888,0.8543689320388349,0.9263157894736842,0.7674418604651163,0.8048780487804879,0.7333333333333333,0.9230769230769231,0.972972972972973,0.8780487804878049,18068
classification,RFECA_SVR(k=5),EnsembleSoft,0.2,6,5,0.8776195076523584,0.8583504215083163,1287,321,"{'Basal': 167, 'Her2': 180, 'LumA': 560, 'LumB': 380}","{'Basal': 42, 'Her2': 44, 'LumA': 140, 'LumB': 95}",4,False,0.9246575342465754,0.8881578947368421,0.9642857142857143,0.8958333333333334,0.8865979381443299,0.9052631578947369,0.7631578947368421,0.90625,0.6590909090909091,0.926829268292683,0.95,0.9047619047619048,18068
classification,RFECA_SVR(k=10),EnsembleSoft,0.2,6,1,0.8570208246636148,0.8638157894736843,1286,322,"{'Basal': 167, 'Her2': 179, 'LumA': 560, 'LumB': 380}","{'Basal': 42, 'Her2': 45, 'LumA': 140, 'LumB': 95}",4,False,0.8913857677902621,0.937007874015748,0.85,0.86,0.819047619047619,0.9052631578947369,0.8125,0.7647058823529411,0.8666666666666667,0.8641975308641975,0.8974358974358975,0.8333333333333334,18068
classification,RFECA_SVR(k=10),EnsembleSoft,0.2,6,2,0.9017335777144861,0.8919277360066834,1286,322,"{'Basal': 167, 'Her2': 179, 'LumA': 560, 'LumB': 380}","{'Basal': 42, 'Her2': 45, 'LumA': 140, 'LumB': 95}",4,False,0.9310344827586207,0.9,0.9642857142857143,0.8756756756756757,0.9,0.8526315789473684,0.8604651162790697,0.9024390243902439,0.8222222222222222,0.9397590361445783,0.9512195121951219,0.9285714285714286,18068
classification,RFECA_SVR(k=10),EnsembleSoft,0.2,6,3,0.8833830021105111,0.8786758563074353,1286,322,"{'Basal': 167, 'Her2': 179, 'LumA': 560, 'LumB': 380}","{'Basal': 42, 'Her2': 45, 'LumA': 140, 'LumB': 95}",4,False,0.9166666666666666,0.8918918918918919,0.9428571428571428,0.8524590163934426,0.8863636363636364,0.8210526315789474,0.8131868131868132,0.8043478260869565,0.8222222222222222,0.9512195121951219,0.975,0.9285714285714286,18068
classification,RFECA_SVR(k=10),EnsembleSoft,0.2,6,4,0.8549391425400229,0.8452337653075779,1287,321,"{'Basal': 168, 'Her2': 179, 'LumA': 560, 'LumB': 380}","{'Basal': 41, 'Her2': 45, 'LumA': 140, 'LumB': 95}",4,False,0.9148936170212766,0.9084507042253521,0.9214285714285714,0.8717948717948718,0.85,0.8947368421052632,0.735632183908046,0.7619047619047619,0.7111111111111111,0.8974358974358975,0.9459459459459459,0.8536585365853658,18068
classification,RFECA_SVR(k=10),EnsembleSoft,0.2,6,5,0.8756079424717643,0.8541837548416497,1287,321,"{'Basal': 167, 'Her2': 180, 'LumA': 560, 'LumB': 380}","{'Basal': 42, 'Her2': 44, 'LumA': 140, 'LumB': 95}",4,False,0.9251700680272109,0.8831168831168831,0.9714285714285714,0.900523560209424,0.8958333333333334,0.9052631578947369,0.7631578947368421,0.90625,0.6590909090909091,0.9135802469135802,0.9487179487179487,0.8809523809523809,18068
classification,RFECA_SVR(k=20),EnsembleSoft,0.2,6,1,0.8624459937156324,0.8664473684210527,1286,322,"{'Basal': 167, 'Her2': 179, 'LumA': 560, 'LumB': 380}","{'Basal': 42, 'Her2': 45, 'LumA': 140, 'LumB': 95}",4,False,0.8880597014925373,0.9296875,0.85,0.8656716417910447,0.8207547169811321,0.9157894736842105,0.8210526315789474,0.78,0.8666666666666667,0.875,0.9210526315789473,0.8333333333333334,18068
classification,RFECA_SVR(k=20),EnsembleSoft,0.2,6,2,0.8921014024603624,0.8855263157894737,1286,322,"{'Basal': 167, 'Her2': 179, 'LumA': 560, 'LumB': 380}","{'Basal': 42, 'Her2': 45, 'LumA': 140, 'LumB': 95}",4,False,0.9379310344827586,0.9066666666666666,0.9714285714285714,0.8743169398907104,0.9090909090909091,0.8421052631578947,0.8275862068965517,0.8571428571428571,0.8,0.9285714285714286,0.9285714285714286,0.9285714285714286,18068
classification,RFECA_SVR(k=20),EnsembleSoft,0.2,6,3,0.8785637082959459,0.8742585630743526,1286,322,"{'Basal': 167, 'Her2': 179, 'LumA': 560, 'LumB': 380}","{'Basal': 42, 'Her2': 45, 'LumA': 140, 'LumB': 95}",4,False,0.9128919860627178,0.891156462585034,0.9357142857142857,0.8369565217391305,0.8651685393258427,0.8105263157894737,0.8131868131868132,0.8043478260869565,0.8222222222222222,0.9512195121951219,0.975,0.9285714285714286,18068
classification,RFECA_SVR(k=20),EnsembleSoft,0.2,6,4,0.8616062470346447,0.851038928622369,1287,321,"{'Basal': 168, 'Her2': 179, 'LumA': 560, 'LumB': 380}","{'Basal': 41, 'Her2': 45, 'LumA': 140, 'LumB': 95}",4,False,0.9181494661921709,0.9148936170212766,0.9214285714285714,0.8787878787878788,0.8446601941747572,0.9157894736842105,0.7380952380952381,0.7948717948717948,0.6888888888888889,0.9113924050632911,0.9473684210526315,0.8780487804878049,18068
classification,RFECA_SVR(k=20),EnsembleSoft,0.2,6,5,0.8733661220114801,0.849766461608567,1287,321,"{'Basal': 167, 'Her2': 180, 'LumA': 560, 'LumB': 380}","{'Basal': 42, 'Her2': 44, 'LumA': 140, 'LumB': 95}",4,False,0.9152542372881356,0.8709677419354839,0.9642857142857143,0.8900523560209425,0.8854166666666666,0.8947368421052632,0.7631578947368421,0.90625,0.6590909090909091,0.925,0.9736842105263158,0.8809523809523809,18068
classification,MissForest,EnsembleSoft,0.2,6,1,0.8727086632527112,0.8691311612364243,1286,322,"{'Basal': 167, 'Her2': 179, 'LumA': 560, 'LumB': 380}","{'Basal': 42, 'Her2': 45, 'LumA': 140, 'LumB': 95}",4,False,0.9117647058823529,0.9393939393939394,0.8857142857142857,0.8811881188118812,0.8317757009345794,0.9368421052631579,0.8260869565217391,0.8085106382978723,0.8444444444444444,0.8717948717948718,0.9444444444444444,0.8095238095238095,18068
classification,MissForest,EnsembleSoft,0.2,6,2,0.8873415237928256,0.8822055137844612,1286,322,"{'Basal': 167, 'Her2': 179, 'LumA': 560, 'LumB': 380}","{'Basal': 42, 'Her2': 45, 'LumA': 140, 'LumB': 95}",4,False,0.9411764705882353,0.912751677852349,0.9714285714285714,0.8852459016393442,0.9204545454545454,0.8526315789473684,0.8181818181818182,0.8372093023255814,0.8,0.9047619047619048,0.9047619047619048,0.9047619047619048,18068
classification,MissForest,EnsembleSoft,0.2,6,3,0.8876260957667063,0.8841374269005847,1286,322,"{'Basal': 167, 'Her2': 179, 'LumA': 560, 'LumB': 380}","{'Basal': 42, 'Her2': 45, 'LumA': 140, 'LumB': 95}",4,False,0.9148936170212766,0.9084507042253521,0.9214285714285714,0.8465608465608465,0.851063829787234,0.8421052631578947,0.8260869565217391,0.8085106382978723,0.8444444444444444,0.9629629629629629,1.0,0.9285714285714286,18068
classification,MissForest,EnsembleSoft,0.2,6,4,0.866321950695329,0.8550469160706645,1287,321,"{'Basal': 168, 'Her2': 179, 'LumA': 560, 'LumB': 380}","{'Basal': 41, 'Her2': 45, 'LumA': 140, 'LumB': 95}",4,False,0.9148936170212766,0.9084507042253521,0.9214285714285714,0.8686868686868687,0.8349514563106796,0.9052631578947369,0.7317073170731707,0.8108108108108109,0.6666666666666666,0.95,0.9743589743589743,0.926829268292683,18068
classification,MissForest,EnsembleSoft,0.2,6,5,0.8622202859505075,0.8363465481886535,1287,321,"{'Basal': 167, 'Her2': 180, 'LumA': 560, 'LumB': 380}","{'Basal': 42, 'Her2': 44, 'LumA': 140, 'LumB': 95}",4,False,0.9054054054054054,0.8589743589743589,0.9571428571428572,0.8854166666666666,0.8762886597938144,0.8947368421052632,0.7466666666666667,0.9032258064516129,0.6363636363636364,0.9113924050632911,0.972972972972973,0.8571428571428571,18068
classification,SimpleMean,EnsembleSoft,0.2,7,1,0.876145616668934,0.8687761069340016,1286,322,"{'Basal': 167, 'Her2': 179, 'LumA': 560, 'LumB': 380}","{'Basal': 42, 'Her2': 45, 'LumA': 140, 'LumB': 95}",4,False,0.920863309352518,0.927536231884058,0.9142857142857143,0.8730964467005076,0.8431372549019608,0.9052631578947369,0.8131868131868132,0.8043478260869565,0.8222222222222222,0.8974358974358975,0.9722222222222222,0.8333333333333334,18069
classification,SimpleMean,EnsembleSoft,0.2,7,2,0.8875680554664218,0.8777882205513785,1286,322,"{'Basal': 167, 'Her2': 179, 'LumA': 560, 'LumB': 380}","{'Basal': 42, 'Her2': 45, 'LumA': 140, 'LumB': 95}",4,False,0.9278350515463918,0.8940397350993378,0.9642857142857143,0.8695652173913043,0.898876404494382,0.8421052631578947,0.8372093023255814,0.8780487804878049,0.8,0.9156626506024096,0.926829268292683,0.9047619047619048,18069
classification,SimpleMean,EnsembleSoft,0.2,7,3,0.8600523904217839,0.8555555555555556,1286,322,"{'Basal': 167, 'Her2': 179, 'LumA': 560, 'LumB': 380}","{'Basal': 42, 'Her2': 45, 'LumA': 140, 'LumB': 95}",4,False,0.8951048951048951,0.8767123287671232,0.9142857142857143,0.8172043010752689,0.8351648351648352,0.8,0.7640449438202247,0.7727272727272727,0.7555555555555555,0.963855421686747,0.975609756097561,0.9523809523809523,18069
classification,SimpleMean,EnsembleSoft,0.2,7,4,0.8622024273388605,0.8557486195162705,1287,321,"{'Basal': 168, 'Her2': 179, 'LumA': 560, 'LumB': 380}","{'Basal': 41, 'Her2': 45, 'LumA': 140, 'LumB': 95}",4,False,0.9219858156028369,0.9154929577464789,0.9285714285714286,0.8911917098445595,0.8775510204081632,0.9052631578947369,0.735632183908046,0.7619047619047619,0.7111111111111111,0.9,0.9230769230769231,0.8780487804878049,18069
classification,SimpleMean,EnsembleSoft,0.2,7,5,0.8429900876718304,0.8287878787878789,1287,321,"{'Basal': 167, 'Her2': 180, 'LumA': 560, 'LumB': 380}","{'Basal': 42, 'Her2': 44, 'LumA': 140, 'LumB': 95}",4,False,0.8934707903780069,0.8609271523178808,0.9285714285714286,0.8085106382978723,0.8172043010752689,0.8,0.7317073170731707,0.7894736842105263,0.6818181818181818,0.9382716049382716,0.9743589743589743,0.9047619047619048,18069
classification,"KNN(k=5,dist)",EnsembleSoft,0.2,7,1,0.8837309550353029,0.8760233918128655,1286,322,"{'Basal': 167, 'Her2': 179, 'LumA': 560, 'LumB': 380}","{'Basal': 42, 'Her2': 45, 'LumA': 140, 'LumB': 95}",4,False,0.9130434782608695,0.9264705882352942,0.9,0.88,0.8380952380952381,0.9263157894736842,0.8444444444444444,0.8444444444444444,0.8444444444444444,0.8974358974358975,0.9722222222222222,0.8333333333333334,18069
classification,"KNN(k=5,dist)",EnsembleSoft,0.2,7,2,0.9080585771465419,0.8951023391812866,1286,322,"{'Basal': 167, 'Her2': 179, 'LumA': 560, 'LumB': 380}","{'Basal': 42, 'Her2': 45, 'LumA': 140, 'LumB': 95}",4,False,0.9351535836177475,0.8954248366013072,0.9785714285714285,0.8852459016393442,0.9204545454545454,0.8526315789473684,0.8735632183908046,0.9047619047619048,0.8444444444444444,0.9382716049382716,0.9743589743589743,0.9047619047619048,18069
classification,"KNN(k=5,dist)",EnsembleSoft,0.2,7,3,0.8735846882886478,0.8722222222222222,1286,322,"{'Basal': 167, 'Her2': 179, 'LumA': 560, 'LumB': 380}","{'Basal': 42, 'Her2': 45, 'LumA': 140, 'LumB': 95}",4,False,0.9014084507042254,0.8888888888888888,0.9142857142857143,0.8216216216216217,0.8444444444444444,0.8,0.7956989247311828,0.7708333333333334,0.8222222222222222,0.975609756097561,1.0,0.9523809523809523,18069
classification,"KNN(k=5,dist)",EnsembleSoft,0.2,7,4,0.8739949767273294,0.862547883937486,1287,321,"{'Basal': 168, 'Her2': 179, 'LumA': 560, 'LumB': 380}","{'Basal': 41, 'Her2': 45, 'LumA': 140, 'LumB': 95}",4,False,0.9257950530035336,0.916083916083916,0.9357142857142857,0.882051282051282,0.86,0.9052631578947369,0.7906976744186046,0.8292682926829268,0.7555555555555555,0.8974358974358975,0.9459459459459459,0.8536585365853658,18069
classification,"KNN(k=5,dist)",EnsembleSoft,0.2,7,5,0.8482229861458271,0.8291951469583048,1287,321,"{'Basal': 167, 'Her2': 180, 'LumA': 560, 'LumB': 380}","{'Basal': 42, 'Her2': 44, 'LumA': 140, 'LumB': 95}",4,False,0.89419795221843,0.8562091503267973,0.9357142857142857,0.8465608465608465,0.851063829787234,0.8421052631578947,0.7407407407407407,0.8108108108108109,0.6818181818181818,0.9113924050632911,0.972972972972973,0.8571428571428571,18069
classification,RFECA_SVR(k=5),EnsembleSoft,0.2,7,1,0.8634549327894343,0.8608500417710944,1286,322,"{'Basal': 167, 'Her2': 179, 'LumA': 560, 'LumB': 380}","{'Basal': 42, 'Her2': 45, 'LumA': 140, 'LumB': 95}",4,False,0.8996282527881041,0.937984496124031,0.8642857142857143,0.8780487804878049,0.8181818181818182,0.9473684210526315,0.8043478260869565,0.7872340425531915,0.8222222222222222,0.8717948717948718,0.9444444444444444,0.8095238095238095,18069
classification,RFECA_SVR(k=5),EnsembleSoft,0.2,7,2,0.8973362296851624,0.8875104427736007,1286,322,"{'Basal': 167, 'Her2': 179, 'LumA': 560, 'LumB': 380}","{'Basal': 42, 'Her2': 45, 'LumA': 140, 'LumB': 95}",4,False,0.9273356401384083,0.8993288590604027,0.9571428571428572,0.8602150537634409,0.8791208791208791,0.8421052631578947,0.8505747126436781,0.8809523809523809,0.8222222222222222,0.9512195121951219,0.975,0.9285714285714286,18069
classification,RFECA_SVR(k=5),EnsembleSoft,0.2,7,3,0.8715390298315012,0.8702380952380953,1286,322,"{'Basal': 167, 'Her2': 179, 'LumA': 560, 'LumB': 380}","{'Basal': 42, 'Her2': 45, 'LumA': 140, 'LumB': 95}",4,False,0.9090909090909091,0.8904109589041096,0.9285714285714286,0.8306010928961749,0.8636363636363636,0.8,0.782608695652174,0.7659574468085106,0.8,0.963855421686747,0.975609756097561,0.9523809523809523,18069
classification,RFECA_SVR(k=5),EnsembleSoft,0.2,7,4,0.8555796742357005,0.8449956191291237,1287,321,"{'Basal': 168, 'Her2': 179, 'LumA': 560, 'LumB': 380}","{'Basal': 41, 'Her2': 45, 'LumA': 140, 'LumB': 95}",4,False,0.9078014184397163,0.9014084507042254,0.9142857142857143,0.882051282051282,0.86,0.9052631578947369,0.7640449438202247,0.7727272727272727,0.7555555555555555,0.868421052631579,0.9428571428571428,0.8048780487804879,18069
classification,RFECA_SVR(k=5),EnsembleSoft,0.2,7,5,0.8763540859381728,0.8544998860788334,1287,321,"{'Basal': 167, 'Her2': 180, 'LumA': 560, 'LumB': 380}","{'Basal': 42, 'Her2': 44, 'LumA': 140, 'LumB': 95}",4,False,0.9115646258503401,0.8701298701298701,0.9571428571428572,0.8571428571428571,0.8617021276595744,0.8526315789473684,0.8,0.8888888888888888,0.7272727272727273,0.9367088607594937,1.0,0.8809523809523809,18069
classification,RFECA_SVR(k=10),EnsembleSoft,0.2,7,1,0.8653326000308759,0.8641708437761069,1286,322,"{'Basal': 167, 'Her2': 179, 'LumA': 560, 'LumB': 380}","{'Basal': 42, 'Her2': 45, 'LumA': 140, 'LumB': 95}",4,False,0.8962962962962963,0.9307692307692308,0.8642857142857143,0.8768472906403941,0.8240740740740741,0.9368421052631579,0.8131868131868132,0.8043478260869565,0.8222222222222222,0.875,0.9210526315789473,0.8333333333333334,18069
classification,RFECA_SVR(k=10),EnsembleSoft,0.2,7,2,0.9035755875635776,0.8937134502923977,1286,322,"{'Basal': 167, 'Her2': 179, 'LumA': 560, 'LumB': 380}","{'Basal': 42, 'Her2': 45, 'LumA': 140, 'LumB': 95}",4,False,0.9347079037800687,0.9006622516556292,0.9714285714285714,0.8804347826086957,0.9101123595505618,0.8526315789473684,0.8705882352941177,0.925,0.8222222222222222,0.9285714285714286,0.9285714285714286,0.9285714285714286,18069
classification,RFECA_SVR(k=10),EnsembleSoft,0.2,7,3,0.8742086430358587,0.8737155388471177,1286,322,"{'Basal': 167, 'Her2': 179, 'LumA': 560, 'LumB': 380}","{'Basal': 42, 'Her2': 45, 'LumA': 140, 'LumB': 95}",4,False,0.911660777385159,0.9020979020979021,0.9214285714285714,0.8387096774193549,0.8571428571428571,0.8210526315789474,0.782608695652174,0.7659574468085106,0.8,0.963855421686747,0.975609756097561,0.9523809523809523,18069
classification,RFECA_SVR(k=10),EnsembleSoft,0.2,7,4,0.8560286935286935,0.8487654603989649,1287,321,"{'Basal': 168, 'Her2': 179, 'LumA': 560, 'LumB': 380}","{'Basal': 41, 'Her2': 45, 'LumA': 140, 'LumB': 95}",4,False,0.9071428571428571,0.9071428571428571,0.9071428571428571,0.882051282051282,0.86,0.9052631578947369,0.7777777777777778,0.7777777777777778,0.7777777777777778,0.8571428571428571,0.9166666666666666,0.8048780487804879,18069
classification,RFECA_SVR(k=10),EnsembleSoft,0.2,7,5,0.8657579030205612,0.8444007746639326,1287,321,"{'Basal': 167, 'Her2': 180, 'LumA': 560, 'LumB': 380}","{'Basal': 42, 'Her2': 44, 'LumA': 140, 'LumB': 95}",4,False,0.9047619047619048,0.8636363636363636,0.95,0.8465608465608465,0.851063829787234,0.8421052631578947,0.775,0.8611111111111112,0.7045454545454546,0.9367088607594937,1.0,0.8809523809523809,18069
classification,RFECA_SVR(k=20),EnsembleSoft,0.2,7,1,0.8669373583695834,0.8635233918128655,1286,322,"{'Basal': 167, 'Her2': 179, 'LumA': 560, 'LumB': 380}","{'Basal': 42, 'Her2': 45, 'LumA': 140, 'LumB': 95}",4,False,0.8814814814814815,0.9153846153846154,0.85,0.8627450980392157,0.8073394495412844,0.9263157894736842,0.8260869565217391,0.8085106382978723,0.8444444444444444,0.8974358974358975,0.9722222222222222,0.8333333333333334,18069
classification,RFECA_SVR(k=20),EnsembleSoft,0.2,7,2,0.9023885447239459,0.8945593149540518,1286,322,"{'Basal': 167, 'Her2': 179, 'LumA': 560, 'LumB': 380}","{'Basal': 42, 'Her2': 45, 'LumA': 140, 'LumB': 95}",4,False,0.9375,0.9121621621621622,0.9642857142857143,0.8817204301075269,0.9010989010989011,0.8631578947368421,0.8505747126436781,0.8809523809523809,0.8222222222222222,0.9397590361445783,0.9512195121951219,0.9285714285714286,18069
classification,RFECA_SVR(k=20),EnsembleSoft,0.2,7,3,0.8757651899867386,0.8784252297410192,1286,322,"{'Basal': 167, 'Her2': 179, 'LumA': 560, 'LumB': 380}","{'Basal': 42, 'Her2': 45, 'LumA': 140, 'LumB': 95}",4,False,0.9187279151943463,0.9090909090909091,0.9285714285714286,0.8415300546448088,0.875,0.8105263157894737,0.7789473684210526,0.74,0.8222222222222222,0.963855421686747,0.975609756097561,0.9523809523809523,18069
classification,RFECA_SVR(k=20),EnsembleSoft,0.2,7,4,0.8555603307960501,0.8479195957373108,1287,321,"{'Basal': 168, 'Her2': 179, 'LumA': 560, 'LumB': 380}","{'Basal': 41, 'Her2': 45, 'LumA': 140, 'LumB': 95}",4,False,0.9110320284697508,0.9078014184397163,0.9142857142857143,0.8762886597938144,0.8585858585858586,0.8947368421052632,0.7777777777777778,0.7777777777777778,0.7777777777777778,0.8571428571428571,0.9166666666666666,0.8048780487804879,18069
classification,RFECA_SVR(k=20),EnsembleSoft,0.2,7,5,0.8663410826229613,0.8452466393255867,1287,321,"{'Basal': 167, 'Her2': 180, 'LumA': 560, 'LumB': 380}","{'Basal': 42, 'Her2': 44, 'LumA': 140, 'LumB': 95}",4,False,0.9010238907849829,0.8627450980392157,0.9428571428571428,0.8526315789473684,0.8526315789473684,0.8526315789473684,0.775,0.8611111111111112,0.7045454545454546,0.9367088607594937,1.0,0.8809523809523809,18069
classification,MissForest,EnsembleSoft,0.2,7,1,0.8831157112396616,0.880639097744361,1286,322,"{'Basal': 167, 'Her2': 179, 'LumA': 560, 'LumB': 380}","{'Basal': 42, 'Her2': 45, 'LumA': 140, 'LumB': 95}",4,False,0.915129151291513,0.9465648854961832,0.8857142857142857,0.8811881188118812,0.8317757009345794,0.9368421052631579,0.8387096774193549,0.8125,0.8666666666666667,0.8974358974358975,0.9722222222222222,0.8333333333333334,18069
classification,MissForest,EnsembleSoft,0.2,7,2,0.9076688833787618,0.8972848788638262,1286,322,"{'Basal': 167, 'Her2': 179, 'LumA': 560, 'LumB': 380}","{'Basal': 42, 'Her2': 45, 'LumA': 140, 'LumB': 95}",4,False,0.9452054794520548,0.9078947368421053,0.9857142857142858,0.8852459016393442,0.9204545454545454,0.8526315789473684,0.8604651162790697,0.9024390243902439,0.8222222222222222,0.9397590361445783,0.9512195121951219,0.9285714285714286,18069
classification,MissForest,EnsembleSoft,0.2,7,3,0.8697834054368889,0.8673141186299081,1286,322,"{'Basal': 167, 'Her2': 179, 'LumA': 560, 'LumB': 380}","{'Basal': 42, 'Her2': 45, 'LumA': 140, 'LumB': 95}",4,False,0.9090909090909091,0.8904109589041096,0.9285714285714286,0.8369565217391305,0.8651685393258427,0.8105263157894737,0.7692307692307693,0.7608695652173914,0.7777777777777778,0.963855421686747,0.975609756097561,0.9523809523809523,18069
classification,MissForest,EnsembleSoft,0.2,7,4,0.853906310907708,0.8429060456018094,1287,321,"{'Basal': 168, 'Her2': 179, 'LumA': 560, 'LumB': 380}","{'Basal': 41, 'Her2': 45, 'LumA': 140, 'LumB': 95}",4,False,0.9045936395759717,0.8951048951048951,0.9142857142857143,0.8717948717948718,0.85,0.8947368421052632,0.7674418604651163,0.8048780487804879,0.7333333333333333,0.8717948717948718,0.918918918918919,0.8292682926829268,18069
classification,MissForest,EnsembleSoft,0.2,7,5,0.8636196968383331,0.8421964000911368,1287,321,"{'Basal': 167, 'Her2': 180, 'LumA': 560, 'LumB': 380}","{'Basal': 42, 'Her2': 44, 'LumA': 140, 'LumB': 95}",4,False,0.9041095890410958,0.868421052631579,0.9428571428571428,0.8541666666666666,0.845360824742268,0.8631578947368421,0.759493670886076,0.8571428571428571,0.6818181818181818,0.9367088607594937,1.0,0.8809523809523809,18069
classification,SimpleMean,EnsembleSoft,0.2,8,1,0.8628485636284856,0.860045948203843,1286,322,"{'Basal': 167, 'Her2': 179, 'LumA': 560, 'LumB': 380}","{'Basal': 42, 'Her2': 45, 'LumA': 140, 'LumB': 95}",4,False,0.9051094890510949,0.9253731343283582,0.8857142857142857,0.8686868686868687,0.8349514563106796,0.9052631578947369,0.8282828282828283,0.7592592592592593,0.9111111111111111,0.8493150684931506,1.0,0.7380952380952381,18070
classification,SimpleMean,EnsembleSoft,0.2,8,2,0.8768655686418845,0.8668859649122806,1286,322,"{'Basal': 167, 'Her2': 179, 'LumA': 560, 'LumB': 380}","{'Basal': 42, 'Her2': 45, 'LumA': 140, 'LumB': 95}",4,False,0.9300699300699301,0.910958904109589,0.95,0.8842105263157894,0.8842105263157894,0.8842105263157894,0.8181818181818182,0.8372093023255814,0.8,0.875,0.9210526315789473,0.8333333333333334,18070
classification,SimpleMean,EnsembleSoft,0.2,8,3,0.8587887042786564,0.846188387635756,1286,322,"{'Basal': 167, 'Her2': 179, 'LumA': 560, 'LumB': 380}","{'Basal': 42, 'Her2': 45, 'LumA': 140, 'LumB': 95}",4,False,0.9097222222222222,0.8851351351351351,0.9357142857142857,0.8272251308900523,0.8229166666666666,0.8315789473684211,0.7469879518072289,0.8157894736842105,0.6888888888888889,0.9512195121951219,0.975,0.9285714285714286,18070
classification,SimpleMean,EnsembleSoft,0.2,8,4,0.8747224669317368,0.8714097234957313,1287,321,"{'Basal': 168, 'Her2': 179, 'LumA': 560, 'LumB': 380}","{'Basal': 41, 'Her2': 45, 'LumA': 140, 'LumB': 95}",4,False,0.9219858156028369,0.9154929577464789,0.9285714285714286,0.8900523560209425,0.8854166666666666,0.8947368421052632,0.735632183908046,0.7619047619047619,0.7111111111111111,0.9512195121951219,0.9512195121951219,0.9512195121951219,18070
classification,SimpleMean,EnsembleSoft,0.2,8,5,0.8671807111486882,0.8545198222829802,1287,321,"{'Basal': 167, 'Her2': 180, 'LumA': 560, 'LumB': 380}","{'Basal': 42, 'Her2': 44, 'LumA': 140, 'LumB': 95}",4,False,0.9166666666666666,0.8918918918918919,0.9428571428571428,0.8421052631578947,0.8421052631578947,0.8421052631578947,0.7469879518072289,0.7948717948717948,0.7045454545454546,0.9629629629629629,1.0,0.9285714285714286,18070
classification,"KNN(k=5,dist)",EnsembleSoft,0.2,8,1,0.8624151391264667,0.8598997493734335,1286,322,"{'Basal': 167, 'Her2': 179, 'LumA': 560, 'LumB': 380}","{'Basal': 42, 'Her2': 45, 'LumA': 140, 'LumB': 95}",4,False,0.8970588235294118,0.9242424242424242,0.8714285714285714,0.8656716417910447,0.8207547169811321,0.9157894736842105,0.8297872340425532,0.7959183673469388,0.8666666666666667,0.8571428571428571,0.9428571428571428,0.7857142857142857,18070
classification,"KNN(k=5,dist)",EnsembleSoft,0.2,8,2,0.9049252535594731,0.8959482038429407,1286,322,"{'Basal': 167, 'Her2': 179, 'LumA': 560, 'LumB': 380}","{'Basal': 42, 'Her2': 45, 'LumA': 140, 'LumB': 95}",4,False,0.9379310344827586,0.9066666666666666,0.9714285714285714,0.8913043478260869,0.9213483146067416,0.8631578947368421,0.8636363636363636,0.8837209302325582,0.8444444444444444,0.926829268292683,0.95,0.9047619047619048,18070
classification,"KNN(k=5,dist)",EnsembleSoft,0.2,8,3,0.8821582399775977,0.8761487050960736,1286,322,"{'Basal': 167, 'Her2': 179, 'LumA': 560, 'LumB': 380}","{'Basal': 42, 'Her2': 45, 'LumA': 140, 'LumB': 95}",4,False,0.9198606271777003,0.8979591836734694,0.9428571428571428,0.8494623655913979,0.8681318681318682,0.8315789473684211,0.7954545454545454,0.813953488372093,0.7777777777777778,0.963855421686747,0.975609756097561,0.9523809523809523,18070
classification,"KNN(k=5,dist)",EnsembleSoft,0.2,8,4,0.878489661560104,0.8674017360474358,1287,321,"{'Basal': 168, 'Her2': 179, 'LumA': 560, 'LumB': 380}","{'Basal': 41, 'Her2': 45, 'LumA': 140, 'LumB': 95}",4,False,0.9187279151943463,0.9090909090909091,0.9285714285714286,0.882051282051282,0.86,0.9052631578947369,0.7764705882352941,0.825,0.7333333333333333,0.9367088607594937,0.9736842105263158,0.9024390243902439,18070
classification,"KNN(k=5,dist)",EnsembleSoft,0.2,8,5,0.8653773857721225,0.8442526771474139,1287,321,"{'Basal': 167, 'Her2': 180, 'LumA': 560, 'LumB': 380}","{'Basal': 42, 'Her2': 44, 'LumA': 140, 'LumB': 95}",4,False,0.9047619047619048,0.8636363636363636,0.95,0.8631578947368421,0.8631578947368421,0.8631578947368421,0.7435897435897436,0.8529411764705882,0.6590909090909091,0.95,1.0,0.9047619047619048,18070
classification,RFECA_SVR(k=5),EnsembleSoft,0.2,8,1,0.8593437579430726,0.856077694235589,1286,322,"{'Basal': 167, 'Her2': 179, 'LumA': 560, 'LumB': 380}","{'Basal': 42, 'Her2': 45, 'LumA': 140, 'LumB': 95}",4,False,0.8805970149253731,0.921875,0.8428571428571429,0.8349514563106796,0.7747747747747747,0.9052631578947369,0.8387096774193549,0.8125,0.8666666666666667,0.8831168831168831,0.9714285714285714,0.8095238095238095,18070
classification,RFECA_SVR(k=5),EnsembleSoft,0.2,8,2,0.8943904037614957,0.886967418546366,1286,322,"{'Basal': 167, 'Her2': 179, 'LumA': 560, 'LumB': 380}","{'Basal': 42, 'Her2': 45, 'LumA': 140, 'LumB': 95}",4,False,0.9347079037800687,0.9006622516556292,0.9714285714285714,0.8950276243093923,0.9418604651162791,0.8526315789473684,0.8478260869565217,0.8297872340425532,0.8666666666666667,0.9,0.9473684210526315,0.8571428571428571,18070
classification,RFECA_SVR(k=5),EnsembleSoft,0.2,8,3,0.870338358349049,0.8597744360902254,1286,322,"{'Basal': 167, 'Her2': 179, 'LumA': 560, 'LumB': 380}","{'Basal': 42, 'Her2': 45, 'LumA': 140, 'LumB': 95}",4,False,0.9103448275862069,0.88,0.9428571428571428,0.8279569892473119,0.8461538461538461,0.8105263157894737,0.7674418604651163,0.8048780487804879,0.7333333333333333,0.975609756097561,1.0,0.9523809523809523,18070
classification,RFECA_SVR(k=5),EnsembleSoft,0.2,8,4,0.8924891913431467,0.8875343847423437,1287,321,"{'Basal': 168, 'Her2': 179, 'LumA': 560, 'LumB': 380}","{'Basal': 41, 'Her2': 45, 'LumA': 140, 'LumB': 95}",4,False,0.9219858156028369,0.9154929577464789,0.9285714285714286,0.8947368421052632,0.8947368421052632,0.8947368421052632,0.7912087912087912,0.782608695652174,0.8,0.9620253164556962,1.0,0.926829268292683,18070
classification,RFECA_SVR(k=5),EnsembleSoft,0.2,8,5,0.872170403098238,0.8568267259056733,1287,321,"{'Basal': 167, 'Her2': 180, 'LumA': 560, 'LumB': 380}","{'Basal': 42, 'Her2': 44, 'LumA': 140, 'LumB': 95}",4,False,0.9278350515463918,0.8940397350993378,0.9642857142857143,0.8571428571428571,0.8617021276595744,0.8526315789473684,0.7407407407407407,0.8108108108108109,0.6818181818181818,0.9629629629629629,1.0,0.9285714285714286,18070
classification,RFECA_SVR(k=10),EnsembleSoft,0.2,8,1,0.8398244429028011,0.8356411862990811,1286,322,"{'Basal': 167, 'Her2': 179, 'LumA': 560, 'LumB': 380}","{'Basal': 42, 'Her2': 45, 'LumA': 140, 'LumB': 95}",4,False,0.9010989010989011,0.924812030075188,0.8785714285714286,0.8557213930348259,0.8113207547169812,0.9052631578947369,0.7916666666666666,0.7450980392156863,0.8444444444444444,0.8108108108108109,0.9375,0.7142857142857143,18070
classification,RFECA_SVR(k=10),EnsembleSoft,0.2,8,2,0.9200835708519366,0.9126148705096073,1286,322,"{'Basal': 167, 'Her2': 179, 'LumA': 560, 'LumB': 380}","{'Basal': 42, 'Her2': 45, 'LumA': 140, 'LumB': 95}",4,False,0.9379310344827586,0.9066666666666666,0.9714285714285714,0.9010989010989011,0.9425287356321839,0.8631578947368421,0.8913043478260869,0.8723404255319149,0.9111111111111111,0.95,1.0,0.9047619047619048,18070
classification,RFECA_SVR(k=10),EnsembleSoft,0.2,8,3,0.8787834303989944,0.8696532999164578,1286,322,"{'Basal': 167, 'Her2': 179, 'LumA': 560, 'LumB': 380}","{'Basal': 42, 'Her2': 45, 'LumA': 140, 'LumB': 95}",4,False,0.9154929577464789,0.9027777777777778,0.9285714285714286,0.8333333333333334,0.8247422680412371,0.8421052631578947,0.7906976744186046,0.8292682926829268,0.7555555555555555,0.975609756097561,1.0,0.9523809523809523,18070
classification,RFECA_SVR(k=10),EnsembleSoft,0.2,8,4,0.8782744088372361,0.8757758216679912,1287,321,"{'Basal': 168, 'Her2': 179, 'LumA': 560, 'LumB': 380}","{'Basal': 41, 'Her2': 45, 'LumA': 140, 'LumB': 95}",4,False,0.9142857142857143,0.9142857142857143,0.9142857142857143,0.8795811518324608,0.875,0.8842105263157894,0.7692307692307693,0.7608695652173914,0.7777777777777778,0.95,0.9743589743589743,0.926829268292683,18070
classification,RFECA_SVR(k=10),EnsembleSoft,0.2,8,5,0.8613602143886194,0.84434666210982,1287,321,"{'Basal': 167, 'Her2': 180, 'LumA': 560, 'LumB': 380}","{'Basal': 42, 'Her2': 44, 'LumA': 140, 'LumB': 95}",4,False,0.9283276450511946,0.8888888888888888,0.9714285714285714,0.851063829787234,0.8602150537634409,0.8421052631578947,0.7160493827160493,0.7837837837837838,0.6590909090909091,0.95,1.0,0.9047619047619048,18070
classification,RFECA_SVR(k=20),EnsembleSoft,0.2,8,1,0.8363922106496364,0.8362364243943192,1286,322,"{'Basal': 167, 'Her2': 179, 'LumA': 560, 'LumB': 380}","{'Basal': 42, 'Her2': 45, 'LumA': 140, 'LumB': 95}",4,False,0.8888888888888888,0.9230769230769231,0.8571428571428571,0.8514851485148515,0.8037383177570093,0.9052631578947369,0.8,0.76,0.8444444444444444,0.8051948051948052,0.8857142857142857,0.7380952380952381,18070
classification,RFECA_SVR(k=20),EnsembleSoft,0.2,8,2,0.9097295441045441,0.901952798663325,1286,322,"{'Basal': 167, 'Her2': 179, 'LumA': 560, 'LumB': 380}","{'Basal': 42, 'Her2': 45, 'LumA': 140, 'LumB': 95}",4,False,0.9375,0.9121621621621622,0.9642857142857143,0.8972972972972973,0.9222222222222223,0.8736842105263158,0.8791208791208791,0.8695652173913043,0.8888888888888888,0.925,0.9736842105263158,0.8809523809523809,18070
classification,RFECA_SVR(k=20),EnsembleSoft,0.2,8,3,0.8656047231381019,0.8643901420217209,1286,322,"{'Basal': 167, 'Her2': 179, 'LumA': 560, 'LumB': 380}","{'Basal': 42, 'Her2': 45, 'LumA': 140, 'LumB': 95}",4,False,0.9187279151943463,0.9090909090909091,0.9285714285714286,0.8297872340425532,0.8387096774193549,0.8210526315789474,0.7727272727272727,0.7906976744186046,0.7555555555555555,0.9411764705882353,0.9302325581395349,0.9523809523809523,18070
classification,RFECA_SVR(k=20),EnsembleSoft,0.2,8,4,0.8938725563865046,0.889016239786458,1287,321,"{'Basal': 168, 'Her2': 179, 'LumA': 560, 'LumB': 380}","{'Basal': 41, 'Her2': 45, 'LumA': 140, 'LumB': 95}",4,False,0.9328621908127208,0.9230769230769231,0.9428571428571428,0.8842105263157894,0.8842105263157894,0.8842105263157894,0.7954545454545454,0.813953488372093,0.7777777777777778,0.9629629629629629,0.975,0.9512195121951219,18070
classification,RFECA_SVR(k=20),EnsembleSoft,0.2,8,5,0.8674161860129777,0.8496098200045569,1287,321,"{'Basal': 167, 'Her2': 180, 'LumA': 560, 'LumB': 380}","{'Basal': 42, 'Her2': 44, 'LumA': 140, 'LumB': 95}",4,False,0.9315068493150684,0.8947368421052632,0.9714285714285714,0.8631578947368421,0.8631578947368421,0.8631578947368421,0.725,0.8055555555555556,0.6590909090909091,0.95,1.0,0.9047619047619048,18070
classification,MissForest,EnsembleSoft,0.2,8,1,0.871310586941047,0.8680346700083541,1286,322,"{'Basal': 167, 'Her2': 179, 'LumA': 560, 'LumB': 380}","{'Basal': 42, 'Her2': 45, 'LumA': 140, 'LumB': 95}",4,False,0.9044117647058824,0.9318181818181818,0.8785714285714286,0.8613861386138614,0.8130841121495327,0.9157894736842105,0.8444444444444444,0.8444444444444444,0.8444444444444444,0.875,0.9210526315789473,0.8333333333333334,18070
classification,MissForest,EnsembleSoft,0.2,8,2,0.8889240800034363,0.883343776106934,1286,322,"{'Basal': 167, 'Her2': 179, 'LumA': 560, 'LumB': 380}","{'Basal': 42, 'Her2': 45, 'LumA': 140, 'LumB': 95}",4,False,0.9342560553633218,0.9060402684563759,0.9642857142857143,0.8743169398907104,0.9090909090909091,0.8421052631578947,0.8314606741573034,0.8409090909090909,0.8222222222222222,0.9156626506024096,0.926829268292683,0.9047619047619048,18070
classification,MissForest,EnsembleSoft,0.2,8,3,0.8850453630877714,0.881610275689223,1286,322,"{'Basal': 167, 'Her2': 179, 'LumA': 560, 'LumB': 380}","{'Basal': 42, 'Her2': 45, 'LumA': 140, 'LumB': 95}",4,False,0.911660777385159,0.9020979020979021,0.9214285714285714,0.8617021276595744,0.8709677419354839,0.8526315789473684,0.7912087912087912,0.782608695652174,0.8,0.975609756097561,1.0,0.9523809523809523,18070
classification,MissForest,EnsembleSoft,0.2,8,4,0.8796067727860897,0.8718190292805184,1287,321,"{'Basal': 168, 'Her2': 179, 'LumA': 560, 'LumB': 380}","{'Basal': 41, 'Her2': 45, 'LumA': 140, 'LumB': 95}",4,False,0.9290780141843972,0.9225352112676056,0.9357142857142857,0.8969072164948454,0.8787878787878788,0.9157894736842105,0.7674418604651163,0.8048780487804879,0.7333333333333333,0.925,0.9487179487179487,0.9024390243902439,18070
classification,MissForest,EnsembleSoft,0.2,8,5,0.878665953951342,0.8609734563681932,1287,321,"{'Basal': 167, 'Her2': 180, 'LumA': 560, 'LumB': 380}","{'Basal': 42, 'Her2': 44, 'LumA': 140, 'LumB': 95}",4,False,0.9315068493150684,0.8947368421052632,0.9714285714285714,0.8677248677248677,0.8723404255319149,0.8631578947368421,0.7654320987654321,0.8378378378378378,0.7045454545454546,0.95,1.0,0.9047619047619048,18070
classification,SimpleMean,EnsembleSoft,0.2,9,1,0.8556740824800012,0.8498329156223894,1286,322,"{'Basal': 167, 'Her2': 179, 'LumA': 560, 'LumB': 380}","{'Basal': 42, 'Her2': 45, 'LumA': 140, 'LumB': 95}",4,False,0.9084249084249084,0.9323308270676691,0.8857142857142857,0.8669950738916257,0.8148148148148148,0.9263157894736842,0.7865168539325843,0.7954545454545454,0.7777777777777778,0.8607594936708861,0.918918918918919,0.8095238095238095,18071
classification,SimpleMean,EnsembleSoft,0.2,9,2,0.8786802683822923,0.871188387635756,1286,322,"{'Basal': 167, 'Her2': 179, 'LumA': 560, 'LumB': 380}","{'Basal': 42, 'Her2': 45, 'LumA': 140, 'LumB': 95}",4,False,0.9172413793103448,0.8866666666666667,0.95,0.8681318681318682,0.9080459770114943,0.8315789473684211,0.8043478260869565,0.7872340425531915,0.8222222222222222,0.925,0.9736842105263158,0.8809523809523809,18071
classification,SimpleMean,EnsembleSoft,0.2,9,3,0.8522302856210597,0.8478696741854636,1286,322,"{'Basal': 167, 'Her2': 179, 'LumA': 560, 'LumB': 380}","{'Basal': 42, 'Her2': 45, 'LumA': 140, 'LumB': 95}",4,False,0.9198606271777003,0.8979591836734694,0.9428571428571428,0.8369565217391305,0.8651685393258427,0.8105263157894737,0.7252747252747253,0.717391304347826,0.7333333333333333,0.926829268292683,0.95,0.9047619047619048,18071
classification,SimpleMean,EnsembleSoft,0.2,9,4,0.8769693132170975,0.8688835910915501,1287,321,"{'Basal': 168, 'Her2': 179, 'LumA': 560, 'LumB': 380}","{'Basal': 41, 'Her2': 45, 'LumA': 140, 'LumB': 95}",4,False,0.9328621908127208,0.9230769230769231,0.9428571428571428,0.8808290155440415,0.8673469387755102,0.8947368421052632,0.7441860465116279,0.7804878048780488,0.7111111111111111,0.95,0.9743589743589743,0.926829268292683,18071
classification,SimpleMean,EnsembleSoft,0.2,9,5,0.8480183732919625,0.8248604465709729,1287,321,"{'Basal': 167, 'Her2': 180, 'LumA': 560, 'LumB': 380}","{'Basal': 42, 'Her2': 44, 'LumA': 140, 'LumB': 95}",4,False,0.9146757679180887,0.8758169934640523,0.9571428571428572,0.8601036269430051,0.8469387755102041,0.8736842105263158,0.7341772151898734,0.8285714285714286,0.6590909090909091,0.8831168831168831,0.9714285714285714,0.8095238095238095,18071
classification,"KNN(k=5,dist)",EnsembleSoft,0.2,9,1,0.8646416841742788,0.858469089390142,1286,322,"{'Basal': 167, 'Her2': 179, 'LumA': 560, 'LumB': 380}","{'Basal': 42, 'Her2': 45, 'LumA': 140, 'LumB': 95}",4,False,0.9077490774907749,0.9389312977099237,0.8785714285714286,0.8780487804878049,0.8181818181818182,0.9473684210526315,0.8043478260869565,0.7872340425531915,0.8222222222222222,0.868421052631579,0.9705882352941176,0.7857142857142857,18071
classification,"KNN(k=5,dist)",EnsembleSoft,0.2,9,2,0.884532600646407,0.8753446115288221,1286,322,"{'Basal': 167, 'Her2': 179, 'LumA': 560, 'LumB': 380}","{'Basal': 42, 'Her2': 45, 'LumA': 140, 'LumB': 95}",4,False,0.9152542372881356,0.8709677419354839,0.9642857142857143,0.847457627118644,0.9146341463414634,0.7894736842105263,0.8387096774193549,0.8125,0.8666666666666667,0.9367088607594937,1.0,0.8809523809523809,18071
classification,"KNN(k=5,dist)",EnsembleSoft,0.2,9,3,0.8587804300597519,0.8513471177944861,1286,322,"{'Basal': 167, 'Her2': 179, 'LumA': 560, 'LumB': 380}","{'Basal': 42, 'Her2': 45, 'LumA': 140, 'LumB': 95}",4,False,0.9192982456140351,0.903448275862069,0.9357142857142857,0.8359788359788359,0.8404255319148937,0.8315789473684211,0.7415730337078652,0.75,0.7333333333333333,0.9382716049382716,0.9743589743589743,0.9047619047619048,18071
classification,"KNN(k=5,dist)",EnsembleSoft,0.2,9,4,0.8737081023313431,0.8665558713857816,1287,321,"{'Basal': 168, 'Her2': 179, 'LumA': 560, 'LumB': 380}","{'Basal': 41, 'Her2': 45, 'LumA': 140, 'LumB': 95}",4,False,0.9257950530035336,0.916083916083916,0.9357142857142857,0.8854166666666666,0.8762886597938144,0.8947368421052632,0.7586206896551724,0.7857142857142857,0.7333333333333333,0.925,0.9487179487179487,0.9024390243902439,18071
classification,"KNN(k=5,dist)",EnsembleSoft,0.2,9,5,0.8781298268183203,0.8570374800637959,1287,321,"{'Basal': 167, 'Her2': 180, 'LumA': 560, 'LumB': 380}","{'Basal': 42, 'Her2': 44, 'LumA': 140, 'LumB': 95}",4,False,0.9128919860627178,0.891156462585034,0.9357142857142857,0.8527918781725888,0.8235294117647058,0.8842105263157894,0.810126582278481,0.9142857142857143,0.7272727272727273,0.9367088607594937,1.0,0.8809523809523809,18071
classification,RFECA_SVR(k=5),EnsembleSoft,0.2,9,1,0.8647484931662421,0.8604010025062656,1286,322,"{'Basal': 167, 'Her2': 179, 'LumA': 560, 'LumB': 380}","{'Basal': 42, 'Her2': 45, 'LumA': 140, 'LumB': 95}",4,False,0.9003690036900369,0.9312977099236641,0.8714285714285714,0.8725490196078431,0.8165137614678899,0.9368421052631579,0.8,0.8,0.8,0.8860759493670886,0.9459459459459459,0.8333333333333334,18071
classification,RFECA_SVR(k=5),EnsembleSoft,0.2,9,2,0.87817298635178,0.8729741019214703,1286,322,"{'Basal': 167, 'Her2': 179, 'LumA': 560, 'LumB': 380}","{'Basal': 42, 'Her2': 45, 'LumA': 140, 'LumB': 95}",4,False,0.9241379310344827,0.8933333333333333,0.9571428571428572,0.8729281767955801,0.9186046511627907,0.8315789473684211,0.8131868131868132,0.8043478260869565,0.8222222222222222,0.9024390243902439,0.925,0.8809523809523809,18071
classification,RFECA_SVR(k=5),EnsembleSoft,0.2,9,3,0.8635142412888408,0.8631474519632415,1286,322,"{'Basal': 167, 'Her2': 179, 'LumA': 560, 'LumB': 380}","{'Basal': 42, 'Her2': 45, 'LumA': 140, 'LumB': 95}",4,False,0.9192982456140351,0.903448275862069,0.9357142857142857,0.8369565217391305,0.8651685393258427,0.8105263157894737,0.7692307692307693,0.7608695652173914,0.7777777777777778,0.9285714285714286,0.9285714285714286,0.9285714285714286,18071
classification,RFECA_SVR(k=5),EnsembleSoft,0.2,9,4,0.8661378847003799,0.8603528638669845,1287,321,"{'Basal': 168, 'Her2': 179, 'LumA': 560, 'LumB': 380}","{'Basal': 41, 'Her2': 45, 'LumA': 140, 'LumB': 95}",4,False,0.9247311827956989,0.9280575539568345,0.9214285714285714,0.8615384615384616,0.84,0.8842105263157894,0.7415730337078652,0.75,0.7333333333333333,0.9367088607594937,0.9736842105263158,0.9024390243902439,18071
classification,RFECA_SVR(k=5),EnsembleSoft,0.2,9,5,0.8703640984031877,0.8493933697881066,1287,321,"{'Basal': 167, 'Her2': 180, 'LumA': 560, 'LumB': 380}","{'Basal': 42, 'Her2': 44, 'LumA': 140, 'LumB': 95}",4,False,0.9140893470790378,0.8807947019867549,0.95,0.8541666666666666,0.845360824742268,0.8631578947368421,0.7901234567901234,0.8648648648648649,0.7272727272727273,0.9230769230769231,1.0,0.8571428571428571,18071
classification,RFECA_SVR(k=10),EnsembleSoft,0.2,9,1,0.8729578392621871,0.8682330827067668,1286,322,"{'Basal': 167, 'Her2': 179, 'LumA': 560, 'LumB': 380}","{'Basal': 42, 'Her2': 45, 'LumA': 140, 'LumB': 95}",4,False,0.9130434782608695,0.9264705882352942,0.9,0.8787878787878788,0.8446601941747572,0.9157894736842105,0.8,0.8,0.8,0.9,0.9473684210526315,0.8571428571428571,18071
classification,RFECA_SVR(k=10),EnsembleSoft,0.2,9,2,0.8758461137604611,0.8705409356725147,1286,322,"{'Basal': 167, 'Her2': 179, 'LumA': 560, 'LumB': 380}","{'Basal': 42, 'Her2': 45, 'LumA': 140, 'LumB': 95}",4,False,0.9065743944636678,0.8791946308724832,0.9357142857142857,0.8571428571428571,0.896551724137931,0.8210526315789474,0.8260869565217391,0.8085106382978723,0.8444444444444444,0.9135802469135802,0.9487179487179487,0.8809523809523809,18071
classification,RFECA_SVR(k=10),EnsembleSoft,0.2,9,3,0.8678136728204525,0.8642335004177111,1286,322,"{'Basal': 167, 'Her2': 179, 'LumA': 560, 'LumB': 380}","{'Basal': 42, 'Her2': 45, 'LumA': 140, 'LumB': 95}",4,False,0.9097222222222222,0.8851351351351351,0.9357142857142857,0.8152173913043478,0.8426966292134831,0.7894736842105263,0.7816091954022989,0.8095238095238095,0.7555555555555555,0.9647058823529412,0.9534883720930233,0.9761904761904762,18071
classification,RFECA_SVR(k=10),EnsembleSoft,0.2,9,4,0.8905497417494659,0.8797023045418424,1287,321,"{'Basal': 168, 'Her2': 179, 'LumA': 560, 'LumB': 380}","{'Basal': 41, 'Her2': 45, 'LumA': 140, 'LumB': 95}",4,False,0.9295774647887324,0.9166666666666666,0.9428571428571428,0.8969072164948454,0.8787878787878788,0.9157894736842105,0.7857142857142857,0.8461538461538461,0.7333333333333333,0.95,0.9743589743589743,0.926829268292683,18071
classification,RFECA_SVR(k=10),EnsembleSoft,0.2,9,5,0.8746567568953888,0.8540812257917522,1287,321,"{'Basal': 167, 'Her2': 180, 'LumA': 560, 'LumB': 380}","{'Basal': 42, 'Her2': 44, 'LumA': 140, 'LumB': 95}",4,False,0.9178082191780822,0.881578947368421,0.9571428571428572,0.8691099476439791,0.8645833333333334,0.8736842105263158,0.775,0.8611111111111112,0.7045454545454546,0.9367088607594937,1.0,0.8809523809523809,18071
classification,RFECA_SVR(k=20),EnsembleSoft,0.2,9,1,0.8697121709697383,0.8668964076858814,1286,322,"{'Basal': 167, 'Her2': 179, 'LumA': 560, 'LumB': 380}","{'Basal': 42, 'Her2': 45, 'LumA': 140, 'LumB': 95}",4,False,0.9084249084249084,0.9323308270676691,0.8857142857142857,0.88,0.8380952380952381,0.9263157894736842,0.8043478260869565,0.7872340425531915,0.8222222222222222,0.8860759493670886,0.9459459459459459,0.8333333333333334,18071
classification,RFECA_SVR(k=20),EnsembleSoft,0.2,9,2,0.8925570270010046,0.8803153717627402,1286,322,"{'Basal': 167, 'Her2': 179, 'LumA': 560, 'LumB': 380}","{'Basal': 42, 'Her2': 45, 'LumA': 140, 'LumB': 95}",4,False,0.9183673469387755,0.8766233766233766,0.9642857142857143,0.8729281767955801,0.9186046511627907,0.8315789473684211,0.8539325842696629,0.8636363636363636,0.8444444444444444,0.925,0.9736842105263158,0.8809523809523809,18071
classification,RFECA_SVR(k=20),EnsembleSoft,0.2,9,3,0.875710668113707,0.8738095238095238,1286,322,"{'Basal': 167, 'Her2': 179, 'LumA': 560, 'LumB': 380}","{'Basal': 42, 'Her2': 45, 'LumA': 140, 'LumB': 95}",4,False,0.9198606271777003,0.8979591836734694,0.9428571428571428,0.8306010928961749,0.8636363636363636,0.8,0.8,0.8,0.8,0.9523809523809523,0.9523809523809523,0.9523809523809523,18071
classification,RFECA_SVR(k=20),EnsembleSoft,0.2,9,4,0.8730908182379769,0.8618461804918802,1287,321,"{'Basal': 168, 'Her2': 179, 'LumA': 560, 'LumB': 380}","{'Basal': 41, 'Her2': 45, 'LumA': 140, 'LumB': 95}",4,False,0.9187279151943463,0.9090909090909091,0.9285714285714286,0.8775510204081632,0.8514851485148515,0.9052631578947369,0.7710843373493976,0.8421052631578947,0.7111111111111111,0.925,0.9487179487179487,0.9024390243902439,18071
classification,RFECA_SVR(k=20),EnsembleSoft,0.2,9,5,0.8584288285914998,0.838300296195033,1287,321,"{'Basal': 167, 'Her2': 180, 'LumA': 560, 'LumB': 380}","{'Basal': 42, 'Her2': 44, 'LumA': 140, 'LumB': 95}",4,False,0.910958904109589,0.875,0.95,0.8541666666666666,0.845360824742268,0.8631578947368421,0.7435897435897436,0.8529411764705882,0.6590909090909091,0.925,0.9736842105263158,0.8809523809523809,18071
classification,MissForest,EnsembleSoft,0.2,9,1,0.8581654456654456,0.8558270676691729,1286,322,"{'Basal': 167, 'Her2': 179, 'LumA': 560, 'LumB': 380}","{'Basal': 42, 'Her2': 45, 'LumA': 140, 'LumB': 95}",4,False,0.8937728937728938,0.9172932330827067,0.8714285714285714,0.85,0.8095238095238095,0.8947368421052632,0.8,0.8,0.8,0.8888888888888888,0.9230769230769231,0.8571428571428571,18071
classification,MissForest,EnsembleSoft,0.2,9,2,0.8728607763532729,0.8644945697577276,1286,322,"{'Basal': 167, 'Her2': 179, 'LumA': 560, 'LumB': 380}","{'Basal': 42, 'Her2': 45, 'LumA': 140, 'LumB': 95}",4,False,0.9209621993127147,0.8874172185430463,0.9571428571428572,0.8743169398907104,0.9090909090909091,0.8421052631578947,0.8045977011494253,0.8333333333333334,0.7777777777777778,0.891566265060241,0.9024390243902439,0.8809523809523809,18071
classification,MissForest,EnsembleSoft,0.2,9,3,0.8529548905892992,0.8472222222222221,1286,322,"{'Basal': 167, 'Her2': 179, 'LumA': 560, 'LumB': 380}","{'Basal': 42, 'Her2': 45, 'LumA': 140, 'LumB': 95}",4,False,0.9090909090909091,0.8904109589041096,0.9285714285714286,0.8172043010752689,0.8351648351648352,0.8,0.7472527472527473,0.7391304347826086,0.7555555555555555,0.9382716049382716,0.9743589743589743,0.9047619047619048,18071
classification,MissForest,EnsembleSoft,0.2,9,4,0.8746327418436832,0.86794374146749,1287,321,"{'Basal': 168, 'Her2': 179, 'LumA': 560, 'LumB': 380}","{'Basal': 41, 'Her2': 45, 'LumA': 140, 'LumB': 95}",4,False,0.9252669039145908,0.9219858156028369,0.9285714285714286,0.882051282051282,0.86,0.9052631578947369,0.7529411764705882,0.8,0.7111111111111111,0.9382716049382716,0.95,0.926829268292683,18071
classification,MissForest,EnsembleSoft,0.2,9,5,0.8525431765261711,0.8305622009569378,1287,321,"{'Basal': 167, 'Her2': 180, 'LumA': 560, 'LumB': 380}","{'Basal': 42, 'Her2': 44, 'LumA': 140, 'LumB': 95}",4,False,0.9010238907849829,0.8627450980392157,0.9428571428571428,0.8541666666666666,0.845360824742268,0.8631578947368421,0.7435897435897436,0.8529411764705882,0.6590909090909091,0.9113924050632911,0.972972972972973,0.8571428571428571,18071
classification,SimpleMean,EnsembleSoft,0.3,0,1,0.8466791989372635,0.8437761069340017,1286,322,"{'Basal': 167, 'Her2': 179, 'LumA': 560, 'LumB': 380}","{'Basal': 42, 'Her2': 45, 'LumA': 140, 'LumB': 95}",4,False,0.9018181818181819,0.9185185185185185,0.8857142857142857,0.8686868686868687,0.8349514563106796,0.9052631578947369,0.7956989247311828,0.7708333333333334,0.8222222222222222,0.8205128205128205,0.8888888888888888,0.7619047619047619,18072
classification,SimpleMean,EnsembleSoft,0.3,0,2,0.8762922379733745,0.8650375939849624,1286,322,"{'Basal': 167, 'Her2': 179, 'LumA': 560, 'LumB': 380}","{'Basal': 42, 'Her2': 45, 'LumA': 140, 'LumB': 95}",4,False,0.9251700680272109,0.8831168831168831,0.9714285714285714,0.8729281767955801,0.9186046511627907,0.8315789473684211,0.8181818181818182,0.8372093023255814,0.8,0.8888888888888888,0.9230769230769231,0.8571428571428571,18072
classification,SimpleMean,EnsembleSoft,0.3,0,3,0.8228546519988496,0.8197368421052631,1286,322,"{'Basal': 167, 'Her2': 179, 'LumA': 560, 'LumB': 380}","{'Basal': 42, 'Her2': 45, 'LumA': 140, 'LumB': 95}",4,False,0.8701754385964913,0.8551724137931035,0.8857142857142857,0.8087431693989071,0.8409090909090909,0.7789473684210526,0.6875,0.6470588235294118,0.7333333333333333,0.925,0.9736842105263158,0.8809523809523809,18072
classification,SimpleMean,EnsembleSoft,0.3,0,4,0.8704364343958488,0.8639242924384132,1287,321,"{'Basal': 168, 'Her2': 179, 'LumA': 560, 'LumB': 380}","{'Basal': 41, 'Her2': 45, 'LumA': 140, 'LumB': 95}",4,False,0.9225352112676056,0.9097222222222222,0.9357142857142857,0.8842105263157894,0.8842105263157894,0.8842105263157894,0.75,0.7674418604651163,0.7333333333333333,0.925,0.9487179487179487,0.9024390243902439,18072
classification,SimpleMean,EnsembleSoft,0.3,0,5,0.831152094568325,0.8071371610845295,1287,321,"{'Basal': 167, 'Her2': 180, 'LumA': 560, 'LumB': 380}","{'Basal': 42, 'Her2': 44, 'LumA': 140, 'LumB': 95}",4,False,0.8986486486486487,0.8525641025641025,0.95,0.8272251308900523,0.8229166666666666,0.8315789473684211,0.7012987012987013,0.8181818181818182,0.6136363636363636,0.8974358974358975,0.9722222222222222,0.8333333333333334,18072
classification,"KNN(k=5,dist)",EnsembleSoft,0.3,0,1,0.8665881606758971,0.856923558897243,1286,322,"{'Basal': 167, 'Her2': 179, 'LumA': 560, 'LumB': 380}","{'Basal': 42, 'Her2': 45, 'LumA': 140, 'LumB': 95}",4,False,0.8913043478260869,0.9044117647058824,0.8785714285714286,0.8613861386138614,0.8130841121495327,0.9157894736842105,0.8275862068965517,0.8571428571428571,0.8,0.8860759493670886,0.9459459459459459,0.8333333333333334,18072
classification,"KNN(k=5,dist)",EnsembleSoft,0.3,0,2,0.8611246601903143,0.8521303258145363,1286,322,"{'Basal': 167, 'Her2': 179, 'LumA': 560, 'LumB': 380}","{'Basal': 42, 'Her2': 45, 'LumA': 140, 'LumB': 95}",4,False,0.9355932203389831,0.8903225806451613,0.9857142857142858,0.8426966292134831,0.9036144578313253,0.7894736842105263,0.7912087912087912,0.782608695652174,0.8,0.875,0.9210526315789473,0.8333333333333334,18072
classification,"KNN(k=5,dist)",EnsembleSoft,0.3,0,3,0.8464844571525736,0.838095238095238,1286,322,"{'Basal': 167, 'Her2': 179, 'LumA': 560, 'LumB': 380}","{'Basal': 42, 'Her2': 45, 'LumA': 140, 'LumB': 95}",4,False,0.8888888888888888,0.8648648648648649,0.9142857142857143,0.8172043010752689,0.8351648351648352,0.8,0.7415730337078652,0.75,0.7333333333333333,0.9382716049382716,0.9743589743589743,0.9047619047619048,18072
classification,"KNN(k=5,dist)",EnsembleSoft,0.3,0,4,0.8415357044389302,0.8354593292173523,1287,321,"{'Basal': 168, 'Her2': 179, 'LumA': 560, 'LumB': 380}","{'Basal': 41, 'Her2': 45, 'LumA': 140, 'LumB': 95}",4,False,0.8960573476702509,0.8992805755395683,0.8928571428571429,0.8615384615384616,0.84,0.8842105263157894,0.7111111111111111,0.7111111111111111,0.7111111111111111,0.8974358974358975,0.9459459459459459,0.8536585365853658,18072
classification,"KNN(k=5,dist)",EnsembleSoft,0.3,0,5,0.8283351856630908,0.8058726361357941,1287,321,"{'Basal': 167, 'Her2': 180, 'LumA': 560, 'LumB': 380}","{'Basal': 42, 'Her2': 44, 'LumA': 140, 'LumB': 95}",4,False,0.9115646258503401,0.8701298701298701,0.9571428571428572,0.8290155440414507,0.8163265306122449,0.8421052631578947,0.6753246753246753,0.7878787878787878,0.5909090909090909,0.8974358974358975,0.9722222222222222,0.8333333333333334,18072
classification,RFECA_SVR(k=5),EnsembleSoft,0.3,0,1,0.8523914758981709,0.8482456140350878,1286,322,"{'Basal': 167, 'Her2': 179, 'LumA': 560, 'LumB': 380}","{'Basal': 42, 'Her2': 45, 'LumA': 140, 'LumB': 95}",4,False,0.8921933085501859,0.9302325581395349,0.8571428571428571,0.8543689320388349,0.7927927927927928,0.9263157894736842,0.7912087912087912,0.782608695652174,0.8,0.8717948717948718,0.9444444444444444,0.8095238095238095,18072
classification,RFECA_SVR(k=5),EnsembleSoft,0.3,0,2,0.8890066461108083,0.8741645781119465,1286,322,"{'Basal': 167, 'Her2': 179, 'LumA': 560, 'LumB': 380}","{'Basal': 42, 'Her2': 45, 'LumA': 140, 'LumB': 95}",4,False,0.9355932203389831,0.8903225806451613,0.9857142857142858,0.8681318681318682,0.9080459770114943,0.8315789473684211,0.8409090909090909,0.8604651162790697,0.8222222222222222,0.9113924050632911,0.972972972972973,0.8571428571428571,18072
classification,RFECA_SVR(k=5),EnsembleSoft,0.3,0,3,0.8467507253797577,0.8442460317460319,1286,322,"{'Basal': 167, 'Her2': 179, 'LumA': 560, 'LumB': 380}","{'Basal': 42, 'Her2': 45, 'LumA': 140, 'LumB': 95}",4,False,0.8928571428571429,0.8928571428571429,0.8928571428571429,0.8,0.8,0.8,0.7311827956989247,0.7083333333333334,0.7555555555555555,0.9629629629629629,1.0,0.9285714285714286,18072
classification,RFECA_SVR(k=5),EnsembleSoft,0.3,0,4,0.8647191985844468,0.8571364895979787,1287,321,"{'Basal': 168, 'Her2': 179, 'LumA': 560, 'LumB': 380}","{'Basal': 41, 'Her2': 45, 'LumA': 140, 'LumB': 95}",4,False,0.9148936170212766,0.9084507042253521,0.9214285714285714,0.8923076923076924,0.87,0.9157894736842105,0.7380952380952381,0.7948717948717948,0.6888888888888889,0.9135802469135802,0.925,0.9024390243902439,18072
classification,RFECA_SVR(k=5),EnsembleSoft,0.3,0,5,0.8335165328133499,0.8111357940305309,1287,321,"{'Basal': 167, 'Her2': 180, 'LumA': 560, 'LumB': 380}","{'Basal': 42, 'Her2': 44, 'LumA': 140, 'LumB': 95}",4,False,0.9115646258503401,0.8701298701298701,0.9571428571428572,0.8497409326424871,0.8367346938775511,0.8631578947368421,0.6753246753246753,0.7878787878787878,0.5909090909090909,0.8974358974358975,0.9722222222222222,0.8333333333333334,18072
classification,RFECA_SVR(k=10),EnsembleSoft,0.3,0,1,0.8604740830399866,0.8560359231411863,1286,322,"{'Basal': 167, 'Her2': 179, 'LumA': 560, 'LumB': 380}","{'Basal': 42, 'Her2': 45, 'LumA': 140, 'LumB': 95}",4,False,0.8921933085501859,0.9302325581395349,0.8571428571428571,0.8640776699029126,0.8018018018018018,0.9368421052631579,0.8172043010752689,0.7916666666666666,0.8444444444444444,0.868421052631579,0.9705882352941176,0.7857142857142857,18072
classification,RFECA_SVR(k=10),EnsembleSoft,0.3,0,2,0.903965446865002,0.8909356725146199,1286,322,"{'Basal': 167, 'Her2': 179, 'LumA': 560, 'LumB': 380}","{'Basal': 42, 'Her2': 45, 'LumA': 140, 'LumB': 95}",4,False,0.9419795221843004,0.9019607843137255,0.9857142857142858,0.8852459016393442,0.9204545454545454,0.8526315789473684,0.8636363636363636,0.8837209302325582,0.8444444444444444,0.925,0.9736842105263158,0.8809523809523809,18072
classification,RFECA_SVR(k=10),EnsembleSoft,0.3,0,3,0.840007456026574,0.836017126148705,1286,322,"{'Basal': 167, 'Her2': 179, 'LumA': 560, 'LumB': 380}","{'Basal': 42, 'Her2': 45, 'LumA': 140, 'LumB': 95}",4,False,0.900709219858156,0.8943661971830986,0.9071428571428571,0.8253968253968254,0.8297872340425532,0.8210526315789474,0.6956521739130435,0.6808510638297872,0.7111111111111111,0.9382716049382716,0.9743589743589743,0.9047619047619048,18072
classification,RFECA_SVR(k=10),EnsembleSoft,0.3,0,4,0.8806158809522551,0.8732068993622268,1287,321,"{'Basal': 168, 'Her2': 179, 'LumA': 560, 'LumB': 380}","{'Basal': 41, 'Her2': 45, 'LumA': 140, 'LumB': 95}",4,False,0.9219858156028369,0.9154929577464789,0.9285714285714286,0.9025641025641026,0.88,0.9263157894736842,0.7710843373493976,0.8421052631578947,0.7111111111111111,0.926829268292683,0.926829268292683,0.926829268292683,18072
classification,RFECA_SVR(k=10),EnsembleSoft,0.3,0,5,0.8291675082214057,0.807928913192071,1287,321,"{'Basal': 167, 'Her2': 180, 'LumA': 560, 'LumB': 380}","{'Basal': 42, 'Her2': 44, 'LumA': 140, 'LumB': 95}",4,False,0.9183673469387755,0.8766233766233766,0.9642857142857143,0.8290155440414507,0.8163265306122449,0.8421052631578947,0.6578947368421053,0.78125,0.5681818181818182,0.9113924050632911,0.972972972972973,0.8571428571428571,18072
classification,RFECA_SVR(k=20),EnsembleSoft,0.3,0,1,0.8489228735596333,0.8431390977443609,1286,322,"{'Basal': 167, 'Her2': 179, 'LumA': 560, 'LumB': 380}","{'Basal': 42, 'Her2': 45, 'LumA': 140, 'LumB': 95}",4,False,0.8847583643122676,0.9224806201550387,0.85,0.8599033816425121,0.7946428571428571,0.9368421052631579,0.782608695652174,0.7659574468085106,0.8,0.868421052631579,0.9705882352941176,0.7857142857142857,18072
classification,RFECA_SVR(k=20),EnsembleSoft,0.3,0,2,0.8961704849227239,0.88765664160401,1286,322,"{'Basal': 167, 'Her2': 179, 'LumA': 560, 'LumB': 380}","{'Basal': 42, 'Her2': 45, 'LumA': 140, 'LumB': 95}",4,False,0.9315068493150684,0.8947368421052632,0.9714285714285714,0.8729281767955801,0.9186046511627907,0.8315789473684211,0.8666666666666667,0.8666666666666667,0.8666666666666667,0.9135802469135802,0.9487179487179487,0.8809523809523809,18072
classification,RFECA_SVR(k=20),EnsembleSoft,0.3,0,3,0.8461862719563178,0.8456349206349207,1286,322,"{'Basal': 167, 'Her2': 179, 'LumA': 560, 'LumB': 380}","{'Basal': 42, 'Her2': 45, 'LumA': 140, 'LumB': 95}",4,False,0.896797153024911,0.8936170212765957,0.9,0.8128342245989305,0.8260869565217391,0.8,0.7368421052631579,0.7,0.7777777777777778,0.9382716049382716,0.9743589743589743,0.9047619047619048,18072
classification,RFECA_SVR(k=20),EnsembleSoft,0.3,0,4,0.8718684821408653,0.86794374146749,1287,321,"{'Basal': 168, 'Her2': 179, 'LumA': 560, 'LumB': 380}","{'Basal': 41, 'Her2': 45, 'LumA': 140, 'LumB': 95}",4,False,0.9252669039145908,0.9219858156028369,0.9285714285714286,0.8911917098445595,0.8775510204081632,0.9052631578947369,0.7441860465116279,0.7804878048780488,0.7111111111111111,0.926829268292683,0.926829268292683,0.926829268292683,18072
classification,RFECA_SVR(k=20),EnsembleSoft,0.3,0,5,0.8424666162761401,0.8255154932786511,1287,321,"{'Basal': 167, 'Her2': 180, 'LumA': 560, 'LumB': 380}","{'Basal': 42, 'Her2': 44, 'LumA': 140, 'LumB': 95}",4,False,0.9183673469387755,0.8766233766233766,0.9642857142857143,0.8465608465608465,0.851063829787234,0.8421052631578947,0.6666666666666666,0.7647058823529411,0.5909090909090909,0.9382716049382716,0.9743589743589743,0.9047619047619048,18072
classification,MissForest,EnsembleSoft,0.3,0,1,0.8371848381576974,0.8325710108604845,1286,322,"{'Basal': 167, 'Her2': 179, 'LumA': 560, 'LumB': 380}","{'Basal': 42, 'Her2': 45, 'LumA': 140, 'LumB': 95}",4,False,0.8897058823529411,0.9166666666666666,0.8642857142857143,0.8669950738916257,0.8148148148148148,0.9263157894736842,0.7608695652173914,0.7446808510638298,0.7777777777777778,0.8311688311688312,0.9142857142857143,0.7619047619047619,18072
classification,MissForest,EnsembleSoft,0.3,0,2,0.8834895475389962,0.874561403508772,1286,322,"{'Basal': 167, 'Her2': 179, 'LumA': 560, 'LumB': 380}","{'Basal': 42, 'Her2': 45, 'LumA': 140, 'LumB': 95}",4,False,0.9452054794520548,0.9078947368421053,0.9857142857142858,0.8681318681318682,0.9080459770114943,0.8315789473684211,0.8181818181818182,0.8372093023255814,0.8,0.9024390243902439,0.925,0.8809523809523809,18072
classification,MissForest,EnsembleSoft,0.3,0,3,0.8569313612657266,0.8510964912280701,1286,322,"{'Basal': 167, 'Her2': 179, 'LumA': 560, 'LumB': 380}","{'Basal': 42, 'Her2': 45, 'LumA': 140, 'LumB': 95}",4,False,0.9052631578947369,0.8896551724137931,0.9214285714285714,0.8342245989304813,0.8478260869565217,0.8210526315789474,0.7252747252747253,0.717391304347826,0.7333333333333333,0.9629629629629629,1.0,0.9285714285714286,18072
classification,MissForest,EnsembleSoft,0.3,0,4,0.8579895752015025,0.8506296228375818,1287,321,"{'Basal': 168, 'Her2': 179, 'LumA': 560, 'LumB': 380}","{'Basal': 41, 'Her2': 45, 'LumA': 140, 'LumB': 95}",4,False,0.9014084507042254,0.8888888888888888,0.9142857142857143,0.8808290155440415,0.8673469387755102,0.8947368421052632,0.7228915662650602,0.7894736842105263,0.6666666666666666,0.926829268292683,0.926829268292683,0.926829268292683,18072
classification,MissForest,EnsembleSoft,0.3,0,5,0.8467960847272171,0.8266119845067214,1287,321,"{'Basal': 167, 'Her2': 180, 'LumA': 560, 'LumB': 380}","{'Basal': 42, 'Her2': 44, 'LumA': 140, 'LumB': 95}",4,False,0.9251700680272109,0.8831168831168831,0.9714285714285714,0.8586387434554974,0.8541666666666666,0.8631578947368421,0.6666666666666666,0.7647058823529411,0.5909090909090909,0.9367088607594937,1.0,0.8809523809523809,18072
classification,SimpleMean,EnsembleSoft,0.3,1,1,0.8481887560963007,0.8397138680033416,1286,322,"{'Basal': 167, 'Her2': 179, 'LumA': 560, 'LumB': 380}","{'Basal': 42, 'Her2': 45, 'LumA': 140, 'LumB': 95}",4,False,0.9057971014492754,0.9191176470588235,0.8928571428571429,0.8756218905472637,0.8301886792452831,0.9263157894736842,0.7692307692307693,0.7608695652173914,0.7777777777777778,0.8421052631578947,0.9411764705882353,0.7619047619047619,18073
classification,SimpleMean,EnsembleSoft,0.3,1,2,0.844328504882616,0.8351190476190475,1286,322,"{'Basal': 167, 'Her2': 179, 'LumA': 560, 'LumB': 380}","{'Basal': 42, 'Her2': 45, 'LumA': 140, 'LumB': 95}",4,False,0.9047619047619048,0.8636363636363636,0.95,0.8397790055248618,0.8837209302325582,0.8,0.7857142857142857,0.8461538461538461,0.7333333333333333,0.8470588235294118,0.8372093023255814,0.8571428571428571,18073
classification,SimpleMean,EnsembleSoft,0.3,1,3,0.8138022410597475,0.8053049289891394,1286,322,"{'Basal': 167, 'Her2': 179, 'LumA': 560, 'LumB': 380}","{'Basal': 42, 'Her2': 45, 'LumA': 140, 'LumB': 95}",4,False,0.8732394366197183,0.8611111111111112,0.8857142857142857,0.7853403141361257,0.78125,0.7894736842105263,0.6966292134831461,0.7045454545454546,0.6888888888888889,0.9,0.9473684210526315,0.8571428571428571,18073
classification,SimpleMean,EnsembleSoft,0.3,1,4,0.8463566848803297,0.8375771746439269,1287,321,"{'Basal': 168, 'Her2': 179, 'LumA': 560, 'LumB': 380}","{'Basal': 41, 'Her2': 45, 'LumA': 140, 'LumB': 95}",4,False,0.8996539792387543,0.87248322147651,0.9285714285714286,0.8663101604278075,0.8804347826086957,0.8526315789473684,0.7058823529411765,0.75,0.6666666666666666,0.9135802469135802,0.925,0.9024390243902439,18073
classification,SimpleMean,EnsembleSoft,0.3,1,5,0.8515656870087249,0.8256977671451355,1287,321,"{'Basal': 167, 'Her2': 180, 'LumA': 560, 'LumB': 380}","{'Basal': 42, 'Her2': 44, 'LumA': 140, 'LumB': 95}",4,False,0.9023569023569024,0.8535031847133758,0.9571428571428572,0.8359788359788359,0.8404255319148937,0.8315789473684211,0.7848101265822784,0.8857142857142857,0.7045454545454546,0.8831168831168831,0.9714285714285714,0.8095238095238095,18073
classification,"KNN(k=5,dist)",EnsembleSoft,0.3,1,1,0.8648862537825599,0.8666979949874687,1286,322,"{'Basal': 167, 'Her2': 179, 'LumA': 560, 'LumB': 380}","{'Basal': 42, 'Her2': 45, 'LumA': 140, 'LumB': 95}",4,False,0.8996282527881041,0.937984496124031,0.8642857142857143,0.8756218905472637,0.8301886792452831,0.9263157894736842,0.8125,0.7647058823529411,0.8666666666666667,0.8717948717948718,0.9444444444444444,0.8095238095238095,18073
classification,"KNN(k=5,dist)",EnsembleSoft,0.3,1,2,0.8370735769221795,0.8261382623224729,1286,322,"{'Basal': 167, 'Her2': 179, 'LumA': 560, 'LumB': 380}","{'Basal': 42, 'Her2': 45, 'LumA': 140, 'LumB': 95}",4,False,0.8956228956228957,0.8471337579617835,0.95,0.8426966292134831,0.9036144578313253,0.7894736842105263,0.7906976744186046,0.8292682926829268,0.7555555555555555,0.8192771084337349,0.8292682926829268,0.8095238095238095,18073
classification,"KNN(k=5,dist)",EnsembleSoft,0.3,1,3,0.8148944865661885,0.807685881370092,1286,322,"{'Basal': 167, 'Her2': 179, 'LumA': 560, 'LumB': 380}","{'Basal': 42, 'Her2': 45, 'LumA': 140, 'LumB': 95}",4,False,0.8591549295774648,0.8472222222222222,0.8714285714285714,0.7853403141361257,0.78125,0.7894736842105263,0.7126436781609196,0.7380952380952381,0.6888888888888889,0.9024390243902439,0.925,0.8809523809523809,18073
classification,"KNN(k=5,dist)",EnsembleSoft,0.3,1,4,0.8619891506024746,0.851967316665648,1287,321,"{'Basal': 168, 'Her2': 179, 'LumA': 560, 'LumB': 380}","{'Basal': 41, 'Her2': 45, 'LumA': 140, 'LumB': 95}",4,False,0.9198606271777003,0.8979591836734694,0.9428571428571428,0.8736842105263158,0.8736842105263158,0.8736842105263158,0.7294117647058823,0.775,0.6888888888888889,0.925,0.9487179487179487,0.9024390243902439,18073
classification,"KNN(k=5,dist)",EnsembleSoft,0.3,1,5,0.8496744553892361,0.8213431305536568,1287,321,"{'Basal': 167, 'Her2': 180, 'LumA': 560, 'LumB': 380}","{'Basal': 42, 'Her2': 44, 'LumA': 140, 'LumB': 95}",4,False,0.8896551724137931,0.86,0.9214285714285714,0.8341708542713567,0.7980769230769231,0.8736842105263158,0.7948717948717948,0.9117647058823529,0.7045454545454546,0.88,1.0,0.7857142857142857,18073
classification,RFECA_SVR(k=5),EnsembleSoft,0.3,1,1,0.8463158280231451,0.8414995822890561,1286,322,"{'Basal': 167, 'Her2': 179, 'LumA': 560, 'LumB': 380}","{'Basal': 42, 'Her2': 45, 'LumA': 140, 'LumB': 95}",4,False,0.8888888888888888,0.9230769230769231,0.8571428571428571,0.8585365853658536,0.8,0.9263157894736842,0.8,0.76,0.8444444444444444,0.8378378378378378,0.96875,0.7380952380952381,18073
classification,RFECA_SVR(k=5),EnsembleSoft,0.3,1,2,0.8667397901799258,0.8553571428571429,1286,322,"{'Basal': 167, 'Her2': 179, 'LumA': 560, 'LumB': 380}","{'Basal': 42, 'Her2': 45, 'LumA': 140, 'LumB': 95}",4,False,0.9121621621621622,0.8653846153846154,0.9642857142857143,0.8491620111731844,0.9047619047619048,0.8,0.8275862068965517,0.8571428571428571,0.8,0.8780487804878049,0.9,0.8571428571428571,18073
classification,RFECA_SVR(k=5),EnsembleSoft,0.3,1,3,0.8475469676295319,0.8433583959899749,1286,322,"{'Basal': 167, 'Her2': 179, 'LumA': 560, 'LumB': 380}","{'Basal': 42, 'Her2': 45, 'LumA': 140, 'LumB': 95}",4,False,0.9014084507042254,0.8888888888888888,0.9142857142857143,0.8253968253968254,0.8297872340425532,0.8210526315789474,0.7586206896551724,0.7857142857142857,0.7333333333333333,0.9047619047619048,0.9047619047619048,0.9047619047619048,18073
classification,RFECA_SVR(k=5),EnsembleSoft,0.3,1,4,0.8591660609060117,0.8513710597632292,1287,321,"{'Basal': 168, 'Her2': 179, 'LumA': 560, 'LumB': 380}","{'Basal': 41, 'Her2': 45, 'LumA': 140, 'LumB': 95}",4,False,0.926829268292683,0.9047619047619048,0.95,0.8842105263157894,0.8842105263157894,0.8842105263157894,0.6987951807228916,0.7631578947368421,0.6444444444444445,0.926829268292683,0.926829268292683,0.926829268292683,18073
classification,RFECA_SVR(k=5),EnsembleSoft,0.3,1,5,0.8564909985129838,0.8309609250398724,1287,321,"{'Basal': 167, 'Her2': 180, 'LumA': 560, 'LumB': 380}","{'Basal': 42, 'Her2': 44, 'LumA': 140, 'LumB': 95}",4,False,0.9054054054054054,0.8589743589743589,0.9571428571428572,0.8526315789473684,0.8526315789473684,0.8526315789473684,0.7848101265822784,0.8857142857142857,0.7045454545454546,0.8831168831168831,0.9714285714285714,0.8095238095238095,18073
classification,RFECA_SVR(k=10),EnsembleSoft,0.3,1,1,0.8660196755434477,0.8663011695906433,1286,322,"{'Basal': 167, 'Her2': 179, 'LumA': 560, 'LumB': 380}","{'Basal': 42, 'Her2': 45, 'LumA': 140, 'LumB': 95}",4,False,0.8996282527881041,0.937984496124031,0.8642857142857143,0.8712871287128713,0.822429906542056,0.9263157894736842,0.8247422680412371,0.7692307692307693,0.8888888888888888,0.868421052631579,0.9705882352941176,0.7857142857142857,18073
classification,RFECA_SVR(k=10),EnsembleSoft,0.3,1,2,0.8718122801572522,0.8582393483709273,1286,322,"{'Basal': 167, 'Her2': 179, 'LumA': 560, 'LumB': 380}","{'Basal': 42, 'Her2': 45, 'LumA': 140, 'LumB': 95}",4,False,0.9225589225589226,0.8726114649681529,0.9785714285714285,0.8715083798882681,0.9285714285714286,0.8210526315789474,0.8181818181818182,0.8372093023255814,0.8,0.875,0.9210526315789473,0.8333333333333334,18073
classification,RFECA_SVR(k=10),EnsembleSoft,0.3,1,3,0.8422327608496019,0.835327903091061,1286,322,"{'Basal': 167, 'Her2': 179, 'LumA': 560, 'LumB': 380}","{'Basal': 42, 'Her2': 45, 'LumA': 140, 'LumB': 95}",4,False,0.8975265017667845,0.8881118881118881,0.9071428571428571,0.8333333333333334,0.8247422680412371,0.8421052631578947,0.735632183908046,0.7619047619047619,0.7111111111111111,0.9024390243902439,0.925,0.8809523809523809,18073
classification,RFECA_SVR(k=10),EnsembleSoft,0.3,1,4,0.8703828935242276,0.868037726429896,1287,321,"{'Basal': 168, 'Her2': 179, 'LumA': 560, 'LumB': 380}","{'Basal': 41, 'Her2': 45, 'LumA': 140, 'LumB': 95}",4,False,0.9366197183098591,0.9236111111111112,0.95,0.8936170212765957,0.9032258064516129,0.8842105263157894,0.735632183908046,0.7619047619047619,0.7111111111111111,0.9156626506024096,0.9047619047619048,0.926829268292683,18073
classification,RFECA_SVR(k=10),EnsembleSoft,0.3,1,5,0.8501223291746189,0.8219583048530417,1287,321,"{'Basal': 167, 'Her2': 180, 'LumA': 560, 'LumB': 380}","{'Basal': 42, 'Her2': 44, 'LumA': 140, 'LumB': 95}",4,False,0.9023569023569024,0.8535031847133758,0.9571428571428572,0.8586387434554974,0.8541666666666666,0.8631578947368421,0.759493670886076,0.8571428571428571,0.6818181818181818,0.88,1.0,0.7857142857142857,18073
classification,RFECA_SVR(k=20),EnsembleSoft,0.3,1,1,0.854288761473875,0.8536967418546366,1286,322,"{'Basal': 167, 'Her2': 179, 'LumA': 560, 'LumB': 380}","{'Basal': 42, 'Her2': 45, 'LumA': 140, 'LumB': 95}",4,False,0.8888888888888888,0.9230769230769231,0.8571428571428571,0.8557213930348259,0.8113207547169812,0.9052631578947369,0.8041237113402062,0.75,0.8666666666666667,0.868421052631579,0.9705882352941176,0.7857142857142857,18073
classification,RFECA_SVR(k=20),EnsembleSoft,0.3,1,2,0.8645335188985774,0.8532790309106099,1286,322,"{'Basal': 167, 'Her2': 179, 'LumA': 560, 'LumB': 380}","{'Basal': 42, 'Her2': 45, 'LumA': 140, 'LumB': 95}",4,False,0.9146757679180887,0.8758169934640523,0.9571428571428572,0.8524590163934426,0.8863636363636364,0.8210526315789474,0.8235294117647058,0.875,0.7777777777777778,0.8674698795180723,0.8780487804878049,0.8571428571428571,18073
classification,RFECA_SVR(k=20),EnsembleSoft,0.3,1,3,0.8627113699058521,0.8568086883876357,1286,322,"{'Basal': 167, 'Her2': 179, 'LumA': 560, 'LumB': 380}","{'Basal': 42, 'Her2': 45, 'LumA': 140, 'LumB': 95}",4,False,0.9110320284697508,0.9078014184397163,0.9142857142857143,0.8350515463917526,0.8181818181818182,0.8526315789473684,0.8,0.85,0.7555555555555555,0.9047619047619048,0.9047619047619048,0.9047619047619048,18073
classification,RFECA_SVR(k=20),EnsembleSoft,0.3,1,4,0.8769048112370135,0.8717135827373311,1287,321,"{'Basal': 168, 'Her2': 179, 'LumA': 560, 'LumB': 380}","{'Basal': 41, 'Her2': 45, 'LumA': 140, 'LumB': 95}",4,False,0.9148936170212766,0.9084507042253521,0.9214285714285714,0.8958333333333334,0.8865979381443299,0.9052631578947369,0.7586206896551724,0.7857142857142857,0.7333333333333333,0.9382716049382716,0.95,0.926829268292683,18073
classification,RFECA_SVR(k=20),EnsembleSoft,0.3,1,5,0.8528470742130536,0.8233253588516747,1287,321,"{'Basal': 167, 'Her2': 180, 'LumA': 560, 'LumB': 380}","{'Basal': 42, 'Her2': 44, 'LumA': 140, 'LumB': 95}",4,False,0.9121621621621622,0.8653846153846154,0.9642857142857143,0.865979381443299,0.8484848484848485,0.8842105263157894,0.7532467532467533,0.8787878787878788,0.6590909090909091,0.88,1.0,0.7857142857142857,18073
classification,MissForest,EnsembleSoft,0.3,1,1,0.8514928698752228,0.8573203842940684,1286,322,"{'Basal': 167, 'Her2': 179, 'LumA': 560, 'LumB': 380}","{'Basal': 42, 'Her2': 45, 'LumA': 140, 'LumB': 95}",4,False,0.8863636363636364,0.9435483870967742,0.8357142857142857,0.8529411764705882,0.7981651376146789,0.9157894736842105,0.7916666666666666,0.7450980392156863,0.8444444444444444,0.875,0.9210526315789473,0.8333333333333334,18073
classification,MissForest,EnsembleSoft,0.3,1,2,0.8547297118816461,0.8417710944026734,1286,322,"{'Basal': 167, 'Her2': 179, 'LumA': 560, 'LumB': 380}","{'Basal': 42, 'Her2': 45, 'LumA': 140, 'LumB': 95}",4,False,0.9115646258503401,0.8701298701298701,0.9571428571428572,0.8524590163934426,0.8863636363636364,0.8210526315789474,0.7906976744186046,0.8292682926829268,0.7555555555555555,0.8641975308641975,0.8974358974358975,0.8333333333333334,18073
classification,MissForest,EnsembleSoft,0.3,1,3,0.8505480073766194,0.8458959899749373,1286,322,"{'Basal': 167, 'Her2': 179, 'LumA': 560, 'LumB': 380}","{'Basal': 42, 'Her2': 45, 'LumA': 140, 'LumB': 95}",4,False,0.8928571428571429,0.8928571428571429,0.8928571428571429,0.8350515463917526,0.8181818181818182,0.8526315789473684,0.7586206896551724,0.7857142857142857,0.7333333333333333,0.9156626506024096,0.926829268292683,0.9047619047619048,18073
classification,MissForest,EnsembleSoft,0.3,1,4,0.8733649603006115,0.8625364223567048,1287,321,"{'Basal': 168, 'Her2': 179, 'LumA': 560, 'LumB': 380}","{'Basal': 41, 'Her2': 45, 'LumA': 140, 'LumB': 95}",4,False,0.9198606271777003,0.8979591836734694,0.9428571428571428,0.8829787234042553,0.8924731182795699,0.8736842105263158,0.7555555555555555,0.7555555555555555,0.7555555555555555,0.935064935064935,1.0,0.8780487804878049,18073
classification,MissForest,EnsembleSoft,0.3,1,5,0.8474568909351519,0.8198678514467989,1287,321,"{'Basal': 167, 'Her2': 180, 'LumA': 560, 'LumB': 380}","{'Basal': 42, 'Her2': 44, 'LumA': 140, 'LumB': 95}",4,False,0.8963210702341137,0.8427672955974843,0.9571428571428572,0.8571428571428571,0.8617021276595744,0.8526315789473684,0.7272727272727273,0.8484848484848485,0.6363636363636364,0.9090909090909091,1.0,0.8333333333333334,18073
classification,SimpleMean,EnsembleSoft,0.3,2,1,0.8221940928270042,0.8168859649122807,1286,322,"{'Basal': 167, 'Her2': 179, 'LumA': 560, 'LumB': 380}","{'Basal': 42, 'Her2': 45, 'LumA': 140, 'LumB': 95}",4,False,0.88,0.8962962962962963,0.8642857142857143,0.84,0.8,0.8842105263157894,0.7333333333333333,0.7333333333333333,0.7333333333333333,0.8354430379746836,0.8918918918918919,0.7857142857142857,18074
classification,SimpleMean,EnsembleSoft,0.3,2,2,0.8630484525063571,0.8516917293233083,1286,322,"{'Basal': 167, 'Her2': 179, 'LumA': 560, 'LumB': 380}","{'Basal': 42, 'Her2': 45, 'LumA': 140, 'LumB': 95}",4,False,0.9251700680272109,0.8831168831168831,0.9714285714285714,0.8571428571428571,0.896551724137931,0.8210526315789474,0.7674418604651163,0.8048780487804879,0.7333333333333333,0.9024390243902439,0.925,0.8809523809523809,18074
classification,SimpleMean,EnsembleSoft,0.3,2,3,0.8405039192395514,0.8307539682539682,1286,322,"{'Basal': 167, 'Her2': 179, 'LumA': 560, 'LumB': 380}","{'Basal': 42, 'Her2': 45, 'LumA': 140, 'LumB': 95}",4,False,0.8881118881118881,0.8698630136986302,0.9071428571428571,0.8,0.8,0.8,0.735632183908046,0.7619047619047619,0.7111111111111111,0.9382716049382716,0.9743589743589743,0.9047619047619048,18074
classification,SimpleMean,EnsembleSoft,0.3,2,4,0.8355087358684481,0.8300907247794282,1287,321,"{'Basal': 168, 'Her2': 179, 'LumA': 560, 'LumB': 380}","{'Basal': 41, 'Her2': 45, 'LumA': 140, 'LumB': 95}",4,False,0.8848920863309353,0.8913043478260869,0.8785714285714286,0.8307692307692308,0.81,0.8526315789473684,0.7032967032967034,0.6956521739130435,0.7111111111111111,0.9230769230769231,0.972972972972973,0.8780487804878049,18074
classification,SimpleMean,EnsembleSoft,0.3,2,5,0.8622551924789481,0.846875712007291,1287,321,"{'Basal': 167, 'Her2': 180, 'LumA': 560, 'LumB': 380}","{'Basal': 42, 'Her2': 44, 'LumA': 140, 'LumB': 95}",4,False,0.9178082191780822,0.881578947368421,0.9571428571428572,0.8342245989304813,0.8478260869565217,0.8210526315789474,0.7469879518072289,0.7948717948717948,0.7045454545454546,0.95,1.0,0.9047619047619048,18074
classification,"KNN(k=5,dist)",EnsembleSoft,0.3,2,1,0.8519474610681663,0.8533416875522138,1286,322,"{'Basal': 167, 'Her2': 179, 'LumA': 560, 'LumB': 380}","{'Basal': 42, 'Her2': 45, 'LumA': 140, 'LumB': 95}",4,False,0.9084249084249084,0.9323308270676691,0.8857142857142857,0.8469387755102041,0.8217821782178217,0.8736842105263158,0.7916666666666666,0.7450980392156863,0.8444444444444444,0.8607594936708861,0.918918918918919,0.8095238095238095,18074
classification,"KNN(k=5,dist)",EnsembleSoft,0.3,2,2,0.8636377016366419,0.8463345864661654,1286,322,"{'Basal': 167, 'Her2': 179, 'LumA': 560, 'LumB': 380}","{'Basal': 42, 'Her2': 45, 'LumA': 140, 'LumB': 95}",4,False,0.9194630872483222,0.8670886075949367,0.9785714285714285,0.8666666666666667,0.9176470588235294,0.8210526315789474,0.8,0.8,0.8,0.868421052631579,0.9705882352941176,0.7857142857142857,18074
classification,"KNN(k=5,dist)",EnsembleSoft,0.3,2,3,0.8587616994479739,0.8494152046783625,1286,322,"{'Basal': 167, 'Her2': 179, 'LumA': 560, 'LumB': 380}","{'Basal': 42, 'Her2': 45, 'LumA': 140, 'LumB': 95}",4,False,0.8951048951048951,0.8767123287671232,0.9142857142857143,0.8333333333333334,0.8247422680412371,0.8421052631578947,0.7654320987654321,0.8611111111111112,0.6888888888888889,0.9411764705882353,0.9302325581395349,0.9523809523809523,18074
classification,"KNN(k=5,dist)",EnsembleSoft,0.3,2,4,0.8437817087513702,0.8340172076532796,1287,321,"{'Basal': 168, 'Her2': 179, 'LumA': 560, 'LumB': 380}","{'Basal': 41, 'Her2': 45, 'LumA': 140, 'LumB': 95}",4,False,0.900709219858156,0.8943661971830986,0.9071428571428571,0.8571428571428571,0.8316831683168316,0.8842105263157894,0.7058823529411765,0.75,0.6666666666666666,0.9113924050632911,0.9473684210526315,0.8780487804878049,18074
classification,"KNN(k=5,dist)",EnsembleSoft,0.3,2,5,0.8474175539774882,0.8306761221234905,1287,321,"{'Basal': 167, 'Her2': 180, 'LumA': 560, 'LumB': 380}","{'Basal': 42, 'Her2': 44, 'LumA': 140, 'LumB': 95}",4,False,0.910958904109589,0.875,0.95,0.8315789473684211,0.8315789473684211,0.8315789473684211,0.7088607594936709,0.8,0.6363636363636364,0.9382716049382716,0.9743589743589743,0.9047619047619048,18074
classification,RFECA_SVR(k=5),EnsembleSoft,0.3,2,1,0.8309828918360622,0.8249269005847953,1286,322,"{'Basal': 167, 'Her2': 179, 'LumA': 560, 'LumB': 380}","{'Basal': 42, 'Her2': 45, 'LumA': 140, 'LumB': 95}",4,False,0.9010989010989011,0.924812030075188,0.8785714285714286,0.8514851485148515,0.8037383177570093,0.9052631578947369,0.7446808510638298,0.7142857142857143,0.7777777777777778,0.8266666666666667,0.9393939393939394,0.7380952380952381,18074
classification,RFECA_SVR(k=5),EnsembleSoft,0.3,2,2,0.8668936773964707,0.8496031746031747,1286,322,"{'Basal': 167, 'Her2': 179, 'LumA': 560, 'LumB': 380}","{'Basal': 42, 'Her2': 45, 'LumA': 140, 'LumB': 95}",4,False,0.92,0.8625,0.9857142857142858,0.8491620111731844,0.9047619047619048,0.8,0.8095238095238095,0.8717948717948718,0.7555555555555555,0.8888888888888888,0.9230769230769231,0.8571428571428571,18074
classification,RFECA_SVR(k=5),EnsembleSoft,0.3,2,3,0.8562707970649562,0.8438492063492062,1286,322,"{'Basal': 167, 'Her2': 179, 'LumA': 560, 'LumB': 380}","{'Basal': 42, 'Her2': 45, 'LumA': 140, 'LumB': 95}",4,False,0.903448275862069,0.8733333333333333,0.9357142857142857,0.8085106382978723,0.8172043010752689,0.8,0.7619047619047619,0.8205128205128205,0.7111111111111111,0.9512195121951219,0.975,0.9285714285714286,18074
classification,RFECA_SVR(k=5),EnsembleSoft,0.3,2,4,0.8512952001341878,0.8456703241844449,1287,321,"{'Basal': 168, 'Her2': 179, 'LumA': 560, 'LumB': 380}","{'Basal': 41, 'Her2': 45, 'LumA': 140, 'LumB': 95}",4,False,0.910394265232975,0.9136690647482014,0.9071428571428571,0.8571428571428571,0.8316831683168316,0.8842105263157894,0.7126436781609196,0.7380952380952381,0.6888888888888889,0.925,0.9487179487179487,0.9024390243902439,18074
classification,RFECA_SVR(k=5),EnsembleSoft,0.3,2,5,0.8758199868689062,0.8598570289359763,1287,321,"{'Basal': 167, 'Her2': 180, 'LumA': 560, 'LumB': 380}","{'Basal': 42, 'Her2': 44, 'LumA': 140, 'LumB': 95}",4,False,0.9383561643835616,0.9013157894736842,0.9785714285714285,0.8663101604278075,0.8804347826086957,0.8526315789473684,0.7619047619047619,0.8,0.7272727272727273,0.9367088607594937,1.0,0.8809523809523809,18074
classification,RFECA_SVR(k=10),EnsembleSoft,0.3,2,1,0.843205036400525,0.8428780284043442,1286,322,"{'Basal': 167, 'Her2': 179, 'LumA': 560, 'LumB': 380}","{'Basal': 42, 'Her2': 45, 'LumA': 140, 'LumB': 95}",4,False,0.8888888888888888,0.9230769230769231,0.8571428571428571,0.84,0.8,0.8842105263157894,0.7755102040816326,0.7169811320754716,0.8444444444444444,0.868421052631579,0.9705882352941176,0.7857142857142857,18074
classification,RFECA_SVR(k=10),EnsembleSoft,0.3,2,2,0.8592972497384261,0.8448934837092731,1286,322,"{'Basal': 167, 'Her2': 179, 'LumA': 560, 'LumB': 380}","{'Basal': 42, 'Her2': 45, 'LumA': 140, 'LumB': 95}",4,False,0.9256756756756757,0.8782051282051282,0.9785714285714285,0.8461538461538461,0.8850574712643678,0.8105263157894737,0.7764705882352941,0.825,0.7333333333333333,0.8888888888888888,0.9230769230769231,0.8571428571428571,18074
classification,RFECA_SVR(k=10),EnsembleSoft,0.3,2,3,0.8461242753538609,0.8370927318295739,1286,322,"{'Basal': 167, 'Her2': 179, 'LumA': 560, 'LumB': 380}","{'Basal': 42, 'Her2': 45, 'LumA': 140, 'LumB': 95}",4,False,0.8904109589041096,0.8552631578947368,0.9285714285714286,0.7868852459016393,0.8181818181818182,0.7578947368421053,0.7674418604651163,0.8048780487804879,0.7333333333333333,0.9397590361445783,0.9512195121951219,0.9285714285714286,18074
classification,RFECA_SVR(k=10),EnsembleSoft,0.3,2,4,0.8408317798075972,0.8365433400574608,1287,321,"{'Basal': 168, 'Her2': 179, 'LumA': 560, 'LumB': 380}","{'Basal': 41, 'Her2': 45, 'LumA': 140, 'LumB': 95}",4,False,0.8992805755395683,0.9057971014492754,0.8928571428571429,0.8527918781725888,0.8235294117647058,0.8842105263157894,0.6976744186046512,0.7317073170731707,0.6666666666666666,0.9135802469135802,0.925,0.9024390243902439,18074
classification,RFECA_SVR(k=10),EnsembleSoft,0.3,2,5,0.8618824356382095,0.8482427660059239,1287,321,"{'Basal': 167, 'Her2': 180, 'LumA': 560, 'LumB': 380}","{'Basal': 42, 'Her2': 44, 'LumA': 140, 'LumB': 95}",4,False,0.9215017064846417,0.8823529411764706,0.9642857142857143,0.8648648648648649,0.8888888888888888,0.8421052631578947,0.7228915662650602,0.7692307692307693,0.6818181818181818,0.9382716049382716,0.9743589743589743,0.9047619047619048,18074
classification,RFECA_SVR(k=20),EnsembleSoft,0.3,2,1,0.839298776368865,0.837280701754386,1286,322,"{'Basal': 167, 'Her2': 179, 'LumA': 560, 'LumB': 380}","{'Basal': 42, 'Her2': 45, 'LumA': 140, 'LumB': 95}",4,False,0.9037037037037037,0.9384615384615385,0.8714285714285714,0.8613861386138614,0.8130841121495327,0.9157894736842105,0.75,0.7058823529411765,0.8,0.8421052631578947,0.9411764705882353,0.7619047619047619,18074
classification,RFECA_SVR(k=20),EnsembleSoft,0.3,2,2,0.8564911297525437,0.8440476190476189,1286,322,"{'Basal': 167, 'Her2': 179, 'LumA': 560, 'LumB': 380}","{'Basal': 42, 'Her2': 45, 'LumA': 140, 'LumB': 95}",4,False,0.9292929292929293,0.8789808917197452,0.9857142857142858,0.8491620111731844,0.9047619047619048,0.8,0.7586206896551724,0.7857142857142857,0.7333333333333333,0.8888888888888888,0.9230769230769231,0.8571428571428571,18074
classification,RFECA_SVR(k=20),EnsembleSoft,0.3,2,3,0.8479412240101099,0.837249373433584,1286,322,"{'Basal': 167, 'Her2': 179, 'LumA': 560, 'LumB': 380}","{'Basal': 42, 'Her2': 45, 'LumA': 140, 'LumB': 95}",4,False,0.8927335640138409,0.8657718120805369,0.9214285714285714,0.8021390374331551,0.8152173913043478,0.7894736842105263,0.7586206896551724,0.7857142857142857,0.7333333333333333,0.9382716049382716,0.9743589743589743,0.9047619047619048,18074
classification,RFECA_SVR(k=20),EnsembleSoft,0.3,2,4,0.8421720820701636,0.8394673166656479,1287,321,"{'Basal': 168, 'Her2': 179, 'LumA': 560, 'LumB': 380}","{'Basal': 41, 'Her2': 45, 'LumA': 140, 'LumB': 95}",4,False,0.8992805755395683,0.9057971014492754,0.8928571428571429,0.8512820512820513,0.83,0.8736842105263158,0.7045454545454546,0.7209302325581395,0.6888888888888889,0.9135802469135802,0.925,0.9024390243902439,18074
classification,RFECA_SVR(k=20),EnsembleSoft,0.3,2,5,0.8576824647581947,0.8436773752563227,1287,321,"{'Basal': 167, 'Her2': 180, 'LumA': 560, 'LumB': 380}","{'Basal': 42, 'Her2': 44, 'LumA': 140, 'LumB': 95}",4,False,0.9178082191780822,0.881578947368421,0.9571428571428572,0.8617021276595744,0.8709677419354839,0.8526315789473684,0.7,0.7777777777777778,0.6363636363636364,0.9512195121951219,0.975,0.9285714285714286,18074
classification,MissForest,EnsembleSoft,0.3,2,1,0.8563631529596569,0.8552840434419382,1286,322,"{'Basal': 167, 'Her2': 179, 'LumA': 560, 'LumB': 380}","{'Basal': 42, 'Her2': 45, 'LumA': 140, 'LumB': 95}",4,False,0.9084249084249084,0.9323308270676691,0.8857142857142857,0.8730964467005076,0.8431372549019608,0.9052631578947369,0.7755102040816326,0.7169811320754716,0.8444444444444444,0.868421052631579,0.9705882352941176,0.7857142857142857,18074
classification,MissForest,EnsembleSoft,0.3,2,2,0.861467113015461,0.8492167919799498,1286,322,"{'Basal': 167, 'Her2': 179, 'LumA': 560, 'LumB': 380}","{'Basal': 42, 'Her2': 45, 'LumA': 140, 'LumB': 95}",4,False,0.9183673469387755,0.8766233766233766,0.9642857142857143,0.8743169398907104,0.9090909090909091,0.8421052631578947,0.7857142857142857,0.8461538461538461,0.7333333333333333,0.8674698795180723,0.8780487804878049,0.8571428571428571,18074
classification,MissForest,EnsembleSoft,0.3,2,3,0.8535425785551944,0.8444026733500417,1286,322,"{'Basal': 167, 'Her2': 179, 'LumA': 560, 'LumB': 380}","{'Basal': 42, 'Her2': 45, 'LumA': 140, 'LumB': 95}",4,False,0.9090909090909091,0.8904109589041096,0.9285714285714286,0.8272251308900523,0.8229166666666666,0.8315789473684211,0.7380952380952381,0.7948717948717948,0.6888888888888889,0.9397590361445783,0.9512195121951219,0.9285714285714286,18074
classification,MissForest,EnsembleSoft,0.3,2,4,0.8476893589109699,0.8420988956130163,1287,321,"{'Basal': 168, 'Her2': 179, 'LumA': 560, 'LumB': 380}","{'Basal': 41, 'Her2': 45, 'LumA': 140, 'LumB': 95}",4,False,0.8992805755395683,0.9057971014492754,0.8928571428571429,0.8484848484848485,0.8155339805825242,0.8842105263157894,0.7294117647058823,0.775,0.6888888888888889,0.9135802469135802,0.925,0.9024390243902439,18074
classification,MissForest,EnsembleSoft,0.3,2,5,0.8581110737818624,0.837454431533379,1287,321,"{'Basal': 167, 'Her2': 180, 'LumA': 560, 'LumB': 380}","{'Basal': 42, 'Her2': 44, 'LumA': 140, 'LumB': 95}",4,False,0.9178082191780822,0.881578947368421,0.9571428571428572,0.84375,0.8350515463917526,0.8526315789473684,0.7341772151898734,0.8285714285714286,0.6590909090909091,0.9367088607594937,1.0,0.8809523809523809,18074
classification,SimpleMean,EnsembleSoft,0.3,3,1,0.8344973987365292,0.8271512113617377,1286,322,"{'Basal': 167, 'Her2': 179, 'LumA': 560, 'LumB': 380}","{'Basal': 42, 'Her2': 45, 'LumA': 140, 'LumB': 95}",4,False,0.8840579710144928,0.8970588235294118,0.8714285714285714,0.83,0.7904761904761904,0.8736842105263158,0.7777777777777778,0.7777777777777778,0.7777777777777778,0.8461538461538461,0.9166666666666666,0.7857142857142857,18075
classification,SimpleMean,EnsembleSoft,0.3,3,2,0.8869980421484585,0.8708959899749373,1286,322,"{'Basal': 167, 'Her2': 179, 'LumA': 560, 'LumB': 380}","{'Basal': 42, 'Her2': 45, 'LumA': 140, 'LumB': 95}",4,False,0.910958904109589,0.875,0.95,0.8663101604278075,0.8804347826086957,0.8526315789473684,0.8571428571428571,0.9230769230769231,0.8,0.9135802469135802,0.9487179487179487,0.8809523809523809,18075
classification,SimpleMean,EnsembleSoft,0.3,3,3,0.8694115397536231,0.8614661654135337,1286,322,"{'Basal': 167, 'Her2': 179, 'LumA': 560, 'LumB': 380}","{'Basal': 42, 'Her2': 45, 'LumA': 140, 'LumB': 95}",4,False,0.9059233449477352,0.8843537414965986,0.9285714285714286,0.8404255319148937,0.8494623655913979,0.8315789473684211,0.7674418604651163,0.8048780487804879,0.7333333333333333,0.963855421686747,0.975609756097561,0.9523809523809523,18075
classification,SimpleMean,EnsembleSoft,0.3,3,4,0.8676330669238237,0.8653121625201216,1287,321,"{'Basal': 168, 'Her2': 179, 'LumA': 560, 'LumB': 380}","{'Basal': 41, 'Her2': 45, 'LumA': 140, 'LumB': 95}",4,False,0.9252669039145908,0.9219858156028369,0.9285714285714286,0.8854166666666666,0.8762886597938144,0.8947368421052632,0.7441860465116279,0.7804878048780488,0.7111111111111111,0.9156626506024096,0.9047619047619048,0.926829268292683,18075
classification,SimpleMean,EnsembleSoft,0.3,3,5,0.8508619170383878,0.8292891319207109,1287,321,"{'Basal': 167, 'Her2': 180, 'LumA': 560, 'LumB': 380}","{'Basal': 42, 'Her2': 44, 'LumA': 140, 'LumB': 95}",4,False,0.9054054054054054,0.8589743589743589,0.9571428571428572,0.8342245989304813,0.8478260869565217,0.8210526315789474,0.7407407407407407,0.8108108108108109,0.6818181818181818,0.9230769230769231,1.0,0.8571428571428571,18075
classification,"KNN(k=5,dist)",EnsembleSoft,0.3,3,1,0.8245763724857601,0.820906432748538,1286,322,"{'Basal': 167, 'Her2': 179, 'LumA': 560, 'LumB': 380}","{'Basal': 42, 'Her2': 45, 'LumA': 140, 'LumB': 95}",4,False,0.9097472924187726,0.9197080291970803,0.9,0.8629441624365483,0.8333333333333334,0.8947368421052632,0.7789473684210526,0.74,0.8222222222222222,0.7466666666666667,0.8484848484848485,0.6666666666666666,18075
classification,"KNN(k=5,dist)",EnsembleSoft,0.3,3,2,0.8767929131633106,0.8691520467836257,1286,322,"{'Basal': 167, 'Her2': 179, 'LumA': 560, 'LumB': 380}","{'Basal': 42, 'Her2': 45, 'LumA': 140, 'LumB': 95}",4,False,0.9273356401384083,0.8993288590604027,0.9571428571428572,0.8478260869565217,0.8764044943820225,0.8210526315789474,0.8602150537634409,0.8333333333333334,0.8888888888888888,0.8717948717948718,0.9444444444444444,0.8095238095238095,18075
classification,"KNN(k=5,dist)",EnsembleSoft,0.3,3,3,0.8717714563061474,0.8650375939849624,1286,322,"{'Basal': 167, 'Her2': 179, 'LumA': 560, 'LumB': 380}","{'Basal': 42, 'Her2': 45, 'LumA': 140, 'LumB': 95}",4,False,0.8904593639575972,0.8811188811188811,0.9,0.8272251308900523,0.8229166666666666,0.8315789473684211,0.8181818181818182,0.8372093023255814,0.8,0.9512195121951219,0.975,0.9285714285714286,18075
classification,"KNN(k=5,dist)",EnsembleSoft,0.3,3,4,0.860816774967477,0.8522169244248834,1287,321,"{'Basal': 168, 'Her2': 179, 'LumA': 560, 'LumB': 380}","{'Basal': 41, 'Her2': 45, 'LumA': 140, 'LumB': 95}",4,False,0.9263157894736842,0.9103448275862069,0.9428571428571428,0.8762886597938144,0.8585858585858586,0.8947368421052632,0.725,0.8285714285714286,0.6444444444444445,0.9156626506024096,0.9047619047619048,0.926829268292683,18075
classification,"KNN(k=5,dist)",EnsembleSoft,0.3,3,5,0.8546864162476158,0.8336124401913875,1287,321,"{'Basal': 167, 'Her2': 180, 'LumA': 560, 'LumB': 380}","{'Basal': 42, 'Her2': 44, 'LumA': 140, 'LumB': 95}",4,False,0.9041095890410958,0.868421052631579,0.9428571428571428,0.84375,0.8350515463917526,0.8526315789473684,0.759493670886076,0.8571428571428571,0.6818181818181818,0.9113924050632911,0.972972972972973,0.8571428571428571,18075
classification,RFECA_SVR(k=5),EnsembleSoft,0.3,3,1,0.8511289670507378,0.8486842105263158,1286,322,"{'Basal': 167, 'Her2': 179, 'LumA': 560, 'LumB': 380}","{'Basal': 42, 'Her2': 45, 'LumA': 140, 'LumB': 95}",4,False,0.8970588235294118,0.9242424242424242,0.8714285714285714,0.85,0.8095238095238095,0.8947368421052632,0.8041237113402062,0.75,0.8666666666666667,0.8533333333333334,0.9696969696969697,0.7619047619047619,18075
classification,RFECA_SVR(k=5),EnsembleSoft,0.3,3,2,0.8723013153322966,0.8599728487886381,1286,322,"{'Basal': 167, 'Her2': 179, 'LumA': 560, 'LumB': 380}","{'Basal': 42, 'Her2': 45, 'LumA': 140, 'LumB': 95}",4,False,0.9047619047619048,0.8636363636363636,0.95,0.850828729281768,0.8953488372093024,0.8105263157894737,0.8222222222222222,0.8222222222222222,0.8222222222222222,0.9113924050632911,0.972972972972973,0.8571428571428571,18075
classification,RFECA_SVR(k=5),EnsembleSoft,0.3,3,3,0.8820358521161985,0.8732247284878863,1286,322,"{'Basal': 167, 'Her2': 179, 'LumA': 560, 'LumB': 380}","{'Basal': 42, 'Her2': 45, 'LumA': 140, 'LumB': 95}",4,False,0.9198606271777003,0.8979591836734694,0.9428571428571428,0.851063829787234,0.8602150537634409,0.8421052631578947,0.7816091954022989,0.8095238095238095,0.7555555555555555,0.975609756097561,1.0,0.9523809523809523,18075
classification,RFECA_SVR(k=5),EnsembleSoft,0.3,3,4,0.860781557922502,0.854797308311429,1287,321,"{'Basal': 168, 'Her2': 179, 'LumA': 560, 'LumB': 380}","{'Basal': 41, 'Her2': 45, 'LumA': 140, 'LumB': 95}",4,False,0.9148936170212766,0.9084507042253521,0.9214285714285714,0.8704663212435233,0.8571428571428571,0.8842105263157894,0.7441860465116279,0.7804878048780488,0.7111111111111111,0.9135802469135802,0.925,0.9024390243902439,18075
classification,RFECA_SVR(k=5),EnsembleSoft,0.3,3,5,0.8560817959167387,0.8374344953292322,1287,321,"{'Basal': 167, 'Her2': 180, 'LumA': 560, 'LumB': 380}","{'Basal': 42, 'Her2': 44, 'LumA': 140, 'LumB': 95}",4,False,0.9251700680272109,0.8831168831168831,0.9714285714285714,0.8723404255319149,0.8817204301075269,0.8631578947368421,0.7407407407407407,0.8108108108108109,0.6818181818181818,0.8860759493670886,0.9459459459459459,0.8333333333333334,18075
classification,RFECA_SVR(k=10),EnsembleSoft,0.3,3,1,0.8543380794332571,0.854187552213868,1286,322,"{'Basal': 167, 'Her2': 179, 'LumA': 560, 'LumB': 380}","{'Basal': 42, 'Her2': 45, 'LumA': 140, 'LumB': 95}",4,False,0.9010989010989011,0.924812030075188,0.8785714285714286,0.8527918781725888,0.8235294117647058,0.8842105263157894,0.7916666666666666,0.7450980392156863,0.8444444444444444,0.8717948717948718,0.9444444444444444,0.8095238095238095,18075
classification,RFECA_SVR(k=10),EnsembleSoft,0.3,3,2,0.8631143489245581,0.8506996658312447,1286,322,"{'Basal': 167, 'Her2': 179, 'LumA': 560, 'LumB': 380}","{'Basal': 42, 'Her2': 45, 'LumA': 140, 'LumB': 95}",4,False,0.9078498293515358,0.869281045751634,0.95,0.8571428571428571,0.896551724137931,0.8210526315789474,0.8043478260869565,0.7872340425531915,0.8222222222222222,0.8831168831168831,0.9714285714285714,0.8095238095238095,18075
classification,RFECA_SVR(k=10),EnsembleSoft,0.3,3,3,0.8773046273258389,0.8722848788638262,1286,322,"{'Basal': 167, 'Her2': 179, 'LumA': 560, 'LumB': 380}","{'Basal': 42, 'Her2': 45, 'LumA': 140, 'LumB': 95}",4,False,0.9154929577464789,0.9027777777777778,0.9285714285714286,0.8571428571428571,0.8617021276595744,0.8526315789473684,0.7727272727272727,0.7906976744186046,0.7555555555555555,0.963855421686747,0.975609756097561,0.9523809523809523,18075
classification,RFECA_SVR(k=10),EnsembleSoft,0.3,3,4,0.8609263181541029,0.8528246429080832,1287,321,"{'Basal': 168, 'Her2': 179, 'LumA': 560, 'LumB': 380}","{'Basal': 41, 'Her2': 45, 'LumA': 140, 'LumB': 95}",4,False,0.9219858156028369,0.9154929577464789,0.9285714285714286,0.8923076923076924,0.87,0.9157894736842105,0.7294117647058823,0.775,0.6888888888888889,0.9,0.9230769230769231,0.8780487804878049,18075
classification,RFECA_SVR(k=10),EnsembleSoft,0.3,3,5,0.8581065110274732,0.8431362497151971,1287,321,"{'Basal': 167, 'Her2': 180, 'LumA': 560, 'LumB': 380}","{'Basal': 42, 'Her2': 44, 'LumA': 140, 'LumB': 95}",4,False,0.9209621993127147,0.8874172185430463,0.9571428571428572,0.8571428571428571,0.8617021276595744,0.8526315789473684,0.7407407407407407,0.8108108108108109,0.6818181818181818,0.9135802469135802,0.9487179487179487,0.8809523809523809,18075
classification,RFECA_SVR(k=20),EnsembleSoft,0.3,3,1,0.85602469705423,0.851514202172097,1286,322,"{'Basal': 167, 'Her2': 179, 'LumA': 560, 'LumB': 380}","{'Basal': 42, 'Her2': 45, 'LumA': 140, 'LumB': 95}",4,False,0.9124087591240876,0.9328358208955224,0.8928571428571429,0.864321608040201,0.8269230769230769,0.9052631578947369,0.7789473684210526,0.74,0.8222222222222222,0.868421052631579,0.9705882352941176,0.7857142857142857,18075
classification,RFECA_SVR(k=20),EnsembleSoft,0.3,3,2,0.8774517820129748,0.863001253132832,1286,322,"{'Basal': 167, 'Her2': 179, 'LumA': 560, 'LumB': 380}","{'Basal': 42, 'Her2': 45, 'LumA': 140, 'LumB': 95}",4,False,0.9047619047619048,0.8636363636363636,0.95,0.8524590163934426,0.8863636363636364,0.8210526315789474,0.8275862068965517,0.8571428571428571,0.8,0.925,0.9736842105263158,0.8809523809523809,18075
classification,RFECA_SVR(k=20),EnsembleSoft,0.3,3,3,0.8709450701334522,0.8647869674185463,1286,322,"{'Basal': 167, 'Her2': 179, 'LumA': 560, 'LumB': 380}","{'Basal': 42, 'Her2': 45, 'LumA': 140, 'LumB': 95}",4,False,0.9059233449477352,0.8843537414965986,0.9285714285714286,0.8342245989304813,0.8478260869565217,0.8210526315789474,0.7674418604651163,0.8048780487804879,0.7333333333333333,0.9761904761904762,0.9761904761904762,0.9761904761904762,18075
classification,RFECA_SVR(k=20),EnsembleSoft,0.3,3,4,0.8612733841228465,0.8545049106506103,1287,321,"{'Basal': 168, 'Her2': 179, 'LumA': 560, 'LumB': 380}","{'Basal': 41, 'Her2': 45, 'LumA': 140, 'LumB': 95}",4,False,0.9247311827956989,0.9280575539568345,0.9214285714285714,0.8686868686868687,0.8349514563106796,0.9052631578947369,0.7380952380952381,0.7948717948717948,0.6888888888888889,0.9135802469135802,0.925,0.9024390243902439,18075
classification,RFECA_SVR(k=20),EnsembleSoft,0.3,3,5,0.8555943039814007,0.8366085668717248,1287,321,"{'Basal': 167, 'Her2': 180, 'LumA': 560, 'LumB': 380}","{'Basal': 42, 'Her2': 44, 'LumA': 140, 'LumB': 95}",4,False,0.9121621621621622,0.8653846153846154,0.9642857142857143,0.8602150537634409,0.8791208791208791,0.8421052631578947,0.725,0.8055555555555556,0.6590909090909091,0.925,0.9736842105263158,0.8809523809523809,18075
classification,MissForest,EnsembleSoft,0.3,3,1,0.8496392849259841,0.8458646616541354,1286,322,"{'Basal': 167, 'Her2': 179, 'LumA': 560, 'LumB': 380}","{'Basal': 42, 'Her2': 45, 'LumA': 140, 'LumB': 95}",4,False,0.9003690036900369,0.9312977099236641,0.8714285714285714,0.8627450980392157,0.8073394495412844,0.9263157894736842,0.8,0.8,0.8,0.8354430379746836,0.8918918918918919,0.7857142857142857,18075
classification,MissForest,EnsembleSoft,0.3,3,2,0.8812046676634749,0.8667293233082707,1286,322,"{'Basal': 167, 'Her2': 179, 'LumA': 560, 'LumB': 380}","{'Basal': 42, 'Her2': 45, 'LumA': 140, 'LumB': 95}",4,False,0.9241379310344827,0.8933333333333333,0.9571428571428572,0.8617021276595744,0.8709677419354839,0.8526315789473684,0.8275862068965517,0.8571428571428571,0.8,0.9113924050632911,0.972972972972973,0.8571428571428571,18075
classification,MissForest,EnsembleSoft,0.3,3,3,0.8790479869525635,0.8723266499582288,1286,322,"{'Basal': 167, 'Her2': 179, 'LumA': 560, 'LumB': 380}","{'Basal': 42, 'Her2': 45, 'LumA': 140, 'LumB': 95}",4,False,0.8982456140350877,0.8827586206896552,0.9142857142857143,0.8253968253968254,0.8297872340425532,0.8210526315789474,0.8045977011494253,0.8333333333333334,0.7777777777777778,0.9879518072289156,1.0,0.9761904761904762,18075
classification,MissForest,EnsembleSoft,0.3,3,4,0.8701745334267494,0.8629844428143529,1287,321,"{'Basal': 168, 'Her2': 179, 'LumA': 560, 'LumB': 380}","{'Basal': 41, 'Her2': 45, 'LumA': 140, 'LumB': 95}",4,False,0.911660777385159,0.9020979020979021,0.9214285714285714,0.8854166666666666,0.8762886597938144,0.8947368421052632,0.7586206896551724,0.7857142857142857,0.7333333333333333,0.925,0.9487179487179487,0.9024390243902439,18075
classification,MissForest,EnsembleSoft,0.3,3,5,0.8485293635946746,0.8276059466848941,1287,321,"{'Basal': 167, 'Her2': 180, 'LumA': 560, 'LumB': 380}","{'Basal': 42, 'Her2': 44, 'LumA': 140, 'LumB': 95}",4,False,0.9121621621621622,0.8653846153846154,0.9642857142857143,0.8617021276595744,0.8709677419354839,0.8526315789473684,0.7088607594936709,0.8,0.6363636363636364,0.9113924050632911,0.972972972972973,0.8571428571428571,18075
classification,SimpleMean,EnsembleSoft,0.3,4,1,0.8550754828927418,0.8515559732664996,1286,322,"{'Basal': 167, 'Her2': 179, 'LumA': 560, 'LumB': 380}","{'Basal': 42, 'Her2': 45, 'LumA': 140, 'LumB': 95}",4,False,0.8945454545454545,0.9111111111111111,0.8785714285714286,0.8426395939086294,0.8137254901960784,0.8736842105263158,0.8,0.76,0.8444444444444444,0.8831168831168831,0.9714285714285714,0.8095238095238095,18076
classification,SimpleMean,EnsembleSoft,0.3,4,2,0.8861294728329041,0.8762009189640769,1286,322,"{'Basal': 167, 'Her2': 179, 'LumA': 560, 'LumB': 380}","{'Basal': 42, 'Her2': 45, 'LumA': 140, 'LumB': 95}",4,False,0.9097222222222222,0.8851351351351351,0.9357142857142857,0.8556149732620321,0.8695652173913043,0.8421052631578947,0.8409090909090909,0.8604651162790697,0.8222222222222222,0.9382716049382716,0.9743589743589743,0.9047619047619048,18076
classification,SimpleMean,EnsembleSoft,0.3,4,3,0.8453753005839918,0.8386904761904761,1286,322,"{'Basal': 167, 'Her2': 179, 'LumA': 560, 'LumB': 380}","{'Basal': 42, 'Her2': 45, 'LumA': 140, 'LumB': 95}",4,False,0.8802816901408451,0.8680555555555556,0.8928571428571429,0.8,0.8,0.8,0.75,0.7674418604651163,0.7333333333333333,0.9512195121951219,0.975,0.9285714285714286,18076
classification,SimpleMean,EnsembleSoft,0.3,4,4,0.8536655031529938,0.8422043421562035,1287,321,"{'Basal': 168, 'Her2': 179, 'LumA': 560, 'LumB': 380}","{'Basal': 41, 'Her2': 45, 'LumA': 140, 'LumB': 95}",4,False,0.8943661971830986,0.8819444444444444,0.9071428571428571,0.8762886597938144,0.8585858585858586,0.8947368421052632,0.7209302325581395,0.7560975609756098,0.6888888888888889,0.9230769230769231,0.972972972972973,0.8780487804878049,18076
classification,SimpleMean,EnsembleSoft,0.3,4,5,0.8415811448492976,0.8237838915470495,1287,321,"{'Basal': 167, 'Her2': 180, 'LumA': 560, 'LumB': 380}","{'Basal': 42, 'Her2': 44, 'LumA': 140, 'LumB': 95}",4,False,0.903448275862069,0.8733333333333333,0.9357142857142857,0.8290155440414507,0.8163265306122449,0.8421052631578947,0.7088607594936709,0.8,0.6363636363636364,0.925,0.9736842105263158,0.8809523809523809,18076
classification,"KNN(k=5,dist)",EnsembleSoft,0.3,4,1,0.8179578859958607,0.8115810359231412,1286,322,"{'Basal': 167, 'Her2': 179, 'LumA': 560, 'LumB': 380}","{'Basal': 42, 'Her2': 45, 'LumA': 140, 'LumB': 95}",4,False,0.9010989010989011,0.924812030075188,0.8785714285714286,0.8333333333333334,0.7798165137614679,0.8947368421052632,0.7272727272727273,0.7441860465116279,0.7111111111111111,0.810126582278481,0.8648648648648649,0.7619047619047619,18076
classification,"KNN(k=5,dist)",EnsembleSoft,0.3,4,2,0.8801842550983443,0.8718776106934002,1286,322,"{'Basal': 167, 'Her2': 179, 'LumA': 560, 'LumB': 380}","{'Basal': 42, 'Her2': 45, 'LumA': 140, 'LumB': 95}",4,False,0.9140893470790378,0.8807947019867549,0.95,0.8461538461538461,0.8850574712643678,0.8105263157894737,0.8222222222222222,0.8222222222222222,0.8222222222222222,0.9382716049382716,0.9743589743589743,0.9047619047619048,18076
classification,"KNN(k=5,dist)",EnsembleSoft,0.3,4,3,0.866768925387386,0.862406015037594,1286,322,"{'Basal': 167, 'Her2': 179, 'LumA': 560, 'LumB': 380}","{'Basal': 42, 'Her2': 45, 'LumA': 140, 'LumB': 95}",4,False,0.8904593639575972,0.8811188811188811,0.9,0.8253968253968254,0.8297872340425532,0.8210526315789474,0.8,0.8,0.8,0.9512195121951219,0.975,0.9285714285714286,18076
classification,"KNN(k=5,dist)",EnsembleSoft,0.3,4,4,0.8821752007333148,0.8726534323613914,1287,321,"{'Basal': 168, 'Her2': 179, 'LumA': 560, 'LumB': 380}","{'Basal': 41, 'Her2': 45, 'LumA': 140, 'LumB': 95}",4,False,0.9192982456140351,0.903448275862069,0.9357142857142857,0.8854166666666666,0.8762886597938144,0.8947368421052632,0.7857142857142857,0.8461538461538461,0.7333333333333333,0.9382716049382716,0.95,0.926829268292683,18076
classification,"KNN(k=5,dist)",EnsembleSoft,0.3,4,5,0.828507285109829,0.8104665071770335,1287,321,"{'Basal': 167, 'Her2': 180, 'LumA': 560, 'LumB': 380}","{'Basal': 42, 'Her2': 44, 'LumA': 140, 'LumB': 95}",4,False,0.9134948096885813,0.8859060402684564,0.9428571428571428,0.8426395939086294,0.8137254901960784,0.8736842105263158,0.6578947368421053,0.78125,0.5681818181818182,0.9,0.9473684210526315,0.8571428571428571,18076
classification,RFECA_SVR(k=5),EnsembleSoft,0.3,4,1,0.8400616004746913,0.8387635756056809,1286,322,"{'Basal': 167, 'Her2': 179, 'LumA': 560, 'LumB': 380}","{'Basal': 42, 'Her2': 45, 'LumA': 140, 'LumB': 95}",4,False,0.8689138576779026,0.9133858267716536,0.8285714285714286,0.8292682926829268,0.7727272727272727,0.8947368421052632,0.7789473684210526,0.74,0.8222222222222222,0.8831168831168831,0.9714285714285714,0.8095238095238095,18076
classification,RFECA_SVR(k=5),EnsembleSoft,0.3,4,2,0.8636323212275341,0.8555033416875522,1286,322,"{'Basal': 167, 'Her2': 179, 'LumA': 560, 'LumB': 380}","{'Basal': 42, 'Her2': 45, 'LumA': 140, 'LumB': 95}",4,False,0.9078498293515358,0.869281045751634,0.95,0.8333333333333334,0.8823529411764706,0.7894736842105263,0.7865168539325843,0.7954545454545454,0.7777777777777778,0.926829268292683,0.95,0.9047619047619048,18076
classification,RFECA_SVR(k=5),EnsembleSoft,0.3,4,3,0.8553037370100189,0.8572368421052632,1286,322,"{'Basal': 167, 'Her2': 179, 'LumA': 560, 'LumB': 380}","{'Basal': 42, 'Her2': 45, 'LumA': 140, 'LumB': 95}",4,False,0.9052631578947369,0.8896551724137931,0.9214285714285714,0.8131868131868132,0.8505747126436781,0.7789473684210526,0.7741935483870968,0.75,0.8,0.9285714285714286,0.9285714285714286,0.9285714285714286,18076
classification,RFECA_SVR(k=5),EnsembleSoft,0.3,4,4,0.8828168892880107,0.8680491880106771,1287,321,"{'Basal': 168, 'Her2': 179, 'LumA': 560, 'LumB': 380}","{'Basal': 41, 'Her2': 45, 'LumA': 140, 'LumB': 95}",4,False,0.9263157894736842,0.9103448275862069,0.9428571428571428,0.8877551020408163,0.8613861386138614,0.9157894736842105,0.7804878048780488,0.8648648648648649,0.7111111111111111,0.9367088607594937,0.9736842105263158,0.9024390243902439,18076
classification,RFECA_SVR(k=5),EnsembleSoft,0.3,4,5,0.843011198623328,0.8247237411711096,1287,321,"{'Basal': 167, 'Her2': 180, 'LumA': 560, 'LumB': 380}","{'Basal': 42, 'Her2': 44, 'LumA': 140, 'LumB': 95}",4,False,0.910958904109589,0.875,0.95,0.8272251308900523,0.8229166666666666,0.8315789473684211,0.7088607594936709,0.8,0.6363636363636364,0.925,0.9736842105263158,0.8809523809523809,18076
classification,RFECA_SVR(k=10),EnsembleSoft,0.3,4,1,0.8546005756823633,0.8542919799498747,1286,322,"{'Basal': 167, 'Her2': 179, 'LumA': 560, 'LumB': 380}","{'Basal': 42, 'Her2': 45, 'LumA': 140, 'LumB': 95}",4,False,0.8764044943820225,0.9212598425196851,0.8357142857142857,0.8431372549019608,0.7889908256880734,0.9052631578947369,0.8041237113402062,0.75,0.8666666666666667,0.8947368421052632,1.0,0.8095238095238095,18076
classification,RFECA_SVR(k=10),EnsembleSoft,0.3,4,2,0.8806896275821603,0.8764306599832916,1286,322,"{'Basal': 167, 'Her2': 179, 'LumA': 560, 'LumB': 380}","{'Basal': 42, 'Her2': 45, 'LumA': 140, 'LumB': 95}",4,False,0.9152542372881356,0.8709677419354839,0.9642857142857143,0.8390804597701149,0.9240506329113924,0.7684210526315789,0.8172043010752689,0.7916666666666666,0.8444444444444444,0.9512195121951219,0.975,0.9285714285714286,18076
classification,RFECA_SVR(k=10),EnsembleSoft,0.3,4,3,0.8521106316417998,0.8498955722639934,1286,322,"{'Basal': 167, 'Her2': 179, 'LumA': 560, 'LumB': 380}","{'Basal': 42, 'Her2': 45, 'LumA': 140, 'LumB': 95}",4,False,0.8951048951048951,0.8767123287671232,0.9142857142857143,0.8043478260869565,0.8314606741573034,0.7789473684210526,0.7692307692307693,0.7608695652173914,0.7777777777777778,0.9397590361445783,0.9512195121951219,0.9285714285714286,18076
classification,RFECA_SVR(k=10),EnsembleSoft,0.3,4,4,0.8759712468508922,0.8644777594392485,1287,321,"{'Basal': 168, 'Her2': 179, 'LumA': 560, 'LumB': 380}","{'Basal': 41, 'Her2': 45, 'LumA': 140, 'LumB': 95}",4,False,0.9154929577464789,0.9027777777777778,0.9285714285714286,0.8923076923076924,0.87,0.9157894736842105,0.7710843373493976,0.8421052631578947,0.7111111111111111,0.925,0.9487179487179487,0.9024390243902439,18076
classification,RFECA_SVR(k=10),EnsembleSoft,0.3,4,5,0.8451161288510686,0.8323678514467988,1287,321,"{'Basal': 167, 'Her2': 180, 'LumA': 560, 'LumB': 380}","{'Basal': 42, 'Her2': 44, 'LumA': 140, 'LumB': 95}",4,False,0.916083916083916,0.8972602739726028,0.9357142857142857,0.8307692307692308,0.81,0.8526315789473684,0.717948717948718,0.8235294117647058,0.6363636363636364,0.9156626506024096,0.926829268292683,0.9047619047619048,18076
classification,RFECA_SVR(k=20),EnsembleSoft,0.3,4,1,0.8620681801877795,0.858406432748538,1286,322,"{'Basal': 167, 'Her2': 179, 'LumA': 560, 'LumB': 380}","{'Basal': 42, 'Her2': 45, 'LumA': 140, 'LumB': 95}",4,False,0.8731343283582089,0.9140625,0.8357142857142857,0.8252427184466019,0.7657657657657657,0.8947368421052632,0.8131868131868132,0.8043478260869565,0.8222222222222222,0.9367088607594937,1.0,0.8809523809523809,18076
classification,RFECA_SVR(k=20),EnsembleSoft,0.3,4,2,0.8913919185882431,0.8851712614870509,1286,322,"{'Basal': 167, 'Her2': 179, 'LumA': 560, 'LumB': 380}","{'Basal': 42, 'Her2': 45, 'LumA': 140, 'LumB': 95}",4,False,0.9209621993127147,0.8874172185430463,0.9571428571428572,0.8555555555555555,0.9058823529411765,0.8105263157894737,0.8260869565217391,0.8085106382978723,0.8444444444444444,0.9629629629629629,1.0,0.9285714285714286,18076
classification,RFECA_SVR(k=20),EnsembleSoft,0.3,4,3,0.8448573875209673,0.8430973266499582,1286,322,"{'Basal': 167, 'Her2': 179, 'LumA': 560, 'LumB': 380}","{'Basal': 42, 'Her2': 45, 'LumA': 140, 'LumB': 95}",4,False,0.9020979020979021,0.8835616438356164,0.9214285714285714,0.7978142076502732,0.8295454545454546,0.7684210526315789,0.7526881720430108,0.7291666666666666,0.7777777777777778,0.926829268292683,0.95,0.9047619047619048,18076
classification,RFECA_SVR(k=20),EnsembleSoft,0.3,4,4,0.876454178537512,0.8624936324551216,1287,321,"{'Basal': 168, 'Her2': 179, 'LumA': 560, 'LumB': 380}","{'Basal': 41, 'Her2': 45, 'LumA': 140, 'LumB': 95}",4,False,0.9230769230769231,0.9041095890410958,0.9428571428571428,0.8923076923076924,0.87,0.9157894736842105,0.7654320987654321,0.8611111111111112,0.6888888888888889,0.925,0.9487179487179487,0.9024390243902439,18076
classification,RFECA_SVR(k=20),EnsembleSoft,0.3,4,5,0.8504295532646049,0.8338830029619503,1287,321,"{'Basal': 167, 'Her2': 180, 'LumA': 560, 'LumB': 380}","{'Basal': 42, 'Her2': 44, 'LumA': 140, 'LumB': 95}",4,False,0.9166666666666666,0.8918918918918919,0.9428571428571428,0.8350515463917526,0.8181818181818182,0.8526315789473684,0.725,0.8055555555555556,0.6590909090909091,0.925,0.9736842105263158,0.8809523809523809,18076
classification,MissForest,EnsembleSoft,0.3,4,1,0.8572099201245774,0.8518170426065164,1286,322,"{'Basal': 167, 'Her2': 179, 'LumA': 560, 'LumB': 380}","{'Basal': 42, 'Her2': 45, 'LumA': 140, 'LumB': 95}",4,False,0.9003690036900369,0.9312977099236641,0.8714285714285714,0.8627450980392157,0.8073394495412844,0.9263157894736842,0.782608695652174,0.7659574468085106,0.8,0.8831168831168831,0.9714285714285714,0.8095238095238095,18076
classification,MissForest,EnsembleSoft,0.3,4,2,0.8844860331203295,0.8797723475355055,1286,322,"{'Basal': 167, 'Her2': 179, 'LumA': 560, 'LumB': 380}","{'Basal': 42, 'Her2': 45, 'LumA': 140, 'LumB': 95}",4,False,0.9236111111111112,0.8986486486486487,0.95,0.8743169398907104,0.9090909090909091,0.8421052631578947,0.8131868131868132,0.8043478260869565,0.8222222222222222,0.926829268292683,0.95,0.9047619047619048,18076
classification,MissForest,EnsembleSoft,0.3,4,3,0.8771723878237792,0.8752088554720134,1286,322,"{'Basal': 167, 'Her2': 179, 'LumA': 560, 'LumB': 380}","{'Basal': 42, 'Her2': 45, 'LumA': 140, 'LumB': 95}",4,False,0.9187279151943463,0.9090909090909091,0.9285714285714286,0.851063829787234,0.8602150537634409,0.8421052631578947,0.7865168539325843,0.7954545454545454,0.7777777777777778,0.9523809523809523,0.9523809523809523,0.9523809523809523,18076
classification,MissForest,EnsembleSoft,0.3,4,4,0.8787100550918469,0.8633394971167758,1287,321,"{'Basal': 168, 'Her2': 179, 'LumA': 560, 'LumB': 380}","{'Basal': 41, 'Her2': 45, 'LumA': 140, 'LumB': 95}",4,False,0.9192982456140351,0.903448275862069,0.9357142857142857,0.8934010152284264,0.8627450980392157,0.9263157894736842,0.7654320987654321,0.8611111111111112,0.6888888888888889,0.9367088607594937,0.9736842105263158,0.9024390243902439,18076
classification,MissForest,EnsembleSoft,0.3,4,5,0.8537614870520877,0.8352500569605833,1287,321,"{'Basal': 167, 'Her2': 180, 'LumA': 560, 'LumB': 380}","{'Basal': 42, 'Her2': 44, 'LumA': 140, 'LumB': 95}",4,False,0.9140893470790378,0.8807947019867549,0.95,0.8601036269430051,0.8469387755102041,0.8736842105263158,0.7272727272727273,0.8484848484848485,0.6363636363636364,0.9135802469135802,0.9487179487179487,0.8809523809523809,18076
classification,SimpleMean,EnsembleSoft,0.3,5,1,0.8384829994126477,0.827109440267335,1286,322,"{'Basal': 167, 'Her2': 179, 'LumA': 560, 'LumB': 380}","{'Basal': 42, 'Her2': 45, 'LumA': 140, 'LumB': 95}",4,False,0.8857142857142857,0.8857142857142857,0.8857142857142857,0.864321608040201,0.8269230769230769,0.9052631578947369,0.7727272727272727,0.7906976744186046,0.7555555555555555,0.8311688311688312,0.9142857142857143,0.7619047619047619,18077
classification,SimpleMean,EnsembleSoft,0.3,5,2,0.851115952052052,0.8409252297410192,1286,322,"{'Basal': 167, 'Her2': 179, 'LumA': 560, 'LumB': 380}","{'Basal': 42, 'Her2': 45, 'LumA': 140, 'LumB': 95}",4,False,0.9183673469387755,0.8766233766233766,0.9642857142857143,0.850828729281768,0.8953488372093024,0.8105263157894737,0.7816091954022989,0.8095238095238095,0.7555555555555555,0.8536585365853658,0.875,0.8333333333333334,18077
classification,SimpleMean,EnsembleSoft,0.3,5,3,0.8389455982619334,0.8315998329156223,1286,322,"{'Basal': 167, 'Her2': 179, 'LumA': 560, 'LumB': 380}","{'Basal': 42, 'Her2': 45, 'LumA': 140, 'LumB': 95}",4,False,0.8811188811188811,0.863013698630137,0.9,0.8148148148148148,0.8191489361702128,0.8105263157894737,0.7441860465116279,0.7804878048780488,0.7111111111111111,0.9156626506024096,0.926829268292683,0.9047619047619048,18077
classification,SimpleMean,EnsembleSoft,0.3,5,4,0.885386111571169,0.8719631904965666,1287,321,"{'Basal': 168, 'Her2': 179, 'LumA': 560, 'LumB': 380}","{'Basal': 41, 'Her2': 45, 'LumA': 140, 'LumB': 95}",4,False,0.9181494661921709,0.9148936170212766,0.9214285714285714,0.8756218905472637,0.8301886792452831,0.9263157894736842,0.7848101265822784,0.9117647058823529,0.6888888888888889,0.9629629629629629,0.975,0.9512195121951219,18077
classification,SimpleMean,EnsembleSoft,0.3,5,5,0.849041327834476,0.8270847573479152,1287,321,"{'Basal': 167, 'Her2': 180, 'LumA': 560, 'LumB': 380}","{'Basal': 42, 'Her2': 44, 'LumA': 140, 'LumB': 95}",4,False,0.9078498293515358,0.869281045751634,0.95,0.8333333333333334,0.8247422680412371,0.8421052631578947,0.7435897435897436,0.8529411764705882,0.6590909090909091,0.9113924050632911,0.972972972972973,0.8571428571428571,18077
classification,"KNN(k=5,dist)",EnsembleSoft,0.3,5,1,0.8443141546869621,0.8408939014202172,1286,322,"{'Basal': 167, 'Her2': 179, 'LumA': 560, 'LumB': 380}","{'Basal': 42, 'Her2': 45, 'LumA': 140, 'LumB': 95}",4,False,0.8970588235294118,0.9242424242424242,0.8714285714285714,0.835820895522388,0.7924528301886793,0.8842105263157894,0.7872340425531915,0.7551020408163265,0.8222222222222222,0.8571428571428571,0.9428571428571428,0.7857142857142857,18077
classification,"KNN(k=5,dist)",EnsembleSoft,0.3,5,2,0.8701830493046093,0.8655179615705932,1286,322,"{'Basal': 167, 'Her2': 179, 'LumA': 560, 'LumB': 380}","{'Basal': 42, 'Her2': 45, 'LumA': 140, 'LumB': 95}",4,False,0.9220338983050848,0.8774193548387097,0.9714285714285714,0.8342857142857143,0.9125,0.7684210526315789,0.8602150537634409,0.8333333333333334,0.8888888888888888,0.8641975308641975,0.8974358974358975,0.8333333333333334,18077
classification,"KNN(k=5,dist)",EnsembleSoft,0.3,5,3,0.8343934708704145,0.8274331662489557,1286,322,"{'Basal': 167, 'Her2': 179, 'LumA': 560, 'LumB': 380}","{'Basal': 42, 'Her2': 45, 'LumA': 140, 'LumB': 95}",4,False,0.8943661971830986,0.8819444444444444,0.9071428571428571,0.8105263157894737,0.8105263157894737,0.8105263157894737,0.7191011235955056,0.7272727272727273,0.7111111111111111,0.9135802469135802,0.9487179487179487,0.8809523809523809,18077
classification,"KNN(k=5,dist)",EnsembleSoft,0.3,5,4,0.8676352630933342,0.8576670334372516,1287,321,"{'Basal': 168, 'Her2': 179, 'LumA': 560, 'LumB': 380}","{'Basal': 41, 'Her2': 45, 'LumA': 140, 'LumB': 95}",4,False,0.9187279151943463,0.9090909090909091,0.9285714285714286,0.8571428571428571,0.8316831683168316,0.8842105263157894,0.7317073170731707,0.8108108108108109,0.6666666666666666,0.9629629629629629,0.975,0.9512195121951219,18077
classification,"KNN(k=5,dist)",EnsembleSoft,0.3,5,5,0.8303982137460967,0.8102500569605833,1287,321,"{'Basal': 167, 'Her2': 180, 'LumA': 560, 'LumB': 380}","{'Basal': 42, 'Her2': 44, 'LumA': 140, 'LumB': 95}",4,False,0.8896551724137931,0.86,0.9214285714285714,0.8512820512820513,0.83,0.8736842105263158,0.7088607594936709,0.8,0.6363636363636364,0.8717948717948718,0.9444444444444444,0.8095238095238095,18077
classification,RFECA_SVR(k=5),EnsembleSoft,0.3,5,1,0.8390615662596264,0.8321741854636593,1286,322,"{'Basal': 167, 'Her2': 179, 'LumA': 560, 'LumB': 380}","{'Basal': 42, 'Her2': 45, 'LumA': 140, 'LumB': 95}",4,False,0.8897058823529411,0.9166666666666666,0.8642857142857143,0.8627450980392157,0.8073394495412844,0.9263157894736842,0.7659574468085106,0.7346938775510204,0.8,0.8378378378378378,0.96875,0.7380952380952381,18077
classification,RFECA_SVR(k=5),EnsembleSoft,0.3,5,2,0.8655957122379084,0.8619987468671679,1286,322,"{'Basal': 167, 'Her2': 179, 'LumA': 560, 'LumB': 380}","{'Basal': 42, 'Her2': 45, 'LumA': 140, 'LumB': 95}",4,False,0.9183673469387755,0.8766233766233766,0.9642857142857143,0.8409090909090909,0.9135802469135802,0.7789473684210526,0.8089887640449438,0.8181818181818182,0.8,0.8941176470588236,0.8837209302325582,0.9047619047619048,18077
classification,RFECA_SVR(k=5),EnsembleSoft,0.3,5,3,0.8632871134091421,0.8552213868003341,1286,322,"{'Basal': 167, 'Her2': 179, 'LumA': 560, 'LumB': 380}","{'Basal': 42, 'Her2': 45, 'LumA': 140, 'LumB': 95}",4,False,0.9122807017543859,0.896551724137931,0.9285714285714286,0.8481675392670157,0.84375,0.8526315789473684,0.7529411764705882,0.8,0.7111111111111111,0.9397590361445783,0.9512195121951219,0.9285714285714286,18077
classification,RFECA_SVR(k=5),EnsembleSoft,0.3,5,4,0.8589982578397213,0.8479980438902134,1287,321,"{'Basal': 168, 'Her2': 179, 'LumA': 560, 'LumB': 380}","{'Basal': 41, 'Her2': 45, 'LumA': 140, 'LumB': 95}",4,False,0.9142857142857143,0.9142857142857143,0.9142857142857143,0.84,0.8,0.8842105263157894,0.7317073170731707,0.8108108108108109,0.6666666666666666,0.95,0.9743589743589743,0.926829268292683,18077
classification,RFECA_SVR(k=5),EnsembleSoft,0.3,5,5,0.8299954733201858,0.8106146046935521,1287,321,"{'Basal': 167, 'Her2': 180, 'LumA': 560, 'LumB': 380}","{'Basal': 42, 'Her2': 44, 'LumA': 140, 'LumB': 95}",4,False,0.9166666666666666,0.8918918918918919,0.9428571428571428,0.8223350253807107,0.7941176470588235,0.8526315789473684,0.6835443037974683,0.7714285714285715,0.6136363636363636,0.8974358974358975,0.9722222222222222,0.8333333333333334,18077
classification,RFECA_SVR(k=10),EnsembleSoft,0.3,5,1,0.8524974569704009,0.8498851294903926,1286,322,"{'Basal': 167, 'Her2': 179, 'LumA': 560, 'LumB': 380}","{'Basal': 42, 'Her2': 45, 'LumA': 140, 'LumB': 95}",4,False,0.9077490774907749,0.9389312977099237,0.8785714285714286,0.8811881188118812,0.8317757009345794,0.9368421052631579,0.7789473684210526,0.74,0.8222222222222222,0.8421052631578947,0.9411764705882353,0.7619047619047619,18077
classification,RFECA_SVR(k=10),EnsembleSoft,0.3,5,2,0.8583210500204205,0.8465747702589808,1286,322,"{'Basal': 167, 'Her2': 179, 'LumA': 560, 'LumB': 380}","{'Basal': 42, 'Her2': 45, 'LumA': 140, 'LumB': 95}",4,False,0.9261744966442953,0.8734177215189873,0.9857142857142858,0.847457627118644,0.9146341463414634,0.7894736842105263,0.7954545454545454,0.813953488372093,0.7777777777777778,0.8641975308641975,0.8974358974358975,0.8333333333333334,18077
classification,RFECA_SVR(k=10),EnsembleSoft,0.3,5,3,0.8575163131774469,0.8544799498746867,1286,322,"{'Basal': 167, 'Her2': 179, 'LumA': 560, 'LumB': 380}","{'Basal': 42, 'Her2': 45, 'LumA': 140, 'LumB': 95}",4,False,0.8992805755395683,0.9057971014492754,0.8928571428571429,0.841025641025641,0.82,0.8631578947368421,0.75,0.7674418604651163,0.7333333333333333,0.9397590361445783,0.9512195121951219,0.9285714285714286,18077
classification,RFECA_SVR(k=10),EnsembleSoft,0.3,5,4,0.8611265503196786,0.8496897732135217,1287,321,"{'Basal': 168, 'Her2': 179, 'LumA': 560, 'LumB': 380}","{'Basal': 41, 'Her2': 45, 'LumA': 140, 'LumB': 95}",4,False,0.9064748201438849,0.9130434782608695,0.9,0.8472906403940886,0.7962962962962963,0.9052631578947369,0.7407407407407407,0.8333333333333334,0.6666666666666666,0.95,0.9743589743589743,0.926829268292683,18077
classification,RFECA_SVR(k=10),EnsembleSoft,0.3,5,5,0.84157692418575,0.8241484392800182,1287,321,"{'Basal': 167, 'Her2': 180, 'LumA': 560, 'LumB': 380}","{'Basal': 42, 'Her2': 44, 'LumA': 140, 'LumB': 95}",4,False,0.9146757679180887,0.8758169934640523,0.9571428571428572,0.8210526315789474,0.8210526315789474,0.8210526315789474,0.6923076923076923,0.7941176470588235,0.6136363636363636,0.9382716049382716,0.9743589743589743,0.9047619047619048,18077
classification,RFECA_SVR(k=20),EnsembleSoft,0.3,5,1,0.864441442083893,0.8633249791144528,1286,322,"{'Basal': 167, 'Her2': 179, 'LumA': 560, 'LumB': 380}","{'Basal': 42, 'Her2': 45, 'LumA': 140, 'LumB': 95}",4,False,0.9003690036900369,0.9312977099236641,0.8714285714285714,0.8756218905472637,0.8301886792452831,0.9263157894736842,0.7956989247311828,0.7708333333333334,0.8222222222222222,0.8860759493670886,0.9459459459459459,0.8333333333333334,18077
classification,RFECA_SVR(k=20),EnsembleSoft,0.3,5,2,0.8541399555133261,0.8430033416875522,1286,322,"{'Basal': 167, 'Her2': 179, 'LumA': 560, 'LumB': 380}","{'Basal': 42, 'Her2': 45, 'LumA': 140, 'LumB': 95}",4,False,0.918918918918919,0.8717948717948718,0.9714285714285714,0.8379888268156425,0.8928571428571429,0.7894736842105263,0.7954545454545454,0.813953488372093,0.7777777777777778,0.8641975308641975,0.8974358974358975,0.8333333333333334,18077
classification,RFECA_SVR(k=20),EnsembleSoft,0.3,5,3,0.848749959477539,0.8454469507101086,1286,322,"{'Basal': 167, 'Her2': 179, 'LumA': 560, 'LumB': 380}","{'Basal': 42, 'Her2': 45, 'LumA': 140, 'LumB': 95}",4,False,0.9032258064516129,0.9064748201438849,0.9,0.8247422680412371,0.8080808080808081,0.8421052631578947,0.7272727272727273,0.7441860465116279,0.7111111111111111,0.9397590361445783,0.9512195121951219,0.9285714285714286,18077
classification,RFECA_SVR(k=20),EnsembleSoft,0.3,5,4,0.8521361077671121,0.845272479980439,1287,321,"{'Basal': 168, 'Her2': 179, 'LumA': 560, 'LumB': 380}","{'Basal': 41, 'Her2': 45, 'LumA': 140, 'LumB': 95}",4,False,0.9057971014492754,0.9191176470588235,0.8928571428571429,0.8415841584158416,0.794392523364486,0.8947368421052632,0.7228915662650602,0.7894736842105263,0.6666666666666666,0.9382716049382716,0.95,0.926829268292683,18077
classification,RFECA_SVR(k=20),EnsembleSoft,0.3,5,5,0.8343509389948407,0.8158891547049442,1287,321,"{'Basal': 167, 'Her2': 180, 'LumA': 560, 'LumB': 380}","{'Basal': 42, 'Her2': 44, 'LumA': 140, 'LumB': 95}",4,False,0.8972602739726028,0.8618421052631579,0.9357142857142857,0.806282722513089,0.8020833333333334,0.8105263157894737,0.7088607594936709,0.8,0.6363636363636364,0.925,0.9736842105263158,0.8809523809523809,18077
classification,MissForest,EnsembleSoft,0.3,5,1,0.8710178239006156,0.8671888053467001,1286,322,"{'Basal': 167, 'Her2': 179, 'LumA': 560, 'LumB': 380}","{'Basal': 42, 'Her2': 45, 'LumA': 140, 'LumB': 95}",4,False,0.9051094890510949,0.9253731343283582,0.8857142857142857,0.864321608040201,0.8269230769230769,0.9052631578947369,0.8172043010752689,0.7916666666666666,0.8444444444444444,0.8974358974358975,0.9722222222222222,0.8333333333333334,18077
classification,MissForest,EnsembleSoft,0.3,5,2,0.867178137305256,0.8560045948203843,1286,322,"{'Basal': 167, 'Her2': 179, 'LumA': 560, 'LumB': 380}","{'Basal': 42, 'Her2': 45, 'LumA': 140, 'LumB': 95}",4,False,0.9288135593220339,0.8838709677419355,0.9785714285714285,0.8555555555555555,0.9058823529411765,0.8105263157894737,0.7954545454545454,0.813953488372093,0.7777777777777778,0.8888888888888888,0.9230769230769231,0.8571428571428571,18077
classification,MissForest,EnsembleSoft,0.3,5,3,0.8757922583838167,0.874718045112782,1286,322,"{'Basal': 167, 'Her2': 179, 'LumA': 560, 'LumB': 380}","{'Basal': 42, 'Her2': 45, 'LumA': 140, 'LumB': 95}",4,False,0.9136690647482014,0.9202898550724637,0.9071428571428571,0.8497409326424871,0.8367346938775511,0.8631578947368421,0.8,0.8,0.8,0.9397590361445783,0.9512195121951219,0.9285714285714286,18077
classification,MissForest,EnsembleSoft,0.3,5,4,0.8713039807897304,0.8603528638669845,1287,321,"{'Basal': 168, 'Her2': 179, 'LumA': 560, 'LumB': 380}","{'Basal': 41, 'Her2': 45, 'LumA': 140, 'LumB': 95}",4,False,0.9148936170212766,0.9084507042253521,0.9214285714285714,0.8571428571428571,0.8316831683168316,0.8842105263157894,0.7764705882352941,0.825,0.7333333333333333,0.9367088607594937,0.9736842105263158,0.9024390243902439,18077
classification,MissForest,EnsembleSoft,0.3,5,5,0.8461225332889025,0.8267600820232399,1287,321,"{'Basal': 167, 'Her2': 180, 'LumA': 560, 'LumB': 380}","{'Basal': 42, 'Her2': 44, 'LumA': 140, 'LumB': 95}",4,False,0.9220338983050848,0.8774193548387097,0.9714285714285714,0.851063829787234,0.8602150537634409,0.8421052631578947,0.7,0.7777777777777778,0.6363636363636364,0.9113924050632911,0.972972972972973,0.8571428571428571,18077
classification,SimpleMean,EnsembleSoft,0.3,6,1,0.8840514813148067,0.874780701754386,1286,322,"{'Basal': 167, 'Her2': 179, 'LumA': 560, 'LumB': 380}","{'Basal': 42, 'Her2': 45, 'LumA': 140, 'LumB': 95}",4,False,0.910394265232975,0.9136690647482014,0.9071428571428571,0.883248730964467,0.8529411764705882,0.9157894736842105,0.8478260869565217,0.8297872340425532,0.8666666666666667,0.8947368421052632,1.0,0.8095238095238095,18078
classification,SimpleMean,EnsembleSoft,0.3,6,2,0.8684235038668469,0.8570906432748537,1286,322,"{'Basal': 167, 'Her2': 179, 'LumA': 560, 'LumB': 380}","{'Basal': 42, 'Her2': 45, 'LumA': 140, 'LumB': 95}",4,False,0.9225589225589226,0.8726114649681529,0.9785714285714285,0.8426966292134831,0.9036144578313253,0.7894736842105263,0.7816091954022989,0.8095238095238095,0.7555555555555555,0.926829268292683,0.95,0.9047619047619048,18078
classification,SimpleMean,EnsembleSoft,0.3,6,3,0.8413456418706798,0.8381996658312447,1286,322,"{'Basal': 167, 'Her2': 179, 'LumA': 560, 'LumB': 380}","{'Basal': 42, 'Her2': 45, 'LumA': 140, 'LumB': 95}",4,False,0.9014084507042254,0.8888888888888888,0.9142857142857143,0.8253968253968254,0.8297872340425532,0.8210526315789474,0.7209302325581395,0.7560975609756098,0.6888888888888889,0.9176470588235294,0.9069767441860465,0.9285714285714286,18078
classification,SimpleMean,EnsembleSoft,0.3,6,4,0.8746595958759901,0.8732998655174522,1287,321,"{'Basal': 168, 'Her2': 179, 'LumA': 560, 'LumB': 380}","{'Basal': 41, 'Her2': 45, 'LumA': 140, 'LumB': 95}",4,False,0.9124087591240876,0.9328358208955224,0.8928571428571429,0.87,0.8285714285714286,0.9157894736842105,0.7764705882352941,0.825,0.7333333333333333,0.9397590361445783,0.9285714285714286,0.9512195121951219,18078
classification,SimpleMean,EnsembleSoft,0.3,6,5,0.8393037321396095,0.8188055365686944,1287,321,"{'Basal': 167, 'Her2': 180, 'LumA': 560, 'LumB': 380}","{'Basal': 42, 'Her2': 44, 'LumA': 140, 'LumB': 95}",4,False,0.9041095890410958,0.868421052631579,0.9428571428571428,0.837696335078534,0.8333333333333334,0.8421052631578947,0.7469879518072289,0.7948717948717948,0.7045454545454546,0.868421052631579,0.9705882352941176,0.7857142857142857,18078
classification,"KNN(k=5,dist)",EnsembleSoft,0.3,6,1,0.8521015530550566,0.847451963241437,1286,322,"{'Basal': 167, 'Her2': 179, 'LumA': 560, 'LumB': 380}","{'Basal': 42, 'Her2': 45, 'LumA': 140, 'LumB': 95}",4,False,0.8921933085501859,0.9302325581395349,0.8571428571428571,0.8543689320388349,0.7927927927927928,0.9263157894736842,0.8085106382978723,0.7755102040816326,0.8444444444444444,0.8533333333333334,0.9696969696969697,0.7619047619047619,18078
classification,"KNN(k=5,dist)",EnsembleSoft,0.3,6,2,0.850023644686566,0.8378446115288221,1286,322,"{'Basal': 167, 'Her2': 179, 'LumA': 560, 'LumB': 380}","{'Basal': 42, 'Her2': 45, 'LumA': 140, 'LumB': 95}",4,False,0.9158249158249159,0.8662420382165605,0.9714285714285714,0.8426966292134831,0.9036144578313253,0.7894736842105263,0.7415730337078652,0.75,0.7333333333333333,0.9,0.9473684210526315,0.8571428571428571,18078
classification,"KNN(k=5,dist)",EnsembleSoft,0.3,6,3,0.8394917026956359,0.8304093567251462,1286,322,"{'Basal': 167, 'Her2': 179, 'LumA': 560, 'LumB': 380}","{'Basal': 42, 'Her2': 45, 'LumA': 140, 'LumB': 95}",4,False,0.89198606271777,0.8707482993197279,0.9142857142857143,0.806282722513089,0.8020833333333334,0.8105263157894737,0.7073170731707317,0.7837837837837838,0.6444444444444445,0.9523809523809523,0.9523809523809523,0.9523809523809523,18078
classification,"KNN(k=5,dist)",EnsembleSoft,0.3,6,4,0.8382613094119016,0.8342553538317338,1287,321,"{'Basal': 168, 'Her2': 179, 'LumA': 560, 'LumB': 380}","{'Basal': 41, 'Her2': 45, 'LumA': 140, 'LumB': 95}",4,False,0.9142857142857143,0.9142857142857143,0.9142857142857143,0.8426395939086294,0.8137254901960784,0.8736842105263158,0.691358024691358,0.7777777777777778,0.6222222222222222,0.9047619047619048,0.8837209302325582,0.926829268292683,18078
classification,"KNN(k=5,dist)",EnsembleSoft,0.3,6,5,0.8265013722493929,0.8044657097288676,1287,321,"{'Basal': 167, 'Her2': 180, 'LumA': 560, 'LumB': 380}","{'Basal': 42, 'Her2': 44, 'LumA': 140, 'LumB': 95}",4,False,0.8788927335640139,0.8523489932885906,0.9071428571428571,0.8163265306122449,0.7920792079207921,0.8421052631578947,0.7160493827160493,0.7837837837837838,0.6590909090909091,0.8947368421052632,1.0,0.8095238095238095,18078
classification,RFECA_SVR(k=5),EnsembleSoft,0.3,6,1,0.8691883280118574,0.8611424394319132,1286,322,"{'Basal': 167, 'Her2': 179, 'LumA': 560, 'LumB': 380}","{'Basal': 42, 'Her2': 45, 'LumA': 140, 'LumB': 95}",4,False,0.8864468864468864,0.9097744360902256,0.8642857142857143,0.8627450980392157,0.8073394495412844,0.9263157894736842,0.8444444444444444,0.8444444444444444,0.8444444444444444,0.8831168831168831,0.9714285714285714,0.8095238095238095,18078
classification,RFECA_SVR(k=5),EnsembleSoft,0.3,6,2,0.8829315735832235,0.8766812865497076,1286,322,"{'Basal': 167, 'Her2': 179, 'LumA': 560, 'LumB': 380}","{'Basal': 42, 'Her2': 45, 'LumA': 140, 'LumB': 95}",4,False,0.9256756756756757,0.8782051282051282,0.9785714285714285,0.8505747126436781,0.9367088607594937,0.7789473684210526,0.8172043010752689,0.7916666666666666,0.8444444444444444,0.9382716049382716,0.9743589743589743,0.9047619047619048,18078
classification,RFECA_SVR(k=5),EnsembleSoft,0.3,6,3,0.8431587800451508,0.8355680868838763,1286,322,"{'Basal': 167, 'Her2': 179, 'LumA': 560, 'LumB': 380}","{'Basal': 42, 'Her2': 45, 'LumA': 140, 'LumB': 95}",4,False,0.8982456140350877,0.8827586206896552,0.9142857142857143,0.8105263157894737,0.8105263157894737,0.8105263157894737,0.7126436781609196,0.7380952380952381,0.6888888888888889,0.9512195121951219,0.975,0.9285714285714286,18078
classification,RFECA_SVR(k=5),EnsembleSoft,0.3,6,4,0.8805427687089071,0.8717135827373311,1287,321,"{'Basal': 168, 'Her2': 179, 'LumA': 560, 'LumB': 380}","{'Basal': 41, 'Her2': 45, 'LumA': 140, 'LumB': 95}",4,False,0.9181494661921709,0.9148936170212766,0.9214285714285714,0.8775510204081632,0.8514851485148515,0.9052631578947369,0.7764705882352941,0.825,0.7333333333333333,0.95,0.9743589743589743,0.926829268292683,18078
classification,RFECA_SVR(k=5),EnsembleSoft,0.3,6,5,0.8342008236306482,0.8092276144907724,1287,321,"{'Basal': 167, 'Her2': 180, 'LumA': 560, 'LumB': 380}","{'Basal': 42, 'Her2': 44, 'LumA': 140, 'LumB': 95}",4,False,0.8986486486486487,0.8525641025641025,0.95,0.8421052631578947,0.8421052631578947,0.8421052631578947,0.7160493827160493,0.7837837837837838,0.6590909090909091,0.88,1.0,0.7857142857142857,18078
classification,RFECA_SVR(k=10),EnsembleSoft,0.3,6,1,0.8622913741206255,0.8549916457811195,1286,322,"{'Basal': 167, 'Her2': 179, 'LumA': 560, 'LumB': 380}","{'Basal': 42, 'Her2': 45, 'LumA': 140, 'LumB': 95}",4,False,0.9051094890510949,0.9253731343283582,0.8857142857142857,0.8712871287128713,0.822429906542056,0.9263157894736842,0.8043478260869565,0.7872340425531915,0.8222222222222222,0.868421052631579,0.9705882352941176,0.7857142857142857,18078
classification,RFECA_SVR(k=10),EnsembleSoft,0.3,6,2,0.8954534309001938,0.8872076023391813,1286,322,"{'Basal': 167, 'Her2': 179, 'LumA': 560, 'LumB': 380}","{'Basal': 42, 'Her2': 45, 'LumA': 140, 'LumB': 95}",4,False,0.9319727891156463,0.8896103896103896,0.9785714285714285,0.8764044943820225,0.9397590361445783,0.8210526315789474,0.8351648351648352,0.8260869565217391,0.8444444444444444,0.9382716049382716,0.9743589743589743,0.9047619047619048,18078
classification,RFECA_SVR(k=10),EnsembleSoft,0.3,6,3,0.8538270435638731,0.8409252297410191,1286,322,"{'Basal': 167, 'Her2': 179, 'LumA': 560, 'LumB': 380}","{'Basal': 42, 'Her2': 45, 'LumA': 140, 'LumB': 95}",4,False,0.9065743944636678,0.8791946308724832,0.9357142857142857,0.8105263157894737,0.8105263157894737,0.8105263157894737,0.7469879518072289,0.8157894736842105,0.6888888888888889,0.9512195121951219,0.975,0.9285714285714286,18078
classification,RFECA_SVR(k=10),EnsembleSoft,0.3,6,4,0.8774354777328985,0.8670038918434297,1287,321,"{'Basal': 168, 'Her2': 179, 'LumA': 560, 'LumB': 380}","{'Basal': 41, 'Her2': 45, 'LumA': 140, 'LumB': 95}",4,False,0.9142857142857143,0.9142857142857143,0.9142857142857143,0.8743718592964824,0.8365384615384616,0.9157894736842105,0.7710843373493976,0.8421052631578947,0.7111111111111111,0.95,0.9743589743589743,0.926829268292683,18078
classification,RFECA_SVR(k=10),EnsembleSoft,0.3,6,5,0.8400979100807867,0.8153366370471634,1287,321,"{'Basal': 167, 'Her2': 180, 'LumA': 560, 'LumB': 380}","{'Basal': 42, 'Her2': 44, 'LumA': 140, 'LumB': 95}",4,False,0.9041095890410958,0.868421052631579,0.9428571428571428,0.8512820512820513,0.83,0.8736842105263158,0.725,0.8055555555555556,0.6590909090909091,0.88,1.0,0.7857142857142857,18078
classification,RFECA_SVR(k=20),EnsembleSoft,0.3,6,1,0.8641999666999668,0.8583124477861319,1286,322,"{'Basal': 167, 'Her2': 179, 'LumA': 560, 'LumB': 380}","{'Basal': 42, 'Her2': 45, 'LumA': 140, 'LumB': 95}",4,False,0.9018181818181819,0.9185185185185185,0.8857142857142857,0.87,0.8285714285714286,0.9157894736842105,0.8131868131868132,0.8043478260869565,0.8222222222222222,0.8717948717948718,0.9444444444444444,0.8095238095238095,18078
classification,RFECA_SVR(k=20),EnsembleSoft,0.3,6,2,0.8768905863903643,0.8675125313283207,1286,322,"{'Basal': 167, 'Her2': 179, 'LumA': 560, 'LumB': 380}","{'Basal': 42, 'Her2': 45, 'LumA': 140, 'LumB': 95}",4,False,0.9288135593220339,0.8838709677419355,0.9785714285714285,0.8651685393258427,0.927710843373494,0.8105263157894737,0.8,0.8,0.8,0.9135802469135802,0.9487179487179487,0.8809523809523809,18078
classification,RFECA_SVR(k=20),EnsembleSoft,0.3,6,3,0.8522874283957823,0.8455409356725145,1286,322,"{'Basal': 167, 'Her2': 179, 'LumA': 560, 'LumB': 380}","{'Basal': 42, 'Her2': 45, 'LumA': 140, 'LumB': 95}",4,False,0.9084507042253521,0.8958333333333334,0.9214285714285714,0.8167539267015707,0.8125,0.8210526315789474,0.7441860465116279,0.7804878048780488,0.7111111111111111,0.9397590361445783,0.9512195121951219,0.9285714285714286,18078
classification,RFECA_SVR(k=20),EnsembleSoft,0.3,6,4,0.8768529742112405,0.8725594473989853,1287,321,"{'Basal': 168, 'Her2': 179, 'LumA': 560, 'LumB': 380}","{'Basal': 41, 'Her2': 45, 'LumA': 140, 'LumB': 95}",4,False,0.920863309352518,0.927536231884058,0.9142857142857143,0.883248730964467,0.8529411764705882,0.9157894736842105,0.7764705882352941,0.825,0.7333333333333333,0.926829268292683,0.926829268292683,0.926829268292683,18078
classification,RFECA_SVR(k=20),EnsembleSoft,0.3,6,5,0.8372606292132928,0.8121297562087036,1287,321,"{'Basal': 167, 'Her2': 180, 'LumA': 560, 'LumB': 380}","{'Basal': 42, 'Her2': 44, 'LumA': 140, 'LumB': 95}",4,False,0.9016949152542373,0.8580645161290322,0.95,0.84375,0.8350515463917526,0.8526315789473684,0.7088607594936709,0.8,0.6363636363636364,0.8947368421052632,1.0,0.8095238095238095,18078
classification,MissForest,EnsembleSoft,0.3,6,1,0.8805971288879468,0.8703111946532999,1286,322,"{'Basal': 167, 'Her2': 179, 'LumA': 560, 'LumB': 380}","{'Basal': 42, 'Her2': 45, 'LumA': 140, 'LumB': 95}",4,False,0.9071428571428571,0.9071428571428571,0.9071428571428571,0.8629441624365483,0.8333333333333334,0.8947368421052632,0.8409090909090909,0.8604651162790697,0.8222222222222222,0.9113924050632911,0.972972972972973,0.8571428571428571,18078
classification,MissForest,EnsembleSoft,0.3,6,2,0.8871996981778453,0.8742690058479532,1286,322,"{'Basal': 167, 'Her2': 179, 'LumA': 560, 'LumB': 380}","{'Basal': 42, 'Her2': 45, 'LumA': 140, 'LumB': 95}",4,False,0.9355932203389831,0.8903225806451613,0.9857142857142858,0.8950276243093923,0.9418604651162791,0.8526315789473684,0.8045977011494253,0.8333333333333334,0.7777777777777778,0.9135802469135802,0.9487179487179487,0.8809523809523809,18078
classification,MissForest,EnsembleSoft,0.3,6,3,0.8411525940187299,0.8324874686716792,1286,322,"{'Basal': 167, 'Her2': 179, 'LumA': 560, 'LumB': 380}","{'Basal': 42, 'Her2': 45, 'LumA': 140, 'LumB': 95}",4,False,0.8927335640138409,0.8657718120805369,0.9214285714285714,0.8021390374331551,0.8152173913043478,0.7894736842105263,0.7058823529411765,0.75,0.6666666666666666,0.963855421686747,0.975609756097561,0.9523809523809523,18078
classification,MissForest,EnsembleSoft,0.3,6,4,0.8762402521984403,0.8704698738716711,1287,321,"{'Basal': 168, 'Her2': 179, 'LumA': 560, 'LumB': 380}","{'Basal': 41, 'Her2': 45, 'LumA': 140, 'LumB': 95}",4,False,0.9142857142857143,0.9142857142857143,0.9142857142857143,0.8775510204081632,0.8514851485148515,0.9052631578947369,0.7619047619047619,0.8205128205128205,0.7111111111111111,0.9512195121951219,0.9512195121951219,0.9512195121951219,18078
classification,MissForest,EnsembleSoft,0.3,6,5,0.846076424404571,0.8212890179995443,1287,321,"{'Basal': 167, 'Her2': 180, 'LumA': 560, 'LumB': 380}","{'Basal': 42, 'Her2': 44, 'LumA': 140, 'LumB': 95}",4,False,0.9041095890410958,0.868421052631579,0.9428571428571428,0.8512820512820513,0.83,0.8736842105263158,0.7341772151898734,0.8285714285714286,0.6590909090909091,0.8947368421052632,1.0,0.8095238095238095,18078
classification,SimpleMean,EnsembleSoft,0.3,7,1,0.8089200996008757,0.7982769423558898,1286,322,"{'Basal': 167, 'Her2': 179, 'LumA': 560, 'LumB': 380}","{'Basal': 42, 'Her2': 45, 'LumA': 140, 'LumB': 95}",4,False,0.8928571428571429,0.8928571428571429,0.8928571428571429,0.8223350253807107,0.7941176470588235,0.8526315789473684,0.7096774193548387,0.6875,0.7333333333333333,0.8108108108108109,0.9375,0.7142857142857143,18079
classification,SimpleMean,EnsembleSoft,0.3,7,2,0.8602389913817761,0.8493525480367585,1286,322,"{'Basal': 167, 'Her2': 179, 'LumA': 560, 'LumB': 380}","{'Basal': 42, 'Her2': 45, 'LumA': 140, 'LumB': 95}",4,False,0.918918918918919,0.8717948717948718,0.9714285714285714,0.8379888268156425,0.8928571428571429,0.7894736842105263,0.7816091954022989,0.8095238095238095,0.7555555555555555,0.9024390243902439,0.925,0.8809523809523809,18079
classification,SimpleMean,EnsembleSoft,0.3,7,3,0.869667106699705,0.8640455304928989,1286,322,"{'Basal': 167, 'Her2': 179, 'LumA': 560, 'LumB': 380}","{'Basal': 42, 'Her2': 45, 'LumA': 140, 'LumB': 95}",4,False,0.9052631578947369,0.8896551724137931,0.9214285714285714,0.8494623655913979,0.8681318681318682,0.8315789473684211,0.7872340425531915,0.7551020408163265,0.8222222222222222,0.9367088607594937,1.0,0.8809523809523809,18079
classification,SimpleMean,EnsembleSoft,0.3,7,4,0.838130862378136,0.8362394808158609,1287,321,"{'Basal': 168, 'Her2': 179, 'LumA': 560, 'LumB': 380}","{'Basal': 41, 'Her2': 45, 'LumA': 140, 'LumB': 95}",4,False,0.9032258064516129,0.9064748201438849,0.9,0.8512820512820513,0.83,0.8736842105263158,0.6823529411764706,0.725,0.6444444444444445,0.9156626506024096,0.9047619047619048,0.926829268292683,18079
classification,SimpleMean,EnsembleSoft,0.3,7,5,0.8375643279506063,0.8202608794714058,1287,321,"{'Basal': 167, 'Her2': 180, 'LumA': 560, 'LumB': 380}","{'Basal': 42, 'Her2': 44, 'LumA': 140, 'LumB': 95}",4,False,0.9146757679180887,0.8758169934640523,0.9571428571428572,0.8601036269430051,0.8469387755102041,0.8736842105263158,0.6486486486486487,0.8,0.5454545454545454,0.926829268292683,0.95,0.9047619047619048,18079
classification,"KNN(k=5,dist)",EnsembleSoft,0.3,7,1,0.8197245700856679,0.8149958228905597,1286,322,"{'Basal': 167, 'Her2': 179, 'LumA': 560, 'LumB': 380}","{'Basal': 42, 'Her2': 45, 'LumA': 140, 'LumB': 95}",4,False,0.8791208791208791,0.9022556390977443,0.8571428571428571,0.8159203980099502,0.7735849056603774,0.8631578947368421,0.7526881720430108,0.7291666666666666,0.7777777777777778,0.8311688311688312,0.9142857142857143,0.7619047619047619,18079
classification,"KNN(k=5,dist)",EnsembleSoft,0.3,7,2,0.8611685965344502,0.8473162071846281,1286,322,"{'Basal': 167, 'Her2': 179, 'LumA': 560, 'LumB': 380}","{'Basal': 42, 'Her2': 45, 'LumA': 140, 'LumB': 95}",4,False,0.8956228956228957,0.8471337579617835,0.95,0.8222222222222222,0.8705882352941177,0.7789473684210526,0.8,0.85,0.7555555555555555,0.926829268292683,0.95,0.9047619047619048,18079
classification,"KNN(k=5,dist)",EnsembleSoft,0.3,7,3,0.8644409086114616,0.8555659983291561,1286,322,"{'Basal': 167, 'Her2': 179, 'LumA': 560, 'LumB': 380}","{'Basal': 42, 'Her2': 45, 'LumA': 140, 'LumB': 95}",4,False,0.9052631578947369,0.8896551724137931,0.9214285714285714,0.8465608465608465,0.851063829787234,0.8421052631578947,0.7692307692307693,0.7608695652173914,0.7777777777777778,0.9367088607594937,1.0,0.8809523809523809,18079
classification,"KNN(k=5,dist)",EnsembleSoft,0.3,7,4,0.8447146320220161,0.8341226541964668,1287,321,"{'Basal': 168, 'Her2': 179, 'LumA': 560, 'LumB': 380}","{'Basal': 41, 'Her2': 45, 'LumA': 140, 'LumB': 95}",4,False,0.911660777385159,0.9020979020979021,0.9214285714285714,0.8762886597938144,0.8585858585858586,0.8947368421052632,0.6818181818181818,0.6976744186046512,0.6666666666666666,0.9090909090909091,0.9722222222222222,0.8536585365853658,18079
classification,"KNN(k=5,dist)",EnsembleSoft,0.3,7,5,0.8236409794452411,0.8032609933925723,1287,321,"{'Basal': 167, 'Her2': 180, 'LumA': 560, 'LumB': 380}","{'Basal': 42, 'Her2': 44, 'LumA': 140, 'LumB': 95}",4,False,0.8949152542372881,0.8516129032258064,0.9428571428571428,0.8167539267015707,0.8125,0.8210526315789474,0.6578947368421053,0.78125,0.5681818181818182,0.925,0.9736842105263158,0.8809523809523809,18079
classification,RFECA_SVR(k=5),EnsembleSoft,0.3,7,1,0.8225252519908273,0.8187238930659984,1286,322,"{'Basal': 167, 'Her2': 179, 'LumA': 560, 'LumB': 380}","{'Basal': 42, 'Her2': 45, 'LumA': 140, 'LumB': 95}",4,False,0.8864468864468864,0.9097744360902256,0.8642857142857143,0.845771144278607,0.8018867924528302,0.8947368421052632,0.7526881720430108,0.7291666666666666,0.7777777777777778,0.8051948051948052,0.8857142857142857,0.7380952380952381,18079
classification,RFECA_SVR(k=5),EnsembleSoft,0.3,7,2,0.8515383578450192,0.8427005012531328,1286,322,"{'Basal': 167, 'Her2': 179, 'LumA': 560, 'LumB': 380}","{'Basal': 42, 'Her2': 45, 'LumA': 140, 'LumB': 95}",4,False,0.9090909090909091,0.8598726114649682,0.9642857142857143,0.8248587570621468,0.8902439024390244,0.7684210526315789,0.7674418604651163,0.8048780487804879,0.7333333333333333,0.9047619047619048,0.9047619047619048,0.9047619047619048,18079
classification,RFECA_SVR(k=5),EnsembleSoft,0.3,7,3,0.863630027274638,0.8643483709273183,1286,322,"{'Basal': 167, 'Her2': 179, 'LumA': 560, 'LumB': 380}","{'Basal': 42, 'Her2': 45, 'LumA': 140, 'LumB': 95}",4,False,0.9097472924187726,0.9197080291970803,0.9,0.84375,0.8350515463917526,0.8526315789473684,0.7741935483870968,0.75,0.8,0.926829268292683,0.95,0.9047619047619048,18079
classification,RFECA_SVR(k=5),EnsembleSoft,0.3,7,4,0.8442439651693395,0.8384345008863623,1287,321,"{'Basal': 168, 'Her2': 179, 'LumA': 560, 'LumB': 380}","{'Basal': 41, 'Her2': 45, 'LumA': 140, 'LumB': 95}",4,False,0.9110320284697508,0.9078014184397163,0.9142857142857143,0.8762886597938144,0.8585858585858586,0.8947368421052632,0.6896551724137931,0.7142857142857143,0.6666666666666666,0.9,0.9230769230769231,0.8780487804878049,18079
classification,RFECA_SVR(k=5),EnsembleSoft,0.3,7,5,0.8413308499241761,0.8210042150831625,1287,321,"{'Basal': 167, 'Her2': 180, 'LumA': 560, 'LumB': 380}","{'Basal': 42, 'Her2': 44, 'LumA': 140, 'LumB': 95}",4,False,0.9003436426116839,0.8675496688741722,0.9357142857142857,0.8307692307692308,0.81,0.8526315789473684,0.6842105263157895,0.8125,0.5909090909090909,0.95,1.0,0.9047619047619048,18079
classification,RFECA_SVR(k=10),EnsembleSoft,0.3,7,1,0.8312567033341465,0.8270050125313284,1286,322,"{'Basal': 167, 'Her2': 179, 'LumA': 560, 'LumB': 380}","{'Basal': 42, 'Her2': 45, 'LumA': 140, 'LumB': 95}",4,False,0.8985507246376812,0.9117647058823529,0.8857142857142857,0.8527918781725888,0.8235294117647058,0.8842105263157894,0.7578947368421053,0.72,0.8,0.8157894736842105,0.9117647058823529,0.7380952380952381,18079
classification,RFECA_SVR(k=10),EnsembleSoft,0.3,7,2,0.8528742348435245,0.846470342522974,1286,322,"{'Basal': 167, 'Her2': 179, 'LumA': 560, 'LumB': 380}","{'Basal': 42, 'Her2': 45, 'LumA': 140, 'LumB': 95}",4,False,0.9115646258503401,0.8701298701298701,0.9571428571428572,0.8202247191011236,0.8795180722891566,0.7684210526315789,0.7640449438202247,0.7727272727272727,0.7555555555555555,0.9156626506024096,0.926829268292683,0.9047619047619048,18079
classification,RFECA_SVR(k=10),EnsembleSoft,0.3,7,3,0.8548699225478398,0.8574039264828739,1286,322,"{'Basal': 167, 'Her2': 179, 'LumA': 560, 'LumB': 380}","{'Basal': 42, 'Her2': 45, 'LumA': 140, 'LumB': 95}",4,False,0.9025270758122743,0.9124087591240876,0.8928571428571429,0.84375,0.8350515463917526,0.8526315789473684,0.7555555555555555,0.7555555555555555,0.7555555555555555,0.9176470588235294,0.9069767441860465,0.9285714285714286,18079
classification,RFECA_SVR(k=10),EnsembleSoft,0.3,7,4,0.8487077711184311,0.8442824541027365,1287,321,"{'Basal': 168, 'Her2': 179, 'LumA': 560, 'LumB': 380}","{'Basal': 41, 'Her2': 45, 'LumA': 140, 'LumB': 95}",4,False,0.9110320284697508,0.9078014184397163,0.9142857142857143,0.8691099476439791,0.8645833333333334,0.8736842105263158,0.7032967032967034,0.6956521739130435,0.7111111111111111,0.9113924050632911,0.9473684210526315,0.8780487804878049,18079
classification,RFECA_SVR(k=10),EnsembleSoft,0.3,7,5,0.8513269237598098,0.8267800182273867,1287,321,"{'Basal': 167, 'Her2': 180, 'LumA': 560, 'LumB': 380}","{'Basal': 42, 'Her2': 44, 'LumA': 140, 'LumB': 95}",4,False,0.8993288590604027,0.8481012658227848,0.9571428571428572,0.8359788359788359,0.8404255319148937,0.8315789473684211,0.72,0.8709677419354839,0.6136363636363636,0.95,1.0,0.9047619047619048,18079
classification,RFECA_SVR(k=20),EnsembleSoft,0.3,7,1,0.8407269813519814,0.839108187134503,1286,322,"{'Basal': 167, 'Her2': 179, 'LumA': 560, 'LumB': 380}","{'Basal': 42, 'Her2': 45, 'LumA': 140, 'LumB': 95}",4,False,0.8864468864468864,0.9097744360902256,0.8642857142857143,0.8484848484848485,0.8155339805825242,0.8842105263157894,0.7708333333333334,0.7254901960784313,0.8222222222222222,0.8571428571428571,0.9428571428571428,0.7857142857142857,18079
classification,RFECA_SVR(k=20),EnsembleSoft,0.3,7,2,0.8670452905108106,0.8590747702589807,1286,322,"{'Basal': 167, 'Her2': 179, 'LumA': 560, 'LumB': 380}","{'Basal': 42, 'Her2': 45, 'LumA': 140, 'LumB': 95}",4,False,0.9215017064846417,0.8823529411764706,0.9642857142857143,0.8333333333333334,0.8823529411764706,0.7894736842105263,0.7865168539325843,0.7954545454545454,0.7777777777777778,0.926829268292683,0.95,0.9047619047619048,18079
classification,RFECA_SVR(k=20),EnsembleSoft,0.3,7,3,0.8508592597399773,0.8472848788638262,1286,322,"{'Basal': 167, 'Her2': 179, 'LumA': 560, 'LumB': 380}","{'Basal': 42, 'Her2': 45, 'LumA': 140, 'LumB': 95}",4,False,0.9032258064516129,0.9064748201438849,0.9,0.8393782383419689,0.826530612244898,0.8526315789473684,0.7472527472527473,0.7391304347826086,0.7555555555555555,0.9135802469135802,0.9487179487179487,0.8809523809523809,18079
classification,RFECA_SVR(k=20),EnsembleSoft,0.3,7,4,0.8427764607704124,0.8407110255313079,1287,321,"{'Basal': 168, 'Her2': 179, 'LumA': 560, 'LumB': 380}","{'Basal': 41, 'Her2': 45, 'LumA': 140, 'LumB': 95}",4,False,0.9032258064516129,0.9064748201438849,0.9,0.8645833333333334,0.8556701030927835,0.8736842105263158,0.7032967032967034,0.6956521739130435,0.7111111111111111,0.9,0.9230769230769231,0.8780487804878049,18079
classification,RFECA_SVR(k=20),EnsembleSoft,0.3,7,5,0.8524991823932093,0.8311033264980634,1287,321,"{'Basal': 167, 'Her2': 180, 'LumA': 560, 'LumB': 380}","{'Basal': 42, 'Her2': 44, 'LumA': 140, 'LumB': 95}",4,False,0.9041095890410958,0.868421052631579,0.9428571428571428,0.845360824742268,0.8282828282828283,0.8631578947368421,0.7105263157894737,0.84375,0.6136363636363636,0.95,1.0,0.9047619047619048,18079
classification,MissForest,EnsembleSoft,0.3,7,1,0.8115113073149728,0.8068191311612365,1286,322,"{'Basal': 167, 'Her2': 179, 'LumA': 560, 'LumB': 380}","{'Basal': 42, 'Her2': 45, 'LumA': 140, 'LumB': 95}",4,False,0.8864468864468864,0.9097744360902256,0.8642857142857143,0.8415841584158416,0.794392523364486,0.8947368421052632,0.7446808510638298,0.7142857142857143,0.7777777777777778,0.7733333333333333,0.8787878787878788,0.6904761904761905,18079
classification,MissForest,EnsembleSoft,0.3,7,2,0.8733107016295201,0.8661236424394319,1286,322,"{'Basal': 167, 'Her2': 179, 'LumA': 560, 'LumB': 380}","{'Basal': 42, 'Her2': 45, 'LumA': 140, 'LumB': 95}",4,False,0.9283276450511946,0.8888888888888888,0.9714285714285714,0.8555555555555555,0.9058823529411765,0.8105263157894737,0.8045977011494253,0.8333333333333334,0.7777777777777778,0.9047619047619048,0.9047619047619048,0.9047619047619048,18079
classification,MissForest,EnsembleSoft,0.3,7,3,0.8786206799504671,0.8776420217209691,1286,322,"{'Basal': 167, 'Her2': 179, 'LumA': 560, 'LumB': 380}","{'Basal': 42, 'Her2': 45, 'LumA': 140, 'LumB': 95}",4,False,0.9071428571428571,0.9071428571428571,0.9071428571428571,0.8571428571428571,0.8617021276595744,0.8526315789473684,0.7872340425531915,0.7551020408163265,0.8222222222222222,0.9629629629629629,1.0,0.9285714285714286,18079
classification,MissForest,EnsembleSoft,0.3,7,4,0.848849332225621,0.8422043421562035,1287,321,"{'Basal': 168, 'Her2': 179, 'LumA': 560, 'LumB': 380}","{'Basal': 41, 'Her2': 45, 'LumA': 140, 'LumB': 95}",4,False,0.9071428571428571,0.9071428571428571,0.9071428571428571,0.8762886597938144,0.8585858585858586,0.8947368421052632,0.6888888888888889,0.6888888888888889,0.6888888888888889,0.9230769230769231,0.972972972972973,0.8780487804878049,18079
classification,MissForest,EnsembleSoft,0.3,7,5,0.8467385550126763,0.8258401686033265,1287,321,"{'Basal': 167, 'Her2': 180, 'LumA': 560, 'LumB': 380}","{'Basal': 42, 'Her2': 44, 'LumA': 140, 'LumB': 95}",4,False,0.8979591836734694,0.8571428571428571,0.9428571428571428,0.837696335078534,0.8333333333333334,0.8421052631578947,0.7012987012987013,0.8181818181818182,0.6136363636363636,0.95,1.0,0.9047619047619048,18079
classification,SimpleMean,EnsembleSoft,0.3,8,1,0.8294934640522876,0.8268065998329157,1286,322,"{'Basal': 167, 'Her2': 179, 'LumA': 560, 'LumB': 380}","{'Basal': 42, 'Her2': 45, 'LumA': 140, 'LumB': 95}",4,False,0.8666666666666667,0.9,0.8357142857142857,0.8235294117647058,0.7706422018348624,0.8842105263157894,0.7777777777777778,0.7777777777777778,0.7777777777777778,0.85,0.8947368421052632,0.8095238095238095,18080
classification,SimpleMean,EnsembleSoft,0.3,8,2,0.8692559487223612,0.8714807852965748,1286,322,"{'Basal': 167, 'Her2': 179, 'LumA': 560, 'LumB': 380}","{'Basal': 42, 'Her2': 45, 'LumA': 140, 'LumB': 95}",4,False,0.9204152249134948,0.8926174496644296,0.95,0.8700564971751412,0.9390243902439024,0.8105263157894737,0.8260869565217391,0.8085106382978723,0.8444444444444444,0.8604651162790697,0.8409090909090909,0.8809523809523809,18080
classification,SimpleMean,EnsembleSoft,0.3,8,3,0.8476025098210006,0.8363617376775271,1286,322,"{'Basal': 167, 'Her2': 179, 'LumA': 560, 'LumB': 380}","{'Basal': 42, 'Her2': 45, 'LumA': 140, 'LumB': 95}",4,False,0.9134948096885813,0.8859060402684564,0.9428571428571428,0.8191489361702128,0.8279569892473119,0.8105263157894737,0.7441860465116279,0.7804878048780488,0.7111111111111111,0.9135802469135802,0.9487179487179487,0.8809523809523809,18080
classification,SimpleMean,EnsembleSoft,0.3,8,4,0.8166718867405711,0.8076700898587933,1287,321,"{'Basal': 168, 'Her2': 179, 'LumA': 560, 'LumB': 380}","{'Basal': 41, 'Her2': 45, 'LumA': 140, 'LumB': 95}",4,False,0.8842105263157894,0.8689655172413793,0.9,0.8350515463917526,0.8181818181818182,0.8526315789473684,0.6585365853658537,0.7297297297297297,0.6,0.8888888888888888,0.9,0.8780487804878049,18080
classification,SimpleMean,EnsembleSoft,0.3,8,5,0.8280805952038829,0.8044115971747551,1287,321,"{'Basal': 167, 'Her2': 180, 'LumA': 560, 'LumB': 380}","{'Basal': 42, 'Her2': 44, 'LumA': 140, 'LumB': 95}",4,False,0.8904109589041096,0.8552631578947368,0.9285714285714286,0.8205128205128205,0.8,0.8421052631578947,0.6923076923076923,0.7941176470588235,0.6136363636363636,0.9090909090909091,1.0,0.8333333333333334,18080
classification,"KNN(k=5,dist)",EnsembleSoft,0.3,8,1,0.8327764807186387,0.8295321637426901,1286,322,"{'Basal': 167, 'Her2': 179, 'LumA': 560, 'LumB': 380}","{'Basal': 42, 'Her2': 45, 'LumA': 140, 'LumB': 95}",4,False,0.8888888888888888,0.9230769230769231,0.8571428571428571,0.8177339901477833,0.7685185185185185,0.8736842105263158,0.7526881720430108,0.7291666666666666,0.7777777777777778,0.8717948717948718,0.9444444444444444,0.8095238095238095,18080
classification,"KNN(k=5,dist)",EnsembleSoft,0.3,8,2,0.873485548116919,0.864484126984127,1286,322,"{'Basal': 167, 'Her2': 179, 'LumA': 560, 'LumB': 380}","{'Basal': 42, 'Her2': 45, 'LumA': 140, 'LumB': 95}",4,False,0.9256756756756757,0.8782051282051282,0.9785714285714285,0.8587570621468926,0.926829268292683,0.8,0.8314606741573034,0.8409090909090909,0.8222222222222222,0.8780487804878049,0.9,0.8571428571428571,18080
classification,"KNN(k=5,dist)",EnsembleSoft,0.3,8,3,0.8514203938656073,0.8387426900584795,1286,322,"{'Basal': 167, 'Her2': 179, 'LumA': 560, 'LumB': 380}","{'Basal': 42, 'Her2': 45, 'LumA': 140, 'LumB': 95}",4,False,0.8996539792387543,0.87248322147651,0.9285714285714286,0.8148148148148148,0.8191489361702128,0.8105263157894737,0.7529411764705882,0.8,0.7111111111111111,0.9382716049382716,0.9743589743589743,0.9047619047619048,18080
classification,"KNN(k=5,dist)",EnsembleSoft,0.3,8,4,0.8406340456593421,0.8348401491533712,1287,321,"{'Basal': 168, 'Her2': 179, 'LumA': 560, 'LumB': 380}","{'Basal': 41, 'Her2': 45, 'LumA': 140, 'LumB': 95}",4,False,0.8982456140350877,0.8827586206896552,0.9142857142857143,0.8315789473684211,0.8315789473684211,0.8315789473684211,0.7058823529411765,0.75,0.6666666666666666,0.926829268292683,0.926829268292683,0.926829268292683,18080
classification,"KNN(k=5,dist)",EnsembleSoft,0.3,8,5,0.8272567858163362,0.8047362724994304,1287,321,"{'Basal': 167, 'Her2': 180, 'LumA': 560, 'LumB': 380}","{'Basal': 42, 'Her2': 44, 'LumA': 140, 'LumB': 95}",4,False,0.8788927335640139,0.8523489932885906,0.9071428571428571,0.8121827411167513,0.7843137254901961,0.8421052631578947,0.7088607594936709,0.8,0.6363636363636364,0.9090909090909091,1.0,0.8333333333333334,18080
classification,RFECA_SVR(k=5),EnsembleSoft,0.3,8,1,0.8611896681749623,0.8551900584795322,1286,322,"{'Basal': 167, 'Her2': 179, 'LumA': 560, 'LumB': 380}","{'Basal': 42, 'Her2': 45, 'LumA': 140, 'LumB': 95}",4,False,0.8897058823529411,0.9166666666666666,0.8642857142857143,0.8627450980392157,0.8073394495412844,0.9263157894736842,0.8351648351648352,0.8260869565217391,0.8444444444444444,0.8571428571428571,0.9428571428571428,0.7857142857142857,18080
classification,RFECA_SVR(k=5),EnsembleSoft,0.3,8,2,0.8807341778493772,0.8785296574770259,1286,322,"{'Basal': 167, 'Her2': 179, 'LumA': 560, 'LumB': 380}","{'Basal': 42, 'Her2': 45, 'LumA': 140, 'LumB': 95}",4,False,0.9241379310344827,0.8933333333333333,0.9571428571428572,0.88268156424581,0.9404761904761905,0.8315789473684211,0.8351648351648352,0.8260869565217391,0.8444444444444444,0.8809523809523809,0.8809523809523809,0.8809523809523809,18080
classification,RFECA_SVR(k=5),EnsembleSoft,0.3,8,3,0.8405803823973927,0.8290204678362573,1286,322,"{'Basal': 167, 'Her2': 179, 'LumA': 560, 'LumB': 380}","{'Basal': 42, 'Her2': 45, 'LumA': 140, 'LumB': 95}",4,False,0.9003436426116839,0.8675496688741722,0.9357142857142857,0.8324324324324325,0.8555555555555555,0.8105263157894737,0.7045454545454546,0.7209302325581395,0.6888888888888889,0.925,0.9736842105263158,0.8809523809523809,18080
classification,RFECA_SVR(k=5),EnsembleSoft,0.3,8,4,0.8336089708985621,0.8229060965421684,1287,321,"{'Basal': 168, 'Her2': 179, 'LumA': 560, 'LumB': 380}","{'Basal': 41, 'Her2': 45, 'LumA': 140, 'LumB': 95}",4,False,0.8943661971830986,0.8819444444444444,0.9071428571428571,0.8571428571428571,0.8316831683168316,0.8842105263157894,0.6829268292682927,0.7567567567567568,0.6222222222222222,0.9,0.9230769230769231,0.8780487804878049,18080
classification,RFECA_SVR(k=5),EnsembleSoft,0.3,8,5,0.8512337438772423,0.8355661881977672,1287,321,"{'Basal': 167, 'Her2': 180, 'LumA': 560, 'LumB': 380}","{'Basal': 42, 'Her2': 44, 'LumA': 140, 'LumB': 95}",4,False,0.9003436426116839,0.8675496688741722,0.9357142857142857,0.8297872340425532,0.8387096774193549,0.8210526315789474,0.7380952380952381,0.775,0.7045454545454546,0.9367088607594937,1.0,0.8809523809523809,18080
classification,RFECA_SVR(k=10),EnsembleSoft,0.3,8,1,0.860175746239576,0.8572681704260652,1286,322,"{'Basal': 167, 'Her2': 179, 'LumA': 560, 'LumB': 380}","{'Basal': 42, 'Her2': 45, 'LumA': 140, 'LumB': 95}",4,False,0.8937728937728938,0.9172932330827067,0.8714285714285714,0.86,0.819047619047619,0.9052631578947369,0.8297872340425532,0.7959183673469388,0.8666666666666667,0.8571428571428571,0.9428571428571428,0.7857142857142857,18080
classification,RFECA_SVR(k=10),EnsembleSoft,0.3,8,2,0.896069106675939,0.8940580618212197,1286,322,"{'Basal': 167, 'Her2': 179, 'LumA': 560, 'LumB': 380}","{'Basal': 42, 'Her2': 45, 'LumA': 140, 'LumB': 95}",4,False,0.9342560553633218,0.9060402684563759,0.9642857142857143,0.8888888888888888,0.9411764705882353,0.8421052631578947,0.8695652173913043,0.851063829787234,0.8888888888888888,0.891566265060241,0.9024390243902439,0.8809523809523809,18080
classification,RFECA_SVR(k=10),EnsembleSoft,0.3,8,3,0.8603034740635951,0.8453425229741018,1286,322,"{'Basal': 167, 'Her2': 179, 'LumA': 560, 'LumB': 380}","{'Basal': 42, 'Her2': 45, 'LumA': 140, 'LumB': 95}",4,False,0.9041095890410958,0.868421052631579,0.9428571428571428,0.8297872340425532,0.8387096774193549,0.8210526315789474,0.7560975609756098,0.8378378378378378,0.6888888888888889,0.9512195121951219,0.975,0.9285714285714286,18080
classification,RFECA_SVR(k=10),EnsembleSoft,0.3,8,4,0.828659369106626,0.8181849440674858,1287,321,"{'Basal': 168, 'Her2': 179, 'LumA': 560, 'LumB': 380}","{'Basal': 41, 'Her2': 45, 'LumA': 140, 'LumB': 95}",4,False,0.8943661971830986,0.8819444444444444,0.9071428571428571,0.8367346938775511,0.8118811881188119,0.8631578947368421,0.6585365853658537,0.7297297297297297,0.6,0.925,0.9487179487179487,0.9024390243902439,18080
classification,RFECA_SVR(k=10),EnsembleSoft,0.3,8,5,0.8371255465579993,0.8172562087035772,1287,321,"{'Basal': 167, 'Her2': 180, 'LumA': 560, 'LumB': 380}","{'Basal': 42, 'Her2': 44, 'LumA': 140, 'LumB': 95}",4,False,0.9010238907849829,0.8627450980392157,0.9428571428571428,0.8272251308900523,0.8229166666666666,0.8315789473684211,0.6835443037974683,0.7714285714285715,0.6136363636363636,0.9367088607594937,1.0,0.8809523809523809,18080
classification,RFECA_SVR(k=20),EnsembleSoft,0.3,8,1,0.8637485577516321,0.8681286549707603,1286,322,"{'Basal': 167, 'Her2': 179, 'LumA': 560, 'LumB': 380}","{'Basal': 42, 'Her2': 45, 'LumA': 140, 'LumB': 95}",4,False,0.8921933085501859,0.9302325581395349,0.8571428571428571,0.8542713567839196,0.8173076923076923,0.8947368421052632,0.8367346938775511,0.7735849056603774,0.9111111111111111,0.8717948717948718,0.9444444444444444,0.8095238095238095,18080
classification,RFECA_SVR(k=20),EnsembleSoft,0.3,8,2,0.8877258473515722,0.8817042606516291,1286,322,"{'Basal': 167, 'Her2': 179, 'LumA': 560, 'LumB': 380}","{'Basal': 42, 'Her2': 45, 'LumA': 140, 'LumB': 95}",4,False,0.9315068493150684,0.8947368421052632,0.9714285714285714,0.88268156424581,0.9404761904761905,0.8315789473684211,0.8478260869565217,0.8297872340425532,0.8666666666666667,0.8888888888888888,0.9230769230769231,0.8571428571428571,18080
classification,RFECA_SVR(k=20),EnsembleSoft,0.3,8,3,0.8613529037590353,0.8495091896407685,1286,322,"{'Basal': 167, 'Her2': 179, 'LumA': 560, 'LumB': 380}","{'Basal': 42, 'Her2': 45, 'LumA': 140, 'LumB': 95}",4,False,0.9003436426116839,0.8675496688741722,0.9357142857142857,0.8342245989304813,0.8478260869565217,0.8210526315789474,0.7469879518072289,0.8157894736842105,0.6888888888888889,0.963855421686747,0.975609756097561,0.9523809523809523,18080
classification,RFECA_SVR(k=20),EnsembleSoft,0.3,8,4,0.8375024787510826,0.8267699227744157,1287,321,"{'Basal': 168, 'Her2': 179, 'LumA': 560, 'LumB': 380}","{'Basal': 41, 'Her2': 45, 'LumA': 140, 'LumB': 95}",4,False,0.9020979020979021,0.8835616438356164,0.9214285714285714,0.8541666666666666,0.845360824742268,0.8631578947368421,0.6823529411764706,0.725,0.6444444444444445,0.9113924050632911,0.9473684210526315,0.8780487804878049,18080
classification,RFECA_SVR(k=20),EnsembleSoft,0.3,8,5,0.8541950133358194,0.8345722260195944,1287,321,"{'Basal': 167, 'Her2': 180, 'LumA': 560, 'LumB': 380}","{'Basal': 42, 'Her2': 44, 'LumA': 140, 'LumB': 95}",4,False,0.9010238907849829,0.8627450980392157,0.9428571428571428,0.8315789473684211,0.8315789473684211,0.8315789473684211,0.7341772151898734,0.8285714285714286,0.6590909090909091,0.95,1.0,0.9047619047619048,18080
classification,MissForest,EnsembleSoft,0.3,8,1,0.8596686164026508,0.852266081871345,1286,322,"{'Basal': 167, 'Her2': 179, 'LumA': 560, 'LumB': 380}","{'Basal': 42, 'Her2': 45, 'LumA': 140, 'LumB': 95}",4,False,0.8929889298892989,0.9236641221374046,0.8642857142857143,0.8640776699029126,0.8018018018018018,0.9368421052631579,0.8131868131868132,0.8043478260869565,0.8222222222222222,0.868421052631579,0.9705882352941176,0.7857142857142857,18080
classification,MissForest,EnsembleSoft,0.3,8,2,0.8894338254906377,0.8830409356725146,1286,322,"{'Basal': 167, 'Her2': 179, 'LumA': 560, 'LumB': 380}","{'Basal': 42, 'Her2': 45, 'LumA': 140, 'LumB': 95}",4,False,0.9387755102040817,0.8961038961038961,0.9857142857142858,0.8813559322033898,0.9512195121951219,0.8210526315789474,0.8351648351648352,0.8260869565217391,0.8444444444444444,0.9024390243902439,0.925,0.8809523809523809,18080
classification,MissForest,EnsembleSoft,0.3,8,3,0.8643842427671066,0.8524331662489556,1286,322,"{'Basal': 167, 'Her2': 179, 'LumA': 560, 'LumB': 380}","{'Basal': 42, 'Her2': 45, 'LumA': 140, 'LumB': 95}",4,False,0.903448275862069,0.8733333333333333,0.9357142857142857,0.8191489361702128,0.8279569892473119,0.8105263157894737,0.7710843373493976,0.8421052631578947,0.7111111111111111,0.963855421686747,0.975609756097561,0.9523809523809523,18080
classification,MissForest,EnsembleSoft,0.3,8,4,0.8475542853690426,0.8377755873423396,1287,321,"{'Basal': 168, 'Her2': 179, 'LumA': 560, 'LumB': 380}","{'Basal': 41, 'Her2': 45, 'LumA': 140, 'LumB': 95}",4,False,0.8975265017667845,0.8881118881118881,0.9071428571428571,0.8350515463917526,0.8181818181818182,0.8526315789473684,0.7209302325581395,0.7560975609756098,0.6888888888888889,0.9367088607594937,0.9736842105263158,0.9024390243902439,18080
classification,MissForest,EnsembleSoft,0.3,8,5,0.8360834870038636,0.8172562087035772,1287,321,"{'Basal': 167, 'Her2': 180, 'LumA': 560, 'LumB': 380}","{'Basal': 42, 'Her2': 44, 'LumA': 140, 'LumB': 95}",4,False,0.9041095890410958,0.868421052631579,0.9428571428571428,0.8229166666666666,0.8144329896907216,0.8315789473684211,0.6923076923076923,0.7941176470588235,0.6136363636363636,0.925,0.9736842105263158,0.8809523809523809,18080
classification,SimpleMean,EnsembleSoft,0.3,9,1,0.8403715456861565,0.8357873851294905,1286,322,"{'Basal': 167, 'Her2': 179, 'LumA': 560, 'LumB': 380}","{'Basal': 42, 'Her2': 45, 'LumA': 140, 'LumB': 95}",4,False,0.8962962962962963,0.9307692307692308,0.8642857142857143,0.8374384236453202,0.7870370370370371,0.8947368421052632,0.7628865979381443,0.7115384615384616,0.8222222222222222,0.8648648648648649,1.0,0.7619047619047619,18081
classification,SimpleMean,EnsembleSoft,0.3,9,2,0.8476139276310953,0.8400271512113617,1286,322,"{'Basal': 167, 'Her2': 179, 'LumA': 560, 'LumB': 380}","{'Basal': 42, 'Her2': 45, 'LumA': 140, 'LumB': 95}",4,False,0.89419795221843,0.8562091503267973,0.9357142857142857,0.8333333333333334,0.8823529411764706,0.7894736842105263,0.7954545454545454,0.813953488372093,0.7777777777777778,0.8674698795180723,0.8780487804878049,0.8571428571428571,18081
classification,SimpleMean,EnsembleSoft,0.3,9,3,0.8406208320962717,0.8344715956558062,1286,322,"{'Basal': 167, 'Her2': 179, 'LumA': 560, 'LumB': 380}","{'Basal': 42, 'Her2': 45, 'LumA': 140, 'LumB': 95}",4,False,0.8881118881118881,0.8698630136986302,0.9071428571428571,0.7978723404255319,0.8064516129032258,0.7894736842105263,0.7126436781609196,0.7380952380952381,0.6888888888888889,0.963855421686747,0.975609756097561,0.9523809523809523,18081
classification,SimpleMean,EnsembleSoft,0.3,9,4,0.8042694944369818,0.798095085274161,1287,321,"{'Basal': 168, 'Her2': 179, 'LumA': 560, 'LumB': 380}","{'Basal': 41, 'Her2': 45, 'LumA': 140, 'LumB': 95}",4,False,0.9039145907473309,0.900709219858156,0.9071428571428571,0.8102564102564103,0.79,0.8315789473684211,0.627906976744186,0.6585365853658537,0.6,0.875,0.8974358974358975,0.8536585365853658,18081
classification,SimpleMean,EnsembleSoft,0.3,9,5,0.8253509695201393,0.8048388015493279,1287,321,"{'Basal': 167, 'Her2': 180, 'LumA': 560, 'LumB': 380}","{'Basal': 42, 'Her2': 44, 'LumA': 140, 'LumB': 95}",4,False,0.8927335640138409,0.8657718120805369,0.9214285714285714,0.8383838383838383,0.8058252427184466,0.8736842105263158,0.6842105263157895,0.8125,0.5909090909090909,0.8860759493670886,0.9459459459459459,0.8333333333333334,18081
classification,"KNN(k=5,dist)",EnsembleSoft,0.3,9,1,0.8556621984587194,0.8550856307435255,1286,322,"{'Basal': 167, 'Her2': 179, 'LumA': 560, 'LumB': 380}","{'Basal': 42, 'Her2': 45, 'LumA': 140, 'LumB': 95}",4,False,0.8929889298892989,0.9236641221374046,0.8642857142857143,0.86,0.819047619047619,0.9052631578947369,0.8163265306122449,0.7547169811320755,0.8888888888888888,0.8533333333333334,0.9696969696969697,0.7619047619047619,18081
classification,"KNN(k=5,dist)",EnsembleSoft,0.3,9,2,0.8584898528028213,0.8471804511278195,1286,322,"{'Basal': 167, 'Her2': 179, 'LumA': 560, 'LumB': 380}","{'Basal': 42, 'Her2': 45, 'LumA': 140, 'LumB': 95}",4,False,0.9072164948453608,0.8741721854304636,0.9428571428571428,0.8494623655913979,0.8681318681318682,0.8315789473684211,0.7857142857142857,0.8461538461538461,0.7333333333333333,0.891566265060241,0.9024390243902439,0.8809523809523809,18081
classification,"KNN(k=5,dist)",EnsembleSoft,0.3,9,3,0.8367081229400071,0.8316938178780284,1286,322,"{'Basal': 167, 'Her2': 179, 'LumA': 560, 'LumB': 380}","{'Basal': 42, 'Her2': 45, 'LumA': 140, 'LumB': 95}",4,False,0.9020979020979021,0.8835616438356164,0.9214285714285714,0.8108108108108109,0.8333333333333334,0.7894736842105263,0.6956521739130435,0.6808510638297872,0.7111111111111111,0.9382716049382716,0.9743589743589743,0.9047619047619048,18081
classification,"KNN(k=5,dist)",EnsembleSoft,0.3,9,4,0.8408360393719024,0.8323369399107525,1287,321,"{'Basal': 168, 'Her2': 179, 'LumA': 560, 'LumB': 380}","{'Basal': 41, 'Her2': 45, 'LumA': 140, 'LumB': 95}",4,False,0.9078014184397163,0.9014084507042254,0.9142857142857143,0.8762886597938144,0.8585858585858586,0.8947368421052632,0.6818181818181818,0.6976744186046512,0.6666666666666666,0.8974358974358975,0.9459459459459459,0.8536585365853658,18081
classification,"KNN(k=5,dist)",EnsembleSoft,0.3,9,5,0.8256385797674245,0.807347915242652,1287,321,"{'Basal': 167, 'Her2': 180, 'LumA': 560, 'LumB': 380}","{'Basal': 42, 'Her2': 44, 'LumA': 140, 'LumB': 95}",4,False,0.8927335640138409,0.8657718120805369,0.9214285714285714,0.845360824742268,0.8282828282828283,0.8631578947368421,0.7073170731707317,0.7631578947368421,0.6590909090909091,0.8571428571428571,0.9428571428571428,0.7857142857142857,18081
classification,RFECA_SVR(k=5),EnsembleSoft,0.3,9,1,0.8569404389819363,0.8570175438596491,1286,322,"{'Basal': 167, 'Her2': 179, 'LumA': 560, 'LumB': 380}","{'Basal': 42, 'Her2': 45, 'LumA': 140, 'LumB': 95}",4,False,0.8955223880597015,0.9375,0.8571428571428571,0.8415841584158416,0.794392523364486,0.8947368421052632,0.7959183673469388,0.7358490566037735,0.8666666666666667,0.8947368421052632,1.0,0.8095238095238095,18081
classification,RFECA_SVR(k=5),EnsembleSoft,0.3,9,2,0.870108295991574,0.8613095238095239,1286,322,"{'Basal': 167, 'Her2': 179, 'LumA': 560, 'LumB': 380}","{'Basal': 42, 'Her2': 45, 'LumA': 140, 'LumB': 95}",4,False,0.9215017064846417,0.8823529411764706,0.9642857142857143,0.8397790055248618,0.8837209302325582,0.8,0.8275862068965517,0.8571428571428571,0.8,0.891566265060241,0.9024390243902439,0.8809523809523809,18081
classification,RFECA_SVR(k=5),EnsembleSoft,0.3,9,3,0.8657813961454311,0.8622076023391813,1286,322,"{'Basal': 167, 'Her2': 179, 'LumA': 560, 'LumB': 380}","{'Basal': 42, 'Her2': 45, 'LumA': 140, 'LumB': 95}",4,False,0.9084507042253521,0.8958333333333334,0.9214285714285714,0.8342245989304813,0.8478260869565217,0.8210526315789474,0.7692307692307693,0.7608695652173914,0.7777777777777778,0.9512195121951219,0.975,0.9285714285714286,18081
classification,RFECA_SVR(k=5),EnsembleSoft,0.3,9,4,0.8184918037433555,0.8080793956435804,1287,321,"{'Basal': 168, 'Her2': 179, 'LumA': 560, 'LumB': 380}","{'Basal': 41, 'Her2': 45, 'LumA': 140, 'LumB': 95}",4,False,0.900709219858156,0.8943661971830986,0.9071428571428571,0.8426395939086294,0.8137254901960784,0.8736842105263158,0.6588235294117647,0.7,0.6222222222222222,0.8717948717948718,0.918918918918919,0.8292682926829268,18081
classification,RFECA_SVR(k=5),EnsembleSoft,0.3,9,5,0.8674434779358366,0.8517202096149464,1287,321,"{'Basal': 167, 'Her2': 180, 'LumA': 560, 'LumB': 380}","{'Basal': 42, 'Her2': 44, 'LumA': 140, 'LumB': 95}",4,False,0.9273356401384083,0.8993288590604027,0.9571428571428572,0.8541666666666666,0.845360824742268,0.8631578947368421,0.75,0.8333333333333334,0.6818181818181818,0.9382716049382716,0.9743589743589743,0.9047619047619048,18081
classification,RFECA_SVR(k=10),EnsembleSoft,0.3,9,1,0.8577689719224793,0.8646616541353385,1286,322,"{'Basal': 167, 'Her2': 179, 'LumA': 560, 'LumB': 380}","{'Basal': 42, 'Her2': 45, 'LumA': 140, 'LumB': 95}",4,False,0.8905660377358491,0.944,0.8428571428571429,0.8613861386138614,0.8130841121495327,0.9157894736842105,0.8041237113402062,0.75,0.8666666666666667,0.875,0.9210526315789473,0.8333333333333334,18081
classification,RFECA_SVR(k=10),EnsembleSoft,0.3,9,2,0.8684194672344075,0.8583855472013366,1286,322,"{'Basal': 167, 'Her2': 179, 'LumA': 560, 'LumB': 380}","{'Basal': 42, 'Her2': 45, 'LumA': 140, 'LumB': 95}",4,False,0.9183673469387755,0.8766233766233766,0.9642857142857143,0.850828729281768,0.8953488372093024,0.8105263157894737,0.8235294117647058,0.875,0.7777777777777778,0.8809523809523809,0.8809523809523809,0.8809523809523809,18081
classification,RFECA_SVR(k=10),EnsembleSoft,0.3,9,3,0.8505849755474528,0.846282372598162,1286,322,"{'Basal': 167, 'Her2': 179, 'LumA': 560, 'LumB': 380}","{'Basal': 42, 'Her2': 45, 'LumA': 140, 'LumB': 95}",4,False,0.9014084507042254,0.8888888888888888,0.9142857142857143,0.8235294117647058,0.8369565217391305,0.8105263157894737,0.7391304347826086,0.723404255319149,0.7555555555555555,0.9382716049382716,0.9743589743589743,0.9047619047619048,18081
classification,RFECA_SVR(k=10),EnsembleSoft,0.3,9,4,0.8488258345242138,0.8405126128328952,1287,321,"{'Basal': 168, 'Her2': 179, 'LumA': 560, 'LumB': 380}","{'Basal': 41, 'Her2': 45, 'LumA': 140, 'LumB': 95}",4,False,0.9052631578947369,0.8896551724137931,0.9214285714285714,0.8691099476439791,0.8645833333333334,0.8736842105263158,0.7209302325581395,0.7560975609756098,0.6888888888888889,0.9,0.9230769230769231,0.8780487804878049,18081
classification,RFECA_SVR(k=10),EnsembleSoft,0.3,9,5,0.8457138421523936,0.8266660970608339,1287,321,"{'Basal': 167, 'Her2': 180, 'LumA': 560, 'LumB': 380}","{'Basal': 42, 'Her2': 44, 'LumA': 140, 'LumB': 95}",4,False,0.9172413793103448,0.8866666666666667,0.95,0.845360824742268,0.8282828282828283,0.8631578947368421,0.7088607594936709,0.8,0.6363636363636364,0.9113924050632911,0.972972972972973,0.8571428571428571,18081
classification,RFECA_SVR(k=20),EnsembleSoft,0.3,9,1,0.8588939435617868,0.8593567251461989,1286,322,"{'Basal': 167, 'Her2': 179, 'LumA': 560, 'LumB': 380}","{'Basal': 42, 'Her2': 45, 'LumA': 140, 'LumB': 95}",4,False,0.9022556390977443,0.9523809523809523,0.8571428571428571,0.8585365853658536,0.8,0.9263157894736842,0.7916666666666666,0.7450980392156863,0.8444444444444444,0.8831168831168831,0.9714285714285714,0.8095238095238095,18081
classification,RFECA_SVR(k=20),EnsembleSoft,0.3,9,2,0.882001349324971,0.8743107769423559,1286,322,"{'Basal': 167, 'Her2': 179, 'LumA': 560, 'LumB': 380}","{'Basal': 42, 'Her2': 45, 'LumA': 140, 'LumB': 95}",4,False,0.9251700680272109,0.8831168831168831,0.9714285714285714,0.8715083798882681,0.9285714285714286,0.8210526315789474,0.8372093023255814,0.8780487804878049,0.8,0.8941176470588236,0.8837209302325582,0.9047619047619048,18081
classification,RFECA_SVR(k=20),EnsembleSoft,0.3,9,3,0.8592856671288043,0.852485380116959,1286,322,"{'Basal': 167, 'Her2': 179, 'LumA': 560, 'LumB': 380}","{'Basal': 42, 'Her2': 45, 'LumA': 140, 'LumB': 95}",4,False,0.9090909090909091,0.8904109589041096,0.9285714285714286,0.8342245989304813,0.8478260869565217,0.8210526315789474,0.7555555555555555,0.7555555555555555,0.7555555555555555,0.9382716049382716,0.9743589743589743,0.9047619047619048,18081
classification,RFECA_SVR(k=20),EnsembleSoft,0.3,9,4,0.8343833026714046,0.8263333638975487,1287,321,"{'Basal': 168, 'Her2': 179, 'LumA': 560, 'LumB': 380}","{'Basal': 41, 'Her2': 45, 'LumA': 140, 'LumB': 95}",4,False,0.9225352112676056,0.9097222222222222,0.9357142857142857,0.8645833333333334,0.8556701030927835,0.8736842105263158,0.6896551724137931,0.7142857142857143,0.6666666666666666,0.8607594936708861,0.8947368421052632,0.8292682926829268,18081
classification,RFECA_SVR(k=20),EnsembleSoft,0.3,9,5,0.8681967528550212,0.8489747095010254,1287,321,"{'Basal': 167, 'Her2': 180, 'LumA': 560, 'LumB': 380}","{'Basal': 42, 'Her2': 44, 'LumA': 140, 'LumB': 95}",4,False,0.9204152249134948,0.8926174496644296,0.95,0.865979381443299,0.8484848484848485,0.8842105263157894,0.775,0.8611111111111112,0.7045454545454546,0.9113924050632911,0.972972972972973,0.8571428571428571,18081
classification,MissForest,EnsembleSoft,0.3,9,1,0.8502887612712967,0.8469089390142022,1286,322,"{'Basal': 167, 'Her2': 179, 'LumA': 560, 'LumB': 380}","{'Basal': 42, 'Her2': 45, 'LumA': 140, 'LumB': 95}",4,False,0.8838951310861424,0.9291338582677166,0.8428571428571429,0.8557692307692307,0.7876106194690266,0.9368421052631579,0.8043478260869565,0.7872340425531915,0.8222222222222222,0.8571428571428571,0.9428571428571428,0.7857142857142857,18081
classification,MissForest,EnsembleSoft,0.3,9,2,0.8710049075842844,0.8585421888053467,1286,322,"{'Basal': 167, 'Her2': 179, 'LumA': 560, 'LumB': 380}","{'Basal': 42, 'Her2': 45, 'LumA': 140, 'LumB': 95}",4,False,0.9209621993127147,0.8874172185430463,0.9571428571428572,0.8602150537634409,0.8791208791208791,0.8421052631578947,0.813953488372093,0.8536585365853658,0.7777777777777778,0.8888888888888888,0.9230769230769231,0.8571428571428571,18081
classification,MissForest,EnsembleSoft,0.3,9,3,0.8661075371832919,0.8634502923976608,1286,322,"{'Basal': 167, 'Her2': 179, 'LumA': 560, 'LumB': 380}","{'Basal': 42, 'Her2': 45, 'LumA': 140, 'LumB': 95}",4,False,0.9045936395759717,0.8951048951048951,0.9142857142857143,0.8404255319148937,0.8494623655913979,0.8315789473684211,0.7555555555555555,0.7555555555555555,0.7555555555555555,0.963855421686747,0.975609756097561,0.9523809523809523,18081
classification,MissForest,EnsembleSoft,0.3,9,4,0.8470415305195058,0.8385284858487683,1287,321,"{'Basal': 168, 'Her2': 179, 'LumA': 560, 'LumB': 380}","{'Basal': 41, 'Her2': 45, 'LumA': 140, 'LumB': 95}",4,False,0.9225352112676056,0.9097222222222222,0.9357142857142857,0.8645833333333334,0.8556701030927835,0.8736842105263158,0.6896551724137931,0.7142857142857143,0.6666666666666666,0.9113924050632911,0.9473684210526315,0.8780487804878049,18081
classification,MissForest,EnsembleSoft,0.3,9,5,0.8605756897700887,0.8371838687628161,1287,321,"{'Basal': 167, 'Her2': 180, 'LumA': 560, 'LumB': 380}","{'Basal': 42, 'Her2': 44, 'LumA': 140, 'LumB': 95}",4,False,0.9115646258503401,0.8701298701298701,0.9571428571428572,0.8481675392670157,0.84375,0.8526315789473684,0.759493670886076,0.8571428571428571,0.6818181818181818,0.9230769230769231,1.0,0.8571428571428571,18081
