stage,imputer,missing_rate,replicate,fold,n_train,n_test,train_test_overlap,imputer_object_id,correlation_source,has_corr_csv_path
imputation,SimpleMean,0.0,0,1,1286,322,0,2214786084816,n/a,False
imputation,SimpleMean,0.0,0,2,1286,322,0,2214786085136,n/a,False
imputation,SimpleMean,0.0,0,3,1286,322,0,2214785627280,n/a,False
imputation,SimpleMean,0.0,0,4,1287,321,0,2214785628800,n/a,False
imputation,SimpleMean,0.0,0,5,1287,321,0,2214786500656,n/a,False
imputation,"KNN(k=5,dist)",0.0,0,1,1286,322,0,2214786084176,n/a,False
imputation,"KNN(k=5,dist)",0.0,0,2,1286,322,0,2214786084496,n/a,False
imputation,"KNN(k=5,dist)",0.0,0,3,1286,322,0,2214785629104,n/a,False
imputation,"KNN(k=5,dist)",0.0,0,4,1287,321,0,2214785629408,n/a,False
imputation,"KNN(k=5,dist)",0.0,0,5,1287,321,0,2214786503248,n/a,False
imputation,RFECA_SVR(k=5),0.0,0,1,1286,322,0,2214785629712,training_fold_X.corr(),False
imputation,RFECA_SVR(k=5),0.0,0,2,1286,322,0,2214836813904,training_fold_X.corr(),False
imputation,RFECA_SVR(k=5),0.0,0,3,1286,322,0,2214786502960,training_fold_X.corr(),False
imputation,RFECA_SVR(k=5),0.0,0,4,1287,321,0,2214786373280,training_fold_X.corr(),False
imputation,RFECA_SVR(k=5),0.0,0,5,1287,321,0,2214786375728,training_fold_X.corr(),False
imputation,RFECA_SVR(k=10),0.0,0,1,1286,322,0,2214763379280,training_fold_X.corr(),False
imputation,RFECA_SVR(k=10),0.0,0,2,1286,322,0,2214763380304,training_fold_X.corr(),False
imputation,RFECA_SVR(k=10),0.0,0,3,1286,322,0,2214785481088,training_fold_X.corr(),False
imputation,RFECA_SVR(k=10),0.0,0,4,1287,321,0,2214785481568,training_fold_X.corr(),False
imputation,RFECA_SVR(k=10),0.0,0,5,1287,321,0,2214786627440,training_fold_X.corr(),False
imputation,RFECA_SVR(k=20),0.0,0,1,1286,322,0,2214786628112,training_fold_X.corr(),False
imputation,RFECA_SVR(k=20),0.0,0,2,1286,322,0,2214786628336,training_fold_X.corr(),False
imputation,RFECA_SVR(k=20),0.0,0,3,1286,322,0,2214786628560,training_fold_X.corr(),False
imputation,RFECA_SVR(k=20),0.0,0,4,1287,321,0,2214786628784,training_fold_X.corr(),False
imputation,RFECA_SVR(k=20),0.0,0,5,1287,321,0,2214786629008,training_fold_X.corr(),False
imputation,MissForest,0.0,0,1,1286,322,0,2214786087696,n/a,False
imputation,MissForest,0.0,0,2,1286,322,0,2214786085776,n/a,False
imputation,MissForest,0.0,0,3,1286,322,0,2214786088656,n/a,False
imputation,MissForest,0.0,0,4,1287,321,0,2214837076048,n/a,False
imputation,MissForest,0.0,0,5,1287,321,0,2214837076368,n/a,False
classification,SimpleMean,0.0,0,1,1286,322,0,2214785482288,n/a,False
classification,SimpleMean,0.0,0,2,1286,322,0,2214837608848,n/a,False
classification,SimpleMean,0.0,0,3,1286,322,0,2214888081904,n/a,False
classification,SimpleMean,0.0,0,4,1287,321,0,2214786734672,n/a,False
classification,SimpleMean,0.0,0,5,1287,321,0,2214888130320,n/a,False
classification,"KNN(k=5,dist)",0.0,0,1,1286,322,0,2214786380352,n/a,False
classification,"KNN(k=5,dist)",0.0,0,2,1286,322,0,2214786381712,n/a,False
classification,"KNN(k=5,dist)",0.0,0,3,1286,322,0,2214837229904,n/a,False
classification,"KNN(k=5,dist)",0.0,0,4,1287,321,0,2214837230928,n/a,False
classification,"KNN(k=5,dist)",0.0,0,5,1287,321,0,2214922604128,n/a,False
classification,RFECA_SVR(k=5),0.0,0,1,1286,322,0,2214956986704,training_fold_X.corr(),False
classification,RFECA_SVR(k=5),0.0,0,2,1286,322,0,2214957387792,training_fold_X.corr(),False
classification,RFECA_SVR(k=5),0.0,0,3,1286,322,0,2214990852880,training_fold_X.corr(),False
classification,RFECA_SVR(k=5),0.0,0,4,1287,321,0,2214991190672,training_fold_X.corr(),False
classification,RFECA_SVR(k=5),0.0,0,5,1287,321,0,2214991543696,training_fold_X.corr(),False
classification,RFECA_SVR(k=10),0.0,0,1,1286,322,0,2214956986480,training_fold_X.corr(),False
classification,RFECA_SVR(k=10),0.0,0,2,1286,322,0,2215025413488,training_fold_X.corr(),False
classification,RFECA_SVR(k=10),0.0,0,3,1286,322,0,2215025734192,training_fold_X.corr(),False
classification,RFECA_SVR(k=10),0.0,0,4,1287,321,0,2215042652144,training_fold_X.corr(),False
classification,RFECA_SVR(k=10),0.0,0,5,1287,321,0,2215043005616,training_fold_X.corr(),False
classification,RFECA_SVR(k=20),0.0,0,1,1286,322,0,2215043342960,training_fold_X.corr(),False
classification,RFECA_SVR(k=20),0.0,0,2,1286,322,0,2215093422128,training_fold_X.corr(),False
classification,RFECA_SVR(k=20),0.0,0,3,1286,322,0,2215093742832,training_fold_X.corr(),False
classification,RFECA_SVR(k=20),0.0,0,4,1287,321,0,2215094112944,training_fold_X.corr(),False
classification,RFECA_SVR(k=20),0.0,0,5,1287,321,0,2215111027280,training_fold_X.corr(),False
classification,MissForest,0.0,0,1,1286,322,0,2214837088208,n/a,False
classification,MissForest,0.0,0,2,1286,322,0,2214837082448,n/a,False
classification,MissForest,0.0,0,3,1286,322,0,2214837083088,n/a,False
classification,MissForest,0.0,0,4,1287,321,0,2214837082128,n/a,False
classification,MissForest,0.0,0,5,1287,321,0,2214837079248,n/a,False
imputation,SimpleMean,0.0,1,1,1286,322,0,2214837321808,n/a,False
imputation,SimpleMean,0.0,1,2,1286,322,0,2214837322000,n/a,False
imputation,SimpleMean,0.0,1,3,1286,322,0,2214837322192,n/a,False
imputation,SimpleMean,0.0,1,4,1287,321,0,2214837322384,n/a,False
imputation,SimpleMean,0.0,1,5,1287,321,0,2214837322576,n/a,False
imputation,"KNN(k=5,dist)",0.0,1,1,1286,322,0,2214785481568,n/a,False
imputation,"KNN(k=5,dist)",0.0,1,2,1286,322,0,2214786628336,n/a,False
imputation,"KNN(k=5,dist)",0.0,1,3,1286,322,0,2214786628560,n/a,False
imputation,"KNN(k=5,dist)",0.0,1,4,1287,321,0,2214786730928,n/a,False
imputation,"KNN(k=5,dist)",0.0,1,5,1287,321,0,2214837322768,n/a,False
imputation,RFECA_SVR(k=5),0.0,1,1,1286,322,0,2214786628784,training_fold_X.corr(),False
imputation,RFECA_SVR(k=5),0.0,1,2,1286,322,0,2214786629008,training_fold_X.corr(),False
imputation,RFECA_SVR(k=5),0.0,1,3,1286,322,0,2214786628112,training_fold_X.corr(),False
imputation,RFECA_SVR(k=5),0.0,1,4,1287,321,0,2214786627440,training_fold_X.corr(),False
imputation,RFECA_SVR(k=5),0.0,1,5,1287,321,0,2214837255344,training_fold_X.corr(),False
imputation,RFECA_SVR(k=10),0.0,1,1,1286,322,0,2214837255120,training_fold_X.corr(),False
imputation,RFECA_SVR(k=10),0.0,1,2,1286,322,0,2214837254896,training_fold_X.corr(),False
imputation,RFECA_SVR(k=10),0.0,1,3,1286,322,0,2214837254672,training_fold_X.corr(),False
imputation,RFECA_SVR(k=10),0.0,1,4,1287,321,0,2214837254448,training_fold_X.corr(),False
imputation,RFECA_SVR(k=10),0.0,1,5,1287,321,0,2214837254224,training_fold_X.corr(),False
imputation,RFECA_SVR(k=20),0.0,1,1,1286,322,0,2214837254000,training_fold_X.corr(),False
imputation,RFECA_SVR(k=20),0.0,1,2,1286,322,0,2214837253776,training_fold_X.corr(),False
imputation,RFECA_SVR(k=20),0.0,1,3,1286,322,0,2214837253552,training_fold_X.corr(),False
imputation,RFECA_SVR(k=20),0.0,1,4,1287,321,0,2214837253328,training_fold_X.corr(),False
imputation,RFECA_SVR(k=20),0.0,1,5,1287,321,0,2214837253104,training_fold_X.corr(),False
imputation,MissForest,0.0,1,1,1286,322,0,2214786084176,n/a,False
imputation,MissForest,0.0,1,2,1286,322,0,2214786085136,n/a,False
imputation,MissForest,0.0,1,3,1286,322,0,2214786084496,n/a,False
imputation,MissForest,0.0,1,4,1287,321,0,2214786087696,n/a,False
imputation,MissForest,0.0,1,5,1287,321,0,2214786088016,n/a,False
classification,SimpleMean,0.0,1,1,1286,322,0,2214837327376,n/a,False
classification,SimpleMean,0.0,1,2,1286,322,0,2214837328144,n/a,False
classification,SimpleMean,0.0,1,3,1286,322,0,2215162474576,n/a,False
classification,SimpleMean,0.0,1,4,1287,321,0,2214837553488,n/a,False
classification,SimpleMean,0.0,1,5,1287,321,0,2214837379600,n/a,False
classification,"KNN(k=5,dist)",0.0,1,1,1286,322,0,2214837327184,n/a,False
classification,"KNN(k=5,dist)",0.0,1,2,1286,322,0,2215111218128,n/a,False
classification,"KNN(k=5,dist)",0.0,1,3,1286,322,0,2215111650448,n/a,False
classification,"KNN(k=5,dist)",0.0,1,4,1287,321,0,2215111869840,n/a,False
classification,"KNN(k=5,dist)",0.0,1,5,1287,321,0,2215025024592,n/a,False
classification,RFECA_SVR(k=5),0.0,1,1,1286,322,0,2215025706608,training_fold_X.corr(),False
classification,RFECA_SVR(k=5),0.0,1,2,1286,322,0,2215093345808,training_fold_X.corr(),False
classification,RFECA_SVR(k=5),0.0,1,3,1286,322,0,2215093765072,training_fold_X.corr(),False
classification,RFECA_SVR(k=5),0.0,1,4,1287,321,0,2215161653392,training_fold_X.corr(),False
classification,RFECA_SVR(k=5),0.0,1,5,1287,321,0,2215162359920,training_fold_X.corr(),False
classification,RFECA_SVR(k=10),0.0,1,1,1286,322,0,2214922220304,training_fold_X.corr(),False
classification,RFECA_SVR(k=10),0.0,1,2,1286,322,0,2214922790384,training_fold_X.corr(),False
classification,RFECA_SVR(k=10),0.0,1,3,1286,322,0,2214922976656,training_fold_X.corr(),False
classification,RFECA_SVR(k=10),0.0,1,4,1287,321,0,2214991059824,training_fold_X.corr(),False
classification,RFECA_SVR(k=10),0.0,1,5,1287,321,0,2214956375120,training_fold_X.corr(),False
classification,RFECA_SVR(k=20),0.0,1,1,1286,322,0,2214956936656,training_fold_X.corr(),False
classification,RFECA_SVR(k=20),0.0,1,2,1286,322,0,2214957093776,training_fold_X.corr(),False
classification,RFECA_SVR(k=20),0.0,1,3,1286,322,0,2215042928656,training_fold_X.corr(),False
classification,RFECA_SVR(k=20),0.0,1,4,1287,321,0,2215043388528,training_fold_X.corr(),False
classification,RFECA_SVR(k=20),0.0,1,5,1287,321,0,2214888257840,training_fold_X.corr(),False
classification,MissForest,0.0,1,1,1286,322,0,2214786086416,n/a,False
classification,MissForest,0.0,1,2,1286,322,0,2214837076048,n/a,False
classification,MissForest,0.0,1,3,1286,322,0,2214786088336,n/a,False
classification,MissForest,0.0,1,4,1287,321,0,2214837085328,n/a,False
classification,MissForest,0.0,1,5,1287,321,0,2214837083408,n/a,False
imputation,SimpleMean,0.0,2,1,1286,322,0,2214785351312,n/a,False
imputation,SimpleMean,0.0,2,2,1286,322,0,2214785351504,n/a,False
imputation,SimpleMean,0.0,2,3,1286,322,0,2215094190160,n/a,False
imputation,SimpleMean,0.0,2,4,1287,321,0,2215094190352,n/a,False
imputation,SimpleMean,0.0,2,5,1287,321,0,2215094190544,n/a,False
imputation,"KNN(k=5,dist)",0.0,2,1,1286,322,0,2215094190736,n/a,False
imputation,"KNN(k=5,dist)",0.0,2,2,1286,322,0,2215094190928,n/a,False
imputation,"KNN(k=5,dist)",0.0,2,3,1286,322,0,2215094191120,n/a,False
imputation,"KNN(k=5,dist)",0.0,2,4,1287,321,0,2215094191312,n/a,False
imputation,"KNN(k=5,dist)",0.0,2,5,1287,321,0,2215094191504,n/a,False
imputation,RFECA_SVR(k=5),0.0,2,1,1286,322,0,2215094113392,training_fold_X.corr(),False
imputation,RFECA_SVR(k=5),0.0,2,2,1286,322,0,2215094113616,training_fold_X.corr(),False
imputation,RFECA_SVR(k=5),0.0,2,3,1286,322,0,2215094113840,training_fold_X.corr(),False
imputation,RFECA_SVR(k=5),0.0,2,4,1287,321,0,2215094114064,training_fold_X.corr(),False
imputation,RFECA_SVR(k=5),0.0,2,5,1287,321,0,2215094114288,training_fold_X.corr(),False
imputation,RFECA_SVR(k=10),0.0,2,1,1286,322,0,2215094114512,training_fold_X.corr(),False
imputation,RFECA_SVR(k=10),0.0,2,2,1286,322,0,2215094114736,training_fold_X.corr(),False
imputation,RFECA_SVR(k=10),0.0,2,3,1286,322,0,2215094114960,training_fold_X.corr(),False
imputation,RFECA_SVR(k=10),0.0,2,4,1287,321,0,2215094115184,training_fold_X.corr(),False
imputation,RFECA_SVR(k=10),0.0,2,5,1287,321,0,2215094115408,training_fold_X.corr(),False
imputation,RFECA_SVR(k=20),0.0,2,1,1286,322,0,2215094115632,training_fold_X.corr(),False
imputation,RFECA_SVR(k=20),0.0,2,2,1286,322,0,2215094115856,training_fold_X.corr(),False
imputation,RFECA_SVR(k=20),0.0,2,3,1286,322,0,2215094116080,training_fold_X.corr(),False
imputation,RFECA_SVR(k=20),0.0,2,4,1287,321,0,2215094116304,training_fold_X.corr(),False
imputation,RFECA_SVR(k=20),0.0,2,5,1287,321,0,2215094116528,training_fold_X.corr(),False
imputation,MissForest,0.0,2,1,1286,322,0,2214786084176,n/a,False
imputation,MissForest,0.0,2,2,1286,322,0,2214786088656,n/a,False
imputation,MissForest,0.0,2,3,1286,322,0,2214786085136,n/a,False
imputation,MissForest,0.0,2,4,1287,321,0,2214786084496,n/a,False
imputation,MissForest,0.0,2,5,1287,321,0,2214786087696,n/a,False
classification,SimpleMean,0.0,2,1,1286,322,0,2215094195536,n/a,False
classification,SimpleMean,0.0,2,2,1286,322,0,2215094196112,n/a,False
classification,SimpleMean,0.0,2,3,1286,322,0,2214837336784,n/a,False
classification,SimpleMean,0.0,2,4,1287,321,0,2214837128272,n/a,False
classification,SimpleMean,0.0,2,5,1287,321,0,2214837561168,n/a,False
classification,"KNN(k=5,dist)",0.0,2,1,1286,322,0,2215094195152,n/a,False
classification,"KNN(k=5,dist)",0.0,2,2,1286,322,0,2215042651856,n/a,False
classification,"KNN(k=5,dist)",0.0,2,3,1286,322,0,2215043248016,n/a,False
classification,"KNN(k=5,dist)",0.0,2,4,1287,321,0,2215093373072,n/a,False
classification,"KNN(k=5,dist)",0.0,2,5,1287,321,0,2215093690704,n/a,False
classification,RFECA_SVR(k=5),0.0,2,1,1286,322,0,2214922418928,training_fold_X.corr(),False
classification,RFECA_SVR(k=5),0.0,2,2,1286,322,0,2214923149488,training_fold_X.corr(),False
classification,RFECA_SVR(k=5),0.0,2,3,1286,322,0,2214990775920,training_fold_X.corr(),False
classification,RFECA_SVR(k=5),0.0,2,4,1287,321,0,2214991489840,training_fold_X.corr(),False
classification,RFECA_SVR(k=5),0.0,2,5,1287,321,0,2214957273328,training_fold_X.corr(),False
classification,RFECA_SVR(k=10),0.0,2,1,1286,322,0,2215162419408,training_fold_X.corr(),False
classification,RFECA_SVR(k=10),0.0,2,2,1286,322,0,2215161682800,training_fold_X.corr(),False
classification,RFECA_SVR(k=10),0.0,2,3,1286,322,0,2214888651952,training_fold_X.corr(),False
classification,RFECA_SVR(k=10),0.0,2,4,1287,321,0,2214888613360,training_fold_X.corr(),False
classification,RFECA_SVR(k=10),0.0,2,5,1287,321,0,2215025331120,training_fold_X.corr(),False
classification,RFECA_SVR(k=20),0.0,2,1,1286,322,0,2215025649136,training_fold_X.corr(),False
classification,RFECA_SVR(k=20),0.0,2,2,1286,322,0,2215111297968,training_fold_X.corr(),False
classification,RFECA_SVR(k=20),0.0,2,3,1286,322,0,2215111422064,training_fold_X.corr(),False
classification,RFECA_SVR(k=20),0.0,2,4,1287,321,0,2215196202544,training_fold_X.corr(),False
classification,RFECA_SVR(k=20),0.0,2,5,1287,321,0,2215196867312,training_fold_X.corr(),False
classification,MissForest,0.0,2,1,1286,322,0,2214837084368,n/a,False
classification,MissForest,0.0,2,2,1286,322,0,2214837079888,n/a,False
classification,MissForest,0.0,2,3,1286,322,0,2214837085648,n/a,False
classification,MissForest,0.0,2,4,1287,321,0,2214837084688,n/a,False
classification,MissForest,0.0,2,5,1287,321,0,2214837080208,n/a,False
imputation,SimpleMean,0.0,3,1,1286,322,0,2214785351312,n/a,False
imputation,SimpleMean,0.0,3,2,1286,322,0,2214785351504,n/a,False
imputation,SimpleMean,0.0,3,3,1286,322,0,2215162462288,n/a,False
imputation,SimpleMean,0.0,3,4,1287,321,0,2215162462480,n/a,False
imputation,SimpleMean,0.0,3,5,1287,321,0,2215162462672,n/a,False
imputation,"KNN(k=5,dist)",0.0,3,1,1286,322,0,2215162462864,n/a,False
imputation,"KNN(k=5,dist)",0.0,3,2,1286,322,0,2215162463056,n/a,False
imputation,"KNN(k=5,dist)",0.0,3,3,1286,322,0,2215162463248,n/a,False
imputation,"KNN(k=5,dist)",0.0,3,4,1287,321,0,2215162463440,n/a,False
imputation,"KNN(k=5,dist)",0.0,3,5,1287,321,0,2215162463632,n/a,False
imputation,RFECA_SVR(k=5),0.0,3,1,1286,322,0,2215025156048,training_fold_X.corr(),False
imputation,RFECA_SVR(k=5),0.0,3,2,1286,322,0,2215025155376,training_fold_X.corr(),False
imputation,RFECA_SVR(k=5),0.0,3,3,1286,322,0,2215025155152,training_fold_X.corr(),False
imputation,RFECA_SVR(k=5),0.0,3,4,1287,321,0,2215025154928,training_fold_X.corr(),False
imputation,RFECA_SVR(k=5),0.0,3,5,1287,321,0,2215025154704,training_fold_X.corr(),False
imputation,RFECA_SVR(k=10),0.0,3,1,1286,322,0,2215025154480,training_fold_X.corr(),False
imputation,RFECA_SVR(k=10),0.0,3,2,1286,322,0,2215025154256,training_fold_X.corr(),False
imputation,RFECA_SVR(k=10),0.0,3,3,1286,322,0,2215025154032,training_fold_X.corr(),False
imputation,RFECA_SVR(k=10),0.0,3,4,1287,321,0,2215025153808,training_fold_X.corr(),False
imputation,RFECA_SVR(k=10),0.0,3,5,1287,321,0,2215025153584,training_fold_X.corr(),False
imputation,RFECA_SVR(k=20),0.0,3,1,1286,322,0,2215025153360,training_fold_X.corr(),False
imputation,RFECA_SVR(k=20),0.0,3,2,1286,322,0,2215025153136,training_fold_X.corr(),False
imputation,RFECA_SVR(k=20),0.0,3,3,1286,322,0,2215025152912,training_fold_X.corr(),False
imputation,RFECA_SVR(k=20),0.0,3,4,1287,321,0,2215025152688,training_fold_X.corr(),False
imputation,RFECA_SVR(k=20),0.0,3,5,1287,321,0,2215025152464,training_fold_X.corr(),False
imputation,MissForest,0.0,3,1,1286,322,0,2214786084176,n/a,False
imputation,MissForest,0.0,3,2,1286,322,0,2214786084816,n/a,False
imputation,MissForest,0.0,3,3,1286,322,0,2214786088656,n/a,False
imputation,MissForest,0.0,3,4,1287,321,0,2214786085136,n/a,False
imputation,MissForest,0.0,3,5,1287,321,0,2214786084496,n/a,False
classification,SimpleMean,0.0,3,1,1286,322,0,2215162467088,n/a,False
classification,SimpleMean,0.0,3,2,1286,322,0,2215162467664,n/a,False
classification,SimpleMean,0.0,3,3,1286,322,0,2215094204368,n/a,False
classification,SimpleMean,0.0,3,4,1287,321,0,2214837128848,n/a,False
classification,SimpleMean,0.0,3,5,1287,321,0,2214837314832,n/a,False
classification,"KNN(k=5,dist)",0.0,3,1,1286,322,0,2215162466896,n/a,False
classification,"KNN(k=5,dist)",0.0,3,2,1286,322,0,2214990747344,n/a,False
classification,"KNN(k=5,dist)",0.0,3,3,1286,322,0,2214991425424,n/a,False
classification,"KNN(k=5,dist)",0.0,3,4,1287,321,0,2214956533904,n/a,False
classification,"KNN(k=5,dist)",0.0,3,5,1287,321,0,2214957244752,n/a,False
classification,RFECA_SVR(k=5),0.0,3,1,1286,322,0,2214888291952,training_fold_X.corr(),False
classification,RFECA_SVR(k=5),0.0,3,2,1286,322,0,2214888383536,training_fold_X.corr(),False
classification,RFECA_SVR(k=5),0.0,3,3,1286,322,0,2215025489104,training_fold_X.corr(),False
classification,RFECA_SVR(k=5),0.0,3,4,1287,321,0,2214922215152,training_fold_X.corr(),False
classification,RFECA_SVR(k=5),0.0,3,5,1287,321,0,2214923102800,training_fold_X.corr(),False
classification,RFECA_SVR(k=10),0.0,3,1,1286,322,0,2215110981936,training_fold_X.corr(),False
classification,RFECA_SVR(k=10),0.0,3,2,1286,322,0,2215111565040,training_fold_X.corr(),False
classification,RFECA_SVR(k=10),0.0,3,3,1286,322,0,2215094254096,training_fold_X.corr(),False
classification,RFECA_SVR(k=10),0.0,3,4,1287,321,0,2215042937616,training_fold_X.corr(),False
classification,RFECA_SVR(k=10),0.0,3,5,1287,321,0,2215042647216,training_fold_X.corr(),False
classification,RFECA_SVR(k=20),0.0,3,1,1286,322,0,2215196289392,training_fold_X.corr(),False
classification,RFECA_SVR(k=20),0.0,3,2,1286,322,0,2215196086064,training_fold_X.corr(),False
classification,RFECA_SVR(k=20),0.0,3,3,1286,322,0,2215330132976,training_fold_X.corr(),False
classification,RFECA_SVR(k=20),0.0,3,4,1287,321,0,2215330224560,training_fold_X.corr(),False
classification,RFECA_SVR(k=20),0.0,3,5,1287,321,0,2215463583344,training_fold_X.corr(),False
classification,MissForest,0.0,3,1,1286,322,0,2214837084368,n/a,False
classification,MissForest,0.0,3,2,1286,322,0,2214837085648,n/a,False
classification,MissForest,0.0,3,3,1286,322,0,2214837079888,n/a,False
classification,MissForest,0.0,3,4,1287,321,0,2214837086928,n/a,False
classification,MissForest,0.0,3,5,1287,321,0,2214837081168,n/a,False
imputation,SimpleMean,0.0,4,1,1286,322,0,2214785351312,n/a,False
imputation,SimpleMean,0.0,4,2,1286,322,0,2214785351504,n/a,False
imputation,SimpleMean,0.0,4,3,1286,322,0,2214837321808,n/a,False
imputation,SimpleMean,0.0,4,4,1287,321,0,2214837322000,n/a,False
imputation,SimpleMean,0.0,4,5,1287,321,0,2214837322192,n/a,False
imputation,"KNN(k=5,dist)",0.0,4,1,1286,322,0,2214837322384,n/a,False
imputation,"KNN(k=5,dist)",0.0,4,2,1286,322,0,2214837322576,n/a,False
imputation,"KNN(k=5,dist)",0.0,4,3,1286,322,0,2214837322768,n/a,False
imputation,"KNN(k=5,dist)",0.0,4,4,1287,321,0,2214837322960,n/a,False
imputation,"KNN(k=5,dist)",0.0,4,5,1287,321,0,2214837323152,n/a,False
imputation,RFECA_SVR(k=5),0.0,4,1,1286,322,0,2214957094448,training_fold_X.corr(),False
imputation,RFECA_SVR(k=5),0.0,4,2,1286,322,0,2214957094224,training_fold_X.corr(),False
imputation,RFECA_SVR(k=5),0.0,4,3,1286,322,0,2214957092656,training_fold_X.corr(),False
imputation,RFECA_SVR(k=5),0.0,4,4,1287,321,0,2214957092432,training_fold_X.corr(),False
imputation,RFECA_SVR(k=5),0.0,4,5,1287,321,0,2214957092208,training_fold_X.corr(),False
imputation,RFECA_SVR(k=10),0.0,4,1,1286,322,0,2214957091984,training_fold_X.corr(),False
imputation,RFECA_SVR(k=10),0.0,4,2,1286,322,0,2214957091760,training_fold_X.corr(),False
imputation,RFECA_SVR(k=10),0.0,4,3,1286,322,0,2214957091536,training_fold_X.corr(),False
imputation,RFECA_SVR(k=10),0.0,4,4,1287,321,0,2214957091312,training_fold_X.corr(),False
imputation,RFECA_SVR(k=10),0.0,4,5,1287,321,0,2214957091088,training_fold_X.corr(),False
imputation,RFECA_SVR(k=20),0.0,4,1,1286,322,0,2214957090864,training_fold_X.corr(),False
imputation,RFECA_SVR(k=20),0.0,4,2,1286,322,0,2214957090640,training_fold_X.corr(),False
imputation,RFECA_SVR(k=20),0.0,4,3,1286,322,0,2214957090416,training_fold_X.corr(),False
imputation,RFECA_SVR(k=20),0.0,4,4,1287,321,0,2214957090192,training_fold_X.corr(),False
imputation,RFECA_SVR(k=20),0.0,4,5,1287,321,0,2214957089968,training_fold_X.corr(),False
imputation,MissForest,0.0,4,1,1286,322,0,2214786084176,n/a,False
imputation,MissForest,0.0,4,2,1286,322,0,2214786087376,n/a,False
imputation,MissForest,0.0,4,3,1286,322,0,2214786084816,n/a,False
imputation,MissForest,0.0,4,4,1287,321,0,2214786088656,n/a,False
imputation,MissForest,0.0,4,5,1287,321,0,2214786085136,n/a,False
classification,SimpleMean,0.0,4,1,1286,322,0,2214837328912,n/a,False
classification,SimpleMean,0.0,4,2,1286,322,0,2214837329488,n/a,False
classification,SimpleMean,0.0,4,3,1286,322,0,2215162476880,n/a,False
classification,SimpleMean,0.0,4,4,1287,321,0,2215093341264,n/a,False
classification,SimpleMean,0.0,4,5,1287,321,0,2215094215952,n/a,False
classification,"KNN(k=5,dist)",0.0,4,1,1286,322,0,2214837328720,n/a,False
classification,"KNN(k=5,dist)",0.0,4,2,1286,322,0,2215042651856,n/a,False
classification,"KNN(k=5,dist)",0.0,4,3,1286,322,0,2215043002256,n/a,False
classification,"KNN(k=5,dist)",0.0,4,4,1287,321,0,2214837799056,n/a,False
classification,"KNN(k=5,dist)",0.0,4,5,1287,321,0,2214837723472,n/a,False
classification,RFECA_SVR(k=5),0.0,4,1,1286,322,0,2214990775024,training_fold_X.corr(),False
classification,RFECA_SVR(k=5),0.0,4,2,1286,322,0,2214957283184,training_fold_X.corr(),False
classification,RFECA_SVR(k=5),0.0,4,3,1286,322,0,2214888287472,training_fold_X.corr(),False
classification,RFECA_SVR(k=5),0.0,4,4,1287,321,0,2214888600112,training_fold_X.corr(),False
classification,RFECA_SVR(k=5),0.0,4,5,1287,321,0,2215161800400,training_fold_X.corr(),False
classification,RFECA_SVR(k=10),0.0,4,1,1286,322,0,2215111113904,training_fold_X.corr(),False
classification,RFECA_SVR(k=10),0.0,4,2,1286,322,0,2215111006192,training_fold_X.corr(),False
classification,RFECA_SVR(k=10),0.0,4,3,1286,322,0,2215196490928,training_fold_X.corr(),False
classification,RFECA_SVR(k=10),0.0,4,4,1287,321,0,2215329537104,training_fold_X.corr(),False
classification,RFECA_SVR(k=10),0.0,4,5,1287,321,0,2215330105392,training_fold_X.corr(),False
classification,RFECA_SVR(k=20),0.0,4,1,1286,322,0,2215463277008,training_fold_X.corr(),False
classification,RFECA_SVR(k=20),0.0,4,2,1286,322,0,2215464152080,training_fold_X.corr(),False
classification,RFECA_SVR(k=20),0.0,4,3,1286,322,0,2215597636784,training_fold_X.corr(),False
classification,RFECA_SVR(k=20),0.0,4,4,1287,321,0,2215597351312,training_fold_X.corr(),False
classification,RFECA_SVR(k=20),0.0,4,5,1287,321,0,2215597587408,training_fold_X.corr(),False
classification,MissForest,0.0,4,1,1286,322,0,2214837083728,n/a,False
classification,MissForest,0.0,4,2,1286,322,0,2214837086928,n/a,False
classification,MissForest,0.0,4,3,1286,322,0,2214837085648,n/a,False
classification,MissForest,0.0,4,4,1287,321,0,2214837081808,n/a,False
classification,MissForest,0.0,4,5,1287,321,0,2214837085008,n/a,False
imputation,SimpleMean,0.0,5,1,1286,322,0,2214785351312,n/a,False
imputation,SimpleMean,0.0,5,2,1286,322,0,2214785351504,n/a,False
imputation,SimpleMean,0.0,5,3,1286,322,0,2215094190160,n/a,False
imputation,SimpleMean,0.0,5,4,1287,321,0,2215094190352,n/a,False
imputation,SimpleMean,0.0,5,5,1287,321,0,2215094190544,n/a,False
imputation,"KNN(k=5,dist)",0.0,5,1,1286,322,0,2215094190736,n/a,False
imputation,"KNN(k=5,dist)",0.0,5,2,1286,322,0,2215094190928,n/a,False
imputation,"KNN(k=5,dist)",0.0,5,3,1286,322,0,2215094191120,n/a,False
imputation,"KNN(k=5,dist)",0.0,5,4,1287,321,0,2215094191312,n/a,False
imputation,"KNN(k=5,dist)",0.0,5,5,1287,321,0,2215094191504,n/a,False
imputation,RFECA_SVR(k=5),0.0,5,1,1286,322,0,2214837252208,training_fold_X.corr(),False
imputation,RFECA_SVR(k=5),0.0,5,2,1286,322,0,2214837255568,training_fold_X.corr(),False
imputation,RFECA_SVR(k=5),0.0,5,3,1286,322,0,2214837252432,training_fold_X.corr(),False
imputation,RFECA_SVR(k=5),0.0,5,4,1287,321,0,2214837251984,training_fold_X.corr(),False
imputation,RFECA_SVR(k=5),0.0,5,5,1287,321,0,2214837251760,training_fold_X.corr(),False
imputation,RFECA_SVR(k=10),0.0,5,1,1286,322,0,2214837251536,training_fold_X.corr(),False
imputation,RFECA_SVR(k=10),0.0,5,2,1286,322,0,2214837251312,training_fold_X.corr(),False
imputation,RFECA_SVR(k=10),0.0,5,3,1286,322,0,2214837251088,training_fold_X.corr(),False
imputation,RFECA_SVR(k=10),0.0,5,4,1287,321,0,2214837250864,training_fold_X.corr(),False
imputation,RFECA_SVR(k=10),0.0,5,5,1287,321,0,2214837250640,training_fold_X.corr(),False
imputation,RFECA_SVR(k=20),0.0,5,1,1286,322,0,2214837250416,training_fold_X.corr(),False
imputation,RFECA_SVR(k=20),0.0,5,2,1286,322,0,2214837250192,training_fold_X.corr(),False
imputation,RFECA_SVR(k=20),0.0,5,3,1286,322,0,2214837249968,training_fold_X.corr(),False
imputation,RFECA_SVR(k=20),0.0,5,4,1287,321,0,2214837249744,training_fold_X.corr(),False
imputation,RFECA_SVR(k=20),0.0,5,5,1287,321,0,2214837249520,training_fold_X.corr(),False
imputation,MissForest,0.0,5,1,1286,322,0,2214786084176,n/a,False
imputation,MissForest,0.0,5,2,1286,322,0,2214786088016,n/a,False
imputation,MissForest,0.0,5,3,1286,322,0,2214786087376,n/a,False
imputation,MissForest,0.0,5,4,1287,321,0,2214786084816,n/a,False
imputation,MissForest,0.0,5,5,1287,321,0,2214786088656,n/a,False
classification,SimpleMean,0.0,5,1,1286,322,0,2215094196496,n/a,False
classification,SimpleMean,0.0,5,2,1286,322,0,2215094195344,n/a,False
classification,SimpleMean,0.0,5,3,1286,322,0,2214837326416,n/a,False
classification,SimpleMean,0.0,5,4,1287,321,0,2215162285136,n/a,False
classification,SimpleMean,0.0,5,5,1287,321,0,2215162258704,n/a,False
classification,"KNN(k=5,dist)",0.0,5,1,1286,322,0,2215094196304,n/a,False
classification,"KNN(k=5,dist)",0.0,5,2,1286,322,0,2214888281808,n/a,False
classification,"KNN(k=5,dist)",0.0,5,3,1286,322,0,2214888353680,n/a,False
classification,"KNN(k=5,dist)",0.0,5,4,1287,321,0,2215093667984,n/a,False
classification,"KNN(k=5,dist)",0.0,5,5,1287,321,0,2215196402000,n/a,False
classification,RFECA_SVR(k=5),0.0,5,1,1286,322,0,2214991054672,training_fold_X.corr(),False
classification,RFECA_SVR(k=5),0.0,5,2,1286,322,0,2214990752784,training_fold_X.corr(),False
classification,RFECA_SVR(k=5),0.0,5,3,1286,322,0,2215042906192,training_fold_X.corr(),False
classification,RFECA_SVR(k=5),0.0,5,4,1287,321,0,2215043053200,training_fold_X.corr(),False
classification,RFECA_SVR(k=5),0.0,5,5,1287,321,0,2214837644304,training_fold_X.corr(),False
classification,RFECA_SVR(k=10),0.0,5,1,1286,322,0,2215093791760,training_fold_X.corr(),False
classification,RFECA_SVR(k=10),0.0,5,2,1286,322,0,2215330120880,training_fold_X.corr(),False
classification,RFECA_SVR(k=10),0.0,5,3,1286,322,0,2215330461776,training_fold_X.corr(),False
classification,RFECA_SVR(k=10),0.0,5,4,1287,321,0,2215463853808,training_fold_X.corr(),False
classification,RFECA_SVR(k=10),0.0,5,5,1287,321,0,2215597687984,training_fold_X.corr(),False
classification,RFECA_SVR(k=20),0.0,5,1,1286,322,0,2215597835664,training_fold_X.corr(),False
classification,RFECA_SVR(k=20),0.0,5,2,1286,322,0,2215631212336,training_fold_X.corr(),False
classification,RFECA_SVR(k=20),0.0,5,3,1286,322,0,2215631620816,training_fold_X.corr(),False
classification,RFECA_SVR(k=20),0.0,5,4,1287,321,0,2215631840528,training_fold_X.corr(),False
classification,RFECA_SVR(k=20),0.0,5,5,1287,321,0,2215631994960,training_fold_X.corr(),False
classification,MissForest,0.0,5,1,1286,322,0,2214837077968,n/a,False
classification,MissForest,0.0,5,2,1286,322,0,2214837085328,n/a,False
classification,MissForest,0.0,5,3,1286,322,0,2214837086608,n/a,False
classification,MissForest,0.0,5,4,1287,321,0,2214786088336,n/a,False
classification,MissForest,0.0,5,5,1287,321,0,2214837082768,n/a,False
imputation,SimpleMean,0.0,6,1,1286,322,0,2215162462288,n/a,False
imputation,SimpleMean,0.0,6,2,1286,322,0,2215162462480,n/a,False
imputation,SimpleMean,0.0,6,3,1286,322,0,2215162462672,n/a,False
imputation,SimpleMean,0.0,6,4,1287,321,0,2215162462864,n/a,False
imputation,SimpleMean,0.0,6,5,1287,321,0,2215162463056,n/a,False
imputation,"KNN(k=5,dist)",0.0,6,1,1286,322,0,2215162463248,n/a,False
imputation,"KNN(k=5,dist)",0.0,6,2,1286,322,0,2215162463440,n/a,False
imputation,"KNN(k=5,dist)",0.0,6,3,1286,322,0,2215162463632,n/a,False
imputation,"KNN(k=5,dist)",0.0,6,4,1287,321,0,2215162463824,n/a,False
imputation,"KNN(k=5,dist)",0.0,6,5,1287,321,0,2215162464016,n/a,False
imputation,RFECA_SVR(k=5),0.0,6,1,1286,322,0,2214786629008,training_fold_X.corr(),False
imputation,RFECA_SVR(k=5),0.0,6,2,1286,322,0,2214786628112,training_fold_X.corr(),False
imputation,RFECA_SVR(k=5),0.0,6,3,1286,322,0,2214786627440,training_fold_X.corr(),False
imputation,RFECA_SVR(k=5),0.0,6,4,1287,321,0,2214786627888,training_fold_X.corr(),False
imputation,RFECA_SVR(k=5),0.0,6,5,1287,321,0,2214786628784,training_fold_X.corr(),False
imputation,RFECA_SVR(k=10),0.0,6,1,1286,322,0,2214786628560,training_fold_X.corr(),False
imputation,RFECA_SVR(k=10),0.0,6,2,1286,322,0,2215195884720,training_fold_X.corr(),False
imputation,RFECA_SVR(k=10),0.0,6,3,1286,322,0,2215195884496,training_fold_X.corr(),False
imputation,RFECA_SVR(k=10),0.0,6,4,1287,321,0,2215195884272,training_fold_X.corr(),False
imputation,RFECA_SVR(k=10),0.0,6,5,1287,321,0,2215195884048,training_fold_X.corr(),False
imputation,RFECA_SVR(k=20),0.0,6,1,1286,322,0,2215195883824,training_fold_X.corr(),False
imputation,RFECA_SVR(k=20),0.0,6,2,1286,322,0,2215195883600,training_fold_X.corr(),False
imputation,RFECA_SVR(k=20),0.0,6,3,1286,322,0,2215195883376,training_fold_X.corr(),False
imputation,RFECA_SVR(k=20),0.0,6,4,1287,321,0,2215195883152,training_fold_X.corr(),False
imputation,RFECA_SVR(k=20),0.0,6,5,1287,321,0,2215195882928,training_fold_X.corr(),False
imputation,MissForest,0.0,6,1,1286,322,0,2214786087696,n/a,False
imputation,MissForest,0.0,6,2,1286,322,0,2214786086416,n/a,False
imputation,MissForest,0.0,6,3,1286,322,0,2214786084176,n/a,False
imputation,MissForest,0.0,6,4,1287,321,0,2214786088016,n/a,False
imputation,MissForest,0.0,6,5,1287,321,0,2214786087376,n/a,False
classification,SimpleMean,0.0,6,1,1286,322,0,2215162468432,n/a,False
classification,SimpleMean,0.0,6,2,1286,322,0,2215162469008,n/a,False
classification,SimpleMean,0.0,6,3,1286,322,0,2215025472336,n/a,False
classification,SimpleMean,0.0,6,4,1287,321,0,2214837324688,n/a,False
classification,SimpleMean,0.0,6,5,1287,321,0,2216386586832,n/a,False
classification,"KNN(k=5,dist)",0.0,6,1,1286,322,0,2215162468240,n/a,False
classification,"KNN(k=5,dist)",0.0,6,2,1286,322,0,2214837541328,n/a,False
classification,"KNN(k=5,dist)",0.0,6,3,1286,322,0,2215042691728,n/a,False
classification,"KNN(k=5,dist)",0.0,6,4,1287,321,0,2215161629584,n/a,False
classification,"KNN(k=5,dist)",0.0,6,5,1287,321,0,2214888531024,n/a,False
classification,RFECA_SVR(k=5),0.0,6,1,1286,322,0,2214990753008,training_fold_X.corr(),False
classification,RFECA_SVR(k=5),0.0,6,2,1286,322,0,2214957278032,training_fold_X.corr(),False
classification,RFECA_SVR(k=5),0.0,6,3,1286,322,0,2215025625360,training_fold_X.corr(),False
classification,RFECA_SVR(k=5),0.0,6,4,1287,321,0,2215463836080,training_fold_X.corr(),False
classification,RFECA_SVR(k=5),0.0,6,5,1287,321,0,2215330189328,training_fold_X.corr(),False
classification,RFECA_SVR(k=10),0.0,6,1,1286,322,0,2215094111824,training_fold_X.corr(),False
classification,RFECA_SVR(k=10),0.0,6,2,1286,322,0,2215093785264,training_fold_X.corr(),False
classification,RFECA_SVR(k=10),0.0,6,3,1286,322,0,2215597128208,training_fold_X.corr(),False
classification,RFECA_SVR(k=10),0.0,6,4,1287,321,0,2215631150832,training_fold_X.corr(),False
classification,RFECA_SVR(k=10),0.0,6,5,1287,321,0,2215631603088,training_fold_X.corr(),False
classification,RFECA_SVR(k=20),0.0,6,1,1286,322,0,2216253188688,training_fold_X.corr(),False
classification,RFECA_SVR(k=20),0.0,6,2,1286,322,0,2216253353648,training_fold_X.corr(),False
classification,RFECA_SVR(k=20),0.0,6,3,1286,322,0,2216253557232,training_fold_X.corr(),False
classification,RFECA_SVR(k=20),0.0,6,4,1287,321,0,2216253725328,training_fold_X.corr(),False
classification,RFECA_SVR(k=20),0.0,6,5,1287,321,0,2216386722992,training_fold_X.corr(),False
classification,MissForest,0.0,6,1,1286,322,0,2214786084816,n/a,False
classification,MissForest,0.0,6,2,1286,322,0,2214837078288,n/a,False
classification,MissForest,0.0,6,3,1286,322,0,2214786085776,n/a,False
classification,MissForest,0.0,6,4,1287,321,0,2214786088656,n/a,False
classification,MissForest,0.0,6,5,1287,321,0,2214837077968,n/a,False
imputation,SimpleMean,0.0,7,1,1286,322,0,2215094190160,n/a,False
imputation,SimpleMean,0.0,7,2,1286,322,0,2215094190352,n/a,False
imputation,SimpleMean,0.0,7,3,1286,322,0,2215094190544,n/a,False
imputation,SimpleMean,0.0,7,4,1287,321,0,2215094190736,n/a,False
imputation,SimpleMean,0.0,7,5,1287,321,0,2215094190928,n/a,False
imputation,"KNN(k=5,dist)",0.0,7,1,1286,322,0,2215094191120,n/a,False
imputation,"KNN(k=5,dist)",0.0,7,2,1286,322,0,2215094191312,n/a,False
imputation,"KNN(k=5,dist)",0.0,7,3,1286,322,0,2215094191504,n/a,False
imputation,"KNN(k=5,dist)",0.0,7,4,1287,321,0,2215094192080,n/a,False
imputation,"KNN(k=5,dist)",0.0,7,5,1287,321,0,2215094192272,n/a,False
imputation,RFECA_SVR(k=5),0.0,7,1,1286,322,0,2216253664272,training_fold_X.corr(),False
imputation,RFECA_SVR(k=5),0.0,7,2,1286,322,0,2216253664944,training_fold_X.corr(),False
imputation,RFECA_SVR(k=5),0.0,7,3,1286,322,0,2216253665168,training_fold_X.corr(),False
imputation,RFECA_SVR(k=5),0.0,7,4,1287,321,0,2216253665392,training_fold_X.corr(),False
imputation,RFECA_SVR(k=5),0.0,7,5,1287,321,0,2216253665616,training_fold_X.corr(),False
imputation,RFECA_SVR(k=10),0.0,7,1,1286,322,0,2216253665840,training_fold_X.corr(),False
imputation,RFECA_SVR(k=10),0.0,7,2,1286,322,0,2216253666064,training_fold_X.corr(),False
imputation,RFECA_SVR(k=10),0.0,7,3,1286,322,0,2216253666288,training_fold_X.corr(),False
imputation,RFECA_SVR(k=10),0.0,7,4,1287,321,0,2216253666512,training_fold_X.corr(),False
imputation,RFECA_SVR(k=10),0.0,7,5,1287,321,0,2216253666736,training_fold_X.corr(),False
imputation,RFECA_SVR(k=20),0.0,7,1,1286,322,0,2216253666960,training_fold_X.corr(),False
imputation,RFECA_SVR(k=20),0.0,7,2,1286,322,0,2216253667184,training_fold_X.corr(),False
imputation,RFECA_SVR(k=20),0.0,7,3,1286,322,0,2216253667408,training_fold_X.corr(),False
imputation,RFECA_SVR(k=20),0.0,7,4,1287,321,0,2216253667632,training_fold_X.corr(),False
imputation,RFECA_SVR(k=20),0.0,7,5,1287,321,0,2216253667856,training_fold_X.corr(),False
imputation,MissForest,0.0,7,1,1286,322,0,2214786087696,n/a,False
imputation,MissForest,0.0,7,2,1286,322,0,2214786085136,n/a,False
imputation,MissForest,0.0,7,3,1286,322,0,2214786086416,n/a,False
imputation,MissForest,0.0,7,4,1287,321,0,2214786084176,n/a,False
imputation,MissForest,0.0,7,5,1287,321,0,2214786088016,n/a,False
classification,SimpleMean,0.0,7,1,1286,322,0,2215094197840,n/a,False
classification,SimpleMean,0.0,7,2,1286,322,0,2215094198416,n/a,False
classification,SimpleMean,0.0,7,3,1286,322,0,2214923121680,n/a,False
classification,SimpleMean,0.0,7,4,1287,321,0,2214837324880,n/a,False
classification,SimpleMean,0.0,7,5,1287,321,0,2216386587024,n/a,False
classification,"KNN(k=5,dist)",0.0,7,1,1286,322,0,2215094197648,n/a,False
classification,"KNN(k=5,dist)",0.0,7,2,1286,322,0,2214957095952,n/a,False
classification,"KNN(k=5,dist)",0.0,7,3,1286,322,0,2215463859408,n/a,False
classification,"KNN(k=5,dist)",0.0,7,4,1287,321,0,2215110954448,n/a,False
classification,"KNN(k=5,dist)",0.0,7,5,1287,321,0,2214837528208,n/a,False
classification,RFECA_SVR(k=5),0.0,7,1,1286,322,0,2215161971440,training_fold_X.corr(),False
classification,RFECA_SVR(k=5),0.0,7,2,1286,322,0,2215329897776,training_fold_X.corr(),False
classification,RFECA_SVR(k=5),0.0,7,3,1286,322,0,2214888583728,training_fold_X.corr(),False
classification,RFECA_SVR(k=5),0.0,7,4,1287,321,0,2214990796336,training_fold_X.corr(),False
classification,RFECA_SVR(k=5),0.0,7,5,1287,321,0,2215196282224,training_fold_X.corr(),False
classification,RFECA_SVR(k=10),0.0,7,1,1286,322,0,2215596969104,training_fold_X.corr(),False
classification,RFECA_SVR(k=10),0.0,7,2,1286,322,0,2215631612720,training_fold_X.corr(),False
classification,RFECA_SVR(k=10),0.0,7,3,1286,322,0,2215632159248,training_fold_X.corr(),False
classification,RFECA_SVR(k=10),0.0,7,4,1287,321,0,2216253334128,training_fold_X.corr(),False
classification,RFECA_SVR(k=10),0.0,7,5,1287,321,0,2216253851696,training_fold_X.corr(),False
classification,RFECA_SVR(k=20),0.0,7,1,1286,322,0,2216387112176,training_fold_X.corr(),False
classification,RFECA_SVR(k=20),0.0,7,2,1286,322,0,2216387203760,training_fold_X.corr(),False
classification,RFECA_SVR(k=20),0.0,7,3,1286,322,0,2216520486256,training_fold_X.corr(),False
classification,RFECA_SVR(k=20),0.0,7,4,1287,321,0,2216520373136,training_fold_X.corr(),False
classification,RFECA_SVR(k=20),0.0,7,5,1287,321,0,2216520894064,training_fold_X.corr(),False
classification,MissForest,0.0,7,1,1286,322,0,2214786087376,n/a,False
classification,MissForest,0.0,7,2,1286,322,0,2214837078288,n/a,False
classification,MissForest,0.0,7,3,1286,322,0,2214786084816,n/a,False
classification,MissForest,0.0,7,4,1287,321,0,2214837086608,n/a,False
classification,MissForest,0.0,7,5,1287,321,0,2214837085648,n/a,False
imputation,SimpleMean,0.0,8,1,1286,322,0,2215024984336,n/a,False
imputation,SimpleMean,0.0,8,2,1286,322,0,2215024984720,n/a,False
imputation,SimpleMean,0.0,8,3,1286,322,0,2215024984912,n/a,False
imputation,SimpleMean,0.0,8,4,1287,321,0,2215024985104,n/a,False
imputation,SimpleMean,0.0,8,5,1287,321,0,2215024985296,n/a,False
imputation,"KNN(k=5,dist)",0.0,8,1,1286,322,0,2215024985488,n/a,False
imputation,"KNN(k=5,dist)",0.0,8,2,1286,322,0,2215024985680,n/a,False
imputation,"KNN(k=5,dist)",0.0,8,3,1286,322,0,2215024985872,n/a,False
imputation,"KNN(k=5,dist)",0.0,8,4,1287,321,0,2215024986064,n/a,False
imputation,"KNN(k=5,dist)",0.0,8,5,1287,321,0,2215024984528,n/a,False
imputation,RFECA_SVR(k=5),0.0,8,1,1286,322,0,2216386722992,training_fold_X.corr(),False
imputation,RFECA_SVR(k=5),0.0,8,2,1286,322,0,2216386707536,training_fold_X.corr(),False
imputation,RFECA_SVR(k=5),0.0,8,3,1286,322,0,2216386707760,training_fold_X.corr(),False
imputation,RFECA_SVR(k=5),0.0,8,4,1287,321,0,2216386707984,training_fold_X.corr(),False
imputation,RFECA_SVR(k=5),0.0,8,5,1287,321,0,2216386708208,training_fold_X.corr(),False
imputation,RFECA_SVR(k=10),0.0,8,1,1286,322,0,2216386708432,training_fold_X.corr(),False
imputation,RFECA_SVR(k=10),0.0,8,2,1286,322,0,2216386708656,training_fold_X.corr(),False
imputation,RFECA_SVR(k=10),0.0,8,3,1286,322,0,2216386708880,training_fold_X.corr(),False
imputation,RFECA_SVR(k=10),0.0,8,4,1287,321,0,2216386709104,training_fold_X.corr(),False
imputation,RFECA_SVR(k=10),0.0,8,5,1287,321,0,2216386709328,training_fold_X.corr(),False
imputation,RFECA_SVR(k=20),0.0,8,1,1286,322,0,2216386709552,training_fold_X.corr(),False
imputation,RFECA_SVR(k=20),0.0,8,2,1286,322,0,2216386709776,training_fold_X.corr(),False
imputation,RFECA_SVR(k=20),0.0,8,3,1286,322,0,2216386710000,training_fold_X.corr(),False
imputation,RFECA_SVR(k=20),0.0,8,4,1287,321,0,2216386710224,training_fold_X.corr(),False
imputation,RFECA_SVR(k=20),0.0,8,5,1287,321,0,2216386710448,training_fold_X.corr(),False
imputation,MissForest,0.0,8,1,1286,322,0,2214786087696,n/a,False
imputation,MissForest,0.0,8,2,1286,322,0,2214786085776,n/a,False
imputation,MissForest,0.0,8,3,1286,322,0,2214786085136,n/a,False
imputation,MissForest,0.0,8,4,1287,321,0,2214786086416,n/a,False
imputation,MissForest,0.0,8,5,1287,321,0,2214786084176,n/a,False
classification,SimpleMean,0.0,8,1,1286,322,0,2215024989712,n/a,False
classification,SimpleMean,0.0,8,2,1286,322,0,2215024990288,n/a,False
classification,SimpleMean,0.0,8,3,1286,322,0,2215631695952,n/a,False
classification,SimpleMean,0.0,8,4,1287,321,0,2214837324112,n/a,False
classification,SimpleMean,0.0,8,5,1287,321,0,2215093839888,n/a,False
classification,"KNN(k=5,dist)",0.0,8,1,1286,322,0,2215024989520,n/a,False
classification,"KNN(k=5,dist)",0.0,8,2,1286,322,0,2216520506576,n/a,False
classification,"KNN(k=5,dist)",0.0,8,3,1286,322,0,2214990805136,n/a,False
classification,"KNN(k=5,dist)",0.0,8,4,1287,321,0,2215597298064,n/a,False
classification,"KNN(k=5,dist)",0.0,8,5,1287,321,0,2215024978512,n/a,False
classification,RFECA_SVR(k=5),0.0,8,1,1286,322,0,2214957398992,training_fold_X.corr(),False
classification,RFECA_SVR(k=5),0.0,8,2,1286,322,0,2215463379344,training_fold_X.corr(),False
classification,RFECA_SVR(k=5),0.0,8,3,1286,322,0,2215111735152,training_fold_X.corr(),False
classification,RFECA_SVR(k=5),0.0,8,4,1287,321,0,2214837791760,training_fold_X.corr(),False
classification,RFECA_SVR(k=5),0.0,8,5,1287,321,0,2215631603088,training_fold_X.corr(),False
classification,RFECA_SVR(k=10),0.0,8,1,1286,322,0,2215631582864,training_fold_X.corr(),False
classification,RFECA_SVR(k=10),0.0,8,2,1286,322,0,2216253842032,training_fold_X.corr(),False
classification,RFECA_SVR(k=10),0.0,8,3,1286,322,0,2216387361968,training_fold_X.corr(),False
classification,RFECA_SVR(k=10),0.0,8,4,1287,321,0,2216386832080,training_fold_X.corr(),False
classification,RFECA_SVR(k=10),0.0,8,5,1287,321,0,2216520675888,training_fold_X.corr(),False
classification,RFECA_SVR(k=20),0.0,8,1,1286,322,0,2216521026928,training_fold_X.corr(),False
classification,RFECA_SVR(k=20),0.0,8,2,1286,322,0,2216654008656,training_fold_X.corr(),False
classification,RFECA_SVR(k=20),0.0,8,3,1286,322,0,2216654408848,training_fold_X.corr(),False
classification,RFECA_SVR(k=20),0.0,8,4,1287,321,0,2216654575600,training_fold_X.corr(),False
classification,RFECA_SVR(k=20),0.0,8,5,1287,321,0,2216654748848,training_fold_X.corr(),False
classification,MissForest,0.0,8,1,1286,322,0,2214837083728,n/a,False
classification,MissForest,0.0,8,2,1286,322,0,2214837078288,n/a,False
classification,MissForest,0.0,8,3,1286,322,0,2214837086608,n/a,False
classification,MissForest,0.0,8,4,1287,321,0,2214837077968,n/a,False
classification,MissForest,0.0,8,5,1287,321,0,2214837085008,n/a,False
imputation,SimpleMean,0.0,9,1,1286,322,0,2215025459472,n/a,False
imputation,SimpleMean,0.0,9,2,1286,322,0,2215025459664,n/a,False
imputation,SimpleMean,0.0,9,3,1286,322,0,2215025459856,n/a,False
imputation,SimpleMean,0.0,9,4,1287,321,0,2215025460048,n/a,False
imputation,SimpleMean,0.0,9,5,1287,321,0,2215025460240,n/a,False
imputation,"KNN(k=5,dist)",0.0,9,1,1286,322,0,2215025460432,n/a,False
imputation,"KNN(k=5,dist)",0.0,9,2,1286,322,0,2215025460624,n/a,False
imputation,"KNN(k=5,dist)",0.0,9,3,1286,322,0,2215025460816,n/a,False
imputation,"KNN(k=5,dist)",0.0,9,4,1287,321,0,2215025459280,n/a,False
imputation,"KNN(k=5,dist)",0.0,9,5,1287,321,0,2215025461008,n/a,False
imputation,RFECA_SVR(k=5),0.0,9,1,1286,322,0,2214837248624,training_fold_X.corr(),False
imputation,RFECA_SVR(k=5),0.0,9,2,1286,322,0,2214837252880,training_fold_X.corr(),False
imputation,RFECA_SVR(k=5),0.0,9,3,1286,322,0,2214837248848,training_fold_X.corr(),False
imputation,RFECA_SVR(k=5),0.0,9,4,1287,321,0,2214837248400,training_fold_X.corr(),False
imputation,RFECA_SVR(k=5),0.0,9,5,1287,321,0,2214837248176,training_fold_X.corr(),False
imputation,RFECA_SVR(k=10),0.0,9,1,1286,322,0,2214837247952,training_fold_X.corr(),False
imputation,RFECA_SVR(k=10),0.0,9,2,1286,322,0,2214837247728,training_fold_X.corr(),False
imputation,RFECA_SVR(k=10),0.0,9,3,1286,322,0,2214837247504,training_fold_X.corr(),False
imputation,RFECA_SVR(k=10),0.0,9,4,1287,321,0,2214837247280,training_fold_X.corr(),False
imputation,RFECA_SVR(k=10),0.0,9,5,1287,321,0,2214837247056,training_fold_X.corr(),False
imputation,RFECA_SVR(k=20),0.0,9,1,1286,322,0,2214837246832,training_fold_X.corr(),False
imputation,RFECA_SVR(k=20),0.0,9,2,1286,322,0,2214837246608,training_fold_X.corr(),False
imputation,RFECA_SVR(k=20),0.0,9,3,1286,322,0,2214837246384,training_fold_X.corr(),False
imputation,RFECA_SVR(k=20),0.0,9,4,1287,321,0,2214837246160,training_fold_X.corr(),False
imputation,RFECA_SVR(k=20),0.0,9,5,1287,321,0,2214837245936,training_fold_X.corr(),False
imputation,MissForest,0.0,9,1,1286,322,0,2214786087696,n/a,False
imputation,MissForest,0.0,9,2,1286,322,0,2214786088016,n/a,False
imputation,MissForest,0.0,9,3,1286,322,0,2214786085776,n/a,False
imputation,MissForest,0.0,9,4,1287,321,0,2214786085136,n/a,False
imputation,MissForest,0.0,9,5,1287,321,0,2214786086416,n/a,False
classification,SimpleMean,0.0,9,1,1286,322,0,2215025464464,n/a,False
classification,SimpleMean,0.0,9,2,1286,322,0,2215025465040,n/a,False
classification,SimpleMean,0.0,9,3,1286,322,0,2216386899664,n/a,False
classification,SimpleMean,0.0,9,4,1287,321,0,2214837329872,n/a,False
classification,SimpleMean,0.0,9,5,1287,321,0,2215094200528,n/a,False
classification,"KNN(k=5,dist)",0.0,9,1,1286,322,0,2215025464272,n/a,False
classification,"KNN(k=5,dist)",0.0,9,2,1286,322,0,2216253333072,n/a,False
classification,"KNN(k=5,dist)",0.0,9,3,1286,322,0,2215042955408,n/a,False
classification,"KNN(k=5,dist)",0.0,9,4,1287,321,0,2214888640912,n/a,False
classification,"KNN(k=5,dist)",0.0,9,5,1287,321,0,2214990768720,n/a,False
classification,RFECA_SVR(k=5),0.0,9,1,1286,322,0,2215025642864,training_fold_X.corr(),False
classification,RFECA_SVR(k=5),0.0,9,2,1286,322,0,2215196330928,training_fold_X.corr(),False
classification,RFECA_SVR(k=5),0.0,9,3,1286,322,0,2214837128112,training_fold_X.corr(),False
classification,RFECA_SVR(k=5),0.0,9,4,1287,321,0,2214957281392,training_fold_X.corr(),False
classification,RFECA_SVR(k=5),0.0,9,5,1287,321,0,2216253848752,training_fold_X.corr(),False
classification,RFECA_SVR(k=10),0.0,9,1,1286,322,0,2216387414512,training_fold_X.corr(),False
classification,RFECA_SVR(k=10),0.0,9,2,1286,322,0,2216387600560,training_fold_X.corr(),False
classification,RFECA_SVR(k=10),0.0,9,3,1286,322,0,2216520255088,training_fold_X.corr(),False
classification,RFECA_SVR(k=10),0.0,9,4,1287,321,0,2216654451696,training_fold_X.corr(),False
classification,RFECA_SVR(k=10),0.0,9,5,1287,321,0,2216654390896,training_fold_X.corr(),False
classification,RFECA_SVR(k=20),0.0,9,1,1286,322,0,2216704988048,training_fold_X.corr(),False
classification,RFECA_SVR(k=20),0.0,9,2,1286,322,0,2216705052912,training_fold_X.corr(),False
classification,RFECA_SVR(k=20),0.0,9,3,1286,322,0,2216705542416,training_fold_X.corr(),False
classification,RFECA_SVR(k=20),0.0,9,4,1287,321,0,2216838701904,training_fold_X.corr(),False
classification,RFECA_SVR(k=20),0.0,9,5,1287,321,0,2216838790320,training_fold_X.corr(),False
classification,MissForest,0.0,9,1,1286,322,0,2214837081488,n/a,False
classification,MissForest,0.0,9,2,1286,322,0,2214837077968,n/a,False
classification,MissForest,0.0,9,3,1286,322,0,2214837080528,n/a,False
classification,MissForest,0.0,9,4,1287,321,0,2214837086608,n/a,False
classification,MissForest,0.0,9,5,1287,321,0,2214837081168,n/a,False
imputation,SimpleMean,0.05,0,1,1286,322,0,2214785351312,n/a,False
imputation,SimpleMean,0.05,0,2,1286,322,0,2214785351504,n/a,False
imputation,SimpleMean,0.05,0,3,1286,322,0,2214785349008,n/a,False
imputation,SimpleMean,0.05,0,4,1287,321,0,2214923108432,n/a,False
imputation,SimpleMean,0.05,0,5,1287,321,0,2214923108624,n/a,False
imputation,"KNN(k=5,dist)",0.05,0,1,1286,322,0,2214923108816,n/a,False
imputation,"KNN(k=5,dist)",0.05,0,2,1286,322,0,2214923109008,n/a,False
imputation,"KNN(k=5,dist)",0.05,0,3,1286,322,0,2214923109200,n/a,False
imputation,"KNN(k=5,dist)",0.05,0,4,1287,321,0,2214923109392,n/a,False
imputation,"KNN(k=5,dist)",0.05,0,5,1287,321,0,2214923109584,n/a,False
imputation,RFECA_SVR(k=5),0.05,0,1,1286,322,0,2216520487824,training_fold_X.corr(),False
imputation,RFECA_SVR(k=5),0.05,0,2,1286,322,0,2216520488048,training_fold_X.corr(),False
imputation,RFECA_SVR(k=5),0.05,0,3,1286,322,0,2216520488272,training_fold_X.corr(),False
imputation,RFECA_SVR(k=5),0.05,0,4,1287,321,0,2216520488496,training_fold_X.corr(),False
imputation,RFECA_SVR(k=5),0.05,0,5,1287,321,0,2216520488720,training_fold_X.corr(),False
imputation,RFECA_SVR(k=10),0.05,0,1,1286,322,0,2216520488944,training_fold_X.corr(),False
imputation,RFECA_SVR(k=10),0.05,0,2,1286,322,0,2216520489168,training_fold_X.corr(),False
imputation,RFECA_SVR(k=10),0.05,0,3,1286,322,0,2216520489392,training_fold_X.corr(),False
imputation,RFECA_SVR(k=10),0.05,0,4,1287,321,0,2216520489616,training_fold_X.corr(),False
imputation,RFECA_SVR(k=10),0.05,0,5,1287,321,0,2216520489840,training_fold_X.corr(),False
imputation,RFECA_SVR(k=20),0.05,0,1,1286,322,0,2216520490064,training_fold_X.corr(),False
imputation,RFECA_SVR(k=20),0.05,0,2,1286,322,0,2216520490288,training_fold_X.corr(),False
imputation,RFECA_SVR(k=20),0.05,0,3,1286,322,0,2216520490512,training_fold_X.corr(),False
imputation,RFECA_SVR(k=20),0.05,0,4,1287,321,0,2216520490736,training_fold_X.corr(),False
imputation,RFECA_SVR(k=20),0.05,0,5,1287,321,0,2216520490960,training_fold_X.corr(),False
imputation,MissForest,0.05,0,1,1286,322,0,2214786085776,n/a,False
imputation,MissForest,0.05,0,2,1286,322,0,2214786088016,n/a,False
imputation,MissForest,0.05,0,3,1286,322,0,2214837084368,n/a,False
imputation,MissForest,0.05,0,4,1287,321,0,2214837089488,n/a,False
imputation,MissForest,0.05,0,5,1287,321,0,2214837080848,n/a,False
classification,SimpleMean,0.05,0,1,1286,322,0,2222447696144,n/a,False
classification,SimpleMean,0.05,0,2,1286,322,0,2222447696720,n/a,False
classification,SimpleMean,0.05,0,3,1286,322,0,2222447817552,n/a,False
classification,SimpleMean,0.05,0,4,1287,321,0,2222895680592,n/a,False
classification,SimpleMean,0.05,0,5,1287,321,0,2222895932688,n/a,False
classification,"KNN(k=5,dist)",0.05,0,1,1286,322,0,2222447690960,n/a,False
classification,"KNN(k=5,dist)",0.05,0,2,1286,322,0,2222896436944,n/a,False
classification,"KNN(k=5,dist)",0.05,0,3,1286,322,0,2222929850256,n/a,False
classification,"KNN(k=5,dist)",0.05,0,4,1287,321,0,2222930118800,n/a,False
classification,"KNN(k=5,dist)",0.05,0,5,1287,321,0,2222930321744,n/a,False
classification,RFECA_SVR(k=5),0.05,0,1,1286,322,0,2222947714224,training_fold_X.corr(),False
classification,RFECA_SVR(k=5),0.05,0,2,1286,322,0,2222948084080,training_fold_X.corr(),False
classification,RFECA_SVR(k=5),0.05,0,3,1286,322,0,2222948503568,training_fold_X.corr(),False
classification,RFECA_SVR(k=5),0.05,0,4,1287,321,0,2222948791280,training_fold_X.corr(),False
classification,RFECA_SVR(k=5),0.05,0,5,1287,321,0,2222949128624,training_fold_X.corr(),False
classification,RFECA_SVR(k=10),0.05,0,1,1286,322,0,2222949465264,training_fold_X.corr(),False
classification,RFECA_SVR(k=10),0.05,0,2,1286,322,0,2222949803056,training_fold_X.corr(),False
classification,RFECA_SVR(k=10),0.05,0,3,1286,322,0,2222950107408,training_fold_X.corr(),False
classification,RFECA_SVR(k=10),0.05,0,4,1287,321,0,2222950477264,training_fold_X.corr(),False
classification,RFECA_SVR(k=10),0.05,0,5,1287,321,0,2222950798672,training_fold_X.corr(),False
classification,RFECA_SVR(k=20),0.05,0,1,1286,322,0,2222951118928,training_fold_X.corr(),False
classification,RFECA_SVR(k=20),0.05,0,2,1286,322,0,2222951472432,training_fold_X.corr(),False
classification,RFECA_SVR(k=20),0.05,0,3,1286,322,0,2222951806832,training_fold_X.corr(),False
classification,RFECA_SVR(k=20),0.05,0,4,1287,321,0,2222952144624,training_fold_X.corr(),False
classification,RFECA_SVR(k=20),0.05,0,5,1287,321,0,2222952530448,training_fold_X.corr(),False
classification,MissForest,0.05,0,1,1286,322,0,2214837084688,n/a,False
classification,MissForest,0.05,0,2,1286,322,0,2216654734992,n/a,False
classification,MissForest,0.05,0,3,1286,322,0,2214837092048,n/a,False
classification,MissForest,0.05,0,4,1287,321,0,2214837083728,n/a,False
classification,MissForest,0.05,0,5,1287,321,0,2216654739152,n/a,False
imputation,SimpleMean,0.05,1,1,1286,322,0,2214785351312,n/a,False
imputation,SimpleMean,0.05,1,2,1286,322,0,2214785351504,n/a,False
imputation,SimpleMean,0.05,1,3,1286,322,0,2214785349008,n/a,False
imputation,SimpleMean,0.05,1,4,1287,321,0,2215631683856,n/a,False
imputation,SimpleMean,0.05,1,5,1287,321,0,2215631684048,n/a,False
imputation,"KNN(k=5,dist)",0.05,1,1,1286,322,0,2215631684240,n/a,False
imputation,"KNN(k=5,dist)",0.05,1,2,1286,322,0,2215631684432,n/a,False
imputation,"KNN(k=5,dist)",0.05,1,3,1286,322,0,2215631684624,n/a,False
imputation,"KNN(k=5,dist)",0.05,1,4,1287,321,0,2215631684816,n/a,False
imputation,"KNN(k=5,dist)",0.05,1,5,1287,321,0,2215631685008,n/a,False
imputation,RFECA_SVR(k=5),0.05,1,1,1286,322,0,2215195880688,training_fold_X.corr(),False
imputation,RFECA_SVR(k=5),0.05,1,2,1286,322,0,2215195881360,training_fold_X.corr(),False
imputation,RFECA_SVR(k=5),0.05,1,3,1286,322,0,2215195881136,training_fold_X.corr(),False
imputation,RFECA_SVR(k=5),0.05,1,4,1287,321,0,2215195881808,training_fold_X.corr(),False
imputation,RFECA_SVR(k=5),0.05,1,5,1287,321,0,2215195882256,training_fold_X.corr(),False
imputation,RFECA_SVR(k=10),0.05,1,1,1286,322,0,2215195884944,training_fold_X.corr(),False
imputation,RFECA_SVR(k=10),0.05,1,2,1286,322,0,2215195882032,training_fold_X.corr(),False
imputation,RFECA_SVR(k=10),0.05,1,3,1286,322,0,2215195882480,training_fold_X.corr(),False
imputation,RFECA_SVR(k=10),0.05,1,4,1287,321,0,2215195882704,training_fold_X.corr(),False
imputation,RFECA_SVR(k=10),0.05,1,5,1287,321,0,2215195885168,training_fold_X.corr(),False
imputation,RFECA_SVR(k=20),0.05,1,1,1286,322,0,2215195884720,training_fold_X.corr(),False
imputation,RFECA_SVR(k=20),0.05,1,2,1286,322,0,2215195884496,training_fold_X.corr(),False
imputation,RFECA_SVR(k=20),0.05,1,3,1286,322,0,2215195884272,training_fold_X.corr(),False
imputation,RFECA_SVR(k=20),0.05,1,4,1287,321,0,2215195884048,training_fold_X.corr(),False
imputation,RFECA_SVR(k=20),0.05,1,5,1287,321,0,2215195883824,training_fold_X.corr(),False
imputation,MissForest,0.05,1,1,1286,322,0,2214837088528,n/a,False
imputation,MissForest,0.05,1,2,1286,322,0,2214837087888,n/a,False
imputation,MissForest,0.05,1,3,1286,322,0,2214837088848,n/a,False
imputation,MissForest,0.05,1,4,1287,321,0,2214837080848,n/a,False
imputation,MissForest,0.05,1,5,1287,321,0,2214837077328,n/a,False
classification,SimpleMean,0.05,1,1,1286,322,0,2222947720400,n/a,False
classification,SimpleMean,0.05,1,2,1286,322,0,2222947720592,n/a,False
classification,SimpleMean,0.05,1,3,1286,322,0,2222947579280,n/a,False
classification,SimpleMean,0.05,1,4,1287,321,0,2222947913360,n/a,False
classification,SimpleMean,0.05,1,5,1287,321,0,2222948230992,n/a,False
classification,"KNN(k=5,dist)",0.05,1,1,1286,322,0,2222947714832,n/a,False
classification,"KNN(k=5,dist)",0.05,1,2,1286,322,0,2222949046544,n/a,False
classification,"KNN(k=5,dist)",0.05,1,3,1286,322,0,2222949364176,n/a,False
classification,"KNN(k=5,dist)",0.05,1,4,1287,321,0,2216972290960,n/a,False
classification,"KNN(k=5,dist)",0.05,1,5,1287,321,0,2216972768016,n/a,False
classification,RFECA_SVR(k=5),0.05,1,1,1286,322,0,2229102560880,training_fold_X.corr(),False
classification,RFECA_SVR(k=5),0.05,1,2,1286,322,0,2229103291184,training_fold_X.corr(),False
classification,RFECA_SVR(k=5),0.05,1,3,1286,322,0,2229103022544,training_fold_X.corr(),False
classification,RFECA_SVR(k=5),0.05,1,4,1287,321,0,2229103471856,training_fold_X.corr(),False
classification,RFECA_SVR(k=5),0.05,1,5,1287,321,0,2222896150160,training_fold_X.corr(),False
classification,RFECA_SVR(k=10),0.05,1,1,1286,322,0,2222896318288,training_fold_X.corr(),False
classification,RFECA_SVR(k=10),0.05,1,2,1286,322,0,2226660330864,training_fold_X.corr(),False
classification,RFECA_SVR(k=10),0.05,1,3,1286,322,0,2226660278576,training_fold_X.corr(),False
classification,RFECA_SVR(k=10),0.05,1,4,1287,321,0,2226660583568,training_fold_X.corr(),False
classification,RFECA_SVR(k=10),0.05,1,5,1287,321,0,2222989397136,training_fold_X.corr(),False
classification,RFECA_SVR(k=20),0.05,1,1,1286,322,0,2222988800112,training_fold_X.corr(),False
classification,RFECA_SVR(k=20),0.05,1,2,1286,322,0,2222989383216,training_fold_X.corr(),False
classification,RFECA_SVR(k=20),0.05,1,3,1286,322,0,2227607141552,training_fold_X.corr(),False
classification,RFECA_SVR(k=20),0.05,1,4,1287,321,0,2227607527600,training_fold_X.corr(),False
classification,RFECA_SVR(k=20),0.05,1,5,1287,321,0,2222447134096,training_fold_X.corr(),False
classification,MissForest,0.05,1,1,1286,322,0,2214837091408,n/a,False
classification,MissForest,0.05,1,2,1286,322,0,2214837082128,n/a,False
classification,MissForest,0.05,1,3,1286,322,0,2214837080528,n/a,False
classification,MissForest,0.05,1,4,1287,321,0,2221849516368,n/a,False
classification,MissForest,0.05,1,5,1287,321,0,2214837078928,n/a,False
imputation,SimpleMean,0.05,2,1,1286,322,0,2214785351312,n/a,False
imputation,SimpleMean,0.05,2,2,1286,322,0,2214785351504,n/a,False
imputation,SimpleMean,0.05,2,3,1286,322,0,2214785349008,n/a,False
imputation,SimpleMean,0.05,2,4,1287,321,0,2215162462288,n/a,False
imputation,SimpleMean,0.05,2,5,1287,321,0,2215162462480,n/a,False
imputation,"KNN(k=5,dist)",0.05,2,1,1286,322,0,2215162462672,n/a,False
imputation,"KNN(k=5,dist)",0.05,2,2,1286,322,0,2215162462864,n/a,False
imputation,"KNN(k=5,dist)",0.05,2,3,1286,322,0,2215162463056,n/a,False
imputation,"KNN(k=5,dist)",0.05,2,4,1287,321,0,2215162463248,n/a,False
imputation,"KNN(k=5,dist)",0.05,2,5,1287,321,0,2215162463440,n/a,False
imputation,RFECA_SVR(k=5),0.05,2,1,1286,322,0,2214837251536,training_fold_X.corr(),False
imputation,RFECA_SVR(k=5),0.05,2,2,1286,322,0,2214837251088,training_fold_X.corr(),False
imputation,RFECA_SVR(k=5),0.05,2,3,1286,322,0,2214837248848,training_fold_X.corr(),False
imputation,RFECA_SVR(k=5),0.05,2,4,1287,321,0,2214837252432,training_fold_X.corr(),False
imputation,RFECA_SVR(k=5),0.05,2,5,1287,321,0,2214837255568,training_fold_X.corr(),False
imputation,RFECA_SVR(k=10),0.05,2,1,1286,322,0,2214837252208,training_fold_X.corr(),False
imputation,RFECA_SVR(k=10),0.05,2,2,1286,322,0,2214837252656,training_fold_X.corr(),False
imputation,RFECA_SVR(k=10),0.05,2,3,1286,322,0,2214837248624,training_fold_X.corr(),False
imputation,RFECA_SVR(k=10),0.05,2,4,1287,321,0,2214837246160,training_fold_X.corr(),False
imputation,RFECA_SVR(k=10),0.05,2,5,1287,321,0,2214837251984,training_fold_X.corr(),False
imputation,RFECA_SVR(k=20),0.05,2,1,1286,322,0,2214837246384,training_fold_X.corr(),False
imputation,RFECA_SVR(k=20),0.05,2,2,1286,322,0,2214837246608,training_fold_X.corr(),False
imputation,RFECA_SVR(k=20),0.05,2,3,1286,322,0,2214837252880,training_fold_X.corr(),False
imputation,RFECA_SVR(k=20),0.05,2,4,1287,321,0,2214837248400,training_fold_X.corr(),False
imputation,RFECA_SVR(k=20),0.05,2,5,1287,321,0,2214837248176,training_fold_X.corr(),False
imputation,MissForest,0.05,2,1,1286,322,0,2214786088656,n/a,False
imputation,MissForest,0.05,2,2,1286,322,0,2214786084496,n/a,False
imputation,MissForest,0.05,2,3,1286,322,0,2214837079888,n/a,False
imputation,MissForest,0.05,2,4,1287,321,0,2214837078608,n/a,False
imputation,MissForest,0.05,2,5,1287,321,0,2214837079248,n/a,False
classification,SimpleMean,0.05,2,1,1286,322,0,2222951095312,n/a,False
classification,SimpleMean,0.05,2,2,1286,322,0,2222951096080,n/a,False
classification,SimpleMean,0.05,2,3,1286,322,0,2222950889232,n/a,False
classification,SimpleMean,0.05,2,4,1287,321,0,2222951419728,n/a,False
classification,SimpleMean,0.05,2,5,1287,321,0,2222951557328,n/a,False
classification,"KNN(k=5,dist)",0.05,2,1,1286,322,0,2222951089936,n/a,False
classification,"KNN(k=5,dist)",0.05,2,2,1286,322,0,2216838748432,n/a,False
classification,"KNN(k=5,dist)",0.05,2,3,1286,322,0,2216838919376,n/a,False
classification,"KNN(k=5,dist)",0.05,2,4,1287,321,0,2216839220304,n/a,False
classification,"KNN(k=5,dist)",0.05,2,5,1287,321,0,2216839193872,n/a,False
classification,RFECA_SVR(k=5),0.05,2,1,1286,322,0,2222949023120,training_fold_X.corr(),False
classification,RFECA_SVR(k=5),0.05,2,2,1286,322,0,2222949836272,training_fold_X.corr(),False
classification,RFECA_SVR(k=5),0.05,2,3,1286,322,0,2222950108304,training_fold_X.corr(),False
classification,RFECA_SVR(k=5),0.05,2,4,1287,321,0,2222950412400,training_fold_X.corr(),False
classification,RFECA_SVR(k=5),0.05,2,5,1287,321,0,2222951733232,training_fold_X.corr(),False
classification,RFECA_SVR(k=10),0.05,2,1,1286,322,0,2222952479472,training_fold_X.corr(),False
classification,RFECA_SVR(k=10),0.05,2,2,1286,322,0,2222951997392,training_fold_X.corr(),False
classification,RFECA_SVR(k=10),0.05,2,3,1286,322,0,2222947616144,training_fold_X.corr(),False
classification,RFECA_SVR(k=10),0.05,2,4,1287,321,0,2222948183056,training_fold_X.corr(),False
classification,RFECA_SVR(k=10),0.05,2,5,1287,321,0,2216972269648,training_fold_X.corr(),False
classification,RFECA_SVR(k=20),0.05,2,1,1286,322,0,2216973087728,training_fold_X.corr(),False
classification,RFECA_SVR(k=20),0.05,2,2,1286,322,0,2229102572528,training_fold_X.corr(),False
classification,RFECA_SVR(k=20),0.05,2,3,1286,322,0,2229102818960,training_fold_X.corr(),False
classification,RFECA_SVR(k=20),0.05,2,4,1287,321,0,2229103404080,training_fold_X.corr(),False
classification,RFECA_SVR(k=20),0.05,2,5,1287,321,0,2229203549808,training_fold_X.corr(),False
classification,MissForest,0.05,2,1,1286,322,0,2214837089808,n/a,False
classification,MissForest,0.05,2,2,1286,322,0,2214837080208,n/a,False
classification,MissForest,0.05,2,3,1286,322,0,2214837086928,n/a,False
classification,MissForest,0.05,2,4,1287,321,0,2221849519568,n/a,False
classification,MissForest,0.05,2,5,1287,321,0,2214837084048,n/a,False
imputation,SimpleMean,0.05,3,1,1286,322,0,2214785351312,n/a,False
imputation,SimpleMean,0.05,3,2,1286,322,0,2214785351504,n/a,False
imputation,SimpleMean,0.05,3,3,1286,322,0,2214785349008,n/a,False
imputation,SimpleMean,0.05,3,4,1287,321,0,2214837321808,n/a,False
imputation,SimpleMean,0.05,3,5,1287,321,0,2214837322000,n/a,False
imputation,"KNN(k=5,dist)",0.05,3,1,1286,322,0,2214837322192,n/a,False
imputation,"KNN(k=5,dist)",0.05,3,2,1286,322,0,2214837322384,n/a,False
imputation,"KNN(k=5,dist)",0.05,3,3,1286,322,0,2214837322576,n/a,False
imputation,"KNN(k=5,dist)",0.05,3,4,1287,321,0,2214837322768,n/a,False
imputation,"KNN(k=5,dist)",0.05,3,5,1287,321,0,2214837322960,n/a,False
imputation,RFECA_SVR(k=5),0.05,3,1,1286,322,0,2215195880912,training_fold_X.corr(),False
imputation,RFECA_SVR(k=5),0.05,3,2,1286,322,0,2215195875088,training_fold_X.corr(),False
imputation,RFECA_SVR(k=5),0.05,3,3,1286,322,0,2215195869264,training_fold_X.corr(),False
imputation,RFECA_SVR(k=5),0.05,3,4,1287,321,0,2215195871504,training_fold_X.corr(),False
imputation,RFECA_SVR(k=5),0.05,3,5,1287,321,0,2215195874416,training_fold_X.corr(),False
imputation,RFECA_SVR(k=10),0.05,3,1,1286,322,0,2215195872400,training_fold_X.corr(),False
imputation,RFECA_SVR(k=10),0.05,3,2,1286,322,0,2215195869712,training_fold_X.corr(),False
imputation,RFECA_SVR(k=10),0.05,3,3,1286,322,0,2215195883600,training_fold_X.corr(),False
imputation,RFECA_SVR(k=10),0.05,3,4,1287,321,0,2215195879792,training_fold_X.corr(),False
imputation,RFECA_SVR(k=10),0.05,3,5,1287,321,0,2215195873520,training_fold_X.corr(),False
imputation,RFECA_SVR(k=20),0.05,3,1,1286,322,0,2215195873968,training_fold_X.corr(),False
imputation,RFECA_SVR(k=20),0.05,3,2,1286,322,0,2215195873296,training_fold_X.corr(),False
imputation,RFECA_SVR(k=20),0.05,3,3,1286,322,0,2215195869488,training_fold_X.corr(),False
imputation,RFECA_SVR(k=20),0.05,3,4,1287,321,0,2215195874640,training_fold_X.corr(),False
imputation,RFECA_SVR(k=20),0.05,3,5,1287,321,0,2215195872848,training_fold_X.corr(),False
imputation,MissForest,0.05,3,1,1286,322,0,2214786088016,n/a,False
imputation,MissForest,0.05,3,2,1286,322,0,2214786088656,n/a,False
imputation,MissForest,0.05,3,3,1286,322,0,2214837078288,n/a,False
imputation,MissForest,0.05,3,4,1287,321,0,2214837079568,n/a,False
imputation,MissForest,0.05,3,5,1287,321,0,2214786084176,n/a,False
classification,SimpleMean,0.05,3,1,1286,322,0,2222896291024,n/a,False
classification,SimpleMean,0.05,3,2,1286,322,0,2222896290640,n/a,False
classification,SimpleMean,0.05,3,3,1286,322,0,2222895937296,n/a,False
classification,SimpleMean,0.05,3,4,1287,321,0,2222896418640,n/a,False
classification,SimpleMean,0.05,3,5,1287,321,0,2222896179408,n/a,False
classification,"KNN(k=5,dist)",0.05,3,1,1286,322,0,2222896285072,n/a,False
classification,"KNN(k=5,dist)",0.05,3,2,1286,322,0,2227607427536,n/a,False
classification,"KNN(k=5,dist)",0.05,3,3,1286,322,0,2227607237456,n/a,False
classification,"KNN(k=5,dist)",0.05,3,4,1287,321,0,2227607702224,n/a,False
classification,"KNN(k=5,dist)",0.05,3,5,1287,321,0,2229203018640,n/a,False
classification,RFECA_SVR(k=5),0.05,3,1,1286,322,0,2229203750256,training_fold_X.corr(),False
classification,RFECA_SVR(k=5),0.05,3,2,1286,322,0,2226660798800,training_fold_X.corr(),False
classification,RFECA_SVR(k=5),0.05,3,3,1286,322,0,2226660038416,training_fold_X.corr(),False
classification,RFECA_SVR(k=5),0.05,3,4,1287,321,0,2226660605328,training_fold_X.corr(),False
classification,RFECA_SVR(k=5),0.05,3,5,1287,321,0,2226660811152,training_fold_X.corr(),False
classification,RFECA_SVR(k=10),0.05,3,1,1286,322,0,2222949153296,training_fold_X.corr(),False
classification,RFECA_SVR(k=10),0.05,3,2,1286,322,0,2222949457648,training_fold_X.corr(),False
classification,RFECA_SVR(k=10),0.05,3,3,1286,322,0,2222949091152,training_fold_X.corr(),False
classification,RFECA_SVR(k=10),0.05,3,4,1287,321,0,2222988487248,training_fold_X.corr(),False
classification,RFECA_SVR(k=10),0.05,3,5,1287,321,0,2222988529456,training_fold_X.corr(),False
classification,RFECA_SVR(k=20),0.05,3,1,1286,322,0,2222950894288,training_fold_X.corr(),False
classification,RFECA_SVR(k=20),0.05,3,2,1286,322,0,2222951553904,training_fold_X.corr(),False
classification,RFECA_SVR(k=20),0.05,3,3,1286,322,0,2225562517104,training_fold_X.corr(),False
classification,RFECA_SVR(k=20),0.05,3,4,1287,321,0,2225563018064,training_fold_X.corr(),False
classification,RFECA_SVR(k=20),0.05,3,5,1287,321,0,2216838657456,training_fold_X.corr(),False
classification,MissForest,0.05,3,1,1286,322,0,2214837082768,n/a,False
classification,MissForest,0.05,3,2,1286,322,0,2221849519888,n/a,False
classification,MissForest,0.05,3,3,1286,322,0,2214837081808,n/a,False
classification,MissForest,0.05,3,4,1287,321,0,2214837077328,n/a,False
classification,MissForest,0.05,3,5,1287,321,0,2221849516048,n/a,False
imputation,SimpleMean,0.05,4,1,1286,322,0,2214785351312,n/a,False
imputation,SimpleMean,0.05,4,2,1286,322,0,2214785351504,n/a,False
imputation,SimpleMean,0.05,4,3,1286,322,0,2214785349008,n/a,False
imputation,SimpleMean,0.05,4,4,1287,321,0,2215596982352,n/a,False
imputation,SimpleMean,0.05,4,5,1287,321,0,2215596982544,n/a,False
imputation,"KNN(k=5,dist)",0.05,4,1,1286,322,0,2215596982736,n/a,False
imputation,"KNN(k=5,dist)",0.05,4,2,1286,322,0,2215596982928,n/a,False
imputation,"KNN(k=5,dist)",0.05,4,3,1286,322,0,2215596983120,n/a,False
imputation,"KNN(k=5,dist)",0.05,4,4,1287,321,0,2215596983312,n/a,False
imputation,"KNN(k=5,dist)",0.05,4,5,1287,321,0,2215596983504,n/a,False
imputation,RFECA_SVR(k=5),0.05,4,1,1286,322,0,2214837251760,training_fold_X.corr(),False
imputation,RFECA_SVR(k=5),0.05,4,2,1286,322,0,2214837246832,training_fold_X.corr(),False
imputation,RFECA_SVR(k=5),0.05,4,3,1286,322,0,2214837242352,training_fold_X.corr(),False
imputation,RFECA_SVR(k=5),0.05,4,4,1287,321,0,2214837240784,training_fold_X.corr(),False
imputation,RFECA_SVR(k=5),0.05,4,5,1287,321,0,2214837241232,training_fold_X.corr(),False
imputation,RFECA_SVR(k=10),0.05,4,1,1286,322,0,2214837243472,training_fold_X.corr(),False
imputation,RFECA_SVR(k=10),0.05,4,2,1286,322,0,2214837241680,training_fold_X.corr(),False
imputation,RFECA_SVR(k=10),0.05,4,3,1286,322,0,2214837243696,training_fold_X.corr(),False
imputation,RFECA_SVR(k=10),0.05,4,4,1287,321,0,2214837242128,training_fold_X.corr(),False
imputation,RFECA_SVR(k=10),0.05,4,5,1287,321,0,2214837245264,training_fold_X.corr(),False
imputation,RFECA_SVR(k=20),0.05,4,1,1286,322,0,2214837251312,training_fold_X.corr(),False
imputation,RFECA_SVR(k=20),0.05,4,2,1286,322,0,2214837245712,training_fold_X.corr(),False
imputation,RFECA_SVR(k=20),0.05,4,3,1286,322,0,2214837247056,training_fold_X.corr(),False
imputation,RFECA_SVR(k=20),0.05,4,4,1287,321,0,2214837241456,training_fold_X.corr(),False
imputation,RFECA_SVR(k=20),0.05,4,5,1287,321,0,2214837241904,training_fold_X.corr(),False
imputation,MissForest,0.05,4,1,1286,322,0,2214786084816,n/a,False
imputation,MissForest,0.05,4,2,1286,322,0,2214786084496,n/a,False
imputation,MissForest,0.05,4,3,1286,322,0,2214837084688,n/a,False
imputation,MissForest,0.05,4,4,1287,321,0,2214837082128,n/a,False
imputation,MissForest,0.05,4,5,1287,321,0,2214837080848,n/a,False
classification,SimpleMean,0.05,4,1,1286,322,0,2229102501072,n/a,False
classification,SimpleMean,0.05,4,2,1286,322,0,2229102501264,n/a,False
classification,SimpleMean,0.05,4,3,1286,322,0,2229102785936,n/a,False
classification,SimpleMean,0.05,4,4,1287,321,0,2229103398736,n/a,False
classification,SimpleMean,0.05,4,5,1287,321,0,2229102979472,n/a,False
classification,"KNN(k=5,dist)",0.05,4,1,1286,322,0,2229102495696,n/a,False
classification,"KNN(k=5,dist)",0.05,4,2,1286,322,0,2222949800592,n/a,False
classification,"KNN(k=5,dist)",0.05,4,3,1286,322,0,2222950478672,n/a,False
classification,"KNN(k=5,dist)",0.05,4,4,1287,321,0,2222949862096,n/a,False
classification,"KNN(k=5,dist)",0.05,4,5,1287,321,0,2216972493520,n/a,False
classification,RFECA_SVR(k=5),0.05,4,1,1286,322,0,2216972813264,training_fold_X.corr(),False
classification,RFECA_SVR(k=5),0.05,4,2,1286,322,0,2226660300336,training_fold_X.corr(),False
classification,RFECA_SVR(k=5),0.05,4,3,1286,322,0,2226660241296,training_fold_X.corr(),False
classification,RFECA_SVR(k=5),0.05,4,4,1287,321,0,2226660101040,training_fold_X.corr(),False
classification,RFECA_SVR(k=5),0.05,4,5,1287,321,0,2222895700624,training_fold_X.corr(),False
classification,RFECA_SVR(k=10),0.05,4,1,1286,322,0,2222895938960,training_fold_X.corr(),False
classification,RFECA_SVR(k=10),0.05,4,2,1286,322,0,2222896177776,training_fold_X.corr(),False
classification,RFECA_SVR(k=10),0.05,4,3,1286,322,0,2216839083664,training_fold_X.corr(),False
classification,RFECA_SVR(k=10),0.05,4,4,1287,321,0,2216839212720,training_fold_X.corr(),False
classification,RFECA_SVR(k=10),0.05,4,5,1287,321,0,2227607477328,training_fold_X.corr(),False
classification,RFECA_SVR(k=20),0.05,4,1,1286,322,0,2227607373872,training_fold_X.corr(),False
classification,RFECA_SVR(k=20),0.05,4,2,1286,322,0,2227607972880,training_fold_X.corr(),False
classification,RFECA_SVR(k=20),0.05,4,3,1286,322,0,2229203171632,training_fold_X.corr(),False
classification,RFECA_SVR(k=20),0.05,4,4,1287,321,0,2229203934512,training_fold_X.corr(),False
classification,RFECA_SVR(k=20),0.05,4,5,1287,321,0,2222446886288,training_fold_X.corr(),False
classification,MissForest,0.05,4,1,1286,322,0,2214837086288,n/a,False
classification,MissForest,0.05,4,2,1286,322,0,2214837078928,n/a,False
classification,MissForest,0.05,4,3,1286,322,0,2214837079568,n/a,False
classification,MissForest,0.05,4,4,1287,321,0,2221849512208,n/a,False
classification,MissForest,0.05,4,5,1287,321,0,2214837084368,n/a,False
imputation,SimpleMean,0.05,5,1,1286,322,0,2214785351312,n/a,False
imputation,SimpleMean,0.05,5,2,1286,322,0,2214785351504,n/a,False
imputation,SimpleMean,0.05,5,3,1286,322,0,2214785349008,n/a,False
imputation,SimpleMean,0.05,5,4,1287,321,0,2215094190160,n/a,False
imputation,SimpleMean,0.05,5,5,1287,321,0,2215094190352,n/a,False
imputation,"KNN(k=5,dist)",0.05,5,1,1286,322,0,2215094190544,n/a,False
imputation,"KNN(k=5,dist)",0.05,5,2,1286,322,0,2215094190736,n/a,False
imputation,"KNN(k=5,dist)",0.05,5,3,1286,322,0,2215094190928,n/a,False
imputation,"KNN(k=5,dist)",0.05,5,4,1287,321,0,2215094191120,n/a,False
imputation,"KNN(k=5,dist)",0.05,5,5,1287,321,0,2215094191312,n/a,False
imputation,RFECA_SVR(k=5),0.05,5,1,1286,322,0,2214786629008,training_fold_X.corr(),False
imputation,RFECA_SVR(k=5),0.05,5,2,1286,322,0,2214786628784,training_fold_X.corr(),False
imputation,RFECA_SVR(k=5),0.05,5,3,1286,322,0,2214786628560,training_fold_X.corr(),False
imputation,RFECA_SVR(k=5),0.05,5,4,1287,321,0,2214786627888,training_fold_X.corr(),False
imputation,RFECA_SVR(k=5),0.05,5,5,1287,321,0,2214786628336,training_fold_X.corr(),False
imputation,RFECA_SVR(k=10),0.05,5,1,1286,322,0,2214786628112,training_fold_X.corr(),False
imputation,RFECA_SVR(k=10),0.05,5,2,1286,322,0,2214786627440,training_fold_X.corr(),False
imputation,RFECA_SVR(k=10),0.05,5,3,1286,322,0,2216520497008,training_fold_X.corr(),False
imputation,RFECA_SVR(k=10),0.05,5,4,1287,321,0,2216520487824,training_fold_X.corr(),False
imputation,RFECA_SVR(k=10),0.05,5,5,1287,321,0,2216520489392,training_fold_X.corr(),False
imputation,RFECA_SVR(k=20),0.05,5,1,1286,322,0,2216520489616,training_fold_X.corr(),False
imputation,RFECA_SVR(k=20),0.05,5,2,1286,322,0,2216520488496,training_fold_X.corr(),False
imputation,RFECA_SVR(k=20),0.05,5,3,1286,322,0,2216520490512,training_fold_X.corr(),False
imputation,RFECA_SVR(k=20),0.05,5,4,1287,321,0,2216520490288,training_fold_X.corr(),False
imputation,RFECA_SVR(k=20),0.05,5,5,1287,321,0,2216520490064,training_fold_X.corr(),False
imputation,MissForest,0.05,5,1,1286,322,0,2214837089168,n/a,False
imputation,MissForest,0.05,5,2,1286,322,0,2214837076048,n/a,False
imputation,MissForest,0.05,5,3,1286,322,0,2214837083088,n/a,False
imputation,MissForest,0.05,5,4,1287,321,0,2214837077328,n/a,False
imputation,MissForest,0.05,5,5,1287,321,0,2214837091408,n/a,False
classification,SimpleMean,0.05,5,1,1286,322,0,2222951112080,n/a,False
classification,SimpleMean,0.05,5,2,1286,322,0,2222951112656,n/a,False
classification,SimpleMean,0.05,5,3,1286,322,0,2222951446672,n/a,False
classification,SimpleMean,0.05,5,4,1287,321,0,2222950977936,n/a,False
classification,SimpleMean,0.05,5,5,1287,321,0,2226660796624,n/a,False
classification,"KNN(k=5,dist)",0.05,5,1,1286,322,0,2222951112464,n/a,False
classification,"KNN(k=5,dist)",0.05,5,2,1286,322,0,2226660432528,n/a,False
classification,"KNN(k=5,dist)",0.05,5,3,1286,322,0,2222951806736,n/a,False
classification,"KNN(k=5,dist)",0.05,5,4,1287,321,0,2222951992784,n/a,False
classification,"KNN(k=5,dist)",0.05,5,5,1287,321,0,2222951933584,n/a,False
classification,RFECA_SVR(k=5),0.05,5,1,1286,322,0,2216705608176,training_fold_X.corr(),False
classification,RFECA_SVR(k=5),0.05,5,2,1286,322,0,2216705155920,training_fold_X.corr(),False
classification,RFECA_SVR(k=5),0.05,5,3,1286,322,0,2222948094192,training_fold_X.corr(),False
classification,RFECA_SVR(k=5),0.05,5,4,1287,321,0,2222948005744,training_fold_X.corr(),False
classification,RFECA_SVR(k=5),0.05,5,5,1287,321,0,2229103093456,training_fold_X.corr(),False
classification,RFECA_SVR(k=10),0.05,5,1,1286,322,0,2229102998960,training_fold_X.corr(),False
classification,RFECA_SVR(k=10),0.05,5,2,1286,322,0,2229102812016,training_fold_X.corr(),False
classification,RFECA_SVR(k=10),0.05,5,3,1286,322,0,2216972272144,training_fold_X.corr(),False
classification,RFECA_SVR(k=10),0.05,5,4,1287,321,0,2216973166064,training_fold_X.corr(),False
classification,RFECA_SVR(k=10),0.05,5,5,1287,321,0,2222950429680,training_fold_X.corr(),False
classification,RFECA_SVR(k=20),0.05,5,1,1286,322,0,2222950477712,training_fold_X.corr(),False
classification,RFECA_SVR(k=20),0.05,5,2,1286,322,0,2222447515408,training_fold_X.corr(),False
classification,RFECA_SVR(k=20),0.05,5,3,1286,322,0,2222446888112,training_fold_X.corr(),False
classification,RFECA_SVR(k=20),0.05,5,4,1287,321,0,2222447419120,training_fold_X.corr(),False
classification,RFECA_SVR(k=20),0.05,5,5,1287,321,0,2222988166320,training_fold_X.corr(),False
classification,MissForest,0.05,5,1,1286,322,0,2214837081168,n/a,False
classification,MissForest,0.05,5,2,1286,322,0,2214837078928,n/a,False
classification,MissForest,0.05,5,3,1286,322,0,2221849522768,n/a,False
classification,MissForest,0.05,5,4,1287,321,0,2214837088208,n/a,False
classification,MissForest,0.05,5,5,1287,321,0,2214837087888,n/a,False
imputation,SimpleMean,0.05,6,1,1286,322,0,2214785351312,n/a,False
imputation,SimpleMean,0.05,6,2,1286,322,0,2214785351504,n/a,False
imputation,SimpleMean,0.05,6,3,1286,322,0,2214785349008,n/a,False
imputation,SimpleMean,0.05,6,4,1287,321,0,2216253325392,n/a,False
imputation,SimpleMean,0.05,6,5,1287,321,0,2216253325584,n/a,False
imputation,"KNN(k=5,dist)",0.05,6,1,1286,322,0,2216253325776,n/a,False
imputation,"KNN(k=5,dist)",0.05,6,2,1286,322,0,2216253325968,n/a,False
imputation,"KNN(k=5,dist)",0.05,6,3,1286,322,0,2216253326160,n/a,False
imputation,"KNN(k=5,dist)",0.05,6,4,1287,321,0,2216253326352,n/a,False
imputation,"KNN(k=5,dist)",0.05,6,5,1287,321,0,2216253326544,n/a,False
imputation,RFECA_SVR(k=5),0.05,6,1,1286,322,0,2214786628560,training_fold_X.corr(),False
imputation,RFECA_SVR(k=5),0.05,6,2,1286,322,0,2214786627888,training_fold_X.corr(),False
imputation,RFECA_SVR(k=5),0.05,6,3,1286,322,0,2214786628336,training_fold_X.corr(),False
imputation,RFECA_SVR(k=5),0.05,6,4,1287,321,0,2214786628112,training_fold_X.corr(),False
imputation,RFECA_SVR(k=5),0.05,6,5,1287,321,0,2214786627440,training_fold_X.corr(),False
imputation,RFECA_SVR(k=10),0.05,6,1,1286,322,0,2214786629008,training_fold_X.corr(),False
imputation,RFECA_SVR(k=10),0.05,6,2,1286,322,0,2214786628784,training_fold_X.corr(),False
imputation,RFECA_SVR(k=10),0.05,6,3,1286,322,0,2215195880912,training_fold_X.corr(),False
imputation,RFECA_SVR(k=10),0.05,6,4,1287,321,0,2215195875088,training_fold_X.corr(),False
imputation,RFECA_SVR(k=10),0.05,6,5,1287,321,0,2215195869264,training_fold_X.corr(),False
imputation,RFECA_SVR(k=20),0.05,6,1,1286,322,0,2215195871504,training_fold_X.corr(),False
imputation,RFECA_SVR(k=20),0.05,6,2,1286,322,0,2215195874416,training_fold_X.corr(),False
imputation,RFECA_SVR(k=20),0.05,6,3,1286,322,0,2215195872400,training_fold_X.corr(),False
imputation,RFECA_SVR(k=20),0.05,6,4,1287,321,0,2215195869712,training_fold_X.corr(),False
imputation,RFECA_SVR(k=20),0.05,6,5,1287,321,0,2215195883600,training_fold_X.corr(),False
imputation,MissForest,0.05,6,1,1286,322,0,2214786088336,n/a,False
imputation,MissForest,0.05,6,2,1286,322,0,2214786088656,n/a,False
imputation,MissForest,0.05,6,3,1286,322,0,2221849522128,n/a,False
imputation,MissForest,0.05,6,4,1287,321,0,2214837080848,n/a,False
imputation,MissForest,0.05,6,5,1287,321,0,2214837086928,n/a,False
classification,SimpleMean,0.05,6,1,1286,322,0,2222988485328,n/a,False
classification,SimpleMean,0.05,6,2,1286,322,0,2222988485520,n/a,False
classification,SimpleMean,0.05,6,3,1286,322,0,2222988688464,n/a,False
classification,SimpleMean,0.05,6,4,1287,321,0,2222988940048,n/a,False
classification,SimpleMean,0.05,6,5,1287,321,0,2222989389328,n/a,False
classification,"KNN(k=5,dist)",0.05,6,1,1286,322,0,2222988484944,n/a,False
classification,"KNN(k=5,dist)",0.05,6,2,1286,322,0,2222951554448,n/a,False
classification,"KNN(k=5,dist)",0.05,6,3,1286,322,0,2229854701328,n/a,False
classification,"KNN(k=5,dist)",0.05,6,4,1287,321,0,2222447300240,n/a,False
classification,"KNN(k=5,dist)",0.05,6,5,1287,321,0,2222447470416,n/a,False
classification,RFECA_SVR(k=5),0.05,6,1,1286,322,0,2227607567536,training_fold_X.corr(),False
classification,RFECA_SVR(k=5),0.05,6,2,1286,322,0,2227608068944,training_fold_X.corr(),False
classification,RFECA_SVR(k=5),0.05,6,3,1286,322,0,2226660570320,training_fold_X.corr(),False
classification,RFECA_SVR(k=5),0.05,6,4,1287,321,0,2226660106416,training_fold_X.corr(),False
classification,RFECA_SVR(k=5),0.05,6,5,1287,321,0,2225562522512,training_fold_X.corr(),False
classification,RFECA_SVR(k=10),0.05,6,1,1286,322,0,2225563056656,training_fold_X.corr(),False
classification,RFECA_SVR(k=10),0.05,6,2,1286,322,0,2222951772048,training_fold_X.corr(),False
classification,RFECA_SVR(k=10),0.05,6,3,1286,322,0,2222952546384,training_fold_X.corr(),False
classification,RFECA_SVR(k=10),0.05,6,4,1287,321,0,2216705544880,training_fold_X.corr(),False
classification,RFECA_SVR(k=10),0.05,6,5,1287,321,0,2216705585040,training_fold_X.corr(),False
classification,RFECA_SVR(k=20),0.05,6,1,1286,322,0,2216705372720,training_fold_X.corr(),False
classification,RFECA_SVR(k=20),0.05,6,2,1286,322,0,2222988020880,training_fold_X.corr(),False
classification,RFECA_SVR(k=20),0.05,6,3,1286,322,0,2222988276048,training_fold_X.corr(),False
classification,RFECA_SVR(k=20),0.05,6,4,1287,321,0,2228006738128,training_fold_X.corr(),False
classification,RFECA_SVR(k=20),0.05,6,5,1287,321,0,2228006796240,training_fold_X.corr(),False
classification,MissForest,0.05,6,1,1286,322,0,2214837087568,n/a,False
classification,MissForest,0.05,6,2,1286,322,0,2221849519888,n/a,False
classification,MissForest,0.05,6,3,1286,322,0,2214837083728,n/a,False
classification,MissForest,0.05,6,4,1287,321,0,2221849519248,n/a,False
classification,MissForest,0.05,6,5,1287,321,0,2214837091408,n/a,False
imputation,SimpleMean,0.05,7,1,1286,322,0,2214785351312,n/a,False
imputation,SimpleMean,0.05,7,2,1286,322,0,2214785351504,n/a,False
imputation,SimpleMean,0.05,7,3,1286,322,0,2214785349008,n/a,False
imputation,SimpleMean,0.05,7,4,1287,321,0,2216705638480,n/a,False
imputation,SimpleMean,0.05,7,5,1287,321,0,2216705638672,n/a,False
imputation,"KNN(k=5,dist)",0.05,7,1,1286,322,0,2216705638864,n/a,False
imputation,"KNN(k=5,dist)",0.05,7,2,1286,322,0,2216705639056,n/a,False
imputation,"KNN(k=5,dist)",0.05,7,3,1286,322,0,2216705639248,n/a,False
imputation,"KNN(k=5,dist)",0.05,7,4,1287,321,0,2216705639440,n/a,False
imputation,"KNN(k=5,dist)",0.05,7,5,1287,321,0,2216705639632,n/a,False
imputation,RFECA_SVR(k=5),0.05,7,1,1286,322,0,2214786628336,training_fold_X.corr(),False
imputation,RFECA_SVR(k=5),0.05,7,2,1286,322,0,2214786628112,training_fold_X.corr(),False
imputation,RFECA_SVR(k=5),0.05,7,3,1286,322,0,2214786627440,training_fold_X.corr(),False
imputation,RFECA_SVR(k=5),0.05,7,4,1287,321,0,2214786629008,training_fold_X.corr(),False
imputation,RFECA_SVR(k=5),0.05,7,5,1287,321,0,2214786628784,training_fold_X.corr(),False
imputation,RFECA_SVR(k=10),0.05,7,1,1286,322,0,2214786628560,training_fold_X.corr(),False
imputation,RFECA_SVR(k=10),0.05,7,2,1286,322,0,2214786627888,training_fold_X.corr(),False
imputation,RFECA_SVR(k=10),0.05,7,3,1286,322,0,2214837241680,training_fold_X.corr(),False
imputation,RFECA_SVR(k=10),0.05,7,4,1287,321,0,2214837240784,training_fold_X.corr(),False
imputation,RFECA_SVR(k=10),0.05,7,5,1287,321,0,2214837242128,training_fold_X.corr(),False
imputation,RFECA_SVR(k=20),0.05,7,1,1286,322,0,2214837245264,training_fold_X.corr(),False
imputation,RFECA_SVR(k=20),0.05,7,2,1286,322,0,2214837251312,training_fold_X.corr(),False
imputation,RFECA_SVR(k=20),0.05,7,3,1286,322,0,2214837245712,training_fold_X.corr(),False
imputation,RFECA_SVR(k=20),0.05,7,4,1287,321,0,2214837254896,training_fold_X.corr(),False
imputation,RFECA_SVR(k=20),0.05,7,5,1287,321,0,2214837248400,training_fold_X.corr(),False
imputation,MissForest,0.05,7,1,1286,322,0,2214837087568,n/a,False
imputation,MissForest,0.05,7,2,1286,322,0,2214837080848,n/a,False
imputation,MissForest,0.05,7,3,1286,322,0,2221849514768,n/a,False
imputation,MissForest,0.05,7,4,1287,321,0,2214837078608,n/a,False
imputation,MissForest,0.05,7,5,1287,321,0,2214837092048,n/a,False
classification,SimpleMean,0.05,7,1,1286,322,0,2216654446736,n/a,False
classification,SimpleMean,0.05,7,2,1286,322,0,2216654446160,n/a,False
classification,SimpleMean,0.05,7,3,1286,322,0,2216654421264,n/a,False
classification,SimpleMean,0.05,7,4,1287,321,0,2216654610384,n/a,False
classification,SimpleMean,0.05,7,5,1287,321,0,2216654429008,n/a,False
classification,"KNN(k=5,dist)",0.05,7,1,1286,322,0,2216654441168,n/a,False
classification,"KNN(k=5,dist)",0.05,7,2,1286,322,0,2222949098000,n/a,False
classification,"KNN(k=5,dist)",0.05,7,3,1286,322,0,2222948760080,n/a,False
classification,"KNN(k=5,dist)",0.05,7,4,1287,321,0,2222951092624,n/a,False
classification,"KNN(k=5,dist)",0.05,7,5,1287,321,0,2222951376720,n/a,False
classification,RFECA_SVR(k=5),0.05,7,1,1286,322,0,2222989456816,training_fold_X.corr(),False
classification,RFECA_SVR(k=5),0.05,7,2,1286,322,0,2222447510032,training_fold_X.corr(),False
classification,RFECA_SVR(k=5),0.05,7,3,1286,322,0,2222447633232,training_fold_X.corr(),False
classification,RFECA_SVR(k=5),0.05,7,4,1287,321,0,2222447841072,training_fold_X.corr(),False
classification,RFECA_SVR(k=5),0.05,7,5,1287,321,0,2222896355088,training_fold_X.corr(),False
classification,RFECA_SVR(k=10),0.05,7,1,1286,322,0,2222896429584,training_fold_X.corr(),False
classification,RFECA_SVR(k=10),0.05,7,2,1286,322,0,2229203918576,training_fold_X.corr(),False
classification,RFECA_SVR(k=10),0.05,7,3,1286,322,0,2227607719952,training_fold_X.corr(),False
classification,RFECA_SVR(k=10),0.05,7,4,1287,321,0,2227607245712,training_fold_X.corr(),False
classification,RFECA_SVR(k=10),0.05,7,5,1287,321,0,2228006645648,training_fold_X.corr(),False
classification,RFECA_SVR(k=20),0.05,7,1,1286,322,0,2228006669232,training_fold_X.corr(),False
classification,RFECA_SVR(k=20),0.05,7,2,1286,322,0,2221849630928,training_fold_X.corr(),False
classification,RFECA_SVR(k=20),0.05,7,3,1286,322,0,2221849394352,training_fold_X.corr(),False
classification,RFECA_SVR(k=20),0.05,7,4,1287,321,0,2221848994640,training_fold_X.corr(),False
classification,RFECA_SVR(k=20),0.05,7,5,1287,321,0,2222930413616,training_fold_X.corr(),False
classification,MissForest,0.05,7,1,1286,322,0,2214837076048,n/a,False
classification,MissForest,0.05,7,2,1286,322,0,2221849519888,n/a,False
classification,MissForest,0.05,7,3,1286,322,0,2214837083408,n/a,False
classification,MissForest,0.05,7,4,1287,321,0,2214837080528,n/a,False
classification,MissForest,0.05,7,5,1287,321,0,2214837082128,n/a,False
imputation,SimpleMean,0.05,8,1,1286,322,0,2214785351312,n/a,False
imputation,SimpleMean,0.05,8,2,1286,322,0,2214785351504,n/a,False
imputation,SimpleMean,0.05,8,3,1286,322,0,2214785349008,n/a,False
imputation,SimpleMean,0.05,8,4,1287,321,0,2216654782544,n/a,False
imputation,SimpleMean,0.05,8,5,1287,321,0,2216654782736,n/a,False
imputation,"KNN(k=5,dist)",0.05,8,1,1286,322,0,2216654782928,n/a,False
imputation,"KNN(k=5,dist)",0.05,8,2,1286,322,0,2216654783120,n/a,False
imputation,"KNN(k=5,dist)",0.05,8,3,1286,322,0,2216654783312,n/a,False
imputation,"KNN(k=5,dist)",0.05,8,4,1287,321,0,2216654784080,n/a,False
imputation,"KNN(k=5,dist)",0.05,8,5,1287,321,0,2216654784464,n/a,False
imputation,RFECA_SVR(k=5),0.05,8,1,1286,322,0,2214786627440,training_fold_X.corr(),False
imputation,RFECA_SVR(k=5),0.05,8,2,1286,322,0,2214786629008,training_fold_X.corr(),False
imputation,RFECA_SVR(k=5),0.05,8,3,1286,322,0,2214786628784,training_fold_X.corr(),False
imputation,RFECA_SVR(k=5),0.05,8,4,1287,321,0,2214786628560,training_fold_X.corr(),False
imputation,RFECA_SVR(k=5),0.05,8,5,1287,321,0,2214786627888,training_fold_X.corr(),False
imputation,RFECA_SVR(k=10),0.05,8,1,1286,322,0,2214786628336,training_fold_X.corr(),False
imputation,RFECA_SVR(k=10),0.05,8,2,1286,322,0,2214786628112,training_fold_X.corr(),False
imputation,RFECA_SVR(k=10),0.05,8,3,1286,322,0,2216520497008,training_fold_X.corr(),False
imputation,RFECA_SVR(k=10),0.05,8,4,1287,321,0,2216520487824,training_fold_X.corr(),False
imputation,RFECA_SVR(k=10),0.05,8,5,1287,321,0,2216520489392,training_fold_X.corr(),False
imputation,RFECA_SVR(k=20),0.05,8,1,1286,322,0,2216520489616,training_fold_X.corr(),False
imputation,RFECA_SVR(k=20),0.05,8,2,1286,322,0,2216520488496,training_fold_X.corr(),False
imputation,RFECA_SVR(k=20),0.05,8,3,1286,322,0,2216520490512,training_fold_X.corr(),False
imputation,RFECA_SVR(k=20),0.05,8,4,1287,321,0,2216520490288,training_fold_X.corr(),False
imputation,RFECA_SVR(k=20),0.05,8,5,1287,321,0,2216520490064,training_fold_X.corr(),False
imputation,MissForest,0.05,8,1,1286,322,0,2214786084816,n/a,False
imputation,MissForest,0.05,8,2,1286,322,0,2214786085136,n/a,False
imputation,MissForest,0.05,8,3,1286,322,0,2214837087248,n/a,False
imputation,MissForest,0.05,8,4,1287,321,0,2214837090768,n/a,False
imputation,MissForest,0.05,8,5,1287,321,0,2214837081488,n/a,False
classification,SimpleMean,0.05,8,1,1286,322,0,2222987812624,n/a,False
classification,SimpleMean,0.05,8,2,1286,322,0,2222987812240,n/a,False
classification,SimpleMean,0.05,8,3,1286,322,0,2222987802960,n/a,False
classification,SimpleMean,0.05,8,4,1287,321,0,2222988186384,n/a,False
classification,SimpleMean,0.05,8,5,1287,321,0,2216838785232,n/a,False
classification,"KNN(k=5,dist)",0.05,8,1,1286,322,0,2222987807440,n/a,False
classification,"KNN(k=5,dist)",0.05,8,2,1286,322,0,2216839438864,n/a,False
classification,"KNN(k=5,dist)",0.05,8,3,1286,322,0,2222948022224,n/a,False
classification,"KNN(k=5,dist)",0.05,8,4,1287,321,0,2222987415184,n/a,False
classification,"KNN(k=5,dist)",0.05,8,5,1287,321,0,2222947576016,n/a,False
classification,RFECA_SVR(k=5),0.05,8,1,1286,322,0,2216654667856,training_fold_X.corr(),False
classification,RFECA_SVR(k=5),0.05,8,2,1286,322,0,2229103065168,training_fold_X.corr(),False
classification,RFECA_SVR(k=5),0.05,8,3,1286,322,0,2216654686928,training_fold_X.corr(),False
classification,RFECA_SVR(k=5),0.05,8,4,1287,321,0,2222948994416,training_fold_X.corr(),False
classification,RFECA_SVR(k=5),0.05,8,5,1287,321,0,2222948554064,training_fold_X.corr(),False
classification,RFECA_SVR(k=10),0.05,8,1,1286,322,0,2222989455696,training_fold_X.corr(),False
classification,RFECA_SVR(k=10),0.05,8,2,1286,322,0,2222989500144,training_fold_X.corr(),False
classification,RFECA_SVR(k=10),0.05,8,3,1286,322,0,2222950709328,training_fold_X.corr(),False
classification,RFECA_SVR(k=10),0.05,8,4,1287,321,0,2221849028976,training_fold_X.corr(),False
classification,RFECA_SVR(k=10),0.05,8,5,1287,321,0,2221849153104,training_fold_X.corr(),False
classification,RFECA_SVR(k=20),0.05,8,1,1286,322,0,2222929949456,training_fold_X.corr(),False
classification,RFECA_SVR(k=20),0.05,8,2,1286,322,0,2222930043952,training_fold_X.corr(),False
classification,RFECA_SVR(k=20),0.05,8,3,1286,322,0,2222929966512,training_fold_X.corr(),False
classification,RFECA_SVR(k=20),0.05,8,4,1287,321,0,2229603771440,training_fold_X.corr(),False
classification,RFECA_SVR(k=20),0.05,8,5,1287,321,0,2229603564720,training_fold_X.corr(),False
classification,MissForest,0.05,8,1,1286,322,0,2214837083728,n/a,False
classification,MissForest,0.05,8,2,1286,322,0,2214837082128,n/a,False
classification,MissForest,0.05,8,3,1286,322,0,2221849525328,n/a,False
classification,MissForest,0.05,8,4,1287,321,0,2221849522448,n/a,False
classification,MissForest,0.05,8,5,1287,321,0,2221849516368,n/a,False
imputation,SimpleMean,0.05,9,1,1286,322,0,2214785351312,n/a,False
imputation,SimpleMean,0.05,9,2,1286,322,0,2214785351504,n/a,False
imputation,SimpleMean,0.05,9,3,1286,322,0,2214785349008,n/a,False
imputation,SimpleMean,0.05,9,4,1287,321,0,2229102592272,n/a,False
imputation,SimpleMean,0.05,9,5,1287,321,0,2229102592080,n/a,False
imputation,"KNN(k=5,dist)",0.05,9,1,1286,322,0,2229102592464,n/a,False
imputation,"KNN(k=5,dist)",0.05,9,2,1286,322,0,2229102592656,n/a,False
imputation,"KNN(k=5,dist)",0.05,9,3,1286,322,0,2229102592848,n/a,False
imputation,"KNN(k=5,dist)",0.05,9,4,1287,321,0,2229102593040,n/a,False
imputation,"KNN(k=5,dist)",0.05,9,5,1287,321,0,2229102593232,n/a,False
imputation,RFECA_SVR(k=5),0.05,9,1,1286,322,0,2214786628784,training_fold_X.corr(),False
imputation,RFECA_SVR(k=5),0.05,9,2,1286,322,0,2214786628560,training_fold_X.corr(),False
imputation,RFECA_SVR(k=5),0.05,9,3,1286,322,0,2214786627888,training_fold_X.corr(),False
imputation,RFECA_SVR(k=5),0.05,9,4,1287,321,0,2214786628336,training_fold_X.corr(),False
imputation,RFECA_SVR(k=5),0.05,9,5,1287,321,0,2214786628112,training_fold_X.corr(),False
imputation,RFECA_SVR(k=10),0.05,9,1,1286,322,0,2214786627440,training_fold_X.corr(),False
imputation,RFECA_SVR(k=10),0.05,9,2,1286,322,0,2214786629008,training_fold_X.corr(),False
imputation,RFECA_SVR(k=10),0.05,9,3,1286,322,0,2215195878672,training_fold_X.corr(),False
imputation,RFECA_SVR(k=10),0.05,9,4,1287,321,0,2215195884720,training_fold_X.corr(),False
imputation,RFECA_SVR(k=10),0.05,9,5,1287,321,0,2215195882704,training_fold_X.corr(),False
imputation,RFECA_SVR(k=20),0.05,9,1,1286,322,0,2215195875536,training_fold_X.corr(),False
imputation,RFECA_SVR(k=20),0.05,9,2,1286,322,0,2215195885168,training_fold_X.corr(),False
imputation,RFECA_SVR(k=20),0.05,9,3,1286,322,0,2215195875088,training_fold_X.corr(),False
imputation,RFECA_SVR(k=20),0.05,9,4,1287,321,0,2215195878896,training_fold_X.corr(),False
imputation,RFECA_SVR(k=20),0.05,9,5,1287,321,0,2215195870832,training_fold_X.corr(),False
imputation,MissForest,0.05,9,1,1286,322,0,2214837076368,n/a,False
imputation,MissForest,0.05,9,2,1286,322,0,2214837087248,n/a,False
imputation,MissForest,0.05,9,3,1286,322,0,2214837076048,n/a,False
imputation,MissForest,0.05,9,4,1287,321,0,2221849510288,n/a,False
imputation,MissForest,0.05,9,5,1287,321,0,2221849521808,n/a,False
classification,SimpleMean,0.05,9,1,1286,322,0,2216972918928,n/a,False
classification,SimpleMean,0.05,9,2,1286,322,0,2216972918736,n/a,False
classification,SimpleMean,0.05,9,3,1286,322,0,2222950431632,n/a,False
classification,SimpleMean,0.05,9,4,1287,321,0,2222949553104,n/a,False
classification,SimpleMean,0.05,9,5,1287,321,0,2222949789008,n/a,False
classification,"KNN(k=5,dist)",0.05,9,1,1286,322,0,2216972913360,n/a,False
classification,"KNN(k=5,dist)",0.05,9,2,1286,322,0,2226660236880,n/a,False
classification,"KNN(k=5,dist)",0.05,9,3,1286,322,0,2222447523600,n/a,False
classification,"KNN(k=5,dist)",0.05,9,4,1287,321,0,2222447251280,n/a,False
classification,"KNN(k=5,dist)",0.05,9,5,1287,321,0,2222447667408,n/a,False
classification,RFECA_SVR(k=5),0.05,9,1,1286,322,0,2216839006480,training_fold_X.corr(),False
classification,RFECA_SVR(k=5),0.05,9,2,1286,322,0,2216838784944,training_fold_X.corr(),False
classification,RFECA_SVR(k=5),0.05,9,3,1286,322,0,2216838951024,training_fold_X.corr(),False
classification,RFECA_SVR(k=5),0.05,9,4,1287,321,0,2222948095312,training_fold_X.corr(),False
classification,RFECA_SVR(k=5),0.05,9,5,1287,321,0,2222948199888,training_fold_X.corr(),False
classification,RFECA_SVR(k=10),0.05,9,1,1286,322,0,2229102660304,training_fold_X.corr(),False
classification,RFECA_SVR(k=10),0.05,9,2,1286,322,0,2229103237328,training_fold_X.corr(),False
classification,RFECA_SVR(k=10),0.05,9,3,1286,322,0,2229603516720,training_fold_X.corr(),False
classification,RFECA_SVR(k=10),0.05,9,4,1287,321,0,2216654506928,training_fold_X.corr(),False
classification,RFECA_SVR(k=10),0.05,9,5,1287,321,0,2216654014736,training_fold_X.corr(),False
classification,RFECA_SVR(k=20),0.05,9,1,1286,322,0,2222930832624,training_fold_X.corr(),False
classification,RFECA_SVR(k=20),0.05,9,2,1286,322,0,2221201380016,training_fold_X.corr(),False
classification,RFECA_SVR(k=20),0.05,9,3,1286,322,0,2221201488176,training_fold_X.corr(),False
classification,RFECA_SVR(k=20),0.05,9,4,1287,321,0,2221202119984,training_fold_X.corr(),False
classification,RFECA_SVR(k=20),0.05,9,5,1287,321,0,2228571307408,training_fold_X.corr(),False
classification,MissForest,0.05,9,1,1286,322,0,2214837081488,n/a,False
classification,MissForest,0.05,9,2,1286,322,0,2221849515088,n/a,False
classification,MissForest,0.05,9,3,1286,322,0,2221849522128,n/a,False
classification,MissForest,0.05,9,4,1287,321,0,2221849511888,n/a,False
classification,MissForest,0.05,9,5,1287,321,0,2214837077328,n/a,False
imputation,SimpleMean,0.1,0,1,1286,322,0,2214785351312,n/a,False
imputation,SimpleMean,0.1,0,2,1286,322,0,2214785351504,n/a,False
imputation,SimpleMean,0.1,0,3,1286,322,0,2214785349008,n/a,False
imputation,SimpleMean,0.1,0,4,1287,321,0,2215631684048,n/a,False
imputation,SimpleMean,0.1,0,5,1287,321,0,2215631683856,n/a,False
imputation,"KNN(k=5,dist)",0.1,0,1,1286,322,0,2215631684240,n/a,False
imputation,"KNN(k=5,dist)",0.1,0,2,1286,322,0,2215631684432,n/a,False
imputation,"KNN(k=5,dist)",0.1,0,3,1286,322,0,2215631684624,n/a,False
imputation,"KNN(k=5,dist)",0.1,0,4,1287,321,0,2215631684816,n/a,False
imputation,"KNN(k=5,dist)",0.1,0,5,1287,321,0,2215631685008,n/a,False
imputation,RFECA_SVR(k=5),0.1,0,1,1286,322,0,2214786627888,training_fold_X.corr(),False
imputation,RFECA_SVR(k=5),0.1,0,2,1286,322,0,2214786628336,training_fold_X.corr(),False
imputation,RFECA_SVR(k=5),0.1,0,3,1286,322,0,2214786628112,training_fold_X.corr(),False
imputation,RFECA_SVR(k=5),0.1,0,4,1287,321,0,2214786627440,training_fold_X.corr(),False
imputation,RFECA_SVR(k=5),0.1,0,5,1287,321,0,2214786629008,training_fold_X.corr(),False
imputation,RFECA_SVR(k=10),0.1,0,1,1286,322,0,2214786628784,training_fold_X.corr(),False
imputation,RFECA_SVR(k=10),0.1,0,2,1286,322,0,2214786628560,training_fold_X.corr(),False
imputation,RFECA_SVR(k=10),0.1,0,3,1286,322,0,2214837244368,training_fold_X.corr(),False
imputation,RFECA_SVR(k=10),0.1,0,4,1287,321,0,2214837241680,training_fold_X.corr(),False
imputation,RFECA_SVR(k=10),0.1,0,5,1287,321,0,2214837240784,training_fold_X.corr(),False
imputation,RFECA_SVR(k=20),0.1,0,1,1286,322,0,2214837242128,training_fold_X.corr(),False
imputation,RFECA_SVR(k=20),0.1,0,2,1286,322,0,2214837245264,training_fold_X.corr(),False
imputation,RFECA_SVR(k=20),0.1,0,3,1286,322,0,2214837251312,training_fold_X.corr(),False
imputation,RFECA_SVR(k=20),0.1,0,4,1287,321,0,2214837245712,training_fold_X.corr(),False
imputation,RFECA_SVR(k=20),0.1,0,5,1287,321,0,2214837254896,training_fold_X.corr(),False
imputation,MissForest,0.1,0,1,1286,322,0,2214837089808,n/a,False
imputation,MissForest,0.1,0,2,1286,322,0,2214837092048,n/a,False
imputation,MissForest,0.1,0,3,1286,322,0,2214837076368,n/a,False
imputation,MissForest,0.1,0,4,1287,321,0,2214786084176,n/a,False
imputation,MissForest,0.1,0,5,1287,321,0,2221849522128,n/a,False
classification,SimpleMean,0.1,0,1,1286,322,0,2216972263760,n/a,False
classification,SimpleMean,0.1,0,2,1286,322,0,2216972262992,n/a,False
classification,SimpleMean,0.1,0,3,1286,322,0,2216972712656,n/a,False
classification,SimpleMean,0.1,0,4,1287,321,0,2216973128464,n/a,False
classification,SimpleMean,0.1,0,5,1287,321,0,2225562529104,n/a,False
classification,"KNN(k=5,dist)",0.1,0,1,1286,322,0,2216972258192,n/a,False
classification,"KNN(k=5,dist)",0.1,0,2,1286,322,0,2216705367632,n/a,False
classification,"KNN(k=5,dist)",0.1,0,3,1286,322,0,2216705160976,n/a,False
classification,"KNN(k=5,dist)",0.1,0,4,1287,321,0,2216705379984,n/a,False
classification,"KNN(k=5,dist)",0.1,0,5,1287,321,0,2222951737168,n/a,False
classification,RFECA_SVR(k=5),0.1,0,1,1286,322,0,2222949550576,training_fold_X.corr(),False
classification,RFECA_SVR(k=5),0.1,0,2,1286,322,0,2226660593680,training_fold_X.corr(),False
classification,RFECA_SVR(k=5),0.1,0,3,1286,322,0,2226660004976,training_fold_X.corr(),False
classification,RFECA_SVR(k=5),0.1,0,4,1287,321,0,2226660244208,training_fold_X.corr(),False
classification,RFECA_SVR(k=5),0.1,0,5,1287,321,0,2216839454672,training_fold_X.corr(),False
classification,RFECA_SVR(k=10),0.1,0,1,1286,322,0,2221202275056,training_fold_X.corr(),False
classification,RFECA_SVR(k=10),0.1,0,2,1286,322,0,2221201909904,training_fold_X.corr(),False
classification,RFECA_SVR(k=10),0.1,0,3,1286,322,0,2222447611920,training_fold_X.corr(),False
classification,RFECA_SVR(k=10),0.1,0,4,1287,321,0,2222988407568,training_fold_X.corr(),False
classification,RFECA_SVR(k=10),0.1,0,5,1287,321,0,2222987725744,training_fold_X.corr(),False
classification,RFECA_SVR(k=20),0.1,0,1,1286,322,0,2228571449040,training_fold_X.corr(),False
classification,RFECA_SVR(k=20),0.1,0,2,1286,322,0,2228571229328,training_fold_X.corr(),False
classification,RFECA_SVR(k=20),0.1,0,3,1286,322,0,2228570862128,training_fold_X.corr(),False
classification,RFECA_SVR(k=20),0.1,0,4,1287,321,0,2229803391184,training_fold_X.corr(),False
classification,RFECA_SVR(k=20),0.1,0,5,1287,321,0,2229803139376,training_fold_X.corr(),False
classification,MissForest,0.1,0,1,1286,322,0,2214837078928,n/a,False
classification,MissForest,0.1,0,2,1286,322,0,2214837077328,n/a,False
classification,MissForest,0.1,0,3,1286,322,0,2214837081488,n/a,False
classification,MissForest,0.1,0,4,1287,321,0,2214786085776,n/a,False
classification,MissForest,0.1,0,5,1287,321,0,2221849512208,n/a,False
imputation,SimpleMean,0.1,1,1,1286,322,0,2214785351312,n/a,False
imputation,SimpleMean,0.1,1,2,1286,322,0,2214785351504,n/a,False
imputation,SimpleMean,0.1,1,3,1286,322,0,2214785349008,n/a,False
imputation,SimpleMean,0.1,1,4,1287,321,0,2216972566800,n/a,False
imputation,SimpleMean,0.1,1,5,1287,321,0,2216972566608,n/a,False
imputation,"KNN(k=5,dist)",0.1,1,1,1286,322,0,2216972566992,n/a,False
imputation,"KNN(k=5,dist)",0.1,1,2,1286,322,0,2216972567184,n/a,False
imputation,"KNN(k=5,dist)",0.1,1,3,1286,322,0,2216972567376,n/a,False
imputation,"KNN(k=5,dist)",0.1,1,4,1287,321,0,2216972567568,n/a,False
imputation,"KNN(k=5,dist)",0.1,1,5,1287,321,0,2216972567760,n/a,False
imputation,RFECA_SVR(k=5),0.1,1,1,1286,322,0,2214786628112,training_fold_X.corr(),False
imputation,RFECA_SVR(k=5),0.1,1,2,1286,322,0,2214786627440,training_fold_X.corr(),False
imputation,RFECA_SVR(k=5),0.1,1,3,1286,322,0,2214786629008,training_fold_X.corr(),False
imputation,RFECA_SVR(k=5),0.1,1,4,1287,321,0,2214786628784,training_fold_X.corr(),False
imputation,RFECA_SVR(k=5),0.1,1,5,1287,321,0,2214786628560,training_fold_X.corr(),False
imputation,RFECA_SVR(k=10),0.1,1,1,1286,322,0,2214786627888,training_fold_X.corr(),False
imputation,RFECA_SVR(k=10),0.1,1,2,1286,322,0,2214786628336,training_fold_X.corr(),False
imputation,RFECA_SVR(k=10),0.1,1,3,1286,322,0,2216520498128,training_fold_X.corr(),False
imputation,RFECA_SVR(k=10),0.1,1,4,1287,321,0,2216520484016,training_fold_X.corr(),False
imputation,RFECA_SVR(k=10),0.1,1,5,1287,321,0,2216520487152,training_fold_X.corr(),False
imputation,RFECA_SVR(k=20),0.1,1,1,1286,322,0,2216520497680,training_fold_X.corr(),False
imputation,RFECA_SVR(k=20),0.1,1,2,1286,322,0,2216520494544,training_fold_X.corr(),False
imputation,RFECA_SVR(k=20),0.1,1,3,1286,322,0,2216520490736,training_fold_X.corr(),False
imputation,RFECA_SVR(k=20),0.1,1,4,1287,321,0,2216520488048,training_fold_X.corr(),False
imputation,RFECA_SVR(k=20),0.1,1,5,1287,321,0,2216520486256,training_fold_X.corr(),False
imputation,MissForest,0.1,1,1,1286,322,0,2214837076368,n/a,False
imputation,MissForest,0.1,1,2,1286,322,0,2214837089808,n/a,False
imputation,MissForest,0.1,1,3,1286,322,0,2221849519888,n/a,False
imputation,MissForest,0.1,1,4,1287,321,0,2221849521168,n/a,False
imputation,MissForest,0.1,1,5,1287,321,0,2214837078928,n/a,False
classification,SimpleMean,0.1,1,1,1286,322,0,2228006625424,n/a,False
classification,SimpleMean,0.1,1,2,1286,322,0,2228006624656,n/a,False
classification,SimpleMean,0.1,1,3,1286,322,0,2228006091472,n/a,False
classification,SimpleMean,0.1,1,4,1287,321,0,2228006753040,n/a,False
classification,SimpleMean,0.1,1,5,1287,321,0,2222951443600,n/a,False
classification,"KNN(k=5,dist)",0.1,1,1,1286,322,0,2228006619856,n/a,False
classification,"KNN(k=5,dist)",0.1,1,2,1286,322,0,2221849124432,n/a,False
classification,"KNN(k=5,dist)",0.1,1,3,1286,322,0,2221849917200,n/a,False
classification,"KNN(k=5,dist)",0.1,1,4,1287,321,0,2216972259344,n/a,False
classification,"KNN(k=5,dist)",0.1,1,5,1287,321,0,2216972920656,n/a,False
classification,RFECA_SVR(k=5),0.1,1,1,1286,322,0,2225562305488,training_fold_X.corr(),False
classification,RFECA_SVR(k=5),0.1,1,2,1286,322,0,2216705370256,training_fold_X.corr(),False
classification,RFECA_SVR(k=5),0.1,1,3,1286,322,0,2216704773936,training_fold_X.corr(),False
classification,RFECA_SVR(k=5),0.1,1,4,1287,321,0,2222951936784,training_fold_X.corr(),False
classification,RFECA_SVR(k=5),0.1,1,5,1287,321,0,2222950422736,training_fold_X.corr(),False
classification,RFECA_SVR(k=10),0.1,1,1,1286,322,0,2222950038704,training_fold_X.corr(),False
classification,RFECA_SVR(k=10),0.1,1,2,1286,322,0,2226660877136,training_fold_X.corr(),False
classification,RFECA_SVR(k=10),0.1,1,3,1286,322,0,2229803141168,training_fold_X.corr(),False
classification,RFECA_SVR(k=10),0.1,1,4,1287,321,0,2229803281648,training_fold_X.corr(),False
classification,RFECA_SVR(k=10),0.1,1,5,1287,321,0,2228571526256,training_fold_X.corr(),False
classification,RFECA_SVR(k=20),0.1,1,1,1286,322,0,2228571518832,training_fold_X.corr(),False
classification,RFECA_SVR(k=20),0.1,1,2,1286,322,0,2229386943568,training_fold_X.corr(),False
classification,RFECA_SVR(k=20),0.1,1,3,1286,322,0,2229386902928,training_fold_X.corr(),False
classification,RFECA_SVR(k=20),0.1,1,4,1287,321,0,2229987862672,training_fold_X.corr(),False
classification,RFECA_SVR(k=20),0.1,1,5,1287,321,0,2229987656432,training_fold_X.corr(),False
classification,MissForest,0.1,1,1,1286,322,0,2214837082128,n/a,False
classification,MissForest,0.1,1,2,1286,322,0,2214837076048,n/a,False
classification,MissForest,0.1,1,3,1286,322,0,2221849515088,n/a,False
classification,MissForest,0.1,1,4,1287,321,0,2221849525328,n/a,False
classification,MissForest,0.1,1,5,1287,321,0,2221849517008,n/a,False
imputation,SimpleMean,0.1,2,1,1286,322,0,2214785351312,n/a,False
imputation,SimpleMean,0.1,2,2,1286,322,0,2214785351504,n/a,False
imputation,SimpleMean,0.1,2,3,1286,322,0,2214785349008,n/a,False
imputation,SimpleMean,0.1,2,4,1287,321,0,2215162462288,n/a,False
imputation,SimpleMean,0.1,2,5,1287,321,0,2215162462480,n/a,False
imputation,"KNN(k=5,dist)",0.1,2,1,1286,322,0,2215162462672,n/a,False
imputation,"KNN(k=5,dist)",0.1,2,2,1286,322,0,2215162462864,n/a,False
imputation,"KNN(k=5,dist)",0.1,2,3,1286,322,0,2215162463056,n/a,False
imputation,"KNN(k=5,dist)",0.1,2,4,1287,321,0,2215162463248,n/a,False
imputation,"KNN(k=5,dist)",0.1,2,5,1287,321,0,2215162463440,n/a,False
imputation,RFECA_SVR(k=5),0.1,2,1,1286,322,0,2214786629008,training_fold_X.corr(),False
imputation,RFECA_SVR(k=5),0.1,2,2,1286,322,0,2214786628784,training_fold_X.corr(),False
imputation,RFECA_SVR(k=5),0.1,2,3,1286,322,0,2214786628560,training_fold_X.corr(),False
imputation,RFECA_SVR(k=5),0.1,2,4,1287,321,0,2214786627888,training_fold_X.corr(),False
imputation,RFECA_SVR(k=5),0.1,2,5,1287,321,0,2214786628336,training_fold_X.corr(),False
imputation,RFECA_SVR(k=10),0.1,2,1,1286,322,0,2214786628112,training_fold_X.corr(),False
imputation,RFECA_SVR(k=10),0.1,2,2,1286,322,0,2214786627440,training_fold_X.corr(),False
imputation,RFECA_SVR(k=10),0.1,2,3,1286,322,0,2215195874864,training_fold_X.corr(),False
imputation,RFECA_SVR(k=10),0.1,2,4,1287,321,0,2215195884272,training_fold_X.corr(),False
imputation,RFECA_SVR(k=10),0.1,2,5,1287,321,0,2215195884944,training_fold_X.corr(),False
imputation,RFECA_SVR(k=20),0.1,2,1,1286,322,0,2215195885168,training_fold_X.corr(),False
imputation,RFECA_SVR(k=20),0.1,2,2,1286,322,0,2215195875088,training_fold_X.corr(),False
imputation,RFECA_SVR(k=20),0.1,2,3,1286,322,0,2215195879344,training_fold_X.corr(),False
imputation,RFECA_SVR(k=20),0.1,2,4,1287,321,0,2215195873296,training_fold_X.corr(),False
imputation,RFECA_SVR(k=20),0.1,2,5,1287,321,0,2215195876208,training_fold_X.corr(),False
imputation,MissForest,0.1,2,1,1286,322,0,2214786088336,n/a,False
imputation,MissForest,0.1,2,2,1286,322,0,2214786084496,n/a,False
imputation,MissForest,0.1,2,3,1286,322,0,2221849510608,n/a,False
imputation,MissForest,0.1,2,4,1287,321,0,2214837078928,n/a,False
imputation,MissForest,0.1,2,5,1287,321,0,2221849517968,n/a,False
classification,SimpleMean,0.1,2,1,1286,322,0,2222951505680,n/a,False
classification,SimpleMean,0.1,2,2,1286,322,0,2222951505872,n/a,False
classification,SimpleMean,0.1,2,3,1286,322,0,2222951430480,n/a,False
classification,SimpleMean,0.1,2,4,1287,321,0,2222951076432,n/a,False
classification,SimpleMean,0.1,2,5,1287,321,0,2221849291536,n/a,False
classification,"KNN(k=5,dist)",0.1,2,1,1286,322,0,2222951500496,n/a,False
classification,"KNN(k=5,dist)",0.1,2,2,1286,322,0,2228571512016,n/a,False
classification,"KNN(k=5,dist)",0.1,2,3,1286,322,0,2228571829648,n/a,False
classification,"KNN(k=5,dist)",0.1,2,4,1287,321,0,2216973078160,n/a,False
classification,"KNN(k=5,dist)",0.1,2,5,1287,321,0,2216972314448,n/a,False
classification,RFECA_SVR(k=5),0.1,2,1,1286,322,0,2216705361072,training_fold_X.corr(),False
classification,RFECA_SVR(k=5),0.1,2,2,1286,322,0,2216705360848,training_fold_X.corr(),False
classification,RFECA_SVR(k=5),0.1,2,3,1286,322,0,2229386939088,training_fold_X.corr(),False
classification,RFECA_SVR(k=5),0.1,2,4,1287,321,0,2229386889488,training_fold_X.corr(),False
classification,RFECA_SVR(k=5),0.1,2,5,1287,321,0,2229987612656,training_fold_X.corr(),False
classification,RFECA_SVR(k=10),0.1,2,1,1286,322,0,2229987802064,training_fold_X.corr(),False
classification,RFECA_SVR(k=10),0.1,2,2,1286,322,0,2222989681040,training_fold_X.corr(),False
classification,RFECA_SVR(k=10),0.1,2,3,1286,322,0,2222990117136,training_fold_X.corr(),False
classification,RFECA_SVR(k=10),0.1,2,4,1287,321,0,2222989749264,training_fold_X.corr(),False
classification,RFECA_SVR(k=10),0.1,2,5,1287,321,0,2226112205040,training_fold_X.corr(),False
classification,RFECA_SVR(k=20),0.1,2,1,1286,322,0,2226112361904,training_fold_X.corr(),False
classification,RFECA_SVR(k=20),0.1,2,2,1286,322,0,2227043278128,training_fold_X.corr(),False
classification,RFECA_SVR(k=20),0.1,2,3,1286,322,0,2227042793552,training_fold_X.corr(),False
classification,RFECA_SVR(k=20),0.1,2,4,1287,321,0,2227043114288,training_fold_X.corr(),False
classification,RFECA_SVR(k=20),0.1,2,5,1287,321,0,2230439019248,training_fold_X.corr(),False
classification,MissForest,0.1,2,1,1286,322,0,2214837084688,n/a,False
classification,MissForest,0.1,2,2,1286,322,0,2214837091088,n/a,False
classification,MissForest,0.1,2,3,1286,322,0,2214837077328,n/a,False
classification,MissForest,0.1,2,4,1287,321,0,2221849518928,n/a,False
classification,MissForest,0.1,2,5,1287,321,0,2221849517328,n/a,False
imputation,SimpleMean,0.1,3,1,1286,322,0,2214785351312,n/a,False
imputation,SimpleMean,0.1,3,2,1286,322,0,2214785351504,n/a,False
imputation,SimpleMean,0.1,3,3,1286,322,0,2214785349008,n/a,False
imputation,SimpleMean,0.1,3,4,1287,321,0,2229102625040,n/a,False
imputation,SimpleMean,0.1,3,5,1287,321,0,2229102624848,n/a,False
imputation,"KNN(k=5,dist)",0.1,3,1,1286,322,0,2229102625232,n/a,False
imputation,"KNN(k=5,dist)",0.1,3,2,1286,322,0,2229102625424,n/a,False
imputation,"KNN(k=5,dist)",0.1,3,3,1286,322,0,2229102625616,n/a,False
imputation,"KNN(k=5,dist)",0.1,3,4,1287,321,0,2229102625808,n/a,False
imputation,"KNN(k=5,dist)",0.1,3,5,1287,321,0,2229102626000,n/a,False
imputation,RFECA_SVR(k=5),0.1,3,1,1286,322,0,2214786628560,training_fold_X.corr(),False
imputation,RFECA_SVR(k=5),0.1,3,2,1286,322,0,2214786627888,training_fold_X.corr(),False
imputation,RFECA_SVR(k=5),0.1,3,3,1286,322,0,2214786628336,training_fold_X.corr(),False
imputation,RFECA_SVR(k=5),0.1,3,4,1287,321,0,2214786628112,training_fold_X.corr(),False
imputation,RFECA_SVR(k=5),0.1,3,5,1287,321,0,2214786627440,training_fold_X.corr(),False
imputation,RFECA_SVR(k=10),0.1,3,1,1286,322,0,2214786629008,training_fold_X.corr(),False
imputation,RFECA_SVR(k=10),0.1,3,2,1286,322,0,2214786628784,training_fold_X.corr(),False
imputation,RFECA_SVR(k=10),0.1,3,3,1286,322,0,2214837254896,training_fold_X.corr(),False
imputation,RFECA_SVR(k=10),0.1,3,4,1287,321,0,2214837255344,training_fold_X.corr(),False
imputation,RFECA_SVR(k=10),0.1,3,5,1287,321,0,2214837243920,training_fold_X.corr(),False
imputation,RFECA_SVR(k=20),0.1,3,1,1286,322,0,2214837240784,training_fold_X.corr(),False
imputation,RFECA_SVR(k=20),0.1,3,2,1286,322,0,2214837241680,training_fold_X.corr(),False
imputation,RFECA_SVR(k=20),0.1,3,3,1286,322,0,2214837255120,training_fold_X.corr(),False
imputation,RFECA_SVR(k=20),0.1,3,4,1287,321,0,2214837251984,training_fold_X.corr(),False
imputation,RFECA_SVR(k=20),0.1,3,5,1287,321,0,2214837246608,training_fold_X.corr(),False
imputation,MissForest,0.1,3,1,1286,322,0,2214786088016,n/a,False
imputation,MissForest,0.1,3,2,1286,322,0,2214786088336,n/a,False
imputation,MissForest,0.1,3,3,1286,322,0,2214837077328,n/a,False
imputation,MissForest,0.1,3,4,1287,321,0,2214837089168,n/a,False
imputation,MissForest,0.1,3,5,1287,321,0,2214837092048,n/a,False
classification,SimpleMean,0.1,3,1,1286,322,0,2228006620816,n/a,False
classification,SimpleMean,0.1,3,2,1286,322,0,2228006625616,n/a,False
classification,SimpleMean,0.1,3,3,1286,322,0,2228006615568,n/a,False
classification,SimpleMean,0.1,3,4,1287,321,0,2228006196368,n/a,False
classification,SimpleMean,0.1,3,5,1287,321,0,2222950739088,n/a,False
classification,"KNN(k=5,dist)",0.1,3,1,1286,322,0,2228006624272,n/a,False
classification,"KNN(k=5,dist)",0.1,3,2,1286,322,0,2221849615376,n/a,False
classification,"KNN(k=5,dist)",0.1,3,3,1286,322,0,2221849769168,n/a,False
classification,"KNN(k=5,dist)",0.1,3,4,1287,321,0,2228571295184,n/a,False
classification,"KNN(k=5,dist)",0.1,3,5,1287,321,0,2228007052944,n/a,False
classification,RFECA_SVR(k=5),0.1,3,1,1286,322,0,2229987982960,training_fold_X.corr(),False
classification,RFECA_SVR(k=5),0.1,3,2,1286,322,0,2216972491184,training_fold_X.corr(),False
classification,RFECA_SVR(k=5),0.1,3,3,1286,322,0,2216973110192,training_fold_X.corr(),False
classification,RFECA_SVR(k=5),0.1,3,4,1287,321,0,2225563111216,training_fold_X.corr(),False
classification,RFECA_SVR(k=5),0.1,3,5,1287,321,0,2216704773712,training_fold_X.corr(),False
classification,RFECA_SVR(k=10),0.1,3,1,1286,322,0,2216705161744,training_fold_X.corr(),False
classification,RFECA_SVR(k=10),0.1,3,2,1286,322,0,2222989740304,training_fold_X.corr(),False
classification,RFECA_SVR(k=10),0.1,3,3,1286,322,0,2226112526864,training_fold_X.corr(),False
classification,RFECA_SVR(k=10),0.1,3,4,1287,321,0,2226112025488,training_fold_X.corr(),False
classification,RFECA_SVR(k=10),0.1,3,5,1287,321,0,2227042480016,training_fold_X.corr(),False
classification,RFECA_SVR(k=20),0.1,3,1,1286,322,0,2227042448144,training_fold_X.corr(),False
classification,RFECA_SVR(k=20),0.1,3,2,1286,322,0,2230438929904,training_fold_X.corr(),False
classification,RFECA_SVR(k=20),0.1,3,3,1286,322,0,2230438870192,training_fold_X.corr(),False
classification,RFECA_SVR(k=20),0.1,3,4,1287,321,0,2230187858352,training_fold_X.corr(),False
classification,RFECA_SVR(k=20),0.1,3,5,1287,321,0,2230187769232,training_fold_X.corr(),False
classification,MissForest,0.1,3,1,1286,322,0,2214837084688,n/a,False
classification,MissForest,0.1,3,2,1286,322,0,2221849522128,n/a,False
classification,MissForest,0.1,3,3,1286,322,0,2214837078608,n/a,False
classification,MissForest,0.1,3,4,1287,321,0,2221849511568,n/a,False
classification,MissForest,0.1,3,5,1287,321,0,2221849509968,n/a,False
imputation,SimpleMean,0.1,4,1,1286,322,0,2214785351312,n/a,False
imputation,SimpleMean,0.1,4,2,1286,322,0,2214785351504,n/a,False
imputation,SimpleMean,0.1,4,3,1286,322,0,2214785349008,n/a,False
imputation,SimpleMean,0.1,4,4,1287,321,0,2215596982352,n/a,False
imputation,SimpleMean,0.1,4,5,1287,321,0,2215596982544,n/a,False
imputation,"KNN(k=5,dist)",0.1,4,1,1286,322,0,2215596982736,n/a,False
imputation,"KNN(k=5,dist)",0.1,4,2,1286,322,0,2215596982928,n/a,False
imputation,"KNN(k=5,dist)",0.1,4,3,1286,322,0,2215596983120,n/a,False
imputation,"KNN(k=5,dist)",0.1,4,4,1287,321,0,2215596983312,n/a,False
imputation,"KNN(k=5,dist)",0.1,4,5,1287,321,0,2215596983504,n/a,False
imputation,RFECA_SVR(k=5),0.1,4,1,1286,322,0,2214786628336,training_fold_X.corr(),False
imputation,RFECA_SVR(k=5),0.1,4,2,1286,322,0,2214786628112,training_fold_X.corr(),False
imputation,RFECA_SVR(k=5),0.1,4,3,1286,322,0,2214786627440,training_fold_X.corr(),False
imputation,RFECA_SVR(k=5),0.1,4,4,1287,321,0,2214786629008,training_fold_X.corr(),False
imputation,RFECA_SVR(k=5),0.1,4,5,1287,321,0,2214786628784,training_fold_X.corr(),False
imputation,RFECA_SVR(k=10),0.1,4,1,1286,322,0,2214786628560,training_fold_X.corr(),False
imputation,RFECA_SVR(k=10),0.1,4,2,1286,322,0,2214786627888,training_fold_X.corr(),False
imputation,RFECA_SVR(k=10),0.1,4,3,1286,322,0,2216520492752,training_fold_X.corr(),False
imputation,RFECA_SVR(k=10),0.1,4,4,1287,321,0,2216520489392,training_fold_X.corr(),False
imputation,RFECA_SVR(k=10),0.1,4,5,1287,321,0,2216520495216,training_fold_X.corr(),False
imputation,RFECA_SVR(k=20),0.1,4,1,1286,322,0,2216520494544,training_fold_X.corr(),False
imputation,RFECA_SVR(k=20),0.1,4,2,1286,322,0,2216520497680,training_fold_X.corr(),False
imputation,RFECA_SVR(k=20),0.1,4,3,1286,322,0,2216520487152,training_fold_X.corr(),False
imputation,RFECA_SVR(k=20),0.1,4,4,1287,321,0,2216520484016,training_fold_X.corr(),False
imputation,RFECA_SVR(k=20),0.1,4,5,1287,321,0,2216520498128,training_fold_X.corr(),False
imputation,MissForest,0.1,4,1,1286,322,0,2214837092048,n/a,False
imputation,MissForest,0.1,4,2,1286,322,0,2214837077328,n/a,False
imputation,MissForest,0.1,4,3,1286,322,0,2221849513488,n/a,False
imputation,MissForest,0.1,4,4,1287,321,0,2214786088336,n/a,False
imputation,MissForest,0.1,4,5,1287,321,0,2214837090128,n/a,False
classification,SimpleMean,0.1,4,1,1286,322,0,2222896236880,n/a,False
classification,SimpleMean,0.1,4,2,1286,322,0,2222896242640,n/a,False
classification,SimpleMean,0.1,4,3,1286,322,0,2216654469264,n/a,False
classification,SimpleMean,0.1,4,4,1287,321,0,2216654000336,n/a,False
classification,SimpleMean,0.1,4,5,1287,321,0,2216654400272,n/a,False
classification,"KNN(k=5,dist)",0.1,4,1,1286,322,0,2222896241104,n/a,False
classification,"KNN(k=5,dist)",0.1,4,2,1286,322,0,2227042474448,n/a,False
classification,"KNN(k=5,dist)",0.1,4,3,1286,322,0,2227042562704,n/a,False
classification,"KNN(k=5,dist)",0.1,4,4,1287,321,0,2222948994320,n/a,False
classification,"KNN(k=5,dist)",0.1,4,5,1287,321,0,2222949213648,n/a,False
classification,RFECA_SVR(k=5),0.1,4,1,1286,322,0,2228007047408,training_fold_X.corr(),False
classification,RFECA_SVR(k=5),0.1,4,2,1286,322,0,2221849133808,training_fold_X.corr(),False
classification,RFECA_SVR(k=5),0.1,4,3,1286,322,0,2221849762000,training_fold_X.corr(),False
classification,RFECA_SVR(k=5),0.1,4,4,1287,321,0,2228571075344,training_fold_X.corr(),False
classification,RFECA_SVR(k=5),0.1,4,5,1287,321,0,2229988516912,training_fold_X.corr(),False
classification,RFECA_SVR(k=10),0.1,4,1,1286,322,0,2229987913840,training_fold_X.corr(),False
classification,RFECA_SVR(k=10),0.1,4,2,1286,322,0,2222951011888,training_fold_X.corr(),False
classification,RFECA_SVR(k=10),0.1,4,3,1286,322,0,2216972778224,training_fold_X.corr(),False
classification,RFECA_SVR(k=10),0.1,4,4,1287,321,0,2230438923408,training_fold_X.corr(),False
classification,RFECA_SVR(k=10),0.1,4,5,1287,321,0,2230439245904,training_fold_X.corr(),False
classification,RFECA_SVR(k=20),0.1,4,1,1286,322,0,2230188190288,training_fold_X.corr(),False
classification,RFECA_SVR(k=20),0.1,4,2,1286,322,0,2230188462096,training_fold_X.corr(),False
classification,RFECA_SVR(k=20),0.1,4,3,1286,322,0,2230522377872,training_fold_X.corr(),False
classification,RFECA_SVR(k=20),0.1,4,4,1287,321,0,2230522534544,training_fold_X.corr(),False
classification,RFECA_SVR(k=20),0.1,4,5,1287,321,0,2229854551664,training_fold_X.corr(),False
classification,MissForest,0.1,4,1,1286,322,0,2214837079248,n/a,False
classification,MissForest,0.1,4,2,1286,322,0,2221849516048,n/a,False
classification,MissForest,0.1,4,3,1286,322,0,2214837078608,n/a,False
classification,MissForest,0.1,4,4,1287,321,0,2221849521808,n/a,False
classification,MissForest,0.1,4,5,1287,321,0,2214837087248,n/a,False
imputation,SimpleMean,0.1,5,1,1286,322,0,2214785351312,n/a,False
imputation,SimpleMean,0.1,5,2,1286,322,0,2214785351504,n/a,False
imputation,SimpleMean,0.1,5,3,1286,322,0,2214785349008,n/a,False
imputation,SimpleMean,0.1,5,4,1287,321,0,2215094190352,n/a,False
imputation,SimpleMean,0.1,5,5,1287,321,0,2215094190160,n/a,False
imputation,"KNN(k=5,dist)",0.1,5,1,1286,322,0,2215094190544,n/a,False
imputation,"KNN(k=5,dist)",0.1,5,2,1286,322,0,2215094190736,n/a,False
imputation,"KNN(k=5,dist)",0.1,5,3,1286,322,0,2215094190928,n/a,False
imputation,"KNN(k=5,dist)",0.1,5,4,1287,321,0,2215094191120,n/a,False
imputation,"KNN(k=5,dist)",0.1,5,5,1287,321,0,2215094191312,n/a,False
imputation,RFECA_SVR(k=5),0.1,5,1,1286,322,0,2214786627440,training_fold_X.corr(),False
imputation,RFECA_SVR(k=5),0.1,5,2,1286,322,0,2214786629008,training_fold_X.corr(),False
imputation,RFECA_SVR(k=5),0.1,5,3,1286,322,0,2214786628784,training_fold_X.corr(),False
imputation,RFECA_SVR(k=5),0.1,5,4,1287,321,0,2214786628560,training_fold_X.corr(),False
imputation,RFECA_SVR(k=5),0.1,5,5,1287,321,0,2214786627888,training_fold_X.corr(),False
imputation,RFECA_SVR(k=10),0.1,5,1,1286,322,0,2214786628336,training_fold_X.corr(),False
imputation,RFECA_SVR(k=10),0.1,5,2,1286,322,0,2214786628112,training_fold_X.corr(),False
imputation,RFECA_SVR(k=10),0.1,5,3,1286,322,0,2215195872624,training_fold_X.corr(),False
imputation,RFECA_SVR(k=10),0.1,5,4,1287,321,0,2215195872400,training_fold_X.corr(),False
imputation,RFECA_SVR(k=10),0.1,5,5,1287,321,0,2215195882928,training_fold_X.corr(),False
imputation,RFECA_SVR(k=20),0.1,5,1,1286,322,0,2215195876208,training_fold_X.corr(),False
imputation,RFECA_SVR(k=20),0.1,5,2,1286,322,0,2215195884944,training_fold_X.corr(),False
imputation,RFECA_SVR(k=20),0.1,5,3,1286,322,0,2215195884272,training_fold_X.corr(),False
imputation,RFECA_SVR(k=20),0.1,5,4,1287,321,0,2215195874864,training_fold_X.corr(),False
imputation,RFECA_SVR(k=20),0.1,5,5,1287,321,0,2215195869264,training_fold_X.corr(),False
imputation,MissForest,0.1,5,1,1286,322,0,2214786088016,n/a,False
imputation,MissForest,0.1,5,2,1286,322,0,2214786088336,n/a,False
imputation,MissForest,0.1,5,3,1286,322,0,2221849523728,n/a,False
imputation,MissForest,0.1,5,4,1287,321,0,2221849512208,n/a,False
imputation,MissForest,0.1,5,5,1287,321,0,2214837090128,n/a,False
classification,SimpleMean,0.1,5,1,1286,322,0,2230188301520,n/a,False
classification,SimpleMean,0.1,5,2,1286,322,0,2230188301328,n/a,False
classification,SimpleMean,0.1,5,3,1286,322,0,2230188471696,n/a,False
classification,SimpleMean,0.1,5,4,1287,321,0,2230187789968,n/a,False
classification,SimpleMean,0.1,5,5,1287,321,0,2229103093968,n/a,False
classification,"KNN(k=5,dist)",0.1,5,1,1286,322,0,2230188295952,n/a,False
classification,"KNN(k=5,dist)",0.1,5,2,1286,322,0,2221202184848,n/a,False
classification,"KNN(k=5,dist)",0.1,5,3,1286,322,0,2216520709328,n/a,False
classification,"KNN(k=5,dist)",0.1,5,4,1287,321,0,2216520896528,n/a,False
classification,"KNN(k=5,dist)",0.1,5,5,1287,321,0,2222895933840,n/a,False
classification,RFECA_SVR(k=5),0.1,5,1,1286,322,0,2216654669424,training_fold_X.corr(),False
classification,RFECA_SVR(k=5),0.1,5,2,1286,322,0,2227042435824,training_fold_X.corr(),False
classification,RFECA_SVR(k=5),0.1,5,3,1286,322,0,2227042462960,training_fold_X.corr(),False
classification,RFECA_SVR(k=5),0.1,5,4,1287,321,0,2229387381008,training_fold_X.corr(),False
classification,RFECA_SVR(k=5),0.1,5,5,1287,321,0,2229386435440,training_fold_X.corr(),False
classification,RFECA_SVR(k=10),0.1,5,1,1286,322,0,2222949383120,training_fold_X.corr(),False
classification,RFECA_SVR(k=10),0.1,5,2,1286,322,0,2221849306608,training_fold_X.corr(),False
classification,RFECA_SVR(k=10),0.1,5,3,1286,322,0,2228006603472,training_fold_X.corr(),False
classification,RFECA_SVR(k=10),0.1,5,4,1287,321,0,2228006842256,training_fold_X.corr(),False
classification,RFECA_SVR(k=10),0.1,5,5,1287,321,0,2229854820112,training_fold_X.corr(),False
classification,RFECA_SVR(k=20),0.1,5,1,1286,322,0,2230523219760,training_fold_X.corr(),False
classification,RFECA_SVR(k=20),0.1,5,2,1286,322,0,2230522467440,training_fold_X.corr(),False
classification,RFECA_SVR(k=20),0.1,5,3,1286,322,0,2222987065648,training_fold_X.corr(),False
classification,RFECA_SVR(k=20),0.1,5,4,1287,321,0,2222987141296,training_fold_X.corr(),False
classification,RFECA_SVR(k=20),0.1,5,5,1287,321,0,2222990689456,training_fold_X.corr(),False
classification,MissForest,0.1,5,1,1286,322,0,2214837090768,n/a,False
classification,MissForest,0.1,5,2,1286,322,0,2221849513808,n/a,False
classification,MissForest,0.1,5,3,1286,322,0,2221849513168,n/a,False
classification,MissForest,0.1,5,4,1287,321,0,2214837082128,n/a,False
classification,MissForest,0.1,5,5,1287,321,0,2214837088528,n/a,False
imputation,SimpleMean,0.1,6,1,1286,322,0,2214785351312,n/a,False
imputation,SimpleMean,0.1,6,2,1286,322,0,2214785351504,n/a,False
imputation,SimpleMean,0.1,6,3,1286,322,0,2214785349008,n/a,False
imputation,SimpleMean,0.1,6,4,1287,321,0,2216972370000,n/a,False
imputation,SimpleMean,0.1,6,5,1287,321,0,2216972370192,n/a,False
imputation,"KNN(k=5,dist)",0.1,6,1,1286,322,0,2216972370384,n/a,False
imputation,"KNN(k=5,dist)",0.1,6,2,1286,322,0,2216972370576,n/a,False
imputation,"KNN(k=5,dist)",0.1,6,3,1286,322,0,2216972370768,n/a,False
imputation,"KNN(k=5,dist)",0.1,6,4,1287,321,0,2216972370960,n/a,False
imputation,"KNN(k=5,dist)",0.1,6,5,1287,321,0,2216972371152,n/a,False
imputation,RFECA_SVR(k=5),0.1,6,1,1286,322,0,2214786628784,training_fold_X.corr(),False
imputation,RFECA_SVR(k=5),0.1,6,2,1286,322,0,2214786628560,training_fold_X.corr(),False
imputation,RFECA_SVR(k=5),0.1,6,3,1286,322,0,2214786627888,training_fold_X.corr(),False
imputation,RFECA_SVR(k=5),0.1,6,4,1287,321,0,2214786628336,training_fold_X.corr(),False
imputation,RFECA_SVR(k=5),0.1,6,5,1287,321,0,2214786628112,training_fold_X.corr(),False
imputation,RFECA_SVR(k=10),0.1,6,1,1286,322,0,2214786627440,training_fold_X.corr(),False
imputation,RFECA_SVR(k=10),0.1,6,2,1286,322,0,2214786629008,training_fold_X.corr(),False
imputation,RFECA_SVR(k=10),0.1,6,3,1286,322,0,2214837249968,training_fold_X.corr(),False
imputation,RFECA_SVR(k=10),0.1,6,4,1287,321,0,2214837243696,training_fold_X.corr(),False
imputation,RFECA_SVR(k=10),0.1,6,5,1287,321,0,2214837251984,training_fold_X.corr(),False
imputation,RFECA_SVR(k=20),0.1,6,1,1286,322,0,2214837245936,training_fold_X.corr(),False
imputation,RFECA_SVR(k=20),0.1,6,2,1286,322,0,2214837249744,training_fold_X.corr(),False
imputation,RFECA_SVR(k=20),0.1,6,3,1286,322,0,2214837251536,training_fold_X.corr(),False
imputation,RFECA_SVR(k=20),0.1,6,4,1287,321,0,2214837250416,training_fold_X.corr(),False
imputation,RFECA_SVR(k=20),0.1,6,5,1287,321,0,2214837246832,training_fold_X.corr(),False
imputation,MissForest,0.1,6,1,1286,322,0,2214786088336,n/a,False
imputation,MissForest,0.1,6,2,1286,322,0,2214786088016,n/a,False
imputation,MissForest,0.1,6,3,1286,322,0,2214837082128,n/a,False
imputation,MissForest,0.1,6,4,1287,321,0,2214837080528,n/a,False
imputation,MissForest,0.1,6,5,1287,321,0,2214837076048,n/a,False
classification,SimpleMean,0.1,6,1,1286,322,0,2222952225808,n/a,False
classification,SimpleMean,0.1,6,2,1286,322,0,2222952226000,n/a,False
classification,SimpleMean,0.1,6,3,1286,322,0,2222952413520,n/a,False
classification,SimpleMean,0.1,6,4,1287,321,0,2222990217424,n/a,False
classification,SimpleMean,0.1,6,5,1287,321,0,2222990011152,n/a,False
classification,"KNN(k=5,dist)",0.1,6,1,1286,322,0,2222952220432,n/a,False
classification,"KNN(k=5,dist)",0.1,6,2,1286,322,0,2216973130384,n/a,False
classification,"KNN(k=5,dist)",0.1,6,3,1286,322,0,2216973087568,n/a,False
classification,"KNN(k=5,dist)",0.1,6,4,1287,321,0,2230188313296,n/a,False
classification,"KNN(k=5,dist)",0.1,6,5,1287,321,0,2230187598928,n/a,False
classification,RFECA_SVR(k=5),0.1,6,1,1286,322,0,2229103179632,training_fold_X.corr(),False
classification,RFECA_SVR(k=5),0.1,6,2,1286,322,0,2227042442320,training_fold_X.corr(),False
classification,RFECA_SVR(k=5),0.1,6,3,1286,322,0,2227042896368,training_fold_X.corr(),False
classification,RFECA_SVR(k=5),0.1,6,4,1287,321,0,2230522326480,training_fold_X.corr(),False
classification,RFECA_SVR(k=5),0.1,6,5,1287,321,0,2221201484144,training_fold_X.corr(),False
classification,RFECA_SVR(k=10),0.1,6,1,1286,322,0,2221202192464,training_fold_X.corr(),False
classification,RFECA_SVR(k=10),0.1,6,2,1286,322,0,2216520507792,training_fold_X.corr(),False
classification,RFECA_SVR(k=10),0.1,6,3,1286,322,0,2222896241520,training_fold_X.corr(),False
classification,RFECA_SVR(k=10),0.1,6,4,1287,321,0,2216654574480,training_fold_X.corr(),False
classification,RFECA_SVR(k=10),0.1,6,5,1287,321,0,2222987243856,training_fold_X.corr(),False
classification,RFECA_SVR(k=20),0.1,6,1,1286,322,0,2222986719568,training_fold_X.corr(),False
classification,RFECA_SVR(k=20),0.1,6,2,1286,322,0,2222991124400,training_fold_X.corr(),False
classification,RFECA_SVR(k=20),0.1,6,3,1286,322,0,2222991080848,training_fold_X.corr(),False
classification,RFECA_SVR(k=20),0.1,6,4,1287,321,0,2230856343952,training_fold_X.corr(),False
classification,RFECA_SVR(k=20),0.1,6,5,1287,321,0,2230856042096,training_fold_X.corr(),False
classification,MissForest,0.1,6,1,1286,322,0,2214837087568,n/a,False
classification,MissForest,0.1,6,2,1286,322,0,2221849517008,n/a,False
classification,MissForest,0.1,6,3,1286,322,0,2214837081168,n/a,False
classification,MissForest,0.1,6,4,1287,321,0,2221849513168,n/a,False
classification,MissForest,0.1,6,5,1287,321,0,2221849518608,n/a,False
imputation,SimpleMean,0.1,7,1,1286,322,0,2214785351312,n/a,False
imputation,SimpleMean,0.1,7,2,1286,322,0,2214785351504,n/a,False
imputation,SimpleMean,0.1,7,3,1286,322,0,2214785349008,n/a,False
imputation,SimpleMean,0.1,7,4,1287,321,0,2216253325968,n/a,False
imputation,SimpleMean,0.1,7,5,1287,321,0,2216253325392,n/a,False
imputation,"KNN(k=5,dist)",0.1,7,1,1286,322,0,2216253325584,n/a,False
imputation,"KNN(k=5,dist)",0.1,7,2,1286,322,0,2216253325776,n/a,False
imputation,"KNN(k=5,dist)",0.1,7,3,1286,322,0,2216253326160,n/a,False
imputation,"KNN(k=5,dist)",0.1,7,4,1287,321,0,2216253326352,n/a,False
imputation,"KNN(k=5,dist)",0.1,7,5,1287,321,0,2216253326544,n/a,False
imputation,RFECA_SVR(k=5),0.1,7,1,1286,322,0,2214786627888,training_fold_X.corr(),False
imputation,RFECA_SVR(k=5),0.1,7,2,1286,322,0,2214786628336,training_fold_X.corr(),False
imputation,RFECA_SVR(k=5),0.1,7,3,1286,322,0,2214786628112,training_fold_X.corr(),False
imputation,RFECA_SVR(k=5),0.1,7,4,1287,321,0,2214786627440,training_fold_X.corr(),False
imputation,RFECA_SVR(k=5),0.1,7,5,1287,321,0,2214786629008,training_fold_X.corr(),False
imputation,RFECA_SVR(k=10),0.1,7,1,1286,322,0,2214786628784,training_fold_X.corr(),False
imputation,RFECA_SVR(k=10),0.1,7,2,1286,322,0,2214786628560,training_fold_X.corr(),False
imputation,RFECA_SVR(k=10),0.1,7,3,1286,322,0,2216520493200,training_fold_X.corr(),False
imputation,RFECA_SVR(k=10),0.1,7,4,1287,321,0,2216520489392,training_fold_X.corr(),False
imputation,RFECA_SVR(k=10),0.1,7,5,1287,321,0,2216520487152,training_fold_X.corr(),False
imputation,RFECA_SVR(k=20),0.1,7,1,1286,322,0,2216520497680,training_fold_X.corr(),False
imputation,RFECA_SVR(k=20),0.1,7,2,1286,322,0,2216520494544,training_fold_X.corr(),False
imputation,RFECA_SVR(k=20),0.1,7,3,1286,322,0,2216520495216,training_fold_X.corr(),False
imputation,RFECA_SVR(k=20),0.1,7,4,1287,321,0,2216520498576,training_fold_X.corr(),False
imputation,RFECA_SVR(k=20),0.1,7,5,1287,321,0,2216520496112,training_fold_X.corr(),False
imputation,MissForest,0.1,7,1,1286,322,0,2214786088016,n/a,False
imputation,MissForest,0.1,7,2,1286,322,0,2214786088336,n/a,False
imputation,MissForest,0.1,7,3,1286,322,0,2221849524048,n/a,False
imputation,MissForest,0.1,7,4,1287,321,0,2221849518608,n/a,False
imputation,MissForest,0.1,7,5,1287,321,0,2214837078288,n/a,False
classification,SimpleMean,0.1,7,1,1286,322,0,2230438565776,n/a,False
classification,SimpleMean,0.1,7,2,1286,322,0,2230438567888,n/a,False
classification,SimpleMean,0.1,7,3,1286,322,0,2222951855504,n/a,False
classification,SimpleMean,0.1,7,4,1287,321,0,2229387104080,n/a,False
classification,SimpleMean,0.1,7,5,1287,321,0,2229387126992,n/a,False
classification,"KNN(k=5,dist)",0.1,7,1,1286,322,0,2222952226192,n/a,False
classification,"KNN(k=5,dist)",0.1,7,2,1286,322,0,2226660564560,n/a,False
classification,"KNN(k=5,dist)",0.1,7,3,1286,322,0,2222988325328,n/a,False
classification,"KNN(k=5,dist)",0.1,7,4,1287,321,0,2222446874448,n/a,False
classification,"KNN(k=5,dist)",0.1,7,5,1287,321,0,2222446896016,n/a,False
classification,RFECA_SVR(k=5),0.1,7,1,1286,322,0,2226112363472,training_fold_X.corr(),False
classification,RFECA_SVR(k=5),0.1,7,2,1286,322,0,2216972281776,training_fold_X.corr(),False
classification,RFECA_SVR(k=5),0.1,7,3,1286,322,0,2216973119600,training_fold_X.corr(),False
classification,RFECA_SVR(k=5),0.1,7,4,1287,321,0,2230188493968,training_fold_X.corr(),False
classification,RFECA_SVR(k=5),0.1,7,5,1287,321,0,2227042939216,training_fold_X.corr(),False
classification,RFECA_SVR(k=10),0.1,7,1,1286,322,0,2229854816304,training_fold_X.corr(),False
classification,RFECA_SVR(k=10),0.1,7,2,1286,322,0,2229103400944,training_fold_X.corr(),False
classification,RFECA_SVR(k=10),0.1,7,3,1286,322,0,2229103033296,training_fold_X.corr(),False
classification,RFECA_SVR(k=10),0.1,7,4,1287,321,0,2222987174288,training_fold_X.corr(),False
classification,RFECA_SVR(k=10),0.1,7,5,1287,321,0,2222990870800,training_fold_X.corr(),False
classification,RFECA_SVR(k=20),0.1,7,1,1286,322,0,2230856046576,training_fold_X.corr(),False
classification,RFECA_SVR(k=20),0.1,7,2,1286,322,0,2230856936912,training_fold_X.corr(),False
classification,RFECA_SVR(k=20),0.1,7,3,1286,322,0,2230860428720,training_fold_X.corr(),False
classification,RFECA_SVR(k=20),0.1,7,4,1287,321,0,2230861061424,training_fold_X.corr(),False
classification,RFECA_SVR(k=20),0.1,7,5,1287,321,0,2230860479664,training_fold_X.corr(),False
classification,MissForest,0.1,7,1,1286,322,0,2214837087248,n/a,False
classification,MissForest,0.1,7,2,1286,322,0,2214837088528,n/a,False
classification,MissForest,0.1,7,3,1286,322,0,2221849520848,n/a,False
classification,MissForest,0.1,7,4,1287,321,0,2214837080528,n/a,False
classification,MissForest,0.1,7,5,1287,321,0,2221849521488,n/a,False
imputation,SimpleMean,0.1,8,1,1286,322,0,2214785351312,n/a,False
imputation,SimpleMean,0.1,8,2,1286,322,0,2214785351504,n/a,False
imputation,SimpleMean,0.1,8,3,1286,322,0,2214785349008,n/a,False
imputation,SimpleMean,0.1,8,4,1287,321,0,2216705638672,n/a,False
imputation,SimpleMean,0.1,8,5,1287,321,0,2216705639248,n/a,False
imputation,"KNN(k=5,dist)",0.1,8,1,1286,322,0,2216705638864,n/a,False
imputation,"KNN(k=5,dist)",0.1,8,2,1286,322,0,2216705638480,n/a,False
imputation,"KNN(k=5,dist)",0.1,8,3,1286,322,0,2216705639056,n/a,False
imputation,"KNN(k=5,dist)",0.1,8,4,1287,321,0,2216705639440,n/a,False
imputation,"KNN(k=5,dist)",0.1,8,5,1287,321,0,2216705639632,n/a,False
imputation,RFECA_SVR(k=5),0.1,8,1,1286,322,0,2214786628112,training_fold_X.corr(),False
imputation,RFECA_SVR(k=5),0.1,8,2,1286,322,0,2214786627440,training_fold_X.corr(),False
imputation,RFECA_SVR(k=5),0.1,8,3,1286,322,0,2214786629008,training_fold_X.corr(),False
imputation,RFECA_SVR(k=5),0.1,8,4,1287,321,0,2214786628784,training_fold_X.corr(),False
imputation,RFECA_SVR(k=5),0.1,8,5,1287,321,0,2214786628560,training_fold_X.corr(),False
imputation,RFECA_SVR(k=10),0.1,8,1,1286,322,0,2214786627888,training_fold_X.corr(),False
imputation,RFECA_SVR(k=10),0.1,8,2,1286,322,0,2214786628336,training_fold_X.corr(),False
imputation,RFECA_SVR(k=10),0.1,8,3,1286,322,0,2215195871504,training_fold_X.corr(),False
imputation,RFECA_SVR(k=10),0.1,8,4,1287,321,0,2215195875088,training_fold_X.corr(),False
imputation,RFECA_SVR(k=10),0.1,8,5,1287,321,0,2215195879568,training_fold_X.corr(),False
imputation,RFECA_SVR(k=20),0.1,8,1,1286,322,0,2215195869264,training_fold_X.corr(),False
imputation,RFECA_SVR(k=20),0.1,8,2,1286,322,0,2215195870160,training_fold_X.corr(),False
imputation,RFECA_SVR(k=20),0.1,8,3,1286,322,0,2215195881584,training_fold_X.corr(),False
imputation,RFECA_SVR(k=20),0.1,8,4,1287,321,0,2215195884496,training_fold_X.corr(),False
imputation,RFECA_SVR(k=20),0.1,8,5,1287,321,0,2215195878224,training_fold_X.corr(),False
imputation,MissForest,0.1,8,1,1286,322,0,2214786088336,n/a,False
imputation,MissForest,0.1,8,2,1286,322,0,2214786088016,n/a,False
imputation,MissForest,0.1,8,3,1286,322,0,2221849513488,n/a,False
imputation,MissForest,0.1,8,4,1287,321,0,2221849515728,n/a,False
imputation,MissForest,0.1,8,5,1287,321,0,2214837084368,n/a,False
classification,SimpleMean,0.1,8,1,1286,322,0,2230438568464,n/a,False
classification,SimpleMean,0.1,8,2,1286,322,0,2230438565776,n/a,False
classification,SimpleMean,0.1,8,3,1286,322,0,2230438640336,n/a,False
classification,SimpleMean,0.1,8,4,1287,321,0,2230438858576,n/a,False
classification,SimpleMean,0.1,8,5,1287,321,0,2229803706192,n/a,False
classification,"KNN(k=5,dist)",0.1,8,1,1286,322,0,2230438561360,n/a,False
classification,"KNN(k=5,dist)",0.1,8,2,1286,322,0,2225562311504,n/a,False
classification,"KNN(k=5,dist)",0.1,8,3,1286,322,0,2229387391440,n/a,False
classification,"KNN(k=5,dist)",0.1,8,4,1287,321,0,2216972274384,n/a,False
classification,"KNN(k=5,dist)",0.1,8,5,1287,321,0,2216972313488,n/a,False
classification,RFECA_SVR(k=5),0.1,8,1,1286,322,0,2222952564336,training_fold_X.corr(),False
classification,RFECA_SVR(k=5),0.1,8,2,1286,322,0,2226660873776,training_fold_X.corr(),False
classification,RFECA_SVR(k=5),0.1,8,3,1286,322,0,2226660004304,training_fold_X.corr(),False
classification,RFECA_SVR(k=5),0.1,8,4,1287,321,0,2222987725072,training_fold_X.corr(),False
classification,RFECA_SVR(k=5),0.1,8,5,1287,321,0,2222447305552,training_fold_X.corr(),False
classification,RFECA_SVR(k=10),0.1,8,1,1286,322,0,2222989993680,training_fold_X.corr(),False
classification,RFECA_SVR(k=10),0.1,8,2,1286,322,0,2226112521712,training_fold_X.corr(),False
classification,RFECA_SVR(k=10),0.1,8,3,1286,322,0,2230856050384,training_fold_X.corr(),False
classification,RFECA_SVR(k=10),0.1,8,4,1287,321,0,2230856773520,training_fold_X.corr(),False
classification,RFECA_SVR(k=10),0.1,8,5,1287,321,0,2230860801968,training_fold_X.corr(),False
classification,RFECA_SVR(k=20),0.1,8,1,1286,322,0,2230861232656,training_fold_X.corr(),False
classification,RFECA_SVR(k=20),0.1,8,2,1286,322,0,2230861337936,training_fold_X.corr(),False
classification,RFECA_SVR(k=20),0.1,8,3,1286,322,0,2230862199312,training_fold_X.corr(),False
classification,RFECA_SVR(k=20),0.1,8,4,1287,321,0,2230880215440,training_fold_X.corr(),False
classification,RFECA_SVR(k=20),0.1,8,5,1287,321,0,2230880798096,training_fold_X.corr(),False
classification,MissForest,0.1,8,1,1286,322,0,2214837082128,n/a,False
classification,MissForest,0.1,8,2,1286,322,0,2214837080848,n/a,False
classification,MissForest,0.1,8,3,1286,322,0,2221849514448,n/a,False
classification,MissForest,0.1,8,4,1287,321,0,2221849519248,n/a,False
classification,MissForest,0.1,8,5,1287,321,0,2214837076048,n/a,False
imputation,SimpleMean,0.1,9,1,1286,322,0,2214785351312,n/a,False
imputation,SimpleMean,0.1,9,2,1286,322,0,2214785351504,n/a,False
imputation,SimpleMean,0.1,9,3,1286,322,0,2214785349008,n/a,False
imputation,SimpleMean,0.1,9,4,1287,321,0,2214837321808,n/a,False
imputation,SimpleMean,0.1,9,5,1287,321,0,2214837322000,n/a,False
imputation,"KNN(k=5,dist)",0.1,9,1,1286,322,0,2214837322192,n/a,False
imputation,"KNN(k=5,dist)",0.1,9,2,1286,322,0,2214837322384,n/a,False
imputation,"KNN(k=5,dist)",0.1,9,3,1286,322,0,2214837322576,n/a,False
imputation,"KNN(k=5,dist)",0.1,9,4,1287,321,0,2214837322768,n/a,False
imputation,"KNN(k=5,dist)",0.1,9,5,1287,321,0,2214837322960,n/a,False
imputation,RFECA_SVR(k=5),0.1,9,1,1286,322,0,2214786629008,training_fold_X.corr(),False
imputation,RFECA_SVR(k=5),0.1,9,2,1286,322,0,2214786628784,training_fold_X.corr(),False
imputation,RFECA_SVR(k=5),0.1,9,3,1286,322,0,2214786628560,training_fold_X.corr(),False
imputation,RFECA_SVR(k=5),0.1,9,4,1287,321,0,2214786627888,training_fold_X.corr(),False
imputation,RFECA_SVR(k=5),0.1,9,5,1287,321,0,2214786628336,training_fold_X.corr(),False
imputation,RFECA_SVR(k=10),0.1,9,1,1286,322,0,2214786628112,training_fold_X.corr(),False
imputation,RFECA_SVR(k=10),0.1,9,2,1286,322,0,2214786627440,training_fold_X.corr(),False
imputation,RFECA_SVR(k=10),0.1,9,3,1286,322,0,2214837242128,training_fold_X.corr(),False
imputation,RFECA_SVR(k=10),0.1,9,4,1287,321,0,2214837245488,training_fold_X.corr(),False
imputation,RFECA_SVR(k=10),0.1,9,5,1287,321,0,2214837254000,training_fold_X.corr(),False
imputation,RFECA_SVR(k=20),0.1,9,1,1286,322,0,2214837246160,training_fold_X.corr(),False
imputation,RFECA_SVR(k=20),0.1,9,2,1286,322,0,2214837249520,training_fold_X.corr(),False
imputation,RFECA_SVR(k=20),0.1,9,3,1286,322,0,2214837246384,training_fold_X.corr(),False
imputation,RFECA_SVR(k=20),0.1,9,4,1287,321,0,2214837244144,training_fold_X.corr(),False
imputation,RFECA_SVR(k=20),0.1,9,5,1287,321,0,2214837250416,training_fold_X.corr(),False
imputation,MissForest,0.1,9,1,1286,322,0,2214786088016,n/a,False
imputation,MissForest,0.1,9,2,1286,322,0,2214786088336,n/a,False
imputation,MissForest,0.1,9,3,1286,322,0,2214837076048,n/a,False
imputation,MissForest,0.1,9,4,1287,321,0,2214837090768,n/a,False
imputation,MissForest,0.1,9,5,1287,321,0,2214837089808,n/a,False
classification,SimpleMean,0.1,9,1,1286,322,0,2216705663312,n/a,False
classification,SimpleMean,0.1,9,2,1286,322,0,2216705662544,n/a,False
classification,SimpleMean,0.1,9,3,1286,322,0,2216705408464,n/a,False
classification,SimpleMean,0.1,9,4,1287,321,0,2221849646032,n/a,False
classification,SimpleMean,0.1,9,5,1287,321,0,2221849160656,n/a,False
classification,"KNN(k=5,dist)",0.1,9,1,1286,322,0,2216705657360,n/a,False
classification,"KNN(k=5,dist)",0.1,9,2,1286,322,0,2221201955664,n/a,False
classification,"KNN(k=5,dist)",0.1,9,3,1286,322,0,2230856888784,n/a,False
classification,"KNN(k=5,dist)",0.1,9,4,1287,321,0,2230856059600,n/a,False
classification,"KNN(k=5,dist)",0.1,9,5,1287,321,0,2216705565584,n/a,False
classification,RFECA_SVR(k=5),0.1,9,1,1286,322,0,2225563057104,training_fold_X.corr(),False
classification,RFECA_SVR(k=5),0.1,9,2,1286,322,0,2225562838960,training_fold_X.corr(),False
classification,RFECA_SVR(k=5),0.1,9,3,1286,322,0,2229387251280,training_fold_X.corr(),False
classification,RFECA_SVR(k=5),0.1,9,4,1287,321,0,2222991600880,training_fold_X.corr(),False
classification,RFECA_SVR(k=5),0.1,9,5,1287,321,0,2226660075216,training_fold_X.corr(),False
classification,RFECA_SVR(k=10),0.1,9,1,1286,322,0,2216972779120,training_fold_X.corr(),False
classification,RFECA_SVR(k=10),0.1,9,2,1286,322,0,2222951799888,training_fold_X.corr(),False
classification,RFECA_SVR(k=10),0.1,9,3,1286,322,0,2230860804880,training_fold_X.corr(),False
classification,RFECA_SVR(k=10),0.1,9,4,1287,321,0,2230860721168,training_fold_X.corr(),False
classification,RFECA_SVR(k=10),0.1,9,5,1287,321,0,2230861671216,training_fold_X.corr(),False
classification,RFECA_SVR(k=20),0.1,9,1,1286,322,0,2230880216784,training_fold_X.corr(),False
classification,RFECA_SVR(k=20),0.1,9,2,1286,322,0,2230880854864,training_fold_X.corr(),False
classification,RFECA_SVR(k=20),0.1,9,3,1286,322,0,2230880236976,training_fold_X.corr(),False
classification,RFECA_SVR(k=20),0.1,9,4,1287,321,0,2230858865968,training_fold_X.corr(),False
classification,RFECA_SVR(k=20),0.1,9,5,1287,321,0,2230858744336,training_fold_X.corr(),False
classification,MissForest,0.1,9,1,1286,322,0,2214837077328,n/a,False
classification,MissForest,0.1,9,2,1286,322,0,2221849509968,n/a,False
classification,MissForest,0.1,9,3,1286,322,0,2214837087248,n/a,False
classification,MissForest,0.1,9,4,1287,321,0,2221849520528,n/a,False
classification,MissForest,0.1,9,5,1287,321,0,2221849521808,n/a,False
imputation,SimpleMean,0.2,0,1,1286,322,0,2214785351312,n/a,False
imputation,SimpleMean,0.2,0,2,1286,322,0,2214785351504,n/a,False
imputation,SimpleMean,0.2,0,3,1286,322,0,2214785349008,n/a,False
imputation,SimpleMean,0.2,0,4,1287,321,0,2229102592848,n/a,False
imputation,SimpleMean,0.2,0,5,1287,321,0,2229102592272,n/a,False
imputation,"KNN(k=5,dist)",0.2,0,1,1286,322,0,2229102593040,n/a,False
imputation,"KNN(k=5,dist)",0.2,0,2,1286,322,0,2229102592080,n/a,False
imputation,"KNN(k=5,dist)",0.2,0,3,1286,322,0,2229102592464,n/a,False
imputation,"KNN(k=5,dist)",0.2,0,4,1287,321,0,2229102592656,n/a,False
imputation,"KNN(k=5,dist)",0.2,0,5,1287,321,0,2229102593232,n/a,False
imputation,RFECA_SVR(k=5),0.2,0,1,1286,322,0,2214786628560,training_fold_X.corr(),False
imputation,RFECA_SVR(k=5),0.2,0,2,1286,322,0,2214786627888,training_fold_X.corr(),False
imputation,RFECA_SVR(k=5),0.2,0,3,1286,322,0,2214786628336,training_fold_X.corr(),False
imputation,RFECA_SVR(k=5),0.2,0,4,1287,321,0,2214786628112,training_fold_X.corr(),False
imputation,RFECA_SVR(k=5),0.2,0,5,1287,321,0,2214786627440,training_fold_X.corr(),False
imputation,RFECA_SVR(k=10),0.2,0,1,1286,322,0,2214786629008,training_fold_X.corr(),False
imputation,RFECA_SVR(k=10),0.2,0,2,1286,322,0,2214786628784,training_fold_X.corr(),False
imputation,RFECA_SVR(k=10),0.2,0,3,1286,322,0,2216520484240,training_fold_X.corr(),False
imputation,RFECA_SVR(k=10),0.2,0,4,1287,321,0,2216520488720,training_fold_X.corr(),False
imputation,RFECA_SVR(k=10),0.2,0,5,1287,321,0,2216520497456,training_fold_X.corr(),False
imputation,RFECA_SVR(k=20),0.2,0,1,1286,322,0,2216520497680,training_fold_X.corr(),False
imputation,RFECA_SVR(k=20),0.2,0,2,1286,322,0,2216520497008,training_fold_X.corr(),False
imputation,RFECA_SVR(k=20),0.2,0,3,1286,322,0,2216520490960,training_fold_X.corr(),False
imputation,RFECA_SVR(k=20),0.2,0,4,1287,321,0,2216520484464,training_fold_X.corr(),False
imputation,RFECA_SVR(k=20),0.2,0,5,1287,321,0,2216520496784,training_fold_X.corr(),False
imputation,MissForest,0.2,0,1,1286,322,0,2214786088336,n/a,False
imputation,MissForest,0.2,0,2,1286,322,0,2214786088016,n/a,False
imputation,MissForest,0.2,0,3,1286,322,0,2221849523408,n/a,False
imputation,MissForest,0.2,0,4,1287,321,0,2214837077328,n/a,False
imputation,MissForest,0.2,0,5,1287,321,0,2214837078608,n/a,False
classification,SimpleMean,0.2,0,1,1286,322,0,2216838946384,n/a,False
classification,SimpleMean,0.2,0,2,1286,322,0,2216838946576,n/a,False
classification,SimpleMean,0.2,0,3,1286,322,0,2216839019024,n/a,False
classification,SimpleMean,0.2,0,4,1287,321,0,2228570853200,n/a,False
classification,SimpleMean,0.2,0,5,1287,321,0,2222988487824,n/a,False
classification,"KNN(k=5,dist)",0.2,0,1,1286,322,0,2216838940816,n/a,False
classification,"KNN(k=5,dist)",0.2,0,2,1286,322,0,2229603850512,n/a,False
classification,"KNN(k=5,dist)",0.2,0,3,1286,322,0,2216705160016,n/a,False
classification,"KNN(k=5,dist)",0.2,0,4,1287,321,0,2216705559248,n/a,False
classification,"KNN(k=5,dist)",0.2,0,5,1287,321,0,2221849127696,n/a,False
classification,RFECA_SVR(k=5),0.2,0,1,1286,322,0,2221201717328,training_fold_X.corr(),False
classification,RFECA_SVR(k=5),0.2,0,2,1286,322,0,2230856668048,training_fold_X.corr(),False
classification,RFECA_SVR(k=5),0.2,0,3,1286,322,0,2229387248368,training_fold_X.corr(),False
classification,RFECA_SVR(k=5),0.2,0,4,1287,321,0,2229386449808,training_fold_X.corr(),False
classification,RFECA_SVR(k=5),0.2,0,5,1287,321,0,2230439243216,training_fold_X.corr(),False
classification,RFECA_SVR(k=10),0.2,0,1,1286,322,0,2229803169648,training_fold_X.corr(),False
classification,RFECA_SVR(k=10),0.2,0,2,1286,322,0,2225562491760,training_fold_X.corr(),False
classification,RFECA_SVR(k=10),0.2,0,3,1286,322,0,2230861364400,training_fold_X.corr(),False
classification,RFECA_SVR(k=10),0.2,0,4,1287,321,0,2230880298256,training_fold_X.corr(),False
classification,RFECA_SVR(k=10),0.2,0,5,1287,321,0,2230858898736,training_fold_X.corr(),False
classification,RFECA_SVR(k=20),0.2,0,1,1286,322,0,2230858674064,training_fold_X.corr(),False
classification,RFECA_SVR(k=20),0.2,0,2,1286,322,0,2230858470512,training_fold_X.corr(),False
classification,RFECA_SVR(k=20),0.2,0,3,1286,322,0,2230879861040,training_fold_X.corr(),False
classification,RFECA_SVR(k=20),0.2,0,4,1287,321,0,2230878904496,training_fold_X.corr(),False
classification,RFECA_SVR(k=20),0.2,0,5,1287,321,0,2230879814832,training_fold_X.corr(),False
classification,MissForest,0.2,0,1,1286,322,0,2214837084688,n/a,False
classification,MissForest,0.2,0,2,1286,322,0,2221849510608,n/a,False
classification,MissForest,0.2,0,3,1286,322,0,2214837082448,n/a,False
classification,MissForest,0.2,0,4,1287,321,0,2221849518288,n/a,False
classification,MissForest,0.2,0,5,1287,321,0,2214837090768,n/a,False
imputation,SimpleMean,0.2,1,1,1286,322,0,2214785351312,n/a,False
imputation,SimpleMean,0.2,1,2,1286,322,0,2214785351504,n/a,False
imputation,SimpleMean,0.2,1,3,1286,322,0,2214785349008,n/a,False
imputation,SimpleMean,0.2,1,4,1287,321,0,2215162462288,n/a,False
imputation,SimpleMean,0.2,1,5,1287,321,0,2215162462480,n/a,False
imputation,"KNN(k=5,dist)",0.2,1,1,1286,322,0,2215162462672,n/a,False
imputation,"KNN(k=5,dist)",0.2,1,2,1286,322,0,2215162462864,n/a,False
imputation,"KNN(k=5,dist)",0.2,1,3,1286,322,0,2215162463056,n/a,False
imputation,"KNN(k=5,dist)",0.2,1,4,1287,321,0,2215162463248,n/a,False
imputation,"KNN(k=5,dist)",0.2,1,5,1287,321,0,2215162463440,n/a,False
imputation,RFECA_SVR(k=5),0.2,1,1,1286,322,0,2214786628336,training_fold_X.corr(),False
imputation,RFECA_SVR(k=5),0.2,1,2,1286,322,0,2214786628112,training_fold_X.corr(),False
imputation,RFECA_SVR(k=5),0.2,1,3,1286,322,0,2214786627440,training_fold_X.corr(),False
imputation,RFECA_SVR(k=5),0.2,1,4,1287,321,0,2214786629008,training_fold_X.corr(),False
imputation,RFECA_SVR(k=5),0.2,1,5,1287,321,0,2214786628784,training_fold_X.corr(),False
imputation,RFECA_SVR(k=10),0.2,1,1,1286,322,0,2214786628560,training_fold_X.corr(),False
imputation,RFECA_SVR(k=10),0.2,1,2,1286,322,0,2214786627888,training_fold_X.corr(),False
imputation,RFECA_SVR(k=10),0.2,1,3,1286,322,0,2215195873520,training_fold_X.corr(),False
imputation,RFECA_SVR(k=10),0.2,1,4,1287,321,0,2215195875088,training_fold_X.corr(),False
imputation,RFECA_SVR(k=10),0.2,1,5,1287,321,0,2215195881584,training_fold_X.corr(),False
imputation,RFECA_SVR(k=20),0.2,1,1,1286,322,0,2215195877104,training_fold_X.corr(),False
imputation,RFECA_SVR(k=20),0.2,1,2,1286,322,0,2215195875536,training_fold_X.corr(),False
imputation,RFECA_SVR(k=20),0.2,1,3,1286,322,0,2215195877328,training_fold_X.corr(),False
imputation,RFECA_SVR(k=20),0.2,1,4,1287,321,0,2215195885168,training_fold_X.corr(),False
imputation,RFECA_SVR(k=20),0.2,1,5,1287,321,0,2215195869936,training_fold_X.corr(),False
imputation,MissForest,0.2,1,1,1286,322,0,2214786088016,n/a,False
imputation,MissForest,0.2,1,2,1286,322,0,2214786088336,n/a,False
imputation,MissForest,0.2,1,3,1286,322,0,2214837078928,n/a,False
imputation,MissForest,0.2,1,4,1287,321,0,2221849517648,n/a,False
imputation,MissForest,0.2,1,5,1287,321,0,2221849511568,n/a,False
classification,SimpleMean,0.2,1,1,1286,322,0,2216839012688,n/a,False
classification,SimpleMean,0.2,1,2,1286,322,0,2216839013456,n/a,False
classification,SimpleMean,0.2,1,3,1286,322,0,2229387261328,n/a,False
classification,SimpleMean,0.2,1,4,1287,321,0,2229386956432,n/a,False
classification,SimpleMean,0.2,1,5,1287,321,0,2222950032080,n/a,False
classification,"KNN(k=5,dist)",0.2,1,1,1286,322,0,2216839005968,n/a,False
classification,"KNN(k=5,dist)",0.2,1,2,1286,322,0,2216654446352,n/a,False
classification,"KNN(k=5,dist)",0.2,1,3,1286,322,0,2229987865616,n/a,False
classification,"KNN(k=5,dist)",0.2,1,4,1287,321,0,2228571294416,n/a,False
classification,"KNN(k=5,dist)",0.2,1,5,1287,321,0,2228570859344,n/a,False
classification,RFECA_SVR(k=5),0.2,1,1,1286,322,0,2229603551504,training_fold_X.corr(),False
classification,RFECA_SVR(k=5),0.2,1,2,1286,322,0,2216705659120,training_fold_X.corr(),False
classification,RFECA_SVR(k=5),0.2,1,3,1286,322,0,2221849630032,training_fold_X.corr(),False
classification,RFECA_SVR(k=5),0.2,1,4,1287,321,0,2228007074768,training_fold_X.corr(),False
classification,RFECA_SVR(k=5),0.2,1,5,1287,321,0,2221202087216,training_fold_X.corr(),False
classification,RFECA_SVR(k=10),0.2,1,1,1286,322,0,2230856104016,training_fold_X.corr(),False
classification,RFECA_SVR(k=10),0.2,1,2,1286,322,0,2230880425296,training_fold_X.corr(),False
classification,RFECA_SVR(k=10),0.2,1,3,1286,322,0,2230858757104,training_fold_X.corr(),False
classification,RFECA_SVR(k=10),0.2,1,4,1287,321,0,2230858527056,training_fold_X.corr(),False
classification,RFECA_SVR(k=10),0.2,1,5,1287,321,0,2230879381424,training_fold_X.corr(),False
classification,RFECA_SVR(k=20),0.2,1,1,1286,322,0,2230879830320,training_fold_X.corr(),False
classification,RFECA_SVR(k=20),0.2,1,2,1286,322,0,2231014990224,training_fold_X.corr(),False
classification,RFECA_SVR(k=20),0.2,1,3,1286,322,0,2231015193104,training_fold_X.corr(),False
classification,RFECA_SVR(k=20),0.2,1,4,1287,321,0,2216839451760,training_fold_X.corr(),False
classification,RFECA_SVR(k=20),0.2,1,5,1287,321,0,2231314630032,training_fold_X.corr(),False
classification,MissForest,0.2,1,1,1286,322,0,2214837079568,n/a,False
classification,MissForest,0.2,1,2,1286,322,0,2214837076048,n/a,False
classification,MissForest,0.2,1,3,1286,322,0,2221849516368,n/a,False
classification,MissForest,0.2,1,4,1287,321,0,2214837078288,n/a,False
classification,MissForest,0.2,1,5,1287,321,0,2221849511248,n/a,False
imputation,SimpleMean,0.2,2,1,1286,322,0,2214785351312,n/a,False
imputation,SimpleMean,0.2,2,2,1286,322,0,2214785351504,n/a,False
imputation,SimpleMean,0.2,2,3,1286,322,0,2214785349008,n/a,False
imputation,SimpleMean,0.2,2,4,1287,321,0,2215596982544,n/a,False
imputation,SimpleMean,0.2,2,5,1287,321,0,2215596982736,n/a,False
imputation,"KNN(k=5,dist)",0.2,2,1,1286,322,0,2215596982352,n/a,False
imputation,"KNN(k=5,dist)",0.2,2,2,1286,322,0,2215596982928,n/a,False
imputation,"KNN(k=5,dist)",0.2,2,3,1286,322,0,2215596983120,n/a,False
imputation,"KNN(k=5,dist)",0.2,2,4,1287,321,0,2215596983312,n/a,False
imputation,"KNN(k=5,dist)",0.2,2,5,1287,321,0,2215596983504,n/a,False
imputation,RFECA_SVR(k=5),0.2,2,1,1286,322,0,2214786627440,training_fold_X.corr(),False
imputation,RFECA_SVR(k=5),0.2,2,2,1286,322,0,2214786629008,training_fold_X.corr(),False
imputation,RFECA_SVR(k=5),0.2,2,3,1286,322,0,2214786628784,training_fold_X.corr(),False
imputation,RFECA_SVR(k=5),0.2,2,4,1287,321,0,2214786628560,training_fold_X.corr(),False
imputation,RFECA_SVR(k=5),0.2,2,5,1287,321,0,2214786627888,training_fold_X.corr(),False
imputation,RFECA_SVR(k=10),0.2,2,1,1286,322,0,2214786628336,training_fold_X.corr(),False
imputation,RFECA_SVR(k=10),0.2,2,2,1286,322,0,2214786628112,training_fold_X.corr(),False
imputation,RFECA_SVR(k=10),0.2,2,3,1286,322,0,2214837245264,training_fold_X.corr(),False
imputation,RFECA_SVR(k=10),0.2,2,4,1287,321,0,2214837239888,training_fold_X.corr(),False
imputation,RFECA_SVR(k=10),0.2,2,5,1287,321,0,2214837243696,training_fold_X.corr(),False
imputation,RFECA_SVR(k=20),0.2,2,1,1286,322,0,2214837251984,training_fold_X.corr(),False
imputation,RFECA_SVR(k=20),0.2,2,2,1286,322,0,2214837247280,training_fold_X.corr(),False
imputation,RFECA_SVR(k=20),0.2,2,3,1286,322,0,2214837253328,training_fold_X.corr(),False
imputation,RFECA_SVR(k=20),0.2,2,4,1287,321,0,2214837249744,training_fold_X.corr(),False
imputation,RFECA_SVR(k=20),0.2,2,5,1287,321,0,2214837254448,training_fold_X.corr(),False
imputation,MissForest,0.2,2,1,1286,322,0,2214786088336,n/a,False
imputation,MissForest,0.2,2,2,1286,322,0,2214786088016,n/a,False
imputation,MissForest,0.2,2,3,1286,322,0,2221849525648,n/a,False
imputation,MissForest,0.2,2,4,1287,321,0,2221849518288,n/a,False
imputation,MissForest,0.2,2,5,1287,321,0,2214837078608,n/a,False
classification,SimpleMean,0.2,2,1,1286,322,0,2222951046544,n/a,False
classification,SimpleMean,0.2,2,2,1286,322,0,2222951046160,n/a,False
classification,SimpleMean,0.2,2,3,1286,322,0,2222896425744,n/a,False
classification,SimpleMean,0.2,2,4,1287,321,0,2222896566480,n/a,False
classification,SimpleMean,0.2,2,5,1287,321,0,2230861097552,n/a,False
classification,"KNN(k=5,dist)",0.2,2,1,1286,322,0,2222951041744,n/a,False
classification,"KNN(k=5,dist)",0.2,2,2,1286,322,0,2221849614608,n/a,False
classification,"KNN(k=5,dist)",0.2,2,3,1286,322,0,2216839459280,n/a,False
classification,"KNN(k=5,dist)",0.2,2,4,1287,321,0,2216839220496,n/a,False
classification,"KNN(k=5,dist)",0.2,2,5,1287,321,0,2222949639056,n/a,False
classification,RFECA_SVR(k=5),0.2,2,1,1286,322,0,2229987668976,training_fold_X.corr(),False
classification,RFECA_SVR(k=5),0.2,2,2,1286,322,0,2228571582352,training_fold_X.corr(),False
classification,RFECA_SVR(k=5),0.2,2,3,1286,322,0,2228570852272,training_fold_X.corr(),False
classification,RFECA_SVR(k=5),0.2,2,4,1287,321,0,2222989389712,training_fold_X.corr(),False
classification,RFECA_SVR(k=5),0.2,2,5,1287,321,0,2229603538256,training_fold_X.corr(),False
classification,RFECA_SVR(k=10),0.2,2,1,1286,322,0,2216705162192,training_fold_X.corr(),False
classification,RFECA_SVR(k=10),0.2,2,2,1286,322,0,2230858883024,training_fold_X.corr(),False
classification,RFECA_SVR(k=10),0.2,2,3,1286,322,0,2231015209488,training_fold_X.corr(),False
classification,RFECA_SVR(k=10),0.2,2,4,1287,321,0,2230878983504,training_fold_X.corr(),False
classification,RFECA_SVR(k=10),0.2,2,5,1287,321,0,2230879883504,training_fold_X.corr(),False
classification,RFECA_SVR(k=20),0.2,2,1,1286,322,0,2231315106512,training_fold_X.corr(),False
classification,RFECA_SVR(k=20),0.2,2,2,1286,322,0,2231314749648,training_fold_X.corr(),False
classification,RFECA_SVR(k=20),0.2,2,3,1286,322,0,2231500471696,training_fold_X.corr(),False
classification,RFECA_SVR(k=20),0.2,2,4,1287,321,0,2231500727568,training_fold_X.corr(),False
classification,RFECA_SVR(k=20),0.2,2,5,1287,321,0,2231014029840,training_fold_X.corr(),False
classification,MissForest,0.2,2,1,1286,322,0,2214837076048,n/a,False
classification,MissForest,0.2,2,2,1286,322,0,2214837078288,n/a,False
classification,MissForest,0.2,2,3,1286,322,0,2221849523408,n/a,False
classification,MissForest,0.2,2,4,1287,321,0,2221849519248,n/a,False
classification,MissForest,0.2,2,5,1287,321,0,2214837078928,n/a,False
imputation,SimpleMean,0.2,3,1,1286,322,0,2214785351312,n/a,False
imputation,SimpleMean,0.2,3,2,1286,322,0,2214785351504,n/a,False
imputation,SimpleMean,0.2,3,3,1286,322,0,2214785349008,n/a,False
imputation,SimpleMean,0.2,3,4,1287,321,0,2222949187664,n/a,False
imputation,SimpleMean,0.2,3,5,1287,321,0,2222949187856,n/a,False
imputation,"KNN(k=5,dist)",0.2,3,1,1286,322,0,2222949188048,n/a,False
imputation,"KNN(k=5,dist)",0.2,3,2,1286,322,0,2222949188240,n/a,False
imputation,"KNN(k=5,dist)",0.2,3,3,1286,322,0,2222949188432,n/a,False
imputation,"KNN(k=5,dist)",0.2,3,4,1287,321,0,2222949188624,n/a,False
imputation,"KNN(k=5,dist)",0.2,3,5,1287,321,0,2222949188816,n/a,False
imputation,RFECA_SVR(k=5),0.2,3,1,1286,322,0,2214786628784,training_fold_X.corr(),False
imputation,RFECA_SVR(k=5),0.2,3,2,1286,322,0,2214786628560,training_fold_X.corr(),False
imputation,RFECA_SVR(k=5),0.2,3,3,1286,322,0,2214786627888,training_fold_X.corr(),False
imputation,RFECA_SVR(k=5),0.2,3,4,1287,321,0,2214786628336,training_fold_X.corr(),False
imputation,RFECA_SVR(k=5),0.2,3,5,1287,321,0,2214786628112,training_fold_X.corr(),False
imputation,RFECA_SVR(k=10),0.2,3,1,1286,322,0,2214786627440,training_fold_X.corr(),False
imputation,RFECA_SVR(k=10),0.2,3,2,1286,322,0,2214786629008,training_fold_X.corr(),False
imputation,RFECA_SVR(k=10),0.2,3,3,1286,322,0,2216520487824,training_fold_X.corr(),False
imputation,RFECA_SVR(k=10),0.2,3,4,1287,321,0,2216520488272,training_fold_X.corr(),False
imputation,RFECA_SVR(k=10),0.2,3,5,1287,321,0,2216520496336,training_fold_X.corr(),False
imputation,RFECA_SVR(k=20),0.2,3,1,1286,322,0,2216520485584,training_fold_X.corr(),False
imputation,RFECA_SVR(k=20),0.2,3,2,1286,322,0,2216520483344,training_fold_X.corr(),False
imputation,RFECA_SVR(k=20),0.2,3,3,1286,322,0,2216520482896,training_fold_X.corr(),False
imputation,RFECA_SVR(k=20),0.2,3,4,1287,321,0,2216520497456,training_fold_X.corr(),False
imputation,RFECA_SVR(k=20),0.2,3,5,1287,321,0,2216520497680,training_fold_X.corr(),False
imputation,MissForest,0.2,3,1,1286,322,0,2214786088016,n/a,False
imputation,MissForest,0.2,3,2,1286,322,0,2214786088336,n/a,False
imputation,MissForest,0.2,3,3,1286,322,0,2221849512848,n/a,False
imputation,MissForest,0.2,3,4,1287,321,0,2214837078928,n/a,False
imputation,MissForest,0.2,3,5,1287,321,0,2214837079248,n/a,False
classification,SimpleMean,0.2,3,1,1286,322,0,2222988958544,n/a,False
classification,SimpleMean,0.2,3,2,1286,322,0,2222988959312,n/a,False
classification,SimpleMean,0.2,3,3,1286,322,0,2222988982032,n/a,False
classification,SimpleMean,0.2,3,4,1287,321,0,2222951026320,n/a,False
classification,SimpleMean,0.2,3,5,1287,321,0,2230522407312,n/a,False
classification,"KNN(k=5,dist)",0.2,3,1,1286,322,0,2222988953360,n/a,False
classification,"KNN(k=5,dist)",0.2,3,2,1286,322,0,2229103040976,n/a,False
classification,"KNN(k=5,dist)",0.2,3,3,1286,322,0,2222896086480,n/a,False
classification,"KNN(k=5,dist)",0.2,3,4,1287,321,0,2230860794576,n/a,False
classification,"KNN(k=5,dist)",0.2,3,5,1287,321,0,2229387125648,n/a,False
classification,RFECA_SVR(k=5),0.2,3,1,1286,322,0,2231014865648,training_fold_X.corr(),False
classification,RFECA_SVR(k=5),0.2,3,2,1286,322,0,2216838941840,training_fold_X.corr(),False
classification,RFECA_SVR(k=5),0.2,3,3,1286,322,0,2216838647600,training_fold_X.corr(),False
classification,RFECA_SVR(k=5),0.2,3,4,1287,321,0,2222950026160,training_fold_X.corr(),False
classification,RFECA_SVR(k=5),0.2,3,5,1287,321,0,2216654067920,training_fold_X.corr(),False
classification,RFECA_SVR(k=10),0.2,3,1,1286,322,0,2229988000272,training_fold_X.corr(),False
classification,RFECA_SVR(k=10),0.2,3,2,1286,322,0,2228571611984,training_fold_X.corr(),False
classification,RFECA_SVR(k=10),0.2,3,3,1286,322,0,2230879650096,training_fold_X.corr(),False
classification,RFECA_SVR(k=10),0.2,3,4,1287,321,0,2231314963312,training_fold_X.corr(),False
classification,RFECA_SVR(k=10),0.2,3,5,1287,321,0,2231500321776,training_fold_X.corr(),False
classification,RFECA_SVR(k=20),0.2,3,1,1286,322,0,2231500443888,training_fold_X.corr(),False
classification,RFECA_SVR(k=20),0.2,3,2,1286,322,0,2231013665808,training_fold_X.corr(),False
classification,RFECA_SVR(k=20),0.2,3,3,1286,322,0,2231013947248,training_fold_X.corr(),False
classification,RFECA_SVR(k=20),0.2,3,4,1287,321,0,2231833337584,training_fold_X.corr(),False
classification,RFECA_SVR(k=20),0.2,3,5,1287,321,0,2231833510640,training_fold_X.corr(),False
classification,MissForest,0.2,3,1,1286,322,0,2214837085008,n/a,False
classification,MissForest,0.2,3,2,1286,322,0,2221849523088,n/a,False
classification,MissForest,0.2,3,3,1286,322,0,2214837080848,n/a,False
classification,MissForest,0.2,3,4,1287,321,0,2214837078608,n/a,False
classification,MissForest,0.2,3,5,1287,321,0,2221849510608,n/a,False
imputation,SimpleMean,0.2,4,1,1286,322,0,2214785351312,n/a,False
imputation,SimpleMean,0.2,4,2,1286,322,0,2214785351504,n/a,False
imputation,SimpleMean,0.2,4,3,1286,322,0,2214785349008,n/a,False
imputation,SimpleMean,0.2,4,4,1287,321,0,2216972566800,n/a,False
imputation,SimpleMean,0.2,4,5,1287,321,0,2216972566608,n/a,False
imputation,"KNN(k=5,dist)",0.2,4,1,1286,322,0,2216972566992,n/a,False
imputation,"KNN(k=5,dist)",0.2,4,2,1286,322,0,2216972567184,n/a,False
imputation,"KNN(k=5,dist)",0.2,4,3,1286,322,0,2216972567376,n/a,False
imputation,"KNN(k=5,dist)",0.2,4,4,1287,321,0,2216972567568,n/a,False
imputation,"KNN(k=5,dist)",0.2,4,5,1287,321,0,2216972567760,n/a,False
imputation,RFECA_SVR(k=5),0.2,4,1,1286,322,0,2214786627888,training_fold_X.corr(),False
imputation,RFECA_SVR(k=5),0.2,4,2,1286,322,0,2214786628336,training_fold_X.corr(),False
imputation,RFECA_SVR(k=5),0.2,4,3,1286,322,0,2214786628112,training_fold_X.corr(),False
imputation,RFECA_SVR(k=5),0.2,4,4,1287,321,0,2214786627440,training_fold_X.corr(),False
imputation,RFECA_SVR(k=5),0.2,4,5,1287,321,0,2214786629008,training_fold_X.corr(),False
imputation,RFECA_SVR(k=10),0.2,4,1,1286,322,0,2214786628784,training_fold_X.corr(),False
imputation,RFECA_SVR(k=10),0.2,4,2,1286,322,0,2214786628560,training_fold_X.corr(),False
imputation,RFECA_SVR(k=10),0.2,4,3,1286,322,0,2215195875088,training_fold_X.corr(),False
imputation,RFECA_SVR(k=10),0.2,4,4,1287,321,0,2215195881360,training_fold_X.corr(),False
imputation,RFECA_SVR(k=10),0.2,4,5,1287,321,0,2215195883376,training_fold_X.corr(),False
imputation,RFECA_SVR(k=20),0.2,4,1,1286,322,0,2215195880464,training_fold_X.corr(),False
imputation,RFECA_SVR(k=20),0.2,4,2,1286,322,0,2215195880688,training_fold_X.corr(),False
imputation,RFECA_SVR(k=20),0.2,4,3,1286,322,0,2215195873072,training_fold_X.corr(),False
imputation,RFECA_SVR(k=20),0.2,4,4,1287,321,0,2215195876880,training_fold_X.corr(),False
imputation,RFECA_SVR(k=20),0.2,4,5,1287,321,0,2215195877104,training_fold_X.corr(),False
imputation,MissForest,0.2,4,1,1286,322,0,2214786087696,n/a,False
imputation,MissForest,0.2,4,2,1286,322,0,2221849516688,n/a,False
imputation,MissForest,0.2,4,3,1286,322,0,2214837078608,n/a,False
imputation,MissForest,0.2,4,4,1287,321,0,2221849514448,n/a,False
imputation,MissForest,0.2,4,5,1287,321,0,2214837084368,n/a,False
classification,SimpleMean,0.2,4,1,1286,322,0,2222952242960,n/a,False
classification,SimpleMean,0.2,4,2,1286,322,0,2222952243344,n/a,False
classification,SimpleMean,0.2,4,3,1286,322,0,2222952037264,n/a,False
classification,SimpleMean,0.2,4,4,1287,321,0,2230861337168,n/a,False
classification,SimpleMean,0.2,4,5,1287,321,0,2230861389200,n/a,False
classification,"KNN(k=5,dist)",0.2,4,1,1286,322,0,2222952237968,n/a,False
classification,"KNN(k=5,dist)",0.2,4,2,1286,322,0,2222988959120,n/a,False
classification,"KNN(k=5,dist)",0.2,4,3,1286,322,0,2232000712720,n/a,False
classification,"KNN(k=5,dist)",0.2,4,4,1287,321,0,2230523300560,n/a,False
classification,"KNN(k=5,dist)",0.2,4,5,1287,321,0,2230522881296,n/a,False
classification,RFECA_SVR(k=5),0.2,4,1,1286,322,0,2230860500784,training_fold_X.corr(),False
classification,RFECA_SVR(k=5),0.2,4,2,1286,322,0,2230860555088,training_fold_X.corr(),False
classification,RFECA_SVR(k=5),0.2,4,3,1286,322,0,2229387118864,training_fold_X.corr(),False
classification,RFECA_SVR(k=5),0.2,4,4,1287,321,0,2221849903408,training_fold_X.corr(),False
classification,RFECA_SVR(k=5),0.2,4,5,1287,321,0,2230879687120,training_fold_X.corr(),False
classification,RFECA_SVR(k=10),0.2,4,1,1286,322,0,2231314609808,training_fold_X.corr(),False
classification,RFECA_SVR(k=10),0.2,4,2,1286,322,0,2216838950576,training_fold_X.corr(),False
classification,RFECA_SVR(k=10),0.2,4,3,1286,322,0,2231500520848,training_fold_X.corr(),False
classification,RFECA_SVR(k=10),0.2,4,4,1287,321,0,2231500629488,training_fold_X.corr(),False
classification,RFECA_SVR(k=10),0.2,4,5,1287,321,0,2231014404880,training_fold_X.corr(),False
classification,RFECA_SVR(k=20),0.2,4,1,1286,322,0,2231014453808,training_fold_X.corr(),False
classification,RFECA_SVR(k=20),0.2,4,2,1286,322,0,2231833293136,training_fold_X.corr(),False
classification,RFECA_SVR(k=20),0.2,4,3,1286,322,0,2231833227600,training_fold_X.corr(),False
classification,RFECA_SVR(k=20),0.2,4,4,1287,321,0,2231834416912,training_fold_X.corr(),False
classification,RFECA_SVR(k=20),0.2,4,5,1287,321,0,2231834721680,training_fold_X.corr(),False
classification,MissForest,0.2,4,1,1286,322,0,2214837078288,n/a,False
classification,MissForest,0.2,4,2,1286,322,0,2214837089488,n/a,False
classification,MissForest,0.2,4,3,1286,322,0,2214837089168,n/a,False
classification,MissForest,0.2,4,4,1287,321,0,2221849524048,n/a,False
classification,MissForest,0.2,4,5,1287,321,0,2221849518608,n/a,False
imputation,SimpleMean,0.2,5,1,1286,322,0,2214785351312,n/a,False
imputation,SimpleMean,0.2,5,2,1286,322,0,2214785351504,n/a,False
imputation,SimpleMean,0.2,5,3,1286,322,0,2214785349008,n/a,False
imputation,SimpleMean,0.2,5,4,1287,321,0,2216972370000,n/a,False
imputation,SimpleMean,0.2,5,5,1287,321,0,2216972370192,n/a,False
imputation,"KNN(k=5,dist)",0.2,5,1,1286,322,0,2216972370384,n/a,False
imputation,"KNN(k=5,dist)",0.2,5,2,1286,322,0,2216972370576,n/a,False
imputation,"KNN(k=5,dist)",0.2,5,3,1286,322,0,2216972370768,n/a,False
imputation,"KNN(k=5,dist)",0.2,5,4,1287,321,0,2216972370960,n/a,False
imputation,"KNN(k=5,dist)",0.2,5,5,1287,321,0,2216972371152,n/a,False
imputation,RFECA_SVR(k=5),0.2,5,1,1286,322,0,2214786628112,training_fold_X.corr(),False
imputation,RFECA_SVR(k=5),0.2,5,2,1286,322,0,2214786627440,training_fold_X.corr(),False
imputation,RFECA_SVR(k=5),0.2,5,3,1286,322,0,2214786629008,training_fold_X.corr(),False
imputation,RFECA_SVR(k=5),0.2,5,4,1287,321,0,2214786628784,training_fold_X.corr(),False
imputation,RFECA_SVR(k=5),0.2,5,5,1287,321,0,2214786628560,training_fold_X.corr(),False
imputation,RFECA_SVR(k=10),0.2,5,1,1286,322,0,2214786627888,training_fold_X.corr(),False
imputation,RFECA_SVR(k=10),0.2,5,2,1286,322,0,2214786628336,training_fold_X.corr(),False
imputation,RFECA_SVR(k=10),0.2,5,3,1286,322,0,2214837241456,training_fold_X.corr(),False
imputation,RFECA_SVR(k=10),0.2,5,4,1287,321,0,2214837253328,training_fold_X.corr(),False
imputation,RFECA_SVR(k=10),0.2,5,5,1287,321,0,2214837247280,training_fold_X.corr(),False
imputation,RFECA_SVR(k=20),0.2,5,1,1286,322,0,2214837255344,training_fold_X.corr(),False
imputation,RFECA_SVR(k=20),0.2,5,2,1286,322,0,2214837245264,training_fold_X.corr(),False
imputation,RFECA_SVR(k=20),0.2,5,3,1286,322,0,2214837239888,training_fold_X.corr(),False
imputation,RFECA_SVR(k=20),0.2,5,4,1287,321,0,2214837243696,training_fold_X.corr(),False
imputation,RFECA_SVR(k=20),0.2,5,5,1287,321,0,2214837251984,training_fold_X.corr(),False
imputation,MissForest,0.2,5,1,1286,322,0,2214786088016,n/a,False
imputation,MissForest,0.2,5,2,1286,322,0,2214786087696,n/a,False
imputation,MissForest,0.2,5,3,1286,322,0,2221849518288,n/a,False
imputation,MissForest,0.2,5,4,1287,321,0,2221849524368,n/a,False
imputation,MissForest,0.2,5,5,1287,321,0,2214837078288,n/a,False
classification,SimpleMean,0.2,5,1,1286,322,0,2222987255760,n/a,False
classification,SimpleMean,0.2,5,2,1286,322,0,2222987255184,n/a,False
classification,SimpleMean,0.2,5,3,1286,322,0,2222986721232,n/a,False
classification,SimpleMean,0.2,5,4,1287,321,0,2222447513232,n/a,False
classification,SimpleMean,0.2,5,5,1287,321,0,2226111738512,n/a,False
classification,"KNN(k=5,dist)",0.2,5,1,1286,322,0,2222987250000,n/a,False
classification,"KNN(k=5,dist)",0.2,5,2,1286,322,0,2222952586640,n/a,False
classification,"KNN(k=5,dist)",0.2,5,3,1286,322,0,2222951051728,n/a,False
classification,"KNN(k=5,dist)",0.2,5,4,1287,321,0,2230861269712,n/a,False
classification,"KNN(k=5,dist)",0.2,5,5,1287,321,0,2230861393040,n/a,False
classification,RFECA_SVR(k=5),0.2,5,1,1286,322,0,2230522825872,training_fold_X.corr(),False
classification,RFECA_SVR(k=5),0.2,5,2,1286,322,0,2229103179184,training_fold_X.corr(),False
classification,RFECA_SVR(k=5),0.2,5,3,1286,322,0,2229102939504,training_fold_X.corr(),False
classification,RFECA_SVR(k=5),0.2,5,4,1287,321,0,2222896378192,training_fold_X.corr(),False
classification,RFECA_SVR(k=5),0.2,5,5,1287,321,0,2230860797712,training_fold_X.corr(),False
classification,RFECA_SVR(k=10),0.2,5,1,1286,322,0,2231500520848,training_fold_X.corr(),False
classification,RFECA_SVR(k=10),0.2,5,2,1286,322,0,2231014398160,training_fold_X.corr(),False
classification,RFECA_SVR(k=10),0.2,5,3,1286,322,0,2231013705328,training_fold_X.corr(),False
classification,RFECA_SVR(k=10),0.2,5,4,1287,321,0,2231833717552,training_fold_X.corr(),False
classification,RFECA_SVR(k=10),0.2,5,5,1287,321,0,2231833875120,training_fold_X.corr(),False
classification,RFECA_SVR(k=20),0.2,5,1,1286,322,0,2231834408368,training_fold_X.corr(),False
classification,RFECA_SVR(k=20),0.2,5,2,1286,322,0,2230859913872,training_fold_X.corr(),False
classification,RFECA_SVR(k=20),0.2,5,3,1286,322,0,2230859791536,training_fold_X.corr(),False
classification,RFECA_SVR(k=20),0.2,5,4,1287,321,0,2230859179728,training_fold_X.corr(),False
classification,RFECA_SVR(k=20),0.2,5,5,1287,321,0,2231498918608,training_fold_X.corr(),False
classification,MissForest,0.2,5,1,1286,322,0,2221849511888,n/a,False
classification,MissForest,0.2,5,2,1286,322,0,2214837084368,n/a,False
classification,MissForest,0.2,5,3,1286,322,0,2221849520208,n/a,False
classification,MissForest,0.2,5,4,1287,321,0,2221849525008,n/a,False
classification,MissForest,0.2,5,5,1287,321,0,2214837076368,n/a,False
imputation,SimpleMean,0.2,6,1,1286,322,0,2214785351312,n/a,False
imputation,SimpleMean,0.2,6,2,1286,322,0,2214785351504,n/a,False
imputation,SimpleMean,0.2,6,3,1286,322,0,2214785349008,n/a,False
imputation,SimpleMean,0.2,6,4,1287,321,0,2216521023568,n/a,False
imputation,SimpleMean,0.2,6,5,1287,321,0,2216521023760,n/a,False
imputation,"KNN(k=5,dist)",0.2,6,1,1286,322,0,2216521023952,n/a,False
imputation,"KNN(k=5,dist)",0.2,6,2,1286,322,0,2216521024144,n/a,False
imputation,"KNN(k=5,dist)",0.2,6,3,1286,322,0,2216521024336,n/a,False
imputation,"KNN(k=5,dist)",0.2,6,4,1287,321,0,2216521024528,n/a,False
imputation,"KNN(k=5,dist)",0.2,6,5,1287,321,0,2216521024720,n/a,False
imputation,RFECA_SVR(k=5),0.2,6,1,1286,322,0,2214786629008,training_fold_X.corr(),False
imputation,RFECA_SVR(k=5),0.2,6,2,1286,322,0,2214786628784,training_fold_X.corr(),False
imputation,RFECA_SVR(k=5),0.2,6,3,1286,322,0,2214786628560,training_fold_X.corr(),False
imputation,RFECA_SVR(k=5),0.2,6,4,1287,321,0,2214786627888,training_fold_X.corr(),False
imputation,RFECA_SVR(k=5),0.2,6,5,1287,321,0,2214786628336,training_fold_X.corr(),False
imputation,RFECA_SVR(k=10),0.2,6,1,1286,322,0,2214786628112,training_fold_X.corr(),False
imputation,RFECA_SVR(k=10),0.2,6,2,1286,322,0,2214786627440,training_fold_X.corr(),False
imputation,RFECA_SVR(k=10),0.2,6,3,1286,322,0,2216520488272,training_fold_X.corr(),False
imputation,RFECA_SVR(k=10),0.2,6,4,1287,321,0,2216520496336,training_fold_X.corr(),False
imputation,RFECA_SVR(k=10),0.2,6,5,1287,321,0,2216520485584,training_fold_X.corr(),False
imputation,RFECA_SVR(k=20),0.2,6,1,1286,322,0,2216520483344,training_fold_X.corr(),False
imputation,RFECA_SVR(k=20),0.2,6,2,1286,322,0,2216520482896,training_fold_X.corr(),False
imputation,RFECA_SVR(k=20),0.2,6,3,1286,322,0,2216520497456,training_fold_X.corr(),False
imputation,RFECA_SVR(k=20),0.2,6,4,1287,321,0,2216520497680,training_fold_X.corr(),False
imputation,RFECA_SVR(k=20),0.2,6,5,1287,321,0,2216520497232,training_fold_X.corr(),False
imputation,MissForest,0.2,6,1,1286,322,0,2214786084816,n/a,False
imputation,MissForest,0.2,6,2,1286,322,0,2221849512208,n/a,False
imputation,MissForest,0.2,6,3,1286,322,0,2214837084368,n/a,False
imputation,MissForest,0.2,6,4,1287,321,0,2214837084688,n/a,False
imputation,MissForest,0.2,6,5,1287,321,0,2214837089168,n/a,False
classification,SimpleMean,0.2,6,1,1286,322,0,2222948985616,n/a,False
classification,SimpleMean,0.2,6,2,1286,322,0,2222948985424,n/a,False
classification,SimpleMean,0.2,6,3,1286,322,0,2222948677584,n/a,False
classification,SimpleMean,0.2,6,4,1287,321,0,2227042553680,n/a,False
classification,SimpleMean,0.2,6,5,1287,321,0,2222987325520,n/a,False
classification,"KNN(k=5,dist)",0.2,6,1,1286,322,0,2222948977744,n/a,False
classification,"KNN(k=5,dist)",0.2,6,2,1286,322,0,2226112518416,n/a,False
classification,"KNN(k=5,dist)",0.2,6,3,1286,322,0,2222952034768,n/a,False
classification,"KNN(k=5,dist)",0.2,6,4,1287,321,0,2230861335248,n/a,False
classification,"KNN(k=5,dist)",0.2,6,5,1287,321,0,2230861394768,n/a,False
classification,RFECA_SVR(k=5),0.2,6,1,1286,322,0,2222896089808,training_fold_X.corr(),False
classification,RFECA_SVR(k=5),0.2,6,2,1286,322,0,2230880845424,training_fold_X.corr(),False
classification,RFECA_SVR(k=5),0.2,6,3,1286,322,0,2222951060368,training_fold_X.corr(),False
classification,RFECA_SVR(k=5),0.2,6,4,1287,321,0,2222950808080,training_fold_X.corr(),False
classification,RFECA_SVR(k=5),0.2,6,5,1287,321,0,2229103170448,training_fold_X.corr(),False
classification,RFECA_SVR(k=10),0.2,6,1,1286,322,0,2231013706896,training_fold_X.corr(),False
classification,RFECA_SVR(k=10),0.2,6,2,1286,322,0,2231833338256,training_fold_X.corr(),False
classification,RFECA_SVR(k=10),0.2,6,3,1286,322,0,2231833754128,training_fold_X.corr(),False
classification,RFECA_SVR(k=10),0.2,6,4,1287,321,0,2230859919472,training_fold_X.corr(),False
classification,RFECA_SVR(k=10),0.2,6,5,1287,321,0,2230859175472,training_fold_X.corr(),False
classification,RFECA_SVR(k=20),0.2,6,1,1286,322,0,2231499256592,training_fold_X.corr(),False
classification,RFECA_SVR(k=20),0.2,6,2,1286,322,0,2231499151568,training_fold_X.corr(),False
classification,RFECA_SVR(k=20),0.2,6,3,1286,322,0,2231499537360,training_fold_X.corr(),False
classification,RFECA_SVR(k=20),0.2,6,4,1287,321,0,2232170422448,training_fold_X.corr(),False
classification,RFECA_SVR(k=20),0.2,6,5,1287,321,0,2232170399344,training_fold_X.corr(),False
classification,MissForest,0.2,6,1,1286,322,0,2221849511888,n/a,False
classification,MissForest,0.2,6,2,1286,322,0,2214786088336,n/a,False
classification,MissForest,0.2,6,3,1286,322,0,2214837082448,n/a,False
classification,MissForest,0.2,6,4,1287,321,0,2221849517008,n/a,False
classification,MissForest,0.2,6,5,1287,321,0,2214837081488,n/a,False
imputation,SimpleMean,0.2,7,1,1286,322,0,2214785351312,n/a,False
imputation,SimpleMean,0.2,7,2,1286,322,0,2214785351504,n/a,False
imputation,SimpleMean,0.2,7,3,1286,322,0,2214785349008,n/a,False
imputation,SimpleMean,0.2,7,4,1287,321,0,2229102625232,n/a,False
imputation,SimpleMean,0.2,7,5,1287,321,0,2229102625040,n/a,False
imputation,"KNN(k=5,dist)",0.2,7,1,1286,322,0,2229102624848,n/a,False
imputation,"KNN(k=5,dist)",0.2,7,2,1286,322,0,2229102625424,n/a,False
imputation,"KNN(k=5,dist)",0.2,7,3,1286,322,0,2229102625616,n/a,False
imputation,"KNN(k=5,dist)",0.2,7,4,1287,321,0,2229102625808,n/a,False
imputation,"KNN(k=5,dist)",0.2,7,5,1287,321,0,2229102626000,n/a,False
imputation,RFECA_SVR(k=5),0.2,7,1,1286,322,0,2214786628560,training_fold_X.corr(),False
imputation,RFECA_SVR(k=5),0.2,7,2,1286,322,0,2214786627888,training_fold_X.corr(),False
imputation,RFECA_SVR(k=5),0.2,7,3,1286,322,0,2214786628336,training_fold_X.corr(),False
imputation,RFECA_SVR(k=5),0.2,7,4,1287,321,0,2214786628112,training_fold_X.corr(),False
imputation,RFECA_SVR(k=5),0.2,7,5,1287,321,0,2214786627440,training_fold_X.corr(),False
imputation,RFECA_SVR(k=10),0.2,7,1,1286,322,0,2214786629008,training_fold_X.corr(),False
imputation,RFECA_SVR(k=10),0.2,7,2,1286,322,0,2214786628784,training_fold_X.corr(),False
imputation,RFECA_SVR(k=10),0.2,7,3,1286,322,0,2215195878000,training_fold_X.corr(),False
imputation,RFECA_SVR(k=10),0.2,7,4,1287,321,0,2215195881360,training_fold_X.corr(),False
imputation,RFECA_SVR(k=10),0.2,7,5,1287,321,0,2215195876432,training_fold_X.corr(),False
imputation,RFECA_SVR(k=20),0.2,7,1,1286,322,0,2215195877104,training_fold_X.corr(),False
imputation,RFECA_SVR(k=20),0.2,7,2,1286,322,0,2215195875088,training_fold_X.corr(),False
imputation,RFECA_SVR(k=20),0.2,7,3,1286,322,0,2215195883376,training_fold_X.corr(),False
imputation,RFECA_SVR(k=20),0.2,7,4,1287,321,0,2215195880464,training_fold_X.corr(),False
imputation,RFECA_SVR(k=20),0.2,7,5,1287,321,0,2215195873072,training_fold_X.corr(),False
imputation,MissForest,0.2,7,1,1286,322,0,2214837084688,n/a,False
imputation,MissForest,0.2,7,2,1286,322,0,2214837084368,n/a,False
imputation,MissForest,0.2,7,3,1286,322,0,2221849512528,n/a,False
imputation,MissForest,0.2,7,4,1287,321,0,2221849510608,n/a,False
imputation,MissForest,0.2,7,5,1287,321,0,2214837081488,n/a,False
classification,SimpleMean,0.2,7,1,1286,322,0,2230858996944,n/a,False
classification,SimpleMean,0.2,7,2,1286,322,0,2230858997136,n/a,False
classification,SimpleMean,0.2,7,3,1286,322,0,2230858872400,n/a,False
classification,SimpleMean,0.2,7,4,1287,321,0,2222988319568,n/a,False
classification,SimpleMean,0.2,7,5,1287,321,0,2230859081552,n/a,False
classification,"KNN(k=5,dist)",0.2,7,1,1286,322,0,2230858991376,n/a,False
classification,"KNN(k=5,dist)",0.2,7,2,1286,322,0,2229854443984,n/a,False
classification,"KNN(k=5,dist)",0.2,7,3,1286,322,0,2227042480592,n/a,False
classification,"KNN(k=5,dist)",0.2,7,4,1287,321,0,2222986709712,n/a,False
classification,"KNN(k=5,dist)",0.2,7,5,1287,321,0,2222447616912,n/a,False
classification,RFECA_SVR(k=5),0.2,7,1,1286,322,0,2222952563440,training_fold_X.corr(),False
classification,RFECA_SVR(k=5),0.2,7,2,1286,322,0,2230861359024,training_fold_X.corr(),False
classification,RFECA_SVR(k=5),0.2,7,3,1286,322,0,2230880694384,training_fold_X.corr(),False
classification,RFECA_SVR(k=5),0.2,7,4,1287,321,0,2222988807312,training_fold_X.corr(),False
classification,RFECA_SVR(k=5),0.2,7,5,1287,321,0,2222896076784,training_fold_X.corr(),False
classification,RFECA_SVR(k=10),0.2,7,1,1286,322,0,2216972370000,training_fold_X.corr(),False
classification,RFECA_SVR(k=10),0.2,7,2,1286,322,0,2231834223216,training_fold_X.corr(),False
classification,RFECA_SVR(k=10),0.2,7,3,1286,322,0,2230859175024,training_fold_X.corr(),False
classification,RFECA_SVR(k=10),0.2,7,4,1287,321,0,2231499251664,training_fold_X.corr(),False
classification,RFECA_SVR(k=10),0.2,7,5,1287,321,0,2231499126192,training_fold_X.corr(),False
classification,RFECA_SVR(k=20),0.2,7,1,1286,322,0,2232170353328,training_fold_X.corr(),False
classification,RFECA_SVR(k=20),0.2,7,2,1286,322,0,2232170376656,training_fold_X.corr(),False
classification,RFECA_SVR(k=20),0.2,7,3,1286,322,0,2231332664752,training_fold_X.corr(),False
classification,RFECA_SVR(k=20),0.2,7,4,1287,321,0,2231332052272,training_fold_X.corr(),False
classification,RFECA_SVR(k=20),0.2,7,5,1287,321,0,2231332061712,training_fold_X.corr(),False
classification,MissForest,0.2,7,1,1286,322,0,2214837082448,n/a,False
classification,MissForest,0.2,7,2,1286,322,0,2221849522128,n/a,False
classification,MissForest,0.2,7,3,1286,322,0,2214837089488,n/a,False
classification,MissForest,0.2,7,4,1287,321,0,2214837076048,n/a,False
classification,MissForest,0.2,7,5,1287,321,0,2214837078288,n/a,False
imputation,SimpleMean,0.2,8,1,1286,322,0,2214785351312,n/a,False
imputation,SimpleMean,0.2,8,2,1286,322,0,2214785351504,n/a,False
imputation,SimpleMean,0.2,8,3,1286,322,0,2214785349008,n/a,False
imputation,SimpleMean,0.2,8,4,1287,321,0,2229853897360,n/a,False
imputation,SimpleMean,0.2,8,5,1287,321,0,2229853896784,n/a,False
imputation,"KNN(k=5,dist)",0.2,8,1,1286,322,0,2229853897168,n/a,False
imputation,"KNN(k=5,dist)",0.2,8,2,1286,322,0,2229853896976,n/a,False
imputation,"KNN(k=5,dist)",0.2,8,3,1286,322,0,2229853897552,n/a,False
imputation,"KNN(k=5,dist)",0.2,8,4,1287,321,0,2229853897744,n/a,False
imputation,"KNN(k=5,dist)",0.2,8,5,1287,321,0,2229853897936,n/a,False
imputation,RFECA_SVR(k=5),0.2,8,1,1286,322,0,2214786628336,training_fold_X.corr(),False
imputation,RFECA_SVR(k=5),0.2,8,2,1286,322,0,2214786628112,training_fold_X.corr(),False
imputation,RFECA_SVR(k=5),0.2,8,3,1286,322,0,2214786627440,training_fold_X.corr(),False
imputation,RFECA_SVR(k=5),0.2,8,4,1287,321,0,2214786629008,training_fold_X.corr(),False
imputation,RFECA_SVR(k=5),0.2,8,5,1287,321,0,2214786628784,training_fold_X.corr(),False
imputation,RFECA_SVR(k=10),0.2,8,1,1286,322,0,2214786628560,training_fold_X.corr(),False
imputation,RFECA_SVR(k=10),0.2,8,2,1286,322,0,2214786627888,training_fold_X.corr(),False
imputation,RFECA_SVR(k=10),0.2,8,3,1286,322,0,2214837252880,training_fold_X.corr(),False
imputation,RFECA_SVR(k=10),0.2,8,4,1287,321,0,2214837244592,training_fold_X.corr(),False
imputation,RFECA_SVR(k=10),0.2,8,5,1287,321,0,2214837247952,training_fold_X.corr(),False
imputation,RFECA_SVR(k=20),0.2,8,1,1286,322,0,2214837254224,training_fold_X.corr(),False
imputation,RFECA_SVR(k=20),0.2,8,2,1286,322,0,2214837239888,training_fold_X.corr(),False
imputation,RFECA_SVR(k=20),0.2,8,3,1286,322,0,2214837251984,training_fold_X.corr(),False
imputation,RFECA_SVR(k=20),0.2,8,4,1287,321,0,2214837242128,training_fold_X.corr(),False
imputation,RFECA_SVR(k=20),0.2,8,5,1287,321,0,2214837253776,training_fold_X.corr(),False
imputation,MissForest,0.2,8,1,1286,322,0,2214786088336,n/a,False
imputation,MissForest,0.2,8,2,1286,322,0,2214786087696,n/a,False
imputation,MissForest,0.2,8,3,1286,322,0,2221849519888,n/a,False
imputation,MissForest,0.2,8,4,1287,321,0,2214837085648,n/a,False
imputation,MissForest,0.2,8,5,1287,321,0,2221849525328,n/a,False
classification,SimpleMean,0.2,8,1,1286,322,0,2222950342032,n/a,False
classification,SimpleMean,0.2,8,2,1286,322,0,2222950342608,n/a,False
classification,SimpleMean,0.2,8,3,1286,322,0,2222950086800,n/a,False
classification,SimpleMean,0.2,8,4,1287,321,0,2216654573392,n/a,False
classification,SimpleMean,0.2,8,5,1287,321,0,2230880429904,n/a,False
classification,"KNN(k=5,dist)",0.2,8,1,1286,322,0,2222950336656,n/a,False
classification,"KNN(k=5,dist)",0.2,8,2,1286,322,0,2222948751824,n/a,False
classification,"KNN(k=5,dist)",0.2,8,3,1286,322,0,2230859003472,n/a,False
classification,"KNN(k=5,dist)",0.2,8,4,1287,321,0,2230859074256,n/a,False
classification,"KNN(k=5,dist)",0.2,8,5,1287,321,0,2222987817040,n/a,False
classification,RFECA_SVR(k=5),0.2,8,1,1286,322,0,2227042928240,training_fold_X.corr(),False
classification,RFECA_SVR(k=5),0.2,8,2,1286,322,0,2222987345072,training_fold_X.corr(),False
classification,RFECA_SVR(k=5),0.2,8,3,1286,322,0,2222446887216,training_fold_X.corr(),False
classification,RFECA_SVR(k=5),0.2,8,4,1287,321,0,2222447621552,training_fold_X.corr(),False
classification,RFECA_SVR(k=5),0.2,8,5,1287,321,0,2222952408112,training_fold_X.corr(),False
classification,RFECA_SVR(k=10),0.2,8,1,1286,322,0,2230861282480,training_fold_X.corr(),False
classification,RFECA_SVR(k=10),0.2,8,2,1286,322,0,2230859294416,training_fold_X.corr(),False
classification,RFECA_SVR(k=10),0.2,8,3,1286,322,0,2232170329072,training_fold_X.corr(),False
classification,RFECA_SVR(k=10),0.2,8,4,1287,321,0,2231499681456,training_fold_X.corr(),False
classification,RFECA_SVR(k=10),0.2,8,5,1287,321,0,2231332416080,training_fold_X.corr(),False
classification,RFECA_SVR(k=20),0.2,8,1,1286,322,0,2231332324304,training_fold_X.corr(),False
classification,RFECA_SVR(k=20),0.2,8,2,1286,322,0,2232002060016,training_fold_X.corr(),False
classification,RFECA_SVR(k=20),0.2,8,3,1286,322,0,2232002544592,training_fold_X.corr(),False
classification,RFECA_SVR(k=20),0.2,8,4,1287,321,0,2232002963600,training_fold_X.corr(),False
classification,RFECA_SVR(k=20),0.2,8,5,1287,321,0,2232175497232,training_fold_X.corr(),False
classification,MissForest,0.2,8,1,1286,322,0,2221849510608,n/a,False
classification,MissForest,0.2,8,2,1286,322,0,2221849519568,n/a,False
classification,MissForest,0.2,8,3,1286,322,0,2221849516688,n/a,False
classification,MissForest,0.2,8,4,1287,321,0,2214786085136,n/a,False
classification,MissForest,0.2,8,5,1287,321,0,2221849515728,n/a,False
imputation,SimpleMean,0.2,9,1,1286,322,0,2214785351312,n/a,False
imputation,SimpleMean,0.2,9,2,1286,322,0,2214785351504,n/a,False
imputation,SimpleMean,0.2,9,3,1286,322,0,2214785349008,n/a,False
imputation,SimpleMean,0.2,9,4,1287,321,0,2230860578896,n/a,False
imputation,SimpleMean,0.2,9,5,1287,321,0,2230860579856,n/a,False
imputation,"KNN(k=5,dist)",0.2,9,1,1286,322,0,2230860579472,n/a,False
imputation,"KNN(k=5,dist)",0.2,9,2,1286,322,0,2230860579088,n/a,False
imputation,"KNN(k=5,dist)",0.2,9,3,1286,322,0,2230860579280,n/a,False
imputation,"KNN(k=5,dist)",0.2,9,4,1287,321,0,2230860579664,n/a,False
imputation,"KNN(k=5,dist)",0.2,9,5,1287,321,0,2230860580048,n/a,False
imputation,RFECA_SVR(k=5),0.2,9,1,1286,322,0,2214786627440,training_fold_X.corr(),False
imputation,RFECA_SVR(k=5),0.2,9,2,1286,322,0,2214786629008,training_fold_X.corr(),False
imputation,RFECA_SVR(k=5),0.2,9,3,1286,322,0,2214786628784,training_fold_X.corr(),False
imputation,RFECA_SVR(k=5),0.2,9,4,1287,321,0,2214786628560,training_fold_X.corr(),False
imputation,RFECA_SVR(k=5),0.2,9,5,1287,321,0,2214786627888,training_fold_X.corr(),False
imputation,RFECA_SVR(k=10),0.2,9,1,1286,322,0,2214786628336,training_fold_X.corr(),False
imputation,RFECA_SVR(k=10),0.2,9,2,1286,322,0,2214786628112,training_fold_X.corr(),False
imputation,RFECA_SVR(k=10),0.2,9,3,1286,322,0,2216520485360,training_fold_X.corr(),False
imputation,RFECA_SVR(k=10),0.2,9,4,1287,321,0,2216520484464,training_fold_X.corr(),False
imputation,RFECA_SVR(k=10),0.2,9,5,1287,321,0,2216520492752,training_fold_X.corr(),False
imputation,RFECA_SVR(k=20),0.2,9,1,1286,322,0,2216520497680,training_fold_X.corr(),False
imputation,RFECA_SVR(k=20),0.2,9,2,1286,322,0,2216520497456,training_fold_X.corr(),False
imputation,RFECA_SVR(k=20),0.2,9,3,1286,322,0,2216520482896,training_fold_X.corr(),False
imputation,RFECA_SVR(k=20),0.2,9,4,1287,321,0,2216520483344,training_fold_X.corr(),False
imputation,RFECA_SVR(k=20),0.2,9,5,1287,321,0,2216520485584,training_fold_X.corr(),False
imputation,MissForest,0.2,9,1,1286,322,0,2221849510608,n/a,False
imputation,MissForest,0.2,9,2,1286,322,0,2221849519888,n/a,False
imputation,MissForest,0.2,9,3,1286,322,0,2221849516368,n/a,False
imputation,MissForest,0.2,9,4,1287,321,0,2214837084048,n/a,False
imputation,MissForest,0.2,9,5,1287,321,0,2221849518928,n/a,False
classification,SimpleMean,0.2,9,1,1286,322,0,2226660875856,n/a,False
classification,SimpleMean,0.2,9,2,1286,322,0,2226660875280,n/a,False
classification,SimpleMean,0.2,9,3,1286,322,0,2226660752464,n/a,False
classification,SimpleMean,0.2,9,4,1287,321,0,2230439366672,n/a,False
classification,SimpleMean,0.2,9,5,1287,321,0,2229603723472,n/a,False
classification,"KNN(k=5,dist)",0.2,9,1,1286,322,0,2226660869904,n/a,False
classification,"KNN(k=5,dist)",0.2,9,2,1286,322,0,2216654641424,n/a,False
classification,"KNN(k=5,dist)",0.2,9,3,1286,322,0,2230880760272,n/a,False
classification,"KNN(k=5,dist)",0.2,9,4,1287,321,0,2231833742032,n/a,False
classification,"KNN(k=5,dist)",0.2,9,5,1287,321,0,2222447846288,n/a,False
classification,RFECA_SVR(k=5),0.2,9,1,1286,322,0,2222987805648,training_fold_X.corr(),False
classification,RFECA_SVR(k=5),0.2,9,2,1286,322,0,2222948853904,training_fold_X.corr(),False
classification,RFECA_SVR(k=5),0.2,9,3,1286,322,0,2230858649392,training_fold_X.corr(),False
classification,RFECA_SVR(k=5),0.2,9,4,1287,321,0,2222989839280,training_fold_X.corr(),False
classification,RFECA_SVR(k=5),0.2,9,5,1287,321,0,2229854558416,training_fold_X.corr(),False
classification,RFECA_SVR(k=10),0.2,9,1,1286,322,0,2222986887696,training_fold_X.corr(),False
classification,RFECA_SVR(k=10),0.2,9,2,1286,322,0,2232170437488,training_fold_X.corr(),False
classification,RFECA_SVR(k=10),0.2,9,3,1286,322,0,2231332456496,training_fold_X.corr(),False
classification,RFECA_SVR(k=10),0.2,9,4,1287,321,0,2232002931952,training_fold_X.corr(),False
classification,RFECA_SVR(k=10),0.2,9,5,1287,321,0,2232002406992,training_fold_X.corr(),False
classification,RFECA_SVR(k=20),0.2,9,1,1286,322,0,2232175048560,training_fold_X.corr(),False
classification,RFECA_SVR(k=20),0.2,9,2,1286,322,0,2232175516752,training_fold_X.corr(),False
classification,RFECA_SVR(k=20),0.2,9,3,1286,322,0,2232175033744,training_fold_X.corr(),False
classification,RFECA_SVR(k=20),0.2,9,4,1287,321,0,2232168933520,training_fold_X.corr(),False
classification,RFECA_SVR(k=20),0.2,9,5,1287,321,0,2232169153264,training_fold_X.corr(),False
classification,MissForest,0.2,9,1,1286,322,0,2221849521808,n/a,False
classification,MissForest,0.2,9,2,1286,322,0,2221849512208,n/a,False
classification,MissForest,0.2,9,3,1286,322,0,2214837087248,n/a,False
classification,MissForest,0.2,9,4,1287,321,0,2214837090448,n/a,False
classification,MissForest,0.2,9,5,1287,321,0,2214837078288,n/a,False
imputation,SimpleMean,0.3,0,1,1286,322,0,2214785351312,n/a,False
imputation,SimpleMean,0.3,0,2,1286,322,0,2214785351504,n/a,False
imputation,SimpleMean,0.3,0,3,1286,322,0,2214785349008,n/a,False
imputation,SimpleMean,0.3,0,4,1287,321,0,2215094190352,n/a,False
imputation,SimpleMean,0.3,0,5,1287,321,0,2215094190160,n/a,False
imputation,"KNN(k=5,dist)",0.3,0,1,1286,322,0,2215094190544,n/a,False
imputation,"KNN(k=5,dist)",0.3,0,2,1286,322,0,2215094190736,n/a,False
imputation,"KNN(k=5,dist)",0.3,0,3,1286,322,0,2215094190928,n/a,False
imputation,"KNN(k=5,dist)",0.3,0,4,1287,321,0,2215094191120,n/a,False
imputation,"KNN(k=5,dist)",0.3,0,5,1287,321,0,2215094191312,n/a,False
imputation,RFECA_SVR(k=5),0.3,0,1,1286,322,0,2214786628784,training_fold_X.corr(),False
imputation,RFECA_SVR(k=5),0.3,0,2,1286,322,0,2214786628560,training_fold_X.corr(),False
imputation,RFECA_SVR(k=5),0.3,0,3,1286,322,0,2214786627888,training_fold_X.corr(),False
imputation,RFECA_SVR(k=5),0.3,0,4,1287,321,0,2214786628336,training_fold_X.corr(),False
imputation,RFECA_SVR(k=5),0.3,0,5,1287,321,0,2214786628112,training_fold_X.corr(),False
imputation,RFECA_SVR(k=10),0.3,0,1,1286,322,0,2214786627440,training_fold_X.corr(),False
imputation,RFECA_SVR(k=10),0.3,0,2,1286,322,0,2214786629008,training_fold_X.corr(),False
imputation,RFECA_SVR(k=10),0.3,0,3,1286,322,0,2215195881360,training_fold_X.corr(),False
imputation,RFECA_SVR(k=10),0.3,0,4,1287,321,0,2215195876432,training_fold_X.corr(),False
imputation,RFECA_SVR(k=10),0.3,0,5,1287,321,0,2215195877104,training_fold_X.corr(),False
imputation,RFECA_SVR(k=20),0.3,0,1,1286,322,0,2215195875088,training_fold_X.corr(),False
imputation,RFECA_SVR(k=20),0.3,0,2,1286,322,0,2215195883376,training_fold_X.corr(),False
imputation,RFECA_SVR(k=20),0.3,0,3,1286,322,0,2215195880464,training_fold_X.corr(),False
imputation,RFECA_SVR(k=20),0.3,0,4,1287,321,0,2215195873072,training_fold_X.corr(),False
imputation,RFECA_SVR(k=20),0.3,0,5,1287,321,0,2215195871952,training_fold_X.corr(),False
imputation,MissForest,0.3,0,1,1286,322,0,2221849516368,n/a,False
imputation,MissForest,0.3,0,2,1286,322,0,2221849510608,n/a,False
imputation,MissForest,0.3,0,3,1286,322,0,2221849517008,n/a,False
imputation,MissForest,0.3,0,4,1287,321,0,2221849512208,n/a,False
imputation,MissForest,0.3,0,5,1287,321,0,2221849519888,n/a,False
classification,SimpleMean,0.3,0,1,1286,322,0,2225563213392,n/a,False
classification,SimpleMean,0.3,0,2,1286,322,0,2225563213584,n/a,False
classification,SimpleMean,0.3,0,3,1286,322,0,2225562417680,n/a,False
classification,SimpleMean,0.3,0,4,1287,321,0,2229803274064,n/a,False
classification,SimpleMean,0.3,0,5,1287,321,0,2230187601040,n/a,False
classification,"KNN(k=5,dist)",0.3,0,1,1286,322,0,2225563207440,n/a,False
classification,"KNN(k=5,dist)",0.3,0,2,1286,322,0,2226660841744,n/a,False
classification,"KNN(k=5,dist)",0.3,0,3,1286,322,0,2230438867408,n/a,False
classification,"KNN(k=5,dist)",0.3,0,4,1287,321,0,2229603879632,n/a,False
classification,"KNN(k=5,dist)",0.3,0,5,1287,321,0,2222950015888,n/a,False
classification,RFECA_SVR(k=5),0.3,0,1,1286,322,0,2230880763280,training_fold_X.corr(),False
classification,RFECA_SVR(k=5),0.3,0,2,1286,322,0,2231833748976,training_fold_X.corr(),False
classification,RFECA_SVR(k=5),0.3,0,3,1286,322,0,2232170441744,training_fold_X.corr(),False
classification,RFECA_SVR(k=5),0.3,0,4,1287,321,0,2222987726416,training_fold_X.corr(),False
classification,RFECA_SVR(k=5),0.3,0,5,1287,321,0,2222948832816,training_fold_X.corr(),False
classification,RFECA_SVR(k=10),0.3,0,1,1286,322,0,2230859054256,training_fold_X.corr(),False
classification,RFECA_SVR(k=10),0.3,0,2,1286,322,0,2231332675760,training_fold_X.corr(),False
classification,RFECA_SVR(k=10),0.3,0,3,1286,322,0,2232002020752,training_fold_X.corr(),False
classification,RFECA_SVR(k=10),0.3,0,4,1287,321,0,2232174996048,training_fold_X.corr(),False
classification,RFECA_SVR(k=10),0.3,0,5,1287,321,0,2232175301072,training_fold_X.corr(),False
classification,RFECA_SVR(k=20),0.3,0,1,1286,322,0,2232168860144,training_fold_X.corr(),False
classification,RFECA_SVR(k=20),0.3,0,2,1286,322,0,2232169732528,training_fold_X.corr(),False
classification,RFECA_SVR(k=20),0.3,0,3,1286,322,0,2232001543792,training_fold_X.corr(),False
classification,RFECA_SVR(k=20),0.3,0,4,1287,321,0,2232001193456,training_fold_X.corr(),False
classification,RFECA_SVR(k=20),0.3,0,5,1287,321,0,2232001068208,training_fold_X.corr(),False
classification,MissForest,0.3,0,1,1286,322,0,2214786084496,n/a,False
classification,MissForest,0.3,0,2,1286,322,0,2221849510288,n/a,False
classification,MissForest,0.3,0,3,1286,322,0,2214837079888,n/a,False
classification,MissForest,0.3,0,4,1287,321,0,2214837085328,n/a,False
classification,MissForest,0.3,0,5,1287,321,0,2221849523728,n/a,False
imputation,SimpleMean,0.3,1,1,1286,322,0,2214785351312,n/a,False
imputation,SimpleMean,0.3,1,2,1286,322,0,2214785351504,n/a,False
imputation,SimpleMean,0.3,1,3,1286,322,0,2214785349008,n/a,False
imputation,SimpleMean,0.3,1,4,1287,321,0,2216705638672,n/a,False
imputation,SimpleMean,0.3,1,5,1287,321,0,2216705639248,n/a,False
imputation,"KNN(k=5,dist)",0.3,1,1,1286,322,0,2216705638864,n/a,False
imputation,"KNN(k=5,dist)",0.3,1,2,1286,322,0,2216705638480,n/a,False
imputation,"KNN(k=5,dist)",0.3,1,3,1286,322,0,2216705639056,n/a,False
imputation,"KNN(k=5,dist)",0.3,1,4,1287,321,0,2216705639440,n/a,False
imputation,"KNN(k=5,dist)",0.3,1,5,1287,321,0,2216705639632,n/a,False
imputation,RFECA_SVR(k=5),0.3,1,1,1286,322,0,2214786627888,training_fold_X.corr(),False
imputation,RFECA_SVR(k=5),0.3,1,2,1286,322,0,2214786628336,training_fold_X.corr(),False
imputation,RFECA_SVR(k=5),0.3,1,3,1286,322,0,2214786628112,training_fold_X.corr(),False
imputation,RFECA_SVR(k=5),0.3,1,4,1287,321,0,2214786627440,training_fold_X.corr(),False
imputation,RFECA_SVR(k=5),0.3,1,5,1287,321,0,2214786629008,training_fold_X.corr(),False
imputation,RFECA_SVR(k=10),0.3,1,1,1286,322,0,2214786628784,training_fold_X.corr(),False
imputation,RFECA_SVR(k=10),0.3,1,2,1286,322,0,2214786628560,training_fold_X.corr(),False
imputation,RFECA_SVR(k=10),0.3,1,3,1286,322,0,2214837243920,training_fold_X.corr(),False
imputation,RFECA_SVR(k=10),0.3,1,4,1287,321,0,2214837251312,training_fold_X.corr(),False
imputation,RFECA_SVR(k=10),0.3,1,5,1287,321,0,2214837254000,training_fold_X.corr(),False
imputation,RFECA_SVR(k=20),0.3,1,1,1286,322,0,2214837245264,training_fold_X.corr(),False
imputation,RFECA_SVR(k=20),0.3,1,2,1286,322,0,2214837244592,training_fold_X.corr(),False
imputation,RFECA_SVR(k=20),0.3,1,3,1286,322,0,2214837253776,training_fold_X.corr(),False
imputation,RFECA_SVR(k=20),0.3,1,4,1287,321,0,2214837242128,training_fold_X.corr(),False
imputation,RFECA_SVR(k=20),0.3,1,5,1287,321,0,2214837251984,training_fold_X.corr(),False
imputation,MissForest,0.3,1,1,1286,322,0,2214786084176,n/a,False
imputation,MissForest,0.3,1,2,1286,322,0,2214786084496,n/a,False
imputation,MissForest,0.3,1,3,1286,322,0,2214837083088,n/a,False
imputation,MissForest,0.3,1,4,1287,321,0,2221849514128,n/a,False
imputation,MissForest,0.3,1,5,1287,321,0,2221849517648,n/a,False
classification,SimpleMean,0.3,1,1,1286,322,0,2215162289168,n/a,False
classification,SimpleMean,0.3,1,2,1286,322,0,2215162289360,n/a,False
classification,SimpleMean,0.3,1,3,1286,322,0,2215161968016,n/a,False
classification,SimpleMean,0.3,1,4,1287,321,0,2231500624080,n/a,False
classification,SimpleMean,0.3,1,5,1287,321,0,2216520264464,n/a,False
classification,"KNN(k=5,dist)",0.3,1,1,1286,322,0,2232179066448,n/a,False
classification,"KNN(k=5,dist)",0.3,1,2,1286,322,0,2229803161872,n/a,False
classification,"KNN(k=5,dist)",0.3,1,3,1286,322,0,2230187618768,n/a,False
classification,"KNN(k=5,dist)",0.3,1,4,1287,321,0,2222990609104,n/a,False
classification,"KNN(k=5,dist)",0.3,1,5,1287,321,0,2226660434832,n/a,False
classification,RFECA_SVR(k=5),0.3,1,1,1286,322,0,2229603959760,training_fold_X.corr(),False
classification,RFECA_SVR(k=5),0.3,1,2,1286,322,0,2222949784656,training_fold_X.corr(),False
classification,RFECA_SVR(k=5),0.3,1,3,1286,322,0,2216654065456,training_fold_X.corr(),False
classification,RFECA_SVR(k=5),0.3,1,4,1287,321,0,2230880364912,training_fold_X.corr(),False
classification,RFECA_SVR(k=5),0.3,1,5,1287,321,0,2232170426256,training_fold_X.corr(),False
classification,RFECA_SVR(k=10),0.3,1,1,1286,322,0,2222446900656,training_fold_X.corr(),False
classification,RFECA_SVR(k=10),0.3,1,2,1286,322,0,2232002124208,training_fold_X.corr(),False
classification,RFECA_SVR(k=10),0.3,1,3,1286,322,0,2232175345968,training_fold_X.corr(),False
classification,RFECA_SVR(k=10),0.3,1,4,1287,321,0,2232169309008,training_fold_X.corr(),False
classification,RFECA_SVR(k=10),0.3,1,5,1287,321,0,2232001049584,training_fold_X.corr(),False
classification,RFECA_SVR(k=20),0.3,1,1,1286,322,0,2232000654800,training_fold_X.corr(),False
classification,RFECA_SVR(k=20),0.3,1,2,1286,322,0,2232171795120,training_fold_X.corr(),False
classification,RFECA_SVR(k=20),0.3,1,3,1286,322,0,2232171591536,training_fold_X.corr(),False
classification,RFECA_SVR(k=20),0.3,1,4,1287,321,0,2232176271088,training_fold_X.corr(),False
classification,RFECA_SVR(k=20),0.3,1,5,1287,321,0,2232175739632,training_fold_X.corr(),False
classification,MissForest,0.3,1,1,1286,322,0,2214837087888,n/a,False
classification,MissForest,0.3,1,2,1286,322,0,2221849510288,n/a,False
classification,MissForest,0.3,1,3,1286,322,0,2214837078608,n/a,False
classification,MissForest,0.3,1,4,1287,321,0,2214837080208,n/a,False
classification,MissForest,0.3,1,5,1287,321,0,2214837088848,n/a,False
imputation,SimpleMean,0.3,2,1,1286,322,0,2214785351312,n/a,False
imputation,SimpleMean,0.3,2,2,1286,322,0,2214785351504,n/a,False
imputation,SimpleMean,0.3,2,3,1286,322,0,2214785349008,n/a,False
imputation,SimpleMean,0.3,2,4,1287,321,0,2214837321808,n/a,False
imputation,SimpleMean,0.3,2,5,1287,321,0,2214837322000,n/a,False
imputation,"KNN(k=5,dist)",0.3,2,1,1286,322,0,2214837322192,n/a,False
imputation,"KNN(k=5,dist)",0.3,2,2,1286,322,0,2214837322384,n/a,False
imputation,"KNN(k=5,dist)",0.3,2,3,1286,322,0,2214837322576,n/a,False
imputation,"KNN(k=5,dist)",0.3,2,4,1287,321,0,2214837322768,n/a,False
imputation,"KNN(k=5,dist)",0.3,2,5,1287,321,0,2214837322960,n/a,False
imputation,RFECA_SVR(k=5),0.3,2,1,1286,322,0,2214786628112,training_fold_X.corr(),False
imputation,RFECA_SVR(k=5),0.3,2,2,1286,322,0,2214786627440,training_fold_X.corr(),False
imputation,RFECA_SVR(k=5),0.3,2,3,1286,322,0,2214786629008,training_fold_X.corr(),False
imputation,RFECA_SVR(k=5),0.3,2,4,1287,321,0,2214786628784,training_fold_X.corr(),False
imputation,RFECA_SVR(k=5),0.3,2,5,1287,321,0,2214786628560,training_fold_X.corr(),False
imputation,RFECA_SVR(k=10),0.3,2,1,1286,322,0,2214786627888,training_fold_X.corr(),False
imputation,RFECA_SVR(k=10),0.3,2,2,1286,322,0,2214786628336,training_fold_X.corr(),False
imputation,RFECA_SVR(k=10),0.3,2,3,1286,322,0,2216520492752,training_fold_X.corr(),False
imputation,RFECA_SVR(k=10),0.3,2,4,1287,321,0,2216520485584,training_fold_X.corr(),False
imputation,RFECA_SVR(k=10),0.3,2,5,1287,321,0,2216520482896,training_fold_X.corr(),False
imputation,RFECA_SVR(k=20),0.3,2,1,1286,322,0,2216520497456,training_fold_X.corr(),False
imputation,RFECA_SVR(k=20),0.3,2,2,1286,322,0,2216520495664,training_fold_X.corr(),False
imputation,RFECA_SVR(k=20),0.3,2,3,1286,322,0,2216520498128,training_fold_X.corr(),False
imputation,RFECA_SVR(k=20),0.3,2,4,1287,321,0,2216520487600,training_fold_X.corr(),False
imputation,RFECA_SVR(k=20),0.3,2,5,1287,321,0,2216520484688,training_fold_X.corr(),False
imputation,MissForest,0.3,2,1,1286,322,0,2214786084496,n/a,False
imputation,MissForest,0.3,2,2,1286,322,0,2214786084176,n/a,False
imputation,MissForest,0.3,2,3,1286,322,0,2214837082128,n/a,False
imputation,MissForest,0.3,2,4,1287,321,0,2221849524048,n/a,False
imputation,MissForest,0.3,2,5,1287,321,0,2221849525008,n/a,False
classification,SimpleMean,0.3,2,1,1286,322,0,2231332413008,n/a,False
classification,SimpleMean,0.3,2,2,1286,322,0,2231332412816,n/a,False
classification,SimpleMean,0.3,2,3,1286,322,0,2231332010128,n/a,False
classification,SimpleMean,0.3,2,4,1287,321,0,2230880423568,n/a,False
classification,SimpleMean,0.3,2,5,1287,321,0,2232002799440,n/a,False
classification,"KNN(k=5,dist)",0.3,2,1,1286,322,0,2231332406480,n/a,False
classification,"KNN(k=5,dist)",0.3,2,2,1286,322,0,2215162255248,n/a,False
classification,"KNN(k=5,dist)",0.3,2,3,1286,322,0,2216654795216,n/a,False
classification,"KNN(k=5,dist)",0.3,2,4,1287,321,0,2231499525200,n/a,False
classification,"KNN(k=5,dist)",0.3,2,5,1287,321,0,2231500842640,n/a,False
classification,RFECA_SVR(k=5),0.3,2,1,1286,322,0,2229803665232,training_fold_X.corr(),False
classification,RFECA_SVR(k=5),0.3,2,2,1286,322,0,2230188469264,training_fold_X.corr(),False
classification,RFECA_SVR(k=5),0.3,2,3,1286,322,0,2222991594160,training_fold_X.corr(),False
classification,RFECA_SVR(k=5),0.3,2,4,1287,321,0,2226660439696,training_fold_X.corr(),False
classification,RFECA_SVR(k=5),0.3,2,5,1287,321,0,2229603787376,training_fold_X.corr(),False
classification,RFECA_SVR(k=10),0.3,2,1,1286,322,0,2222949827536,training_fold_X.corr(),False
classification,RFECA_SVR(k=10),0.3,2,2,1286,322,0,2232169031376,training_fold_X.corr(),False
classification,RFECA_SVR(k=10),0.3,2,3,1286,322,0,2232001590032,training_fold_X.corr(),False
classification,RFECA_SVR(k=10),0.3,2,4,1287,321,0,2232171531856,training_fold_X.corr(),False
classification,RFECA_SVR(k=10),0.3,2,5,1287,321,0,2232171042800,training_fold_X.corr(),False
classification,RFECA_SVR(k=20),0.3,2,1,1286,322,0,2232175743216,training_fold_X.corr(),False
classification,RFECA_SVR(k=20),0.3,2,2,1286,322,0,2232176301168,training_fold_X.corr(),False
classification,RFECA_SVR(k=20),0.3,2,3,1286,322,0,2232173459760,training_fold_X.corr(),False
classification,RFECA_SVR(k=20),0.3,2,4,1287,321,0,2232172748976,training_fold_X.corr(),False
classification,RFECA_SVR(k=20),0.3,2,5,1287,321,0,2232172840112,training_fold_X.corr(),False
classification,MissForest,0.3,2,1,1286,322,0,2221849510288,n/a,False
classification,MissForest,0.3,2,2,1286,322,0,2221849517648,n/a,False
classification,MissForest,0.3,2,3,1286,322,0,2214837089808,n/a,False
classification,MissForest,0.3,2,4,1287,321,0,2214837080848,n/a,False
classification,MissForest,0.3,2,5,1287,321,0,2221849516368,n/a,False
imputation,SimpleMean,0.3,3,1,1286,322,0,2214785351312,n/a,False
imputation,SimpleMean,0.3,3,2,1286,322,0,2214785351504,n/a,False
imputation,SimpleMean,0.3,3,3,1286,322,0,2214785349008,n/a,False
imputation,SimpleMean,0.3,3,4,1287,321,0,2229854748752,n/a,False
imputation,SimpleMean,0.3,3,5,1287,321,0,2229854748944,n/a,False
imputation,"KNN(k=5,dist)",0.3,3,1,1286,322,0,2229854749136,n/a,False
imputation,"KNN(k=5,dist)",0.3,3,2,1286,322,0,2229854749328,n/a,False
imputation,"KNN(k=5,dist)",0.3,3,3,1286,322,0,2229854749520,n/a,False
imputation,"KNN(k=5,dist)",0.3,3,4,1287,321,0,2229854749712,n/a,False
imputation,"KNN(k=5,dist)",0.3,3,5,1287,321,0,2229854749904,n/a,False
imputation,RFECA_SVR(k=5),0.3,3,1,1286,322,0,2214786629008,training_fold_X.corr(),False
imputation,RFECA_SVR(k=5),0.3,3,2,1286,322,0,2214786628784,training_fold_X.corr(),False
imputation,RFECA_SVR(k=5),0.3,3,3,1286,322,0,2214786628560,training_fold_X.corr(),False
imputation,RFECA_SVR(k=5),0.3,3,4,1287,321,0,2214786627888,training_fold_X.corr(),False
imputation,RFECA_SVR(k=5),0.3,3,5,1287,321,0,2214786628336,training_fold_X.corr(),False
imputation,RFECA_SVR(k=10),0.3,3,1,1286,322,0,2214786628112,training_fold_X.corr(),False
imputation,RFECA_SVR(k=10),0.3,3,2,1286,322,0,2214786627440,training_fold_X.corr(),False
imputation,RFECA_SVR(k=10),0.3,3,3,1286,322,0,2215195873072,training_fold_X.corr(),False
imputation,RFECA_SVR(k=10),0.3,3,4,1287,321,0,2215195880464,training_fold_X.corr(),False
imputation,RFECA_SVR(k=10),0.3,3,5,1287,321,0,2215195883376,training_fold_X.corr(),False
imputation,RFECA_SVR(k=20),0.3,3,1,1286,322,0,2215195875088,training_fold_X.corr(),False
imputation,RFECA_SVR(k=20),0.3,3,2,1286,322,0,2215195877104,training_fold_X.corr(),False
imputation,RFECA_SVR(k=20),0.3,3,3,1286,322,0,2215195876432,training_fold_X.corr(),False
imputation,RFECA_SVR(k=20),0.3,3,4,1287,321,0,2215195881360,training_fold_X.corr(),False
imputation,RFECA_SVR(k=20),0.3,3,5,1287,321,0,2215195883824,training_fold_X.corr(),False
imputation,MissForest,0.3,3,1,1286,322,0,2214786084176,n/a,False
imputation,MissForest,0.3,3,2,1286,322,0,2214786084496,n/a,False
imputation,MissForest,0.3,3,3,1286,322,0,2221849517008,n/a,False
imputation,MissForest,0.3,3,4,1287,321,0,2221849510608,n/a,False
imputation,MissForest,0.3,3,5,1287,321,0,2221849523408,n/a,False
classification,SimpleMean,0.3,3,1,1286,322,0,2222989729168,n/a,False
classification,SimpleMean,0.3,3,2,1286,322,0,2222989728592,n/a,False
classification,SimpleMean,0.3,3,3,1286,322,0,2222948873616,n/a,False
classification,SimpleMean,0.3,3,4,1287,321,0,2231332409360,n/a,False
classification,SimpleMean,0.3,3,5,1287,321,0,2230880364368,n/a,False
classification,"KNN(k=5,dist)",0.3,3,1,1286,322,0,2222989723408,n/a,False
classification,"KNN(k=5,dist)",0.3,3,2,1286,322,0,2232175352080,n/a,False
classification,"KNN(k=5,dist)",0.3,3,3,1286,322,0,2226660848656,n/a,False
classification,"KNN(k=5,dist)",0.3,3,4,1287,321,0,2222949829328,n/a,False
classification,"KNN(k=5,dist)",0.3,3,5,1287,321,0,2232169538448,n/a,False
classification,RFECA_SVR(k=5),0.3,3,1,1286,322,0,2231499359184,training_fold_X.corr(),False
classification,RFECA_SVR(k=5),0.3,3,2,1286,322,0,2231500466320,training_fold_X.corr(),False
classification,RFECA_SVR(k=5),0.3,3,3,1286,322,0,2216520593296,training_fold_X.corr(),False
classification,RFECA_SVR(k=5),0.3,3,4,1287,321,0,2225563120400,training_fold_X.corr(),False
classification,RFECA_SVR(k=5),0.3,3,5,1287,321,0,2230188189168,training_fold_X.corr(),False
classification,RFECA_SVR(k=10),0.3,3,1,1286,322,0,2222990840048,training_fold_X.corr(),False
classification,RFECA_SVR(k=10),0.3,3,2,1286,322,0,2232001127248,training_fold_X.corr(),False
classification,RFECA_SVR(k=10),0.3,3,3,1286,322,0,2232171825200,training_fold_X.corr(),False
classification,RFECA_SVR(k=10),0.3,3,4,1287,321,0,2232176054736,training_fold_X.corr(),False
classification,RFECA_SVR(k=10),0.3,3,5,1287,321,0,2232172742704,training_fold_X.corr(),False
classification,RFECA_SVR(k=20),0.3,3,1,1286,322,0,2232173004624,training_fold_X.corr(),False
classification,RFECA_SVR(k=20),0.3,3,2,1286,322,0,2232177299920,training_fold_X.corr(),False
classification,RFECA_SVR(k=20),0.3,3,3,1286,322,0,2232177784464,training_fold_X.corr(),False
classification,RFECA_SVR(k=20),0.3,3,4,1287,321,0,2232177843728,training_fold_X.corr(),False
classification,RFECA_SVR(k=20),0.3,3,5,1287,321,0,2232179113360,training_fold_X.corr(),False
classification,MissForest,0.3,3,1,1286,322,0,2221849521808,n/a,False
classification,MissForest,0.3,3,2,1286,322,0,2214837083088,n/a,False
classification,MissForest,0.3,3,3,1286,322,0,2221849516048,n/a,False
classification,MissForest,0.3,3,4,1287,321,0,2221849510928,n/a,False
classification,MissForest,0.3,3,5,1287,321,0,2214837083408,n/a,False
imputation,SimpleMean,0.3,4,1,1286,322,0,2214785351312,n/a,False
imputation,SimpleMean,0.3,4,2,1286,322,0,2214785351504,n/a,False
imputation,SimpleMean,0.3,4,3,1286,322,0,2214785349008,n/a,False
imputation,SimpleMean,0.3,4,4,1287,321,0,2232172757072,n/a,False
imputation,SimpleMean,0.3,4,5,1287,321,0,2232172757456,n/a,False
imputation,"KNN(k=5,dist)",0.3,4,1,1286,322,0,2232172757264,n/a,False
imputation,"KNN(k=5,dist)",0.3,4,2,1286,322,0,2232172757648,n/a,False
imputation,"KNN(k=5,dist)",0.3,4,3,1286,322,0,2232172757840,n/a,False
imputation,"KNN(k=5,dist)",0.3,4,4,1287,321,0,2232172758032,n/a,False
imputation,"KNN(k=5,dist)",0.3,4,5,1287,321,0,2232172758224,n/a,False
imputation,RFECA_SVR(k=5),0.3,4,1,1286,322,0,2214786628560,training_fold_X.corr(),False
imputation,RFECA_SVR(k=5),0.3,4,2,1286,322,0,2214786627888,training_fold_X.corr(),False
imputation,RFECA_SVR(k=5),0.3,4,3,1286,322,0,2214786628336,training_fold_X.corr(),False
imputation,RFECA_SVR(k=5),0.3,4,4,1287,321,0,2214786628112,training_fold_X.corr(),False
imputation,RFECA_SVR(k=5),0.3,4,5,1287,321,0,2214786627440,training_fold_X.corr(),False
imputation,RFECA_SVR(k=10),0.3,4,1,1286,322,0,2214786629008,training_fold_X.corr(),False
imputation,RFECA_SVR(k=10),0.3,4,2,1286,322,0,2214786628784,training_fold_X.corr(),False
imputation,RFECA_SVR(k=10),0.3,4,3,1286,322,0,2214837248624,training_fold_X.corr(),False
imputation,RFECA_SVR(k=10),0.3,4,4,1287,321,0,2214837243472,training_fold_X.corr(),False
imputation,RFECA_SVR(k=10),0.3,4,5,1287,321,0,2214837240784,training_fold_X.corr(),False
imputation,RFECA_SVR(k=20),0.3,4,1,1286,322,0,2214837255792,training_fold_X.corr(),False
imputation,RFECA_SVR(k=20),0.3,4,2,1286,322,0,2214837243920,training_fold_X.corr(),False
imputation,RFECA_SVR(k=20),0.3,4,3,1286,322,0,2214837251312,training_fold_X.corr(),False
imputation,RFECA_SVR(k=20),0.3,4,4,1287,321,0,2214837254000,training_fold_X.corr(),False
imputation,RFECA_SVR(k=20),0.3,4,5,1287,321,0,2214837245264,training_fold_X.corr(),False
imputation,MissForest,0.3,4,1,1286,322,0,2214786084496,n/a,False
imputation,MissForest,0.3,4,2,1286,322,0,2214786084176,n/a,False
imputation,MissForest,0.3,4,3,1286,322,0,2214837076368,n/a,False
imputation,MissForest,0.3,4,4,1287,321,0,2214837090768,n/a,False
imputation,MissForest,0.3,4,5,1287,321,0,2221849510928,n/a,False
classification,SimpleMean,0.3,4,1,1286,322,0,2231314310992,n/a,False
classification,SimpleMean,0.3,4,2,1286,322,0,2231314311376,n/a,False
classification,SimpleMean,0.3,4,3,1286,322,0,2216839216016,n/a,False
classification,SimpleMean,0.3,4,4,1287,321,0,2216838943312,n/a,False
classification,SimpleMean,0.3,4,5,1287,321,0,2222895933840,n/a,False
classification,"KNN(k=5,dist)",0.3,4,1,1286,322,0,2231314303696,n/a,False
classification,"KNN(k=5,dist)",0.3,4,2,1286,322,0,2222989958928,n/a,False
classification,"KNN(k=5,dist)",0.3,4,3,1286,322,0,2231332090320,n/a,False
classification,"KNN(k=5,dist)",0.3,4,4,1287,321,0,2222948862672,n/a,False
classification,"KNN(k=5,dist)",0.3,4,5,1287,321,0,2230880854928,n/a,False
classification,RFECA_SVR(k=5),0.3,4,1,1286,322,0,2222950350000,training_fold_X.corr(),False
classification,RFECA_SVR(k=5),0.3,4,2,1286,322,0,2232168997488,training_fold_X.corr(),False
classification,RFECA_SVR(k=5),0.3,4,3,1286,322,0,2215161645328,training_fold_X.corr(),False
classification,RFECA_SVR(k=5),0.3,4,4,1287,321,0,2216654793968,training_fold_X.corr(),False
classification,RFECA_SVR(k=5),0.3,4,5,1287,321,0,2231500925968,training_fold_X.corr(),False
classification,RFECA_SVR(k=10),0.3,4,1,1286,322,0,2216520268080,training_fold_X.corr(),False
classification,RFECA_SVR(k=10),0.3,4,2,1286,322,0,2232176483632,training_fold_X.corr(),False
classification,RFECA_SVR(k=10),0.3,4,3,1286,322,0,2232172674448,training_fold_X.corr(),False
classification,RFECA_SVR(k=10),0.3,4,4,1287,321,0,2232177305744,training_fold_X.corr(),False
classification,RFECA_SVR(k=10),0.3,4,5,1287,321,0,2232177282640,training_fold_X.corr(),False
classification,RFECA_SVR(k=20),0.3,4,1,1286,322,0,2232178585936,training_fold_X.corr(),False
classification,RFECA_SVR(k=20),0.3,4,2,1286,322,0,2232178567536,training_fold_X.corr(),False
classification,RFECA_SVR(k=20),0.3,4,3,1286,322,0,2232178424560,training_fold_X.corr(),False
classification,RFECA_SVR(k=20),0.3,4,4,1287,321,0,2232180908656,training_fold_X.corr(),False
classification,RFECA_SVR(k=20),0.3,4,5,1287,321,0,2232180785904,training_fold_X.corr(),False
classification,MissForest,0.3,4,1,1286,322,0,2221849517008,n/a,False
classification,MissForest,0.3,4,2,1286,322,0,2214837087248,n/a,False
classification,MissForest,0.3,4,3,1286,322,0,2221849517968,n/a,False
classification,MissForest,0.3,4,4,1287,321,0,2214837090448,n/a,False
classification,MissForest,0.3,4,5,1287,321,0,2214837079248,n/a,False
imputation,SimpleMean,0.3,5,1,1286,322,0,2214785351312,n/a,False
imputation,SimpleMean,0.3,5,2,1286,322,0,2214785351504,n/a,False
imputation,SimpleMean,0.3,5,3,1286,322,0,2214785349008,n/a,False
imputation,SimpleMean,0.3,5,4,1287,321,0,2222949187664,n/a,False
imputation,SimpleMean,0.3,5,5,1287,321,0,2222949187856,n/a,False
imputation,"KNN(k=5,dist)",0.3,5,1,1286,322,0,2222949188048,n/a,False
imputation,"KNN(k=5,dist)",0.3,5,2,1286,322,0,2222949188240,n/a,False
imputation,"KNN(k=5,dist)",0.3,5,3,1286,322,0,2222949188432,n/a,False
imputation,"KNN(k=5,dist)",0.3,5,4,1287,321,0,2222949188624,n/a,False
imputation,"KNN(k=5,dist)",0.3,5,5,1287,321,0,2222949188816,n/a,False
imputation,RFECA_SVR(k=5),0.3,5,1,1286,322,0,2214786628336,training_fold_X.corr(),False
imputation,RFECA_SVR(k=5),0.3,5,2,1286,322,0,2214786628112,training_fold_X.corr(),False
imputation,RFECA_SVR(k=5),0.3,5,3,1286,322,0,2214786627440,training_fold_X.corr(),False
imputation,RFECA_SVR(k=5),0.3,5,4,1287,321,0,2214786629008,training_fold_X.corr(),False
imputation,RFECA_SVR(k=5),0.3,5,5,1287,321,0,2214786628784,training_fold_X.corr(),False
imputation,RFECA_SVR(k=10),0.3,5,1,1286,322,0,2214786628560,training_fold_X.corr(),False
imputation,RFECA_SVR(k=10),0.3,5,2,1286,322,0,2214786627888,training_fold_X.corr(),False
imputation,RFECA_SVR(k=10),0.3,5,3,1286,322,0,2215195870160,training_fold_X.corr(),False
imputation,RFECA_SVR(k=10),0.3,5,4,1287,321,0,2215195872624,training_fold_X.corr(),False
imputation,RFECA_SVR(k=10),0.3,5,5,1287,321,0,2215195881136,training_fold_X.corr(),False
imputation,RFECA_SVR(k=20),0.3,5,1,1286,322,0,2215195872848,training_fold_X.corr(),False
imputation,RFECA_SVR(k=20),0.3,5,2,1286,322,0,2215195873520,training_fold_X.corr(),False
imputation,RFECA_SVR(k=20),0.3,5,3,1286,322,0,2215195869488,training_fold_X.corr(),False
imputation,RFECA_SVR(k=20),0.3,5,4,1287,321,0,2215195876880,training_fold_X.corr(),False
imputation,RFECA_SVR(k=20),0.3,5,5,1287,321,0,2215195872400,training_fold_X.corr(),False
imputation,MissForest,0.3,5,1,1286,322,0,2214786088336,n/a,False
imputation,MissForest,0.3,5,2,1286,322,0,2214837090768,n/a,False
imputation,MissForest,0.3,5,3,1286,322,0,2214837089488,n/a,False
imputation,MissForest,0.3,5,4,1287,321,0,2214837080208,n/a,False
imputation,MissForest,0.3,5,5,1287,321,0,2221849515088,n/a,False
classification,SimpleMean,0.3,5,1,1286,322,0,2216705414288,n/a,False
classification,SimpleMean,0.3,5,2,1286,322,0,2216705419664,n/a,False
classification,SimpleMean,0.3,5,3,1286,322,0,2216705655248,n/a,False
classification,SimpleMean,0.3,5,4,1287,321,0,2229987907088,n/a,False
classification,SimpleMean,0.3,5,5,1287,321,0,2230878984656,n/a,False
classification,"KNN(k=5,dist)",0.3,5,1,1286,322,0,2216705411792,n/a,False
classification,"KNN(k=5,dist)",0.3,5,2,1286,322,0,2222989203728,n/a,False
classification,"KNN(k=5,dist)",0.3,5,3,1286,322,0,2222896247248,n/a,False
classification,"KNN(k=5,dist)",0.3,5,4,1287,321,0,2230859288208,n/a,False
classification,"KNN(k=5,dist)",0.3,5,5,1287,321,0,2231332086672,n/a,False
classification,RFECA_SVR(k=5),0.3,5,1,1286,322,0,2232174541104,training_fold_X.corr(),False
classification,RFECA_SVR(k=5),0.3,5,2,1286,322,0,2222950338576,training_fold_X.corr(),False
classification,RFECA_SVR(k=5),0.3,5,3,1286,322,0,2232169197680,training_fold_X.corr(),False
classification,RFECA_SVR(k=5),0.3,5,4,1287,321,0,2216654644272,training_fold_X.corr(),False
classification,RFECA_SVR(k=5),0.3,5,5,1287,321,0,2232176065488,training_fold_X.corr(),False
classification,RFECA_SVR(k=10),0.3,5,1,1286,322,0,2215161806000,training_fold_X.corr(),False
classification,RFECA_SVR(k=10),0.3,5,2,1286,322,0,2232172847728,training_fold_X.corr(),False
classification,RFECA_SVR(k=10),0.3,5,3,1286,322,0,2232177603792,training_fold_X.corr(),False
classification,RFECA_SVR(k=10),0.3,5,4,1287,321,0,2232178699504,training_fold_X.corr(),False
classification,RFECA_SVR(k=10),0.3,5,5,1287,321,0,2232180904400,training_fold_X.corr(),False
classification,RFECA_SVR(k=20),0.3,5,1,1286,322,0,2232180831888,training_fold_X.corr(),False
classification,RFECA_SVR(k=20),0.3,5,2,1286,322,0,2232181153296,training_fold_X.corr(),False
classification,RFECA_SVR(k=20),0.3,5,3,1286,322,0,2232174280080,training_fold_X.corr(),False
classification,RFECA_SVR(k=20),0.3,5,4,1287,321,0,2232173700592,training_fold_X.corr(),False
classification,RFECA_SVR(k=20),0.3,5,5,1287,321,0,2232174283696,training_fold_X.corr(),False
classification,MissForest,0.3,5,1,1286,322,0,2214837091088,n/a,False
classification,MissForest,0.3,5,2,1286,322,0,2221849524368,n/a,False
classification,MissForest,0.3,5,3,1286,322,0,2214837076048,n/a,False
classification,MissForest,0.3,5,4,1287,321,0,2214837092048,n/a,False
classification,MissForest,0.3,5,5,1287,321,0,2221849513808,n/a,False
imputation,SimpleMean,0.3,6,1,1286,322,0,2214785351312,n/a,False
imputation,SimpleMean,0.3,6,2,1286,322,0,2214785351504,n/a,False
imputation,SimpleMean,0.3,6,3,1286,322,0,2214785349008,n/a,False
imputation,SimpleMean,0.3,6,4,1287,321,0,2232171610384,n/a,False
imputation,SimpleMean,0.3,6,5,1287,321,0,2232171610576,n/a,False
imputation,"KNN(k=5,dist)",0.3,6,1,1286,322,0,2232171610768,n/a,False
imputation,"KNN(k=5,dist)",0.3,6,2,1286,322,0,2232171610192,n/a,False
imputation,"KNN(k=5,dist)",0.3,6,3,1286,322,0,2232171610960,n/a,False
imputation,"KNN(k=5,dist)",0.3,6,4,1287,321,0,2232171611152,n/a,False
imputation,"KNN(k=5,dist)",0.3,6,5,1287,321,0,2232171611344,n/a,False
imputation,RFECA_SVR(k=5),0.3,6,1,1286,322,0,2214786627440,training_fold_X.corr(),False
imputation,RFECA_SVR(k=5),0.3,6,2,1286,322,0,2214786629008,training_fold_X.corr(),False
imputation,RFECA_SVR(k=5),0.3,6,3,1286,322,0,2214786628784,training_fold_X.corr(),False
imputation,RFECA_SVR(k=5),0.3,6,4,1287,321,0,2214786628560,training_fold_X.corr(),False
imputation,RFECA_SVR(k=5),0.3,6,5,1287,321,0,2214786627888,training_fold_X.corr(),False
imputation,RFECA_SVR(k=10),0.3,6,1,1286,322,0,2214786628336,training_fold_X.corr(),False
imputation,RFECA_SVR(k=10),0.3,6,2,1286,322,0,2214786628112,training_fold_X.corr(),False
imputation,RFECA_SVR(k=10),0.3,6,3,1286,322,0,2214837241904,training_fold_X.corr(),False
imputation,RFECA_SVR(k=10),0.3,6,4,1287,321,0,2214837251088,training_fold_X.corr(),False
imputation,RFECA_SVR(k=10),0.3,6,5,1287,321,0,2214837244816,training_fold_X.corr(),False
imputation,RFECA_SVR(k=20),0.3,6,1,1286,322,0,2214837244144,training_fold_X.corr(),False
imputation,RFECA_SVR(k=20),0.3,6,2,1286,322,0,2214837241456,training_fold_X.corr(),False
imputation,RFECA_SVR(k=20),0.3,6,3,1286,322,0,2214837249744,training_fold_X.corr(),False
imputation,RFECA_SVR(k=20),0.3,6,4,1287,321,0,2214837252656,training_fold_X.corr(),False
imputation,RFECA_SVR(k=20),0.3,6,5,1287,321,0,2214837255568,training_fold_X.corr(),False
imputation,MissForest,0.3,6,1,1286,322,0,2214786085136,n/a,False
imputation,MissForest,0.3,6,2,1286,322,0,2214786088336,n/a,False
imputation,MissForest,0.3,6,3,1286,322,0,2221849524048,n/a,False
imputation,MissForest,0.3,6,4,1287,321,0,2221849525968,n/a,False
imputation,MissForest,0.3,6,5,1287,321,0,2221849512208,n/a,False
classification,SimpleMean,0.3,6,1,1286,322,0,2228006838224,n/a,False
classification,SimpleMean,0.3,6,2,1286,322,0,2228006838800,n/a,False
classification,SimpleMean,0.3,6,3,1286,322,0,2228006747600,n/a,False
classification,SimpleMean,0.3,6,4,1287,321,0,2221201707024,n/a,False
classification,SimpleMean,0.3,6,5,1287,321,0,2216704780496,n/a,False
classification,"KNN(k=5,dist)",0.3,6,1,1286,322,0,2228006831696,n/a,False
classification,"KNN(k=5,dist)",0.3,6,2,1286,322,0,2230879131920,n/a,False
classification,"KNN(k=5,dist)",0.3,6,3,1286,322,0,2222988816848,n/a,False
classification,"KNN(k=5,dist)",0.3,6,4,1287,321,0,2222895925968,n/a,False
classification,"KNN(k=5,dist)",0.3,6,5,1287,321,0,2230859998096,n/a,False
classification,RFECA_SVR(k=5),0.3,6,1,1286,322,0,2222948976912,training_fold_X.corr(),False
classification,RFECA_SVR(k=5),0.3,6,2,1286,322,0,2232174996944,training_fold_X.corr(),False
classification,RFECA_SVR(k=5),0.3,6,3,1286,322,0,2230880422832,training_fold_X.corr(),False
classification,RFECA_SVR(k=5),0.3,6,4,1287,321,0,2216654640912,training_fold_X.corr(),False
classification,RFECA_SVR(k=5),0.3,6,5,1287,321,0,2232173336336,training_fold_X.corr(),False
classification,RFECA_SVR(k=10),0.3,6,1,1286,322,0,2232177689776,training_fold_X.corr(),False
classification,RFECA_SVR(k=10),0.3,6,2,1286,322,0,2232178925520,training_fold_X.corr(),False
classification,RFECA_SVR(k=10),0.3,6,3,1286,322,0,2232180829648,training_fold_X.corr(),False
classification,RFECA_SVR(k=10),0.3,6,4,1287,321,0,2232181320496,training_fold_X.corr(),False
classification,RFECA_SVR(k=10),0.3,6,5,1287,321,0,2232173621136,training_fold_X.corr(),False
classification,RFECA_SVR(k=20),0.3,6,1,1286,322,0,2232174113552,training_fold_X.corr(),False
classification,RFECA_SVR(k=20),0.3,6,2,1286,322,0,2232181512400,training_fold_X.corr(),False
classification,RFECA_SVR(k=20),0.3,6,3,1286,322,0,2232181505200,training_fold_X.corr(),False
classification,RFECA_SVR(k=20),0.3,6,4,1287,321,0,2232182448976,training_fold_X.corr(),False
classification,RFECA_SVR(k=20),0.3,6,5,1287,321,0,2232180361264,training_fold_X.corr(),False
classification,MissForest,0.3,6,1,1286,322,0,2221849519568,n/a,False
classification,MissForest,0.3,6,2,1286,322,0,2221849523408,n/a,False
classification,MissForest,0.3,6,3,1286,322,0,2221849524368,n/a,False
classification,MissForest,0.3,6,4,1287,321,0,2221849520528,n/a,False
classification,MissForest,0.3,6,5,1287,321,0,2232187682896,n/a,False
imputation,SimpleMean,0.3,7,1,1286,322,0,2214785351312,n/a,False
imputation,SimpleMean,0.3,7,2,1286,322,0,2214785351504,n/a,False
imputation,SimpleMean,0.3,7,3,1286,322,0,2214785349008,n/a,False
imputation,SimpleMean,0.3,7,4,1287,321,0,2216972566800,n/a,False
imputation,SimpleMean,0.3,7,5,1287,321,0,2216972566608,n/a,False
imputation,"KNN(k=5,dist)",0.3,7,1,1286,322,0,2216972566992,n/a,False
imputation,"KNN(k=5,dist)",0.3,7,2,1286,322,0,2216972567184,n/a,False
imputation,"KNN(k=5,dist)",0.3,7,3,1286,322,0,2216972567376,n/a,False
imputation,"KNN(k=5,dist)",0.3,7,4,1287,321,0,2216972567568,n/a,False
imputation,"KNN(k=5,dist)",0.3,7,5,1287,321,0,2216972567760,n/a,False
imputation,RFECA_SVR(k=5),0.3,7,1,1286,322,0,2214786628784,training_fold_X.corr(),False
imputation,RFECA_SVR(k=5),0.3,7,2,1286,322,0,2214786628560,training_fold_X.corr(),False
imputation,RFECA_SVR(k=5),0.3,7,3,1286,322,0,2214786627888,training_fold_X.corr(),False
imputation,RFECA_SVR(k=5),0.3,7,4,1287,321,0,2214786628336,training_fold_X.corr(),False
imputation,RFECA_SVR(k=5),0.3,7,5,1287,321,0,2214786628112,training_fold_X.corr(),False
imputation,RFECA_SVR(k=10),0.3,7,1,1286,322,0,2214786627440,training_fold_X.corr(),False
imputation,RFECA_SVR(k=10),0.3,7,2,1286,322,0,2214786629008,training_fold_X.corr(),False
imputation,RFECA_SVR(k=10),0.3,7,3,1286,322,0,2216520493872,training_fold_X.corr(),False
imputation,RFECA_SVR(k=10),0.3,7,4,1287,321,0,2216520485584,training_fold_X.corr(),False
imputation,RFECA_SVR(k=10),0.3,7,5,1287,321,0,2216520498128,training_fold_X.corr(),False
imputation,RFECA_SVR(k=20),0.3,7,1,1286,322,0,2216520498352,training_fold_X.corr(),False
imputation,RFECA_SVR(k=20),0.3,7,2,1286,322,0,2216520496336,training_fold_X.corr(),False
imputation,RFECA_SVR(k=20),0.3,7,3,1286,322,0,2216520483792,training_fold_X.corr(),False
imputation,RFECA_SVR(k=20),0.3,7,4,1287,321,0,2216520497456,training_fold_X.corr(),False
imputation,RFECA_SVR(k=20),0.3,7,5,1287,321,0,2216520490736,training_fold_X.corr(),False
imputation,MissForest,0.3,7,1,1286,322,0,2214786088336,n/a,False
imputation,MissForest,0.3,7,2,1286,322,0,2214786085136,n/a,False
imputation,MissForest,0.3,7,3,1286,322,0,2214837092048,n/a,False
imputation,MissForest,0.3,7,4,1287,321,0,2214837083088,n/a,False
imputation,MissForest,0.3,7,5,1287,321,0,2214837088848,n/a,False
classification,SimpleMean,0.3,7,1,1286,322,0,2216253186000,n/a,False
classification,SimpleMean,0.3,7,2,1286,322,0,2216253182160,n/a,False
classification,SimpleMean,0.3,7,3,1286,322,0,2214923157328,n/a,False
classification,SimpleMean,0.3,7,4,1287,321,0,2215025463120,n/a,False
classification,SimpleMean,0.3,7,5,1287,321,0,2215025653328,n/a,False
classification,"KNN(k=5,dist)",0.3,7,1,1286,322,0,2216253180240,n/a,False
classification,"KNN(k=5,dist)",0.3,7,2,1286,322,0,2216705562896,n/a,False
classification,"KNN(k=5,dist)",0.3,7,3,1286,322,0,2229987717584,n/a,False
classification,"KNN(k=5,dist)",0.3,7,4,1287,321,0,2216838777552,n/a,False
classification,"KNN(k=5,dist)",0.3,7,5,1287,321,0,2222988469136,n/a,False
classification,RFECA_SVR(k=5),0.3,7,1,1286,322,0,2230859856848,training_fold_X.corr(),False
classification,RFECA_SVR(k=5),0.3,7,2,1286,322,0,2231332001552,training_fold_X.corr(),False
classification,RFECA_SVR(k=5),0.3,7,3,1286,322,0,2222989954640,training_fold_X.corr(),False
classification,RFECA_SVR(k=5),0.3,7,4,1287,321,0,2232174999408,training_fold_X.corr(),False
classification,RFECA_SVR(k=5),0.3,7,5,1287,321,0,2230880298704,training_fold_X.corr(),False
classification,RFECA_SVR(k=10),0.3,7,1,1286,322,0,2232178698384,training_fold_X.corr(),False
classification,RFECA_SVR(k=10),0.3,7,2,1286,322,0,2232180515440,training_fold_X.corr(),False
classification,RFECA_SVR(k=10),0.3,7,3,1286,322,0,2232174132400,training_fold_X.corr(),False
classification,RFECA_SVR(k=10),0.3,7,4,1287,321,0,2232181791824,training_fold_X.corr(),False
classification,RFECA_SVR(k=10),0.3,7,5,1287,321,0,2232182093008,training_fold_X.corr(),False
classification,RFECA_SVR(k=20),0.3,7,1,1286,322,0,2232180085200,training_fold_X.corr(),False
classification,RFECA_SVR(k=20),0.3,7,2,1286,322,0,2232179593680,training_fold_X.corr(),False
classification,RFECA_SVR(k=20),0.3,7,3,1286,322,0,2232179373712,training_fold_X.corr(),False
classification,RFECA_SVR(k=20),0.3,7,4,1287,321,0,2232185118224,training_fold_X.corr(),False
classification,RFECA_SVR(k=20),0.3,7,5,1287,321,0,2232184783152,training_fold_X.corr(),False
classification,MissForest,0.3,7,1,1286,322,0,2214837089808,n/a,False
classification,MissForest,0.3,7,2,1286,322,0,2221849521488,n/a,False
classification,MissForest,0.3,7,3,1286,322,0,2214837080208,n/a,False
classification,MissForest,0.3,7,4,1287,321,0,2214837085328,n/a,False
classification,MissForest,0.3,7,5,1287,321,0,2221849515088,n/a,False
imputation,SimpleMean,0.3,8,1,1286,322,0,2214785351312,n/a,False
imputation,SimpleMean,0.3,8,2,1286,322,0,2214785351504,n/a,False
imputation,SimpleMean,0.3,8,3,1286,322,0,2214785349008,n/a,False
imputation,SimpleMean,0.3,8,4,1287,321,0,2232177557584,n/a,False
imputation,SimpleMean,0.3,8,5,1287,321,0,2232177557776,n/a,False
imputation,"KNN(k=5,dist)",0.3,8,1,1286,322,0,2232177557968,n/a,False
imputation,"KNN(k=5,dist)",0.3,8,2,1286,322,0,2232177558160,n/a,False
imputation,"KNN(k=5,dist)",0.3,8,3,1286,322,0,2232177558352,n/a,False
imputation,"KNN(k=5,dist)",0.3,8,4,1287,321,0,2232177558544,n/a,False
imputation,"KNN(k=5,dist)",0.3,8,5,1287,321,0,2232177558736,n/a,False
imputation,RFECA_SVR(k=5),0.3,8,1,1286,322,0,2214786627888,training_fold_X.corr(),False
imputation,RFECA_SVR(k=5),0.3,8,2,1286,322,0,2214786628336,training_fold_X.corr(),False
imputation,RFECA_SVR(k=5),0.3,8,3,1286,322,0,2214786628112,training_fold_X.corr(),False
imputation,RFECA_SVR(k=5),0.3,8,4,1287,321,0,2214786627440,training_fold_X.corr(),False
imputation,RFECA_SVR(k=5),0.3,8,5,1287,321,0,2214786629008,training_fold_X.corr(),False
imputation,RFECA_SVR(k=10),0.3,8,1,1286,322,0,2214786628784,training_fold_X.corr(),False
imputation,RFECA_SVR(k=10),0.3,8,2,1286,322,0,2214786628560,training_fold_X.corr(),False
imputation,RFECA_SVR(k=10),0.3,8,3,1286,322,0,2215195870160,training_fold_X.corr(),False
imputation,RFECA_SVR(k=10),0.3,8,4,1287,321,0,2215195872624,training_fold_X.corr(),False
imputation,RFECA_SVR(k=10),0.3,8,5,1287,321,0,2215195881136,training_fold_X.corr(),False
imputation,RFECA_SVR(k=20),0.3,8,1,1286,322,0,2215195872848,training_fold_X.corr(),False
imputation,RFECA_SVR(k=20),0.3,8,2,1286,322,0,2215195873520,training_fold_X.corr(),False
imputation,RFECA_SVR(k=20),0.3,8,3,1286,322,0,2215195869488,training_fold_X.corr(),False
imputation,RFECA_SVR(k=20),0.3,8,4,1287,321,0,2215195876880,training_fold_X.corr(),False
imputation,RFECA_SVR(k=20),0.3,8,5,1287,321,0,2215195872400,training_fold_X.corr(),False
imputation,MissForest,0.3,8,1,1286,322,0,2214786085136,n/a,False
imputation,MissForest,0.3,8,2,1286,322,0,2214786088336,n/a,False
imputation,MissForest,0.3,8,3,1286,322,0,2214837081488,n/a,False
imputation,MissForest,0.3,8,4,1287,321,0,2221849520528,n/a,False
imputation,MissForest,0.3,8,5,1287,321,0,2221849515408,n/a,False
classification,SimpleMean,0.3,8,1,1286,322,0,2230856670800,n/a,False
classification,SimpleMean,0.3,8,2,1286,322,0,2230856671952,n/a,False
classification,SimpleMean,0.3,8,3,1286,322,0,2230856072272,n/a,False
classification,SimpleMean,0.3,8,4,1287,321,0,2214837637712,n/a,False
classification,SimpleMean,0.3,8,5,1287,321,0,2216253337296,n/a,False
classification,"KNN(k=5,dist)",0.3,8,1,1286,322,0,2230856664080,n/a,False
classification,"KNN(k=5,dist)",0.3,8,2,1286,322,0,2215025466384,n/a,False
classification,"KNN(k=5,dist)",0.3,8,3,1286,322,0,2228007072592,n/a,False
classification,"KNN(k=5,dist)",0.3,8,4,1287,321,0,2221201706448,n/a,False
classification,"KNN(k=5,dist)",0.3,8,5,1287,321,0,2229987910544,n/a,False
classification,RFECA_SVR(k=5),0.3,8,1,1286,322,0,2230878980592,training_fold_X.corr(),False
classification,RFECA_SVR(k=5),0.3,8,2,1286,322,0,2222896246896,training_fold_X.corr(),False
classification,RFECA_SVR(k=5),0.3,8,3,1286,322,0,2230860061104,training_fold_X.corr(),False
classification,RFECA_SVR(k=5),0.3,8,4,1287,321,0,2231332418992,training_fold_X.corr(),False
classification,RFECA_SVR(k=5),0.3,8,5,1287,321,0,2230880684080,training_fold_X.corr(),False
classification,RFECA_SVR(k=10),0.3,8,1,1286,322,0,2232181032336,training_fold_X.corr(),False
classification,RFECA_SVR(k=10),0.3,8,2,1286,322,0,2232174471312,training_fold_X.corr(),False
classification,RFECA_SVR(k=10),0.3,8,3,1286,322,0,2232181542256,training_fold_X.corr(),False
classification,RFECA_SVR(k=10),0.3,8,4,1287,321,0,2232180339248,training_fold_X.corr(),False
classification,RFECA_SVR(k=10),0.3,8,5,1287,321,0,2232185110608,training_fold_X.corr(),False
classification,RFECA_SVR(k=20),0.3,8,1,1286,322,0,2232185633968,training_fold_X.corr(),False
classification,RFECA_SVR(k=20),0.3,8,2,1286,322,0,2232184906128,training_fold_X.corr(),False
classification,RFECA_SVR(k=20),0.3,8,3,1286,322,0,2232183241680,training_fold_X.corr(),False
classification,RFECA_SVR(k=20),0.3,8,4,1287,321,0,2232183415632,training_fold_X.corr(),False
classification,RFECA_SVR(k=20),0.3,8,5,1287,321,0,2232182830736,training_fold_X.corr(),False
classification,MissForest,0.3,8,1,1286,322,0,2221849519568,n/a,False
classification,MissForest,0.3,8,2,1286,322,0,2214837078288,n/a,False
classification,MissForest,0.3,8,3,1286,322,0,2221849519248,n/a,False
classification,MissForest,0.3,8,4,1287,321,0,2221849513168,n/a,False
classification,MissForest,0.3,8,5,1287,321,0,2214837090128,n/a,False
imputation,SimpleMean,0.3,9,1,1286,322,0,2214785351312,n/a,False
imputation,SimpleMean,0.3,9,2,1286,322,0,2214785351504,n/a,False
imputation,SimpleMean,0.3,9,3,1286,322,0,2214785349008,n/a,False
imputation,SimpleMean,0.3,9,4,1287,321,0,2216521023760,n/a,False
imputation,SimpleMean,0.3,9,5,1287,321,0,2216521023952,n/a,False
imputation,"KNN(k=5,dist)",0.3,9,1,1286,322,0,2216521023568,n/a,False
imputation,"KNN(k=5,dist)",0.3,9,2,1286,322,0,2216521024144,n/a,False
imputation,"KNN(k=5,dist)",0.3,9,3,1286,322,0,2216521024336,n/a,False
imputation,"KNN(k=5,dist)",0.3,9,4,1287,321,0,2216521024528,n/a,False
imputation,"KNN(k=5,dist)",0.3,9,5,1287,321,0,2216521024720,n/a,False
imputation,RFECA_SVR(k=5),0.3,9,1,1286,322,0,2214786628112,training_fold_X.corr(),False
imputation,RFECA_SVR(k=5),0.3,9,2,1286,322,0,2214786627440,training_fold_X.corr(),False
imputation,RFECA_SVR(k=5),0.3,9,3,1286,322,0,2214786629008,training_fold_X.corr(),False
imputation,RFECA_SVR(k=5),0.3,9,4,1287,321,0,2214786628784,training_fold_X.corr(),False
imputation,RFECA_SVR(k=5),0.3,9,5,1287,321,0,2214786628560,training_fold_X.corr(),False
imputation,RFECA_SVR(k=10),0.3,9,1,1286,322,0,2214786627888,training_fold_X.corr(),False
imputation,RFECA_SVR(k=10),0.3,9,2,1286,322,0,2214786628336,training_fold_X.corr(),False
imputation,RFECA_SVR(k=10),0.3,9,3,1286,322,0,2214837241904,training_fold_X.corr(),False
imputation,RFECA_SVR(k=10),0.3,9,4,1287,321,0,2214837255568,training_fold_X.corr(),False
imputation,RFECA_SVR(k=10),0.3,9,5,1287,321,0,2214837243472,training_fold_X.corr(),False
imputation,RFECA_SVR(k=20),0.3,9,1,1286,322,0,2214837243024,training_fold_X.corr(),False
imputation,RFECA_SVR(k=20),0.3,9,2,1286,322,0,2214837245488,training_fold_X.corr(),False
imputation,RFECA_SVR(k=20),0.3,9,3,1286,322,0,2214837242128,training_fold_X.corr(),False
imputation,RFECA_SVR(k=20),0.3,9,4,1287,321,0,2214837246832,training_fold_X.corr(),False
imputation,RFECA_SVR(k=20),0.3,9,5,1287,321,0,2214837255120,training_fold_X.corr(),False
imputation,MissForest,0.3,9,1,1286,322,0,2214786087696,n/a,False
imputation,MissForest,0.3,9,2,1286,322,0,2214786085136,n/a,False
imputation,MissForest,0.3,9,3,1286,322,0,2221849519568,n/a,False
imputation,MissForest,0.3,9,4,1287,321,0,2221849523728,n/a,False
imputation,MissForest,0.3,9,5,1287,321,0,2214837083408,n/a,False
classification,SimpleMean,0.3,9,1,1286,322,0,2231014400336,n/a,False
classification,SimpleMean,0.3,9,2,1286,322,0,2231014401488,n/a,False
classification,SimpleMean,0.3,9,3,1286,322,0,2228571257168,n/a,False
classification,SimpleMean,0.3,9,4,1287,321,0,2229102599376,n/a,False
classification,SimpleMean,0.3,9,5,1287,321,0,2221849770896,n/a,False
classification,"KNN(k=5,dist)",0.3,9,1,1286,322,0,2231014394000,n/a,False
classification,"KNN(k=5,dist)",0.3,9,2,1286,322,0,2230856670800,n/a,False
classification,"KNN(k=5,dist)",0.3,9,3,1286,322,0,2216253665744,n/a,False
classification,"KNN(k=5,dist)",0.3,9,4,1287,321,0,2214837523600,n/a,False
classification,"KNN(k=5,dist)",0.3,9,5,1287,321,0,2214922412944,n/a,False
classification,RFECA_SVR(k=5),0.3,9,1,1286,322,0,2221201883888,training_fold_X.corr(),False
classification,RFECA_SVR(k=5),0.3,9,2,1286,322,0,2216704783120,training_fold_X.corr(),False
classification,RFECA_SVR(k=5),0.3,9,3,1286,322,0,2222988464816,training_fold_X.corr(),False
classification,RFECA_SVR(k=5),0.3,9,4,1287,321,0,2230879687792,training_fold_X.corr(),False
classification,RFECA_SVR(k=5),0.3,9,5,1287,321,0,2216838944752,training_fold_X.corr(),False
classification,RFECA_SVR(k=10),0.3,9,1,1286,322,0,2232181931632,training_fold_X.corr(),False
classification,RFECA_SVR(k=10),0.3,9,2,1286,322,0,2232180089456,training_fold_X.corr(),False
classification,RFECA_SVR(k=10),0.3,9,3,1286,322,0,2232185190928,training_fold_X.corr(),False
classification,RFECA_SVR(k=10),0.3,9,4,1287,321,0,2232183419888,training_fold_X.corr(),False
classification,RFECA_SVR(k=10),0.3,9,5,1287,321,0,2232183040816,training_fold_X.corr(),False
classification,RFECA_SVR(k=20),0.3,9,1,1286,322,0,2232184555568,training_fold_X.corr(),False
classification,RFECA_SVR(k=20),0.3,9,2,1286,322,0,2232184347504,training_fold_X.corr(),False
classification,RFECA_SVR(k=20),0.3,9,3,1286,322,0,2232183667888,training_fold_X.corr(),False
classification,RFECA_SVR(k=20),0.3,9,4,1287,321,0,2232192935856,training_fold_X.corr(),False
classification,RFECA_SVR(k=20),0.3,9,5,1287,321,0,2232192892304,training_fold_X.corr(),False
classification,MissForest,0.3,9,1,1286,322,0,2214837091088,n/a,False
classification,MissForest,0.3,9,2,1286,322,0,2221849519888,n/a,False
classification,MissForest,0.3,9,3,1286,322,0,2214837084048,n/a,False
classification,MissForest,0.3,9,4,1287,321,0,2214837076048,n/a,False
classification,MissForest,0.3,9,5,1287,321,0,2214837089808,n/a,False
