stage,imputer,missing_rate,replicate,fold,rmse,mae,corr_frobenius,corr_frobenius_rel,corr_mae_offdiag,corr_rv,n_masked_test_values,n_eligible_cells,n_artificially_masked_cells,n_legacy_imputed_cells_in_cohort,n_legacy_imputed_cells_in_metric_target,target_cell_policy,n_train,n_test,degenerate_constant_preds,seed
imputation,RFECA_SVR(k=5),0.0,0,1,,,3.172432172031703e-15,1.374333113439781e-16,3.470739143930617e-17,1.0000000000000002,0,5804,0,46,0,originally_observed_only,93,24,False,17042
imputation,RFECA_SVR(k=5),0.0,0,2,,,2.597144534933734e-15,1.1138546592537489e-16,2.403025695096872e-17,1.0000000000000002,0,5804,0,46,0,originally_observed_only,93,24,False,17042
imputation,RFECA_SVR(k=5),0.0,0,3,,,3.042303350498382e-15,1.2717899234498833e-16,2.849796645830715e-17,0.9999999999999996,0,5804,0,46,0,originally_observed_only,94,23,False,17042
imputation,RFECA_SVR(k=5),0.0,0,4,,,1.7681126080926102e-15,7.40518428027331e-17,1.1928436554835417e-17,1.0,0,5804,0,46,0,originally_observed_only,94,23,False,17042
imputation,RFECA_SVR(k=5),0.0,0,5,,,2.7509574530887846e-15,9.990578155873985e-17,2.0439954646645394e-17,1.0,0,5804,0,46,0,originally_observed_only,94,23,False,17042
imputation,RFECA_SVR(k=10),0.0,0,1,,,3.172432172031703e-15,1.374333113439781e-16,3.470739143930617e-17,1.0000000000000002,0,5804,0,46,0,originally_observed_only,93,24,False,17042
imputation,RFECA_SVR(k=10),0.0,0,2,,,2.597144534933734e-15,1.1138546592537489e-16,2.403025695096872e-17,1.0000000000000002,0,5804,0,46,0,originally_observed_only,93,24,False,17042
imputation,RFECA_SVR(k=10),0.0,0,3,,,3.042303350498382e-15,1.2717899234498833e-16,2.849796645830715e-17,0.9999999999999996,0,5804,0,46,0,originally_observed_only,94,23,False,17042
imputation,RFECA_SVR(k=10),0.0,0,4,,,1.7681126080926102e-15,7.40518428027331e-17,1.1928436554835417e-17,1.0,0,5804,0,46,0,originally_observed_only,94,23,False,17042
imputation,RFECA_SVR(k=10),0.0,0,5,,,2.7509574530887846e-15,9.990578155873985e-17,2.0439954646645394e-17,1.0,0,5804,0,46,0,originally_observed_only,94,23,False,17042
imputation,RFECA_SVR(k=20),0.0,0,1,,,3.172432172031703e-15,1.374333113439781e-16,3.470739143930617e-17,1.0000000000000002,0,5804,0,46,0,originally_observed_only,93,24,False,17042
imputation,RFECA_SVR(k=20),0.0,0,2,,,2.597144534933734e-15,1.1138546592537489e-16,2.403025695096872e-17,1.0000000000000002,0,5804,0,46,0,originally_observed_only,93,24,False,17042
imputation,RFECA_SVR(k=20),0.0,0,3,,,3.042303350498382e-15,1.2717899234498833e-16,2.849796645830715e-17,0.9999999999999996,0,5804,0,46,0,originally_observed_only,94,23,False,17042
imputation,RFECA_SVR(k=20),0.0,0,4,,,1.7681126080926102e-15,7.40518428027331e-17,1.1928436554835417e-17,1.0,0,5804,0,46,0,originally_observed_only,94,23,False,17042
imputation,RFECA_SVR(k=20),0.0,0,5,,,2.7509574530887846e-15,9.990578155873985e-17,2.0439954646645394e-17,1.0,0,5804,0,46,0,originally_observed_only,94,23,False,17042
imputation,RFECA_SVR(k=5),0.0,1,1,,,3.172432172031703e-15,1.374333113439781e-16,3.470739143930617e-17,1.0000000000000002,0,5804,0,46,0,originally_observed_only,93,24,False,1017045
imputation,RFECA_SVR(k=5),0.0,1,2,,,2.597144534933734e-15,1.1138546592537489e-16,2.403025695096872e-17,1.0000000000000002,0,5804,0,46,0,originally_observed_only,93,24,False,1017045
imputation,RFECA_SVR(k=5),0.0,1,3,,,3.042303350498382e-15,1.2717899234498833e-16,2.849796645830715e-17,0.9999999999999996,0,5804,0,46,0,originally_observed_only,94,23,False,1017045
imputation,RFECA_SVR(k=5),0.0,1,4,,,1.7681126080926102e-15,7.40518428027331e-17,1.1928436554835417e-17,1.0,0,5804,0,46,0,originally_observed_only,94,23,False,1017045
imputation,RFECA_SVR(k=5),0.0,1,5,,,2.7509574530887846e-15,9.990578155873985e-17,2.0439954646645394e-17,1.0,0,5804,0,46,0,originally_observed_only,94,23,False,1017045
imputation,RFECA_SVR(k=10),0.0,1,1,,,3.172432172031703e-15,1.374333113439781e-16,3.470739143930617e-17,1.0000000000000002,0,5804,0,46,0,originally_observed_only,93,24,False,1017045
imputation,RFECA_SVR(k=10),0.0,1,2,,,2.597144534933734e-15,1.1138546592537489e-16,2.403025695096872e-17,1.0000000000000002,0,5804,0,46,0,originally_observed_only,93,24,False,1017045
imputation,RFECA_SVR(k=10),0.0,1,3,,,3.042303350498382e-15,1.2717899234498833e-16,2.849796645830715e-17,0.9999999999999996,0,5804,0,46,0,originally_observed_only,94,23,False,1017045
imputation,RFECA_SVR(k=10),0.0,1,4,,,1.7681126080926102e-15,7.40518428027331e-17,1.1928436554835417e-17,1.0,0,5804,0,46,0,originally_observed_only,94,23,False,1017045
imputation,RFECA_SVR(k=10),0.0,1,5,,,2.7509574530887846e-15,9.990578155873985e-17,2.0439954646645394e-17,1.0,0,5804,0,46,0,originally_observed_only,94,23,False,1017045
imputation,RFECA_SVR(k=20),0.0,1,1,,,3.172432172031703e-15,1.374333113439781e-16,3.470739143930617e-17,1.0000000000000002,0,5804,0,46,0,originally_observed_only,93,24,False,1017045
imputation,RFECA_SVR(k=20),0.0,1,2,,,2.597144534933734e-15,1.1138546592537489e-16,2.403025695096872e-17,1.0000000000000002,0,5804,0,46,0,originally_observed_only,93,24,False,1017045
imputation,RFECA_SVR(k=20),0.0,1,3,,,3.042303350498382e-15,1.2717899234498833e-16,2.849796645830715e-17,0.9999999999999996,0,5804,0,46,0,originally_observed_only,94,23,False,1017045
imputation,RFECA_SVR(k=20),0.0,1,4,,,1.7681126080926102e-15,7.40518428027331e-17,1.1928436554835417e-17,1.0,0,5804,0,46,0,originally_observed_only,94,23,False,1017045
imputation,RFECA_SVR(k=20),0.0,1,5,,,2.7509574530887846e-15,9.990578155873985e-17,2.0439954646645394e-17,1.0,0,5804,0,46,0,originally_observed_only,94,23,False,1017045
imputation,RFECA_SVR(k=5),0.0,2,1,,,3.172432172031703e-15,1.374333113439781e-16,3.470739143930617e-17,1.0000000000000002,0,5804,0,46,0,originally_observed_only,93,24,False,2017048
imputation,RFECA_SVR(k=5),0.0,2,2,,,2.597144534933734e-15,1.1138546592537489e-16,2.403025695096872e-17,1.0000000000000002,0,5804,0,46,0,originally_observed_only,93,24,False,2017048
imputation,RFECA_SVR(k=5),0.0,2,3,,,3.042303350498382e-15,1.2717899234498833e-16,2.849796645830715e-17,0.9999999999999996,0,5804,0,46,0,originally_observed_only,94,23,False,2017048
imputation,RFECA_SVR(k=5),0.0,2,4,,,1.7681126080926102e-15,7.40518428027331e-17,1.1928436554835417e-17,1.0,0,5804,0,46,0,originally_observed_only,94,23,False,2017048
imputation,RFECA_SVR(k=5),0.0,2,5,,,2.7509574530887846e-15,9.990578155873985e-17,2.0439954646645394e-17,1.0,0,5804,0,46,0,originally_observed_only,94,23,False,2017048
imputation,RFECA_SVR(k=10),0.0,2,1,,,3.172432172031703e-15,1.374333113439781e-16,3.470739143930617e-17,1.0000000000000002,0,5804,0,46,0,originally_observed_only,93,24,False,2017048
imputation,RFECA_SVR(k=10),0.0,2,2,,,2.597144534933734e-15,1.1138546592537489e-16,2.403025695096872e-17,1.0000000000000002,0,5804,0,46,0,originally_observed_only,93,24,False,2017048
imputation,RFECA_SVR(k=10),0.0,2,3,,,3.042303350498382e-15,1.2717899234498833e-16,2.849796645830715e-17,0.9999999999999996,0,5804,0,46,0,originally_observed_only,94,23,False,2017048
imputation,RFECA_SVR(k=10),0.0,2,4,,,1.7681126080926102e-15,7.40518428027331e-17,1.1928436554835417e-17,1.0,0,5804,0,46,0,originally_observed_only,94,23,False,2017048
imputation,RFECA_SVR(k=10),0.0,2,5,,,2.7509574530887846e-15,9.990578155873985e-17,2.0439954646645394e-17,1.0,0,5804,0,46,0,originally_observed_only,94,23,False,2017048
imputation,RFECA_SVR(k=20),0.0,2,1,,,3.172432172031703e-15,1.374333113439781e-16,3.470739143930617e-17,1.0000000000000002,0,5804,0,46,0,originally_observed_only,93,24,False,2017048
imputation,RFECA_SVR(k=20),0.0,2,2,,,2.597144534933734e-15,1.1138546592537489e-16,2.403025695096872e-17,1.0000000000000002,0,5804,0,46,0,originally_observed_only,93,24,False,2017048
imputation,RFECA_SVR(k=20),0.0,2,3,,,3.042303350498382e-15,1.2717899234498833e-16,2.849796645830715e-17,0.9999999999999996,0,5804,0,46,0,originally_observed_only,94,23,False,2017048
imputation,RFECA_SVR(k=20),0.0,2,4,,,1.7681126080926102e-15,7.40518428027331e-17,1.1928436554835417e-17,1.0,0,5804,0,46,0,originally_observed_only,94,23,False,2017048
imputation,RFECA_SVR(k=20),0.0,2,5,,,2.7509574530887846e-15,9.990578155873985e-17,2.0439954646645394e-17,1.0,0,5804,0,46,0,originally_observed_only,94,23,False,2017048
imputation,RFECA_SVR(k=5),0.0,3,1,,,3.172432172031703e-15,1.374333113439781e-16,3.470739143930617e-17,1.0000000000000002,0,5804,0,46,0,originally_observed_only,93,24,False,3017051
imputation,RFECA_SVR(k=5),0.0,3,2,,,2.597144534933734e-15,1.1138546592537489e-16,2.403025695096872e-17,1.0000000000000002,0,5804,0,46,0,originally_observed_only,93,24,False,3017051
imputation,RFECA_SVR(k=5),0.0,3,3,,,3.042303350498382e-15,1.2717899234498833e-16,2.849796645830715e-17,0.9999999999999996,0,5804,0,46,0,originally_observed_only,94,23,False,3017051
imputation,RFECA_SVR(k=5),0.0,3,4,,,1.7681126080926102e-15,7.40518428027331e-17,1.1928436554835417e-17,1.0,0,5804,0,46,0,originally_observed_only,94,23,False,3017051
imputation,RFECA_SVR(k=5),0.0,3,5,,,2.7509574530887846e-15,9.990578155873985e-17,2.0439954646645394e-17,1.0,0,5804,0,46,0,originally_observed_only,94,23,False,3017051
imputation,RFECA_SVR(k=10),0.0,3,1,,,3.172432172031703e-15,1.374333113439781e-16,3.470739143930617e-17,1.0000000000000002,0,5804,0,46,0,originally_observed_only,93,24,False,3017051
imputation,RFECA_SVR(k=10),0.0,3,2,,,2.597144534933734e-15,1.1138546592537489e-16,2.403025695096872e-17,1.0000000000000002,0,5804,0,46,0,originally_observed_only,93,24,False,3017051
imputation,RFECA_SVR(k=10),0.0,3,3,,,3.042303350498382e-15,1.2717899234498833e-16,2.849796645830715e-17,0.9999999999999996,0,5804,0,46,0,originally_observed_only,94,23,False,3017051
imputation,RFECA_SVR(k=10),0.0,3,4,,,1.7681126080926102e-15,7.40518428027331e-17,1.1928436554835417e-17,1.0,0,5804,0,46,0,originally_observed_only,94,23,False,3017051
imputation,RFECA_SVR(k=10),0.0,3,5,,,2.7509574530887846e-15,9.990578155873985e-17,2.0439954646645394e-17,1.0,0,5804,0,46,0,originally_observed_only,94,23,False,3017051
imputation,RFECA_SVR(k=20),0.0,3,1,,,3.172432172031703e-15,1.374333113439781e-16,3.470739143930617e-17,1.0000000000000002,0,5804,0,46,0,originally_observed_only,93,24,False,3017051
imputation,RFECA_SVR(k=20),0.0,3,2,,,2.597144534933734e-15,1.1138546592537489e-16,2.403025695096872e-17,1.0000000000000002,0,5804,0,46,0,originally_observed_only,93,24,False,3017051
imputation,RFECA_SVR(k=20),0.0,3,3,,,3.042303350498382e-15,1.2717899234498833e-16,2.849796645830715e-17,0.9999999999999996,0,5804,0,46,0,originally_observed_only,94,23,False,3017051
imputation,RFECA_SVR(k=20),0.0,3,4,,,1.7681126080926102e-15,7.40518428027331e-17,1.1928436554835417e-17,1.0,0,5804,0,46,0,originally_observed_only,94,23,False,3017051
imputation,RFECA_SVR(k=20),0.0,3,5,,,2.7509574530887846e-15,9.990578155873985e-17,2.0439954646645394e-17,1.0,0,5804,0,46,0,originally_observed_only,94,23,False,3017051
imputation,RFECA_SVR(k=5),0.0,4,1,,,3.172432172031703e-15,1.374333113439781e-16,3.470739143930617e-17,1.0000000000000002,0,5804,0,46,0,originally_observed_only,93,24,False,4017054
imputation,RFECA_SVR(k=5),0.0,4,2,,,2.597144534933734e-15,1.1138546592537489e-16,2.403025695096872e-17,1.0000000000000002,0,5804,0,46,0,originally_observed_only,93,24,False,4017054
imputation,RFECA_SVR(k=5),0.0,4,3,,,3.042303350498382e-15,1.2717899234498833e-16,2.849796645830715e-17,0.9999999999999996,0,5804,0,46,0,originally_observed_only,94,23,False,4017054
imputation,RFECA_SVR(k=5),0.0,4,4,,,1.7681126080926102e-15,7.40518428027331e-17,1.1928436554835417e-17,1.0,0,5804,0,46,0,originally_observed_only,94,23,False,4017054
imputation,RFECA_SVR(k=5),0.0,4,5,,,2.7509574530887846e-15,9.990578155873985e-17,2.0439954646645394e-17,1.0,0,5804,0,46,0,originally_observed_only,94,23,False,4017054
imputation,RFECA_SVR(k=10),0.0,4,1,,,3.172432172031703e-15,1.374333113439781e-16,3.470739143930617e-17,1.0000000000000002,0,5804,0,46,0,originally_observed_only,93,24,False,4017054
imputation,RFECA_SVR(k=10),0.0,4,2,,,2.597144534933734e-15,1.1138546592537489e-16,2.403025695096872e-17,1.0000000000000002,0,5804,0,46,0,originally_observed_only,93,24,False,4017054
imputation,RFECA_SVR(k=10),0.0,4,3,,,3.042303350498382e-15,1.2717899234498833e-16,2.849796645830715e-17,0.9999999999999996,0,5804,0,46,0,originally_observed_only,94,23,False,4017054
imputation,RFECA_SVR(k=10),0.0,4,4,,,1.7681126080926102e-15,7.40518428027331e-17,1.1928436554835417e-17,1.0,0,5804,0,46,0,originally_observed_only,94,23,False,4017054
imputation,RFECA_SVR(k=10),0.0,4,5,,,2.7509574530887846e-15,9.990578155873985e-17,2.0439954646645394e-17,1.0,0,5804,0,46,0,originally_observed_only,94,23,False,4017054
imputation,RFECA_SVR(k=20),0.0,4,1,,,3.172432172031703e-15,1.374333113439781e-16,3.470739143930617e-17,1.0000000000000002,0,5804,0,46,0,originally_observed_only,93,24,False,4017054
imputation,RFECA_SVR(k=20),0.0,4,2,,,2.597144534933734e-15,1.1138546592537489e-16,2.403025695096872e-17,1.0000000000000002,0,5804,0,46,0,originally_observed_only,93,24,False,4017054
imputation,RFECA_SVR(k=20),0.0,4,3,,,3.042303350498382e-15,1.2717899234498833e-16,2.849796645830715e-17,0.9999999999999996,0,5804,0,46,0,originally_observed_only,94,23,False,4017054
imputation,RFECA_SVR(k=20),0.0,4,4,,,1.7681126080926102e-15,7.40518428027331e-17,1.1928436554835417e-17,1.0,0,5804,0,46,0,originally_observed_only,94,23,False,4017054
imputation,RFECA_SVR(k=20),0.0,4,5,,,2.7509574530887846e-15,9.990578155873985e-17,2.0439954646645394e-17,1.0,0,5804,0,46,0,originally_observed_only,94,23,False,4017054
imputation,RFECA_SVR(k=5),0.0,5,1,,,3.172432172031703e-15,1.374333113439781e-16,3.470739143930617e-17,1.0000000000000002,0,5804,0,46,0,originally_observed_only,93,24,False,5017057
imputation,RFECA_SVR(k=5),0.0,5,2,,,2.597144534933734e-15,1.1138546592537489e-16,2.403025695096872e-17,1.0000000000000002,0,5804,0,46,0,originally_observed_only,93,24,False,5017057
imputation,RFECA_SVR(k=5),0.0,5,3,,,3.042303350498382e-15,1.2717899234498833e-16,2.849796645830715e-17,0.9999999999999996,0,5804,0,46,0,originally_observed_only,94,23,False,5017057
imputation,RFECA_SVR(k=5),0.0,5,4,,,1.7681126080926102e-15,7.40518428027331e-17,1.1928436554835417e-17,1.0,0,5804,0,46,0,originally_observed_only,94,23,False,5017057
imputation,RFECA_SVR(k=5),0.0,5,5,,,2.7509574530887846e-15,9.990578155873985e-17,2.0439954646645394e-17,1.0,0,5804,0,46,0,originally_observed_only,94,23,False,5017057
imputation,RFECA_SVR(k=10),0.0,5,1,,,3.172432172031703e-15,1.374333113439781e-16,3.470739143930617e-17,1.0000000000000002,0,5804,0,46,0,originally_observed_only,93,24,False,5017057
imputation,RFECA_SVR(k=10),0.0,5,2,,,2.597144534933734e-15,1.1138546592537489e-16,2.403025695096872e-17,1.0000000000000002,0,5804,0,46,0,originally_observed_only,93,24,False,5017057
imputation,RFECA_SVR(k=10),0.0,5,3,,,3.042303350498382e-15,1.2717899234498833e-16,2.849796645830715e-17,0.9999999999999996,0,5804,0,46,0,originally_observed_only,94,23,False,5017057
imputation,RFECA_SVR(k=10),0.0,5,4,,,1.7681126080926102e-15,7.40518428027331e-17,1.1928436554835417e-17,1.0,0,5804,0,46,0,originally_observed_only,94,23,False,5017057
imputation,RFECA_SVR(k=10),0.0,5,5,,,2.7509574530887846e-15,9.990578155873985e-17,2.0439954646645394e-17,1.0,0,5804,0,46,0,originally_observed_only,94,23,False,5017057
imputation,RFECA_SVR(k=20),0.0,5,1,,,3.172432172031703e-15,1.374333113439781e-16,3.470739143930617e-17,1.0000000000000002,0,5804,0,46,0,originally_observed_only,93,24,False,5017057
imputation,RFECA_SVR(k=20),0.0,5,2,,,2.597144534933734e-15,1.1138546592537489e-16,2.403025695096872e-17,1.0000000000000002,0,5804,0,46,0,originally_observed_only,93,24,False,5017057
imputation,RFECA_SVR(k=20),0.0,5,3,,,3.042303350498382e-15,1.2717899234498833e-16,2.849796645830715e-17,0.9999999999999996,0,5804,0,46,0,originally_observed_only,94,23,False,5017057
imputation,RFECA_SVR(k=20),0.0,5,4,,,1.7681126080926102e-15,7.40518428027331e-17,1.1928436554835417e-17,1.0,0,5804,0,46,0,originally_observed_only,94,23,False,5017057
imputation,RFECA_SVR(k=20),0.0,5,5,,,2.7509574530887846e-15,9.990578155873985e-17,2.0439954646645394e-17,1.0,0,5804,0,46,0,originally_observed_only,94,23,False,5017057
imputation,RFECA_SVR(k=5),0.0,6,1,,,3.172432172031703e-15,1.374333113439781e-16,3.470739143930617e-17,1.0000000000000002,0,5804,0,46,0,originally_observed_only,93,24,False,6017060
imputation,RFECA_SVR(k=5),0.0,6,2,,,2.597144534933734e-15,1.1138546592537489e-16,2.403025695096872e-17,1.0000000000000002,0,5804,0,46,0,originally_observed_only,93,24,False,6017060
imputation,RFECA_SVR(k=5),0.0,6,3,,,3.042303350498382e-15,1.2717899234498833e-16,2.849796645830715e-17,0.9999999999999996,0,5804,0,46,0,originally_observed_only,94,23,False,6017060
imputation,RFECA_SVR(k=5),0.0,6,4,,,1.7681126080926102e-15,7.40518428027331e-17,1.1928436554835417e-17,1.0,0,5804,0,46,0,originally_observed_only,94,23,False,6017060
imputation,RFECA_SVR(k=5),0.0,6,5,,,2.7509574530887846e-15,9.990578155873985e-17,2.0439954646645394e-17,1.0,0,5804,0,46,0,originally_observed_only,94,23,False,6017060
imputation,RFECA_SVR(k=10),0.0,6,1,,,3.172432172031703e-15,1.374333113439781e-16,3.470739143930617e-17,1.0000000000000002,0,5804,0,46,0,originally_observed_only,93,24,False,6017060
imputation,RFECA_SVR(k=10),0.0,6,2,,,2.597144534933734e-15,1.1138546592537489e-16,2.403025695096872e-17,1.0000000000000002,0,5804,0,46,0,originally_observed_only,93,24,False,6017060
imputation,RFECA_SVR(k=10),0.0,6,3,,,3.042303350498382e-15,1.2717899234498833e-16,2.849796645830715e-17,0.9999999999999996,0,5804,0,46,0,originally_observed_only,94,23,False,6017060
imputation,RFECA_SVR(k=10),0.0,6,4,,,1.7681126080926102e-15,7.40518428027331e-17,1.1928436554835417e-17,1.0,0,5804,0,46,0,originally_observed_only,94,23,False,6017060
imputation,RFECA_SVR(k=10),0.0,6,5,,,2.7509574530887846e-15,9.990578155873985e-17,2.0439954646645394e-17,1.0,0,5804,0,46,0,originally_observed_only,94,23,False,6017060
imputation,RFECA_SVR(k=20),0.0,6,1,,,3.172432172031703e-15,1.374333113439781e-16,3.470739143930617e-17,1.0000000000000002,0,5804,0,46,0,originally_observed_only,93,24,False,6017060
imputation,RFECA_SVR(k=20),0.0,6,2,,,2.597144534933734e-15,1.1138546592537489e-16,2.403025695096872e-17,1.0000000000000002,0,5804,0,46,0,originally_observed_only,93,24,False,6017060
imputation,RFECA_SVR(k=20),0.0,6,3,,,3.042303350498382e-15,1.2717899234498833e-16,2.849796645830715e-17,0.9999999999999996,0,5804,0,46,0,originally_observed_only,94,23,False,6017060
imputation,RFECA_SVR(k=20),0.0,6,4,,,1.7681126080926102e-15,7.40518428027331e-17,1.1928436554835417e-17,1.0,0,5804,0,46,0,originally_observed_only,94,23,False,6017060
imputation,RFECA_SVR(k=20),0.0,6,5,,,2.7509574530887846e-15,9.990578155873985e-17,2.0439954646645394e-17,1.0,0,5804,0,46,0,originally_observed_only,94,23,False,6017060
imputation,RFECA_SVR(k=5),0.0,7,1,,,3.172432172031703e-15,1.374333113439781e-16,3.470739143930617e-17,1.0000000000000002,0,5804,0,46,0,originally_observed_only,93,24,False,7017063
imputation,RFECA_SVR(k=5),0.0,7,2,,,2.597144534933734e-15,1.1138546592537489e-16,2.403025695096872e-17,1.0000000000000002,0,5804,0,46,0,originally_observed_only,93,24,False,7017063
imputation,RFECA_SVR(k=5),0.0,7,3,,,3.042303350498382e-15,1.2717899234498833e-16,2.849796645830715e-17,0.9999999999999996,0,5804,0,46,0,originally_observed_only,94,23,False,7017063
imputation,RFECA_SVR(k=5),0.0,7,4,,,1.7681126080926102e-15,7.40518428027331e-17,1.1928436554835417e-17,1.0,0,5804,0,46,0,originally_observed_only,94,23,False,7017063
imputation,RFECA_SVR(k=5),0.0,7,5,,,2.7509574530887846e-15,9.990578155873985e-17,2.0439954646645394e-17,1.0,0,5804,0,46,0,originally_observed_only,94,23,False,7017063
imputation,RFECA_SVR(k=10),0.0,7,1,,,3.172432172031703e-15,1.374333113439781e-16,3.470739143930617e-17,1.0000000000000002,0,5804,0,46,0,originally_observed_only,93,24,False,7017063
imputation,RFECA_SVR(k=10),0.0,7,2,,,2.597144534933734e-15,1.1138546592537489e-16,2.403025695096872e-17,1.0000000000000002,0,5804,0,46,0,originally_observed_only,93,24,False,7017063
imputation,RFECA_SVR(k=10),0.0,7,3,,,3.042303350498382e-15,1.2717899234498833e-16,2.849796645830715e-17,0.9999999999999996,0,5804,0,46,0,originally_observed_only,94,23,False,7017063
imputation,RFECA_SVR(k=10),0.0,7,4,,,1.7681126080926102e-15,7.40518428027331e-17,1.1928436554835417e-17,1.0,0,5804,0,46,0,originally_observed_only,94,23,False,7017063
imputation,RFECA_SVR(k=10),0.0,7,5,,,2.7509574530887846e-15,9.990578155873985e-17,2.0439954646645394e-17,1.0,0,5804,0,46,0,originally_observed_only,94,23,False,7017063
imputation,RFECA_SVR(k=20),0.0,7,1,,,3.172432172031703e-15,1.374333113439781e-16,3.470739143930617e-17,1.0000000000000002,0,5804,0,46,0,originally_observed_only,93,24,False,7017063
imputation,RFECA_SVR(k=20),0.0,7,2,,,2.597144534933734e-15,1.1138546592537489e-16,2.403025695096872e-17,1.0000000000000002,0,5804,0,46,0,originally_observed_only,93,24,False,7017063
imputation,RFECA_SVR(k=20),0.0,7,3,,,3.042303350498382e-15,1.2717899234498833e-16,2.849796645830715e-17,0.9999999999999996,0,5804,0,46,0,originally_observed_only,94,23,False,7017063
imputation,RFECA_SVR(k=20),0.0,7,4,,,1.7681126080926102e-15,7.40518428027331e-17,1.1928436554835417e-17,1.0,0,5804,0,46,0,originally_observed_only,94,23,False,7017063
imputation,RFECA_SVR(k=20),0.0,7,5,,,2.7509574530887846e-15,9.990578155873985e-17,2.0439954646645394e-17,1.0,0,5804,0,46,0,originally_observed_only,94,23,False,7017063
imputation,RFECA_SVR(k=5),0.0,8,1,,,3.172432172031703e-15,1.374333113439781e-16,3.470739143930617e-17,1.0000000000000002,0,5804,0,46,0,originally_observed_only,93,24,False,8017066
imputation,RFECA_SVR(k=5),0.0,8,2,,,2.597144534933734e-15,1.1138546592537489e-16,2.403025695096872e-17,1.0000000000000002,0,5804,0,46,0,originally_observed_only,93,24,False,8017066
imputation,RFECA_SVR(k=5),0.0,8,3,,,3.042303350498382e-15,1.2717899234498833e-16,2.849796645830715e-17,0.9999999999999996,0,5804,0,46,0,originally_observed_only,94,23,False,8017066
imputation,RFECA_SVR(k=5),0.0,8,4,,,1.7681126080926102e-15,7.40518428027331e-17,1.1928436554835417e-17,1.0,0,5804,0,46,0,originally_observed_only,94,23,False,8017066
imputation,RFECA_SVR(k=5),0.0,8,5,,,2.7509574530887846e-15,9.990578155873985e-17,2.0439954646645394e-17,1.0,0,5804,0,46,0,originally_observed_only,94,23,False,8017066
imputation,RFECA_SVR(k=10),0.0,8,1,,,3.172432172031703e-15,1.374333113439781e-16,3.470739143930617e-17,1.0000000000000002,0,5804,0,46,0,originally_observed_only,93,24,False,8017066
imputation,RFECA_SVR(k=10),0.0,8,2,,,2.597144534933734e-15,1.1138546592537489e-16,2.403025695096872e-17,1.0000000000000002,0,5804,0,46,0,originally_observed_only,93,24,False,8017066
imputation,RFECA_SVR(k=10),0.0,8,3,,,3.042303350498382e-15,1.2717899234498833e-16,2.849796645830715e-17,0.9999999999999996,0,5804,0,46,0,originally_observed_only,94,23,False,8017066
imputation,RFECA_SVR(k=10),0.0,8,4,,,1.7681126080926102e-15,7.40518428027331e-17,1.1928436554835417e-17,1.0,0,5804,0,46,0,originally_observed_only,94,23,False,8017066
imputation,RFECA_SVR(k=10),0.0,8,5,,,2.7509574530887846e-15,9.990578155873985e-17,2.0439954646645394e-17,1.0,0,5804,0,46,0,originally_observed_only,94,23,False,8017066
imputation,RFECA_SVR(k=20),0.0,8,1,,,3.172432172031703e-15,1.374333113439781e-16,3.470739143930617e-17,1.0000000000000002,0,5804,0,46,0,originally_observed_only,93,24,False,8017066
imputation,RFECA_SVR(k=20),0.0,8,2,,,2.597144534933734e-15,1.1138546592537489e-16,2.403025695096872e-17,1.0000000000000002,0,5804,0,46,0,originally_observed_only,93,24,False,8017066
imputation,RFECA_SVR(k=20),0.0,8,3,,,3.042303350498382e-15,1.2717899234498833e-16,2.849796645830715e-17,0.9999999999999996,0,5804,0,46,0,originally_observed_only,94,23,False,8017066
imputation,RFECA_SVR(k=20),0.0,8,4,,,1.7681126080926102e-15,7.40518428027331e-17,1.1928436554835417e-17,1.0,0,5804,0,46,0,originally_observed_only,94,23,False,8017066
imputation,RFECA_SVR(k=20),0.0,8,5,,,2.7509574530887846e-15,9.990578155873985e-17,2.0439954646645394e-17,1.0,0,5804,0,46,0,originally_observed_only,94,23,False,8017066
imputation,RFECA_SVR(k=5),0.0,9,1,,,3.172432172031703e-15,1.374333113439781e-16,3.470739143930617e-17,1.0000000000000002,0,5804,0,46,0,originally_observed_only,93,24,False,9017069
imputation,RFECA_SVR(k=5),0.0,9,2,,,2.597144534933734e-15,1.1138546592537489e-16,2.403025695096872e-17,1.0000000000000002,0,5804,0,46,0,originally_observed_only,93,24,False,9017069
imputation,RFECA_SVR(k=5),0.0,9,3,,,3.042303350498382e-15,1.2717899234498833e-16,2.849796645830715e-17,0.9999999999999996,0,5804,0,46,0,originally_observed_only,94,23,False,9017069
imputation,RFECA_SVR(k=5),0.0,9,4,,,1.7681126080926102e-15,7.40518428027331e-17,1.1928436554835417e-17,1.0,0,5804,0,46,0,originally_observed_only,94,23,False,9017069
imputation,RFECA_SVR(k=5),0.0,9,5,,,2.7509574530887846e-15,9.990578155873985e-17,2.0439954646645394e-17,1.0,0,5804,0,46,0,originally_observed_only,94,23,False,9017069
imputation,RFECA_SVR(k=10),0.0,9,1,,,3.172432172031703e-15,1.374333113439781e-16,3.470739143930617e-17,1.0000000000000002,0,5804,0,46,0,originally_observed_only,93,24,False,9017069
imputation,RFECA_SVR(k=10),0.0,9,2,,,2.597144534933734e-15,1.1138546592537489e-16,2.403025695096872e-17,1.0000000000000002,0,5804,0,46,0,originally_observed_only,93,24,False,9017069
imputation,RFECA_SVR(k=10),0.0,9,3,,,3.042303350498382e-15,1.2717899234498833e-16,2.849796645830715e-17,0.9999999999999996,0,5804,0,46,0,originally_observed_only,94,23,False,9017069
imputation,RFECA_SVR(k=10),0.0,9,4,,,1.7681126080926102e-15,7.40518428027331e-17,1.1928436554835417e-17,1.0,0,5804,0,46,0,originally_observed_only,94,23,False,9017069
imputation,RFECA_SVR(k=10),0.0,9,5,,,2.7509574530887846e-15,9.990578155873985e-17,2.0439954646645394e-17,1.0,0,5804,0,46,0,originally_observed_only,94,23,False,9017069
imputation,RFECA_SVR(k=20),0.0,9,1,,,3.172432172031703e-15,1.374333113439781e-16,3.470739143930617e-17,1.0000000000000002,0,5804,0,46,0,originally_observed_only,93,24,False,9017069
imputation,RFECA_SVR(k=20),0.0,9,2,,,2.597144534933734e-15,1.1138546592537489e-16,2.403025695096872e-17,1.0000000000000002,0,5804,0,46,0,originally_observed_only,93,24,False,9017069
imputation,RFECA_SVR(k=20),0.0,9,3,,,3.042303350498382e-15,1.2717899234498833e-16,2.849796645830715e-17,0.9999999999999996,0,5804,0,46,0,originally_observed_only,94,23,False,9017069
imputation,RFECA_SVR(k=20),0.0,9,4,,,1.7681126080926102e-15,7.40518428027331e-17,1.1928436554835417e-17,1.0,0,5804,0,46,0,originally_observed_only,94,23,False,9017069
imputation,RFECA_SVR(k=20),0.0,9,5,,,2.7509574530887846e-15,9.990578155873985e-17,2.0439954646645394e-17,1.0,0,5804,0,46,0,originally_observed_only,94,23,False,9017069
imputation,RFECA_SVR(k=5),0.05,0,1,1.6926527422248985,1.2212676831285973,1.8746972745418826,0.0812139835421033,0.020897764100253045,0.9967183514063812,38,5804,290,46,0,originally_observed_only,93,24,False,67042
imputation,RFECA_SVR(k=5),0.05,0,2,2.0577960404335314,1.2761721227766638,1.7453981000048147,0.07485604978055668,0.021195501009830274,0.9972437783785696,54,5804,290,46,0,originally_observed_only,93,24,False,67042
imputation,RFECA_SVR(k=5),0.05,0,3,2.960371811606924,1.6011915080645969,3.1989075516510352,0.13372559937427209,0.03824439055576312,0.991137896734897,55,5804,290,46,0,originally_observed_only,94,23,False,67042
imputation,RFECA_SVR(k=5),0.05,0,4,2.3240668277560563,1.483016799859304,3.9512013288641326,0.16548365661089806,0.04718208921087972,0.9867771528055651,79,5804,290,46,0,originally_observed_only,94,23,False,67042
imputation,RFECA_SVR(k=5),0.05,0,5,2.5829913117217673,1.552474485898189,2.766641199561054,0.10047536395897722,0.03164407064092507,0.9950781914278077,64,5804,290,46,0,originally_observed_only,94,23,False,67042
imputation,RFECA_SVR(k=10),0.05,0,1,1.8625792866139423,1.3218965080198841,2.2251720930489394,0.09639694482800441,0.023767396805703108,0.9953910565833474,38,5804,290,46,0,originally_observed_only,93,24,False,67042
imputation,RFECA_SVR(k=10),0.05,0,2,2.010318132298431,1.2702344416029818,1.788074379211618,0.0766863357655962,0.022141090906562768,0.9971392160989188,54,5804,290,46,0,originally_observed_only,93,24,False,67042
imputation,RFECA_SVR(k=10),0.05,0,3,2.9707377458916007,1.6361343776260897,3.199790493546688,0.13376250945444865,0.039094869320262245,0.9911903663586139,55,5804,290,46,0,originally_observed_only,94,23,False,67042
imputation,RFECA_SVR(k=10),0.05,0,4,2.6635901612768733,1.7788524374376504,4.281133864858421,0.17930184453576828,0.054555767517082895,0.9849050747994808,79,5804,290,46,0,originally_observed_only,94,23,False,67042
imputation,RFECA_SVR(k=10),0.05,0,5,2.520668393790512,1.4953671379412001,2.7611029412716532,0.100274232522991,0.030333928266616322,0.9951685757191328,64,5804,290,46,0,originally_observed_only,94,23,False,67042
imputation,RFECA_SVR(k=20),0.05,0,1,2.0218980179304276,1.410340461808438,2.584885630867902,0.11198013777175043,0.025534476847949093,0.9937696247082614,38,5804,290,46,0,originally_observed_only,93,24,False,67042
imputation,RFECA_SVR(k=20),0.05,0,2,2.42750170410671,1.5812339352473348,2.358104491644387,0.10113359652093103,0.029919083184876124,0.9949698215864381,54,5804,290,46,0,originally_observed_only,93,24,False,67042
imputation,RFECA_SVR(k=20),0.05,0,3,3.007496904423821,1.6353048724541093,2.967234073632416,0.12404083224457739,0.036812589781649356,0.992379461279807,55,5804,290,46,0,originally_observed_only,94,23,False,67042
imputation,RFECA_SVR(k=20),0.05,0,4,2.396750875507643,1.5806257282149894,3.22888911477261,0.13523187836578873,0.04515380277234412,0.991184204680847,79,5804,290,46,0,originally_observed_only,94,23,False,67042
imputation,RFECA_SVR(k=20),0.05,0,5,2.5837840557513148,1.6199953177718305,2.6806761129420886,0.09735339304089217,0.03181708470856034,0.995364261106235,64,5804,290,46,0,originally_observed_only,94,23,False,67042
imputation,RFECA_SVR(k=5),0.05,1,1,1.700477938948841,1.231233050320109,1.6289828480721333,0.07056935965622921,0.019826745953324534,0.9975070413713749,40,5804,290,46,0,originally_observed_only,93,24,False,1067045
imputation,RFECA_SVR(k=5),0.05,1,2,2.1022502742820466,1.3335390777136233,2.0871766411686075,0.08951413351011521,0.025643946285490226,0.9959949605690153,56,5804,290,46,0,originally_observed_only,93,24,False,1067045
imputation,RFECA_SVR(k=5),0.05,1,3,2.1235167624236913,1.435167148638331,2.0976039139964024,0.08768722950565211,0.027743192201572463,0.9961737572484843,50,5804,290,46,0,originally_observed_only,94,23,False,1067045
imputation,RFECA_SVR(k=5),0.05,1,4,2.408050568186612,1.5936985339996539,3.0074536159897547,0.12595774804639567,0.041100924982576,0.9921414626745036,86,5804,290,46,0,originally_observed_only,94,23,False,1067045
imputation,RFECA_SVR(k=5),0.05,1,5,1.7555765472332245,1.2527269729701047,2.3758882092285702,0.08628449275820713,0.028545323158379238,0.9963556369688378,58,5804,290,46,0,originally_observed_only,94,23,False,1067045
imputation,RFECA_SVR(k=10),0.05,1,1,1.683362853745019,1.1439651952438505,1.5612034086366458,0.06763307850110147,0.018059535920310822,0.9977121563167239,40,5804,290,46,0,originally_observed_only,93,24,False,1067045
imputation,RFECA_SVR(k=10),0.05,1,2,2.32552012032721,1.4547441871189994,2.2542928620667944,0.09668135808235387,0.027378657017060125,0.9953298103366085,56,5804,290,46,0,originally_observed_only,93,24,False,1067045
imputation,RFECA_SVR(k=10),0.05,1,3,2.0144383683817453,1.3563347651090816,1.9646897716882192,0.08213095035144351,0.025720913430054674,0.9966637404241125,50,5804,290,46,0,originally_observed_only,94,23,False,1067045
imputation,RFECA_SVR(k=10),0.05,1,4,2.690737571550706,1.8188345328971531,3.4652065250117046,0.14512929080121761,0.0464591366848031,0.9897007936380913,86,5804,290,46,0,originally_observed_only,94,23,False,1067045
imputation,RFECA_SVR(k=10),0.05,1,5,1.8227443418271148,1.2843700459245657,2.537828026703722,0.09216561753248133,0.02864673198480602,0.9958640233457853,58,5804,290,46,0,originally_observed_only,94,23,False,1067045
imputation,RFECA_SVR(k=20),0.05,1,1,1.8784461712774254,1.2941451902691992,1.69848284142058,0.07358017713200345,0.020212337281557004,0.9972893053987363,40,5804,290,46,0,originally_observed_only,93,24,False,1067045
imputation,RFECA_SVR(k=20),0.05,1,2,2.771757271421263,1.6353209748213964,2.700625133637562,0.1158235072225862,0.03194428157962532,0.9932755842054132,56,5804,290,46,0,originally_observed_only,93,24,False,1067045
imputation,RFECA_SVR(k=20),0.05,1,3,1.9892132076925995,1.3724458947509564,2.134344588979213,0.08922311908800526,0.028282722739303195,0.9960173633229816,50,5804,290,46,0,originally_observed_only,94,23,False,1067045
imputation,RFECA_SVR(k=20),0.05,1,4,2.782076166442599,1.999137076485872,4.207142700165654,0.17620295701494984,0.05439318514257758,0.9844126263753809,86,5804,290,46,0,originally_observed_only,94,23,False,1067045
imputation,RFECA_SVR(k=20),0.05,1,5,1.9315873518834032,1.3158578831798144,2.794594125504208,0.10149052284850085,0.03134895798988622,0.9950829756184938,58,5804,290,46,0,originally_observed_only,94,23,False,1067045
imputation,RFECA_SVR(k=5),0.05,2,1,2.180887155616698,1.1474249593262762,1.9285816420719832,0.08354831463501836,0.0225693539516232,0.9965093659620037,39,5804,290,46,0,originally_observed_only,93,24,False,2067048
imputation,RFECA_SVR(k=5),0.05,2,2,2.1007980514818665,1.4123013084524103,2.931350987053601,0.1257188004333012,0.034352533868217384,0.9923966091509431,61,5804,290,46,0,originally_observed_only,93,24,False,2067048
imputation,RFECA_SVR(k=5),0.05,2,3,2.02571124586286,1.4247374516406517,2.9516212695923016,0.1233881620612519,0.031252827954849474,0.9927229951489055,43,5804,290,46,0,originally_observed_only,94,23,False,2067048
imputation,RFECA_SVR(k=5),0.05,2,4,2.54037847762182,1.832306135187256,3.7157089343208285,0.15562079736644513,0.04978199875224226,0.9880044272793872,72,5804,290,46,0,originally_observed_only,94,23,False,2067048
imputation,RFECA_SVR(k=5),0.05,2,5,1.5925635474831166,1.0497902827332353,2.486271248779715,0.09029324390221491,0.03189991408295539,0.9959303605921993,75,5804,290,46,0,originally_observed_only,94,23,False,2067048
imputation,RFECA_SVR(k=10),0.05,2,1,2.1966808076883284,1.2446442059384613,1.9033033755114483,0.08245323184362642,0.023250054952747866,0.9965953447009341,39,5804,290,46,0,originally_observed_only,93,24,False,2067048
imputation,RFECA_SVR(k=10),0.05,2,2,2.0217533771580114,1.3759004663905394,2.993112918076038,0.1283676254682007,0.03483697853170383,0.9920135617214588,61,5804,290,46,0,originally_observed_only,93,24,False,2067048
imputation,RFECA_SVR(k=10),0.05,2,3,2.044931714729072,1.5525088082886058,2.9187515873135674,0.12201409360413222,0.03264927969391306,0.9929467796684259,43,5804,290,46,0,originally_observed_only,94,23,False,2067048
imputation,RFECA_SVR(k=10),0.05,2,4,2.7230284752296527,1.905013893405168,4.3107608262813155,0.18054267675424196,0.05678330608227983,0.9844435344569962,72,5804,290,46,0,originally_observed_only,94,23,False,2067048
imputation,RFECA_SVR(k=10),0.05,2,5,1.6320720269044877,1.107676382520451,2.4461390658511384,0.08883577421411197,0.03153232849516503,0.9961271882307907,75,5804,290,46,0,originally_observed_only,94,23,False,2067048
imputation,RFECA_SVR(k=20),0.05,2,1,2.083333977240953,1.1191575480907339,1.7418265368740642,0.07545787451654433,0.021142078884089994,0.9971498023261739,39,5804,290,46,0,originally_observed_only,93,24,False,2067048
imputation,RFECA_SVR(k=20),0.05,2,2,1.9408066778088193,1.26819096224955,2.867873978746899,0.12299641973762253,0.03261152473267798,0.9926654060724341,61,5804,290,46,0,originally_observed_only,93,24,False,2067048
imputation,RFECA_SVR(k=20),0.05,2,3,2.0028113890788077,1.5347370710228716,2.6443624686677354,0.1105436622896186,0.031217543183462884,0.994185953764541,43,5804,290,46,0,originally_observed_only,94,23,False,2067048
imputation,RFECA_SVR(k=20),0.05,2,4,2.9730708975676046,2.068484331038646,4.6386034351531285,0.1942733346462204,0.0589452244904514,0.9812041742035289,72,5804,290,46,0,originally_observed_only,94,23,False,2067048
imputation,RFECA_SVR(k=20),0.05,2,5,1.7433304736978292,1.1383114152905267,2.544479023842032,0.09240716000581246,0.03181945727544065,0.9957767523964208,75,5804,290,46,0,originally_observed_only,94,23,False,2067048
imputation,RFECA_SVR(k=5),0.05,3,1,1.0100068196983976,0.7323739746837706,1.2285485105729548,0.053222096107612596,0.012922085646183535,0.998582773264991,33,5804,290,46,0,originally_observed_only,93,24,False,3067051
imputation,RFECA_SVR(k=5),0.05,3,2,1.6364926322659061,1.1830939957518964,2.214899874400308,0.09499188480645239,0.02421431721224224,0.9955359630809388,48,5804,290,46,0,originally_observed_only,93,24,False,3067051
imputation,RFECA_SVR(k=5),0.05,3,3,1.4163593264161256,1.123006332084882,2.5536359675705707,0.10675097508548635,0.031941986612900895,0.9944451075060093,59,5804,290,46,0,originally_observed_only,94,23,False,3067051
imputation,RFECA_SVR(k=5),0.05,3,4,2.415692833159387,1.7357908278718845,3.4229140732559236,0.14335800430349857,0.047328055129896456,0.989711776558243,80,5804,290,46,0,originally_observed_only,94,23,False,3067051
imputation,RFECA_SVR(k=5),0.05,3,5,1.447452599946065,1.0808663278419126,2.528997491971939,0.09184492137886768,0.03182047127413915,0.9957800409872953,70,5804,290,46,0,originally_observed_only,94,23,False,3067051
imputation,RFECA_SVR(k=10),0.05,3,1,1.3712692516724752,1.0378882974038839,1.4091980112867648,0.06104803460824104,0.016232896112884785,0.9981356829802691,33,5804,290,46,0,originally_observed_only,93,24,False,3067051
imputation,RFECA_SVR(k=10),0.05,3,2,1.6103407027414178,1.1393519788625144,1.9798188970740673,0.08490981049850714,0.022371823083240244,0.9964241728339429,48,5804,290,46,0,originally_observed_only,93,24,False,3067051
imputation,RFECA_SVR(k=10),0.05,3,3,1.5780130362016311,1.216550794513762,2.728286098602276,0.11405196552547445,0.03436959171943927,0.9937093782526357,59,5804,290,46,0,originally_observed_only,94,23,False,3067051
imputation,RFECA_SVR(k=10),0.05,3,4,2.5484291219164326,1.7480794323420767,3.676731578707635,0.15398835325766852,0.04761341603069833,0.9883698777836425,80,5804,290,46,0,originally_observed_only,94,23,False,3067051
imputation,RFECA_SVR(k=10),0.05,3,5,1.5481151102950799,1.1848114955934133,2.6011233970885472,0.094464298466367,0.0339606639756559,0.9955449708896912,70,5804,290,46,0,originally_observed_only,94,23,False,3067051
imputation,RFECA_SVR(k=20),0.05,3,1,1.4377939087667033,1.0628859884733337,1.4335003369082928,0.062100838546169594,0.016365440700639364,0.9980703313069352,33,5804,290,46,0,originally_observed_only,93,24,False,3067051
imputation,RFECA_SVR(k=20),0.05,3,2,1.5670815446849011,1.156645494862354,1.928204157309271,0.08269617480746713,0.022796538585385252,0.9966215117471448,48,5804,290,46,0,originally_observed_only,93,24,False,3067051
imputation,RFECA_SVR(k=20),0.05,3,3,1.735530430094323,1.3017978602708167,2.6102445020956604,0.10911741115368712,0.034488641764429534,0.9942199073002229,59,5804,290,46,0,originally_observed_only,94,23,False,3067051
imputation,RFECA_SVR(k=20),0.05,3,4,2.5778606657988306,1.8109065585491937,3.8390069950376895,0.16078474935021414,0.05187666272788791,0.9869895039048052,80,5804,290,46,0,originally_observed_only,94,23,False,3067051
imputation,RFECA_SVR(k=20),0.05,3,5,1.507017229039204,1.110815987891344,2.767438170183688,0.10050430732661972,0.03357272530213033,0.9949613589963547,70,5804,290,46,0,originally_observed_only,94,23,False,3067051
imputation,RFECA_SVR(k=5),0.05,4,1,1.5433701790050456,1.0242357277669245,1.7276905138263383,0.07484548618124398,0.015962126522081593,0.9971976642701762,34,5804,290,46,0,originally_observed_only,93,24,False,4067054
imputation,RFECA_SVR(k=5),0.05,4,2,1.582246862831296,1.1273937050154146,1.9609516833299512,0.0841006397475787,0.024420924076087844,0.9965166587106944,58,5804,290,46,0,originally_observed_only,93,24,False,4067054
imputation,RFECA_SVR(k=5),0.05,4,3,1.4477566078518265,0.9835415565142949,2.0703540653941976,0.0865480898842813,0.021663757540167597,0.9962823438180733,47,5804,290,46,0,originally_observed_only,94,23,False,4067054
imputation,RFECA_SVR(k=5),0.05,4,4,2.213721310763501,1.6187881241241577,2.754088028187665,0.1153463262434696,0.03733010321083999,0.9933780339558396,74,5804,290,46,0,originally_observed_only,94,23,False,4067054
imputation,RFECA_SVR(k=5),0.05,4,5,2.4066493354236753,1.381134300561582,2.9563488438543915,0.10736492542766259,0.03869808912875227,0.9946700327068061,77,5804,290,46,0,originally_observed_only,94,23,False,4067054
imputation,RFECA_SVR(k=10),0.05,4,1,1.5856040544508807,1.0863358152382627,1.8289297239277884,0.0792312820399401,0.017280595405181027,0.9968583017999374,34,5804,290,46,0,originally_observed_only,93,24,False,4067054
imputation,RFECA_SVR(k=10),0.05,4,2,1.5921373327392445,1.181739471397978,2.0849330022556116,0.08941790907503627,0.026040623817860365,0.9960968751289648,58,5804,290,46,0,originally_observed_only,93,24,False,4067054
imputation,RFECA_SVR(k=10),0.05,4,3,1.2986700240148175,0.9202007257229747,1.842416574896137,0.0770195001877805,0.01934025537488684,0.9970644909545208,47,5804,290,46,0,originally_observed_only,94,23,False,4067054
imputation,RFECA_SVR(k=10),0.05,4,4,2.6374859568980047,1.9049410233046002,3.1620322624724424,0.13243178911007192,0.04378786374877329,0.9912481475469439,74,5804,290,46,0,originally_observed_only,94,23,False,4067054
imputation,RFECA_SVR(k=10),0.05,4,5,2.3907048746799187,1.38554877064239,2.8959939033341198,0.105173031293917,0.03625673948871531,0.9949496978503257,77,5804,290,46,0,originally_observed_only,94,23,False,4067054
imputation,RFECA_SVR(k=20),0.05,4,1,1.7531642324234231,1.2791529613991024,1.9549360369785362,0.08469001651044564,0.020075988952827084,0.9964097509169751,34,5804,290,46,0,originally_observed_only,93,24,False,4067054
imputation,RFECA_SVR(k=20),0.05,4,2,1.8463877131824769,1.3693439648288568,2.374087283828104,0.10181906116497602,0.029968702672981025,0.9949255364611937,58,5804,290,46,0,originally_observed_only,93,24,False,4067054
imputation,RFECA_SVR(k=20),0.05,4,3,1.3679676384632213,0.9392046071030984,1.9246368414371902,0.08045659683605344,0.01982910038774627,0.9967899290476953,47,5804,290,46,0,originally_observed_only,94,23,False,4067054
imputation,RFECA_SVR(k=20),0.05,4,4,2.8897321421697315,2.0273640926456618,3.5048232824285526,0.14678851424612663,0.047897789944039613,0.9891794715326951,74,5804,290,46,0,originally_observed_only,94,23,False,4067054
imputation,RFECA_SVR(k=20),0.05,4,5,2.5101740207661236,1.484489777827301,3.1277460179848062,0.11358951047867168,0.03981053571108566,0.9940795119497764,77,5804,290,46,0,originally_observed_only,94,23,False,4067054
imputation,RFECA_SVR(k=5),0.05,5,1,1.1563780187957404,0.8683472794369852,1.3609339677778067,0.05895718224053291,0.017078143362611445,0.9982627652812751,42,5804,290,46,0,originally_observed_only,93,24,False,5067057
imputation,RFECA_SVR(k=5),0.05,5,2,1.4771191986926613,1.108859598717316,2.1082731642733377,0.09041891413507405,0.026950238599828275,0.99590747653982,65,5804,290,46,0,originally_observed_only,93,24,False,5067057
imputation,RFECA_SVR(k=5),0.05,5,3,1.5204168819568462,1.1277006118436101,2.493635481610335,0.10424274350385189,0.02845298327758485,0.9945982803075201,47,5804,290,46,0,originally_observed_only,94,23,False,5067057
imputation,RFECA_SVR(k=5),0.05,5,4,3.2502770742860014,2.147841578433305,3.10729223982227,0.13013917520428595,0.04507593823473057,0.9915137066531126,75,5804,290,46,0,originally_observed_only,94,23,False,5067057
imputation,RFECA_SVR(k=5),0.05,5,5,1.803680767456974,1.2219821888267137,2.3258599931699044,0.08446763149787806,0.02850886675954191,0.9964358386692722,61,5804,290,46,0,originally_observed_only,94,23,False,5067057
imputation,RFECA_SVR(k=10),0.05,5,1,1.099243805814732,0.7891492423395468,1.319926259705681,0.05718068244310143,0.016088146314937643,0.9983646560615899,42,5804,290,46,0,originally_observed_only,93,24,False,5067057
imputation,RFECA_SVR(k=10),0.05,5,2,1.4547156941642707,1.091382494162872,1.8259551505569922,0.07831095361383804,0.024352013420701868,0.9969354265429459,65,5804,290,46,0,originally_observed_only,93,24,False,5067057
imputation,RFECA_SVR(k=10),0.05,5,3,1.5011192343492563,1.0637434522113454,2.6131069410976986,0.10923707118294375,0.027974887071921965,0.9940736931117701,47,5804,290,46,0,originally_observed_only,94,23,False,5067057
imputation,RFECA_SVR(k=10),0.05,5,4,3.17650228484302,2.096409714627753,3.139541932534304,0.13148985228459037,0.04575448280475363,0.9913245553788471,75,5804,290,46,0,originally_observed_only,94,23,False,5067057
imputation,RFECA_SVR(k=10),0.05,5,5,1.7593901043591507,1.1235600571352145,2.392393967484908,0.08688392793920838,0.027505070115985627,0.9962507531728053,61,5804,290,46,0,originally_observed_only,94,23,False,5067057
imputation,RFECA_SVR(k=20),0.05,5,1,1.0245841896054606,0.7767674144045854,1.1878922014647941,0.05146081930648229,0.015285419810432774,0.9986780917772147,42,5804,290,46,0,originally_observed_only,93,24,False,5067057
imputation,RFECA_SVR(k=20),0.05,5,2,1.406851481939807,0.999860826824254,1.6556168209516553,0.07100554032134117,0.020372861928936302,0.997476065408923,65,5804,290,46,0,originally_observed_only,93,24,False,5067057
imputation,RFECA_SVR(k=20),0.05,5,3,1.498676186538625,1.1246717770914827,2.931737204284435,0.12255693811734042,0.031169594427064993,0.9925802246173671,47,5804,290,46,0,originally_observed_only,94,23,False,5067057
imputation,RFECA_SVR(k=20),0.05,5,4,3.500403085001411,2.4139552633581456,3.2702688990725055,0.13696494065388162,0.048264686227603784,0.990621413633037,75,5804,290,46,0,originally_observed_only,94,23,False,5067057
imputation,RFECA_SVR(k=20),0.05,5,5,1.7351905451855607,1.1433994192270922,2.3835736946827346,0.08656360446533094,0.02876086300777971,0.9963183282703382,61,5804,290,46,0,originally_observed_only,94,23,False,5067057
imputation,RFECA_SVR(k=5),0.05,6,1,2.3391995043751166,1.1086768089994066,1.7147824498949837,0.07428629440883495,0.017674415065312536,0.9972401543835687,37,5804,290,46,0,originally_observed_only,93,24,False,6067060
imputation,RFECA_SVR(k=5),0.05,6,2,1.4634698158702064,1.029396983837159,2.179922690592391,0.09349179504910597,0.024956993259207406,0.9956667227755694,56,5804,290,46,0,originally_observed_only,93,24,False,6067060
imputation,RFECA_SVR(k=5),0.05,6,3,1.6782442525131327,1.127516269299825,1.9166441393769067,0.08012247374672572,0.022868955595446515,0.9968604858444503,49,5804,290,46,0,originally_observed_only,94,23,False,6067060
imputation,RFECA_SVR(k=5),0.05,6,4,2.1905431251738072,1.520222258589597,3.0935702004487013,0.12956447068717908,0.044780770787138144,0.9916049770209018,79,5804,290,46,0,originally_observed_only,94,23,False,6067060
imputation,RFECA_SVR(k=5),0.05,6,5,1.8220439719817303,1.3078573357588807,2.078649923841323,0.07548976993272317,0.029056752812143413,0.9972012596924695,69,5804,290,46,0,originally_observed_only,94,23,False,6067060
imputation,RFECA_SVR(k=10),0.05,6,1,2.3934543015988115,1.13587009147572,1.7677884832316861,0.0765825750817191,0.018228323985867937,0.9970662175173068,37,5804,290,46,0,originally_observed_only,93,24,False,6067060
imputation,RFECA_SVR(k=10),0.05,6,2,1.6377536890013737,1.2300920340588333,2.4195935042608316,0.10377071672254072,0.02916244848557804,0.9946619606435296,56,5804,290,46,0,originally_observed_only,93,24,False,6067060
imputation,RFECA_SVR(k=10),0.05,6,3,1.6711580683144998,1.165784547471606,1.8909192612639691,0.07904708326139984,0.023348217023946405,0.9969675649037252,49,5804,290,46,0,originally_observed_only,94,23,False,6067060
imputation,RFECA_SVR(k=10),0.05,6,4,2.082432192879842,1.4661662267974926,2.929173509275356,0.12267923166092111,0.042374304506026805,0.9925002536699162,79,5804,290,46,0,originally_observed_only,94,23,False,6067060
imputation,RFECA_SVR(k=10),0.05,6,5,1.7364728721050857,1.2255407535775746,1.8015333391691977,0.06542580149748911,0.025112390046607393,0.9979169289997675,69,5804,290,46,0,originally_observed_only,94,23,False,6067060
imputation,RFECA_SVR(k=20),0.05,6,1,2.36398667302489,1.184262695885345,1.7867827761357886,0.07740542910314219,0.018734755681388673,0.9970045706411206,37,5804,290,46,0,originally_observed_only,93,24,False,6067060
imputation,RFECA_SVR(k=20),0.05,6,2,1.6745373226068658,1.2258747385350761,2.06584612515215,0.0885993174754418,0.026153978406091058,0.9961081009814796,56,5804,290,46,0,originally_observed_only,93,24,False,6067060
imputation,RFECA_SVR(k=20),0.05,6,3,1.5546161364291189,1.1661463469995066,2.0084286975847987,0.08395939146362512,0.024799550896968503,0.9965091553066574,49,5804,290,46,0,originally_observed_only,94,23,False,6067060
imputation,RFECA_SVR(k=20),0.05,6,4,2.6587902555982033,1.903831666548875,4.106370091634344,0.17198241284167337,0.05918006047651677,0.9854408715094606,79,5804,290,46,0,originally_observed_only,94,23,False,6067060
imputation,RFECA_SVR(k=20),0.05,6,5,1.831377854067734,1.3140393866708888,1.8758536831656716,0.06812487343127903,0.027264377682186477,0.9977471978674212,69,5804,290,46,0,originally_observed_only,94,23,False,6067060
imputation,RFECA_SVR(k=5),0.05,7,1,1.76071151575275,1.154702257539559,1.7012632367128167,0.07370062696706252,0.019412595542069207,0.9973245989127265,37,5804,290,46,0,originally_observed_only,93,24,False,7067063
imputation,RFECA_SVR(k=5),0.05,7,2,1.4627024676535874,0.9987108134391897,1.6755214113640478,0.07185920173575862,0.020365044364060714,0.9974624642250998,61,5804,290,46,0,originally_observed_only,93,24,False,7067063
imputation,RFECA_SVR(k=5),0.05,7,3,1.91642117361232,1.2403418766413015,1.6760098744450431,0.07006311417211329,0.019441006609625236,0.9975461774995609,48,5804,290,46,0,originally_observed_only,94,23,False,7067063
imputation,RFECA_SVR(k=5),0.05,7,4,1.7376578523482191,1.2578902831394838,3.0815927050570764,0.1290628309149997,0.04095804905165376,0.9917044113074195,69,5804,290,46,0,originally_observed_only,94,23,False,7067063
imputation,RFECA_SVR(k=5),0.05,7,5,1.7151838901017384,1.140785534445268,2.3184738327864993,0.08419939029880254,0.030637322302728923,0.9964922802867903,75,5804,290,46,0,originally_observed_only,94,23,False,7067063
imputation,RFECA_SVR(k=10),0.05,7,1,1.986811023014978,1.4055875062631018,1.9704770480871152,0.08536327050059091,0.023202293593705386,0.9964104509187016,37,5804,290,46,0,originally_observed_only,93,24,False,7067063
imputation,RFECA_SVR(k=10),0.05,7,2,1.3521125160566154,0.9651420063201234,1.7490029883524858,0.07501065502597656,0.02115501391390067,0.9972282455874256,61,5804,290,46,0,originally_observed_only,93,24,False,7067063
imputation,RFECA_SVR(k=10),0.05,7,3,2.013318326075258,1.265286510439094,1.691167662488354,0.0706967630846096,0.0194143979266286,0.9975006786148315,48,5804,290,46,0,originally_observed_only,94,23,False,7067063
imputation,RFECA_SVR(k=10),0.05,7,4,2.548417942337573,1.5797874803702698,4.087935256275815,0.17121032766801653,0.05183894999786187,0.9863547412518402,69,5804,290,46,0,originally_observed_only,94,23,False,7067063
imputation,RFECA_SVR(k=10),0.05,7,5,1.6869952372696133,1.1762074343509041,2.4310801599397984,0.08828888398038526,0.032254457004432406,0.9961382849363125,75,5804,290,46,0,originally_observed_only,94,23,False,7067063
imputation,RFECA_SVR(k=20),0.05,7,1,2.1436644630459876,1.5018938903107826,2.054541725408067,0.08900504638255796,0.023994395682891453,0.9960450677476744,37,5804,290,46,0,originally_observed_only,93,24,False,7067063
imputation,RFECA_SVR(k=20),0.05,7,2,1.5877618856167304,1.100657383646611,1.8836560613177218,0.08078561097038994,0.023454733363145484,0.9967614903053064,61,5804,290,46,0,originally_observed_only,93,24,False,7067063
imputation,RFECA_SVR(k=20),0.05,7,3,2.0445518254423107,1.3649223047319718,1.9566635448933842,0.08179542581016716,0.022985718806044296,0.9966682238875605,48,5804,290,46,0,originally_observed_only,94,23,False,7067063
imputation,RFECA_SVR(k=20),0.05,7,4,2.112121218326806,1.3355963343238781,3.2619913190870102,0.13661826021674917,0.04182832269241487,0.9909999697330443,69,5804,290,46,0,originally_observed_only,94,23,False,7067063
imputation,RFECA_SVR(k=20),0.05,7,5,1.5494240311550593,1.141314821705709,2.2592583957297494,0.08204887920570857,0.03027832310195296,0.996646525707637,75,5804,290,46,0,originally_observed_only,94,23,False,7067063
imputation,RFECA_SVR(k=5),0.05,8,1,1.4968060380269275,1.156735511942662,1.3379792274448088,0.05796275720512398,0.015222303601327881,0.9983336802163667,31,5804,290,46,0,originally_observed_only,93,24,False,8067066
imputation,RFECA_SVR(k=5),0.05,8,2,1.9112035931110622,1.3014291705995173,2.6061890066236657,0.11177336220133537,0.029135467979813496,0.9937979820700927,56,5804,290,46,0,originally_observed_only,93,24,False,8067066
imputation,RFECA_SVR(k=5),0.05,8,3,2.723986127823703,1.5654103376889814,2.4712803217530346,0.1033082191067707,0.028194064365207893,0.9948875104566058,48,5804,290,46,0,originally_observed_only,94,23,False,8067066
imputation,RFECA_SVR(k=5),0.05,8,4,2.885192280010627,2.0254130140629965,3.7930867701840336,0.15886152497142447,0.05517268026768984,0.9873057470389587,85,5804,290,46,0,originally_observed_only,94,23,False,8067066
imputation,RFECA_SVR(k=5),0.05,8,5,1.734626309617678,1.2850293637348298,2.67699103796237,0.09721956316448388,0.03505950481225188,0.9953119074955248,70,5804,290,46,0,originally_observed_only,94,23,False,8067066
imputation,RFECA_SVR(k=10),0.05,8,1,1.3492250682759892,1.064659122151147,1.249237383070261,0.05411836121308755,0.014509906911724645,0.9985515911415166,31,5804,290,46,0,originally_observed_only,93,24,False,8067066
imputation,RFECA_SVR(k=10),0.05,8,2,1.835843461820808,1.249189140882345,2.5622342424229494,0.10988824497960104,0.027829182650702528,0.9940100631639075,56,5804,290,46,0,originally_observed_only,93,24,False,8067066
imputation,RFECA_SVR(k=10),0.05,8,3,2.7399773370788205,1.608263771181129,2.4445595342895685,0.10219119610388325,0.028114907424042285,0.9950102321015839,48,5804,290,46,0,originally_observed_only,94,23,False,8067066
imputation,RFECA_SVR(k=10),0.05,8,4,2.7501566248063694,1.8953134810274124,3.835950002597179,0.1606567168241082,0.054619482885525324,0.9870681825577242,85,5804,290,46,0,originally_observed_only,94,23,False,8067066
imputation,RFECA_SVR(k=10),0.05,8,5,1.5795022681081792,1.1422965062989312,2.044734005200479,0.07425805464200079,0.02797291946781084,0.9972760957393421,70,5804,290,46,0,originally_observed_only,94,23,False,8067066
imputation,RFECA_SVR(k=20),0.05,8,1,1.5627514443282013,1.2987484419912216,1.6703095187480623,0.07235967727054643,0.0189068913049105,0.9973883102299421,31,5804,290,46,0,originally_observed_only,93,24,False,8067066
imputation,RFECA_SVR(k=20),0.05,8,2,1.8922931063181707,1.3961561260972766,2.5124716640743214,0.10775404416772695,0.02944548956742906,0.9942625700858734,56,5804,290,46,0,originally_observed_only,93,24,False,8067066
imputation,RFECA_SVR(k=20),0.05,8,3,2.8432453659974866,1.588963866291204,2.4574799950672657,0.1027313168587946,0.02759882249840745,0.9949499451157442,48,5804,290,46,0,originally_observed_only,94,23,False,8067066
imputation,RFECA_SVR(k=20),0.05,8,4,3.3300153203823193,2.209326183588432,4.672360029130735,0.19568712355273243,0.06576596564718078,0.9806916929983498,85,5804,290,46,0,originally_observed_only,94,23,False,8067066
imputation,RFECA_SVR(k=20),0.05,8,5,1.7332032427288364,1.2600790299250315,2.503026954012829,0.09090175634031261,0.03269748924317759,0.9959061114464727,70,5804,290,46,0,originally_observed_only,94,23,False,8067066
imputation,RFECA_SVR(k=5),0.05,9,1,2.058736392930616,1.4125070707805643,1.9566164091219393,0.08476281211187536,0.023597197294038558,0.9964616181545456,40,5804,290,46,0,originally_observed_only,93,24,False,9067069
imputation,RFECA_SVR(k=5),0.05,9,2,1.832756931840678,1.1662630674716854,1.9634585081527742,0.08420815161190803,0.023861676249869585,0.996577884620682,58,5804,290,46,0,originally_observed_only,93,24,False,9067069
imputation,RFECA_SVR(k=5),0.05,9,3,1.8826661179656532,1.2505766642379161,2.2840478273255664,0.09548124157291522,0.028785372700874425,0.9955004555798348,55,5804,290,46,0,originally_observed_only,94,23,False,9067069
imputation,RFECA_SVR(k=5),0.05,9,4,2.271466924173234,1.6906899812604748,3.2414806558118316,0.1357592355111498,0.04341104501121605,0.9908179842534589,75,5804,290,46,0,originally_observed_only,94,23,False,9067069
imputation,RFECA_SVR(k=5),0.05,9,5,1.6689610778159276,1.2138204200127025,2.0739677654202944,0.07531972924528561,0.026695415126068316,0.9973826276003461,62,5804,290,46,0,originally_observed_only,94,23,False,9067069
imputation,RFECA_SVR(k=10),0.05,9,1,1.8765406131586146,1.3893628540894858,1.8410300062140492,0.07975547980765241,0.022894427993289754,0.9968599935280688,40,5804,290,46,0,originally_observed_only,93,24,False,9067069
imputation,RFECA_SVR(k=10),0.05,9,2,1.8585093299797724,1.2192822153045406,1.969706500768423,0.08447611342890797,0.02441175077306134,0.9965499628053254,58,5804,290,46,0,originally_observed_only,93,24,False,9067069
imputation,RFECA_SVR(k=10),0.05,9,3,1.9728709431926315,1.288519448622136,2.300535862644805,0.09617049950549642,0.028879545136452904,0.9954303117173612,55,5804,290,46,0,originally_observed_only,94,23,False,9067069
imputation,RFECA_SVR(k=10),0.05,9,4,2.0661991444782637,1.5184673673362397,3.3473327083675066,0.14019251624243503,0.04092040010365774,0.9904469896716507,75,5804,290,46,0,originally_observed_only,94,23,False,9067069
imputation,RFECA_SVR(k=10),0.05,9,5,1.660512702231349,1.196054157533052,2.130826979608694,0.07738467002651424,0.027952682131181922,0.9973230866387139,62,5804,290,46,0,originally_observed_only,94,23,False,9067069
imputation,RFECA_SVR(k=20),0.05,9,1,1.7809649015480242,1.3432166208501604,1.9347851380315135,0.08381705702111049,0.023094709589510817,0.9965301602558843,40,5804,290,46,0,originally_observed_only,93,24,False,9067069
imputation,RFECA_SVR(k=20),0.05,9,2,1.8210353361453009,1.2767530160758913,1.892600578700694,0.0811692204394738,0.024638869192610043,0.9968195314635665,58,5804,290,46,0,originally_observed_only,93,24,False,9067069
imputation,RFECA_SVR(k=20),0.05,9,3,2.011023476665731,1.398135340055068,2.3178401541036444,0.09689387981884309,0.028849995125517773,0.99531564892691,55,5804,290,46,0,originally_observed_only,94,23,False,9067069
imputation,RFECA_SVR(k=20),0.05,9,4,2.2374348077340556,1.6154647127063042,3.738218882436826,0.156563555837684,0.04423194999674688,0.9880030720225014,75,5804,290,46,0,originally_observed_only,94,23,False,9067069
imputation,RFECA_SVR(k=20),0.05,9,5,1.6464510378286301,1.1755025275552236,2.1552350280909613,0.07827109055519474,0.02718773612459117,0.9972392056696608,62,5804,290,46,0,originally_observed_only,94,23,False,9067069
imputation,RFECA_SVR(k=5),0.1,0,1,2.1681556898875183,1.4374610428279961,2.4017431884146374,0.10404620224560279,0.031013136913684895,0.9947381849781879,71,5804,580,46,0,originally_observed_only,93,24,False,117042
imputation,RFECA_SVR(k=5),0.1,0,2,2.0646819499200517,1.3262685032025772,3.335305902597547,0.14304348370583067,0.04547300666735866,0.9897276012384842,116,5804,580,46,0,originally_observed_only,93,24,False,117042
imputation,RFECA_SVR(k=5),0.1,0,3,1.7414913445157065,1.1869231334600947,3.9240777102131386,0.16404026540830693,0.053851062225827744,0.9874438138547,112,5804,580,46,0,originally_observed_only,94,23,False,117042
imputation,RFECA_SVR(k=5),0.1,0,4,2.183244057739237,1.5638071345350717,4.033346007373281,0.16892402844705767,0.05871258307655086,0.9856668532000116,147,5804,580,46,0,originally_observed_only,94,23,False,117042
imputation,RFECA_SVR(k=5),0.1,0,5,1.9688913196283255,1.404950507411232,3.6329320059604684,0.1319362140616601,0.051358120290092395,0.9915348307741856,134,5804,580,46,0,originally_observed_only,94,23,False,117042
imputation,RFECA_SVR(k=10),0.1,0,1,2.237613960834045,1.506499581922381,2.5431599275613967,0.11017253361739689,0.033489713070722175,0.9940283407636485,71,5804,580,46,0,originally_observed_only,93,24,False,117042
imputation,RFECA_SVR(k=10),0.1,0,2,2.005241210820918,1.286737935065319,3.263280112642728,0.1399544657228691,0.04211064893056182,0.9902312020960276,116,5804,580,46,0,originally_observed_only,93,24,False,117042
imputation,RFECA_SVR(k=10),0.1,0,3,1.8137790751509628,1.2469681928487684,4.133212214317415,0.17278282406610598,0.05760347446731555,0.9863041379695179,112,5804,580,46,0,originally_observed_only,94,23,False,117042
imputation,RFECA_SVR(k=10),0.1,0,4,2.249671857118604,1.5603781413677869,4.182896419178045,0.175187477695348,0.06090040435536715,0.9847340623520108,147,5804,580,46,0,originally_observed_only,94,23,False,117042
imputation,RFECA_SVR(k=10),0.1,0,5,1.9963972902328728,1.4485953077883444,3.675234089586647,0.13347248744949142,0.052954503742975674,0.9916998332187965,134,5804,580,46,0,originally_observed_only,94,23,False,117042
imputation,RFECA_SVR(k=20),0.1,0,1,2.1125614919483158,1.4835334148208255,2.343705806301218,0.10153195791410782,0.03156519266149411,0.9949026777676824,71,5804,580,46,0,originally_observed_only,93,24,False,117042
imputation,RFECA_SVR(k=20),0.1,0,2,2.074651659976261,1.3681868324410071,3.2028996595000305,0.13736488904909486,0.04413620379227682,0.9905486187313995,116,5804,580,46,0,originally_observed_only,93,24,False,117042
imputation,RFECA_SVR(k=20),0.1,0,3,1.793931932385004,1.2361821342424195,3.5557565650874,0.14864314464164508,0.05090402978888753,0.9898439546549067,112,5804,580,46,0,originally_observed_only,94,23,False,117042
imputation,RFECA_SVR(k=20),0.1,0,4,2.6083790642288154,1.8523511807499193,5.124979582637451,0.21464367183609098,0.07560116674939804,0.9769084315426873,147,5804,580,46,0,originally_observed_only,94,23,False,117042
imputation,RFECA_SVR(k=20),0.1,0,5,2.103300577297264,1.542033649968268,3.4538608916271274,0.12543293658930962,0.050424757354139586,0.9923907880974541,134,5804,580,46,0,originally_observed_only,94,23,False,117042
imputation,RFECA_SVR(k=5),0.1,1,1,1.8562040677340594,1.2869440273504278,2.7848467006647937,0.12064267505287739,0.04007384922776983,0.9928962146687127,93,5804,580,46,0,originally_observed_only,93,24,False,1117045
imputation,RFECA_SVR(k=5),0.1,1,2,2.275754805619284,1.488713249446918,3.1947220031981765,0.13701416846150044,0.043789417199329606,0.9910805368415009,109,5804,580,46,0,originally_observed_only,93,24,False,1117045
imputation,RFECA_SVR(k=5),0.1,1,3,1.997303065390216,1.3702187466147246,3.2868924579021157,0.1374036782603725,0.04577061641145212,0.9908429051018917,109,5804,580,46,0,originally_observed_only,94,23,False,1117045
imputation,RFECA_SVR(k=5),0.1,1,4,3.3232366209065654,2.0378045303843173,4.051649059169691,0.16969059428015815,0.06232739911141588,0.9862573262069066,151,5804,580,46,0,originally_observed_only,94,23,False,1117045
imputation,RFECA_SVR(k=5),0.1,1,5,1.8366178004302154,1.3404771935950288,3.640785504045538,0.13222142743828938,0.050490888200666294,0.9916912967363274,118,5804,580,46,0,originally_observed_only,94,23,False,1117045
imputation,RFECA_SVR(k=10),0.1,1,1,1.8948499553674991,1.3095186929177505,3.0198095749072653,0.1308215296662957,0.04118903814551114,0.9916991454593099,93,5804,580,46,0,originally_observed_only,93,24,False,1117045
imputation,RFECA_SVR(k=10),0.1,1,2,2.2425279479673534,1.5040396910711362,3.236486122917753,0.1388053340556197,0.04448383041242061,0.9908599202656515,109,5804,580,46,0,originally_observed_only,93,24,False,1117045
imputation,RFECA_SVR(k=10),0.1,1,3,2.0137853152267455,1.3915783579960428,3.3119526126458365,0.13845128096829898,0.04640770090501287,0.9906928373403825,109,5804,580,46,0,originally_observed_only,94,23,False,1117045
imputation,RFECA_SVR(k=10),0.1,1,4,3.3199264364007157,2.0227907409051373,4.122927571250318,0.17267587086698222,0.06291776598019888,0.9858498850633828,151,5804,580,46,0,originally_observed_only,94,23,False,1117045
imputation,RFECA_SVR(k=10),0.1,1,5,1.7381716115405341,1.2950934194818549,3.2928697444579886,0.11958626441925778,0.0458540612279059,0.993262240634439,118,5804,580,46,0,originally_observed_only,94,23,False,1117045
imputation,RFECA_SVR(k=20),0.1,1,1,1.938383651587849,1.3721592583383824,3.369032481217325,0.14595025671505155,0.045127801960380805,0.9896976796286062,93,5804,580,46,0,originally_observed_only,93,24,False,1117045
imputation,RFECA_SVR(k=20),0.1,1,2,2.200336440714319,1.469036833572438,3.272484521577971,0.1403492213338986,0.04445442502408391,0.9906442728924219,109,5804,580,46,0,originally_observed_only,93,24,False,1117045
imputation,RFECA_SVR(k=20),0.1,1,3,2.0961192524473007,1.3706499554252274,3.277174667283994,0.13699744039509526,0.04490803042622477,0.9908418434011989,109,5804,580,46,0,originally_observed_only,94,23,False,1117045
imputation,RFECA_SVR(k=20),0.1,1,4,3.3518284960317564,2.081171084062872,3.8735687543049484,0.16223226007579283,0.059290373749068814,0.9873863162823199,151,5804,580,46,0,originally_observed_only,94,23,False,1117045
imputation,RFECA_SVR(k=20),0.1,1,5,1.7848243736638465,1.334049930068428,3.232483545851851,0.11739323509401915,0.0455588071993385,0.9934371337629957,118,5804,580,46,0,originally_observed_only,94,23,False,1117045
imputation,RFECA_SVR(k=5),0.1,2,1,1.6931960428823016,1.2361842989467473,3.9687359478124615,0.17193008189941447,0.04786280630936634,0.9854808827887551,90,5804,580,46,0,originally_observed_only,93,24,False,2117048
imputation,RFECA_SVR(k=5),0.1,2,2,1.9618058799573062,1.3644715254525466,3.752260081101207,0.1609256750192021,0.049811435383446324,0.9876310913654429,130,5804,580,46,0,originally_observed_only,93,24,False,2117048
imputation,RFECA_SVR(k=5),0.1,2,3,1.7240593072759816,1.1823117674105137,2.945012768002461,0.1231119034255151,0.0397412910496632,0.992567008879613,101,5804,580,46,0,originally_observed_only,94,23,False,2117048
imputation,RFECA_SVR(k=5),0.1,2,4,2.631420861970593,1.8127110389175813,4.2893955227366085,0.1796478581254488,0.06412003148788605,0.9837309904205804,134,5804,580,46,0,originally_observed_only,94,23,False,2117048
imputation,RFECA_SVR(k=5),0.1,2,5,2.2412922551402694,1.5773884401437062,4.353315875344921,0.15809820119539572,0.060907197793999134,0.9880052725837521,125,5804,580,46,0,originally_observed_only,94,23,False,2117048
imputation,RFECA_SVR(k=10),0.1,2,1,1.7346255564402815,1.2548423528058632,3.855921737208397,0.16704284406761424,0.0458319013691452,0.9863272749902353,90,5804,580,46,0,originally_observed_only,93,24,False,2117048
imputation,RFECA_SVR(k=10),0.1,2,2,1.8484376359402324,1.3086627095152927,3.790256698640638,0.16255526124025768,0.04982151867552025,0.9875313734665585,130,5804,580,46,0,originally_observed_only,93,24,False,2117048
imputation,RFECA_SVR(k=10),0.1,2,3,1.821948784129331,1.2725524288530943,2.987608857729984,0.12489256996177477,0.04257676976648437,0.9924709342674648,101,5804,580,46,0,originally_observed_only,94,23,False,2117048
imputation,RFECA_SVR(k=10),0.1,2,4,2.674021145977553,1.8278375147063275,4.072173623198762,0.17055020117517092,0.060971800776152045,0.9854096094073141,134,5804,580,46,0,originally_observed_only,94,23,False,2117048
imputation,RFECA_SVR(k=10),0.1,2,5,2.360960622071151,1.6091014112690667,4.2495637377204325,0.15433026273232495,0.05866588849911466,0.9886965627598914,125,5804,580,46,0,originally_observed_only,94,23,False,2117048
imputation,RFECA_SVR(k=20),0.1,2,1,1.7663800750648966,1.3319492850554038,4.5050543575623525,0.19516399549935745,0.050959635723061704,0.9813901203325925,90,5804,580,46,0,originally_observed_only,93,24,False,2117048
imputation,RFECA_SVR(k=20),0.1,2,2,1.9782285436654783,1.4190574423659006,3.54284456508587,0.15194433242943892,0.04871572706886595,0.9888759208612705,130,5804,580,46,0,originally_observed_only,93,24,False,2117048
imputation,RFECA_SVR(k=20),0.1,2,3,1.7668240539999696,1.231174717090561,3.1529603070679006,0.13180484276525264,0.04328542771900129,0.9915627046009151,101,5804,580,46,0,originally_observed_only,94,23,False,2117048
imputation,RFECA_SVR(k=20),0.1,2,4,3.296487546998883,2.1867506903457126,4.86920438534574,0.20393133110847386,0.07130909536799951,0.9790207099114562,134,5804,580,46,0,originally_observed_only,94,23,False,2117048
imputation,RFECA_SVR(k=20),0.1,2,5,2.4662322620066464,1.6961911210601677,4.022028990161511,0.14606694453337532,0.059068511499503276,0.9896262981695597,125,5804,580,46,0,originally_observed_only,94,23,False,2117048
imputation,RFECA_SVR(k=5),0.1,3,1,1.8372777931805868,1.3325727573305486,2.199809875182868,0.09529822517212307,0.029756315617985887,0.9954488311488467,69,5804,580,46,0,originally_observed_only,93,24,False,3117051
imputation,RFECA_SVR(k=5),0.1,3,2,2.185837890496688,1.4319289672662228,3.1328471019068487,0.13436049839550354,0.04452903198174819,0.9910197691138594,117,5804,580,46,0,originally_observed_only,93,24,False,3117051
imputation,RFECA_SVR(k=5),0.1,3,3,2.5062579687406594,1.6047116151731349,3.9691288211860916,0.165923560477033,0.053995943423467904,0.9865047833441067,106,5804,580,46,0,originally_observed_only,94,23,False,3117051
imputation,RFECA_SVR(k=5),0.1,3,4,3.054939936582881,1.850903247126175,4.421685680257955,0.18518841583895754,0.067622466356687,0.9828148551339918,157,5804,580,46,0,originally_observed_only,94,23,False,3117051
imputation,RFECA_SVR(k=5),0.1,3,5,1.8544948962646206,1.3216353055987051,3.500145795944648,0.1271138530044368,0.05035806424017692,0.9919685246615007,131,5804,580,46,0,originally_observed_only,94,23,False,3117051
imputation,RFECA_SVR(k=10),0.1,3,1,1.781211874421361,1.2833871347923584,2.140465537916109,0.09272736208102621,0.027919973700557696,0.9956996871434636,69,5804,580,46,0,originally_observed_only,93,24,False,3117051
imputation,RFECA_SVR(k=10),0.1,3,2,2.2895451365259465,1.4490480408658104,3.1300009549073855,0.13423843379518455,0.04425336966126391,0.9910551603181461,117,5804,580,46,0,originally_observed_only,93,24,False,3117051
imputation,RFECA_SVR(k=10),0.1,3,3,2.4529243719073257,1.5528659956471524,4.100702216785257,0.17142379169788388,0.05362424253478992,0.9855333901030182,106,5804,580,46,0,originally_observed_only,94,23,False,3117051
imputation,RFECA_SVR(k=10),0.1,3,4,2.987193820500951,1.8214644705421328,4.529358384140779,0.18969794883226476,0.06989284865033868,0.9821367748396559,157,5804,580,46,0,originally_observed_only,94,23,False,3117051
imputation,RFECA_SVR(k=10),0.1,3,5,1.8232910355464487,1.317552539645383,3.4710412996637743,0.12605687284483844,0.0496606710670445,0.9921596702961333,131,5804,580,46,0,originally_observed_only,94,23,False,3117051
imputation,RFECA_SVR(k=20),0.1,3,1,1.812728388454385,1.3489013103487972,2.4028785720593464,0.1040953883354785,0.03169983025031889,0.9945735575793802,69,5804,580,46,0,originally_observed_only,93,24,False,3117051
imputation,RFECA_SVR(k=20),0.1,3,2,2.3065708241077223,1.4820511522690947,3.357494583339839,0.14399510442216198,0.04715990610710037,0.9896918889853596,117,5804,580,46,0,originally_observed_only,93,24,False,3117051
imputation,RFECA_SVR(k=20),0.1,3,3,2.3534258444412886,1.4951514305593294,3.9150605115496413,0.1636633147535965,0.04976629631233913,0.9867210510823249,106,5804,580,46,0,originally_observed_only,94,23,False,3117051
imputation,RFECA_SVR(k=20),0.1,3,4,3.1685412763894063,2.034054541932604,5.082685799151597,0.21287232956304092,0.0764197514534359,0.9773572514596005,157,5804,580,46,0,originally_observed_only,94,23,False,3117051
imputation,RFECA_SVR(k=20),0.1,3,5,1.8805085366992116,1.2838536409319081,3.3329224164168973,0.12104084652887118,0.04918000805219459,0.9926749330376814,131,5804,580,46,0,originally_observed_only,94,23,False,3117051
imputation,RFECA_SVR(k=5),0.1,4,1,1.601716597715356,1.087896000932463,2.2712320616830004,0.09839231420598067,0.029346900641360456,0.9953700802911903,68,5804,580,46,0,originally_observed_only,93,24,False,4117054
imputation,RFECA_SVR(k=5),0.1,4,2,1.929708782537874,1.4515157986336145,4.034114909955332,0.17301377062302825,0.0567601200437674,0.9857084616461587,131,5804,580,46,0,originally_observed_only,93,24,False,4117054
imputation,RFECA_SVR(k=5),0.1,4,3,2.3161000241429694,1.49398031814871,4.423511045664209,0.1849183373914175,0.057050842327394276,0.983745302618172,110,5804,580,46,0,originally_observed_only,94,23,False,4117054
imputation,RFECA_SVR(k=5),0.1,4,4,3.251428163318785,2.2087353378723327,4.889586744096849,0.20478498218209765,0.07292858101599085,0.9796070605500532,143,5804,580,46,0,originally_observed_only,94,23,False,4117054
imputation,RFECA_SVR(k=5),0.1,4,5,1.8875904527971266,1.3750062350402437,5.335336690429346,0.19376198688128574,0.06255597205498811,0.981780086792937,128,5804,580,46,0,originally_observed_only,94,23,False,4117054
imputation,RFECA_SVR(k=10),0.1,4,1,1.6881252852267055,1.094565453285562,2.274547127479847,0.09853592656554518,0.029548385686703316,0.995389071171262,68,5804,580,46,0,originally_observed_only,93,24,False,4117054
imputation,RFECA_SVR(k=10),0.1,4,2,1.8895046963069573,1.3752104341667948,4.181302141738835,0.1793262873774683,0.05799744658166254,0.9847162369388403,131,5804,580,46,0,originally_observed_only,93,24,False,4117054
imputation,RFECA_SVR(k=10),0.1,4,3,2.3569920949138066,1.4610588315273452,4.641756563313887,0.1940417684963234,0.057419828465389525,0.9825460908196788,110,5804,580,46,0,originally_observed_only,94,23,False,4117054
imputation,RFECA_SVR(k=10),0.1,4,4,3.129313004972706,2.1509201333527206,4.9263817076417915,0.2063260236541687,0.07362507171952806,0.979357208706068,143,5804,580,46,0,originally_observed_only,94,23,False,4117054
imputation,RFECA_SVR(k=10),0.1,4,5,1.8987787228164952,1.3470919333048519,4.7567108767231,0.1727481889094279,0.0579933714131537,0.9856590214430296,128,5804,580,46,0,originally_observed_only,94,23,False,4117054
imputation,RFECA_SVR(k=20),0.1,4,1,2.0198024112848842,1.3158572921000897,2.449287907981577,0.10610589269528722,0.03212593835247481,0.9944857493767897,68,5804,580,46,0,originally_observed_only,93,24,False,4117054
imputation,RFECA_SVR(k=20),0.1,4,2,1.9322082229256388,1.4433299508541864,4.45323083026,0.1909886739955388,0.06108069426303273,0.9819600221756772,131,5804,580,46,0,originally_observed_only,93,24,False,4117054
imputation,RFECA_SVR(k=20),0.1,4,3,2.4186664655605403,1.6139072058650086,4.741365252465231,0.198205762436309,0.061239695364622676,0.9816048771178143,110,5804,580,46,0,originally_observed_only,94,23,False,4117054
imputation,RFECA_SVR(k=20),0.1,4,4,3.3449129873990984,2.3348499378444196,4.95356097938322,0.2074643420787289,0.07442783817986544,0.9789042148131027,143,5804,580,46,0,originally_observed_only,94,23,False,4117054
imputation,RFECA_SVR(k=20),0.1,4,5,2.0180128386832754,1.4258678516356658,4.455197480602912,0.16179820803786074,0.056049663219431986,0.987118750900849,128,5804,580,46,0,originally_observed_only,94,23,False,4117054
imputation,RFECA_SVR(k=5),0.1,5,1,2.03050242293104,1.1624240029332111,2.321086177591383,0.10055205028917252,0.031266566925570345,0.994985550869495,73,5804,580,46,0,originally_observed_only,93,24,False,5117057
imputation,RFECA_SVR(k=5),0.1,5,2,1.9853298454265058,1.3909859030697667,3.8557574511788757,0.16536443560148376,0.054201780700605176,0.9871214804109775,124,5804,580,46,0,originally_observed_only,93,24,False,5117057
imputation,RFECA_SVR(k=5),0.1,5,3,1.8070314269761136,1.2589339090059577,3.8943164031995243,0.1627961379822101,0.05112229981219745,0.9884425512674849,102,5804,580,46,0,originally_observed_only,94,23,False,5117057
imputation,RFECA_SVR(k=5),0.1,5,4,2.992194819593115,1.9159071774217915,3.9969399721442853,0.1673992760158442,0.06270994410234555,0.986164936402548,144,5804,580,46,0,originally_observed_only,94,23,False,5117057
imputation,RFECA_SVR(k=5),0.1,5,5,1.6937065951024588,1.2506906313859314,3.8327642394224446,0.1391934675107206,0.0549539224971606,0.9910289410959532,137,5804,580,46,0,originally_observed_only,94,23,False,5117057
imputation,RFECA_SVR(k=10),0.1,5,1,2.006403251839961,1.2323564653939556,2.3387411490272023,0.10131688340601551,0.03206281630646834,0.9949433401369492,73,5804,580,46,0,originally_observed_only,93,24,False,5117057
imputation,RFECA_SVR(k=10),0.1,5,2,1.9282163578519878,1.345892273233323,4.131360037071355,0.1771843871008928,0.05493541015864879,0.9851811524187238,124,5804,580,46,0,originally_observed_only,93,24,False,5117057
imputation,RFECA_SVR(k=10),0.1,5,3,1.8804260102731771,1.3156391383846897,3.984702029908899,0.16657457543667545,0.05152073956791601,0.9879403656867636,102,5804,580,46,0,originally_observed_only,94,23,False,5117057
imputation,RFECA_SVR(k=10),0.1,5,4,3.0242840338587214,1.938974618036004,3.9903535544880113,0.1671234246007911,0.06256698861462485,0.9863286512810437,144,5804,580,46,0,originally_observed_only,94,23,False,5117057
imputation,RFECA_SVR(k=10),0.1,5,5,1.8640829024994674,1.3064456466341259,4.357416572619585,0.15824712511484823,0.059303363741053806,0.9886969858563419,137,5804,580,46,0,originally_observed_only,94,23,False,5117057
imputation,RFECA_SVR(k=20),0.1,5,1,2.0443454601496494,1.3571434224594519,2.689416805524659,0.11650854521837947,0.03579803454261734,0.9933509430914029,73,5804,580,46,0,originally_observed_only,93,24,False,5117057
imputation,RFECA_SVR(k=20),0.1,5,2,2.1269173752784702,1.5887752734556466,4.246714804327281,0.18213168376639868,0.06013053101459683,0.9841970859221133,124,5804,580,46,0,originally_observed_only,93,24,False,5117057
imputation,RFECA_SVR(k=20),0.1,5,3,1.8767986936724124,1.2950506152877768,3.6944487142174065,0.15444096482602132,0.04911467233685251,0.9893586770728151,102,5804,580,46,0,originally_observed_only,94,23,False,5117057
imputation,RFECA_SVR(k=20),0.1,5,4,3.005773140167372,1.9591891409814097,3.9318597264483057,0.16467359434727624,0.06163200542120475,0.9865615682538524,144,5804,580,46,0,originally_observed_only,94,23,False,5117057
imputation,RFECA_SVR(k=20),0.1,5,5,1.9170375209113477,1.3294788891645999,3.9804242410724373,0.14455599605627975,0.056911815975417855,0.9908761324967188,137,5804,580,46,0,originally_observed_only,94,23,False,5117057
imputation,RFECA_SVR(k=5),0.1,6,1,1.5997607028872842,1.0476165500983623,2.395809394026937,0.1037891436333729,0.03204116048855627,0.9948061317949822,94,5804,580,46,0,originally_observed_only,93,24,False,6117060
imputation,RFECA_SVR(k=5),0.1,6,2,1.909970010264251,1.2114120593564723,2.5699524768684974,0.11021926203632429,0.03663260212063308,0.9941011827316322,109,5804,580,46,0,originally_observed_only,93,24,False,6117060
imputation,RFECA_SVR(k=5),0.1,6,3,1.4600684871250014,1.0593668573772537,3.579256522234501,0.14962552559640063,0.04655163131488809,0.9890422769834171,113,5804,580,46,0,originally_observed_only,94,23,False,6117060
imputation,RFECA_SVR(k=5),0.1,6,4,2.2791951238338988,1.53727024308104,3.8974021838920447,0.16323044841128442,0.05811548929192982,0.9865909625250088,144,5804,580,46,0,originally_observed_only,94,23,False,6117060
imputation,RFECA_SVR(k=5),0.1,6,5,1.5804466520507021,1.0265030695028043,2.7148220003206505,0.09859346004437913,0.035828239622039675,0.9952895597898637,120,5804,580,46,0,originally_observed_only,94,23,False,6117060
imputation,RFECA_SVR(k=10),0.1,6,1,1.638199243799011,1.124918135806732,2.619865689142439,0.11349551303558032,0.03561013266731912,0.9938245881709833,94,5804,580,46,0,originally_observed_only,93,24,False,6117060
imputation,RFECA_SVR(k=10),0.1,6,2,1.9464262999178814,1.196532442689531,2.669104201149963,0.11447164801555787,0.03746489326491282,0.9936274150359085,109,5804,580,46,0,originally_observed_only,93,24,False,6117060
imputation,RFECA_SVR(k=10),0.1,6,3,1.4464023818934244,1.0407592699554964,3.40464717846838,0.14232624020773052,0.04448717421202422,0.9901192493795528,113,5804,580,46,0,originally_observed_only,94,23,False,6117060
imputation,RFECA_SVR(k=10),0.1,6,4,2.4581745474027232,1.648901301351489,3.9630276278023655,0.16597896399454762,0.06032553283784196,0.9861303041842119,144,5804,580,46,0,originally_observed_only,94,23,False,6117060
imputation,RFECA_SVR(k=10),0.1,6,5,1.5138738751118646,1.0298998776478299,2.7077073881162255,0.09833508058744775,0.03621552853848693,0.9953305483162852,120,5804,580,46,0,originally_observed_only,94,23,False,6117060
imputation,RFECA_SVR(k=20),0.1,6,1,1.6233383371868864,1.1627774071481498,2.5417212875896875,0.11011021012412038,0.03517741761737446,0.9941269265112995,94,5804,580,46,0,originally_observed_only,93,24,False,6117060
imputation,RFECA_SVR(k=20),0.1,6,2,2.131812864337229,1.4011963315928593,3.504768970831888,0.15031135908147175,0.04975184003288395,0.988901715635071,109,5804,580,46,0,originally_observed_only,93,24,False,6117060
imputation,RFECA_SVR(k=20),0.1,6,3,1.6834150630983518,1.1998463840130245,3.6702998671098737,0.15343145798610475,0.04678855809590451,0.9884604980645239,113,5804,580,46,0,originally_observed_only,94,23,False,6117060
imputation,RFECA_SVR(k=20),0.1,6,4,2.4000268227270256,1.626106619734961,4.0462768655165435,0.1694655968234985,0.06150673192612444,0.9855742140814658,144,5804,580,46,0,originally_observed_only,94,23,False,6117060
imputation,RFECA_SVR(k=20),0.1,6,5,1.660257285963099,1.1056015059589723,2.846154946279357,0.1033630433019043,0.038789767165281104,0.9947659139996001,120,5804,580,46,0,originally_observed_only,94,23,False,6117060
imputation,RFECA_SVR(k=5),0.1,7,1,1.7216592035930942,1.0697892492971806,2.2021146508405094,0.09539807063243808,0.03081759012103813,0.9954823929104184,93,5804,580,46,0,originally_observed_only,93,24,False,7117063
imputation,RFECA_SVR(k=5),0.1,7,2,1.9267910301373254,1.2047272342226334,3.0532210505585224,0.1309455229446061,0.04308672577639563,0.9920148362180531,123,5804,580,46,0,originally_observed_only,93,24,False,7117063
imputation,RFECA_SVR(k=5),0.1,7,3,2.0216626582548933,1.3259061644974708,3.712592559784122,0.15519944145724218,0.04964328995683964,0.9885666978971478,110,5804,580,46,0,originally_observed_only,94,23,False,7117063
imputation,RFECA_SVR(k=5),0.1,7,4,3.4830927848713347,2.226612214910741,4.712780141684974,0.19737999300416648,0.06974284367456939,0.9804937157750432,133,5804,580,46,0,originally_observed_only,94,23,False,7117063
imputation,RFECA_SVR(k=5),0.1,7,5,1.414964491154599,0.9755571871158889,2.8586365756349155,0.10381633527648335,0.03762367822965906,0.9947847609032503,121,5804,580,46,0,originally_observed_only,94,23,False,7117063
imputation,RFECA_SVR(k=10),0.1,7,1,1.7691379466754111,1.1207951551495063,2.33925028555418,0.10133893977003981,0.032622109408138554,0.994947955895632,93,5804,580,46,0,originally_observed_only,93,24,False,7117063
imputation,RFECA_SVR(k=10),0.1,7,2,1.9635295464789146,1.2579258450112085,3.245559285205651,0.13919446080434716,0.045816828442283186,0.99106023964898,123,5804,580,46,0,originally_observed_only,93,24,False,7117063
imputation,RFECA_SVR(k=10),0.1,7,3,1.9148043113307005,1.2249876432477278,3.6470846426946313,0.152460979862117,0.049243262446838416,0.9891944358511106,110,5804,580,46,0,originally_observed_only,94,23,False,7117063
imputation,RFECA_SVR(k=10),0.1,7,4,3.233281801743971,2.1120013288625583,4.6445160608744365,0.19452096640251337,0.06826000705935628,0.9813563339843963,133,5804,580,46,0,originally_observed_only,94,23,False,7117063
imputation,RFECA_SVR(k=10),0.1,7,5,1.4874827553909082,1.021224669670737,2.960710008209307,0.10752330865997857,0.03957368329240884,0.9945048051402905,121,5804,580,46,0,originally_observed_only,94,23,False,7117063
imputation,RFECA_SVR(k=20),0.1,7,1,2.086639476893179,1.3030385755604286,2.7987315516197575,0.12124418233208147,0.039050497676777984,0.9926495596017195,93,5804,580,46,0,originally_observed_only,93,24,False,7117063
imputation,RFECA_SVR(k=20),0.1,7,2,1.967762881981962,1.2994672884843137,2.935756204483529,0.1259077299246464,0.04138369210696485,0.9921778549035478,123,5804,580,46,0,originally_observed_only,93,24,False,7117063
imputation,RFECA_SVR(k=20),0.1,7,3,2.1034207061220664,1.3151841402939182,3.853906756019311,0.16110687244313948,0.051398398292433554,0.9876576026184248,110,5804,580,46,0,originally_observed_only,94,23,False,7117063
imputation,RFECA_SVR(k=20),0.1,7,4,3.3637326698288197,2.146113503324077,4.609919901676117,0.19307201494387524,0.07067686671771899,0.9814118687335228,133,5804,580,46,0,originally_observed_only,94,23,False,7117063
imputation,RFECA_SVR(k=20),0.1,7,5,1.5051154675497975,1.0472580767790152,2.5236992199317316,0.09165250545891464,0.03405144567231665,0.9959528728940749,121,5804,580,46,0,originally_observed_only,94,23,False,7117063
imputation,RFECA_SVR(k=5),0.1,8,1,1.492592163301158,1.1168306193407749,2.828981905388105,0.1225546615046112,0.03400499972468943,0.9925369083001059,79,5804,580,46,0,originally_observed_only,93,24,False,8117066
imputation,RFECA_SVR(k=5),0.1,8,2,1.9703626528181188,1.2520001017882987,3.179678663083598,0.13636899472349784,0.04137950537928257,0.9907006776072428,112,5804,580,46,0,originally_observed_only,93,24,False,8117066
imputation,RFECA_SVR(k=5),0.1,8,3,2.0936687951774817,1.3994076896960372,3.6427444821766684,0.15227954587027015,0.05144456161834489,0.9885762362914073,121,5804,580,46,0,originally_observed_only,94,23,False,8117066
imputation,RFECA_SVR(k=5),0.1,8,4,3.357240881114444,2.1410984911038775,4.652067637196255,0.19483724045662995,0.06939470391230664,0.9808628282282117,137,5804,580,46,0,originally_observed_only,94,23,False,8117066
imputation,RFECA_SVR(k=5),0.1,8,5,2.0543367000457247,1.257987771798801,3.1916157751201193,0.11590905126161101,0.04264989536970754,0.9933032647579976,131,5804,580,46,0,originally_observed_only,94,23,False,8117066
imputation,RFECA_SVR(k=10),0.1,8,1,1.5500058966128505,1.1452769245015526,2.99447928043036,0.12972419296735227,0.035057139670742074,0.9916601821306119,79,5804,580,46,0,originally_observed_only,93,24,False,8117066
imputation,RFECA_SVR(k=10),0.1,8,2,2.0166170575971125,1.2361845569773546,3.294674065653399,0.14130087907657263,0.041080460868706946,0.9901647375031012,112,5804,580,46,0,originally_observed_only,93,24,False,8117066
imputation,RFECA_SVR(k=10),0.1,8,3,2.12157702119437,1.3883467246249233,3.629123600699936,0.15171014506387864,0.050773026112488163,0.9888580139203723,121,5804,580,46,0,originally_observed_only,94,23,False,8117066
imputation,RFECA_SVR(k=10),0.1,8,4,3.106731105784522,2.0037897981990676,4.111176598156368,0.1721837182697158,0.06195394700696187,0.9850813106859307,137,5804,580,46,0,originally_observed_only,94,23,False,8117066
imputation,RFECA_SVR(k=10),0.1,8,5,2.1556524271081092,1.3062503131677063,3.125044932368273,0.11349141587918095,0.04216753751849272,0.9935891893037466,131,5804,580,46,0,originally_observed_only,94,23,False,8117066
imputation,RFECA_SVR(k=20),0.1,8,1,1.7199263986320692,1.2455448532333537,3.308944234951107,0.14334716665373431,0.03860377312501706,0.9897565308926128,79,5804,580,46,0,originally_observed_only,93,24,False,8117066
imputation,RFECA_SVR(k=20),0.1,8,2,2.1170384669489435,1.3699095081578287,3.4353056090458773,0.1473322376605397,0.04396351232988128,0.9891650132658831,112,5804,580,46,0,originally_observed_only,93,24,False,8117066
imputation,RFECA_SVR(k=20),0.1,8,3,2.297131188385441,1.467127566986668,3.8902853939142217,0.16262762760044489,0.054055633457533496,0.9869613178529207,121,5804,580,46,0,originally_observed_only,94,23,False,8117066
imputation,RFECA_SVR(k=20),0.1,8,4,3.4426723482312274,2.2525185262840584,4.735840552761181,0.19834580588744424,0.06931796874816178,0.9803270505202405,137,5804,580,46,0,originally_observed_only,94,23,False,8117066
imputation,RFECA_SVR(k=20),0.1,8,5,2.1818129178408148,1.355944414213789,3.6865116216152667,0.13388205054546293,0.05024405029648196,0.9910031439743633,131,5804,580,46,0,originally_observed_only,94,23,False,8117066
imputation,RFECA_SVR(k=5),0.1,9,1,2.127840458086899,1.143310669885654,2.30927436278019,0.10004034925524798,0.030167878438136963,0.9951712861764128,80,5804,580,46,0,originally_observed_only,93,24,False,9117069
imputation,RFECA_SVR(k=5),0.1,9,2,2.060156317091822,1.4634977812296739,3.2220912062406275,0.138187969685069,0.04492640076756439,0.9905252808948061,116,5804,580,46,0,originally_observed_only,93,24,False,9117069
imputation,RFECA_SVR(k=5),0.1,9,3,1.977369805007544,1.3086625495472959,2.962502764763502,0.12384304687438319,0.04150960010047468,0.9924681641759334,93,5804,580,46,0,originally_observed_only,94,23,False,9117069
imputation,RFECA_SVR(k=5),0.1,9,4,2.5792521285469268,1.7595109391953752,5.167982613026169,0.21644471868786463,0.07673113389323058,0.9769372632736146,162,5804,580,46,0,originally_observed_only,94,23,False,9117069
imputation,RFECA_SVR(k=5),0.1,9,5,2.093216956652945,1.4879719358880201,3.352037850938391,0.12173505662054689,0.051096275462261455,0.9925681801764501,129,5804,580,46,0,originally_observed_only,94,23,False,9117069
imputation,RFECA_SVR(k=10),0.1,9,1,2.3394692484741824,1.2313077033214328,2.6363063063031595,0.11420773896647846,0.033356506265157175,0.9937344605834164,80,5804,580,46,0,originally_observed_only,93,24,False,9117069
imputation,RFECA_SVR(k=10),0.1,9,2,2.1667086170898138,1.5034850686510235,3.326873813000085,0.14268185106817627,0.04533046217890978,0.990043594536964,116,5804,580,46,0,originally_observed_only,93,24,False,9117069
imputation,RFECA_SVR(k=10),0.1,9,3,2.0189561403440908,1.405299094828788,3.1262774906237727,0.1306894070846738,0.0443944830513181,0.9917333392423023,93,5804,580,46,0,originally_observed_only,94,23,False,9117069
imputation,RFECA_SVR(k=10),0.1,9,4,2.630719527407359,1.8133971529577795,5.224787602904377,0.21882381725976488,0.07918022291912245,0.9765454433389592,162,5804,580,46,0,originally_observed_only,94,23,False,9117069
imputation,RFECA_SVR(k=10),0.1,9,5,2.015870392299431,1.3602054464808617,3.0560180174177,0.11098458398362304,0.04375431499690629,0.9939468167426845,129,5804,580,46,0,originally_observed_only,94,23,False,9117069
imputation,RFECA_SVR(k=20),0.1,9,1,2.170438829262593,1.310868972660396,2.7116493429038147,0.11747168361375115,0.0369542537491142,0.9934614248119958,80,5804,580,46,0,originally_observed_only,93,24,False,9117069
imputation,RFECA_SVR(k=20),0.1,9,2,2.4303200121504633,1.5239874421007331,3.444451353231168,0.14772447727739987,0.04878953343669747,0.9891606259188581,116,5804,580,46,0,originally_observed_only,93,24,False,9117069
imputation,RFECA_SVR(k=20),0.1,9,3,2.0903908848812898,1.5158818837299068,3.5570547745339502,0.14869741436765313,0.04925818273284428,0.9891467074947851,93,5804,580,46,0,originally_observed_only,94,23,False,9117069
imputation,RFECA_SVR(k=20),0.1,9,4,2.754139372856104,1.9125352043358448,5.742946977422549,0.24052529508021622,0.08806864584383499,0.9711494603214701,162,5804,580,46,0,originally_observed_only,94,23,False,9117069
imputation,RFECA_SVR(k=20),0.1,9,5,2.212736964839816,1.4869322922309267,3.152760517834265,0.11449795533846228,0.04649334452988473,0.9934828679394112,129,5804,580,46,0,originally_observed_only,94,23,False,9117069
imputation,RFECA_SVR(k=5),0.2,0,1,1.9598933640914733,1.2101189966345802,4.198056657375851,0.18186451162588627,0.060233622262519264,0.9840781868752502,172,5804,1161,46,0,originally_observed_only,93,24,False,217042
imputation,RFECA_SVR(k=5),0.2,0,2,2.0529749619325166,1.4132941119036766,4.976777495931564,0.21344236823746957,0.07441733739004143,0.9781049770892561,242,5804,1161,46,0,originally_observed_only,93,24,False,217042
imputation,RFECA_SVR(k=5),0.2,0,3,1.6299302170658383,1.1723174950664654,4.430283966130517,0.1852014693151281,0.06742037278190041,0.9837493470379126,227,5804,1161,46,0,originally_observed_only,94,23,False,217042
imputation,RFECA_SVR(k=5),0.2,0,4,2.9462150302630574,1.897007589481989,6.670157269375198,0.2793585857148122,0.10286566344992402,0.9660063993955136,264,5804,1161,46,0,originally_observed_only,94,23,False,217042
imputation,RFECA_SVR(k=5),0.2,0,5,1.8511817806453714,1.315074778911082,4.75589346345283,0.17271850313165218,0.0745265371472693,0.9852844850903401,256,5804,1161,46,0,originally_observed_only,94,23,False,217042
imputation,RFECA_SVR(k=10),0.2,0,1,1.9384529453675108,1.2469522912055895,4.182539004266862,0.18119226953041864,0.06167451504018915,0.9839629380622186,172,5804,1161,46,0,originally_observed_only,93,24,False,217042
imputation,RFECA_SVR(k=10),0.2,0,2,2.1925236884656836,1.4933401337954393,5.310877182186786,0.2277711238067121,0.07809264621268996,0.9758052037819295,242,5804,1161,46,0,originally_observed_only,93,24,False,217042
imputation,RFECA_SVR(k=10),0.2,0,3,1.6747401495320002,1.197543148936308,4.631480634263069,0.19361219847929093,0.0695699231504618,0.9823749321717155,227,5804,1161,46,0,originally_observed_only,94,23,False,217042
imputation,RFECA_SVR(k=10),0.2,0,4,2.919340446962056,1.8576674426220114,6.919361968188472,0.2897957417521365,0.10535345376356153,0.9639092847146669,264,5804,1161,46,0,originally_observed_only,94,23,False,217042
imputation,RFECA_SVR(k=10),0.2,0,5,1.855532585292054,1.3178286006880455,4.662451537523204,0.16932499785229158,0.07311730720164092,0.9858072217903169,256,5804,1161,46,0,originally_observed_only,94,23,False,217042
imputation,RFECA_SVR(k=20),0.2,0,1,2.23921349690545,1.3877025129177538,4.46246419407998,0.19331894196293614,0.06539730230961704,0.9816432228653114,172,5804,1161,46,0,originally_observed_only,93,24,False,217042
imputation,RFECA_SVR(k=20),0.2,0,2,2.496645608325525,1.6911516364599206,5.642598836958611,0.24199789115727807,0.0859908954727794,0.9711159586263403,242,5804,1161,46,0,originally_observed_only,93,24,False,217042
imputation,RFECA_SVR(k=20),0.2,0,3,1.6500088433426296,1.1939300848242698,4.602119760252851,0.19238481056270593,0.0696527026388739,0.9822981806454285,227,5804,1161,46,0,originally_observed_only,94,23,False,217042
imputation,RFECA_SVR(k=20),0.2,0,4,3.017754503078994,1.964573808461845,7.181176698948597,0.30076102936840643,0.10887433134952948,0.9600904250978403,264,5804,1161,46,0,originally_observed_only,94,23,False,217042
imputation,RFECA_SVR(k=20),0.2,0,5,2.091178735081888,1.4527621585397155,5.816235719053274,0.21122666749696287,0.08696705265741111,0.9774373315167432,256,5804,1161,46,0,originally_observed_only,94,23,False,217042
imputation,RFECA_SVR(k=5),0.2,1,1,1.6280219704231997,1.220952254274632,3.8062221790893696,0.16488980360079283,0.055024482544994584,0.9865832553044681,160,5804,1161,46,0,originally_observed_only,93,24,False,1217045
imputation,RFECA_SVR(k=5),0.2,1,2,1.8273626644219576,1.2198628000100602,4.703945210628118,0.20174122846290385,0.069777111039581,0.9799906481709305,258,5804,1161,46,0,originally_observed_only,93,24,False,1217045
imputation,RFECA_SVR(k=5),0.2,1,3,1.9962425272395528,1.3611125928239214,5.264908697063039,0.22009172187617415,0.0800378704201344,0.9786221145515507,228,5804,1161,46,0,originally_observed_only,94,23,False,1217045
imputation,RFECA_SVR(k=5),0.2,1,4,2.7336068057096927,1.7648564151873296,5.462106808115744,0.2287631867308869,0.08270976101309606,0.9747777636021835,248,5804,1161,46,0,originally_observed_only,94,23,False,1217045
imputation,RFECA_SVR(k=5),0.2,1,5,2.2124642931987806,1.4659399278241567,4.949985563523882,0.17976729370098773,0.07508772165610697,0.9841717374861635,267,5804,1161,46,0,originally_observed_only,94,23,False,1217045
imputation,RFECA_SVR(k=10),0.2,1,1,1.6636578940485054,1.215966636842883,3.778355272805176,0.16368257804012898,0.054378379184297596,0.9870354716490908,160,5804,1161,46,0,originally_observed_only,93,24,False,1217045
imputation,RFECA_SVR(k=10),0.2,1,2,1.8454924088774012,1.2355644521775173,4.793101223479721,0.20556492171445326,0.06992791745127341,0.979481320064873,258,5804,1161,46,0,originally_observed_only,93,24,False,1217045
imputation,RFECA_SVR(k=10),0.2,1,3,1.909998297335377,1.336016942917111,5.41770327000036,0.22647907303192524,0.08208003464823341,0.9777867269415407,228,5804,1161,46,0,originally_observed_only,94,23,False,1217045
imputation,RFECA_SVR(k=10),0.2,1,4,2.7127508702629273,1.7784699741192722,5.88023720236172,0.24627526491189727,0.08701048264964416,0.9715265465322127,248,5804,1161,46,0,originally_observed_only,94,23,False,1217045
imputation,RFECA_SVR(k=10),0.2,1,5,2.2770191981147687,1.4832728060153757,5.2867873527746765,0.19199883364999787,0.08069609720159966,0.9820272994363498,267,5804,1161,46,0,originally_observed_only,94,23,False,1217045
imputation,RFECA_SVR(k=20),0.2,1,1,1.7932975550597368,1.3136238108654237,4.295875590617507,0.18610213726404978,0.06103207837451762,0.9827668381560286,160,5804,1161,46,0,originally_observed_only,93,24,False,1217045
imputation,RFECA_SVR(k=20),0.2,1,2,2.1455692065970444,1.4687071562303984,5.462358471230522,0.23426780265232877,0.08199621537529668,0.9731269326628976,258,5804,1161,46,0,originally_observed_only,93,24,False,1217045
imputation,RFECA_SVR(k=20),0.2,1,3,2.016780018446621,1.4508670758699906,5.3596545465215035,0.22405243199438885,0.08216922213308038,0.9775867517643059,228,5804,1161,46,0,originally_observed_only,94,23,False,1217045
imputation,RFECA_SVR(k=20),0.2,1,4,2.5684131484755266,1.784340414895644,5.479768339004441,0.2295028844758379,0.08157520322605633,0.9744825758511056,248,5804,1161,46,0,originally_observed_only,94,23,False,1217045
imputation,RFECA_SVR(k=20),0.2,1,5,2.5349645403802645,1.6982623222216378,5.4781795418866945,0.19894957227956298,0.0835789865601451,0.9800929237034486,267,5804,1161,46,0,originally_observed_only,94,23,False,1217045
imputation,RFECA_SVR(k=5),0.2,2,1,1.9435154815639952,1.1799519420216626,3.7424999830531998,0.16212928676939517,0.05557314668856114,0.9871673916587417,173,5804,1161,46,0,originally_observed_only,93,24,False,2217048
imputation,RFECA_SVR(k=5),0.2,2,2,2.034710038848603,1.4053892521963403,5.335757127258683,0.22883816656723432,0.07924914746347414,0.974358607305255,259,5804,1161,46,0,originally_observed_only,93,24,False,2217048
imputation,RFECA_SVR(k=5),0.2,2,3,1.694341814765881,1.183847257029426,4.420269076852193,0.1847828116797364,0.06547504475108909,0.9847994704353547,209,5804,1161,46,0,originally_observed_only,94,23,False,2217048
imputation,RFECA_SVR(k=5),0.2,2,4,2.8710355364785984,1.8308441677000173,5.832656721841668,0.24428250593952028,0.08790110724697976,0.9702363519063556,250,5804,1161,46,0,originally_observed_only,94,23,False,2217048
imputation,RFECA_SVR(k=5),0.2,2,5,2.0704424408329287,1.3874249038014321,5.321644241547568,0.19326472189979674,0.07627327823735557,0.9812926704829967,270,5804,1161,46,0,originally_observed_only,94,23,False,2217048
imputation,RFECA_SVR(k=10),0.2,2,1,2.0850326212683896,1.2584917781838734,4.059886450701979,0.17587882367338048,0.05957398992079988,0.9850373724007373,173,5804,1161,46,0,originally_observed_only,93,24,False,2217048
imputation,RFECA_SVR(k=10),0.2,2,2,2.075484823976371,1.4074326903523466,5.525833015688328,0.23699007767928026,0.08022804225767843,0.9732703258656422,259,5804,1161,46,0,originally_observed_only,93,24,False,2217048
imputation,RFECA_SVR(k=10),0.2,2,3,1.7713052324078733,1.2199971257650866,4.628775618090169,0.19349911927859584,0.06769640491863432,0.9838160830361472,209,5804,1161,46,0,originally_observed_only,94,23,False,2217048
imputation,RFECA_SVR(k=10),0.2,2,4,2.901648794627105,1.8521905368498692,5.947607803243398,0.24909687091322405,0.0900301379532037,0.9693391303578414,250,5804,1161,46,0,originally_observed_only,94,23,False,2217048
imputation,RFECA_SVR(k=10),0.2,2,5,2.0359466010886846,1.370183095411338,5.096995665869523,0.1851062200283945,0.074115498855194,0.983362730970205,270,5804,1161,46,0,originally_observed_only,94,23,False,2217048
imputation,RFECA_SVR(k=20),0.2,2,1,2.233798417801945,1.3905817423888729,4.182062202589574,0.18117161394826253,0.06250027577862402,0.9839878399411975,173,5804,1161,46,0,originally_observed_only,93,24,False,2217048
imputation,RFECA_SVR(k=20),0.2,2,2,2.22843434709946,1.5103615924940466,5.198251405428061,0.22294086717265152,0.0765343502339908,0.9759444567729711,259,5804,1161,46,0,originally_observed_only,93,24,False,2217048
imputation,RFECA_SVR(k=20),0.2,2,3,1.9939091991778992,1.3668033393192291,4.421501156386649,0.18483431694256802,0.0645994953523148,0.9840580698057984,209,5804,1161,46,0,originally_observed_only,94,23,False,2217048
imputation,RFECA_SVR(k=20),0.2,2,4,2.839211362785649,1.8704631406944527,6.2857083904653654,0.2632571520072444,0.09668512490916671,0.9649938337601348,250,5804,1161,46,0,originally_observed_only,94,23,False,2217048
imputation,RFECA_SVR(k=20),0.2,2,5,2.1572921198160873,1.4183768330172235,5.024874877343316,0.18248702875873193,0.07610873533471357,0.9833274413939247,270,5804,1161,46,0,originally_observed_only,94,23,False,2217048
imputation,RFECA_SVR(k=5),0.2,3,1,1.5119192127991574,1.1384984893232988,3.817611798243674,0.16538321464646394,0.054534935090479235,0.9866990179301448,164,5804,1161,46,0,originally_observed_only,93,24,False,3217051
imputation,RFECA_SVR(k=5),0.2,3,2,1.920133830262491,1.3781888334872399,6.009659768491442,0.2577402775866224,0.08742506139768054,0.9688292556123537,225,5804,1161,46,0,originally_observed_only,93,24,False,3217051
imputation,RFECA_SVR(k=5),0.2,3,3,1.8056137965022494,1.2381620367670434,4.997791179332192,0.20892526908403608,0.0744670371263737,0.9807110451719924,241,5804,1161,46,0,originally_observed_only,94,23,False,3217051
imputation,RFECA_SVR(k=5),0.2,3,4,2.976328408556717,1.9554756753469966,6.6892667097579706,0.28015892460091957,0.10072421339766482,0.9627337674090557,259,5804,1161,46,0,originally_observed_only,94,23,False,3217051
imputation,RFECA_SVR(k=5),0.2,3,5,2.0669230113433885,1.4262342723500199,4.993304974001535,0.18134051307432789,0.07833440418581095,0.9840728889174937,272,5804,1161,46,0,originally_observed_only,94,23,False,3217051
imputation,RFECA_SVR(k=10),0.2,3,1,1.5160022103916033,1.1039804090249312,3.884312407620151,0.16827275967632654,0.054331209105299254,0.9863133960047457,164,5804,1161,46,0,originally_observed_only,93,24,False,3217051
imputation,RFECA_SVR(k=10),0.2,3,2,1.986467355808479,1.355928602236842,5.901850704944746,0.2531165985373416,0.08559849948054334,0.9703974843750716,225,5804,1161,46,0,originally_observed_only,93,24,False,3217051
imputation,RFECA_SVR(k=10),0.2,3,3,1.874189873684188,1.2866803627434493,5.076995745126107,0.21223629882245523,0.07691225600010047,0.980026903454234,241,5804,1161,46,0,originally_observed_only,94,23,False,3217051
imputation,RFECA_SVR(k=10),0.2,3,4,2.9377255133140876,1.9190440786220582,7.093387856882757,0.2970842694704571,0.10224499832037702,0.9585100298875177,259,5804,1161,46,0,originally_observed_only,94,23,False,3217051
imputation,RFECA_SVR(k=10),0.2,3,5,2.040753482842755,1.4027675983677095,5.004650240668228,0.18175253607092337,0.07730869458627404,0.9849178487239635,272,5804,1161,46,0,originally_observed_only,94,23,False,3217051
imputation,RFECA_SVR(k=20),0.2,3,1,1.7604684646543378,1.2879850707452096,4.017831776069438,0.17405696811309523,0.05776122373254636,0.9850411473815704,164,5804,1161,46,0,originally_observed_only,93,24,False,3217051
imputation,RFECA_SVR(k=20),0.2,3,2,1.9898035935982008,1.386764869523296,5.594227143260613,0.23992334214097216,0.08102768634572599,0.9727557250506791,225,5804,1161,46,0,originally_observed_only,93,24,False,3217051
imputation,RFECA_SVR(k=20),0.2,3,3,2.0382203137724484,1.4362302567717946,5.647418705393389,0.23608198708538075,0.08383176871394221,0.974848657479177,241,5804,1161,46,0,originally_observed_only,94,23,False,3217051
imputation,RFECA_SVR(k=20),0.2,3,4,2.9874594982696223,1.9646187633027046,7.4777735890003925,0.31318305847298294,0.10568572626838374,0.9536714138809047,259,5804,1161,46,0,originally_observed_only,94,23,False,3217051
imputation,RFECA_SVR(k=20),0.2,3,5,2.0960814577658238,1.45525078134089,5.310908361735685,0.19287482984162532,0.08064455911065577,0.9820475780696943,272,5804,1161,46,0,originally_observed_only,94,23,False,3217051
imputation,RFECA_SVR(k=5),0.2,4,1,2.225838398513659,1.4036403759741212,3.887711530985328,0.1684200135038036,0.05712839457398826,0.9866720803104089,163,5804,1161,46,0,originally_observed_only,93,24,False,4217054
imputation,RFECA_SVR(k=5),0.2,4,2,1.954960429897498,1.3202064992370817,4.388371705640887,0.18820701755784802,0.06268155961616866,0.9825795705699478,223,5804,1161,46,0,originally_observed_only,93,24,False,4217054
imputation,RFECA_SVR(k=5),0.2,4,3,1.5797301064513816,1.1624347098643972,5.04841456865733,0.21104150500850574,0.0736897490784453,0.9789260943226473,231,5804,1161,46,0,originally_observed_only,94,23,False,4217054
imputation,RFECA_SVR(k=5),0.2,4,4,3.059661163069109,1.9918700061316494,5.896975334793629,0.24697628901295615,0.08814412030665157,0.971298480763124,266,5804,1161,46,0,originally_observed_only,94,23,False,4217054
imputation,RFECA_SVR(k=5),0.2,4,5,2.1918531851642116,1.5229903873504056,5.068832293480645,0.1840834184119313,0.08080101897670051,0.9829563551532935,278,5804,1161,46,0,originally_observed_only,94,23,False,4217054
imputation,RFECA_SVR(k=10),0.2,4,1,2.296554863632931,1.4489895518111866,3.971739013770308,0.17206017807685517,0.05870289229762933,0.9861928819411654,163,5804,1161,46,0,originally_observed_only,93,24,False,4217054
imputation,RFECA_SVR(k=10),0.2,4,2,2.0247271275191676,1.3403328435097892,4.646951939509587,0.19929692011858186,0.0653155443766399,0.9808577801384681,223,5804,1161,46,0,originally_observed_only,93,24,False,4217054
imputation,RFECA_SVR(k=10),0.2,4,3,1.6252461180355846,1.1790151726053806,5.179071003570225,0.21650340404394822,0.07475295071548892,0.9779157924514404,231,5804,1161,46,0,originally_observed_only,94,23,False,4217054
imputation,RFECA_SVR(k=10),0.2,4,4,3.1942317871161525,2.1047630121249137,6.359633028859199,0.26635325328299664,0.0965584650519643,0.9677193107754387,266,5804,1161,46,0,originally_observed_only,94,23,False,4217054
imputation,RFECA_SVR(k=10),0.2,4,5,2.1902780709320817,1.5462780001852081,4.8707245813013165,0.17688879393823506,0.07478077564445847,0.9846052927061004,278,5804,1161,46,0,originally_observed_only,94,23,False,4217054
imputation,RFECA_SVR(k=20),0.2,4,1,2.2745846690126763,1.4237519825054359,3.8613058415921544,0.16727608949382222,0.05759759871286249,0.9870339053857963,163,5804,1161,46,0,originally_observed_only,93,24,False,4217054
imputation,RFECA_SVR(k=20),0.2,4,2,2.2728417818962043,1.4901041312770489,5.170535157845832,0.2217521820189666,0.07332148433932774,0.9758778750102183,223,5804,1161,46,0,originally_observed_only,93,24,False,4217054
imputation,RFECA_SVR(k=20),0.2,4,3,1.619001766358312,1.2456269470441197,5.052397721710524,0.21120801483126161,0.0745918003483269,0.9784955631212927,231,5804,1161,46,0,originally_observed_only,94,23,False,4217054
imputation,RFECA_SVR(k=20),0.2,4,4,3.150973357577746,2.1256416661806603,6.062839991526664,0.2539230091656811,0.09271024454755314,0.9698861922908932,266,5804,1161,46,0,originally_observed_only,94,23,False,4217054
imputation,RFECA_SVR(k=20),0.2,4,5,2.457584733818618,1.692428432096116,5.50700666438287,0.199996479130062,0.08496841021540079,0.9798138768831969,278,5804,1161,46,0,originally_observed_only,94,23,False,4217054
imputation,RFECA_SVR(k=5),0.2,5,1,1.9106641975786154,1.3917642528948522,4.227986919009429,0.18316112404898496,0.06392884347081748,0.9836907756581716,165,5804,1161,46,0,originally_observed_only,93,24,False,5217057
imputation,RFECA_SVR(k=5),0.2,5,2,2.3275750995524382,1.5628577596713105,5.161775625769939,0.22137650613784493,0.07766052951163196,0.9773888673688234,242,5804,1161,46,0,originally_observed_only,93,24,False,5217057
imputation,RFECA_SVR(k=5),0.2,5,3,1.960641693050113,1.1875751936878853,5.116135635948075,0.2138724840747955,0.07449999646887256,0.9789190746486502,219,5804,1161,46,0,originally_observed_only,94,23,False,5217057
imputation,RFECA_SVR(k=5),0.2,5,4,2.7367336970249596,1.864788264843415,6.592387791837558,0.27610145542847786,0.09785351172362894,0.9621532311163662,272,5804,1161,46,0,originally_observed_only,94,23,False,5217057
imputation,RFECA_SVR(k=5),0.2,5,5,2.1892848561187956,1.5271578771546597,6.439810357051147,0.23387285982517814,0.0934470718382173,0.9724897028596184,263,5804,1161,46,0,originally_observed_only,94,23,False,5217057
imputation,RFECA_SVR(k=10),0.2,5,1,1.8620640041439647,1.3919520984926101,4.513191409690914,0.19551650170215848,0.06792819706337733,0.9820337272420684,165,5804,1161,46,0,originally_observed_only,93,24,False,5217057
imputation,RFECA_SVR(k=10),0.2,5,2,2.371080855831566,1.6068654105334952,5.509606829161154,0.23629417442006195,0.0821501617356641,0.9755617587451261,242,5804,1161,46,0,originally_observed_only,93,24,False,5217057
imputation,RFECA_SVR(k=10),0.2,5,3,1.9344051697236504,1.1714418053693856,5.426499101800322,0.22684676977228216,0.07785429320028119,0.9772341296437452,219,5804,1161,46,0,originally_observed_only,94,23,False,5217057
imputation,RFECA_SVR(k=10),0.2,5,4,2.7954668747072136,1.8179132200643253,6.25086356169588,0.2617977858047096,0.09135129998809265,0.96649620715067,272,5804,1161,46,0,originally_observed_only,94,23,False,5217057
imputation,RFECA_SVR(k=10),0.2,5,5,2.164389067903753,1.4871888850061408,6.1040464150402505,0.22167901109510132,0.08909585646071157,0.9755587346177527,263,5804,1161,46,0,originally_observed_only,94,23,False,5217057
imputation,RFECA_SVR(k=20),0.2,5,1,2.030572151224565,1.4466022683888151,5.025965920227438,0.21773046724478184,0.07458904826998386,0.97714680631358,165,5804,1161,46,0,originally_observed_only,93,24,False,5217057
imputation,RFECA_SVR(k=20),0.2,5,2,2.4148997242551458,1.6200604391261966,5.500051595892796,0.23588437277240398,0.0809508218034436,0.9747839737094467,242,5804,1161,46,0,originally_observed_only,93,24,False,5217057
imputation,RFECA_SVR(k=20),0.2,5,3,2.088732277491597,1.329645816612953,5.913392683189961,0.2472006358817327,0.0864718596838767,0.9713207911068829,219,5804,1161,46,0,originally_observed_only,94,23,False,5217057
imputation,RFECA_SVR(k=20),0.2,5,4,3.0567157286040882,2.070256511728129,6.432262103784628,0.2693950939523462,0.09651313268572252,0.9632540613992423,272,5804,1161,46,0,originally_observed_only,94,23,False,5217057
imputation,RFECA_SVR(k=20),0.2,5,5,2.378282025126165,1.6475128507466852,5.926554582708427,0.21523308798222526,0.08737846755572634,0.9765717724358344,263,5804,1161,46,0,originally_observed_only,94,23,False,5217057
imputation,RFECA_SVR(k=5),0.2,6,1,1.861626901036133,1.2238022688603691,3.369548443160744,0.1459726087637531,0.045647476963296144,0.9894374899262087,140,5804,1161,46,0,originally_observed_only,93,24,False,6217060
imputation,RFECA_SVR(k=5),0.2,6,2,2.14087609103535,1.5001609969442853,4.432462988347934,0.19009798973960884,0.06853279487504028,0.9818556372069221,231,5804,1161,46,0,originally_observed_only,93,24,False,6217060
imputation,RFECA_SVR(k=5),0.2,6,3,1.9661763288766125,1.2943293859546519,4.834284688087071,0.20209012202514315,0.07081367423280006,0.9803804994355605,228,5804,1161,46,0,originally_observed_only,94,23,False,6217060
imputation,RFECA_SVR(k=5),0.2,6,4,2.6307575733955813,1.8055552127626089,6.489521535790183,0.2717932254053102,0.10451146993317667,0.9661211410595424,284,5804,1161,46,0,originally_observed_only,94,23,False,6217060
imputation,RFECA_SVR(k=5),0.2,6,5,1.8810413442891405,1.3509958339820858,5.894364284098843,0.2140640415698248,0.08680978785228714,0.9780305962459224,278,5804,1161,46,0,originally_observed_only,94,23,False,6217060
imputation,RFECA_SVR(k=10),0.2,6,1,1.9536428803470545,1.3223425354713645,3.422413825229195,0.14826279626632113,0.04758150168012156,0.9890471771312745,140,5804,1161,46,0,originally_observed_only,93,24,False,6217060
imputation,RFECA_SVR(k=10),0.2,6,2,2.1055680552118288,1.5344630509560004,4.621904979681676,0.1982227144850794,0.07127688324387148,0.9803795464287842,231,5804,1161,46,0,originally_observed_only,93,24,False,6217060
imputation,RFECA_SVR(k=10),0.2,6,3,2.0093219222805785,1.3177759521543302,4.96778938236114,0.207671088330926,0.0741908080699492,0.979852118137607,228,5804,1161,46,0,originally_observed_only,94,23,False,6217060
imputation,RFECA_SVR(k=10),0.2,6,4,2.610998761609041,1.7990977449976455,6.440504696876293,0.2697403090733273,0.10161127549283142,0.9672447325900867,284,5804,1161,46,0,originally_observed_only,94,23,False,6217060
imputation,RFECA_SVR(k=10),0.2,6,5,1.8339145388945683,1.3236450216719102,5.359939754524622,0.19465548973950642,0.08066408184205053,0.9832884395430046,278,5804,1161,46,0,originally_observed_only,94,23,False,6217060
imputation,RFECA_SVR(k=20),0.2,6,1,2.126583049251927,1.462491434831031,3.7707044934508747,0.1633511377180021,0.05198112256498139,0.9865696962872726,140,5804,1161,46,0,originally_observed_only,93,24,False,6217060
imputation,RFECA_SVR(k=20),0.2,6,2,2.233543441023025,1.647518481242926,5.029188129987546,0.21569013797659917,0.07850872489099567,0.9766285540706526,231,5804,1161,46,0,originally_observed_only,93,24,False,6217060
imputation,RFECA_SVR(k=20),0.2,6,3,2.0752813969633834,1.386382890420543,5.235537365805369,0.21886389680982452,0.07744327048035853,0.9774810504531521,228,5804,1161,46,0,originally_observed_only,94,23,False,6217060
imputation,RFECA_SVR(k=20),0.2,6,4,2.55809427750746,1.7898496039900724,5.880205935995455,0.24627395541835645,0.09311991144762237,0.9717855810454086,284,5804,1161,46,0,originally_observed_only,94,23,False,6217060
imputation,RFECA_SVR(k=20),0.2,6,5,2.112677794308653,1.4987751002566005,6.132702587367974,0.22271970959433424,0.08947228101672342,0.975029547375715,278,5804,1161,46,0,originally_observed_only,94,23,False,6217060
imputation,RFECA_SVR(k=5),0.2,7,1,1.795766829087634,1.1680180258416422,3.4152111062166215,0.14795076641953508,0.05046352995757,0.9891788350552801,165,5804,1161,46,0,originally_observed_only,93,24,False,7217063
imputation,RFECA_SVR(k=5),0.2,7,2,2.0122807275695807,1.3694119320671456,5.314760488367137,0.2279376697429937,0.07680733932969568,0.974063464647603,246,5804,1161,46,0,originally_observed_only,93,24,False,7217063
imputation,RFECA_SVR(k=5),0.2,7,3,1.9648335891327824,1.348592860290989,5.12770591177658,0.2143561623446767,0.07571248334478412,0.977661147101108,221,5804,1161,46,0,originally_observed_only,94,23,False,7217063
imputation,RFECA_SVR(k=5),0.2,7,4,2.8969271056373906,1.845493516090242,4.896986647388435,0.20509490388776047,0.07625510136213277,0.979711728242447,261,5804,1161,46,0,originally_observed_only,94,23,False,7217063
imputation,RFECA_SVR(k=5),0.2,7,5,2.291473455846796,1.5170310511577152,4.839483485880792,0.17575421948262718,0.07264078246260892,0.9845447975806676,268,5804,1161,46,0,originally_observed_only,94,23,False,7217063
imputation,RFECA_SVR(k=10),0.2,7,1,1.9007425220366965,1.2661214144328976,3.6380422733088835,0.15760406190497336,0.05408992908286678,0.987901546813469,165,5804,1161,46,0,originally_observed_only,93,24,False,7217063
imputation,RFECA_SVR(k=10),0.2,7,2,1.9527781071840637,1.351875646129152,5.1365818046196505,0.22029600196508156,0.07424278169777583,0.9762038433520753,246,5804,1161,46,0,originally_observed_only,93,24,False,7217063
imputation,RFECA_SVR(k=10),0.2,7,3,1.909162292546496,1.3120114682898512,5.194845185730262,0.21716282040091708,0.07515840296943067,0.9775776803862251,221,5804,1161,46,0,originally_observed_only,94,23,False,7217063
imputation,RFECA_SVR(k=10),0.2,7,4,2.955357549037606,1.8940622007707084,5.214194446780189,0.2183801561894785,0.08013200655839187,0.9776415556980912,261,5804,1161,46,0,originally_observed_only,94,23,False,7217063
imputation,RFECA_SVR(k=10),0.2,7,5,2.26889923027708,1.5170807243455533,4.732721317273712,0.17187696653434173,0.07108147541182269,0.9853281556972233,268,5804,1161,46,0,originally_observed_only,94,23,False,7217063
imputation,RFECA_SVR(k=20),0.2,7,1,2.1130599460590505,1.4149576599030345,3.9262750813136735,0.17009062965299315,0.05714582348114282,0.985695081941212,165,5804,1161,46,0,originally_observed_only,93,24,False,7217063
imputation,RFECA_SVR(k=20),0.2,7,2,2.0803414002951293,1.4457324180613795,5.28070220274265,0.22647698938351588,0.07695352178197126,0.9746095109780593,246,5804,1161,46,0,originally_observed_only,93,24,False,7217063
imputation,RFECA_SVR(k=20),0.2,7,3,2.0681264740450884,1.4363491866595253,6.079636662260096,0.25415021957071543,0.08630594980433651,0.9684005271226258,221,5804,1161,46,0,originally_observed_only,94,23,False,7217063
imputation,RFECA_SVR(k=20),0.2,7,4,2.945893643826042,1.9286316159495827,4.926078523320675,0.20631332573120564,0.07539783872893005,0.97947827034982,261,5804,1161,46,0,originally_observed_only,94,23,False,7217063
imputation,RFECA_SVR(k=20),0.2,7,5,2.5110867345147523,1.6171227120745746,5.178260983974426,0.18805751071803206,0.07432546554996869,0.9822207100117112,268,5804,1161,46,0,originally_observed_only,94,23,False,7217063
imputation,RFECA_SVR(k=5),0.2,8,1,1.981606624911237,1.285973520663013,4.312973806571112,0.18684285111044652,0.06003417583366843,0.9835260070043257,172,5804,1161,46,0,originally_observed_only,93,24,False,8217066
imputation,RFECA_SVR(k=5),0.2,8,2,1.999345220060133,1.3301433680917074,4.765658421426891,0.2043879640011505,0.06991085918936557,0.9805466153409274,245,5804,1161,46,0,originally_observed_only,93,24,False,8217066
imputation,RFECA_SVR(k=5),0.2,8,3,1.5940176564011783,1.10387208521841,4.206786658882363,0.17585849491286076,0.0627408913944027,0.984846876453868,225,5804,1161,46,0,originally_observed_only,94,23,False,8217066
imputation,RFECA_SVR(k=5),0.2,8,4,3.0657507953131047,1.9443664396304796,5.7961986094937075,0.24275557242175752,0.08813603759380653,0.9720721518135987,253,5804,1161,46,0,originally_observed_only,94,23,False,8217066
imputation,RFECA_SVR(k=5),0.2,8,5,2.0073879954253377,1.4155469281584099,5.180904421499883,0.18815351172731193,0.07835363385647404,0.9830195178081801,266,5804,1161,46,0,originally_observed_only,94,23,False,8217066
imputation,RFECA_SVR(k=10),0.2,8,1,1.9869867442357023,1.3494538766777342,4.405953921332589,0.19087085371786847,0.06046456373375959,0.9832474530309638,172,5804,1161,46,0,originally_observed_only,93,24,False,8217066
imputation,RFECA_SVR(k=10),0.2,8,2,2.0151518856029855,1.3740790030795087,5.311749721593088,0.22780854498485675,0.07620845387777254,0.9760058363453711,245,5804,1161,46,0,originally_observed_only,93,24,False,8217066
imputation,RFECA_SVR(k=10),0.2,8,3,1.7230224713072761,1.1551781451714538,4.405981034192052,0.18418552118672843,0.06511786883940783,0.9837202667293783,225,5804,1161,46,0,originally_observed_only,94,23,False,8217066
imputation,RFECA_SVR(k=10),0.2,8,4,3.0579055148453627,1.9541425871292593,5.854206620355145,0.24518505574875235,0.08803738074268799,0.9719355460327753,253,5804,1161,46,0,originally_observed_only,94,23,False,8217066
imputation,RFECA_SVR(k=10),0.2,8,5,2.023372488815468,1.3787685963083094,5.48608675033474,0.19923673624099136,0.0811518096656652,0.9827986096356478,266,5804,1161,46,0,originally_observed_only,94,23,False,8217066
imputation,RFECA_SVR(k=20),0.2,8,1,2.057260357432668,1.3883111181050318,4.700946125190443,0.20365024605736765,0.06430368267069247,0.9804436106387437,172,5804,1161,46,0,originally_observed_only,93,24,False,8217066
imputation,RFECA_SVR(k=20),0.2,8,2,2.225912829140362,1.5116183255963813,4.919989334873721,0.2110068565848097,0.07332500798487265,0.9782665147629539,245,5804,1161,46,0,originally_observed_only,93,24,False,8217066
imputation,RFECA_SVR(k=20),0.2,8,3,1.99184896110787,1.2923982761854085,4.718909298210066,0.1972670244784886,0.06868027557609721,0.9809190363322514,225,5804,1161,46,0,originally_observed_only,94,23,False,8217066
imputation,RFECA_SVR(k=20),0.2,8,4,3.16463353158036,2.0490962708121967,5.8264558642173965,0.24402280249533181,0.08862230451673368,0.9713052893228383,253,5804,1161,46,0,originally_observed_only,94,23,False,8217066
imputation,RFECA_SVR(k=20),0.2,8,5,2.16744303670428,1.5363263125656497,5.564022207351389,0.20206709726153113,0.08490874512426386,0.9816497347392432,266,5804,1161,46,0,originally_observed_only,94,23,False,8217066
imputation,RFECA_SVR(k=5),0.2,9,1,2.265299740759881,1.3456897276138966,3.9115273085354185,0.16945173963487617,0.05730725236207484,0.9862704199692638,173,5804,1161,46,0,originally_observed_only,93,24,False,9217069
imputation,RFECA_SVR(k=5),0.2,9,2,2.0286869585075267,1.4263949532251066,5.6176922663609625,0.24092970649011508,0.08123752030539656,0.9718943784375499,241,5804,1161,46,0,originally_observed_only,93,24,False,9217069
imputation,RFECA_SVR(k=5),0.2,9,3,1.9648529129624994,1.3214466559444686,5.218603554895602,0.218156003887933,0.07721953824972773,0.9770741790180282,228,5804,1161,46,0,originally_observed_only,94,23,False,9217069
imputation,RFECA_SVR(k=5),0.2,9,4,3.132105971793062,2.013012346614029,6.091043313485318,0.25510421671696376,0.09350297868078682,0.9704722118076171,260,5804,1161,46,0,originally_observed_only,94,23,False,9217069
imputation,RFECA_SVR(k=5),0.2,9,5,2.2522896301824646,1.4929857646273241,4.7806251600380785,0.173616677501397,0.07187290779159743,0.9848753479463042,259,5804,1161,46,0,originally_observed_only,94,23,False,9217069
imputation,RFECA_SVR(k=10),0.2,9,1,2.260030487496328,1.3207847665265733,3.568074754076058,0.1545729906847706,0.052044459324119136,0.9889530788537966,173,5804,1161,46,0,originally_observed_only,93,24,False,9217069
imputation,RFECA_SVR(k=10),0.2,9,2,2.008666075715945,1.4035314109683528,5.490195107723083,0.2354616510053232,0.0770630988990453,0.9733698581437757,241,5804,1161,46,0,originally_observed_only,93,24,False,9217069
imputation,RFECA_SVR(k=10),0.2,9,3,1.912676039077289,1.2572895087446585,5.413112499070119,0.22628716264241758,0.07791486597871805,0.9758081469049547,228,5804,1161,46,0,originally_observed_only,94,23,False,9217069
imputation,RFECA_SVR(k=10),0.2,9,4,3.185721173681533,2.0441610870103197,6.046455390875462,0.2532367916327847,0.09306415853541485,0.9709719265185874,260,5804,1161,46,0,originally_observed_only,94,23,False,9217069
imputation,RFECA_SVR(k=10),0.2,9,5,2.2312410637034934,1.5072778598815892,4.77628203664345,0.17345894945778106,0.07047518202413675,0.9850295623419045,259,5804,1161,46,0,originally_observed_only,94,23,False,9217069
imputation,RFECA_SVR(k=20),0.2,9,1,2.365404687378347,1.4562554273443238,3.802967311340927,0.1647487990880411,0.056204302794642655,0.9869215604911081,173,5804,1161,46,0,originally_observed_only,93,24,False,9217069
imputation,RFECA_SVR(k=20),0.2,9,2,2.321843498335668,1.6665518969386082,6.53995577492604,0.2804834352971694,0.09640602090090916,0.9612796804167544,241,5804,1161,46,0,originally_observed_only,93,24,False,9217069
imputation,RFECA_SVR(k=20),0.2,9,3,1.9418347066277757,1.3444182206702022,5.074797668408936,0.2121444114760008,0.07566538008436595,0.9782695168146215,228,5804,1161,46,0,originally_observed_only,94,23,False,9217069
imputation,RFECA_SVR(k=20),0.2,9,4,3.1999963650174137,2.0809263337566324,5.7219692854518005,0.23964671034467847,0.08808807719010187,0.9734961290943276,260,5804,1161,46,0,originally_observed_only,94,23,False,9217069
imputation,RFECA_SVR(k=20),0.2,9,5,2.3573303731877058,1.618319231833059,5.1720682760711485,0.18783261181152688,0.07827580093074411,0.9822011492748288,259,5804,1161,46,0,originally_observed_only,94,23,False,9217069
imputation,RFECA_SVR(k=5),0.3,0,1,2.0312382258797563,1.3287723706478693,4.9392277503156,0.21397287267239223,0.07600360514670455,0.9770152446674507,261,5804,1741,46,0,originally_observed_only,93,24,False,317042
imputation,RFECA_SVR(k=5),0.3,0,2,2.069399984893575,1.4568350507023171,6.5529787233304635,0.2810419591514399,0.09631605119487062,0.9617973266458976,370,5804,1741,46,0,originally_observed_only,93,24,False,317042
imputation,RFECA_SVR(k=5),0.3,0,3,2.2465913854341593,1.4239097794739073,6.301233070885602,0.26341372971727706,0.09450481644039811,0.9682234282253133,316,5804,1741,46,0,originally_observed_only,94,23,False,317042
imputation,RFECA_SVR(k=5),0.3,0,4,2.92565510522049,1.8792062376291994,7.77396128127874,0.3255879496141425,0.12284982596354367,0.9519091436302175,360,5804,1741,46,0,originally_observed_only,94,23,False,317042
imputation,RFECA_SVR(k=5),0.3,0,5,2.496867830647931,1.7543655486403757,8.074955098635764,0.29325597139829723,0.12061669944870854,0.9560378933643735,434,5804,1741,46,0,originally_observed_only,94,23,False,317042
imputation,RFECA_SVR(k=10),0.3,0,1,2.0822217732695005,1.3705219933339314,5.494897323390623,0.23804510031970152,0.08134860218261157,0.9720455499840641,261,5804,1741,46,0,originally_observed_only,93,24,False,317042
imputation,RFECA_SVR(k=10),0.3,0,2,2.1877450602446777,1.481239907746811,7.062145947476806,0.30287895271595755,0.09873129658096103,0.9567195173038219,370,5804,1741,46,0,originally_observed_only,93,24,False,317042
imputation,RFECA_SVR(k=10),0.3,0,3,2.3086591826719083,1.5082603595375204,6.497466779036384,0.2716169896790585,0.09876119232639703,0.9666542851263429,316,5804,1741,46,0,originally_observed_only,94,23,False,317042
imputation,RFECA_SVR(k=10),0.3,0,4,3.0223301301726377,1.9701641965629813,8.317017616427707,0.3483321584272122,0.1314773279434668,0.9457008444844615,360,5804,1741,46,0,originally_observed_only,94,23,False,317042
imputation,RFECA_SVR(k=10),0.3,0,5,2.4005362353693336,1.657542233144457,7.492689465772417,0.27210998709356304,0.11148662807741358,0.9627078792139583,434,5804,1741,46,0,originally_observed_only,94,23,False,317042
imputation,RFECA_SVR(k=20),0.3,0,1,2.2743694888462858,1.5111275140456824,5.99112419126521,0.25954220346696266,0.0875124382088208,0.9664664289510664,261,5804,1741,46,0,originally_observed_only,93,24,False,317042
imputation,RFECA_SVR(k=20),0.3,0,2,2.237630098057298,1.5005415540500513,6.539648065358859,0.2804702383521981,0.09868071038165045,0.9618445812656331,370,5804,1741,46,0,originally_observed_only,93,24,False,317042
imputation,RFECA_SVR(k=20),0.3,0,3,2.4593992415565453,1.5883075911696984,6.612589175722513,0.2764295112195168,0.10032151771463906,0.96503695667062,316,5804,1741,46,0,originally_observed_only,94,23,False,317042
imputation,RFECA_SVR(k=20),0.3,0,4,3.0701018542953813,2.003767579265418,8.200819062942752,0.34346554700371507,0.12838111006913108,0.9428357738623263,360,5804,1741,46,0,originally_observed_only,94,23,False,317042
imputation,RFECA_SVR(k=20),0.3,0,5,2.5961316954949187,1.8021900084342894,9.032576459389587,0.32803364866700013,0.1287553635706517,0.9447768028760904,434,5804,1741,46,0,originally_observed_only,94,23,False,317042
imputation,RFECA_SVR(k=5),0.3,1,1,2.3059063593499602,1.5488447547344142,5.341193153838326,0.23138646371426702,0.08396454433151568,0.9740151632438543,268,5804,1741,46,0,originally_observed_only,93,24,False,1317045
imputation,RFECA_SVR(k=5),0.3,1,2,2.1162719638720424,1.4960314148004998,6.434753630888464,0.27597156093963665,0.09680476426280514,0.9642920832266674,351,5804,1741,46,0,originally_observed_only,93,24,False,1317045
imputation,RFECA_SVR(k=5),0.3,1,3,1.8097911550522223,1.273265181794037,6.688256461391464,0.2795926701935491,0.09985207726363592,0.9627140828315448,337,5804,1741,46,0,originally_observed_only,94,23,False,1317045
imputation,RFECA_SVR(k=5),0.3,1,4,2.8353444214775556,1.830046778659649,7.8386013160091474,0.32829519442915633,0.11867212185562603,0.9508667941811246,374,5804,1741,46,0,originally_observed_only,94,23,False,1317045
imputation,RFECA_SVR(k=5),0.3,1,5,2.2933088169068045,1.6040289592213333,6.501130591235248,0.23609981026915866,0.10171986422655581,0.9717479724027647,411,5804,1741,46,0,originally_observed_only,94,23,False,1317045
imputation,RFECA_SVR(k=10),0.3,1,1,2.4234063898714084,1.6331207581253224,5.703954043537283,0.24710167135115294,0.08738173359222609,0.9707670673538944,268,5804,1741,46,0,originally_observed_only,93,24,False,1317045
imputation,RFECA_SVR(k=10),0.3,1,2,2.2057863435400655,1.5413657511420893,7.22688240231934,0.3099441146777651,0.1113793706903472,0.9570730069729604,351,5804,1741,46,0,originally_observed_only,93,24,False,1317045
imputation,RFECA_SVR(k=10),0.3,1,3,1.8375519926467194,1.301366793354317,6.490240802605284,0.2713149184207583,0.09811548307779767,0.9654567682195835,337,5804,1741,46,0,originally_observed_only,94,23,False,1317045
imputation,RFECA_SVR(k=10),0.3,1,4,2.8332629670549303,1.852491467194169,8.076555546701776,0.33826115994789374,0.12177746940092345,0.950686279173788,374,5804,1741,46,0,originally_observed_only,94,23,False,1317045
imputation,RFECA_SVR(k=10),0.3,1,5,2.188148621719077,1.5652152561171695,6.297042340361992,0.2286879921810398,0.09918326980988616,0.9737953692572507,411,5804,1741,46,0,originally_observed_only,94,23,False,1317045
imputation,RFECA_SVR(k=20),0.3,1,1,2.4752311088680847,1.6623650291985728,6.100050393894587,0.2642610084429862,0.09252895877720828,0.966072460549864,268,5804,1741,46,0,originally_observed_only,93,24,False,1317045
imputation,RFECA_SVR(k=20),0.3,1,2,2.4619729131763264,1.7108508517126064,7.711277851072339,0.3307187046267456,0.11577981357538128,0.9466949302424277,351,5804,1741,46,0,originally_observed_only,93,24,False,1317045
imputation,RFECA_SVR(k=20),0.3,1,3,2.039814186108785,1.4576103104854585,7.039963486590627,0.29429526224708497,0.10533073930996659,0.9579426454316251,337,5804,1741,46,0,originally_observed_only,94,23,False,1317045
imputation,RFECA_SVR(k=20),0.3,1,4,2.9233624392308393,1.9829614024427418,8.19075983106211,0.34304424767326963,0.12701138472711995,0.9445762248116609,374,5804,1741,46,0,originally_observed_only,94,23,False,1317045
imputation,RFECA_SVR(k=20),0.3,1,5,2.3616981342288472,1.678196181621641,6.782678967893127,0.2463247269013724,0.10880702641698563,0.9692247554170887,411,5804,1741,46,0,originally_observed_only,94,23,False,1317045
imputation,RFECA_SVR(k=5),0.3,2,1,1.9357830827499074,1.3494624419060584,6.342788274565561,0.2747766850343841,0.09282720897248871,0.967369955593824,287,5804,1741,46,0,originally_observed_only,93,24,False,2317048
imputation,RFECA_SVR(k=5),0.3,2,2,2.1042922775016923,1.3822047605740997,6.503005945156374,0.278898743359775,0.09794567264771659,0.9623845375060252,351,5804,1741,46,0,originally_observed_only,93,24,False,2317048
imputation,RFECA_SVR(k=5),0.3,2,3,1.8806423992668635,1.295825722516003,6.708815988105207,0.28045213080260223,0.09595376563737004,0.9658265465119954,333,5804,1741,46,0,originally_observed_only,94,23,False,2317048
imputation,RFECA_SVR(k=5),0.3,2,4,2.835988678843031,1.8447474712770937,6.8635203055569844,0.28745698911607503,0.10641432873752193,0.9600516700377288,370,5804,1741,46,0,originally_observed_only,94,23,False,2317048
imputation,RFECA_SVR(k=5),0.3,2,5,2.3572249875679807,1.6408314362364584,7.920067994481364,0.28763097811585264,0.11886892698922231,0.959204629087921,400,5804,1741,46,0,originally_observed_only,94,23,False,2317048
imputation,RFECA_SVR(k=10),0.3,2,1,2.0360854882207913,1.3675977592858055,6.706144600283764,0.2905176876258604,0.09880146638579237,0.9638031759446007,287,5804,1741,46,0,originally_observed_only,93,24,False,2317048
imputation,RFECA_SVR(k=10),0.3,2,2,2.0029780972794757,1.3406133743607318,6.018225533648024,0.2581076432569344,0.09386463221616755,0.9687592969324597,351,5804,1741,46,0,originally_observed_only,93,24,False,2317048
imputation,RFECA_SVR(k=10),0.3,2,3,1.9965189355918262,1.328269360073091,6.915529470551382,0.2890934822304016,0.10195234246625895,0.9655606480712197,333,5804,1741,46,0,originally_observed_only,94,23,False,2317048
imputation,RFECA_SVR(k=10),0.3,2,4,2.9106091382781143,1.8901972803795335,7.187078980001303,0.3010082278707485,0.11225151669557845,0.9580197430200307,370,5804,1741,46,0,originally_observed_only,94,23,False,2317048
imputation,RFECA_SVR(k=10),0.3,2,5,2.2724464633799255,1.5673152381892566,7.528878546183607,0.2734242561886058,0.11436707735985228,0.9656260663705569,400,5804,1741,46,0,originally_observed_only,94,23,False,2317048
imputation,RFECA_SVR(k=20),0.3,2,1,2.2905680260136374,1.5229194404298432,7.021534661965637,0.30418073798956985,0.1015841195033645,0.9584123728425041,287,5804,1741,46,0,originally_observed_only,93,24,False,2317048
imputation,RFECA_SVR(k=20),0.3,2,2,2.384343389244846,1.601535244021065,6.0529183356145095,0.25959553654100703,0.09271443488523082,0.9663666805340355,351,5804,1741,46,0,originally_observed_only,93,24,False,2317048
imputation,RFECA_SVR(k=20),0.3,2,3,2.207008635344244,1.4516510464910397,7.689555282223116,0.3214504865906988,0.1057526771932974,0.952726455564683,333,5804,1741,46,0,originally_observed_only,94,23,False,2317048
imputation,RFECA_SVR(k=20),0.3,2,4,3.0240315560512228,1.9448315988844465,6.567706336847997,0.2750677502127216,0.10381976316252252,0.9633502982386072,370,5804,1741,46,0,originally_observed_only,94,23,False,2317048
imputation,RFECA_SVR(k=20),0.3,2,5,2.611252771893193,1.7679022470936252,8.285596327981123,0.3009057722422228,0.1189305965622822,0.9550672605719184,400,5804,1741,46,0,originally_observed_only,94,23,False,2317048
imputation,RFECA_SVR(k=5),0.3,3,1,1.9040912250375037,1.3313242299215584,4.92745298598467,0.21346277670672867,0.07527832707094648,0.9797578882600101,262,5804,1741,46,0,originally_observed_only,93,24,False,3317051
imputation,RFECA_SVR(k=5),0.3,3,2,2.193280674884766,1.5253487639560535,6.716965094250756,0.288074951764935,0.10455185605059342,0.9605608363969346,321,5804,1741,46,0,originally_observed_only,93,24,False,3317051
imputation,RFECA_SVR(k=5),0.3,3,3,1.9395536005090535,1.3334204713808195,6.224679816031684,0.2602135341117154,0.09579966758287056,0.969566377978644,363,5804,1741,46,0,originally_observed_only,94,23,False,3317051
imputation,RFECA_SVR(k=5),0.3,3,4,2.785016405244269,1.798290115499488,7.124292097510271,0.29837859651637716,0.10971785340133057,0.9606076948494323,381,5804,1741,46,0,originally_observed_only,94,23,False,3317051
imputation,RFECA_SVR(k=5),0.3,3,5,2.334944437594998,1.5245425691581151,6.862965422225705,0.2492404684587964,0.09890271392407378,0.9689509861459731,414,5804,1741,46,0,originally_observed_only,94,23,False,3317051
imputation,RFECA_SVR(k=10),0.3,3,1,1.936625548565035,1.3766808763434601,5.419368401392297,0.23477310290901354,0.08343649360599148,0.9764363039586903,262,5804,1741,46,0,originally_observed_only,93,24,False,3317051
imputation,RFECA_SVR(k=10),0.3,3,2,2.1051961589391017,1.4828366682550727,6.354054932861784,0.2725105821768578,0.09539921941937661,0.9646784278622571,321,5804,1741,46,0,originally_observed_only,93,24,False,3317051
imputation,RFECA_SVR(k=10),0.3,3,3,1.9975954554672386,1.37533350189069,6.632030916519839,0.2772422444414131,0.10061270639400875,0.9666546692269463,363,5804,1741,46,0,originally_observed_only,94,23,False,3317051
imputation,RFECA_SVR(k=10),0.3,3,4,2.793305286874183,1.824385681902934,7.414091886640346,0.31051595039910085,0.11371668737119604,0.9583705161130872,381,5804,1741,46,0,originally_observed_only,94,23,False,3317051
imputation,RFECA_SVR(k=10),0.3,3,5,2.2644339842442447,1.5240709262889398,6.607414150638613,0.23995968169578344,0.09699320096562733,0.9721457030111373,414,5804,1741,46,0,originally_observed_only,94,23,False,3317051
imputation,RFECA_SVR(k=20),0.3,3,1,2.1765515712030323,1.5413761171940543,5.967648660285638,0.2585252171980287,0.09051090743795988,0.9689938954585996,262,5804,1741,46,0,originally_observed_only,93,24,False,3317051
imputation,RFECA_SVR(k=20),0.3,3,2,2.3040993608805493,1.5948635689674926,6.588528361316197,0.2825666001320469,0.10222747592283438,0.9609444068221714,321,5804,1741,46,0,originally_observed_only,93,24,False,3317051
imputation,RFECA_SVR(k=20),0.3,3,3,2.148390070973485,1.4870181340974633,6.412152194680353,0.2680505396506765,0.09993117053422518,0.9673948378872201,363,5804,1741,46,0,originally_observed_only,94,23,False,3317051
imputation,RFECA_SVR(k=20),0.3,3,4,2.9803610689965057,1.9470180893176545,7.341413061978261,0.3074720261182995,0.11231002248913464,0.955980789422688,381,5804,1741,46,0,originally_observed_only,94,23,False,3317051
imputation,RFECA_SVR(k=20),0.3,3,5,2.4265976304985752,1.65247691908083,7.491927176679722,0.27208230324571075,0.11351016009858947,0.9623691161516346,414,5804,1741,46,0,originally_observed_only,94,23,False,3317051
imputation,RFECA_SVR(k=5),0.3,4,1,1.9087544950267772,1.3231571825128048,5.621667717826541,0.24353693565074744,0.08614516657550705,0.9719352918166342,279,5804,1741,46,0,originally_observed_only,93,24,False,4317054
imputation,RFECA_SVR(k=5),0.3,4,2,2.1610967230948064,1.519050998446531,6.331249771524985,0.2715325220470362,0.09514675936042392,0.9631829287026963,353,5804,1741,46,0,originally_observed_only,93,24,False,4317054
imputation,RFECA_SVR(k=5),0.3,4,3,1.8379528315365063,1.2815245447348271,6.590080532898219,0.2754885706939844,0.09529258550972658,0.9651473538385067,350,5804,1741,46,0,originally_observed_only,94,23,False,4317054
imputation,RFECA_SVR(k=5),0.3,4,4,2.92194653549526,1.855311293646133,7.429151742145876,0.3111466851427043,0.10668090859094988,0.9551859072265505,371,5804,1741,46,0,originally_observed_only,94,23,False,4317054
imputation,RFECA_SVR(k=5),0.3,4,5,2.1514197216093374,1.4938143678358207,6.676587862196119,0.2424718447642133,0.10133129620645875,0.9703079754662071,388,5804,1741,46,0,originally_observed_only,94,23,False,4317054
imputation,RFECA_SVR(k=10),0.3,4,1,2.0341936585181863,1.395086010686743,6.035929212616019,0.26148320712446116,0.09200384237249497,0.9684150449809764,279,5804,1741,46,0,originally_observed_only,93,24,False,4317054
imputation,RFECA_SVR(k=10),0.3,4,2,2.1831145612365,1.5148824515331354,6.581212844079642,0.28225285467625166,0.09890309596973312,0.9606337766654507,353,5804,1741,46,0,originally_observed_only,93,24,False,4317054
imputation,RFECA_SVR(k=10),0.3,4,3,1.891687595200345,1.3316874685744045,6.690544417576843,0.27968831481825046,0.09669269641535817,0.9636203531770239,350,5804,1741,46,0,originally_observed_only,94,23,False,4317054
imputation,RFECA_SVR(k=10),0.3,4,4,2.9306726595095904,1.8593304504549961,7.613120447463694,0.31885163650409626,0.11187303187673785,0.9535093813063852,371,5804,1741,46,0,originally_observed_only,94,23,False,4317054
imputation,RFECA_SVR(k=10),0.3,4,5,2.1942659088247956,1.5391678738333172,6.955526569671112,0.2526019867429575,0.1040342158714014,0.9684752464445814,388,5804,1741,46,0,originally_observed_only,94,23,False,4317054
imputation,RFECA_SVR(k=20),0.3,4,1,2.4561227549268336,1.5534823472457253,6.557434462393885,0.2840753980598909,0.0965245360533102,0.9623736923833989,279,5804,1741,46,0,originally_observed_only,93,24,False,4317054
imputation,RFECA_SVR(k=20),0.3,4,2,2.4492461462223134,1.6914231750274042,6.508409290332059,0.2791304802199512,0.09992652203532953,0.9602625086509925,353,5804,1741,46,0,originally_observed_only,93,24,False,4317054
imputation,RFECA_SVR(k=20),0.3,4,3,2.0187846122374378,1.4384874349669496,7.023557867973121,0.29360944962283475,0.10133657664813339,0.9595649104692843,350,5804,1741,46,0,originally_observed_only,94,23,False,4317054
imputation,RFECA_SVR(k=20),0.3,4,4,3.0061809023141737,1.9782961556717436,7.626896321603803,0.3194285957213002,0.1158838692775573,0.9515369439099507,371,5804,1741,46,0,originally_observed_only,94,23,False,4317054
imputation,RFECA_SVR(k=20),0.3,4,5,2.523673871297914,1.6450332561863001,7.811871043503343,0.28370161856229253,0.11820101749865003,0.9589133778937597,388,5804,1741,46,0,originally_observed_only,94,23,False,4317054
imputation,RFECA_SVR(k=5),0.3,5,1,2.379459771856139,1.546508438007475,5.6419074643218945,0.2444137441152883,0.08692339649095318,0.9706820038881564,246,5804,1741,46,0,originally_observed_only,93,24,False,5317057
imputation,RFECA_SVR(k=5),0.3,5,2,2.0275856487572756,1.3355949308467396,5.807530978140986,0.24907144564936076,0.08599103331851779,0.9710815395761199,377,5804,1741,46,0,originally_observed_only,93,24,False,5317057
imputation,RFECA_SVR(k=5),0.3,5,3,2.0915934506784906,1.397711969286091,6.062697541775954,0.2534421046899194,0.09199086478254095,0.9694454830350121,341,5804,1741,46,0,originally_observed_only,94,23,False,5317057
imputation,RFECA_SVR(k=5),0.3,5,4,3.0538525216603642,1.9219680616924437,8.374950408474726,0.35075849145043364,0.1309015358668616,0.9464169793006184,360,5804,1741,46,0,originally_observed_only,94,23,False,5317057
imputation,RFECA_SVR(k=5),0.3,5,5,2.026728652947893,1.436925456858017,6.42786479150189,0.2334390359356012,0.10044893912367168,0.9726093126487921,417,5804,1741,46,0,originally_observed_only,94,23,False,5317057
imputation,RFECA_SVR(k=10),0.3,5,1,2.3330640593656145,1.5041222159229963,5.4313631599386545,0.23529272927024217,0.08431499461024643,0.9736275840676323,246,5804,1741,46,0,originally_observed_only,93,24,False,5317057
imputation,RFECA_SVR(k=10),0.3,5,2,2.0809824321256047,1.3516518553287302,5.895817566760309,0.25285785132530675,0.08580647501748807,0.970214154070394,377,5804,1741,46,0,originally_observed_only,93,24,False,5317057
imputation,RFECA_SVR(k=10),0.3,5,3,2.2397174897648306,1.4511212377054197,6.296807363559133,0.2632287195676146,0.09448680716739027,0.9666704890903935,341,5804,1741,46,0,originally_observed_only,94,23,False,5317057
imputation,RFECA_SVR(k=10),0.3,5,4,3.0507493276819004,1.9640712334805521,8.270541913708056,0.34638566960280703,0.13045240049161086,0.9481127225893773,360,5804,1741,46,0,originally_observed_only,94,23,False,5317057
imputation,RFECA_SVR(k=10),0.3,5,5,2.0090702449675772,1.3887724584160888,6.391101017284083,0.23210389584023,0.09855502899663876,0.9741491342798542,417,5804,1741,46,0,originally_observed_only,94,23,False,5317057
imputation,RFECA_SVR(k=20),0.3,5,1,2.4427353557604605,1.5728224117797382,5.54232093446212,0.24009954421385446,0.08535797508497753,0.9714839604048525,246,5804,1741,46,0,originally_observed_only,93,24,False,5317057
imputation,RFECA_SVR(k=20),0.3,5,2,2.375056084383893,1.5227436916301031,6.065085814129952,0.260117371288881,0.08887700416263825,0.9670909685782347,377,5804,1741,46,0,originally_observed_only,93,24,False,5317057
imputation,RFECA_SVR(k=20),0.3,5,3,2.507819731759159,1.571122921525462,6.672160855715003,0.2789198172018252,0.09788151722010262,0.961830968554893,341,5804,1741,46,0,originally_observed_only,94,23,False,5317057
imputation,RFECA_SVR(k=20),0.3,5,4,3.0411209909295107,2.030884013216763,7.516099011220232,0.3147881983993554,0.1158279822736862,0.9539656612241327,360,5804,1741,46,0,originally_observed_only,94,23,False,5317057
imputation,RFECA_SVR(k=20),0.3,5,5,2.3534495031518343,1.6106456299548446,6.59507734474841,0.23951164923602464,0.10266665317114138,0.9715241000267911,417,5804,1741,46,0,originally_observed_only,94,23,False,5317057
imputation,RFECA_SVR(k=5),0.3,6,1,2.0445134162219065,1.2937206550387306,5.03893500841259,0.21829230265614577,0.07556353218669232,0.9775458088973441,277,5804,1741,46,0,originally_observed_only,93,24,False,6317060
imputation,RFECA_SVR(k=5),0.3,6,2,2.159972159937964,1.4488462729132263,7.295875585286852,0.3129030712268303,0.10686975457961218,0.9537989103040267,339,5804,1741,46,0,originally_observed_only,93,24,False,6317060
imputation,RFECA_SVR(k=5),0.3,6,3,1.9289407135208871,1.3101815175606302,5.8822142088517895,0.24589726587146296,0.09082994708259468,0.9715975659367522,351,5804,1741,46,0,originally_observed_only,94,23,False,6317060
imputation,RFECA_SVR(k=5),0.3,6,4,2.946246031966643,1.9118694407831103,8.881776834464842,0.3719853243195115,0.13025394781117502,0.935023947107849,372,5804,1741,46,0,originally_observed_only,94,23,False,6317060
imputation,RFECA_SVR(k=5),0.3,6,5,2.2654238828028643,1.5414695599559922,7.030455753085846,0.25532316973406555,0.10762539921623872,0.9671416596157438,402,5804,1741,46,0,originally_observed_only,94,23,False,6317060
imputation,RFECA_SVR(k=10),0.3,6,1,1.9668079884493834,1.2465066475616924,5.168709674677072,0.2239142864043011,0.0765229411757341,0.9779193296936048,277,5804,1741,46,0,originally_observed_only,93,24,False,6317060
imputation,RFECA_SVR(k=10),0.3,6,2,2.150269640478511,1.4560324889007854,7.822993856913673,0.3355099433100699,0.11448157954083589,0.9480695331617003,339,5804,1741,46,0,originally_observed_only,93,24,False,6317060
imputation,RFECA_SVR(k=10),0.3,6,3,1.9069296854977216,1.2869093397305569,6.055652502450149,0.2531475972397206,0.09383842315966183,0.970512528648147,351,5804,1741,46,0,originally_observed_only,94,23,False,6317060
imputation,RFECA_SVR(k=10),0.3,6,4,2.9627066449634203,1.9067594476051786,8.763514786313548,0.36703228990352127,0.13100178492372347,0.9366021237143435,372,5804,1741,46,0,originally_observed_only,94,23,False,6317060
imputation,RFECA_SVR(k=10),0.3,6,5,2.2301556717321085,1.5209240489277587,6.891966260857785,0.25029368411145714,0.10305637290758567,0.9689506961543253,402,5804,1741,46,0,originally_observed_only,94,23,False,6317060
imputation,RFECA_SVR(k=20),0.3,6,1,2.2960525081125946,1.5023507415637998,6.493272167581165,0.28129581565706424,0.09493343431862515,0.9632998771994072,277,5804,1741,46,0,originally_observed_only,93,24,False,6317060
imputation,RFECA_SVR(k=20),0.3,6,2,2.3740344662537334,1.6202658346650998,7.921415277497464,0.3397310082686447,0.11671579348856098,0.9448674099868049,339,5804,1741,46,0,originally_observed_only,93,24,False,6317060
imputation,RFECA_SVR(k=20),0.3,6,3,1.8738301846405614,1.2975658309350901,5.858069613303479,0.2448879367616921,0.08996711935515164,0.9715722834004861,351,5804,1741,46,0,originally_observed_only,94,23,False,6317060
imputation,RFECA_SVR(k=20),0.3,6,4,3.063550484818597,2.048949360587539,8.419128923323054,0.3526087697765046,0.13298476737417017,0.9421895742143912,372,5804,1741,46,0,originally_observed_only,94,23,False,6317060
imputation,RFECA_SVR(k=20),0.3,6,5,2.352111876125711,1.6320565685030815,8.002210194074124,0.2906141142745215,0.11870243615900233,0.9577759676865517,402,5804,1741,46,0,originally_observed_only,94,23,False,6317060
imputation,RFECA_SVR(k=5),0.3,7,1,1.962417632892956,1.3080951219266195,5.301115103602586,0.229650237734507,0.07964779202176209,0.9752016250914022,270,5804,1741,46,0,originally_observed_only,93,24,False,7317063
imputation,RFECA_SVR(k=5),0.3,7,2,2.3794582515201035,1.663461198092104,7.737190957076865,0.33183005724769676,0.11322945558195349,0.9484537727600663,362,5804,1741,46,0,originally_observed_only,93,24,False,7317063
imputation,RFECA_SVR(k=5),0.3,7,3,2.020776067815011,1.3484896450048034,7.2811454200186905,0.3043775162932413,0.10482989549549808,0.9589877882044616,326,5804,1741,46,0,originally_observed_only,94,23,False,7317063
imputation,RFECA_SVR(k=5),0.3,7,4,2.8118084587378456,1.8169281777091943,8.430484484446527,0.3530843617854092,0.12405217383268041,0.9409811519525877,359,5804,1741,46,0,originally_observed_only,94,23,False,7317063
imputation,RFECA_SVR(k=5),0.3,7,5,2.4157255060343727,1.6233791635068189,6.783101208430126,0.24634006129733235,0.10689848081240719,0.9691941475575192,424,5804,1741,46,0,originally_observed_only,94,23,False,7317063
imputation,RFECA_SVR(k=10),0.3,7,1,2.0462665220540313,1.339858262850819,5.826326759931722,0.25240299434885616,0.08756361366091353,0.9706918926673598,270,5804,1741,46,0,originally_observed_only,93,24,False,7317063
imputation,RFECA_SVR(k=10),0.3,7,2,2.415832893841587,1.6762494532469023,8.064106115051539,0.34585068517166623,0.12049307545271624,0.9458016648204796,362,5804,1741,46,0,originally_observed_only,93,24,False,7317063
imputation,RFECA_SVR(k=10),0.3,7,3,1.9853238096295391,1.3346094621697095,7.417383670971465,0.31007275489335623,0.10710808329500268,0.9585478762017825,326,5804,1741,46,0,originally_observed_only,94,23,False,7317063
imputation,RFECA_SVR(k=10),0.3,7,4,2.852410384151626,1.825248884251046,9.002035840816683,0.3770219950571215,0.13119802609940837,0.9357555537595879,359,5804,1741,46,0,originally_observed_only,94,23,False,7317063
imputation,RFECA_SVR(k=10),0.3,7,5,2.3930184137940453,1.626508348646269,6.9343772017068455,0.2518339108377591,0.10735182682686553,0.968334575489757,424,5804,1741,46,0,originally_observed_only,94,23,False,7317063
imputation,RFECA_SVR(k=20),0.3,7,1,2.1878001485687544,1.4869324554890253,5.802550723859951,0.2513729898630913,0.08844926716072025,0.9686900529697251,270,5804,1741,46,0,originally_observed_only,93,24,False,7317063
imputation,RFECA_SVR(k=20),0.3,7,2,2.5610307301444775,1.8201200317256365,7.9649275397033605,0.34159714761286664,0.12297679186747447,0.9439380540665232,362,5804,1741,46,0,originally_observed_only,93,24,False,7317063
imputation,RFECA_SVR(k=20),0.3,7,3,2.097940941638271,1.4342866356054524,7.138097917136604,0.29839762698633493,0.1063291994243053,0.958401470064619,326,5804,1741,46,0,originally_observed_only,94,23,False,7317063
imputation,RFECA_SVR(k=20),0.3,7,4,3.0216180857076176,1.9352662842280532,9.419156699327983,0.39449179200491974,0.13604088644940024,0.9267852502888244,359,5804,1741,46,0,originally_observed_only,94,23,False,7317063
imputation,RFECA_SVR(k=20),0.3,7,5,2.437311680713665,1.6688740594884632,7.056475277009254,0.2562681137827042,0.10983634952286361,0.9666126335755921,424,5804,1741,46,0,originally_observed_only,94,23,False,7317063
imputation,RFECA_SVR(k=5),0.3,8,1,1.988571823552507,1.304887005278139,5.131276702359243,0.222292648159537,0.0778897591480629,0.9765997799888219,280,5804,1741,46,0,originally_observed_only,93,24,False,8317066
imputation,RFECA_SVR(k=5),0.3,8,2,2.4357409205682803,1.6107867772522335,6.9025442164232595,0.2960340070701623,0.10668699912266134,0.9584444482899303,372,5804,1741,46,0,originally_observed_only,93,24,False,8317066
imputation,RFECA_SVR(k=5),0.3,8,3,1.9113792567384986,1.3088245978975985,6.49994161005438,0.27172044632977066,0.09466473924470252,0.9669521990110995,316,5804,1741,46,0,originally_observed_only,94,23,False,8317066
imputation,RFECA_SVR(k=5),0.3,8,4,2.874061901270881,1.8229168351575773,8.331154539193477,0.3489242390320186,0.1306957608140356,0.9429078775654922,376,5804,1741,46,0,originally_observed_only,94,23,False,8317066
imputation,RFECA_SVR(k=5),0.3,8,5,2.0042556843837356,1.3985004868482331,5.527850304728925,0.20075345200761913,0.08604825397088749,0.9803652359033144,397,5804,1741,46,0,originally_observed_only,94,23,False,8317066
imputation,RFECA_SVR(k=10),0.3,8,1,2.116556861724722,1.3662831994097533,5.31536806293262,0.23026769188039756,0.07937600417820319,0.9754593665746627,280,5804,1741,46,0,originally_observed_only,93,24,False,8317066
imputation,RFECA_SVR(k=10),0.3,8,2,2.4585158073559823,1.649468511143071,7.1466760153055215,0.30650424998500053,0.11047846356393588,0.9582240070906034,372,5804,1741,46,0,originally_observed_only,93,24,False,8317066
imputation,RFECA_SVR(k=10),0.3,8,3,2.0257000083717953,1.3803723999700381,6.948923187886045,0.2904894571980458,0.10287758796726443,0.963917271548521,316,5804,1741,46,0,originally_observed_only,94,23,False,8317066
imputation,RFECA_SVR(k=10),0.3,8,4,2.8459157448091275,1.8150020221883483,9.082041953845383,0.3803727997955427,0.1402991703321088,0.935432142713345,376,5804,1741,46,0,originally_observed_only,94,23,False,8317066
imputation,RFECA_SVR(k=10),0.3,8,5,2.150827527503721,1.4966871417914487,6.365756542309548,0.2311834673626162,0.099530034486956,0.9748291219871498,397,5804,1741,46,0,originally_observed_only,94,23,False,8317066
imputation,RFECA_SVR(k=20),0.3,8,1,2.197533769022018,1.42443509608781,5.787186927287239,0.25070741300492616,0.0862883027517404,0.9696176056611032,280,5804,1741,46,0,originally_observed_only,93,24,False,8317066
imputation,RFECA_SVR(k=20),0.3,8,2,2.540198949303674,1.7204216791714055,6.694345118573611,0.2871048338157298,0.10409795164635981,0.9603090379424574,372,5804,1741,46,0,originally_observed_only,93,24,False,8317066
imputation,RFECA_SVR(k=20),0.3,8,3,2.121152471514569,1.4648872824980088,7.082755119238848,0.2960841031659585,0.10454561257103727,0.9616028165622734,316,5804,1741,46,0,originally_observed_only,94,23,False,8317066
imputation,RFECA_SVR(k=20),0.3,8,4,2.9758143766602805,1.9194772832275706,9.02599357900504,0.3780253896679133,0.13837643418123147,0.9325554646251323,376,5804,1741,46,0,originally_observed_only,94,23,False,8317066
imputation,RFECA_SVR(k=20),0.3,8,5,2.3858546027718925,1.644659014304993,7.2418570858654085,0.26300057504987207,0.11116197606707441,0.9665166288162145,397,5804,1741,46,0,originally_observed_only,94,23,False,8317066
imputation,RFECA_SVR(k=5),0.3,9,1,1.9075034358695144,1.179709391640517,5.01263549813577,0.21715297844428924,0.07815848419031031,0.977151614208265,275,5804,1741,46,0,originally_observed_only,93,24,False,9317069
imputation,RFECA_SVR(k=5),0.3,9,2,2.0596515951848797,1.399220056415657,6.084908561834524,0.2609675226606264,0.09408635411676859,0.9667614190333025,343,5804,1741,46,0,originally_observed_only,93,24,False,9317069
imputation,RFECA_SVR(k=5),0.3,9,3,2.0554157454993276,1.3491254887715571,6.395104774730992,0.2673378974708997,0.0974639856469887,0.9661577712781947,340,5804,1741,46,0,originally_observed_only,94,23,False,9317069
imputation,RFECA_SVR(k=5),0.3,9,4,2.836950325875302,1.8042233424881817,7.317963317843784,0.30648990724280323,0.11360373037068944,0.9537149991900301,382,5804,1741,46,0,originally_observed_only,94,23,False,9317069
imputation,RFECA_SVR(k=5),0.3,9,5,2.312386413962548,1.5581752491623606,6.100325566405042,0.22154388203647304,0.093875482335098,0.9752391023440141,401,5804,1741,46,0,originally_observed_only,94,23,False,9317069
imputation,RFECA_SVR(k=10),0.3,9,1,1.9036400609608923,1.201654067897643,5.263222315375776,0.22800867975007527,0.079558688925108,0.9751666199204687,275,5804,1741,46,0,originally_observed_only,93,24,False,9317069
imputation,RFECA_SVR(k=10),0.3,9,2,2.03762262422826,1.4137413520048858,5.691792281152308,0.2441076831339224,0.08602405093811204,0.972017988967575,343,5804,1741,46,0,originally_observed_only,93,24,False,9317069
imputation,RFECA_SVR(k=10),0.3,9,3,1.9414325391910905,1.314506636920992,6.342406126704389,0.2651349084254882,0.0967332869805198,0.9676517315321483,340,5804,1741,46,0,originally_observed_only,94,23,False,9317069
imputation,RFECA_SVR(k=10),0.3,9,4,2.85264080264037,1.8460705046228958,7.583175420834915,0.3175974831235431,0.11992206200867055,0.9509404790620986,382,5804,1741,46,0,originally_observed_only,94,23,False,9317069
imputation,RFECA_SVR(k=10),0.3,9,5,2.379524419579149,1.5489789364328923,6.2530748445316275,0.22709123646634083,0.0978093222159678,0.9744587572905645,401,5804,1741,46,0,originally_observed_only,94,23,False,9317069
imputation,RFECA_SVR(k=20),0.3,9,1,2.17135949522195,1.454873508274237,6.6007937710429765,0.2859537718255352,0.0941470909591839,0.9595609791437741,275,5804,1741,46,0,originally_observed_only,93,24,False,9317069
imputation,RFECA_SVR(k=20),0.3,9,2,2.4268811533619385,1.6616201745804582,6.6594735822407225,0.2856092750319475,0.09994549938551486,0.9605588423705791,343,5804,1741,46,0,originally_observed_only,93,24,False,9317069
imputation,RFECA_SVR(k=20),0.3,9,3,2.1313707503394563,1.4688487801631234,6.990152576833608,0.2922129908293951,0.10571975544477649,0.9595895536228893,340,5804,1741,46,0,originally_observed_only,94,23,False,9317069
imputation,RFECA_SVR(k=20),0.3,9,4,3.2357525027617733,2.1109122546443273,9.095023485279773,0.3809164904636134,0.1400221237971979,0.9292843816802524,382,5804,1741,46,0,originally_observed_only,94,23,False,9317069
imputation,RFECA_SVR(k=20),0.3,9,5,2.557186093475273,1.6912124612749868,7.5922983621350175,0.2757274565786456,0.11767484480164818,0.9612910343234937,401,5804,1741,46,0,originally_observed_only,94,23,False,9317069
