stage,imputer,missing_rate,replicate,fold,n_train,n_test,train_test_overlap,imputer_object_id,correlation_source,has_corr_csv_path
imputation,RFECA_SVR(k=5),0.0,0,1,93,24,0,2755878434240,training_fold_X.corr(),False
imputation,RFECA_SVR(k=5),0.0,0,2,93,24,0,2756451270160,training_fold_X.corr(),False
imputation,RFECA_SVR(k=5),0.0,0,3,94,23,0,2756452177904,training_fold_X.corr(),False
imputation,RFECA_SVR(k=5),0.0,0,4,94,23,0,2756452049760,training_fold_X.corr(),False
imputation,RFECA_SVR(k=5),0.0,0,5,94,23,0,2756452050032,training_fold_X.corr(),False
imputation,RFECA_SVR(k=10),0.0,0,1,93,24,0,2756451564368,training_fold_X.corr(),False
imputation,RFECA_SVR(k=10),0.0,0,2,93,24,0,2756451563856,training_fold_X.corr(),False
imputation,RFECA_SVR(k=10),0.0,0,3,94,23,0,2756452680240,training_fold_X.corr(),False
imputation,RFECA_SVR(k=10),0.0,0,4,94,23,0,2756452680480,training_fold_X.corr(),False
imputation,RFECA_SVR(k=10),0.0,0,5,94,23,0,2756452680720,training_fold_X.corr(),False
imputation,RFECA_SVR(k=20),0.0,0,1,93,24,0,2756452680960,training_fold_X.corr(),False
imputation,RFECA_SVR(k=20),0.0,0,2,93,24,0,2756452681200,training_fold_X.corr(),False
imputation,RFECA_SVR(k=20),0.0,0,3,94,23,0,2756452681440,training_fold_X.corr(),False
imputation,RFECA_SVR(k=20),0.0,0,4,94,23,0,2756452681680,training_fold_X.corr(),False
imputation,RFECA_SVR(k=20),0.0,0,5,94,23,0,2756452681920,training_fold_X.corr(),False
classification,RFECA_SVR(k=5),0.0,0,1,93,24,0,2756452682160,training_fold_X.corr(),False
classification,RFECA_SVR(k=5),0.0,0,2,93,24,0,2756452687920,training_fold_X.corr(),False
classification,RFECA_SVR(k=5),0.0,0,3,94,23,0,2756452685520,training_fold_X.corr(),False
classification,RFECA_SVR(k=5),0.0,0,4,94,23,0,2756452683120,training_fold_X.corr(),False
classification,RFECA_SVR(k=5),0.0,0,5,94,23,0,2756452692000,training_fold_X.corr(),False
classification,RFECA_SVR(k=10),0.0,0,1,93,24,0,2756452695120,training_fold_X.corr(),False
classification,RFECA_SVR(k=10),0.0,0,2,93,24,0,2756452682880,training_fold_X.corr(),False
classification,RFECA_SVR(k=10),0.0,0,3,94,23,0,2756508944576,training_fold_X.corr(),False
classification,RFECA_SVR(k=10),0.0,0,4,94,23,0,2756508947696,training_fold_X.corr(),False
classification,RFECA_SVR(k=10),0.0,0,5,94,23,0,2756508948656,training_fold_X.corr(),False
classification,RFECA_SVR(k=20),0.0,0,1,93,24,0,2756451171408,training_fold_X.corr(),False
classification,RFECA_SVR(k=20),0.0,0,2,93,24,0,2756452687680,training_fold_X.corr(),False
classification,RFECA_SVR(k=20),0.0,0,3,94,23,0,2756452686720,training_fold_X.corr(),False
classification,RFECA_SVR(k=20),0.0,0,4,94,23,0,2756508946976,training_fold_X.corr(),False
classification,RFECA_SVR(k=20),0.0,0,5,94,23,0,2756508946256,training_fold_X.corr(),False
imputation,RFECA_SVR(k=5),0.0,1,1,93,24,0,2756452694640,training_fold_X.corr(),False
imputation,RFECA_SVR(k=5),0.0,1,2,93,24,0,2756452685280,training_fold_X.corr(),False
imputation,RFECA_SVR(k=5),0.0,1,3,94,23,0,2756452685040,training_fold_X.corr(),False
imputation,RFECA_SVR(k=5),0.0,1,4,94,23,0,2756452684800,training_fold_X.corr(),False
imputation,RFECA_SVR(k=5),0.0,1,5,94,23,0,2756452684560,training_fold_X.corr(),False
imputation,RFECA_SVR(k=10),0.0,1,1,93,24,0,2756452683360,training_fold_X.corr(),False
imputation,RFECA_SVR(k=10),0.0,1,2,93,24,0,2756452694160,training_fold_X.corr(),False
imputation,RFECA_SVR(k=10),0.0,1,3,94,23,0,2756452694400,training_fold_X.corr(),False
imputation,RFECA_SVR(k=10),0.0,1,4,94,23,0,2756452692480,training_fold_X.corr(),False
imputation,RFECA_SVR(k=10),0.0,1,5,94,23,0,2756452692720,training_fold_X.corr(),False
imputation,RFECA_SVR(k=20),0.0,1,1,93,24,0,2756452682640,training_fold_X.corr(),False
imputation,RFECA_SVR(k=20),0.0,1,2,93,24,0,2756452687200,training_fold_X.corr(),False
imputation,RFECA_SVR(k=20),0.0,1,3,94,23,0,2756452686960,training_fold_X.corr(),False
imputation,RFECA_SVR(k=20),0.0,1,4,94,23,0,2756508945776,training_fold_X.corr(),False
imputation,RFECA_SVR(k=20),0.0,1,5,94,23,0,2756508947216,training_fold_X.corr(),False
classification,RFECA_SVR(k=5),0.0,1,1,93,24,0,2756508945296,training_fold_X.corr(),False
classification,RFECA_SVR(k=5),0.0,1,2,93,24,0,2756508952256,training_fold_X.corr(),False
classification,RFECA_SVR(k=5),0.0,1,3,94,23,0,2756508952016,training_fold_X.corr(),False
classification,RFECA_SVR(k=5),0.0,1,4,94,23,0,2756508954176,training_fold_X.corr(),False
classification,RFECA_SVR(k=5),0.0,1,5,94,23,0,2756508956576,training_fold_X.corr(),False
classification,RFECA_SVR(k=10),0.0,1,1,93,24,0,2756508946496,training_fold_X.corr(),False
classification,RFECA_SVR(k=10),0.0,1,2,93,24,0,2756551577664,training_fold_X.corr(),False
classification,RFECA_SVR(k=10),0.0,1,3,94,23,0,2756551579584,training_fold_X.corr(),False
classification,RFECA_SVR(k=10),0.0,1,4,94,23,0,2756551581504,training_fold_X.corr(),False
classification,RFECA_SVR(k=10),0.0,1,5,94,23,0,2756551583424,training_fold_X.corr(),False
classification,RFECA_SVR(k=20),0.0,1,1,93,24,0,2756551575744,training_fold_X.corr(),False
classification,RFECA_SVR(k=20),0.0,1,2,93,24,0,2756551587264,training_fold_X.corr(),False
classification,RFECA_SVR(k=20),0.0,1,3,94,23,0,2756508957056,training_fold_X.corr(),False
classification,RFECA_SVR(k=20),0.0,1,4,94,23,0,2756508956336,training_fold_X.corr(),False
classification,RFECA_SVR(k=20),0.0,1,5,94,23,0,2756508951056,training_fold_X.corr(),False
imputation,RFECA_SVR(k=5),0.0,2,1,93,24,0,2756508945536,training_fold_X.corr(),False
imputation,RFECA_SVR(k=5),0.0,2,2,93,24,0,2756508950096,training_fold_X.corr(),False
imputation,RFECA_SVR(k=5),0.0,2,3,94,23,0,2756508950336,training_fold_X.corr(),False
imputation,RFECA_SVR(k=5),0.0,2,4,94,23,0,2756508950576,training_fold_X.corr(),False
imputation,RFECA_SVR(k=5),0.0,2,5,94,23,0,2756508950816,training_fold_X.corr(),False
imputation,RFECA_SVR(k=10),0.0,2,1,93,24,0,2756508943856,training_fold_X.corr(),False
imputation,RFECA_SVR(k=10),0.0,2,2,93,24,0,2756508944096,training_fold_X.corr(),False
imputation,RFECA_SVR(k=10),0.0,2,3,94,23,0,2756508942416,training_fold_X.corr(),False
imputation,RFECA_SVR(k=10),0.0,2,4,94,23,0,2756551585344,training_fold_X.corr(),False
imputation,RFECA_SVR(k=10),0.0,2,5,94,23,0,2756551588704,training_fold_X.corr(),False
imputation,RFECA_SVR(k=20),0.0,2,1,93,24,0,2756551588944,training_fold_X.corr(),False
imputation,RFECA_SVR(k=20),0.0,2,2,93,24,0,2756551589184,training_fold_X.corr(),False
imputation,RFECA_SVR(k=20),0.0,2,3,94,23,0,2756551588464,training_fold_X.corr(),False
imputation,RFECA_SVR(k=20),0.0,2,4,94,23,0,2756551588224,training_fold_X.corr(),False
imputation,RFECA_SVR(k=20),0.0,2,5,94,23,0,2756551585824,training_fold_X.corr(),False
classification,RFECA_SVR(k=5),0.0,2,1,93,24,0,2756551584624,training_fold_X.corr(),False
classification,RFECA_SVR(k=5),0.0,2,2,93,24,0,2756551577904,training_fold_X.corr(),False
classification,RFECA_SVR(k=5),0.0,2,3,94,23,0,2756508952976,training_fold_X.corr(),False
classification,RFECA_SVR(k=5),0.0,2,4,94,23,0,2756508942896,training_fold_X.corr(),False
classification,RFECA_SVR(k=5),0.0,2,5,94,23,0,2756551580064,training_fold_X.corr(),False
classification,RFECA_SVR(k=10),0.0,2,1,93,24,0,2756551585584,training_fold_X.corr(),False
classification,RFECA_SVR(k=10),0.0,2,2,93,24,0,2756612407376,training_fold_X.corr(),False
classification,RFECA_SVR(k=10),0.0,2,3,94,23,0,2756612410256,training_fold_X.corr(),False
classification,RFECA_SVR(k=10),0.0,2,4,94,23,0,2756612412176,training_fold_X.corr(),False
classification,RFECA_SVR(k=10),0.0,2,5,94,23,0,2756612414096,training_fold_X.corr(),False
classification,RFECA_SVR(k=20),0.0,2,1,93,24,0,2756551584384,training_fold_X.corr(),False
classification,RFECA_SVR(k=20),0.0,2,2,93,24,0,2756612417936,training_fold_X.corr(),False
classification,RFECA_SVR(k=20),0.0,2,3,94,23,0,2756612419856,training_fold_X.corr(),False
classification,RFECA_SVR(k=20),0.0,2,4,94,23,0,2756612421776,training_fold_X.corr(),False
classification,RFECA_SVR(k=20),0.0,2,5,94,23,0,2756612420096,training_fold_X.corr(),False
imputation,RFECA_SVR(k=5),0.0,3,1,93,24,0,2756612420336,training_fold_X.corr(),False
imputation,RFECA_SVR(k=5),0.0,3,2,93,24,0,2756612422736,training_fold_X.corr(),False
imputation,RFECA_SVR(k=5),0.0,3,3,94,23,0,2756612417456,training_fold_X.corr(),False
imputation,RFECA_SVR(k=5),0.0,3,4,94,23,0,2756612416496,training_fold_X.corr(),False
imputation,RFECA_SVR(k=5),0.0,3,5,94,23,0,2756612416256,training_fold_X.corr(),False
imputation,RFECA_SVR(k=10),0.0,3,1,93,24,0,2756612415056,training_fold_X.corr(),False
imputation,RFECA_SVR(k=10),0.0,3,2,93,24,0,2756612415296,training_fold_X.corr(),False
imputation,RFECA_SVR(k=10),0.0,3,3,94,23,0,2756612422976,training_fold_X.corr(),False
imputation,RFECA_SVR(k=10),0.0,3,4,94,23,0,2756612423216,training_fold_X.corr(),False
imputation,RFECA_SVR(k=10),0.0,3,5,94,23,0,2756612423456,training_fold_X.corr(),False
imputation,RFECA_SVR(k=20),0.0,3,1,93,24,0,2756612415536,training_fold_X.corr(),False
imputation,RFECA_SVR(k=20),0.0,3,2,93,24,0,2756612414576,training_fold_X.corr(),False
imputation,RFECA_SVR(k=20),0.0,3,3,94,23,0,2756612414336,training_fold_X.corr(),False
imputation,RFECA_SVR(k=20),0.0,3,4,94,23,0,2756612413136,training_fold_X.corr(),False
imputation,RFECA_SVR(k=20),0.0,3,5,94,23,0,2756612413376,training_fold_X.corr(),False
classification,RFECA_SVR(k=5),0.0,3,1,93,24,0,2756612412416,training_fold_X.corr(),False
classification,RFECA_SVR(k=5),0.0,3,2,93,24,0,2756551582944,training_fold_X.corr(),False
classification,RFECA_SVR(k=5),0.0,3,3,94,23,0,2756551583904,training_fold_X.corr(),False
classification,RFECA_SVR(k=5),0.0,3,4,94,23,0,2756508958016,training_fold_X.corr(),False
classification,RFECA_SVR(k=5),0.0,3,5,94,23,0,2756551573584,training_fold_X.corr(),False
classification,RFECA_SVR(k=10),0.0,3,1,93,24,0,2756612416016,training_fold_X.corr(),False
classification,RFECA_SVR(k=10),0.0,3,2,93,24,0,2756612416976,training_fold_X.corr(),False
classification,RFECA_SVR(k=10),0.0,3,3,94,23,0,2756508953456,training_fold_X.corr(),False
classification,RFECA_SVR(k=10),0.0,3,4,94,23,0,2756654566288,training_fold_X.corr(),False
classification,RFECA_SVR(k=10),0.0,3,5,94,23,0,2756654568208,training_fold_X.corr(),False
classification,RFECA_SVR(k=20),0.0,3,1,93,24,0,2756508953696,training_fold_X.corr(),False
classification,RFECA_SVR(k=20),0.0,3,2,93,24,0,2756654572048,training_fold_X.corr(),False
classification,RFECA_SVR(k=20),0.0,3,3,94,23,0,2756654573968,training_fold_X.corr(),False
classification,RFECA_SVR(k=20),0.0,3,4,94,23,0,2756654575888,training_fold_X.corr(),False
classification,RFECA_SVR(k=20),0.0,3,5,94,23,0,2756654577808,training_fold_X.corr(),False
imputation,RFECA_SVR(k=5),0.0,4,1,93,24,0,2756612413616,training_fold_X.corr(),False
imputation,RFECA_SVR(k=5),0.0,4,2,93,24,0,2756612412656,training_fold_X.corr(),False
imputation,RFECA_SVR(k=5),0.0,4,3,94,23,0,2756654578768,training_fold_X.corr(),False
imputation,RFECA_SVR(k=5),0.0,4,4,94,23,0,2756654579008,training_fold_X.corr(),False
imputation,RFECA_SVR(k=5),0.0,4,5,94,23,0,2756654579248,training_fold_X.corr(),False
imputation,RFECA_SVR(k=10),0.0,4,1,93,24,0,2756654579488,training_fold_X.corr(),False
imputation,RFECA_SVR(k=10),0.0,4,2,93,24,0,2756654578288,training_fold_X.corr(),False
imputation,RFECA_SVR(k=10),0.0,4,3,94,23,0,2756654578048,training_fold_X.corr(),False
imputation,RFECA_SVR(k=10),0.0,4,4,94,23,0,2756654576848,training_fold_X.corr(),False
imputation,RFECA_SVR(k=10),0.0,4,5,94,23,0,2756654577088,training_fold_X.corr(),False
imputation,RFECA_SVR(k=20),0.0,4,1,93,24,0,2756654577328,training_fold_X.corr(),False
imputation,RFECA_SVR(k=20),0.0,4,2,93,24,0,2756654576368,training_fold_X.corr(),False
imputation,RFECA_SVR(k=20),0.0,4,3,94,23,0,2756654576128,training_fold_X.corr(),False
imputation,RFECA_SVR(k=20),0.0,4,4,94,23,0,2756654574928,training_fold_X.corr(),False
imputation,RFECA_SVR(k=20),0.0,4,5,94,23,0,2756654575168,training_fold_X.corr(),False
classification,RFECA_SVR(k=5),0.0,4,1,93,24,0,2756654574208,training_fold_X.corr(),False
classification,RFECA_SVR(k=5),0.0,4,2,93,24,0,2756654567728,training_fold_X.corr(),False
classification,RFECA_SVR(k=5),0.0,4,3,94,23,0,2756654568448,training_fold_X.corr(),False
classification,RFECA_SVR(k=5),0.0,4,4,94,23,0,2756612408096,training_fold_X.corr(),False
classification,RFECA_SVR(k=5),0.0,4,5,94,23,0,2756551573824,training_fold_X.corr(),False
classification,RFECA_SVR(k=10),0.0,4,1,93,24,0,2756654570128,training_fold_X.corr(),False
classification,RFECA_SVR(k=10),0.0,4,2,93,24,0,2756551579104,training_fold_X.corr(),False
classification,RFECA_SVR(k=10),0.0,4,3,94,23,0,2756508949616,training_fold_X.corr(),False
classification,RFECA_SVR(k=10),0.0,4,4,94,23,0,2756654569408,training_fold_X.corr(),False
classification,RFECA_SVR(k=10),0.0,4,5,94,23,0,2756654573488,training_fold_X.corr(),False
classification,RFECA_SVR(k=20),0.0,4,1,93,24,0,2756714956032,training_fold_X.corr(),False
classification,RFECA_SVR(k=20),0.0,4,2,93,24,0,2756714960352,training_fold_X.corr(),False
classification,RFECA_SVR(k=20),0.0,4,3,94,23,0,2756714962272,training_fold_X.corr(),False
classification,RFECA_SVR(k=20),0.0,4,4,94,23,0,2756714964192,training_fold_X.corr(),False
classification,RFECA_SVR(k=20),0.0,4,5,94,23,0,2756714966112,training_fold_X.corr(),False
imputation,RFECA_SVR(k=5),0.0,5,1,93,24,0,2756714958432,training_fold_X.corr(),False
imputation,RFECA_SVR(k=5),0.0,5,2,93,24,0,2756714968032,training_fold_X.corr(),False
imputation,RFECA_SVR(k=5),0.0,5,3,94,23,0,2756551574064,training_fold_X.corr(),False
imputation,RFECA_SVR(k=5),0.0,5,4,94,23,0,2756551578624,training_fold_X.corr(),False
imputation,RFECA_SVR(k=5),0.0,5,5,94,23,0,2756551583664,training_fold_X.corr(),False
imputation,RFECA_SVR(k=10),0.0,5,1,93,24,0,2756551581744,training_fold_X.corr(),False
imputation,RFECA_SVR(k=10),0.0,5,2,93,24,0,2756654573248,training_fold_X.corr(),False
imputation,RFECA_SVR(k=10),0.0,5,3,94,23,0,2756654571568,training_fold_X.corr(),False
imputation,RFECA_SVR(k=10),0.0,5,4,94,23,0,2756654571088,training_fold_X.corr(),False
imputation,RFECA_SVR(k=10),0.0,5,5,94,23,0,2756654572288,training_fold_X.corr(),False
imputation,RFECA_SVR(k=20),0.0,5,1,93,24,0,2756654570368,training_fold_X.corr(),False
imputation,RFECA_SVR(k=20),0.0,5,2,93,24,0,2756654569168,training_fold_X.corr(),False
imputation,RFECA_SVR(k=20),0.0,5,3,94,23,0,2756654565808,training_fold_X.corr(),False
imputation,RFECA_SVR(k=20),0.0,5,4,94,23,0,2756654565568,training_fold_X.corr(),False
imputation,RFECA_SVR(k=20),0.0,5,5,94,23,0,2756654565328,training_fold_X.corr(),False
classification,RFECA_SVR(k=5),0.0,5,1,93,24,0,2756654564128,training_fold_X.corr(),False
classification,RFECA_SVR(k=5),0.0,5,2,93,24,0,2756714963712,training_fold_X.corr(),False
classification,RFECA_SVR(k=5),0.0,5,3,94,23,0,2756714963472,training_fold_X.corr(),False
classification,RFECA_SVR(k=5),0.0,5,4,94,23,0,2756714959392,training_fold_X.corr(),False
classification,RFECA_SVR(k=5),0.0,5,5,94,23,0,2756714957952,training_fold_X.corr(),False
classification,RFECA_SVR(k=10),0.0,5,1,93,24,0,2756654574448,training_fold_X.corr(),False
classification,RFECA_SVR(k=10),0.0,5,2,93,24,0,2756758833824,training_fold_X.corr(),False
classification,RFECA_SVR(k=10),0.0,5,3,94,23,0,2756758835744,training_fold_X.corr(),False
classification,RFECA_SVR(k=10),0.0,5,4,94,23,0,2756714970432,training_fold_X.corr(),False
classification,RFECA_SVR(k=10),0.0,5,5,94,23,0,2756714970912,training_fold_X.corr(),False
classification,RFECA_SVR(k=20),0.0,5,1,93,24,0,2756714957232,training_fold_X.corr(),False
classification,RFECA_SVR(k=20),0.0,5,2,93,24,0,2756714961312,training_fold_X.corr(),False
classification,RFECA_SVR(k=20),0.0,5,3,94,23,0,2756758834064,training_fold_X.corr(),False
classification,RFECA_SVR(k=20),0.0,5,4,94,23,0,2756758831424,training_fold_X.corr(),False
classification,RFECA_SVR(k=20),0.0,5,5,94,23,0,2756758839584,training_fold_X.corr(),False
imputation,RFECA_SVR(k=5),0.0,6,1,93,24,0,2756714959872,training_fold_X.corr(),False
imputation,RFECA_SVR(k=5),0.0,6,2,93,24,0,2756714958912,training_fold_X.corr(),False
imputation,RFECA_SVR(k=5),0.0,6,3,94,23,0,2756612408816,training_fold_X.corr(),False
imputation,RFECA_SVR(k=5),0.0,6,4,94,23,0,2756612410496,training_fold_X.corr(),False
imputation,RFECA_SVR(k=5),0.0,6,5,94,23,0,2756612418176,training_fold_X.corr(),False
imputation,RFECA_SVR(k=10),0.0,6,1,93,24,0,2756714961552,training_fold_X.corr(),False
imputation,RFECA_SVR(k=10),0.0,6,2,93,24,0,2756714961792,training_fold_X.corr(),False
imputation,RFECA_SVR(k=10),0.0,6,3,94,23,0,2756714969952,training_fold_X.corr(),False
imputation,RFECA_SVR(k=10),0.0,6,4,94,23,0,2756758841504,training_fold_X.corr(),False
imputation,RFECA_SVR(k=10),0.0,6,5,94,23,0,2756758841264,training_fold_X.corr(),False
imputation,RFECA_SVR(k=20),0.0,6,1,93,24,0,2756654564608,training_fold_X.corr(),False
imputation,RFECA_SVR(k=20),0.0,6,2,93,24,0,2756654567248,training_fold_X.corr(),False
imputation,RFECA_SVR(k=20),0.0,6,3,94,23,0,2756508958496,training_fold_X.corr(),False
imputation,RFECA_SVR(k=20),0.0,6,4,94,23,0,2756508958256,training_fold_X.corr(),False
imputation,RFECA_SVR(k=20),0.0,6,5,94,23,0,2756508955136,training_fold_X.corr(),False
classification,RFECA_SVR(k=5),0.0,6,1,93,24,0,2756551575984,training_fold_X.corr(),False
classification,RFECA_SVR(k=5),0.0,6,2,93,24,0,2756452689840,training_fold_X.corr(),False
classification,RFECA_SVR(k=5),0.0,6,3,94,23,0,2756654575408,training_fold_X.corr(),False
classification,RFECA_SVR(k=5),0.0,6,4,94,23,0,2756714965392,training_fold_X.corr(),False
classification,RFECA_SVR(k=5),0.0,6,5,94,23,0,2756714967312,training_fold_X.corr(),False
classification,RFECA_SVR(k=10),0.0,6,1,93,24,0,2756508957296,training_fold_X.corr(),False
classification,RFECA_SVR(k=10),0.0,6,2,93,24,0,2756758841744,training_fold_X.corr(),False
classification,RFECA_SVR(k=10),0.0,6,3,94,23,0,2756758844624,training_fold_X.corr(),False
classification,RFECA_SVR(k=10),0.0,6,4,94,23,0,2756714964672,training_fold_X.corr(),False
classification,RFECA_SVR(k=10),0.0,6,5,94,23,0,2756714968512,training_fold_X.corr(),False
classification,RFECA_SVR(k=20),0.0,6,1,93,24,0,2756452688640,training_fold_X.corr(),False
classification,RFECA_SVR(k=20),0.0,6,2,93,24,0,2756714956512,training_fold_X.corr(),False
classification,RFECA_SVR(k=20),0.0,6,3,94,23,0,2756758842944,training_fold_X.corr(),False
classification,RFECA_SVR(k=20),0.0,6,4,94,23,0,2756758836704,training_fold_X.corr(),False
classification,RFECA_SVR(k=20),0.0,6,5,94,23,0,2756758838864,training_fold_X.corr(),False
imputation,RFECA_SVR(k=5),0.0,7,1,93,24,0,2756452690080,training_fold_X.corr(),False
imputation,RFECA_SVR(k=5),0.0,7,2,93,24,0,2756452689360,training_fold_X.corr(),False
imputation,RFECA_SVR(k=5),0.0,7,3,94,23,0,2756551586304,training_fold_X.corr(),False
imputation,RFECA_SVR(k=5),0.0,7,4,94,23,0,2756551587504,training_fold_X.corr(),False
imputation,RFECA_SVR(k=5),0.0,7,5,94,23,0,2756551587744,training_fold_X.corr(),False
imputation,RFECA_SVR(k=10),0.0,7,1,93,24,0,2756551576944,training_fold_X.corr(),False
imputation,RFECA_SVR(k=10),0.0,7,2,93,24,0,2756551577184,training_fold_X.corr(),False
imputation,RFECA_SVR(k=10),0.0,7,3,94,23,0,2756758846784,training_fold_X.corr(),False
imputation,RFECA_SVR(k=10),0.0,7,4,94,23,0,2756758836224,training_fold_X.corr(),False
imputation,RFECA_SVR(k=10),0.0,7,5,94,23,0,2756758835984,training_fold_X.corr(),False
imputation,RFECA_SVR(k=20),0.0,7,1,93,24,0,2756551574784,training_fold_X.corr(),False
imputation,RFECA_SVR(k=20),0.0,7,2,93,24,0,2756452690800,training_fold_X.corr(),False
imputation,RFECA_SVR(k=20),0.0,7,3,94,23,0,2756452690560,training_fold_X.corr(),False
imputation,RFECA_SVR(k=20),0.0,7,4,94,23,0,2756452690320,training_fold_X.corr(),False
imputation,RFECA_SVR(k=20),0.0,7,5,94,23,0,2756452688400,training_fold_X.corr(),False
classification,RFECA_SVR(k=5),0.0,7,1,93,24,0,2756612421296,training_fold_X.corr(),False
classification,RFECA_SVR(k=5),0.0,7,2,93,24,0,2756758840544,training_fold_X.corr(),False
classification,RFECA_SVR(k=5),0.0,7,3,94,23,0,2756758837184,training_fold_X.corr(),False
classification,RFECA_SVR(k=5),0.0,7,4,94,23,0,2756844406256,training_fold_X.corr(),False
classification,RFECA_SVR(k=5),0.0,7,5,94,23,0,2756844408176,training_fold_X.corr(),False
classification,RFECA_SVR(k=10),0.0,7,1,93,24,0,2756508954656,training_fold_X.corr(),False
classification,RFECA_SVR(k=10),0.0,7,2,93,24,0,2756844412016,training_fold_X.corr(),False
classification,RFECA_SVR(k=10),0.0,7,3,94,23,0,2756844413936,training_fold_X.corr(),False
classification,RFECA_SVR(k=10),0.0,7,4,94,23,0,2756844415856,training_fold_X.corr(),False
classification,RFECA_SVR(k=10),0.0,7,5,94,23,0,2756844417776,training_fold_X.corr(),False
classification,RFECA_SVR(k=20),0.0,7,1,93,24,0,2756758838144,training_fold_X.corr(),False
classification,RFECA_SVR(k=20),0.0,7,2,93,24,0,2756714969472,training_fold_X.corr(),False
classification,RFECA_SVR(k=20),0.0,7,3,94,23,0,2756758837904,training_fold_X.corr(),False
classification,RFECA_SVR(k=20),0.0,7,4,94,23,0,2756844415376,training_fold_X.corr(),False
classification,RFECA_SVR(k=20),0.0,7,5,94,23,0,2756844411056,training_fold_X.corr(),False
imputation,RFECA_SVR(k=5),0.0,8,1,93,24,0,2756758847264,training_fold_X.corr(),False
imputation,RFECA_SVR(k=5),0.0,8,2,93,24,0,2756758832144,training_fold_X.corr(),False
imputation,RFECA_SVR(k=5),0.0,8,3,94,23,0,2756612420816,training_fold_X.corr(),False
imputation,RFECA_SVR(k=5),0.0,8,4,94,23,0,2756612422256,training_fold_X.corr(),False
imputation,RFECA_SVR(k=5),0.0,8,5,94,23,0,2756758847024,training_fold_X.corr(),False
imputation,RFECA_SVR(k=10),0.0,8,1,93,24,0,2756758835024,training_fold_X.corr(),False
imputation,RFECA_SVR(k=10),0.0,8,2,93,24,0,2756758834784,training_fold_X.corr(),False
imputation,RFECA_SVR(k=10),0.0,8,3,94,23,0,2756844408656,training_fold_X.corr(),False
imputation,RFECA_SVR(k=10),0.0,8,4,94,23,0,2756844409616,training_fold_X.corr(),False
imputation,RFECA_SVR(k=10),0.0,8,5,94,23,0,2756844409376,training_fold_X.corr(),False
imputation,RFECA_SVR(k=20),0.0,8,1,93,24,0,2756844409136,training_fold_X.corr(),False
imputation,RFECA_SVR(k=20),0.0,8,2,93,24,0,2756844410336,training_fold_X.corr(),False
imputation,RFECA_SVR(k=20),0.0,8,3,94,23,0,2756844408416,training_fold_X.corr(),False
imputation,RFECA_SVR(k=20),0.0,8,4,94,23,0,2756844407216,training_fold_X.corr(),False
imputation,RFECA_SVR(k=20),0.0,8,5,94,23,0,2756714968272,training_fold_X.corr(),False
classification,RFECA_SVR(k=5),0.0,8,1,93,24,0,2756714966352,training_fold_X.corr(),False
classification,RFECA_SVR(k=5),0.0,8,2,93,24,0,2756844419216,training_fold_X.corr(),False
classification,RFECA_SVR(k=5),0.0,8,3,94,23,0,2756844418976,training_fold_X.corr(),False
classification,RFECA_SVR(k=5),0.0,8,4,94,23,0,2756844419936,training_fold_X.corr(),False
classification,RFECA_SVR(k=5),0.0,8,5,94,23,0,2756904749728,training_fold_X.corr(),False
classification,RFECA_SVR(k=10),0.0,8,1,93,24,0,2756714969232,training_fold_X.corr(),False
classification,RFECA_SVR(k=10),0.0,8,2,93,24,0,2756904753568,training_fold_X.corr(),False
classification,RFECA_SVR(k=10),0.0,8,3,94,23,0,2756904755488,training_fold_X.corr(),False
classification,RFECA_SVR(k=10),0.0,8,4,94,23,0,2756904757408,training_fold_X.corr(),False
classification,RFECA_SVR(k=10),0.0,8,5,94,23,0,2756904759328,training_fold_X.corr(),False
classification,RFECA_SVR(k=20),0.0,8,1,93,24,0,2756904751648,training_fold_X.corr(),False
classification,RFECA_SVR(k=20),0.0,8,2,93,24,0,2756844420896,training_fold_X.corr(),False
classification,RFECA_SVR(k=20),0.0,8,3,94,23,0,2756904761728,training_fold_X.corr(),False
classification,RFECA_SVR(k=20),0.0,8,4,94,23,0,2756904763168,training_fold_X.corr(),False
classification,RFECA_SVR(k=20),0.0,8,5,94,23,0,2756904758608,training_fold_X.corr(),False
imputation,RFECA_SVR(k=5),0.0,9,1,93,24,0,2756714965152,training_fold_X.corr(),False
imputation,RFECA_SVR(k=5),0.0,9,2,93,24,0,2756904761248,training_fold_X.corr(),False
imputation,RFECA_SVR(k=5),0.0,9,3,94,23,0,2756904753088,training_fold_X.corr(),False
imputation,RFECA_SVR(k=5),0.0,9,4,94,23,0,2756904752128,training_fold_X.corr(),False
imputation,RFECA_SVR(k=5),0.0,9,5,94,23,0,2756904751888,training_fold_X.corr(),False
imputation,RFECA_SVR(k=10),0.0,9,1,93,24,0,2756904750688,training_fold_X.corr(),False
imputation,RFECA_SVR(k=10),0.0,9,2,93,24,0,2756904750928,training_fold_X.corr(),False
imputation,RFECA_SVR(k=10),0.0,9,3,94,23,0,2756904755728,training_fold_X.corr(),False
imputation,RFECA_SVR(k=10),0.0,9,4,94,23,0,2756904754528,training_fold_X.corr(),False
imputation,RFECA_SVR(k=10),0.0,9,5,94,23,0,2756904754768,training_fold_X.corr(),False
imputation,RFECA_SVR(k=20),0.0,9,1,93,24,0,2756904755008,training_fold_X.corr(),False
imputation,RFECA_SVR(k=20),0.0,9,2,93,24,0,2756904754048,training_fold_X.corr(),False
imputation,RFECA_SVR(k=20),0.0,9,3,94,23,0,2756904751168,training_fold_X.corr(),False
imputation,RFECA_SVR(k=20),0.0,9,4,94,23,0,2756904750208,training_fold_X.corr(),False
imputation,RFECA_SVR(k=20),0.0,9,5,94,23,0,2756904749968,training_fold_X.corr(),False
classification,RFECA_SVR(k=5),0.0,9,1,93,24,0,2756904749248,training_fold_X.corr(),False
classification,RFECA_SVR(k=5),0.0,9,2,93,24,0,2756844413456,training_fold_X.corr(),False
classification,RFECA_SVR(k=5),0.0,9,3,94,23,0,2756844407696,training_fold_X.corr(),False
classification,RFECA_SVR(k=5),0.0,9,4,94,23,0,2756904756448,training_fold_X.corr(),False
classification,RFECA_SVR(k=5),0.0,9,5,94,23,0,2756904759568,training_fold_X.corr(),False
classification,RFECA_SVR(k=10),0.0,9,1,93,24,0,2756714965632,training_fold_X.corr(),False
classification,RFECA_SVR(k=10),0.0,9,2,93,24,0,2756925476208,training_fold_X.corr(),False
classification,RFECA_SVR(k=10),0.0,9,3,94,23,0,2756925478128,training_fold_X.corr(),False
classification,RFECA_SVR(k=10),0.0,9,4,94,23,0,2756925480048,training_fold_X.corr(),False
classification,RFECA_SVR(k=10),0.0,9,5,94,23,0,2756925481968,training_fold_X.corr(),False
classification,RFECA_SVR(k=20),0.0,9,1,93,24,0,2756904749008,training_fold_X.corr(),False
classification,RFECA_SVR(k=20),0.0,9,2,93,24,0,2756925485808,training_fold_X.corr(),False
classification,RFECA_SVR(k=20),0.0,9,3,94,23,0,2756925487728,training_fold_X.corr(),False
classification,RFECA_SVR(k=20),0.0,9,4,94,23,0,2756844419696,training_fold_X.corr(),False
classification,RFECA_SVR(k=20),0.0,9,5,94,23,0,2756925487008,training_fold_X.corr(),False
imputation,RFECA_SVR(k=5),0.05,0,1,93,24,0,2756925486768,training_fold_X.corr(),False
imputation,RFECA_SVR(k=5),0.05,0,2,93,24,0,2756925487968,training_fold_X.corr(),False
imputation,RFECA_SVR(k=5),0.05,0,3,94,23,0,2756925484128,training_fold_X.corr(),False
imputation,RFECA_SVR(k=5),0.05,0,4,94,23,0,2756925482928,training_fold_X.corr(),False
imputation,RFECA_SVR(k=5),0.05,0,5,94,23,0,2756925483168,training_fold_X.corr(),False
imputation,RFECA_SVR(k=10),0.05,0,1,93,24,0,2756925483408,training_fold_X.corr(),False
imputation,RFECA_SVR(k=10),0.05,0,2,93,24,0,2756925482448,training_fold_X.corr(),False
imputation,RFECA_SVR(k=10),0.05,0,3,94,23,0,2756925488208,training_fold_X.corr(),False
imputation,RFECA_SVR(k=10),0.05,0,4,94,23,0,2756925488928,training_fold_X.corr(),False
imputation,RFECA_SVR(k=10),0.05,0,5,94,23,0,2756925488688,training_fold_X.corr(),False
imputation,RFECA_SVR(k=20),0.05,0,1,93,24,0,2756925482208,training_fold_X.corr(),False
imputation,RFECA_SVR(k=20),0.05,0,2,93,24,0,2756925481008,training_fold_X.corr(),False
imputation,RFECA_SVR(k=20),0.05,0,3,94,23,0,2756925481248,training_fold_X.corr(),False
imputation,RFECA_SVR(k=20),0.05,0,4,94,23,0,2756925481488,training_fold_X.corr(),False
imputation,RFECA_SVR(k=20),0.05,0,5,94,23,0,2756925480528,training_fold_X.corr(),False
classification,RFECA_SVR(k=5),0.05,0,1,93,24,0,2756925479328,training_fold_X.corr(),False
classification,RFECA_SVR(k=5),0.05,0,2,93,24,0,2756904760288,training_fold_X.corr(),False
classification,RFECA_SVR(k=5),0.05,0,3,94,23,0,2756904756688,training_fold_X.corr(),False
classification,RFECA_SVR(k=5),0.05,0,4,94,23,0,2756904757888,training_fold_X.corr(),False
classification,RFECA_SVR(k=5),0.05,0,5,94,23,0,2756925486288,training_fold_X.corr(),False
classification,RFECA_SVR(k=10),0.05,0,1,93,24,0,2756925483888,training_fold_X.corr(),False
classification,RFECA_SVR(k=10),0.05,0,2,93,24,0,2756904752608,training_fold_X.corr(),False
classification,RFECA_SVR(k=10),0.05,0,3,94,23,0,2756844419456,training_fold_X.corr(),False
classification,RFECA_SVR(k=10),0.05,0,4,94,23,0,2756844414416,training_fold_X.corr(),False
classification,RFECA_SVR(k=10),0.05,0,5,94,23,0,2756986603952,training_fold_X.corr(),False
classification,RFECA_SVR(k=20),0.05,0,1,93,24,0,2756925479088,training_fold_X.corr(),False
classification,RFECA_SVR(k=20),0.05,0,2,93,24,0,2756986604432,training_fold_X.corr(),False
classification,RFECA_SVR(k=20),0.05,0,3,94,23,0,2756986605152,training_fold_X.corr(),False
classification,RFECA_SVR(k=20),0.05,0,4,94,23,0,2756986605872,training_fold_X.corr(),False
classification,RFECA_SVR(k=20),0.05,0,5,94,23,0,2756986606592,training_fold_X.corr(),False
imputation,RFECA_SVR(k=5),0.05,1,1,93,24,0,2756904759808,training_fold_X.corr(),False
imputation,RFECA_SVR(k=5),0.05,1,2,93,24,0,2756844416096,training_fold_X.corr(),False
imputation,RFECA_SVR(k=5),0.05,1,3,94,23,0,2756844412496,training_fold_X.corr(),False
imputation,RFECA_SVR(k=5),0.05,1,4,94,23,0,2756844420416,training_fold_X.corr(),False
imputation,RFECA_SVR(k=5),0.05,1,5,94,23,0,2756925474048,training_fold_X.corr(),False
imputation,RFECA_SVR(k=10),0.05,1,1,93,24,0,2756925485088,training_fold_X.corr(),False
imputation,RFECA_SVR(k=10),0.05,1,2,93,24,0,2756925484848,training_fold_X.corr(),False
imputation,RFECA_SVR(k=10),0.05,1,3,94,23,0,2756925486048,training_fold_X.corr(),False
imputation,RFECA_SVR(k=10),0.05,1,4,94,23,0,2756904748768,training_fold_X.corr(),False
imputation,RFECA_SVR(k=10),0.05,1,5,94,23,0,2756904748048,training_fold_X.corr(),False
imputation,RFECA_SVR(k=20),0.05,1,1,93,24,0,2756986607072,training_fold_X.corr(),False
imputation,RFECA_SVR(k=20),0.05,1,2,93,24,0,2756986605632,training_fold_X.corr(),False
imputation,RFECA_SVR(k=20),0.05,1,3,94,23,0,2756986604192,training_fold_X.corr(),False
imputation,RFECA_SVR(k=20),0.05,1,4,94,23,0,2756986603472,training_fold_X.corr(),False
imputation,RFECA_SVR(k=20),0.05,1,5,94,23,0,2756986604912,training_fold_X.corr(),False
classification,RFECA_SVR(k=5),0.05,1,1,93,24,0,2756986607312,training_fold_X.corr(),False
classification,RFECA_SVR(k=5),0.05,1,2,93,24,0,2756986610432,training_fold_X.corr(),False
classification,RFECA_SVR(k=5),0.05,1,3,94,23,0,2756986609232,training_fold_X.corr(),False
classification,RFECA_SVR(k=5),0.05,1,4,94,23,0,2756986612352,training_fold_X.corr(),False
classification,RFECA_SVR(k=5),0.05,1,5,94,23,0,2756986614272,training_fold_X.corr(),False
classification,RFECA_SVR(k=10),0.05,1,1,93,24,0,2756986606352,training_fold_X.corr(),False
classification,RFECA_SVR(k=10),0.05,1,2,93,24,0,2756986617152,training_fold_X.corr(),False
classification,RFECA_SVR(k=10),0.05,1,3,94,23,0,2756986609712,training_fold_X.corr(),False
classification,RFECA_SVR(k=10),0.05,1,4,94,23,0,2757052352704,training_fold_X.corr(),False
classification,RFECA_SVR(k=10),0.05,1,5,94,23,0,2757052354624,training_fold_X.corr(),False
classification,RFECA_SVR(k=20),0.05,1,1,93,24,0,2756986603232,training_fold_X.corr(),False
classification,RFECA_SVR(k=20),0.05,1,2,93,24,0,2757052358464,training_fold_X.corr(),False
classification,RFECA_SVR(k=20),0.05,1,3,94,23,0,2757052360384,training_fold_X.corr(),False
classification,RFECA_SVR(k=20),0.05,1,4,94,23,0,2757052362304,training_fold_X.corr(),False
classification,RFECA_SVR(k=20),0.05,1,5,94,23,0,2757052364224,training_fold_X.corr(),False
imputation,RFECA_SVR(k=5),0.05,2,1,93,24,0,2756986615712,training_fold_X.corr(),False
imputation,RFECA_SVR(k=5),0.05,2,2,93,24,0,2757052356544,training_fold_X.corr(),False
imputation,RFECA_SVR(k=5),0.05,2,3,94,23,0,2756986609952,training_fold_X.corr(),False
imputation,RFECA_SVR(k=5),0.05,2,4,94,23,0,2756986608512,training_fold_X.corr(),False
imputation,RFECA_SVR(k=5),0.05,2,5,94,23,0,2756986611392,training_fold_X.corr(),False
imputation,RFECA_SVR(k=10),0.05,2,1,93,24,0,2756986611632,training_fold_X.corr(),False
imputation,RFECA_SVR(k=10),0.05,2,2,93,24,0,2756925473088,training_fold_X.corr(),False
imputation,RFECA_SVR(k=10),0.05,2,3,94,23,0,2756925472848,training_fold_X.corr(),False
imputation,RFECA_SVR(k=10),0.05,2,4,94,23,0,2756844411296,training_fold_X.corr(),False
imputation,RFECA_SVR(k=10),0.05,2,5,94,23,0,2756844404816,training_fold_X.corr(),False
imputation,RFECA_SVR(k=20),0.05,2,1,93,24,0,2756844405776,training_fold_X.corr(),False
imputation,RFECA_SVR(k=20),0.05,2,2,93,24,0,2756844405536,training_fold_X.corr(),False
imputation,RFECA_SVR(k=20),0.05,2,3,94,23,0,2756844418256,training_fold_X.corr(),False
imputation,RFECA_SVR(k=20),0.05,2,4,94,23,0,2756844418016,training_fold_X.corr(),False
imputation,RFECA_SVR(k=20),0.05,2,5,94,23,0,2756844416816,training_fold_X.corr(),False
classification,RFECA_SVR(k=5),0.05,2,1,93,24,0,2756758841024,training_fold_X.corr(),False
classification,RFECA_SVR(k=5),0.05,2,2,93,24,0,2756986614752,training_fold_X.corr(),False
classification,RFECA_SVR(k=5),0.05,2,3,94,23,0,2756986616192,training_fold_X.corr(),False
classification,RFECA_SVR(k=5),0.05,2,4,94,23,0,2756986613552,training_fold_X.corr(),False
classification,RFECA_SVR(k=5),0.05,2,5,94,23,0,2757052361824,training_fold_X.corr(),False
classification,RFECA_SVR(k=10),0.05,2,1,93,24,0,2756925480288,training_fold_X.corr(),False
classification,RFECA_SVR(k=10),0.05,2,2,93,24,0,2756986613072,training_fold_X.corr(),False
classification,RFECA_SVR(k=10),0.05,2,3,94,23,0,2756986616432,training_fold_X.corr(),False
classification,RFECA_SVR(k=10),0.05,2,4,94,23,0,2757052356784,training_fold_X.corr(),False
classification,RFECA_SVR(k=10),0.05,2,5,94,23,0,2757052364704,training_fold_X.corr(),False
classification,RFECA_SVR(k=20),0.05,2,1,93,24,0,2757052357504,training_fold_X.corr(),False
classification,RFECA_SVR(k=20),0.05,2,2,93,24,0,2757052365664,training_fold_X.corr(),False
classification,RFECA_SVR(k=20),0.05,2,3,94,23,0,2756986602272,training_fold_X.corr(),False
classification,RFECA_SVR(k=20),0.05,2,4,94,23,0,2757133077152,training_fold_X.corr(),False
classification,RFECA_SVR(k=20),0.05,2,5,94,23,0,2757133079072,training_fold_X.corr(),False
imputation,RFECA_SVR(k=5),0.05,3,1,93,24,0,2756844417056,training_fold_X.corr(),False
imputation,RFECA_SVR(k=5),0.05,3,2,93,24,0,2756844417296,training_fold_X.corr(),False
imputation,RFECA_SVR(k=5),0.05,3,3,94,23,0,2757052366624,training_fold_X.corr(),False
imputation,RFECA_SVR(k=5),0.05,3,4,94,23,0,2756986608272,training_fold_X.corr(),False
imputation,RFECA_SVR(k=5),0.05,3,5,94,23,0,2756986608032,training_fold_X.corr(),False
imputation,RFECA_SVR(k=10),0.05,3,1,93,24,0,2756986607792,training_fold_X.corr(),False
imputation,RFECA_SVR(k=10),0.05,3,2,93,24,0,2757052365184,training_fold_X.corr(),False
imputation,RFECA_SVR(k=10),0.05,3,3,94,23,0,2757052365424,training_fold_X.corr(),False
imputation,RFECA_SVR(k=10),0.05,3,4,94,23,0,2757052351504,training_fold_X.corr(),False
imputation,RFECA_SVR(k=10),0.05,3,5,94,23,0,2757052351744,training_fold_X.corr(),False
imputation,RFECA_SVR(k=20),0.05,3,1,93,24,0,2757052366144,training_fold_X.corr(),False
imputation,RFECA_SVR(k=20),0.05,3,2,93,24,0,2757052352224,training_fold_X.corr(),False
imputation,RFECA_SVR(k=20),0.05,3,3,94,23,0,2757052351984,training_fold_X.corr(),False
imputation,RFECA_SVR(k=20),0.05,3,4,94,23,0,2757052353904,training_fold_X.corr(),False
imputation,RFECA_SVR(k=20),0.05,3,5,94,23,0,2757052354144,training_fold_X.corr(),False
classification,RFECA_SVR(k=5),0.05,3,1,93,24,0,2757052364464,training_fold_X.corr(),False
classification,RFECA_SVR(k=5),0.05,3,2,93,24,0,2756986615232,training_fold_X.corr(),False
classification,RFECA_SVR(k=5),0.05,3,3,94,23,0,2757133079312,training_fold_X.corr(),False
classification,RFECA_SVR(k=5),0.05,3,4,94,23,0,2757133078592,training_fold_X.corr(),False
classification,RFECA_SVR(k=5),0.05,3,5,94,23,0,2757133076192,training_fold_X.corr(),False
classification,RFECA_SVR(k=10),0.05,3,1,93,24,0,2757052350784,training_fold_X.corr(),False
classification,RFECA_SVR(k=10),0.05,3,2,93,24,0,2757133074992,training_fold_X.corr(),False
classification,RFECA_SVR(k=10),0.05,3,3,94,23,0,2757133080752,training_fold_X.corr(),False
classification,RFECA_SVR(k=10),0.05,3,4,94,23,0,2757133080032,training_fold_X.corr(),False
classification,RFECA_SVR(k=10),0.05,3,5,94,23,0,2757133081712,training_fold_X.corr(),False
classification,RFECA_SVR(k=20),0.05,3,1,93,24,0,2757133075712,training_fold_X.corr(),False
classification,RFECA_SVR(k=20),0.05,3,2,93,24,0,2757133083152,training_fold_X.corr(),False
classification,RFECA_SVR(k=20),0.05,3,3,94,23,0,2757133083872,training_fold_X.corr(),False
classification,RFECA_SVR(k=20),0.05,3,4,94,23,0,2757133084592,training_fold_X.corr(),False
classification,RFECA_SVR(k=20),0.05,3,5,94,23,0,2757133085312,training_fold_X.corr(),False
imputation,RFECA_SVR(k=5),0.05,4,1,93,24,0,2756986602032,training_fold_X.corr(),False
imputation,RFECA_SVR(k=5),0.05,4,2,93,24,0,2757052355104,training_fold_X.corr(),False
imputation,RFECA_SVR(k=5),0.05,4,3,94,23,0,2757052360864,training_fold_X.corr(),False
imputation,RFECA_SVR(k=5),0.05,4,4,94,23,0,2757052361344,training_fold_X.corr(),False
imputation,RFECA_SVR(k=5),0.05,4,5,94,23,0,2757052353184,training_fold_X.corr(),False
imputation,RFECA_SVR(k=10),0.05,4,1,93,24,0,2757052354864,training_fold_X.corr(),False
imputation,RFECA_SVR(k=10),0.05,4,2,93,24,0,2757133085792,training_fold_X.corr(),False
imputation,RFECA_SVR(k=10),0.05,4,3,94,23,0,2757133081472,training_fold_X.corr(),False
imputation,RFECA_SVR(k=10),0.05,4,4,94,23,0,2757133080992,training_fold_X.corr(),False
imputation,RFECA_SVR(k=10),0.05,4,5,94,23,0,2757133076672,training_fold_X.corr(),False
imputation,RFECA_SVR(k=20),0.05,4,1,93,24,0,2757133078352,training_fold_X.corr(),False
imputation,RFECA_SVR(k=20),0.05,4,2,93,24,0,2757133079552,training_fold_X.corr(),False
imputation,RFECA_SVR(k=20),0.05,4,3,94,23,0,2757133077392,training_fold_X.corr(),False
imputation,RFECA_SVR(k=20),0.05,4,4,94,23,0,2757133075232,training_fold_X.corr(),False
imputation,RFECA_SVR(k=20),0.05,4,5,94,23,0,2757133080272,training_fold_X.corr(),False
classification,RFECA_SVR(k=5),0.05,4,1,93,24,0,2757133086032,training_fold_X.corr(),False
classification,RFECA_SVR(k=5),0.05,4,2,93,24,0,2757133090352,training_fold_X.corr(),False
classification,RFECA_SVR(k=5),0.05,4,3,94,23,0,2757198152000,training_fold_X.corr(),False
classification,RFECA_SVR(k=5),0.05,4,4,94,23,0,2757198152720,training_fold_X.corr(),False
classification,RFECA_SVR(k=5),0.05,4,5,94,23,0,2757198153440,training_fold_X.corr(),False
classification,RFECA_SVR(k=10),0.05,4,1,93,24,0,2756986610912,training_fold_X.corr(),False
classification,RFECA_SVR(k=10),0.05,4,2,93,24,0,2757198154880,training_fold_X.corr(),False
classification,RFECA_SVR(k=10),0.05,4,3,94,23,0,2757198155600,training_fold_X.corr(),False
classification,RFECA_SVR(k=10),0.05,4,4,94,23,0,2757198156320,training_fold_X.corr(),False
classification,RFECA_SVR(k=10),0.05,4,5,94,23,0,2757198157040,training_fold_X.corr(),False
classification,RFECA_SVR(k=20),0.05,4,1,93,24,0,2757198154160,training_fold_X.corr(),False
classification,RFECA_SVR(k=20),0.05,4,2,93,24,0,2757198158480,training_fold_X.corr(),False
classification,RFECA_SVR(k=20),0.05,4,3,94,23,0,2757198159200,training_fold_X.corr(),False
classification,RFECA_SVR(k=20),0.05,4,4,94,23,0,2757198159920,training_fold_X.corr(),False
classification,RFECA_SVR(k=20),0.05,4,5,94,23,0,2757198160640,training_fold_X.corr(),False
imputation,RFECA_SVR(k=5),0.05,5,1,93,24,0,2757133089392,training_fold_X.corr(),False
imputation,RFECA_SVR(k=5),0.05,5,2,93,24,0,2757133087472,training_fold_X.corr(),False
imputation,RFECA_SVR(k=5),0.05,5,3,94,23,0,2757133086992,training_fold_X.corr(),False
imputation,RFECA_SVR(k=5),0.05,5,4,94,23,0,2757133086512,training_fold_X.corr(),False
imputation,RFECA_SVR(k=5),0.05,5,5,94,23,0,2757133082192,training_fold_X.corr(),False
imputation,RFECA_SVR(k=10),0.05,5,1,93,24,0,2757133082432,training_fold_X.corr(),False
imputation,RFECA_SVR(k=10),0.05,5,2,93,24,0,2757198161120,training_fold_X.corr(),False
imputation,RFECA_SVR(k=10),0.05,5,3,94,23,0,2757198156800,training_fold_X.corr(),False
imputation,RFECA_SVR(k=10),0.05,5,4,94,23,0,2757198155360,training_fold_X.corr(),False
imputation,RFECA_SVR(k=10),0.05,5,5,94,23,0,2757198153920,training_fold_X.corr(),False
imputation,RFECA_SVR(k=20),0.05,5,1,93,24,0,2757198152480,training_fold_X.corr(),False
imputation,RFECA_SVR(k=20),0.05,5,2,93,24,0,2757198151760,training_fold_X.corr(),False
imputation,RFECA_SVR(k=20),0.05,5,3,94,23,0,2757198153200,training_fold_X.corr(),False
imputation,RFECA_SVR(k=20),0.05,5,4,94,23,0,2757198154640,training_fold_X.corr(),False
imputation,RFECA_SVR(k=20),0.05,5,5,94,23,0,2757198156080,training_fold_X.corr(),False
classification,RFECA_SVR(k=5),0.05,5,1,93,24,0,2757198161360,training_fold_X.corr(),False
classification,RFECA_SVR(k=5),0.05,5,2,93,24,0,2757198165680,training_fold_X.corr(),False
classification,RFECA_SVR(k=5),0.05,5,3,94,23,0,2757198166400,training_fold_X.corr(),False
classification,RFECA_SVR(k=5),0.05,5,4,94,23,0,2757198167120,training_fold_X.corr(),False
classification,RFECA_SVR(k=5),0.05,5,5,94,23,0,2757198167840,training_fold_X.corr(),False
classification,RFECA_SVR(k=10),0.05,5,1,93,24,0,2757133089872,training_fold_X.corr(),False
classification,RFECA_SVR(k=10),0.05,5,2,93,24,0,2757259625728,training_fold_X.corr(),False
classification,RFECA_SVR(k=10),0.05,5,3,94,23,0,2757259626448,training_fold_X.corr(),False
classification,RFECA_SVR(k=10),0.05,5,4,94,23,0,2757259627168,training_fold_X.corr(),False
classification,RFECA_SVR(k=10),0.05,5,5,94,23,0,2757259627888,training_fold_X.corr(),False
classification,RFECA_SVR(k=20),0.05,5,1,93,24,0,2757259625008,training_fold_X.corr(),False
classification,RFECA_SVR(k=20),0.05,5,2,93,24,0,2757259629328,training_fold_X.corr(),False
classification,RFECA_SVR(k=20),0.05,5,3,94,23,0,2757259630048,training_fold_X.corr(),False
classification,RFECA_SVR(k=20),0.05,5,4,94,23,0,2757259630768,training_fold_X.corr(),False
classification,RFECA_SVR(k=20),0.05,5,5,94,23,0,2757259631488,training_fold_X.corr(),False
imputation,RFECA_SVR(k=5),0.05,6,1,93,24,0,2757198165200,training_fold_X.corr(),False
imputation,RFECA_SVR(k=5),0.05,6,2,93,24,0,2757198164720,training_fold_X.corr(),False
imputation,RFECA_SVR(k=5),0.05,6,3,94,23,0,2757198162080,training_fold_X.corr(),False
imputation,RFECA_SVR(k=5),0.05,6,4,94,23,0,2757198166160,training_fold_X.corr(),False
imputation,RFECA_SVR(k=5),0.05,6,5,94,23,0,2757198157520,training_fold_X.corr(),False
imputation,RFECA_SVR(k=10),0.05,6,1,93,24,0,2757198157760,training_fold_X.corr(),False
imputation,RFECA_SVR(k=10),0.05,6,2,93,24,0,2757259631968,training_fold_X.corr(),False
imputation,RFECA_SVR(k=10),0.05,6,3,94,23,0,2757259630528,training_fold_X.corr(),False
imputation,RFECA_SVR(k=10),0.05,6,4,94,23,0,2757259629088,training_fold_X.corr(),False
imputation,RFECA_SVR(k=10),0.05,6,5,94,23,0,2757259627648,training_fold_X.corr(),False
imputation,RFECA_SVR(k=20),0.05,6,1,93,24,0,2757259626208,training_fold_X.corr(),False
imputation,RFECA_SVR(k=20),0.05,6,2,93,24,0,2757259624768,training_fold_X.corr(),False
imputation,RFECA_SVR(k=20),0.05,6,3,94,23,0,2757259625488,training_fold_X.corr(),False
imputation,RFECA_SVR(k=20),0.05,6,4,94,23,0,2757259626928,training_fold_X.corr(),False
imputation,RFECA_SVR(k=20),0.05,6,5,94,23,0,2757259628368,training_fold_X.corr(),False
classification,RFECA_SVR(k=5),0.05,6,1,93,24,0,2757259632208,training_fold_X.corr(),False
classification,RFECA_SVR(k=5),0.05,6,2,93,24,0,2757259636528,training_fold_X.corr(),False
classification,RFECA_SVR(k=5),0.05,6,3,94,23,0,2757259637248,training_fold_X.corr(),False
classification,RFECA_SVR(k=5),0.05,6,4,94,23,0,2757259637968,training_fold_X.corr(),False
classification,RFECA_SVR(k=5),0.05,6,5,94,23,0,2757259638688,training_fold_X.corr(),False
classification,RFECA_SVR(k=10),0.05,6,1,93,24,0,2757259629808,training_fold_X.corr(),False
classification,RFECA_SVR(k=10),0.05,6,2,93,24,0,2757259640128,training_fold_X.corr(),False
classification,RFECA_SVR(k=10),0.05,6,3,94,23,0,2757304729680,training_fold_X.corr(),False
classification,RFECA_SVR(k=10),0.05,6,4,94,23,0,2757304730400,training_fold_X.corr(),False
classification,RFECA_SVR(k=10),0.05,6,5,94,23,0,2757304731120,training_fold_X.corr(),False
classification,RFECA_SVR(k=20),0.05,6,1,93,24,0,2757259628608,training_fold_X.corr(),False
classification,RFECA_SVR(k=20),0.05,6,2,93,24,0,2757304732560,training_fold_X.corr(),False
classification,RFECA_SVR(k=20),0.05,6,3,94,23,0,2757304733280,training_fold_X.corr(),False
classification,RFECA_SVR(k=20),0.05,6,4,94,23,0,2757304734000,training_fold_X.corr(),False
classification,RFECA_SVR(k=20),0.05,6,5,94,23,0,2757304734720,training_fold_X.corr(),False
imputation,RFECA_SVR(k=5),0.05,7,1,93,24,0,2757259640608,training_fold_X.corr(),False
imputation,RFECA_SVR(k=5),0.05,7,2,93,24,0,2757259639168,training_fold_X.corr(),False
imputation,RFECA_SVR(k=5),0.05,7,3,94,23,0,2757259636288,training_fold_X.corr(),False
imputation,RFECA_SVR(k=5),0.05,7,4,94,23,0,2757259632928,training_fold_X.corr(),False
imputation,RFECA_SVR(k=5),0.05,7,5,94,23,0,2757259637008,training_fold_X.corr(),False
imputation,RFECA_SVR(k=10),0.05,7,1,93,24,0,2757259638448,training_fold_X.corr(),False
imputation,RFECA_SVR(k=10),0.05,7,2,93,24,0,2757259639888,training_fold_X.corr(),False
imputation,RFECA_SVR(k=10),0.05,7,3,94,23,0,2757259639408,training_fold_X.corr(),False
imputation,RFECA_SVR(k=10),0.05,7,4,94,23,0,2757304735200,training_fold_X.corr(),False
imputation,RFECA_SVR(k=10),0.05,7,5,94,23,0,2757304733760,training_fold_X.corr(),False
imputation,RFECA_SVR(k=20),0.05,7,1,93,24,0,2757304732320,training_fold_X.corr(),False
imputation,RFECA_SVR(k=20),0.05,7,2,93,24,0,2757304730880,training_fold_X.corr(),False
imputation,RFECA_SVR(k=20),0.05,7,3,94,23,0,2757304730160,training_fold_X.corr(),False
imputation,RFECA_SVR(k=20),0.05,7,4,94,23,0,2757304731600,training_fold_X.corr(),False
imputation,RFECA_SVR(k=20),0.05,7,5,94,23,0,2757304733040,training_fold_X.corr(),False
classification,RFECA_SVR(k=5),0.05,7,1,93,24,0,2757304735440,training_fold_X.corr(),False
classification,RFECA_SVR(k=5),0.05,7,2,93,24,0,2757304739760,training_fold_X.corr(),False
classification,RFECA_SVR(k=5),0.05,7,3,94,23,0,2757304740480,training_fold_X.corr(),False
classification,RFECA_SVR(k=5),0.05,7,4,94,23,0,2757304741200,training_fold_X.corr(),False
classification,RFECA_SVR(k=5),0.05,7,5,94,23,0,2757304741920,training_fold_X.corr(),False
classification,RFECA_SVR(k=10),0.05,7,1,93,24,0,2757304734480,training_fold_X.corr(),False
classification,RFECA_SVR(k=10),0.05,7,2,93,24,0,2757304743360,training_fold_X.corr(),False
classification,RFECA_SVR(k=10),0.05,7,3,94,23,0,2757304744080,training_fold_X.corr(),False
classification,RFECA_SVR(k=10),0.05,7,4,94,23,0,2757304744800,training_fold_X.corr(),False
classification,RFECA_SVR(k=10),0.05,7,5,94,23,0,2757304745520,training_fold_X.corr(),False
classification,RFECA_SVR(k=20),0.05,7,1,93,24,0,2757304731840,training_fold_X.corr(),False
classification,RFECA_SVR(k=20),0.05,7,2,93,24,0,2757366383632,training_fold_X.corr(),False
classification,RFECA_SVR(k=20),0.05,7,3,94,23,0,2757366384352,training_fold_X.corr(),False
classification,RFECA_SVR(k=20),0.05,7,4,94,23,0,2757304745280,training_fold_X.corr(),False
classification,RFECA_SVR(k=20),0.05,7,5,94,23,0,2757366383392,training_fold_X.corr(),False
imputation,RFECA_SVR(k=5),0.05,8,1,93,24,0,2757052359904,training_fold_X.corr(),False
imputation,RFECA_SVR(k=5),0.05,8,2,93,24,0,2757052359664,training_fold_X.corr(),False
imputation,RFECA_SVR(k=5),0.05,8,3,94,23,0,2757198166880,training_fold_X.corr(),False
imputation,RFECA_SVR(k=5),0.05,8,4,94,23,0,2757304742640,training_fold_X.corr(),False
imputation,RFECA_SVR(k=5),0.05,8,5,94,23,0,2757366387472,training_fold_X.corr(),False
imputation,RFECA_SVR(k=10),0.05,8,1,93,24,0,2757366387232,training_fold_X.corr(),False
imputation,RFECA_SVR(k=10),0.05,8,2,93,24,0,2757366386992,training_fold_X.corr(),False
imputation,RFECA_SVR(k=10),0.05,8,3,94,23,0,2757366386752,training_fold_X.corr(),False
imputation,RFECA_SVR(k=10),0.05,8,4,94,23,0,2757366386512,training_fold_X.corr(),False
imputation,RFECA_SVR(k=10),0.05,8,5,94,23,0,2757366386272,training_fold_X.corr(),False
imputation,RFECA_SVR(k=20),0.05,8,1,93,24,0,2757366386032,training_fold_X.corr(),False
imputation,RFECA_SVR(k=20),0.05,8,2,93,24,0,2757366385792,training_fold_X.corr(),False
imputation,RFECA_SVR(k=20),0.05,8,3,94,23,0,2757366385552,training_fold_X.corr(),False
imputation,RFECA_SVR(k=20),0.05,8,4,94,23,0,2757366385312,training_fold_X.corr(),False
imputation,RFECA_SVR(k=20),0.05,8,5,94,23,0,2757304743840,training_fold_X.corr(),False
classification,RFECA_SVR(k=5),0.05,8,1,93,24,0,2757304739520,training_fold_X.corr(),False
classification,RFECA_SVR(k=5),0.05,8,2,93,24,0,2757366389632,training_fold_X.corr(),False
classification,RFECA_SVR(k=5),0.05,8,3,94,23,0,2757366390352,training_fold_X.corr(),False
classification,RFECA_SVR(k=5),0.05,8,4,94,23,0,2757366391072,training_fold_X.corr(),False
classification,RFECA_SVR(k=5),0.05,8,5,94,23,0,2757366391792,training_fold_X.corr(),False
classification,RFECA_SVR(k=10),0.05,8,1,93,24,0,2757052358944,training_fold_X.corr(),False
classification,RFECA_SVR(k=10),0.05,8,2,93,24,0,2757366393232,training_fold_X.corr(),False
classification,RFECA_SVR(k=10),0.05,8,3,94,23,0,2757366393952,training_fold_X.corr(),False
classification,RFECA_SVR(k=10),0.05,8,4,94,23,0,2757366394672,training_fold_X.corr(),False
classification,RFECA_SVR(k=10),0.05,8,5,94,23,0,2757366395392,training_fold_X.corr(),False
classification,RFECA_SVR(k=20),0.05,8,1,93,24,0,2757366392512,training_fold_X.corr(),False
classification,RFECA_SVR(k=20),0.05,8,2,93,24,0,2757366396832,training_fold_X.corr(),False
classification,RFECA_SVR(k=20),0.05,8,3,94,23,0,2757366397552,training_fold_X.corr(),False
classification,RFECA_SVR(k=20),0.05,8,4,94,23,0,2757366398272,training_fold_X.corr(),False
classification,RFECA_SVR(k=20),0.05,8,5,94,23,0,2757406736464,training_fold_X.corr(),False
imputation,RFECA_SVR(k=5),0.05,9,1,93,24,0,2757366388912,training_fold_X.corr(),False
imputation,RFECA_SVR(k=5),0.05,9,2,93,24,0,2757366388672,training_fold_X.corr(),False
imputation,RFECA_SVR(k=5),0.05,9,3,94,23,0,2757366388432,training_fold_X.corr(),False
imputation,RFECA_SVR(k=5),0.05,9,4,94,23,0,2757366387952,training_fold_X.corr(),False
imputation,RFECA_SVR(k=5),0.05,9,5,94,23,0,2757366387712,training_fold_X.corr(),False
imputation,RFECA_SVR(k=10),0.05,9,1,93,24,0,2757366382912,training_fold_X.corr(),False
imputation,RFECA_SVR(k=10),0.05,9,2,93,24,0,2757366384112,training_fold_X.corr(),False
imputation,RFECA_SVR(k=10),0.05,9,3,94,23,0,2757366398752,training_fold_X.corr(),False
imputation,RFECA_SVR(k=10),0.05,9,4,94,23,0,2757366396112,training_fold_X.corr(),False
imputation,RFECA_SVR(k=10),0.05,9,5,94,23,0,2757304744560,training_fold_X.corr(),False
imputation,RFECA_SVR(k=20),0.05,9,1,93,24,0,2757304743120,training_fold_X.corr(),False
imputation,RFECA_SVR(k=20),0.05,9,2,93,24,0,2757304741680,training_fold_X.corr(),False
imputation,RFECA_SVR(k=20),0.05,9,3,94,23,0,2757304740240,training_fold_X.corr(),False
imputation,RFECA_SVR(k=20),0.05,9,4,94,23,0,2757304735920,training_fold_X.corr(),False
imputation,RFECA_SVR(k=20),0.05,9,5,94,23,0,2757304742400,training_fold_X.corr(),False
classification,RFECA_SVR(k=5),0.05,9,1,93,24,0,2757406737184,training_fold_X.corr(),False
classification,RFECA_SVR(k=5),0.05,9,2,93,24,0,2757406741504,training_fold_X.corr(),False
classification,RFECA_SVR(k=5),0.05,9,3,94,23,0,2757406742224,training_fold_X.corr(),False
classification,RFECA_SVR(k=5),0.05,9,4,94,23,0,2757406742944,training_fold_X.corr(),False
classification,RFECA_SVR(k=5),0.05,9,5,94,23,0,2757406743664,training_fold_X.corr(),False
classification,RFECA_SVR(k=10),0.05,9,1,93,24,0,2757366389152,training_fold_X.corr(),False
classification,RFECA_SVR(k=10),0.05,9,2,93,24,0,2757406745104,training_fold_X.corr(),False
classification,RFECA_SVR(k=10),0.05,9,3,94,23,0,2757406745824,training_fold_X.corr(),False
classification,RFECA_SVR(k=10),0.05,9,4,94,23,0,2757406746544,training_fold_X.corr(),False
classification,RFECA_SVR(k=10),0.05,9,5,94,23,0,2757406747264,training_fold_X.corr(),False
classification,RFECA_SVR(k=20),0.05,9,1,93,24,0,2757406736944,training_fold_X.corr(),False
classification,RFECA_SVR(k=20),0.05,9,2,93,24,0,2757406748704,training_fold_X.corr(),False
classification,RFECA_SVR(k=20),0.05,9,3,94,23,0,2757406749424,training_fold_X.corr(),False
classification,RFECA_SVR(k=20),0.05,9,4,94,23,0,2757406750144,training_fold_X.corr(),False
classification,RFECA_SVR(k=20),0.05,9,5,94,23,0,2757406750864,training_fold_X.corr(),False
imputation,RFECA_SVR(k=5),0.1,0,1,93,24,0,2757406751344,training_fold_X.corr(),False
imputation,RFECA_SVR(k=5),0.1,0,2,93,24,0,2757406749904,training_fold_X.corr(),False
imputation,RFECA_SVR(k=5),0.1,0,3,94,23,0,2757406748464,training_fold_X.corr(),False
imputation,RFECA_SVR(k=5),0.1,0,4,94,23,0,2757406747024,training_fold_X.corr(),False
imputation,RFECA_SVR(k=5),0.1,0,5,94,23,0,2757406745584,training_fold_X.corr(),False
imputation,RFECA_SVR(k=10),0.1,0,1,93,24,0,2757406744144,training_fold_X.corr(),False
imputation,RFECA_SVR(k=10),0.1,0,2,93,24,0,2757406739824,training_fold_X.corr(),False
imputation,RFECA_SVR(k=10),0.1,0,3,94,23,0,2757406739584,training_fold_X.corr(),False
imputation,RFECA_SVR(k=10),0.1,0,4,94,23,0,2757406739344,training_fold_X.corr(),False
imputation,RFECA_SVR(k=10),0.1,0,5,94,23,0,2757406739104,training_fold_X.corr(),False
imputation,RFECA_SVR(k=20),0.1,0,1,93,24,0,2757406744864,training_fold_X.corr(),False
imputation,RFECA_SVR(k=20),0.1,0,2,93,24,0,2757406746304,training_fold_X.corr(),False
imputation,RFECA_SVR(k=20),0.1,0,3,94,23,0,2757406747744,training_fold_X.corr(),False
imputation,RFECA_SVR(k=20),0.1,0,4,94,23,0,2757406749184,training_fold_X.corr(),False
imputation,RFECA_SVR(k=20),0.1,0,5,94,23,0,2757406750624,training_fold_X.corr(),False
classification,RFECA_SVR(k=5),0.1,0,1,93,24,0,2757406751584,training_fold_X.corr(),False
classification,RFECA_SVR(k=5),0.1,0,2,93,24,0,2757470391424,training_fold_X.corr(),False
classification,RFECA_SVR(k=5),0.1,0,3,94,23,0,2757470392144,training_fold_X.corr(),False
classification,RFECA_SVR(k=5),0.1,0,4,94,23,0,2757470392864,training_fold_X.corr(),False
classification,RFECA_SVR(k=5),0.1,0,5,94,23,0,2757470393584,training_fold_X.corr(),False
classification,RFECA_SVR(k=10),0.1,0,1,93,24,0,2757304740960,training_fold_X.corr(),False
classification,RFECA_SVR(k=10),0.1,0,2,93,24,0,2757470395024,training_fold_X.corr(),False
classification,RFECA_SVR(k=10),0.1,0,3,94,23,0,2757470395744,training_fold_X.corr(),False
classification,RFECA_SVR(k=10),0.1,0,4,94,23,0,2757470396464,training_fold_X.corr(),False
classification,RFECA_SVR(k=10),0.1,0,5,94,23,0,2757470397184,training_fold_X.corr(),False
classification,RFECA_SVR(k=20),0.1,0,1,93,24,0,2757470394304,training_fold_X.corr(),False
classification,RFECA_SVR(k=20),0.1,0,2,93,24,0,2757470398624,training_fold_X.corr(),False
classification,RFECA_SVR(k=20),0.1,0,3,94,23,0,2757470399344,training_fold_X.corr(),False
classification,RFECA_SVR(k=20),0.1,0,4,94,23,0,2757470400064,training_fold_X.corr(),False
classification,RFECA_SVR(k=20),0.1,0,5,94,23,0,2757470400784,training_fold_X.corr(),False
imputation,RFECA_SVR(k=5),0.1,1,1,93,24,0,2757406752304,training_fold_X.corr(),False
imputation,RFECA_SVR(k=5),0.1,1,2,93,24,0,2757406752064,training_fold_X.corr(),False
imputation,RFECA_SVR(k=5),0.1,1,3,94,23,0,2757406747984,training_fold_X.corr(),False
imputation,RFECA_SVR(k=5),0.1,1,4,94,23,0,2757406744384,training_fold_X.corr(),False
imputation,RFECA_SVR(k=5),0.1,1,5,94,23,0,2757470401264,training_fold_X.corr(),False
imputation,RFECA_SVR(k=10),0.1,1,1,93,24,0,2757470399824,training_fold_X.corr(),False
imputation,RFECA_SVR(k=10),0.1,1,2,93,24,0,2757470398384,training_fold_X.corr(),False
imputation,RFECA_SVR(k=10),0.1,1,3,94,23,0,2757470390464,training_fold_X.corr(),False
imputation,RFECA_SVR(k=10),0.1,1,4,94,23,0,2757470390224,training_fold_X.corr(),False
imputation,RFECA_SVR(k=10),0.1,1,5,94,23,0,2757470389984,training_fold_X.corr(),False
imputation,RFECA_SVR(k=20),0.1,1,1,93,24,0,2757470389744,training_fold_X.corr(),False
imputation,RFECA_SVR(k=20),0.1,1,2,93,24,0,2757470389504,training_fold_X.corr(),False
imputation,RFECA_SVR(k=20),0.1,1,3,94,23,0,2757470389264,training_fold_X.corr(),False
imputation,RFECA_SVR(k=20),0.1,1,4,94,23,0,2757470389024,training_fold_X.corr(),False
imputation,RFECA_SVR(k=20),0.1,1,5,94,23,0,2757470399104,training_fold_X.corr(),False
classification,RFECA_SVR(k=5),0.1,1,1,93,24,0,2757470401504,training_fold_X.corr(),False
classification,RFECA_SVR(k=5),0.1,1,2,93,24,0,2757514216704,training_fold_X.corr(),False
classification,RFECA_SVR(k=5),0.1,1,3,94,23,0,2757514217424,training_fold_X.corr(),False
classification,RFECA_SVR(k=5),0.1,1,4,94,23,0,2757514218144,training_fold_X.corr(),False
classification,RFECA_SVR(k=5),0.1,1,5,94,23,0,2757514218864,training_fold_X.corr(),False
classification,RFECA_SVR(k=10),0.1,1,1,93,24,0,2757406752544,training_fold_X.corr(),False
classification,RFECA_SVR(k=10),0.1,1,2,93,24,0,2757514220304,training_fold_X.corr(),False
classification,RFECA_SVR(k=10),0.1,1,3,94,23,0,2757514221024,training_fold_X.corr(),False
classification,RFECA_SVR(k=10),0.1,1,4,94,23,0,2757514221744,training_fold_X.corr(),False
classification,RFECA_SVR(k=10),0.1,1,5,94,23,0,2757514222464,training_fold_X.corr(),False
classification,RFECA_SVR(k=20),0.1,1,1,93,24,0,2757514219584,training_fold_X.corr(),False
classification,RFECA_SVR(k=20),0.1,1,2,93,24,0,2757514223904,training_fold_X.corr(),False
classification,RFECA_SVR(k=20),0.1,1,3,94,23,0,2757514224624,training_fold_X.corr(),False
classification,RFECA_SVR(k=20),0.1,1,4,94,23,0,2757514225344,training_fold_X.corr(),False
classification,RFECA_SVR(k=20),0.1,1,5,94,23,0,2757514226064,training_fold_X.corr(),False
imputation,RFECA_SVR(k=5),0.1,2,1,93,24,0,2757470403904,training_fold_X.corr(),False
imputation,RFECA_SVR(k=5),0.1,2,2,93,24,0,2757470403424,training_fold_X.corr(),False
imputation,RFECA_SVR(k=5),0.1,2,3,94,23,0,2757470402704,training_fold_X.corr(),False
imputation,RFECA_SVR(k=5),0.1,2,4,94,23,0,2757470402224,training_fold_X.corr(),False
imputation,RFECA_SVR(k=5),0.1,2,5,94,23,0,2757470400544,training_fold_X.corr(),False
imputation,RFECA_SVR(k=10),0.1,2,1,93,24,0,2757470397904,training_fold_X.corr(),False
imputation,RFECA_SVR(k=10),0.1,2,2,93,24,0,2757514226544,training_fold_X.corr(),False
imputation,RFECA_SVR(k=10),0.1,2,3,94,23,0,2757514219344,training_fold_X.corr(),False
imputation,RFECA_SVR(k=10),0.1,2,4,94,23,0,2757514217904,training_fold_X.corr(),False
imputation,RFECA_SVR(k=10),0.1,2,5,94,23,0,2757514216464,training_fold_X.corr(),False
imputation,RFECA_SVR(k=20),0.1,2,1,93,24,0,2757514216224,training_fold_X.corr(),False
imputation,RFECA_SVR(k=20),0.1,2,2,93,24,0,2757514215984,training_fold_X.corr(),False
imputation,RFECA_SVR(k=20),0.1,2,3,94,23,0,2757514215744,training_fold_X.corr(),False
imputation,RFECA_SVR(k=20),0.1,2,4,94,23,0,2757514215504,training_fold_X.corr(),False
imputation,RFECA_SVR(k=20),0.1,2,5,94,23,0,2757514217184,training_fold_X.corr(),False
classification,RFECA_SVR(k=5),0.1,2,1,93,24,0,2757514226784,training_fold_X.corr(),False
classification,RFECA_SVR(k=5),0.1,2,2,93,24,0,2757514231104,training_fold_X.corr(),False
classification,RFECA_SVR(k=5),0.1,2,3,94,23,0,2757574885456,training_fold_X.corr(),False
classification,RFECA_SVR(k=5),0.1,2,4,94,23,0,2757574886176,training_fold_X.corr(),False
classification,RFECA_SVR(k=5),0.1,2,5,94,23,0,2757574886896,training_fold_X.corr(),False
classification,RFECA_SVR(k=10),0.1,2,1,93,24,0,2757470404384,training_fold_X.corr(),False
classification,RFECA_SVR(k=10),0.1,2,2,93,24,0,2757574888336,training_fold_X.corr(),False
classification,RFECA_SVR(k=10),0.1,2,3,94,23,0,2757574889056,training_fold_X.corr(),False
classification,RFECA_SVR(k=10),0.1,2,4,94,23,0,2757574889776,training_fold_X.corr(),False
classification,RFECA_SVR(k=10),0.1,2,5,94,23,0,2757574890496,training_fold_X.corr(),False
classification,RFECA_SVR(k=20),0.1,2,1,93,24,0,2757574887616,training_fold_X.corr(),False
classification,RFECA_SVR(k=20),0.1,2,2,93,24,0,2757574891936,training_fold_X.corr(),False
classification,RFECA_SVR(k=20),0.1,2,3,94,23,0,2757574892656,training_fold_X.corr(),False
classification,RFECA_SVR(k=20),0.1,2,4,94,23,0,2757574893376,training_fold_X.corr(),False
classification,RFECA_SVR(k=20),0.1,2,5,94,23,0,2757574894096,training_fold_X.corr(),False
imputation,RFECA_SVR(k=5),0.1,3,1,93,24,0,2757514230384,training_fold_X.corr(),False
imputation,RFECA_SVR(k=5),0.1,3,2,93,24,0,2757514229904,training_fold_X.corr(),False
imputation,RFECA_SVR(k=5),0.1,3,3,94,23,0,2757514227744,training_fold_X.corr(),False
imputation,RFECA_SVR(k=5),0.1,3,4,94,23,0,2757514227264,training_fold_X.corr(),False
imputation,RFECA_SVR(k=5),0.1,3,5,94,23,0,2757514218624,training_fold_X.corr(),False
imputation,RFECA_SVR(k=10),0.1,3,1,93,24,0,2757514223184,training_fold_X.corr(),False
imputation,RFECA_SVR(k=10),0.1,3,2,93,24,0,2757574894576,training_fold_X.corr(),False
imputation,RFECA_SVR(k=10),0.1,3,3,94,23,0,2757574891696,training_fold_X.corr(),False
imputation,RFECA_SVR(k=10),0.1,3,4,94,23,0,2757574890256,training_fold_X.corr(),False
imputation,RFECA_SVR(k=10),0.1,3,5,94,23,0,2757574888816,training_fold_X.corr(),False
imputation,RFECA_SVR(k=20),0.1,3,1,93,24,0,2757574887376,training_fold_X.corr(),False
imputation,RFECA_SVR(k=20),0.1,3,2,93,24,0,2757574885936,training_fold_X.corr(),False
imputation,RFECA_SVR(k=20),0.1,3,3,94,23,0,2757574886656,training_fold_X.corr(),False
imputation,RFECA_SVR(k=20),0.1,3,4,94,23,0,2757574888096,training_fold_X.corr(),False
imputation,RFECA_SVR(k=20),0.1,3,5,94,23,0,2757574889536,training_fold_X.corr(),False
classification,RFECA_SVR(k=5),0.1,3,1,93,24,0,2757574894816,training_fold_X.corr(),False
classification,RFECA_SVR(k=5),0.1,3,2,93,24,0,2757574899136,training_fold_X.corr(),False
classification,RFECA_SVR(k=5),0.1,3,3,94,23,0,2757574899856,training_fold_X.corr(),False
classification,RFECA_SVR(k=5),0.1,3,4,94,23,0,2757574900576,training_fold_X.corr(),False
classification,RFECA_SVR(k=5),0.1,3,5,94,23,0,2757574901296,training_fold_X.corr(),False
classification,RFECA_SVR(k=10),0.1,3,1,93,24,0,2757514230864,training_fold_X.corr(),False
classification,RFECA_SVR(k=10),0.1,3,2,93,24,0,2757574895296,training_fold_X.corr(),False
classification,RFECA_SVR(k=10),0.1,3,3,94,23,0,2757619730144,training_fold_X.corr(),False
classification,RFECA_SVR(k=10),0.1,3,4,94,23,0,2757619733264,training_fold_X.corr(),False
classification,RFECA_SVR(k=10),0.1,3,5,94,23,0,2757619733984,training_fold_X.corr(),False
classification,RFECA_SVR(k=20),0.1,3,1,93,24,0,2757619728704,training_fold_X.corr(),False
classification,RFECA_SVR(k=20),0.1,3,2,93,24,0,2757619735424,training_fold_X.corr(),False
classification,RFECA_SVR(k=20),0.1,3,3,94,23,0,2757619736144,training_fold_X.corr(),False
classification,RFECA_SVR(k=20),0.1,3,4,94,23,0,2757619736864,training_fold_X.corr(),False
classification,RFECA_SVR(k=20),0.1,3,5,94,23,0,2757619737584,training_fold_X.corr(),False
imputation,RFECA_SVR(k=5),0.1,4,1,93,24,0,2757574896976,training_fold_X.corr(),False
imputation,RFECA_SVR(k=5),0.1,4,2,93,24,0,2757574896736,training_fold_X.corr(),False
imputation,RFECA_SVR(k=5),0.1,4,3,94,23,0,2757574895776,training_fold_X.corr(),False
imputation,RFECA_SVR(k=5),0.1,4,4,94,23,0,2757574897216,training_fold_X.corr(),False
imputation,RFECA_SVR(k=5),0.1,4,5,94,23,0,2757574898176,training_fold_X.corr(),False
imputation,RFECA_SVR(k=10),0.1,4,1,93,24,0,2757574898416,training_fold_X.corr(),False
imputation,RFECA_SVR(k=10),0.1,4,2,93,24,0,2757574898656,training_fold_X.corr(),False
imputation,RFECA_SVR(k=10),0.1,4,3,94,23,0,2757574898896,training_fold_X.corr(),False
imputation,RFECA_SVR(k=10),0.1,4,4,94,23,0,2757574900336,training_fold_X.corr(),False
imputation,RFECA_SVR(k=10),0.1,4,5,94,23,0,2757574890976,training_fold_X.corr(),False
imputation,RFECA_SVR(k=20),0.1,4,1,93,24,0,2757574891216,training_fold_X.corr(),False
imputation,RFECA_SVR(k=20),0.1,4,2,93,24,0,2757619738064,training_fold_X.corr(),False
imputation,RFECA_SVR(k=20),0.1,4,3,94,23,0,2757619736624,training_fold_X.corr(),False
imputation,RFECA_SVR(k=20),0.1,4,4,94,23,0,2757619733744,training_fold_X.corr(),False
imputation,RFECA_SVR(k=20),0.1,4,5,94,23,0,2757619728464,training_fold_X.corr(),False
classification,RFECA_SVR(k=5),0.1,4,1,93,24,0,2757619731104,training_fold_X.corr(),False
classification,RFECA_SVR(k=5),0.1,4,2,93,24,0,2757619740224,training_fold_X.corr(),False
classification,RFECA_SVR(k=5),0.1,4,3,94,23,0,2757619740944,training_fold_X.corr(),False
classification,RFECA_SVR(k=5),0.1,4,4,94,23,0,2757619741664,training_fold_X.corr(),False
classification,RFECA_SVR(k=5),0.1,4,5,94,23,0,2757619742384,training_fold_X.corr(),False
classification,RFECA_SVR(k=10),0.1,4,1,93,24,0,2757619729184,training_fold_X.corr(),False
classification,RFECA_SVR(k=10),0.1,4,2,93,24,0,2757619743824,training_fold_X.corr(),False
classification,RFECA_SVR(k=10),0.1,4,3,94,23,0,2757619744544,training_fold_X.corr(),False
classification,RFECA_SVR(k=10),0.1,4,4,94,23,0,2757681168944,training_fold_X.corr(),False
classification,RFECA_SVR(k=10),0.1,4,5,94,23,0,2757681169664,training_fold_X.corr(),False
classification,RFECA_SVR(k=20),0.1,4,1,93,24,0,2757619729424,training_fold_X.corr(),False
classification,RFECA_SVR(k=20),0.1,4,2,93,24,0,2757681171104,training_fold_X.corr(),False
classification,RFECA_SVR(k=20),0.1,4,3,94,23,0,2757681171824,training_fold_X.corr(),False
classification,RFECA_SVR(k=20),0.1,4,4,94,23,0,2757681172544,training_fold_X.corr(),False
classification,RFECA_SVR(k=20),0.1,4,5,94,23,0,2757681173264,training_fold_X.corr(),False
imputation,RFECA_SVR(k=5),0.1,5,1,93,24,0,2757619744304,training_fold_X.corr(),False
imputation,RFECA_SVR(k=5),0.1,5,2,93,24,0,2757619739984,training_fold_X.corr(),False
imputation,RFECA_SVR(k=5),0.1,5,3,94,23,0,2757619742864,training_fold_X.corr(),False
imputation,RFECA_SVR(k=5),0.1,5,4,94,23,0,2757619732064,training_fold_X.corr(),False
imputation,RFECA_SVR(k=5),0.1,5,5,94,23,0,2757619740704,training_fold_X.corr(),False
imputation,RFECA_SVR(k=10),0.1,5,1,93,24,0,2757619742144,training_fold_X.corr(),False
imputation,RFECA_SVR(k=10),0.1,5,2,93,24,0,2757619743584,training_fold_X.corr(),False
imputation,RFECA_SVR(k=10),0.1,5,3,94,23,0,2757619743104,training_fold_X.corr(),False
imputation,RFECA_SVR(k=10),0.1,5,4,94,23,0,2757681173744,training_fold_X.corr(),False
imputation,RFECA_SVR(k=10),0.1,5,5,94,23,0,2757681172304,training_fold_X.corr(),False
imputation,RFECA_SVR(k=20),0.1,5,1,93,24,0,2757681170864,training_fold_X.corr(),False
imputation,RFECA_SVR(k=20),0.1,5,2,93,24,0,2757681169424,training_fold_X.corr(),False
imputation,RFECA_SVR(k=20),0.1,5,3,94,23,0,2757681168704,training_fold_X.corr(),False
imputation,RFECA_SVR(k=20),0.1,5,4,94,23,0,2757681170144,training_fold_X.corr(),False
imputation,RFECA_SVR(k=20),0.1,5,5,94,23,0,2757681171584,training_fold_X.corr(),False
classification,RFECA_SVR(k=5),0.1,5,1,93,24,0,2757681170384,training_fold_X.corr(),False
classification,RFECA_SVR(k=5),0.1,5,2,93,24,0,2757681178304,training_fold_X.corr(),False
classification,RFECA_SVR(k=5),0.1,5,3,94,23,0,2757681179024,training_fold_X.corr(),False
classification,RFECA_SVR(k=5),0.1,5,4,94,23,0,2757681179744,training_fold_X.corr(),False
classification,RFECA_SVR(k=5),0.1,5,5,94,23,0,2757681180464,training_fold_X.corr(),False
classification,RFECA_SVR(k=10),0.1,5,1,93,24,0,2757681173024,training_fold_X.corr(),False
classification,RFECA_SVR(k=10),0.1,5,2,93,24,0,2757681181904,training_fold_X.corr(),False
classification,RFECA_SVR(k=10),0.1,5,3,94,23,0,2757681182624,training_fold_X.corr(),False
classification,RFECA_SVR(k=10),0.1,5,4,94,23,0,2757681183344,training_fold_X.corr(),False
classification,RFECA_SVR(k=10),0.1,5,5,94,23,0,2757681184064,training_fold_X.corr(),False
classification,RFECA_SVR(k=20),0.1,5,1,93,24,0,2757681173984,training_fold_X.corr(),False
classification,RFECA_SVR(k=20),0.1,5,2,93,24,0,2757742854944,training_fold_X.corr(),False
classification,RFECA_SVR(k=20),0.1,5,3,94,23,0,2757742855664,training_fold_X.corr(),False
classification,RFECA_SVR(k=20),0.1,5,4,94,23,0,2757742856384,training_fold_X.corr(),False
classification,RFECA_SVR(k=20),0.1,5,5,94,23,0,2757742857104,training_fold_X.corr(),False
imputation,RFECA_SVR(k=5),0.1,6,1,93,24,0,2757681183824,training_fold_X.corr(),False
imputation,RFECA_SVR(k=5),0.1,6,2,93,24,0,2757681182384,training_fold_X.corr(),False
imputation,RFECA_SVR(k=5),0.1,6,3,94,23,0,2757681180944,training_fold_X.corr(),False
imputation,RFECA_SVR(k=5),0.1,6,4,94,23,0,2757681179504,training_fold_X.corr(),False
imputation,RFECA_SVR(k=5),0.1,6,5,94,23,0,2757681178064,training_fold_X.corr(),False
imputation,RFECA_SVR(k=10),0.1,6,1,93,24,0,2757681178784,training_fold_X.corr(),False
imputation,RFECA_SVR(k=10),0.1,6,2,93,24,0,2757681180224,training_fold_X.corr(),False
imputation,RFECA_SVR(k=10),0.1,6,3,94,23,0,2757681181664,training_fold_X.corr(),False
imputation,RFECA_SVR(k=10),0.1,6,4,94,23,0,2757681183104,training_fold_X.corr(),False
imputation,RFECA_SVR(k=10),0.1,6,5,94,23,0,2757681184544,training_fold_X.corr(),False
imputation,RFECA_SVR(k=20),0.1,6,1,93,24,0,2757681181184,training_fold_X.corr(),False
imputation,RFECA_SVR(k=20),0.1,6,2,93,24,0,2757742857584,training_fold_X.corr(),False
imputation,RFECA_SVR(k=20),0.1,6,3,94,23,0,2757742856144,training_fold_X.corr(),False
imputation,RFECA_SVR(k=20),0.1,6,4,94,23,0,2757742854704,training_fold_X.corr(),False
imputation,RFECA_SVR(k=20),0.1,6,5,94,23,0,2757742855424,training_fold_X.corr(),False
classification,RFECA_SVR(k=5),0.1,6,1,93,24,0,2757742857824,training_fold_X.corr(),False
classification,RFECA_SVR(k=5),0.1,6,2,93,24,0,2757742862144,training_fold_X.corr(),False
classification,RFECA_SVR(k=5),0.1,6,3,94,23,0,2757742862864,training_fold_X.corr(),False
classification,RFECA_SVR(k=5),0.1,6,4,94,23,0,2757742863584,training_fold_X.corr(),False
classification,RFECA_SVR(k=5),0.1,6,5,94,23,0,2757742864304,training_fold_X.corr(),False
classification,RFECA_SVR(k=10),0.1,6,1,93,24,0,2757742856864,training_fold_X.corr(),False
classification,RFECA_SVR(k=10),0.1,6,2,93,24,0,2757742865744,training_fold_X.corr(),False
classification,RFECA_SVR(k=10),0.1,6,3,94,23,0,2757742866464,training_fold_X.corr(),False
classification,RFECA_SVR(k=10),0.1,6,4,94,23,0,2757742867184,training_fold_X.corr(),False
classification,RFECA_SVR(k=10),0.1,6,5,94,23,0,2757742867904,training_fold_X.corr(),False
classification,RFECA_SVR(k=20),0.1,6,1,93,24,0,2757742854224,training_fold_X.corr(),False
classification,RFECA_SVR(k=20),0.1,6,2,93,24,0,2757742869344,training_fold_X.corr(),False
classification,RFECA_SVR(k=20),0.1,6,3,94,23,0,2757742870064,training_fold_X.corr(),False
classification,RFECA_SVR(k=20),0.1,6,4,94,23,0,2757787730240,training_fold_X.corr(),False
classification,RFECA_SVR(k=20),0.1,6,5,94,23,0,2757787730960,training_fold_X.corr(),False
imputation,RFECA_SVR(k=5),0.1,7,1,93,24,0,2757742869104,training_fold_X.corr(),False
imputation,RFECA_SVR(k=5),0.1,7,2,93,24,0,2757742867664,training_fold_X.corr(),False
imputation,RFECA_SVR(k=5),0.1,7,3,94,23,0,2757742866224,training_fold_X.corr(),False
imputation,RFECA_SVR(k=5),0.1,7,4,94,23,0,2757742864784,training_fold_X.corr(),False
imputation,RFECA_SVR(k=5),0.1,7,5,94,23,0,2757742863344,training_fold_X.corr(),False
imputation,RFECA_SVR(k=10),0.1,7,1,93,24,0,2757742860224,training_fold_X.corr(),False
imputation,RFECA_SVR(k=10),0.1,7,2,93,24,0,2757742859984,training_fold_X.corr(),False
imputation,RFECA_SVR(k=10),0.1,7,3,94,23,0,2757742864064,training_fold_X.corr(),False
imputation,RFECA_SVR(k=10),0.1,7,4,94,23,0,2757742865504,training_fold_X.corr(),False
imputation,RFECA_SVR(k=10),0.1,7,5,94,23,0,2757742866944,training_fold_X.corr(),False
imputation,RFECA_SVR(k=20),0.1,7,1,93,24,0,2757742868384,training_fold_X.corr(),False
imputation,RFECA_SVR(k=20),0.1,7,2,93,24,0,2757742869824,training_fold_X.corr(),False
imputation,RFECA_SVR(k=20),0.1,7,3,94,23,0,2757742868624,training_fold_X.corr(),False
imputation,RFECA_SVR(k=20),0.1,7,4,94,23,0,2757742865024,training_fold_X.corr(),False
imputation,RFECA_SVR(k=20),0.1,7,5,94,23,0,2757787731440,training_fold_X.corr(),False
classification,RFECA_SVR(k=5),0.1,7,1,93,24,0,2757787731680,training_fold_X.corr(),False
classification,RFECA_SVR(k=5),0.1,7,2,93,24,0,2757787736000,training_fold_X.corr(),False
classification,RFECA_SVR(k=5),0.1,7,3,94,23,0,2757787736720,training_fold_X.corr(),False
classification,RFECA_SVR(k=5),0.1,7,4,94,23,0,2757787737440,training_fold_X.corr(),False
classification,RFECA_SVR(k=5),0.1,7,5,94,23,0,2757787738160,training_fold_X.corr(),False
classification,RFECA_SVR(k=10),0.1,7,1,93,24,0,2757787730000,training_fold_X.corr(),False
classification,RFECA_SVR(k=10),0.1,7,2,93,24,0,2757787739600,training_fold_X.corr(),False
classification,RFECA_SVR(k=10),0.1,7,3,94,23,0,2757787740320,training_fold_X.corr(),False
classification,RFECA_SVR(k=10),0.1,7,4,94,23,0,2757787741040,training_fold_X.corr(),False
classification,RFECA_SVR(k=10),0.1,7,5,94,23,0,2757787741760,training_fold_X.corr(),False
classification,RFECA_SVR(k=20),0.1,7,1,93,24,0,2757787730720,training_fold_X.corr(),False
classification,RFECA_SVR(k=20),0.1,7,2,93,24,0,2757787743200,training_fold_X.corr(),False
classification,RFECA_SVR(k=20),0.1,7,3,94,23,0,2757787743920,training_fold_X.corr(),False
classification,RFECA_SVR(k=20),0.1,7,4,94,23,0,2757787744640,training_fold_X.corr(),False
classification,RFECA_SVR(k=20),0.1,7,5,94,23,0,2757787745360,training_fold_X.corr(),False
imputation,RFECA_SVR(k=5),0.1,8,1,93,24,0,2757787745840,training_fold_X.corr(),False
imputation,RFECA_SVR(k=5),0.1,8,2,93,24,0,2757787744400,training_fold_X.corr(),False
imputation,RFECA_SVR(k=5),0.1,8,3,94,23,0,2757787742960,training_fold_X.corr(),False
imputation,RFECA_SVR(k=5),0.1,8,4,94,23,0,2757787741520,training_fold_X.corr(),False
imputation,RFECA_SVR(k=5),0.1,8,5,94,23,0,2757787740080,training_fold_X.corr(),False
imputation,RFECA_SVR(k=10),0.1,8,1,93,24,0,2757787738640,training_fold_X.corr(),False
imputation,RFECA_SVR(k=10),0.1,8,2,93,24,0,2757787734320,training_fold_X.corr(),False
imputation,RFECA_SVR(k=10),0.1,8,3,94,23,0,2757787734080,training_fold_X.corr(),False
imputation,RFECA_SVR(k=10),0.1,8,4,94,23,0,2757787733840,training_fold_X.corr(),False
imputation,RFECA_SVR(k=10),0.1,8,5,94,23,0,2757787733600,training_fold_X.corr(),False
imputation,RFECA_SVR(k=20),0.1,8,1,93,24,0,2757787739360,training_fold_X.corr(),False
imputation,RFECA_SVR(k=20),0.1,8,2,93,24,0,2757787740800,training_fold_X.corr(),False
imputation,RFECA_SVR(k=20),0.1,8,3,94,23,0,2757787742240,training_fold_X.corr(),False
imputation,RFECA_SVR(k=20),0.1,8,4,94,23,0,2757787743680,training_fold_X.corr(),False
imputation,RFECA_SVR(k=20),0.1,8,5,94,23,0,2757787745120,training_fold_X.corr(),False
classification,RFECA_SVR(k=5),0.1,8,1,93,24,0,2757787746080,training_fold_X.corr(),False
classification,RFECA_SVR(k=5),0.1,8,2,93,24,0,2757851910208,training_fold_X.corr(),False
classification,RFECA_SVR(k=5),0.1,8,3,94,23,0,2757851910928,training_fold_X.corr(),False
classification,RFECA_SVR(k=5),0.1,8,4,94,23,0,2757851911648,training_fold_X.corr(),False
classification,RFECA_SVR(k=5),0.1,8,5,94,23,0,2757851912368,training_fold_X.corr(),False
classification,RFECA_SVR(k=10),0.1,8,1,93,24,0,2757574895536,training_fold_X.corr(),False
classification,RFECA_SVR(k=10),0.1,8,2,93,24,0,2757851913808,training_fold_X.corr(),False
classification,RFECA_SVR(k=10),0.1,8,3,94,23,0,2757851914528,training_fold_X.corr(),False
classification,RFECA_SVR(k=10),0.1,8,4,94,23,0,2757851915248,training_fold_X.corr(),False
classification,RFECA_SVR(k=10),0.1,8,5,94,23,0,2757851915968,training_fold_X.corr(),False
classification,RFECA_SVR(k=20),0.1,8,1,93,24,0,2757851913088,training_fold_X.corr(),False
classification,RFECA_SVR(k=20),0.1,8,2,93,24,0,2757851917408,training_fold_X.corr(),False
classification,RFECA_SVR(k=20),0.1,8,3,94,23,0,2757851918128,training_fold_X.corr(),False
classification,RFECA_SVR(k=20),0.1,8,4,94,23,0,2757851918848,training_fold_X.corr(),False
classification,RFECA_SVR(k=20),0.1,8,5,94,23,0,2757851919568,training_fold_X.corr(),False
imputation,RFECA_SVR(k=5),0.1,9,1,93,24,0,2757787738880,training_fold_X.corr(),False
imputation,RFECA_SVR(k=5),0.1,9,2,93,24,0,2757851920048,training_fold_X.corr(),False
imputation,RFECA_SVR(k=5),0.1,9,3,94,23,0,2757851918608,training_fold_X.corr(),False
imputation,RFECA_SVR(k=5),0.1,9,4,94,23,0,2757851917168,training_fold_X.corr(),False
imputation,RFECA_SVR(k=5),0.1,9,5,94,23,0,2757851915728,training_fold_X.corr(),False
imputation,RFECA_SVR(k=10),0.1,9,1,93,24,0,2757851914288,training_fold_X.corr(),False
imputation,RFECA_SVR(k=10),0.1,9,2,93,24,0,2757851912848,training_fold_X.corr(),False
imputation,RFECA_SVR(k=10),0.1,9,3,94,23,0,2757851908528,training_fold_X.corr(),False
imputation,RFECA_SVR(k=10),0.1,9,4,94,23,0,2757851908288,training_fold_X.corr(),False
imputation,RFECA_SVR(k=10),0.1,9,5,94,23,0,2757851908048,training_fold_X.corr(),False
imputation,RFECA_SVR(k=20),0.1,9,1,93,24,0,2757851907808,training_fold_X.corr(),False
imputation,RFECA_SVR(k=20),0.1,9,2,93,24,0,2757851913568,training_fold_X.corr(),False
imputation,RFECA_SVR(k=20),0.1,9,3,94,23,0,2757851915008,training_fold_X.corr(),False
imputation,RFECA_SVR(k=20),0.1,9,4,94,23,0,2757851916448,training_fold_X.corr(),False
imputation,RFECA_SVR(k=20),0.1,9,5,94,23,0,2757851917888,training_fold_X.corr(),False
classification,RFECA_SVR(k=5),0.1,9,1,93,24,0,2757851920288,training_fold_X.corr(),False
classification,RFECA_SVR(k=5),0.1,9,2,93,24,0,2757912447168,training_fold_X.corr(),False
classification,RFECA_SVR(k=5),0.1,9,3,94,23,0,2757912447888,training_fold_X.corr(),False
classification,RFECA_SVR(k=5),0.1,9,4,94,23,0,2757912448608,training_fold_X.corr(),False
classification,RFECA_SVR(k=5),0.1,9,5,94,23,0,2757912449328,training_fold_X.corr(),False
classification,RFECA_SVR(k=10),0.1,9,1,93,24,0,2757787742480,training_fold_X.corr(),False
classification,RFECA_SVR(k=10),0.1,9,2,93,24,0,2757912450768,training_fold_X.corr(),False
classification,RFECA_SVR(k=10),0.1,9,3,94,23,0,2757912451488,training_fold_X.corr(),False
classification,RFECA_SVR(k=10),0.1,9,4,94,23,0,2757912452208,training_fold_X.corr(),False
classification,RFECA_SVR(k=10),0.1,9,5,94,23,0,2757912452928,training_fold_X.corr(),False
classification,RFECA_SVR(k=20),0.1,9,1,93,24,0,2757912450048,training_fold_X.corr(),False
classification,RFECA_SVR(k=20),0.1,9,2,93,24,0,2757912446208,training_fold_X.corr(),False
classification,RFECA_SVR(k=20),0.1,9,3,94,23,0,2757912455088,training_fold_X.corr(),False
classification,RFECA_SVR(k=20),0.1,9,4,94,23,0,2757912458208,training_fold_X.corr(),False
classification,RFECA_SVR(k=20),0.1,9,5,94,23,0,2757912458928,training_fold_X.corr(),False
imputation,RFECA_SVR(k=5),0.2,0,1,93,24,0,2757851916688,training_fold_X.corr(),False
imputation,RFECA_SVR(k=5),0.2,0,2,93,24,0,2757912459408,training_fold_X.corr(),False
imputation,RFECA_SVR(k=5),0.2,0,3,94,23,0,2757912457968,training_fold_X.corr(),False
imputation,RFECA_SVR(k=5),0.2,0,4,94,23,0,2757912457728,training_fold_X.corr(),False
imputation,RFECA_SVR(k=5),0.2,0,5,94,23,0,2757912457488,training_fold_X.corr(),False
imputation,RFECA_SVR(k=10),0.2,0,1,93,24,0,2757912457248,training_fold_X.corr(),False
imputation,RFECA_SVR(k=10),0.2,0,2,93,24,0,2757912457008,training_fold_X.corr(),False
imputation,RFECA_SVR(k=10),0.2,0,3,94,23,0,2757912456528,training_fold_X.corr(),False
imputation,RFECA_SVR(k=10),0.2,0,4,94,23,0,2757912456288,training_fold_X.corr(),False
imputation,RFECA_SVR(k=10),0.2,0,5,94,23,0,2757912456048,training_fold_X.corr(),False
imputation,RFECA_SVR(k=20),0.2,0,1,93,24,0,2757851922208,training_fold_X.corr(),False
imputation,RFECA_SVR(k=20),0.2,0,2,93,24,0,2757851921728,training_fold_X.corr(),False
imputation,RFECA_SVR(k=20),0.2,0,3,94,23,0,2757851921488,training_fold_X.corr(),False
imputation,RFECA_SVR(k=20),0.2,0,4,94,23,0,2757851921248,training_fold_X.corr(),False
imputation,RFECA_SVR(k=20),0.2,0,5,94,23,0,2757851921008,training_fold_X.corr(),False
classification,RFECA_SVR(k=5),0.2,0,1,93,24,0,2757912445488,training_fold_X.corr(),False
classification,RFECA_SVR(k=5),0.2,0,2,93,24,0,2757956190528,training_fold_X.corr(),False
classification,RFECA_SVR(k=5),0.2,0,3,94,23,0,2757956191248,training_fold_X.corr(),False
classification,RFECA_SVR(k=5),0.2,0,4,94,23,0,2757956191968,training_fold_X.corr(),False
classification,RFECA_SVR(k=5),0.2,0,5,94,23,0,2757956192688,training_fold_X.corr(),False
classification,RFECA_SVR(k=10),0.2,0,1,93,24,0,2757851919328,training_fold_X.corr(),False
classification,RFECA_SVR(k=10),0.2,0,2,93,24,0,2757956194128,training_fold_X.corr(),False
classification,RFECA_SVR(k=10),0.2,0,3,94,23,0,2757956194848,training_fold_X.corr(),False
classification,RFECA_SVR(k=10),0.2,0,4,94,23,0,2757956195568,training_fold_X.corr(),False
classification,RFECA_SVR(k=10),0.2,0,5,94,23,0,2757956196288,training_fold_X.corr(),False
classification,RFECA_SVR(k=20),0.2,0,1,93,24,0,2757956193408,training_fold_X.corr(),False
classification,RFECA_SVR(k=20),0.2,0,2,93,24,0,2757956197728,training_fold_X.corr(),False
classification,RFECA_SVR(k=20),0.2,0,3,94,23,0,2757956198448,training_fold_X.corr(),False
classification,RFECA_SVR(k=20),0.2,0,4,94,23,0,2757956199168,training_fold_X.corr(),False
classification,RFECA_SVR(k=20),0.2,0,5,94,23,0,2757956199888,training_fold_X.corr(),False
imputation,RFECA_SVR(k=5),0.2,1,1,93,24,0,2757912460608,training_fold_X.corr(),False
imputation,RFECA_SVR(k=5),0.2,1,2,93,24,0,2757912460128,training_fold_X.corr(),False
imputation,RFECA_SVR(k=5),0.2,1,3,94,23,0,2757912454368,training_fold_X.corr(),False
imputation,RFECA_SVR(k=5),0.2,1,4,94,23,0,2757912455808,training_fold_X.corr(),False
imputation,RFECA_SVR(k=5),0.2,1,5,94,23,0,2757912445968,training_fold_X.corr(),False
imputation,RFECA_SVR(k=10),0.2,1,1,93,24,0,2757912445728,training_fold_X.corr(),False
imputation,RFECA_SVR(k=10),0.2,1,2,93,24,0,2757956200368,training_fold_X.corr(),False
imputation,RFECA_SVR(k=10),0.2,1,3,94,23,0,2757956196048,training_fold_X.corr(),False
imputation,RFECA_SVR(k=10),0.2,1,4,94,23,0,2757956194608,training_fold_X.corr(),False
imputation,RFECA_SVR(k=10),0.2,1,5,94,23,0,2757956193168,training_fold_X.corr(),False
imputation,RFECA_SVR(k=20),0.2,1,1,93,24,0,2757956191728,training_fold_X.corr(),False
imputation,RFECA_SVR(k=20),0.2,1,2,93,24,0,2757956190288,training_fold_X.corr(),False
imputation,RFECA_SVR(k=20),0.2,1,3,94,23,0,2757956191008,training_fold_X.corr(),False
imputation,RFECA_SVR(k=20),0.2,1,4,94,23,0,2757956192448,training_fold_X.corr(),False
imputation,RFECA_SVR(k=20),0.2,1,5,94,23,0,2757956193888,training_fold_X.corr(),False
classification,RFECA_SVR(k=5),0.2,1,1,93,24,0,2757956200608,training_fold_X.corr(),False
classification,RFECA_SVR(k=5),0.2,1,2,93,24,0,2757956204928,training_fold_X.corr(),False
classification,RFECA_SVR(k=5),0.2,1,3,94,23,0,2757956205648,training_fold_X.corr(),False
classification,RFECA_SVR(k=5),0.2,1,4,94,23,0,2757956206368,training_fold_X.corr(),False
classification,RFECA_SVR(k=5),0.2,1,5,94,23,0,2758000853552,training_fold_X.corr(),False
classification,RFECA_SVR(k=10),0.2,1,1,93,24,0,2757912461088,training_fold_X.corr(),False
classification,RFECA_SVR(k=10),0.2,1,2,93,24,0,2758000854992,training_fold_X.corr(),False
classification,RFECA_SVR(k=10),0.2,1,3,94,23,0,2758000855712,training_fold_X.corr(),False
classification,RFECA_SVR(k=10),0.2,1,4,94,23,0,2758000856432,training_fold_X.corr(),False
classification,RFECA_SVR(k=10),0.2,1,5,94,23,0,2758000857152,training_fold_X.corr(),False
classification,RFECA_SVR(k=20),0.2,1,1,93,24,0,2758000854272,training_fold_X.corr(),False
classification,RFECA_SVR(k=20),0.2,1,2,93,24,0,2758000858592,training_fold_X.corr(),False
classification,RFECA_SVR(k=20),0.2,1,3,94,23,0,2758000859312,training_fold_X.corr(),False
classification,RFECA_SVR(k=20),0.2,1,4,94,23,0,2758000860032,training_fold_X.corr(),False
classification,RFECA_SVR(k=20),0.2,1,5,94,23,0,2758000860752,training_fold_X.corr(),False
imputation,RFECA_SVR(k=5),0.2,2,1,93,24,0,2757956204208,training_fold_X.corr(),False
imputation,RFECA_SVR(k=5),0.2,2,2,93,24,0,2757956201808,training_fold_X.corr(),False
imputation,RFECA_SVR(k=5),0.2,2,3,94,23,0,2757956201328,training_fold_X.corr(),False
imputation,RFECA_SVR(k=5),0.2,2,4,94,23,0,2757956205408,training_fold_X.corr(),False
imputation,RFECA_SVR(k=5),0.2,2,5,94,23,0,2757956195328,training_fold_X.corr(),False
imputation,RFECA_SVR(k=10),0.2,2,1,93,24,0,2757956197008,training_fold_X.corr(),False
imputation,RFECA_SVR(k=10),0.2,2,2,93,24,0,2758000861232,training_fold_X.corr(),False
imputation,RFECA_SVR(k=10),0.2,2,3,94,23,0,2758000858352,training_fold_X.corr(),False
imputation,RFECA_SVR(k=10),0.2,2,4,94,23,0,2758000856912,training_fold_X.corr(),False
imputation,RFECA_SVR(k=10),0.2,2,5,94,23,0,2758000855472,training_fold_X.corr(),False
imputation,RFECA_SVR(k=20),0.2,2,1,93,24,0,2758000854032,training_fold_X.corr(),False
imputation,RFECA_SVR(k=20),0.2,2,2,93,24,0,2758000853312,training_fold_X.corr(),False
imputation,RFECA_SVR(k=20),0.2,2,3,94,23,0,2758000854752,training_fold_X.corr(),False
imputation,RFECA_SVR(k=20),0.2,2,4,94,23,0,2758000856192,training_fold_X.corr(),False
imputation,RFECA_SVR(k=20),0.2,2,5,94,23,0,2758000857632,training_fold_X.corr(),False
classification,RFECA_SVR(k=5),0.2,2,1,93,24,0,2758000861472,training_fold_X.corr(),False
classification,RFECA_SVR(k=5),0.2,2,2,93,24,0,2758000865792,training_fold_X.corr(),False
classification,RFECA_SVR(k=5),0.2,2,3,94,23,0,2758000866512,training_fold_X.corr(),False
classification,RFECA_SVR(k=5),0.2,2,4,94,23,0,2758000867232,training_fold_X.corr(),False
classification,RFECA_SVR(k=5),0.2,2,5,94,23,0,2758000867952,training_fold_X.corr(),False
classification,RFECA_SVR(k=10),0.2,2,1,93,24,0,2758000859072,training_fold_X.corr(),False
classification,RFECA_SVR(k=10),0.2,2,2,93,24,0,2758062506064,training_fold_X.corr(),False
classification,RFECA_SVR(k=10),0.2,2,3,94,23,0,2758062506784,training_fold_X.corr(),False
classification,RFECA_SVR(k=10),0.2,2,4,94,23,0,2758062507504,training_fold_X.corr(),False
classification,RFECA_SVR(k=10),0.2,2,5,94,23,0,2758062508224,training_fold_X.corr(),False
classification,RFECA_SVR(k=20),0.2,2,1,93,24,0,2758000857872,training_fold_X.corr(),False
classification,RFECA_SVR(k=20),0.2,2,2,93,24,0,2758062509664,training_fold_X.corr(),False
classification,RFECA_SVR(k=20),0.2,2,3,94,23,0,2758062510384,training_fold_X.corr(),False
classification,RFECA_SVR(k=20),0.2,2,4,94,23,0,2758062511104,training_fold_X.corr(),False
classification,RFECA_SVR(k=20),0.2,2,5,94,23,0,2758062511824,training_fold_X.corr(),False
imputation,RFECA_SVR(k=5),0.2,3,1,93,24,0,2758000868432,training_fold_X.corr(),False
imputation,RFECA_SVR(k=5),0.2,3,2,93,24,0,2758000865552,training_fold_X.corr(),False
imputation,RFECA_SVR(k=5),0.2,3,3,94,23,0,2758000865072,training_fold_X.corr(),False
imputation,RFECA_SVR(k=5),0.2,3,4,94,23,0,2758000861952,training_fold_X.corr(),False
imputation,RFECA_SVR(k=5),0.2,3,5,94,23,0,2758000867712,training_fold_X.corr(),False
imputation,RFECA_SVR(k=10),0.2,3,1,93,24,0,2758000869152,training_fold_X.corr(),False
imputation,RFECA_SVR(k=10),0.2,3,2,93,24,0,2758000868672,training_fold_X.corr(),False
imputation,RFECA_SVR(k=10),0.2,3,3,94,23,0,2758062512304,training_fold_X.corr(),False
imputation,RFECA_SVR(k=10),0.2,3,4,94,23,0,2758062510864,training_fold_X.corr(),False
imputation,RFECA_SVR(k=10),0.2,3,5,94,23,0,2758062509424,training_fold_X.corr(),False
imputation,RFECA_SVR(k=20),0.2,3,1,93,24,0,2758062507984,training_fold_X.corr(),False
imputation,RFECA_SVR(k=20),0.2,3,2,93,24,0,2758062506544,training_fold_X.corr(),False
imputation,RFECA_SVR(k=20),0.2,3,3,94,23,0,2758062507264,training_fold_X.corr(),False
imputation,RFECA_SVR(k=20),0.2,3,4,94,23,0,2758062508704,training_fold_X.corr(),False
imputation,RFECA_SVR(k=20),0.2,3,5,94,23,0,2758062510144,training_fold_X.corr(),False
classification,RFECA_SVR(k=5),0.2,3,1,93,24,0,2758062512544,training_fold_X.corr(),False
classification,RFECA_SVR(k=5),0.2,3,2,93,24,0,2758062516864,training_fold_X.corr(),False
classification,RFECA_SVR(k=5),0.2,3,3,94,23,0,2758062517584,training_fold_X.corr(),False
classification,RFECA_SVR(k=5),0.2,3,4,94,23,0,2758062518304,training_fold_X.corr(),False
classification,RFECA_SVR(k=5),0.2,3,5,94,23,0,2758062519024,training_fold_X.corr(),False
classification,RFECA_SVR(k=10),0.2,3,1,93,24,0,2758062511584,training_fold_X.corr(),False
classification,RFECA_SVR(k=10),0.2,3,2,93,24,0,2758062520464,training_fold_X.corr(),False
classification,RFECA_SVR(k=10),0.2,3,3,94,23,0,2758062521184,training_fold_X.corr(),False
classification,RFECA_SVR(k=10),0.2,3,4,94,23,0,2758062521904,training_fold_X.corr(),False
classification,RFECA_SVR(k=10),0.2,3,5,94,23,0,2758123667776,training_fold_X.corr(),False
classification,RFECA_SVR(k=20),0.2,3,1,93,24,0,2758062508944,training_fold_X.corr(),False
classification,RFECA_SVR(k=20),0.2,3,2,93,24,0,2758123669216,training_fold_X.corr(),False
classification,RFECA_SVR(k=20),0.2,3,3,94,23,0,2758123669936,training_fold_X.corr(),False
classification,RFECA_SVR(k=20),0.2,3,4,94,23,0,2758123670656,training_fold_X.corr(),False
classification,RFECA_SVR(k=20),0.2,3,5,94,23,0,2758123671376,training_fold_X.corr(),False
imputation,RFECA_SVR(k=5),0.2,4,1,93,24,0,2758062520944,training_fold_X.corr(),False
imputation,RFECA_SVR(k=5),0.2,4,2,93,24,0,2758062519504,training_fold_X.corr(),False
imputation,RFECA_SVR(k=5),0.2,4,3,94,23,0,2758062518064,training_fold_X.corr(),False
imputation,RFECA_SVR(k=5),0.2,4,4,94,23,0,2758062516384,training_fold_X.corr(),False
imputation,RFECA_SVR(k=5),0.2,4,5,94,23,0,2758062517344,training_fold_X.corr(),False
imputation,RFECA_SVR(k=10),0.2,4,1,93,24,0,2758062518784,training_fold_X.corr(),False
imputation,RFECA_SVR(k=10),0.2,4,2,93,24,0,2758062520224,training_fold_X.corr(),False
imputation,RFECA_SVR(k=10),0.2,4,3,94,23,0,2758062521664,training_fold_X.corr(),False
imputation,RFECA_SVR(k=10),0.2,4,4,94,23,0,2758062519744,training_fold_X.corr(),False
imputation,RFECA_SVR(k=10),0.2,4,5,94,23,0,2758123671856,training_fold_X.corr(),False
imputation,RFECA_SVR(k=20),0.2,4,1,93,24,0,2758123670416,training_fold_X.corr(),False
imputation,RFECA_SVR(k=20),0.2,4,2,93,24,0,2758123668976,training_fold_X.corr(),False
imputation,RFECA_SVR(k=20),0.2,4,3,94,23,0,2758123667536,training_fold_X.corr(),False
imputation,RFECA_SVR(k=20),0.2,4,4,94,23,0,2758123668256,training_fold_X.corr(),False
imputation,RFECA_SVR(k=20),0.2,4,5,94,23,0,2758123669696,training_fold_X.corr(),False
classification,RFECA_SVR(k=5),0.2,4,1,93,24,0,2758123672096,training_fold_X.corr(),False
classification,RFECA_SVR(k=5),0.2,4,2,93,24,0,2758123676416,training_fold_X.corr(),False
classification,RFECA_SVR(k=5),0.2,4,3,94,23,0,2758123677136,training_fold_X.corr(),False
classification,RFECA_SVR(k=5),0.2,4,4,94,23,0,2758123677856,training_fold_X.corr(),False
classification,RFECA_SVR(k=5),0.2,4,5,94,23,0,2758123678576,training_fold_X.corr(),False
classification,RFECA_SVR(k=10),0.2,4,1,93,24,0,2758123671136,training_fold_X.corr(),False
classification,RFECA_SVR(k=10),0.2,4,2,93,24,0,2758123680016,training_fold_X.corr(),False
classification,RFECA_SVR(k=10),0.2,4,3,94,23,0,2758123680736,training_fold_X.corr(),False
classification,RFECA_SVR(k=10),0.2,4,4,94,23,0,2758123681456,training_fold_X.corr(),False
classification,RFECA_SVR(k=10),0.2,4,5,94,23,0,2758123682176,training_fold_X.corr(),False
classification,RFECA_SVR(k=20),0.2,4,1,93,24,0,2758123668496,training_fold_X.corr(),False
classification,RFECA_SVR(k=20),0.2,4,2,93,24,0,2758123683616,training_fold_X.corr(),False
classification,RFECA_SVR(k=20),0.2,4,3,94,23,0,2758168560176,training_fold_X.corr(),False
classification,RFECA_SVR(k=20),0.2,4,4,94,23,0,2758168560896,training_fold_X.corr(),False
classification,RFECA_SVR(k=20),0.2,4,5,94,23,0,2758168561616,training_fold_X.corr(),False
imputation,RFECA_SVR(k=5),0.2,5,1,93,24,0,2758123683376,training_fold_X.corr(),False
imputation,RFECA_SVR(k=5),0.2,5,2,93,24,0,2758123681936,training_fold_X.corr(),False
imputation,RFECA_SVR(k=5),0.2,5,3,94,23,0,2758123680496,training_fold_X.corr(),False
imputation,RFECA_SVR(k=5),0.2,5,4,94,23,0,2758123679056,training_fold_X.corr(),False
imputation,RFECA_SVR(k=5),0.2,5,5,94,23,0,2758123677616,training_fold_X.corr(),False
imputation,RFECA_SVR(k=10),0.2,5,1,93,24,0,2758123674496,training_fold_X.corr(),False
imputation,RFECA_SVR(k=10),0.2,5,2,93,24,0,2758123676896,training_fold_X.corr(),False
imputation,RFECA_SVR(k=10),0.2,5,3,94,23,0,2758123678336,training_fold_X.corr(),False
imputation,RFECA_SVR(k=10),0.2,5,4,94,23,0,2758123679776,training_fold_X.corr(),False
imputation,RFECA_SVR(k=10),0.2,5,5,94,23,0,2758123681216,training_fold_X.corr(),False
imputation,RFECA_SVR(k=20),0.2,5,1,93,24,0,2758123682656,training_fold_X.corr(),False
imputation,RFECA_SVR(k=20),0.2,5,2,93,24,0,2758123682896,training_fold_X.corr(),False
imputation,RFECA_SVR(k=20),0.2,5,3,94,23,0,2758123679296,training_fold_X.corr(),False
imputation,RFECA_SVR(k=20),0.2,5,4,94,23,0,2758168562096,training_fold_X.corr(),False
imputation,RFECA_SVR(k=20),0.2,5,5,94,23,0,2758168560656,training_fold_X.corr(),False
classification,RFECA_SVR(k=5),0.2,5,1,93,24,0,2758168562336,training_fold_X.corr(),False
classification,RFECA_SVR(k=5),0.2,5,2,93,24,0,2758168566656,training_fold_X.corr(),False
classification,RFECA_SVR(k=5),0.2,5,3,94,23,0,2758168567376,training_fold_X.corr(),False
classification,RFECA_SVR(k=5),0.2,5,4,94,23,0,2758168568096,training_fold_X.corr(),False
classification,RFECA_SVR(k=5),0.2,5,5,94,23,0,2758168568816,training_fold_X.corr(),False
classification,RFECA_SVR(k=10),0.2,5,1,93,24,0,2758168559936,training_fold_X.corr(),False
classification,RFECA_SVR(k=10),0.2,5,2,93,24,0,2758168570256,training_fold_X.corr(),False
classification,RFECA_SVR(k=10),0.2,5,3,94,23,0,2758168570976,training_fold_X.corr(),False
classification,RFECA_SVR(k=10),0.2,5,4,94,23,0,2758168571696,training_fold_X.corr(),False
classification,RFECA_SVR(k=10),0.2,5,5,94,23,0,2758168572416,training_fold_X.corr(),False
classification,RFECA_SVR(k=20),0.2,5,1,93,24,0,2758168561376,training_fold_X.corr(),False
classification,RFECA_SVR(k=20),0.2,5,2,93,24,0,2758168573856,training_fold_X.corr(),False
classification,RFECA_SVR(k=20),0.2,5,3,94,23,0,2758168574576,training_fold_X.corr(),False
classification,RFECA_SVR(k=20),0.2,5,4,94,23,0,2758168575296,training_fold_X.corr(),False
classification,RFECA_SVR(k=20),0.2,5,5,94,23,0,2758230589520,training_fold_X.corr(),False
imputation,RFECA_SVR(k=5),0.2,6,1,93,24,0,2758168575056,training_fold_X.corr(),False
imputation,RFECA_SVR(k=5),0.2,6,2,93,24,0,2758168573616,training_fold_X.corr(),False
imputation,RFECA_SVR(k=5),0.2,6,3,94,23,0,2758168572176,training_fold_X.corr(),False
imputation,RFECA_SVR(k=5),0.2,6,4,94,23,0,2758168570736,training_fold_X.corr(),False
imputation,RFECA_SVR(k=5),0.2,6,5,94,23,0,2758168569296,training_fold_X.corr(),False
imputation,RFECA_SVR(k=10),0.2,6,1,93,24,0,2758168564976,training_fold_X.corr(),False
imputation,RFECA_SVR(k=10),0.2,6,2,93,24,0,2758168564736,training_fold_X.corr(),False
imputation,RFECA_SVR(k=10),0.2,6,3,94,23,0,2758168564496,training_fold_X.corr(),False
imputation,RFECA_SVR(k=10),0.2,6,4,94,23,0,2758168564256,training_fold_X.corr(),False
imputation,RFECA_SVR(k=10),0.2,6,5,94,23,0,2758168570016,training_fold_X.corr(),False
imputation,RFECA_SVR(k=20),0.2,6,1,93,24,0,2758168571456,training_fold_X.corr(),False
imputation,RFECA_SVR(k=20),0.2,6,2,93,24,0,2758168572896,training_fold_X.corr(),False
imputation,RFECA_SVR(k=20),0.2,6,3,94,23,0,2758168574336,training_fold_X.corr(),False
imputation,RFECA_SVR(k=20),0.2,6,4,94,23,0,2758168575776,training_fold_X.corr(),False
imputation,RFECA_SVR(k=20),0.2,6,5,94,23,0,2758168573136,training_fold_X.corr(),False
classification,RFECA_SVR(k=5),0.2,6,1,93,24,0,2758230590240,training_fold_X.corr(),False
classification,RFECA_SVR(k=5),0.2,6,2,93,24,0,2758230594560,training_fold_X.corr(),False
classification,RFECA_SVR(k=5),0.2,6,3,94,23,0,2758230595280,training_fold_X.corr(),False
classification,RFECA_SVR(k=5),0.2,6,4,94,23,0,2758230596000,training_fold_X.corr(),False
classification,RFECA_SVR(k=5),0.2,6,5,94,23,0,2758230596720,training_fold_X.corr(),False
classification,RFECA_SVR(k=10),0.2,6,1,93,24,0,2757956204688,training_fold_X.corr(),False
classification,RFECA_SVR(k=10),0.2,6,2,93,24,0,2758230598160,training_fold_X.corr(),False
classification,RFECA_SVR(k=10),0.2,6,3,94,23,0,2758230598880,training_fold_X.corr(),False
classification,RFECA_SVR(k=10),0.2,6,4,94,23,0,2758230599600,training_fold_X.corr(),False
classification,RFECA_SVR(k=10),0.2,6,5,94,23,0,2758230600320,training_fold_X.corr(),False
classification,RFECA_SVR(k=20),0.2,6,1,93,24,0,2758230590000,training_fold_X.corr(),False
classification,RFECA_SVR(k=20),0.2,6,2,93,24,0,2758230601760,training_fold_X.corr(),False
classification,RFECA_SVR(k=20),0.2,6,3,94,23,0,2758230602480,training_fold_X.corr(),False
classification,RFECA_SVR(k=20),0.2,6,4,94,23,0,2758230603200,training_fold_X.corr(),False
classification,RFECA_SVR(k=20),0.2,6,5,94,23,0,2758230597920,training_fold_X.corr(),False
imputation,RFECA_SVR(k=5),0.2,7,1,93,24,0,2758230602240,training_fold_X.corr(),False
imputation,RFECA_SVR(k=5),0.2,7,2,93,24,0,2758230603680,training_fold_X.corr(),False
imputation,RFECA_SVR(k=5),0.2,7,3,94,23,0,2758230603920,training_fold_X.corr(),False
imputation,RFECA_SVR(k=5),0.2,7,4,94,23,0,2758230604160,training_fold_X.corr(),False
imputation,RFECA_SVR(k=5),0.2,7,5,94,23,0,2758230604400,training_fold_X.corr(),False
imputation,RFECA_SVR(k=10),0.2,7,1,93,24,0,2758230601040,training_fold_X.corr(),False
imputation,RFECA_SVR(k=10),0.2,7,2,93,24,0,2758230597440,training_fold_X.corr(),False
imputation,RFECA_SVR(k=10),0.2,7,3,94,23,0,2758230604640,training_fold_X.corr(),False
imputation,RFECA_SVR(k=10),0.2,7,4,94,23,0,2758230604880,training_fold_X.corr(),False
imputation,RFECA_SVR(k=10),0.2,7,5,94,23,0,2758230605120,training_fold_X.corr(),False
imputation,RFECA_SVR(k=20),0.2,7,1,93,24,0,2758230605360,training_fold_X.corr(),False
imputation,RFECA_SVR(k=20),0.2,7,2,93,24,0,2758230605600,training_fold_X.corr(),False
imputation,RFECA_SVR(k=20),0.2,7,3,94,23,0,2758276792400,training_fold_X.corr(),False
imputation,RFECA_SVR(k=20),0.2,7,4,94,23,0,2758276792640,training_fold_X.corr(),False
imputation,RFECA_SVR(k=20),0.2,7,5,94,23,0,2758230596480,training_fold_X.corr(),False
classification,RFECA_SVR(k=5),0.2,7,1,93,24,0,2758230592640,training_fold_X.corr(),False
classification,RFECA_SVR(k=5),0.2,7,2,93,24,0,2758276795520,training_fold_X.corr(),False
classification,RFECA_SVR(k=5),0.2,7,3,94,23,0,2758276796240,training_fold_X.corr(),False
classification,RFECA_SVR(k=5),0.2,7,4,94,23,0,2758276796960,training_fold_X.corr(),False
classification,RFECA_SVR(k=5),0.2,7,5,94,23,0,2758276797680,training_fold_X.corr(),False
classification,RFECA_SVR(k=10),0.2,7,1,93,24,0,2758168569536,training_fold_X.corr(),False
classification,RFECA_SVR(k=10),0.2,7,2,93,24,0,2758276799120,training_fold_X.corr(),False
classification,RFECA_SVR(k=10),0.2,7,3,94,23,0,2758276799840,training_fold_X.corr(),False
classification,RFECA_SVR(k=10),0.2,7,4,94,23,0,2758276800560,training_fold_X.corr(),False
classification,RFECA_SVR(k=10),0.2,7,5,94,23,0,2758276801280,training_fold_X.corr(),False
classification,RFECA_SVR(k=20),0.2,7,1,93,24,0,2758276798400,training_fold_X.corr(),False
classification,RFECA_SVR(k=20),0.2,7,2,93,24,0,2758276802720,training_fold_X.corr(),False
classification,RFECA_SVR(k=20),0.2,7,3,94,23,0,2758276803440,training_fold_X.corr(),False
classification,RFECA_SVR(k=20),0.2,7,4,94,23,0,2758276804160,training_fold_X.corr(),False
classification,RFECA_SVR(k=20),0.2,7,5,94,23,0,2758276804880,training_fold_X.corr(),False
imputation,RFECA_SVR(k=5),0.2,8,1,93,24,0,2758230601520,training_fold_X.corr(),False
imputation,RFECA_SVR(k=5),0.2,8,2,93,24,0,2758230600080,training_fold_X.corr(),False
imputation,RFECA_SVR(k=5),0.2,8,3,94,23,0,2758230598640,training_fold_X.corr(),False
imputation,RFECA_SVR(k=5),0.2,8,4,94,23,0,2758230597200,training_fold_X.corr(),False
imputation,RFECA_SVR(k=5),0.2,8,5,94,23,0,2758230592160,training_fold_X.corr(),False
imputation,RFECA_SVR(k=10),0.2,8,1,93,24,0,2758230592400,training_fold_X.corr(),False
imputation,RFECA_SVR(k=10),0.2,8,2,93,24,0,2758276805360,training_fold_X.corr(),False
imputation,RFECA_SVR(k=10),0.2,8,3,94,23,0,2758276795040,training_fold_X.corr(),False
imputation,RFECA_SVR(k=10),0.2,8,4,94,23,0,2758276794800,training_fold_X.corr(),False
imputation,RFECA_SVR(k=10),0.2,8,5,94,23,0,2758276794560,training_fold_X.corr(),False
imputation,RFECA_SVR(k=20),0.2,8,1,93,24,0,2758276794320,training_fold_X.corr(),False
imputation,RFECA_SVR(k=20),0.2,8,2,93,24,0,2758276794080,training_fold_X.corr(),False
imputation,RFECA_SVR(k=20),0.2,8,3,94,23,0,2758276793840,training_fold_X.corr(),False
imputation,RFECA_SVR(k=20),0.2,8,4,94,23,0,2758276793600,training_fold_X.corr(),False
imputation,RFECA_SVR(k=20),0.2,8,5,94,23,0,2758276793360,training_fold_X.corr(),False
classification,RFECA_SVR(k=5),0.2,8,1,93,24,0,2758276805600,training_fold_X.corr(),False
classification,RFECA_SVR(k=5),0.2,8,2,93,24,0,2758337856768,training_fold_X.corr(),False
classification,RFECA_SVR(k=5),0.2,8,3,94,23,0,2758337857488,training_fold_X.corr(),False
classification,RFECA_SVR(k=5),0.2,8,4,94,23,0,2758337858208,training_fold_X.corr(),False
classification,RFECA_SVR(k=5),0.2,8,5,94,23,0,2758337858928,training_fold_X.corr(),False
classification,RFECA_SVR(k=10),0.2,8,1,93,24,0,2758230602960,training_fold_X.corr(),False
classification,RFECA_SVR(k=10),0.2,8,2,93,24,0,2758337860368,training_fold_X.corr(),False
classification,RFECA_SVR(k=10),0.2,8,3,94,23,0,2758337861088,training_fold_X.corr(),False
classification,RFECA_SVR(k=10),0.2,8,4,94,23,0,2758337861808,training_fold_X.corr(),False
classification,RFECA_SVR(k=10),0.2,8,5,94,23,0,2758337862528,training_fold_X.corr(),False
classification,RFECA_SVR(k=20),0.2,8,1,93,24,0,2758337859648,training_fold_X.corr(),False
classification,RFECA_SVR(k=20),0.2,8,2,93,24,0,2758337863968,training_fold_X.corr(),False
classification,RFECA_SVR(k=20),0.2,8,3,94,23,0,2758337864688,training_fold_X.corr(),False
classification,RFECA_SVR(k=20),0.2,8,4,94,23,0,2758337865408,training_fold_X.corr(),False
classification,RFECA_SVR(k=20),0.2,8,5,94,23,0,2758337866128,training_fold_X.corr(),False
imputation,RFECA_SVR(k=5),0.2,9,1,93,24,0,2758276808000,training_fold_X.corr(),False
imputation,RFECA_SVR(k=5),0.2,9,2,93,24,0,2758276807520,training_fold_X.corr(),False
imputation,RFECA_SVR(k=5),0.2,9,3,94,23,0,2758276806800,training_fold_X.corr(),False
imputation,RFECA_SVR(k=5),0.2,9,4,94,23,0,2758276806320,training_fold_X.corr(),False
imputation,RFECA_SVR(k=5),0.2,9,5,94,23,0,2758276793120,training_fold_X.corr(),False
imputation,RFECA_SVR(k=10),0.2,9,1,93,24,0,2758276802000,training_fold_X.corr(),False
imputation,RFECA_SVR(k=10),0.2,9,2,93,24,0,2758337866608,training_fold_X.corr(),False
imputation,RFECA_SVR(k=10),0.2,9,3,94,23,0,2758337859408,training_fold_X.corr(),False
imputation,RFECA_SVR(k=10),0.2,9,4,94,23,0,2758337857968,training_fold_X.corr(),False
imputation,RFECA_SVR(k=10),0.2,9,5,94,23,0,2758337856528,training_fold_X.corr(),False
imputation,RFECA_SVR(k=20),0.2,9,1,93,24,0,2758337856288,training_fold_X.corr(),False
imputation,RFECA_SVR(k=20),0.2,9,2,93,24,0,2758337856048,training_fold_X.corr(),False
imputation,RFECA_SVR(k=20),0.2,9,3,94,23,0,2758337855808,training_fold_X.corr(),False
imputation,RFECA_SVR(k=20),0.2,9,4,94,23,0,2758337855568,training_fold_X.corr(),False
imputation,RFECA_SVR(k=20),0.2,9,5,94,23,0,2758337857248,training_fold_X.corr(),False
classification,RFECA_SVR(k=5),0.2,9,1,93,24,0,2758337866848,training_fold_X.corr(),False
classification,RFECA_SVR(k=5),0.2,9,2,93,24,0,2758337871168,training_fold_X.corr(),False
classification,RFECA_SVR(k=5),0.2,9,3,94,23,0,2758382256208,training_fold_X.corr(),False
classification,RFECA_SVR(k=5),0.2,9,4,94,23,0,2758382256928,training_fold_X.corr(),False
classification,RFECA_SVR(k=5),0.2,9,5,94,23,0,2758382257648,training_fold_X.corr(),False
classification,RFECA_SVR(k=10),0.2,9,1,93,24,0,2758276808480,training_fold_X.corr(),False
classification,RFECA_SVR(k=10),0.2,9,2,93,24,0,2758382259088,training_fold_X.corr(),False
classification,RFECA_SVR(k=10),0.2,9,3,94,23,0,2758382259808,training_fold_X.corr(),False
classification,RFECA_SVR(k=10),0.2,9,4,94,23,0,2758382260528,training_fold_X.corr(),False
classification,RFECA_SVR(k=10),0.2,9,5,94,23,0,2758382261248,training_fold_X.corr(),False
classification,RFECA_SVR(k=20),0.2,9,1,93,24,0,2758382258368,training_fold_X.corr(),False
classification,RFECA_SVR(k=20),0.2,9,2,93,24,0,2758382262688,training_fold_X.corr(),False
classification,RFECA_SVR(k=20),0.2,9,3,94,23,0,2758382263408,training_fold_X.corr(),False
classification,RFECA_SVR(k=20),0.2,9,4,94,23,0,2758382264128,training_fold_X.corr(),False
classification,RFECA_SVR(k=20),0.2,9,5,94,23,0,2758382264848,training_fold_X.corr(),False
imputation,RFECA_SVR(k=5),0.3,0,1,93,24,0,2758337870448,training_fold_X.corr(),False
imputation,RFECA_SVR(k=5),0.3,0,2,93,24,0,2758337869968,training_fold_X.corr(),False
imputation,RFECA_SVR(k=5),0.3,0,3,94,23,0,2758337867808,training_fold_X.corr(),False
imputation,RFECA_SVR(k=5),0.3,0,4,94,23,0,2758337867328,training_fold_X.corr(),False
imputation,RFECA_SVR(k=5),0.3,0,5,94,23,0,2758337858688,training_fold_X.corr(),False
imputation,RFECA_SVR(k=10),0.3,0,1,93,24,0,2758337863248,training_fold_X.corr(),False
imputation,RFECA_SVR(k=10),0.3,0,2,93,24,0,2758382265328,training_fold_X.corr(),False
imputation,RFECA_SVR(k=10),0.3,0,3,94,23,0,2758382262448,training_fold_X.corr(),False
imputation,RFECA_SVR(k=10),0.3,0,4,94,23,0,2758382261008,training_fold_X.corr(),False
imputation,RFECA_SVR(k=10),0.3,0,5,94,23,0,2758382259568,training_fold_X.corr(),False
imputation,RFECA_SVR(k=20),0.3,0,1,93,24,0,2758382258128,training_fold_X.corr(),False
imputation,RFECA_SVR(k=20),0.3,0,2,93,24,0,2758382256688,training_fold_X.corr(),False
imputation,RFECA_SVR(k=20),0.3,0,3,94,23,0,2758382257408,training_fold_X.corr(),False
imputation,RFECA_SVR(k=20),0.3,0,4,94,23,0,2758382258848,training_fold_X.corr(),False
imputation,RFECA_SVR(k=20),0.3,0,5,94,23,0,2758382260288,training_fold_X.corr(),False
classification,RFECA_SVR(k=5),0.3,0,1,93,24,0,2758382265568,training_fold_X.corr(),False
classification,RFECA_SVR(k=5),0.3,0,2,93,24,0,2758382269888,training_fold_X.corr(),False
classification,RFECA_SVR(k=5),0.3,0,3,94,23,0,2758382270608,training_fold_X.corr(),False
classification,RFECA_SVR(k=5),0.3,0,4,94,23,0,2758382271328,training_fold_X.corr(),False
classification,RFECA_SVR(k=5),0.3,0,5,94,23,0,2758382272048,training_fold_X.corr(),False
classification,RFECA_SVR(k=10),0.3,0,1,93,24,0,2758337870928,training_fold_X.corr(),False
classification,RFECA_SVR(k=10),0.3,0,2,93,24,0,2758443959312,training_fold_X.corr(),False
classification,RFECA_SVR(k=10),0.3,0,3,94,23,0,2758443960032,training_fold_X.corr(),False
classification,RFECA_SVR(k=10),0.3,0,4,94,23,0,2758443960752,training_fold_X.corr(),False
classification,RFECA_SVR(k=10),0.3,0,5,94,23,0,2758443961472,training_fold_X.corr(),False
classification,RFECA_SVR(k=20),0.3,0,1,93,24,0,2758443958592,training_fold_X.corr(),False
classification,RFECA_SVR(k=20),0.3,0,2,93,24,0,2758443962912,training_fold_X.corr(),False
classification,RFECA_SVR(k=20),0.3,0,3,94,23,0,2758443963632,training_fold_X.corr(),False
classification,RFECA_SVR(k=20),0.3,0,4,94,23,0,2758443964352,training_fold_X.corr(),False
classification,RFECA_SVR(k=20),0.3,0,5,94,23,0,2758443965072,training_fold_X.corr(),False
imputation,RFECA_SVR(k=5),0.3,1,1,93,24,0,2758382269408,training_fold_X.corr(),False
imputation,RFECA_SVR(k=5),0.3,1,2,93,24,0,2758382268928,training_fold_X.corr(),False
imputation,RFECA_SVR(k=5),0.3,1,3,94,23,0,2758382266288,training_fold_X.corr(),False
imputation,RFECA_SVR(k=5),0.3,1,4,94,23,0,2758382270368,training_fold_X.corr(),False
imputation,RFECA_SVR(k=5),0.3,1,5,94,23,0,2758382261728,training_fold_X.corr(),False
imputation,RFECA_SVR(k=10),0.3,1,1,93,24,0,2758382261968,training_fold_X.corr(),False
imputation,RFECA_SVR(k=10),0.3,1,2,93,24,0,2758443965552,training_fold_X.corr(),False
imputation,RFECA_SVR(k=10),0.3,1,3,94,23,0,2758443964112,training_fold_X.corr(),False
imputation,RFECA_SVR(k=10),0.3,1,4,94,23,0,2758443962672,training_fold_X.corr(),False
imputation,RFECA_SVR(k=10),0.3,1,5,94,23,0,2758443961232,training_fold_X.corr(),False
imputation,RFECA_SVR(k=20),0.3,1,1,93,24,0,2758443959792,training_fold_X.corr(),False
imputation,RFECA_SVR(k=20),0.3,1,2,93,24,0,2758443958352,training_fold_X.corr(),False
imputation,RFECA_SVR(k=20),0.3,1,3,94,23,0,2758443959072,training_fold_X.corr(),False
imputation,RFECA_SVR(k=20),0.3,1,4,94,23,0,2758443960512,training_fold_X.corr(),False
imputation,RFECA_SVR(k=20),0.3,1,5,94,23,0,2758443961952,training_fold_X.corr(),False
classification,RFECA_SVR(k=5),0.3,1,1,93,24,0,2758443965792,training_fold_X.corr(),False
classification,RFECA_SVR(k=5),0.3,1,2,93,24,0,2758443970112,training_fold_X.corr(),False
classification,RFECA_SVR(k=5),0.3,1,3,94,23,0,2758443970832,training_fold_X.corr(),False
classification,RFECA_SVR(k=5),0.3,1,4,94,23,0,2758443971552,training_fold_X.corr(),False
classification,RFECA_SVR(k=5),0.3,1,5,94,23,0,2758443972272,training_fold_X.corr(),False
classification,RFECA_SVR(k=10),0.3,1,1,93,24,0,2758443963392,training_fold_X.corr(),False
classification,RFECA_SVR(k=10),0.3,1,2,93,24,0,2758443973712,training_fold_X.corr(),False
classification,RFECA_SVR(k=10),0.3,1,3,94,23,0,2758443974432,training_fold_X.corr(),False
classification,RFECA_SVR(k=10),0.3,1,4,94,23,0,2758488588848,training_fold_X.corr(),False
classification,RFECA_SVR(k=10),0.3,1,5,94,23,0,2758488589568,training_fold_X.corr(),False
classification,RFECA_SVR(k=20),0.3,1,1,93,24,0,2758443962192,training_fold_X.corr(),False
classification,RFECA_SVR(k=20),0.3,1,2,93,24,0,2758488591008,training_fold_X.corr(),False
classification,RFECA_SVR(k=20),0.3,1,3,94,23,0,2758488591728,training_fold_X.corr(),False
classification,RFECA_SVR(k=20),0.3,1,4,94,23,0,2758488592448,training_fold_X.corr(),False
classification,RFECA_SVR(k=20),0.3,1,5,94,23,0,2758488593168,training_fold_X.corr(),False
imputation,RFECA_SVR(k=5),0.3,2,1,93,24,0,2758443974192,training_fold_X.corr(),False
imputation,RFECA_SVR(k=5),0.3,2,2,93,24,0,2758443972752,training_fold_X.corr(),False
imputation,RFECA_SVR(k=5),0.3,2,3,94,23,0,2758443969872,training_fold_X.corr(),False
imputation,RFECA_SVR(k=5),0.3,2,4,94,23,0,2758443966512,training_fold_X.corr(),False
imputation,RFECA_SVR(k=5),0.3,2,5,94,23,0,2758443970592,training_fold_X.corr(),False
imputation,RFECA_SVR(k=10),0.3,2,1,93,24,0,2758443972032,training_fold_X.corr(),False
imputation,RFECA_SVR(k=10),0.3,2,2,93,24,0,2758443973472,training_fold_X.corr(),False
imputation,RFECA_SVR(k=10),0.3,2,3,94,23,0,2758443972992,training_fold_X.corr(),False
imputation,RFECA_SVR(k=10),0.3,2,4,94,23,0,2758488593648,training_fold_X.corr(),False
imputation,RFECA_SVR(k=10),0.3,2,5,94,23,0,2758488592208,training_fold_X.corr(),False
imputation,RFECA_SVR(k=20),0.3,2,1,93,24,0,2758488590768,training_fold_X.corr(),False
imputation,RFECA_SVR(k=20),0.3,2,2,93,24,0,2758488589328,training_fold_X.corr(),False
imputation,RFECA_SVR(k=20),0.3,2,3,94,23,0,2758488588608,training_fold_X.corr(),False
imputation,RFECA_SVR(k=20),0.3,2,4,94,23,0,2758488590048,training_fold_X.corr(),False
imputation,RFECA_SVR(k=20),0.3,2,5,94,23,0,2758488591488,training_fold_X.corr(),False
classification,RFECA_SVR(k=5),0.3,2,1,93,24,0,2758488593888,training_fold_X.corr(),False
classification,RFECA_SVR(k=5),0.3,2,2,93,24,0,2758488598208,training_fold_X.corr(),False
classification,RFECA_SVR(k=5),0.3,2,3,94,23,0,2758488598928,training_fold_X.corr(),False
classification,RFECA_SVR(k=5),0.3,2,4,94,23,0,2758488599648,training_fold_X.corr(),False
classification,RFECA_SVR(k=5),0.3,2,5,94,23,0,2758488600368,training_fold_X.corr(),False
classification,RFECA_SVR(k=10),0.3,2,1,93,24,0,2758488592928,training_fold_X.corr(),False
classification,RFECA_SVR(k=10),0.3,2,2,93,24,0,2758488601808,training_fold_X.corr(),False
classification,RFECA_SVR(k=10),0.3,2,3,94,23,0,2758488602528,training_fold_X.corr(),False
classification,RFECA_SVR(k=10),0.3,2,4,94,23,0,2758488603248,training_fold_X.corr(),False
classification,RFECA_SVR(k=10),0.3,2,5,94,23,0,2758488603968,training_fold_X.corr(),False
classification,RFECA_SVR(k=20),0.3,2,1,93,24,0,2758488590288,training_fold_X.corr(),False
classification,RFECA_SVR(k=20),0.3,2,2,93,24,0,2758533661472,training_fold_X.corr(),False
classification,RFECA_SVR(k=20),0.3,2,3,94,23,0,2758533662192,training_fold_X.corr(),False
classification,RFECA_SVR(k=20),0.3,2,4,94,23,0,2758533662912,training_fold_X.corr(),False
classification,RFECA_SVR(k=20),0.3,2,5,94,23,0,2758533663632,training_fold_X.corr(),False
imputation,RFECA_SVR(k=5),0.3,3,1,93,24,0,2758488603728,training_fold_X.corr(),False
imputation,RFECA_SVR(k=5),0.3,3,2,93,24,0,2758488602288,training_fold_X.corr(),False
imputation,RFECA_SVR(k=5),0.3,3,3,94,23,0,2758488600848,training_fold_X.corr(),False
imputation,RFECA_SVR(k=5),0.3,3,4,94,23,0,2758488599408,training_fold_X.corr(),False
imputation,RFECA_SVR(k=5),0.3,3,5,94,23,0,2758488597968,training_fold_X.corr(),False
imputation,RFECA_SVR(k=10),0.3,3,1,93,24,0,2758488598688,training_fold_X.corr(),False
imputation,RFECA_SVR(k=10),0.3,3,2,93,24,0,2758488600128,training_fold_X.corr(),False
imputation,RFECA_SVR(k=10),0.3,3,3,94,23,0,2758488601568,training_fold_X.corr(),False
imputation,RFECA_SVR(k=10),0.3,3,4,94,23,0,2758488603008,training_fold_X.corr(),False
imputation,RFECA_SVR(k=10),0.3,3,5,94,23,0,2758488604448,training_fold_X.corr(),False
imputation,RFECA_SVR(k=20),0.3,3,1,93,24,0,2758488601088,training_fold_X.corr(),False
imputation,RFECA_SVR(k=20),0.3,3,2,93,24,0,2758533664112,training_fold_X.corr(),False
imputation,RFECA_SVR(k=20),0.3,3,3,94,23,0,2758533662672,training_fold_X.corr(),False
imputation,RFECA_SVR(k=20),0.3,3,4,94,23,0,2758533661232,training_fold_X.corr(),False
imputation,RFECA_SVR(k=20),0.3,3,5,94,23,0,2758533661952,training_fold_X.corr(),False
classification,RFECA_SVR(k=5),0.3,3,1,93,24,0,2758533664352,training_fold_X.corr(),False
classification,RFECA_SVR(k=5),0.3,3,2,93,24,0,2758533668672,training_fold_X.corr(),False
classification,RFECA_SVR(k=5),0.3,3,3,94,23,0,2758533669392,training_fold_X.corr(),False
classification,RFECA_SVR(k=5),0.3,3,4,94,23,0,2758533670112,training_fold_X.corr(),False
classification,RFECA_SVR(k=5),0.3,3,5,94,23,0,2758533670832,training_fold_X.corr(),False
classification,RFECA_SVR(k=10),0.3,3,1,93,24,0,2758533663392,training_fold_X.corr(),False
classification,RFECA_SVR(k=10),0.3,3,2,93,24,0,2758533672272,training_fold_X.corr(),False
classification,RFECA_SVR(k=10),0.3,3,3,94,23,0,2758533672992,training_fold_X.corr(),False
classification,RFECA_SVR(k=10),0.3,3,4,94,23,0,2758533673712,training_fold_X.corr(),False
classification,RFECA_SVR(k=10),0.3,3,5,94,23,0,2758533674432,training_fold_X.corr(),False
classification,RFECA_SVR(k=20),0.3,3,1,93,24,0,2758533660752,training_fold_X.corr(),False
classification,RFECA_SVR(k=20),0.3,3,2,93,24,0,2758533675872,training_fold_X.corr(),False
classification,RFECA_SVR(k=20),0.3,3,3,94,23,0,2758533676592,training_fold_X.corr(),False
classification,RFECA_SVR(k=20),0.3,3,4,94,23,0,2758595084608,training_fold_X.corr(),False
classification,RFECA_SVR(k=20),0.3,3,5,94,23,0,2758595085328,training_fold_X.corr(),False
imputation,RFECA_SVR(k=5),0.3,4,1,93,24,0,2758533675632,training_fold_X.corr(),False
imputation,RFECA_SVR(k=5),0.3,4,2,93,24,0,2758533674192,training_fold_X.corr(),False
imputation,RFECA_SVR(k=5),0.3,4,3,94,23,0,2758533672752,training_fold_X.corr(),False
imputation,RFECA_SVR(k=5),0.3,4,4,94,23,0,2758533671312,training_fold_X.corr(),False
imputation,RFECA_SVR(k=5),0.3,4,5,94,23,0,2758533669872,training_fold_X.corr(),False
imputation,RFECA_SVR(k=10),0.3,4,1,93,24,0,2758533666752,training_fold_X.corr(),False
imputation,RFECA_SVR(k=10),0.3,4,2,93,24,0,2758533666512,training_fold_X.corr(),False
imputation,RFECA_SVR(k=10),0.3,4,3,94,23,0,2758533670592,training_fold_X.corr(),False
imputation,RFECA_SVR(k=10),0.3,4,4,94,23,0,2758533672032,training_fold_X.corr(),False
imputation,RFECA_SVR(k=10),0.3,4,5,94,23,0,2758533673472,training_fold_X.corr(),False
imputation,RFECA_SVR(k=20),0.3,4,1,93,24,0,2758533674912,training_fold_X.corr(),False
imputation,RFECA_SVR(k=20),0.3,4,2,93,24,0,2758533676352,training_fold_X.corr(),False
imputation,RFECA_SVR(k=20),0.3,4,3,94,23,0,2758533675152,training_fold_X.corr(),False
imputation,RFECA_SVR(k=20),0.3,4,4,94,23,0,2758533671552,training_fold_X.corr(),False
imputation,RFECA_SVR(k=20),0.3,4,5,94,23,0,2758595085808,training_fold_X.corr(),False
classification,RFECA_SVR(k=5),0.3,4,1,93,24,0,2758595086048,training_fold_X.corr(),False
classification,RFECA_SVR(k=5),0.3,4,2,93,24,0,2758595090368,training_fold_X.corr(),False
classification,RFECA_SVR(k=5),0.3,4,3,94,23,0,2758595091088,training_fold_X.corr(),False
classification,RFECA_SVR(k=5),0.3,4,4,94,23,0,2758595091808,training_fold_X.corr(),False
classification,RFECA_SVR(k=5),0.3,4,5,94,23,0,2758595092528,training_fold_X.corr(),False
classification,RFECA_SVR(k=10),0.3,4,1,93,24,0,2758595084368,training_fold_X.corr(),False
classification,RFECA_SVR(k=10),0.3,4,2,93,24,0,2758595093968,training_fold_X.corr(),False
classification,RFECA_SVR(k=10),0.3,4,3,94,23,0,2758595094688,training_fold_X.corr(),False
classification,RFECA_SVR(k=10),0.3,4,4,94,23,0,2758595095408,training_fold_X.corr(),False
classification,RFECA_SVR(k=10),0.3,4,5,94,23,0,2758595096128,training_fold_X.corr(),False
classification,RFECA_SVR(k=20),0.3,4,1,93,24,0,2758595085088,training_fold_X.corr(),False
classification,RFECA_SVR(k=20),0.3,4,2,93,24,0,2758595097568,training_fold_X.corr(),False
classification,RFECA_SVR(k=20),0.3,4,3,94,23,0,2758595098288,training_fold_X.corr(),False
classification,RFECA_SVR(k=20),0.3,4,4,94,23,0,2758595099008,training_fold_X.corr(),False
classification,RFECA_SVR(k=20),0.3,4,5,94,23,0,2758595099728,training_fold_X.corr(),False
imputation,RFECA_SVR(k=5),0.3,5,1,93,24,0,2758595100208,training_fold_X.corr(),False
imputation,RFECA_SVR(k=5),0.3,5,2,93,24,0,2758595098768,training_fold_X.corr(),False
imputation,RFECA_SVR(k=5),0.3,5,3,94,23,0,2758595097328,training_fold_X.corr(),False
imputation,RFECA_SVR(k=5),0.3,5,4,94,23,0,2758595095888,training_fold_X.corr(),False
imputation,RFECA_SVR(k=5),0.3,5,5,94,23,0,2758595094448,training_fold_X.corr(),False
imputation,RFECA_SVR(k=10),0.3,5,1,93,24,0,2758595093008,training_fold_X.corr(),False
imputation,RFECA_SVR(k=10),0.3,5,2,93,24,0,2758595088688,training_fold_X.corr(),False
imputation,RFECA_SVR(k=10),0.3,5,3,94,23,0,2758595088448,training_fold_X.corr(),False
imputation,RFECA_SVR(k=10),0.3,5,4,94,23,0,2758595088208,training_fold_X.corr(),False
imputation,RFECA_SVR(k=10),0.3,5,5,94,23,0,2758595087968,training_fold_X.corr(),False
imputation,RFECA_SVR(k=20),0.3,5,1,93,24,0,2758595093728,training_fold_X.corr(),False
imputation,RFECA_SVR(k=20),0.3,5,2,93,24,0,2758595095168,training_fold_X.corr(),False
imputation,RFECA_SVR(k=20),0.3,5,3,94,23,0,2758595096608,training_fold_X.corr(),False
imputation,RFECA_SVR(k=20),0.3,5,4,94,23,0,2758595098048,training_fold_X.corr(),False
imputation,RFECA_SVR(k=20),0.3,5,5,94,23,0,2758595099488,training_fold_X.corr(),False
classification,RFECA_SVR(k=5),0.3,5,1,93,24,0,2758595100448,training_fold_X.corr(),False
classification,RFECA_SVR(k=5),0.3,5,2,93,24,0,2758659428416,training_fold_X.corr(),False
classification,RFECA_SVR(k=5),0.3,5,3,94,23,0,2758659429136,training_fold_X.corr(),False
classification,RFECA_SVR(k=5),0.3,5,4,94,23,0,2758659429856,training_fold_X.corr(),False
classification,RFECA_SVR(k=5),0.3,5,5,94,23,0,2758659430576,training_fold_X.corr(),False
classification,RFECA_SVR(k=10),0.3,5,1,93,24,0,2758382271088,training_fold_X.corr(),False
classification,RFECA_SVR(k=10),0.3,5,2,93,24,0,2758659432016,training_fold_X.corr(),False
classification,RFECA_SVR(k=10),0.3,5,3,94,23,0,2758659432736,training_fold_X.corr(),False
classification,RFECA_SVR(k=10),0.3,5,4,94,23,0,2758659433456,training_fold_X.corr(),False
classification,RFECA_SVR(k=10),0.3,5,5,94,23,0,2758659434176,training_fold_X.corr(),False
classification,RFECA_SVR(k=20),0.3,5,1,93,24,0,2758659431296,training_fold_X.corr(),False
classification,RFECA_SVR(k=20),0.3,5,2,93,24,0,2758659435616,training_fold_X.corr(),False
classification,RFECA_SVR(k=20),0.3,5,3,94,23,0,2758659436336,training_fold_X.corr(),False
classification,RFECA_SVR(k=20),0.3,5,4,94,23,0,2758659431056,training_fold_X.corr(),False
classification,RFECA_SVR(k=20),0.3,5,5,94,23,0,2758659437776,training_fold_X.corr(),False
imputation,RFECA_SVR(k=5),0.3,6,1,93,24,0,2758659440176,training_fold_X.corr(),False
imputation,RFECA_SVR(k=5),0.3,6,2,93,24,0,2758659439936,training_fold_X.corr(),False
imputation,RFECA_SVR(k=5),0.3,6,3,94,23,0,2758659439696,training_fold_X.corr(),False
imputation,RFECA_SVR(k=5),0.3,6,4,94,23,0,2758659439456,training_fold_X.corr(),False
imputation,RFECA_SVR(k=5),0.3,6,5,94,23,0,2758659439216,training_fold_X.corr(),False
imputation,RFECA_SVR(k=10),0.3,6,1,93,24,0,2758659438976,training_fold_X.corr(),False
imputation,RFECA_SVR(k=10),0.3,6,2,93,24,0,2758659438736,training_fold_X.corr(),False
imputation,RFECA_SVR(k=10),0.3,6,3,94,23,0,2758659438496,training_fold_X.corr(),False
imputation,RFECA_SVR(k=10),0.3,6,4,94,23,0,2758659437536,training_fold_X.corr(),False
imputation,RFECA_SVR(k=10),0.3,6,5,94,23,0,2758659437296,training_fold_X.corr(),False
imputation,RFECA_SVR(k=20),0.3,6,1,93,24,0,2758659429616,training_fold_X.corr(),False
imputation,RFECA_SVR(k=20),0.3,6,2,93,24,0,2758659426736,training_fold_X.corr(),False
imputation,RFECA_SVR(k=20),0.3,6,3,94,23,0,2758659426496,training_fold_X.corr(),False
imputation,RFECA_SVR(k=20),0.3,6,4,94,23,0,2758659426256,training_fold_X.corr(),False
imputation,RFECA_SVR(k=20),0.3,6,5,94,23,0,2758659426016,training_fold_X.corr(),False
classification,RFECA_SVR(k=5),0.3,6,1,93,24,0,2758659433216,training_fold_X.corr(),False
classification,RFECA_SVR(k=5),0.3,6,2,93,24,0,2758703384768,training_fold_X.corr(),False
classification,RFECA_SVR(k=5),0.3,6,3,94,23,0,2758703385488,training_fold_X.corr(),False
classification,RFECA_SVR(k=5),0.3,6,4,94,23,0,2758703386208,training_fold_X.corr(),False
classification,RFECA_SVR(k=5),0.3,6,5,94,23,0,2758703386928,training_fold_X.corr(),False
classification,RFECA_SVR(k=10),0.3,6,1,93,24,0,2758659440416,training_fold_X.corr(),False
classification,RFECA_SVR(k=10),0.3,6,2,93,24,0,2758703388368,training_fold_X.corr(),False
classification,RFECA_SVR(k=10),0.3,6,3,94,23,0,2758703389088,training_fold_X.corr(),False
classification,RFECA_SVR(k=10),0.3,6,4,94,23,0,2758703389808,training_fold_X.corr(),False
classification,RFECA_SVR(k=10),0.3,6,5,94,23,0,2758703390528,training_fold_X.corr(),False
classification,RFECA_SVR(k=20),0.3,6,1,93,24,0,2758703387648,training_fold_X.corr(),False
classification,RFECA_SVR(k=20),0.3,6,2,93,24,0,2758703391968,training_fold_X.corr(),False
classification,RFECA_SVR(k=20),0.3,6,3,94,23,0,2758703392688,training_fold_X.corr(),False
classification,RFECA_SVR(k=20),0.3,6,4,94,23,0,2758703393408,training_fold_X.corr(),False
classification,RFECA_SVR(k=20),0.3,6,5,94,23,0,2758703394128,training_fold_X.corr(),False
imputation,RFECA_SVR(k=5),0.3,7,1,93,24,0,2758659434896,training_fold_X.corr(),False
imputation,RFECA_SVR(k=5),0.3,7,2,93,24,0,2758659435376,training_fold_X.corr(),False
imputation,RFECA_SVR(k=5),0.3,7,3,94,23,0,2758659436816,training_fold_X.corr(),False
imputation,RFECA_SVR(k=5),0.3,7,4,94,23,0,2758659437056,training_fold_X.corr(),False
imputation,RFECA_SVR(k=5),0.3,7,5,94,23,0,2758659430336,training_fold_X.corr(),False
imputation,RFECA_SVR(k=10),0.3,7,1,93,24,0,2758659431776,training_fold_X.corr(),False
imputation,RFECA_SVR(k=10),0.3,7,2,93,24,0,2758703394608,training_fold_X.corr(),False
imputation,RFECA_SVR(k=10),0.3,7,3,94,23,0,2758703384528,training_fold_X.corr(),False
imputation,RFECA_SVR(k=10),0.3,7,4,94,23,0,2758703384288,training_fold_X.corr(),False
imputation,RFECA_SVR(k=10),0.3,7,5,94,23,0,2758703384048,training_fold_X.corr(),False
imputation,RFECA_SVR(k=20),0.3,7,1,93,24,0,2758703383808,training_fold_X.corr(),False
imputation,RFECA_SVR(k=20),0.3,7,2,93,24,0,2758703383568,training_fold_X.corr(),False
imputation,RFECA_SVR(k=20),0.3,7,3,94,23,0,2758703383328,training_fold_X.corr(),False
imputation,RFECA_SVR(k=20),0.3,7,4,94,23,0,2758703383088,training_fold_X.corr(),False
imputation,RFECA_SVR(k=20),0.3,7,5,94,23,0,2758703382848,training_fold_X.corr(),False
classification,RFECA_SVR(k=5),0.3,7,1,93,24,0,2758703394848,training_fold_X.corr(),False
classification,RFECA_SVR(k=5),0.3,7,2,93,24,0,2758747210048,training_fold_X.corr(),False
classification,RFECA_SVR(k=5),0.3,7,3,94,23,0,2758747210768,training_fold_X.corr(),False
classification,RFECA_SVR(k=5),0.3,7,4,94,23,0,2758747211488,training_fold_X.corr(),False
classification,RFECA_SVR(k=5),0.3,7,5,94,23,0,2758747212208,training_fold_X.corr(),False
classification,RFECA_SVR(k=10),0.3,7,1,93,24,0,2758595093248,training_fold_X.corr(),False
classification,RFECA_SVR(k=10),0.3,7,2,93,24,0,2758747213648,training_fold_X.corr(),False
classification,RFECA_SVR(k=10),0.3,7,3,94,23,0,2758747214368,training_fold_X.corr(),False
classification,RFECA_SVR(k=10),0.3,7,4,94,23,0,2758747215088,training_fold_X.corr(),False
classification,RFECA_SVR(k=10),0.3,7,5,94,23,0,2758747215808,training_fold_X.corr(),False
classification,RFECA_SVR(k=20),0.3,7,1,93,24,0,2758747212928,training_fold_X.corr(),False
classification,RFECA_SVR(k=20),0.3,7,2,93,24,0,2758747217248,training_fold_X.corr(),False
classification,RFECA_SVR(k=20),0.3,7,3,94,23,0,2758747217968,training_fold_X.corr(),False
classification,RFECA_SVR(k=20),0.3,7,4,94,23,0,2758747218688,training_fold_X.corr(),False
classification,RFECA_SVR(k=20),0.3,7,5,94,23,0,2758747219408,training_fold_X.corr(),False
imputation,RFECA_SVR(k=5),0.3,8,1,93,24,0,2758703398208,training_fold_X.corr(),False
imputation,RFECA_SVR(k=5),0.3,8,2,93,24,0,2758703397728,training_fold_X.corr(),False
imputation,RFECA_SVR(k=5),0.3,8,3,94,23,0,2758703396048,training_fold_X.corr(),False
imputation,RFECA_SVR(k=5),0.3,8,4,94,23,0,2758703395568,training_fold_X.corr(),False
imputation,RFECA_SVR(k=5),0.3,8,5,94,23,0,2758703382608,training_fold_X.corr(),False
imputation,RFECA_SVR(k=10),0.3,8,1,93,24,0,2758703391248,training_fold_X.corr(),False
imputation,RFECA_SVR(k=10),0.3,8,2,93,24,0,2758747219888,training_fold_X.corr(),False
imputation,RFECA_SVR(k=10),0.3,8,3,94,23,0,2758747215568,training_fold_X.corr(),False
imputation,RFECA_SVR(k=10),0.3,8,4,94,23,0,2758747214128,training_fold_X.corr(),False
imputation,RFECA_SVR(k=10),0.3,8,5,94,23,0,2758747212688,training_fold_X.corr(),False
imputation,RFECA_SVR(k=20),0.3,8,1,93,24,0,2758747211248,training_fold_X.corr(),False
imputation,RFECA_SVR(k=20),0.3,8,2,93,24,0,2758747209808,training_fold_X.corr(),False
imputation,RFECA_SVR(k=20),0.3,8,3,94,23,0,2758747210528,training_fold_X.corr(),False
imputation,RFECA_SVR(k=20),0.3,8,4,94,23,0,2758747211968,training_fold_X.corr(),False
imputation,RFECA_SVR(k=20),0.3,8,5,94,23,0,2758747213408,training_fold_X.corr(),False
classification,RFECA_SVR(k=5),0.3,8,1,93,24,0,2758747220128,training_fold_X.corr(),False
classification,RFECA_SVR(k=5),0.3,8,2,93,24,0,2758747224448,training_fold_X.corr(),False
classification,RFECA_SVR(k=5),0.3,8,3,94,23,0,2758747225168,training_fold_X.corr(),False
classification,RFECA_SVR(k=5),0.3,8,4,94,23,0,2758747225888,training_fold_X.corr(),False
classification,RFECA_SVR(k=5),0.3,8,5,94,23,0,2758808371760,training_fold_X.corr(),False
classification,RFECA_SVR(k=10),0.3,8,1,93,24,0,2758703398688,training_fold_X.corr(),False
classification,RFECA_SVR(k=10),0.3,8,2,93,24,0,2758808373200,training_fold_X.corr(),False
classification,RFECA_SVR(k=10),0.3,8,3,94,23,0,2758808373920,training_fold_X.corr(),False
classification,RFECA_SVR(k=10),0.3,8,4,94,23,0,2758808374640,training_fold_X.corr(),False
classification,RFECA_SVR(k=10),0.3,8,5,94,23,0,2758808375360,training_fold_X.corr(),False
classification,RFECA_SVR(k=20),0.3,8,1,93,24,0,2758808372480,training_fold_X.corr(),False
classification,RFECA_SVR(k=20),0.3,8,2,93,24,0,2758808376800,training_fold_X.corr(),False
classification,RFECA_SVR(k=20),0.3,8,3,94,23,0,2758808377520,training_fold_X.corr(),False
classification,RFECA_SVR(k=20),0.3,8,4,94,23,0,2758808378240,training_fold_X.corr(),False
classification,RFECA_SVR(k=20),0.3,8,5,94,23,0,2758808378960,training_fold_X.corr(),False
imputation,RFECA_SVR(k=5),0.3,9,1,93,24,0,2758747223728,training_fold_X.corr(),False
imputation,RFECA_SVR(k=5),0.3,9,2,93,24,0,2758747221328,training_fold_X.corr(),False
imputation,RFECA_SVR(k=5),0.3,9,3,94,23,0,2758747220848,training_fold_X.corr(),False
imputation,RFECA_SVR(k=5),0.3,9,4,94,23,0,2758747224928,training_fold_X.corr(),False
imputation,RFECA_SVR(k=5),0.3,9,5,94,23,0,2758747214848,training_fold_X.corr(),False
imputation,RFECA_SVR(k=10),0.3,9,1,93,24,0,2758747216528,training_fold_X.corr(),False
imputation,RFECA_SVR(k=10),0.3,9,2,93,24,0,2758808379440,training_fold_X.corr(),False
imputation,RFECA_SVR(k=10),0.3,9,3,94,23,0,2758808376560,training_fold_X.corr(),False
imputation,RFECA_SVR(k=10),0.3,9,4,94,23,0,2758808375120,training_fold_X.corr(),False
imputation,RFECA_SVR(k=10),0.3,9,5,94,23,0,2758808373680,training_fold_X.corr(),False
imputation,RFECA_SVR(k=20),0.3,9,1,93,24,0,2758808372240,training_fold_X.corr(),False
imputation,RFECA_SVR(k=20),0.3,9,2,93,24,0,2758808371520,training_fold_X.corr(),False
imputation,RFECA_SVR(k=20),0.3,9,3,94,23,0,2758808372960,training_fold_X.corr(),False
imputation,RFECA_SVR(k=20),0.3,9,4,94,23,0,2758808374400,training_fold_X.corr(),False
imputation,RFECA_SVR(k=20),0.3,9,5,94,23,0,2758808375840,training_fold_X.corr(),False
classification,RFECA_SVR(k=5),0.3,9,1,93,24,0,2758808379680,training_fold_X.corr(),False
classification,RFECA_SVR(k=5),0.3,9,2,93,24,0,2758808384000,training_fold_X.corr(),False
classification,RFECA_SVR(k=5),0.3,9,3,94,23,0,2758808384720,training_fold_X.corr(),False
classification,RFECA_SVR(k=5),0.3,9,4,94,23,0,2758808385440,training_fold_X.corr(),False
classification,RFECA_SVR(k=5),0.3,9,5,94,23,0,2758808386160,training_fold_X.corr(),False
classification,RFECA_SVR(k=10),0.3,9,1,93,24,0,2758808377280,training_fold_X.corr(),False
classification,RFECA_SVR(k=10),0.3,9,2,93,24,0,2758853525584,training_fold_X.corr(),False
classification,RFECA_SVR(k=10),0.3,9,3,94,23,0,2758853526304,training_fold_X.corr(),False
classification,RFECA_SVR(k=10),0.3,9,4,94,23,0,2758853527024,training_fold_X.corr(),False
classification,RFECA_SVR(k=10),0.3,9,5,94,23,0,2758853527744,training_fold_X.corr(),False
classification,RFECA_SVR(k=20),0.3,9,1,93,24,0,2758808376080,training_fold_X.corr(),False
classification,RFECA_SVR(k=20),0.3,9,2,93,24,0,2758853529184,training_fold_X.corr(),False
classification,RFECA_SVR(k=20),0.3,9,3,94,23,0,2758853529904,training_fold_X.corr(),False
classification,RFECA_SVR(k=20),0.3,9,4,94,23,0,2758853530624,training_fold_X.corr(),False
classification,RFECA_SVR(k=20),0.3,9,5,94,23,0,2758853531344,training_fold_X.corr(),False
