stage,imputer,model,missing_rate,replicate,fold,f1_macro,bal_acc,n_train,n_test,train_class_distribution,test_class_distribution,n_unique_predictions,degenerate_single_class_preds,f1_LumA,precision_LumA,recall_LumA,f1_LumB,precision_LumB,recall_LumB,f1_Her2,precision_Her2,recall_Her2,f1_Basal,precision_Basal,recall_Basal,seed
classification,SimpleMean,EnsembleSoft,0.0,0,1,0.8726542614495549,0.8678884711779449,1286,322,"{'Basal': 167, 'Her2': 179, 'LumA': 560, 'LumB': 380}","{'Basal': 42, 'Her2': 45, 'LumA': 140, 'LumB': 95}",4,False,0.9124087591240876,0.9328358208955224,0.8928571428571429,0.88,0.8380952380952381,0.9263157894736842,0.8297872340425532,0.7959183673469388,0.8666666666666667,0.868421052631579,0.9705882352941176,0.7857142857142857,1042
classification,SimpleMean,EnsembleSoft,0.0,0,2,0.9124523158699873,0.8965956558061822,1286,322,"{'Basal': 167, 'Her2': 179, 'LumA': 560, 'LumB': 380}","{'Basal': 42, 'Her2': 45, 'LumA': 140, 'LumB': 95}",4,False,0.9387755102040817,0.8961038961038961,0.9857142857142858,0.9021739130434783,0.9325842696629213,0.8736842105263158,0.8705882352941177,0.925,0.8222222222222222,0.9382716049382716,0.9743589743589743,0.9047619047619048,1042
classification,SimpleMean,EnsembleSoft,0.0,0,3,0.8801446219833877,0.8765977443609023,1286,322,"{'Basal': 167, 'Her2': 179, 'LumA': 560, 'LumB': 380}","{'Basal': 42, 'Her2': 45, 'LumA': 140, 'LumB': 95}",4,False,0.9225352112676056,0.9097222222222222,0.9357142857142857,0.8556149732620321,0.8695652173913043,0.8421052631578947,0.7912087912087912,0.782608695652174,0.8,0.9512195121951219,0.975,0.9285714285714286,1042
classification,SimpleMean,EnsembleSoft,0.0,0,4,0.883751255883811,0.8779165902561281,1287,321,"{'Basal': 168, 'Her2': 179, 'LumA': 560, 'LumB': 380}","{'Basal': 41, 'Her2': 45, 'LumA': 140, 'LumB': 95}",4,False,0.9323843416370107,0.9290780141843972,0.9357142857142857,0.8969072164948454,0.8787878787878788,0.9157894736842105,0.7674418604651163,0.8048780487804879,0.7333333333333333,0.9382716049382716,0.95,0.926829268292683,1042
classification,SimpleMean,EnsembleSoft,0.0,0,5,0.8806775926001528,0.8572339940760993,1287,321,"{'Basal': 167, 'Her2': 180, 'LumA': 560, 'LumB': 380}","{'Basal': 42, 'Her2': 44, 'LumA': 140, 'LumB': 95}",4,False,0.9220338983050848,0.8774193548387097,0.9714285714285714,0.8947368421052632,0.8947368421052632,0.8947368421052632,0.7692307692307693,0.8823529411764706,0.6818181818181818,0.9367088607594937,1.0,0.8809523809523809,1042
classification,"KNN(k=5,dist)",EnsembleSoft,0.0,0,1,0.8726542614495549,0.8678884711779449,1286,322,"{'Basal': 167, 'Her2': 179, 'LumA': 560, 'LumB': 380}","{'Basal': 42, 'Her2': 45, 'LumA': 140, 'LumB': 95}",4,False,0.9124087591240876,0.9328358208955224,0.8928571428571429,0.88,0.8380952380952381,0.9263157894736842,0.8297872340425532,0.7959183673469388,0.8666666666666667,0.868421052631579,0.9705882352941176,0.7857142857142857,1042
classification,"KNN(k=5,dist)",EnsembleSoft,0.0,0,2,0.9124523158699873,0.8965956558061822,1286,322,"{'Basal': 167, 'Her2': 179, 'LumA': 560, 'LumB': 380}","{'Basal': 42, 'Her2': 45, 'LumA': 140, 'LumB': 95}",4,False,0.9387755102040817,0.8961038961038961,0.9857142857142858,0.9021739130434783,0.9325842696629213,0.8736842105263158,0.8705882352941177,0.925,0.8222222222222222,0.9382716049382716,0.9743589743589743,0.9047619047619048,1042
classification,"KNN(k=5,dist)",EnsembleSoft,0.0,0,3,0.8801446219833877,0.8765977443609023,1286,322,"{'Basal': 167, 'Her2': 179, 'LumA': 560, 'LumB': 380}","{'Basal': 42, 'Her2': 45, 'LumA': 140, 'LumB': 95}",4,False,0.9225352112676056,0.9097222222222222,0.9357142857142857,0.8556149732620321,0.8695652173913043,0.8421052631578947,0.7912087912087912,0.782608695652174,0.8,0.9512195121951219,0.975,0.9285714285714286,1042
classification,"KNN(k=5,dist)",EnsembleSoft,0.0,0,4,0.883751255883811,0.8779165902561281,1287,321,"{'Basal': 168, 'Her2': 179, 'LumA': 560, 'LumB': 380}","{'Basal': 41, 'Her2': 45, 'LumA': 140, 'LumB': 95}",4,False,0.9323843416370107,0.9290780141843972,0.9357142857142857,0.8969072164948454,0.8787878787878788,0.9157894736842105,0.7674418604651163,0.8048780487804879,0.7333333333333333,0.9382716049382716,0.95,0.926829268292683,1042
classification,"KNN(k=5,dist)",EnsembleSoft,0.0,0,5,0.8806775926001528,0.8572339940760993,1287,321,"{'Basal': 167, 'Her2': 180, 'LumA': 560, 'LumB': 380}","{'Basal': 42, 'Her2': 44, 'LumA': 140, 'LumB': 95}",4,False,0.9220338983050848,0.8774193548387097,0.9714285714285714,0.8947368421052632,0.8947368421052632,0.8947368421052632,0.7692307692307693,0.8823529411764706,0.6818181818181818,0.9367088607594937,1.0,0.8809523809523809,1042
classification,RFECA_SVR(k=5),EnsembleSoft,0.0,0,1,0.8726542614495549,0.8678884711779449,1286,322,"{'Basal': 167, 'Her2': 179, 'LumA': 560, 'LumB': 380}","{'Basal': 42, 'Her2': 45, 'LumA': 140, 'LumB': 95}",4,False,0.9124087591240876,0.9328358208955224,0.8928571428571429,0.88,0.8380952380952381,0.9263157894736842,0.8297872340425532,0.7959183673469388,0.8666666666666667,0.868421052631579,0.9705882352941176,0.7857142857142857,1042
classification,RFECA_SVR(k=5),EnsembleSoft,0.0,0,2,0.9124523158699873,0.8965956558061822,1286,322,"{'Basal': 167, 'Her2': 179, 'LumA': 560, 'LumB': 380}","{'Basal': 42, 'Her2': 45, 'LumA': 140, 'LumB': 95}",4,False,0.9387755102040817,0.8961038961038961,0.9857142857142858,0.9021739130434783,0.9325842696629213,0.8736842105263158,0.8705882352941177,0.925,0.8222222222222222,0.9382716049382716,0.9743589743589743,0.9047619047619048,1042
classification,RFECA_SVR(k=5),EnsembleSoft,0.0,0,3,0.8801446219833877,0.8765977443609023,1286,322,"{'Basal': 167, 'Her2': 179, 'LumA': 560, 'LumB': 380}","{'Basal': 42, 'Her2': 45, 'LumA': 140, 'LumB': 95}",4,False,0.9225352112676056,0.9097222222222222,0.9357142857142857,0.8556149732620321,0.8695652173913043,0.8421052631578947,0.7912087912087912,0.782608695652174,0.8,0.9512195121951219,0.975,0.9285714285714286,1042
classification,RFECA_SVR(k=5),EnsembleSoft,0.0,0,4,0.883751255883811,0.8779165902561281,1287,321,"{'Basal': 168, 'Her2': 179, 'LumA': 560, 'LumB': 380}","{'Basal': 41, 'Her2': 45, 'LumA': 140, 'LumB': 95}",4,False,0.9323843416370107,0.9290780141843972,0.9357142857142857,0.8969072164948454,0.8787878787878788,0.9157894736842105,0.7674418604651163,0.8048780487804879,0.7333333333333333,0.9382716049382716,0.95,0.926829268292683,1042
classification,RFECA_SVR(k=5),EnsembleSoft,0.0,0,5,0.8806775926001528,0.8572339940760993,1287,321,"{'Basal': 167, 'Her2': 180, 'LumA': 560, 'LumB': 380}","{'Basal': 42, 'Her2': 44, 'LumA': 140, 'LumB': 95}",4,False,0.9220338983050848,0.8774193548387097,0.9714285714285714,0.8947368421052632,0.8947368421052632,0.8947368421052632,0.7692307692307693,0.8823529411764706,0.6818181818181818,0.9367088607594937,1.0,0.8809523809523809,1042
classification,RFECA_SVR(k=10),EnsembleSoft,0.0,0,1,0.8726542614495549,0.8678884711779449,1286,322,"{'Basal': 167, 'Her2': 179, 'LumA': 560, 'LumB': 380}","{'Basal': 42, 'Her2': 45, 'LumA': 140, 'LumB': 95}",4,False,0.9124087591240876,0.9328358208955224,0.8928571428571429,0.88,0.8380952380952381,0.9263157894736842,0.8297872340425532,0.7959183673469388,0.8666666666666667,0.868421052631579,0.9705882352941176,0.7857142857142857,1042
classification,RFECA_SVR(k=10),EnsembleSoft,0.0,0,2,0.9124523158699873,0.8965956558061822,1286,322,"{'Basal': 167, 'Her2': 179, 'LumA': 560, 'LumB': 380}","{'Basal': 42, 'Her2': 45, 'LumA': 140, 'LumB': 95}",4,False,0.9387755102040817,0.8961038961038961,0.9857142857142858,0.9021739130434783,0.9325842696629213,0.8736842105263158,0.8705882352941177,0.925,0.8222222222222222,0.9382716049382716,0.9743589743589743,0.9047619047619048,1042
classification,RFECA_SVR(k=10),EnsembleSoft,0.0,0,3,0.8801446219833877,0.8765977443609023,1286,322,"{'Basal': 167, 'Her2': 179, 'LumA': 560, 'LumB': 380}","{'Basal': 42, 'Her2': 45, 'LumA': 140, 'LumB': 95}",4,False,0.9225352112676056,0.9097222222222222,0.9357142857142857,0.8556149732620321,0.8695652173913043,0.8421052631578947,0.7912087912087912,0.782608695652174,0.8,0.9512195121951219,0.975,0.9285714285714286,1042
classification,RFECA_SVR(k=10),EnsembleSoft,0.0,0,4,0.883751255883811,0.8779165902561281,1287,321,"{'Basal': 168, 'Her2': 179, 'LumA': 560, 'LumB': 380}","{'Basal': 41, 'Her2': 45, 'LumA': 140, 'LumB': 95}",4,False,0.9323843416370107,0.9290780141843972,0.9357142857142857,0.8969072164948454,0.8787878787878788,0.9157894736842105,0.7674418604651163,0.8048780487804879,0.7333333333333333,0.9382716049382716,0.95,0.926829268292683,1042
classification,RFECA_SVR(k=10),EnsembleSoft,0.0,0,5,0.8806775926001528,0.8572339940760993,1287,321,"{'Basal': 167, 'Her2': 180, 'LumA': 560, 'LumB': 380}","{'Basal': 42, 'Her2': 44, 'LumA': 140, 'LumB': 95}",4,False,0.9220338983050848,0.8774193548387097,0.9714285714285714,0.8947368421052632,0.8947368421052632,0.8947368421052632,0.7692307692307693,0.8823529411764706,0.6818181818181818,0.9367088607594937,1.0,0.8809523809523809,1042
classification,RFECA_SVR(k=20),EnsembleSoft,0.0,0,1,0.8726542614495549,0.8678884711779449,1286,322,"{'Basal': 167, 'Her2': 179, 'LumA': 560, 'LumB': 380}","{'Basal': 42, 'Her2': 45, 'LumA': 140, 'LumB': 95}",4,False,0.9124087591240876,0.9328358208955224,0.8928571428571429,0.88,0.8380952380952381,0.9263157894736842,0.8297872340425532,0.7959183673469388,0.8666666666666667,0.868421052631579,0.9705882352941176,0.7857142857142857,1042
classification,RFECA_SVR(k=20),EnsembleSoft,0.0,0,2,0.9124523158699873,0.8965956558061822,1286,322,"{'Basal': 167, 'Her2': 179, 'LumA': 560, 'LumB': 380}","{'Basal': 42, 'Her2': 45, 'LumA': 140, 'LumB': 95}",4,False,0.9387755102040817,0.8961038961038961,0.9857142857142858,0.9021739130434783,0.9325842696629213,0.8736842105263158,0.8705882352941177,0.925,0.8222222222222222,0.9382716049382716,0.9743589743589743,0.9047619047619048,1042
classification,RFECA_SVR(k=20),EnsembleSoft,0.0,0,3,0.8801446219833877,0.8765977443609023,1286,322,"{'Basal': 167, 'Her2': 179, 'LumA': 560, 'LumB': 380}","{'Basal': 42, 'Her2': 45, 'LumA': 140, 'LumB': 95}",4,False,0.9225352112676056,0.9097222222222222,0.9357142857142857,0.8556149732620321,0.8695652173913043,0.8421052631578947,0.7912087912087912,0.782608695652174,0.8,0.9512195121951219,0.975,0.9285714285714286,1042
classification,RFECA_SVR(k=20),EnsembleSoft,0.0,0,4,0.883751255883811,0.8779165902561281,1287,321,"{'Basal': 168, 'Her2': 179, 'LumA': 560, 'LumB': 380}","{'Basal': 41, 'Her2': 45, 'LumA': 140, 'LumB': 95}",4,False,0.9323843416370107,0.9290780141843972,0.9357142857142857,0.8969072164948454,0.8787878787878788,0.9157894736842105,0.7674418604651163,0.8048780487804879,0.7333333333333333,0.9382716049382716,0.95,0.926829268292683,1042
classification,RFECA_SVR(k=20),EnsembleSoft,0.0,0,5,0.8806775926001528,0.8572339940760993,1287,321,"{'Basal': 167, 'Her2': 180, 'LumA': 560, 'LumB': 380}","{'Basal': 42, 'Her2': 44, 'LumA': 140, 'LumB': 95}",4,False,0.9220338983050848,0.8774193548387097,0.9714285714285714,0.8947368421052632,0.8947368421052632,0.8947368421052632,0.7692307692307693,0.8823529411764706,0.6818181818181818,0.9367088607594937,1.0,0.8809523809523809,1042
classification,MissForest,EnsembleSoft,0.0,0,1,0.8726542614495549,0.8678884711779449,1286,322,"{'Basal': 167, 'Her2': 179, 'LumA': 560, 'LumB': 380}","{'Basal': 42, 'Her2': 45, 'LumA': 140, 'LumB': 95}",4,False,0.9124087591240876,0.9328358208955224,0.8928571428571429,0.88,0.8380952380952381,0.9263157894736842,0.8297872340425532,0.7959183673469388,0.8666666666666667,0.868421052631579,0.9705882352941176,0.7857142857142857,1042
classification,MissForest,EnsembleSoft,0.0,0,2,0.9124523158699873,0.8965956558061822,1286,322,"{'Basal': 167, 'Her2': 179, 'LumA': 560, 'LumB': 380}","{'Basal': 42, 'Her2': 45, 'LumA': 140, 'LumB': 95}",4,False,0.9387755102040817,0.8961038961038961,0.9857142857142858,0.9021739130434783,0.9325842696629213,0.8736842105263158,0.8705882352941177,0.925,0.8222222222222222,0.9382716049382716,0.9743589743589743,0.9047619047619048,1042
classification,MissForest,EnsembleSoft,0.0,0,3,0.8801446219833877,0.8765977443609023,1286,322,"{'Basal': 167, 'Her2': 179, 'LumA': 560, 'LumB': 380}","{'Basal': 42, 'Her2': 45, 'LumA': 140, 'LumB': 95}",4,False,0.9225352112676056,0.9097222222222222,0.9357142857142857,0.8556149732620321,0.8695652173913043,0.8421052631578947,0.7912087912087912,0.782608695652174,0.8,0.9512195121951219,0.975,0.9285714285714286,1042
classification,MissForest,EnsembleSoft,0.0,0,4,0.883751255883811,0.8779165902561281,1287,321,"{'Basal': 168, 'Her2': 179, 'LumA': 560, 'LumB': 380}","{'Basal': 41, 'Her2': 45, 'LumA': 140, 'LumB': 95}",4,False,0.9323843416370107,0.9290780141843972,0.9357142857142857,0.8969072164948454,0.8787878787878788,0.9157894736842105,0.7674418604651163,0.8048780487804879,0.7333333333333333,0.9382716049382716,0.95,0.926829268292683,1042
classification,MissForest,EnsembleSoft,0.0,0,5,0.8806775926001528,0.8572339940760993,1287,321,"{'Basal': 167, 'Her2': 180, 'LumA': 560, 'LumB': 380}","{'Basal': 42, 'Her2': 44, 'LumA': 140, 'LumB': 95}",4,False,0.9220338983050848,0.8774193548387097,0.9714285714285714,0.8947368421052632,0.8947368421052632,0.8947368421052632,0.7692307692307693,0.8823529411764706,0.6818181818181818,0.9367088607594937,1.0,0.8809523809523809,1042
classification,SimpleMean,EnsembleSoft,0.0,1,1,0.8726542614495549,0.8678884711779449,1286,322,"{'Basal': 167, 'Her2': 179, 'LumA': 560, 'LumB': 380}","{'Basal': 42, 'Her2': 45, 'LumA': 140, 'LumB': 95}",4,False,0.9124087591240876,0.9328358208955224,0.8928571428571429,0.88,0.8380952380952381,0.9263157894736842,0.8297872340425532,0.7959183673469388,0.8666666666666667,0.868421052631579,0.9705882352941176,0.7857142857142857,1043
classification,SimpleMean,EnsembleSoft,0.0,1,2,0.9124523158699873,0.8965956558061822,1286,322,"{'Basal': 167, 'Her2': 179, 'LumA': 560, 'LumB': 380}","{'Basal': 42, 'Her2': 45, 'LumA': 140, 'LumB': 95}",4,False,0.9387755102040817,0.8961038961038961,0.9857142857142858,0.9021739130434783,0.9325842696629213,0.8736842105263158,0.8705882352941177,0.925,0.8222222222222222,0.9382716049382716,0.9743589743589743,0.9047619047619048,1043
classification,SimpleMean,EnsembleSoft,0.0,1,3,0.8801446219833877,0.8765977443609023,1286,322,"{'Basal': 167, 'Her2': 179, 'LumA': 560, 'LumB': 380}","{'Basal': 42, 'Her2': 45, 'LumA': 140, 'LumB': 95}",4,False,0.9225352112676056,0.9097222222222222,0.9357142857142857,0.8556149732620321,0.8695652173913043,0.8421052631578947,0.7912087912087912,0.782608695652174,0.8,0.9512195121951219,0.975,0.9285714285714286,1043
classification,SimpleMean,EnsembleSoft,0.0,1,4,0.883751255883811,0.8779165902561281,1287,321,"{'Basal': 168, 'Her2': 179, 'LumA': 560, 'LumB': 380}","{'Basal': 41, 'Her2': 45, 'LumA': 140, 'LumB': 95}",4,False,0.9323843416370107,0.9290780141843972,0.9357142857142857,0.8969072164948454,0.8787878787878788,0.9157894736842105,0.7674418604651163,0.8048780487804879,0.7333333333333333,0.9382716049382716,0.95,0.926829268292683,1043
classification,SimpleMean,EnsembleSoft,0.0,1,5,0.8806775926001528,0.8572339940760993,1287,321,"{'Basal': 167, 'Her2': 180, 'LumA': 560, 'LumB': 380}","{'Basal': 42, 'Her2': 44, 'LumA': 140, 'LumB': 95}",4,False,0.9220338983050848,0.8774193548387097,0.9714285714285714,0.8947368421052632,0.8947368421052632,0.8947368421052632,0.7692307692307693,0.8823529411764706,0.6818181818181818,0.9367088607594937,1.0,0.8809523809523809,1043
classification,"KNN(k=5,dist)",EnsembleSoft,0.0,1,1,0.8726542614495549,0.8678884711779449,1286,322,"{'Basal': 167, 'Her2': 179, 'LumA': 560, 'LumB': 380}","{'Basal': 42, 'Her2': 45, 'LumA': 140, 'LumB': 95}",4,False,0.9124087591240876,0.9328358208955224,0.8928571428571429,0.88,0.8380952380952381,0.9263157894736842,0.8297872340425532,0.7959183673469388,0.8666666666666667,0.868421052631579,0.9705882352941176,0.7857142857142857,1043
classification,"KNN(k=5,dist)",EnsembleSoft,0.0,1,2,0.9124523158699873,0.8965956558061822,1286,322,"{'Basal': 167, 'Her2': 179, 'LumA': 560, 'LumB': 380}","{'Basal': 42, 'Her2': 45, 'LumA': 140, 'LumB': 95}",4,False,0.9387755102040817,0.8961038961038961,0.9857142857142858,0.9021739130434783,0.9325842696629213,0.8736842105263158,0.8705882352941177,0.925,0.8222222222222222,0.9382716049382716,0.9743589743589743,0.9047619047619048,1043
classification,"KNN(k=5,dist)",EnsembleSoft,0.0,1,3,0.8801446219833877,0.8765977443609023,1286,322,"{'Basal': 167, 'Her2': 179, 'LumA': 560, 'LumB': 380}","{'Basal': 42, 'Her2': 45, 'LumA': 140, 'LumB': 95}",4,False,0.9225352112676056,0.9097222222222222,0.9357142857142857,0.8556149732620321,0.8695652173913043,0.8421052631578947,0.7912087912087912,0.782608695652174,0.8,0.9512195121951219,0.975,0.9285714285714286,1043
classification,"KNN(k=5,dist)",EnsembleSoft,0.0,1,4,0.883751255883811,0.8779165902561281,1287,321,"{'Basal': 168, 'Her2': 179, 'LumA': 560, 'LumB': 380}","{'Basal': 41, 'Her2': 45, 'LumA': 140, 'LumB': 95}",4,False,0.9323843416370107,0.9290780141843972,0.9357142857142857,0.8969072164948454,0.8787878787878788,0.9157894736842105,0.7674418604651163,0.8048780487804879,0.7333333333333333,0.9382716049382716,0.95,0.926829268292683,1043
classification,"KNN(k=5,dist)",EnsembleSoft,0.0,1,5,0.8806775926001528,0.8572339940760993,1287,321,"{'Basal': 167, 'Her2': 180, 'LumA': 560, 'LumB': 380}","{'Basal': 42, 'Her2': 44, 'LumA': 140, 'LumB': 95}",4,False,0.9220338983050848,0.8774193548387097,0.9714285714285714,0.8947368421052632,0.8947368421052632,0.8947368421052632,0.7692307692307693,0.8823529411764706,0.6818181818181818,0.9367088607594937,1.0,0.8809523809523809,1043
classification,RFECA_SVR(k=5),EnsembleSoft,0.0,1,1,0.8726542614495549,0.8678884711779449,1286,322,"{'Basal': 167, 'Her2': 179, 'LumA': 560, 'LumB': 380}","{'Basal': 42, 'Her2': 45, 'LumA': 140, 'LumB': 95}",4,False,0.9124087591240876,0.9328358208955224,0.8928571428571429,0.88,0.8380952380952381,0.9263157894736842,0.8297872340425532,0.7959183673469388,0.8666666666666667,0.868421052631579,0.9705882352941176,0.7857142857142857,1043
classification,RFECA_SVR(k=5),EnsembleSoft,0.0,1,2,0.9124523158699873,0.8965956558061822,1286,322,"{'Basal': 167, 'Her2': 179, 'LumA': 560, 'LumB': 380}","{'Basal': 42, 'Her2': 45, 'LumA': 140, 'LumB': 95}",4,False,0.9387755102040817,0.8961038961038961,0.9857142857142858,0.9021739130434783,0.9325842696629213,0.8736842105263158,0.8705882352941177,0.925,0.8222222222222222,0.9382716049382716,0.9743589743589743,0.9047619047619048,1043
classification,RFECA_SVR(k=5),EnsembleSoft,0.0,1,3,0.8801446219833877,0.8765977443609023,1286,322,"{'Basal': 167, 'Her2': 179, 'LumA': 560, 'LumB': 380}","{'Basal': 42, 'Her2': 45, 'LumA': 140, 'LumB': 95}",4,False,0.9225352112676056,0.9097222222222222,0.9357142857142857,0.8556149732620321,0.8695652173913043,0.8421052631578947,0.7912087912087912,0.782608695652174,0.8,0.9512195121951219,0.975,0.9285714285714286,1043
classification,RFECA_SVR(k=5),EnsembleSoft,0.0,1,4,0.883751255883811,0.8779165902561281,1287,321,"{'Basal': 168, 'Her2': 179, 'LumA': 560, 'LumB': 380}","{'Basal': 41, 'Her2': 45, 'LumA': 140, 'LumB': 95}",4,False,0.9323843416370107,0.9290780141843972,0.9357142857142857,0.8969072164948454,0.8787878787878788,0.9157894736842105,0.7674418604651163,0.8048780487804879,0.7333333333333333,0.9382716049382716,0.95,0.926829268292683,1043
classification,RFECA_SVR(k=5),EnsembleSoft,0.0,1,5,0.8806775926001528,0.8572339940760993,1287,321,"{'Basal': 167, 'Her2': 180, 'LumA': 560, 'LumB': 380}","{'Basal': 42, 'Her2': 44, 'LumA': 140, 'LumB': 95}",4,False,0.9220338983050848,0.8774193548387097,0.9714285714285714,0.8947368421052632,0.8947368421052632,0.8947368421052632,0.7692307692307693,0.8823529411764706,0.6818181818181818,0.9367088607594937,1.0,0.8809523809523809,1043
classification,RFECA_SVR(k=10),EnsembleSoft,0.0,1,1,0.8726542614495549,0.8678884711779449,1286,322,"{'Basal': 167, 'Her2': 179, 'LumA': 560, 'LumB': 380}","{'Basal': 42, 'Her2': 45, 'LumA': 140, 'LumB': 95}",4,False,0.9124087591240876,0.9328358208955224,0.8928571428571429,0.88,0.8380952380952381,0.9263157894736842,0.8297872340425532,0.7959183673469388,0.8666666666666667,0.868421052631579,0.9705882352941176,0.7857142857142857,1043
classification,RFECA_SVR(k=10),EnsembleSoft,0.0,1,2,0.9124523158699873,0.8965956558061822,1286,322,"{'Basal': 167, 'Her2': 179, 'LumA': 560, 'LumB': 380}","{'Basal': 42, 'Her2': 45, 'LumA': 140, 'LumB': 95}",4,False,0.9387755102040817,0.8961038961038961,0.9857142857142858,0.9021739130434783,0.9325842696629213,0.8736842105263158,0.8705882352941177,0.925,0.8222222222222222,0.9382716049382716,0.9743589743589743,0.9047619047619048,1043
classification,RFECA_SVR(k=10),EnsembleSoft,0.0,1,3,0.8801446219833877,0.8765977443609023,1286,322,"{'Basal': 167, 'Her2': 179, 'LumA': 560, 'LumB': 380}","{'Basal': 42, 'Her2': 45, 'LumA': 140, 'LumB': 95}",4,False,0.9225352112676056,0.9097222222222222,0.9357142857142857,0.8556149732620321,0.8695652173913043,0.8421052631578947,0.7912087912087912,0.782608695652174,0.8,0.9512195121951219,0.975,0.9285714285714286,1043
classification,RFECA_SVR(k=10),EnsembleSoft,0.0,1,4,0.883751255883811,0.8779165902561281,1287,321,"{'Basal': 168, 'Her2': 179, 'LumA': 560, 'LumB': 380}","{'Basal': 41, 'Her2': 45, 'LumA': 140, 'LumB': 95}",4,False,0.9323843416370107,0.9290780141843972,0.9357142857142857,0.8969072164948454,0.8787878787878788,0.9157894736842105,0.7674418604651163,0.8048780487804879,0.7333333333333333,0.9382716049382716,0.95,0.926829268292683,1043
classification,RFECA_SVR(k=10),EnsembleSoft,0.0,1,5,0.8806775926001528,0.8572339940760993,1287,321,"{'Basal': 167, 'Her2': 180, 'LumA': 560, 'LumB': 380}","{'Basal': 42, 'Her2': 44, 'LumA': 140, 'LumB': 95}",4,False,0.9220338983050848,0.8774193548387097,0.9714285714285714,0.8947368421052632,0.8947368421052632,0.8947368421052632,0.7692307692307693,0.8823529411764706,0.6818181818181818,0.9367088607594937,1.0,0.8809523809523809,1043
classification,RFECA_SVR(k=20),EnsembleSoft,0.0,1,1,0.8726542614495549,0.8678884711779449,1286,322,"{'Basal': 167, 'Her2': 179, 'LumA': 560, 'LumB': 380}","{'Basal': 42, 'Her2': 45, 'LumA': 140, 'LumB': 95}",4,False,0.9124087591240876,0.9328358208955224,0.8928571428571429,0.88,0.8380952380952381,0.9263157894736842,0.8297872340425532,0.7959183673469388,0.8666666666666667,0.868421052631579,0.9705882352941176,0.7857142857142857,1043
classification,RFECA_SVR(k=20),EnsembleSoft,0.0,1,2,0.9124523158699873,0.8965956558061822,1286,322,"{'Basal': 167, 'Her2': 179, 'LumA': 560, 'LumB': 380}","{'Basal': 42, 'Her2': 45, 'LumA': 140, 'LumB': 95}",4,False,0.9387755102040817,0.8961038961038961,0.9857142857142858,0.9021739130434783,0.9325842696629213,0.8736842105263158,0.8705882352941177,0.925,0.8222222222222222,0.9382716049382716,0.9743589743589743,0.9047619047619048,1043
classification,RFECA_SVR(k=20),EnsembleSoft,0.0,1,3,0.8801446219833877,0.8765977443609023,1286,322,"{'Basal': 167, 'Her2': 179, 'LumA': 560, 'LumB': 380}","{'Basal': 42, 'Her2': 45, 'LumA': 140, 'LumB': 95}",4,False,0.9225352112676056,0.9097222222222222,0.9357142857142857,0.8556149732620321,0.8695652173913043,0.8421052631578947,0.7912087912087912,0.782608695652174,0.8,0.9512195121951219,0.975,0.9285714285714286,1043
classification,RFECA_SVR(k=20),EnsembleSoft,0.0,1,4,0.883751255883811,0.8779165902561281,1287,321,"{'Basal': 168, 'Her2': 179, 'LumA': 560, 'LumB': 380}","{'Basal': 41, 'Her2': 45, 'LumA': 140, 'LumB': 95}",4,False,0.9323843416370107,0.9290780141843972,0.9357142857142857,0.8969072164948454,0.8787878787878788,0.9157894736842105,0.7674418604651163,0.8048780487804879,0.7333333333333333,0.9382716049382716,0.95,0.926829268292683,1043
classification,RFECA_SVR(k=20),EnsembleSoft,0.0,1,5,0.8806775926001528,0.8572339940760993,1287,321,"{'Basal': 167, 'Her2': 180, 'LumA': 560, 'LumB': 380}","{'Basal': 42, 'Her2': 44, 'LumA': 140, 'LumB': 95}",4,False,0.9220338983050848,0.8774193548387097,0.9714285714285714,0.8947368421052632,0.8947368421052632,0.8947368421052632,0.7692307692307693,0.8823529411764706,0.6818181818181818,0.9367088607594937,1.0,0.8809523809523809,1043
classification,MissForest,EnsembleSoft,0.0,1,1,0.8726542614495549,0.8678884711779449,1286,322,"{'Basal': 167, 'Her2': 179, 'LumA': 560, 'LumB': 380}","{'Basal': 42, 'Her2': 45, 'LumA': 140, 'LumB': 95}",4,False,0.9124087591240876,0.9328358208955224,0.8928571428571429,0.88,0.8380952380952381,0.9263157894736842,0.8297872340425532,0.7959183673469388,0.8666666666666667,0.868421052631579,0.9705882352941176,0.7857142857142857,1043
classification,MissForest,EnsembleSoft,0.0,1,2,0.9124523158699873,0.8965956558061822,1286,322,"{'Basal': 167, 'Her2': 179, 'LumA': 560, 'LumB': 380}","{'Basal': 42, 'Her2': 45, 'LumA': 140, 'LumB': 95}",4,False,0.9387755102040817,0.8961038961038961,0.9857142857142858,0.9021739130434783,0.9325842696629213,0.8736842105263158,0.8705882352941177,0.925,0.8222222222222222,0.9382716049382716,0.9743589743589743,0.9047619047619048,1043
classification,MissForest,EnsembleSoft,0.0,1,3,0.8801446219833877,0.8765977443609023,1286,322,"{'Basal': 167, 'Her2': 179, 'LumA': 560, 'LumB': 380}","{'Basal': 42, 'Her2': 45, 'LumA': 140, 'LumB': 95}",4,False,0.9225352112676056,0.9097222222222222,0.9357142857142857,0.8556149732620321,0.8695652173913043,0.8421052631578947,0.7912087912087912,0.782608695652174,0.8,0.9512195121951219,0.975,0.9285714285714286,1043
classification,MissForest,EnsembleSoft,0.0,1,4,0.883751255883811,0.8779165902561281,1287,321,"{'Basal': 168, 'Her2': 179, 'LumA': 560, 'LumB': 380}","{'Basal': 41, 'Her2': 45, 'LumA': 140, 'LumB': 95}",4,False,0.9323843416370107,0.9290780141843972,0.9357142857142857,0.8969072164948454,0.8787878787878788,0.9157894736842105,0.7674418604651163,0.8048780487804879,0.7333333333333333,0.9382716049382716,0.95,0.926829268292683,1043
classification,MissForest,EnsembleSoft,0.0,1,5,0.8806775926001528,0.8572339940760993,1287,321,"{'Basal': 167, 'Her2': 180, 'LumA': 560, 'LumB': 380}","{'Basal': 42, 'Her2': 44, 'LumA': 140, 'LumB': 95}",4,False,0.9220338983050848,0.8774193548387097,0.9714285714285714,0.8947368421052632,0.8947368421052632,0.8947368421052632,0.7692307692307693,0.8823529411764706,0.6818181818181818,0.9367088607594937,1.0,0.8809523809523809,1043
classification,SimpleMean,EnsembleSoft,0.0,2,1,0.8726542614495549,0.8678884711779449,1286,322,"{'Basal': 167, 'Her2': 179, 'LumA': 560, 'LumB': 380}","{'Basal': 42, 'Her2': 45, 'LumA': 140, 'LumB': 95}",4,False,0.9124087591240876,0.9328358208955224,0.8928571428571429,0.88,0.8380952380952381,0.9263157894736842,0.8297872340425532,0.7959183673469388,0.8666666666666667,0.868421052631579,0.9705882352941176,0.7857142857142857,1044
classification,SimpleMean,EnsembleSoft,0.0,2,2,0.9124523158699873,0.8965956558061822,1286,322,"{'Basal': 167, 'Her2': 179, 'LumA': 560, 'LumB': 380}","{'Basal': 42, 'Her2': 45, 'LumA': 140, 'LumB': 95}",4,False,0.9387755102040817,0.8961038961038961,0.9857142857142858,0.9021739130434783,0.9325842696629213,0.8736842105263158,0.8705882352941177,0.925,0.8222222222222222,0.9382716049382716,0.9743589743589743,0.9047619047619048,1044
classification,SimpleMean,EnsembleSoft,0.0,2,3,0.8801446219833877,0.8765977443609023,1286,322,"{'Basal': 167, 'Her2': 179, 'LumA': 560, 'LumB': 380}","{'Basal': 42, 'Her2': 45, 'LumA': 140, 'LumB': 95}",4,False,0.9225352112676056,0.9097222222222222,0.9357142857142857,0.8556149732620321,0.8695652173913043,0.8421052631578947,0.7912087912087912,0.782608695652174,0.8,0.9512195121951219,0.975,0.9285714285714286,1044
classification,SimpleMean,EnsembleSoft,0.0,2,4,0.883751255883811,0.8779165902561281,1287,321,"{'Basal': 168, 'Her2': 179, 'LumA': 560, 'LumB': 380}","{'Basal': 41, 'Her2': 45, 'LumA': 140, 'LumB': 95}",4,False,0.9323843416370107,0.9290780141843972,0.9357142857142857,0.8969072164948454,0.8787878787878788,0.9157894736842105,0.7674418604651163,0.8048780487804879,0.7333333333333333,0.9382716049382716,0.95,0.926829268292683,1044
classification,SimpleMean,EnsembleSoft,0.0,2,5,0.8806775926001528,0.8572339940760993,1287,321,"{'Basal': 167, 'Her2': 180, 'LumA': 560, 'LumB': 380}","{'Basal': 42, 'Her2': 44, 'LumA': 140, 'LumB': 95}",4,False,0.9220338983050848,0.8774193548387097,0.9714285714285714,0.8947368421052632,0.8947368421052632,0.8947368421052632,0.7692307692307693,0.8823529411764706,0.6818181818181818,0.9367088607594937,1.0,0.8809523809523809,1044
classification,"KNN(k=5,dist)",EnsembleSoft,0.0,2,1,0.8726542614495549,0.8678884711779449,1286,322,"{'Basal': 167, 'Her2': 179, 'LumA': 560, 'LumB': 380}","{'Basal': 42, 'Her2': 45, 'LumA': 140, 'LumB': 95}",4,False,0.9124087591240876,0.9328358208955224,0.8928571428571429,0.88,0.8380952380952381,0.9263157894736842,0.8297872340425532,0.7959183673469388,0.8666666666666667,0.868421052631579,0.9705882352941176,0.7857142857142857,1044
classification,"KNN(k=5,dist)",EnsembleSoft,0.0,2,2,0.9124523158699873,0.8965956558061822,1286,322,"{'Basal': 167, 'Her2': 179, 'LumA': 560, 'LumB': 380}","{'Basal': 42, 'Her2': 45, 'LumA': 140, 'LumB': 95}",4,False,0.9387755102040817,0.8961038961038961,0.9857142857142858,0.9021739130434783,0.9325842696629213,0.8736842105263158,0.8705882352941177,0.925,0.8222222222222222,0.9382716049382716,0.9743589743589743,0.9047619047619048,1044
classification,"KNN(k=5,dist)",EnsembleSoft,0.0,2,3,0.8801446219833877,0.8765977443609023,1286,322,"{'Basal': 167, 'Her2': 179, 'LumA': 560, 'LumB': 380}","{'Basal': 42, 'Her2': 45, 'LumA': 140, 'LumB': 95}",4,False,0.9225352112676056,0.9097222222222222,0.9357142857142857,0.8556149732620321,0.8695652173913043,0.8421052631578947,0.7912087912087912,0.782608695652174,0.8,0.9512195121951219,0.975,0.9285714285714286,1044
classification,"KNN(k=5,dist)",EnsembleSoft,0.0,2,4,0.883751255883811,0.8779165902561281,1287,321,"{'Basal': 168, 'Her2': 179, 'LumA': 560, 'LumB': 380}","{'Basal': 41, 'Her2': 45, 'LumA': 140, 'LumB': 95}",4,False,0.9323843416370107,0.9290780141843972,0.9357142857142857,0.8969072164948454,0.8787878787878788,0.9157894736842105,0.7674418604651163,0.8048780487804879,0.7333333333333333,0.9382716049382716,0.95,0.926829268292683,1044
classification,"KNN(k=5,dist)",EnsembleSoft,0.0,2,5,0.8806775926001528,0.8572339940760993,1287,321,"{'Basal': 167, 'Her2': 180, 'LumA': 560, 'LumB': 380}","{'Basal': 42, 'Her2': 44, 'LumA': 140, 'LumB': 95}",4,False,0.9220338983050848,0.8774193548387097,0.9714285714285714,0.8947368421052632,0.8947368421052632,0.8947368421052632,0.7692307692307693,0.8823529411764706,0.6818181818181818,0.9367088607594937,1.0,0.8809523809523809,1044
classification,RFECA_SVR(k=5),EnsembleSoft,0.0,2,1,0.8726542614495549,0.8678884711779449,1286,322,"{'Basal': 167, 'Her2': 179, 'LumA': 560, 'LumB': 380}","{'Basal': 42, 'Her2': 45, 'LumA': 140, 'LumB': 95}",4,False,0.9124087591240876,0.9328358208955224,0.8928571428571429,0.88,0.8380952380952381,0.9263157894736842,0.8297872340425532,0.7959183673469388,0.8666666666666667,0.868421052631579,0.9705882352941176,0.7857142857142857,1044
classification,RFECA_SVR(k=5),EnsembleSoft,0.0,2,2,0.9124523158699873,0.8965956558061822,1286,322,"{'Basal': 167, 'Her2': 179, 'LumA': 560, 'LumB': 380}","{'Basal': 42, 'Her2': 45, 'LumA': 140, 'LumB': 95}",4,False,0.9387755102040817,0.8961038961038961,0.9857142857142858,0.9021739130434783,0.9325842696629213,0.8736842105263158,0.8705882352941177,0.925,0.8222222222222222,0.9382716049382716,0.9743589743589743,0.9047619047619048,1044
classification,RFECA_SVR(k=5),EnsembleSoft,0.0,2,3,0.8801446219833877,0.8765977443609023,1286,322,"{'Basal': 167, 'Her2': 179, 'LumA': 560, 'LumB': 380}","{'Basal': 42, 'Her2': 45, 'LumA': 140, 'LumB': 95}",4,False,0.9225352112676056,0.9097222222222222,0.9357142857142857,0.8556149732620321,0.8695652173913043,0.8421052631578947,0.7912087912087912,0.782608695652174,0.8,0.9512195121951219,0.975,0.9285714285714286,1044
classification,RFECA_SVR(k=5),EnsembleSoft,0.0,2,4,0.883751255883811,0.8779165902561281,1287,321,"{'Basal': 168, 'Her2': 179, 'LumA': 560, 'LumB': 380}","{'Basal': 41, 'Her2': 45, 'LumA': 140, 'LumB': 95}",4,False,0.9323843416370107,0.9290780141843972,0.9357142857142857,0.8969072164948454,0.8787878787878788,0.9157894736842105,0.7674418604651163,0.8048780487804879,0.7333333333333333,0.9382716049382716,0.95,0.926829268292683,1044
classification,RFECA_SVR(k=5),EnsembleSoft,0.0,2,5,0.8806775926001528,0.8572339940760993,1287,321,"{'Basal': 167, 'Her2': 180, 'LumA': 560, 'LumB': 380}","{'Basal': 42, 'Her2': 44, 'LumA': 140, 'LumB': 95}",4,False,0.9220338983050848,0.8774193548387097,0.9714285714285714,0.8947368421052632,0.8947368421052632,0.8947368421052632,0.7692307692307693,0.8823529411764706,0.6818181818181818,0.9367088607594937,1.0,0.8809523809523809,1044
classification,RFECA_SVR(k=10),EnsembleSoft,0.0,2,1,0.8726542614495549,0.8678884711779449,1286,322,"{'Basal': 167, 'Her2': 179, 'LumA': 560, 'LumB': 380}","{'Basal': 42, 'Her2': 45, 'LumA': 140, 'LumB': 95}",4,False,0.9124087591240876,0.9328358208955224,0.8928571428571429,0.88,0.8380952380952381,0.9263157894736842,0.8297872340425532,0.7959183673469388,0.8666666666666667,0.868421052631579,0.9705882352941176,0.7857142857142857,1044
classification,RFECA_SVR(k=10),EnsembleSoft,0.0,2,2,0.9124523158699873,0.8965956558061822,1286,322,"{'Basal': 167, 'Her2': 179, 'LumA': 560, 'LumB': 380}","{'Basal': 42, 'Her2': 45, 'LumA': 140, 'LumB': 95}",4,False,0.9387755102040817,0.8961038961038961,0.9857142857142858,0.9021739130434783,0.9325842696629213,0.8736842105263158,0.8705882352941177,0.925,0.8222222222222222,0.9382716049382716,0.9743589743589743,0.9047619047619048,1044
classification,RFECA_SVR(k=10),EnsembleSoft,0.0,2,3,0.8801446219833877,0.8765977443609023,1286,322,"{'Basal': 167, 'Her2': 179, 'LumA': 560, 'LumB': 380}","{'Basal': 42, 'Her2': 45, 'LumA': 140, 'LumB': 95}",4,False,0.9225352112676056,0.9097222222222222,0.9357142857142857,0.8556149732620321,0.8695652173913043,0.8421052631578947,0.7912087912087912,0.782608695652174,0.8,0.9512195121951219,0.975,0.9285714285714286,1044
classification,RFECA_SVR(k=10),EnsembleSoft,0.0,2,4,0.883751255883811,0.8779165902561281,1287,321,"{'Basal': 168, 'Her2': 179, 'LumA': 560, 'LumB': 380}","{'Basal': 41, 'Her2': 45, 'LumA': 140, 'LumB': 95}",4,False,0.9323843416370107,0.9290780141843972,0.9357142857142857,0.8969072164948454,0.8787878787878788,0.9157894736842105,0.7674418604651163,0.8048780487804879,0.7333333333333333,0.9382716049382716,0.95,0.926829268292683,1044
classification,RFECA_SVR(k=10),EnsembleSoft,0.0,2,5,0.8806775926001528,0.8572339940760993,1287,321,"{'Basal': 167, 'Her2': 180, 'LumA': 560, 'LumB': 380}","{'Basal': 42, 'Her2': 44, 'LumA': 140, 'LumB': 95}",4,False,0.9220338983050848,0.8774193548387097,0.9714285714285714,0.8947368421052632,0.8947368421052632,0.8947368421052632,0.7692307692307693,0.8823529411764706,0.6818181818181818,0.9367088607594937,1.0,0.8809523809523809,1044
classification,RFECA_SVR(k=20),EnsembleSoft,0.0,2,1,0.8726542614495549,0.8678884711779449,1286,322,"{'Basal': 167, 'Her2': 179, 'LumA': 560, 'LumB': 380}","{'Basal': 42, 'Her2': 45, 'LumA': 140, 'LumB': 95}",4,False,0.9124087591240876,0.9328358208955224,0.8928571428571429,0.88,0.8380952380952381,0.9263157894736842,0.8297872340425532,0.7959183673469388,0.8666666666666667,0.868421052631579,0.9705882352941176,0.7857142857142857,1044
classification,RFECA_SVR(k=20),EnsembleSoft,0.0,2,2,0.9124523158699873,0.8965956558061822,1286,322,"{'Basal': 167, 'Her2': 179, 'LumA': 560, 'LumB': 380}","{'Basal': 42, 'Her2': 45, 'LumA': 140, 'LumB': 95}",4,False,0.9387755102040817,0.8961038961038961,0.9857142857142858,0.9021739130434783,0.9325842696629213,0.8736842105263158,0.8705882352941177,0.925,0.8222222222222222,0.9382716049382716,0.9743589743589743,0.9047619047619048,1044
classification,RFECA_SVR(k=20),EnsembleSoft,0.0,2,3,0.8801446219833877,0.8765977443609023,1286,322,"{'Basal': 167, 'Her2': 179, 'LumA': 560, 'LumB': 380}","{'Basal': 42, 'Her2': 45, 'LumA': 140, 'LumB': 95}",4,False,0.9225352112676056,0.9097222222222222,0.9357142857142857,0.8556149732620321,0.8695652173913043,0.8421052631578947,0.7912087912087912,0.782608695652174,0.8,0.9512195121951219,0.975,0.9285714285714286,1044
classification,RFECA_SVR(k=20),EnsembleSoft,0.0,2,4,0.883751255883811,0.8779165902561281,1287,321,"{'Basal': 168, 'Her2': 179, 'LumA': 560, 'LumB': 380}","{'Basal': 41, 'Her2': 45, 'LumA': 140, 'LumB': 95}",4,False,0.9323843416370107,0.9290780141843972,0.9357142857142857,0.8969072164948454,0.8787878787878788,0.9157894736842105,0.7674418604651163,0.8048780487804879,0.7333333333333333,0.9382716049382716,0.95,0.926829268292683,1044
classification,RFECA_SVR(k=20),EnsembleSoft,0.0,2,5,0.8806775926001528,0.8572339940760993,1287,321,"{'Basal': 167, 'Her2': 180, 'LumA': 560, 'LumB': 380}","{'Basal': 42, 'Her2': 44, 'LumA': 140, 'LumB': 95}",4,False,0.9220338983050848,0.8774193548387097,0.9714285714285714,0.8947368421052632,0.8947368421052632,0.8947368421052632,0.7692307692307693,0.8823529411764706,0.6818181818181818,0.9367088607594937,1.0,0.8809523809523809,1044
classification,MissForest,EnsembleSoft,0.0,2,1,0.8726542614495549,0.8678884711779449,1286,322,"{'Basal': 167, 'Her2': 179, 'LumA': 560, 'LumB': 380}","{'Basal': 42, 'Her2': 45, 'LumA': 140, 'LumB': 95}",4,False,0.9124087591240876,0.9328358208955224,0.8928571428571429,0.88,0.8380952380952381,0.9263157894736842,0.8297872340425532,0.7959183673469388,0.8666666666666667,0.868421052631579,0.9705882352941176,0.7857142857142857,1044
classification,MissForest,EnsembleSoft,0.0,2,2,0.9124523158699873,0.8965956558061822,1286,322,"{'Basal': 167, 'Her2': 179, 'LumA': 560, 'LumB': 380}","{'Basal': 42, 'Her2': 45, 'LumA': 140, 'LumB': 95}",4,False,0.9387755102040817,0.8961038961038961,0.9857142857142858,0.9021739130434783,0.9325842696629213,0.8736842105263158,0.8705882352941177,0.925,0.8222222222222222,0.9382716049382716,0.9743589743589743,0.9047619047619048,1044
classification,MissForest,EnsembleSoft,0.0,2,3,0.8801446219833877,0.8765977443609023,1286,322,"{'Basal': 167, 'Her2': 179, 'LumA': 560, 'LumB': 380}","{'Basal': 42, 'Her2': 45, 'LumA': 140, 'LumB': 95}",4,False,0.9225352112676056,0.9097222222222222,0.9357142857142857,0.8556149732620321,0.8695652173913043,0.8421052631578947,0.7912087912087912,0.782608695652174,0.8,0.9512195121951219,0.975,0.9285714285714286,1044
classification,MissForest,EnsembleSoft,0.0,2,4,0.883751255883811,0.8779165902561281,1287,321,"{'Basal': 168, 'Her2': 179, 'LumA': 560, 'LumB': 380}","{'Basal': 41, 'Her2': 45, 'LumA': 140, 'LumB': 95}",4,False,0.9323843416370107,0.9290780141843972,0.9357142857142857,0.8969072164948454,0.8787878787878788,0.9157894736842105,0.7674418604651163,0.8048780487804879,0.7333333333333333,0.9382716049382716,0.95,0.926829268292683,1044
classification,MissForest,EnsembleSoft,0.0,2,5,0.8806775926001528,0.8572339940760993,1287,321,"{'Basal': 167, 'Her2': 180, 'LumA': 560, 'LumB': 380}","{'Basal': 42, 'Her2': 44, 'LumA': 140, 'LumB': 95}",4,False,0.9220338983050848,0.8774193548387097,0.9714285714285714,0.8947368421052632,0.8947368421052632,0.8947368421052632,0.7692307692307693,0.8823529411764706,0.6818181818181818,0.9367088607594937,1.0,0.8809523809523809,1044
classification,SimpleMean,EnsembleSoft,0.0,3,1,0.8726542614495549,0.8678884711779449,1286,322,"{'Basal': 167, 'Her2': 179, 'LumA': 560, 'LumB': 380}","{'Basal': 42, 'Her2': 45, 'LumA': 140, 'LumB': 95}",4,False,0.9124087591240876,0.9328358208955224,0.8928571428571429,0.88,0.8380952380952381,0.9263157894736842,0.8297872340425532,0.7959183673469388,0.8666666666666667,0.868421052631579,0.9705882352941176,0.7857142857142857,1045
classification,SimpleMean,EnsembleSoft,0.0,3,2,0.9124523158699873,0.8965956558061822,1286,322,"{'Basal': 167, 'Her2': 179, 'LumA': 560, 'LumB': 380}","{'Basal': 42, 'Her2': 45, 'LumA': 140, 'LumB': 95}",4,False,0.9387755102040817,0.8961038961038961,0.9857142857142858,0.9021739130434783,0.9325842696629213,0.8736842105263158,0.8705882352941177,0.925,0.8222222222222222,0.9382716049382716,0.9743589743589743,0.9047619047619048,1045
classification,SimpleMean,EnsembleSoft,0.0,3,3,0.8801446219833877,0.8765977443609023,1286,322,"{'Basal': 167, 'Her2': 179, 'LumA': 560, 'LumB': 380}","{'Basal': 42, 'Her2': 45, 'LumA': 140, 'LumB': 95}",4,False,0.9225352112676056,0.9097222222222222,0.9357142857142857,0.8556149732620321,0.8695652173913043,0.8421052631578947,0.7912087912087912,0.782608695652174,0.8,0.9512195121951219,0.975,0.9285714285714286,1045
classification,SimpleMean,EnsembleSoft,0.0,3,4,0.883751255883811,0.8779165902561281,1287,321,"{'Basal': 168, 'Her2': 179, 'LumA': 560, 'LumB': 380}","{'Basal': 41, 'Her2': 45, 'LumA': 140, 'LumB': 95}",4,False,0.9323843416370107,0.9290780141843972,0.9357142857142857,0.8969072164948454,0.8787878787878788,0.9157894736842105,0.7674418604651163,0.8048780487804879,0.7333333333333333,0.9382716049382716,0.95,0.926829268292683,1045
classification,SimpleMean,EnsembleSoft,0.0,3,5,0.8806775926001528,0.8572339940760993,1287,321,"{'Basal': 167, 'Her2': 180, 'LumA': 560, 'LumB': 380}","{'Basal': 42, 'Her2': 44, 'LumA': 140, 'LumB': 95}",4,False,0.9220338983050848,0.8774193548387097,0.9714285714285714,0.8947368421052632,0.8947368421052632,0.8947368421052632,0.7692307692307693,0.8823529411764706,0.6818181818181818,0.9367088607594937,1.0,0.8809523809523809,1045
classification,"KNN(k=5,dist)",EnsembleSoft,0.0,3,1,0.8726542614495549,0.8678884711779449,1286,322,"{'Basal': 167, 'Her2': 179, 'LumA': 560, 'LumB': 380}","{'Basal': 42, 'Her2': 45, 'LumA': 140, 'LumB': 95}",4,False,0.9124087591240876,0.9328358208955224,0.8928571428571429,0.88,0.8380952380952381,0.9263157894736842,0.8297872340425532,0.7959183673469388,0.8666666666666667,0.868421052631579,0.9705882352941176,0.7857142857142857,1045
classification,"KNN(k=5,dist)",EnsembleSoft,0.0,3,2,0.9124523158699873,0.8965956558061822,1286,322,"{'Basal': 167, 'Her2': 179, 'LumA': 560, 'LumB': 380}","{'Basal': 42, 'Her2': 45, 'LumA': 140, 'LumB': 95}",4,False,0.9387755102040817,0.8961038961038961,0.9857142857142858,0.9021739130434783,0.9325842696629213,0.8736842105263158,0.8705882352941177,0.925,0.8222222222222222,0.9382716049382716,0.9743589743589743,0.9047619047619048,1045
classification,"KNN(k=5,dist)",EnsembleSoft,0.0,3,3,0.8801446219833877,0.8765977443609023,1286,322,"{'Basal': 167, 'Her2': 179, 'LumA': 560, 'LumB': 380}","{'Basal': 42, 'Her2': 45, 'LumA': 140, 'LumB': 95}",4,False,0.9225352112676056,0.9097222222222222,0.9357142857142857,0.8556149732620321,0.8695652173913043,0.8421052631578947,0.7912087912087912,0.782608695652174,0.8,0.9512195121951219,0.975,0.9285714285714286,1045
classification,"KNN(k=5,dist)",EnsembleSoft,0.0,3,4,0.883751255883811,0.8779165902561281,1287,321,"{'Basal': 168, 'Her2': 179, 'LumA': 560, 'LumB': 380}","{'Basal': 41, 'Her2': 45, 'LumA': 140, 'LumB': 95}",4,False,0.9323843416370107,0.9290780141843972,0.9357142857142857,0.8969072164948454,0.8787878787878788,0.9157894736842105,0.7674418604651163,0.8048780487804879,0.7333333333333333,0.9382716049382716,0.95,0.926829268292683,1045
classification,"KNN(k=5,dist)",EnsembleSoft,0.0,3,5,0.8806775926001528,0.8572339940760993,1287,321,"{'Basal': 167, 'Her2': 180, 'LumA': 560, 'LumB': 380}","{'Basal': 42, 'Her2': 44, 'LumA': 140, 'LumB': 95}",4,False,0.9220338983050848,0.8774193548387097,0.9714285714285714,0.8947368421052632,0.8947368421052632,0.8947368421052632,0.7692307692307693,0.8823529411764706,0.6818181818181818,0.9367088607594937,1.0,0.8809523809523809,1045
classification,RFECA_SVR(k=5),EnsembleSoft,0.0,3,1,0.8726542614495549,0.8678884711779449,1286,322,"{'Basal': 167, 'Her2': 179, 'LumA': 560, 'LumB': 380}","{'Basal': 42, 'Her2': 45, 'LumA': 140, 'LumB': 95}",4,False,0.9124087591240876,0.9328358208955224,0.8928571428571429,0.88,0.8380952380952381,0.9263157894736842,0.8297872340425532,0.7959183673469388,0.8666666666666667,0.868421052631579,0.9705882352941176,0.7857142857142857,1045
classification,RFECA_SVR(k=5),EnsembleSoft,0.0,3,2,0.9124523158699873,0.8965956558061822,1286,322,"{'Basal': 167, 'Her2': 179, 'LumA': 560, 'LumB': 380}","{'Basal': 42, 'Her2': 45, 'LumA': 140, 'LumB': 95}",4,False,0.9387755102040817,0.8961038961038961,0.9857142857142858,0.9021739130434783,0.9325842696629213,0.8736842105263158,0.8705882352941177,0.925,0.8222222222222222,0.9382716049382716,0.9743589743589743,0.9047619047619048,1045
classification,RFECA_SVR(k=5),EnsembleSoft,0.0,3,3,0.8801446219833877,0.8765977443609023,1286,322,"{'Basal': 167, 'Her2': 179, 'LumA': 560, 'LumB': 380}","{'Basal': 42, 'Her2': 45, 'LumA': 140, 'LumB': 95}",4,False,0.9225352112676056,0.9097222222222222,0.9357142857142857,0.8556149732620321,0.8695652173913043,0.8421052631578947,0.7912087912087912,0.782608695652174,0.8,0.9512195121951219,0.975,0.9285714285714286,1045
classification,RFECA_SVR(k=5),EnsembleSoft,0.0,3,4,0.883751255883811,0.8779165902561281,1287,321,"{'Basal': 168, 'Her2': 179, 'LumA': 560, 'LumB': 380}","{'Basal': 41, 'Her2': 45, 'LumA': 140, 'LumB': 95}",4,False,0.9323843416370107,0.9290780141843972,0.9357142857142857,0.8969072164948454,0.8787878787878788,0.9157894736842105,0.7674418604651163,0.8048780487804879,0.7333333333333333,0.9382716049382716,0.95,0.926829268292683,1045
classification,RFECA_SVR(k=5),EnsembleSoft,0.0,3,5,0.8806775926001528,0.8572339940760993,1287,321,"{'Basal': 167, 'Her2': 180, 'LumA': 560, 'LumB': 380}","{'Basal': 42, 'Her2': 44, 'LumA': 140, 'LumB': 95}",4,False,0.9220338983050848,0.8774193548387097,0.9714285714285714,0.8947368421052632,0.8947368421052632,0.8947368421052632,0.7692307692307693,0.8823529411764706,0.6818181818181818,0.9367088607594937,1.0,0.8809523809523809,1045
classification,RFECA_SVR(k=10),EnsembleSoft,0.0,3,1,0.8726542614495549,0.8678884711779449,1286,322,"{'Basal': 167, 'Her2': 179, 'LumA': 560, 'LumB': 380}","{'Basal': 42, 'Her2': 45, 'LumA': 140, 'LumB': 95}",4,False,0.9124087591240876,0.9328358208955224,0.8928571428571429,0.88,0.8380952380952381,0.9263157894736842,0.8297872340425532,0.7959183673469388,0.8666666666666667,0.868421052631579,0.9705882352941176,0.7857142857142857,1045
classification,RFECA_SVR(k=10),EnsembleSoft,0.0,3,2,0.9124523158699873,0.8965956558061822,1286,322,"{'Basal': 167, 'Her2': 179, 'LumA': 560, 'LumB': 380}","{'Basal': 42, 'Her2': 45, 'LumA': 140, 'LumB': 95}",4,False,0.9387755102040817,0.8961038961038961,0.9857142857142858,0.9021739130434783,0.9325842696629213,0.8736842105263158,0.8705882352941177,0.925,0.8222222222222222,0.9382716049382716,0.9743589743589743,0.9047619047619048,1045
classification,RFECA_SVR(k=10),EnsembleSoft,0.0,3,3,0.8801446219833877,0.8765977443609023,1286,322,"{'Basal': 167, 'Her2': 179, 'LumA': 560, 'LumB': 380}","{'Basal': 42, 'Her2': 45, 'LumA': 140, 'LumB': 95}",4,False,0.9225352112676056,0.9097222222222222,0.9357142857142857,0.8556149732620321,0.8695652173913043,0.8421052631578947,0.7912087912087912,0.782608695652174,0.8,0.9512195121951219,0.975,0.9285714285714286,1045
classification,RFECA_SVR(k=10),EnsembleSoft,0.0,3,4,0.883751255883811,0.8779165902561281,1287,321,"{'Basal': 168, 'Her2': 179, 'LumA': 560, 'LumB': 380}","{'Basal': 41, 'Her2': 45, 'LumA': 140, 'LumB': 95}",4,False,0.9323843416370107,0.9290780141843972,0.9357142857142857,0.8969072164948454,0.8787878787878788,0.9157894736842105,0.7674418604651163,0.8048780487804879,0.7333333333333333,0.9382716049382716,0.95,0.926829268292683,1045
classification,RFECA_SVR(k=10),EnsembleSoft,0.0,3,5,0.8806775926001528,0.8572339940760993,1287,321,"{'Basal': 167, 'Her2': 180, 'LumA': 560, 'LumB': 380}","{'Basal': 42, 'Her2': 44, 'LumA': 140, 'LumB': 95}",4,False,0.9220338983050848,0.8774193548387097,0.9714285714285714,0.8947368421052632,0.8947368421052632,0.8947368421052632,0.7692307692307693,0.8823529411764706,0.6818181818181818,0.9367088607594937,1.0,0.8809523809523809,1045
classification,RFECA_SVR(k=20),EnsembleSoft,0.0,3,1,0.8726542614495549,0.8678884711779449,1286,322,"{'Basal': 167, 'Her2': 179, 'LumA': 560, 'LumB': 380}","{'Basal': 42, 'Her2': 45, 'LumA': 140, 'LumB': 95}",4,False,0.9124087591240876,0.9328358208955224,0.8928571428571429,0.88,0.8380952380952381,0.9263157894736842,0.8297872340425532,0.7959183673469388,0.8666666666666667,0.868421052631579,0.9705882352941176,0.7857142857142857,1045
classification,RFECA_SVR(k=20),EnsembleSoft,0.0,3,2,0.9124523158699873,0.8965956558061822,1286,322,"{'Basal': 167, 'Her2': 179, 'LumA': 560, 'LumB': 380}","{'Basal': 42, 'Her2': 45, 'LumA': 140, 'LumB': 95}",4,False,0.9387755102040817,0.8961038961038961,0.9857142857142858,0.9021739130434783,0.9325842696629213,0.8736842105263158,0.8705882352941177,0.925,0.8222222222222222,0.9382716049382716,0.9743589743589743,0.9047619047619048,1045
classification,RFECA_SVR(k=20),EnsembleSoft,0.0,3,3,0.8801446219833877,0.8765977443609023,1286,322,"{'Basal': 167, 'Her2': 179, 'LumA': 560, 'LumB': 380}","{'Basal': 42, 'Her2': 45, 'LumA': 140, 'LumB': 95}",4,False,0.9225352112676056,0.9097222222222222,0.9357142857142857,0.8556149732620321,0.8695652173913043,0.8421052631578947,0.7912087912087912,0.782608695652174,0.8,0.9512195121951219,0.975,0.9285714285714286,1045
classification,RFECA_SVR(k=20),EnsembleSoft,0.0,3,4,0.883751255883811,0.8779165902561281,1287,321,"{'Basal': 168, 'Her2': 179, 'LumA': 560, 'LumB': 380}","{'Basal': 41, 'Her2': 45, 'LumA': 140, 'LumB': 95}",4,False,0.9323843416370107,0.9290780141843972,0.9357142857142857,0.8969072164948454,0.8787878787878788,0.9157894736842105,0.7674418604651163,0.8048780487804879,0.7333333333333333,0.9382716049382716,0.95,0.926829268292683,1045
classification,RFECA_SVR(k=20),EnsembleSoft,0.0,3,5,0.8806775926001528,0.8572339940760993,1287,321,"{'Basal': 167, 'Her2': 180, 'LumA': 560, 'LumB': 380}","{'Basal': 42, 'Her2': 44, 'LumA': 140, 'LumB': 95}",4,False,0.9220338983050848,0.8774193548387097,0.9714285714285714,0.8947368421052632,0.8947368421052632,0.8947368421052632,0.7692307692307693,0.8823529411764706,0.6818181818181818,0.9367088607594937,1.0,0.8809523809523809,1045
classification,MissForest,EnsembleSoft,0.0,3,1,0.8726542614495549,0.8678884711779449,1286,322,"{'Basal': 167, 'Her2': 179, 'LumA': 560, 'LumB': 380}","{'Basal': 42, 'Her2': 45, 'LumA': 140, 'LumB': 95}",4,False,0.9124087591240876,0.9328358208955224,0.8928571428571429,0.88,0.8380952380952381,0.9263157894736842,0.8297872340425532,0.7959183673469388,0.8666666666666667,0.868421052631579,0.9705882352941176,0.7857142857142857,1045
classification,MissForest,EnsembleSoft,0.0,3,2,0.9124523158699873,0.8965956558061822,1286,322,"{'Basal': 167, 'Her2': 179, 'LumA': 560, 'LumB': 380}","{'Basal': 42, 'Her2': 45, 'LumA': 140, 'LumB': 95}",4,False,0.9387755102040817,0.8961038961038961,0.9857142857142858,0.9021739130434783,0.9325842696629213,0.8736842105263158,0.8705882352941177,0.925,0.8222222222222222,0.9382716049382716,0.9743589743589743,0.9047619047619048,1045
classification,MissForest,EnsembleSoft,0.0,3,3,0.8801446219833877,0.8765977443609023,1286,322,"{'Basal': 167, 'Her2': 179, 'LumA': 560, 'LumB': 380}","{'Basal': 42, 'Her2': 45, 'LumA': 140, 'LumB': 95}",4,False,0.9225352112676056,0.9097222222222222,0.9357142857142857,0.8556149732620321,0.8695652173913043,0.8421052631578947,0.7912087912087912,0.782608695652174,0.8,0.9512195121951219,0.975,0.9285714285714286,1045
classification,MissForest,EnsembleSoft,0.0,3,4,0.883751255883811,0.8779165902561281,1287,321,"{'Basal': 168, 'Her2': 179, 'LumA': 560, 'LumB': 380}","{'Basal': 41, 'Her2': 45, 'LumA': 140, 'LumB': 95}",4,False,0.9323843416370107,0.9290780141843972,0.9357142857142857,0.8969072164948454,0.8787878787878788,0.9157894736842105,0.7674418604651163,0.8048780487804879,0.7333333333333333,0.9382716049382716,0.95,0.926829268292683,1045
classification,MissForest,EnsembleSoft,0.0,3,5,0.8806775926001528,0.8572339940760993,1287,321,"{'Basal': 167, 'Her2': 180, 'LumA': 560, 'LumB': 380}","{'Basal': 42, 'Her2': 44, 'LumA': 140, 'LumB': 95}",4,False,0.9220338983050848,0.8774193548387097,0.9714285714285714,0.8947368421052632,0.8947368421052632,0.8947368421052632,0.7692307692307693,0.8823529411764706,0.6818181818181818,0.9367088607594937,1.0,0.8809523809523809,1045
classification,SimpleMean,EnsembleSoft,0.0,4,1,0.8726542614495549,0.8678884711779449,1286,322,"{'Basal': 167, 'Her2': 179, 'LumA': 560, 'LumB': 380}","{'Basal': 42, 'Her2': 45, 'LumA': 140, 'LumB': 95}",4,False,0.9124087591240876,0.9328358208955224,0.8928571428571429,0.88,0.8380952380952381,0.9263157894736842,0.8297872340425532,0.7959183673469388,0.8666666666666667,0.868421052631579,0.9705882352941176,0.7857142857142857,1046
classification,SimpleMean,EnsembleSoft,0.0,4,2,0.9124523158699873,0.8965956558061822,1286,322,"{'Basal': 167, 'Her2': 179, 'LumA': 560, 'LumB': 380}","{'Basal': 42, 'Her2': 45, 'LumA': 140, 'LumB': 95}",4,False,0.9387755102040817,0.8961038961038961,0.9857142857142858,0.9021739130434783,0.9325842696629213,0.8736842105263158,0.8705882352941177,0.925,0.8222222222222222,0.9382716049382716,0.9743589743589743,0.9047619047619048,1046
classification,SimpleMean,EnsembleSoft,0.0,4,3,0.8801446219833877,0.8765977443609023,1286,322,"{'Basal': 167, 'Her2': 179, 'LumA': 560, 'LumB': 380}","{'Basal': 42, 'Her2': 45, 'LumA': 140, 'LumB': 95}",4,False,0.9225352112676056,0.9097222222222222,0.9357142857142857,0.8556149732620321,0.8695652173913043,0.8421052631578947,0.7912087912087912,0.782608695652174,0.8,0.9512195121951219,0.975,0.9285714285714286,1046
classification,SimpleMean,EnsembleSoft,0.0,4,4,0.883751255883811,0.8779165902561281,1287,321,"{'Basal': 168, 'Her2': 179, 'LumA': 560, 'LumB': 380}","{'Basal': 41, 'Her2': 45, 'LumA': 140, 'LumB': 95}",4,False,0.9323843416370107,0.9290780141843972,0.9357142857142857,0.8969072164948454,0.8787878787878788,0.9157894736842105,0.7674418604651163,0.8048780487804879,0.7333333333333333,0.9382716049382716,0.95,0.926829268292683,1046
classification,SimpleMean,EnsembleSoft,0.0,4,5,0.8806775926001528,0.8572339940760993,1287,321,"{'Basal': 167, 'Her2': 180, 'LumA': 560, 'LumB': 380}","{'Basal': 42, 'Her2': 44, 'LumA': 140, 'LumB': 95}",4,False,0.9220338983050848,0.8774193548387097,0.9714285714285714,0.8947368421052632,0.8947368421052632,0.8947368421052632,0.7692307692307693,0.8823529411764706,0.6818181818181818,0.9367088607594937,1.0,0.8809523809523809,1046
classification,"KNN(k=5,dist)",EnsembleSoft,0.0,4,1,0.8726542614495549,0.8678884711779449,1286,322,"{'Basal': 167, 'Her2': 179, 'LumA': 560, 'LumB': 380}","{'Basal': 42, 'Her2': 45, 'LumA': 140, 'LumB': 95}",4,False,0.9124087591240876,0.9328358208955224,0.8928571428571429,0.88,0.8380952380952381,0.9263157894736842,0.8297872340425532,0.7959183673469388,0.8666666666666667,0.868421052631579,0.9705882352941176,0.7857142857142857,1046
classification,"KNN(k=5,dist)",EnsembleSoft,0.0,4,2,0.9124523158699873,0.8965956558061822,1286,322,"{'Basal': 167, 'Her2': 179, 'LumA': 560, 'LumB': 380}","{'Basal': 42, 'Her2': 45, 'LumA': 140, 'LumB': 95}",4,False,0.9387755102040817,0.8961038961038961,0.9857142857142858,0.9021739130434783,0.9325842696629213,0.8736842105263158,0.8705882352941177,0.925,0.8222222222222222,0.9382716049382716,0.9743589743589743,0.9047619047619048,1046
classification,"KNN(k=5,dist)",EnsembleSoft,0.0,4,3,0.8801446219833877,0.8765977443609023,1286,322,"{'Basal': 167, 'Her2': 179, 'LumA': 560, 'LumB': 380}","{'Basal': 42, 'Her2': 45, 'LumA': 140, 'LumB': 95}",4,False,0.9225352112676056,0.9097222222222222,0.9357142857142857,0.8556149732620321,0.8695652173913043,0.8421052631578947,0.7912087912087912,0.782608695652174,0.8,0.9512195121951219,0.975,0.9285714285714286,1046
classification,"KNN(k=5,dist)",EnsembleSoft,0.0,4,4,0.883751255883811,0.8779165902561281,1287,321,"{'Basal': 168, 'Her2': 179, 'LumA': 560, 'LumB': 380}","{'Basal': 41, 'Her2': 45, 'LumA': 140, 'LumB': 95}",4,False,0.9323843416370107,0.9290780141843972,0.9357142857142857,0.8969072164948454,0.8787878787878788,0.9157894736842105,0.7674418604651163,0.8048780487804879,0.7333333333333333,0.9382716049382716,0.95,0.926829268292683,1046
classification,"KNN(k=5,dist)",EnsembleSoft,0.0,4,5,0.8806775926001528,0.8572339940760993,1287,321,"{'Basal': 167, 'Her2': 180, 'LumA': 560, 'LumB': 380}","{'Basal': 42, 'Her2': 44, 'LumA': 140, 'LumB': 95}",4,False,0.9220338983050848,0.8774193548387097,0.9714285714285714,0.8947368421052632,0.8947368421052632,0.8947368421052632,0.7692307692307693,0.8823529411764706,0.6818181818181818,0.9367088607594937,1.0,0.8809523809523809,1046
classification,RFECA_SVR(k=5),EnsembleSoft,0.0,4,1,0.8726542614495549,0.8678884711779449,1286,322,"{'Basal': 167, 'Her2': 179, 'LumA': 560, 'LumB': 380}","{'Basal': 42, 'Her2': 45, 'LumA': 140, 'LumB': 95}",4,False,0.9124087591240876,0.9328358208955224,0.8928571428571429,0.88,0.8380952380952381,0.9263157894736842,0.8297872340425532,0.7959183673469388,0.8666666666666667,0.868421052631579,0.9705882352941176,0.7857142857142857,1046
classification,RFECA_SVR(k=5),EnsembleSoft,0.0,4,2,0.9124523158699873,0.8965956558061822,1286,322,"{'Basal': 167, 'Her2': 179, 'LumA': 560, 'LumB': 380}","{'Basal': 42, 'Her2': 45, 'LumA': 140, 'LumB': 95}",4,False,0.9387755102040817,0.8961038961038961,0.9857142857142858,0.9021739130434783,0.9325842696629213,0.8736842105263158,0.8705882352941177,0.925,0.8222222222222222,0.9382716049382716,0.9743589743589743,0.9047619047619048,1046
classification,RFECA_SVR(k=5),EnsembleSoft,0.0,4,3,0.8801446219833877,0.8765977443609023,1286,322,"{'Basal': 167, 'Her2': 179, 'LumA': 560, 'LumB': 380}","{'Basal': 42, 'Her2': 45, 'LumA': 140, 'LumB': 95}",4,False,0.9225352112676056,0.9097222222222222,0.9357142857142857,0.8556149732620321,0.8695652173913043,0.8421052631578947,0.7912087912087912,0.782608695652174,0.8,0.9512195121951219,0.975,0.9285714285714286,1046
classification,RFECA_SVR(k=5),EnsembleSoft,0.0,4,4,0.883751255883811,0.8779165902561281,1287,321,"{'Basal': 168, 'Her2': 179, 'LumA': 560, 'LumB': 380}","{'Basal': 41, 'Her2': 45, 'LumA': 140, 'LumB': 95}",4,False,0.9323843416370107,0.9290780141843972,0.9357142857142857,0.8969072164948454,0.8787878787878788,0.9157894736842105,0.7674418604651163,0.8048780487804879,0.7333333333333333,0.9382716049382716,0.95,0.926829268292683,1046
classification,RFECA_SVR(k=5),EnsembleSoft,0.0,4,5,0.8806775926001528,0.8572339940760993,1287,321,"{'Basal': 167, 'Her2': 180, 'LumA': 560, 'LumB': 380}","{'Basal': 42, 'Her2': 44, 'LumA': 140, 'LumB': 95}",4,False,0.9220338983050848,0.8774193548387097,0.9714285714285714,0.8947368421052632,0.8947368421052632,0.8947368421052632,0.7692307692307693,0.8823529411764706,0.6818181818181818,0.9367088607594937,1.0,0.8809523809523809,1046
classification,RFECA_SVR(k=10),EnsembleSoft,0.0,4,1,0.8726542614495549,0.8678884711779449,1286,322,"{'Basal': 167, 'Her2': 179, 'LumA': 560, 'LumB': 380}","{'Basal': 42, 'Her2': 45, 'LumA': 140, 'LumB': 95}",4,False,0.9124087591240876,0.9328358208955224,0.8928571428571429,0.88,0.8380952380952381,0.9263157894736842,0.8297872340425532,0.7959183673469388,0.8666666666666667,0.868421052631579,0.9705882352941176,0.7857142857142857,1046
classification,RFECA_SVR(k=10),EnsembleSoft,0.0,4,2,0.9124523158699873,0.8965956558061822,1286,322,"{'Basal': 167, 'Her2': 179, 'LumA': 560, 'LumB': 380}","{'Basal': 42, 'Her2': 45, 'LumA': 140, 'LumB': 95}",4,False,0.9387755102040817,0.8961038961038961,0.9857142857142858,0.9021739130434783,0.9325842696629213,0.8736842105263158,0.8705882352941177,0.925,0.8222222222222222,0.9382716049382716,0.9743589743589743,0.9047619047619048,1046
classification,RFECA_SVR(k=10),EnsembleSoft,0.0,4,3,0.8801446219833877,0.8765977443609023,1286,322,"{'Basal': 167, 'Her2': 179, 'LumA': 560, 'LumB': 380}","{'Basal': 42, 'Her2': 45, 'LumA': 140, 'LumB': 95}",4,False,0.9225352112676056,0.9097222222222222,0.9357142857142857,0.8556149732620321,0.8695652173913043,0.8421052631578947,0.7912087912087912,0.782608695652174,0.8,0.9512195121951219,0.975,0.9285714285714286,1046
classification,RFECA_SVR(k=10),EnsembleSoft,0.0,4,4,0.883751255883811,0.8779165902561281,1287,321,"{'Basal': 168, 'Her2': 179, 'LumA': 560, 'LumB': 380}","{'Basal': 41, 'Her2': 45, 'LumA': 140, 'LumB': 95}",4,False,0.9323843416370107,0.9290780141843972,0.9357142857142857,0.8969072164948454,0.8787878787878788,0.9157894736842105,0.7674418604651163,0.8048780487804879,0.7333333333333333,0.9382716049382716,0.95,0.926829268292683,1046
classification,RFECA_SVR(k=10),EnsembleSoft,0.0,4,5,0.8806775926001528,0.8572339940760993,1287,321,"{'Basal': 167, 'Her2': 180, 'LumA': 560, 'LumB': 380}","{'Basal': 42, 'Her2': 44, 'LumA': 140, 'LumB': 95}",4,False,0.9220338983050848,0.8774193548387097,0.9714285714285714,0.8947368421052632,0.8947368421052632,0.8947368421052632,0.7692307692307693,0.8823529411764706,0.6818181818181818,0.9367088607594937,1.0,0.8809523809523809,1046
classification,RFECA_SVR(k=20),EnsembleSoft,0.0,4,1,0.8726542614495549,0.8678884711779449,1286,322,"{'Basal': 167, 'Her2': 179, 'LumA': 560, 'LumB': 380}","{'Basal': 42, 'Her2': 45, 'LumA': 140, 'LumB': 95}",4,False,0.9124087591240876,0.9328358208955224,0.8928571428571429,0.88,0.8380952380952381,0.9263157894736842,0.8297872340425532,0.7959183673469388,0.8666666666666667,0.868421052631579,0.9705882352941176,0.7857142857142857,1046
classification,RFECA_SVR(k=20),EnsembleSoft,0.0,4,2,0.9124523158699873,0.8965956558061822,1286,322,"{'Basal': 167, 'Her2': 179, 'LumA': 560, 'LumB': 380}","{'Basal': 42, 'Her2': 45, 'LumA': 140, 'LumB': 95}",4,False,0.9387755102040817,0.8961038961038961,0.9857142857142858,0.9021739130434783,0.9325842696629213,0.8736842105263158,0.8705882352941177,0.925,0.8222222222222222,0.9382716049382716,0.9743589743589743,0.9047619047619048,1046
classification,RFECA_SVR(k=20),EnsembleSoft,0.0,4,3,0.8801446219833877,0.8765977443609023,1286,322,"{'Basal': 167, 'Her2': 179, 'LumA': 560, 'LumB': 380}","{'Basal': 42, 'Her2': 45, 'LumA': 140, 'LumB': 95}",4,False,0.9225352112676056,0.9097222222222222,0.9357142857142857,0.8556149732620321,0.8695652173913043,0.8421052631578947,0.7912087912087912,0.782608695652174,0.8,0.9512195121951219,0.975,0.9285714285714286,1046
classification,RFECA_SVR(k=20),EnsembleSoft,0.0,4,4,0.883751255883811,0.8779165902561281,1287,321,"{'Basal': 168, 'Her2': 179, 'LumA': 560, 'LumB': 380}","{'Basal': 41, 'Her2': 45, 'LumA': 140, 'LumB': 95}",4,False,0.9323843416370107,0.9290780141843972,0.9357142857142857,0.8969072164948454,0.8787878787878788,0.9157894736842105,0.7674418604651163,0.8048780487804879,0.7333333333333333,0.9382716049382716,0.95,0.926829268292683,1046
classification,RFECA_SVR(k=20),EnsembleSoft,0.0,4,5,0.8806775926001528,0.8572339940760993,1287,321,"{'Basal': 167, 'Her2': 180, 'LumA': 560, 'LumB': 380}","{'Basal': 42, 'Her2': 44, 'LumA': 140, 'LumB': 95}",4,False,0.9220338983050848,0.8774193548387097,0.9714285714285714,0.8947368421052632,0.8947368421052632,0.8947368421052632,0.7692307692307693,0.8823529411764706,0.6818181818181818,0.9367088607594937,1.0,0.8809523809523809,1046
classification,MissForest,EnsembleSoft,0.0,4,1,0.8726542614495549,0.8678884711779449,1286,322,"{'Basal': 167, 'Her2': 179, 'LumA': 560, 'LumB': 380}","{'Basal': 42, 'Her2': 45, 'LumA': 140, 'LumB': 95}",4,False,0.9124087591240876,0.9328358208955224,0.8928571428571429,0.88,0.8380952380952381,0.9263157894736842,0.8297872340425532,0.7959183673469388,0.8666666666666667,0.868421052631579,0.9705882352941176,0.7857142857142857,1046
classification,MissForest,EnsembleSoft,0.0,4,2,0.9124523158699873,0.8965956558061822,1286,322,"{'Basal': 167, 'Her2': 179, 'LumA': 560, 'LumB': 380}","{'Basal': 42, 'Her2': 45, 'LumA': 140, 'LumB': 95}",4,False,0.9387755102040817,0.8961038961038961,0.9857142857142858,0.9021739130434783,0.9325842696629213,0.8736842105263158,0.8705882352941177,0.925,0.8222222222222222,0.9382716049382716,0.9743589743589743,0.9047619047619048,1046
classification,MissForest,EnsembleSoft,0.0,4,3,0.8801446219833877,0.8765977443609023,1286,322,"{'Basal': 167, 'Her2': 179, 'LumA': 560, 'LumB': 380}","{'Basal': 42, 'Her2': 45, 'LumA': 140, 'LumB': 95}",4,False,0.9225352112676056,0.9097222222222222,0.9357142857142857,0.8556149732620321,0.8695652173913043,0.8421052631578947,0.7912087912087912,0.782608695652174,0.8,0.9512195121951219,0.975,0.9285714285714286,1046
classification,MissForest,EnsembleSoft,0.0,4,4,0.883751255883811,0.8779165902561281,1287,321,"{'Basal': 168, 'Her2': 179, 'LumA': 560, 'LumB': 380}","{'Basal': 41, 'Her2': 45, 'LumA': 140, 'LumB': 95}",4,False,0.9323843416370107,0.9290780141843972,0.9357142857142857,0.8969072164948454,0.8787878787878788,0.9157894736842105,0.7674418604651163,0.8048780487804879,0.7333333333333333,0.9382716049382716,0.95,0.926829268292683,1046
classification,MissForest,EnsembleSoft,0.0,4,5,0.8806775926001528,0.8572339940760993,1287,321,"{'Basal': 167, 'Her2': 180, 'LumA': 560, 'LumB': 380}","{'Basal': 42, 'Her2': 44, 'LumA': 140, 'LumB': 95}",4,False,0.9220338983050848,0.8774193548387097,0.9714285714285714,0.8947368421052632,0.8947368421052632,0.8947368421052632,0.7692307692307693,0.8823529411764706,0.6818181818181818,0.9367088607594937,1.0,0.8809523809523809,1046
classification,SimpleMean,EnsembleSoft,0.0,5,1,0.8726542614495549,0.8678884711779449,1286,322,"{'Basal': 167, 'Her2': 179, 'LumA': 560, 'LumB': 380}","{'Basal': 42, 'Her2': 45, 'LumA': 140, 'LumB': 95}",4,False,0.9124087591240876,0.9328358208955224,0.8928571428571429,0.88,0.8380952380952381,0.9263157894736842,0.8297872340425532,0.7959183673469388,0.8666666666666667,0.868421052631579,0.9705882352941176,0.7857142857142857,1047
classification,SimpleMean,EnsembleSoft,0.0,5,2,0.9124523158699873,0.8965956558061822,1286,322,"{'Basal': 167, 'Her2': 179, 'LumA': 560, 'LumB': 380}","{'Basal': 42, 'Her2': 45, 'LumA': 140, 'LumB': 95}",4,False,0.9387755102040817,0.8961038961038961,0.9857142857142858,0.9021739130434783,0.9325842696629213,0.8736842105263158,0.8705882352941177,0.925,0.8222222222222222,0.9382716049382716,0.9743589743589743,0.9047619047619048,1047
classification,SimpleMean,EnsembleSoft,0.0,5,3,0.8801446219833877,0.8765977443609023,1286,322,"{'Basal': 167, 'Her2': 179, 'LumA': 560, 'LumB': 380}","{'Basal': 42, 'Her2': 45, 'LumA': 140, 'LumB': 95}",4,False,0.9225352112676056,0.9097222222222222,0.9357142857142857,0.8556149732620321,0.8695652173913043,0.8421052631578947,0.7912087912087912,0.782608695652174,0.8,0.9512195121951219,0.975,0.9285714285714286,1047
classification,SimpleMean,EnsembleSoft,0.0,5,4,0.883751255883811,0.8779165902561281,1287,321,"{'Basal': 168, 'Her2': 179, 'LumA': 560, 'LumB': 380}","{'Basal': 41, 'Her2': 45, 'LumA': 140, 'LumB': 95}",4,False,0.9323843416370107,0.9290780141843972,0.9357142857142857,0.8969072164948454,0.8787878787878788,0.9157894736842105,0.7674418604651163,0.8048780487804879,0.7333333333333333,0.9382716049382716,0.95,0.926829268292683,1047
classification,SimpleMean,EnsembleSoft,0.0,5,5,0.8806775926001528,0.8572339940760993,1287,321,"{'Basal': 167, 'Her2': 180, 'LumA': 560, 'LumB': 380}","{'Basal': 42, 'Her2': 44, 'LumA': 140, 'LumB': 95}",4,False,0.9220338983050848,0.8774193548387097,0.9714285714285714,0.8947368421052632,0.8947368421052632,0.8947368421052632,0.7692307692307693,0.8823529411764706,0.6818181818181818,0.9367088607594937,1.0,0.8809523809523809,1047
classification,"KNN(k=5,dist)",EnsembleSoft,0.0,5,1,0.8726542614495549,0.8678884711779449,1286,322,"{'Basal': 167, 'Her2': 179, 'LumA': 560, 'LumB': 380}","{'Basal': 42, 'Her2': 45, 'LumA': 140, 'LumB': 95}",4,False,0.9124087591240876,0.9328358208955224,0.8928571428571429,0.88,0.8380952380952381,0.9263157894736842,0.8297872340425532,0.7959183673469388,0.8666666666666667,0.868421052631579,0.9705882352941176,0.7857142857142857,1047
classification,"KNN(k=5,dist)",EnsembleSoft,0.0,5,2,0.9124523158699873,0.8965956558061822,1286,322,"{'Basal': 167, 'Her2': 179, 'LumA': 560, 'LumB': 380}","{'Basal': 42, 'Her2': 45, 'LumA': 140, 'LumB': 95}",4,False,0.9387755102040817,0.8961038961038961,0.9857142857142858,0.9021739130434783,0.9325842696629213,0.8736842105263158,0.8705882352941177,0.925,0.8222222222222222,0.9382716049382716,0.9743589743589743,0.9047619047619048,1047
classification,"KNN(k=5,dist)",EnsembleSoft,0.0,5,3,0.8801446219833877,0.8765977443609023,1286,322,"{'Basal': 167, 'Her2': 179, 'LumA': 560, 'LumB': 380}","{'Basal': 42, 'Her2': 45, 'LumA': 140, 'LumB': 95}",4,False,0.9225352112676056,0.9097222222222222,0.9357142857142857,0.8556149732620321,0.8695652173913043,0.8421052631578947,0.7912087912087912,0.782608695652174,0.8,0.9512195121951219,0.975,0.9285714285714286,1047
classification,"KNN(k=5,dist)",EnsembleSoft,0.0,5,4,0.883751255883811,0.8779165902561281,1287,321,"{'Basal': 168, 'Her2': 179, 'LumA': 560, 'LumB': 380}","{'Basal': 41, 'Her2': 45, 'LumA': 140, 'LumB': 95}",4,False,0.9323843416370107,0.9290780141843972,0.9357142857142857,0.8969072164948454,0.8787878787878788,0.9157894736842105,0.7674418604651163,0.8048780487804879,0.7333333333333333,0.9382716049382716,0.95,0.926829268292683,1047
classification,"KNN(k=5,dist)",EnsembleSoft,0.0,5,5,0.8806775926001528,0.8572339940760993,1287,321,"{'Basal': 167, 'Her2': 180, 'LumA': 560, 'LumB': 380}","{'Basal': 42, 'Her2': 44, 'LumA': 140, 'LumB': 95}",4,False,0.9220338983050848,0.8774193548387097,0.9714285714285714,0.8947368421052632,0.8947368421052632,0.8947368421052632,0.7692307692307693,0.8823529411764706,0.6818181818181818,0.9367088607594937,1.0,0.8809523809523809,1047
classification,RFECA_SVR(k=5),EnsembleSoft,0.0,5,1,0.8726542614495549,0.8678884711779449,1286,322,"{'Basal': 167, 'Her2': 179, 'LumA': 560, 'LumB': 380}","{'Basal': 42, 'Her2': 45, 'LumA': 140, 'LumB': 95}",4,False,0.9124087591240876,0.9328358208955224,0.8928571428571429,0.88,0.8380952380952381,0.9263157894736842,0.8297872340425532,0.7959183673469388,0.8666666666666667,0.868421052631579,0.9705882352941176,0.7857142857142857,1047
classification,RFECA_SVR(k=5),EnsembleSoft,0.0,5,2,0.9124523158699873,0.8965956558061822,1286,322,"{'Basal': 167, 'Her2': 179, 'LumA': 560, 'LumB': 380}","{'Basal': 42, 'Her2': 45, 'LumA': 140, 'LumB': 95}",4,False,0.9387755102040817,0.8961038961038961,0.9857142857142858,0.9021739130434783,0.9325842696629213,0.8736842105263158,0.8705882352941177,0.925,0.8222222222222222,0.9382716049382716,0.9743589743589743,0.9047619047619048,1047
classification,RFECA_SVR(k=5),EnsembleSoft,0.0,5,3,0.8801446219833877,0.8765977443609023,1286,322,"{'Basal': 167, 'Her2': 179, 'LumA': 560, 'LumB': 380}","{'Basal': 42, 'Her2': 45, 'LumA': 140, 'LumB': 95}",4,False,0.9225352112676056,0.9097222222222222,0.9357142857142857,0.8556149732620321,0.8695652173913043,0.8421052631578947,0.7912087912087912,0.782608695652174,0.8,0.9512195121951219,0.975,0.9285714285714286,1047
classification,RFECA_SVR(k=5),EnsembleSoft,0.0,5,4,0.883751255883811,0.8779165902561281,1287,321,"{'Basal': 168, 'Her2': 179, 'LumA': 560, 'LumB': 380}","{'Basal': 41, 'Her2': 45, 'LumA': 140, 'LumB': 95}",4,False,0.9323843416370107,0.9290780141843972,0.9357142857142857,0.8969072164948454,0.8787878787878788,0.9157894736842105,0.7674418604651163,0.8048780487804879,0.7333333333333333,0.9382716049382716,0.95,0.926829268292683,1047
classification,RFECA_SVR(k=5),EnsembleSoft,0.0,5,5,0.8806775926001528,0.8572339940760993,1287,321,"{'Basal': 167, 'Her2': 180, 'LumA': 560, 'LumB': 380}","{'Basal': 42, 'Her2': 44, 'LumA': 140, 'LumB': 95}",4,False,0.9220338983050848,0.8774193548387097,0.9714285714285714,0.8947368421052632,0.8947368421052632,0.8947368421052632,0.7692307692307693,0.8823529411764706,0.6818181818181818,0.9367088607594937,1.0,0.8809523809523809,1047
classification,RFECA_SVR(k=10),EnsembleSoft,0.0,5,1,0.8726542614495549,0.8678884711779449,1286,322,"{'Basal': 167, 'Her2': 179, 'LumA': 560, 'LumB': 380}","{'Basal': 42, 'Her2': 45, 'LumA': 140, 'LumB': 95}",4,False,0.9124087591240876,0.9328358208955224,0.8928571428571429,0.88,0.8380952380952381,0.9263157894736842,0.8297872340425532,0.7959183673469388,0.8666666666666667,0.868421052631579,0.9705882352941176,0.7857142857142857,1047
classification,RFECA_SVR(k=10),EnsembleSoft,0.0,5,2,0.9124523158699873,0.8965956558061822,1286,322,"{'Basal': 167, 'Her2': 179, 'LumA': 560, 'LumB': 380}","{'Basal': 42, 'Her2': 45, 'LumA': 140, 'LumB': 95}",4,False,0.9387755102040817,0.8961038961038961,0.9857142857142858,0.9021739130434783,0.9325842696629213,0.8736842105263158,0.8705882352941177,0.925,0.8222222222222222,0.9382716049382716,0.9743589743589743,0.9047619047619048,1047
classification,RFECA_SVR(k=10),EnsembleSoft,0.0,5,3,0.8801446219833877,0.8765977443609023,1286,322,"{'Basal': 167, 'Her2': 179, 'LumA': 560, 'LumB': 380}","{'Basal': 42, 'Her2': 45, 'LumA': 140, 'LumB': 95}",4,False,0.9225352112676056,0.9097222222222222,0.9357142857142857,0.8556149732620321,0.8695652173913043,0.8421052631578947,0.7912087912087912,0.782608695652174,0.8,0.9512195121951219,0.975,0.9285714285714286,1047
classification,RFECA_SVR(k=10),EnsembleSoft,0.0,5,4,0.883751255883811,0.8779165902561281,1287,321,"{'Basal': 168, 'Her2': 179, 'LumA': 560, 'LumB': 380}","{'Basal': 41, 'Her2': 45, 'LumA': 140, 'LumB': 95}",4,False,0.9323843416370107,0.9290780141843972,0.9357142857142857,0.8969072164948454,0.8787878787878788,0.9157894736842105,0.7674418604651163,0.8048780487804879,0.7333333333333333,0.9382716049382716,0.95,0.926829268292683,1047
classification,RFECA_SVR(k=10),EnsembleSoft,0.0,5,5,0.8806775926001528,0.8572339940760993,1287,321,"{'Basal': 167, 'Her2': 180, 'LumA': 560, 'LumB': 380}","{'Basal': 42, 'Her2': 44, 'LumA': 140, 'LumB': 95}",4,False,0.9220338983050848,0.8774193548387097,0.9714285714285714,0.8947368421052632,0.8947368421052632,0.8947368421052632,0.7692307692307693,0.8823529411764706,0.6818181818181818,0.9367088607594937,1.0,0.8809523809523809,1047
classification,RFECA_SVR(k=20),EnsembleSoft,0.0,5,1,0.8726542614495549,0.8678884711779449,1286,322,"{'Basal': 167, 'Her2': 179, 'LumA': 560, 'LumB': 380}","{'Basal': 42, 'Her2': 45, 'LumA': 140, 'LumB': 95}",4,False,0.9124087591240876,0.9328358208955224,0.8928571428571429,0.88,0.8380952380952381,0.9263157894736842,0.8297872340425532,0.7959183673469388,0.8666666666666667,0.868421052631579,0.9705882352941176,0.7857142857142857,1047
classification,RFECA_SVR(k=20),EnsembleSoft,0.0,5,2,0.9124523158699873,0.8965956558061822,1286,322,"{'Basal': 167, 'Her2': 179, 'LumA': 560, 'LumB': 380}","{'Basal': 42, 'Her2': 45, 'LumA': 140, 'LumB': 95}",4,False,0.9387755102040817,0.8961038961038961,0.9857142857142858,0.9021739130434783,0.9325842696629213,0.8736842105263158,0.8705882352941177,0.925,0.8222222222222222,0.9382716049382716,0.9743589743589743,0.9047619047619048,1047
classification,RFECA_SVR(k=20),EnsembleSoft,0.0,5,3,0.8801446219833877,0.8765977443609023,1286,322,"{'Basal': 167, 'Her2': 179, 'LumA': 560, 'LumB': 380}","{'Basal': 42, 'Her2': 45, 'LumA': 140, 'LumB': 95}",4,False,0.9225352112676056,0.9097222222222222,0.9357142857142857,0.8556149732620321,0.8695652173913043,0.8421052631578947,0.7912087912087912,0.782608695652174,0.8,0.9512195121951219,0.975,0.9285714285714286,1047
classification,RFECA_SVR(k=20),EnsembleSoft,0.0,5,4,0.883751255883811,0.8779165902561281,1287,321,"{'Basal': 168, 'Her2': 179, 'LumA': 560, 'LumB': 380}","{'Basal': 41, 'Her2': 45, 'LumA': 140, 'LumB': 95}",4,False,0.9323843416370107,0.9290780141843972,0.9357142857142857,0.8969072164948454,0.8787878787878788,0.9157894736842105,0.7674418604651163,0.8048780487804879,0.7333333333333333,0.9382716049382716,0.95,0.926829268292683,1047
classification,RFECA_SVR(k=20),EnsembleSoft,0.0,5,5,0.8806775926001528,0.8572339940760993,1287,321,"{'Basal': 167, 'Her2': 180, 'LumA': 560, 'LumB': 380}","{'Basal': 42, 'Her2': 44, 'LumA': 140, 'LumB': 95}",4,False,0.9220338983050848,0.8774193548387097,0.9714285714285714,0.8947368421052632,0.8947368421052632,0.8947368421052632,0.7692307692307693,0.8823529411764706,0.6818181818181818,0.9367088607594937,1.0,0.8809523809523809,1047
classification,MissForest,EnsembleSoft,0.0,5,1,0.8726542614495549,0.8678884711779449,1286,322,"{'Basal': 167, 'Her2': 179, 'LumA': 560, 'LumB': 380}","{'Basal': 42, 'Her2': 45, 'LumA': 140, 'LumB': 95}",4,False,0.9124087591240876,0.9328358208955224,0.8928571428571429,0.88,0.8380952380952381,0.9263157894736842,0.8297872340425532,0.7959183673469388,0.8666666666666667,0.868421052631579,0.9705882352941176,0.7857142857142857,1047
classification,MissForest,EnsembleSoft,0.0,5,2,0.9124523158699873,0.8965956558061822,1286,322,"{'Basal': 167, 'Her2': 179, 'LumA': 560, 'LumB': 380}","{'Basal': 42, 'Her2': 45, 'LumA': 140, 'LumB': 95}",4,False,0.9387755102040817,0.8961038961038961,0.9857142857142858,0.9021739130434783,0.9325842696629213,0.8736842105263158,0.8705882352941177,0.925,0.8222222222222222,0.9382716049382716,0.9743589743589743,0.9047619047619048,1047
classification,MissForest,EnsembleSoft,0.0,5,3,0.8801446219833877,0.8765977443609023,1286,322,"{'Basal': 167, 'Her2': 179, 'LumA': 560, 'LumB': 380}","{'Basal': 42, 'Her2': 45, 'LumA': 140, 'LumB': 95}",4,False,0.9225352112676056,0.9097222222222222,0.9357142857142857,0.8556149732620321,0.8695652173913043,0.8421052631578947,0.7912087912087912,0.782608695652174,0.8,0.9512195121951219,0.975,0.9285714285714286,1047
classification,MissForest,EnsembleSoft,0.0,5,4,0.883751255883811,0.8779165902561281,1287,321,"{'Basal': 168, 'Her2': 179, 'LumA': 560, 'LumB': 380}","{'Basal': 41, 'Her2': 45, 'LumA': 140, 'LumB': 95}",4,False,0.9323843416370107,0.9290780141843972,0.9357142857142857,0.8969072164948454,0.8787878787878788,0.9157894736842105,0.7674418604651163,0.8048780487804879,0.7333333333333333,0.9382716049382716,0.95,0.926829268292683,1047
classification,MissForest,EnsembleSoft,0.0,5,5,0.8806775926001528,0.8572339940760993,1287,321,"{'Basal': 167, 'Her2': 180, 'LumA': 560, 'LumB': 380}","{'Basal': 42, 'Her2': 44, 'LumA': 140, 'LumB': 95}",4,False,0.9220338983050848,0.8774193548387097,0.9714285714285714,0.8947368421052632,0.8947368421052632,0.8947368421052632,0.7692307692307693,0.8823529411764706,0.6818181818181818,0.9367088607594937,1.0,0.8809523809523809,1047
classification,SimpleMean,EnsembleSoft,0.0,6,1,0.8726542614495549,0.8678884711779449,1286,322,"{'Basal': 167, 'Her2': 179, 'LumA': 560, 'LumB': 380}","{'Basal': 42, 'Her2': 45, 'LumA': 140, 'LumB': 95}",4,False,0.9124087591240876,0.9328358208955224,0.8928571428571429,0.88,0.8380952380952381,0.9263157894736842,0.8297872340425532,0.7959183673469388,0.8666666666666667,0.868421052631579,0.9705882352941176,0.7857142857142857,1048
classification,SimpleMean,EnsembleSoft,0.0,6,2,0.9124523158699873,0.8965956558061822,1286,322,"{'Basal': 167, 'Her2': 179, 'LumA': 560, 'LumB': 380}","{'Basal': 42, 'Her2': 45, 'LumA': 140, 'LumB': 95}",4,False,0.9387755102040817,0.8961038961038961,0.9857142857142858,0.9021739130434783,0.9325842696629213,0.8736842105263158,0.8705882352941177,0.925,0.8222222222222222,0.9382716049382716,0.9743589743589743,0.9047619047619048,1048
classification,SimpleMean,EnsembleSoft,0.0,6,3,0.8801446219833877,0.8765977443609023,1286,322,"{'Basal': 167, 'Her2': 179, 'LumA': 560, 'LumB': 380}","{'Basal': 42, 'Her2': 45, 'LumA': 140, 'LumB': 95}",4,False,0.9225352112676056,0.9097222222222222,0.9357142857142857,0.8556149732620321,0.8695652173913043,0.8421052631578947,0.7912087912087912,0.782608695652174,0.8,0.9512195121951219,0.975,0.9285714285714286,1048
classification,SimpleMean,EnsembleSoft,0.0,6,4,0.883751255883811,0.8779165902561281,1287,321,"{'Basal': 168, 'Her2': 179, 'LumA': 560, 'LumB': 380}","{'Basal': 41, 'Her2': 45, 'LumA': 140, 'LumB': 95}",4,False,0.9323843416370107,0.9290780141843972,0.9357142857142857,0.8969072164948454,0.8787878787878788,0.9157894736842105,0.7674418604651163,0.8048780487804879,0.7333333333333333,0.9382716049382716,0.95,0.926829268292683,1048
classification,SimpleMean,EnsembleSoft,0.0,6,5,0.8806775926001528,0.8572339940760993,1287,321,"{'Basal': 167, 'Her2': 180, 'LumA': 560, 'LumB': 380}","{'Basal': 42, 'Her2': 44, 'LumA': 140, 'LumB': 95}",4,False,0.9220338983050848,0.8774193548387097,0.9714285714285714,0.8947368421052632,0.8947368421052632,0.8947368421052632,0.7692307692307693,0.8823529411764706,0.6818181818181818,0.9367088607594937,1.0,0.8809523809523809,1048
classification,"KNN(k=5,dist)",EnsembleSoft,0.0,6,1,0.8726542614495549,0.8678884711779449,1286,322,"{'Basal': 167, 'Her2': 179, 'LumA': 560, 'LumB': 380}","{'Basal': 42, 'Her2': 45, 'LumA': 140, 'LumB': 95}",4,False,0.9124087591240876,0.9328358208955224,0.8928571428571429,0.88,0.8380952380952381,0.9263157894736842,0.8297872340425532,0.7959183673469388,0.8666666666666667,0.868421052631579,0.9705882352941176,0.7857142857142857,1048
classification,"KNN(k=5,dist)",EnsembleSoft,0.0,6,2,0.9124523158699873,0.8965956558061822,1286,322,"{'Basal': 167, 'Her2': 179, 'LumA': 560, 'LumB': 380}","{'Basal': 42, 'Her2': 45, 'LumA': 140, 'LumB': 95}",4,False,0.9387755102040817,0.8961038961038961,0.9857142857142858,0.9021739130434783,0.9325842696629213,0.8736842105263158,0.8705882352941177,0.925,0.8222222222222222,0.9382716049382716,0.9743589743589743,0.9047619047619048,1048
classification,"KNN(k=5,dist)",EnsembleSoft,0.0,6,3,0.8801446219833877,0.8765977443609023,1286,322,"{'Basal': 167, 'Her2': 179, 'LumA': 560, 'LumB': 380}","{'Basal': 42, 'Her2': 45, 'LumA': 140, 'LumB': 95}",4,False,0.9225352112676056,0.9097222222222222,0.9357142857142857,0.8556149732620321,0.8695652173913043,0.8421052631578947,0.7912087912087912,0.782608695652174,0.8,0.9512195121951219,0.975,0.9285714285714286,1048
classification,"KNN(k=5,dist)",EnsembleSoft,0.0,6,4,0.883751255883811,0.8779165902561281,1287,321,"{'Basal': 168, 'Her2': 179, 'LumA': 560, 'LumB': 380}","{'Basal': 41, 'Her2': 45, 'LumA': 140, 'LumB': 95}",4,False,0.9323843416370107,0.9290780141843972,0.9357142857142857,0.8969072164948454,0.8787878787878788,0.9157894736842105,0.7674418604651163,0.8048780487804879,0.7333333333333333,0.9382716049382716,0.95,0.926829268292683,1048
classification,"KNN(k=5,dist)",EnsembleSoft,0.0,6,5,0.8806775926001528,0.8572339940760993,1287,321,"{'Basal': 167, 'Her2': 180, 'LumA': 560, 'LumB': 380}","{'Basal': 42, 'Her2': 44, 'LumA': 140, 'LumB': 95}",4,False,0.9220338983050848,0.8774193548387097,0.9714285714285714,0.8947368421052632,0.8947368421052632,0.8947368421052632,0.7692307692307693,0.8823529411764706,0.6818181818181818,0.9367088607594937,1.0,0.8809523809523809,1048
classification,RFECA_SVR(k=5),EnsembleSoft,0.0,6,1,0.8726542614495549,0.8678884711779449,1286,322,"{'Basal': 167, 'Her2': 179, 'LumA': 560, 'LumB': 380}","{'Basal': 42, 'Her2': 45, 'LumA': 140, 'LumB': 95}",4,False,0.9124087591240876,0.9328358208955224,0.8928571428571429,0.88,0.8380952380952381,0.9263157894736842,0.8297872340425532,0.7959183673469388,0.8666666666666667,0.868421052631579,0.9705882352941176,0.7857142857142857,1048
classification,RFECA_SVR(k=5),EnsembleSoft,0.0,6,2,0.9124523158699873,0.8965956558061822,1286,322,"{'Basal': 167, 'Her2': 179, 'LumA': 560, 'LumB': 380}","{'Basal': 42, 'Her2': 45, 'LumA': 140, 'LumB': 95}",4,False,0.9387755102040817,0.8961038961038961,0.9857142857142858,0.9021739130434783,0.9325842696629213,0.8736842105263158,0.8705882352941177,0.925,0.8222222222222222,0.9382716049382716,0.9743589743589743,0.9047619047619048,1048
classification,RFECA_SVR(k=5),EnsembleSoft,0.0,6,3,0.8801446219833877,0.8765977443609023,1286,322,"{'Basal': 167, 'Her2': 179, 'LumA': 560, 'LumB': 380}","{'Basal': 42, 'Her2': 45, 'LumA': 140, 'LumB': 95}",4,False,0.9225352112676056,0.9097222222222222,0.9357142857142857,0.8556149732620321,0.8695652173913043,0.8421052631578947,0.7912087912087912,0.782608695652174,0.8,0.9512195121951219,0.975,0.9285714285714286,1048
classification,RFECA_SVR(k=5),EnsembleSoft,0.0,6,4,0.883751255883811,0.8779165902561281,1287,321,"{'Basal': 168, 'Her2': 179, 'LumA': 560, 'LumB': 380}","{'Basal': 41, 'Her2': 45, 'LumA': 140, 'LumB': 95}",4,False,0.9323843416370107,0.9290780141843972,0.9357142857142857,0.8969072164948454,0.8787878787878788,0.9157894736842105,0.7674418604651163,0.8048780487804879,0.7333333333333333,0.9382716049382716,0.95,0.926829268292683,1048
classification,RFECA_SVR(k=5),EnsembleSoft,0.0,6,5,0.8806775926001528,0.8572339940760993,1287,321,"{'Basal': 167, 'Her2': 180, 'LumA': 560, 'LumB': 380}","{'Basal': 42, 'Her2': 44, 'LumA': 140, 'LumB': 95}",4,False,0.9220338983050848,0.8774193548387097,0.9714285714285714,0.8947368421052632,0.8947368421052632,0.8947368421052632,0.7692307692307693,0.8823529411764706,0.6818181818181818,0.9367088607594937,1.0,0.8809523809523809,1048
classification,RFECA_SVR(k=10),EnsembleSoft,0.0,6,1,0.8726542614495549,0.8678884711779449,1286,322,"{'Basal': 167, 'Her2': 179, 'LumA': 560, 'LumB': 380}","{'Basal': 42, 'Her2': 45, 'LumA': 140, 'LumB': 95}",4,False,0.9124087591240876,0.9328358208955224,0.8928571428571429,0.88,0.8380952380952381,0.9263157894736842,0.8297872340425532,0.7959183673469388,0.8666666666666667,0.868421052631579,0.9705882352941176,0.7857142857142857,1048
classification,RFECA_SVR(k=10),EnsembleSoft,0.0,6,2,0.9124523158699873,0.8965956558061822,1286,322,"{'Basal': 167, 'Her2': 179, 'LumA': 560, 'LumB': 380}","{'Basal': 42, 'Her2': 45, 'LumA': 140, 'LumB': 95}",4,False,0.9387755102040817,0.8961038961038961,0.9857142857142858,0.9021739130434783,0.9325842696629213,0.8736842105263158,0.8705882352941177,0.925,0.8222222222222222,0.9382716049382716,0.9743589743589743,0.9047619047619048,1048
classification,RFECA_SVR(k=10),EnsembleSoft,0.0,6,3,0.8801446219833877,0.8765977443609023,1286,322,"{'Basal': 167, 'Her2': 179, 'LumA': 560, 'LumB': 380}","{'Basal': 42, 'Her2': 45, 'LumA': 140, 'LumB': 95}",4,False,0.9225352112676056,0.9097222222222222,0.9357142857142857,0.8556149732620321,0.8695652173913043,0.8421052631578947,0.7912087912087912,0.782608695652174,0.8,0.9512195121951219,0.975,0.9285714285714286,1048
classification,RFECA_SVR(k=10),EnsembleSoft,0.0,6,4,0.883751255883811,0.8779165902561281,1287,321,"{'Basal': 168, 'Her2': 179, 'LumA': 560, 'LumB': 380}","{'Basal': 41, 'Her2': 45, 'LumA': 140, 'LumB': 95}",4,False,0.9323843416370107,0.9290780141843972,0.9357142857142857,0.8969072164948454,0.8787878787878788,0.9157894736842105,0.7674418604651163,0.8048780487804879,0.7333333333333333,0.9382716049382716,0.95,0.926829268292683,1048
classification,RFECA_SVR(k=10),EnsembleSoft,0.0,6,5,0.8806775926001528,0.8572339940760993,1287,321,"{'Basal': 167, 'Her2': 180, 'LumA': 560, 'LumB': 380}","{'Basal': 42, 'Her2': 44, 'LumA': 140, 'LumB': 95}",4,False,0.9220338983050848,0.8774193548387097,0.9714285714285714,0.8947368421052632,0.8947368421052632,0.8947368421052632,0.7692307692307693,0.8823529411764706,0.6818181818181818,0.9367088607594937,1.0,0.8809523809523809,1048
classification,RFECA_SVR(k=20),EnsembleSoft,0.0,6,1,0.8726542614495549,0.8678884711779449,1286,322,"{'Basal': 167, 'Her2': 179, 'LumA': 560, 'LumB': 380}","{'Basal': 42, 'Her2': 45, 'LumA': 140, 'LumB': 95}",4,False,0.9124087591240876,0.9328358208955224,0.8928571428571429,0.88,0.8380952380952381,0.9263157894736842,0.8297872340425532,0.7959183673469388,0.8666666666666667,0.868421052631579,0.9705882352941176,0.7857142857142857,1048
classification,RFECA_SVR(k=20),EnsembleSoft,0.0,6,2,0.9124523158699873,0.8965956558061822,1286,322,"{'Basal': 167, 'Her2': 179, 'LumA': 560, 'LumB': 380}","{'Basal': 42, 'Her2': 45, 'LumA': 140, 'LumB': 95}",4,False,0.9387755102040817,0.8961038961038961,0.9857142857142858,0.9021739130434783,0.9325842696629213,0.8736842105263158,0.8705882352941177,0.925,0.8222222222222222,0.9382716049382716,0.9743589743589743,0.9047619047619048,1048
classification,RFECA_SVR(k=20),EnsembleSoft,0.0,6,3,0.8801446219833877,0.8765977443609023,1286,322,"{'Basal': 167, 'Her2': 179, 'LumA': 560, 'LumB': 380}","{'Basal': 42, 'Her2': 45, 'LumA': 140, 'LumB': 95}",4,False,0.9225352112676056,0.9097222222222222,0.9357142857142857,0.8556149732620321,0.8695652173913043,0.8421052631578947,0.7912087912087912,0.782608695652174,0.8,0.9512195121951219,0.975,0.9285714285714286,1048
classification,RFECA_SVR(k=20),EnsembleSoft,0.0,6,4,0.883751255883811,0.8779165902561281,1287,321,"{'Basal': 168, 'Her2': 179, 'LumA': 560, 'LumB': 380}","{'Basal': 41, 'Her2': 45, 'LumA': 140, 'LumB': 95}",4,False,0.9323843416370107,0.9290780141843972,0.9357142857142857,0.8969072164948454,0.8787878787878788,0.9157894736842105,0.7674418604651163,0.8048780487804879,0.7333333333333333,0.9382716049382716,0.95,0.926829268292683,1048
classification,RFECA_SVR(k=20),EnsembleSoft,0.0,6,5,0.8806775926001528,0.8572339940760993,1287,321,"{'Basal': 167, 'Her2': 180, 'LumA': 560, 'LumB': 380}","{'Basal': 42, 'Her2': 44, 'LumA': 140, 'LumB': 95}",4,False,0.9220338983050848,0.8774193548387097,0.9714285714285714,0.8947368421052632,0.8947368421052632,0.8947368421052632,0.7692307692307693,0.8823529411764706,0.6818181818181818,0.9367088607594937,1.0,0.8809523809523809,1048
classification,MissForest,EnsembleSoft,0.0,6,1,0.8726542614495549,0.8678884711779449,1286,322,"{'Basal': 167, 'Her2': 179, 'LumA': 560, 'LumB': 380}","{'Basal': 42, 'Her2': 45, 'LumA': 140, 'LumB': 95}",4,False,0.9124087591240876,0.9328358208955224,0.8928571428571429,0.88,0.8380952380952381,0.9263157894736842,0.8297872340425532,0.7959183673469388,0.8666666666666667,0.868421052631579,0.9705882352941176,0.7857142857142857,1048
classification,MissForest,EnsembleSoft,0.0,6,2,0.9124523158699873,0.8965956558061822,1286,322,"{'Basal': 167, 'Her2': 179, 'LumA': 560, 'LumB': 380}","{'Basal': 42, 'Her2': 45, 'LumA': 140, 'LumB': 95}",4,False,0.9387755102040817,0.8961038961038961,0.9857142857142858,0.9021739130434783,0.9325842696629213,0.8736842105263158,0.8705882352941177,0.925,0.8222222222222222,0.9382716049382716,0.9743589743589743,0.9047619047619048,1048
classification,MissForest,EnsembleSoft,0.0,6,3,0.8801446219833877,0.8765977443609023,1286,322,"{'Basal': 167, 'Her2': 179, 'LumA': 560, 'LumB': 380}","{'Basal': 42, 'Her2': 45, 'LumA': 140, 'LumB': 95}",4,False,0.9225352112676056,0.9097222222222222,0.9357142857142857,0.8556149732620321,0.8695652173913043,0.8421052631578947,0.7912087912087912,0.782608695652174,0.8,0.9512195121951219,0.975,0.9285714285714286,1048
classification,MissForest,EnsembleSoft,0.0,6,4,0.883751255883811,0.8779165902561281,1287,321,"{'Basal': 168, 'Her2': 179, 'LumA': 560, 'LumB': 380}","{'Basal': 41, 'Her2': 45, 'LumA': 140, 'LumB': 95}",4,False,0.9323843416370107,0.9290780141843972,0.9357142857142857,0.8969072164948454,0.8787878787878788,0.9157894736842105,0.7674418604651163,0.8048780487804879,0.7333333333333333,0.9382716049382716,0.95,0.926829268292683,1048
classification,MissForest,EnsembleSoft,0.0,6,5,0.8806775926001528,0.8572339940760993,1287,321,"{'Basal': 167, 'Her2': 180, 'LumA': 560, 'LumB': 380}","{'Basal': 42, 'Her2': 44, 'LumA': 140, 'LumB': 95}",4,False,0.9220338983050848,0.8774193548387097,0.9714285714285714,0.8947368421052632,0.8947368421052632,0.8947368421052632,0.7692307692307693,0.8823529411764706,0.6818181818181818,0.9367088607594937,1.0,0.8809523809523809,1048
classification,SimpleMean,EnsembleSoft,0.0,7,1,0.8726542614495549,0.8678884711779449,1286,322,"{'Basal': 167, 'Her2': 179, 'LumA': 560, 'LumB': 380}","{'Basal': 42, 'Her2': 45, 'LumA': 140, 'LumB': 95}",4,False,0.9124087591240876,0.9328358208955224,0.8928571428571429,0.88,0.8380952380952381,0.9263157894736842,0.8297872340425532,0.7959183673469388,0.8666666666666667,0.868421052631579,0.9705882352941176,0.7857142857142857,1049
classification,SimpleMean,EnsembleSoft,0.0,7,2,0.9124523158699873,0.8965956558061822,1286,322,"{'Basal': 167, 'Her2': 179, 'LumA': 560, 'LumB': 380}","{'Basal': 42, 'Her2': 45, 'LumA': 140, 'LumB': 95}",4,False,0.9387755102040817,0.8961038961038961,0.9857142857142858,0.9021739130434783,0.9325842696629213,0.8736842105263158,0.8705882352941177,0.925,0.8222222222222222,0.9382716049382716,0.9743589743589743,0.9047619047619048,1049
classification,SimpleMean,EnsembleSoft,0.0,7,3,0.8801446219833877,0.8765977443609023,1286,322,"{'Basal': 167, 'Her2': 179, 'LumA': 560, 'LumB': 380}","{'Basal': 42, 'Her2': 45, 'LumA': 140, 'LumB': 95}",4,False,0.9225352112676056,0.9097222222222222,0.9357142857142857,0.8556149732620321,0.8695652173913043,0.8421052631578947,0.7912087912087912,0.782608695652174,0.8,0.9512195121951219,0.975,0.9285714285714286,1049
classification,SimpleMean,EnsembleSoft,0.0,7,4,0.883751255883811,0.8779165902561281,1287,321,"{'Basal': 168, 'Her2': 179, 'LumA': 560, 'LumB': 380}","{'Basal': 41, 'Her2': 45, 'LumA': 140, 'LumB': 95}",4,False,0.9323843416370107,0.9290780141843972,0.9357142857142857,0.8969072164948454,0.8787878787878788,0.9157894736842105,0.7674418604651163,0.8048780487804879,0.7333333333333333,0.9382716049382716,0.95,0.926829268292683,1049
classification,SimpleMean,EnsembleSoft,0.0,7,5,0.8806775926001528,0.8572339940760993,1287,321,"{'Basal': 167, 'Her2': 180, 'LumA': 560, 'LumB': 380}","{'Basal': 42, 'Her2': 44, 'LumA': 140, 'LumB': 95}",4,False,0.9220338983050848,0.8774193548387097,0.9714285714285714,0.8947368421052632,0.8947368421052632,0.8947368421052632,0.7692307692307693,0.8823529411764706,0.6818181818181818,0.9367088607594937,1.0,0.8809523809523809,1049
classification,"KNN(k=5,dist)",EnsembleSoft,0.0,7,1,0.8726542614495549,0.8678884711779449,1286,322,"{'Basal': 167, 'Her2': 179, 'LumA': 560, 'LumB': 380}","{'Basal': 42, 'Her2': 45, 'LumA': 140, 'LumB': 95}",4,False,0.9124087591240876,0.9328358208955224,0.8928571428571429,0.88,0.8380952380952381,0.9263157894736842,0.8297872340425532,0.7959183673469388,0.8666666666666667,0.868421052631579,0.9705882352941176,0.7857142857142857,1049
classification,"KNN(k=5,dist)",EnsembleSoft,0.0,7,2,0.9124523158699873,0.8965956558061822,1286,322,"{'Basal': 167, 'Her2': 179, 'LumA': 560, 'LumB': 380}","{'Basal': 42, 'Her2': 45, 'LumA': 140, 'LumB': 95}",4,False,0.9387755102040817,0.8961038961038961,0.9857142857142858,0.9021739130434783,0.9325842696629213,0.8736842105263158,0.8705882352941177,0.925,0.8222222222222222,0.9382716049382716,0.9743589743589743,0.9047619047619048,1049
classification,"KNN(k=5,dist)",EnsembleSoft,0.0,7,3,0.8801446219833877,0.8765977443609023,1286,322,"{'Basal': 167, 'Her2': 179, 'LumA': 560, 'LumB': 380}","{'Basal': 42, 'Her2': 45, 'LumA': 140, 'LumB': 95}",4,False,0.9225352112676056,0.9097222222222222,0.9357142857142857,0.8556149732620321,0.8695652173913043,0.8421052631578947,0.7912087912087912,0.782608695652174,0.8,0.9512195121951219,0.975,0.9285714285714286,1049
classification,"KNN(k=5,dist)",EnsembleSoft,0.0,7,4,0.883751255883811,0.8779165902561281,1287,321,"{'Basal': 168, 'Her2': 179, 'LumA': 560, 'LumB': 380}","{'Basal': 41, 'Her2': 45, 'LumA': 140, 'LumB': 95}",4,False,0.9323843416370107,0.9290780141843972,0.9357142857142857,0.8969072164948454,0.8787878787878788,0.9157894736842105,0.7674418604651163,0.8048780487804879,0.7333333333333333,0.9382716049382716,0.95,0.926829268292683,1049
classification,"KNN(k=5,dist)",EnsembleSoft,0.0,7,5,0.8806775926001528,0.8572339940760993,1287,321,"{'Basal': 167, 'Her2': 180, 'LumA': 560, 'LumB': 380}","{'Basal': 42, 'Her2': 44, 'LumA': 140, 'LumB': 95}",4,False,0.9220338983050848,0.8774193548387097,0.9714285714285714,0.8947368421052632,0.8947368421052632,0.8947368421052632,0.7692307692307693,0.8823529411764706,0.6818181818181818,0.9367088607594937,1.0,0.8809523809523809,1049
classification,RFECA_SVR(k=5),EnsembleSoft,0.0,7,1,0.8726542614495549,0.8678884711779449,1286,322,"{'Basal': 167, 'Her2': 179, 'LumA': 560, 'LumB': 380}","{'Basal': 42, 'Her2': 45, 'LumA': 140, 'LumB': 95}",4,False,0.9124087591240876,0.9328358208955224,0.8928571428571429,0.88,0.8380952380952381,0.9263157894736842,0.8297872340425532,0.7959183673469388,0.8666666666666667,0.868421052631579,0.9705882352941176,0.7857142857142857,1049
classification,RFECA_SVR(k=5),EnsembleSoft,0.0,7,2,0.9124523158699873,0.8965956558061822,1286,322,"{'Basal': 167, 'Her2': 179, 'LumA': 560, 'LumB': 380}","{'Basal': 42, 'Her2': 45, 'LumA': 140, 'LumB': 95}",4,False,0.9387755102040817,0.8961038961038961,0.9857142857142858,0.9021739130434783,0.9325842696629213,0.8736842105263158,0.8705882352941177,0.925,0.8222222222222222,0.9382716049382716,0.9743589743589743,0.9047619047619048,1049
classification,RFECA_SVR(k=5),EnsembleSoft,0.0,7,3,0.8801446219833877,0.8765977443609023,1286,322,"{'Basal': 167, 'Her2': 179, 'LumA': 560, 'LumB': 380}","{'Basal': 42, 'Her2': 45, 'LumA': 140, 'LumB': 95}",4,False,0.9225352112676056,0.9097222222222222,0.9357142857142857,0.8556149732620321,0.8695652173913043,0.8421052631578947,0.7912087912087912,0.782608695652174,0.8,0.9512195121951219,0.975,0.9285714285714286,1049
classification,RFECA_SVR(k=5),EnsembleSoft,0.0,7,4,0.883751255883811,0.8779165902561281,1287,321,"{'Basal': 168, 'Her2': 179, 'LumA': 560, 'LumB': 380}","{'Basal': 41, 'Her2': 45, 'LumA': 140, 'LumB': 95}",4,False,0.9323843416370107,0.9290780141843972,0.9357142857142857,0.8969072164948454,0.8787878787878788,0.9157894736842105,0.7674418604651163,0.8048780487804879,0.7333333333333333,0.9382716049382716,0.95,0.926829268292683,1049
classification,RFECA_SVR(k=5),EnsembleSoft,0.0,7,5,0.8806775926001528,0.8572339940760993,1287,321,"{'Basal': 167, 'Her2': 180, 'LumA': 560, 'LumB': 380}","{'Basal': 42, 'Her2': 44, 'LumA': 140, 'LumB': 95}",4,False,0.9220338983050848,0.8774193548387097,0.9714285714285714,0.8947368421052632,0.8947368421052632,0.8947368421052632,0.7692307692307693,0.8823529411764706,0.6818181818181818,0.9367088607594937,1.0,0.8809523809523809,1049
classification,RFECA_SVR(k=10),EnsembleSoft,0.0,7,1,0.8726542614495549,0.8678884711779449,1286,322,"{'Basal': 167, 'Her2': 179, 'LumA': 560, 'LumB': 380}","{'Basal': 42, 'Her2': 45, 'LumA': 140, 'LumB': 95}",4,False,0.9124087591240876,0.9328358208955224,0.8928571428571429,0.88,0.8380952380952381,0.9263157894736842,0.8297872340425532,0.7959183673469388,0.8666666666666667,0.868421052631579,0.9705882352941176,0.7857142857142857,1049
classification,RFECA_SVR(k=10),EnsembleSoft,0.0,7,2,0.9124523158699873,0.8965956558061822,1286,322,"{'Basal': 167, 'Her2': 179, 'LumA': 560, 'LumB': 380}","{'Basal': 42, 'Her2': 45, 'LumA': 140, 'LumB': 95}",4,False,0.9387755102040817,0.8961038961038961,0.9857142857142858,0.9021739130434783,0.9325842696629213,0.8736842105263158,0.8705882352941177,0.925,0.8222222222222222,0.9382716049382716,0.9743589743589743,0.9047619047619048,1049
classification,RFECA_SVR(k=10),EnsembleSoft,0.0,7,3,0.8801446219833877,0.8765977443609023,1286,322,"{'Basal': 167, 'Her2': 179, 'LumA': 560, 'LumB': 380}","{'Basal': 42, 'Her2': 45, 'LumA': 140, 'LumB': 95}",4,False,0.9225352112676056,0.9097222222222222,0.9357142857142857,0.8556149732620321,0.8695652173913043,0.8421052631578947,0.7912087912087912,0.782608695652174,0.8,0.9512195121951219,0.975,0.9285714285714286,1049
classification,RFECA_SVR(k=10),EnsembleSoft,0.0,7,4,0.883751255883811,0.8779165902561281,1287,321,"{'Basal': 168, 'Her2': 179, 'LumA': 560, 'LumB': 380}","{'Basal': 41, 'Her2': 45, 'LumA': 140, 'LumB': 95}",4,False,0.9323843416370107,0.9290780141843972,0.9357142857142857,0.8969072164948454,0.8787878787878788,0.9157894736842105,0.7674418604651163,0.8048780487804879,0.7333333333333333,0.9382716049382716,0.95,0.926829268292683,1049
classification,RFECA_SVR(k=10),EnsembleSoft,0.0,7,5,0.8806775926001528,0.8572339940760993,1287,321,"{'Basal': 167, 'Her2': 180, 'LumA': 560, 'LumB': 380}","{'Basal': 42, 'Her2': 44, 'LumA': 140, 'LumB': 95}",4,False,0.9220338983050848,0.8774193548387097,0.9714285714285714,0.8947368421052632,0.8947368421052632,0.8947368421052632,0.7692307692307693,0.8823529411764706,0.6818181818181818,0.9367088607594937,1.0,0.8809523809523809,1049
classification,RFECA_SVR(k=20),EnsembleSoft,0.0,7,1,0.8726542614495549,0.8678884711779449,1286,322,"{'Basal': 167, 'Her2': 179, 'LumA': 560, 'LumB': 380}","{'Basal': 42, 'Her2': 45, 'LumA': 140, 'LumB': 95}",4,False,0.9124087591240876,0.9328358208955224,0.8928571428571429,0.88,0.8380952380952381,0.9263157894736842,0.8297872340425532,0.7959183673469388,0.8666666666666667,0.868421052631579,0.9705882352941176,0.7857142857142857,1049
classification,RFECA_SVR(k=20),EnsembleSoft,0.0,7,2,0.9124523158699873,0.8965956558061822,1286,322,"{'Basal': 167, 'Her2': 179, 'LumA': 560, 'LumB': 380}","{'Basal': 42, 'Her2': 45, 'LumA': 140, 'LumB': 95}",4,False,0.9387755102040817,0.8961038961038961,0.9857142857142858,0.9021739130434783,0.9325842696629213,0.8736842105263158,0.8705882352941177,0.925,0.8222222222222222,0.9382716049382716,0.9743589743589743,0.9047619047619048,1049
classification,RFECA_SVR(k=20),EnsembleSoft,0.0,7,3,0.8801446219833877,0.8765977443609023,1286,322,"{'Basal': 167, 'Her2': 179, 'LumA': 560, 'LumB': 380}","{'Basal': 42, 'Her2': 45, 'LumA': 140, 'LumB': 95}",4,False,0.9225352112676056,0.9097222222222222,0.9357142857142857,0.8556149732620321,0.8695652173913043,0.8421052631578947,0.7912087912087912,0.782608695652174,0.8,0.9512195121951219,0.975,0.9285714285714286,1049
classification,RFECA_SVR(k=20),EnsembleSoft,0.0,7,4,0.883751255883811,0.8779165902561281,1287,321,"{'Basal': 168, 'Her2': 179, 'LumA': 560, 'LumB': 380}","{'Basal': 41, 'Her2': 45, 'LumA': 140, 'LumB': 95}",4,False,0.9323843416370107,0.9290780141843972,0.9357142857142857,0.8969072164948454,0.8787878787878788,0.9157894736842105,0.7674418604651163,0.8048780487804879,0.7333333333333333,0.9382716049382716,0.95,0.926829268292683,1049
classification,RFECA_SVR(k=20),EnsembleSoft,0.0,7,5,0.8806775926001528,0.8572339940760993,1287,321,"{'Basal': 167, 'Her2': 180, 'LumA': 560, 'LumB': 380}","{'Basal': 42, 'Her2': 44, 'LumA': 140, 'LumB': 95}",4,False,0.9220338983050848,0.8774193548387097,0.9714285714285714,0.8947368421052632,0.8947368421052632,0.8947368421052632,0.7692307692307693,0.8823529411764706,0.6818181818181818,0.9367088607594937,1.0,0.8809523809523809,1049
classification,MissForest,EnsembleSoft,0.0,7,1,0.8726542614495549,0.8678884711779449,1286,322,"{'Basal': 167, 'Her2': 179, 'LumA': 560, 'LumB': 380}","{'Basal': 42, 'Her2': 45, 'LumA': 140, 'LumB': 95}",4,False,0.9124087591240876,0.9328358208955224,0.8928571428571429,0.88,0.8380952380952381,0.9263157894736842,0.8297872340425532,0.7959183673469388,0.8666666666666667,0.868421052631579,0.9705882352941176,0.7857142857142857,1049
classification,MissForest,EnsembleSoft,0.0,7,2,0.9124523158699873,0.8965956558061822,1286,322,"{'Basal': 167, 'Her2': 179, 'LumA': 560, 'LumB': 380}","{'Basal': 42, 'Her2': 45, 'LumA': 140, 'LumB': 95}",4,False,0.9387755102040817,0.8961038961038961,0.9857142857142858,0.9021739130434783,0.9325842696629213,0.8736842105263158,0.8705882352941177,0.925,0.8222222222222222,0.9382716049382716,0.9743589743589743,0.9047619047619048,1049
classification,MissForest,EnsembleSoft,0.0,7,3,0.8801446219833877,0.8765977443609023,1286,322,"{'Basal': 167, 'Her2': 179, 'LumA': 560, 'LumB': 380}","{'Basal': 42, 'Her2': 45, 'LumA': 140, 'LumB': 95}",4,False,0.9225352112676056,0.9097222222222222,0.9357142857142857,0.8556149732620321,0.8695652173913043,0.8421052631578947,0.7912087912087912,0.782608695652174,0.8,0.9512195121951219,0.975,0.9285714285714286,1049
classification,MissForest,EnsembleSoft,0.0,7,4,0.883751255883811,0.8779165902561281,1287,321,"{'Basal': 168, 'Her2': 179, 'LumA': 560, 'LumB': 380}","{'Basal': 41, 'Her2': 45, 'LumA': 140, 'LumB': 95}",4,False,0.9323843416370107,0.9290780141843972,0.9357142857142857,0.8969072164948454,0.8787878787878788,0.9157894736842105,0.7674418604651163,0.8048780487804879,0.7333333333333333,0.9382716049382716,0.95,0.926829268292683,1049
classification,MissForest,EnsembleSoft,0.0,7,5,0.8806775926001528,0.8572339940760993,1287,321,"{'Basal': 167, 'Her2': 180, 'LumA': 560, 'LumB': 380}","{'Basal': 42, 'Her2': 44, 'LumA': 140, 'LumB': 95}",4,False,0.9220338983050848,0.8774193548387097,0.9714285714285714,0.8947368421052632,0.8947368421052632,0.8947368421052632,0.7692307692307693,0.8823529411764706,0.6818181818181818,0.9367088607594937,1.0,0.8809523809523809,1049
classification,SimpleMean,EnsembleSoft,0.0,8,1,0.8726542614495549,0.8678884711779449,1286,322,"{'Basal': 167, 'Her2': 179, 'LumA': 560, 'LumB': 380}","{'Basal': 42, 'Her2': 45, 'LumA': 140, 'LumB': 95}",4,False,0.9124087591240876,0.9328358208955224,0.8928571428571429,0.88,0.8380952380952381,0.9263157894736842,0.8297872340425532,0.7959183673469388,0.8666666666666667,0.868421052631579,0.9705882352941176,0.7857142857142857,1050
classification,SimpleMean,EnsembleSoft,0.0,8,2,0.9124523158699873,0.8965956558061822,1286,322,"{'Basal': 167, 'Her2': 179, 'LumA': 560, 'LumB': 380}","{'Basal': 42, 'Her2': 45, 'LumA': 140, 'LumB': 95}",4,False,0.9387755102040817,0.8961038961038961,0.9857142857142858,0.9021739130434783,0.9325842696629213,0.8736842105263158,0.8705882352941177,0.925,0.8222222222222222,0.9382716049382716,0.9743589743589743,0.9047619047619048,1050
classification,SimpleMean,EnsembleSoft,0.0,8,3,0.8801446219833877,0.8765977443609023,1286,322,"{'Basal': 167, 'Her2': 179, 'LumA': 560, 'LumB': 380}","{'Basal': 42, 'Her2': 45, 'LumA': 140, 'LumB': 95}",4,False,0.9225352112676056,0.9097222222222222,0.9357142857142857,0.8556149732620321,0.8695652173913043,0.8421052631578947,0.7912087912087912,0.782608695652174,0.8,0.9512195121951219,0.975,0.9285714285714286,1050
classification,SimpleMean,EnsembleSoft,0.0,8,4,0.883751255883811,0.8779165902561281,1287,321,"{'Basal': 168, 'Her2': 179, 'LumA': 560, 'LumB': 380}","{'Basal': 41, 'Her2': 45, 'LumA': 140, 'LumB': 95}",4,False,0.9323843416370107,0.9290780141843972,0.9357142857142857,0.8969072164948454,0.8787878787878788,0.9157894736842105,0.7674418604651163,0.8048780487804879,0.7333333333333333,0.9382716049382716,0.95,0.926829268292683,1050
classification,SimpleMean,EnsembleSoft,0.0,8,5,0.8806775926001528,0.8572339940760993,1287,321,"{'Basal': 167, 'Her2': 180, 'LumA': 560, 'LumB': 380}","{'Basal': 42, 'Her2': 44, 'LumA': 140, 'LumB': 95}",4,False,0.9220338983050848,0.8774193548387097,0.9714285714285714,0.8947368421052632,0.8947368421052632,0.8947368421052632,0.7692307692307693,0.8823529411764706,0.6818181818181818,0.9367088607594937,1.0,0.8809523809523809,1050
classification,"KNN(k=5,dist)",EnsembleSoft,0.0,8,1,0.8726542614495549,0.8678884711779449,1286,322,"{'Basal': 167, 'Her2': 179, 'LumA': 560, 'LumB': 380}","{'Basal': 42, 'Her2': 45, 'LumA': 140, 'LumB': 95}",4,False,0.9124087591240876,0.9328358208955224,0.8928571428571429,0.88,0.8380952380952381,0.9263157894736842,0.8297872340425532,0.7959183673469388,0.8666666666666667,0.868421052631579,0.9705882352941176,0.7857142857142857,1050
classification,"KNN(k=5,dist)",EnsembleSoft,0.0,8,2,0.9124523158699873,0.8965956558061822,1286,322,"{'Basal': 167, 'Her2': 179, 'LumA': 560, 'LumB': 380}","{'Basal': 42, 'Her2': 45, 'LumA': 140, 'LumB': 95}",4,False,0.9387755102040817,0.8961038961038961,0.9857142857142858,0.9021739130434783,0.9325842696629213,0.8736842105263158,0.8705882352941177,0.925,0.8222222222222222,0.9382716049382716,0.9743589743589743,0.9047619047619048,1050
classification,"KNN(k=5,dist)",EnsembleSoft,0.0,8,3,0.8801446219833877,0.8765977443609023,1286,322,"{'Basal': 167, 'Her2': 179, 'LumA': 560, 'LumB': 380}","{'Basal': 42, 'Her2': 45, 'LumA': 140, 'LumB': 95}",4,False,0.9225352112676056,0.9097222222222222,0.9357142857142857,0.8556149732620321,0.8695652173913043,0.8421052631578947,0.7912087912087912,0.782608695652174,0.8,0.9512195121951219,0.975,0.9285714285714286,1050
classification,"KNN(k=5,dist)",EnsembleSoft,0.0,8,4,0.883751255883811,0.8779165902561281,1287,321,"{'Basal': 168, 'Her2': 179, 'LumA': 560, 'LumB': 380}","{'Basal': 41, 'Her2': 45, 'LumA': 140, 'LumB': 95}",4,False,0.9323843416370107,0.9290780141843972,0.9357142857142857,0.8969072164948454,0.8787878787878788,0.9157894736842105,0.7674418604651163,0.8048780487804879,0.7333333333333333,0.9382716049382716,0.95,0.926829268292683,1050
classification,"KNN(k=5,dist)",EnsembleSoft,0.0,8,5,0.8806775926001528,0.8572339940760993,1287,321,"{'Basal': 167, 'Her2': 180, 'LumA': 560, 'LumB': 380}","{'Basal': 42, 'Her2': 44, 'LumA': 140, 'LumB': 95}",4,False,0.9220338983050848,0.8774193548387097,0.9714285714285714,0.8947368421052632,0.8947368421052632,0.8947368421052632,0.7692307692307693,0.8823529411764706,0.6818181818181818,0.9367088607594937,1.0,0.8809523809523809,1050
classification,RFECA_SVR(k=5),EnsembleSoft,0.0,8,1,0.8726542614495549,0.8678884711779449,1286,322,"{'Basal': 167, 'Her2': 179, 'LumA': 560, 'LumB': 380}","{'Basal': 42, 'Her2': 45, 'LumA': 140, 'LumB': 95}",4,False,0.9124087591240876,0.9328358208955224,0.8928571428571429,0.88,0.8380952380952381,0.9263157894736842,0.8297872340425532,0.7959183673469388,0.8666666666666667,0.868421052631579,0.9705882352941176,0.7857142857142857,1050
classification,RFECA_SVR(k=5),EnsembleSoft,0.0,8,2,0.9124523158699873,0.8965956558061822,1286,322,"{'Basal': 167, 'Her2': 179, 'LumA': 560, 'LumB': 380}","{'Basal': 42, 'Her2': 45, 'LumA': 140, 'LumB': 95}",4,False,0.9387755102040817,0.8961038961038961,0.9857142857142858,0.9021739130434783,0.9325842696629213,0.8736842105263158,0.8705882352941177,0.925,0.8222222222222222,0.9382716049382716,0.9743589743589743,0.9047619047619048,1050
classification,RFECA_SVR(k=5),EnsembleSoft,0.0,8,3,0.8801446219833877,0.8765977443609023,1286,322,"{'Basal': 167, 'Her2': 179, 'LumA': 560, 'LumB': 380}","{'Basal': 42, 'Her2': 45, 'LumA': 140, 'LumB': 95}",4,False,0.9225352112676056,0.9097222222222222,0.9357142857142857,0.8556149732620321,0.8695652173913043,0.8421052631578947,0.7912087912087912,0.782608695652174,0.8,0.9512195121951219,0.975,0.9285714285714286,1050
classification,RFECA_SVR(k=5),EnsembleSoft,0.0,8,4,0.883751255883811,0.8779165902561281,1287,321,"{'Basal': 168, 'Her2': 179, 'LumA': 560, 'LumB': 380}","{'Basal': 41, 'Her2': 45, 'LumA': 140, 'LumB': 95}",4,False,0.9323843416370107,0.9290780141843972,0.9357142857142857,0.8969072164948454,0.8787878787878788,0.9157894736842105,0.7674418604651163,0.8048780487804879,0.7333333333333333,0.9382716049382716,0.95,0.926829268292683,1050
classification,RFECA_SVR(k=5),EnsembleSoft,0.0,8,5,0.8806775926001528,0.8572339940760993,1287,321,"{'Basal': 167, 'Her2': 180, 'LumA': 560, 'LumB': 380}","{'Basal': 42, 'Her2': 44, 'LumA': 140, 'LumB': 95}",4,False,0.9220338983050848,0.8774193548387097,0.9714285714285714,0.8947368421052632,0.8947368421052632,0.8947368421052632,0.7692307692307693,0.8823529411764706,0.6818181818181818,0.9367088607594937,1.0,0.8809523809523809,1050
classification,RFECA_SVR(k=10),EnsembleSoft,0.0,8,1,0.8726542614495549,0.8678884711779449,1286,322,"{'Basal': 167, 'Her2': 179, 'LumA': 560, 'LumB': 380}","{'Basal': 42, 'Her2': 45, 'LumA': 140, 'LumB': 95}",4,False,0.9124087591240876,0.9328358208955224,0.8928571428571429,0.88,0.8380952380952381,0.9263157894736842,0.8297872340425532,0.7959183673469388,0.8666666666666667,0.868421052631579,0.9705882352941176,0.7857142857142857,1050
classification,RFECA_SVR(k=10),EnsembleSoft,0.0,8,2,0.9124523158699873,0.8965956558061822,1286,322,"{'Basal': 167, 'Her2': 179, 'LumA': 560, 'LumB': 380}","{'Basal': 42, 'Her2': 45, 'LumA': 140, 'LumB': 95}",4,False,0.9387755102040817,0.8961038961038961,0.9857142857142858,0.9021739130434783,0.9325842696629213,0.8736842105263158,0.8705882352941177,0.925,0.8222222222222222,0.9382716049382716,0.9743589743589743,0.9047619047619048,1050
classification,RFECA_SVR(k=10),EnsembleSoft,0.0,8,3,0.8801446219833877,0.8765977443609023,1286,322,"{'Basal': 167, 'Her2': 179, 'LumA': 560, 'LumB': 380}","{'Basal': 42, 'Her2': 45, 'LumA': 140, 'LumB': 95}",4,False,0.9225352112676056,0.9097222222222222,0.9357142857142857,0.8556149732620321,0.8695652173913043,0.8421052631578947,0.7912087912087912,0.782608695652174,0.8,0.9512195121951219,0.975,0.9285714285714286,1050
classification,RFECA_SVR(k=10),EnsembleSoft,0.0,8,4,0.883751255883811,0.8779165902561281,1287,321,"{'Basal': 168, 'Her2': 179, 'LumA': 560, 'LumB': 380}","{'Basal': 41, 'Her2': 45, 'LumA': 140, 'LumB': 95}",4,False,0.9323843416370107,0.9290780141843972,0.9357142857142857,0.8969072164948454,0.8787878787878788,0.9157894736842105,0.7674418604651163,0.8048780487804879,0.7333333333333333,0.9382716049382716,0.95,0.926829268292683,1050
classification,RFECA_SVR(k=10),EnsembleSoft,0.0,8,5,0.8806775926001528,0.8572339940760993,1287,321,"{'Basal': 167, 'Her2': 180, 'LumA': 560, 'LumB': 380}","{'Basal': 42, 'Her2': 44, 'LumA': 140, 'LumB': 95}",4,False,0.9220338983050848,0.8774193548387097,0.9714285714285714,0.8947368421052632,0.8947368421052632,0.8947368421052632,0.7692307692307693,0.8823529411764706,0.6818181818181818,0.9367088607594937,1.0,0.8809523809523809,1050
classification,RFECA_SVR(k=20),EnsembleSoft,0.0,8,1,0.8726542614495549,0.8678884711779449,1286,322,"{'Basal': 167, 'Her2': 179, 'LumA': 560, 'LumB': 380}","{'Basal': 42, 'Her2': 45, 'LumA': 140, 'LumB': 95}",4,False,0.9124087591240876,0.9328358208955224,0.8928571428571429,0.88,0.8380952380952381,0.9263157894736842,0.8297872340425532,0.7959183673469388,0.8666666666666667,0.868421052631579,0.9705882352941176,0.7857142857142857,1050
classification,RFECA_SVR(k=20),EnsembleSoft,0.0,8,2,0.9124523158699873,0.8965956558061822,1286,322,"{'Basal': 167, 'Her2': 179, 'LumA': 560, 'LumB': 380}","{'Basal': 42, 'Her2': 45, 'LumA': 140, 'LumB': 95}",4,False,0.9387755102040817,0.8961038961038961,0.9857142857142858,0.9021739130434783,0.9325842696629213,0.8736842105263158,0.8705882352941177,0.925,0.8222222222222222,0.9382716049382716,0.9743589743589743,0.9047619047619048,1050
classification,RFECA_SVR(k=20),EnsembleSoft,0.0,8,3,0.8801446219833877,0.8765977443609023,1286,322,"{'Basal': 167, 'Her2': 179, 'LumA': 560, 'LumB': 380}","{'Basal': 42, 'Her2': 45, 'LumA': 140, 'LumB': 95}",4,False,0.9225352112676056,0.9097222222222222,0.9357142857142857,0.8556149732620321,0.8695652173913043,0.8421052631578947,0.7912087912087912,0.782608695652174,0.8,0.9512195121951219,0.975,0.9285714285714286,1050
classification,RFECA_SVR(k=20),EnsembleSoft,0.0,8,4,0.883751255883811,0.8779165902561281,1287,321,"{'Basal': 168, 'Her2': 179, 'LumA': 560, 'LumB': 380}","{'Basal': 41, 'Her2': 45, 'LumA': 140, 'LumB': 95}",4,False,0.9323843416370107,0.9290780141843972,0.9357142857142857,0.8969072164948454,0.8787878787878788,0.9157894736842105,0.7674418604651163,0.8048780487804879,0.7333333333333333,0.9382716049382716,0.95,0.926829268292683,1050
classification,RFECA_SVR(k=20),EnsembleSoft,0.0,8,5,0.8806775926001528,0.8572339940760993,1287,321,"{'Basal': 167, 'Her2': 180, 'LumA': 560, 'LumB': 380}","{'Basal': 42, 'Her2': 44, 'LumA': 140, 'LumB': 95}",4,False,0.9220338983050848,0.8774193548387097,0.9714285714285714,0.8947368421052632,0.8947368421052632,0.8947368421052632,0.7692307692307693,0.8823529411764706,0.6818181818181818,0.9367088607594937,1.0,0.8809523809523809,1050
classification,MissForest,EnsembleSoft,0.0,8,1,0.8726542614495549,0.8678884711779449,1286,322,"{'Basal': 167, 'Her2': 179, 'LumA': 560, 'LumB': 380}","{'Basal': 42, 'Her2': 45, 'LumA': 140, 'LumB': 95}",4,False,0.9124087591240876,0.9328358208955224,0.8928571428571429,0.88,0.8380952380952381,0.9263157894736842,0.8297872340425532,0.7959183673469388,0.8666666666666667,0.868421052631579,0.9705882352941176,0.7857142857142857,1050
classification,MissForest,EnsembleSoft,0.0,8,2,0.9124523158699873,0.8965956558061822,1286,322,"{'Basal': 167, 'Her2': 179, 'LumA': 560, 'LumB': 380}","{'Basal': 42, 'Her2': 45, 'LumA': 140, 'LumB': 95}",4,False,0.9387755102040817,0.8961038961038961,0.9857142857142858,0.9021739130434783,0.9325842696629213,0.8736842105263158,0.8705882352941177,0.925,0.8222222222222222,0.9382716049382716,0.9743589743589743,0.9047619047619048,1050
classification,MissForest,EnsembleSoft,0.0,8,3,0.8801446219833877,0.8765977443609023,1286,322,"{'Basal': 167, 'Her2': 179, 'LumA': 560, 'LumB': 380}","{'Basal': 42, 'Her2': 45, 'LumA': 140, 'LumB': 95}",4,False,0.9225352112676056,0.9097222222222222,0.9357142857142857,0.8556149732620321,0.8695652173913043,0.8421052631578947,0.7912087912087912,0.782608695652174,0.8,0.9512195121951219,0.975,0.9285714285714286,1050
classification,MissForest,EnsembleSoft,0.0,8,4,0.883751255883811,0.8779165902561281,1287,321,"{'Basal': 168, 'Her2': 179, 'LumA': 560, 'LumB': 380}","{'Basal': 41, 'Her2': 45, 'LumA': 140, 'LumB': 95}",4,False,0.9323843416370107,0.9290780141843972,0.9357142857142857,0.8969072164948454,0.8787878787878788,0.9157894736842105,0.7674418604651163,0.8048780487804879,0.7333333333333333,0.9382716049382716,0.95,0.926829268292683,1050
classification,MissForest,EnsembleSoft,0.0,8,5,0.8806775926001528,0.8572339940760993,1287,321,"{'Basal': 167, 'Her2': 180, 'LumA': 560, 'LumB': 380}","{'Basal': 42, 'Her2': 44, 'LumA': 140, 'LumB': 95}",4,False,0.9220338983050848,0.8774193548387097,0.9714285714285714,0.8947368421052632,0.8947368421052632,0.8947368421052632,0.7692307692307693,0.8823529411764706,0.6818181818181818,0.9367088607594937,1.0,0.8809523809523809,1050
classification,SimpleMean,EnsembleSoft,0.0,9,1,0.8726542614495549,0.8678884711779449,1286,322,"{'Basal': 167, 'Her2': 179, 'LumA': 560, 'LumB': 380}","{'Basal': 42, 'Her2': 45, 'LumA': 140, 'LumB': 95}",4,False,0.9124087591240876,0.9328358208955224,0.8928571428571429,0.88,0.8380952380952381,0.9263157894736842,0.8297872340425532,0.7959183673469388,0.8666666666666667,0.868421052631579,0.9705882352941176,0.7857142857142857,1051
classification,SimpleMean,EnsembleSoft,0.0,9,2,0.9124523158699873,0.8965956558061822,1286,322,"{'Basal': 167, 'Her2': 179, 'LumA': 560, 'LumB': 380}","{'Basal': 42, 'Her2': 45, 'LumA': 140, 'LumB': 95}",4,False,0.9387755102040817,0.8961038961038961,0.9857142857142858,0.9021739130434783,0.9325842696629213,0.8736842105263158,0.8705882352941177,0.925,0.8222222222222222,0.9382716049382716,0.9743589743589743,0.9047619047619048,1051
classification,SimpleMean,EnsembleSoft,0.0,9,3,0.8801446219833877,0.8765977443609023,1286,322,"{'Basal': 167, 'Her2': 179, 'LumA': 560, 'LumB': 380}","{'Basal': 42, 'Her2': 45, 'LumA': 140, 'LumB': 95}",4,False,0.9225352112676056,0.9097222222222222,0.9357142857142857,0.8556149732620321,0.8695652173913043,0.8421052631578947,0.7912087912087912,0.782608695652174,0.8,0.9512195121951219,0.975,0.9285714285714286,1051
classification,SimpleMean,EnsembleSoft,0.0,9,4,0.883751255883811,0.8779165902561281,1287,321,"{'Basal': 168, 'Her2': 179, 'LumA': 560, 'LumB': 380}","{'Basal': 41, 'Her2': 45, 'LumA': 140, 'LumB': 95}",4,False,0.9323843416370107,0.9290780141843972,0.9357142857142857,0.8969072164948454,0.8787878787878788,0.9157894736842105,0.7674418604651163,0.8048780487804879,0.7333333333333333,0.9382716049382716,0.95,0.926829268292683,1051
classification,SimpleMean,EnsembleSoft,0.0,9,5,0.8806775926001528,0.8572339940760993,1287,321,"{'Basal': 167, 'Her2': 180, 'LumA': 560, 'LumB': 380}","{'Basal': 42, 'Her2': 44, 'LumA': 140, 'LumB': 95}",4,False,0.9220338983050848,0.8774193548387097,0.9714285714285714,0.8947368421052632,0.8947368421052632,0.8947368421052632,0.7692307692307693,0.8823529411764706,0.6818181818181818,0.9367088607594937,1.0,0.8809523809523809,1051
classification,"KNN(k=5,dist)",EnsembleSoft,0.0,9,1,0.8726542614495549,0.8678884711779449,1286,322,"{'Basal': 167, 'Her2': 179, 'LumA': 560, 'LumB': 380}","{'Basal': 42, 'Her2': 45, 'LumA': 140, 'LumB': 95}",4,False,0.9124087591240876,0.9328358208955224,0.8928571428571429,0.88,0.8380952380952381,0.9263157894736842,0.8297872340425532,0.7959183673469388,0.8666666666666667,0.868421052631579,0.9705882352941176,0.7857142857142857,1051
classification,"KNN(k=5,dist)",EnsembleSoft,0.0,9,2,0.9124523158699873,0.8965956558061822,1286,322,"{'Basal': 167, 'Her2': 179, 'LumA': 560, 'LumB': 380}","{'Basal': 42, 'Her2': 45, 'LumA': 140, 'LumB': 95}",4,False,0.9387755102040817,0.8961038961038961,0.9857142857142858,0.9021739130434783,0.9325842696629213,0.8736842105263158,0.8705882352941177,0.925,0.8222222222222222,0.9382716049382716,0.9743589743589743,0.9047619047619048,1051
classification,"KNN(k=5,dist)",EnsembleSoft,0.0,9,3,0.8801446219833877,0.8765977443609023,1286,322,"{'Basal': 167, 'Her2': 179, 'LumA': 560, 'LumB': 380}","{'Basal': 42, 'Her2': 45, 'LumA': 140, 'LumB': 95}",4,False,0.9225352112676056,0.9097222222222222,0.9357142857142857,0.8556149732620321,0.8695652173913043,0.8421052631578947,0.7912087912087912,0.782608695652174,0.8,0.9512195121951219,0.975,0.9285714285714286,1051
classification,"KNN(k=5,dist)",EnsembleSoft,0.0,9,4,0.883751255883811,0.8779165902561281,1287,321,"{'Basal': 168, 'Her2': 179, 'LumA': 560, 'LumB': 380}","{'Basal': 41, 'Her2': 45, 'LumA': 140, 'LumB': 95}",4,False,0.9323843416370107,0.9290780141843972,0.9357142857142857,0.8969072164948454,0.8787878787878788,0.9157894736842105,0.7674418604651163,0.8048780487804879,0.7333333333333333,0.9382716049382716,0.95,0.926829268292683,1051
classification,"KNN(k=5,dist)",EnsembleSoft,0.0,9,5,0.8806775926001528,0.8572339940760993,1287,321,"{'Basal': 167, 'Her2': 180, 'LumA': 560, 'LumB': 380}","{'Basal': 42, 'Her2': 44, 'LumA': 140, 'LumB': 95}",4,False,0.9220338983050848,0.8774193548387097,0.9714285714285714,0.8947368421052632,0.8947368421052632,0.8947368421052632,0.7692307692307693,0.8823529411764706,0.6818181818181818,0.9367088607594937,1.0,0.8809523809523809,1051
classification,RFECA_SVR(k=5),EnsembleSoft,0.0,9,1,0.8726542614495549,0.8678884711779449,1286,322,"{'Basal': 167, 'Her2': 179, 'LumA': 560, 'LumB': 380}","{'Basal': 42, 'Her2': 45, 'LumA': 140, 'LumB': 95}",4,False,0.9124087591240876,0.9328358208955224,0.8928571428571429,0.88,0.8380952380952381,0.9263157894736842,0.8297872340425532,0.7959183673469388,0.8666666666666667,0.868421052631579,0.9705882352941176,0.7857142857142857,1051
classification,RFECA_SVR(k=5),EnsembleSoft,0.0,9,2,0.9124523158699873,0.8965956558061822,1286,322,"{'Basal': 167, 'Her2': 179, 'LumA': 560, 'LumB': 380}","{'Basal': 42, 'Her2': 45, 'LumA': 140, 'LumB': 95}",4,False,0.9387755102040817,0.8961038961038961,0.9857142857142858,0.9021739130434783,0.9325842696629213,0.8736842105263158,0.8705882352941177,0.925,0.8222222222222222,0.9382716049382716,0.9743589743589743,0.9047619047619048,1051
classification,RFECA_SVR(k=5),EnsembleSoft,0.0,9,3,0.8801446219833877,0.8765977443609023,1286,322,"{'Basal': 167, 'Her2': 179, 'LumA': 560, 'LumB': 380}","{'Basal': 42, 'Her2': 45, 'LumA': 140, 'LumB': 95}",4,False,0.9225352112676056,0.9097222222222222,0.9357142857142857,0.8556149732620321,0.8695652173913043,0.8421052631578947,0.7912087912087912,0.782608695652174,0.8,0.9512195121951219,0.975,0.9285714285714286,1051
classification,RFECA_SVR(k=5),EnsembleSoft,0.0,9,4,0.883751255883811,0.8779165902561281,1287,321,"{'Basal': 168, 'Her2': 179, 'LumA': 560, 'LumB': 380}","{'Basal': 41, 'Her2': 45, 'LumA': 140, 'LumB': 95}",4,False,0.9323843416370107,0.9290780141843972,0.9357142857142857,0.8969072164948454,0.8787878787878788,0.9157894736842105,0.7674418604651163,0.8048780487804879,0.7333333333333333,0.9382716049382716,0.95,0.926829268292683,1051
classification,RFECA_SVR(k=5),EnsembleSoft,0.0,9,5,0.8806775926001528,0.8572339940760993,1287,321,"{'Basal': 167, 'Her2': 180, 'LumA': 560, 'LumB': 380}","{'Basal': 42, 'Her2': 44, 'LumA': 140, 'LumB': 95}",4,False,0.9220338983050848,0.8774193548387097,0.9714285714285714,0.8947368421052632,0.8947368421052632,0.8947368421052632,0.7692307692307693,0.8823529411764706,0.6818181818181818,0.9367088607594937,1.0,0.8809523809523809,1051
classification,RFECA_SVR(k=10),EnsembleSoft,0.0,9,1,0.8726542614495549,0.8678884711779449,1286,322,"{'Basal': 167, 'Her2': 179, 'LumA': 560, 'LumB': 380}","{'Basal': 42, 'Her2': 45, 'LumA': 140, 'LumB': 95}",4,False,0.9124087591240876,0.9328358208955224,0.8928571428571429,0.88,0.8380952380952381,0.9263157894736842,0.8297872340425532,0.7959183673469388,0.8666666666666667,0.868421052631579,0.9705882352941176,0.7857142857142857,1051
classification,RFECA_SVR(k=10),EnsembleSoft,0.0,9,2,0.9124523158699873,0.8965956558061822,1286,322,"{'Basal': 167, 'Her2': 179, 'LumA': 560, 'LumB': 380}","{'Basal': 42, 'Her2': 45, 'LumA': 140, 'LumB': 95}",4,False,0.9387755102040817,0.8961038961038961,0.9857142857142858,0.9021739130434783,0.9325842696629213,0.8736842105263158,0.8705882352941177,0.925,0.8222222222222222,0.9382716049382716,0.9743589743589743,0.9047619047619048,1051
classification,RFECA_SVR(k=10),EnsembleSoft,0.0,9,3,0.8801446219833877,0.8765977443609023,1286,322,"{'Basal': 167, 'Her2': 179, 'LumA': 560, 'LumB': 380}","{'Basal': 42, 'Her2': 45, 'LumA': 140, 'LumB': 95}",4,False,0.9225352112676056,0.9097222222222222,0.9357142857142857,0.8556149732620321,0.8695652173913043,0.8421052631578947,0.7912087912087912,0.782608695652174,0.8,0.9512195121951219,0.975,0.9285714285714286,1051
classification,RFECA_SVR(k=10),EnsembleSoft,0.0,9,4,0.883751255883811,0.8779165902561281,1287,321,"{'Basal': 168, 'Her2': 179, 'LumA': 560, 'LumB': 380}","{'Basal': 41, 'Her2': 45, 'LumA': 140, 'LumB': 95}",4,False,0.9323843416370107,0.9290780141843972,0.9357142857142857,0.8969072164948454,0.8787878787878788,0.9157894736842105,0.7674418604651163,0.8048780487804879,0.7333333333333333,0.9382716049382716,0.95,0.926829268292683,1051
classification,RFECA_SVR(k=10),EnsembleSoft,0.0,9,5,0.8806775926001528,0.8572339940760993,1287,321,"{'Basal': 167, 'Her2': 180, 'LumA': 560, 'LumB': 380}","{'Basal': 42, 'Her2': 44, 'LumA': 140, 'LumB': 95}",4,False,0.9220338983050848,0.8774193548387097,0.9714285714285714,0.8947368421052632,0.8947368421052632,0.8947368421052632,0.7692307692307693,0.8823529411764706,0.6818181818181818,0.9367088607594937,1.0,0.8809523809523809,1051
classification,RFECA_SVR(k=20),EnsembleSoft,0.0,9,1,0.8726542614495549,0.8678884711779449,1286,322,"{'Basal': 167, 'Her2': 179, 'LumA': 560, 'LumB': 380}","{'Basal': 42, 'Her2': 45, 'LumA': 140, 'LumB': 95}",4,False,0.9124087591240876,0.9328358208955224,0.8928571428571429,0.88,0.8380952380952381,0.9263157894736842,0.8297872340425532,0.7959183673469388,0.8666666666666667,0.868421052631579,0.9705882352941176,0.7857142857142857,1051
classification,RFECA_SVR(k=20),EnsembleSoft,0.0,9,2,0.9124523158699873,0.8965956558061822,1286,322,"{'Basal': 167, 'Her2': 179, 'LumA': 560, 'LumB': 380}","{'Basal': 42, 'Her2': 45, 'LumA': 140, 'LumB': 95}",4,False,0.9387755102040817,0.8961038961038961,0.9857142857142858,0.9021739130434783,0.9325842696629213,0.8736842105263158,0.8705882352941177,0.925,0.8222222222222222,0.9382716049382716,0.9743589743589743,0.9047619047619048,1051
classification,RFECA_SVR(k=20),EnsembleSoft,0.0,9,3,0.8801446219833877,0.8765977443609023,1286,322,"{'Basal': 167, 'Her2': 179, 'LumA': 560, 'LumB': 380}","{'Basal': 42, 'Her2': 45, 'LumA': 140, 'LumB': 95}",4,False,0.9225352112676056,0.9097222222222222,0.9357142857142857,0.8556149732620321,0.8695652173913043,0.8421052631578947,0.7912087912087912,0.782608695652174,0.8,0.9512195121951219,0.975,0.9285714285714286,1051
classification,RFECA_SVR(k=20),EnsembleSoft,0.0,9,4,0.883751255883811,0.8779165902561281,1287,321,"{'Basal': 168, 'Her2': 179, 'LumA': 560, 'LumB': 380}","{'Basal': 41, 'Her2': 45, 'LumA': 140, 'LumB': 95}",4,False,0.9323843416370107,0.9290780141843972,0.9357142857142857,0.8969072164948454,0.8787878787878788,0.9157894736842105,0.7674418604651163,0.8048780487804879,0.7333333333333333,0.9382716049382716,0.95,0.926829268292683,1051
classification,RFECA_SVR(k=20),EnsembleSoft,0.0,9,5,0.8806775926001528,0.8572339940760993,1287,321,"{'Basal': 167, 'Her2': 180, 'LumA': 560, 'LumB': 380}","{'Basal': 42, 'Her2': 44, 'LumA': 140, 'LumB': 95}",4,False,0.9220338983050848,0.8774193548387097,0.9714285714285714,0.8947368421052632,0.8947368421052632,0.8947368421052632,0.7692307692307693,0.8823529411764706,0.6818181818181818,0.9367088607594937,1.0,0.8809523809523809,1051
classification,MissForest,EnsembleSoft,0.0,9,1,0.8726542614495549,0.8678884711779449,1286,322,"{'Basal': 167, 'Her2': 179, 'LumA': 560, 'LumB': 380}","{'Basal': 42, 'Her2': 45, 'LumA': 140, 'LumB': 95}",4,False,0.9124087591240876,0.9328358208955224,0.8928571428571429,0.88,0.8380952380952381,0.9263157894736842,0.8297872340425532,0.7959183673469388,0.8666666666666667,0.868421052631579,0.9705882352941176,0.7857142857142857,1051
classification,MissForest,EnsembleSoft,0.0,9,2,0.9124523158699873,0.8965956558061822,1286,322,"{'Basal': 167, 'Her2': 179, 'LumA': 560, 'LumB': 380}","{'Basal': 42, 'Her2': 45, 'LumA': 140, 'LumB': 95}",4,False,0.9387755102040817,0.8961038961038961,0.9857142857142858,0.9021739130434783,0.9325842696629213,0.8736842105263158,0.8705882352941177,0.925,0.8222222222222222,0.9382716049382716,0.9743589743589743,0.9047619047619048,1051
classification,MissForest,EnsembleSoft,0.0,9,3,0.8801446219833877,0.8765977443609023,1286,322,"{'Basal': 167, 'Her2': 179, 'LumA': 560, 'LumB': 380}","{'Basal': 42, 'Her2': 45, 'LumA': 140, 'LumB': 95}",4,False,0.9225352112676056,0.9097222222222222,0.9357142857142857,0.8556149732620321,0.8695652173913043,0.8421052631578947,0.7912087912087912,0.782608695652174,0.8,0.9512195121951219,0.975,0.9285714285714286,1051
classification,MissForest,EnsembleSoft,0.0,9,4,0.883751255883811,0.8779165902561281,1287,321,"{'Basal': 168, 'Her2': 179, 'LumA': 560, 'LumB': 380}","{'Basal': 41, 'Her2': 45, 'LumA': 140, 'LumB': 95}",4,False,0.9323843416370107,0.9290780141843972,0.9357142857142857,0.8969072164948454,0.8787878787878788,0.9157894736842105,0.7674418604651163,0.8048780487804879,0.7333333333333333,0.9382716049382716,0.95,0.926829268292683,1051
classification,MissForest,EnsembleSoft,0.0,9,5,0.8806775926001528,0.8572339940760993,1287,321,"{'Basal': 167, 'Her2': 180, 'LumA': 560, 'LumB': 380}","{'Basal': 42, 'Her2': 44, 'LumA': 140, 'LumB': 95}",4,False,0.9220338983050848,0.8774193548387097,0.9714285714285714,0.8947368421052632,0.8947368421052632,0.8947368421052632,0.7692307692307693,0.8823529411764706,0.6818181818181818,0.9367088607594937,1.0,0.8809523809523809,1051
classification,SimpleMean,EnsembleSoft,0.05,0,1,0.8765578207354562,0.8812343358395991,1286,322,"{'Basal': 167, 'Her2': 179, 'LumA': 560, 'LumB': 380}","{'Basal': 42, 'Her2': 45, 'LumA': 140, 'LumB': 95}",4,False,0.9063670411985019,0.952755905511811,0.8642857142857143,0.8811881188118812,0.8317757009345794,0.9368421052631579,0.8297872340425532,0.7959183673469388,0.8666666666666667,0.8888888888888888,0.9230769230769231,0.8571428571428571,1047
classification,SimpleMean,EnsembleSoft,0.05,0,2,0.9019933325724286,0.8897974101921471,1286,322,"{'Basal': 167, 'Her2': 179, 'LumA': 560, 'LumB': 380}","{'Basal': 42, 'Her2': 45, 'LumA': 140, 'LumB': 95}",4,False,0.9423728813559322,0.896774193548387,0.9928571428571429,0.9111111111111111,0.9647058823529412,0.8631578947368421,0.8409090909090909,0.8604651162790697,0.8222222222222222,0.9135802469135802,0.9487179487179487,0.8809523809523809,1047
classification,SimpleMean,EnsembleSoft,0.05,0,3,0.8837318431246817,0.8807226399331664,1286,322,"{'Basal': 167, 'Her2': 179, 'LumA': 560, 'LumB': 380}","{'Basal': 42, 'Her2': 45, 'LumA': 140, 'LumB': 95}",4,False,0.9361702127659575,0.9295774647887324,0.9428571428571428,0.8783068783068783,0.8829787234042553,0.8736842105263158,0.7692307692307693,0.7608695652173914,0.7777777777777778,0.9512195121951219,0.975,0.9285714285714286,1047
classification,SimpleMean,EnsembleSoft,0.05,0,4,0.8734173427800249,0.8670978768058358,1287,321,"{'Basal': 168, 'Her2': 179, 'LumA': 560, 'LumB': 380}","{'Basal': 41, 'Her2': 45, 'LumA': 140, 'LumB': 95}",4,False,0.9257950530035336,0.916083916083916,0.9357142857142857,0.8854166666666666,0.8762886597938144,0.8947368421052632,0.7441860465116279,0.7804878048780488,0.7111111111111111,0.9382716049382716,0.95,0.926829268292683,1047
classification,SimpleMean,EnsembleSoft,0.05,0,5,0.8633471341610301,0.8388214855320119,1287,321,"{'Basal': 167, 'Her2': 180, 'LumA': 560, 'LumB': 380}","{'Basal': 42, 'Her2': 44, 'LumA': 140, 'LumB': 95}",4,False,0.9152542372881356,0.8709677419354839,0.9642857142857143,0.8645833333333334,0.8556701030927835,0.8736842105263158,0.7368421052631579,0.875,0.6363636363636364,0.9367088607594937,1.0,0.8809523809523809,1047
classification,"KNN(k=5,dist)",EnsembleSoft,0.05,0,1,0.8680918519922717,0.8686403508771929,1286,322,"{'Basal': 167, 'Her2': 179, 'LumA': 560, 'LumB': 380}","{'Basal': 42, 'Her2': 45, 'LumA': 140, 'LumB': 95}",4,False,0.9063670411985019,0.952755905511811,0.8642857142857143,0.8878048780487805,0.8272727272727273,0.9578947368421052,0.8210526315789474,0.78,0.8666666666666667,0.8571428571428571,0.9428571428571428,0.7857142857142857,1047
classification,"KNN(k=5,dist)",EnsembleSoft,0.05,0,2,0.9016996606028345,0.8906432748538012,1286,322,"{'Basal': 167, 'Her2': 179, 'LumA': 560, 'LumB': 380}","{'Basal': 42, 'Her2': 45, 'LumA': 140, 'LumB': 95}",4,False,0.9452054794520548,0.9078947368421053,0.9857142857142858,0.907103825136612,0.9431818181818182,0.8736842105263158,0.8409090909090909,0.8604651162790697,0.8222222222222222,0.9135802469135802,0.9487179487179487,0.8809523809523809,1047
classification,"KNN(k=5,dist)",EnsembleSoft,0.05,0,3,0.8764106798691639,0.8728279030910611,1286,322,"{'Basal': 167, 'Her2': 179, 'LumA': 560, 'LumB': 380}","{'Basal': 42, 'Her2': 45, 'LumA': 140, 'LumB': 95}",4,False,0.9295774647887324,0.9166666666666666,0.9428571428571428,0.8556149732620321,0.8695652173913043,0.8421052631578947,0.7692307692307693,0.7608695652173914,0.7777777777777778,0.9512195121951219,0.975,0.9285714285714286,1047
classification,"KNN(k=5,dist)",EnsembleSoft,0.05,0,4,0.8703265677789553,0.8653121625201216,1287,321,"{'Basal': 168, 'Her2': 179, 'LumA': 560, 'LumB': 380}","{'Basal': 41, 'Her2': 45, 'LumA': 140, 'LumB': 95}",4,False,0.9219858156028369,0.9154929577464789,0.9285714285714286,0.8854166666666666,0.8762886597938144,0.8947368421052632,0.735632183908046,0.7619047619047619,0.7111111111111111,0.9382716049382716,0.95,0.926829268292683,1047
classification,"KNN(k=5,dist)",EnsembleSoft,0.05,0,5,0.8687744257919647,0.8453491683754842,1287,321,"{'Basal': 167, 'Her2': 180, 'LumA': 560, 'LumB': 380}","{'Basal': 42, 'Her2': 44, 'LumA': 140, 'LumB': 95}",4,False,0.9146757679180887,0.8758169934640523,0.9571428571428572,0.8704663212435233,0.8571428571428571,0.8842105263157894,0.7532467532467533,0.8787878787878788,0.6590909090909091,0.9367088607594937,1.0,0.8809523809523809,1047
classification,RFECA_SVR(k=5),EnsembleSoft,0.05,0,1,0.8675263389274196,0.8683897243107769,1286,322,"{'Basal': 167, 'Her2': 179, 'LumA': 560, 'LumB': 380}","{'Basal': 42, 'Her2': 45, 'LumA': 140, 'LumB': 95}",4,False,0.8947368421052632,0.9444444444444444,0.85,0.8737864077669902,0.8108108108108109,0.9473684210526315,0.8297872340425532,0.7959183673469388,0.8666666666666667,0.8717948717948718,0.9444444444444444,0.8095238095238095,1047
classification,RFECA_SVR(k=5),EnsembleSoft,0.05,0,2,0.9015362292953717,0.8897974101921471,1286,322,"{'Basal': 167, 'Her2': 179, 'LumA': 560, 'LumB': 380}","{'Basal': 42, 'Her2': 45, 'LumA': 140, 'LumB': 95}",4,False,0.9455782312925171,0.9025974025974026,0.9928571428571429,0.9060773480662984,0.9534883720930233,0.8631578947368421,0.8409090909090909,0.8604651162790697,0.8222222222222222,0.9135802469135802,0.9487179487179487,0.8809523809523809,1047
classification,RFECA_SVR(k=5),EnsembleSoft,0.05,0,3,0.8812944028991871,0.8761069340016708,1286,322,"{'Basal': 167, 'Her2': 179, 'LumA': 560, 'LumB': 380}","{'Basal': 42, 'Her2': 45, 'LumA': 140, 'LumB': 95}",4,False,0.9403508771929825,0.9241379310344827,0.9571428571428572,0.8723404255319149,0.8817204301075269,0.8631578947368421,0.7727272727272727,0.7906976744186046,0.7555555555555555,0.9397590361445783,0.9512195121951219,0.9285714285714286,1047
classification,RFECA_SVR(k=5),EnsembleSoft,0.05,0,4,0.8694755386619735,0.8656160217617214,1287,321,"{'Basal': 168, 'Her2': 179, 'LumA': 560, 'LumB': 380}","{'Basal': 41, 'Her2': 45, 'LumA': 140, 'LumB': 95}",4,False,0.9247311827956989,0.9280575539568345,0.9214285714285714,0.8865979381443299,0.8686868686868687,0.9052631578947369,0.7415730337078652,0.75,0.7333333333333333,0.925,0.9487179487179487,0.9024390243902439,1047
classification,RFECA_SVR(k=5),EnsembleSoft,0.05,0,5,0.8725302481961179,0.8471348826611985,1287,321,"{'Basal': 167, 'Her2': 180, 'LumA': 560, 'LumB': 380}","{'Basal': 42, 'Her2': 44, 'LumA': 140, 'LumB': 95}",4,False,0.9152542372881356,0.8709677419354839,0.9642857142857143,0.875,0.865979381443299,0.8842105263157894,0.7631578947368421,0.90625,0.6590909090909091,0.9367088607594937,1.0,0.8809523809523809,1047
classification,RFECA_SVR(k=10),EnsembleSoft,0.05,0,1,0.8772831584852985,0.8766708437761068,1286,322,"{'Basal': 167, 'Her2': 179, 'LumA': 560, 'LumB': 380}","{'Basal': 42, 'Her2': 45, 'LumA': 140, 'LumB': 95}",4,False,0.9070631970260223,0.9457364341085271,0.8714285714285714,0.8768472906403941,0.8240740740740741,0.9368421052631579,0.8421052631578947,0.8,0.8888888888888888,0.8831168831168831,0.9714285714285714,0.8095238095238095,1047
classification,RFECA_SVR(k=10),EnsembleSoft,0.05,0,2,0.9038456776653592,0.8924289891395155,1286,322,"{'Basal': 167, 'Her2': 179, 'LumA': 560, 'LumB': 380}","{'Basal': 42, 'Her2': 45, 'LumA': 140, 'LumB': 95}",4,False,0.9488054607508533,0.9084967320261438,0.9928571428571429,0.9120879120879121,0.9540229885057471,0.8736842105263158,0.8409090909090909,0.8604651162790697,0.8222222222222222,0.9135802469135802,0.9487179487179487,0.8809523809523809,1047
classification,RFECA_SVR(k=10),EnsembleSoft,0.05,0,3,0.8904514645849251,0.8884607351712616,1286,322,"{'Basal': 167, 'Her2': 179, 'LumA': 560, 'LumB': 380}","{'Basal': 42, 'Her2': 45, 'LumA': 140, 'LumB': 95}",4,False,0.9399293286219081,0.9300699300699301,0.95,0.8829787234042553,0.8924731182795699,0.8736842105263158,0.7865168539325843,0.7954545454545454,0.7777777777777778,0.9523809523809523,0.9523809523809523,0.9523809523809523,1047
classification,RFECA_SVR(k=10),EnsembleSoft,0.05,0,4,0.8757480633033772,0.8721114269413371,1287,321,"{'Basal': 168, 'Her2': 179, 'LumA': 560, 'LumB': 380}","{'Basal': 41, 'Her2': 45, 'LumA': 140, 'LumB': 95}",4,False,0.9323843416370107,0.9290780141843972,0.9357142857142857,0.8900523560209425,0.8854166666666666,0.8947368421052632,0.7555555555555555,0.7555555555555555,0.7555555555555555,0.925,0.9487179487179487,0.9024390243902439,1047
classification,RFECA_SVR(k=10),EnsembleSoft,0.05,0,5,0.8769916000313268,0.8523980405559354,1287,321,"{'Basal': 167, 'Her2': 180, 'LumA': 560, 'LumB': 380}","{'Basal': 42, 'Her2': 44, 'LumA': 140, 'LumB': 95}",4,False,0.9215017064846417,0.8823529411764706,0.9642857142857143,0.8865979381443299,0.8686868686868687,0.9052631578947369,0.7631578947368421,0.90625,0.6590909090909091,0.9367088607594937,1.0,0.8809523809523809,1047
classification,RFECA_SVR(k=20),EnsembleSoft,0.05,0,1,0.8678346505292603,0.8675438596491227,1286,322,"{'Basal': 167, 'Her2': 179, 'LumA': 560, 'LumB': 380}","{'Basal': 42, 'Her2': 45, 'LumA': 140, 'LumB': 95}",4,False,0.898876404494382,0.9448818897637795,0.8571428571428571,0.8682926829268293,0.8090909090909091,0.9368421052631579,0.8210526315789474,0.78,0.8666666666666667,0.8831168831168831,0.9714285714285714,0.8095238095238095,1047
classification,RFECA_SVR(k=20),EnsembleSoft,0.05,0,2,0.9070641922682019,0.8924289891395155,1286,322,"{'Basal': 167, 'Her2': 179, 'LumA': 560, 'LumB': 380}","{'Basal': 42, 'Her2': 45, 'LumA': 140, 'LumB': 95}",4,False,0.9455782312925171,0.9025974025974026,0.9928571428571429,0.907103825136612,0.9431818181818182,0.8736842105263158,0.8505747126436781,0.8809523809523809,0.8222222222222222,0.925,0.9736842105263158,0.8809523809523809,1047
classification,RFECA_SVR(k=20),EnsembleSoft,0.05,0,3,0.8892263486191871,0.8862781954887219,1286,322,"{'Basal': 167, 'Her2': 179, 'LumA': 560, 'LumB': 380}","{'Basal': 42, 'Her2': 45, 'LumA': 140, 'LumB': 95}",4,False,0.9361702127659575,0.9295774647887324,0.9428571428571428,0.8783068783068783,0.8829787234042553,0.8736842105263158,0.7912087912087912,0.782608695652174,0.8,0.9512195121951219,0.975,0.9285714285714286,1047
classification,RFECA_SVR(k=20),EnsembleSoft,0.05,0,4,0.8732047872340425,0.8674017360474358,1287,321,"{'Basal': 168, 'Her2': 179, 'LumA': 560, 'LumB': 380}","{'Basal': 41, 'Her2': 45, 'LumA': 140, 'LumB': 95}",4,False,0.9219858156028369,0.9154929577464789,0.9285714285714286,0.8958333333333334,0.8865979381443299,0.9052631578947369,0.75,0.7674418604651163,0.7333333333333333,0.925,0.9487179487179487,0.9024390243902439,1047
classification,RFECA_SVR(k=20),EnsembleSoft,0.05,0,5,0.8725302481961179,0.8471348826611985,1287,321,"{'Basal': 167, 'Her2': 180, 'LumA': 560, 'LumB': 380}","{'Basal': 42, 'Her2': 44, 'LumA': 140, 'LumB': 95}",4,False,0.9152542372881356,0.8709677419354839,0.9642857142857143,0.875,0.865979381443299,0.8842105263157894,0.7631578947368421,0.90625,0.6590909090909091,0.9367088607594937,1.0,0.8809523809523809,1047
classification,MissForest,EnsembleSoft,0.05,0,1,0.8658833761312852,0.8660087719298245,1286,322,"{'Basal': 167, 'Her2': 179, 'LumA': 560, 'LumB': 380}","{'Basal': 42, 'Her2': 45, 'LumA': 140, 'LumB': 95}",4,False,0.9029850746268657,0.9453125,0.8642857142857143,0.8823529411764706,0.8256880733944955,0.9473684210526315,0.8210526315789474,0.78,0.8666666666666667,0.8571428571428571,0.9428571428571428,0.7857142857142857,1047
classification,MissForest,EnsembleSoft,0.05,0,2,0.897024639034514,0.8842418546365916,1286,322,"{'Basal': 167, 'Her2': 179, 'LumA': 560, 'LumB': 380}","{'Basal': 42, 'Her2': 45, 'LumA': 140, 'LumB': 95}",4,False,0.9423728813559322,0.896774193548387,0.9928571428571429,0.9060773480662984,0.9534883720930233,0.8631578947368421,0.8372093023255814,0.8780487804878049,0.8,0.9024390243902439,0.925,0.8809523809523809,1047
classification,MissForest,EnsembleSoft,0.05,0,3,0.8808435353828674,0.8771512113617378,1286,322,"{'Basal': 167, 'Her2': 179, 'LumA': 560, 'LumB': 380}","{'Basal': 42, 'Her2': 45, 'LumA': 140, 'LumB': 95}",4,False,0.9252669039145908,0.9219858156028369,0.9285714285714286,0.8691099476439791,0.8645833333333334,0.8736842105263158,0.7777777777777778,0.7777777777777778,0.7777777777777778,0.9512195121951219,0.975,0.9285714285714286,1047
classification,MissForest,EnsembleSoft,0.05,0,4,0.8685768595479322,0.8615423212502803,1287,321,"{'Basal': 168, 'Her2': 179, 'LumA': 560, 'LumB': 380}","{'Basal': 41, 'Her2': 45, 'LumA': 140, 'LumB': 95}",4,False,0.9257950530035336,0.916083916083916,0.9357142857142857,0.8808290155440415,0.8673469387755102,0.8947368421052632,0.7294117647058823,0.775,0.6888888888888889,0.9382716049382716,0.95,0.926829268292683,1047
classification,MissForest,EnsembleSoft,0.05,0,5,0.8725302481961179,0.8471348826611985,1287,321,"{'Basal': 167, 'Her2': 180, 'LumA': 560, 'LumB': 380}","{'Basal': 42, 'Her2': 44, 'LumA': 140, 'LumB': 95}",4,False,0.9152542372881356,0.8709677419354839,0.9642857142857143,0.875,0.865979381443299,0.8842105263157894,0.7631578947368421,0.90625,0.6590909090909091,0.9367088607594937,1.0,0.8809523809523809,1047
classification,SimpleMean,EnsembleSoft,0.05,1,1,0.8762105165570023,0.8722535505430242,1286,322,"{'Basal': 167, 'Her2': 179, 'LumA': 560, 'LumB': 380}","{'Basal': 42, 'Her2': 45, 'LumA': 140, 'LumB': 95}",4,False,0.8962962962962963,0.9307692307692308,0.8642857142857143,0.8627450980392157,0.8073394495412844,0.9263157894736842,0.851063829787234,0.8163265306122449,0.8888888888888888,0.8947368421052632,1.0,0.8095238095238095,1048
classification,SimpleMean,EnsembleSoft,0.05,1,2,0.8985124802843867,0.8866228070175439,1286,322,"{'Basal': 167, 'Her2': 179, 'LumA': 560, 'LumB': 380}","{'Basal': 42, 'Her2': 45, 'LumA': 140, 'LumB': 95}",4,False,0.9351535836177475,0.8954248366013072,0.9785714285714285,0.8961748633879781,0.9318181818181818,0.8631578947368421,0.8470588235294118,0.9,0.8,0.9156626506024096,0.926829268292683,0.9047619047619048,1048
classification,SimpleMean,EnsembleSoft,0.05,1,3,0.8835796282646937,0.8821532999164579,1286,322,"{'Basal': 167, 'Her2': 179, 'LumA': 560, 'LumB': 380}","{'Basal': 42, 'Her2': 45, 'LumA': 140, 'LumB': 95}",4,False,0.9225352112676056,0.9097222222222222,0.9357142857142857,0.8648648648648649,0.8888888888888888,0.8421052631578947,0.7956989247311828,0.7708333333333334,0.8222222222222222,0.9512195121951219,0.975,0.9285714285714286,1048
classification,SimpleMean,EnsembleSoft,0.05,1,4,0.8861980369645752,0.8808405668643153,1287,321,"{'Basal': 168, 'Her2': 179, 'LumA': 560, 'LumB': 380}","{'Basal': 41, 'Her2': 45, 'LumA': 140, 'LumB': 95}",4,False,0.9290780141843972,0.9225352112676056,0.9357142857142857,0.8958333333333334,0.8865979381443299,0.9052631578947369,0.7816091954022989,0.8095238095238095,0.7555555555555555,0.9382716049382716,0.95,0.926829268292683,1048
classification,SimpleMean,EnsembleSoft,0.05,1,5,0.8718314144296353,0.8519708361813625,1287,321,"{'Basal': 167, 'Her2': 180, 'LumA': 560, 'LumB': 380}","{'Basal': 42, 'Her2': 44, 'LumA': 140, 'LumB': 95}",4,False,0.9315068493150684,0.8947368421052632,0.9714285714285714,0.8691099476439791,0.8645833333333334,0.8736842105263158,0.75,0.8333333333333334,0.6818181818181818,0.9367088607594937,1.0,0.8809523809523809,1048
classification,"KNN(k=5,dist)",EnsembleSoft,0.05,1,1,0.8784304019018576,0.8748851294903925,1286,322,"{'Basal': 167, 'Her2': 179, 'LumA': 560, 'LumB': 380}","{'Basal': 42, 'Her2': 45, 'LumA': 140, 'LumB': 95}",4,False,0.8996282527881041,0.937984496124031,0.8642857142857143,0.8682926829268293,0.8090909090909091,0.9368421052631579,0.851063829787234,0.8163265306122449,0.8888888888888888,0.8947368421052632,1.0,0.8095238095238095,1048
classification,"KNN(k=5,dist)",EnsembleSoft,0.05,1,2,0.8966363668793672,0.884638680033417,1286,322,"{'Basal': 167, 'Her2': 179, 'LumA': 560, 'LumB': 380}","{'Basal': 42, 'Her2': 45, 'LumA': 140, 'LumB': 95}",4,False,0.9423728813559322,0.896774193548387,0.9928571428571429,0.9060773480662984,0.9534883720930233,0.8631578947368421,0.8333333333333334,0.8974358974358975,0.7777777777777778,0.9047619047619048,0.9047619047619048,0.9047619047619048,1048
classification,"KNN(k=5,dist)",EnsembleSoft,0.05,1,3,0.891021063659673,0.8898913951545531,1286,322,"{'Basal': 167, 'Her2': 179, 'LumA': 560, 'LumB': 380}","{'Basal': 42, 'Her2': 45, 'LumA': 140, 'LumB': 95}",4,False,0.9263157894736842,0.9103448275862069,0.9428571428571428,0.8695652173913043,0.898876404494382,0.8421052631578947,0.8043478260869565,0.7872340425531915,0.8222222222222222,0.963855421686747,0.975609756097561,0.9523809523809523,1048
classification,"KNN(k=5,dist)",EnsembleSoft,0.05,1,4,0.8900262026231018,0.8843180104733379,1287,321,"{'Basal': 168, 'Her2': 179, 'LumA': 560, 'LumB': 380}","{'Basal': 41, 'Her2': 45, 'LumA': 140, 'LumB': 95}",4,False,0.9285714285714286,0.9285714285714286,0.9285714285714286,0.9025641025641026,0.88,0.9263157894736842,0.7906976744186046,0.8292682926829268,0.7555555555555555,0.9382716049382716,0.95,0.926829268292683,1048
classification,"KNN(k=5,dist)",EnsembleSoft,0.05,1,5,0.8763957814971425,0.8546024151287309,1287,321,"{'Basal': 167, 'Her2': 180, 'LumA': 560, 'LumB': 380}","{'Basal': 42, 'Her2': 44, 'LumA': 140, 'LumB': 95}",4,False,0.9251700680272109,0.8831168831168831,0.9714285714285714,0.8842105263157894,0.8842105263157894,0.8842105263157894,0.759493670886076,0.8571428571428571,0.6818181818181818,0.9367088607594937,1.0,0.8809523809523809,1048
classification,RFECA_SVR(k=5),EnsembleSoft,0.05,1,1,0.8846883741466829,0.8802422723475354,1286,322,"{'Basal': 167, 'Her2': 179, 'LumA': 560, 'LumB': 380}","{'Basal': 42, 'Her2': 45, 'LumA': 140, 'LumB': 95}",4,False,0.9117647058823529,0.9393939393939394,0.8857142857142857,0.8811881188118812,0.8317757009345794,0.9368421052631579,0.851063829787234,0.8163265306122449,0.8888888888888888,0.8947368421052632,1.0,0.8095238095238095,1048
classification,RFECA_SVR(k=5),EnsembleSoft,0.05,1,2,0.8977010570763186,0.8828529657477027,1286,322,"{'Basal': 167, 'Her2': 179, 'LumA': 560, 'LumB': 380}","{'Basal': 42, 'Her2': 45, 'LumA': 140, 'LumB': 95}",4,False,0.9355932203389831,0.8903225806451613,0.9857142857142858,0.8961748633879781,0.9318181818181818,0.8631578947368421,0.8433734939759037,0.9210526315789473,0.7777777777777778,0.9156626506024096,0.926829268292683,0.9047619047619048,1048
classification,RFECA_SVR(k=5),EnsembleSoft,0.05,1,3,0.8836707433605631,0.879030910609858,1286,322,"{'Basal': 167, 'Her2': 179, 'LumA': 560, 'LumB': 380}","{'Basal': 42, 'Her2': 45, 'LumA': 140, 'LumB': 95}",4,False,0.9337979094076655,0.9115646258503401,0.9571428571428572,0.8804347826086957,0.9101123595505618,0.8526315789473684,0.7692307692307693,0.7608695652173914,0.7777777777777778,0.9512195121951219,0.975,0.9285714285714286,1048
classification,RFECA_SVR(k=5),EnsembleSoft,0.05,1,4,0.8837625417640822,0.879054852578601,1287,321,"{'Basal': 168, 'Her2': 179, 'LumA': 560, 'LumB': 380}","{'Basal': 41, 'Her2': 45, 'LumA': 140, 'LumB': 95}",4,False,0.9285714285714286,0.9285714285714286,0.9285714285714286,0.8865979381443299,0.8686868686868687,0.9052631578947369,0.7816091954022989,0.8095238095238095,0.7555555555555555,0.9382716049382716,0.95,0.926829268292683,1048
classification,RFECA_SVR(k=5),EnsembleSoft,0.05,1,5,0.8740131281940156,0.855291638186375,1287,321,"{'Basal': 167, 'Her2': 180, 'LumA': 560, 'LumB': 380}","{'Basal': 42, 'Her2': 44, 'LumA': 140, 'LumB': 95}",4,False,0.9283276450511946,0.8888888888888888,0.9714285714285714,0.8677248677248677,0.8723404255319149,0.8631578947368421,0.75,0.8333333333333334,0.6818181818181818,0.95,1.0,0.9047619047619048,1048
classification,RFECA_SVR(k=10),EnsembleSoft,0.05,1,1,0.8825992600059166,0.8784565580618211,1286,322,"{'Basal': 167, 'Her2': 179, 'LumA': 560, 'LumB': 380}","{'Basal': 42, 'Her2': 45, 'LumA': 140, 'LumB': 95}",4,False,0.9077490774907749,0.9389312977099237,0.8785714285714286,0.8768472906403941,0.8240740740740741,0.9368421052631579,0.851063829787234,0.8163265306122449,0.8888888888888888,0.8947368421052632,1.0,0.8095238095238095,1048
classification,RFECA_SVR(k=10),EnsembleSoft,0.05,1,2,0.8903186853981628,0.8784356725146198,1286,322,"{'Basal': 167, 'Her2': 179, 'LumA': 560, 'LumB': 380}","{'Basal': 42, 'Her2': 45, 'LumA': 140, 'LumB': 95}",4,False,0.9319727891156463,0.8896103896103896,0.9785714285714285,0.8901098901098901,0.9310344827586207,0.8526315789473684,0.8235294117647058,0.875,0.7777777777777778,0.9156626506024096,0.926829268292683,0.9047619047619048,1048
classification,RFECA_SVR(k=10),EnsembleSoft,0.05,1,3,0.8896975541553854,0.8861215538847118,1286,322,"{'Basal': 167, 'Her2': 179, 'LumA': 560, 'LumB': 380}","{'Basal': 42, 'Her2': 45, 'LumA': 140, 'LumB': 95}",4,False,0.9300699300699301,0.910958904109589,0.95,0.8648648648648649,0.8888888888888888,0.8421052631578947,0.8,0.8,0.8,0.963855421686747,0.975609756097561,0.9523809523809523,1048
classification,RFECA_SVR(k=10),EnsembleSoft,0.05,1,4,0.8905813763988879,0.8826262811500296,1287,321,"{'Basal': 168, 'Her2': 179, 'LumA': 560, 'LumB': 380}","{'Basal': 41, 'Her2': 45, 'LumA': 140, 'LumB': 95}",4,False,0.9328621908127208,0.9230769230769231,0.9428571428571428,0.8911917098445595,0.8775510204081632,0.9052631578947369,0.8,0.85,0.7555555555555555,0.9382716049382716,0.95,0.926829268292683,1048
classification,RFECA_SVR(k=10),EnsembleSoft,0.05,1,5,0.8791670904814857,0.8579232171337434,1287,321,"{'Basal': 167, 'Her2': 180, 'LumA': 560, 'LumB': 380}","{'Basal': 42, 'Her2': 44, 'LumA': 140, 'LumB': 95}",4,False,0.9283276450511946,0.8888888888888888,0.9714285714285714,0.8691099476439791,0.8645833333333334,0.8736842105263158,0.7692307692307693,0.8823529411764706,0.6818181818181818,0.95,1.0,0.9047619047619048,1048
classification,RFECA_SVR(k=20),EnsembleSoft,0.05,1,1,0.8841760950150532,0.8793024227234753,1286,322,"{'Basal': 167, 'Her2': 179, 'LumA': 560, 'LumB': 380}","{'Basal': 42, 'Her2': 45, 'LumA': 140, 'LumB': 95}",4,False,0.9037037037037037,0.9384615384615385,0.8714285714285714,0.8780487804878049,0.8181818181818182,0.9473684210526315,0.8602150537634409,0.8333333333333334,0.8888888888888888,0.8947368421052632,1.0,0.8095238095238095,1048
classification,RFECA_SVR(k=20),EnsembleSoft,0.05,1,2,0.8879958805604089,0.8758040935672514,1286,322,"{'Basal': 167, 'Her2': 179, 'LumA': 560, 'LumB': 380}","{'Basal': 42, 'Her2': 45, 'LumA': 140, 'LumB': 95}",4,False,0.9288135593220339,0.8838709677419355,0.9785714285714285,0.8839779005524862,0.9302325581395349,0.8421052631578947,0.8235294117647058,0.875,0.7777777777777778,0.9156626506024096,0.926829268292683,0.9047619047619048,1048
classification,RFECA_SVR(k=20),EnsembleSoft,0.05,1,3,0.8872587624729654,0.8823517126148706,1286,322,"{'Basal': 167, 'Her2': 179, 'LumA': 560, 'LumB': 380}","{'Basal': 42, 'Her2': 45, 'LumA': 140, 'LumB': 95}",4,False,0.9337979094076655,0.9115646258503401,0.9571428571428572,0.8648648648648649,0.8888888888888888,0.8421052631578947,0.7865168539325843,0.7954545454545454,0.7777777777777778,0.963855421686747,0.975609756097561,0.9523809523809523,1048
classification,RFECA_SVR(k=20),EnsembleSoft,0.05,1,4,0.8890828004918483,0.8826262811500296,1287,321,"{'Basal': 168, 'Her2': 179, 'LumA': 560, 'LumB': 380}","{'Basal': 41, 'Her2': 45, 'LumA': 140, 'LumB': 95}",4,False,0.9361702127659575,0.9295774647887324,0.9428571428571428,0.8911917098445595,0.8775510204081632,0.9052631578947369,0.7906976744186046,0.8292682926829268,0.7555555555555555,0.9382716049382716,0.95,0.926829268292683,1048
classification,RFECA_SVR(k=20),EnsembleSoft,0.05,1,5,0.8792477662411535,0.8575045568466622,1287,321,"{'Basal': 167, 'Her2': 180, 'LumA': 560, 'LumB': 380}","{'Basal': 42, 'Her2': 44, 'LumA': 140, 'LumB': 95}",4,False,0.9283276450511946,0.8888888888888888,0.9714285714285714,0.8854166666666666,0.8762886597938144,0.8947368421052632,0.7532467532467533,0.8787878787878788,0.6590909090909091,0.95,1.0,0.9047619047619048,1048
classification,MissForest,EnsembleSoft,0.05,1,1,0.8825992600059166,0.8784565580618211,1286,322,"{'Basal': 167, 'Her2': 179, 'LumA': 560, 'LumB': 380}","{'Basal': 42, 'Her2': 45, 'LumA': 140, 'LumB': 95}",4,False,0.9077490774907749,0.9389312977099237,0.8785714285714286,0.8768472906403941,0.8240740740740741,0.9368421052631579,0.851063829787234,0.8163265306122449,0.8888888888888888,0.8947368421052632,1.0,0.8095238095238095,1048
classification,MissForest,EnsembleSoft,0.05,1,2,0.8848942677846332,0.8758040935672514,1286,322,"{'Basal': 167, 'Her2': 179, 'LumA': 560, 'LumB': 380}","{'Basal': 42, 'Her2': 45, 'LumA': 140, 'LumB': 95}",4,False,0.9319727891156463,0.8896103896103896,0.9785714285714285,0.8888888888888888,0.9411764705882353,0.8421052631578947,0.813953488372093,0.8536585365853658,0.7777777777777778,0.9047619047619048,0.9047619047619048,0.9047619047619048,1048
classification,MissForest,EnsembleSoft,0.05,1,3,0.89414850860634,0.8905388471177945,1286,322,"{'Basal': 167, 'Her2': 179, 'LumA': 560, 'LumB': 380}","{'Basal': 42, 'Her2': 45, 'LumA': 140, 'LumB': 95}",4,False,0.9370629370629371,0.9178082191780822,0.9571428571428572,0.8756756756756757,0.9,0.8526315789473684,0.8,0.8,0.8,0.963855421686747,0.975609756097561,0.9523809523809523,1048
classification,MissForest,EnsembleSoft,0.05,1,4,0.8890828004918483,0.8826262811500296,1287,321,"{'Basal': 168, 'Her2': 179, 'LumA': 560, 'LumB': 380}","{'Basal': 41, 'Her2': 45, 'LumA': 140, 'LumB': 95}",4,False,0.9361702127659575,0.9295774647887324,0.9428571428571428,0.8911917098445595,0.8775510204081632,0.9052631578947369,0.7906976744186046,0.8292682926829268,0.7555555555555555,0.9382716049382716,0.95,0.926829268292683,1048
classification,MissForest,EnsembleSoft,0.05,1,5,0.8825383891061858,0.8605547960811119,1287,321,"{'Basal': 167, 'Her2': 180, 'LumA': 560, 'LumB': 380}","{'Basal': 42, 'Her2': 44, 'LumA': 140, 'LumB': 95}",4,False,0.9220338983050848,0.8774193548387097,0.9714285714285714,0.8888888888888888,0.8936170212765957,0.8842105263157894,0.7692307692307693,0.8823529411764706,0.6818181818181818,0.95,1.0,0.9047619047619048,1048
classification,SimpleMean,EnsembleSoft,0.05,2,1,0.8652300287405962,0.8638680033416875,1286,322,"{'Basal': 167, 'Her2': 179, 'LumA': 560, 'LumB': 380}","{'Basal': 42, 'Her2': 45, 'LumA': 140, 'LumB': 95}",4,False,0.9117647058823529,0.9393939393939394,0.8857142857142857,0.8743718592964824,0.8365384615384616,0.9157894736842105,0.7916666666666666,0.7450980392156863,0.8444444444444444,0.8831168831168831,0.9714285714285714,0.8095238095238095,1049
classification,SimpleMean,EnsembleSoft,0.05,2,2,0.9004776658302526,0.887562656641604,1286,322,"{'Basal': 167, 'Her2': 179, 'LumA': 560, 'LumB': 380}","{'Basal': 42, 'Her2': 45, 'LumA': 140, 'LumB': 95}",4,False,0.9391891891891891,0.8910256410256411,0.9928571428571429,0.9,0.9529411764705882,0.8526315789473684,0.8470588235294118,0.9,0.8,0.9156626506024096,0.926829268292683,0.9047619047619048,1049
classification,SimpleMean,EnsembleSoft,0.05,2,3,0.881264667597499,0.8750104427736006,1286,322,"{'Basal': 167, 'Her2': 179, 'LumA': 560, 'LumB': 380}","{'Basal': 42, 'Her2': 45, 'LumA': 140, 'LumB': 95}",4,False,0.9236111111111112,0.8986486486486487,0.95,0.8648648648648649,0.8888888888888888,0.8421052631578947,0.7727272727272727,0.7906976744186046,0.7555555555555555,0.963855421686747,0.975609756097561,0.9523809523809523,1049
classification,SimpleMean,EnsembleSoft,0.05,2,4,0.8811846312019548,0.8781035413737596,1287,321,"{'Basal': 168, 'Her2': 179, 'LumA': 560, 'LumB': 380}","{'Basal': 41, 'Her2': 45, 'LumA': 140, 'LumB': 95}",4,False,0.9181494661921709,0.9148936170212766,0.9214285714285714,0.8795811518324608,0.875,0.8842105263157894,0.7640449438202247,0.7727272727272727,0.7555555555555555,0.9629629629629629,0.975,0.9512195121951219,1049
classification,SimpleMean,EnsembleSoft,0.05,2,5,0.8679922335666174,0.8468643198906357,1287,321,"{'Basal': 167, 'Her2': 180, 'LumA': 560, 'LumB': 380}","{'Basal': 42, 'Her2': 44, 'LumA': 140, 'LumB': 95}",4,False,0.9215017064846417,0.8823529411764706,0.9642857142857143,0.8795811518324608,0.875,0.8842105263157894,0.759493670886076,0.8571428571428571,0.6818181818181818,0.9113924050632911,0.972972972972973,0.8571428571428571,1049
classification,"KNN(k=5,dist)",EnsembleSoft,0.05,2,1,0.8721453198504282,0.8702694235588972,1286,322,"{'Basal': 167, 'Her2': 179, 'LumA': 560, 'LumB': 380}","{'Basal': 42, 'Her2': 45, 'LumA': 140, 'LumB': 95}",4,False,0.9044117647058824,0.9318181818181818,0.8785714285714286,0.88,0.8380952380952381,0.9263157894736842,0.8210526315789474,0.78,0.8666666666666667,0.8831168831168831,0.9714285714285714,0.8095238095238095,1049
classification,"KNN(k=5,dist)",EnsembleSoft,0.05,2,2,0.9082890361625993,0.8942564745196324,1286,322,"{'Basal': 167, 'Her2': 179, 'LumA': 560, 'LumB': 380}","{'Basal': 42, 'Her2': 45, 'LumA': 140, 'LumB': 95}",4,False,0.9324324324324325,0.8846153846153846,0.9857142857142858,0.8888888888888888,0.9411764705882353,0.8421052631578947,0.8735632183908046,0.9047619047619048,0.8444444444444444,0.9382716049382716,0.9743589743589743,0.9047619047619048,1049
classification,"KNN(k=5,dist)",EnsembleSoft,0.05,2,3,0.8801578518260049,0.8740705931495405,1286,322,"{'Basal': 167, 'Her2': 179, 'LumA': 560, 'LumB': 380}","{'Basal': 42, 'Her2': 45, 'LumA': 140, 'LumB': 95}",4,False,0.9225352112676056,0.9097222222222222,0.9357142857142857,0.8526315789473684,0.8526315789473684,0.8526315789473684,0.7816091954022989,0.8095238095238095,0.7555555555555555,0.963855421686747,0.975609756097561,0.9523809523809523,1049
classification,"KNN(k=5,dist)",EnsembleSoft,0.05,2,4,0.8871508287901291,0.8837645434725024,1287,321,"{'Basal': 168, 'Her2': 179, 'LumA': 560, 'LumB': 380}","{'Basal': 41, 'Her2': 45, 'LumA': 140, 'LumB': 95}",4,False,0.9290780141843972,0.9225352112676056,0.9357142857142857,0.8947368421052632,0.8947368421052632,0.8947368421052632,0.7865168539325843,0.7954545454545454,0.7777777777777778,0.9382716049382716,0.95,0.926829268292683,1049
classification,"KNN(k=5,dist)",EnsembleSoft,0.05,2,5,0.868705936768764,0.8429682159945318,1287,321,"{'Basal': 167, 'Her2': 180, 'LumA': 560, 'LumB': 380}","{'Basal': 42, 'Her2': 44, 'LumA': 140, 'LumB': 95}",4,False,0.918918918918919,0.8717948717948718,0.9714285714285714,0.8795811518324608,0.875,0.8842105263157894,0.7532467532467533,0.8787878787878788,0.6590909090909091,0.9230769230769231,1.0,0.8571428571428571,1049
classification,RFECA_SVR(k=5),EnsembleSoft,0.05,2,1,0.861841083405539,0.8602965747702589,1286,322,"{'Basal': 167, 'Her2': 179, 'LumA': 560, 'LumB': 380}","{'Basal': 42, 'Her2': 45, 'LumA': 140, 'LumB': 95}",4,False,0.8970588235294118,0.9242424242424242,0.8714285714285714,0.87,0.8285714285714286,0.9157894736842105,0.8085106382978723,0.7755102040816326,0.8444444444444444,0.8717948717948718,0.9444444444444444,0.8095238095238095,1049
classification,RFECA_SVR(k=5),EnsembleSoft,0.05,2,2,0.8977766956442713,0.8839912280701755,1286,322,"{'Basal': 167, 'Her2': 179, 'LumA': 560, 'LumB': 380}","{'Basal': 42, 'Her2': 45, 'LumA': 140, 'LumB': 95}",4,False,0.9319727891156463,0.8896103896103896,0.9785714285714285,0.8852459016393442,0.9204545454545454,0.8526315789473684,0.8470588235294118,0.9,0.8,0.926829268292683,0.95,0.9047619047619048,1049
classification,RFECA_SVR(k=5),EnsembleSoft,0.05,2,3,0.8836524036366279,0.8796261487050961,1286,322,"{'Basal': 167, 'Her2': 179, 'LumA': 560, 'LumB': 380}","{'Basal': 42, 'Her2': 45, 'LumA': 140, 'LumB': 95}",4,False,0.9225352112676056,0.9097222222222222,0.9357142857142857,0.8617021276595744,0.8709677419354839,0.8526315789473684,0.7865168539325843,0.7954545454545454,0.7777777777777778,0.963855421686747,0.975609756097561,0.9523809523809523,1049
classification,RFECA_SVR(k=5),EnsembleSoft,0.05,2,4,0.867614454737087,0.86466471055688,1287,321,"{'Basal': 168, 'Her2': 179, 'LumA': 560, 'LumB': 380}","{'Basal': 41, 'Her2': 45, 'LumA': 140, 'LumB': 95}",4,False,0.9110320284697508,0.9078014184397163,0.9142857142857143,0.8795811518324608,0.875,0.8842105263157894,0.7415730337078652,0.75,0.7333333333333333,0.9382716049382716,0.95,0.926829268292683,1049
classification,RFECA_SVR(k=5),EnsembleSoft,0.05,2,5,0.8622343985948504,0.8406071998177261,1287,321,"{'Basal': 167, 'Her2': 180, 'LumA': 560, 'LumB': 380}","{'Basal': 42, 'Her2': 44, 'LumA': 140, 'LumB': 95}",4,False,0.9251700680272109,0.8831168831168831,0.9714285714285714,0.8691099476439791,0.8645833333333334,0.8736842105263158,0.717948717948718,0.8235294117647058,0.6363636363636364,0.9367088607594937,1.0,0.8809523809523809,1049
classification,RFECA_SVR(k=10),EnsembleSoft,0.05,2,1,0.8595835523793512,0.8569757727652465,1286,322,"{'Basal': 167, 'Her2': 179, 'LumA': 560, 'LumB': 380}","{'Basal': 42, 'Her2': 45, 'LumA': 140, 'LumB': 95}",4,False,0.8970588235294118,0.9242424242424242,0.8714285714285714,0.8756218905472637,0.8301886792452831,0.9263157894736842,0.8085106382978723,0.7755102040816326,0.8444444444444444,0.8571428571428571,0.9428571428571428,0.7857142857142857,1049
classification,RFECA_SVR(k=10),EnsembleSoft,0.05,2,2,0.9039350522906253,0.8884085213032582,1286,322,"{'Basal': 167, 'Her2': 179, 'LumA': 560, 'LumB': 380}","{'Basal': 42, 'Her2': 45, 'LumA': 140, 'LumB': 95}",4,False,0.9355932203389831,0.8903225806451613,0.9857142857142858,0.8961748633879781,0.9318181818181818,0.8631578947368421,0.8571428571428571,0.9230769230769231,0.8,0.926829268292683,0.95,0.9047619047619048,1049
classification,RFECA_SVR(k=10),EnsembleSoft,0.05,2,3,0.8830757595887619,0.878780284043442,1286,322,"{'Basal': 167, 'Her2': 179, 'LumA': 560, 'LumB': 380}","{'Basal': 42, 'Her2': 45, 'LumA': 140, 'LumB': 95}",4,False,0.9263157894736842,0.9103448275862069,0.9428571428571428,0.8556149732620321,0.8695652173913043,0.8421052631578947,0.7865168539325843,0.7954545454545454,0.7777777777777778,0.963855421686747,0.975609756097561,0.9523809523809523,1049
classification,RFECA_SVR(k=10),EnsembleSoft,0.05,2,4,0.886452841702631,0.8802870998634799,1287,321,"{'Basal': 168, 'Her2': 179, 'LumA': 560, 'LumB': 380}","{'Basal': 41, 'Her2': 45, 'LumA': 140, 'LumB': 95}",4,False,0.9263157894736842,0.9103448275862069,0.9428571428571428,0.8829787234042553,0.8924731182795699,0.8736842105263158,0.7865168539325843,0.7954545454545454,0.7777777777777778,0.95,0.9743589743589743,0.926829268292683,1049
classification,RFECA_SVR(k=10),EnsembleSoft,0.05,2,5,0.8696987182082556,0.8489205969469128,1287,321,"{'Basal': 167, 'Her2': 180, 'LumA': 560, 'LumB': 380}","{'Basal': 42, 'Her2': 44, 'LumA': 140, 'LumB': 95}",4,False,0.9283276450511946,0.8888888888888888,0.9714285714285714,0.8795811518324608,0.875,0.8842105263157894,0.7341772151898734,0.8285714285714286,0.6590909090909091,0.9367088607594937,1.0,0.8809523809523809,1049
classification,RFECA_SVR(k=20),EnsembleSoft,0.05,2,1,0.8552969335290808,0.851420217209691,1286,322,"{'Basal': 167, 'Her2': 179, 'LumA': 560, 'LumB': 380}","{'Basal': 42, 'Her2': 45, 'LumA': 140, 'LumB': 95}",4,False,0.8970588235294118,0.9242424242424242,0.8714285714285714,0.8712871287128713,0.822429906542056,0.9263157894736842,0.7956989247311828,0.7708333333333334,0.8222222222222222,0.8571428571428571,0.9428571428571428,0.7857142857142857,1049
classification,RFECA_SVR(k=20),EnsembleSoft,0.05,2,2,0.906230387170775,0.8910401002506266,1286,322,"{'Basal': 167, 'Her2': 179, 'LumA': 560, 'LumB': 380}","{'Basal': 42, 'Her2': 45, 'LumA': 140, 'LumB': 95}",4,False,0.9387755102040817,0.8961038961038961,0.9857142857142858,0.9021739130434783,0.9325842696629213,0.8736842105263158,0.8571428571428571,0.9230769230769231,0.8,0.926829268292683,0.95,0.9047619047619048,1049
classification,RFECA_SVR(k=20),EnsembleSoft,0.05,2,3,0.8836524036366279,0.8796261487050961,1286,322,"{'Basal': 167, 'Her2': 179, 'LumA': 560, 'LumB': 380}","{'Basal': 42, 'Her2': 45, 'LumA': 140, 'LumB': 95}",4,False,0.9225352112676056,0.9097222222222222,0.9357142857142857,0.8617021276595744,0.8709677419354839,0.8526315789473684,0.7865168539325843,0.7954545454545454,0.7777777777777778,0.963855421686747,0.975609756097561,0.9523809523809523,1049
classification,RFECA_SVR(k=20),EnsembleSoft,0.05,2,4,0.8820258693908167,0.8755774089695785,1287,321,"{'Basal': 168, 'Her2': 179, 'LumA': 560, 'LumB': 380}","{'Basal': 41, 'Her2': 45, 'LumA': 140, 'LumB': 95}",4,False,0.9257950530035336,0.916083916083916,0.9357142857142857,0.8795811518324608,0.875,0.8842105263157894,0.7727272727272727,0.7906976744186046,0.7555555555555555,0.95,0.9743589743589743,0.926829268292683,1049
classification,RFECA_SVR(k=20),EnsembleSoft,0.05,2,5,0.8741358270643832,0.8519708361813625,1287,321,"{'Basal': 167, 'Her2': 180, 'LumA': 560, 'LumB': 380}","{'Basal': 42, 'Her2': 44, 'LumA': 140, 'LumB': 95}",4,False,0.9220338983050848,0.8774193548387097,0.9714285714285714,0.8783068783068783,0.8829787234042553,0.8736842105263158,0.759493670886076,0.8571428571428571,0.6818181818181818,0.9367088607594937,1.0,0.8809523809523809,1049
classification,MissForest,EnsembleSoft,0.05,2,1,0.8656518133569218,0.8643170426065163,1286,322,"{'Basal': 167, 'Her2': 179, 'LumA': 560, 'LumB': 380}","{'Basal': 42, 'Her2': 45, 'LumA': 140, 'LumB': 95}",4,False,0.9044117647058824,0.9318181818181818,0.8785714285714286,0.88,0.8380952380952381,0.9263157894736842,0.8210526315789474,0.78,0.8666666666666667,0.8571428571428571,0.9428571428571428,0.7857142857142857,1049
classification,MissForest,EnsembleSoft,0.05,2,2,0.9067921989686838,0.8939640768588137,1286,322,"{'Basal': 167, 'Her2': 179, 'LumA': 560, 'LumB': 380}","{'Basal': 42, 'Her2': 45, 'LumA': 140, 'LumB': 95}",4,False,0.9387755102040817,0.8961038961038961,0.9857142857142858,0.9010989010989011,0.9425287356321839,0.8631578947368421,0.8604651162790697,0.9024390243902439,0.8222222222222222,0.926829268292683,0.95,0.9047619047619048,1049
classification,MissForest,EnsembleSoft,0.05,2,3,0.88817519834554,0.8851817042606517,1286,322,"{'Basal': 167, 'Her2': 179, 'LumA': 560, 'LumB': 380}","{'Basal': 42, 'Her2': 45, 'LumA': 140, 'LumB': 95}",4,False,0.9225352112676056,0.9097222222222222,0.9357142857142857,0.8663101604278075,0.8804347826086957,0.8526315789473684,0.8,0.8,0.8,0.963855421686747,0.975609756097561,0.9523809523809523,1049
classification,MissForest,EnsembleSoft,0.05,2,4,0.891183632225732,0.8863961224198709,1287,321,"{'Basal': 168, 'Her2': 179, 'LumA': 560, 'LumB': 380}","{'Basal': 41, 'Her2': 45, 'LumA': 140, 'LumB': 95}",4,False,0.9323843416370107,0.9290780141843972,0.9357142857142857,0.8958333333333334,0.8865979381443299,0.9052631578947369,0.7865168539325843,0.7954545454545454,0.7777777777777778,0.95,0.9743589743589743,0.926829268292683,1049
classification,MissForest,EnsembleSoft,0.05,2,5,0.8720142859384039,0.8494958988380041,1287,321,"{'Basal': 167, 'Her2': 180, 'LumA': 560, 'LumB': 380}","{'Basal': 42, 'Her2': 44, 'LumA': 140, 'LumB': 95}",4,False,0.9246575342465754,0.8881578947368421,0.9642857142857143,0.8808290155440415,0.8673469387755102,0.8947368421052632,0.759493670886076,0.8571428571428571,0.6818181818181818,0.9230769230769231,1.0,0.8571428571428571,1049
classification,SimpleMean,EnsembleSoft,0.05,3,1,0.8817370706248093,0.8766708437761068,1286,322,"{'Basal': 167, 'Her2': 179, 'LumA': 560, 'LumB': 380}","{'Basal': 42, 'Her2': 45, 'LumA': 140, 'LumB': 95}",4,False,0.9037037037037037,0.9384615384615385,0.8714285714285714,0.8682926829268293,0.8090909090909091,0.9368421052631579,0.8602150537634409,0.8333333333333334,0.8888888888888888,0.8947368421052632,1.0,0.8095238095238095,1050
classification,SimpleMean,EnsembleSoft,0.05,3,2,0.908688795048797,0.8981307435254804,1286,322,"{'Basal': 167, 'Her2': 179, 'LumA': 560, 'LumB': 380}","{'Basal': 42, 'Her2': 45, 'LumA': 140, 'LumB': 95}",4,False,0.9383561643835616,0.9013157894736842,0.9785714285714285,0.8961748633879781,0.9318181818181818,0.8631578947368421,0.8604651162790697,0.9024390243902439,0.8222222222222222,0.9397590361445783,0.9512195121951219,0.9285714285714286,1050
classification,SimpleMean,EnsembleSoft,0.05,3,3,0.8889023549049386,0.886967418546366,1286,322,"{'Basal': 167, 'Her2': 179, 'LumA': 560, 'LumB': 380}","{'Basal': 42, 'Her2': 45, 'LumA': 140, 'LumB': 95}",4,False,0.9295774647887324,0.9166666666666666,0.9428571428571428,0.8709677419354839,0.8901098901098901,0.8526315789473684,0.7912087912087912,0.782608695652174,0.8,0.963855421686747,0.975609756097561,0.9523809523809523,1050
classification,SimpleMean,EnsembleSoft,0.05,3,4,0.8717542313457882,0.8682361391283087,1287,321,"{'Basal': 168, 'Her2': 179, 'LumA': 560, 'LumB': 380}","{'Basal': 41, 'Her2': 45, 'LumA': 140, 'LumB': 95}",4,False,0.9219858156028369,0.9154929577464789,0.9285714285714286,0.8795811518324608,0.875,0.8842105263157894,0.7586206896551724,0.7857142857142857,0.7333333333333333,0.926829268292683,0.926829268292683,0.926829268292683,1050
classification,SimpleMean,EnsembleSoft,0.05,3,5,0.8823262425360028,0.861400660742766,1287,321,"{'Basal': 167, 'Her2': 180, 'LumA': 560, 'LumB': 380}","{'Basal': 42, 'Her2': 44, 'LumA': 140, 'LumB': 95}",4,False,0.9246575342465754,0.8881578947368421,0.9642857142857143,0.8854166666666666,0.8762886597938144,0.8947368421052632,0.7692307692307693,0.8823529411764706,0.6818181818181818,0.95,1.0,0.9047619047619048,1050
classification,"KNN(k=5,dist)",EnsembleSoft,0.05,3,1,0.8749211838950015,0.8712092731829575,1286,322,"{'Basal': 167, 'Her2': 179, 'LumA': 560, 'LumB': 380}","{'Basal': 42, 'Her2': 45, 'LumA': 140, 'LumB': 95}",4,False,0.9124087591240876,0.9328358208955224,0.8928571428571429,0.8743718592964824,0.8365384615384616,0.9157894736842105,0.8297872340425532,0.7959183673469388,0.8666666666666667,0.8831168831168831,0.9714285714285714,0.8095238095238095,1050
classification,"KNN(k=5,dist)",EnsembleSoft,0.05,3,2,0.8985124802843867,0.8866228070175439,1286,322,"{'Basal': 167, 'Her2': 179, 'LumA': 560, 'LumB': 380}","{'Basal': 42, 'Her2': 45, 'LumA': 140, 'LumB': 95}",4,False,0.9351535836177475,0.8954248366013072,0.9785714285714285,0.8961748633879781,0.9318181818181818,0.8631578947368421,0.8470588235294118,0.9,0.8,0.9156626506024096,0.926829268292683,0.9047619047619048,1050
classification,"KNN(k=5,dist)",EnsembleSoft,0.05,3,3,0.8953440054752074,0.8933688387635756,1286,322,"{'Basal': 167, 'Her2': 179, 'LumA': 560, 'LumB': 380}","{'Basal': 42, 'Her2': 45, 'LumA': 140, 'LumB': 95}",4,False,0.9290780141843972,0.9225352112676056,0.9357142857142857,0.8723404255319149,0.8817204301075269,0.8631578947368421,0.8043478260869565,0.7872340425531915,0.8222222222222222,0.975609756097561,1.0,0.9523809523809523,1050
classification,"KNN(k=5,dist)",EnsembleSoft,0.05,3,4,0.8739475615493981,0.8662520121441817,1287,321,"{'Basal': 168, 'Her2': 179, 'LumA': 560, 'LumB': 380}","{'Basal': 41, 'Her2': 45, 'LumA': 140, 'LumB': 95}",4,False,0.9295774647887324,0.9166666666666666,0.9428571428571428,0.875,0.865979381443299,0.8842105263157894,0.7529411764705882,0.8,0.7111111111111111,0.9382716049382716,0.95,0.926829268292683,1050
classification,"KNN(k=5,dist)",EnsembleSoft,0.05,3,5,0.8752172136584129,0.8533378901799955,1287,321,"{'Basal': 167, 'Her2': 180, 'LumA': 560, 'LumB': 380}","{'Basal': 42, 'Her2': 44, 'LumA': 140, 'LumB': 95}",4,False,0.9351535836177475,0.8954248366013072,0.9785714285714285,0.8854166666666666,0.8762886597938144,0.8947368421052632,0.7435897435897436,0.8529411764705882,0.6590909090909091,0.9367088607594937,1.0,0.8809523809523809,1050
classification,RFECA_SVR(k=5),EnsembleSoft,0.05,3,1,0.8877366414679848,0.8797932330827067,1286,322,"{'Basal': 167, 'Her2': 179, 'LumA': 560, 'LumB': 380}","{'Basal': 42, 'Her2': 45, 'LumA': 140, 'LumB': 95}",4,False,0.9090909090909091,0.9259259259259259,0.8928571428571429,0.8756218905472637,0.8301886792452831,0.9263157894736842,0.8571428571428571,0.8478260869565217,0.8666666666666667,0.9090909090909091,1.0,0.8333333333333334,1050
classification,RFECA_SVR(k=5),EnsembleSoft,0.05,3,2,0.9002672784704333,0.8874686716791981,1286,322,"{'Basal': 167, 'Her2': 179, 'LumA': 560, 'LumB': 380}","{'Basal': 42, 'Her2': 45, 'LumA': 140, 'LumB': 95}",4,False,0.9347079037800687,0.9006622516556292,0.9714285714285714,0.8924731182795699,0.9120879120879121,0.8736842105263158,0.8470588235294118,0.9,0.8,0.926829268292683,0.95,0.9047619047619048,1050
classification,RFECA_SVR(k=5),EnsembleSoft,0.05,3,3,0.8921323565251122,0.889202172096909,1286,322,"{'Basal': 167, 'Her2': 179, 'LumA': 560, 'LumB': 380}","{'Basal': 42, 'Her2': 45, 'LumA': 140, 'LumB': 95}",4,False,0.9328621908127208,0.9230769230769231,0.9428571428571428,0.8770053475935828,0.8913043478260869,0.8631578947368421,0.7956989247311828,0.7708333333333334,0.8222222222222222,0.9629629629629629,1.0,0.9285714285714286,1050
classification,RFECA_SVR(k=5),EnsembleSoft,0.05,3,4,0.8779536771993002,0.8775615359537055,1287,321,"{'Basal': 168, 'Her2': 179, 'LumA': 560, 'LumB': 380}","{'Basal': 41, 'Her2': 45, 'LumA': 140, 'LumB': 95}",4,False,0.9247311827956989,0.9280575539568345,0.9214285714285714,0.8795811518324608,0.875,0.8842105263157894,0.7692307692307693,0.7608695652173914,0.7777777777777778,0.9382716049382716,0.95,0.926829268292683,1050
classification,RFECA_SVR(k=5),EnsembleSoft,0.05,3,5,0.870480910433603,0.8471348826611985,1287,321,"{'Basal': 167, 'Her2': 180, 'LumA': 560, 'LumB': 380}","{'Basal': 42, 'Her2': 44, 'LumA': 140, 'LumB': 95}",4,False,0.9215017064846417,0.8823529411764706,0.9642857142857143,0.8704663212435233,0.8571428571428571,0.8842105263157894,0.7532467532467533,0.8787878787878788,0.6590909090909091,0.9367088607594937,1.0,0.8809523809523809,1050
classification,RFECA_SVR(k=10),EnsembleSoft,0.05,3,1,0.8862425033973748,0.881578947368421,1286,322,"{'Basal': 167, 'Her2': 179, 'LumA': 560, 'LumB': 380}","{'Basal': 42, 'Her2': 45, 'LumA': 140, 'LumB': 95}",4,False,0.9197080291970803,0.9402985074626866,0.9,0.88,0.8380952380952381,0.9263157894736842,0.8478260869565217,0.8297872340425532,0.8666666666666667,0.8974358974358975,0.9722222222222222,0.8333333333333334,1050
classification,RFECA_SVR(k=10),EnsembleSoft,0.05,3,2,0.9002672784704333,0.8874686716791981,1286,322,"{'Basal': 167, 'Her2': 179, 'LumA': 560, 'LumB': 380}","{'Basal': 42, 'Her2': 45, 'LumA': 140, 'LumB': 95}",4,False,0.9347079037800687,0.9006622516556292,0.9714285714285714,0.8924731182795699,0.9120879120879121,0.8736842105263158,0.8470588235294118,0.9,0.8,0.926829268292683,0.95,0.9047619047619048,1050
classification,RFECA_SVR(k=10),EnsembleSoft,0.05,3,3,0.8909053573039042,0.8878132832080201,1286,322,"{'Basal': 167, 'Her2': 179, 'LumA': 560, 'LumB': 380}","{'Basal': 42, 'Her2': 45, 'LumA': 140, 'LumB': 95}",4,False,0.9290780141843972,0.9225352112676056,0.9357142857142857,0.8677248677248677,0.8723404255319149,0.8631578947368421,0.7912087912087912,0.782608695652174,0.8,0.975609756097561,1.0,0.9523809523809523,1050
classification,RFECA_SVR(k=10),EnsembleSoft,0.05,3,4,0.8755671248573595,0.8700218534140229,1287,321,"{'Basal': 168, 'Her2': 179, 'LumA': 560, 'LumB': 380}","{'Basal': 41, 'Her2': 45, 'LumA': 140, 'LumB': 95}",4,False,0.9257950530035336,0.916083916083916,0.9357142857142857,0.8795811518324608,0.875,0.8842105263157894,0.7586206896551724,0.7857142857142857,0.7333333333333333,0.9382716049382716,0.95,0.926829268292683,1050
classification,RFECA_SVR(k=10),EnsembleSoft,0.05,3,5,0.8730715840087325,0.849766461608567,1287,321,"{'Basal': 167, 'Her2': 180, 'LumA': 560, 'LumB': 380}","{'Basal': 42, 'Her2': 44, 'LumA': 140, 'LumB': 95}",4,False,0.9215017064846417,0.8823529411764706,0.9642857142857143,0.8808290155440415,0.8673469387755102,0.8947368421052632,0.7532467532467533,0.8787878787878788,0.6590909090909091,0.9367088607594937,1.0,0.8809523809523809,1050
classification,RFECA_SVR(k=20),EnsembleSoft,0.05,3,1,0.8839993700131344,0.8789473684210527,1286,322,"{'Basal': 167, 'Her2': 179, 'LumA': 560, 'LumB': 380}","{'Basal': 42, 'Her2': 45, 'LumA': 140, 'LumB': 95}",4,False,0.9163636363636364,0.9333333333333333,0.9,0.8743718592964824,0.8365384615384616,0.9157894736842105,0.8478260869565217,0.8297872340425532,0.8666666666666667,0.8974358974358975,0.9722222222222222,0.8333333333333334,1050
classification,RFECA_SVR(k=20),EnsembleSoft,0.05,3,2,0.9045103817624683,0.8910401002506266,1286,322,"{'Basal': 167, 'Her2': 179, 'LumA': 560, 'LumB': 380}","{'Basal': 42, 'Her2': 45, 'LumA': 140, 'LumB': 95}",4,False,0.9419795221843004,0.9019607843137255,0.9857142857142858,0.9021739130434783,0.9325842696629213,0.8736842105263158,0.8470588235294118,0.9,0.8,0.926829268292683,0.95,0.9047619047619048,1050
classification,RFECA_SVR(k=20),EnsembleSoft,0.05,3,3,0.9011593708753376,0.8977861319966584,1286,322,"{'Basal': 167, 'Her2': 179, 'LumA': 560, 'LumB': 380}","{'Basal': 42, 'Her2': 45, 'LumA': 140, 'LumB': 95}",4,False,0.9328621908127208,0.9230769230769231,0.9428571428571428,0.8829787234042553,0.8924731182795699,0.8736842105263158,0.8131868131868132,0.8043478260869565,0.8222222222222222,0.975609756097561,1.0,0.9523809523809523,1050
classification,RFECA_SVR(k=20),EnsembleSoft,0.05,3,4,0.8688786661938224,0.8656045601809402,1287,321,"{'Basal': 168, 'Her2': 179, 'LumA': 560, 'LumB': 380}","{'Basal': 41, 'Her2': 45, 'LumA': 140, 'LumB': 95}",4,False,0.9219858156028369,0.9154929577464789,0.9285714285714286,0.8736842105263158,0.8736842105263158,0.8736842105263158,0.7415730337078652,0.75,0.7333333333333333,0.9382716049382716,0.95,0.926829268292683,1050
classification,RFECA_SVR(k=20),EnsembleSoft,0.05,3,5,0.8639874039400964,0.8414530644793803,1287,321,"{'Basal': 167, 'Her2': 180, 'LumA': 560, 'LumB': 380}","{'Basal': 42, 'Her2': 44, 'LumA': 140, 'LumB': 95}",4,False,0.9215017064846417,0.8823529411764706,0.9642857142857143,0.8704663212435233,0.8571428571428571,0.8842105263157894,0.7272727272727273,0.8484848484848485,0.6363636363636364,0.9367088607594937,1.0,0.8809523809523809,1050
classification,MissForest,EnsembleSoft,0.05,3,1,0.8795381553394207,0.871313700918964,1286,322,"{'Basal': 167, 'Her2': 179, 'LumA': 560, 'LumB': 380}","{'Basal': 42, 'Her2': 45, 'LumA': 140, 'LumB': 95}",4,False,0.9124087591240876,0.9328358208955224,0.8928571428571429,0.8768472906403941,0.8240740740740741,0.9368421052631579,0.8314606741573034,0.8409090909090909,0.8222222222222222,0.8974358974358975,0.9722222222222222,0.8333333333333334,1050
classification,MissForest,EnsembleSoft,0.05,3,2,0.9023853883757385,0.8892543859649124,1286,322,"{'Basal': 167, 'Her2': 179, 'LumA': 560, 'LumB': 380}","{'Basal': 42, 'Her2': 45, 'LumA': 140, 'LumB': 95}",4,False,0.9383561643835616,0.9013157894736842,0.9785714285714285,0.8972972972972973,0.9222222222222223,0.8736842105263158,0.8470588235294118,0.9,0.8,0.926829268292683,0.95,0.9047619047619048,1050
classification,MissForest,EnsembleSoft,0.05,3,3,0.8876917752813717,0.8847848788638263,1286,322,"{'Basal': 167, 'Her2': 179, 'LumA': 560, 'LumB': 380}","{'Basal': 42, 'Her2': 45, 'LumA': 140, 'LumB': 95}",4,False,0.9257950530035336,0.916083916083916,0.9357142857142857,0.8663101604278075,0.8804347826086957,0.8526315789473684,0.7956989247311828,0.7708333333333334,0.8222222222222222,0.9629629629629629,1.0,0.9285714285714286,1050
classification,MissForest,EnsembleSoft,0.05,3,4,0.8718666671682431,0.8672962895042484,1287,321,"{'Basal': 168, 'Her2': 179, 'LumA': 560, 'LumB': 380}","{'Basal': 41, 'Her2': 45, 'LumA': 140, 'LumB': 95}",4,False,0.9142857142857143,0.9142857142857143,0.9142857142857143,0.8762886597938144,0.8585858585858586,0.8947368421052632,0.7586206896551724,0.7857142857142857,0.7333333333333333,0.9382716049382716,0.95,0.926829268292683,1050
classification,MissForest,EnsembleSoft,0.05,3,5,0.8708307402362556,0.8471348826611985,1287,321,"{'Basal': 167, 'Her2': 180, 'LumA': 560, 'LumB': 380}","{'Basal': 42, 'Her2': 44, 'LumA': 140, 'LumB': 95}",4,False,0.9183673469387755,0.8766233766233766,0.9642857142857143,0.875,0.865979381443299,0.8842105263157894,0.7532467532467533,0.8787878787878788,0.6590909090909091,0.9367088607594937,1.0,0.8809523809523809,1050
classification,SimpleMean,EnsembleSoft,0.05,4,1,0.8687728937728938,0.8657059314954052,1286,322,"{'Basal': 167, 'Her2': 179, 'LumA': 560, 'LumB': 380}","{'Basal': 42, 'Her2': 45, 'LumA': 140, 'LumB': 95}",4,False,0.9084249084249084,0.9323308270676691,0.8857142857142857,0.88,0.8380952380952381,0.9263157894736842,0.8333333333333334,0.7843137254901961,0.8888888888888888,0.8533333333333334,0.9696969696969697,0.7619047619047619,1051
classification,SimpleMean,EnsembleSoft,0.05,4,2,0.9042397357432613,0.8910401002506266,1286,322,"{'Basal': 167, 'Her2': 179, 'LumA': 560, 'LumB': 380}","{'Basal': 42, 'Her2': 45, 'LumA': 140, 'LumB': 95}",4,False,0.9419795221843004,0.9019607843137255,0.9857142857142858,0.9021739130434783,0.9325842696629213,0.8736842105263158,0.8571428571428571,0.9230769230769231,0.8,0.9156626506024096,0.926829268292683,0.9047619047619048,1051
classification,SimpleMean,EnsembleSoft,0.05,4,3,0.8688756476644417,0.8639933166248956,1286,322,"{'Basal': 167, 'Her2': 179, 'LumA': 560, 'LumB': 380}","{'Basal': 42, 'Her2': 45, 'LumA': 140, 'LumB': 95}",4,False,0.9122807017543859,0.896551724137931,0.9285714285714286,0.8342245989304813,0.8478260869565217,0.8210526315789474,0.7777777777777778,0.7777777777777778,0.7777777777777778,0.9512195121951219,0.975,0.9285714285714286,1051
classification,SimpleMean,EnsembleSoft,0.05,4,4,0.8771968444077858,0.8705753204148583,1287,321,"{'Basal': 168, 'Her2': 179, 'LumA': 560, 'LumB': 380}","{'Basal': 41, 'Her2': 45, 'LumA': 140, 'LumB': 95}",4,False,0.9252669039145908,0.9219858156028369,0.9285714285714286,0.8923076923076924,0.87,0.9157894736842105,0.7529411764705882,0.8,0.7111111111111111,0.9382716049382716,0.95,0.926829268292683,1051
classification,SimpleMean,EnsembleSoft,0.05,4,5,0.8693007944774126,0.8461950330371383,1287,321,"{'Basal': 167, 'Her2': 180, 'LumA': 560, 'LumB': 380}","{'Basal': 42, 'Her2': 44, 'LumA': 140, 'LumB': 95}",4,False,0.910958904109589,0.875,0.95,0.8762886597938144,0.8585858585858586,0.8947368421052632,0.7532467532467533,0.8787878787878788,0.6590909090909091,0.9367088607594937,1.0,0.8809523809523809,1051
classification,"KNN(k=5,dist)",EnsembleSoft,0.05,4,1,0.872639992760655,0.8698725981620719,1286,322,"{'Basal': 167, 'Her2': 179, 'LumA': 560, 'LumB': 380}","{'Basal': 42, 'Her2': 45, 'LumA': 140, 'LumB': 95}",4,False,0.9044117647058824,0.9318181818181818,0.8785714285714286,0.8756218905472637,0.8301886792452831,0.9263157894736842,0.8421052631578947,0.8,0.8888888888888888,0.868421052631579,0.9705882352941176,0.7857142857142857,1051
classification,"KNN(k=5,dist)",EnsembleSoft,0.05,4,2,0.9041057515876462,0.8892543859649124,1286,322,"{'Basal': 167, 'Her2': 179, 'LumA': 560, 'LumB': 380}","{'Basal': 42, 'Her2': 45, 'LumA': 140, 'LumB': 95}",4,False,0.9351535836177475,0.8954248366013072,0.9785714285714285,0.8972972972972973,0.9222222222222223,0.8736842105263158,0.8571428571428571,0.9230769230769231,0.8,0.926829268292683,0.95,0.9047619047619048,1051
classification,"KNN(k=5,dist)",EnsembleSoft,0.05,4,3,0.8723617377724472,0.864546783625731,1286,322,"{'Basal': 167, 'Her2': 179, 'LumA': 560, 'LumB': 380}","{'Basal': 42, 'Her2': 45, 'LumA': 140, 'LumB': 95}",4,False,0.9084507042253521,0.8958333333333334,0.9214285714285714,0.8481675392670157,0.84375,0.8526315789473684,0.7816091954022989,0.8095238095238095,0.7555555555555555,0.9512195121951219,0.975,0.9285714285714286,1051
classification,"KNN(k=5,dist)",EnsembleSoft,0.05,4,4,0.8847682809291385,0.8776669824968927,1287,321,"{'Basal': 168, 'Her2': 179, 'LumA': 560, 'LumB': 380}","{'Basal': 41, 'Her2': 45, 'LumA': 140, 'LumB': 95}",4,False,0.9257950530035336,0.916083916083916,0.9357142857142857,0.8900523560209425,0.8854166666666666,0.8947368421052632,0.7865168539325843,0.7954545454545454,0.7777777777777778,0.9367088607594937,0.9736842105263158,0.9024390243902439,1051
classification,"KNN(k=5,dist)",EnsembleSoft,0.05,4,5,0.8734349069029222,0.849766461608567,1287,321,"{'Basal': 167, 'Her2': 180, 'LumA': 560, 'LumB': 380}","{'Basal': 42, 'Her2': 44, 'LumA': 140, 'LumB': 95}",4,False,0.9183673469387755,0.8766233766233766,0.9642857142857143,0.8854166666666666,0.8762886597938144,0.8947368421052632,0.7532467532467533,0.8787878787878788,0.6590909090909091,0.9367088607594937,1.0,0.8809523809523809,1051
classification,RFECA_SVR(k=5),EnsembleSoft,0.05,4,1,0.8909392551773094,0.8850563909774436,1286,322,"{'Basal': 167, 'Her2': 179, 'LumA': 560, 'LumB': 380}","{'Basal': 42, 'Her2': 45, 'LumA': 140, 'LumB': 95}",4,False,0.9157509157509157,0.9398496240601504,0.8928571428571429,0.8910891089108911,0.8411214953271028,0.9473684210526315,0.8478260869565217,0.8297872340425532,0.8666666666666667,0.9090909090909091,1.0,0.8333333333333334,1051
classification,RFECA_SVR(k=5),EnsembleSoft,0.05,4,2,0.8940442514988454,0.8819131161236424,1286,322,"{'Basal': 167, 'Her2': 179, 'LumA': 560, 'LumB': 380}","{'Basal': 42, 'Her2': 45, 'LumA': 140, 'LumB': 95}",4,False,0.9347079037800687,0.9006622516556292,0.9714285714285714,0.8924731182795699,0.9120879120879121,0.8736842105263158,0.8333333333333334,0.8974358974358975,0.7777777777777778,0.9156626506024096,0.926829268292683,0.9047619047619048,1051
classification,RFECA_SVR(k=5),EnsembleSoft,0.05,4,3,0.8751966616434411,0.872577276524645,1286,322,"{'Basal': 167, 'Her2': 179, 'LumA': 560, 'LumB': 380}","{'Basal': 42, 'Her2': 45, 'LumA': 140, 'LumB': 95}",4,False,0.9187279151943463,0.9090909090909091,0.9285714285714286,0.8404255319148937,0.8494623655913979,0.8315789473684211,0.7777777777777778,0.7777777777777778,0.7777777777777778,0.963855421686747,0.975609756097561,0.9523809523809523,1051
classification,RFECA_SVR(k=5),EnsembleSoft,0.05,4,4,0.8781913178790464,0.8708677180756771,1287,321,"{'Basal': 168, 'Her2': 179, 'LumA': 560, 'LumB': 380}","{'Basal': 41, 'Her2': 45, 'LumA': 140, 'LumB': 95}",4,False,0.9187279151943463,0.9090909090909091,0.9285714285714286,0.8854166666666666,0.8762886597938144,0.8947368421052632,0.7586206896551724,0.7857142857142857,0.7333333333333333,0.95,0.9743589743589743,0.926829268292683,1051
classification,RFECA_SVR(k=5),EnsembleSoft,0.05,4,5,0.877372794466907,0.8548729778992937,1287,321,"{'Basal': 167, 'Her2': 180, 'LumA': 560, 'LumB': 380}","{'Basal': 42, 'Her2': 44, 'LumA': 140, 'LumB': 95}",4,False,0.9220338983050848,0.8774193548387097,0.9714285714285714,0.8842105263157894,0.8842105263157894,0.8842105263157894,0.7532467532467533,0.8787878787878788,0.6590909090909091,0.95,1.0,0.9047619047619048,1051
classification,RFECA_SVR(k=10),EnsembleSoft,0.05,4,1,0.8861637479836806,0.8820279866332499,1286,322,"{'Basal': 167, 'Her2': 179, 'LumA': 560, 'LumB': 380}","{'Basal': 42, 'Her2': 45, 'LumA': 140, 'LumB': 95}",4,False,0.9157509157509157,0.9398496240601504,0.8928571428571429,0.8855721393034826,0.839622641509434,0.9368421052631579,0.8602150537634409,0.8333333333333334,0.8888888888888888,0.8831168831168831,0.9714285714285714,0.8095238095238095,1051
classification,RFECA_SVR(k=10),EnsembleSoft,0.05,4,2,0.8963306850859089,0.8845446950710109,1286,322,"{'Basal': 167, 'Her2': 179, 'LumA': 560, 'LumB': 380}","{'Basal': 42, 'Her2': 45, 'LumA': 140, 'LumB': 95}",4,False,0.9379310344827586,0.9066666666666666,0.9714285714285714,0.8983957219251337,0.9130434782608695,0.8842105263157894,0.8333333333333334,0.8974358974358975,0.7777777777777778,0.9156626506024096,0.926829268292683,0.9047619047619048,1051
classification,RFECA_SVR(k=10),EnsembleSoft,0.05,4,3,0.8772720492070968,0.8743629908103593,1286,322,"{'Basal': 167, 'Her2': 179, 'LumA': 560, 'LumB': 380}","{'Basal': 42, 'Her2': 45, 'LumA': 140, 'LumB': 95}",4,False,0.9225352112676056,0.9097222222222222,0.9357142857142857,0.8449197860962567,0.8586956521739131,0.8315789473684211,0.7777777777777778,0.7777777777777778,0.7777777777777778,0.963855421686747,0.975609756097561,0.9523809523809523,1051
classification,RFECA_SVR(k=10),EnsembleSoft,0.05,4,4,0.8857052287681249,0.8782089879169469,1287,321,"{'Basal': 168, 'Her2': 179, 'LumA': 560, 'LumB': 380}","{'Basal': 41, 'Her2': 45, 'LumA': 140, 'LumB': 95}",4,False,0.9257950530035336,0.916083916083916,0.9357142857142857,0.8854166666666666,0.8762886597938144,0.8947368421052632,0.7816091954022989,0.8095238095238095,0.7555555555555555,0.95,0.9743589743589743,0.926829268292683,1051
classification,RFECA_SVR(k=10),EnsembleSoft,0.05,4,5,0.8717673478452007,0.8507063112326271,1287,321,"{'Basal': 167, 'Her2': 180, 'LumA': 560, 'LumB': 380}","{'Basal': 42, 'Her2': 44, 'LumA': 140, 'LumB': 95}",4,False,0.9319727891156463,0.8896103896103896,0.9785714285714285,0.8842105263157894,0.8842105263157894,0.8842105263157894,0.7341772151898734,0.8285714285714286,0.6590909090909091,0.9367088607594937,1.0,0.8809523809523809,1051
classification,RFECA_SVR(k=20),EnsembleSoft,0.05,4,1,0.8730513336006307,0.8687343358395989,1286,322,"{'Basal': 167, 'Her2': 179, 'LumA': 560, 'LumB': 380}","{'Basal': 42, 'Her2': 45, 'LumA': 140, 'LumB': 95}",4,False,0.9084249084249084,0.9323308270676691,0.8857142857142857,0.8855721393034826,0.839622641509434,0.9368421052631579,0.8297872340425532,0.7959183673469388,0.8666666666666667,0.868421052631579,0.9705882352941176,0.7857142857142857,1051
classification,RFECA_SVR(k=20),EnsembleSoft,0.05,4,2,0.907112806376531,0.895655806182122,1286,322,"{'Basal': 167, 'Her2': 179, 'LumA': 560, 'LumB': 380}","{'Basal': 42, 'Her2': 45, 'LumA': 140, 'LumB': 95}",4,False,0.9379310344827586,0.9066666666666666,0.9714285714285714,0.9032258064516129,0.9230769230769231,0.8842105263157894,0.8604651162790697,0.9024390243902439,0.8222222222222222,0.926829268292683,0.95,0.9047619047619048,1051
classification,RFECA_SVR(k=20),EnsembleSoft,0.05,4,3,0.8720136220348337,0.8670217209690894,1286,322,"{'Basal': 167, 'Her2': 179, 'LumA': 560, 'LumB': 380}","{'Basal': 42, 'Her2': 45, 'LumA': 140, 'LumB': 95}",4,False,0.9154929577464789,0.9027777777777778,0.9285714285714286,0.8359788359788359,0.8404255319148937,0.8315789473684211,0.7727272727272727,0.7906976744186046,0.7555555555555555,0.963855421686747,0.975609756097561,0.9523809523809523,1051
classification,RFECA_SVR(k=20),EnsembleSoft,0.05,4,4,0.8824340811572411,0.8744391466471056,1287,321,"{'Basal': 168, 'Her2': 179, 'LumA': 560, 'LumB': 380}","{'Basal': 41, 'Her2': 45, 'LumA': 140, 'LumB': 95}",4,False,0.9295774647887324,0.9166666666666666,0.9428571428571428,0.8854166666666666,0.8762886597938144,0.8947368421052632,0.7764705882352941,0.825,0.7333333333333333,0.9382716049382716,0.95,0.926829268292683,1051
classification,RFECA_SVR(k=20),EnsembleSoft,0.05,4,5,0.8790677097211441,0.856658692185008,1287,321,"{'Basal': 167, 'Her2': 180, 'LumA': 560, 'LumB': 380}","{'Basal': 42, 'Her2': 44, 'LumA': 140, 'LumB': 95}",4,False,0.9288135593220339,0.8838709677419355,0.9785714285714285,0.8842105263157894,0.8842105263157894,0.8842105263157894,0.7532467532467533,0.8787878787878788,0.6590909090909091,0.95,1.0,0.9047619047619048,1051
classification,MissForest,EnsembleSoft,0.05,4,1,0.8768392963665812,0.8734440267335004,1286,322,"{'Basal': 167, 'Her2': 179, 'LumA': 560, 'LumB': 380}","{'Basal': 42, 'Her2': 45, 'LumA': 140, 'LumB': 95}",4,False,0.9124087591240876,0.9328358208955224,0.8928571428571429,0.8844221105527639,0.8461538461538461,0.9263157894736842,0.8421052631578947,0.8,0.8888888888888888,0.868421052631579,0.9705882352941176,0.7857142857142857,1051
classification,MissForest,EnsembleSoft,0.05,4,2,0.9041057515876462,0.8892543859649124,1286,322,"{'Basal': 167, 'Her2': 179, 'LumA': 560, 'LumB': 380}","{'Basal': 42, 'Her2': 45, 'LumA': 140, 'LumB': 95}",4,False,0.9351535836177475,0.8954248366013072,0.9785714285714285,0.8972972972972973,0.9222222222222223,0.8736842105263158,0.8571428571428571,0.9230769230769231,0.8,0.926829268292683,0.95,0.9047619047619048,1051
classification,MissForest,EnsembleSoft,0.05,4,3,0.8735715129320231,0.8692564745196325,1286,322,"{'Basal': 167, 'Her2': 179, 'LumA': 560, 'LumB': 380}","{'Basal': 42, 'Her2': 45, 'LumA': 140, 'LumB': 95}",4,False,0.9187279151943463,0.9090909090909091,0.9285714285714286,0.8465608465608465,0.851063829787234,0.8421052631578947,0.7777777777777778,0.7777777777777778,0.7777777777777778,0.9512195121951219,0.975,0.9285714285714286,1051
classification,MissForest,EnsembleSoft,0.05,4,4,0.8797227477126961,0.8734992970230455,1287,321,"{'Basal': 168, 'Her2': 179, 'LumA': 560, 'LumB': 380}","{'Basal': 41, 'Her2': 45, 'LumA': 140, 'LumB': 95}",4,False,0.9219858156028369,0.9154929577464789,0.9285714285714286,0.8911917098445595,0.8775510204081632,0.9052631578947369,0.7674418604651163,0.8048780487804879,0.7333333333333333,0.9382716049382716,0.95,0.926829268292683,1051
classification,MissForest,EnsembleSoft,0.05,4,5,0.8790571333420266,0.8541837548416497,1287,321,"{'Basal': 167, 'Her2': 180, 'LumA': 560, 'LumB': 380}","{'Basal': 42, 'Her2': 44, 'LumA': 140, 'LumB': 95}",4,False,0.9251700680272109,0.8831168831168831,0.9714285714285714,0.8911917098445595,0.8775510204081632,0.9052631578947369,0.7631578947368421,0.90625,0.6590909090909091,0.9367088607594937,1.0,0.8809523809523809,1051
classification,SimpleMean,EnsembleSoft,0.05,5,1,0.8462770983390322,0.8422932330827069,1286,322,"{'Basal': 167, 'Her2': 179, 'LumA': 560, 'LumB': 380}","{'Basal': 42, 'Her2': 45, 'LumA': 140, 'LumB': 95}",4,False,0.8921933085501859,0.9302325581395349,0.8571428571428571,0.8585365853658536,0.8,0.9263157894736842,0.7659574468085106,0.7346938775510204,0.8,0.868421052631579,0.9705882352941176,0.7857142857142857,1052
classification,SimpleMean,EnsembleSoft,0.05,5,2,0.8973387746566831,0.8877610693400168,1286,322,"{'Basal': 167, 'Her2': 179, 'LumA': 560, 'LumB': 380}","{'Basal': 42, 'Her2': 45, 'LumA': 140, 'LumB': 95}",4,False,0.9315068493150684,0.8947368421052632,0.9714285714285714,0.8901098901098901,0.9310344827586207,0.8526315789473684,0.8409090909090909,0.8604651162790697,0.8222222222222222,0.926829268292683,0.95,0.9047619047619048,1052
classification,SimpleMean,EnsembleSoft,0.05,5,3,0.8721817995490879,0.864640768588137,1286,322,"{'Basal': 167, 'Her2': 179, 'LumA': 560, 'LumB': 380}","{'Basal': 42, 'Her2': 45, 'LumA': 140, 'LumB': 95}",4,False,0.9198606271777003,0.8979591836734694,0.9428571428571428,0.8449197860962567,0.8586956521739131,0.8315789473684211,0.7727272727272727,0.7906976744186046,0.7555555555555555,0.9512195121951219,0.975,0.9285714285714286,1052
classification,SimpleMean,EnsembleSoft,0.05,5,4,0.8777456530664223,0.8709731646188643,1287,321,"{'Basal': 168, 'Her2': 179, 'LumA': 560, 'LumB': 380}","{'Basal': 41, 'Her2': 45, 'LumA': 140, 'LumB': 95}",4,False,0.9361702127659575,0.9295774647887324,0.9428571428571428,0.8911917098445595,0.8775510204081632,0.9052631578947369,0.7586206896551724,0.7857142857142857,0.7333333333333333,0.925,0.9487179487179487,0.9024390243902439,1052
classification,SimpleMean,EnsembleSoft,0.05,5,5,0.8661875054638706,0.8447738664843928,1287,321,"{'Basal': 167, 'Her2': 180, 'LumA': 560, 'LumB': 380}","{'Basal': 42, 'Her2': 44, 'LumA': 140, 'LumB': 95}",4,False,0.9183673469387755,0.8766233766233766,0.9642857142857143,0.8691099476439791,0.8645833333333334,0.8736842105263158,0.7272727272727273,0.8484848484848485,0.6363636363636364,0.95,1.0,0.9047619047619048,1052
classification,"KNN(k=5,dist)",EnsembleSoft,0.05,5,1,0.8546870727446474,0.8525584795321637,1286,322,"{'Basal': 167, 'Her2': 179, 'LumA': 560, 'LumB': 380}","{'Basal': 42, 'Her2': 45, 'LumA': 140, 'LumB': 95}",4,False,0.8929889298892989,0.9236641221374046,0.8642857142857143,0.8656716417910447,0.8207547169811321,0.9157894736842105,0.7916666666666666,0.7450980392156863,0.8444444444444444,0.868421052631579,0.9705882352941176,0.7857142857142857,1052
classification,"KNN(k=5,dist)",EnsembleSoft,0.05,5,2,0.9033536543738836,0.8901002506265665,1286,322,"{'Basal': 167, 'Her2': 179, 'LumA': 560, 'LumB': 380}","{'Basal': 42, 'Her2': 45, 'LumA': 140, 'LumB': 95}",4,False,0.9347079037800687,0.9006622516556292,0.9714285714285714,0.9032258064516129,0.9230769230769231,0.8842105263157894,0.8372093023255814,0.8780487804878049,0.8,0.9382716049382716,0.9743589743589743,0.9047619047619048,1052
classification,"KNN(k=5,dist)",EnsembleSoft,0.05,5,3,0.8775262728786365,0.8714390142021721,1286,322,"{'Basal': 167, 'Her2': 179, 'LumA': 560, 'LumB': 380}","{'Basal': 42, 'Her2': 45, 'LumA': 140, 'LumB': 95}",4,False,0.9225352112676056,0.9097222222222222,0.9357142857142857,0.8421052631578947,0.8421052631578947,0.8421052631578947,0.7816091954022989,0.8095238095238095,0.7555555555555555,0.963855421686747,0.975609756097561,0.9523809523809523,1052
classification,"KNN(k=5,dist)",EnsembleSoft,0.05,5,4,0.8791053630754628,0.8717135827373311,1287,321,"{'Basal': 168, 'Her2': 179, 'LumA': 560, 'LumB': 380}","{'Basal': 41, 'Her2': 45, 'LumA': 140, 'LumB': 95}",4,False,0.9214285714285714,0.9214285714285714,0.9214285714285714,0.8775510204081632,0.8514851485148515,0.9052631578947369,0.7674418604651163,0.8048780487804879,0.7333333333333333,0.95,0.9743589743589743,0.926829268292683,1052
classification,"KNN(k=5,dist)",EnsembleSoft,0.05,5,5,0.8734349069029222,0.849766461608567,1287,321,"{'Basal': 167, 'Her2': 180, 'LumA': 560, 'LumB': 380}","{'Basal': 42, 'Her2': 44, 'LumA': 140, 'LumB': 95}",4,False,0.9183673469387755,0.8766233766233766,0.9642857142857143,0.8854166666666666,0.8762886597938144,0.8947368421052632,0.7532467532467533,0.8787878787878788,0.6590909090909091,0.9367088607594937,1.0,0.8809523809523809,1052
classification,RFECA_SVR(k=5),EnsembleSoft,0.05,5,1,0.8571740759240759,0.8561299081035922,1286,322,"{'Basal': 167, 'Her2': 179, 'LumA': 560, 'LumB': 380}","{'Basal': 42, 'Her2': 45, 'LumA': 140, 'LumB': 95}",4,False,0.9010989010989011,0.924812030075188,0.8785714285714286,0.8787878787878788,0.8446601941747572,0.9157894736842105,0.7916666666666666,0.7450980392156863,0.8444444444444444,0.8571428571428571,0.9428571428571428,0.7857142857142857,1052
classification,RFECA_SVR(k=5),EnsembleSoft,0.05,5,2,0.8891533767210691,0.8743734335839599,1286,322,"{'Basal': 167, 'Her2': 179, 'LumA': 560, 'LumB': 380}","{'Basal': 42, 'Her2': 45, 'LumA': 140, 'LumB': 95}",4,False,0.9387755102040817,0.8961038961038961,0.9857142857142858,0.8972972972972973,0.9222222222222223,0.8736842105263158,0.8048780487804879,0.8918918918918919,0.7333333333333333,0.9156626506024096,0.926829268292683,0.9047619047619048,1052
classification,RFECA_SVR(k=5),EnsembleSoft,0.05,5,3,0.8825331760665521,0.8754594820384295,1286,322,"{'Basal': 167, 'Her2': 179, 'LumA': 560, 'LumB': 380}","{'Basal': 42, 'Her2': 45, 'LumA': 140, 'LumB': 95}",4,False,0.9263157894736842,0.9103448275862069,0.9428571428571428,0.8571428571428571,0.8617021276595744,0.8526315789473684,0.7954545454545454,0.813953488372093,0.7777777777777778,0.9512195121951219,0.975,0.9285714285714286,1052
classification,RFECA_SVR(k=5),EnsembleSoft,0.05,5,4,0.8831010621014581,0.8755774089695785,1287,321,"{'Basal': 168, 'Her2': 179, 'LumA': 560, 'LumB': 380}","{'Basal': 41, 'Her2': 45, 'LumA': 140, 'LumB': 95}",4,False,0.9257950530035336,0.916083916083916,0.9357142857142857,0.875,0.865979381443299,0.8842105263157894,0.7816091954022989,0.8095238095238095,0.7555555555555555,0.95,0.9743589743589743,0.926829268292683,1052
classification,RFECA_SVR(k=5),EnsembleSoft,0.05,5,5,0.8784330892412779,0.8587690817953976,1287,321,"{'Basal': 167, 'Her2': 180, 'LumA': 560, 'LumB': 380}","{'Basal': 42, 'Her2': 44, 'LumA': 140, 'LumB': 95}",4,False,0.9246575342465754,0.8881578947368421,0.9642857142857143,0.8795811518324608,0.875,0.8842105263157894,0.759493670886076,0.8571428571428571,0.6818181818181818,0.95,1.0,0.9047619047619048,1052
classification,RFECA_SVR(k=10),EnsembleSoft,0.05,5,1,0.8514512923839112,0.8508667502088555,1286,322,"{'Basal': 167, 'Her2': 179, 'LumA': 560, 'LumB': 380}","{'Basal': 42, 'Her2': 45, 'LumA': 140, 'LumB': 95}",4,False,0.8978102189781022,0.917910447761194,0.8785714285714286,0.8673469387755102,0.8415841584158416,0.8947368421052632,0.7835051546391752,0.7307692307692307,0.8444444444444444,0.8571428571428571,0.9428571428571428,0.7857142857142857,1052
classification,RFECA_SVR(k=10),EnsembleSoft,0.05,5,2,0.8939722955709261,0.8799289891395154,1286,322,"{'Basal': 167, 'Her2': 179, 'LumA': 560, 'LumB': 380}","{'Basal': 42, 'Her2': 45, 'LumA': 140, 'LumB': 95}",4,False,0.9387755102040817,0.8961038961038961,0.9857142857142858,0.9021739130434783,0.9325842696629213,0.8736842105263158,0.8192771084337349,0.8947368421052632,0.7555555555555555,0.9156626506024096,0.926829268292683,0.9047619047619048,1052
classification,RFECA_SVR(k=10),EnsembleSoft,0.05,5,3,0.8778211353912274,0.8725355054302423,1286,322,"{'Basal': 167, 'Her2': 179, 'LumA': 560, 'LumB': 380}","{'Basal': 42, 'Her2': 45, 'LumA': 140, 'LumB': 95}",4,False,0.9328621908127208,0.9230769230769231,0.9428571428571428,0.8631578947368421,0.8631578947368421,0.8631578947368421,0.7640449438202247,0.7727272727272727,0.7555555555555555,0.9512195121951219,0.975,0.9285714285714286,1052
classification,RFECA_SVR(k=10),EnsembleSoft,0.05,5,4,0.885191953005873,0.8773631232552928,1287,321,"{'Basal': 168, 'Her2': 179, 'LumA': 560, 'LumB': 380}","{'Basal': 41, 'Her2': 45, 'LumA': 140, 'LumB': 95}",4,False,0.9295774647887324,0.9166666666666666,0.9428571428571428,0.8795811518324608,0.875,0.8842105263157894,0.7816091954022989,0.8095238095238095,0.7555555555555555,0.95,0.9743589743589743,0.926829268292683,1052
classification,RFECA_SVR(k=10),EnsembleSoft,0.05,5,5,0.8840347880930219,0.861400660742766,1287,321,"{'Basal': 167, 'Her2': 180, 'LumA': 560, 'LumB': 380}","{'Basal': 42, 'Her2': 44, 'LumA': 140, 'LumB': 95}",4,False,0.9215017064846417,0.8823529411764706,0.9642857142857143,0.8854166666666666,0.8762886597938144,0.8947368421052632,0.7792207792207793,0.9090909090909091,0.6818181818181818,0.95,1.0,0.9047619047619048,1052
classification,RFECA_SVR(k=20),EnsembleSoft,0.05,5,1,0.8592312234043377,0.8556808688387636,1286,322,"{'Basal': 167, 'Her2': 179, 'LumA': 560, 'LumB': 380}","{'Basal': 42, 'Her2': 45, 'LumA': 140, 'LumB': 95}",4,False,0.9051094890510949,0.9253731343283582,0.8857142857142857,0.864321608040201,0.8269230769230769,0.9052631578947369,0.7956989247311828,0.7708333333333334,0.8222222222222222,0.8717948717948718,0.9444444444444444,0.8095238095238095,1052
classification,RFECA_SVR(k=20),EnsembleSoft,0.05,5,2,0.8992057381372647,0.8863304093567251,1286,322,"{'Basal': 167, 'Her2': 179, 'LumA': 560, 'LumB': 380}","{'Basal': 42, 'Her2': 45, 'LumA': 140, 'LumB': 95}",4,False,0.9383561643835616,0.9013157894736842,0.9785714285714285,0.9081081081081082,0.9333333333333333,0.8842105263157894,0.8235294117647058,0.875,0.7777777777777778,0.926829268292683,0.95,0.9047619047619048,1052
classification,RFECA_SVR(k=20),EnsembleSoft,0.05,5,3,0.8825685579358687,0.8751670843776107,1286,322,"{'Basal': 167, 'Her2': 179, 'LumA': 560, 'LumB': 380}","{'Basal': 42, 'Her2': 45, 'LumA': 140, 'LumB': 95}",4,False,0.9328621908127208,0.9230769230769231,0.9428571428571428,0.8645833333333334,0.8556701030927835,0.8736842105263158,0.7816091954022989,0.8095238095238095,0.7555555555555555,0.9512195121951219,0.975,0.9285714285714286,1052
classification,RFECA_SVR(k=20),EnsembleSoft,0.05,5,4,0.885191953005873,0.8773631232552928,1287,321,"{'Basal': 168, 'Her2': 179, 'LumA': 560, 'LumB': 380}","{'Basal': 41, 'Her2': 45, 'LumA': 140, 'LumB': 95}",4,False,0.9295774647887324,0.9166666666666666,0.9428571428571428,0.8795811518324608,0.875,0.8842105263157894,0.7816091954022989,0.8095238095238095,0.7555555555555555,0.95,0.9743589743589743,0.926829268292683,1052
classification,RFECA_SVR(k=20),EnsembleSoft,0.05,5,5,0.877372794466907,0.8548729778992937,1287,321,"{'Basal': 167, 'Her2': 180, 'LumA': 560, 'LumB': 380}","{'Basal': 42, 'Her2': 44, 'LumA': 140, 'LumB': 95}",4,False,0.9220338983050848,0.8774193548387097,0.9714285714285714,0.8842105263157894,0.8842105263157894,0.8842105263157894,0.7532467532467533,0.8787878787878788,0.6590909090909091,0.95,1.0,0.9047619047619048,1052
classification,MissForest,EnsembleSoft,0.05,5,1,0.8569912900879092,0.8531015037593985,1286,322,"{'Basal': 167, 'Her2': 179, 'LumA': 560, 'LumB': 380}","{'Basal': 42, 'Her2': 45, 'LumA': 140, 'LumB': 95}",4,False,0.8978102189781022,0.917910447761194,0.8785714285714286,0.864321608040201,0.8269230769230769,0.9052631578947369,0.8125,0.7647058823529411,0.8666666666666667,0.8533333333333334,0.9696969696969697,0.7619047619047619,1052
classification,MissForest,EnsembleSoft,0.05,5,2,0.8939722955709261,0.8799289891395154,1286,322,"{'Basal': 167, 'Her2': 179, 'LumA': 560, 'LumB': 380}","{'Basal': 42, 'Her2': 45, 'LumA': 140, 'LumB': 95}",4,False,0.9387755102040817,0.8961038961038961,0.9857142857142858,0.9021739130434783,0.9325842696629213,0.8736842105263158,0.8192771084337349,0.8947368421052632,0.7555555555555555,0.9156626506024096,0.926829268292683,0.9047619047619048,1052
classification,MissForest,EnsembleSoft,0.05,5,3,0.878915259343631,0.8752088554720134,1286,322,"{'Basal': 167, 'Her2': 179, 'LumA': 560, 'LumB': 380}","{'Basal': 42, 'Her2': 45, 'LumA': 140, 'LumB': 95}",4,False,0.9187279151943463,0.9090909090909091,0.9285714285714286,0.8465608465608465,0.851063829787234,0.8421052631578947,0.7865168539325843,0.7954545454545454,0.7777777777777778,0.963855421686747,0.975609756097561,0.9523809523809523,1052
classification,MissForest,EnsembleSoft,0.05,5,4,0.8734695275490703,0.8682361391283087,1287,321,"{'Basal': 168, 'Her2': 179, 'LumA': 560, 'LumB': 380}","{'Basal': 41, 'Her2': 45, 'LumA': 140, 'LumB': 95}",4,False,0.9219858156028369,0.9154929577464789,0.9285714285714286,0.875,0.865979381443299,0.8842105263157894,0.7586206896551724,0.7857142857142857,0.7333333333333333,0.9382716049382716,0.95,0.926829268292683,1052
classification,MissForest,EnsembleSoft,0.05,5,5,0.8823262425360028,0.861400660742766,1287,321,"{'Basal': 167, 'Her2': 180, 'LumA': 560, 'LumB': 380}","{'Basal': 42, 'Her2': 44, 'LumA': 140, 'LumB': 95}",4,False,0.9246575342465754,0.8881578947368421,0.9642857142857143,0.8854166666666666,0.8762886597938144,0.8947368421052632,0.7692307692307693,0.8823529411764706,0.6818181818181818,0.95,1.0,0.9047619047619048,1052
classification,SimpleMean,EnsembleSoft,0.05,6,1,0.8466808098280985,0.8390664160401002,1286,322,"{'Basal': 167, 'Her2': 179, 'LumA': 560, 'LumB': 380}","{'Basal': 42, 'Her2': 45, 'LumA': 140, 'LumB': 95}",4,False,0.8978102189781022,0.917910447761194,0.8785714285714286,0.8613861386138614,0.8130841121495327,0.9157894736842105,0.7741935483870968,0.75,0.8,0.8533333333333334,0.9696969696969697,0.7619047619047619,1053
classification,SimpleMean,EnsembleSoft,0.05,6,2,0.8935595360061699,0.8806704260651629,1286,322,"{'Basal': 167, 'Her2': 179, 'LumA': 560, 'LumB': 380}","{'Basal': 42, 'Her2': 45, 'LumA': 140, 'LumB': 95}",4,False,0.9319727891156463,0.8896103896103896,0.9785714285714285,0.9010989010989011,0.9425287356321839,0.8631578947368421,0.8275862068965517,0.8571428571428571,0.8,0.9135802469135802,0.9487179487179487,0.8809523809523809,1053
classification,SimpleMean,EnsembleSoft,0.05,6,3,0.8704401037111571,0.8683061821219716,1286,322,"{'Basal': 167, 'Her2': 179, 'LumA': 560, 'LumB': 380}","{'Basal': 42, 'Her2': 45, 'LumA': 140, 'LumB': 95}",4,False,0.9192982456140351,0.903448275862069,0.9357142857142857,0.8369565217391305,0.8651685393258427,0.8105263157894737,0.7872340425531915,0.7551020408163265,0.8222222222222222,0.9382716049382716,0.9743589743589743,0.9047619047619048,1053
classification,SimpleMean,EnsembleSoft,0.05,6,4,0.8795752581729839,0.8726534323613914,1287,321,"{'Basal': 168, 'Her2': 179, 'LumA': 560, 'LumB': 380}","{'Basal': 41, 'Her2': 45, 'LumA': 140, 'LumB': 95}",4,False,0.9225352112676056,0.9097222222222222,0.9357142857142857,0.8900523560209425,0.8854166666666666,0.8947368421052632,0.7674418604651163,0.8048780487804879,0.7333333333333333,0.9382716049382716,0.95,0.926829268292683,1053
classification,SimpleMean,EnsembleSoft,0.05,6,5,0.8624820402298852,0.8450985418090681,1287,321,"{'Basal': 167, 'Her2': 180, 'LumA': 560, 'LumB': 380}","{'Basal': 42, 'Her2': 44, 'LumA': 140, 'LumB': 95}",4,False,0.9103448275862069,0.88,0.9428571428571428,0.8645833333333334,0.8556701030927835,0.8736842105263158,0.725,0.8055555555555556,0.6590909090909091,0.95,1.0,0.9047619047619048,1053
classification,"KNN(k=5,dist)",EnsembleSoft,0.05,6,1,0.8770761948860422,0.8700710108604846,1286,322,"{'Basal': 167, 'Her2': 179, 'LumA': 560, 'LumB': 380}","{'Basal': 42, 'Her2': 45, 'LumA': 140, 'LumB': 95}",4,False,0.9163636363636364,0.9333333333333333,0.9,0.88,0.8380952380952381,0.9263157894736842,0.8172043010752689,0.7916666666666666,0.8444444444444444,0.8947368421052632,1.0,0.8095238095238095,1053
classification,"KNN(k=5,dist)",EnsembleSoft,0.05,6,2,0.8964323869706544,0.8866228070175439,1286,322,"{'Basal': 167, 'Her2': 179, 'LumA': 560, 'LumB': 380}","{'Basal': 42, 'Her2': 45, 'LumA': 140, 'LumB': 95}",4,False,0.9448275862068966,0.9133333333333333,0.9785714285714285,0.8864864864864865,0.9111111111111111,0.8631578947368421,0.8275862068965517,0.8571428571428571,0.8,0.926829268292683,0.95,0.9047619047619048,1053
classification,"KNN(k=5,dist)",EnsembleSoft,0.05,6,3,0.878585093299298,0.8753550543024228,1286,322,"{'Basal': 167, 'Her2': 179, 'LumA': 560, 'LumB': 380}","{'Basal': 42, 'Her2': 45, 'LumA': 140, 'LumB': 95}",4,False,0.9263157894736842,0.9103448275862069,0.9428571428571428,0.8540540540540541,0.8777777777777778,0.8315789473684211,0.7956989247311828,0.7708333333333334,0.8222222222222222,0.9382716049382716,0.9743589743589743,0.9047619047619048,1053
classification,"KNN(k=5,dist)",EnsembleSoft,0.05,6,4,0.8741448638467679,0.8670978768058358,1287,321,"{'Basal': 168, 'Her2': 179, 'LumA': 560, 'LumB': 380}","{'Basal': 41, 'Her2': 45, 'LumA': 140, 'LumB': 95}",4,False,0.9290780141843972,0.9225352112676056,0.9357142857142857,0.8762886597938144,0.8585858585858586,0.8947368421052632,0.7529411764705882,0.8,0.7111111111111111,0.9382716049382716,0.95,0.926829268292683,1053
classification,"KNN(k=5,dist)",EnsembleSoft,0.05,6,5,0.8780636574770593,0.8608794714057872,1287,321,"{'Basal': 167, 'Her2': 180, 'LumA': 560, 'LumB': 380}","{'Basal': 42, 'Her2': 44, 'LumA': 140, 'LumB': 95}",4,False,0.9172413793103448,0.8866666666666667,0.95,0.8795811518324608,0.875,0.8842105263157894,0.7654320987654321,0.8378378378378378,0.7045454545454546,0.95,1.0,0.9047619047619048,1053
classification,RFECA_SVR(k=5),EnsembleSoft,0.05,6,1,0.8546168305378832,0.8505743525480367,1286,322,"{'Basal': 167, 'Her2': 179, 'LumA': 560, 'LumB': 380}","{'Basal': 42, 'Her2': 45, 'LumA': 140, 'LumB': 95}",4,False,0.9010989010989011,0.924812030075188,0.8785714285714286,0.87,0.8285714285714286,0.9157894736842105,0.7789473684210526,0.74,0.8222222222222222,0.868421052631579,0.9705882352941176,0.7857142857142857,1053
classification,RFECA_SVR(k=5),EnsembleSoft,0.05,6,2,0.9069561154996981,0.8948099415204679,1286,322,"{'Basal': 167, 'Her2': 179, 'LumA': 560, 'LumB': 380}","{'Basal': 42, 'Her2': 45, 'LumA': 140, 'LumB': 95}",4,False,0.9383561643835616,0.9013157894736842,0.9785714285714285,0.9021739130434783,0.9325842696629213,0.8736842105263158,0.8604651162790697,0.9024390243902439,0.8222222222222222,0.926829268292683,0.95,0.9047619047619048,1053
classification,RFECA_SVR(k=5),EnsembleSoft,0.05,6,3,0.8873996908581749,0.8839390142021721,1286,322,"{'Basal': 167, 'Her2': 179, 'LumA': 560, 'LumB': 380}","{'Basal': 42, 'Her2': 45, 'LumA': 140, 'LumB': 95}",4,False,0.9295774647887324,0.9166666666666666,0.9428571428571428,0.8556149732620321,0.8695652173913043,0.8421052631578947,0.8131868131868132,0.8043478260869565,0.8222222222222222,0.9512195121951219,0.975,0.9285714285714286,1053
classification,RFECA_SVR(k=5),EnsembleSoft,0.05,6,4,0.8734695275490703,0.8682361391283087,1287,321,"{'Basal': 168, 'Her2': 179, 'LumA': 560, 'LumB': 380}","{'Basal': 41, 'Her2': 45, 'LumA': 140, 'LumB': 95}",4,False,0.9219858156028369,0.9154929577464789,0.9285714285714286,0.875,0.865979381443299,0.8842105263157894,0.7586206896551724,0.7857142857142857,0.7333333333333333,0.9382716049382716,0.95,0.926829268292683,1053
classification,RFECA_SVR(k=5),EnsembleSoft,0.05,6,5,0.8810508902883984,0.861400660742766,1287,321,"{'Basal': 167, 'Her2': 180, 'LumA': 560, 'LumB': 380}","{'Basal': 42, 'Her2': 44, 'LumA': 140, 'LumB': 95}",4,False,0.9246575342465754,0.8881578947368421,0.9642857142857143,0.8900523560209425,0.8854166666666666,0.8947368421052632,0.759493670886076,0.8571428571428571,0.6818181818181818,0.95,1.0,0.9047619047619048,1053
classification,RFECA_SVR(k=10),EnsembleSoft,0.05,6,1,0.857838497150881,0.8532059314954052,1286,322,"{'Basal': 167, 'Her2': 179, 'LumA': 560, 'LumB': 380}","{'Basal': 42, 'Her2': 45, 'LumA': 140, 'LumB': 95}",4,False,0.9044117647058824,0.9318181818181818,0.8785714285714286,0.8712871287128713,0.822429906542056,0.9263157894736842,0.7872340425531915,0.7551020408163265,0.8222222222222222,0.868421052631579,0.9705882352941176,0.7857142857142857,1053
classification,RFECA_SVR(k=10),EnsembleSoft,0.05,6,2,0.9052896624983963,0.8948099415204679,1286,322,"{'Basal': 167, 'Her2': 179, 'LumA': 560, 'LumB': 380}","{'Basal': 42, 'Her2': 45, 'LumA': 140, 'LumB': 95}",4,False,0.9415807560137457,0.9072847682119205,0.9785714285714285,0.9021739130434783,0.9325842696629213,0.8736842105263158,0.8505747126436781,0.8809523809523809,0.8222222222222222,0.926829268292683,0.95,0.9047619047619048,1053
classification,RFECA_SVR(k=10),EnsembleSoft,0.05,6,3,0.8674904604381497,0.8641395154553049,1286,322,"{'Basal': 167, 'Her2': 179, 'LumA': 560, 'LumB': 380}","{'Basal': 42, 'Her2': 45, 'LumA': 140, 'LumB': 95}",4,False,0.9198606271777003,0.8979591836734694,0.9428571428571428,0.8461538461538461,0.8850574712643678,0.8105263157894737,0.7789473684210526,0.74,0.8222222222222222,0.925,0.9736842105263158,0.8809523809523809,1053
classification,RFECA_SVR(k=10),EnsembleSoft,0.05,6,4,0.8868299803100227,0.8805367076227154,1287,321,"{'Basal': 168, 'Her2': 179, 'LumA': 560, 'LumB': 380}","{'Basal': 41, 'Her2': 45, 'LumA': 140, 'LumB': 95}",4,False,0.9295774647887324,0.9166666666666666,0.9428571428571428,0.8900523560209425,0.8854166666666666,0.8947368421052632,0.7764705882352941,0.825,0.7333333333333333,0.9512195121951219,0.9512195121951219,0.9512195121951219,1053
classification,RFECA_SVR(k=10),EnsembleSoft,0.05,6,5,0.8770371978578666,0.8579232171337434,1287,321,"{'Basal': 167, 'Her2': 180, 'LumA': 560, 'LumB': 380}","{'Basal': 42, 'Her2': 44, 'LumA': 140, 'LumB': 95}",4,False,0.9251700680272109,0.8831168831168831,0.9714285714285714,0.8829787234042553,0.8924731182795699,0.8736842105263158,0.75,0.8333333333333334,0.6818181818181818,0.95,1.0,0.9047619047619048,1053
classification,RFECA_SVR(k=20),EnsembleSoft,0.05,6,1,0.8663129805771075,0.8623329156223893,1286,322,"{'Basal': 167, 'Her2': 179, 'LumA': 560, 'LumB': 380}","{'Basal': 42, 'Her2': 45, 'LumA': 140, 'LumB': 95}",4,False,0.9124087591240876,0.9328358208955224,0.8928571428571429,0.8844221105527639,0.8461538461538461,0.9263157894736842,0.8,0.76,0.8444444444444444,0.868421052631579,0.9705882352941176,0.7857142857142857,1053
classification,RFECA_SVR(k=20),EnsembleSoft,0.05,6,2,0.9021147423565314,0.8892543859649124,1286,322,"{'Basal': 167, 'Her2': 179, 'LumA': 560, 'LumB': 380}","{'Basal': 42, 'Her2': 45, 'LumA': 140, 'LumB': 95}",4,False,0.9383561643835616,0.9013157894736842,0.9785714285714285,0.8972972972972973,0.9222222222222223,0.8736842105263158,0.8571428571428571,0.9230769230769231,0.8,0.9156626506024096,0.926829268292683,0.9047619047619048,1053
classification,RFECA_SVR(k=20),EnsembleSoft,0.05,6,3,0.8796144770530017,0.8767439431913117,1286,322,"{'Basal': 167, 'Her2': 179, 'LumA': 560, 'LumB': 380}","{'Basal': 42, 'Her2': 45, 'LumA': 140, 'LumB': 95}",4,False,0.9300699300699301,0.910958904109589,0.95,0.8633879781420765,0.8977272727272727,0.8315789473684211,0.8,0.76,0.8444444444444444,0.925,0.9736842105263158,0.8809523809523809,1053
classification,RFECA_SVR(k=20),EnsembleSoft,0.05,6,4,0.8770763176316807,0.8714097234957313,1287,321,"{'Basal': 168, 'Her2': 179, 'LumA': 560, 'LumB': 380}","{'Basal': 41, 'Her2': 45, 'LumA': 140, 'LumB': 95}",4,False,0.9187279151943463,0.9090909090909091,0.9285714285714286,0.8854166666666666,0.8762886597938144,0.8947368421052632,0.7529411764705882,0.8,0.7111111111111111,0.9512195121951219,0.9512195121951219,0.9512195121951219,1053
classification,RFECA_SVR(k=20),EnsembleSoft,0.05,6,5,0.8810508902883984,0.861400660742766,1287,321,"{'Basal': 167, 'Her2': 180, 'LumA': 560, 'LumB': 380}","{'Basal': 42, 'Her2': 44, 'LumA': 140, 'LumB': 95}",4,False,0.9246575342465754,0.8881578947368421,0.9642857142857143,0.8900523560209425,0.8854166666666666,0.8947368421052632,0.759493670886076,0.8571428571428571,0.6818181818181818,0.95,1.0,0.9047619047619048,1053
classification,MissForest,EnsembleSoft,0.05,6,1,0.8679953370868942,0.8634711779448621,1286,322,"{'Basal': 167, 'Her2': 179, 'LumA': 560, 'LumB': 380}","{'Basal': 42, 'Her2': 45, 'LumA': 140, 'LumB': 95}",4,False,0.9051094890510949,0.9253731343283582,0.8857142857142857,0.8743718592964824,0.8365384615384616,0.9157894736842105,0.8125,0.7647058823529411,0.8666666666666667,0.88,1.0,0.7857142857142857,1053
classification,MissForest,EnsembleSoft,0.05,6,2,0.9029837521769752,0.8921783625730995,1286,322,"{'Basal': 167, 'Her2': 179, 'LumA': 560, 'LumB': 380}","{'Basal': 42, 'Her2': 45, 'LumA': 140, 'LumB': 95}",4,False,0.9383561643835616,0.9013157894736842,0.9785714285714285,0.8961748633879781,0.9318181818181818,0.8631578947368421,0.8505747126436781,0.8809523809523809,0.8222222222222222,0.926829268292683,0.95,0.9047619047619048,1053
classification,MissForest,EnsembleSoft,0.05,6,3,0.8744045577400144,0.8717836257309942,1286,322,"{'Basal': 167, 'Her2': 179, 'LumA': 560, 'LumB': 380}","{'Basal': 42, 'Her2': 45, 'LumA': 140, 'LumB': 95}",4,False,0.9187279151943463,0.9090909090909091,0.9285714285714286,0.8449197860962567,0.8586956521739131,0.8315789473684211,0.7956989247311828,0.7708333333333334,0.8222222222222222,0.9382716049382716,0.9743589743589743,0.9047619047619048,1053
classification,MissForest,EnsembleSoft,0.05,6,4,0.8703552677826105,0.8664504248425943,1287,321,"{'Basal': 168, 'Her2': 179, 'LumA': 560, 'LumB': 380}","{'Basal': 41, 'Her2': 45, 'LumA': 140, 'LumB': 95}",4,False,0.9181494661921709,0.9148936170212766,0.9214285714285714,0.875,0.865979381443299,0.8842105263157894,0.75,0.7674418604651163,0.7333333333333333,0.9382716049382716,0.95,0.926829268292683,1053
classification,MissForest,EnsembleSoft,0.05,6,5,0.881754686373468,0.8626651856915015,1287,321,"{'Basal': 167, 'Her2': 180, 'LumA': 560, 'LumB': 380}","{'Basal': 42, 'Her2': 44, 'LumA': 140, 'LumB': 95}",4,False,0.9178082191780822,0.881578947368421,0.9571428571428572,0.8842105263157894,0.8842105263157894,0.8842105263157894,0.775,0.8611111111111112,0.7045454545454546,0.95,1.0,0.9047619047619048,1053
classification,SimpleMean,EnsembleSoft,0.05,7,1,0.8653916141899608,0.8643170426065163,1286,322,"{'Basal': 167, 'Her2': 179, 'LumA': 560, 'LumB': 380}","{'Basal': 42, 'Her2': 45, 'LumA': 140, 'LumB': 95}",4,False,0.9077490774907749,0.9389312977099237,0.8785714285714286,0.8756218905472637,0.8301886792452831,0.9263157894736842,0.8210526315789474,0.78,0.8666666666666667,0.8571428571428571,0.9428571428571428,0.7857142857142857,1054
classification,SimpleMean,EnsembleSoft,0.05,7,2,0.9064879339269583,0.8968984962406016,1286,322,"{'Basal': 167, 'Her2': 179, 'LumA': 560, 'LumB': 380}","{'Basal': 42, 'Her2': 45, 'LumA': 140, 'LumB': 95}",4,False,0.9407665505226481,0.9183673469387755,0.9642857142857143,0.8994708994708994,0.9042553191489362,0.8947368421052632,0.8571428571428571,0.9230769230769231,0.8,0.9285714285714286,0.9285714285714286,0.9285714285714286,1054
classification,SimpleMean,EnsembleSoft,0.05,7,3,0.8730252900984609,0.8675647451963242,1286,322,"{'Basal': 167, 'Her2': 179, 'LumA': 560, 'LumB': 380}","{'Basal': 42, 'Her2': 45, 'LumA': 140, 'LumB': 95}",4,False,0.9198606271777003,0.8979591836734694,0.9428571428571428,0.8432432432432433,0.8666666666666667,0.8210526315789474,0.7777777777777778,0.7777777777777778,0.7777777777777778,0.9512195121951219,0.975,0.9285714285714286,1054
classification,SimpleMean,EnsembleSoft,0.05,7,4,0.8717408576451129,0.8685285367891273,1287,321,"{'Basal': 168, 'Her2': 179, 'LumA': 560, 'LumB': 380}","{'Basal': 41, 'Her2': 45, 'LumA': 140, 'LumB': 95}",4,False,0.9219858156028369,0.9154929577464789,0.9285714285714286,0.8677248677248677,0.8723404255319149,0.8631578947368421,0.7472527472527473,0.7391304347826086,0.7555555555555555,0.95,0.9743589743589743,0.926829268292683,1054
classification,SimpleMean,EnsembleSoft,0.05,7,5,0.878490607832713,0.8536084529505582,1287,321,"{'Basal': 167, 'Her2': 180, 'LumA': 560, 'LumB': 380}","{'Basal': 42, 'Her2': 44, 'LumA': 140, 'LumB': 95}",4,False,0.9225589225589226,0.8726114649681529,0.9785714285714285,0.8947368421052632,0.8947368421052632,0.8947368421052632,0.7466666666666667,0.9032258064516129,0.6363636363636364,0.95,1.0,0.9047619047619048,1054
classification,"KNN(k=5,dist)",EnsembleSoft,0.05,7,1,0.8643457785068815,0.8617794486215539,1286,322,"{'Basal': 167, 'Her2': 179, 'LumA': 560, 'LumB': 380}","{'Basal': 42, 'Her2': 45, 'LumA': 140, 'LumB': 95}",4,False,0.9130434782608695,0.9264705882352942,0.9,0.8717948717948718,0.85,0.8947368421052632,0.8041237113402062,0.75,0.8666666666666667,0.868421052631579,0.9705882352941176,0.7857142857142857,1054
classification,"KNN(k=5,dist)",EnsembleSoft,0.05,7,2,0.9142657334466315,0.903842940685046,1286,322,"{'Basal': 167, 'Her2': 179, 'LumA': 560, 'LumB': 380}","{'Basal': 42, 'Her2': 45, 'LumA': 140, 'LumB': 95}",4,False,0.9411764705882353,0.912751677852349,0.9714285714285714,0.9139784946236559,0.9340659340659341,0.8947368421052632,0.8636363636363636,0.8837209302325582,0.8444444444444444,0.9382716049382716,0.9743589743589743,0.9047619047619048,1054
classification,"KNN(k=5,dist)",EnsembleSoft,0.05,7,3,0.8629834390198698,0.8588345864661653,1286,322,"{'Basal': 167, 'Her2': 179, 'LumA': 560, 'LumB': 380}","{'Basal': 42, 'Her2': 45, 'LumA': 140, 'LumB': 95}",4,False,0.9122807017543859,0.896551724137931,0.9285714285714286,0.8342245989304813,0.8478260869565217,0.8210526315789474,0.7415730337078652,0.75,0.7333333333333333,0.963855421686747,0.975609756097561,0.9523809523809523,1054
classification,"KNN(k=5,dist)",EnsembleSoft,0.05,7,4,0.89292090883804,0.887772530920798,1287,321,"{'Basal': 168, 'Her2': 179, 'LumA': 560, 'LumB': 380}","{'Basal': 41, 'Her2': 45, 'LumA': 140, 'LumB': 95}",4,False,0.9257950530035336,0.916083916083916,0.9357142857142857,0.8795811518324608,0.875,0.8842105263157894,0.7906976744186046,0.8292682926829268,0.7555555555555555,0.975609756097561,0.975609756097561,0.975609756097561,1054
classification,"KNN(k=5,dist)",EnsembleSoft,0.05,7,5,0.8743572099892589,0.8518227386648439,1287,321,"{'Basal': 167, 'Her2': 180, 'LumA': 560, 'LumB': 380}","{'Basal': 42, 'Her2': 44, 'LumA': 140, 'LumB': 95}",4,False,0.9251700680272109,0.8831168831168831,0.9714285714285714,0.8854166666666666,0.8762886597938144,0.8947368421052632,0.7368421052631579,0.875,0.6363636363636364,0.95,1.0,0.9047619047619048,1054
classification,RFECA_SVR(k=5),EnsembleSoft,0.05,7,1,0.8822619409575931,0.8803362573099416,1286,322,"{'Basal': 167, 'Her2': 179, 'LumA': 560, 'LumB': 380}","{'Basal': 42, 'Her2': 45, 'LumA': 140, 'LumB': 95}",4,False,0.9202898550724637,0.9338235294117647,0.9071428571428571,0.8923076923076924,0.87,0.9157894736842105,0.8333333333333334,0.7843137254901961,0.8888888888888888,0.8831168831168831,0.9714285714285714,0.8095238095238095,1054
classification,RFECA_SVR(k=5),EnsembleSoft,0.05,7,2,0.9114156594079648,0.9003654970760234,1286,322,"{'Basal': 167, 'Her2': 179, 'LumA': 560, 'LumB': 380}","{'Basal': 42, 'Her2': 45, 'LumA': 140, 'LumB': 95}",4,False,0.9415807560137457,0.9072847682119205,0.9785714285714285,0.9021739130434783,0.9325842696629213,0.8736842105263158,0.8636363636363636,0.8837209302325582,0.8444444444444444,0.9382716049382716,0.9743589743589743,0.9047619047619048,1054
classification,RFECA_SVR(k=5),EnsembleSoft,0.05,7,3,0.874957480194,0.8708855472013367,1286,322,"{'Basal': 167, 'Her2': 179, 'LumA': 560, 'LumB': 380}","{'Basal': 42, 'Her2': 45, 'LumA': 140, 'LumB': 95}",4,False,0.9166666666666666,0.8918918918918919,0.9428571428571428,0.8415300546448088,0.875,0.8105263157894737,0.7777777777777778,0.7777777777777778,0.7777777777777778,0.963855421686747,0.975609756097561,0.9523809523809523,1054
classification,RFECA_SVR(k=5),EnsembleSoft,0.05,7,4,0.8811821286003705,0.8764232736312326,1287,321,"{'Basal': 168, 'Her2': 179, 'LumA': 560, 'LumB': 380}","{'Basal': 41, 'Her2': 45, 'LumA': 140, 'LumB': 95}",4,False,0.9252669039145908,0.9219858156028369,0.9285714285714286,0.8854166666666666,0.8762886597938144,0.8947368421052632,0.7640449438202247,0.7727272727272727,0.7555555555555555,0.95,0.9743589743589743,0.926829268292683,1054
classification,RFECA_SVR(k=5),EnsembleSoft,0.05,7,5,0.8737916843545115,0.8491911597174755,1287,321,"{'Basal': 167, 'Her2': 180, 'LumA': 560, 'LumB': 380}","{'Basal': 42, 'Her2': 44, 'LumA': 140, 'LumB': 95}",4,False,0.918918918918919,0.8717948717948718,0.9714285714285714,0.8795811518324608,0.875,0.8842105263157894,0.7466666666666667,0.9032258064516129,0.6363636363636364,0.95,1.0,0.9047619047619048,1054
classification,RFECA_SVR(k=10),EnsembleSoft,0.05,7,1,0.8774063856396674,0.8725981620718462,1286,322,"{'Basal': 167, 'Her2': 179, 'LumA': 560, 'LumB': 380}","{'Basal': 42, 'Her2': 45, 'LumA': 140, 'LumB': 95}",4,False,0.9130434782608695,0.9264705882352942,0.9,0.883248730964467,0.8529411764705882,0.9157894736842105,0.8333333333333334,0.7843137254901961,0.8888888888888888,0.88,1.0,0.7857142857142857,1054
classification,RFECA_SVR(k=10),EnsembleSoft,0.05,7,2,0.907112806376531,0.895655806182122,1286,322,"{'Basal': 167, 'Her2': 179, 'LumA': 560, 'LumB': 380}","{'Basal': 42, 'Her2': 45, 'LumA': 140, 'LumB': 95}",4,False,0.9379310344827586,0.9066666666666666,0.9714285714285714,0.9032258064516129,0.9230769230769231,0.8842105263157894,0.8604651162790697,0.9024390243902439,0.8222222222222222,0.926829268292683,0.95,0.9047619047619048,1054
classification,RFECA_SVR(k=10),EnsembleSoft,0.05,7,3,0.8773299783996867,0.8735171261487051,1286,322,"{'Basal': 167, 'Her2': 179, 'LumA': 560, 'LumB': 380}","{'Basal': 42, 'Her2': 45, 'LumA': 140, 'LumB': 95}",4,False,0.9198606271777003,0.8979591836734694,0.9428571428571428,0.8478260869565217,0.8764044943820225,0.8210526315789474,0.7777777777777778,0.7777777777777778,0.7777777777777778,0.963855421686747,0.975609756097561,0.9523809523809523,1054
classification,RFECA_SVR(k=10),EnsembleSoft,0.05,7,4,0.8843054883945842,0.8782089879169469,1287,321,"{'Basal': 168, 'Her2': 179, 'LumA': 560, 'LumB': 380}","{'Basal': 41, 'Her2': 45, 'LumA': 140, 'LumB': 95}",4,False,0.9290780141843972,0.9225352112676056,0.9357142857142857,0.8854166666666666,0.8762886597938144,0.8947368421052632,0.7727272727272727,0.7906976744186046,0.7555555555555555,0.95,0.9743589743589743,0.926829268292683,1054
classification,RFECA_SVR(k=10),EnsembleSoft,0.05,7,5,0.8696953987708843,0.8432387787650946,1287,321,"{'Basal': 167, 'Her2': 180, 'LumA': 560, 'LumB': 380}","{'Basal': 42, 'Her2': 44, 'LumA': 140, 'LumB': 95}",4,False,0.9158249158249159,0.8662420382165605,0.9714285714285714,0.8795811518324608,0.875,0.8842105263157894,0.7466666666666667,0.9032258064516129,0.6363636363636364,0.9367088607594937,1.0,0.8809523809523809,1054
classification,RFECA_SVR(k=20),EnsembleSoft,0.05,7,1,0.8738084601131453,0.8731934001670842,1286,322,"{'Basal': 167, 'Her2': 179, 'LumA': 560, 'LumB': 380}","{'Basal': 42, 'Her2': 45, 'LumA': 140, 'LumB': 95}",4,False,0.9044117647058824,0.9318181818181818,0.8785714285714286,0.8743718592964824,0.8365384615384616,0.9157894736842105,0.8333333333333334,0.7843137254901961,0.8888888888888888,0.8831168831168831,0.9714285714285714,0.8095238095238095,1054
classification,RFECA_SVR(k=20),EnsembleSoft,0.05,7,2,0.9153809218627325,0.9029970760233919,1286,322,"{'Basal': 167, 'Her2': 179, 'LumA': 560, 'LumB': 380}","{'Basal': 42, 'Her2': 45, 'LumA': 140, 'LumB': 95}",4,False,0.9415807560137457,0.9072847682119205,0.9785714285714285,0.9081081081081082,0.9333333333333333,0.8842105263157894,0.8735632183908046,0.9047619047619048,0.8444444444444444,0.9382716049382716,0.9743589743589743,0.9047619047619048,1054
classification,RFECA_SVR(k=20),EnsembleSoft,0.05,7,3,0.8775612575907508,0.8705931495405179,1286,322,"{'Basal': 167, 'Her2': 179, 'LumA': 560, 'LumB': 380}","{'Basal': 42, 'Her2': 45, 'LumA': 140, 'LumB': 95}",4,False,0.9198606271777003,0.8979591836734694,0.9428571428571428,0.8449197860962567,0.8586956521739131,0.8315789473684211,0.7816091954022989,0.8095238095238095,0.7555555555555555,0.963855421686747,0.975609756097561,0.9523809523809523,1054
classification,RFECA_SVR(k=20),EnsembleSoft,0.05,7,4,0.8860785380399743,0.8799947022026612,1287,321,"{'Basal': 168, 'Her2': 179, 'LumA': 560, 'LumB': 380}","{'Basal': 41, 'Her2': 45, 'LumA': 140, 'LumB': 95}",4,False,0.9361702127659575,0.9295774647887324,0.9428571428571428,0.8854166666666666,0.8762886597938144,0.8947368421052632,0.7727272727272727,0.7906976744186046,0.7555555555555555,0.95,0.9743589743589743,0.926829268292683,1054
classification,RFECA_SVR(k=20),EnsembleSoft,0.05,7,5,0.8618828428955011,0.8379756208703577,1287,321,"{'Basal': 167, 'Her2': 180, 'LumA': 560, 'LumB': 380}","{'Basal': 42, 'Her2': 44, 'LumA': 140, 'LumB': 95}",4,False,0.9158249158249159,0.8662420382165605,0.9714285714285714,0.8677248677248677,0.8723404255319149,0.8631578947368421,0.7272727272727273,0.8484848484848485,0.6363636363636364,0.9367088607594937,1.0,0.8809523809523809,1054
classification,MissForest,EnsembleSoft,0.05,7,1,0.8798167033376407,0.876764828738513,1286,322,"{'Basal': 167, 'Her2': 179, 'LumA': 560, 'LumB': 380}","{'Basal': 42, 'Her2': 45, 'LumA': 140, 'LumB': 95}",4,False,0.9124087591240876,0.9328358208955224,0.8928571428571429,0.8787878787878788,0.8446601941747572,0.9157894736842105,0.8333333333333334,0.7843137254901961,0.8888888888888888,0.8947368421052632,1.0,0.8095238095238095,1054
classification,MissForest,EnsembleSoft,0.05,7,2,0.9128517539606114,0.9012113617376776,1286,322,"{'Basal': 167, 'Her2': 179, 'LumA': 560, 'LumB': 380}","{'Basal': 42, 'Her2': 45, 'LumA': 140, 'LumB': 95}",4,False,0.9411764705882353,0.912751677852349,0.9714285714285714,0.8983957219251337,0.9130434782608695,0.8842105263157894,0.8735632183908046,0.9047619047619048,0.8444444444444444,0.9382716049382716,0.9743589743589743,0.9047619047619048,1054
classification,MissForest,EnsembleSoft,0.05,7,3,0.8707946036139613,0.8650375939849623,1286,322,"{'Basal': 167, 'Her2': 179, 'LumA': 560, 'LumB': 380}","{'Basal': 42, 'Her2': 45, 'LumA': 140, 'LumB': 95}",4,False,0.9198606271777003,0.8979591836734694,0.9428571428571428,0.8494623655913979,0.8681318681318682,0.8315789473684211,0.75,0.7674418604651163,0.7333333333333333,0.963855421686747,0.975609756097561,0.9523809523809523,1054
classification,MissForest,EnsembleSoft,0.05,7,4,0.8883973927652737,0.8829186788108483,1287,321,"{'Basal': 168, 'Her2': 179, 'LumA': 560, 'LumB': 380}","{'Basal': 41, 'Her2': 45, 'LumA': 140, 'LumB': 95}",4,False,0.9328621908127208,0.9230769230769231,0.9428571428571428,0.8842105263157894,0.8842105263157894,0.8842105263157894,0.7865168539325843,0.7954545454545454,0.7777777777777778,0.95,0.9743589743589743,0.926829268292683,1054
classification,MissForest,EnsembleSoft,0.05,7,5,0.8666058496711996,0.8423929141034404,1287,321,"{'Basal': 167, 'Her2': 180, 'LumA': 560, 'LumB': 380}","{'Basal': 42, 'Her2': 44, 'LumA': 140, 'LumB': 95}",4,False,0.9194630872483222,0.8670886075949367,0.9785714285714285,0.8829787234042553,0.8924731182795699,0.8736842105263158,0.7272727272727273,0.8484848484848485,0.6363636363636364,0.9367088607594937,1.0,0.8809523809523809,1054
classification,SimpleMean,EnsembleSoft,0.05,8,1,0.8814448253914535,0.8784565580618211,1286,322,"{'Basal': 167, 'Her2': 179, 'LumA': 560, 'LumB': 380}","{'Basal': 42, 'Her2': 45, 'LumA': 140, 'LumB': 95}",4,False,0.9077490774907749,0.9389312977099237,0.8785714285714286,0.8811881188118812,0.8317757009345794,0.9368421052631579,0.8421052631578947,0.8,0.8888888888888888,0.8947368421052632,1.0,0.8095238095238095,1055
classification,SimpleMean,EnsembleSoft,0.05,8,2,0.894250689786404,0.8809628237259816,1286,322,"{'Basal': 167, 'Her2': 179, 'LumA': 560, 'LumB': 380}","{'Basal': 42, 'Her2': 45, 'LumA': 140, 'LumB': 95}",4,False,0.9319727891156463,0.8896103896103896,0.9785714285714285,0.8791208791208791,0.9195402298850575,0.8421052631578947,0.8409090909090909,0.8604651162790697,0.8222222222222222,0.925,0.9736842105263158,0.8809523809523809,1055
classification,SimpleMean,EnsembleSoft,0.05,8,3,0.8828632770965412,0.8754594820384295,1286,322,"{'Basal': 167, 'Her2': 179, 'LumA': 560, 'LumB': 380}","{'Basal': 42, 'Her2': 45, 'LumA': 140, 'LumB': 95}",4,False,0.9230769230769231,0.9041095890410958,0.9428571428571428,0.8617021276595744,0.8709677419354839,0.8526315789473684,0.7954545454545454,0.813953488372093,0.7777777777777778,0.9512195121951219,0.975,0.9285714285714286,1055
classification,SimpleMean,EnsembleSoft,0.05,8,4,0.8707566273932252,0.8656160217617214,1287,321,"{'Basal': 168, 'Her2': 179, 'LumA': 560, 'LumB': 380}","{'Basal': 41, 'Her2': 45, 'LumA': 140, 'LumB': 95}",4,False,0.9214285714285714,0.9214285714285714,0.9214285714285714,0.8865979381443299,0.8686868686868687,0.9052631578947369,0.75,0.7674418604651163,0.7333333333333333,0.925,0.9487179487179487,0.9024390243902439,1055
classification,SimpleMean,EnsembleSoft,0.05,8,5,0.8736001361016611,0.853235361130098,1287,321,"{'Basal': 167, 'Her2': 180, 'LumA': 560, 'LumB': 380}","{'Basal': 42, 'Her2': 44, 'LumA': 140, 'LumB': 95}",4,False,0.9152542372881356,0.8709677419354839,0.9642857142857143,0.8770053475935828,0.8913043478260869,0.8631578947368421,0.7654320987654321,0.8378378378378378,0.7045454545454546,0.9367088607594937,1.0,0.8809523809523809,1055
classification,"KNN(k=5,dist)",EnsembleSoft,0.05,8,1,0.881122655365108,0.8799916457811194,1286,322,"{'Basal': 167, 'Her2': 179, 'LumA': 560, 'LumB': 380}","{'Basal': 42, 'Her2': 45, 'LumA': 140, 'LumB': 95}",4,False,0.9003690036900369,0.9312977099236641,0.8714285714285714,0.8756218905472637,0.8301886792452831,0.9263157894736842,0.851063829787234,0.8163265306122449,0.8888888888888888,0.8974358974358975,0.9722222222222222,0.8333333333333334,1055
classification,"KNN(k=5,dist)",EnsembleSoft,0.05,8,2,0.8880900054451972,0.877391395154553,1286,322,"{'Basal': 167, 'Her2': 179, 'LumA': 560, 'LumB': 380}","{'Basal': 42, 'Her2': 45, 'LumA': 140, 'LumB': 95}",4,False,0.9310344827586207,0.9,0.9642857142857143,0.8648648648648649,0.8888888888888888,0.8421052631578947,0.8314606741573034,0.8409090909090909,0.8222222222222222,0.925,0.9736842105263158,0.8809523809523809,1055
classification,"KNN(k=5,dist)",EnsembleSoft,0.05,8,3,0.8748947385428962,0.8718880534670009,1286,322,"{'Basal': 167, 'Her2': 179, 'LumA': 560, 'LumB': 380}","{'Basal': 42, 'Her2': 45, 'LumA': 140, 'LumB': 95}",4,False,0.9219858156028369,0.9154929577464789,0.9285714285714286,0.8571428571428571,0.8617021276595744,0.8526315789473684,0.7692307692307693,0.7608695652173914,0.7777777777777778,0.9512195121951219,0.975,0.9285714285714286,1055
classification,"KNN(k=5,dist)",EnsembleSoft,0.05,8,4,0.8783411633907433,0.8729572916029913,1287,321,"{'Basal': 168, 'Her2': 179, 'LumA': 560, 'LumB': 380}","{'Basal': 41, 'Her2': 45, 'LumA': 140, 'LumB': 95}",4,False,0.9252669039145908,0.9219858156028369,0.9285714285714286,0.8958333333333334,0.8865979381443299,0.9052631578947369,0.7555555555555555,0.7555555555555555,0.7555555555555555,0.9367088607594937,0.9736842105263158,0.9024390243902439,1055
classification,"KNN(k=5,dist)",EnsembleSoft,0.05,8,5,0.8746951012250337,0.8528167008430166,1287,321,"{'Basal': 167, 'Her2': 180, 'LumA': 560, 'LumB': 380}","{'Basal': 42, 'Her2': 44, 'LumA': 140, 'LumB': 95}",4,False,0.9183673469387755,0.8766233766233766,0.9642857142857143,0.8842105263157894,0.8842105263157894,0.8842105263157894,0.759493670886076,0.8571428571428571,0.6818181818181818,0.9367088607594937,1.0,0.8809523809523809,1055
classification,RFECA_SVR(k=5),EnsembleSoft,0.05,8,1,0.8730923848842449,0.8698725981620719,1286,322,"{'Basal': 167, 'Her2': 179, 'LumA': 560, 'LumB': 380}","{'Basal': 42, 'Her2': 45, 'LumA': 140, 'LumB': 95}",4,False,0.9077490774907749,0.9389312977099237,0.8785714285714286,0.8712871287128713,0.822429906542056,0.9263157894736842,0.8333333333333334,0.7843137254901961,0.8888888888888888,0.88,1.0,0.7857142857142857,1055
classification,RFECA_SVR(k=5),EnsembleSoft,0.05,8,2,0.8884652357737499,0.877391395154553,1286,322,"{'Basal': 167, 'Her2': 179, 'LumA': 560, 'LumB': 380}","{'Basal': 42, 'Her2': 45, 'LumA': 140, 'LumB': 95}",4,False,0.9278350515463918,0.8940397350993378,0.9642857142857143,0.8695652173913043,0.898876404494382,0.8421052631578947,0.8314606741573034,0.8409090909090909,0.8222222222222222,0.925,0.9736842105263158,0.8809523809523809,1055
classification,RFECA_SVR(k=5),EnsembleSoft,0.05,8,3,0.8797129463924769,0.8733813700918964,1286,322,"{'Basal': 167, 'Her2': 179, 'LumA': 560, 'LumB': 380}","{'Basal': 42, 'Her2': 45, 'LumA': 140, 'LumB': 95}",4,False,0.9257950530035336,0.916083916083916,0.9357142857142857,0.8691099476439791,0.8645833333333334,0.8736842105263158,0.7727272727272727,0.7906976744186046,0.7555555555555555,0.9512195121951219,0.975,0.9285714285714286,1055
classification,RFECA_SVR(k=5),EnsembleSoft,0.05,8,4,0.8869096550612507,0.8808405668643153,1287,321,"{'Basal': 168, 'Her2': 179, 'LumA': 560, 'LumB': 380}","{'Basal': 41, 'Her2': 45, 'LumA': 140, 'LumB': 95}",4,False,0.9290780141843972,0.9225352112676056,0.9357142857142857,0.8958333333333334,0.8865979381443299,0.9052631578947369,0.7727272727272727,0.7906976744186046,0.7555555555555555,0.95,0.9743589743589743,0.926829268292683,1055
classification,RFECA_SVR(k=5),EnsembleSoft,0.05,8,5,0.8862675058279785,0.8640322396901344,1287,321,"{'Basal': 167, 'Her2': 180, 'LumA': 560, 'LumB': 380}","{'Basal': 42, 'Her2': 44, 'LumA': 140, 'LumB': 95}",4,False,0.9246575342465754,0.8881578947368421,0.9642857142857143,0.8911917098445595,0.8775510204081632,0.9052631578947369,0.7792207792207793,0.9090909090909091,0.6818181818181818,0.95,1.0,0.9047619047619048,1055
classification,RFECA_SVR(k=10),EnsembleSoft,0.05,8,1,0.8674747847585722,0.865455304928989,1286,322,"{'Basal': 167, 'Her2': 179, 'LumA': 560, 'LumB': 380}","{'Basal': 42, 'Her2': 45, 'LumA': 140, 'LumB': 95}",4,False,0.8937728937728938,0.9172932330827067,0.8714285714285714,0.8743718592964824,0.8365384615384616,0.9157894736842105,0.8333333333333334,0.7843137254901961,0.8888888888888888,0.868421052631579,0.9705882352941176,0.7857142857142857,1055
classification,RFECA_SVR(k=10),EnsembleSoft,0.05,8,2,0.8820835361715252,0.8706975772765246,1286,322,"{'Basal': 167, 'Her2': 179, 'LumA': 560, 'LumB': 380}","{'Basal': 42, 'Her2': 45, 'LumA': 140, 'LumB': 95}",4,False,0.9315068493150684,0.8947368421052632,0.9714285714285714,0.8804347826086957,0.9101123595505618,0.8526315789473684,0.813953488372093,0.8536585365853658,0.7777777777777778,0.9024390243902439,0.925,0.8809523809523809,1055
classification,RFECA_SVR(k=10),EnsembleSoft,0.05,8,3,0.8816723284670205,0.8763053467000836,1286,322,"{'Basal': 167, 'Her2': 179, 'LumA': 560, 'LumB': 380}","{'Basal': 42, 'Her2': 45, 'LumA': 140, 'LumB': 95}",4,False,0.9257950530035336,0.916083916083916,0.9357142857142857,0.8631578947368421,0.8631578947368421,0.8631578947368421,0.7865168539325843,0.7954545454545454,0.7777777777777778,0.9512195121951219,0.975,0.9285714285714286,1055
classification,RFECA_SVR(k=10),EnsembleSoft,0.05,8,4,0.8814162880243622,0.8747430058887056,1287,321,"{'Basal': 168, 'Her2': 179, 'LumA': 560, 'LumB': 380}","{'Basal': 41, 'Her2': 45, 'LumA': 140, 'LumB': 95}",4,False,0.9290780141843972,0.9225352112676056,0.9357142857142857,0.8958333333333334,0.8865979381443299,0.9052631578947369,0.7640449438202247,0.7727272727272727,0.7555555555555555,0.9367088607594937,0.9736842105263158,0.9024390243902439,1055
classification,RFECA_SVR(k=10),EnsembleSoft,0.05,8,5,0.8804472185203495,0.8580798587377535,1287,321,"{'Basal': 167, 'Her2': 180, 'LumA': 560, 'LumB': 380}","{'Basal': 42, 'Her2': 44, 'LumA': 140, 'LumB': 95}",4,False,0.9246575342465754,0.8881578947368421,0.9642857142857143,0.8911917098445595,0.8775510204081632,0.9052631578947369,0.7692307692307693,0.8823529411764706,0.6818181818181818,0.9367088607594937,1.0,0.8809523809523809,1055
classification,RFECA_SVR(k=20),EnsembleSoft,0.05,8,1,0.8653650670794635,0.8636695906432748,1286,322,"{'Basal': 167, 'Her2': 179, 'LumA': 560, 'LumB': 380}","{'Basal': 42, 'Her2': 45, 'LumA': 140, 'LumB': 95}",4,False,0.8897058823529411,0.9166666666666666,0.8642857142857143,0.87,0.8285714285714286,0.9157894736842105,0.8333333333333334,0.7843137254901961,0.8888888888888888,0.868421052631579,0.9705882352941176,0.7857142857142857,1055
classification,RFECA_SVR(k=20),EnsembleSoft,0.05,8,2,0.886694495560302,0.8762531328320802,1286,322,"{'Basal': 167, 'Her2': 179, 'LumA': 560, 'LumB': 380}","{'Basal': 42, 'Her2': 45, 'LumA': 140, 'LumB': 95}",4,False,0.9315068493150684,0.8947368421052632,0.9714285714285714,0.8852459016393442,0.9204545454545454,0.8526315789473684,0.8275862068965517,0.8571428571428571,0.8,0.9024390243902439,0.925,0.8809523809523809,1055
classification,RFECA_SVR(k=20),EnsembleSoft,0.05,8,3,0.8737474007652606,0.8685150375939849,1286,322,"{'Basal': 167, 'Her2': 179, 'LumA': 560, 'LumB': 380}","{'Basal': 42, 'Her2': 45, 'LumA': 140, 'LumB': 95}",4,False,0.9225352112676056,0.9097222222222222,0.9357142857142857,0.8526315789473684,0.8526315789473684,0.8526315789473684,0.7674418604651163,0.8048780487804879,0.7333333333333333,0.9523809523809523,0.9523809523809523,0.9523809523809523,1055
classification,RFECA_SVR(k=20),EnsembleSoft,0.05,8,4,0.8865758310522107,0.8808405668643153,1287,321,"{'Basal': 168, 'Her2': 179, 'LumA': 560, 'LumB': 380}","{'Basal': 41, 'Her2': 45, 'LumA': 140, 'LumB': 95}",4,False,0.9323843416370107,0.9290780141843972,0.9357142857142857,0.8911917098445595,0.8775510204081632,0.9052631578947369,0.7727272727272727,0.7906976744186046,0.7555555555555555,0.95,0.9743589743589743,0.926829268292683,1055
classification,RFECA_SVR(k=20),EnsembleSoft,0.05,8,5,0.8861108008172331,0.8631863750284803,1287,321,"{'Basal': 167, 'Her2': 180, 'LumA': 560, 'LumB': 380}","{'Basal': 42, 'Her2': 44, 'LumA': 140, 'LumB': 95}",4,False,0.9251700680272109,0.8831168831168831,0.9714285714285714,0.8900523560209425,0.8854166666666666,0.8947368421052632,0.7792207792207793,0.9090909090909091,0.6818181818181818,0.95,1.0,0.9047619047619048,1055
classification,MissForest,EnsembleSoft,0.05,8,1,0.8592827602505022,0.8569757727652465,1286,322,"{'Basal': 167, 'Her2': 179, 'LumA': 560, 'LumB': 380}","{'Basal': 42, 'Her2': 45, 'LumA': 140, 'LumB': 95}",4,False,0.8937728937728938,0.9172932330827067,0.8714285714285714,0.88,0.8380952380952381,0.9263157894736842,0.8172043010752689,0.7916666666666666,0.8444444444444444,0.8461538461538461,0.9166666666666666,0.7857142857142857,1055
classification,MissForest,EnsembleSoft,0.05,8,2,0.8843967257572231,0.8733291562238931,1286,322,"{'Basal': 167, 'Her2': 179, 'LumA': 560, 'LumB': 380}","{'Basal': 42, 'Her2': 45, 'LumA': 140, 'LumB': 95}",4,False,0.9347079037800687,0.9006622516556292,0.9714285714285714,0.8864864864864865,0.9111111111111111,0.8631578947368421,0.813953488372093,0.8536585365853658,0.7777777777777778,0.9024390243902439,0.925,0.8809523809523809,1055
classification,MissForest,EnsembleSoft,0.05,8,3,0.8770246103822439,0.8710421888053468,1286,322,"{'Basal': 167, 'Her2': 179, 'LumA': 560, 'LumB': 380}","{'Basal': 42, 'Her2': 45, 'LumA': 140, 'LumB': 95}",4,False,0.9192982456140351,0.903448275862069,0.9357142857142857,0.851063829787234,0.8602150537634409,0.8421052631578947,0.7865168539325843,0.7954545454545454,0.7777777777777778,0.9512195121951219,0.975,0.9285714285714286,1055
classification,MissForest,EnsembleSoft,0.05,8,4,0.8758261476810518,0.8737916946838642,1287,321,"{'Basal': 168, 'Her2': 179, 'LumA': 560, 'LumB': 380}","{'Basal': 41, 'Her2': 45, 'LumA': 140, 'LumB': 95}",4,False,0.9252669039145908,0.9219858156028369,0.9285714285714286,0.8842105263157894,0.8842105263157894,0.8842105263157894,0.7555555555555555,0.7555555555555555,0.7555555555555555,0.9382716049382716,0.95,0.926829268292683,1055
classification,MissForest,EnsembleSoft,0.05,8,5,0.8741029594270344,0.8543517885623149,1287,321,"{'Basal': 167, 'Her2': 180, 'LumA': 560, 'LumB': 380}","{'Basal': 42, 'Her2': 44, 'LumA': 140, 'LumB': 95}",4,False,0.9178082191780822,0.881578947368421,0.9571428571428572,0.8691099476439791,0.8645833333333334,0.8736842105263158,0.759493670886076,0.8571428571428571,0.6818181818181818,0.95,1.0,0.9047619047619048,1055
classification,SimpleMean,EnsembleSoft,0.05,9,1,0.8617097074006078,0.8576232247284878,1286,322,"{'Basal': 167, 'Her2': 179, 'LumA': 560, 'LumB': 380}","{'Basal': 42, 'Her2': 45, 'LumA': 140, 'LumB': 95}",4,False,0.9084249084249084,0.9323308270676691,0.8857142857142857,0.8855721393034826,0.839622641509434,0.9368421052631579,0.7956989247311828,0.7708333333333334,0.8222222222222222,0.8571428571428571,0.9428571428571428,0.7857142857142857,1056
classification,SimpleMean,EnsembleSoft,0.05,9,2,0.8998799152660529,0.8874686716791981,1286,322,"{'Basal': 167, 'Her2': 179, 'LumA': 560, 'LumB': 380}","{'Basal': 42, 'Her2': 45, 'LumA': 140, 'LumB': 95}",4,False,0.9379310344827586,0.9066666666666666,0.9714285714285714,0.8877005347593583,0.9021739130434783,0.8736842105263158,0.8470588235294118,0.9,0.8,0.926829268292683,0.95,0.9047619047619048,1056
classification,SimpleMean,EnsembleSoft,0.05,9,3,0.8727531016694644,0.8681182121971596,1286,322,"{'Basal': 167, 'Her2': 179, 'LumA': 560, 'LumB': 380}","{'Basal': 42, 'Her2': 45, 'LumA': 140, 'LumB': 95}",4,False,0.9225352112676056,0.9097222222222222,0.9357142857142857,0.8617021276595744,0.8709677419354839,0.8526315789473684,0.7555555555555555,0.7555555555555555,0.7555555555555555,0.9512195121951219,0.975,0.9285714285714286,1056
classification,SimpleMean,EnsembleSoft,0.05,9,4,0.8768589979801289,0.8683415856714959,1287,321,"{'Basal': 168, 'Her2': 179, 'LumA': 560, 'LumB': 380}","{'Basal': 41, 'Her2': 45, 'LumA': 140, 'LumB': 95}",4,False,0.9295774647887324,0.9166666666666666,0.9428571428571428,0.8854166666666666,0.8762886597938144,0.8947368421052632,0.7674418604651163,0.8048780487804879,0.7333333333333333,0.925,0.9487179487179487,0.9024390243902439,1056
classification,SimpleMean,EnsembleSoft,0.05,9,5,0.8819627249711994,0.859187742082479,1287,321,"{'Basal': 167, 'Her2': 180, 'LumA': 560, 'LumB': 380}","{'Basal': 42, 'Her2': 44, 'LumA': 140, 'LumB': 95}",4,False,0.9152542372881356,0.8709677419354839,0.9642857142857143,0.8677248677248677,0.8723404255319149,0.8631578947368421,0.7948717948717948,0.9117647058823529,0.7045454545454546,0.95,1.0,0.9047619047619048,1056
classification,"KNN(k=5,dist)",EnsembleSoft,0.05,9,1,0.8609621881784217,0.8581140350877192,1286,322,"{'Basal': 167, 'Her2': 179, 'LumA': 560, 'LumB': 380}","{'Basal': 42, 'Her2': 45, 'LumA': 140, 'LumB': 95}",4,False,0.8929889298892989,0.9236641221374046,0.8642857142857143,0.8613861386138614,0.8130841121495327,0.9157894736842105,0.8210526315789474,0.78,0.8666666666666667,0.868421052631579,0.9705882352941176,0.7857142857142857,1056
classification,"KNN(k=5,dist)",EnsembleSoft,0.05,9,2,0.9062430613115672,0.8943609022556391,1286,322,"{'Basal': 167, 'Her2': 179, 'LumA': 560, 'LumB': 380}","{'Basal': 42, 'Her2': 45, 'LumA': 140, 'LumB': 95}",4,False,0.9419795221843004,0.9019607843137255,0.9857142857142858,0.8961748633879781,0.9318181818181818,0.8631578947368421,0.8470588235294118,0.9,0.8,0.9397590361445783,0.9512195121951219,0.9285714285714286,1056
classification,"KNN(k=5,dist)",EnsembleSoft,0.05,9,3,0.8778942327523924,0.8744152046783626,1286,322,"{'Basal': 167, 'Her2': 179, 'LumA': 560, 'LumB': 380}","{'Basal': 42, 'Her2': 45, 'LumA': 140, 'LumB': 95}",4,False,0.9187279151943463,0.9090909090909091,0.9285714285714286,0.8556149732620321,0.8695652173913043,0.8421052631578947,0.7872340425531915,0.7551020408163265,0.8222222222222222,0.95,1.0,0.9047619047619048,1056
classification,"KNN(k=5,dist)",EnsembleSoft,0.05,9,4,0.8766991103934925,0.8674017360474358,1287,321,"{'Basal': 168, 'Her2': 179, 'LumA': 560, 'LumB': 380}","{'Basal': 41, 'Her2': 45, 'LumA': 140, 'LumB': 95}",4,False,0.9187279151943463,0.9090909090909091,0.9285714285714286,0.8865979381443299,0.8686868686868687,0.9052631578947369,0.7764705882352941,0.825,0.7333333333333333,0.925,0.9487179487179487,0.9024390243902439,1056
classification,"KNN(k=5,dist)",EnsembleSoft,0.05,9,5,0.8814306214263552,0.8587690817953976,1287,321,"{'Basal': 167, 'Her2': 180, 'LumA': 560, 'LumB': 380}","{'Basal': 42, 'Her2': 44, 'LumA': 140, 'LumB': 95}",4,False,0.9215017064846417,0.8823529411764706,0.9642857142857143,0.875,0.865979381443299,0.8842105263157894,0.7792207792207793,0.9090909090909091,0.6818181818181818,0.95,1.0,0.9047619047619048,1056
classification,RFECA_SVR(k=5),EnsembleSoft,0.05,9,1,0.870952042547974,0.8669486215538846,1286,322,"{'Basal': 167, 'Her2': 179, 'LumA': 560, 'LumB': 380}","{'Basal': 42, 'Her2': 45, 'LumA': 140, 'LumB': 95}",4,False,0.9044117647058824,0.9318181818181818,0.8785714285714286,0.8811881188118812,0.8317757009345794,0.9368421052631579,0.8297872340425532,0.7959183673469388,0.8666666666666667,0.868421052631579,0.9705882352941176,0.7857142857142857,1056
classification,RFECA_SVR(k=5),EnsembleSoft,0.05,9,2,0.9066036348816573,0.8906432748538012,1286,322,"{'Basal': 167, 'Her2': 179, 'LumA': 560, 'LumB': 380}","{'Basal': 42, 'Her2': 45, 'LumA': 140, 'LumB': 95}",4,False,0.9387755102040817,0.8961038961038961,0.9857142857142858,0.9021739130434783,0.9325842696629213,0.8736842105263158,0.8604651162790697,0.9024390243902439,0.8222222222222222,0.925,0.9736842105263158,0.8809523809523809,1056
classification,RFECA_SVR(k=5),EnsembleSoft,0.05,9,3,0.8737356311064524,0.8681182121971596,1286,322,"{'Basal': 167, 'Her2': 179, 'LumA': 560, 'LumB': 380}","{'Basal': 42, 'Her2': 45, 'LumA': 140, 'LumB': 95}",4,False,0.9225352112676056,0.9097222222222222,0.9357142857142857,0.8571428571428571,0.8617021276595744,0.8526315789473684,0.7640449438202247,0.7727272727272727,0.7555555555555555,0.9512195121951219,0.975,0.9285714285714286,1056
classification,RFECA_SVR(k=5),EnsembleSoft,0.05,9,4,0.8689525287648008,0.8610003158302261,1287,321,"{'Basal': 168, 'Her2': 179, 'LumA': 560, 'LumB': 380}","{'Basal': 41, 'Her2': 45, 'LumA': 140, 'LumB': 95}",4,False,0.9257950530035336,0.916083916083916,0.9357142857142857,0.8808290155440415,0.8673469387755102,0.8947368421052632,0.7441860465116279,0.7804878048780488,0.7111111111111111,0.925,0.9487179487179487,0.9024390243902439,1056
classification,RFECA_SVR(k=5),EnsembleSoft,0.05,9,5,0.8737195194511787,0.8501851218956482,1287,321,"{'Basal': 167, 'Her2': 180, 'LumA': 560, 'LumB': 380}","{'Basal': 42, 'Her2': 44, 'LumA': 140, 'LumB': 95}",4,False,0.9152542372881356,0.8709677419354839,0.9642857142857143,0.8736842105263158,0.8736842105263158,0.8736842105263158,0.7692307692307693,0.8823529411764706,0.6818181818181818,0.9367088607594937,1.0,0.8809523809523809,1056
classification,RFECA_SVR(k=10),EnsembleSoft,0.05,9,1,0.8750144788483332,0.8716583124477861,1286,322,"{'Basal': 167, 'Her2': 179, 'LumA': 560, 'LumB': 380}","{'Basal': 42, 'Her2': 45, 'LumA': 140, 'LumB': 95}",4,False,0.9051094890510949,0.9253731343283582,0.8857142857142857,0.8844221105527639,0.8461538461538461,0.9263157894736842,0.8421052631578947,0.8,0.8888888888888888,0.868421052631579,0.9705882352941176,0.7857142857142857,1056
classification,RFECA_SVR(k=10),EnsembleSoft,0.05,9,2,0.906230387170775,0.8910401002506266,1286,322,"{'Basal': 167, 'Her2': 179, 'LumA': 560, 'LumB': 380}","{'Basal': 42, 'Her2': 45, 'LumA': 140, 'LumB': 95}",4,False,0.9387755102040817,0.8961038961038961,0.9857142857142858,0.9021739130434783,0.9325842696629213,0.8736842105263158,0.8571428571428571,0.9230769230769231,0.8,0.926829268292683,0.95,0.9047619047619048,1056
classification,RFECA_SVR(k=10),EnsembleSoft,0.05,9,3,0.8801904680525546,0.8778404344193819,1286,322,"{'Basal': 167, 'Her2': 179, 'LumA': 560, 'LumB': 380}","{'Basal': 42, 'Her2': 45, 'LumA': 140, 'LumB': 95}",4,False,0.9219858156028369,0.9154929577464789,0.9285714285714286,0.8571428571428571,0.8617021276595744,0.8526315789473684,0.7777777777777778,0.7777777777777778,0.7777777777777778,0.963855421686747,0.975609756097561,0.9523809523809523,1056
classification,RFECA_SVR(k=10),EnsembleSoft,0.05,9,4,0.8797227477126961,0.8734992970230455,1287,321,"{'Basal': 168, 'Her2': 179, 'LumA': 560, 'LumB': 380}","{'Basal': 41, 'Her2': 45, 'LumA': 140, 'LumB': 95}",4,False,0.9219858156028369,0.9154929577464789,0.9285714285714286,0.8911917098445595,0.8775510204081632,0.9052631578947369,0.7674418604651163,0.8048780487804879,0.7333333333333333,0.9382716049382716,0.95,0.926829268292683,1056
classification,RFECA_SVR(k=10),EnsembleSoft,0.05,9,5,0.8695844019745733,0.8467076782866256,1287,321,"{'Basal': 167, 'Her2': 180, 'LumA': 560, 'LumB': 380}","{'Basal': 42, 'Her2': 44, 'LumA': 140, 'LumB': 95}",4,False,0.9158249158249159,0.8662420382165605,0.9714285714285714,0.8663101604278075,0.8804347826086957,0.8526315789473684,0.759493670886076,0.8571428571428571,0.6818181818181818,0.9367088607594937,1.0,0.8809523809523809,1056
classification,RFECA_SVR(k=20),EnsembleSoft,0.05,9,1,0.8800084697910784,0.8738408521303258,1286,322,"{'Basal': 167, 'Her2': 179, 'LumA': 560, 'LumB': 380}","{'Basal': 42, 'Her2': 45, 'LumA': 140, 'LumB': 95}",4,False,0.9090909090909091,0.9259259259259259,0.8928571428571429,0.88,0.8380952380952381,0.9263157894736842,0.8478260869565217,0.8297872340425532,0.8666666666666667,0.8831168831168831,0.9714285714285714,0.8095238095238095,1056
classification,RFECA_SVR(k=20),EnsembleSoft,0.05,9,2,0.9035129958664272,0.8884085213032582,1286,322,"{'Basal': 167, 'Her2': 179, 'LumA': 560, 'LumB': 380}","{'Basal': 42, 'Her2': 45, 'LumA': 140, 'LumB': 95}",4,False,0.9387755102040817,0.8961038961038961,0.9857142857142858,0.8913043478260869,0.9213483146067416,0.8631578947368421,0.8571428571428571,0.9230769230769231,0.8,0.926829268292683,0.95,0.9047619047619048,1056
classification,RFECA_SVR(k=20),EnsembleSoft,0.05,9,3,0.878034426108538,0.8740705931495405,1286,322,"{'Basal': 167, 'Her2': 179, 'LumA': 560, 'LumB': 380}","{'Basal': 42, 'Her2': 45, 'LumA': 140, 'LumB': 95}",4,False,0.9225352112676056,0.9097222222222222,0.9357142857142857,0.8617021276595744,0.8709677419354839,0.8526315789473684,0.7640449438202247,0.7727272727272727,0.7555555555555555,0.963855421686747,0.975609756097561,0.9523809523809523,1056
classification,RFECA_SVR(k=20),EnsembleSoft,0.05,9,4,0.8738003404050627,0.8682361391283087,1287,321,"{'Basal': 168, 'Her2': 179, 'LumA': 560, 'LumB': 380}","{'Basal': 41, 'Her2': 45, 'LumA': 140, 'LumB': 95}",4,False,0.9187279151943463,0.9090909090909091,0.9285714285714286,0.8795811518324608,0.875,0.8842105263157894,0.7586206896551724,0.7857142857142857,0.7333333333333333,0.9382716049382716,0.95,0.926829268292683,1056
classification,RFECA_SVR(k=20),EnsembleSoft,0.05,9,5,0.8786456331794267,0.8572339940760993,1287,321,"{'Basal': 167, 'Her2': 180, 'LumA': 560, 'LumB': 380}","{'Basal': 42, 'Her2': 44, 'LumA': 140, 'LumB': 95}",4,False,0.9283276450511946,0.8888888888888888,0.9714285714285714,0.8900523560209425,0.8854166666666666,0.8947368421052632,0.759493670886076,0.8571428571428571,0.6818181818181818,0.9367088607594937,1.0,0.8809523809523809,1056
classification,MissForest,EnsembleSoft,0.05,9,1,0.8765693078850973,0.8734440267335004,1286,322,"{'Basal': 167, 'Her2': 179, 'LumA': 560, 'LumB': 380}","{'Basal': 42, 'Her2': 45, 'LumA': 140, 'LumB': 95}",4,False,0.9157509157509157,0.9398496240601504,0.8928571428571429,0.88,0.8380952380952381,0.9263157894736842,0.8421052631578947,0.8,0.8888888888888888,0.868421052631579,0.9705882352941176,0.7857142857142857,1056
classification,MissForest,EnsembleSoft,0.05,9,2,0.8987357461167351,0.8850877192982457,1286,322,"{'Basal': 167, 'Her2': 179, 'LumA': 560, 'LumB': 380}","{'Basal': 42, 'Her2': 45, 'LumA': 140, 'LumB': 95}",4,False,0.9419795221843004,0.9019607843137255,0.9857142857142858,0.9021739130434783,0.9325842696629213,0.8736842105263158,0.8372093023255814,0.8780487804878049,0.8,0.9135802469135802,0.9487179487179487,0.8809523809523809,1056
classification,MissForest,EnsembleSoft,0.05,9,3,0.8811501528868196,0.8758563074352548,1286,322,"{'Basal': 167, 'Her2': 179, 'LumA': 560, 'LumB': 380}","{'Basal': 42, 'Her2': 45, 'LumA': 140, 'LumB': 95}",4,False,0.9263157894736842,0.9103448275862069,0.9428571428571428,0.8617021276595744,0.8709677419354839,0.8526315789473684,0.7727272727272727,0.7906976744186046,0.7555555555555555,0.963855421686747,0.975609756097561,0.9523809523809523,1056
classification,MissForest,EnsembleSoft,0.05,9,4,0.8856839726631394,0.8762248609328199,1287,321,"{'Basal': 168, 'Her2': 179, 'LumA': 560, 'LumB': 380}","{'Basal': 41, 'Her2': 45, 'LumA': 140, 'LumB': 95}",4,False,0.9333333333333333,0.9172413793103448,0.95,0.8854166666666666,0.8762886597938144,0.8947368421052632,0.7857142857142857,0.8461538461538461,0.7333333333333333,0.9382716049382716,0.95,0.926829268292683,1056
classification,MissForest,EnsembleSoft,0.05,9,5,0.8786456331794267,0.8572339940760993,1287,321,"{'Basal': 167, 'Her2': 180, 'LumA': 560, 'LumB': 380}","{'Basal': 42, 'Her2': 44, 'LumA': 140, 'LumB': 95}",4,False,0.9283276450511946,0.8888888888888888,0.9714285714285714,0.8900523560209425,0.8854166666666666,0.8947368421052632,0.759493670886076,0.8571428571428571,0.6818181818181818,0.9367088607594937,1.0,0.8809523809523809,1056
classification,SimpleMean,EnsembleSoft,0.1,0,1,0.8484562781302627,0.8478487886382624,1286,322,"{'Basal': 167, 'Her2': 179, 'LumA': 560, 'LumB': 380}","{'Basal': 42, 'Her2': 45, 'LumA': 140, 'LumB': 95}",4,False,0.8955223880597015,0.9375,0.8571428571428571,0.8669950738916257,0.8148148148148148,0.9263157894736842,0.7628865979381443,0.7115384615384616,0.8222222222222222,0.868421052631579,0.9705882352941176,0.7857142857142857,1052
classification,SimpleMean,EnsembleSoft,0.1,0,2,0.8980928241593699,0.889452798663325,1286,322,"{'Basal': 167, 'Her2': 179, 'LumA': 560, 'LumB': 380}","{'Basal': 42, 'Her2': 45, 'LumA': 140, 'LumB': 95}",4,False,0.9273356401384083,0.8993288590604027,0.9571428571428572,0.8972972972972973,0.9222222222222223,0.8736842105263158,0.8409090909090909,0.8604651162790697,0.8222222222222222,0.926829268292683,0.95,0.9047619047619048,1052
classification,SimpleMean,EnsembleSoft,0.1,0,3,0.8795533982797116,0.8722848788638262,1286,322,"{'Basal': 167, 'Her2': 179, 'LumA': 560, 'LumB': 380}","{'Basal': 42, 'Her2': 45, 'LumA': 140, 'LumB': 95}",4,False,0.9154929577464789,0.9027777777777778,0.9285714285714286,0.8481675392670157,0.84375,0.8526315789473684,0.7906976744186046,0.8292682926829268,0.7555555555555555,0.963855421686747,0.975609756097561,0.9523809523809523,1052
classification,SimpleMean,EnsembleSoft,0.1,0,4,0.8869231626602314,0.8826262811500296,1287,321,"{'Basal': 168, 'Her2': 179, 'LumA': 560, 'LumB': 380}","{'Basal': 41, 'Her2': 45, 'LumA': 140, 'LumB': 95}",4,False,0.9361702127659575,0.9295774647887324,0.9428571428571428,0.900523560209424,0.8958333333333334,0.9052631578947369,0.7727272727272727,0.7906976744186046,0.7555555555555555,0.9382716049382716,0.95,0.926829268292683,1052
classification,SimpleMean,EnsembleSoft,0.1,0,5,0.8546642421642421,0.8324618364092048,1287,321,"{'Basal': 167, 'Her2': 180, 'LumA': 560, 'LumB': 380}","{'Basal': 42, 'Her2': 44, 'LumA': 140, 'LumB': 95}",4,False,0.9054054054054054,0.8589743589743589,0.9571428571428572,0.8359788359788359,0.8404255319148937,0.8315789473684211,0.7272727272727273,0.8484848484848485,0.6363636363636364,0.95,1.0,0.9047619047619048,1052
classification,"KNN(k=5,dist)",EnsembleSoft,0.1,0,1,0.8490664796004063,0.8467522974101922,1286,322,"{'Basal': 167, 'Her2': 179, 'LumA': 560, 'LumB': 380}","{'Basal': 42, 'Her2': 45, 'LumA': 140, 'LumB': 95}",4,False,0.8814814814814815,0.9153846153846154,0.85,0.8472906403940886,0.7962962962962963,0.9052631578947369,0.7956989247311828,0.7708333333333334,0.8222222222222222,0.8717948717948718,0.9444444444444444,0.8095238095238095,1052
classification,"KNN(k=5,dist)",EnsembleSoft,0.1,0,2,0.9014484724418002,0.8909461152882207,1286,322,"{'Basal': 167, 'Her2': 179, 'LumA': 560, 'LumB': 380}","{'Basal': 42, 'Her2': 45, 'LumA': 140, 'LumB': 95}",4,False,0.9375,0.9121621621621622,0.9642857142857143,0.9042553191489362,0.9139784946236559,0.8947368421052632,0.8372093023255814,0.8780487804878049,0.8,0.926829268292683,0.95,0.9047619047619048,1052
classification,"KNN(k=5,dist)",EnsembleSoft,0.1,0,3,0.8817997036181753,0.8739243943191312,1286,322,"{'Basal': 167, 'Her2': 179, 'LumA': 560, 'LumB': 380}","{'Basal': 42, 'Her2': 45, 'LumA': 140, 'LumB': 95}",4,False,0.9300699300699301,0.910958904109589,0.95,0.8723404255319149,0.8817204301075269,0.8631578947368421,0.7865168539325843,0.7954545454545454,0.7777777777777778,0.9382716049382716,0.9743589743589743,0.9047619047619048,1052
classification,"KNN(k=5,dist)",EnsembleSoft,0.1,0,4,0.8841606669192876,0.8779165902561281,1287,321,"{'Basal': 168, 'Her2': 179, 'LumA': 560, 'LumB': 380}","{'Basal': 41, 'Her2': 45, 'LumA': 140, 'LumB': 95}",4,False,0.9357142857142857,0.9357142857142857,0.9357142857142857,0.8923076923076924,0.87,0.9157894736842105,0.7586206896551724,0.7857142857142857,0.7333333333333333,0.95,0.9743589743589743,0.926829268292683,1052
classification,"KNN(k=5,dist)",EnsembleSoft,0.1,0,5,0.8761858173048586,0.8519708361813625,1287,321,"{'Basal': 167, 'Her2': 180, 'LumA': 560, 'LumB': 380}","{'Basal': 42, 'Her2': 44, 'LumA': 140, 'LumB': 95}",4,False,0.9158249158249159,0.8662420382165605,0.9714285714285714,0.8829787234042553,0.8924731182795699,0.8736842105263158,0.7692307692307693,0.8823529411764706,0.6818181818181818,0.9367088607594937,1.0,0.8809523809523809,1052
classification,RFECA_SVR(k=5),EnsembleSoft,0.1,0,1,0.8587976815636924,0.8565267335004176,1286,322,"{'Basal': 167, 'Her2': 179, 'LumA': 560, 'LumB': 380}","{'Basal': 42, 'Her2': 45, 'LumA': 140, 'LumB': 95}",4,False,0.9044117647058824,0.9318181818181818,0.8785714285714286,0.8656716417910447,0.8207547169811321,0.9157894736842105,0.8043478260869565,0.7872340425531915,0.8222222222222222,0.8607594936708861,0.918918918918919,0.8095238095238095,1052
classification,RFECA_SVR(k=5),EnsembleSoft,0.1,0,2,0.8897300223630644,0.8752192982456141,1286,322,"{'Basal': 167, 'Her2': 179, 'LumA': 560, 'LumB': 380}","{'Basal': 42, 'Her2': 45, 'LumA': 140, 'LumB': 95}",4,False,0.9351535836177475,0.8954248366013072,0.9785714285714285,0.9032258064516129,0.9230769230769231,0.8842105263157894,0.8048780487804879,0.8918918918918919,0.7333333333333333,0.9156626506024096,0.926829268292683,0.9047619047619048,1052
classification,RFECA_SVR(k=5),EnsembleSoft,0.1,0,3,0.8910485054303389,0.8825083542188806,1286,322,"{'Basal': 167, 'Her2': 179, 'LumA': 560, 'LumB': 380}","{'Basal': 42, 'Her2': 45, 'LumA': 140, 'LumB': 95}",4,False,0.9300699300699301,0.910958904109589,0.95,0.8783068783068783,0.8829787234042553,0.8736842105263158,0.8045977011494253,0.8333333333333334,0.7777777777777778,0.9512195121951219,0.975,0.9285714285714286,1052
classification,RFECA_SVR(k=5),EnsembleSoft,0.1,0,4,0.8838793972055703,0.8773631232552928,1287,321,"{'Basal': 168, 'Her2': 179, 'LumA': 560, 'LumB': 380}","{'Basal': 41, 'Her2': 45, 'LumA': 140, 'LumB': 95}",4,False,0.9230769230769231,0.9041095890410958,0.9428571428571428,0.8983957219251337,0.9130434782608695,0.8842105263157894,0.7640449438202247,0.7727272727272727,0.7555555555555555,0.95,0.9743589743589743,0.926829268292683,1052
classification,RFECA_SVR(k=5),EnsembleSoft,0.1,0,5,0.8786932362185969,0.8548729778992937,1287,321,"{'Basal': 167, 'Her2': 180, 'LumA': 560, 'LumB': 380}","{'Basal': 42, 'Her2': 44, 'LumA': 140, 'LumB': 95}",4,False,0.9220338983050848,0.8774193548387097,0.9714285714285714,0.8795811518324608,0.875,0.8842105263157894,0.7631578947368421,0.90625,0.6590909090909091,0.95,1.0,0.9047619047619048,1052
classification,RFECA_SVR(k=10),EnsembleSoft,0.1,0,1,0.8589359759127293,0.8572159565580618,1286,322,"{'Basal': 167, 'Her2': 179, 'LumA': 560, 'LumB': 380}","{'Basal': 42, 'Her2': 45, 'LumA': 140, 'LumB': 95}",4,False,0.8978102189781022,0.917910447761194,0.8785714285714286,0.8585858585858586,0.8252427184466019,0.8947368421052632,0.8043478260869565,0.7872340425531915,0.8222222222222222,0.875,0.9210526315789473,0.8333333333333334,1052
classification,RFECA_SVR(k=10),EnsembleSoft,0.1,0,2,0.9092873542331585,0.8936716791979951,1286,322,"{'Basal': 167, 'Her2': 179, 'LumA': 560, 'LumB': 380}","{'Basal': 42, 'Her2': 45, 'LumA': 140, 'LumB': 95}",4,False,0.9387755102040817,0.8961038961038961,0.9857142857142858,0.9130434782608695,0.9438202247191011,0.8842105263157894,0.8470588235294118,0.9,0.8,0.9382716049382716,0.9743589743589743,0.9047619047619048,1052
classification,RFECA_SVR(k=10),EnsembleSoft,0.1,0,3,0.8819772146609403,0.8750104427736006,1286,322,"{'Basal': 167, 'Her2': 179, 'LumA': 560, 'LumB': 380}","{'Basal': 42, 'Her2': 45, 'LumA': 140, 'LumB': 95}",4,False,0.926829268292683,0.9047619047619048,0.95,0.8556149732620321,0.8695652173913043,0.8421052631578947,0.7816091954022989,0.8095238095238095,0.7555555555555555,0.963855421686747,0.975609756097561,0.9523809523809523,1052
classification,RFECA_SVR(k=10),EnsembleSoft,0.1,0,4,0.890287506235782,0.8817804164883755,1287,321,"{'Basal': 168, 'Her2': 179, 'LumA': 560, 'LumB': 380}","{'Basal': 41, 'Her2': 45, 'LumA': 140, 'LumB': 95}",4,False,0.9300699300699301,0.910958904109589,0.95,0.8994708994708994,0.9042553191489362,0.8947368421052632,0.7816091954022989,0.8095238095238095,0.7555555555555555,0.95,0.9743589743589743,0.926829268292683,1052
classification,RFECA_SVR(k=10),EnsembleSoft,0.1,0,5,0.8747412155195384,0.8522413989519253,1287,321,"{'Basal': 167, 'Her2': 180, 'LumA': 560, 'LumB': 380}","{'Basal': 42, 'Her2': 44, 'LumA': 140, 'LumB': 95}",4,False,0.9220338983050848,0.8774193548387097,0.9714285714285714,0.8736842105263158,0.8736842105263158,0.8736842105263158,0.7532467532467533,0.8787878787878788,0.6590909090909091,0.95,1.0,0.9047619047619048,1052
classification,RFECA_SVR(k=20),EnsembleSoft,0.1,0,1,0.864337875174419,0.8612364243943191,1286,322,"{'Basal': 167, 'Her2': 179, 'LumA': 560, 'LumB': 380}","{'Basal': 42, 'Her2': 45, 'LumA': 140, 'LumB': 95}",4,False,0.9018181818181819,0.9185185185185185,0.8857142857142857,0.8686868686868687,0.8349514563106796,0.9052631578947369,0.8260869565217391,0.8085106382978723,0.8444444444444444,0.8607594936708861,0.918918918918919,0.8095238095238095,1052
classification,RFECA_SVR(k=20),EnsembleSoft,0.1,0,2,0.9000263333771972,0.8845446950710109,1286,322,"{'Basal': 167, 'Her2': 179, 'LumA': 560, 'LumB': 380}","{'Basal': 42, 'Her2': 45, 'LumA': 140, 'LumB': 95}",4,False,0.9315068493150684,0.8947368421052632,0.9714285714285714,0.8983957219251337,0.9130434782608695,0.8842105263157894,0.8433734939759037,0.9210526315789473,0.7777777777777778,0.926829268292683,0.95,0.9047619047619048,1052
classification,RFECA_SVR(k=20),EnsembleSoft,0.1,0,3,0.8777279076558413,0.8717314118629909,1286,322,"{'Basal': 167, 'Her2': 179, 'LumA': 560, 'LumB': 380}","{'Basal': 42, 'Her2': 45, 'LumA': 140, 'LumB': 95}",4,False,0.9128919860627178,0.891156462585034,0.9357142857142857,0.8387096774193549,0.8571428571428571,0.8210526315789474,0.7954545454545454,0.813953488372093,0.7777777777777778,0.963855421686747,0.975609756097561,0.9523809523809523,1052
classification,RFECA_SVR(k=20),EnsembleSoft,0.1,0,4,0.8849998315250354,0.8782089879169469,1287,321,"{'Basal': 168, 'Her2': 179, 'LumA': 560, 'LumB': 380}","{'Basal': 41, 'Her2': 45, 'LumA': 140, 'LumB': 95}",4,False,0.9225352112676056,0.9097222222222222,0.9357142857142857,0.8947368421052632,0.8947368421052632,0.8947368421052632,0.7727272727272727,0.7906976744186046,0.7555555555555555,0.95,0.9743589743589743,0.926829268292683,1052
classification,RFECA_SVR(k=20),EnsembleSoft,0.1,0,5,0.8717302259887005,0.8474054454317612,1287,321,"{'Basal': 167, 'Her2': 180, 'LumA': 560, 'LumB': 380}","{'Basal': 42, 'Her2': 44, 'LumA': 140, 'LumB': 95}",4,False,0.9152542372881356,0.8709677419354839,0.9642857142857143,0.875,0.865979381443299,0.8842105263157894,0.7466666666666667,0.9032258064516129,0.6363636363636364,0.95,1.0,0.9047619047619048,1052
classification,MissForest,EnsembleSoft,0.1,0,1,0.8590724976337248,0.8572681704260652,1286,322,"{'Basal': 167, 'Her2': 179, 'LumA': 560, 'LumB': 380}","{'Basal': 42, 'Her2': 45, 'LumA': 140, 'LumB': 95}",4,False,0.8937728937728938,0.9172932330827067,0.8714285714285714,0.864321608040201,0.8269230769230769,0.9052631578947369,0.8210526315789474,0.78,0.8666666666666667,0.8571428571428571,0.9428571428571428,0.7857142857142857,1052
classification,MissForest,EnsembleSoft,0.1,0,2,0.8902926331269174,0.877203425229741,1286,322,"{'Basal': 167, 'Her2': 179, 'LumA': 560, 'LumB': 380}","{'Basal': 42, 'Her2': 45, 'LumA': 140, 'LumB': 95}",4,False,0.9278350515463918,0.8940397350993378,0.9642857142857143,0.8983957219251337,0.9130434782608695,0.8842105263157894,0.8192771084337349,0.8947368421052632,0.7555555555555555,0.9156626506024096,0.926829268292683,0.9047619047619048,1052
classification,MissForest,EnsembleSoft,0.1,0,3,0.8748555963405318,0.8672723475355054,1286,322,"{'Basal': 167, 'Her2': 179, 'LumA': 560, 'LumB': 380}","{'Basal': 42, 'Her2': 45, 'LumA': 140, 'LumB': 95}",4,False,0.9198606271777003,0.8979591836734694,0.9428571428571428,0.8556149732620321,0.8695652173913043,0.8421052631578947,0.7727272727272727,0.7906976744186046,0.7555555555555555,0.9512195121951219,0.975,0.9285714285714286,1052
classification,MissForest,EnsembleSoft,0.1,0,4,0.8862373737373737,0.879148837541007,1287,321,"{'Basal': 168, 'Her2': 179, 'LumA': 560, 'LumB': 380}","{'Basal': 41, 'Her2': 45, 'LumA': 140, 'LumB': 95}",4,False,0.9333333333333333,0.9172413793103448,0.95,0.8888888888888888,0.8936170212765957,0.8842105263157894,0.7727272727272727,0.7906976744186046,0.7555555555555555,0.95,0.9743589743589743,0.926829268292683,1052
classification,MissForest,EnsembleSoft,0.1,0,5,0.8695230828209553,0.8478241057188426,1287,321,"{'Basal': 167, 'Her2': 180, 'LumA': 560, 'LumB': 380}","{'Basal': 42, 'Her2': 44, 'LumA': 140, 'LumB': 95}",4,False,0.9121621621621622,0.8653846153846154,0.9642857142857143,0.8723404255319149,0.8817204301075269,0.8631578947368421,0.7435897435897436,0.8529411764705882,0.6590909090909091,0.95,1.0,0.9047619047619048,1052
classification,SimpleMean,EnsembleSoft,0.1,1,1,0.8587458935885853,0.8511173767752716,1286,322,"{'Basal': 167, 'Her2': 179, 'LumA': 560, 'LumB': 380}","{'Basal': 42, 'Her2': 45, 'LumA': 140, 'LumB': 95}",4,False,0.9057971014492754,0.9191176470588235,0.8928571428571429,0.864321608040201,0.8269230769230769,0.9052631578947369,0.8,0.76,0.8444444444444444,0.8648648648648649,1.0,0.7619047619047619,1053
classification,SimpleMean,EnsembleSoft,0.1,1,2,0.8972090050388957,0.8855785296574771,1286,322,"{'Basal': 167, 'Her2': 179, 'LumA': 560, 'LumB': 380}","{'Basal': 42, 'Her2': 45, 'LumA': 140, 'LumB': 95}",4,False,0.9246575342465754,0.8881578947368421,0.9642857142857143,0.8852459016393442,0.9204545454545454,0.8526315789473684,0.8539325842696629,0.8636363636363636,0.8444444444444444,0.925,0.9736842105263158,0.8809523809523809,1053
classification,SimpleMean,EnsembleSoft,0.1,1,3,0.8634249627432753,0.8555137844611528,1286,322,"{'Basal': 167, 'Her2': 179, 'LumA': 560, 'LumB': 380}","{'Basal': 42, 'Her2': 45, 'LumA': 140, 'LumB': 95}",4,False,0.9122807017543859,0.896551724137931,0.9285714285714286,0.8315789473684211,0.8315789473684211,0.8315789473684211,0.7586206896551724,0.7857142857142857,0.7333333333333333,0.9512195121951219,0.975,0.9285714285714286,1053
classification,SimpleMean,EnsembleSoft,0.1,1,4,0.8715398383972988,0.859768068545347,1287,321,"{'Basal': 168, 'Her2': 179, 'LumA': 560, 'LumB': 380}","{'Basal': 41, 'Her2': 45, 'LumA': 140, 'LumB': 95}",4,False,0.911660777385159,0.9020979020979021,0.9214285714285714,0.8934010152284264,0.8627450980392157,0.9263157894736842,0.7560975609756098,0.8378378378378378,0.6888888888888889,0.925,0.9487179487179487,0.9024390243902439,1053
classification,SimpleMean,EnsembleSoft,0.1,1,5,0.8482233276280131,0.836682615629984,1287,321,"{'Basal': 167, 'Her2': 180, 'LumA': 560, 'LumB': 380}","{'Basal': 42, 'Her2': 44, 'LumA': 140, 'LumB': 95}",4,False,0.9027777777777778,0.8783783783783784,0.9285714285714286,0.8315789473684211,0.8315789473684211,0.8315789473684211,0.7317073170731707,0.7894736842105263,0.6818181818181818,0.926829268292683,0.95,0.9047619047619048,1053
classification,"KNN(k=5,dist)",EnsembleSoft,0.1,1,1,0.8664689311497357,0.8588554720133668,1286,322,"{'Basal': 167, 'Her2': 179, 'LumA': 560, 'LumB': 380}","{'Basal': 42, 'Her2': 45, 'LumA': 140, 'LumB': 95}",4,False,0.9130434782608695,0.9264705882352942,0.9,0.864321608040201,0.8269230769230769,0.9052631578947369,0.8085106382978723,0.7755102040816326,0.8444444444444444,0.88,1.0,0.7857142857142857,1053
classification,"KNN(k=5,dist)",EnsembleSoft,0.1,1,2,0.8900966131584176,0.879281537176274,1286,322,"{'Basal': 167, 'Her2': 179, 'LumA': 560, 'LumB': 380}","{'Basal': 42, 'Her2': 45, 'LumA': 140, 'LumB': 95}",4,False,0.9347079037800687,0.9006622516556292,0.9714285714285714,0.8864864864864865,0.9111111111111111,0.8631578947368421,0.8235294117647058,0.875,0.7777777777777778,0.9156626506024096,0.926829268292683,0.9047619047619048,1053
classification,"KNN(k=5,dist)",EnsembleSoft,0.1,1,3,0.85501759091944,0.8474728487886382,1286,322,"{'Basal': 167, 'Her2': 179, 'LumA': 560, 'LumB': 380}","{'Basal': 42, 'Her2': 45, 'LumA': 140, 'LumB': 95}",4,False,0.9198606271777003,0.8979591836734694,0.9428571428571428,0.8279569892473119,0.8461538461538461,0.8105263157894737,0.7472527472527473,0.7391304347826086,0.7555555555555555,0.925,0.9736842105263158,0.8809523809523809,1053
classification,"KNN(k=5,dist)",EnsembleSoft,0.1,1,4,0.8769989171518124,0.8717135827373311,1287,321,"{'Basal': 168, 'Her2': 179, 'LumA': 560, 'LumB': 380}","{'Basal': 41, 'Her2': 45, 'LumA': 140, 'LumB': 95}",4,False,0.9247311827956989,0.9280575539568345,0.9214285714285714,0.8775510204081632,0.8514851485148515,0.9052631578947369,0.7674418604651163,0.8048780487804879,0.7333333333333333,0.9382716049382716,0.95,0.926829268292683,1053
classification,"KNN(k=5,dist)",EnsembleSoft,0.1,1,5,0.8659472180912556,0.8475535429482798,1287,321,"{'Basal': 167, 'Her2': 180, 'LumA': 560, 'LumB': 380}","{'Basal': 42, 'Her2': 44, 'LumA': 140, 'LumB': 95}",4,False,0.9183673469387755,0.8766233766233766,0.9642857142857143,0.8770053475935828,0.8913043478260869,0.8631578947368421,0.7317073170731707,0.7894736842105263,0.6818181818181818,0.9367088607594937,1.0,0.8809523809523809,1053
classification,RFECA_SVR(k=5),EnsembleSoft,0.1,1,1,0.8573672301507353,0.8528091060985798,1286,322,"{'Basal': 167, 'Her2': 179, 'LumA': 560, 'LumB': 380}","{'Basal': 42, 'Her2': 45, 'LumA': 140, 'LumB': 95}",4,False,0.9010989010989011,0.924812030075188,0.8785714285714286,0.88,0.8380952380952381,0.9263157894736842,0.7835051546391752,0.7307692307692307,0.8444444444444444,0.8648648648648649,1.0,0.7619047619047619,1053
classification,RFECA_SVR(k=5),EnsembleSoft,0.1,1,2,0.8944321265619494,0.8818086883876357,1286,322,"{'Basal': 167, 'Her2': 179, 'LumA': 560, 'LumB': 380}","{'Basal': 42, 'Her2': 45, 'LumA': 140, 'LumB': 95}",4,False,0.9283276450511946,0.8888888888888888,0.9714285714285714,0.8852459016393442,0.9204545454545454,0.8526315789473684,0.8505747126436781,0.8809523809523809,0.8222222222222222,0.9135802469135802,0.9487179487179487,0.8809523809523809,1053
classification,RFECA_SVR(k=5),EnsembleSoft,0.1,1,3,0.8797072790173519,0.8721386800334169,1286,322,"{'Basal': 167, 'Her2': 179, 'LumA': 560, 'LumB': 380}","{'Basal': 42, 'Her2': 45, 'LumA': 140, 'LumB': 95}",4,False,0.9263157894736842,0.9103448275862069,0.9428571428571428,0.8677248677248677,0.8723404255319149,0.8631578947368421,0.7865168539325843,0.7954545454545454,0.7777777777777778,0.9382716049382716,0.9743589743589743,0.9047619047619048,1053
classification,RFECA_SVR(k=5),EnsembleSoft,0.1,1,4,0.8657633543509116,0.8574288872587974,1287,321,"{'Basal': 168, 'Her2': 179, 'LumA': 560, 'LumB': 380}","{'Basal': 41, 'Her2': 45, 'LumA': 140, 'LumB': 95}",4,False,0.9084507042253521,0.8958333333333334,0.9214285714285714,0.8854166666666666,0.8762886597938144,0.8947368421052632,0.7441860465116279,0.7804878048780488,0.7111111111111111,0.925,0.9487179487179487,0.9024390243902439,1053
classification,RFECA_SVR(k=5),EnsembleSoft,0.1,1,5,0.861341740666635,0.8430821371610845,1287,321,"{'Basal': 167, 'Her2': 180, 'LumA': 560, 'LumB': 380}","{'Basal': 42, 'Her2': 44, 'LumA': 140, 'LumB': 95}",4,False,0.9225589225589226,0.8726114649681529,0.9785714285714285,0.8756756756756757,0.9,0.8526315789473684,0.7088607594936709,0.8,0.6363636363636364,0.9382716049382716,0.9743589743589743,0.9047619047619048,1053
classification,RFECA_SVR(k=10),EnsembleSoft,0.1,1,1,0.8583161587018103,0.8547932330827068,1286,322,"{'Basal': 167, 'Her2': 179, 'LumA': 560, 'LumB': 380}","{'Basal': 42, 'Her2': 45, 'LumA': 140, 'LumB': 95}",4,False,0.8929889298892989,0.9236641221374046,0.8642857142857143,0.8712871287128713,0.822429906542056,0.9263157894736842,0.8041237113402062,0.75,0.8666666666666667,0.8648648648648649,1.0,0.7619047619047619,1053
classification,RFECA_SVR(k=10),EnsembleSoft,0.1,1,2,0.8883784000999984,0.8774958228905597,1286,322,"{'Basal': 167, 'Her2': 179, 'LumA': 560, 'LumB': 380}","{'Basal': 42, 'Her2': 45, 'LumA': 140, 'LumB': 95}",4,False,0.9278350515463918,0.8940397350993378,0.9642857142857143,0.8864864864864865,0.9111111111111111,0.8631578947368421,0.8235294117647058,0.875,0.7777777777777778,0.9156626506024096,0.926829268292683,0.9047619047619048,1053
classification,RFECA_SVR(k=10),EnsembleSoft,0.1,1,3,0.8679739835989837,0.8600772765246448,1286,322,"{'Basal': 167, 'Her2': 179, 'LumA': 560, 'LumB': 380}","{'Basal': 42, 'Her2': 45, 'LumA': 140, 'LumB': 95}",4,False,0.9236111111111112,0.8986486486486487,0.95,0.8540540540540541,0.8777777777777778,0.8315789473684211,0.7692307692307693,0.7608695652173914,0.7777777777777778,0.925,0.9736842105263158,0.8809523809523809,1053
classification,RFECA_SVR(k=10),EnsembleSoft,0.1,1,4,0.8664726534123903,0.8574288872587974,1287,321,"{'Basal': 168, 'Her2': 179, 'LumA': 560, 'LumB': 380}","{'Basal': 41, 'Her2': 45, 'LumA': 140, 'LumB': 95}",4,False,0.911660777385159,0.9020979020979021,0.9214285714285714,0.8762886597938144,0.8585858585858586,0.8947368421052632,0.7529411764705882,0.8,0.7111111111111111,0.925,0.9487179487179487,0.9024390243902439,1053
classification,RFECA_SVR(k=10),EnsembleSoft,0.1,1,5,0.8686444933484303,0.8522413989519253,1287,321,"{'Basal': 167, 'Her2': 180, 'LumA': 560, 'LumB': 380}","{'Basal': 42, 'Her2': 44, 'LumA': 140, 'LumB': 95}",4,False,0.9283276450511946,0.8888888888888888,0.9714285714285714,0.8829787234042553,0.8924731182795699,0.8736842105263158,0.725,0.8055555555555556,0.6590909090909091,0.9382716049382716,0.9743589743589743,0.9047619047619048,1053
classification,RFECA_SVR(k=20),EnsembleSoft,0.1,1,1,0.8516867790378932,0.8470029239766081,1286,322,"{'Basal': 167, 'Her2': 179, 'LumA': 560, 'LumB': 380}","{'Basal': 42, 'Her2': 45, 'LumA': 140, 'LumB': 95}",4,False,0.8897058823529411,0.9166666666666666,0.8642857142857143,0.8613861386138614,0.8130841121495327,0.9157894736842105,0.7872340425531915,0.7551020408163265,0.8222222222222222,0.868421052631579,0.9705882352941176,0.7857142857142857,1053
classification,RFECA_SVR(k=20),EnsembleSoft,0.1,1,2,0.8949357276692034,0.8852861319966583,1286,322,"{'Basal': 167, 'Her2': 179, 'LumA': 560, 'LumB': 380}","{'Basal': 42, 'Her2': 45, 'LumA': 140, 'LumB': 95}",4,False,0.9342560553633218,0.9060402684563759,0.9642857142857143,0.8924731182795699,0.9120879120879121,0.8736842105263158,0.8505747126436781,0.8809523809523809,0.8222222222222222,0.9024390243902439,0.925,0.8809523809523809,1053
classification,RFECA_SVR(k=20),EnsembleSoft,0.1,1,3,0.8648789576774005,0.8556599832915621,1286,322,"{'Basal': 167, 'Her2': 179, 'LumA': 560, 'LumB': 380}","{'Basal': 42, 'Her2': 45, 'LumA': 140, 'LumB': 95}",4,False,0.9134948096885813,0.8859060402684564,0.9428571428571428,0.8432432432432433,0.8666666666666667,0.8210526315789474,0.7777777777777778,0.7777777777777778,0.7777777777777778,0.925,0.9736842105263158,0.8809523809523809,1053
classification,RFECA_SVR(k=20),EnsembleSoft,0.1,1,4,0.8764811174971641,0.8690820037899627,1287,321,"{'Basal': 168, 'Her2': 179, 'LumA': 560, 'LumB': 380}","{'Basal': 41, 'Her2': 45, 'LumA': 140, 'LumB': 95}",4,False,0.9148936170212766,0.9084507042253521,0.9214285714285714,0.8762886597938144,0.8585858585858586,0.8947368421052632,0.7764705882352941,0.825,0.7333333333333333,0.9382716049382716,0.95,0.926829268292683,1053
classification,RFECA_SVR(k=20),EnsembleSoft,0.1,1,5,0.8669380087067922,0.850455684666211,1287,321,"{'Basal': 167, 'Her2': 180, 'LumA': 560, 'LumB': 380}","{'Basal': 42, 'Her2': 44, 'LumA': 140, 'LumB': 95}",4,False,0.9215017064846417,0.8823529411764706,0.9642857142857143,0.8829787234042553,0.8924731182795699,0.8736842105263158,0.725,0.8055555555555556,0.6590909090909091,0.9382716049382716,0.9743589743589743,0.9047619047619048,1053
classification,MissForest,EnsembleSoft,0.1,1,1,0.8527751212061242,0.848391812865497,1286,322,"{'Basal': 167, 'Her2': 179, 'LumA': 560, 'LumB': 380}","{'Basal': 42, 'Her2': 45, 'LumA': 140, 'LumB': 95}",4,False,0.8970588235294118,0.9242424242424242,0.8714285714285714,0.8656716417910447,0.8207547169811321,0.9157894736842105,0.7835051546391752,0.7307692307692307,0.8444444444444444,0.8648648648648649,1.0,0.7619047619047619,1053
classification,MissForest,EnsembleSoft,0.1,1,2,0.894458244974368,0.8848370927318296,1286,322,"{'Basal': 167, 'Her2': 179, 'LumA': 560, 'LumB': 380}","{'Basal': 42, 'Her2': 45, 'LumA': 140, 'LumB': 95}",4,False,0.9347079037800687,0.9006622516556292,0.9714285714285714,0.8913043478260869,0.9213483146067416,0.8631578947368421,0.8470588235294118,0.9,0.8,0.9047619047619048,0.9047619047619048,0.9047619047619048,1053
classification,MissForest,EnsembleSoft,0.1,1,3,0.8658817963283867,0.8602756892230576,1286,322,"{'Basal': 167, 'Her2': 179, 'LumA': 560, 'LumB': 380}","{'Basal': 42, 'Her2': 45, 'LumA': 140, 'LumB': 95}",4,False,0.9154929577464789,0.9027777777777778,0.9285714285714286,0.8404255319148937,0.8494623655913979,0.8315789473684211,0.782608695652174,0.7659574468085106,0.8,0.925,0.9736842105263158,0.8809523809523809,1053
classification,MissForest,EnsembleSoft,0.1,1,4,0.8705423457740846,0.8663564398801883,1287,321,"{'Basal': 168, 'Her2': 179, 'LumA': 560, 'LumB': 380}","{'Basal': 41, 'Her2': 45, 'LumA': 140, 'LumB': 95}",4,False,0.9032258064516129,0.9064748201438849,0.9,0.882051282051282,0.86,0.9052631578947369,0.7586206896551724,0.7857142857142857,0.7333333333333333,0.9382716049382716,0.95,0.926829268292683,1053
classification,MissForest,EnsembleSoft,0.1,1,5,0.8648582019481934,0.8517202096149464,1287,321,"{'Basal': 167, 'Her2': 180, 'LumA': 560, 'LumB': 380}","{'Basal': 42, 'Her2': 44, 'LumA': 140, 'LumB': 95}",4,False,0.9241379310344827,0.8933333333333333,0.9571428571428572,0.8677248677248677,0.8723404255319149,0.8631578947368421,0.7407407407407407,0.8108108108108109,0.6818181818181818,0.926829268292683,0.95,0.9047619047619048,1053
classification,SimpleMean,EnsembleSoft,0.1,2,1,0.8683540618661839,0.8688283208020049,1286,322,"{'Basal': 167, 'Her2': 179, 'LumA': 560, 'LumB': 380}","{'Basal': 42, 'Her2': 45, 'LumA': 140, 'LumB': 95}",4,False,0.927007299270073,0.9477611940298507,0.9071428571428571,0.8877551020408163,0.8613861386138614,0.9157894736842105,0.8125,0.7647058823529411,0.8666666666666667,0.8461538461538461,0.9166666666666666,0.7857142857142857,1054
classification,SimpleMean,EnsembleSoft,0.1,2,2,0.8974284601903652,0.887218045112782,1286,322,"{'Basal': 167, 'Her2': 179, 'LumA': 560, 'LumB': 380}","{'Basal': 42, 'Her2': 45, 'LumA': 140, 'LumB': 95}",4,False,0.9305555555555556,0.9054054054054054,0.9571428571428572,0.8723404255319149,0.8817204301075269,0.8631578947368421,0.8470588235294118,0.9,0.8,0.9397590361445783,0.9512195121951219,0.9285714285714286,1054
classification,SimpleMean,EnsembleSoft,0.1,2,3,0.8582628289458964,0.8498538011695905,1286,322,"{'Basal': 167, 'Her2': 179, 'LumA': 560, 'LumB': 380}","{'Basal': 42, 'Her2': 45, 'LumA': 140, 'LumB': 95}",4,False,0.9027777777777778,0.8783783783783784,0.9285714285714286,0.8279569892473119,0.8461538461538461,0.8105263157894737,0.7640449438202247,0.7727272727272727,0.7555555555555555,0.9382716049382716,0.9743589743589743,0.9047619047619048,1054
classification,SimpleMean,EnsembleSoft,0.1,2,4,0.8820011364096396,0.8785013855777656,1287,321,"{'Basal': 168, 'Her2': 179, 'LumA': 560, 'LumB': 380}","{'Basal': 41, 'Her2': 45, 'LumA': 140, 'LumB': 95}",4,False,0.9257950530035336,0.916083916083916,0.9357142857142857,0.8829787234042553,0.8924731182795699,0.8736842105263158,0.7692307692307693,0.7608695652173914,0.7777777777777778,0.95,0.9743589743589743,0.926829268292683,1054
classification,SimpleMean,EnsembleSoft,0.1,2,5,0.8749371149328486,0.8530872636135794,1287,321,"{'Basal': 167, 'Her2': 180, 'LumA': 560, 'LumB': 380}","{'Basal': 42, 'Her2': 44, 'LumA': 140, 'LumB': 95}",4,False,0.9215017064846417,0.8823529411764706,0.9642857142857143,0.875,0.865979381443299,0.8842105263157894,0.7532467532467533,0.8787878787878788,0.6590909090909091,0.95,1.0,0.9047619047619048,1054
classification,"KNN(k=5,dist)",EnsembleSoft,0.1,2,1,0.8701333549899206,0.8670426065162906,1286,322,"{'Basal': 167, 'Her2': 179, 'LumA': 560, 'LumB': 380}","{'Basal': 42, 'Her2': 45, 'LumA': 140, 'LumB': 95}",4,False,0.9163636363636364,0.9333333333333333,0.9,0.883248730964467,0.8529411764705882,0.9157894736842105,0.8125,0.7647058823529411,0.8666666666666667,0.868421052631579,0.9705882352941176,0.7857142857142857,1054
classification,"KNN(k=5,dist)",EnsembleSoft,0.1,2,2,0.8892048728841953,0.8789891395154553,1286,322,"{'Basal': 167, 'Her2': 179, 'LumA': 560, 'LumB': 380}","{'Basal': 42, 'Her2': 45, 'LumA': 140, 'LumB': 95}",4,False,0.9379310344827586,0.9066666666666666,0.9714285714285714,0.9032258064516129,0.9230769230769231,0.8842105263157894,0.8,0.85,0.7555555555555555,0.9156626506024096,0.926829268292683,0.9047619047619048,1054
classification,"KNN(k=5,dist)",EnsembleSoft,0.1,2,3,0.861234298406273,0.8552631578947367,1286,322,"{'Basal': 167, 'Her2': 179, 'LumA': 560, 'LumB': 380}","{'Basal': 42, 'Her2': 45, 'LumA': 140, 'LumB': 95}",4,False,0.9014084507042254,0.8888888888888888,0.9142857142857143,0.8210526315789474,0.8210526315789474,0.8210526315789474,0.7586206896551724,0.7857142857142857,0.7333333333333333,0.963855421686747,0.975609756097561,0.9523809523809523,1054
classification,"KNN(k=5,dist)",EnsembleSoft,0.1,2,4,0.8656451441735166,0.8638073843144447,1287,321,"{'Basal': 168, 'Her2': 179, 'LumA': 560, 'LumB': 380}","{'Basal': 41, 'Her2': 45, 'LumA': 140, 'LumB': 95}",4,False,0.9187279151943463,0.9090909090909091,0.9285714285714286,0.8556149732620321,0.8695652173913043,0.8421052631578947,0.7252747252747253,0.717391304347826,0.7333333333333333,0.9629629629629629,0.975,0.9512195121951219,1054
classification,"KNN(k=5,dist)",EnsembleSoft,0.1,2,5,0.8773589915831295,0.856564707222602,1287,321,"{'Basal': 167, 'Her2': 180, 'LumA': 560, 'LumB': 380}","{'Basal': 42, 'Her2': 44, 'LumA': 140, 'LumB': 95}",4,False,0.9241379310344827,0.8933333333333333,0.9571428571428572,0.882051282051282,0.86,0.9052631578947369,0.7532467532467533,0.8787878787878788,0.6590909090909091,0.95,1.0,0.9047619047619048,1054
classification,RFECA_SVR(k=5),EnsembleSoft,0.1,2,1,0.8695004176821393,0.8673350041771094,1286,322,"{'Basal': 167, 'Her2': 179, 'LumA': 560, 'LumB': 380}","{'Basal': 42, 'Her2': 45, 'LumA': 140, 'LumB': 95}",4,False,0.9130434782608695,0.9264705882352942,0.9,0.8717948717948718,0.85,0.8947368421052632,0.8247422680412371,0.7692307692307693,0.8888888888888888,0.868421052631579,0.9705882352941176,0.7857142857142857,1054
classification,RFECA_SVR(k=5),EnsembleSoft,0.1,2,2,0.9004674490381854,0.8883145363408522,1286,322,"{'Basal': 167, 'Her2': 179, 'LumA': 560, 'LumB': 380}","{'Basal': 42, 'Her2': 45, 'LumA': 140, 'LumB': 95}",4,False,0.9375,0.9121621621621622,0.9642857142857143,0.8888888888888888,0.8936170212765957,0.8842105263157894,0.8372093023255814,0.8780487804878049,0.8,0.9382716049382716,0.9743589743589743,0.9047619047619048,1054
classification,RFECA_SVR(k=5),EnsembleSoft,0.1,2,3,0.8697463898351823,0.863251879699248,1286,322,"{'Basal': 167, 'Her2': 179, 'LumA': 560, 'LumB': 380}","{'Basal': 42, 'Her2': 45, 'LumA': 140, 'LumB': 95}",4,False,0.916083916083916,0.8972602739726028,0.9357142857142857,0.8404255319148937,0.8494623655913979,0.8315789473684211,0.7586206896551724,0.7857142857142857,0.7333333333333333,0.963855421686747,0.975609756097561,0.9523809523809523,1054
classification,RFECA_SVR(k=5),EnsembleSoft,0.1,2,4,0.8766134717478689,0.8726419707806101,1287,321,"{'Basal': 168, 'Her2': 179, 'LumA': 560, 'LumB': 380}","{'Basal': 41, 'Her2': 45, 'LumA': 140, 'LumB': 95}",4,False,0.9295774647887324,0.9166666666666666,0.9428571428571428,0.8723404255319149,0.8817204301075269,0.8631578947368421,0.7415730337078652,0.75,0.7333333333333333,0.9629629629629629,0.975,0.9512195121951219,1054
classification,RFECA_SVR(k=5),EnsembleSoft,0.1,2,5,0.8591685687432868,0.8373063340168604,1287,321,"{'Basal': 167, 'Her2': 180, 'LumA': 560, 'LumB': 380}","{'Basal': 42, 'Her2': 44, 'LumA': 140, 'LumB': 95}",4,False,0.9115646258503401,0.8701298701298701,0.9571428571428572,0.8645833333333334,0.8556701030927835,0.8736842105263158,0.7105263157894737,0.84375,0.6136363636363636,0.95,1.0,0.9047619047619048,1054
classification,RFECA_SVR(k=10),EnsembleSoft,0.1,2,1,0.8679959985666508,0.8661967418546366,1286,322,"{'Basal': 167, 'Her2': 179, 'LumA': 560, 'LumB': 380}","{'Basal': 42, 'Her2': 45, 'LumA': 140, 'LumB': 95}",4,False,0.9202898550724637,0.9338235294117647,0.9071428571428571,0.882051282051282,0.86,0.9052631578947369,0.8125,0.7647058823529411,0.8666666666666667,0.8571428571428571,0.9428571428571428,0.7857142857142857,1054
classification,RFECA_SVR(k=10),EnsembleSoft,0.1,2,2,0.8994746529979567,0.8869256474519633,1286,322,"{'Basal': 167, 'Her2': 179, 'LumA': 560, 'LumB': 380}","{'Basal': 42, 'Her2': 45, 'LumA': 140, 'LumB': 95}",4,False,0.9305555555555556,0.9054054054054054,0.9571428571428572,0.8842105263157894,0.8842105263157894,0.8842105263157894,0.8433734939759037,0.9210526315789473,0.7777777777777778,0.9397590361445783,0.9512195121951219,0.9285714285714286,1054
classification,RFECA_SVR(k=10),EnsembleSoft,0.1,2,3,0.8659276197565159,0.8617585630743525,1286,322,"{'Basal': 167, 'Her2': 179, 'LumA': 560, 'LumB': 380}","{'Basal': 42, 'Her2': 45, 'LumA': 140, 'LumB': 95}",4,False,0.9122807017543859,0.896551724137931,0.9285714285714286,0.8235294117647058,0.8369565217391305,0.8105263157894737,0.7640449438202247,0.7727272727272727,0.7555555555555555,0.963855421686747,0.975609756097561,0.9523809523809523,1054
classification,RFECA_SVR(k=10),EnsembleSoft,0.1,2,4,0.8758303248540185,0.87294583002221,1287,321,"{'Basal': 168, 'Her2': 179, 'LumA': 560, 'LumB': 380}","{'Basal': 41, 'Her2': 45, 'LumA': 140, 'LumB': 95}",4,False,0.9323843416370107,0.9290780141843972,0.9357142857142857,0.8736842105263158,0.8736842105263158,0.8736842105263158,0.7472527472527473,0.7391304347826086,0.7555555555555555,0.95,0.9743589743589743,0.926829268292683,1054
classification,RFECA_SVR(k=10),EnsembleSoft,0.1,2,5,0.8492340333716916,0.8269366598313967,1287,321,"{'Basal': 167, 'Her2': 180, 'LumA': 560, 'LumB': 380}","{'Basal': 42, 'Her2': 44, 'LumA': 140, 'LumB': 95}",4,False,0.9047619047619048,0.8636363636363636,0.95,0.8541666666666666,0.845360824742268,0.8631578947368421,0.7012987012987013,0.8181818181818182,0.6136363636363636,0.9367088607594937,1.0,0.8809523809523809,1054
classification,RFECA_SVR(k=20),EnsembleSoft,0.1,2,1,0.8652480641107988,0.8634711779448621,1286,322,"{'Basal': 167, 'Her2': 179, 'LumA': 560, 'LumB': 380}","{'Basal': 42, 'Her2': 45, 'LumA': 140, 'LumB': 95}",4,False,0.9084249084249084,0.9323308270676691,0.8857142857142857,0.8743718592964824,0.8365384615384616,0.9157894736842105,0.8210526315789474,0.78,0.8666666666666667,0.8571428571428571,0.9428571428571428,0.7857142857142857,1054
classification,RFECA_SVR(k=20),EnsembleSoft,0.1,2,2,0.9040716928619972,0.8924812030075189,1286,322,"{'Basal': 167, 'Her2': 179, 'LumA': 560, 'LumB': 380}","{'Basal': 42, 'Her2': 45, 'LumA': 140, 'LumB': 95}",4,False,0.9337979094076655,0.9115646258503401,0.9571428571428572,0.8842105263157894,0.8842105263157894,0.8842105263157894,0.8470588235294118,0.9,0.8,0.9512195121951219,0.975,0.9285714285714286,1054
classification,RFECA_SVR(k=20),EnsembleSoft,0.1,2,3,0.8667749418139744,0.8597744360902254,1286,322,"{'Basal': 167, 'Her2': 179, 'LumA': 560, 'LumB': 380}","{'Basal': 42, 'Her2': 45, 'LumA': 140, 'LumB': 95}",4,False,0.9166666666666666,0.8918918918918919,0.9428571428571428,0.8279569892473119,0.8461538461538461,0.8105263157894737,0.7586206896551724,0.7857142857142857,0.7333333333333333,0.963855421686747,0.975609756097561,0.9523809523809523,1054
classification,RFECA_SVR(k=20),EnsembleSoft,0.1,2,4,0.894202776467417,0.887335972043931,1287,321,"{'Basal': 168, 'Her2': 179, 'LumA': 560, 'LumB': 380}","{'Basal': 41, 'Her2': 45, 'LumA': 140, 'LumB': 95}",4,False,0.9366197183098591,0.9236111111111112,0.95,0.8947368421052632,0.8947368421052632,0.8947368421052632,0.7954545454545454,0.813953488372093,0.7777777777777778,0.95,0.9743589743589743,0.926829268292683,1054
classification,RFECA_SVR(k=20),EnsembleSoft,0.1,2,5,0.8578437272492426,0.8357712462975622,1287,321,"{'Basal': 167, 'Her2': 180, 'LumA': 560, 'LumB': 380}","{'Basal': 42, 'Her2': 44, 'LumA': 140, 'LumB': 95}",4,False,0.9183673469387755,0.8766233766233766,0.9642857142857143,0.875,0.865979381443299,0.8842105263157894,0.7012987012987013,0.8181818181818182,0.6136363636363636,0.9367088607594937,1.0,0.8809523809523809,1054
classification,MissForest,EnsembleSoft,0.1,2,1,0.8567538648902816,0.8552840434419382,1286,322,"{'Basal': 167, 'Her2': 179, 'LumA': 560, 'LumB': 380}","{'Basal': 42, 'Her2': 45, 'LumA': 140, 'LumB': 95}",4,False,0.9051094890510949,0.9253731343283582,0.8857142857142857,0.8730964467005076,0.8431372549019608,0.9052631578947369,0.7916666666666666,0.7450980392156863,0.8444444444444444,0.8571428571428571,0.9428571428571428,0.7857142857142857,1054
classification,MissForest,EnsembleSoft,0.1,2,2,0.9048674092406115,0.8942669172932332,1286,322,"{'Basal': 167, 'Her2': 179, 'LumA': 560, 'LumB': 380}","{'Basal': 42, 'Her2': 45, 'LumA': 140, 'LumB': 95}",4,False,0.9342560553633218,0.9060402684563759,0.9642857142857143,0.8983957219251337,0.9130434782608695,0.8842105263157894,0.8470588235294118,0.9,0.8,0.9397590361445783,0.9512195121951219,0.9285714285714286,1054
classification,MissForest,EnsembleSoft,0.1,2,3,0.8783639053966993,0.8706871345029239,1286,322,"{'Basal': 167, 'Her2': 179, 'LumA': 560, 'LumB': 380}","{'Basal': 42, 'Her2': 45, 'LumA': 140, 'LumB': 95}",4,False,0.9310344827586207,0.9,0.9642857142857143,0.8369565217391305,0.8651685393258427,0.8105263157894737,0.7816091954022989,0.8095238095238095,0.7555555555555555,0.963855421686747,0.975609756097561,0.9523809523809523,1054
classification,MissForest,EnsembleSoft,0.1,2,4,0.8836655257824908,0.8799832406218799,1287,321,"{'Basal': 168, 'Her2': 179, 'LumA': 560, 'LumB': 380}","{'Basal': 41, 'Her2': 45, 'LumA': 140, 'LumB': 95}",4,False,0.9399293286219081,0.9300699300699301,0.95,0.8677248677248677,0.8723404255319149,0.8631578947368421,0.7640449438202247,0.7727272727272727,0.7555555555555555,0.9629629629629629,0.975,0.9512195121951219,1054
classification,MissForest,EnsembleSoft,0.1,2,5,0.8578437272492426,0.8357712462975622,1287,321,"{'Basal': 167, 'Her2': 180, 'LumA': 560, 'LumB': 380}","{'Basal': 42, 'Her2': 44, 'LumA': 140, 'LumB': 95}",4,False,0.9183673469387755,0.8766233766233766,0.9642857142857143,0.875,0.865979381443299,0.8842105263157894,0.7012987012987013,0.8181818181818182,0.6136363636363636,0.9367088607594937,1.0,0.8809523809523809,1054
classification,SimpleMean,EnsembleSoft,0.1,3,1,0.8717220936957779,0.8676378446115287,1286,322,"{'Basal': 167, 'Her2': 179, 'LumA': 560, 'LumB': 380}","{'Basal': 42, 'Her2': 45, 'LumA': 140, 'LumB': 95}",4,False,0.9010989010989011,0.924812030075188,0.8785714285714286,0.87,0.8285714285714286,0.9157894736842105,0.8210526315789474,0.78,0.8666666666666667,0.8947368421052632,1.0,0.8095238095238095,1055
classification,SimpleMean,EnsembleSoft,0.1,3,2,0.9045124382855996,0.8957915622389306,1286,322,"{'Basal': 167, 'Her2': 179, 'LumA': 560, 'LumB': 380}","{'Basal': 42, 'Her2': 45, 'LumA': 140, 'LumB': 95}",4,False,0.9319727891156463,0.8896103896103896,0.9785714285714285,0.88268156424581,0.9404761904761905,0.8315789473684211,0.8636363636363636,0.8837209302325582,0.8444444444444444,0.9397590361445783,0.9512195121951219,0.9285714285714286,1055
classification,SimpleMean,EnsembleSoft,0.1,3,3,0.8773602840352819,0.8730263157894737,1286,322,"{'Basal': 167, 'Her2': 179, 'LumA': 560, 'LumB': 380}","{'Basal': 42, 'Her2': 45, 'LumA': 140, 'LumB': 95}",4,False,0.911660777385159,0.9020979020979021,0.9214285714285714,0.8465608465608465,0.851063829787234,0.8421052631578947,0.8,0.8,0.8,0.9512195121951219,0.975,0.9285714285714286,1055
classification,SimpleMean,EnsembleSoft,0.1,3,4,0.8689362656910924,0.86527242904008,1287,321,"{'Basal': 168, 'Her2': 179, 'LumA': 560, 'LumB': 380}","{'Basal': 41, 'Her2': 45, 'LumA': 140, 'LumB': 95}",4,False,0.9097472924187726,0.9197080291970803,0.9,0.882051282051282,0.86,0.9052631578947369,0.7608695652173914,0.7446808510638298,0.7777777777777778,0.9230769230769231,0.972972972972973,0.8780487804878049,1055
classification,SimpleMean,EnsembleSoft,0.1,3,5,0.8872172708745947,0.8662366142629301,1287,321,"{'Basal': 167, 'Her2': 180, 'LumA': 560, 'LumB': 380}","{'Basal': 42, 'Her2': 44, 'LumA': 140, 'LumB': 95}",4,False,0.9251700680272109,0.8831168831168831,0.9714285714285714,0.8888888888888888,0.8936170212765957,0.8842105263157894,0.7848101265822784,0.8857142857142857,0.7045454545454546,0.95,1.0,0.9047619047619048,1055
classification,"KNN(k=5,dist)",EnsembleSoft,0.1,3,1,0.8695677707147331,0.8688805346700084,1286,322,"{'Basal': 167, 'Her2': 179, 'LumA': 560, 'LumB': 380}","{'Basal': 42, 'Her2': 45, 'LumA': 140, 'LumB': 95}",4,False,0.9037037037037037,0.9384615384615385,0.8714285714285714,0.8712871287128713,0.822429906542056,0.9263157894736842,0.8172043010752689,0.7916666666666666,0.8444444444444444,0.8860759493670886,0.9459459459459459,0.8333333333333334,1055
classification,"KNN(k=5,dist)",EnsembleSoft,0.1,3,2,0.895219548781637,0.8844402673350041,1286,322,"{'Basal': 167, 'Her2': 179, 'LumA': 560, 'LumB': 380}","{'Basal': 42, 'Her2': 45, 'LumA': 140, 'LumB': 95}",4,False,0.9379310344827586,0.9066666666666666,0.9714285714285714,0.8864864864864865,0.9111111111111111,0.8631578947368421,0.8314606741573034,0.8409090909090909,0.8222222222222222,0.925,0.9736842105263158,0.8809523809523809,1055
classification,"KNN(k=5,dist)",EnsembleSoft,0.1,3,3,0.8804058099685979,0.8754594820384295,1286,322,"{'Basal': 167, 'Her2': 179, 'LumA': 560, 'LumB': 380}","{'Basal': 42, 'Her2': 45, 'LumA': 140, 'LumB': 95}",4,False,0.9263157894736842,0.9103448275862069,0.9428571428571428,0.8663101604278075,0.8804347826086957,0.8526315789473684,0.7777777777777778,0.7777777777777778,0.7777777777777778,0.9512195121951219,0.975,0.9285714285714286,1055
classification,"KNN(k=5,dist)",EnsembleSoft,0.1,3,4,0.876170038012411,0.8665558713857816,1287,321,"{'Basal': 168, 'Her2': 179, 'LumA': 560, 'LumB': 380}","{'Basal': 41, 'Her2': 45, 'LumA': 140, 'LumB': 95}",4,False,0.9192982456140351,0.903448275862069,0.9357142857142857,0.8900523560209425,0.8854166666666666,0.8947368421052632,0.7586206896551724,0.7857142857142857,0.7333333333333333,0.9367088607594937,0.9736842105263158,0.9024390243902439,1055
classification,"KNN(k=5,dist)",EnsembleSoft,0.1,3,5,0.8821528408934425,0.8605547960811119,1287,321,"{'Basal': 167, 'Her2': 180, 'LumA': 560, 'LumB': 380}","{'Basal': 42, 'Her2': 44, 'LumA': 140, 'LumB': 95}",4,False,0.9251700680272109,0.8831168831168831,0.9714285714285714,0.8842105263157894,0.8842105263157894,0.8842105263157894,0.7692307692307693,0.8823529411764706,0.6818181818181818,0.95,1.0,0.9047619047619048,1055
classification,RFECA_SVR(k=5),EnsembleSoft,0.1,3,1,0.8795811961490392,0.8791457811194654,1286,322,"{'Basal': 167, 'Her2': 179, 'LumA': 560, 'LumB': 380}","{'Basal': 42, 'Her2': 45, 'LumA': 140, 'LumB': 95}",4,False,0.9044117647058824,0.9318181818181818,0.8785714285714286,0.8743718592964824,0.8365384615384616,0.9157894736842105,0.8421052631578947,0.8,0.8888888888888888,0.8974358974358975,0.9722222222222222,0.8333333333333334,1055
classification,RFECA_SVR(k=5),EnsembleSoft,0.1,3,2,0.9024268097809667,0.8882101086048455,1286,322,"{'Basal': 167, 'Her2': 179, 'LumA': 560, 'LumB': 380}","{'Basal': 42, 'Her2': 45, 'LumA': 140, 'LumB': 95}",4,False,0.9246575342465754,0.8881578947368421,0.9642857142857143,0.8864864864864865,0.9111111111111111,0.8631578947368421,0.8735632183908046,0.9047619047619048,0.8444444444444444,0.925,0.9736842105263158,0.8809523809523809,1055
classification,RFECA_SVR(k=5),EnsembleSoft,0.1,3,3,0.8770951453453564,0.870749791144528,1286,322,"{'Basal': 167, 'Her2': 179, 'LumA': 560, 'LumB': 380}","{'Basal': 42, 'Her2': 45, 'LumA': 140, 'LumB': 95}",4,False,0.9257950530035336,0.916083916083916,0.9357142857142857,0.8586387434554974,0.8541666666666666,0.8631578947368421,0.7727272727272727,0.7906976744186046,0.7555555555555555,0.9512195121951219,0.975,0.9285714285714286,1055
classification,RFECA_SVR(k=5),EnsembleSoft,0.1,3,4,0.8891892663376809,0.8820957373107565,1287,321,"{'Basal': 168, 'Her2': 179, 'LumA': 560, 'LumB': 380}","{'Basal': 41, 'Her2': 45, 'LumA': 140, 'LumB': 95}",4,False,0.9323843416370107,0.9290780141843972,0.9357142857142857,0.9175257731958762,0.898989898989899,0.9368421052631579,0.7954545454545454,0.813953488372093,0.7777777777777778,0.9113924050632911,0.9473684210526315,0.8780487804878049,1055
classification,RFECA_SVR(k=5),EnsembleSoft,0.1,3,5,0.8817848915286062,0.8605547960811119,1287,321,"{'Basal': 167, 'Her2': 180, 'LumA': 560, 'LumB': 380}","{'Basal': 42, 'Her2': 44, 'LumA': 140, 'LumB': 95}",4,False,0.9283276450511946,0.8888888888888888,0.9714285714285714,0.8795811518324608,0.875,0.8842105263157894,0.7692307692307693,0.8823529411764706,0.6818181818181818,0.95,1.0,0.9047619047619048,1055
classification,RFECA_SVR(k=10),EnsembleSoft,0.1,3,1,0.8754603283655231,0.8729010025062656,1286,322,"{'Basal': 167, 'Her2': 179, 'LumA': 560, 'LumB': 380}","{'Basal': 42, 'Her2': 45, 'LumA': 140, 'LumB': 95}",4,False,0.9077490774907749,0.9389312977099237,0.8785714285714286,0.8811881188118812,0.8317757009345794,0.9368421052631579,0.8297872340425532,0.7959183673469388,0.8666666666666667,0.8831168831168831,0.9714285714285714,0.8095238095238095,1055
classification,RFECA_SVR(k=10),EnsembleSoft,0.1,3,2,0.8980966753567559,0.8859753550543025,1286,322,"{'Basal': 167, 'Her2': 179, 'LumA': 560, 'LumB': 380}","{'Basal': 42, 'Her2': 45, 'LumA': 140, 'LumB': 95}",4,False,0.9246575342465754,0.8881578947368421,0.9642857142857143,0.8804347826086957,0.9101123595505618,0.8526315789473684,0.8604651162790697,0.9024390243902439,0.8222222222222222,0.926829268292683,0.95,0.9047619047619048,1055
classification,RFECA_SVR(k=10),EnsembleSoft,0.1,3,3,0.8764904031434473,0.8745196324143694,1286,322,"{'Basal': 167, 'Her2': 179, 'LumA': 560, 'LumB': 380}","{'Basal': 42, 'Her2': 45, 'LumA': 140, 'LumB': 95}",4,False,0.9252669039145908,0.9219858156028369,0.9285714285714286,0.8631578947368421,0.8631578947368421,0.8631578947368421,0.7777777777777778,0.7777777777777778,0.7777777777777778,0.9397590361445783,0.9512195121951219,0.9285714285714286,1055
classification,RFECA_SVR(k=10),EnsembleSoft,0.1,3,4,0.8850565488347455,0.8768325794160197,1287,321,"{'Basal': 168, 'Her2': 179, 'LumA': 560, 'LumB': 380}","{'Basal': 41, 'Her2': 45, 'LumA': 140, 'LumB': 95}",4,False,0.9290780141843972,0.9225352112676056,0.9357142857142857,0.9015544041450777,0.8877551020408163,0.9157894736842105,0.7865168539325843,0.7954545454545454,0.7777777777777778,0.9230769230769231,0.972972972972973,0.8780487804878049,1055
classification,RFECA_SVR(k=10),EnsembleSoft,0.1,3,5,0.888383965490557,0.8670824789245842,1287,321,"{'Basal': 167, 'Her2': 180, 'LumA': 560, 'LumB': 380}","{'Basal': 42, 'Her2': 44, 'LumA': 140, 'LumB': 95}",4,False,0.9278350515463918,0.8940397350993378,0.9642857142857143,0.8808290155440415,0.8673469387755102,0.8947368421052632,0.7948717948717948,0.9117647058823529,0.7045454545454546,0.95,1.0,0.9047619047619048,1055
classification,RFECA_SVR(k=20),EnsembleSoft,0.1,3,1,0.8803478480582135,0.8784565580618211,1286,322,"{'Basal': 167, 'Her2': 179, 'LumA': 560, 'LumB': 380}","{'Basal': 42, 'Her2': 45, 'LumA': 140, 'LumB': 95}",4,False,0.9077490774907749,0.9389312977099237,0.8785714285714286,0.8855721393034826,0.839622641509434,0.9368421052631579,0.8333333333333334,0.7843137254901961,0.8888888888888888,0.8947368421052632,1.0,0.8095238095238095,1055
classification,RFECA_SVR(k=20),EnsembleSoft,0.1,3,2,0.8945338566639072,0.8839912280701755,1286,322,"{'Basal': 167, 'Her2': 179, 'LumA': 560, 'LumB': 380}","{'Basal': 42, 'Her2': 45, 'LumA': 140, 'LumB': 95}",4,False,0.9351535836177475,0.8954248366013072,0.9785714285714285,0.8901098901098901,0.9310344827586207,0.8526315789473684,0.8372093023255814,0.8780487804878049,0.8,0.9156626506024096,0.926829268292683,0.9047619047619048,1055
classification,RFECA_SVR(k=20),EnsembleSoft,0.1,3,3,0.867298151681459,0.8634085213032581,1286,322,"{'Basal': 167, 'Her2': 179, 'LumA': 560, 'LumB': 380}","{'Basal': 42, 'Her2': 45, 'LumA': 140, 'LumB': 95}",4,False,0.9252669039145908,0.9219858156028369,0.9285714285714286,0.8541666666666666,0.845360824742268,0.8631578947368421,0.75,0.7674418604651163,0.7333333333333333,0.9397590361445783,0.9512195121951219,0.9285714285714286,1055
classification,RFECA_SVR(k=20),EnsembleSoft,0.1,3,4,0.8929410606741027,0.885561719338998,1287,321,"{'Basal': 168, 'Her2': 179, 'LumA': 560, 'LumB': 380}","{'Basal': 41, 'Her2': 45, 'LumA': 140, 'LumB': 95}",4,False,0.9323843416370107,0.9290780141843972,0.9357142857142857,0.9072164948453608,0.8888888888888888,0.9263157894736842,0.7954545454545454,0.813953488372093,0.7777777777777778,0.9367088607594937,0.9736842105263158,0.9024390243902439,1055
classification,RFECA_SVR(k=20),EnsembleSoft,0.1,3,5,0.8776648224467518,0.8569833675096833,1287,321,"{'Basal': 167, 'Her2': 180, 'LumA': 560, 'LumB': 380}","{'Basal': 42, 'Her2': 44, 'LumA': 140, 'LumB': 95}",4,False,0.9209621993127147,0.8874172185430463,0.9571428571428572,0.8704663212435233,0.8571428571428571,0.8842105263157894,0.7692307692307693,0.8823529411764706,0.6818181818181818,0.95,1.0,0.9047619047619048,1055
classification,MissForest,EnsembleSoft,0.1,3,1,0.8693932500186814,0.868483709273183,1286,322,"{'Basal': 167, 'Her2': 179, 'LumA': 560, 'LumB': 380}","{'Basal': 42, 'Her2': 45, 'LumA': 140, 'LumB': 95}",4,False,0.9003690036900369,0.9312977099236641,0.8714285714285714,0.8756218905472637,0.8301886792452831,0.9263157894736842,0.8297872340425532,0.7959183673469388,0.8666666666666667,0.8717948717948718,0.9444444444444444,0.8095238095238095,1055
classification,MissForest,EnsembleSoft,0.1,3,2,0.8840672284339758,0.8759607351712615,1286,322,"{'Basal': 167, 'Her2': 179, 'LumA': 560, 'LumB': 380}","{'Basal': 42, 'Her2': 45, 'LumA': 140, 'LumB': 95}",4,False,0.9379310344827586,0.9066666666666666,0.9714285714285714,0.9021739130434783,0.9325842696629213,0.8736842105263158,0.8045977011494253,0.8333333333333334,0.7777777777777778,0.891566265060241,0.9024390243902439,0.8809523809523809,1055
classification,MissForest,EnsembleSoft,0.1,3,3,0.8647044332748739,0.8581453634085212,1286,322,"{'Basal': 167, 'Her2': 179, 'LumA': 560, 'LumB': 380}","{'Basal': 42, 'Her2': 45, 'LumA': 140, 'LumB': 95}",4,False,0.9154929577464789,0.9027777777777778,0.9285714285714286,0.8421052631578947,0.8421052631578947,0.8421052631578947,0.75,0.7674418604651163,0.7333333333333333,0.9512195121951219,0.975,0.9285714285714286,1055
classification,MissForest,EnsembleSoft,0.1,3,4,0.8843027720648687,0.8755888705503596,1287,321,"{'Basal': 168, 'Her2': 179, 'LumA': 560, 'LumB': 380}","{'Basal': 41, 'Her2': 45, 'LumA': 140, 'LumB': 95}",4,False,0.9219858156028369,0.9154929577464789,0.9285714285714286,0.8969072164948454,0.8787878787878788,0.9157894736842105,0.7816091954022989,0.8095238095238095,0.7555555555555555,0.9367088607594937,0.9736842105263158,0.9024390243902439,1055
classification,MissForest,EnsembleSoft,0.1,3,5,0.8844026925757265,0.8631863750284803,1287,321,"{'Basal': 167, 'Her2': 180, 'LumA': 560, 'LumB': 380}","{'Basal': 42, 'Her2': 44, 'LumA': 140, 'LumB': 95}",4,False,0.9283276450511946,0.8888888888888888,0.9714285714285714,0.8900523560209425,0.8854166666666666,0.8947368421052632,0.7692307692307693,0.8823529411764706,0.6818181818181818,0.95,1.0,0.9047619047619048,1055
classification,SimpleMean,EnsembleSoft,0.1,4,1,0.8625598120244454,0.8583124477861319,1286,322,"{'Basal': 167, 'Her2': 179, 'LumA': 560, 'LumB': 380}","{'Basal': 42, 'Her2': 45, 'LumA': 140, 'LumB': 95}",4,False,0.9084249084249084,0.9323308270676691,0.8857142857142857,0.8656716417910447,0.8207547169811321,0.9157894736842105,0.8043478260869565,0.7872340425531915,0.8222222222222222,0.8717948717948718,0.9444444444444444,0.8095238095238095,1056
classification,SimpleMean,EnsembleSoft,0.1,4,2,0.8922056606490308,0.8813596491228071,1286,322,"{'Basal': 167, 'Her2': 179, 'LumA': 560, 'LumB': 380}","{'Basal': 42, 'Her2': 45, 'LumA': 140, 'LumB': 95}",4,False,0.9319727891156463,0.8896103896103896,0.9785714285714285,0.8839779005524862,0.9302325581395349,0.8421052631578947,0.8372093023255814,0.8780487804878049,0.8,0.9156626506024096,0.926829268292683,0.9047619047619048,1056
classification,SimpleMean,EnsembleSoft,0.1,4,3,0.8628557142999136,0.858343776106934,1286,322,"{'Basal': 167, 'Her2': 179, 'LumA': 560, 'LumB': 380}","{'Basal': 42, 'Her2': 45, 'LumA': 140, 'LumB': 95}",4,False,0.9071428571428571,0.9071428571428571,0.9071428571428571,0.8290155440414507,0.8163265306122449,0.8421052631578947,0.7640449438202247,0.7727272727272727,0.7555555555555555,0.9512195121951219,0.975,0.9285714285714286,1056
classification,SimpleMean,EnsembleSoft,0.1,4,4,0.8680870846631232,0.8562906249363247,1287,321,"{'Basal': 168, 'Her2': 179, 'LumA': 560, 'LumB': 380}","{'Basal': 41, 'Her2': 45, 'LumA': 140, 'LumB': 95}",4,False,0.9154929577464789,0.9027777777777778,0.9285714285714286,0.882051282051282,0.86,0.9052631578947369,0.7380952380952381,0.7948717948717948,0.6888888888888889,0.9367088607594937,0.9736842105263158,0.9024390243902439,1056
classification,SimpleMean,EnsembleSoft,0.1,4,5,0.8707678252260906,0.8481487810435179,1287,321,"{'Basal': 167, 'Her2': 180, 'LumA': 560, 'LumB': 380}","{'Basal': 42, 'Her2': 44, 'LumA': 140, 'LumB': 95}",4,False,0.9041095890410958,0.868421052631579,0.9428571428571428,0.8497409326424871,0.8367346938775511,0.8631578947368421,0.7792207792207793,0.9090909090909091,0.6818181818181818,0.95,1.0,0.9047619047619048,1056
classification,"KNN(k=5,dist)",EnsembleSoft,0.1,4,1,0.8693560203237622,0.866499582289056,1286,322,"{'Basal': 167, 'Her2': 179, 'LumA': 560, 'LumB': 380}","{'Basal': 42, 'Her2': 45, 'LumA': 140, 'LumB': 95}",4,False,0.9084249084249084,0.9323308270676691,0.8857142857142857,0.88,0.8380952380952381,0.9263157894736842,0.8172043010752689,0.7916666666666666,0.8444444444444444,0.8717948717948718,0.9444444444444444,0.8095238095238095,1056
classification,"KNN(k=5,dist)",EnsembleSoft,0.1,4,2,0.8814542483403123,0.872326649958229,1286,322,"{'Basal': 167, 'Her2': 179, 'LumA': 560, 'LumB': 380}","{'Basal': 42, 'Her2': 45, 'LumA': 140, 'LumB': 95}",4,False,0.9355932203389831,0.8903225806451613,0.9857142857142858,0.8715083798882681,0.9285714285714286,0.8210526315789474,0.813953488372093,0.8536585365853658,0.7777777777777778,0.9047619047619048,0.9047619047619048,0.9047619047619048,1056
classification,"KNN(k=5,dist)",EnsembleSoft,0.1,4,3,0.8757711105458147,0.8673245614035088,1286,322,"{'Basal': 167, 'Her2': 179, 'LumA': 560, 'LumB': 380}","{'Basal': 42, 'Her2': 45, 'LumA': 140, 'LumB': 95}",4,False,0.9225352112676056,0.9097222222222222,0.9357142857142857,0.8526315789473684,0.8526315789473684,0.8526315789473684,0.7912087912087912,0.782608695652174,0.8,0.9367088607594937,1.0,0.8809523809523809,1056
classification,"KNN(k=5,dist)",EnsembleSoft,0.1,4,4,0.8739692133608419,0.8661580271817756,1287,321,"{'Basal': 168, 'Her2': 179, 'LumA': 560, 'LumB': 380}","{'Basal': 41, 'Her2': 45, 'LumA': 140, 'LumB': 95}",4,False,0.9181494661921709,0.9148936170212766,0.9214285714285714,0.8775510204081632,0.8514851485148515,0.9052631578947369,0.7619047619047619,0.8205128205128205,0.7111111111111111,0.9382716049382716,0.95,0.926829268292683,1056
classification,"KNN(k=5,dist)",EnsembleSoft,0.1,4,5,0.8640766270811451,0.8439821143768511,1287,321,"{'Basal': 167, 'Her2': 180, 'LumA': 560, 'LumB': 380}","{'Basal': 42, 'Her2': 44, 'LumA': 140, 'LumB': 95}",4,False,0.910958904109589,0.875,0.95,0.8586387434554974,0.8541666666666666,0.8631578947368421,0.75,0.8333333333333334,0.6818181818181818,0.9367088607594937,1.0,0.8809523809523809,1056
classification,RFECA_SVR(k=5),EnsembleSoft,0.1,4,1,0.8573565973034059,0.854344193817878,1286,322,"{'Basal': 167, 'Her2': 179, 'LumA': 560, 'LumB': 380}","{'Basal': 42, 'Her2': 45, 'LumA': 140, 'LumB': 95}",4,False,0.8937728937728938,0.9172932330827067,0.8714285714285714,0.87,0.8285714285714286,0.9157894736842105,0.8085106382978723,0.7755102040816326,0.8444444444444444,0.8571428571428571,0.9428571428571428,0.7857142857142857,1056
classification,RFECA_SVR(k=5),EnsembleSoft,0.1,4,2,0.9084217737023503,0.8939640768588137,1286,322,"{'Basal': 167, 'Her2': 179, 'LumA': 560, 'LumB': 380}","{'Basal': 42, 'Her2': 45, 'LumA': 140, 'LumB': 95}",4,False,0.9387755102040817,0.8961038961038961,0.9857142857142858,0.8961748633879781,0.9318181818181818,0.8631578947368421,0.8604651162790697,0.9024390243902439,0.8222222222222222,0.9382716049382716,0.9743589743589743,0.9047619047619048,1056
classification,RFECA_SVR(k=5),EnsembleSoft,0.1,4,3,0.8662966636588854,0.8603801169590642,1286,322,"{'Basal': 167, 'Her2': 179, 'LumA': 560, 'LumB': 380}","{'Basal': 42, 'Her2': 45, 'LumA': 140, 'LumB': 95}",4,False,0.9187279151943463,0.9090909090909091,0.9285714285714286,0.8526315789473684,0.8526315789473684,0.8526315789473684,0.7555555555555555,0.7555555555555555,0.7555555555555555,0.9382716049382716,0.9743589743589743,0.9047619047619048,1056
classification,RFECA_SVR(k=5),EnsembleSoft,0.1,4,4,0.8794923736114555,0.8680491880106771,1287,321,"{'Basal': 168, 'Her2': 179, 'LumA': 560, 'LumB': 380}","{'Basal': 41, 'Her2': 45, 'LumA': 140, 'LumB': 95}",4,False,0.9295774647887324,0.9166666666666666,0.9428571428571428,0.8923076923076924,0.87,0.9157894736842105,0.7710843373493976,0.8421052631578947,0.7111111111111111,0.925,0.9487179487179487,0.9024390243902439,1056
classification,RFECA_SVR(k=5),EnsembleSoft,0.1,4,5,0.8770957715012869,0.8558669400774664,1287,321,"{'Basal': 167, 'Her2': 180, 'LumA': 560, 'LumB': 380}","{'Basal': 42, 'Her2': 44, 'LumA': 140, 'LumB': 95}",4,False,0.9183673469387755,0.8766233766233766,0.9642857142857143,0.8783068783068783,0.8829787234042553,0.8736842105263158,0.775,0.8611111111111112,0.7045454545454546,0.9367088607594937,1.0,0.8809523809523809,1056
classification,RFECA_SVR(k=10),EnsembleSoft,0.1,4,1,0.8551630002130356,0.8505743525480367,1286,322,"{'Basal': 167, 'Her2': 179, 'LumA': 560, 'LumB': 380}","{'Basal': 42, 'Her2': 45, 'LumA': 140, 'LumB': 95}",4,False,0.8978102189781022,0.917910447761194,0.8785714285714286,0.87,0.8285714285714286,0.9157894736842105,0.7956989247311828,0.7708333333333334,0.8222222222222222,0.8571428571428571,0.9428571428571428,0.7857142857142857,1056
classification,RFECA_SVR(k=10),EnsembleSoft,0.1,4,2,0.903460955919778,0.8914891395154553,1286,322,"{'Basal': 167, 'Her2': 179, 'LumA': 560, 'LumB': 380}","{'Basal': 42, 'Her2': 45, 'LumA': 140, 'LumB': 95}",4,False,0.9415807560137457,0.9072847682119205,0.9785714285714285,0.9081081081081082,0.9333333333333333,0.8842105263157894,0.8505747126436781,0.8809523809523809,0.8222222222222222,0.9135802469135802,0.9487179487179487,0.8809523809523809,1056
classification,RFECA_SVR(k=10),EnsembleSoft,0.1,4,3,0.863020284931183,0.8577485380116958,1286,322,"{'Basal': 167, 'Her2': 179, 'LumA': 560, 'LumB': 380}","{'Basal': 42, 'Her2': 45, 'LumA': 140, 'LumB': 95}",4,False,0.9154929577464789,0.9027777777777778,0.9285714285714286,0.851063829787234,0.8602150537634409,0.8421052631578947,0.7472527472527473,0.7391304347826086,0.7555555555555555,0.9382716049382716,0.9743589743589743,0.9047619047619048,1056
classification,RFECA_SVR(k=10),EnsembleSoft,0.1,4,4,0.878186871917926,0.866805479145017,1287,321,"{'Basal': 168, 'Her2': 179, 'LumA': 560, 'LumB': 380}","{'Basal': 41, 'Her2': 45, 'LumA': 140, 'LumB': 95}",4,False,0.9257950530035336,0.916083916083916,0.9357142857142857,0.883248730964467,0.8529411764705882,0.9157894736842105,0.7654320987654321,0.8611111111111112,0.6888888888888889,0.9382716049382716,0.95,0.926829268292683,1056
classification,RFECA_SVR(k=10),EnsembleSoft,0.1,4,5,0.8795219316847188,0.859344383686489,1287,321,"{'Basal': 167, 'Her2': 180, 'LumA': 560, 'LumB': 380}","{'Basal': 42, 'Her2': 44, 'LumA': 140, 'LumB': 95}",4,False,0.9209621993127147,0.8874172185430463,0.9571428571428572,0.8854166666666666,0.8762886597938144,0.8947368421052632,0.775,0.8611111111111112,0.7045454545454546,0.9367088607594937,1.0,0.8809523809523809,1056
classification,RFECA_SVR(k=20),EnsembleSoft,0.1,4,1,0.8735235065050722,0.8708124477861319,1286,322,"{'Basal': 167, 'Her2': 179, 'LumA': 560, 'LumB': 380}","{'Basal': 42, 'Her2': 45, 'LumA': 140, 'LumB': 95}",4,False,0.9090909090909091,0.9259259259259259,0.8928571428571429,0.883248730964467,0.8529411764705882,0.9157894736842105,0.8333333333333334,0.7843137254901961,0.8888888888888888,0.868421052631579,0.9705882352941176,0.7857142857142857,1056
classification,RFECA_SVR(k=20),EnsembleSoft,0.1,4,2,0.8971829185091844,0.8850877192982457,1286,322,"{'Basal': 167, 'Her2': 179, 'LumA': 560, 'LumB': 380}","{'Basal': 42, 'Her2': 45, 'LumA': 140, 'LumB': 95}",4,False,0.9419795221843004,0.9019607843137255,0.9857142857142858,0.907103825136612,0.9431818181818182,0.8736842105263158,0.8372093023255814,0.8780487804878049,0.8,0.9024390243902439,0.925,0.8809523809523809,1056
classification,RFECA_SVR(k=20),EnsembleSoft,0.1,4,3,0.8585766378900181,0.8517961570593149,1286,322,"{'Basal': 167, 'Her2': 179, 'LumA': 560, 'LumB': 380}","{'Basal': 42, 'Her2': 45, 'LumA': 140, 'LumB': 95}",4,False,0.9154929577464789,0.9027777777777778,0.9285714285714286,0.8465608465608465,0.851063829787234,0.8421052631578947,0.7472527472527473,0.7391304347826086,0.7555555555555555,0.925,0.9736842105263158,0.8809523809523809,1056
classification,RFECA_SVR(k=20),EnsembleSoft,0.1,4,4,0.8739692133608419,0.8661580271817756,1287,321,"{'Basal': 168, 'Her2': 179, 'LumA': 560, 'LumB': 380}","{'Basal': 41, 'Her2': 45, 'LumA': 140, 'LumB': 95}",4,False,0.9181494661921709,0.9148936170212766,0.9214285714285714,0.8775510204081632,0.8514851485148515,0.9052631578947369,0.7619047619047619,0.8205128205128205,0.7111111111111111,0.9382716049382716,0.95,0.926829268292683,1056
classification,RFECA_SVR(k=20),EnsembleSoft,0.1,4,5,0.87744481390347,0.8575586694007747,1287,321,"{'Basal': 167, 'Her2': 180, 'LumA': 560, 'LumB': 380}","{'Basal': 42, 'Her2': 44, 'LumA': 140, 'LumB': 95}",4,False,0.9172413793103448,0.8866666666666667,0.95,0.8808290155440415,0.8673469387755102,0.8947368421052632,0.775,0.8611111111111112,0.7045454545454546,0.9367088607594937,1.0,0.8809523809523809,1056
classification,MissForest,EnsembleSoft,0.1,4,1,0.8617510311267736,0.8597013366750208,1286,322,"{'Basal': 167, 'Her2': 179, 'LumA': 560, 'LumB': 380}","{'Basal': 42, 'Her2': 45, 'LumA': 140, 'LumB': 95}",4,False,0.9090909090909091,0.9259259259259259,0.8928571428571429,0.883248730964467,0.8529411764705882,0.9157894736842105,0.8085106382978723,0.7755102040816326,0.8444444444444444,0.8461538461538461,0.9166666666666666,0.7857142857142857,1056
classification,MissForest,EnsembleSoft,0.1,4,2,0.8933361586344678,0.8821637426900585,1286,322,"{'Basal': 167, 'Her2': 179, 'LumA': 560, 'LumB': 380}","{'Basal': 42, 'Her2': 45, 'LumA': 140, 'LumB': 95}",4,False,0.9452054794520548,0.9078947368421053,0.9857142857142858,0.9130434782608695,0.9438202247191011,0.8842105263157894,0.8235294117647058,0.875,0.7777777777777778,0.891566265060241,0.9024390243902439,0.8809523809523809,1056
classification,MissForest,EnsembleSoft,0.1,4,3,0.8910691471382419,0.8851817042606517,1286,322,"{'Basal': 167, 'Her2': 179, 'LumA': 560, 'LumB': 380}","{'Basal': 42, 'Her2': 45, 'LumA': 140, 'LumB': 95}",4,False,0.9225352112676056,0.9097222222222222,0.9357142857142857,0.8571428571428571,0.8617021276595744,0.8526315789473684,0.8089887640449438,0.8181818181818182,0.8,0.975609756097561,1.0,0.9523809523809523,1056
classification,MissForest,EnsembleSoft,0.1,4,4,0.8818646718997238,0.8723610347005726,1287,321,"{'Basal': 168, 'Her2': 179, 'LumA': 560, 'LumB': 380}","{'Basal': 41, 'Her2': 45, 'LumA': 140, 'LumB': 95}",4,False,0.9257950530035336,0.916083916083916,0.9357142857142857,0.8923076923076924,0.87,0.9157894736842105,0.7710843373493976,0.8421052631578947,0.7111111111111111,0.9382716049382716,0.95,0.926829268292683,1056
classification,MissForest,EnsembleSoft,0.1,4,5,0.8813395761991117,0.8601902483481432,1287,321,"{'Basal': 167, 'Her2': 180, 'LumA': 560, 'LumB': 380}","{'Basal': 42, 'Her2': 44, 'LumA': 140, 'LumB': 95}",4,False,0.9172413793103448,0.8866666666666667,0.95,0.8865979381443299,0.8686868686868687,0.9052631578947369,0.7848101265822784,0.8857142857142857,0.7045454545454546,0.9367088607594937,1.0,0.8809523809523809,1056
classification,SimpleMean,EnsembleSoft,0.1,5,1,0.8639300368767564,0.8598997493734335,1286,322,"{'Basal': 167, 'Her2': 179, 'LumA': 560, 'LumB': 380}","{'Basal': 42, 'Her2': 45, 'LumA': 140, 'LumB': 95}",4,False,0.9003690036900369,0.9312977099236641,0.8714285714285714,0.8571428571428571,0.8055555555555556,0.9157894736842105,0.8297872340425532,0.7959183673469388,0.8666666666666667,0.868421052631579,0.9705882352941176,0.7857142857142857,1057
classification,SimpleMean,EnsembleSoft,0.1,5,2,0.9059529839979923,0.8922827903091062,1286,322,"{'Basal': 167, 'Her2': 179, 'LumA': 560, 'LumB': 380}","{'Basal': 42, 'Her2': 45, 'LumA': 140, 'LumB': 95}",4,False,0.9383561643835616,0.9013157894736842,0.9785714285714285,0.9032258064516129,0.9230769230769231,0.8842105263157894,0.8536585365853658,0.9459459459459459,0.7777777777777778,0.9285714285714286,0.9285714285714286,0.9285714285714286,1057
classification,SimpleMean,EnsembleSoft,0.1,5,3,0.8782621219543002,0.8699039264828738,1286,322,"{'Basal': 167, 'Her2': 179, 'LumA': 560, 'LumB': 380}","{'Basal': 42, 'Her2': 45, 'LumA': 140, 'LumB': 95}",4,False,0.9230769230769231,0.9041095890410958,0.9428571428571428,0.8571428571428571,0.8617021276595744,0.8526315789473684,0.7816091954022989,0.8095238095238095,0.7555555555555555,0.9512195121951219,0.975,0.9285714285714286,1057
classification,SimpleMean,EnsembleSoft,0.1,5,4,0.8716904593323619,0.8694683864131875,1287,321,"{'Basal': 168, 'Her2': 179, 'LumA': 560, 'LumB': 380}","{'Basal': 41, 'Her2': 45, 'LumA': 140, 'LumB': 95}",4,False,0.9295774647887324,0.9166666666666666,0.9428571428571428,0.8663101604278075,0.8804347826086957,0.8526315789473684,0.7640449438202247,0.7727272727272727,0.7555555555555555,0.926829268292683,0.926829268292683,0.926829268292683,1057
classification,SimpleMean,EnsembleSoft,0.1,5,5,0.8737157922284505,0.8507063112326271,1287,321,"{'Basal': 167, 'Her2': 180, 'LumA': 560, 'LumB': 380}","{'Basal': 42, 'Her2': 44, 'LumA': 140, 'LumB': 95}",4,False,0.9256756756756757,0.8782051282051282,0.9785714285714285,0.8888888888888888,0.8936170212765957,0.8842105263157894,0.7435897435897436,0.8529411764705882,0.6590909090909091,0.9367088607594937,1.0,0.8809523809523809,1057
classification,"KNN(k=5,dist)",EnsembleSoft,0.1,5,1,0.8642139110889111,0.8634711779448621,1286,322,"{'Basal': 167, 'Her2': 179, 'LumA': 560, 'LumB': 380}","{'Basal': 42, 'Her2': 45, 'LumA': 140, 'LumB': 95}",4,False,0.9084249084249084,0.9323308270676691,0.8857142857142857,0.8787878787878788,0.8446601941747572,0.9157894736842105,0.8125,0.7647058823529411,0.8666666666666667,0.8571428571428571,0.9428571428571428,0.7857142857142857,1057
classification,"KNN(k=5,dist)",EnsembleSoft,0.1,5,2,0.9021282127677144,0.8872702589807854,1286,322,"{'Basal': 167, 'Her2': 179, 'LumA': 560, 'LumB': 380}","{'Basal': 42, 'Her2': 45, 'LumA': 140, 'LumB': 95}",4,False,0.9423728813559322,0.896774193548387,0.9928571428571429,0.907103825136612,0.9431818181818182,0.8736842105263158,0.8433734939759037,0.9210526315789473,0.7777777777777778,0.9156626506024096,0.926829268292683,0.9047619047619048,1057
classification,"KNN(k=5,dist)",EnsembleSoft,0.1,5,3,0.8838086427795391,0.8760129490392649,1286,322,"{'Basal': 167, 'Her2': 179, 'LumA': 560, 'LumB': 380}","{'Basal': 42, 'Her2': 45, 'LumA': 140, 'LumB': 95}",4,False,0.9290780141843972,0.9225352112676056,0.9357142857142857,0.8704663212435233,0.8571428571428571,0.8842105263157894,0.7727272727272727,0.7906976744186046,0.7555555555555555,0.9629629629629629,1.0,0.9285714285714286,1057
classification,"KNN(k=5,dist)",EnsembleSoft,0.1,5,4,0.8815049097188266,0.8793472502394197,1287,321,"{'Basal': 168, 'Her2': 179, 'LumA': 560, 'LumB': 380}","{'Basal': 41, 'Her2': 45, 'LumA': 140, 'LumB': 95}",4,False,0.935251798561151,0.9420289855072463,0.9285714285714286,0.865979381443299,0.8484848484848485,0.8842105263157894,0.7865168539325843,0.7954545454545454,0.7777777777777778,0.9382716049382716,0.95,0.926829268292683,1057
classification,"KNN(k=5,dist)",EnsembleSoft,0.1,5,5,0.8631028294062462,0.8418717247664617,1287,321,"{'Basal': 167, 'Her2': 180, 'LumA': 560, 'LumB': 380}","{'Basal': 42, 'Her2': 44, 'LumA': 140, 'LumB': 95}",4,False,0.9183673469387755,0.8766233766233766,0.9642857142857143,0.8631578947368421,0.8631578947368421,0.8631578947368421,0.7341772151898734,0.8285714285714286,0.6590909090909091,0.9367088607594937,1.0,0.8809523809523809,1057
classification,RFECA_SVR(k=5),EnsembleSoft,0.1,5,1,0.857933545080674,0.8566729323308271,1286,322,"{'Basal': 167, 'Her2': 179, 'LumA': 560, 'LumB': 380}","{'Basal': 42, 'Her2': 45, 'LumA': 140, 'LumB': 95}",4,False,0.9124087591240876,0.9328358208955224,0.8928571428571429,0.8730964467005076,0.8431372549019608,0.9052631578947369,0.8041237113402062,0.75,0.8666666666666667,0.8421052631578947,0.9411764705882353,0.7619047619047619,1057
classification,RFECA_SVR(k=5),EnsembleSoft,0.1,5,2,0.9060650539309075,0.8901942355889725,1286,322,"{'Basal': 167, 'Her2': 179, 'LumA': 560, 'LumB': 380}","{'Basal': 42, 'Her2': 45, 'LumA': 140, 'LumB': 95}",4,False,0.9391891891891891,0.8910256410256411,0.9928571428571429,0.9010989010989011,0.9425287356321839,0.8631578947368421,0.8571428571428571,0.9230769230769231,0.8,0.926829268292683,0.95,0.9047619047619048,1057
classification,RFECA_SVR(k=5),EnsembleSoft,0.1,5,3,0.8850550010676475,0.8789369256474521,1286,322,"{'Basal': 167, 'Her2': 179, 'LumA': 560, 'LumB': 380}","{'Basal': 42, 'Her2': 45, 'LumA': 140, 'LumB': 95}",4,False,0.9257950530035336,0.916083916083916,0.9357142857142857,0.8736842105263158,0.8736842105263158,0.8736842105263158,0.7777777777777778,0.7777777777777778,0.7777777777777778,0.9629629629629629,1.0,0.9285714285714286,1057
classification,RFECA_SVR(k=5),EnsembleSoft,0.1,5,4,0.8739291460450264,0.8680919779122603,1287,321,"{'Basal': 168, 'Her2': 179, 'LumA': 560, 'LumB': 380}","{'Basal': 41, 'Her2': 45, 'LumA': 140, 'LumB': 95}",4,False,0.9328621908127208,0.9230769230769231,0.9428571428571428,0.8736842105263158,0.8736842105263158,0.8736842105263158,0.7777777777777778,0.7777777777777778,0.7777777777777778,0.9113924050632911,0.9473684210526315,0.8780487804878049,1057
classification,RFECA_SVR(k=5),EnsembleSoft,0.1,5,5,0.8622955192034139,0.8401885395306449,1287,321,"{'Basal': 167, 'Her2': 180, 'LumA': 560, 'LumB': 380}","{'Basal': 42, 'Her2': 44, 'LumA': 140, 'LumB': 95}",4,False,0.918918918918919,0.8717948717948718,0.9714285714285714,0.8947368421052632,0.8947368421052632,0.8947368421052632,0.7105263157894737,0.84375,0.6136363636363636,0.925,0.9736842105263158,0.8809523809523809,1057
classification,RFECA_SVR(k=10),EnsembleSoft,0.1,5,1,0.8613596292788472,0.8601503759398497,1286,322,"{'Basal': 167, 'Her2': 179, 'LumA': 560, 'LumB': 380}","{'Basal': 42, 'Her2': 45, 'LumA': 140, 'LumB': 95}",4,False,0.9117647058823529,0.9393939393939394,0.8857142857142857,0.8844221105527639,0.8461538461538461,0.9263157894736842,0.7959183673469388,0.7358490566037735,0.8666666666666667,0.8533333333333334,0.9696969696969697,0.7619047619047619,1057
classification,RFECA_SVR(k=10),EnsembleSoft,0.1,5,2,0.8958031993585811,0.8820071010860485,1286,322,"{'Basal': 167, 'Her2': 179, 'LumA': 560, 'LumB': 380}","{'Basal': 42, 'Her2': 45, 'LumA': 140, 'LumB': 95}",4,False,0.9391891891891891,0.8910256410256411,0.9928571428571429,0.8950276243093923,0.9418604651162791,0.8526315789473684,0.8333333333333334,0.8974358974358975,0.7777777777777778,0.9156626506024096,0.926829268292683,0.9047619047619048,1057
classification,RFECA_SVR(k=10),EnsembleSoft,0.1,5,3,0.8892334947206167,0.8844924812030076,1286,322,"{'Basal': 167, 'Her2': 179, 'LumA': 560, 'LumB': 380}","{'Basal': 42, 'Her2': 45, 'LumA': 140, 'LumB': 95}",4,False,0.9290780141843972,0.9225352112676056,0.9357142857142857,0.8736842105263158,0.8736842105263158,0.8736842105263158,0.7912087912087912,0.782608695652174,0.8,0.9629629629629629,1.0,0.9285714285714286,1057
classification,RFECA_SVR(k=10),EnsembleSoft,0.1,5,4,0.8802749789822402,0.8756713939319845,1287,321,"{'Basal': 168, 'Her2': 179, 'LumA': 560, 'LumB': 380}","{'Basal': 41, 'Her2': 45, 'LumA': 140, 'LumB': 95}",4,False,0.9370629370629371,0.9178082191780822,0.9571428571428572,0.8817204301075269,0.9010989010989011,0.8631578947368421,0.7640449438202247,0.7727272727272727,0.7555555555555555,0.9382716049382716,0.95,0.926829268292683,1057
classification,RFECA_SVR(k=10),EnsembleSoft,0.1,5,5,0.8711596341610301,0.8467162223741171,1287,321,"{'Basal': 167, 'Her2': 180, 'LumA': 560, 'LumB': 380}","{'Basal': 42, 'Her2': 44, 'LumA': 140, 'LumB': 95}",4,False,0.9152542372881356,0.8709677419354839,0.9642857142857143,0.8958333333333334,0.8865979381443299,0.9052631578947369,0.7368421052631579,0.875,0.6363636363636364,0.9367088607594937,1.0,0.8809523809523809,1057
classification,RFECA_SVR(k=20),EnsembleSoft,0.1,5,1,0.8728138528138528,0.871063074352548,1286,322,"{'Basal': 167, 'Her2': 179, 'LumA': 560, 'LumB': 380}","{'Basal': 42, 'Her2': 45, 'LumA': 140, 'LumB': 95}",4,False,0.9236363636363636,0.9407407407407408,0.9071428571428571,0.8979591836734694,0.8712871287128713,0.9263157894736842,0.8163265306122449,0.7547169811320755,0.8888888888888888,0.8533333333333334,0.9696969696969697,0.7619047619047619,1057
classification,RFECA_SVR(k=20),EnsembleSoft,0.1,5,2,0.9068165752972778,0.8928258145363409,1286,322,"{'Basal': 167, 'Her2': 179, 'LumA': 560, 'LumB': 380}","{'Basal': 42, 'Her2': 45, 'LumA': 140, 'LumB': 95}",4,False,0.9423728813559322,0.896774193548387,0.9928571428571429,0.9120879120879121,0.9540229885057471,0.8736842105263158,0.8571428571428571,0.9230769230769231,0.8,0.9156626506024096,0.926829268292683,0.9047619047619048,1057
classification,RFECA_SVR(k=20),EnsembleSoft,0.1,5,3,0.8930876161440187,0.8897556390977445,1286,322,"{'Basal': 167, 'Her2': 179, 'LumA': 560, 'LumB': 380}","{'Basal': 42, 'Her2': 45, 'LumA': 140, 'LumB': 95}",4,False,0.9357142857142857,0.9357142857142857,0.9357142857142857,0.8854166666666666,0.8762886597938144,0.8947368421052632,0.8,0.8,0.8,0.9512195121951219,0.975,0.9285714285714286,1057
classification,RFECA_SVR(k=20),EnsembleSoft,0.1,5,4,0.8807112734197604,0.8719130142429244,1287,321,"{'Basal': 168, 'Her2': 179, 'LumA': 560, 'LumB': 380}","{'Basal': 41, 'Her2': 45, 'LumA': 140, 'LumB': 95}",4,False,0.9403508771929825,0.9241379310344827,0.9571428571428572,0.8900523560209425,0.8854166666666666,0.8947368421052632,0.7674418604651163,0.8048780487804879,0.7333333333333333,0.925,0.9487179487179487,0.9024390243902439,1057
classification,RFECA_SVR(k=20),EnsembleSoft,0.1,5,5,0.8656163466290049,0.8432387787650946,1287,321,"{'Basal': 167, 'Her2': 180, 'LumA': 560, 'LumB': 380}","{'Basal': 42, 'Her2': 44, 'LumA': 140, 'LumB': 95}",4,False,0.918918918918919,0.8717948717948718,0.9714285714285714,0.8888888888888888,0.8936170212765957,0.8842105263157894,0.717948717948718,0.8235294117647058,0.6363636363636364,0.9367088607594937,1.0,0.8809523809523809,1057
classification,MissForest,EnsembleSoft,0.1,5,1,0.8631085284653249,0.8597013366750208,1286,322,"{'Basal': 167, 'Her2': 179, 'LumA': 560, 'LumB': 380}","{'Basal': 42, 'Her2': 45, 'LumA': 140, 'LumB': 95}",4,False,0.9124087591240876,0.9328358208955224,0.8928571428571429,0.8743718592964824,0.8365384615384616,0.9157894736842105,0.8085106382978723,0.7755102040816326,0.8444444444444444,0.8571428571428571,0.9428571428571428,0.7857142857142857,1057
classification,MissForest,EnsembleSoft,0.1,5,2,0.9149001594275037,0.8992272347535506,1286,322,"{'Basal': 167, 'Her2': 179, 'LumA': 560, 'LumB': 380}","{'Basal': 42, 'Her2': 45, 'LumA': 140, 'LumB': 95}",4,False,0.9387755102040817,0.8961038961038961,0.9857142857142858,0.9130434782608695,0.9438202247191011,0.8842105263157894,0.8809523809523809,0.9487179487179487,0.8222222222222222,0.926829268292683,0.95,0.9047619047619048,1057
classification,MissForest,EnsembleSoft,0.1,5,3,0.8934734003580587,0.889202172096909,1286,322,"{'Basal': 167, 'Her2': 179, 'LumA': 560, 'LumB': 380}","{'Basal': 42, 'Her2': 45, 'LumA': 140, 'LumB': 95}",4,False,0.9295774647887324,0.9166666666666666,0.9428571428571428,0.8770053475935828,0.8913043478260869,0.8631578947368421,0.8043478260869565,0.7872340425531915,0.8222222222222222,0.9629629629629629,1.0,0.9285714285714286,1057
classification,MissForest,EnsembleSoft,0.1,5,4,0.8710729226219587,0.8665444098050004,1287,321,"{'Basal': 168, 'Her2': 179, 'LumA': 560, 'LumB': 380}","{'Basal': 41, 'Her2': 45, 'LumA': 140, 'LumB': 95}",4,False,0.9328621908127208,0.9230769230769231,0.9428571428571428,0.8631578947368421,0.8631578947368421,0.8631578947368421,0.75,0.7674418604651163,0.7333333333333333,0.9382716049382716,0.95,0.926829268292683,1057
classification,MissForest,EnsembleSoft,0.1,5,5,0.8504525700004424,0.8305080884028253,1287,321,"{'Basal': 167, 'Her2': 180, 'LumA': 560, 'LumB': 380}","{'Basal': 42, 'Her2': 44, 'LumA': 140, 'LumB': 95}",4,False,0.9121621621621622,0.8653846153846154,0.9642857142857143,0.8723404255319149,0.8817204301075269,0.8631578947368421,0.6923076923076923,0.7941176470588235,0.6136363636363636,0.925,0.9736842105263158,0.8809523809523809,1057
classification,SimpleMean,EnsembleSoft,0.1,6,1,0.8578654129666728,0.852203425229741,1286,322,"{'Basal': 167, 'Her2': 179, 'LumA': 560, 'LumB': 380}","{'Basal': 42, 'Her2': 45, 'LumA': 140, 'LumB': 95}",4,False,0.9025270758122743,0.9124087591240876,0.8928571428571429,0.8527918781725888,0.8235294117647058,0.8842105263157894,0.8043478260869565,0.7872340425531915,0.8222222222222222,0.8717948717948718,0.9444444444444444,0.8095238095238095,1058
classification,SimpleMean,EnsembleSoft,0.1,6,2,0.8948331308614684,0.8838972431077695,1286,322,"{'Basal': 167, 'Her2': 179, 'LumA': 560, 'LumB': 380}","{'Basal': 42, 'Her2': 45, 'LumA': 140, 'LumB': 95}",4,False,0.9241379310344827,0.8933333333333333,0.9571428571428572,0.8924731182795699,0.9120879120879121,0.8736842105263158,0.8470588235294118,0.9,0.8,0.9156626506024096,0.926829268292683,0.9047619047619048,1058
classification,SimpleMean,EnsembleSoft,0.1,6,3,0.8743689772844747,0.8721804511278196,1286,322,"{'Basal': 167, 'Her2': 179, 'LumA': 560, 'LumB': 380}","{'Basal': 42, 'Her2': 45, 'LumA': 140, 'LumB': 95}",4,False,0.9187279151943463,0.9090909090909091,0.9285714285714286,0.8449197860962567,0.8586956521739131,0.8315789473684211,0.782608695652174,0.7659574468085106,0.8,0.9512195121951219,0.975,0.9285714285714286,1058
classification,SimpleMean,EnsembleSoft,0.1,6,4,0.8842090304793926,0.8721114269413371,1287,321,"{'Basal': 168, 'Her2': 179, 'LumA': 560, 'LumB': 380}","{'Basal': 41, 'Her2': 45, 'LumA': 140, 'LumB': 95}",4,False,0.9192982456140351,0.903448275862069,0.9357142857142857,0.8808290155440415,0.8673469387755102,0.8947368421052632,0.8,0.85,0.7555555555555555,0.9367088607594937,0.9736842105263158,0.9024390243902439,1058
classification,SimpleMean,EnsembleSoft,0.1,6,5,0.8719779439448789,0.8556163135110504,1287,321,"{'Basal': 167, 'Her2': 180, 'LumA': 560, 'LumB': 380}","{'Basal': 42, 'Her2': 44, 'LumA': 140, 'LumB': 95}",4,False,0.9140893470790378,0.8807947019867549,0.95,0.8677248677248677,0.8723404255319149,0.8631578947368421,0.7560975609756098,0.8157894736842105,0.7045454545454546,0.95,1.0,0.9047619047619048,1058
classification,"KNN(k=5,dist)",EnsembleSoft,0.1,6,1,0.8503464384795758,0.8461570593149541,1286,322,"{'Basal': 167, 'Her2': 179, 'LumA': 560, 'LumB': 380}","{'Basal': 42, 'Her2': 45, 'LumA': 140, 'LumB': 95}",4,False,0.8970588235294118,0.9242424242424242,0.8714285714285714,0.8514851485148515,0.8037383177570093,0.9052631578947369,0.7956989247311828,0.7708333333333334,0.8222222222222222,0.8571428571428571,0.9428571428571428,0.7857142857142857,1058
classification,"KNN(k=5,dist)",EnsembleSoft,0.1,6,2,0.8880176028905724,0.8745718462823726,1286,322,"{'Basal': 167, 'Her2': 179, 'LumA': 560, 'LumB': 380}","{'Basal': 42, 'Her2': 45, 'LumA': 140, 'LumB': 95}",4,False,0.9246575342465754,0.8881578947368421,0.9642857142857143,0.8924731182795699,0.9120879120879121,0.8736842105263158,0.8192771084337349,0.8947368421052632,0.7555555555555555,0.9156626506024096,0.926829268292683,0.9047619047619048,1058
classification,"KNN(k=5,dist)",EnsembleSoft,0.1,6,3,0.8583992612019057,0.8548245614035087,1286,322,"{'Basal': 167, 'Her2': 179, 'LumA': 560, 'LumB': 380}","{'Basal': 42, 'Her2': 45, 'LumA': 140, 'LumB': 95}",4,False,0.9252669039145908,0.9219858156028369,0.9285714285714286,0.8481675392670157,0.84375,0.8526315789473684,0.7333333333333333,0.7333333333333333,0.7333333333333333,0.926829268292683,0.95,0.9047619047619048,1058
classification,"KNN(k=5,dist)",EnsembleSoft,0.1,6,4,0.8910675470802053,0.8808520284450965,1287,321,"{'Basal': 168, 'Her2': 179, 'LumA': 560, 'LumB': 380}","{'Basal': 41, 'Her2': 45, 'LumA': 140, 'LumB': 95}",4,False,0.9285714285714286,0.9285714285714286,0.9285714285714286,0.898989898989899,0.8640776699029126,0.9368421052631579,0.8,0.85,0.7555555555555555,0.9367088607594937,0.9736842105263158,0.9024390243902439,1058
classification,"KNN(k=5,dist)",EnsembleSoft,0.1,6,5,0.8831104436339364,0.8602842333105492,1287,321,"{'Basal': 167, 'Her2': 180, 'LumA': 560, 'LumB': 380}","{'Basal': 42, 'Her2': 44, 'LumA': 140, 'LumB': 95}",4,False,0.9220338983050848,0.8774193548387097,0.9714285714285714,0.8888888888888888,0.8936170212765957,0.8842105263157894,0.7848101265822784,0.8857142857142857,0.7045454545454546,0.9367088607594937,1.0,0.8809523809523809,1058
classification,RFECA_SVR(k=5),EnsembleSoft,0.1,6,1,0.8634168922741721,0.8608395989974937,1286,322,"{'Basal': 167, 'Her2': 179, 'LumA': 560, 'LumB': 380}","{'Basal': 42, 'Her2': 45, 'LumA': 140, 'LumB': 95}",4,False,0.9084249084249084,0.9323308270676691,0.8857142857142857,0.864321608040201,0.8269230769230769,0.9052631578947369,0.8125,0.7647058823529411,0.8666666666666667,0.868421052631579,0.9705882352941176,0.7857142857142857,1058
classification,RFECA_SVR(k=5),EnsembleSoft,0.1,6,2,0.8880176028905724,0.8745718462823726,1286,322,"{'Basal': 167, 'Her2': 179, 'LumA': 560, 'LumB': 380}","{'Basal': 42, 'Her2': 45, 'LumA': 140, 'LumB': 95}",4,False,0.9246575342465754,0.8881578947368421,0.9642857142857143,0.8924731182795699,0.9120879120879121,0.8736842105263158,0.8192771084337349,0.8947368421052632,0.7555555555555555,0.9156626506024096,0.926829268292683,0.9047619047619048,1058
classification,RFECA_SVR(k=5),EnsembleSoft,0.1,6,3,0.8690074251445659,0.86687552213868,1286,322,"{'Basal': 167, 'Her2': 179, 'LumA': 560, 'LumB': 380}","{'Basal': 42, 'Her2': 45, 'LumA': 140, 'LumB': 95}",4,False,0.9328621908127208,0.9230769230769231,0.9428571428571428,0.8602150537634409,0.8791208791208791,0.8421052631578947,0.7446808510638298,0.7142857142857143,0.7777777777777778,0.9382716049382716,0.9743589743589743,0.9047619047619048,1058
classification,RFECA_SVR(k=5),EnsembleSoft,0.1,6,4,0.8942480458620907,0.8861037247590522,1287,321,"{'Basal': 168, 'Her2': 179, 'LumA': 560, 'LumB': 380}","{'Basal': 41, 'Her2': 45, 'LumA': 140, 'LumB': 95}",4,False,0.9290780141843972,0.9225352112676056,0.9357142857142857,0.9072164948453608,0.8888888888888888,0.9263157894736842,0.7906976744186046,0.8292682926829268,0.7555555555555555,0.95,0.9743589743589743,0.926829268292683,1058
classification,RFECA_SVR(k=5),EnsembleSoft,0.1,6,5,0.8743776233897815,0.855291638186375,1287,321,"{'Basal': 167, 'Her2': 180, 'LumA': 560, 'LumB': 380}","{'Basal': 42, 'Her2': 44, 'LumA': 140, 'LumB': 95}",4,False,0.9251700680272109,0.8831168831168831,0.9714285714285714,0.8723404255319149,0.8817204301075269,0.8631578947368421,0.75,0.8333333333333334,0.6818181818181818,0.95,1.0,0.9047619047619048,1058
classification,RFECA_SVR(k=10),EnsembleSoft,0.1,6,1,0.8634168922741721,0.8608395989974937,1286,322,"{'Basal': 167, 'Her2': 179, 'LumA': 560, 'LumB': 380}","{'Basal': 42, 'Her2': 45, 'LumA': 140, 'LumB': 95}",4,False,0.9084249084249084,0.9323308270676691,0.8857142857142857,0.864321608040201,0.8269230769230769,0.9052631578947369,0.8125,0.7647058823529411,0.8666666666666667,0.868421052631579,0.9705882352941176,0.7857142857142857,1058
classification,RFECA_SVR(k=10),EnsembleSoft,0.1,6,2,0.8900192392379855,0.8743734335839599,1286,322,"{'Basal': 167, 'Her2': 179, 'LumA': 560, 'LumB': 380}","{'Basal': 42, 'Her2': 45, 'LumA': 140, 'LumB': 95}",4,False,0.9324324324324325,0.8846153846153846,0.9857142857142858,0.907103825136612,0.9431818181818182,0.8736842105263158,0.8048780487804879,0.8918918918918919,0.7333333333333333,0.9156626506024096,0.926829268292683,0.9047619047619048,1058
classification,RFECA_SVR(k=10),EnsembleSoft,0.1,6,3,0.8796225762895951,0.8783834586466166,1286,322,"{'Basal': 167, 'Her2': 179, 'LumA': 560, 'LumB': 380}","{'Basal': 42, 'Her2': 45, 'LumA': 140, 'LumB': 95}",4,False,0.9328621908127208,0.9230769230769231,0.9428571428571428,0.8602150537634409,0.8791208791208791,0.8421052631578947,0.7741935483870968,0.75,0.8,0.9512195121951219,0.975,0.9285714285714286,1058
classification,RFECA_SVR(k=10),EnsembleSoft,0.1,6,4,0.8942480458620907,0.8861037247590522,1287,321,"{'Basal': 168, 'Her2': 179, 'LumA': 560, 'LumB': 380}","{'Basal': 41, 'Her2': 45, 'LumA': 140, 'LumB': 95}",4,False,0.9290780141843972,0.9225352112676056,0.9357142857142857,0.9072164948453608,0.8888888888888888,0.9263157894736842,0.7906976744186046,0.8292682926829268,0.7555555555555555,0.95,0.9743589743589743,0.926829268292683,1058
classification,RFECA_SVR(k=10),EnsembleSoft,0.1,6,5,0.8761698969742584,0.8561375028480291,1287,321,"{'Basal': 167, 'Her2': 180, 'LumA': 560, 'LumB': 380}","{'Basal': 42, 'Her2': 44, 'LumA': 140, 'LumB': 95}",4,False,0.9215017064846417,0.8823529411764706,0.9642857142857143,0.8736842105263158,0.8736842105263158,0.8736842105263158,0.759493670886076,0.8571428571428571,0.6818181818181818,0.95,1.0,0.9047619047619048,1058
classification,RFECA_SVR(k=20),EnsembleSoft,0.1,6,1,0.8673124086488424,0.8663951545530493,1286,322,"{'Basal': 167, 'Her2': 179, 'LumA': 560, 'LumB': 380}","{'Basal': 42, 'Her2': 45, 'LumA': 140, 'LumB': 95}",4,False,0.9117647058823529,0.9393939393939394,0.8857142857142857,0.864321608040201,0.8269230769230769,0.9052631578947369,0.8247422680412371,0.7692307692307693,0.8888888888888888,0.868421052631579,0.9705882352941176,0.7857142857142857,1058
classification,RFECA_SVR(k=20),EnsembleSoft,0.1,6,2,0.8999963919564682,0.8854845446950711,1286,322,"{'Basal': 167, 'Her2': 179, 'LumA': 560, 'LumB': 380}","{'Basal': 42, 'Her2': 45, 'LumA': 140, 'LumB': 95}",4,False,0.9387755102040817,0.8961038961038961,0.9857142857142858,0.9021739130434783,0.9325842696629213,0.8736842105263158,0.8433734939759037,0.9210526315789473,0.7777777777777778,0.9156626506024096,0.926829268292683,0.9047619047619048,1058
classification,RFECA_SVR(k=20),EnsembleSoft,0.1,6,3,0.8755918349846736,0.8725355054302423,1286,322,"{'Basal': 167, 'Her2': 179, 'LumA': 560, 'LumB': 380}","{'Basal': 42, 'Her2': 45, 'LumA': 140, 'LumB': 95}",4,False,0.9361702127659575,0.9295774647887324,0.9428571428571428,0.8677248677248677,0.8723404255319149,0.8631578947368421,0.7472527472527473,0.7391304347826086,0.7555555555555555,0.9512195121951219,0.975,0.9285714285714286,1058
classification,RFECA_SVR(k=20),EnsembleSoft,0.1,6,4,0.9034604579690699,0.895125262342849,1287,321,"{'Basal': 168, 'Her2': 179, 'LumA': 560, 'LumB': 380}","{'Basal': 41, 'Her2': 45, 'LumA': 140, 'LumB': 95}",4,False,0.9257950530035336,0.916083916083916,0.9357142857142857,0.9015544041450777,0.8877551020408163,0.9157894736842105,0.8235294117647058,0.875,0.7777777777777778,0.9629629629629629,0.975,0.9512195121951219,1058
classification,RFECA_SVR(k=20),EnsembleSoft,0.1,6,5,0.8741029594270344,0.8543517885623149,1287,321,"{'Basal': 167, 'Her2': 180, 'LumA': 560, 'LumB': 380}","{'Basal': 42, 'Her2': 44, 'LumA': 140, 'LumB': 95}",4,False,0.9178082191780822,0.881578947368421,0.9571428571428572,0.8691099476439791,0.8645833333333334,0.8736842105263158,0.759493670886076,0.8571428571428571,0.6818181818181818,0.95,1.0,0.9047619047619048,1058
classification,MissForest,EnsembleSoft,0.1,6,1,0.8700678806698777,0.8658521303258144,1286,322,"{'Basal': 167, 'Her2': 179, 'LumA': 560, 'LumB': 380}","{'Basal': 42, 'Her2': 45, 'LumA': 140, 'LumB': 95}",4,False,0.8970588235294118,0.9242424242424242,0.8714285714285714,0.8613861386138614,0.8130841121495327,0.9157894736842105,0.8387096774193549,0.8125,0.8666666666666667,0.8831168831168831,0.9714285714285714,0.8095238095238095,1058
classification,MissForest,EnsembleSoft,0.1,6,2,0.8987188298191091,0.8854845446950711,1286,322,"{'Basal': 167, 'Her2': 179, 'LumA': 560, 'LumB': 380}","{'Basal': 42, 'Her2': 45, 'LumA': 140, 'LumB': 95}",4,False,0.9387755102040817,0.8961038961038961,0.9857142857142858,0.907103825136612,0.9431818181818182,0.8736842105263158,0.8333333333333334,0.8974358974358975,0.7777777777777778,0.9156626506024096,0.926829268292683,0.9047619047619048,1058
classification,MissForest,EnsembleSoft,0.1,6,3,0.8794189830690389,0.8769005847953216,1286,322,"{'Basal': 167, 'Her2': 179, 'LumA': 560, 'LumB': 380}","{'Basal': 42, 'Her2': 45, 'LumA': 140, 'LumB': 95}",4,False,0.9175627240143369,0.920863309352518,0.9142857142857143,0.8497409326424871,0.8367346938775511,0.8631578947368421,0.7865168539325843,0.7954545454545454,0.7777777777777778,0.963855421686747,0.975609756097561,0.9523809523809523,1058
classification,MissForest,EnsembleSoft,0.1,6,4,0.899142696626916,0.8913554210730077,1287,321,"{'Basal': 168, 'Her2': 179, 'LumA': 560, 'LumB': 380}","{'Basal': 41, 'Her2': 45, 'LumA': 140, 'LumB': 95}",4,False,0.9295774647887324,0.9166666666666666,0.9428571428571428,0.90625,0.8969072164948454,0.9157894736842105,0.8095238095238095,0.8717948717948718,0.7555555555555555,0.9512195121951219,0.9512195121951219,0.9512195121951219,1058
classification,MissForest,EnsembleSoft,0.1,6,5,0.8855541334850208,0.8662366142629301,1287,321,"{'Basal': 167, 'Her2': 180, 'LumA': 560, 'LumB': 380}","{'Basal': 42, 'Her2': 44, 'LumA': 140, 'LumB': 95}",4,False,0.9283276450511946,0.8888888888888888,0.9714285714285714,0.8888888888888888,0.8936170212765957,0.8842105263157894,0.775,0.8611111111111112,0.7045454545454546,0.95,1.0,0.9047619047619048,1058
classification,SimpleMean,EnsembleSoft,0.1,7,1,0.8512201378305393,0.8504177109440267,1286,322,"{'Basal': 167, 'Her2': 179, 'LumA': 560, 'LumB': 380}","{'Basal': 42, 'Her2': 45, 'LumA': 140, 'LumB': 95}",4,False,0.9051094890510949,0.9253731343283582,0.8857142857142857,0.8571428571428571,0.8316831683168316,0.8842105263157894,0.7708333333333334,0.7254901960784313,0.8222222222222222,0.8717948717948718,0.9444444444444444,0.8095238095238095,1059
classification,SimpleMean,EnsembleSoft,0.1,7,2,0.8988924007796848,0.8862259816207184,1286,322,"{'Basal': 167, 'Her2': 179, 'LumA': 560, 'LumB': 380}","{'Basal': 42, 'Her2': 45, 'LumA': 140, 'LumB': 95}",4,False,0.9383561643835616,0.9013157894736842,0.9785714285714285,0.8913043478260869,0.9213483146067416,0.8631578947368421,0.8409090909090909,0.8604651162790697,0.8222222222222222,0.925,0.9736842105263158,0.8809523809523809,1059
classification,SimpleMean,EnsembleSoft,0.1,7,3,0.887604333475163,0.8826127819548872,1286,322,"{'Basal': 167, 'Her2': 179, 'LumA': 560, 'LumB': 380}","{'Basal': 42, 'Her2': 45, 'LumA': 140, 'LumB': 95}",4,False,0.9136690647482014,0.9202898550724637,0.9071428571428571,0.8673469387755102,0.8415841584158416,0.8947368421052632,0.8181818181818182,0.8372093023255814,0.8,0.9512195121951219,0.975,0.9285714285714286,1059
classification,SimpleMean,EnsembleSoft,0.1,7,4,0.8723508634222921,0.8639357540191943,1287,321,"{'Basal': 168, 'Her2': 179, 'LumA': 560, 'LumB': 380}","{'Basal': 41, 'Her2': 45, 'LumA': 140, 'LumB': 95}",4,False,0.9285714285714286,0.9285714285714286,0.9285714285714286,0.8877551020408163,0.8613861386138614,0.9157894736842105,0.75,0.7674418604651163,0.7333333333333333,0.9230769230769231,0.972972972972973,0.8780487804878049,1059
classification,SimpleMean,EnsembleSoft,0.1,7,5,0.8700523630504833,0.8474054454317612,1287,321,"{'Basal': 167, 'Her2': 180, 'LumA': 560, 'LumB': 380}","{'Basal': 42, 'Her2': 44, 'LumA': 140, 'LumB': 95}",4,False,0.9183673469387755,0.8766233766233766,0.9642857142857143,0.875,0.865979381443299,0.8842105263157894,0.7368421052631579,0.875,0.6363636363636364,0.95,1.0,0.9047619047619048,1059
classification,"KNN(k=5,dist)",EnsembleSoft,0.1,7,1,0.8563861451627128,0.851420217209691,1286,322,"{'Basal': 167, 'Her2': 179, 'LumA': 560, 'LumB': 380}","{'Basal': 42, 'Her2': 45, 'LumA': 140, 'LumB': 95}",4,False,0.8970588235294118,0.9242424242424242,0.8714285714285714,0.8669950738916257,0.8148148148148148,0.9263157894736842,0.8043478260869565,0.7872340425531915,0.8222222222222222,0.8571428571428571,0.9428571428571428,0.7857142857142857,1059
classification,"KNN(k=5,dist)",EnsembleSoft,0.1,7,2,0.8856756973972957,0.8748642439431913,1286,322,"{'Basal': 167, 'Her2': 179, 'LumA': 560, 'LumB': 380}","{'Basal': 42, 'Her2': 45, 'LumA': 140, 'LumB': 95}",4,False,0.9278350515463918,0.8940397350993378,0.9642857142857143,0.8756756756756757,0.9,0.8526315789473684,0.8235294117647058,0.875,0.7777777777777778,0.9156626506024096,0.926829268292683,0.9047619047619048,1059
classification,"KNN(k=5,dist)",EnsembleSoft,0.1,7,3,0.8812474175423841,0.8778404344193819,1286,322,"{'Basal': 167, 'Her2': 179, 'LumA': 560, 'LumB': 380}","{'Basal': 42, 'Her2': 45, 'LumA': 140, 'LumB': 95}",4,False,0.9219858156028369,0.9154929577464789,0.9285714285714286,0.8526315789473684,0.8526315789473684,0.8526315789473684,0.7865168539325843,0.7954545454545454,0.7777777777777778,0.963855421686747,0.975609756097561,0.9523809523809523,1059
classification,"KNN(k=5,dist)",EnsembleSoft,0.1,7,4,0.8800098741464721,0.8747430058887056,1287,321,"{'Basal': 168, 'Her2': 179, 'LumA': 560, 'LumB': 380}","{'Basal': 41, 'Her2': 45, 'LumA': 140, 'LumB': 95}",4,False,0.9357142857142857,0.9357142857142857,0.9357142857142857,0.8865979381443299,0.8686868686868687,0.9052631578947369,0.7727272727272727,0.7906976744186046,0.7555555555555555,0.925,0.9487179487179487,0.9024390243902439,1059
classification,"KNN(k=5,dist)",EnsembleSoft,0.1,7,5,0.8748117580316195,0.8546024151287309,1287,321,"{'Basal': 167, 'Her2': 180, 'LumA': 560, 'LumB': 380}","{'Basal': 42, 'Her2': 44, 'LumA': 140, 'LumB': 95}",4,False,0.9283276450511946,0.8888888888888888,0.9714285714285714,0.8842105263157894,0.8842105263157894,0.8842105263157894,0.75,0.8333333333333334,0.6818181818181818,0.9367088607594937,1.0,0.8809523809523809,1059
classification,RFECA_SVR(k=5),EnsembleSoft,0.1,7,1,0.8432445281673454,0.8395154553049291,1286,322,"{'Basal': 167, 'Her2': 179, 'LumA': 560, 'LumB': 380}","{'Basal': 42, 'Her2': 45, 'LumA': 140, 'LumB': 95}",4,False,0.9003690036900369,0.9312977099236641,0.8714285714285714,0.8669950738916257,0.8148148148148148,0.9263157894736842,0.7789473684210526,0.74,0.8222222222222222,0.8266666666666667,0.9393939393939394,0.7380952380952381,1059
classification,RFECA_SVR(k=5),EnsembleSoft,0.1,7,2,0.8851981094612668,0.8769005847953216,1286,322,"{'Basal': 167, 'Her2': 179, 'LumA': 560, 'LumB': 380}","{'Basal': 42, 'Her2': 45, 'LumA': 140, 'LumB': 95}",4,False,0.9484536082474226,0.9139072847682119,0.9857142857142858,0.8961748633879781,0.9318181818181818,0.8631578947368421,0.8045977011494253,0.8333333333333334,0.7777777777777778,0.891566265060241,0.9024390243902439,0.8809523809523809,1059
classification,RFECA_SVR(k=5),EnsembleSoft,0.1,7,3,0.8838642127805756,0.8792293233082707,1286,322,"{'Basal': 167, 'Her2': 179, 'LumA': 560, 'LumB': 380}","{'Basal': 42, 'Her2': 45, 'LumA': 140, 'LumB': 95}",4,False,0.9225352112676056,0.9097222222222222,0.9357142857142857,0.8617021276595744,0.8709677419354839,0.8526315789473684,0.8,0.8,0.8,0.9512195121951219,0.975,0.9285714285714286,1059
classification,RFECA_SVR(k=5),EnsembleSoft,0.1,7,4,0.8908807276548291,0.8826377427308107,1287,321,"{'Basal': 168, 'Her2': 179, 'LumA': 560, 'LumB': 380}","{'Basal': 41, 'Her2': 45, 'LumA': 140, 'LumB': 95}",4,False,0.9323843416370107,0.9290780141843972,0.9357142857142857,0.9128205128205128,0.89,0.9368421052631579,0.7816091954022989,0.8095238095238095,0.7555555555555555,0.9367088607594937,0.9736842105263158,0.9024390243902439,1059
classification,RFECA_SVR(k=5),EnsembleSoft,0.1,7,5,0.8573322680667312,0.8382461836409205,1287,321,"{'Basal': 167, 'Her2': 180, 'LumA': 560, 'LumB': 380}","{'Basal': 42, 'Her2': 44, 'LumA': 140, 'LumB': 95}",4,False,0.9220338983050848,0.8774193548387097,0.9714285714285714,0.8677248677248677,0.8723404255319149,0.8631578947368421,0.7012987012987013,0.8181818181818182,0.6136363636363636,0.9382716049382716,0.9743589743589743,0.9047619047619048,1059
classification,RFECA_SVR(k=10),EnsembleSoft,0.1,7,1,0.855993930735644,0.8505743525480367,1286,322,"{'Basal': 167, 'Her2': 179, 'LumA': 560, 'LumB': 380}","{'Basal': 42, 'Her2': 45, 'LumA': 140, 'LumB': 95}",4,False,0.9010989010989011,0.924812030075188,0.8785714285714286,0.8613861386138614,0.8130841121495327,0.9157894736842105,0.8043478260869565,0.7872340425531915,0.8222222222222222,0.8571428571428571,0.9428571428571428,0.7857142857142857,1059
classification,RFECA_SVR(k=10),EnsembleSoft,0.1,7,2,0.887907919399236,0.8784356725146198,1286,322,"{'Basal': 167, 'Her2': 179, 'LumA': 560, 'LumB': 380}","{'Basal': 42, 'Her2': 45, 'LumA': 140, 'LumB': 95}",4,False,0.9415807560137457,0.9072847682119205,0.9785714285714285,0.8804347826086957,0.9101123595505618,0.8526315789473684,0.813953488372093,0.8536585365853658,0.7777777777777778,0.9156626506024096,0.926829268292683,0.9047619047619048,1059
classification,RFECA_SVR(k=10),EnsembleSoft,0.1,7,3,0.8849715861626322,0.8792293233082707,1286,322,"{'Basal': 167, 'Her2': 179, 'LumA': 560, 'LumB': 380}","{'Basal': 42, 'Her2': 45, 'LumA': 140, 'LumB': 95}",4,False,0.9225352112676056,0.9097222222222222,0.9357142857142857,0.8571428571428571,0.8617021276595744,0.8526315789473684,0.8089887640449438,0.8181818181818182,0.8,0.9512195121951219,0.975,0.9285714285714286,1059
classification,RFECA_SVR(k=10),EnsembleSoft,0.1,7,4,0.8850171379540603,0.8773745848360739,1287,321,"{'Basal': 168, 'Her2': 179, 'LumA': 560, 'LumB': 380}","{'Basal': 41, 'Her2': 45, 'LumA': 140, 'LumB': 95}",4,False,0.9290780141843972,0.9225352112676056,0.9357142857142857,0.9015544041450777,0.8877551020408163,0.9157894736842105,0.7727272727272727,0.7906976744186046,0.7555555555555555,0.9367088607594937,0.9736842105263158,0.9024390243902439,1059
classification,RFECA_SVR(k=10),EnsembleSoft,0.1,7,5,0.867697641225259,0.850455684666211,1287,321,"{'Basal': 167, 'Her2': 180, 'LumA': 560, 'LumB': 380}","{'Basal': 42, 'Her2': 44, 'LumA': 140, 'LumB': 95}",4,False,0.9246575342465754,0.8881578947368421,0.9642857142857143,0.8736842105263158,0.8736842105263158,0.8736842105263158,0.7341772151898734,0.8285714285714286,0.6590909090909091,0.9382716049382716,0.9743589743589743,0.9047619047619048,1059
classification,RFECA_SVR(k=20),EnsembleSoft,0.1,7,1,0.8582243804568305,0.8532059314954052,1286,322,"{'Basal': 167, 'Her2': 179, 'LumA': 560, 'LumB': 380}","{'Basal': 42, 'Her2': 45, 'LumA': 140, 'LumB': 95}",4,False,0.9044117647058824,0.9318181818181818,0.8785714285714286,0.8669950738916257,0.8148148148148148,0.9263157894736842,0.8043478260869565,0.7872340425531915,0.8222222222222222,0.8571428571428571,0.9428571428571428,0.7857142857142857,1059
classification,RFECA_SVR(k=20),EnsembleSoft,0.1,7,2,0.8986412542137159,0.889546783625731,1286,322,"{'Basal': 167, 'Her2': 179, 'LumA': 560, 'LumB': 380}","{'Basal': 42, 'Her2': 45, 'LumA': 140, 'LumB': 95}",4,False,0.9415807560137457,0.9072847682119205,0.9785714285714285,0.8852459016393442,0.9204545454545454,0.8526315789473684,0.8409090909090909,0.8604651162790697,0.8222222222222222,0.926829268292683,0.95,0.9047619047619048,1059
classification,RFECA_SVR(k=20),EnsembleSoft,0.1,7,3,0.8726536421671492,0.8656850459482038,1286,322,"{'Basal': 167, 'Her2': 179, 'LumA': 560, 'LumB': 380}","{'Basal': 42, 'Her2': 45, 'LumA': 140, 'LumB': 95}",4,False,0.9078014184397163,0.9014084507042254,0.9142857142857143,0.8333333333333334,0.8247422680412371,0.8421052631578947,0.7865168539325843,0.7954545454545454,0.7777777777777778,0.9629629629629629,1.0,0.9285714285714286,1059
classification,RFECA_SVR(k=20),EnsembleSoft,0.1,7,4,0.8813841069291749,0.8718190292805184,1287,321,"{'Basal': 168, 'Her2': 179, 'LumA': 560, 'LumB': 380}","{'Basal': 41, 'Her2': 45, 'LumA': 140, 'LumB': 95}",4,False,0.9290780141843972,0.9225352112676056,0.9357142857142857,0.8923076923076924,0.87,0.9157894736842105,0.7674418604651163,0.8048780487804879,0.7333333333333333,0.9367088607594937,0.9736842105263158,0.9024390243902439,1059
classification,RFECA_SVR(k=20),EnsembleSoft,0.1,7,5,0.8647306537825086,0.8478241057188426,1287,321,"{'Basal': 167, 'Her2': 180, 'LumA': 560, 'LumB': 380}","{'Basal': 42, 'Her2': 44, 'LumA': 140, 'LumB': 95}",4,False,0.9278350515463918,0.8940397350993378,0.9642857142857143,0.8586387434554974,0.8541666666666666,0.8631578947368421,0.7341772151898734,0.8285714285714286,0.6590909090909091,0.9382716049382716,0.9743589743589743,0.9047619047619048,1059
classification,MissForest,EnsembleSoft,0.1,7,1,0.8665601850819903,0.8617898913951545,1286,322,"{'Basal': 167, 'Her2': 179, 'LumA': 560, 'LumB': 380}","{'Basal': 42, 'Her2': 45, 'LumA': 140, 'LumB': 95}",4,False,0.9044117647058824,0.9318181818181818,0.8785714285714286,0.8768472906403941,0.8240740740740741,0.9368421052631579,0.8131868131868132,0.8043478260869565,0.8222222222222222,0.8717948717948718,0.9444444444444444,0.8095238095238095,1059
classification,MissForest,EnsembleSoft,0.1,7,2,0.9004019783619409,0.891436925647452,1286,322,"{'Basal': 167, 'Her2': 179, 'LumA': 560, 'LumB': 380}","{'Basal': 42, 'Her2': 45, 'LumA': 140, 'LumB': 95}",4,False,0.9484536082474226,0.9139072847682119,0.9857142857142858,0.9021739130434783,0.9325842696629213,0.8736842105263158,0.8333333333333334,0.8974358974358975,0.7777777777777778,0.9176470588235294,0.9069767441860465,0.9285714285714286,1059
classification,MissForest,EnsembleSoft,0.1,7,3,0.8795853132808942,0.8732247284878863,1286,322,"{'Basal': 167, 'Her2': 179, 'LumA': 560, 'LumB': 380}","{'Basal': 42, 'Her2': 45, 'LumA': 140, 'LumB': 95}",4,False,0.9263157894736842,0.9103448275862069,0.9428571428571428,0.8465608465608465,0.851063829787234,0.8421052631578947,0.7816091954022989,0.8095238095238095,0.7555555555555555,0.963855421686747,0.975609756097561,0.9523809523809523,1059
classification,MissForest,EnsembleSoft,0.1,7,4,0.8987375257251582,0.8878894390447665,1287,321,"{'Basal': 168, 'Her2': 179, 'LumA': 560, 'LumB': 380}","{'Basal': 41, 'Her2': 45, 'LumA': 140, 'LumB': 95}",4,False,0.9328621908127208,0.9230769230769231,0.9428571428571428,0.9025641025641026,0.88,0.9263157894736842,0.8095238095238095,0.8717948717948718,0.7555555555555555,0.95,0.9743589743589743,0.926829268292683,1059
classification,MissForest,EnsembleSoft,0.1,7,5,0.8779312129577405,0.8602842333105492,1287,321,"{'Basal': 167, 'Her2': 180, 'LumA': 560, 'LumB': 380}","{'Basal': 42, 'Her2': 44, 'LumA': 140, 'LumB': 95}",4,False,0.9347079037800687,0.9006622516556292,0.9714285714285714,0.8842105263157894,0.8842105263157894,0.8842105263157894,0.7560975609756098,0.8157894736842105,0.7045454545454546,0.9367088607594937,1.0,0.8809523809523809,1059
classification,SimpleMean,EnsembleSoft,0.1,8,1,0.8602053254976576,0.8527568922305764,1286,322,"{'Basal': 167, 'Her2': 179, 'LumA': 560, 'LumB': 380}","{'Basal': 42, 'Her2': 45, 'LumA': 140, 'LumB': 95}",4,False,0.9051094890510949,0.9253731343283582,0.8857142857142857,0.8613861386138614,0.8130841121495327,0.9157894736842105,0.7912087912087912,0.782608695652174,0.8,0.8831168831168831,0.9714285714285714,0.8095238095238095,1060
classification,SimpleMean,EnsembleSoft,0.1,8,2,0.9106000201101774,0.8990705931495405,1286,322,"{'Basal': 167, 'Her2': 179, 'LumA': 560, 'LumB': 380}","{'Basal': 42, 'Her2': 45, 'LumA': 140, 'LumB': 95}",4,False,0.9455782312925171,0.9025974025974026,0.9928571428571429,0.8950276243093923,0.9418604651162791,0.8526315789473684,0.8505747126436781,0.8809523809523809,0.8222222222222222,0.9512195121951219,0.975,0.9285714285714286,1060
classification,SimpleMean,EnsembleSoft,0.1,8,3,0.8656202177051902,0.8634398496240603,1286,322,"{'Basal': 167, 'Her2': 179, 'LumA': 560, 'LumB': 380}","{'Basal': 42, 'Her2': 45, 'LumA': 140, 'LumB': 95}",4,False,0.9128919860627178,0.891156462585034,0.9357142857142857,0.8241758241758241,0.8620689655172413,0.7894736842105263,0.7741935483870968,0.75,0.8,0.9512195121951219,0.975,0.9285714285714286,1060
classification,SimpleMean,EnsembleSoft,0.1,8,4,0.8821907013396375,0.8712227723780999,1287,321,"{'Basal': 168, 'Her2': 179, 'LumA': 560, 'LumB': 380}","{'Basal': 41, 'Her2': 45, 'LumA': 140, 'LumB': 95}",4,False,0.9361702127659575,0.9295774647887324,0.9428571428571428,0.8888888888888888,0.8543689320388349,0.9263157894736842,0.7654320987654321,0.8611111111111112,0.6888888888888889,0.9382716049382716,0.95,0.926829268292683,1060
classification,SimpleMean,EnsembleSoft,0.1,8,5,0.863860436067982,0.8435634540897698,1287,321,"{'Basal': 167, 'Her2': 180, 'LumA': 560, 'LumB': 380}","{'Basal': 42, 'Her2': 44, 'LumA': 140, 'LumB': 95}",4,False,0.9140893470790378,0.8807947019867549,0.95,0.8704663212435233,0.8571428571428571,0.8842105263157894,0.7341772151898734,0.8285714285714286,0.6590909090909091,0.9367088607594937,1.0,0.8809523809523809,1060
classification,"KNN(k=5,dist)",EnsembleSoft,0.1,8,1,0.8596125916048044,0.8553884711779449,1286,322,"{'Basal': 167, 'Her2': 179, 'LumA': 560, 'LumB': 380}","{'Basal': 42, 'Her2': 45, 'LumA': 140, 'LumB': 95}",4,False,0.9084249084249084,0.9323308270676691,0.8857142857142857,0.8756218905472637,0.8301886792452831,0.9263157894736842,0.782608695652174,0.7659574468085106,0.8,0.8717948717948718,0.9444444444444444,0.8095238095238095,1060
classification,"KNN(k=5,dist)",EnsembleSoft,0.1,8,2,0.8955973965965749,0.8850877192982457,1286,322,"{'Basal': 167, 'Her2': 179, 'LumA': 560, 'LumB': 380}","{'Basal': 42, 'Her2': 45, 'LumA': 140, 'LumB': 95}",4,False,0.9484536082474226,0.9139072847682119,0.9857142857142858,0.9021739130434783,0.9325842696629213,0.8736842105263158,0.8181818181818182,0.8372093023255814,0.8,0.9135802469135802,0.9487179487179487,0.8809523809523809,1060
classification,"KNN(k=5,dist)",EnsembleSoft,0.1,8,3,0.8703211433845237,0.8633040935672515,1286,322,"{'Basal': 167, 'Her2': 179, 'LumA': 560, 'LumB': 380}","{'Basal': 42, 'Her2': 45, 'LumA': 140, 'LumB': 95}",4,False,0.9154929577464789,0.9027777777777778,0.9285714285714286,0.8465608465608465,0.851063829787234,0.8421052631578947,0.7692307692307693,0.7608695652173914,0.7777777777777778,0.95,1.0,0.9047619047619048,1060
classification,"KNN(k=5,dist)",EnsembleSoft,0.1,8,4,0.8705074678401186,0.8632340505735885,1287,321,"{'Basal': 168, 'Her2': 179, 'LumA': 560, 'LumB': 380}","{'Basal': 41, 'Her2': 45, 'LumA': 140, 'LumB': 95}",4,False,0.9247311827956989,0.9280575539568345,0.9214285714285714,0.8743718592964824,0.8365384615384616,0.9157894736842105,0.7560975609756098,0.8378378378378378,0.6888888888888889,0.926829268292683,0.926829268292683,0.926829268292683,1060
classification,"KNN(k=5,dist)",EnsembleSoft,0.1,8,5,0.8711679946499664,0.8495158350421508,1287,321,"{'Basal': 167, 'Her2': 180, 'LumA': 560, 'LumB': 380}","{'Basal': 42, 'Her2': 44, 'LumA': 140, 'LumB': 95}",4,False,0.910958904109589,0.875,0.95,0.8704663212435233,0.8571428571428571,0.8842105263157894,0.7532467532467533,0.8787878787878788,0.6590909090909091,0.95,1.0,0.9047619047619048,1060
classification,RFECA_SVR(k=5),EnsembleSoft,0.1,8,1,0.8625029652082236,0.862531328320802,1286,322,"{'Basal': 167, 'Her2': 179, 'LumA': 560, 'LumB': 380}","{'Basal': 42, 'Her2': 45, 'LumA': 140, 'LumB': 95}",4,False,0.9003690036900369,0.9312977099236641,0.8714285714285714,0.88,0.8380952380952381,0.9263157894736842,0.8125,0.7647058823529411,0.8666666666666667,0.8571428571428571,0.9428571428571428,0.7857142857142857,1060
classification,RFECA_SVR(k=5),EnsembleSoft,0.1,8,2,0.8900598160987533,0.8795739348370928,1286,322,"{'Basal': 167, 'Her2': 179, 'LumA': 560, 'LumB': 380}","{'Basal': 42, 'Her2': 45, 'LumA': 140, 'LumB': 95}",4,False,0.9315068493150684,0.8947368421052632,0.9714285714285714,0.8743169398907104,0.9090909090909091,0.8421052631578947,0.8275862068965517,0.8571428571428571,0.8,0.926829268292683,0.95,0.9047619047619048,1060
classification,RFECA_SVR(k=5),EnsembleSoft,0.1,8,3,0.8707480218614896,0.8675647451963242,1286,322,"{'Basal': 167, 'Her2': 179, 'LumA': 560, 'LumB': 380}","{'Basal': 42, 'Her2': 45, 'LumA': 140, 'LumB': 95}",4,False,0.9230769230769231,0.9041095890410958,0.9428571428571428,0.8478260869565217,0.8764044943820225,0.8210526315789474,0.7608695652173914,0.7446808510638298,0.7777777777777778,0.9512195121951219,0.975,0.9285714285714286,1060
classification,RFECA_SVR(k=5),EnsembleSoft,0.1,8,4,0.8768406762595184,0.8676513438066713,1287,321,"{'Basal': 168, 'Her2': 179, 'LumA': 560, 'LumB': 380}","{'Basal': 41, 'Her2': 45, 'LumA': 140, 'LumB': 95}",4,False,0.9285714285714286,0.9285714285714286,0.9285714285714286,0.8844221105527639,0.8461538461538461,0.9263157894736842,0.7560975609756098,0.8378378378378378,0.6888888888888889,0.9382716049382716,0.95,0.926829268292683,1060
classification,RFECA_SVR(k=5),EnsembleSoft,0.1,8,5,0.8761698969742584,0.8561375028480291,1287,321,"{'Basal': 167, 'Her2': 180, 'LumA': 560, 'LumB': 380}","{'Basal': 42, 'Her2': 44, 'LumA': 140, 'LumB': 95}",4,False,0.9215017064846417,0.8823529411764706,0.9642857142857143,0.8736842105263158,0.8736842105263158,0.8736842105263158,0.759493670886076,0.8571428571428571,0.6818181818181818,0.95,1.0,0.9047619047619048,1060
classification,RFECA_SVR(k=10),EnsembleSoft,0.1,8,1,0.8559099862019571,0.8534983291562239,1286,322,"{'Basal': 167, 'Her2': 179, 'LumA': 560, 'LumB': 380}","{'Basal': 42, 'Her2': 45, 'LumA': 140, 'LumB': 95}",4,False,0.8978102189781022,0.917910447761194,0.8785714285714286,0.8686868686868687,0.8349514563106796,0.9052631578947369,0.8,0.76,0.8444444444444444,0.8571428571428571,0.9428571428571428,0.7857142857142857,1060
classification,RFECA_SVR(k=10),EnsembleSoft,0.1,8,2,0.9007634321909297,0.8913324979114453,1286,322,"{'Basal': 167, 'Her2': 179, 'LumA': 560, 'LumB': 380}","{'Basal': 42, 'Her2': 45, 'LumA': 140, 'LumB': 95}",4,False,0.9452054794520548,0.9078947368421053,0.9857142857142858,0.8901098901098901,0.9310344827586207,0.8526315789473684,0.8409090909090909,0.8604651162790697,0.8222222222222222,0.926829268292683,0.95,0.9047619047619048,1060
classification,RFECA_SVR(k=10),EnsembleSoft,0.1,8,3,0.8876358695652173,0.8804197994987469,1286,322,"{'Basal': 167, 'Her2': 179, 'LumA': 560, 'LumB': 380}","{'Basal': 42, 'Her2': 45, 'LumA': 140, 'LumB': 95}",4,False,0.9375,0.9121621621621622,0.9642857142857143,0.8804347826086957,0.9101123595505618,0.8526315789473684,0.782608695652174,0.7659574468085106,0.8,0.95,1.0,0.9047619047619048,1060
classification,RFECA_SVR(k=10),EnsembleSoft,0.1,8,4,0.8837853247882765,0.8749926136479411,1287,321,"{'Basal': 168, 'Her2': 179, 'LumA': 560, 'LumB': 380}","{'Basal': 41, 'Her2': 45, 'LumA': 140, 'LumB': 95}",4,False,0.9323843416370107,0.9290780141843972,0.9357142857142857,0.8934010152284264,0.8627450980392157,0.9263157894736842,0.7710843373493976,0.8421052631578947,0.7111111111111111,0.9382716049382716,0.95,0.926829268292683,1060
classification,RFECA_SVR(k=10),EnsembleSoft,0.1,8,5,0.8730463002653013,0.850455684666211,1287,321,"{'Basal': 167, 'Her2': 180, 'LumA': 560, 'LumB': 380}","{'Basal': 42, 'Her2': 44, 'LumA': 140, 'LumB': 95}",4,False,0.9152542372881356,0.8709677419354839,0.9642857142857143,0.8736842105263158,0.8736842105263158,0.8736842105263158,0.7532467532467533,0.8787878787878788,0.6590909090909091,0.95,1.0,0.9047619047619048,1060
classification,RFECA_SVR(k=20),EnsembleSoft,0.1,8,1,0.8581534043845601,0.8561299081035922,1286,322,"{'Basal': 167, 'Her2': 179, 'LumA': 560, 'LumB': 380}","{'Basal': 42, 'Her2': 45, 'LumA': 140, 'LumB': 95}",4,False,0.9010989010989011,0.924812030075188,0.8785714285714286,0.8743718592964824,0.8365384615384616,0.9157894736842105,0.8,0.76,0.8444444444444444,0.8571428571428571,0.9428571428571428,0.7857142857142857,1060
classification,RFECA_SVR(k=20),EnsembleSoft,0.1,8,2,0.9019234674572111,0.889546783625731,1286,322,"{'Basal': 167, 'Her2': 179, 'LumA': 560, 'LumB': 380}","{'Basal': 42, 'Her2': 45, 'LumA': 140, 'LumB': 95}",4,False,0.9351535836177475,0.8954248366013072,0.9785714285714285,0.8852459016393442,0.9204545454545454,0.8526315789473684,0.8604651162790697,0.9024390243902439,0.8222222222222222,0.926829268292683,0.95,0.9047619047619048,1060
classification,RFECA_SVR(k=20),EnsembleSoft,0.1,8,3,0.8753318955076488,0.8679197994987469,1286,322,"{'Basal': 167, 'Her2': 179, 'LumA': 560, 'LumB': 380}","{'Basal': 42, 'Her2': 45, 'LumA': 140, 'LumB': 95}",4,False,0.9337979094076655,0.9115646258503401,0.9571428571428572,0.8663101604278075,0.8804347826086957,0.8526315789473684,0.75,0.7674418604651163,0.7333333333333333,0.9512195121951219,0.975,0.9285714285714286,1060
classification,RFECA_SVR(k=20),EnsembleSoft,0.1,8,4,0.8817040649369967,0.8732068993622268,1287,321,"{'Basal': 168, 'Her2': 179, 'LumA': 560, 'LumB': 380}","{'Basal': 41, 'Her2': 45, 'LumA': 140, 'LumB': 95}",4,False,0.9285714285714286,0.9285714285714286,0.9285714285714286,0.8888888888888888,0.8543689320388349,0.9263157894736842,0.7710843373493976,0.8421052631578947,0.7111111111111111,0.9382716049382716,0.95,0.926829268292683,1060
classification,RFECA_SVR(k=20),EnsembleSoft,0.1,8,5,0.8730463002653013,0.850455684666211,1287,321,"{'Basal': 167, 'Her2': 180, 'LumA': 560, 'LumB': 380}","{'Basal': 42, 'Her2': 44, 'LumA': 140, 'LumB': 95}",4,False,0.9152542372881356,0.8709677419354839,0.9642857142857143,0.8736842105263158,0.8736842105263158,0.8736842105263158,0.7532467532467533,0.8787878787878788,0.6590909090909091,0.95,1.0,0.9047619047619048,1060
classification,MissForest,EnsembleSoft,0.1,8,1,0.861212802088628,0.8581140350877192,1286,322,"{'Basal': 167, 'Her2': 179, 'LumA': 560, 'LumB': 380}","{'Basal': 42, 'Her2': 45, 'LumA': 140, 'LumB': 95}",4,False,0.8897058823529411,0.9166666666666666,0.8642857142857143,0.8656716417910447,0.8207547169811321,0.9157894736842105,0.8210526315789474,0.78,0.8666666666666667,0.868421052631579,0.9705882352941176,0.7857142857142857,1060
classification,MissForest,EnsembleSoft,0.1,8,2,0.903052088053942,0.8914891395154553,1286,322,"{'Basal': 167, 'Her2': 179, 'LumA': 560, 'LumB': 380}","{'Basal': 42, 'Her2': 45, 'LumA': 140, 'LumB': 95}",4,False,0.9448275862068966,0.9133333333333333,0.9785714285714285,0.9032258064516129,0.9230769230769231,0.8842105263157894,0.8505747126436781,0.8809523809523809,0.8222222222222222,0.9135802469135802,0.9487179487179487,0.8809523809523809,1060
classification,MissForest,EnsembleSoft,0.1,8,3,0.8866897167408613,0.8817042606516291,1286,322,"{'Basal': 167, 'Her2': 179, 'LumA': 560, 'LumB': 380}","{'Basal': 42, 'Her2': 45, 'LumA': 140, 'LumB': 95}",4,False,0.9198606271777003,0.8979591836734694,0.9428571428571428,0.8540540540540541,0.8777777777777778,0.8315789473684211,0.8089887640449438,0.8181818181818182,0.8,0.963855421686747,0.975609756097561,0.9523809523809523,1060
classification,MissForest,EnsembleSoft,0.1,8,4,0.8779991315947322,0.8705753204148583,1287,321,"{'Basal': 168, 'Her2': 179, 'LumA': 560, 'LumB': 380}","{'Basal': 41, 'Her2': 45, 'LumA': 140, 'LumB': 95}",4,False,0.9285714285714286,0.9285714285714286,0.9285714285714286,0.883248730964467,0.8529411764705882,0.9157894736842105,0.7619047619047619,0.8205128205128205,0.7111111111111111,0.9382716049382716,0.95,0.926829268292683,1060
classification,MissForest,EnsembleSoft,0.1,8,5,0.8708307402362556,0.8471348826611985,1287,321,"{'Basal': 167, 'Her2': 180, 'LumA': 560, 'LumB': 380}","{'Basal': 42, 'Her2': 44, 'LumA': 140, 'LumB': 95}",4,False,0.9183673469387755,0.8766233766233766,0.9642857142857143,0.875,0.865979381443299,0.8842105263157894,0.7532467532467533,0.8787878787878788,0.6590909090909091,0.9367088607594937,1.0,0.8809523809523809,1060
classification,SimpleMean,EnsembleSoft,0.1,9,1,0.8603886554621849,0.8587614870509608,1286,322,"{'Basal': 167, 'Her2': 179, 'LumA': 560, 'LumB': 380}","{'Basal': 42, 'Her2': 45, 'LumA': 140, 'LumB': 95}",4,False,0.9044117647058824,0.9318181818181818,0.8785714285714286,0.88,0.8380952380952381,0.9263157894736842,0.8,0.76,0.8444444444444444,0.8571428571428571,0.9428571428571428,0.7857142857142857,1061
classification,SimpleMean,EnsembleSoft,0.1,9,2,0.880822026694294,0.873078529657477,1286,322,"{'Basal': 167, 'Her2': 179, 'LumA': 560, 'LumB': 380}","{'Basal': 42, 'Her2': 45, 'LumA': 140, 'LumB': 95}",4,False,0.9241379310344827,0.8933333333333333,0.9571428571428572,0.8804347826086957,0.9101123595505618,0.8526315789473684,0.813953488372093,0.8536585365853658,0.7777777777777778,0.9047619047619048,0.9047619047619048,0.9047619047619048,1061
classification,SimpleMean,EnsembleSoft,0.1,9,3,0.8782690019210865,0.873423141186299,1286,322,"{'Basal': 167, 'Her2': 179, 'LumA': 560, 'LumB': 380}","{'Basal': 42, 'Her2': 45, 'LumA': 140, 'LumB': 95}",4,False,0.911660777385159,0.9020979020979021,0.9214285714285714,0.8421052631578947,0.8421052631578947,0.8421052631578947,0.7954545454545454,0.813953488372093,0.7777777777777778,0.963855421686747,0.975609756097561,0.9523809523809523,1061
classification,SimpleMean,EnsembleSoft,0.1,9,4,0.8671007024353821,0.8598620535077532,1287,321,"{'Basal': 168, 'Her2': 179, 'LumA': 560, 'LumB': 380}","{'Basal': 41, 'Her2': 45, 'LumA': 140, 'LumB': 95}",4,False,0.9295774647887324,0.9166666666666666,0.9428571428571428,0.8958333333333334,0.8865979381443299,0.9052631578947369,0.7294117647058823,0.775,0.6888888888888889,0.9135802469135802,0.925,0.9024390243902439,1061
classification,SimpleMean,EnsembleSoft,0.1,9,5,0.8599623429375347,0.8379756208703577,1287,321,"{'Basal': 167, 'Her2': 180, 'LumA': 560, 'LumB': 380}","{'Basal': 42, 'Her2': 44, 'LumA': 140, 'LumB': 95}",4,False,0.9220338983050848,0.8774193548387097,0.9714285714285714,0.8631578947368421,0.8631578947368421,0.8631578947368421,0.717948717948718,0.8235294117647058,0.6363636363636364,0.9367088607594937,1.0,0.8809523809523809,1061
classification,"KNN(k=5,dist)",EnsembleSoft,0.1,9,1,0.8679289067277535,0.8717522974101922,1286,322,"{'Basal': 167, 'Her2': 179, 'LumA': 560, 'LumB': 380}","{'Basal': 42, 'Her2': 45, 'LumA': 140, 'LumB': 95}",4,False,0.8796992481203008,0.9285714285714286,0.8357142857142857,0.8472906403940886,0.7962962962962963,0.9052631578947369,0.8333333333333334,0.7843137254901961,0.8888888888888888,0.9113924050632911,0.972972972972973,0.8571428571428571,1061
classification,"KNN(k=5,dist)",EnsembleSoft,0.1,9,2,0.9005350046219087,0.8903926482873852,1286,322,"{'Basal': 167, 'Her2': 179, 'LumA': 560, 'LumB': 380}","{'Basal': 42, 'Her2': 45, 'LumA': 140, 'LumB': 95}",4,False,0.9347079037800687,0.9006622516556292,0.9714285714285714,0.8913043478260869,0.9213483146067416,0.8631578947368421,0.8604651162790697,0.9024390243902439,0.8222222222222222,0.9156626506024096,0.926829268292683,0.9047619047619048,1061
classification,"KNN(k=5,dist)",EnsembleSoft,0.1,9,3,0.8891874582754448,0.8860275689223058,1286,322,"{'Basal': 167, 'Her2': 179, 'LumA': 560, 'LumB': 380}","{'Basal': 42, 'Her2': 45, 'LumA': 140, 'LumB': 95}",4,False,0.9252669039145908,0.9219858156028369,0.9285714285714286,0.8586387434554974,0.8541666666666666,0.8631578947368421,0.8089887640449438,0.8181818181818182,0.8,0.963855421686747,0.975609756097561,0.9523809523809523,1061
classification,"KNN(k=5,dist)",EnsembleSoft,0.1,9,4,0.8709622407418727,0.8616363062126863,1287,321,"{'Basal': 168, 'Her2': 179, 'LumA': 560, 'LumB': 380}","{'Basal': 41, 'Her2': 45, 'LumA': 140, 'LumB': 95}",4,False,0.9337979094076655,0.9115646258503401,0.9571428571428572,0.8736842105263158,0.8736842105263158,0.8736842105263158,0.7380952380952381,0.7948717948717948,0.6888888888888889,0.9382716049382716,0.95,0.926829268292683,1061
classification,"KNN(k=5,dist)",EnsembleSoft,0.1,9,5,0.8651362489803489,0.8425495557074505,1287,321,"{'Basal': 167, 'Her2': 180, 'LumA': 560, 'LumB': 380}","{'Basal': 42, 'Her2': 44, 'LumA': 140, 'LumB': 95}",4,False,0.9283276450511946,0.8888888888888888,0.9714285714285714,0.8911917098445595,0.8775510204081632,0.9052631578947369,0.717948717948718,0.8235294117647058,0.6363636363636364,0.9230769230769231,1.0,0.8571428571428571,1061
classification,RFECA_SVR(k=5),EnsembleSoft,0.1,9,1,0.8728503675558374,0.8710108604845446,1286,322,"{'Basal': 167, 'Her2': 179, 'LumA': 560, 'LumB': 380}","{'Basal': 42, 'Her2': 45, 'LumA': 140, 'LumB': 95}",4,False,0.9003690036900369,0.9312977099236641,0.8714285714285714,0.8656716417910447,0.8207547169811321,0.9157894736842105,0.845360824742268,0.7884615384615384,0.9111111111111111,0.88,1.0,0.7857142857142857,1061
classification,RFECA_SVR(k=5),EnsembleSoft,0.1,9,2,0.8930407684193545,0.8793755221386801,1286,322,"{'Basal': 167, 'Her2': 179, 'LumA': 560, 'LumB': 380}","{'Basal': 42, 'Her2': 45, 'LumA': 140, 'LumB': 95}",4,False,0.9391891891891891,0.8910256410256411,0.9928571428571429,0.8839779005524862,0.9302325581395349,0.8421052631578947,0.8333333333333334,0.8974358974358975,0.7777777777777778,0.9156626506024096,0.926829268292683,0.9047619047619048,1061
classification,RFECA_SVR(k=5),EnsembleSoft,0.1,9,3,0.8907016340319135,0.8886591478696743,1286,322,"{'Basal': 167, 'Her2': 179, 'LumA': 560, 'LumB': 380}","{'Basal': 42, 'Her2': 45, 'LumA': 140, 'LumB': 95}",4,False,0.9252669039145908,0.9219858156028369,0.9285714285714286,0.8736842105263158,0.8736842105263158,0.8736842105263158,0.8,0.8,0.8,0.963855421686747,0.975609756097561,0.9523809523809523,1061
classification,RFECA_SVR(k=5),EnsembleSoft,0.1,9,4,0.867644837682906,0.8590047272653178,1287,321,"{'Basal': 168, 'Her2': 179, 'LumA': 560, 'LumB': 380}","{'Basal': 41, 'Her2': 45, 'LumA': 140, 'LumB': 95}",4,False,0.9305555555555556,0.9054054054054054,0.9571428571428572,0.8723404255319149,0.8817204301075269,0.8631578947368421,0.7294117647058823,0.775,0.6888888888888889,0.9382716049382716,0.95,0.926829268292683,1061
classification,RFECA_SVR(k=5),EnsembleSoft,0.1,9,5,0.8620864432410839,0.8388214855320119,1287,321,"{'Basal': 167, 'Her2': 180, 'LumA': 560, 'LumB': 380}","{'Basal': 42, 'Her2': 44, 'LumA': 140, 'LumB': 95}",4,False,0.9152542372881356,0.8709677419354839,0.9642857142857143,0.8691099476439791,0.8645833333333334,0.8736842105263158,0.7272727272727273,0.8484848484848485,0.6363636363636364,0.9367088607594937,1.0,0.8809523809523809,1061
classification,RFECA_SVR(k=10),EnsembleSoft,0.1,9,1,0.8679913158204258,0.8700710108604846,1286,322,"{'Basal': 167, 'Her2': 179, 'LumA': 560, 'LumB': 380}","{'Basal': 42, 'Her2': 45, 'LumA': 140, 'LumB': 95}",4,False,0.8955223880597015,0.9375,0.8571428571428571,0.8712871287128713,0.822429906542056,0.9263157894736842,0.8367346938775511,0.7735849056603774,0.9111111111111111,0.868421052631579,0.9705882352941176,0.7857142857142857,1061
classification,RFECA_SVR(k=10),EnsembleSoft,0.1,9,2,0.8971505478204892,0.8831453634085213,1286,322,"{'Basal': 167, 'Her2': 179, 'LumA': 560, 'LumB': 380}","{'Basal': 42, 'Her2': 45, 'LumA': 140, 'LumB': 95}",4,False,0.9355932203389831,0.8903225806451613,0.9857142857142858,0.8791208791208791,0.9195402298850575,0.8421052631578947,0.8470588235294118,0.9,0.8,0.926829268292683,0.95,0.9047619047619048,1061
classification,RFECA_SVR(k=10),EnsembleSoft,0.1,9,3,0.8904071752597434,0.889797410192147,1286,322,"{'Basal': 167, 'Her2': 179, 'LumA': 560, 'LumB': 380}","{'Basal': 42, 'Her2': 45, 'LumA': 140, 'LumB': 95}",4,False,0.9214285714285714,0.9214285714285714,0.9214285714285714,0.8631578947368421,0.8631578947368421,0.8631578947368421,0.8131868131868132,0.8043478260869565,0.8222222222222222,0.963855421686747,0.975609756097561,0.9523809523809523,1061
classification,RFECA_SVR(k=10),EnsembleSoft,0.1,9,4,0.8711750440917108,0.8624821708743404,1287,321,"{'Basal': 168, 'Her2': 179, 'LumA': 560, 'LumB': 380}","{'Basal': 41, 'Her2': 45, 'LumA': 140, 'LumB': 95}",4,False,0.9333333333333333,0.9172413793103448,0.95,0.875,0.865979381443299,0.8842105263157894,0.7380952380952381,0.7948717948717948,0.6888888888888889,0.9382716049382716,0.95,0.926829268292683,1061
classification,RFECA_SVR(k=10),EnsembleSoft,0.1,9,5,0.8663991595424417,0.8432387787650946,1287,321,"{'Basal': 167, 'Her2': 180, 'LumA': 560, 'LumB': 380}","{'Basal': 42, 'Her2': 44, 'LumA': 140, 'LumB': 95}",4,False,0.9220338983050848,0.8774193548387097,0.9714285714285714,0.8795811518324608,0.875,0.8842105263157894,0.7272727272727273,0.8484848484848485,0.6363636363636364,0.9367088607594937,1.0,0.8809523809523809,1061
classification,RFECA_SVR(k=20),EnsembleSoft,0.1,9,1,0.8732895043482365,0.8766186299081036,1286,322,"{'Basal': 167, 'Her2': 179, 'LumA': 560, 'LumB': 380}","{'Basal': 42, 'Her2': 45, 'LumA': 140, 'LumB': 95}",4,False,0.8830188679245283,0.936,0.8357142857142857,0.8585365853658536,0.8,0.9263157894736842,0.8541666666666666,0.803921568627451,0.9111111111111111,0.8974358974358975,0.9722222222222222,0.8333333333333334,1061
classification,RFECA_SVR(k=20),EnsembleSoft,0.1,9,2,0.8971505478204892,0.8831453634085213,1286,322,"{'Basal': 167, 'Her2': 179, 'LumA': 560, 'LumB': 380}","{'Basal': 42, 'Her2': 45, 'LumA': 140, 'LumB': 95}",4,False,0.9355932203389831,0.8903225806451613,0.9857142857142858,0.8791208791208791,0.9195402298850575,0.8421052631578947,0.8470588235294118,0.9,0.8,0.926829268292683,0.95,0.9047619047619048,1061
classification,RFECA_SVR(k=20),EnsembleSoft,0.1,9,3,0.8817901213167499,0.8786862990810359,1286,322,"{'Basal': 167, 'Her2': 179, 'LumA': 560, 'LumB': 380}","{'Basal': 42, 'Her2': 45, 'LumA': 140, 'LumB': 95}",4,False,0.9181494661921709,0.9148936170212766,0.9214285714285714,0.8586387434554974,0.8541666666666666,0.8631578947368421,0.7865168539325843,0.7954545454545454,0.7777777777777778,0.963855421686747,0.975609756097561,0.9523809523809523,1061
classification,RFECA_SVR(k=20),EnsembleSoft,0.1,9,4,0.8827422624424657,0.8713167573405058,1287,321,"{'Basal': 168, 'Her2': 179, 'LumA': 560, 'LumB': 380}","{'Basal': 41, 'Her2': 45, 'LumA': 140, 'LumB': 95}",4,False,0.9407665505226481,0.9183673469387755,0.9642857142857143,0.8958333333333334,0.8865979381443299,0.9052631578947369,0.7560975609756098,0.8378378378378378,0.6888888888888889,0.9382716049382716,0.95,0.926829268292683,1061
classification,RFECA_SVR(k=20),EnsembleSoft,0.1,9,5,0.8663991595424417,0.8432387787650946,1287,321,"{'Basal': 167, 'Her2': 180, 'LumA': 560, 'LumB': 380}","{'Basal': 42, 'Her2': 44, 'LumA': 140, 'LumB': 95}",4,False,0.9220338983050848,0.8774193548387097,0.9714285714285714,0.8795811518324608,0.875,0.8842105263157894,0.7272727272727273,0.8484848484848485,0.6363636363636364,0.9367088607594937,1.0,0.8809523809523809,1061
classification,MissForest,EnsembleSoft,0.1,9,1,0.8539833386810136,0.8556808688387636,1286,322,"{'Basal': 167, 'Her2': 179, 'LumA': 560, 'LumB': 380}","{'Basal': 42, 'Her2': 45, 'LumA': 140, 'LumB': 95}",4,False,0.8838951310861424,0.9291338582677166,0.8428571428571429,0.8472906403940886,0.7962962962962963,0.9052631578947369,0.8163265306122449,0.7547169811320755,0.8888888888888888,0.868421052631579,0.9705882352941176,0.7857142857142857,1061
classification,MissForest,EnsembleSoft,0.1,9,2,0.8979322392942977,0.8839912280701755,1286,322,"{'Basal': 167, 'Her2': 179, 'LumA': 560, 'LumB': 380}","{'Basal': 42, 'Her2': 45, 'LumA': 140, 'LumB': 95}",4,False,0.9288135593220339,0.8838709677419355,0.9785714285714285,0.8901098901098901,0.9310344827586207,0.8526315789473684,0.8571428571428571,0.9230769230769231,0.8,0.9156626506024096,0.926829268292683,0.9047619047619048,1061
classification,MissForest,EnsembleSoft,0.1,9,3,0.8901825445339929,0.8889515455304929,1286,322,"{'Basal': 167, 'Her2': 179, 'LumA': 560, 'LumB': 380}","{'Basal': 42, 'Her2': 45, 'LumA': 140, 'LumB': 95}",4,False,0.9219858156028369,0.9154929577464789,0.9285714285714286,0.8617021276595744,0.8709677419354839,0.8526315789473684,0.8131868131868132,0.8043478260869565,0.8222222222222222,0.963855421686747,0.975609756097561,0.9523809523809523,1061
classification,MissForest,EnsembleSoft,0.1,9,4,0.8734982046717052,0.8645717444016546,1287,321,"{'Basal': 168, 'Her2': 179, 'LumA': 560, 'LumB': 380}","{'Basal': 41, 'Her2': 45, 'LumA': 140, 'LumB': 95}",4,False,0.9300699300699301,0.910958904109589,0.95,0.8947368421052632,0.8947368421052632,0.8947368421052632,0.7441860465116279,0.7804878048780488,0.7111111111111111,0.925,0.9487179487179487,0.9024390243902439,1061
classification,MissForest,EnsembleSoft,0.1,9,5,0.8625939218849031,0.8406071998177261,1287,321,"{'Basal': 167, 'Her2': 180, 'LumA': 560, 'LumB': 380}","{'Basal': 42, 'Her2': 44, 'LumA': 140, 'LumB': 95}",4,False,0.9220338983050848,0.8774193548387097,0.9714285714285714,0.8736842105263158,0.8736842105263158,0.8736842105263158,0.717948717948718,0.8235294117647058,0.6363636363636364,0.9367088607594937,1.0,0.8809523809523809,1061
classification,SimpleMean,EnsembleSoft,0.2,0,1,0.877864912515259,0.8717627401837927,1286,322,"{'Basal': 167, 'Her2': 179, 'LumA': 560, 'LumB': 380}","{'Basal': 42, 'Her2': 45, 'LumA': 140, 'LumB': 95}",4,False,0.915129151291513,0.9465648854961832,0.8857142857142857,0.8780487804878049,0.8181818181818182,0.9473684210526315,0.8351648351648352,0.8260869565217391,0.8444444444444444,0.8831168831168831,0.9714285714285714,0.8095238095238095,1062
classification,SimpleMean,EnsembleSoft,0.2,0,2,0.8912191289393692,0.8797723475355055,1286,322,"{'Basal': 167, 'Her2': 179, 'LumA': 560, 'LumB': 380}","{'Basal': 42, 'Her2': 45, 'LumA': 140, 'LumB': 95}",4,False,0.9204152249134948,0.8926174496644296,0.95,0.8556149732620321,0.8695652173913043,0.8421052631578947,0.8505747126436781,0.8809523809523809,0.8222222222222222,0.9382716049382716,0.9743589743589743,0.9047619047619048,1062
classification,SimpleMean,EnsembleSoft,0.2,0,3,0.8449813428612774,0.840329991645781,1286,322,"{'Basal': 167, 'Her2': 179, 'LumA': 560, 'LumB': 380}","{'Basal': 42, 'Her2': 45, 'LumA': 140, 'LumB': 95}",4,False,0.9045936395759717,0.8951048951048951,0.9142857142857143,0.8191489361702128,0.8279569892473119,0.8105263157894737,0.7311827956989247,0.7083333333333334,0.7555555555555555,0.925,0.9736842105263158,0.8809523809523809,1062
classification,SimpleMean,EnsembleSoft,0.2,0,4,0.882424131849419,0.8762248609328199,1287,321,"{'Basal': 168, 'Her2': 179, 'LumA': 560, 'LumB': 380}","{'Basal': 41, 'Her2': 45, 'LumA': 140, 'LumB': 95}",4,False,0.9333333333333333,0.9172413793103448,0.95,0.8994708994708994,0.9042553191489362,0.8947368421052632,0.7586206896551724,0.7857142857142857,0.7333333333333333,0.9382716049382716,0.95,0.926829268292683,1062
classification,SimpleMean,EnsembleSoft,0.2,0,5,0.8641492032052184,0.8450700615174299,1287,321,"{'Basal': 167, 'Her2': 180, 'LumA': 560, 'LumB': 380}","{'Basal': 42, 'Her2': 44, 'LumA': 140, 'LumB': 95}",4,False,0.9152542372881356,0.8709677419354839,0.9642857142857143,0.8494623655913979,0.8681318681318682,0.8315789473684211,0.7804878048780488,0.8421052631578947,0.7272727272727273,0.9113924050632911,0.972972972972973,0.8571428571428571,1062
classification,"KNN(k=5,dist)",EnsembleSoft,0.2,0,1,0.8600273587683476,0.8589598997493735,1286,322,"{'Basal': 167, 'Her2': 179, 'LumA': 560, 'LumB': 380}","{'Basal': 42, 'Her2': 45, 'LumA': 140, 'LumB': 95}",4,False,0.8921933085501859,0.9302325581395349,0.8571428571428571,0.8669950738916257,0.8148148148148148,0.9263157894736842,0.8125,0.7647058823529411,0.8666666666666667,0.868421052631579,0.9705882352941176,0.7857142857142857,1062
classification,"KNN(k=5,dist)",EnsembleSoft,0.2,0,2,0.8881344314914295,0.8828007518796993,1286,322,"{'Basal': 167, 'Her2': 179, 'LumA': 560, 'LumB': 380}","{'Basal': 42, 'Her2': 45, 'LumA': 140, 'LumB': 95}",4,False,0.9300699300699301,0.910958904109589,0.95,0.8663101604278075,0.8804347826086957,0.8526315789473684,0.8275862068965517,0.8571428571428571,0.8,0.9285714285714286,0.9285714285714286,0.9285714285714286,1062
classification,"KNN(k=5,dist)",EnsembleSoft,0.2,0,3,0.878034727621875,0.8731307435254804,1286,322,"{'Basal': 167, 'Her2': 179, 'LumA': 560, 'LumB': 380}","{'Basal': 42, 'Her2': 45, 'LumA': 140, 'LumB': 95}",4,False,0.9148936170212766,0.9084507042253521,0.9214285714285714,0.8541666666666666,0.845360824742268,0.8631578947368421,0.7906976744186046,0.8292682926829268,0.7555555555555555,0.9523809523809523,0.9523809523809523,0.9523809523809523,1062
classification,"KNN(k=5,dist)",EnsembleSoft,0.2,0,4,0.8844131746142003,0.8774571082176987,1287,321,"{'Basal': 168, 'Her2': 179, 'LumA': 560, 'LumB': 380}","{'Basal': 41, 'Her2': 45, 'LumA': 140, 'LumB': 95}",4,False,0.9407665505226481,0.9183673469387755,0.9642857142857143,0.8770053475935828,0.8913043478260869,0.8631578947368421,0.7816091954022989,0.8095238095238095,0.7555555555555555,0.9382716049382716,0.95,0.926829268292683,1062
classification,"KNN(k=5,dist)",EnsembleSoft,0.2,0,5,0.8335451241517778,0.8088288904078378,1287,321,"{'Basal': 167, 'Her2': 180, 'LumA': 560, 'LumB': 380}","{'Basal': 42, 'Her2': 44, 'LumA': 140, 'LumB': 95}",4,False,0.8972602739726028,0.8618421052631579,0.9357142857142857,0.826530612244898,0.801980198019802,0.8526315789473684,0.7012987012987013,0.8181818181818182,0.6136363636363636,0.9090909090909091,1.0,0.8333333333333334,1062
classification,RFECA_SVR(k=5),EnsembleSoft,0.2,0,1,0.8782247074248377,0.873297827903091,1286,322,"{'Basal': 167, 'Her2': 179, 'LumA': 560, 'LumB': 380}","{'Basal': 42, 'Her2': 45, 'LumA': 140, 'LumB': 95}",4,False,0.9077490774907749,0.9389312977099237,0.8785714285714286,0.8725490196078431,0.8165137614678899,0.9368421052631579,0.8351648351648352,0.8260869565217391,0.8444444444444444,0.8974358974358975,0.9722222222222222,0.8333333333333334,1062
classification,RFECA_SVR(k=5),EnsembleSoft,0.2,0,2,0.8889320277296748,0.8804197994987469,1286,322,"{'Basal': 167, 'Her2': 179, 'LumA': 560, 'LumB': 380}","{'Basal': 42, 'Her2': 45, 'LumA': 140, 'LumB': 95}",4,False,0.9375,0.9121621621621622,0.9642857142857143,0.8709677419354839,0.8901098901098901,0.8526315789473684,0.8089887640449438,0.8181818181818182,0.8,0.9382716049382716,0.9743589743589743,0.9047619047619048,1062
classification,RFECA_SVR(k=5),EnsembleSoft,0.2,0,3,0.8673133261468521,0.864546783625731,1286,322,"{'Basal': 167, 'Her2': 179, 'LumA': 560, 'LumB': 380}","{'Basal': 42, 'Her2': 45, 'LumA': 140, 'LumB': 95}",4,False,0.9181494661921709,0.9148936170212766,0.9214285714285714,0.8526315789473684,0.8526315789473684,0.8526315789473684,0.7472527472527473,0.7391304347826086,0.7555555555555555,0.9512195121951219,0.975,0.9285714285714286,1062
classification,RFECA_SVR(k=5),EnsembleSoft,0.2,0,4,0.8889093137254902,0.8788564398801884,1287,321,"{'Basal': 168, 'Her2': 179, 'LumA': 560, 'LumB': 380}","{'Basal': 41, 'Her2': 45, 'LumA': 140, 'LumB': 95}",4,False,0.9333333333333333,0.9172413793103448,0.95,0.8958333333333334,0.8865979381443299,0.9052631578947369,0.7764705882352941,0.825,0.7333333333333333,0.95,0.9743589743589743,0.926829268292683,1062
classification,RFECA_SVR(k=5),EnsembleSoft,0.2,0,5,0.8603939047861238,0.8396588061061745,1287,321,"{'Basal': 167, 'Her2': 180, 'LumA': 560, 'LumB': 380}","{'Basal': 42, 'Her2': 44, 'LumA': 140, 'LumB': 95}",4,False,0.9121621621621622,0.8653846153846154,0.9642857142857143,0.8449197860962567,0.8586956521739131,0.8315789473684211,0.759493670886076,0.8571428571428571,0.6818181818181818,0.925,0.9736842105263158,0.8809523809523809,1062
classification,RFECA_SVR(k=10),EnsembleSoft,0.2,0,1,0.862637977996669,0.8605994152046783,1286,322,"{'Basal': 167, 'Her2': 179, 'LumA': 560, 'LumB': 380}","{'Basal': 42, 'Her2': 45, 'LumA': 140, 'LumB': 95}",4,False,0.8913857677902621,0.937007874015748,0.85,0.8599033816425121,0.7946428571428571,0.9368421052631579,0.8131868131868132,0.8043478260869565,0.8222222222222222,0.8860759493670886,0.9459459459459459,0.8333333333333334,1062
classification,RFECA_SVR(k=10),EnsembleSoft,0.2,0,2,0.8991397341871661,0.889546783625731,1286,322,"{'Basal': 167, 'Her2': 179, 'LumA': 560, 'LumB': 380}","{'Basal': 42, 'Her2': 45, 'LumA': 140, 'LumB': 95}",4,False,0.9415807560137457,0.9072847682119205,0.9785714285714285,0.8852459016393442,0.9204545454545454,0.8526315789473684,0.8314606741573034,0.8409090909090909,0.8222222222222222,0.9382716049382716,0.9743589743589743,0.9047619047619048,1062
classification,RFECA_SVR(k=10),EnsembleSoft,0.2,0,3,0.8670541254306365,0.8620718462823725,1286,322,"{'Basal': 167, 'Her2': 179, 'LumA': 560, 'LumB': 380}","{'Basal': 42, 'Her2': 45, 'LumA': 140, 'LumB': 95}",4,False,0.9142857142857143,0.9142857142857143,0.9142857142857143,0.8601036269430051,0.8469387755102041,0.8736842105263158,0.7555555555555555,0.7555555555555555,0.7555555555555555,0.9382716049382716,0.9743589743589743,0.9047619047619048,1062
classification,RFECA_SVR(k=10),EnsembleSoft,0.2,0,4,0.8911525372329672,0.8844119954357439,1287,321,"{'Basal': 168, 'Her2': 179, 'LumA': 560, 'LumB': 380}","{'Basal': 41, 'Her2': 45, 'LumA': 140, 'LumB': 95}",4,False,0.9366197183098591,0.9236111111111112,0.95,0.9052631578947369,0.9052631578947369,0.9052631578947369,0.7727272727272727,0.7906976744186046,0.7555555555555555,0.95,0.9743589743589743,0.926829268292683,1062
classification,RFECA_SVR(k=10),EnsembleSoft,0.2,0,5,0.8534794213996664,0.8302375256322625,1287,321,"{'Basal': 167, 'Her2': 180, 'LumA': 560, 'LumB': 380}","{'Basal': 42, 'Her2': 44, 'LumA': 140, 'LumB': 95}",4,False,0.9246575342465754,0.8881578947368421,0.9642857142857143,0.841025641025641,0.82,0.8631578947368421,0.7368421052631579,0.875,0.6363636363636364,0.9113924050632911,0.972972972972973,0.8571428571428571,1062
classification,RFECA_SVR(k=20),EnsembleSoft,0.2,0,1,0.8557323630230079,0.8515664160401002,1286,322,"{'Basal': 167, 'Her2': 179, 'LumA': 560, 'LumB': 380}","{'Basal': 42, 'Her2': 45, 'LumA': 140, 'LumB': 95}",4,False,0.8921933085501859,0.9302325581395349,0.8571428571428571,0.8446601941747572,0.7837837837837838,0.9157894736842105,0.8,0.8,0.8,0.8860759493670886,0.9459459459459459,0.8333333333333334,1062
classification,RFECA_SVR(k=20),EnsembleSoft,0.2,0,2,0.8964074937500077,0.8869152046783626,1286,322,"{'Basal': 167, 'Her2': 179, 'LumA': 560, 'LumB': 380}","{'Basal': 42, 'Her2': 45, 'LumA': 140, 'LumB': 95}",4,False,0.9415807560137457,0.9072847682119205,0.9785714285714285,0.8743169398907104,0.9090909090909091,0.8421052631578947,0.8314606741573034,0.8409090909090909,0.8222222222222222,0.9382716049382716,0.9743589743589743,0.9047619047619048,1062
classification,RFECA_SVR(k=20),EnsembleSoft,0.2,0,3,0.86549811832684,0.8598370927318295,1286,322,"{'Basal': 167, 'Her2': 179, 'LumA': 560, 'LumB': 380}","{'Basal': 42, 'Her2': 45, 'LumA': 140, 'LumB': 95}",4,False,0.9110320284697508,0.9078014184397163,0.9142857142857143,0.8497409326424871,0.8367346938775511,0.8631578947368421,0.75,0.7674418604651163,0.7333333333333333,0.9512195121951219,0.975,0.9285714285714286,1062
classification,RFECA_SVR(k=20),EnsembleSoft,0.2,0,4,0.8952206805517202,0.8905095564113537,1287,321,"{'Basal': 168, 'Her2': 179, 'LumA': 560, 'LumB': 380}","{'Basal': 41, 'Her2': 45, 'LumA': 140, 'LumB': 95}",4,False,0.9399293286219081,0.9300699300699301,0.95,0.9052631578947369,0.9052631578947369,0.9052631578947369,0.7727272727272727,0.7906976744186046,0.7555555555555555,0.9629629629629629,0.975,0.9512195121951219,1062
classification,RFECA_SVR(k=20),EnsembleSoft,0.2,0,5,0.8790826295162115,0.8576526543631807,1287,321,"{'Basal': 167, 'Her2': 180, 'LumA': 560, 'LumB': 380}","{'Basal': 42, 'Her2': 44, 'LumA': 140, 'LumB': 95}",4,False,0.9347079037800687,0.9006622516556292,0.9714285714285714,0.8601036269430051,0.8469387755102041,0.8736842105263158,0.7848101265822784,0.8857142857142857,0.7045454545454546,0.9367088607594937,1.0,0.8809523809523809,1062
classification,MissForest,EnsembleSoft,0.2,0,1,0.8801742919389978,0.8774644945697576,1286,322,"{'Basal': 167, 'Her2': 179, 'LumA': 560, 'LumB': 380}","{'Basal': 42, 'Her2': 45, 'LumA': 140, 'LumB': 95}",4,False,0.9037037037037037,0.9384615384615385,0.8714285714285714,0.8725490196078431,0.8165137614678899,0.9368421052631579,0.8444444444444444,0.8444444444444444,0.8444444444444444,0.9,0.9473684210526315,0.8571428571428571,1062
classification,MissForest,EnsembleSoft,0.2,0,2,0.8980974897825549,0.8948517126148705,1286,322,"{'Basal': 167, 'Her2': 179, 'LumA': 560, 'LumB': 380}","{'Basal': 42, 'Her2': 45, 'LumA': 140, 'LumB': 95}",4,False,0.9407665505226481,0.9183673469387755,0.9642857142857143,0.8743169398907104,0.9090909090909091,0.8421052631578947,0.8260869565217391,0.8085106382978723,0.8444444444444444,0.9512195121951219,0.975,0.9285714285714286,1062
classification,MissForest,EnsembleSoft,0.2,0,3,0.885976837445915,0.8805764411027569,1286,322,"{'Basal': 167, 'Her2': 179, 'LumA': 560, 'LumB': 380}","{'Basal': 42, 'Her2': 45, 'LumA': 140, 'LumB': 95}",4,False,0.9252669039145908,0.9219858156028369,0.9285714285714286,0.865979381443299,0.8484848484848485,0.8842105263157894,0.7764705882352941,0.825,0.7333333333333333,0.9761904761904762,0.9761904761904762,0.9761904761904762,1062
classification,MissForest,EnsembleSoft,0.2,0,4,0.8739928287263977,0.868037726429896,1287,321,"{'Basal': 168, 'Her2': 179, 'LumA': 560, 'LumB': 380}","{'Basal': 41, 'Her2': 45, 'LumA': 140, 'LumB': 95}",4,False,0.9366197183098591,0.9236111111111112,0.95,0.8795811518324608,0.875,0.8842105263157894,0.7529411764705882,0.8,0.7111111111111111,0.926829268292683,0.926829268292683,0.926829268292683,1062
classification,MissForest,EnsembleSoft,0.2,0,5,0.8644464870968631,0.8434068124857599,1287,321,"{'Basal': 167, 'Her2': 180, 'LumA': 560, 'LumB': 380}","{'Basal': 42, 'Her2': 44, 'LumA': 140, 'LumB': 95}",4,False,0.9115646258503401,0.8701298701298701,0.9571428571428572,0.8526315789473684,0.8526315789473684,0.8526315789473684,0.7435897435897436,0.8529411764705882,0.6590909090909091,0.95,1.0,0.9047619047619048,1062
classification,SimpleMean,EnsembleSoft,0.2,1,1,0.8706172419816728,0.8652046783625731,1286,322,"{'Basal': 167, 'Her2': 179, 'LumA': 560, 'LumB': 380}","{'Basal': 42, 'Her2': 45, 'LumA': 140, 'LumB': 95}",4,False,0.9163636363636364,0.9333333333333333,0.9,0.864321608040201,0.8269230769230769,0.9052631578947369,0.8043478260869565,0.7872340425531915,0.8222222222222222,0.8974358974358975,0.9722222222222222,0.8333333333333334,1063
classification,SimpleMean,EnsembleSoft,0.2,1,2,0.8648246649000986,0.8592314118629908,1286,322,"{'Basal': 167, 'Her2': 179, 'LumA': 560, 'LumB': 380}","{'Basal': 42, 'Her2': 45, 'LumA': 140, 'LumB': 95}",4,False,0.9209621993127147,0.8874172185430463,0.9571428571428572,0.8666666666666667,0.9176470588235294,0.8210526315789474,0.7692307692307693,0.7608695652173914,0.7777777777777778,0.9024390243902439,0.925,0.8809523809523809,1063
classification,SimpleMean,EnsembleSoft,0.2,1,3,0.8691531158316099,0.8615183792815372,1286,322,"{'Basal': 167, 'Her2': 179, 'LumA': 560, 'LumB': 380}","{'Basal': 42, 'Her2': 45, 'LumA': 140, 'LumB': 95}",4,False,0.9052631578947369,0.8896551724137931,0.9214285714285714,0.8465608465608465,0.851063829787234,0.8421052631578947,0.7865168539325843,0.7954545454545454,0.7777777777777778,0.9382716049382716,0.9743589743589743,0.9047619047619048,1063
classification,SimpleMean,EnsembleSoft,0.2,1,4,0.8654244165605457,0.8508405159239563,1287,321,"{'Basal': 168, 'Her2': 179, 'LumA': 560, 'LumB': 380}","{'Basal': 41, 'Her2': 45, 'LumA': 140, 'LumB': 95}",4,False,0.9263157894736842,0.9103448275862069,0.9428571428571428,0.883248730964467,0.8529411764705882,0.9157894736842105,0.7407407407407407,0.8333333333333334,0.6666666666666666,0.9113924050632911,0.9473684210526315,0.8780487804878049,1063
classification,SimpleMean,EnsembleSoft,0.2,1,5,0.851358798526006,0.83184666210982,1287,321,"{'Basal': 167, 'Her2': 180, 'LumA': 560, 'LumB': 380}","{'Basal': 42, 'Her2': 44, 'LumA': 140, 'LumB': 95}",4,False,0.8835616438356164,0.8486842105263158,0.9214285714285714,0.837696335078534,0.8333333333333334,0.8421052631578947,0.7341772151898734,0.8285714285714286,0.6590909090909091,0.95,1.0,0.9047619047619048,1063
classification,"KNN(k=5,dist)",EnsembleSoft,0.2,1,1,0.8752069184127945,0.8761278195488722,1286,322,"{'Basal': 167, 'Her2': 179, 'LumA': 560, 'LumB': 380}","{'Basal': 42, 'Her2': 45, 'LumA': 140, 'LumB': 95}",4,False,0.9022556390977443,0.9523809523809523,0.8571428571428571,0.8737864077669902,0.8108108108108109,0.9473684210526315,0.8387096774193549,0.8125,0.8666666666666667,0.8860759493670886,0.9459459459459459,0.8333333333333334,1063
classification,"KNN(k=5,dist)",EnsembleSoft,0.2,1,2,0.8767363292383714,0.8696010860484544,1286,322,"{'Basal': 167, 'Her2': 179, 'LumA': 560, 'LumB': 380}","{'Basal': 42, 'Her2': 45, 'LumA': 140, 'LumB': 95}",4,False,0.9246575342465754,0.8881578947368421,0.9642857142857143,0.8729281767955801,0.9186046511627907,0.8315789473684211,0.8045977011494253,0.8333333333333334,0.7777777777777778,0.9047619047619048,0.9047619047619048,0.9047619047619048,1063
classification,"KNN(k=5,dist)",EnsembleSoft,0.2,1,3,0.864876154779144,0.8558166248955722,1286,322,"{'Basal': 167, 'Her2': 179, 'LumA': 560, 'LumB': 380}","{'Basal': 42, 'Her2': 45, 'LumA': 140, 'LumB': 95}",4,False,0.8943661971830986,0.8819444444444444,0.9071428571428571,0.8393782383419689,0.826530612244898,0.8526315789473684,0.7619047619047619,0.8205128205128205,0.7111111111111111,0.963855421686747,0.975609756097561,0.9523809523809523,1063
classification,"KNN(k=5,dist)",EnsembleSoft,0.2,1,4,0.8415917107583774,0.8320330806691526,1287,321,"{'Basal': 168, 'Her2': 179, 'LumA': 560, 'LumB': 380}","{'Basal': 41, 'Her2': 45, 'LumA': 140, 'LumB': 95}",4,False,0.9214285714285714,0.9214285714285714,0.9214285714285714,0.84,0.8,0.8842105263157894,0.7160493827160493,0.8055555555555556,0.6444444444444445,0.8888888888888888,0.9,0.8780487804878049,1063
classification,"KNN(k=5,dist)",EnsembleSoft,0.2,1,5,0.8510570363319054,0.8302574618364092,1287,321,"{'Basal': 167, 'Her2': 180, 'LumA': 560, 'LumB': 380}","{'Basal': 42, 'Her2': 44, 'LumA': 140, 'LumB': 95}",4,False,0.9047619047619048,0.8636363636363636,0.95,0.8481675392670157,0.84375,0.8526315789473684,0.7012987012987013,0.8181818181818182,0.6136363636363636,0.95,1.0,0.9047619047619048,1063
classification,RFECA_SVR(k=5),EnsembleSoft,0.2,1,1,0.8523565973034058,0.8490810359231412,1286,322,"{'Basal': 167, 'Her2': 179, 'LumA': 560, 'LumB': 380}","{'Basal': 42, 'Her2': 45, 'LumA': 140, 'LumB': 95}",4,False,0.8937728937728938,0.9172932330827067,0.8714285714285714,0.85,0.8095238095238095,0.8947368421052632,0.8085106382978723,0.7755102040816326,0.8444444444444444,0.8571428571428571,0.9428571428571428,0.7857142857142857,1063
classification,RFECA_SVR(k=5),EnsembleSoft,0.2,1,2,0.8766999010418317,0.870843776106934,1286,322,"{'Basal': 167, 'Her2': 179, 'LumA': 560, 'LumB': 380}","{'Basal': 42, 'Her2': 45, 'LumA': 140, 'LumB': 95}",4,False,0.9241379310344827,0.8933333333333333,0.9571428571428572,0.8743169398907104,0.9090909090909091,0.8421052631578947,0.7906976744186046,0.8292682926829268,0.7555555555555555,0.9176470588235294,0.9069767441860465,0.9285714285714286,1063
classification,RFECA_SVR(k=5),EnsembleSoft,0.2,1,3,0.869312988353236,0.8629594820384293,1286,322,"{'Basal': 167, 'Her2': 179, 'LumA': 560, 'LumB': 380}","{'Basal': 42, 'Her2': 45, 'LumA': 140, 'LumB': 95}",4,False,0.9192982456140351,0.903448275862069,0.9357142857142857,0.8526315789473684,0.8526315789473684,0.8526315789473684,0.7529411764705882,0.8,0.7111111111111111,0.9523809523809523,0.9523809523809523,0.9523809523809523,1063
classification,RFECA_SVR(k=5),EnsembleSoft,0.2,1,4,0.864644456701002,0.8572304745603848,1287,321,"{'Basal': 168, 'Her2': 179, 'LumA': 560, 'LumB': 380}","{'Basal': 41, 'Her2': 45, 'LumA': 140, 'LumB': 95}",4,False,0.9328621908127208,0.9230769230769231,0.9428571428571428,0.8762886597938144,0.8585858585858586,0.8947368421052632,0.7469879518072289,0.8157894736842105,0.6888888888888889,0.9024390243902439,0.9024390243902439,0.9024390243902439,1063
classification,RFECA_SVR(k=5),EnsembleSoft,0.2,1,5,0.8618961843364574,0.842885623148781,1287,321,"{'Basal': 167, 'Her2': 180, 'LumA': 560, 'LumB': 380}","{'Basal': 42, 'Her2': 44, 'LumA': 140, 'LumB': 95}",4,False,0.9010238907849829,0.8627450980392157,0.9428571428571428,0.8465608465608465,0.851063829787234,0.8421052631578947,0.75,0.8333333333333334,0.6818181818181818,0.95,1.0,0.9047619047619048,1063
classification,RFECA_SVR(k=10),EnsembleSoft,0.2,1,1,0.8667200263614429,0.8647138680033417,1286,322,"{'Basal': 167, 'Her2': 179, 'LumA': 560, 'LumB': 380}","{'Basal': 42, 'Her2': 45, 'LumA': 140, 'LumB': 95}",4,False,0.9044117647058824,0.9318181818181818,0.8785714285714286,0.8756218905472637,0.8301886792452831,0.9263157894736842,0.8260869565217391,0.8085106382978723,0.8444444444444444,0.8607594936708861,0.918918918918919,0.8095238095238095,1063
classification,RFECA_SVR(k=10),EnsembleSoft,0.2,1,2,0.8814762691167093,0.872921888053467,1286,322,"{'Basal': 167, 'Her2': 179, 'LumA': 560, 'LumB': 380}","{'Basal': 42, 'Her2': 45, 'LumA': 140, 'LumB': 95}",4,False,0.9215017064846417,0.8823529411764706,0.9642857142857143,0.861878453038674,0.9069767441860465,0.8210526315789474,0.813953488372093,0.8536585365853658,0.7777777777777778,0.9285714285714286,0.9285714285714286,0.9285714285714286,1063
classification,RFECA_SVR(k=10),EnsembleSoft,0.2,1,3,0.8758067766783167,0.8685150375939849,1286,322,"{'Basal': 167, 'Her2': 179, 'LumA': 560, 'LumB': 380}","{'Basal': 42, 'Her2': 45, 'LumA': 140, 'LumB': 95}",4,False,0.9192982456140351,0.903448275862069,0.9357142857142857,0.8526315789473684,0.8526315789473684,0.8526315789473684,0.7674418604651163,0.8048780487804879,0.7333333333333333,0.963855421686747,0.975609756097561,0.9523809523809523,1063
classification,RFECA_SVR(k=10),EnsembleSoft,0.2,1,4,0.87376907920821,0.8618461804918802,1287,321,"{'Basal': 168, 'Her2': 179, 'LumA': 560, 'LumB': 380}","{'Basal': 41, 'Her2': 45, 'LumA': 140, 'LumB': 95}",4,False,0.9252669039145908,0.9219858156028369,0.9285714285714286,0.864321608040201,0.8269230769230769,0.9052631578947369,0.7804878048780488,0.8648648648648649,0.7111111111111111,0.925,0.9487179487179487,0.9024390243902439,1063
classification,RFECA_SVR(k=10),EnsembleSoft,0.2,1,5,0.8594931410062008,0.8385708589655958,1287,321,"{'Basal': 167, 'Her2': 180, 'LumA': 560, 'LumB': 380}","{'Basal': 42, 'Her2': 44, 'LumA': 140, 'LumB': 95}",4,False,0.910958904109589,0.875,0.95,0.8497409326424871,0.8367346938775511,0.8631578947368421,0.7272727272727273,0.8484848484848485,0.6363636363636364,0.95,1.0,0.9047619047619048,1063
classification,RFECA_SVR(k=20),EnsembleSoft,0.2,1,1,0.8751246803069054,0.873987050960735,1286,322,"{'Basal': 167, 'Her2': 179, 'LumA': 560, 'LumB': 380}","{'Basal': 42, 'Her2': 45, 'LumA': 140, 'LumB': 95}",4,False,0.9044117647058824,0.9318181818181818,0.8785714285714286,0.87,0.8285714285714286,0.9157894736842105,0.8260869565217391,0.8085106382978723,0.8444444444444444,0.9,0.9473684210526315,0.8571428571428571,1063
classification,RFECA_SVR(k=20),EnsembleSoft,0.2,1,2,0.8862387209889223,0.8781850459482039,1286,322,"{'Basal': 167, 'Her2': 179, 'LumA': 560, 'LumB': 380}","{'Basal': 42, 'Her2': 45, 'LumA': 140, 'LumB': 95}",4,False,0.9246575342465754,0.8881578947368421,0.9642857142857143,0.8791208791208791,0.9195402298850575,0.8421052631578947,0.8235294117647058,0.875,0.7777777777777778,0.9176470588235294,0.9069767441860465,0.9285714285714286,1063
classification,RFECA_SVR(k=20),EnsembleSoft,0.2,1,3,0.8790086279865832,0.8703007518796991,1286,322,"{'Basal': 167, 'Her2': 179, 'LumA': 560, 'LumB': 380}","{'Basal': 42, 'Her2': 45, 'LumA': 140, 'LumB': 95}",4,False,0.9230769230769231,0.9041095890410958,0.9428571428571428,0.8526315789473684,0.8526315789473684,0.8526315789473684,0.7764705882352941,0.825,0.7333333333333333,0.963855421686747,0.975609756097561,0.9523809523809523,1063
classification,RFECA_SVR(k=20),EnsembleSoft,0.2,1,4,0.8750418546517837,0.8665558713857816,1287,321,"{'Basal': 168, 'Her2': 179, 'LumA': 560, 'LumB': 380}","{'Basal': 41, 'Her2': 45, 'LumA': 140, 'LumB': 95}",4,False,0.9290780141843972,0.9225352112676056,0.9357142857142857,0.8717948717948718,0.85,0.8947368421052632,0.7857142857142857,0.8461538461538461,0.7333333333333333,0.9135802469135802,0.925,0.9024390243902439,1063
classification,RFECA_SVR(k=20),EnsembleSoft,0.2,1,5,0.8675940350439573,0.8480946684894054,1287,321,"{'Basal': 167, 'Her2': 180, 'LumA': 560, 'LumB': 380}","{'Basal': 42, 'Her2': 44, 'LumA': 140, 'LumB': 95}",4,False,0.9215017064846417,0.8823529411764706,0.9642857142857143,0.8586387434554974,0.8541666666666666,0.8631578947368421,0.7272727272727273,0.8484848484848485,0.6363636363636364,0.9629629629629629,1.0,0.9285714285714286,1063
classification,MissForest,EnsembleSoft,0.2,1,1,0.8643522688112728,0.8600981620718462,1286,322,"{'Basal': 167, 'Her2': 179, 'LumA': 560, 'LumB': 380}","{'Basal': 42, 'Her2': 45, 'LumA': 140, 'LumB': 95}",4,False,0.9090909090909091,0.9259259259259259,0.8928571428571429,0.8743718592964824,0.8365384615384616,0.9157894736842105,0.8131868131868132,0.8043478260869565,0.8222222222222222,0.8607594936708861,0.918918918918919,0.8095238095238095,1063
classification,MissForest,EnsembleSoft,0.2,1,2,0.8838274807164291,0.8761069340016708,1286,322,"{'Basal': 167, 'Her2': 179, 'LumA': 560, 'LumB': 380}","{'Basal': 42, 'Her2': 45, 'LumA': 140, 'LumB': 95}",4,False,0.9273356401384083,0.8993288590604027,0.9571428571428572,0.8817204301075269,0.9010989010989011,0.8631578947368421,0.8192771084337349,0.8947368421052632,0.7555555555555555,0.9069767441860465,0.8863636363636364,0.9285714285714286,1063
classification,MissForest,EnsembleSoft,0.2,1,3,0.8711537000323687,0.863251879699248,1286,322,"{'Basal': 167, 'Her2': 179, 'LumA': 560, 'LumB': 380}","{'Basal': 42, 'Her2': 45, 'LumA': 140, 'LumB': 95}",4,False,0.9128919860627178,0.891156462585034,0.9357142857142857,0.8404255319148937,0.8494623655913979,0.8315789473684211,0.7674418604651163,0.8048780487804879,0.7333333333333333,0.963855421686747,0.975609756097561,0.9523809523809523,1063
classification,MissForest,EnsembleSoft,0.2,1,4,0.8728234047138846,0.8636318947775945,1287,321,"{'Basal': 168, 'Her2': 179, 'LumA': 560, 'LumB': 380}","{'Basal': 41, 'Her2': 45, 'LumA': 140, 'LumB': 95}",4,False,0.9290780141843972,0.9225352112676056,0.9357142857142857,0.8775510204081632,0.8514851485148515,0.9052631578947369,0.7710843373493976,0.8421052631578947,0.7111111111111111,0.9135802469135802,0.925,0.9024390243902439,1063
classification,MissForest,EnsembleSoft,0.2,1,5,0.8522922999716249,0.8321912736386421,1287,321,"{'Basal': 167, 'Her2': 180, 'LumA': 560, 'LumB': 380}","{'Basal': 42, 'Her2': 44, 'LumA': 140, 'LumB': 95}",4,False,0.9023569023569024,0.8535031847133758,0.9571428571428572,0.8540540540540541,0.8777777777777778,0.8315789473684211,0.7160493827160493,0.7837837837837838,0.6590909090909091,0.9367088607594937,1.0,0.8809523809523809,1063
classification,SimpleMean,EnsembleSoft,0.2,2,1,0.8568211305627013,0.858406432748538,1286,322,"{'Basal': 167, 'Her2': 179, 'LumA': 560, 'LumB': 380}","{'Basal': 42, 'Her2': 45, 'LumA': 140, 'LumB': 95}",4,False,0.8996282527881041,0.937984496124031,0.8642857142857143,0.845771144278607,0.8018867924528302,0.8947368421052632,0.8247422680412371,0.7692307692307693,0.8888888888888888,0.8571428571428571,0.9428571428571428,0.7857142857142857,1064
classification,SimpleMean,EnsembleSoft,0.2,2,2,0.8869283648754196,0.8749582289055974,1286,322,"{'Basal': 167, 'Her2': 179, 'LumA': 560, 'LumB': 380}","{'Basal': 42, 'Her2': 45, 'LumA': 140, 'LumB': 95}",4,False,0.9355932203389831,0.8903225806451613,0.9857142857142858,0.8729281767955801,0.9186046511627907,0.8315789473684211,0.8235294117647058,0.875,0.7777777777777778,0.9156626506024096,0.926829268292683,0.9047619047619048,1064
classification,SimpleMean,EnsembleSoft,0.2,2,3,0.8686483980023305,0.8588868003341688,1286,322,"{'Basal': 167, 'Her2': 179, 'LumA': 560, 'LumB': 380}","{'Basal': 42, 'Her2': 45, 'LumA': 140, 'LumB': 95}",4,False,0.9020979020979021,0.8835616438356164,0.9214285714285714,0.8359788359788359,0.8404255319148937,0.8315789473684211,0.7865168539325843,0.7954545454545454,0.7777777777777778,0.95,1.0,0.9047619047619048,1064
classification,SimpleMean,EnsembleSoft,0.2,2,4,0.8690607645344077,0.8632997636367341,1287,321,"{'Basal': 168, 'Her2': 179, 'LumA': 560, 'LumB': 380}","{'Basal': 41, 'Her2': 45, 'LumA': 140, 'LumB': 95}",4,False,0.9202898550724637,0.9338235294117647,0.9071428571428571,0.8944723618090452,0.8557692307692307,0.9368421052631579,0.7640449438202247,0.7727272727272727,0.7555555555555555,0.8974358974358975,0.9459459459459459,0.8536585365853658,1064
classification,SimpleMean,EnsembleSoft,0.2,2,5,0.8825403563710139,0.8629898610161768,1287,321,"{'Basal': 167, 'Her2': 180, 'LumA': 560, 'LumB': 380}","{'Basal': 42, 'Her2': 44, 'LumA': 140, 'LumB': 95}",4,False,0.9128919860627178,0.891156462585034,0.9357142857142857,0.8571428571428571,0.8316831683168316,0.8842105263157894,0.810126582278481,0.9142857142857143,0.7272727272727273,0.95,1.0,0.9047619047619048,1064
classification,"KNN(k=5,dist)",EnsembleSoft,0.2,2,1,0.8437081218182602,0.8404970760233919,1286,322,"{'Basal': 167, 'Her2': 179, 'LumA': 560, 'LumB': 380}","{'Basal': 42, 'Her2': 45, 'LumA': 140, 'LumB': 95}",4,False,0.8937728937728938,0.9172932330827067,0.8714285714285714,0.8442211055276382,0.8076923076923077,0.8842105263157894,0.7835051546391752,0.7307692307692307,0.8444444444444444,0.8533333333333334,0.9696969696969697,0.7619047619047619,1064
classification,"KNN(k=5,dist)",EnsembleSoft,0.2,2,2,0.8956762310420847,0.8802213868003342,1286,322,"{'Basal': 167, 'Her2': 179, 'LumA': 560, 'LumB': 380}","{'Basal': 42, 'Her2': 45, 'LumA': 140, 'LumB': 95}",4,False,0.9324324324324325,0.8846153846153846,0.9857142857142858,0.8901098901098901,0.9310344827586207,0.8526315789473684,0.8333333333333334,0.8974358974358975,0.7777777777777778,0.926829268292683,0.95,0.9047619047619048,1064
classification,"KNN(k=5,dist)",EnsembleSoft,0.2,2,3,0.8826926812572846,0.874968671679198,1286,322,"{'Basal': 167, 'Her2': 179, 'LumA': 560, 'LumB': 380}","{'Basal': 42, 'Her2': 45, 'LumA': 140, 'LumB': 95}",4,False,0.911660777385159,0.9020979020979021,0.9214285714285714,0.8691099476439791,0.8645833333333334,0.8736842105263158,0.8,0.8,0.8,0.95,1.0,0.9047619047619048,1064
classification,"KNN(k=5,dist)",EnsembleSoft,0.2,2,4,0.8667713184494873,0.8658144344601341,1287,321,"{'Basal': 168, 'Her2': 179, 'LumA': 560, 'LumB': 380}","{'Basal': 41, 'Her2': 45, 'LumA': 140, 'LumB': 95}",4,False,0.9163636363636364,0.9333333333333333,0.9,0.8730964467005076,0.8431372549019608,0.9052631578947369,0.7640449438202247,0.7727272727272727,0.7555555555555555,0.9135802469135802,0.925,0.9024390243902439,1064
classification,"KNN(k=5,dist)",EnsembleSoft,0.2,2,5,0.8848367762506706,0.8591962861699705,1287,321,"{'Basal': 167, 'Her2': 180, 'LumA': 560, 'LumB': 380}","{'Basal': 42, 'Her2': 44, 'LumA': 140, 'LumB': 95}",4,False,0.9178082191780822,0.881578947368421,0.9571428571428572,0.8877551020408163,0.8613861386138614,0.9157894736842105,0.7837837837837838,0.9666666666666667,0.6590909090909091,0.95,1.0,0.9047619047619048,1064
classification,RFECA_SVR(k=5),EnsembleSoft,0.2,2,1,0.851702560124331,0.8520050125313283,1286,322,"{'Basal': 167, 'Her2': 179, 'LumA': 560, 'LumB': 380}","{'Basal': 42, 'Her2': 45, 'LumA': 140, 'LumB': 95}",4,False,0.8970588235294118,0.9242424242424242,0.8714285714285714,0.8484848484848485,0.8155339805825242,0.8842105263157894,0.8041237113402062,0.75,0.8666666666666667,0.8571428571428571,0.9428571428571428,0.7857142857142857,1064
classification,RFECA_SVR(k=5),EnsembleSoft,0.2,2,2,0.886188106510166,0.8724832915622389,1286,322,"{'Basal': 167, 'Her2': 179, 'LumA': 560, 'LumB': 380}","{'Basal': 42, 'Her2': 45, 'LumA': 140, 'LumB': 95}",4,False,0.9319727891156463,0.8896103896103896,0.9785714285714285,0.8852459016393442,0.9204545454545454,0.8526315789473684,0.813953488372093,0.8536585365853658,0.7777777777777778,0.9135802469135802,0.9487179487179487,0.8809523809523809,1064
classification,RFECA_SVR(k=5),EnsembleSoft,0.2,2,3,0.8825622223414316,0.8743629908103593,1286,322,"{'Basal': 167, 'Her2': 179, 'LumA': 560, 'LumB': 380}","{'Basal': 42, 'Her2': 45, 'LumA': 140, 'LumB': 95}",4,False,0.9097222222222222,0.8851351351351351,0.9357142857142857,0.8494623655913979,0.8681318681318682,0.8315789473684211,0.7954545454545454,0.813953488372093,0.7777777777777778,0.975609756097561,1.0,0.9523809523809523,1064
classification,RFECA_SVR(k=5),EnsembleSoft,0.2,2,4,0.8753473024671181,0.8734595635430038,1287,321,"{'Basal': 168, 'Her2': 179, 'LumA': 560, 'LumB': 380}","{'Basal': 41, 'Her2': 45, 'LumA': 140, 'LumB': 95}",4,False,0.9163636363636364,0.9333333333333333,0.9,0.8877551020408163,0.8613861386138614,0.9157894736842105,0.7741935483870968,0.75,0.8,0.9230769230769231,0.972972972972973,0.8780487804878049,1064
classification,RFECA_SVR(k=5),EnsembleSoft,0.2,2,5,0.8795903202910123,0.8596149464570517,1287,321,"{'Basal': 167, 'Her2': 180, 'LumA': 560, 'LumB': 380}","{'Basal': 42, 'Her2': 44, 'LumA': 140, 'LumB': 95}",4,False,0.9273356401384083,0.8993288590604027,0.9571428571428572,0.8717948717948718,0.85,0.8947368421052632,0.7692307692307693,0.8823529411764706,0.6818181818181818,0.95,1.0,0.9047619047619048,1064
classification,RFECA_SVR(k=10),EnsembleSoft,0.2,2,1,0.8592242030434832,0.8579573934837093,1286,322,"{'Basal': 167, 'Her2': 179, 'LumA': 560, 'LumB': 380}","{'Basal': 42, 'Her2': 45, 'LumA': 140, 'LumB': 95}",4,False,0.8970588235294118,0.9242424242424242,0.8714285714285714,0.8442211055276382,0.8076923076923077,0.8842105263157894,0.8125,0.7647058823529411,0.8666666666666667,0.8831168831168831,0.9714285714285714,0.8095238095238095,1064
classification,RFECA_SVR(k=10),EnsembleSoft,0.2,2,2,0.8877482417187466,0.8749582289055974,1286,322,"{'Basal': 167, 'Her2': 179, 'LumA': 560, 'LumB': 380}","{'Basal': 42, 'Her2': 45, 'LumA': 140, 'LumB': 95}",4,False,0.9324324324324325,0.8846153846153846,0.9857142857142858,0.8777777777777778,0.9294117647058824,0.8315789473684211,0.813953488372093,0.8536585365853658,0.7777777777777778,0.926829268292683,0.95,0.9047619047619048,1064
classification,RFECA_SVR(k=10),EnsembleSoft,0.2,2,3,0.8761269850100853,0.8682539682539683,1286,322,"{'Basal': 167, 'Her2': 179, 'LumA': 560, 'LumB': 380}","{'Basal': 42, 'Her2': 45, 'LumA': 140, 'LumB': 95}",4,False,0.9072164948453608,0.8741721854304636,0.9428571428571428,0.8351648351648352,0.8735632183908046,0.8,0.7865168539325843,0.7954545454545454,0.7777777777777778,0.975609756097561,1.0,0.9523809523809523,1064
classification,RFECA_SVR(k=10),EnsembleSoft,0.2,2,4,0.8777056837227644,0.8757872832487723,1287,321,"{'Basal': 168, 'Her2': 179, 'LumA': 560, 'LumB': 380}","{'Basal': 41, 'Her2': 45, 'LumA': 140, 'LumB': 95}",4,False,0.9202898550724637,0.9338235294117647,0.9071428571428571,0.8877551020408163,0.8613861386138614,0.9157894736842105,0.7777777777777778,0.7777777777777778,0.7777777777777778,0.925,0.9487179487179487,0.9024390243902439,1064
classification,RFECA_SVR(k=10),EnsembleSoft,0.2,2,5,0.8702012088257762,0.8495158350421508,1287,321,"{'Basal': 167, 'Her2': 180, 'LumA': 560, 'LumB': 380}","{'Basal': 42, 'Her2': 44, 'LumA': 140, 'LumB': 95}",4,False,0.9204152249134948,0.8926174496644296,0.95,0.8571428571428571,0.8316831683168316,0.8842105263157894,0.7532467532467533,0.8787878787878788,0.6590909090909091,0.95,1.0,0.9047619047619048,1064
classification,RFECA_SVR(k=20),EnsembleSoft,0.2,2,1,0.8588332043343654,0.856422305764411,1286,322,"{'Basal': 167, 'Her2': 179, 'LumA': 560, 'LumB': 380}","{'Basal': 42, 'Her2': 45, 'LumA': 140, 'LumB': 95}",4,False,0.9044117647058824,0.9318181818181818,0.8785714285714286,0.85,0.8095238095238095,0.8947368421052632,0.8125,0.7647058823529411,0.8666666666666667,0.868421052631579,0.9705882352941176,0.7857142857142857,1064
classification,RFECA_SVR(k=20),EnsembleSoft,0.2,2,2,0.8938186262433034,0.8793755221386801,1286,322,"{'Basal': 167, 'Her2': 179, 'LumA': 560, 'LumB': 380}","{'Basal': 42, 'Her2': 45, 'LumA': 140, 'LumB': 95}",4,False,0.936026936026936,0.8853503184713376,0.9928571428571429,0.8888888888888888,0.9411764705882353,0.8421052631578947,0.8235294117647058,0.875,0.7777777777777778,0.926829268292683,0.95,0.9047619047619048,1064
classification,RFECA_SVR(k=20),EnsembleSoft,0.2,2,3,0.8884793301747521,0.878780284043442,1286,322,"{'Basal': 167, 'Her2': 179, 'LumA': 560, 'LumB': 380}","{'Basal': 42, 'Her2': 45, 'LumA': 140, 'LumB': 95}",4,False,0.9134948096885813,0.8859060402684564,0.9428571428571428,0.8602150537634409,0.8791208791208791,0.8421052631578947,0.8045977011494253,0.8333333333333334,0.7777777777777778,0.975609756097561,1.0,0.9523809523809523,1064
classification,RFECA_SVR(k=20),EnsembleSoft,0.2,2,4,0.8669751382062939,0.866118293701734,1287,321,"{'Basal': 168, 'Her2': 179, 'LumA': 560, 'LumB': 380}","{'Basal': 41, 'Her2': 45, 'LumA': 140, 'LumB': 95}",4,False,0.9157509157509157,0.9398496240601504,0.8928571428571429,0.8743718592964824,0.8365384615384616,0.9157894736842105,0.7777777777777778,0.7777777777777778,0.7777777777777778,0.9,0.9230769230769231,0.8780487804878049,1064
classification,RFECA_SVR(k=20),EnsembleSoft,0.2,2,5,0.8630533759060617,0.8412024379129642,1287,321,"{'Basal': 167, 'Her2': 180, 'LumA': 560, 'LumB': 380}","{'Basal': 42, 'Her2': 44, 'LumA': 140, 'LumB': 95}",4,False,0.9140893470790378,0.8807947019867549,0.95,0.8512820512820513,0.83,0.8736842105263158,0.7368421052631579,0.875,0.6363636363636364,0.95,1.0,0.9047619047619048,1064
classification,MissForest,EnsembleSoft,0.2,2,1,0.862642814075229,0.858406432748538,1286,322,"{'Basal': 167, 'Her2': 179, 'LumA': 560, 'LumB': 380}","{'Basal': 42, 'Her2': 45, 'LumA': 140, 'LumB': 95}",4,False,0.9136690647482014,0.9202898550724637,0.9071428571428571,0.8717948717948718,0.85,0.8947368421052632,0.8043478260869565,0.7872340425531915,0.8222222222222222,0.8607594936708861,0.918918918918919,0.8095238095238095,1064
classification,MissForest,EnsembleSoft,0.2,2,2,0.8889457438620192,0.8762009189640768,1286,322,"{'Basal': 167, 'Her2': 179, 'LumA': 560, 'LumB': 380}","{'Basal': 42, 'Her2': 45, 'LumA': 140, 'LumB': 95}",4,False,0.9288135593220339,0.8838709677419355,0.9785714285714285,0.8791208791208791,0.9195402298850575,0.8421052631578947,0.8192771084337349,0.8947368421052632,0.7555555555555555,0.9285714285714286,0.9285714285714286,0.9285714285714286,1064
classification,MissForest,EnsembleSoft,0.2,2,3,0.8879617368465039,0.8818609022556392,1286,322,"{'Basal': 167, 'Her2': 179, 'LumA': 560, 'LumB': 380}","{'Basal': 42, 'Her2': 45, 'LumA': 140, 'LumB': 95}",4,False,0.9192982456140351,0.903448275862069,0.9357142857142857,0.8723404255319149,0.8817204301075269,0.8631578947368421,0.8089887640449438,0.8181818181818182,0.8,0.9512195121951219,0.975,0.9285714285714286,1064
classification,MissForest,EnsembleSoft,0.2,2,4,0.8752782526284135,0.8714754365588768,1287,321,"{'Basal': 168, 'Her2': 179, 'LumA': 560, 'LumB': 380}","{'Basal': 41, 'Her2': 45, 'LumA': 140, 'LumB': 95}",4,False,0.924187725631769,0.9343065693430657,0.9142857142857143,0.8877551020408163,0.8613861386138614,0.9157894736842105,0.7777777777777778,0.7777777777777778,0.7777777777777778,0.9113924050632911,0.9473684210526315,0.8780487804878049,1064
classification,MissForest,EnsembleSoft,0.2,2,5,0.880066652329381,0.8586750968329916,1287,321,"{'Basal': 167, 'Her2': 180, 'LumA': 560, 'LumB': 380}","{'Basal': 42, 'Her2': 44, 'LumA': 140, 'LumB': 95}",4,False,0.9134948096885813,0.8859060402684564,0.9428571428571428,0.8775510204081632,0.8514851485148515,0.9052631578947369,0.7792207792207793,0.9090909090909091,0.6818181818181818,0.95,1.0,0.9047619047619048,1064
classification,SimpleMean,EnsembleSoft,0.2,3,1,0.8502238257319537,0.8498329156223894,1286,322,"{'Basal': 167, 'Her2': 179, 'LumA': 560, 'LumB': 380}","{'Basal': 42, 'Her2': 45, 'LumA': 140, 'LumB': 95}",4,False,0.8905660377358491,0.944,0.8428571428571429,0.8502415458937198,0.7857142857142857,0.9263157894736842,0.7916666666666666,0.7450980392156863,0.8444444444444444,0.868421052631579,0.9705882352941176,0.7857142857142857,1065
classification,SimpleMean,EnsembleSoft,0.2,3,2,0.8770322012700061,0.8569548872180451,1286,322,"{'Basal': 167, 'Her2': 179, 'LumA': 560, 'LumB': 380}","{'Basal': 42, 'Her2': 45, 'LumA': 140, 'LumB': 95}",4,False,0.9158249158249159,0.8662420382165605,0.9714285714285714,0.8648648648648649,0.8888888888888888,0.8421052631578947,0.825,0.9428571428571428,0.7333333333333333,0.9024390243902439,0.925,0.8809523809523809,1065
classification,SimpleMean,EnsembleSoft,0.2,3,3,0.8667537828528541,0.8632936507936508,1286,322,"{'Basal': 167, 'Her2': 179, 'LumA': 560, 'LumB': 380}","{'Basal': 42, 'Her2': 45, 'LumA': 140, 'LumB': 95}",4,False,0.9052631578947369,0.8896551724137931,0.9214285714285714,0.8128342245989305,0.8260869565217391,0.8,0.7727272727272727,0.7906976744186046,0.7555555555555555,0.9761904761904762,0.9761904761904762,0.9761904761904762,1065
classification,SimpleMean,EnsembleSoft,0.2,3,4,0.8570437637510808,0.8527505246856979,1287,321,"{'Basal': 168, 'Her2': 179, 'LumA': 560, 'LumB': 380}","{'Basal': 41, 'Her2': 45, 'LumA': 140, 'LumB': 95}",4,False,0.8989547038327527,0.8775510204081632,0.9214285714285714,0.8540540540540541,0.8777777777777778,0.8315789473684211,0.7727272727272727,0.7906976744186046,0.7555555555555555,0.9024390243902439,0.9024390243902439,0.9024390243902439,1065
classification,SimpleMean,EnsembleSoft,0.2,3,5,0.8637398923715982,0.8460925039872409,1287,321,"{'Basal': 167, 'Her2': 180, 'LumA': 560, 'LumB': 380}","{'Basal': 42, 'Her2': 44, 'LumA': 140, 'LumB': 95}",4,False,0.916083916083916,0.8972602739726028,0.9357142857142857,0.8367346938775511,0.8118811881188119,0.8631578947368421,0.7654320987654321,0.8378378378378378,0.7045454545454546,0.9367088607594937,1.0,0.8809523809523809,1065
classification,"KNN(k=5,dist)",EnsembleSoft,0.2,3,1,0.8547593676165106,0.8531015037593985,1286,322,"{'Basal': 167, 'Her2': 179, 'LumA': 560, 'LumB': 380}","{'Basal': 42, 'Her2': 45, 'LumA': 140, 'LumB': 95}",4,False,0.9010989010989011,0.924812030075188,0.8785714285714286,0.8686868686868687,0.8349514563106796,0.9052631578947369,0.7959183673469388,0.7358490566037735,0.8666666666666667,0.8533333333333334,0.9696969696969697,0.7619047619047619,1065
classification,"KNN(k=5,dist)",EnsembleSoft,0.2,3,2,0.8889912288907322,0.8716374269005848,1286,322,"{'Basal': 167, 'Her2': 179, 'LumA': 560, 'LumB': 380}","{'Basal': 42, 'Her2': 45, 'LumA': 140, 'LumB': 95}",4,False,0.9261744966442953,0.8734177215189873,0.9857142857142858,0.8839779005524862,0.9302325581395349,0.8421052631578947,0.8433734939759037,0.9210526315789473,0.7777777777777778,0.9024390243902439,0.925,0.8809523809523809,1065
classification,"KNN(k=5,dist)",EnsembleSoft,0.2,3,3,0.8729895082888497,0.8684106098579784,1286,322,"{'Basal': 167, 'Her2': 179, 'LumA': 560, 'LumB': 380}","{'Basal': 42, 'Her2': 45, 'LumA': 140, 'LumB': 95}",4,False,0.9225352112676056,0.9097222222222222,0.9357142857142857,0.8404255319148937,0.8494623655913979,0.8315789473684211,0.7777777777777778,0.7777777777777778,0.7777777777777778,0.9512195121951219,0.975,0.9285714285714286,1065
classification,"KNN(k=5,dist)",EnsembleSoft,0.2,3,4,0.8741001735134456,0.8697722456547874,1287,321,"{'Basal': 168, 'Her2': 179, 'LumA': 560, 'LumB': 380}","{'Basal': 41, 'Her2': 45, 'LumA': 140, 'LumB': 95}",4,False,0.9192982456140351,0.903448275862069,0.9357142857142857,0.8770053475935828,0.8913043478260869,0.8631578947368421,0.7865168539325843,0.7954545454545454,0.7777777777777778,0.9135802469135802,0.925,0.9024390243902439,1065
classification,"KNN(k=5,dist)",EnsembleSoft,0.2,3,5,0.8611074789829056,0.8389895192526771,1287,321,"{'Basal': 167, 'Her2': 180, 'LumA': 560, 'LumB': 380}","{'Basal': 42, 'Her2': 44, 'LumA': 140, 'LumB': 95}",4,False,0.9078498293515358,0.869281045751634,0.95,0.8333333333333334,0.8247422680412371,0.8421052631578947,0.7532467532467533,0.8787878787878788,0.6590909090909091,0.95,1.0,0.9047619047619048,1065
classification,RFECA_SVR(k=5),EnsembleSoft,0.2,3,1,0.8387965150357688,0.8377715121136174,1286,322,"{'Basal': 167, 'Her2': 179, 'LumA': 560, 'LumB': 380}","{'Basal': 42, 'Her2': 45, 'LumA': 140, 'LumB': 95}",4,False,0.8847583643122676,0.9224806201550387,0.85,0.8415841584158416,0.794392523364486,0.8947368421052632,0.7755102040816326,0.7169811320754716,0.8444444444444444,0.8533333333333334,0.9696969696969697,0.7619047619047619,1065
classification,RFECA_SVR(k=5),EnsembleSoft,0.2,3,2,0.8741307338976705,0.8569548872180451,1286,322,"{'Basal': 167, 'Her2': 179, 'LumA': 560, 'LumB': 380}","{'Basal': 42, 'Her2': 45, 'LumA': 140, 'LumB': 95}",4,False,0.9158249158249159,0.8662420382165605,0.9714285714285714,0.8743169398907104,0.9090909090909091,0.8421052631578947,0.8148148148148148,0.9166666666666666,0.7333333333333333,0.891566265060241,0.9024390243902439,0.8809523809523809,1065
classification,RFECA_SVR(k=5),EnsembleSoft,0.2,3,3,0.866981634564466,0.8609126984126985,1286,322,"{'Basal': 167, 'Her2': 179, 'LumA': 560, 'LumB': 380}","{'Basal': 42, 'Her2': 45, 'LumA': 140, 'LumB': 95}",4,False,0.9097222222222222,0.8851351351351351,0.9357142857142857,0.8216216216216217,0.8444444444444444,0.8,0.7727272727272727,0.7906976744186046,0.7555555555555555,0.963855421686747,0.975609756097561,0.9523809523809523,1065
classification,RFECA_SVR(k=5),EnsembleSoft,0.2,3,4,0.867185101931337,0.8604353872486094,1287,321,"{'Basal': 168, 'Her2': 179, 'LumA': 560, 'LumB': 380}","{'Basal': 41, 'Her2': 45, 'LumA': 140, 'LumB': 95}",4,False,0.9204152249134948,0.8926174496644296,0.95,0.8540540540540541,0.8777777777777778,0.8315789473684211,0.7674418604651163,0.8048780487804879,0.7333333333333333,0.926829268292683,0.926829268292683,0.926829268292683,1065
classification,RFECA_SVR(k=5),EnsembleSoft,0.2,3,5,0.8833428338671463,0.8657154249259513,1287,321,"{'Basal': 167, 'Her2': 180, 'LumA': 560, 'LumB': 380}","{'Basal': 42, 'Her2': 44, 'LumA': 140, 'LumB': 95}",4,False,0.9241379310344827,0.8933333333333333,0.9571428571428572,0.8691099476439791,0.8645833333333334,0.8736842105263158,0.7901234567901234,0.8648648648648649,0.7272727272727273,0.95,1.0,0.9047619047619048,1065
classification,RFECA_SVR(k=10),EnsembleSoft,0.2,3,1,0.8322279081840769,0.8333542188805347,1286,322,"{'Basal': 167, 'Her2': 179, 'LumA': 560, 'LumB': 380}","{'Basal': 42, 'Her2': 45, 'LumA': 140, 'LumB': 95}",4,False,0.8838951310861424,0.9291338582677166,0.8428571428571429,0.8316831683168316,0.7850467289719626,0.8842105263157894,0.76,0.6909090909090909,0.8444444444444444,0.8533333333333334,0.9696969696969697,0.7619047619047619,1065
classification,RFECA_SVR(k=10),EnsembleSoft,0.2,3,2,0.886561537001361,0.8687134502923977,1286,322,"{'Basal': 167, 'Her2': 179, 'LumA': 560, 'LumB': 380}","{'Basal': 42, 'Her2': 45, 'LumA': 140, 'LumB': 95}",4,False,0.9292929292929293,0.8789808917197452,0.9857142857142858,0.8852459016393442,0.9204545454545454,0.8526315789473684,0.8292682926829268,0.918918918918919,0.7555555555555555,0.9024390243902439,0.925,0.8809523809523809,1065
classification,RFECA_SVR(k=10),EnsembleSoft,0.2,3,3,0.8787098137994864,0.8705931495405179,1286,322,"{'Basal': 167, 'Her2': 179, 'LumA': 560, 'LumB': 380}","{'Basal': 42, 'Her2': 45, 'LumA': 140, 'LumB': 95}",4,False,0.9198606271777003,0.8979591836734694,0.9428571428571428,0.8404255319148937,0.8494623655913979,0.8315789473684211,0.7906976744186046,0.8292682926829268,0.7555555555555555,0.963855421686747,0.975609756097561,0.9523809523809523,1065
classification,RFECA_SVR(k=10),EnsembleSoft,0.2,3,4,0.8677354504697251,0.8661893555025776,1287,321,"{'Basal': 168, 'Her2': 179, 'LumA': 560, 'LumB': 380}","{'Basal': 41, 'Her2': 45, 'LumA': 140, 'LumB': 95}",4,False,0.9122807017543859,0.896551724137931,0.9285714285714286,0.8540540540540541,0.8777777777777778,0.8315789473684211,0.7777777777777778,0.7777777777777778,0.7777777777777778,0.926829268292683,0.926829268292683,0.926829268292683,1065
classification,RFECA_SVR(k=10),EnsembleSoft,0.2,3,5,0.8747627101718719,0.8602016404647983,1287,321,"{'Basal': 167, 'Her2': 180, 'LumA': 560, 'LumB': 380}","{'Basal': 42, 'Her2': 44, 'LumA': 140, 'LumB': 95}",4,False,0.9134948096885813,0.8859060402684564,0.9428571428571428,0.8421052631578947,0.8421052631578947,0.8421052631578947,0.7804878048780488,0.8421052631578947,0.7272727272727273,0.9629629629629629,1.0,0.9285714285714286,1065
classification,RFECA_SVR(k=20),EnsembleSoft,0.2,3,1,0.8433235711630864,0.8441729323308271,1286,322,"{'Basal': 167, 'Her2': 179, 'LumA': 560, 'LumB': 380}","{'Basal': 42, 'Her2': 45, 'LumA': 140, 'LumB': 95}",4,False,0.8805970149253731,0.921875,0.8428571428571429,0.8514851485148515,0.8037383177570093,0.9052631578947369,0.7878787878787878,0.7222222222222222,0.8666666666666667,0.8533333333333334,0.9696969696969697,0.7619047619047619,1065
classification,RFECA_SVR(k=20),EnsembleSoft,0.2,3,2,0.8887555542370067,0.8722326649958229,1286,322,"{'Basal': 167, 'Her2': 179, 'LumA': 560, 'LumB': 380}","{'Basal': 42, 'Her2': 45, 'LumA': 140, 'LumB': 95}",4,False,0.9152542372881356,0.8709677419354839,0.9642857142857143,0.8695652173913043,0.898876404494382,0.8421052631578947,0.8433734939759037,0.9210526315789473,0.7777777777777778,0.926829268292683,0.95,0.9047619047619048,1065
classification,RFECA_SVR(k=20),EnsembleSoft,0.2,3,3,0.8743626743626745,0.8670217209690894,1286,322,"{'Basal': 167, 'Her2': 179, 'LumA': 560, 'LumB': 380}","{'Basal': 42, 'Her2': 45, 'LumA': 140, 'LumB': 95}",4,False,0.9090909090909091,0.8904109589041096,0.9285714285714286,0.8359788359788359,0.8404255319148937,0.8315789473684211,0.8,0.85,0.7555555555555555,0.9523809523809523,0.9523809523809523,0.9523809523809523,1065
classification,RFECA_SVR(k=20),EnsembleSoft,0.2,3,4,0.8721603890251315,0.8689263809931332,1287,321,"{'Basal': 168, 'Her2': 179, 'LumA': 560, 'LumB': 380}","{'Basal': 41, 'Her2': 45, 'LumA': 140, 'LumB': 95}",4,False,0.9263157894736842,0.9103448275862069,0.9428571428571428,0.8709677419354839,0.8901098901098901,0.8526315789473684,0.7777777777777778,0.7777777777777778,0.7777777777777778,0.9135802469135802,0.925,0.9024390243902439,1065
classification,RFECA_SVR(k=20),EnsembleSoft,0.2,3,5,0.8914591729034733,0.8740288220551379,1287,321,"{'Basal': 167, 'Her2': 180, 'LumA': 560, 'LumB': 380}","{'Basal': 42, 'Her2': 44, 'LumA': 140, 'LumB': 95}",4,False,0.9305555555555556,0.9054054054054054,0.9571428571428572,0.8704663212435233,0.8571428571428571,0.8842105263157894,0.8148148148148148,0.8918918918918919,0.75,0.95,1.0,0.9047619047619048,1065
classification,MissForest,EnsembleSoft,0.2,3,1,0.8526580330624713,0.8513157894736842,1286,322,"{'Basal': 167, 'Her2': 179, 'LumA': 560, 'LumB': 380}","{'Basal': 42, 'Her2': 45, 'LumA': 140, 'LumB': 95}",4,False,0.8970588235294118,0.9242424242424242,0.8714285714285714,0.864321608040201,0.8269230769230769,0.9052631578947369,0.7959183673469388,0.7358490566037735,0.8666666666666667,0.8533333333333334,0.9696969696969697,0.7619047619047619,1065
classification,MissForest,EnsembleSoft,0.2,3,2,0.8770618665591399,0.8609753550543024,1286,322,"{'Basal': 167, 'Her2': 179, 'LumA': 560, 'LumB': 380}","{'Basal': 42, 'Her2': 45, 'LumA': 140, 'LumB': 95}",4,False,0.9256756756756757,0.8782051282051282,0.9785714285714285,0.8852459016393442,0.9204545454545454,0.8526315789473684,0.8192771084337349,0.8947368421052632,0.7555555555555555,0.8780487804878049,0.9,0.8571428571428571,1065
classification,MissForest,EnsembleSoft,0.2,3,3,0.8902971205904368,0.8840434419381789,1286,322,"{'Basal': 167, 'Her2': 179, 'LumA': 560, 'LumB': 380}","{'Basal': 42, 'Her2': 45, 'LumA': 140, 'LumB': 95}",4,False,0.9295774647887324,0.9166666666666666,0.9428571428571428,0.8631578947368421,0.8631578947368421,0.8631578947368421,0.8045977011494253,0.8333333333333334,0.7777777777777778,0.963855421686747,0.975609756097561,0.9523809523809523,1065
classification,MissForest,EnsembleSoft,0.2,3,4,0.8767736696751453,0.8720999653605559,1287,321,"{'Basal': 168, 'Her2': 179, 'LumA': 560, 'LumB': 380}","{'Basal': 41, 'Her2': 45, 'LumA': 140, 'LumB': 95}",4,False,0.9263157894736842,0.9103448275862069,0.9428571428571428,0.8723404255319149,0.8817204301075269,0.8631578947368421,0.7816091954022989,0.8095238095238095,0.7555555555555555,0.926829268292683,0.926829268292683,0.926829268292683,1065
classification,MissForest,EnsembleSoft,0.2,3,5,0.868885857510425,0.8495158350421508,1287,321,"{'Basal': 167, 'Her2': 180, 'LumA': 560, 'LumB': 380}","{'Basal': 42, 'Her2': 44, 'LumA': 140, 'LumB': 95}",4,False,0.9204152249134948,0.8926174496644296,0.95,0.8615384615384616,0.84,0.8842105263157894,0.7435897435897436,0.8529411764705882,0.6590909090909091,0.95,1.0,0.9047619047619048,1065
classification,SimpleMean,EnsembleSoft,0.2,4,1,0.8695955443013875,0.8677422723475354,1286,322,"{'Basal': 167, 'Her2': 179, 'LumA': 560, 'LumB': 380}","{'Basal': 42, 'Her2': 45, 'LumA': 140, 'LumB': 95}",4,False,0.9111111111111111,0.9461538461538461,0.8785714285714286,0.8768472906403941,0.8240740740740741,0.9368421052631579,0.8043478260869565,0.7872340425531915,0.8222222222222222,0.8860759493670886,0.9459459459459459,0.8333333333333334,1066
classification,SimpleMean,EnsembleSoft,0.2,4,2,0.8921502662219762,0.8828947368421053,1286,322,"{'Basal': 167, 'Her2': 179, 'LumA': 560, 'LumB': 380}","{'Basal': 42, 'Her2': 45, 'LumA': 140, 'LumB': 95}",4,False,0.9283276450511946,0.8888888888888888,0.9714285714285714,0.8729281767955801,0.9186046511627907,0.8315789473684211,0.8275862068965517,0.8571428571428571,0.8,0.9397590361445783,0.9512195121951219,0.9285714285714286,1066
classification,SimpleMean,EnsembleSoft,0.2,4,3,0.8738239223941494,0.8652360066833751,1286,322,"{'Basal': 167, 'Her2': 179, 'LumA': 560, 'LumB': 380}","{'Basal': 42, 'Her2': 45, 'LumA': 140, 'LumB': 95}",4,False,0.9020979020979021,0.8835616438356164,0.9214285714285714,0.8359788359788359,0.8404255319148937,0.8315789473684211,0.7816091954022989,0.8095238095238095,0.7555555555555555,0.975609756097561,1.0,0.9523809523809523,1066
classification,SimpleMean,EnsembleSoft,0.2,4,4,0.8638505424088696,0.8573119791348289,1287,321,"{'Basal': 168, 'Her2': 179, 'LumA': 560, 'LumB': 380}","{'Basal': 41, 'Her2': 45, 'LumA': 140, 'LumB': 95}",4,False,0.8951048951048951,0.8767123287671232,0.9142857142857143,0.8617021276595744,0.8709677419354839,0.8526315789473684,0.735632183908046,0.7619047619047619,0.7111111111111111,0.9629629629629629,0.975,0.9512195121951219,1066
classification,SimpleMean,EnsembleSoft,0.2,4,5,0.846033076924826,0.8270847573479152,1287,321,"{'Basal': 167, 'Her2': 180, 'LumA': 560, 'LumB': 380}","{'Basal': 42, 'Her2': 44, 'LumA': 140, 'LumB': 95}",4,False,0.9078498293515358,0.869281045751634,0.95,0.8421052631578947,0.8421052631578947,0.8421052631578947,0.7341772151898734,0.8285714285714286,0.6590909090909091,0.9,0.9473684210526315,0.8571428571428571,1066
classification,"KNN(k=5,dist)",EnsembleSoft,0.2,4,1,0.8707065993739352,0.8702694235588972,1286,322,"{'Basal': 167, 'Her2': 179, 'LumA': 560, 'LumB': 380}","{'Basal': 42, 'Her2': 45, 'LumA': 140, 'LumB': 95}",4,False,0.9077490774907749,0.9389312977099237,0.8785714285714286,0.8844221105527639,0.8461538461538461,0.9263157894736842,0.7959183673469388,0.7358490566037735,0.8666666666666667,0.8947368421052632,1.0,0.8095238095238095,1066
classification,"KNN(k=5,dist)",EnsembleSoft,0.2,4,2,0.9068039463260051,0.8965434419381788,1286,322,"{'Basal': 167, 'Her2': 179, 'LumA': 560, 'LumB': 380}","{'Basal': 42, 'Her2': 45, 'LumA': 140, 'LumB': 95}",4,False,0.9236111111111112,0.8986486486486487,0.95,0.8770053475935828,0.8913043478260869,0.8631578947368421,0.8636363636363636,0.8837209302325582,0.8444444444444444,0.9629629629629629,1.0,0.9285714285714286,1066
classification,"KNN(k=5,dist)",EnsembleSoft,0.2,4,3,0.8762369503911597,0.8707915622389306,1286,322,"{'Basal': 167, 'Her2': 179, 'LumA': 560, 'LumB': 380}","{'Basal': 42, 'Her2': 45, 'LumA': 140, 'LumB': 95}",4,False,0.9020979020979021,0.8835616438356164,0.9214285714285714,0.8494623655913979,0.8681318681318682,0.8315789473684211,0.7777777777777778,0.7777777777777778,0.7777777777777778,0.975609756097561,1.0,0.9523809523809523,1066
classification,"KNN(k=5,dist)",EnsembleSoft,0.2,4,4,0.8657086098979929,0.8614483362878742,1287,321,"{'Basal': 168, 'Her2': 179, 'LumA': 560, 'LumB': 380}","{'Basal': 41, 'Her2': 45, 'LumA': 140, 'LumB': 95}",4,False,0.9142857142857143,0.9142857142857143,0.9142857142857143,0.8923076923076924,0.87,0.9157894736842105,0.7294117647058823,0.775,0.6888888888888889,0.926829268292683,0.926829268292683,0.926829268292683,1066
classification,"KNN(k=5,dist)",EnsembleSoft,0.2,4,5,0.8568760965678197,0.8378816359079517,1287,321,"{'Basal': 167, 'Her2': 180, 'LumA': 560, 'LumB': 380}","{'Basal': 42, 'Her2': 44, 'LumA': 140, 'LumB': 95}",4,False,0.9140893470790378,0.8807947019867549,0.95,0.8704663212435233,0.8571428571428571,0.8842105263157894,0.717948717948718,0.8235294117647058,0.6363636363636364,0.925,0.9736842105263158,0.8809523809523809,1066
classification,RFECA_SVR(k=5),EnsembleSoft,0.2,4,1,0.8415990024222505,0.8394632414369256,1286,322,"{'Basal': 167, 'Her2': 179, 'LumA': 560, 'LumB': 380}","{'Basal': 42, 'Her2': 45, 'LumA': 140, 'LumB': 95}",4,False,0.9044117647058824,0.9318181818181818,0.8785714285714286,0.8656716417910447,0.8207547169811321,0.9157894736842105,0.7608695652173914,0.7446808510638298,0.7777777777777778,0.8354430379746836,0.8918918918918919,0.7857142857142857,1066
classification,RFECA_SVR(k=5),EnsembleSoft,0.2,4,2,0.9101486160932105,0.9012531328320802,1286,322,"{'Basal': 167, 'Her2': 179, 'LumA': 560, 'LumB': 380}","{'Basal': 42, 'Her2': 45, 'LumA': 140, 'LumB': 95}",4,False,0.9273356401384083,0.8993288590604027,0.9571428571428572,0.8756756756756757,0.9,0.8526315789473684,0.8863636363636364,0.9069767441860465,0.8666666666666667,0.9512195121951219,0.975,0.9285714285714286,1066
classification,RFECA_SVR(k=5),EnsembleSoft,0.2,4,3,0.8924363375582888,0.8881056808688388,1286,322,"{'Basal': 167, 'Her2': 179, 'LumA': 560, 'LumB': 380}","{'Basal': 42, 'Her2': 45, 'LumA': 140, 'LumB': 95}",4,False,0.916083916083916,0.8972602739726028,0.9357142857142857,0.8648648648648649,0.8888888888888888,0.8421052631578947,0.8131868131868132,0.8043478260869565,0.8222222222222222,0.975609756097561,1.0,0.9523809523809523,1066
classification,RFECA_SVR(k=5),EnsembleSoft,0.2,4,4,0.8760264178876334,0.86794374146749,1287,321,"{'Basal': 168, 'Her2': 179, 'LumA': 560, 'LumB': 380}","{'Basal': 41, 'Her2': 45, 'LumA': 140, 'LumB': 95}",4,False,0.9187279151943463,0.9090909090909091,0.9285714285714286,0.8911917098445595,0.8775510204081632,0.9052631578947369,0.7441860465116279,0.7804878048780488,0.7111111111111111,0.95,0.9743589743589743,0.926829268292683,1066
classification,RFECA_SVR(k=5),EnsembleSoft,0.2,4,5,0.8666359012581462,0.8447738664843928,1287,321,"{'Basal': 167, 'Her2': 180, 'LumA': 560, 'LumB': 380}","{'Basal': 42, 'Her2': 44, 'LumA': 140, 'LumB': 95}",4,False,0.9215017064846417,0.8823529411764706,0.9642857142857143,0.8601036269430051,0.8469387755102041,0.8736842105263158,0.7466666666666667,0.9032258064516129,0.6363636363636364,0.9382716049382716,0.9743589743589743,0.9047619047619048,1066
classification,RFECA_SVR(k=10),EnsembleSoft,0.2,4,1,0.8695569464033696,0.868483709273183,1286,322,"{'Basal': 167, 'Her2': 179, 'LumA': 560, 'LumB': 380}","{'Basal': 42, 'Her2': 45, 'LumA': 140, 'LumB': 95}",4,False,0.9070631970260223,0.9457364341085271,0.8714285714285714,0.8669950738916257,0.8148148148148148,0.9263157894736842,0.8210526315789474,0.78,0.8666666666666667,0.8831168831168831,0.9714285714285714,0.8095238095238095,1066
classification,RFECA_SVR(k=10),EnsembleSoft,0.2,4,2,0.8970812321397762,0.8866645781119465,1286,322,"{'Basal': 167, 'Her2': 179, 'LumA': 560, 'LumB': 380}","{'Basal': 42, 'Her2': 45, 'LumA': 140, 'LumB': 95}",4,False,0.9278350515463918,0.8940397350993378,0.9642857142857143,0.8586956521739131,0.8876404494382022,0.8315789473684211,0.8505747126436781,0.8809523809523809,0.8222222222222222,0.9512195121951219,0.975,0.9285714285714286,1066
classification,RFECA_SVR(k=10),EnsembleSoft,0.2,4,3,0.877299154626286,0.8704887218045113,1286,322,"{'Basal': 167, 'Her2': 179, 'LumA': 560, 'LumB': 380}","{'Basal': 42, 'Her2': 45, 'LumA': 140, 'LumB': 95}",4,False,0.9134948096885813,0.8859060402684564,0.9428571428571428,0.8415300546448088,0.875,0.8105263157894737,0.7912087912087912,0.782608695652174,0.8,0.9629629629629629,1.0,0.9285714285714286,1066
classification,RFECA_SVR(k=10),EnsembleSoft,0.2,4,4,0.8854798830616796,0.8782204494977282,1287,321,"{'Basal': 168, 'Her2': 179, 'LumA': 560, 'LumB': 380}","{'Basal': 41, 'Her2': 45, 'LumA': 140, 'LumB': 95}",4,False,0.9252669039145908,0.9219858156028369,0.9285714285714286,0.9072164948453608,0.8888888888888888,0.9263157894736842,0.7727272727272727,0.7906976744186046,0.7555555555555555,0.9367088607594937,0.9736842105263158,0.9024390243902439,1066
classification,RFECA_SVR(k=10),EnsembleSoft,0.2,4,5,0.8702287414611072,0.8479807473228527,1287,321,"{'Basal': 167, 'Her2': 180, 'LumA': 560, 'LumB': 380}","{'Basal': 42, 'Her2': 44, 'LumA': 140, 'LumB': 95}",4,False,0.9209621993127147,0.8874172185430463,0.9571428571428572,0.8717948717948718,0.85,0.8947368421052632,0.7631578947368421,0.90625,0.6590909090909091,0.925,0.9736842105263158,0.8809523809523809,1066
classification,RFECA_SVR(k=20),EnsembleSoft,0.2,4,1,0.8719659686273983,0.8718045112781956,1286,322,"{'Basal': 167, 'Her2': 179, 'LumA': 560, 'LumB': 380}","{'Basal': 42, 'Her2': 45, 'LumA': 140, 'LumB': 95}",4,False,0.9037037037037037,0.9384615384615385,0.8714285714285714,0.8656716417910447,0.8207547169811321,0.9157894736842105,0.8210526315789474,0.78,0.8666666666666667,0.8974358974358975,0.9722222222222222,0.8333333333333334,1066
classification,RFECA_SVR(k=20),EnsembleSoft,0.2,4,2,0.9023391231866773,0.8906850459482039,1286,322,"{'Basal': 167, 'Her2': 179, 'LumA': 560, 'LumB': 380}","{'Basal': 42, 'Her2': 45, 'LumA': 140, 'LumB': 95}",4,False,0.9283276450511946,0.8888888888888888,0.9714285714285714,0.8791208791208791,0.9195402298850575,0.8421052631578947,0.8636363636363636,0.8837209302325582,0.8444444444444444,0.9382716049382716,0.9743589743589743,0.9047619047619048,1066
classification,RFECA_SVR(k=20),EnsembleSoft,0.2,4,3,0.8902188170480854,0.8839390142021721,1286,322,"{'Basal': 167, 'Her2': 179, 'LumA': 560, 'LumB': 380}","{'Basal': 42, 'Her2': 45, 'LumA': 140, 'LumB': 95}",4,False,0.9198606271777003,0.8979591836734694,0.9428571428571428,0.8648648648648649,0.8888888888888888,0.8421052631578947,0.8131868131868132,0.8043478260869565,0.8222222222222222,0.9629629629629629,1.0,0.9285714285714286,1066
classification,RFECA_SVR(k=20),EnsembleSoft,0.2,4,4,0.8883381073951376,0.8825208346068424,1287,321,"{'Basal': 168, 'Her2': 179, 'LumA': 560, 'LumB': 380}","{'Basal': 41, 'Her2': 45, 'LumA': 140, 'LumB': 95}",4,False,0.9187279151943463,0.9090909090909091,0.9285714285714286,0.8900523560209425,0.8854166666666666,0.8947368421052632,0.7816091954022989,0.8095238095238095,0.7555555555555555,0.9629629629629629,0.975,0.9512195121951219,1066
classification,RFECA_SVR(k=20),EnsembleSoft,0.2,4,5,0.8442909956525826,0.8238864205969468,1287,321,"{'Basal': 167, 'Her2': 180, 'LumA': 560, 'LumB': 380}","{'Basal': 42, 'Her2': 44, 'LumA': 140, 'LumB': 95}",4,False,0.9078498293515358,0.869281045751634,0.95,0.8601036269430051,0.8469387755102041,0.8736842105263158,0.6842105263157895,0.8125,0.5909090909090909,0.925,0.9736842105263158,0.8809523809523809,1066
classification,MissForest,EnsembleSoft,0.2,4,1,0.8567823177245261,0.8562761069340017,1286,322,"{'Basal': 167, 'Her2': 179, 'LumA': 560, 'LumB': 380}","{'Basal': 42, 'Her2': 45, 'LumA': 140, 'LumB': 95}",4,False,0.8962962962962963,0.9307692307692308,0.8642857142857143,0.8514851485148515,0.8037383177570093,0.9052631578947369,0.8043478260869565,0.7872340425531915,0.8222222222222222,0.875,0.9210526315789473,0.8333333333333334,1066
classification,MissForest,EnsembleSoft,0.2,4,2,0.9005339800617329,0.891530910609858,1286,322,"{'Basal': 167, 'Her2': 179, 'LumA': 560, 'LumB': 380}","{'Basal': 42, 'Her2': 45, 'LumA': 140, 'LumB': 95}",4,False,0.9342560553633218,0.9060402684563759,0.9642857142857143,0.8756756756756757,0.9,0.8526315789473684,0.8539325842696629,0.8636363636363636,0.8444444444444444,0.9382716049382716,0.9743589743589743,0.9047619047619048,1066
classification,MissForest,EnsembleSoft,0.2,4,3,0.8801821354263667,0.874812030075188,1286,322,"{'Basal': 167, 'Her2': 179, 'LumA': 560, 'LumB': 380}","{'Basal': 42, 'Her2': 45, 'LumA': 140, 'LumB': 95}",4,False,0.9154929577464789,0.9027777777777778,0.9285714285714286,0.851063829787234,0.8602150537634409,0.8421052631578947,0.7912087912087912,0.782608695652174,0.8,0.9629629629629629,1.0,0.9285714285714286,1066
classification,MissForest,EnsembleSoft,0.2,4,4,0.8749008600404248,0.8648756036432546,1287,321,"{'Basal': 168, 'Her2': 179, 'LumA': 560, 'LumB': 380}","{'Basal': 41, 'Her2': 45, 'LumA': 140, 'LumB': 95}",4,False,0.9295774647887324,0.9166666666666666,0.9428571428571428,0.8911917098445595,0.8775510204081632,0.9052631578947369,0.7674418604651163,0.8048780487804879,0.7333333333333333,0.9113924050632911,0.9473684210526315,0.8780487804878049,1066
classification,MissForest,EnsembleSoft,0.2,4,5,0.8465230727918698,0.8265094554568239,1287,321,"{'Basal': 167, 'Her2': 180, 'LumA': 560, 'LumB': 380}","{'Basal': 42, 'Her2': 44, 'LumA': 140, 'LumB': 95}",4,False,0.9115646258503401,0.8701298701298701,0.9571428571428572,0.8315789473684211,0.8315789473684211,0.8315789473684211,0.717948717948718,0.8235294117647058,0.6363636363636364,0.925,0.9736842105263158,0.8809523809523809,1066
classification,SimpleMean,EnsembleSoft,0.2,5,1,0.8765638662412856,0.8738408521303258,1286,322,"{'Basal': 167, 'Her2': 179, 'LumA': 560, 'LumB': 380}","{'Basal': 42, 'Her2': 45, 'LumA': 140, 'LumB': 95}",4,False,0.9157509157509157,0.9398496240601504,0.8928571428571429,0.88,0.8380952380952381,0.9263157894736842,0.8387096774193549,0.8125,0.8666666666666667,0.8717948717948718,0.9444444444444444,0.8095238095238095,1067
classification,SimpleMean,EnsembleSoft,0.2,5,2,0.8786400045617289,0.8688178780284043,1286,322,"{'Basal': 167, 'Her2': 179, 'LumA': 560, 'LumB': 380}","{'Basal': 42, 'Her2': 45, 'LumA': 140, 'LumB': 95}",4,False,0.9198606271777003,0.8979591836734694,0.9428571428571428,0.8783068783068783,0.8829787234042553,0.8736842105263158,0.813953488372093,0.8536585365853658,0.7777777777777778,0.9024390243902439,0.925,0.8809523809523809,1067
classification,SimpleMean,EnsembleSoft,0.2,5,3,0.8450007843682681,0.8406223893065998,1286,322,"{'Basal': 167, 'Her2': 179, 'LumA': 560, 'LumB': 380}","{'Basal': 42, 'Her2': 45, 'LumA': 140, 'LumB': 95}",4,False,0.8951048951048951,0.8767123287671232,0.9142857142857143,0.8152173913043478,0.8426966292134831,0.7894736842105263,0.7446808510638298,0.7142857142857143,0.7777777777777778,0.925,0.9736842105263158,0.8809523809523809,1067
classification,SimpleMean,EnsembleSoft,0.2,5,4,0.8643014764579606,0.8545477005521934,1287,321,"{'Basal': 168, 'Her2': 179, 'LumA': 560, 'LumB': 380}","{'Basal': 41, 'Her2': 45, 'LumA': 140, 'LumB': 95}",4,False,0.911660777385159,0.9020979020979021,0.9214285714285714,0.8497409326424871,0.8367346938775511,0.8631578947368421,0.7727272727272727,0.7906976744186046,0.7555555555555555,0.9230769230769231,0.972972972972973,0.8780487804878049,1067
classification,SimpleMean,EnsembleSoft,0.2,5,5,0.8502196125486033,0.8303970152654363,1287,321,"{'Basal': 167, 'Her2': 180, 'LumA': 560, 'LumB': 380}","{'Basal': 42, 'Her2': 44, 'LumA': 140, 'LumB': 95}",4,False,0.8993288590604027,0.8481012658227848,0.9571428571428572,0.8087431693989071,0.8409090909090909,0.7789473684210526,0.7560975609756098,0.8157894736842105,0.7045454545454546,0.9367088607594937,1.0,0.8809523809523809,1067
classification,"KNN(k=5,dist)",EnsembleSoft,0.2,5,1,0.8697218731918005,0.862437343358396,1286,322,"{'Basal': 167, 'Her2': 179, 'LumA': 560, 'LumB': 380}","{'Basal': 42, 'Her2': 45, 'LumA': 140, 'LumB': 95}",4,False,0.9157509157509157,0.9398496240601504,0.8928571428571429,0.8823529411764706,0.8256880733944955,0.9473684210526315,0.8089887640449438,0.8181818181818182,0.8,0.8717948717948718,0.9444444444444444,0.8095238095238095,1067
classification,"KNN(k=5,dist)",EnsembleSoft,0.2,5,2,0.8782845136571499,0.8673767752715121,1286,322,"{'Basal': 167, 'Her2': 179, 'LumA': 560, 'LumB': 380}","{'Basal': 42, 'Her2': 45, 'LumA': 140, 'LumB': 95}",4,False,0.9379310344827586,0.9066666666666666,0.9714285714285714,0.8817204301075269,0.9010989010989011,0.8631578947368421,0.8045977011494253,0.8333333333333334,0.7777777777777778,0.8888888888888888,0.9230769230769231,0.8571428571428571,1067
classification,"KNN(k=5,dist)",EnsembleSoft,0.2,5,3,0.8642367941850024,0.8605680868838763,1286,322,"{'Basal': 167, 'Her2': 179, 'LumA': 560, 'LumB': 380}","{'Basal': 42, 'Her2': 45, 'LumA': 140, 'LumB': 95}",4,False,0.9122807017543859,0.896551724137931,0.9285714285714286,0.8324324324324325,0.8555555555555555,0.8105263157894737,0.7872340425531915,0.7551020408163265,0.8222222222222222,0.925,0.9736842105263158,0.8809523809523809,1067
classification,"KNN(k=5,dist)",EnsembleSoft,0.2,5,4,0.8677088940677921,0.8577327465003973,1287,321,"{'Basal': 168, 'Her2': 179, 'LumA': 560, 'LumB': 380}","{'Basal': 41, 'Her2': 45, 'LumA': 140, 'LumB': 95}",4,False,0.9142857142857143,0.9142857142857143,0.9142857142857143,0.8686868686868687,0.8349514563106796,0.9052631578947369,0.7764705882352941,0.825,0.7333333333333333,0.9113924050632911,0.9473684210526315,0.8780487804878049,1067
classification,"KNN(k=5,dist)",EnsembleSoft,0.2,5,5,0.853406444167004,0.8376025290498975,1287,321,"{'Basal': 167, 'Her2': 180, 'LumA': 560, 'LumB': 380}","{'Basal': 42, 'Her2': 44, 'LumA': 140, 'LumB': 95}",4,False,0.9146757679180887,0.8758169934640523,0.9571428571428572,0.8494623655913979,0.8681318681318682,0.8315789473684211,0.7380952380952381,0.775,0.7045454545454546,0.9113924050632911,0.972972972972973,0.8571428571428571,1067
classification,RFECA_SVR(k=5),EnsembleSoft,0.2,5,1,0.8739807776880477,0.869423558897243,1286,322,"{'Basal': 167, 'Her2': 179, 'LumA': 560, 'LumB': 380}","{'Basal': 42, 'Her2': 45, 'LumA': 140, 'LumB': 95}",4,False,0.9084249084249084,0.9323308270676691,0.8857142857142857,0.8656716417910447,0.8207547169811321,0.9157894736842105,0.8387096774193549,0.8125,0.8666666666666667,0.8831168831168831,0.9714285714285714,0.8095238095238095,1067
classification,RFECA_SVR(k=5),EnsembleSoft,0.2,5,2,0.9029036268130377,0.8902986633249792,1286,322,"{'Basal': 167, 'Her2': 179, 'LumA': 560, 'LumB': 380}","{'Basal': 42, 'Her2': 45, 'LumA': 140, 'LumB': 95}",4,False,0.926829268292683,0.9047619047619048,0.95,0.8842105263157894,0.8842105263157894,0.8842105263157894,0.8505747126436781,0.8809523809523809,0.8222222222222222,0.95,1.0,0.9047619047619048,1067
classification,RFECA_SVR(k=5),EnsembleSoft,0.2,5,3,0.8559700323927966,0.8498538011695905,1286,322,"{'Basal': 167, 'Her2': 179, 'LumA': 560, 'LumB': 380}","{'Basal': 42, 'Her2': 45, 'LumA': 140, 'LumB': 95}",4,False,0.9059233449477352,0.8843537414965986,0.9285714285714286,0.8324324324324325,0.8555555555555555,0.8105263157894737,0.7472527472527473,0.7391304347826086,0.7555555555555555,0.9382716049382716,0.9743589743589743,0.9047619047619048,1067
classification,RFECA_SVR(k=5),EnsembleSoft,0.2,5,4,0.87869717404108,0.8693858630315626,1287,321,"{'Basal': 168, 'Her2': 179, 'LumA': 560, 'LumB': 380}","{'Basal': 41, 'Her2': 45, 'LumA': 140, 'LumB': 95}",4,False,0.9142857142857143,0.9142857142857143,0.9142857142857143,0.8730964467005076,0.8431372549019608,0.9052631578947369,0.7906976744186046,0.8292682926829268,0.7555555555555555,0.9367088607594937,0.9736842105263158,0.9024390243902439,1067
classification,RFECA_SVR(k=5),EnsembleSoft,0.2,5,5,0.847333986337151,0.8277739804055593,1287,321,"{'Basal': 167, 'Her2': 180, 'LumA': 560, 'LumB': 380}","{'Basal': 42, 'Her2': 44, 'LumA': 140, 'LumB': 95}",4,False,0.9047619047619048,0.8636363636363636,0.95,0.8253968253968254,0.8297872340425532,0.8210526315789474,0.7341772151898734,0.8285714285714286,0.6590909090909091,0.925,0.9736842105263158,0.8809523809523809,1067
classification,RFECA_SVR(k=10),EnsembleSoft,0.2,5,1,0.8446638015899142,0.8441207184628238,1286,322,"{'Basal': 167, 'Her2': 179, 'LumA': 560, 'LumB': 380}","{'Basal': 42, 'Her2': 45, 'LumA': 140, 'LumB': 95}",4,False,0.8847583643122676,0.9224806201550387,0.85,0.8374384236453202,0.7870370370370371,0.8947368421052632,0.7956989247311828,0.7708333333333334,0.8222222222222222,0.8607594936708861,0.918918918918919,0.8095238095238095,1067
classification,RFECA_SVR(k=10),EnsembleSoft,0.2,5,2,0.8929133819482978,0.881516290726817,1286,322,"{'Basal': 167, 'Her2': 179, 'LumA': 560, 'LumB': 380}","{'Basal': 42, 'Her2': 45, 'LumA': 140, 'LumB': 95}",4,False,0.9347079037800687,0.9006622516556292,0.9714285714285714,0.8972972972972973,0.9222222222222223,0.8736842105263158,0.8372093023255814,0.8780487804878049,0.8,0.9024390243902439,0.925,0.8809523809523809,1067
classification,RFECA_SVR(k=10),EnsembleSoft,0.2,5,3,0.8627676584665831,0.8569026733500417,1286,322,"{'Basal': 167, 'Her2': 179, 'LumA': 560, 'LumB': 380}","{'Basal': 42, 'Her2': 45, 'LumA': 140, 'LumB': 95}",4,False,0.916083916083916,0.8972602739726028,0.9357142857142857,0.8494623655913979,0.8681318681318682,0.8315789473684211,0.7472527472527473,0.7391304347826086,0.7555555555555555,0.9382716049382716,0.9743589743589743,0.9047619047619048,1067
classification,RFECA_SVR(k=10),EnsembleSoft,0.2,5,4,0.8781346466473049,0.8676001487458483,1287,321,"{'Basal': 168, 'Her2': 179, 'LumA': 560, 'LumB': 380}","{'Basal': 41, 'Her2': 45, 'LumA': 140, 'LumB': 95}",4,False,0.9071428571428571,0.9071428571428571,0.9071428571428571,0.8686868686868687,0.8349514563106796,0.9052631578947369,0.8,0.85,0.7555555555555555,0.9367088607594937,0.9736842105263158,0.9024390243902439,1067
classification,RFECA_SVR(k=10),EnsembleSoft,0.2,5,5,0.8562426677683084,0.8352415128730918,1287,321,"{'Basal': 167, 'Her2': 180, 'LumA': 560, 'LumB': 380}","{'Basal': 42, 'Her2': 44, 'LumA': 140, 'LumB': 95}",4,False,0.9084745762711864,0.864516129032258,0.9571428571428572,0.8297872340425532,0.8387096774193549,0.8210526315789474,0.75,0.8333333333333334,0.6818181818181818,0.9367088607594937,1.0,0.8809523809523809,1067
classification,RFECA_SVR(k=20),EnsembleSoft,0.2,5,1,0.8633033629022644,0.8565267335004176,1286,322,"{'Basal': 167, 'Her2': 179, 'LumA': 560, 'LumB': 380}","{'Basal': 42, 'Her2': 45, 'LumA': 140, 'LumB': 95}",4,False,0.8978102189781022,0.917910447761194,0.8785714285714286,0.8613861386138614,0.8130841121495327,0.9157894736842105,0.8222222222222222,0.8222222222222222,0.8222222222222222,0.8717948717948718,0.9444444444444444,0.8095238095238095,1067
classification,RFECA_SVR(k=20),EnsembleSoft,0.2,5,2,0.8879848279632332,0.8748224728487887,1286,322,"{'Basal': 167, 'Her2': 179, 'LumA': 560, 'LumB': 380}","{'Basal': 42, 'Her2': 45, 'LumA': 140, 'LumB': 95}",4,False,0.9415807560137457,0.9072847682119205,0.9785714285714285,0.8983957219251337,0.9130434782608695,0.8842105263157894,0.8095238095238095,0.8717948717948718,0.7555555555555555,0.9024390243902439,0.925,0.8809523809523809,1067
classification,RFECA_SVR(k=20),EnsembleSoft,0.2,5,3,0.8669926724211565,0.8610693400167084,1286,322,"{'Basal': 167, 'Her2': 179, 'LumA': 560, 'LumB': 380}","{'Basal': 42, 'Her2': 45, 'LumA': 140, 'LumB': 95}",4,False,0.9122807017543859,0.896551724137931,0.9285714285714286,0.8404255319148937,0.8494623655913979,0.8315789473684211,0.7640449438202247,0.7727272727272727,0.7555555555555555,0.9512195121951219,0.975,0.9285714285714286,1067
classification,RFECA_SVR(k=20),EnsembleSoft,0.2,5,4,0.8739566117286817,0.861304175071826,1287,321,"{'Basal': 168, 'Her2': 179, 'LumA': 560, 'LumB': 380}","{'Basal': 41, 'Her2': 45, 'LumA': 140, 'LumB': 95}",4,False,0.9187279151943463,0.9090909090909091,0.9285714285714286,0.8775510204081632,0.8514851485148515,0.9052631578947369,0.7764705882352941,0.825,0.7333333333333333,0.9230769230769231,0.972972972972973,0.8780487804878049,1067
classification,RFECA_SVR(k=20),EnsembleSoft,0.2,5,5,0.8541123331577098,0.8338830029619503,1287,321,"{'Basal': 167, 'Her2': 180, 'LumA': 560, 'LumB': 380}","{'Basal': 42, 'Her2': 44, 'LumA': 140, 'LumB': 95}",4,False,0.9041095890410958,0.868421052631579,0.9428571428571428,0.84375,0.8350515463917526,0.8526315789473684,0.7435897435897436,0.8529411764705882,0.6590909090909091,0.925,0.9736842105263158,0.8809523809523809,1067
classification,MissForest,EnsembleSoft,0.2,5,1,0.8774549144722822,0.8719089390142021,1286,322,"{'Basal': 167, 'Her2': 179, 'LumA': 560, 'LumB': 380}","{'Basal': 42, 'Her2': 45, 'LumA': 140, 'LumB': 95}",4,False,0.9070631970260223,0.9457364341085271,0.8714285714285714,0.8599033816425121,0.7946428571428571,0.9368421052631579,0.8314606741573034,0.8409090909090909,0.8222222222222222,0.9113924050632911,0.972972972972973,0.8571428571428571,1067
classification,MissForest,EnsembleSoft,0.2,5,2,0.9055126780683306,0.891938178780284,1286,322,"{'Basal': 167, 'Her2': 179, 'LumA': 560, 'LumB': 380}","{'Basal': 42, 'Her2': 45, 'LumA': 140, 'LumB': 95}",4,False,0.9379310344827586,0.9066666666666666,0.9714285714285714,0.9090909090909091,0.9239130434782609,0.8947368421052632,0.8636363636363636,0.8837209302325582,0.8444444444444444,0.9113924050632911,0.972972972972973,0.8571428571428571,1067
classification,MissForest,EnsembleSoft,0.2,5,3,0.8642929230088618,0.8577485380116958,1286,322,"{'Basal': 167, 'Her2': 179, 'LumA': 560, 'LumB': 380}","{'Basal': 42, 'Her2': 45, 'LumA': 140, 'LumB': 95}",4,False,0.9122807017543859,0.896551724137931,0.9285714285714286,0.851063829787234,0.8602150537634409,0.8421052631578947,0.7555555555555555,0.7555555555555555,0.7555555555555555,0.9382716049382716,0.9743589743589743,0.9047619047619048,1067
classification,MissForest,EnsembleSoft,0.2,5,4,0.8767884568992178,0.8684460134075025,1287,321,"{'Basal': 168, 'Her2': 179, 'LumA': 560, 'LumB': 380}","{'Basal': 41, 'Her2': 45, 'LumA': 140, 'LumB': 95}",4,False,0.9097472924187726,0.9197080291970803,0.9,0.87,0.8285714285714286,0.9157894736842105,0.7906976744186046,0.8292682926829268,0.7555555555555555,0.9367088607594937,0.9736842105263158,0.9024390243902439,1067
classification,MissForest,EnsembleSoft,0.2,5,5,0.8535074122920321,0.8321912736386421,1287,321,"{'Basal': 167, 'Her2': 180, 'LumA': 560, 'LumB': 380}","{'Basal': 42, 'Her2': 44, 'LumA': 140, 'LumB': 95}",4,False,0.9115646258503401,0.8701298701298701,0.9571428571428572,0.8315789473684211,0.8315789473684211,0.8315789473684211,0.7341772151898734,0.8285714285714286,0.6590909090909091,0.9367088607594937,1.0,0.8809523809523809,1067
classification,SimpleMean,EnsembleSoft,0.2,6,1,0.8579299795019832,0.854093567251462,1286,322,"{'Basal': 167, 'Her2': 179, 'LumA': 560, 'LumB': 380}","{'Basal': 42, 'Her2': 45, 'LumA': 140, 'LumB': 95}",4,False,0.8823529411764706,0.9090909090909091,0.8571428571428571,0.8514851485148515,0.8037383177570093,0.9052631578947369,0.8260869565217391,0.8085106382978723,0.8444444444444444,0.8717948717948718,0.9444444444444444,0.8095238095238095,1068
classification,SimpleMean,EnsembleSoft,0.2,6,2,0.8801041188988508,0.8704469507101086,1286,322,"{'Basal': 167, 'Her2': 179, 'LumA': 560, 'LumB': 380}","{'Basal': 42, 'Her2': 45, 'LumA': 140, 'LumB': 95}",4,False,0.9178082191780822,0.881578947368421,0.9571428571428572,0.8743169398907104,0.9090909090909091,0.8421052631578947,0.8235294117647058,0.875,0.7777777777777778,0.9047619047619048,0.9047619047619048,0.9047619047619048,1068
classification,SimpleMean,EnsembleSoft,0.2,6,3,0.8791183585159797,0.8701545530492899,1286,322,"{'Basal': 167, 'Her2': 179, 'LumA': 560, 'LumB': 380}","{'Basal': 42, 'Her2': 45, 'LumA': 140, 'LumB': 95}",4,False,0.9078014184397163,0.9014084507042254,0.9142857142857143,0.8497409326424871,0.8367346938775511,0.8631578947368421,0.8222222222222222,0.8222222222222222,0.8222222222222222,0.9367088607594937,1.0,0.8809523809523809,1068
classification,SimpleMean,EnsembleSoft,0.2,6,4,0.8707424837596098,0.8715684027141024,1287,321,"{'Basal': 168, 'Her2': 179, 'LumA': 560, 'LumB': 380}","{'Basal': 41, 'Her2': 45, 'LumA': 140, 'LumB': 95}",4,False,0.8978102189781022,0.917910447761194,0.8785714285714286,0.8775510204081632,0.8514851485148515,0.9052631578947369,0.782608695652174,0.7659574468085106,0.8,0.925,0.9487179487179487,0.9024390243902439,1068
classification,SimpleMean,EnsembleSoft,0.2,6,5,0.8523593226889379,0.8326184780132149,1287,321,"{'Basal': 167, 'Her2': 180, 'LumA': 560, 'LumB': 380}","{'Basal': 42, 'Her2': 44, 'LumA': 140, 'LumB': 95}",4,False,0.9078498293515358,0.869281045751634,0.95,0.8586387434554974,0.8541666666666666,0.8631578947368421,0.717948717948718,0.8235294117647058,0.6363636363636364,0.925,0.9736842105263158,0.8809523809523809,1068
classification,"KNN(k=5,dist)",EnsembleSoft,0.2,6,1,0.8648908350057775,0.8641708437761069,1286,322,"{'Basal': 167, 'Her2': 179, 'LumA': 560, 'LumB': 380}","{'Basal': 42, 'Her2': 45, 'LumA': 140, 'LumB': 95}",4,False,0.8962962962962963,0.9307692307692308,0.8642857142857143,0.8768472906403941,0.8240740740740741,0.9368421052631579,0.8222222222222222,0.8222222222222222,0.8222222222222222,0.8641975308641975,0.8974358974358975,0.8333333333333334,1068
classification,"KNN(k=5,dist)",EnsembleSoft,0.2,6,2,0.8917445241645787,0.8803153717627402,1286,322,"{'Basal': 167, 'Her2': 179, 'LumA': 560, 'LumB': 380}","{'Basal': 42, 'Her2': 45, 'LumA': 140, 'LumB': 95}",4,False,0.9246575342465754,0.8881578947368421,0.9642857142857143,0.8633879781420765,0.8977272727272727,0.8315789473684211,0.8539325842696629,0.8636363636363636,0.8444444444444444,0.925,0.9736842105263158,0.8809523809523809,1068
classification,"KNN(k=5,dist)",EnsembleSoft,0.2,6,3,0.8807056631539494,0.8725877192982456,1286,322,"{'Basal': 167, 'Her2': 179, 'LumA': 560, 'LumB': 380}","{'Basal': 42, 'Her2': 45, 'LumA': 140, 'LumB': 95}",4,False,0.9257950530035336,0.916083916083916,0.9357142857142857,0.8691099476439791,0.8645833333333334,0.8736842105263158,0.7912087912087912,0.782608695652174,0.8,0.9367088607594937,1.0,0.8809523809523809,1068
classification,"KNN(k=5,dist)",EnsembleSoft,0.2,6,4,0.8743353196982229,0.8693858630315626,1287,321,"{'Basal': 168, 'Her2': 179, 'LumA': 560, 'LumB': 380}","{'Basal': 41, 'Her2': 45, 'LumA': 140, 'LumB': 95}",4,False,0.9175627240143369,0.920863309352518,0.9142857142857143,0.882051282051282,0.86,0.9052631578947369,0.7727272727272727,0.7906976744186046,0.7555555555555555,0.925,0.9487179487179487,0.9024390243902439,1068
classification,"KNN(k=5,dist)",EnsembleSoft,0.2,6,5,0.8613173574633792,0.8418717247664617,1287,321,"{'Basal': 167, 'Her2': 180, 'LumA': 560, 'LumB': 380}","{'Basal': 42, 'Her2': 44, 'LumA': 140, 'LumB': 95}",4,False,0.9183673469387755,0.8766233766233766,0.9642857142857143,0.8677248677248677,0.8723404255319149,0.8631578947368421,0.7341772151898734,0.8285714285714286,0.6590909090909091,0.925,0.9736842105263158,0.8809523809523809,1068
classification,RFECA_SVR(k=5),EnsembleSoft,0.2,6,1,0.8350143731791276,0.8337510442773601,1286,322,"{'Basal': 167, 'Her2': 179, 'LumA': 560, 'LumB': 380}","{'Basal': 42, 'Her2': 45, 'LumA': 140, 'LumB': 95}",4,False,0.8708487084870848,0.9007633587786259,0.8428571428571429,0.835820895522388,0.7924528301886793,0.8842105263157894,0.7872340425531915,0.7551020408163265,0.8222222222222222,0.8461538461538461,0.9166666666666666,0.7857142857142857,1068
classification,RFECA_SVR(k=5),EnsembleSoft,0.2,6,2,0.8969990357971712,0.88359440267335,1286,322,"{'Basal': 167, 'Her2': 179, 'LumA': 560, 'LumB': 380}","{'Basal': 42, 'Her2': 45, 'LumA': 140, 'LumB': 95}",4,False,0.9288135593220339,0.8838709677419355,0.9785714285714285,0.8950276243093923,0.9418604651162791,0.8526315789473684,0.8505747126436781,0.8809523809523809,0.8222222222222222,0.9135802469135802,0.9487179487179487,0.8809523809523809,1068
classification,RFECA_SVR(k=5),EnsembleSoft,0.2,6,3,0.8859676523361223,0.8775375939849624,1286,322,"{'Basal': 167, 'Her2': 179, 'LumA': 560, 'LumB': 380}","{'Basal': 42, 'Her2': 45, 'LumA': 140, 'LumB': 95}",4,False,0.9204152249134948,0.8926174496644296,0.95,0.8540540540540541,0.8777777777777778,0.8315789473684211,0.8181818181818182,0.8372093023255814,0.8,0.9512195121951219,0.975,0.9285714285714286,1068
classification,RFECA_SVR(k=5),EnsembleSoft,0.2,6,4,0.8766001337842688,0.8719119954357438,1287,321,"{'Basal': 168, 'Her2': 179, 'LumA': 560, 'LumB': 380}","{'Basal': 41, 'Her2': 45, 'LumA': 140, 'LumB': 95}",4,False,0.9064748201438849,0.9130434782608695,0.9,0.8730964467005076,0.8431372549019608,0.9052631578947369,0.8,0.85,0.7555555555555555,0.926829268292683,0.926829268292683,0.926829268292683,1068
classification,RFECA_SVR(k=5),EnsembleSoft,0.2,6,5,0.8541296684419064,0.8366085668717248,1287,321,"{'Basal': 167, 'Her2': 180, 'LumA': 560, 'LumB': 380}","{'Basal': 42, 'Her2': 44, 'LumA': 140, 'LumB': 95}",4,False,0.9152542372881356,0.8709677419354839,0.9642857142857143,0.8602150537634409,0.8791208791208791,0.8421052631578947,0.7160493827160493,0.7837837837837838,0.6590909090909091,0.925,0.9736842105263158,0.8809523809523809,1068
classification,RFECA_SVR(k=10),EnsembleSoft,0.2,6,1,0.838502872371785,0.8372284878863827,1286,322,"{'Basal': 167, 'Her2': 179, 'LumA': 560, 'LumB': 380}","{'Basal': 42, 'Her2': 45, 'LumA': 140, 'LumB': 95}",4,False,0.8731343283582089,0.9140625,0.8357142857142857,0.8390243902439024,0.7818181818181819,0.9052631578947369,0.7956989247311828,0.7708333333333334,0.8222222222222222,0.8461538461538461,0.9166666666666666,0.7857142857142857,1068
classification,RFECA_SVR(k=10),EnsembleSoft,0.2,6,2,0.8807342584856,0.8695593149540518,1286,322,"{'Basal': 167, 'Her2': 179, 'LumA': 560, 'LumB': 380}","{'Basal': 42, 'Her2': 45, 'LumA': 140, 'LumB': 95}",4,False,0.9319727891156463,0.8896103896103896,0.9785714285714285,0.9010989010989011,0.9425287356321839,0.8631578947368421,0.8192771084337349,0.8947368421052632,0.7555555555555555,0.8705882352941177,0.8604651162790697,0.8809523809523809,1068
classification,RFECA_SVR(k=10),EnsembleSoft,0.2,6,3,0.8806406569735454,0.8739661654135339,1286,322,"{'Basal': 167, 'Her2': 179, 'LumA': 560, 'LumB': 380}","{'Basal': 42, 'Her2': 45, 'LumA': 140, 'LumB': 95}",4,False,0.9128919860627178,0.891156462585034,0.9357142857142857,0.8494623655913979,0.8681318681318682,0.8315789473684211,0.8089887640449438,0.8181818181818182,0.8,0.9512195121951219,0.975,0.9285714285714286,1068
classification,RFECA_SVR(k=10),EnsembleSoft,0.2,6,4,0.8748855061459999,0.8692804164883754,1287,321,"{'Basal': 168, 'Her2': 179, 'LumA': 560, 'LumB': 380}","{'Basal': 41, 'Her2': 45, 'LumA': 140, 'LumB': 95}",4,False,0.9032258064516129,0.9064748201438849,0.9,0.8673469387755102,0.8415841584158416,0.8947368421052632,0.7906976744186046,0.8292682926829268,0.7555555555555555,0.9382716049382716,0.95,0.926829268292683,1068
classification,RFECA_SVR(k=10),EnsembleSoft,0.2,6,5,0.8529061319383899,0.8339769879243564,1287,321,"{'Basal': 167, 'Her2': 180, 'LumA': 560, 'LumB': 380}","{'Basal': 42, 'Her2': 44, 'LumA': 140, 'LumB': 95}",4,False,0.9121621621621622,0.8653846153846154,0.9642857142857143,0.8494623655913979,0.8681318681318682,0.8315789473684211,0.725,0.8055555555555556,0.6590909090909091,0.925,0.9736842105263158,0.8809523809523809,1068
classification,RFECA_SVR(k=20),EnsembleSoft,0.2,6,1,0.845846887977645,0.8484335839598998,1286,322,"{'Basal': 167, 'Her2': 179, 'LumA': 560, 'LumB': 380}","{'Basal': 42, 'Her2': 45, 'LumA': 140, 'LumB': 95}",4,False,0.8888888888888888,0.9230769230769231,0.8571428571428571,0.8442211055276382,0.8076923076923077,0.8842105263157894,0.8041237113402062,0.75,0.8666666666666667,0.8461538461538461,0.9166666666666666,0.7857142857142857,1068
classification,RFECA_SVR(k=20),EnsembleSoft,0.2,6,2,0.892963497667256,0.8824561403508773,1286,322,"{'Basal': 167, 'Her2': 179, 'LumA': 560, 'LumB': 380}","{'Basal': 42, 'Her2': 45, 'LumA': 140, 'LumB': 95}",4,False,0.9419795221843004,0.9019607843137255,0.9857142857142858,0.9010989010989011,0.9425287356321839,0.8631578947368421,0.8372093023255814,0.8780487804878049,0.8,0.891566265060241,0.9024390243902439,0.8809523809523809,1068
classification,RFECA_SVR(k=20),EnsembleSoft,0.2,6,3,0.9047917312203975,0.8960004177109441,1286,322,"{'Basal': 167, 'Her2': 179, 'LumA': 560, 'LumB': 380}","{'Basal': 42, 'Her2': 45, 'LumA': 140, 'LumB': 95}",4,False,0.9192982456140351,0.903448275862069,0.9357142857142857,0.8736842105263158,0.8736842105263158,0.8736842105263158,0.8505747126436781,0.8809523809523809,0.8222222222222222,0.975609756097561,1.0,0.9523809523809523,1068
classification,RFECA_SVR(k=20),EnsembleSoft,0.2,6,4,0.8711627985852792,0.8655105752185341,1287,321,"{'Basal': 168, 'Her2': 179, 'LumA': 560, 'LumB': 380}","{'Basal': 41, 'Her2': 45, 'LumA': 140, 'LumB': 95}",4,False,0.9071428571428571,0.9071428571428571,0.9071428571428571,0.8717948717948718,0.85,0.8947368421052632,0.7674418604651163,0.8048780487804879,0.7333333333333333,0.9382716049382716,0.95,0.926829268292683,1068
classification,RFECA_SVR(k=20),EnsembleSoft,0.2,6,5,0.8742344850265551,0.8523894964684439,1287,321,"{'Basal': 167, 'Her2': 180, 'LumA': 560, 'LumB': 380}","{'Basal': 42, 'Her2': 44, 'LumA': 140, 'LumB': 95}",4,False,0.918918918918919,0.8717948717948718,0.9714285714285714,0.8663101604278075,0.8804347826086957,0.8526315789473684,0.775,0.8611111111111112,0.7045454545454546,0.9367088607594937,1.0,0.8809523809523809,1068
classification,MissForest,EnsembleSoft,0.2,6,1,0.8678123937342693,0.8678362573099414,1286,322,"{'Basal': 167, 'Her2': 179, 'LumA': 560, 'LumB': 380}","{'Basal': 42, 'Her2': 45, 'LumA': 140, 'LumB': 95}",4,False,0.8888888888888888,0.9230769230769231,0.8571428571428571,0.8613861386138614,0.8130841121495327,0.9157894736842105,0.8602150537634409,0.8333333333333334,0.8888888888888888,0.8607594936708861,0.918918918918919,0.8095238095238095,1068
classification,MissForest,EnsembleSoft,0.2,6,2,0.8836526004541225,0.8709899749373433,1286,322,"{'Basal': 167, 'Her2': 179, 'LumA': 560, 'LumB': 380}","{'Basal': 42, 'Her2': 45, 'LumA': 140, 'LumB': 95}",4,False,0.9220338983050848,0.8774193548387097,0.9714285714285714,0.8729281767955801,0.9186046511627907,0.8315789473684211,0.8372093023255814,0.8780487804878049,0.8,0.9024390243902439,0.925,0.8809523809523809,1068
classification,MissForest,EnsembleSoft,0.2,6,3,0.9026398760513009,0.8951545530492899,1286,322,"{'Basal': 167, 'Her2': 179, 'LumA': 560, 'LumB': 380}","{'Basal': 42, 'Her2': 45, 'LumA': 140, 'LumB': 95}",4,False,0.9263157894736842,0.9103448275862069,0.9428571428571428,0.8677248677248677,0.8723404255319149,0.8631578947368421,0.8409090909090909,0.8604651162790697,0.8222222222222222,0.975609756097561,1.0,0.9523809523809523,1068
classification,MissForest,EnsembleSoft,0.2,6,4,0.8821248029334763,0.8781150029545408,1287,321,"{'Basal': 168, 'Her2': 179, 'LumA': 560, 'LumB': 380}","{'Basal': 41, 'Her2': 45, 'LumA': 140, 'LumB': 95}",4,False,0.920863309352518,0.927536231884058,0.9142857142857143,0.8877551020408163,0.8613861386138614,0.9157894736842105,0.7816091954022989,0.8095238095238095,0.7555555555555555,0.9382716049382716,0.95,0.926829268292683,1068
classification,MissForest,EnsembleSoft,0.2,6,5,0.8732737647631263,0.8508743449532923,1287,321,"{'Basal': 167, 'Her2': 180, 'LumA': 560, 'LumB': 380}","{'Basal': 42, 'Her2': 44, 'LumA': 140, 'LumB': 95}",4,False,0.9121621621621622,0.8653846153846154,0.9642857142857143,0.8617021276595744,0.8709677419354839,0.8526315789473684,0.7692307692307693,0.8823529411764706,0.6818181818181818,0.95,1.0,0.9047619047619048,1068
classification,SimpleMean,EnsembleSoft,0.2,7,1,0.8477451467297005,0.8466165413533835,1286,322,"{'Basal': 167, 'Her2': 179, 'LumA': 560, 'LumB': 380}","{'Basal': 42, 'Her2': 45, 'LumA': 140, 'LumB': 95}",4,False,0.8872180451127819,0.9365079365079365,0.8428571428571429,0.875,0.8053097345132744,0.9578947368421052,0.782608695652174,0.7659574468085106,0.8,0.8461538461538461,0.9166666666666666,0.7857142857142857,1069
classification,SimpleMean,EnsembleSoft,0.2,7,2,0.8628475099290058,0.8525375939849624,1286,322,"{'Basal': 167, 'Her2': 179, 'LumA': 560, 'LumB': 380}","{'Basal': 42, 'Her2': 45, 'LumA': 140, 'LumB': 95}",4,False,0.9246575342465754,0.8881578947368421,0.9642857142857143,0.8586956521739131,0.8876404494382022,0.8315789473684211,0.7764705882352941,0.825,0.7333333333333333,0.891566265060241,0.9024390243902439,0.8809523809523809,1069
classification,SimpleMean,EnsembleSoft,0.2,7,3,0.8578275941604255,0.8517857142857141,1286,322,"{'Basal': 167, 'Her2': 179, 'LumA': 560, 'LumB': 380}","{'Basal': 42, 'Her2': 45, 'LumA': 140, 'LumB': 95}",4,False,0.8958333333333334,0.8716216216216216,0.9214285714285714,0.8216216216216217,0.8444444444444444,0.8,0.75,0.7674418604651163,0.7333333333333333,0.963855421686747,0.975609756097561,0.9523809523809523,1069
classification,SimpleMean,EnsembleSoft,0.2,7,4,0.8653337118933533,0.854797308311429,1287,321,"{'Basal': 168, 'Her2': 179, 'LumA': 560, 'LumB': 380}","{'Basal': 41, 'Her2': 45, 'LumA': 140, 'LumB': 95}",4,False,0.9084507042253521,0.8958333333333334,0.9214285714285714,0.865979381443299,0.8484848484848485,0.8842105263157894,0.7619047619047619,0.8205128205128205,0.7111111111111111,0.925,0.9487179487179487,0.9024390243902439,1069
classification,SimpleMean,EnsembleSoft,0.2,7,5,0.8741029594270344,0.8543517885623149,1287,321,"{'Basal': 167, 'Her2': 180, 'LumA': 560, 'LumB': 380}","{'Basal': 42, 'Her2': 44, 'LumA': 140, 'LumB': 95}",4,False,0.9178082191780822,0.881578947368421,0.9571428571428572,0.8691099476439791,0.8645833333333334,0.8736842105263158,0.759493670886076,0.8571428571428571,0.6818181818181818,0.95,1.0,0.9047619047619048,1069
classification,"KNN(k=5,dist)",EnsembleSoft,0.2,7,1,0.8592839272369102,0.8555868838763576,1286,322,"{'Basal': 167, 'Her2': 179, 'LumA': 560, 'LumB': 380}","{'Basal': 42, 'Her2': 45, 'LumA': 140, 'LumB': 95}",4,False,0.8897058823529411,0.9166666666666666,0.8642857142857143,0.8712871287128713,0.822429906542056,0.9263157894736842,0.8043478260869565,0.7872340425531915,0.8222222222222222,0.8717948717948718,0.9444444444444444,0.8095238095238095,1069
classification,"KNN(k=5,dist)",EnsembleSoft,0.2,7,2,0.8848506900020757,0.870405179615706,1286,322,"{'Basal': 167, 'Her2': 179, 'LumA': 560, 'LumB': 380}","{'Basal': 42, 'Her2': 45, 'LumA': 140, 'LumB': 95}",4,False,0.9347079037800687,0.9006622516556292,0.9714285714285714,0.8829787234042553,0.8924731182795699,0.8736842105263158,0.8192771084337349,0.8947368421052632,0.7555555555555555,0.9024390243902439,0.925,0.8809523809523809,1069
classification,"KNN(k=5,dist)",EnsembleSoft,0.2,7,3,0.8585871644352147,0.8506474519632413,1286,322,"{'Basal': 167, 'Her2': 179, 'LumA': 560, 'LumB': 380}","{'Basal': 42, 'Her2': 45, 'LumA': 140, 'LumB': 95}",4,False,0.9027777777777778,0.8783783783783784,0.9285714285714286,0.8235294117647058,0.8369565217391305,0.8105263157894737,0.7441860465116279,0.7804878048780488,0.7111111111111111,0.963855421686747,0.975609756097561,0.9523809523809523,1069
classification,"KNN(k=5,dist)",EnsembleSoft,0.2,7,4,0.8595394811073922,0.8512144181592192,1287,321,"{'Basal': 168, 'Her2': 179, 'LumA': 560, 'LumB': 380}","{'Basal': 41, 'Her2': 45, 'LumA': 140, 'LumB': 95}",4,False,0.9045936395759717,0.8951048951048951,0.9142857142857143,0.8393782383419689,0.826530612244898,0.8526315789473684,0.7441860465116279,0.7804878048780488,0.7111111111111111,0.95,0.9743589743589743,0.926829268292683,1069
classification,"KNN(k=5,dist)",EnsembleSoft,0.2,7,5,0.8748541403283404,0.8549270904534063,1287,321,"{'Basal': 167, 'Her2': 180, 'LumA': 560, 'LumB': 380}","{'Basal': 42, 'Her2': 44, 'LumA': 140, 'LumB': 95}",4,False,0.9172413793103448,0.8866666666666667,0.95,0.8704663212435233,0.8571428571428571,0.8842105263157894,0.775,0.8611111111111112,0.7045454545454546,0.9367088607594937,1.0,0.8809523809523809,1069
classification,RFECA_SVR(k=5),EnsembleSoft,0.2,7,1,0.847970244452932,0.8432852965747704,1286,322,"{'Basal': 167, 'Her2': 179, 'LumA': 560, 'LumB': 380}","{'Basal': 42, 'Her2': 45, 'LumA': 140, 'LumB': 95}",4,False,0.8731343283582089,0.9140625,0.8357142857142857,0.8461538461538461,0.7787610619469026,0.9263157894736842,0.7865168539325843,0.7954545454545454,0.7777777777777778,0.8860759493670886,0.9459459459459459,0.8333333333333334,1069
classification,RFECA_SVR(k=5),EnsembleSoft,0.2,7,2,0.8827643734723694,0.8686194653299917,1286,322,"{'Basal': 167, 'Her2': 179, 'LumA': 560, 'LumB': 380}","{'Basal': 42, 'Her2': 45, 'LumA': 140, 'LumB': 95}",4,False,0.9310344827586207,0.9,0.9642857142857143,0.8783068783068783,0.8829787234042553,0.8736842105263158,0.8192771084337349,0.8947368421052632,0.7555555555555555,0.9024390243902439,0.925,0.8809523809523809,1069
classification,RFECA_SVR(k=5),EnsembleSoft,0.2,7,3,0.8831185560264738,0.8825501253132833,1286,322,"{'Basal': 167, 'Her2': 179, 'LumA': 560, 'LumB': 380}","{'Basal': 42, 'Her2': 45, 'LumA': 140, 'LumB': 95}",4,False,0.9257950530035336,0.916083916083916,0.9357142857142857,0.8602150537634409,0.8791208791208791,0.8421052631578947,0.782608695652174,0.7659574468085106,0.8,0.963855421686747,0.975609756097561,0.9523809523809523,1069
classification,RFECA_SVR(k=5),EnsembleSoft,0.2,7,4,0.8546568608816527,0.8476429895877906,1287,321,"{'Basal': 168, 'Her2': 179, 'LumA': 560, 'LumB': 380}","{'Basal': 41, 'Her2': 45, 'LumA': 140, 'LumB': 95}",4,False,0.8936170212765957,0.8873239436619719,0.9,0.8393782383419689,0.826530612244898,0.8526315789473684,0.735632183908046,0.7619047619047619,0.7111111111111111,0.95,0.9743589743589743,0.926829268292683,1069
classification,RFECA_SVR(k=5),EnsembleSoft,0.2,7,5,0.8595515494344332,0.8391461608566871,1287,321,"{'Basal': 167, 'Her2': 180, 'LumA': 560, 'LumB': 380}","{'Basal': 42, 'Her2': 44, 'LumA': 140, 'LumB': 95}",4,False,0.9072164948453608,0.8741721854304636,0.9428571428571428,0.8601036269430051,0.8469387755102041,0.8736842105263158,0.7341772151898734,0.8285714285714286,0.6590909090909091,0.9367088607594937,1.0,0.8809523809523809,1069
classification,RFECA_SVR(k=10),EnsembleSoft,0.2,7,1,0.8446610597640346,0.8413533834586466,1286,322,"{'Basal': 167, 'Her2': 179, 'LumA': 560, 'LumB': 380}","{'Basal': 42, 'Her2': 45, 'LumA': 140, 'LumB': 95}",4,False,0.8872180451127819,0.9365079365079365,0.8428571428571429,0.8516746411483254,0.7807017543859649,0.9368421052631579,0.782608695652174,0.7659574468085106,0.8,0.8571428571428571,0.9428571428571428,0.7857142857142857,1069
classification,RFECA_SVR(k=10),EnsembleSoft,0.2,7,2,0.8751454342239497,0.8640037593984963,1286,322,"{'Basal': 167, 'Her2': 179, 'LumA': 560, 'LumB': 380}","{'Basal': 42, 'Her2': 45, 'LumA': 140, 'LumB': 95}",4,False,0.9415807560137457,0.9072847682119205,0.9785714285714285,0.8817204301075269,0.9010989010989011,0.8631578947368421,0.7857142857142857,0.8461538461538461,0.7333333333333333,0.891566265060241,0.9024390243902439,0.8809523809523809,1069
classification,RFECA_SVR(k=10),EnsembleSoft,0.2,7,3,0.8762709419441299,0.8743629908103593,1286,322,"{'Basal': 167, 'Her2': 179, 'LumA': 560, 'LumB': 380}","{'Basal': 42, 'Her2': 45, 'LumA': 140, 'LumB': 95}",4,False,0.9225352112676056,0.9097222222222222,0.9357142857142857,0.8494623655913979,0.8681318681318682,0.8315789473684211,0.7692307692307693,0.7608695652173914,0.7777777777777778,0.963855421686747,0.975609756097561,0.9523809523809523,1069
classification,RFECA_SVR(k=10),EnsembleSoft,0.2,7,4,0.8692601004826881,0.8600490046253847,1287,321,"{'Basal': 168, 'Her2': 179, 'LumA': 560, 'LumB': 380}","{'Basal': 41, 'Her2': 45, 'LumA': 140, 'LumB': 95}",4,False,0.9122807017543859,0.896551724137931,0.9285714285714286,0.8645833333333334,0.8556701030927835,0.8736842105263158,0.7619047619047619,0.8205128205128205,0.7111111111111111,0.9382716049382716,0.95,0.926829268292683,1069
classification,RFECA_SVR(k=10),EnsembleSoft,0.2,7,5,0.866302034814693,0.844409318751424,1287,321,"{'Basal': 167, 'Her2': 180, 'LumA': 560, 'LumB': 380}","{'Basal': 42, 'Her2': 44, 'LumA': 140, 'LumB': 95}",4,False,0.9166666666666666,0.8918918918918919,0.9428571428571428,0.8585858585858586,0.8252427184466019,0.8947368421052632,0.7532467532467533,0.8787878787878788,0.6590909090909091,0.9367088607594937,1.0,0.8809523809523809,1069
classification,RFECA_SVR(k=20),EnsembleSoft,0.2,7,1,0.856718147949467,0.8538011695906433,1286,322,"{'Basal': 167, 'Her2': 179, 'LumA': 560, 'LumB': 380}","{'Basal': 42, 'Her2': 45, 'LumA': 140, 'LumB': 95}",4,False,0.8921933085501859,0.9302325581395349,0.8571428571428571,0.8585365853658536,0.8,0.9263157894736842,0.8043478260869565,0.7872340425531915,0.8222222222222222,0.8717948717948718,0.9444444444444444,0.8095238095238095,1069
classification,RFECA_SVR(k=20),EnsembleSoft,0.2,7,2,0.8886106880640101,0.8788847117794486,1286,322,"{'Basal': 167, 'Her2': 179, 'LumA': 560, 'LumB': 380}","{'Basal': 42, 'Her2': 45, 'LumA': 140, 'LumB': 95}",4,False,0.9379310344827586,0.9066666666666666,0.9714285714285714,0.8864864864864865,0.9111111111111111,0.8631578947368421,0.8275862068965517,0.8571428571428571,0.8,0.9024390243902439,0.925,0.8809523809523809,1069
classification,RFECA_SVR(k=20),EnsembleSoft,0.2,7,3,0.8827818686689655,0.878780284043442,1286,322,"{'Basal': 167, 'Her2': 179, 'LumA': 560, 'LumB': 380}","{'Basal': 42, 'Her2': 45, 'LumA': 140, 'LumB': 95}",4,False,0.9230769230769231,0.9041095890410958,0.9428571428571428,0.8602150537634409,0.8791208791208791,0.8421052631578947,0.7954545454545454,0.813953488372093,0.7777777777777778,0.9523809523809523,0.9523809523809523,0.9523809523809523,1069
classification,RFECA_SVR(k=20),EnsembleSoft,0.2,7,4,0.8712909649979238,0.8583687368828576,1287,321,"{'Basal': 168, 'Her2': 179, 'LumA': 560, 'LumB': 380}","{'Basal': 41, 'Her2': 45, 'LumA': 140, 'LumB': 95}",4,False,0.916083916083916,0.8972602739726028,0.9357142857142857,0.8704663212435233,0.8571428571428571,0.8842105263157894,0.7619047619047619,0.8205128205128205,0.7111111111111111,0.9367088607594937,0.9736842105263158,0.9024390243902439,1069
classification,RFECA_SVR(k=20),EnsembleSoft,0.2,7,5,0.8749857302267143,0.8567128047391206,1287,321,"{'Basal': 167, 'Her2': 180, 'LumA': 560, 'LumB': 380}","{'Basal': 42, 'Her2': 44, 'LumA': 140, 'LumB': 95}",4,False,0.9273356401384083,0.8993288590604027,0.9571428571428572,0.8704663212435233,0.8571428571428571,0.8842105263157894,0.7654320987654321,0.8378378378378378,0.7045454545454546,0.9367088607594937,1.0,0.8809523809523809,1069
classification,MissForest,EnsembleSoft,0.2,7,1,0.8574015567765568,0.8539473684210526,1286,322,"{'Basal': 167, 'Her2': 179, 'LumA': 560, 'LumB': 380}","{'Basal': 42, 'Her2': 45, 'LumA': 140, 'LumB': 95}",4,False,0.8937728937728938,0.9172932330827067,0.8714285714285714,0.87,0.8285714285714286,0.9157894736842105,0.8125,0.7647058823529411,0.8666666666666667,0.8533333333333334,0.9696969696969697,0.7619047619047619,1069
classification,MissForest,EnsembleSoft,0.2,7,2,0.8845737663604707,0.8744674185463659,1286,322,"{'Basal': 167, 'Her2': 179, 'LumA': 560, 'LumB': 380}","{'Basal': 42, 'Her2': 45, 'LumA': 140, 'LumB': 95}",4,False,0.9278350515463918,0.8940397350993378,0.9642857142857143,0.8804347826086957,0.9101123595505618,0.8526315789473684,0.8275862068965517,0.8571428571428571,0.8,0.9024390243902439,0.925,0.8809523809523809,1069
classification,MissForest,EnsembleSoft,0.2,7,3,0.8754935162719639,0.8688074352548036,1286,322,"{'Basal': 167, 'Her2': 179, 'LumA': 560, 'LumB': 380}","{'Basal': 42, 'Her2': 45, 'LumA': 140, 'LumB': 95}",4,False,0.916083916083916,0.8972602739726028,0.9357142857142857,0.8404255319148937,0.8494623655913979,0.8315789473684211,0.7816091954022989,0.8095238095238095,0.7555555555555555,0.963855421686747,0.975609756097561,0.9523809523809523,1069
classification,MissForest,EnsembleSoft,0.2,7,4,0.8644143920110319,0.856477576053956,1287,321,"{'Basal': 168, 'Her2': 179, 'LumA': 560, 'LumB': 380}","{'Basal': 41, 'Her2': 45, 'LumA': 140, 'LumB': 95}",4,False,0.9078014184397163,0.9014084507042254,0.9142857142857143,0.8556701030927835,0.8383838383838383,0.8736842105263158,0.7441860465116279,0.7804878048780488,0.7111111111111111,0.95,0.9743589743589743,0.926829268292683,1069
classification,MissForest,EnsembleSoft,0.2,7,5,0.8813395761991117,0.8601902483481432,1287,321,"{'Basal': 167, 'Her2': 180, 'LumA': 560, 'LumB': 380}","{'Basal': 42, 'Her2': 44, 'LumA': 140, 'LumB': 95}",4,False,0.9172413793103448,0.8866666666666667,0.95,0.8865979381443299,0.8686868686868687,0.9052631578947369,0.7848101265822784,0.8857142857142857,0.7045454545454546,0.9367088607594937,1.0,0.8809523809523809,1069
classification,SimpleMean,EnsembleSoft,0.2,8,1,0.868391041656746,0.8651629072681704,1286,322,"{'Basal': 167, 'Her2': 179, 'LumA': 560, 'LumB': 380}","{'Basal': 42, 'Her2': 45, 'LumA': 140, 'LumB': 95}",4,False,0.9070631970260223,0.9457364341085271,0.8714285714285714,0.8682926829268293,0.8090909090909091,0.9368421052631579,0.8297872340425532,0.7959183673469388,0.8666666666666667,0.868421052631579,0.9705882352941176,0.7857142857142857,1070
classification,SimpleMean,EnsembleSoft,0.2,8,2,0.8831301216861449,0.8767961570593149,1286,322,"{'Basal': 167, 'Her2': 179, 'LumA': 560, 'LumB': 380}","{'Basal': 42, 'Her2': 45, 'LumA': 140, 'LumB': 95}",4,False,0.9241379310344827,0.8933333333333333,0.9571428571428572,0.8695652173913043,0.898876404494382,0.8421052631578947,0.8192771084337349,0.8947368421052632,0.7555555555555555,0.9195402298850575,0.8888888888888888,0.9523809523809523,1070
classification,SimpleMean,EnsembleSoft,0.2,8,3,0.8644650322601883,0.8605158730158731,1286,322,"{'Basal': 167, 'Her2': 179, 'LumA': 560, 'LumB': 380}","{'Basal': 42, 'Her2': 45, 'LumA': 140, 'LumB': 95}",4,False,0.9097222222222222,0.8851351351351351,0.9357142857142857,0.8306010928961749,0.8636363636363636,0.8,0.7777777777777778,0.7777777777777778,0.7777777777777778,0.9397590361445783,0.9512195121951219,0.9285714285714286,1070
classification,SimpleMean,EnsembleSoft,0.2,8,4,0.8634832930690242,0.8541498563481875,1287,321,"{'Basal': 168, 'Her2': 179, 'LumA': 560, 'LumB': 380}","{'Basal': 41, 'Her2': 45, 'LumA': 140, 'LumB': 95}",4,False,0.9071428571428571,0.9071428571428571,0.9071428571428571,0.8426395939086294,0.8137254901960784,0.8736842105263158,0.7674418604651163,0.8048780487804879,0.7333333333333333,0.9367088607594937,0.9736842105263158,0.9024390243902439,1070
classification,SimpleMean,EnsembleSoft,0.2,8,5,0.8450114242193449,0.8214655958077011,1287,321,"{'Basal': 167, 'Her2': 180, 'LumA': 560, 'LumB': 380}","{'Basal': 42, 'Her2': 44, 'LumA': 140, 'LumB': 95}",4,False,0.9020979020979021,0.8835616438356164,0.9214285714285714,0.8415841584158416,0.794392523364486,0.8947368421052632,0.7272727272727273,0.8484848484848485,0.6363636363636364,0.9090909090909091,1.0,0.8333333333333334,1070
classification,"KNN(k=5,dist)",EnsembleSoft,0.2,8,1,0.8668128654970759,0.862625313283208,1286,322,"{'Basal': 167, 'Her2': 179, 'LumA': 560, 'LumB': 380}","{'Basal': 42, 'Her2': 45, 'LumA': 140, 'LumB': 95}",4,False,0.9090909090909091,0.9259259259259259,0.8928571428571429,0.8686868686868687,0.8349514563106796,0.9052631578947369,0.8210526315789474,0.78,0.8666666666666667,0.868421052631579,0.9705882352941176,0.7857142857142857,1070
classification,"KNN(k=5,dist)",EnsembleSoft,0.2,8,2,0.875904976995817,0.8663847117794486,1286,322,"{'Basal': 167, 'Her2': 179, 'LumA': 560, 'LumB': 380}","{'Basal': 42, 'Her2': 45, 'LumA': 140, 'LumB': 95}",4,False,0.9278350515463918,0.8940397350993378,0.9642857142857143,0.8864864864864865,0.9111111111111111,0.8631578947368421,0.7951807228915663,0.868421052631579,0.7333333333333333,0.8941176470588236,0.8837209302325582,0.9047619047619048,1070
classification,"KNN(k=5,dist)",EnsembleSoft,0.2,8,3,0.870987887155185,0.8685672514619883,1286,322,"{'Basal': 167, 'Her2': 179, 'LumA': 560, 'LumB': 380}","{'Basal': 42, 'Her2': 45, 'LumA': 140, 'LumB': 95}",4,False,0.9252669039145908,0.9219858156028369,0.9285714285714286,0.8677248677248677,0.8723404255319149,0.8631578947368421,0.7526881720430108,0.7291666666666666,0.7777777777777778,0.9382716049382716,0.9743589743589743,0.9047619047619048,1070
classification,"KNN(k=5,dist)",EnsembleSoft,0.2,8,4,0.8626330347614868,0.8515694724616419,1287,321,"{'Basal': 168, 'Her2': 179, 'LumA': 560, 'LumB': 380}","{'Basal': 41, 'Her2': 45, 'LumA': 140, 'LumB': 95}",4,False,0.9187279151943463,0.9090909090909091,0.9285714285714286,0.8527918781725888,0.8235294117647058,0.8842105263157894,0.7407407407407407,0.8333333333333334,0.6666666666666666,0.9382716049382716,0.95,0.926829268292683,1070
classification,"KNN(k=5,dist)",EnsembleSoft,0.2,8,5,0.855810409103092,0.8336209842788791,1287,321,"{'Basal': 167, 'Her2': 180, 'LumA': 560, 'LumB': 380}","{'Basal': 42, 'Her2': 44, 'LumA': 140, 'LumB': 95}",4,False,0.9128919860627178,0.891156462585034,0.9357142857142857,0.86,0.819047619047619,0.9052631578947369,0.7272727272727273,0.8484848484848485,0.6363636363636364,0.9230769230769231,1.0,0.8571428571428571,1070
classification,RFECA_SVR(k=5),EnsembleSoft,0.2,8,1,0.8533991678806498,0.8527568922305764,1286,322,"{'Basal': 167, 'Her2': 179, 'LumA': 560, 'LumB': 380}","{'Basal': 42, 'Her2': 45, 'LumA': 140, 'LumB': 95}",4,False,0.8838951310861424,0.9291338582677166,0.8428571428571429,0.848780487804878,0.7909090909090909,0.9157894736842105,0.8125,0.7647058823529411,0.8666666666666667,0.868421052631579,0.9705882352941176,0.7857142857142857,1070
classification,RFECA_SVR(k=5),EnsembleSoft,0.2,8,2,0.8747904711521154,0.8644945697577276,1286,322,"{'Basal': 167, 'Her2': 179, 'LumA': 560, 'LumB': 380}","{'Basal': 42, 'Her2': 45, 'LumA': 140, 'LumB': 95}",4,False,0.9178082191780822,0.881578947368421,0.9571428571428572,0.8743169398907104,0.9090909090909091,0.8421052631578947,0.8045977011494253,0.8333333333333334,0.7777777777777778,0.9024390243902439,0.925,0.8809523809523809,1070
classification,RFECA_SVR(k=5),EnsembleSoft,0.2,8,3,0.8727528282529025,0.868703007518797,1286,322,"{'Basal': 167, 'Her2': 179, 'LumA': 560, 'LumB': 380}","{'Basal': 42, 'Her2': 45, 'LumA': 140, 'LumB': 95}",4,False,0.9097222222222222,0.8851351351351351,0.9357142857142857,0.8415300546448088,0.875,0.8105263157894737,0.8,0.8,0.8,0.9397590361445783,0.9512195121951219,0.9285714285714286,1070
classification,RFECA_SVR(k=5),EnsembleSoft,0.2,8,4,0.870715872160775,0.8565830225971434,1287,321,"{'Basal': 168, 'Her2': 179, 'LumA': 560, 'LumB': 380}","{'Basal': 41, 'Her2': 45, 'LumA': 140, 'LumB': 95}",4,False,0.9090909090909091,0.8904109589041096,0.9285714285714286,0.865979381443299,0.8484848484848485,0.8842105263157894,0.7710843373493976,0.8421052631578947,0.7111111111111111,0.9367088607594937,0.9736842105263158,0.9024390243902439,1070
classification,RFECA_SVR(k=5),EnsembleSoft,0.2,8,5,0.8472383095608432,0.8246183640920484,1287,321,"{'Basal': 167, 'Her2': 180, 'LumA': 560, 'LumB': 380}","{'Basal': 42, 'Her2': 44, 'LumA': 140, 'LumB': 95}",4,False,0.9128919860627178,0.891156462585034,0.9357142857142857,0.8656716417910447,0.8207547169811321,0.9157894736842105,0.7012987012987013,0.8181818181818182,0.6136363636363636,0.9090909090909091,1.0,0.8333333333333334,1070
classification,RFECA_SVR(k=10),EnsembleSoft,0.2,8,1,0.847875643233519,0.8447577276524645,1286,322,"{'Basal': 167, 'Her2': 179, 'LumA': 560, 'LumB': 380}","{'Basal': 42, 'Her2': 45, 'LumA': 140, 'LumB': 95}",4,False,0.8985507246376812,0.9117647058823529,0.8857142857142857,0.841025641025641,0.82,0.8631578947368421,0.7835051546391752,0.7307692307692307,0.8444444444444444,0.868421052631579,0.9705882352941176,0.7857142857142857,1070
classification,RFECA_SVR(k=10),EnsembleSoft,0.2,8,2,0.8690466940691559,0.8615705931495405,1286,322,"{'Basal': 167, 'Her2': 179, 'LumA': 560, 'LumB': 380}","{'Basal': 42, 'Her2': 45, 'LumA': 140, 'LumB': 95}",4,False,0.9273356401384083,0.8993288590604027,0.9571428571428572,0.8756756756756757,0.9,0.8526315789473684,0.7816091954022989,0.8095238095238095,0.7555555555555555,0.891566265060241,0.9024390243902439,0.8809523809523809,1070
classification,RFECA_SVR(k=10),EnsembleSoft,0.2,8,3,0.866363140459526,0.8628550543024227,1286,322,"{'Basal': 167, 'Her2': 179, 'LumA': 560, 'LumB': 380}","{'Basal': 42, 'Her2': 45, 'LumA': 140, 'LumB': 95}",4,False,0.916083916083916,0.8972602739726028,0.9357142857142857,0.8540540540540541,0.8777777777777778,0.8315789473684211,0.7555555555555555,0.7555555555555555,0.7555555555555555,0.9397590361445783,0.9512195121951219,0.9285714285714286,1070
classification,RFECA_SVR(k=10),EnsembleSoft,0.2,8,4,0.873677095283887,0.8643723128960613,1287,321,"{'Basal': 168, 'Her2': 179, 'LumA': 560, 'LumB': 380}","{'Basal': 41, 'Her2': 45, 'LumA': 140, 'LumB': 95}",4,False,0.9078014184397163,0.9014084507042254,0.9142857142857143,0.8775510204081632,0.8514851485148515,0.9052631578947369,0.7710843373493976,0.8421052631578947,0.7111111111111111,0.9382716049382716,0.95,0.926829268292683,1070
classification,RFECA_SVR(k=10),EnsembleSoft,0.2,8,5,0.8470515070295982,0.8237724994303942,1287,321,"{'Basal': 167, 'Her2': 180, 'LumA': 560, 'LumB': 380}","{'Basal': 42, 'Her2': 44, 'LumA': 140, 'LumB': 95}",4,False,0.9134948096885813,0.8859060402684564,0.9428571428571428,0.864321608040201,0.8269230769230769,0.9052631578947369,0.7012987012987013,0.8181818181818182,0.6136363636363636,0.9090909090909091,1.0,0.8333333333333334,1070
classification,RFECA_SVR(k=20),EnsembleSoft,0.2,8,1,0.8447772385321991,0.8408939014202172,1286,322,"{'Basal': 167, 'Her2': 179, 'LumA': 560, 'LumB': 380}","{'Basal': 42, 'Her2': 45, 'LumA': 140, 'LumB': 95}",4,False,0.8905109489051095,0.9104477611940298,0.8714285714285714,0.8442211055276382,0.8076923076923077,0.8842105263157894,0.7872340425531915,0.7551020408163265,0.8222222222222222,0.8571428571428571,0.9428571428571428,0.7857142857142857,1070
classification,RFECA_SVR(k=20),EnsembleSoft,0.2,8,2,0.8743878248188592,0.8689118629908104,1286,322,"{'Basal': 167, 'Her2': 179, 'LumA': 560, 'LumB': 380}","{'Basal': 42, 'Her2': 45, 'LumA': 140, 'LumB': 95}",4,False,0.9310344827586207,0.9,0.9642857142857143,0.8901098901098901,0.9310344827586207,0.8526315789473684,0.7954545454545454,0.813953488372093,0.7777777777777778,0.8809523809523809,0.8809523809523809,0.8809523809523809,1070
classification,RFECA_SVR(k=20),EnsembleSoft,0.2,8,3,0.8725081423600457,0.8692564745196325,1286,322,"{'Basal': 167, 'Her2': 179, 'LumA': 560, 'LumB': 380}","{'Basal': 42, 'Her2': 45, 'LumA': 140, 'LumB': 95}",4,False,0.9122807017543859,0.896551724137931,0.9285714285714286,0.8602150537634409,0.8791208791208791,0.8421052631578947,0.7777777777777778,0.7777777777777778,0.7777777777777778,0.9397590361445783,0.9512195121951219,0.9285714285714286,1070
classification,RFECA_SVR(k=20),EnsembleSoft,0.2,8,4,0.8856463693104433,0.8752850113087598,1287,321,"{'Basal': 168, 'Her2': 179, 'LumA': 560, 'LumB': 380}","{'Basal': 41, 'Her2': 45, 'LumA': 140, 'LumB': 95}",4,False,0.9225352112676056,0.9097222222222222,0.9357142857142857,0.8865979381443299,0.8686868686868687,0.9052631578947369,0.7951807228915663,0.868421052631579,0.7333333333333333,0.9382716049382716,0.95,0.926829268292683,1070
classification,RFECA_SVR(k=20),EnsembleSoft,0.2,8,5,0.8550674995282248,0.8303941672362726,1287,321,"{'Basal': 167, 'Her2': 180, 'LumA': 560, 'LumB': 380}","{'Basal': 42, 'Her2': 44, 'LumA': 140, 'LumB': 95}",4,False,0.9209621993127147,0.8874172185430463,0.9571428571428572,0.8629441624365483,0.8333333333333334,0.8947368421052632,0.7272727272727273,0.8484848484848485,0.6363636363636364,0.9090909090909091,1.0,0.8333333333333334,1070
classification,MissForest,EnsembleSoft,0.2,8,1,0.8750351634559725,0.8696741854636592,1286,322,"{'Basal': 167, 'Her2': 179, 'LumA': 560, 'LumB': 380}","{'Basal': 42, 'Her2': 45, 'LumA': 140, 'LumB': 95}",4,False,0.9130434782608695,0.9264705882352942,0.9,0.8888888888888888,0.8543689320388349,0.9263157894736842,0.8297872340425532,0.7959183673469388,0.8666666666666667,0.868421052631579,0.9705882352941176,0.7857142857142857,1070
classification,MissForest,EnsembleSoft,0.2,8,2,0.8764610460948162,0.8681704260651629,1286,322,"{'Basal': 167, 'Her2': 179, 'LumA': 560, 'LumB': 380}","{'Basal': 42, 'Her2': 45, 'LumA': 140, 'LumB': 95}",4,False,0.9347079037800687,0.9006622516556292,0.9714285714285714,0.8913043478260869,0.9213483146067416,0.8631578947368421,0.7857142857142857,0.8461538461538461,0.7333333333333333,0.8941176470588236,0.8837209302325582,0.9047619047619048,1070
classification,MissForest,EnsembleSoft,0.2,8,3,0.8613875253906839,0.8572994987468671,1286,322,"{'Basal': 167, 'Her2': 179, 'LumA': 560, 'LumB': 380}","{'Basal': 42, 'Her2': 45, 'LumA': 140, 'LumB': 95}",4,False,0.9192982456140351,0.903448275862069,0.9357142857142857,0.8449197860962567,0.8586956521739131,0.8315789473684211,0.7415730337078652,0.75,0.7333333333333333,0.9397590361445783,0.9512195121951219,0.9285714285714286,1070
classification,MissForest,EnsembleSoft,0.2,8,4,0.8619070931390878,0.8543994641074231,1287,321,"{'Basal': 168, 'Her2': 179, 'LumA': 560, 'LumB': 380}","{'Basal': 41, 'Her2': 45, 'LumA': 140, 'LumB': 95}",4,False,0.9039145907473309,0.900709219858156,0.9071428571428571,0.8673469387755102,0.8415841584158416,0.8947368421052632,0.7380952380952381,0.7948717948717948,0.6888888888888889,0.9382716049382716,0.95,0.926829268292683,1070
classification,MissForest,EnsembleSoft,0.2,8,5,0.8674353474716452,0.8433954203691045,1287,321,"{'Basal': 167, 'Her2': 180, 'LumA': 560, 'LumB': 380}","{'Basal': 42, 'Her2': 44, 'LumA': 140, 'LumB': 95}",4,False,0.9310344827586207,0.9,0.9642857142857143,0.8787878787878788,0.8446601941747572,0.9157894736842105,0.7368421052631579,0.875,0.6363636363636364,0.9230769230769231,1.0,0.8571428571428571,1070
classification,SimpleMean,EnsembleSoft,0.2,9,1,0.8380499535851945,0.8374269005847954,1286,322,"{'Basal': 167, 'Her2': 179, 'LumA': 560, 'LumB': 380}","{'Basal': 42, 'Her2': 45, 'LumA': 140, 'LumB': 95}",4,False,0.8856088560885609,0.916030534351145,0.8571428571428571,0.8557213930348259,0.8113207547169812,0.9052631578947369,0.7608695652173914,0.7446808510638298,0.7777777777777778,0.85,0.8947368421052632,0.8095238095238095,1071
classification,SimpleMean,EnsembleSoft,0.2,9,2,0.8805833642318626,0.8693609022556391,1286,322,"{'Basal': 167, 'Her2': 179, 'LumA': 560, 'LumB': 380}","{'Basal': 42, 'Her2': 45, 'LumA': 140, 'LumB': 95}",4,False,0.9241379310344827,0.8933333333333333,0.9571428571428572,0.8817204301075269,0.9010989010989011,0.8631578947368421,0.8275862068965517,0.8571428571428571,0.8,0.8888888888888888,0.9230769230769231,0.8571428571428571,1071
classification,SimpleMean,EnsembleSoft,0.2,9,3,0.8694273065501643,0.8638888888888889,1286,322,"{'Basal': 167, 'Her2': 179, 'LumA': 560, 'LumB': 380}","{'Basal': 42, 'Her2': 45, 'LumA': 140, 'LumB': 95}",4,False,0.9059233449477352,0.8843537414965986,0.9285714285714286,0.8260869565217391,0.8539325842696629,0.8,0.7956989247311828,0.7708333333333334,0.8222222222222222,0.95,1.0,0.9047619047619048,1071
classification,SimpleMean,EnsembleSoft,0.2,9,4,0.8647321553734255,0.8570310430547915,1287,321,"{'Basal': 168, 'Her2': 179, 'LumA': 560, 'LumB': 380}","{'Basal': 41, 'Her2': 45, 'LumA': 140, 'LumB': 95}",4,False,0.9136690647482014,0.9202898550724637,0.9071428571428571,0.86,0.819047619047619,0.9052631578947369,0.7469879518072289,0.8157894736842105,0.6888888888888889,0.9382716049382716,0.95,0.926829268292683,1071
classification,SimpleMean,EnsembleSoft,0.2,9,5,0.8573095787091731,0.8414986329460014,1287,321,"{'Basal': 167, 'Her2': 180, 'LumA': 560, 'LumB': 380}","{'Basal': 42, 'Her2': 44, 'LumA': 140, 'LumB': 95}",4,False,0.9172413793103448,0.8866666666666667,0.95,0.8359788359788359,0.8404255319148937,0.8315789473684211,0.7529411764705882,0.7804878048780488,0.7272727272727273,0.9230769230769231,1.0,0.8571428571428571,1071
classification,"KNN(k=5,dist)",EnsembleSoft,0.2,9,1,0.8252670830469693,0.8219507101086049,1286,322,"{'Basal': 167, 'Her2': 179, 'LumA': 560, 'LumB': 380}","{'Basal': 42, 'Her2': 45, 'LumA': 140, 'LumB': 95}",4,False,0.8740740740740741,0.9076923076923077,0.8428571428571429,0.8431372549019608,0.7889908256880734,0.9052631578947369,0.7526881720430108,0.7291666666666666,0.7777777777777778,0.8311688311688312,0.9142857142857143,0.7619047619047619,1071
classification,"KNN(k=5,dist)",EnsembleSoft,0.2,9,2,0.8976954772864488,0.8831975772765246,1286,322,"{'Basal': 167, 'Her2': 179, 'LumA': 560, 'LumB': 380}","{'Basal': 42, 'Her2': 45, 'LumA': 140, 'LumB': 95}",4,False,0.9319727891156463,0.8896103896103896,0.9785714285714285,0.8852459016393442,0.9204545454545454,0.8526315789473684,0.8735632183908046,0.9047619047619048,0.8444444444444444,0.9,0.9473684210526315,0.8571428571428571,1071
classification,"KNN(k=5,dist)",EnsembleSoft,0.2,9,3,0.8805205801218147,0.8763471177944862,1286,322,"{'Basal': 167, 'Her2': 179, 'LumA': 560, 'LumB': 380}","{'Basal': 42, 'Her2': 45, 'LumA': 140, 'LumB': 95}",4,False,0.9148936170212766,0.9084507042253521,0.9214285714285714,0.8315789473684211,0.8315789473684211,0.8315789473684211,0.8,0.8,0.8,0.975609756097561,1.0,0.9523809523809523,1071
classification,"KNN(k=5,dist)",EnsembleSoft,0.2,9,4,0.8617303250723554,0.8538574586873688,1287,321,"{'Basal': 168, 'Her2': 179, 'LumA': 560, 'LumB': 380}","{'Basal': 41, 'Her2': 45, 'LumA': 140, 'LumB': 95}",4,False,0.910394265232975,0.9136690647482014,0.9071428571428571,0.8585858585858586,0.8252427184466019,0.8947368421052632,0.7529411764705882,0.8,0.7111111111111111,0.925,0.9487179487179487,0.9024390243902439,1071
classification,"KNN(k=5,dist)",EnsembleSoft,0.2,9,5,0.8606648619363357,0.8404106858054226,1287,321,"{'Basal': 167, 'Her2': 180, 'LumA': 560, 'LumB': 380}","{'Basal': 42, 'Her2': 44, 'LumA': 140, 'LumB': 95}",4,False,0.9097222222222222,0.8851351351351351,0.9357142857142857,0.8367346938775511,0.8118811881188119,0.8631578947368421,0.759493670886076,0.8571428571428571,0.6818181818181818,0.9367088607594937,1.0,0.8809523809523809,1071
classification,RFECA_SVR(k=5),EnsembleSoft,0.2,9,1,0.8406533902590463,0.83718671679198,1286,322,"{'Basal': 167, 'Her2': 179, 'LumA': 560, 'LumB': 380}","{'Basal': 42, 'Her2': 45, 'LumA': 140, 'LumB': 95}",4,False,0.8847583643122676,0.9224806201550387,0.85,0.8640776699029126,0.8018018018018018,0.9368421052631579,0.782608695652174,0.7659574468085106,0.8,0.8311688311688312,0.9142857142857143,0.7619047619047619,1071
classification,RFECA_SVR(k=5),EnsembleSoft,0.2,9,2,0.9057291124347149,0.8932748538011697,1286,322,"{'Basal': 167, 'Her2': 179, 'LumA': 560, 'LumB': 380}","{'Basal': 42, 'Her2': 45, 'LumA': 140, 'LumB': 95}",4,False,0.9419795221843004,0.9019607843137255,0.9857142857142858,0.9180327868852459,0.9545454545454546,0.8842105263157894,0.8604651162790697,0.9024390243902439,0.8222222222222222,0.9024390243902439,0.925,0.8809523809523809,1071
classification,RFECA_SVR(k=5),EnsembleSoft,0.2,9,3,0.8730705750313592,0.8662280701754387,1286,322,"{'Basal': 167, 'Her2': 179, 'LumA': 560, 'LumB': 380}","{'Basal': 42, 'Her2': 45, 'LumA': 140, 'LumB': 95}",4,False,0.9090909090909091,0.8904109589041096,0.9285714285714286,0.8449197860962567,0.8586956521739131,0.8315789473684211,0.8,0.8,0.8,0.9382716049382716,0.9743589743589743,0.9047619047619048,1071
classification,RFECA_SVR(k=5),EnsembleSoft,0.2,9,4,0.8578056622035566,0.8486997473358192,1287,321,"{'Basal': 168, 'Her2': 179, 'LumA': 560, 'LumB': 380}","{'Basal': 41, 'Her2': 45, 'LumA': 140, 'LumB': 95}",4,False,0.9148936170212766,0.9084507042253521,0.9214285714285714,0.865979381443299,0.8484848484848485,0.8842105263157894,0.7272727272727273,0.7441860465116279,0.7111111111111111,0.9230769230769231,0.972972972972973,0.8780487804878049,1071
classification,RFECA_SVR(k=5),EnsembleSoft,0.2,9,5,0.8651241528848141,0.8470522898154478,1287,321,"{'Basal': 167, 'Her2': 180, 'LumA': 560, 'LumB': 380}","{'Basal': 42, 'Her2': 44, 'LumA': 140, 'LumB': 95}",4,False,0.9003436426116839,0.8675496688741722,0.9357142857142857,0.837696335078534,0.8333333333333334,0.8421052631578947,0.759493670886076,0.8571428571428571,0.6818181818181818,0.9629629629629629,1.0,0.9285714285714286,1071
classification,RFECA_SVR(k=10),EnsembleSoft,0.2,9,1,0.8589462666787145,0.8560359231411863,1286,322,"{'Basal': 167, 'Her2': 179, 'LumA': 560, 'LumB': 380}","{'Basal': 42, 'Her2': 45, 'LumA': 140, 'LumB': 95}",4,False,0.8888888888888888,0.9230769230769231,0.8571428571428571,0.8725490196078431,0.8165137614678899,0.9368421052631579,0.8172043010752689,0.7916666666666666,0.8444444444444444,0.8571428571428571,0.9428571428571428,0.7857142857142857,1071
classification,RFECA_SVR(k=10),EnsembleSoft,0.2,9,2,0.9028390246653838,0.8930242272347536,1286,322,"{'Basal': 167, 'Her2': 179, 'LumA': 560, 'LumB': 380}","{'Basal': 42, 'Her2': 45, 'LumA': 140, 'LumB': 95}",4,False,0.9379310344827586,0.9066666666666666,0.9714285714285714,0.8972972972972973,0.9222222222222223,0.8736842105263158,0.8604651162790697,0.9024390243902439,0.8222222222222222,0.9156626506024096,0.926829268292683,0.9047619047619048,1071
classification,RFECA_SVR(k=10),EnsembleSoft,0.2,9,3,0.860166127919751,0.8554093567251462,1286,322,"{'Basal': 167, 'Her2': 179, 'LumA': 560, 'LumB': 380}","{'Basal': 42, 'Her2': 45, 'LumA': 140, 'LumB': 95}",4,False,0.9090909090909091,0.8904109589041096,0.9285714285714286,0.8324324324324325,0.8555555555555555,0.8105263157894737,0.7608695652173914,0.7446808510638298,0.7777777777777778,0.9382716049382716,0.9743589743589743,0.9047619047619048,1071
classification,RFECA_SVR(k=10),EnsembleSoft,0.2,9,4,0.8717088352133919,0.8586725961244576,1287,321,"{'Basal': 168, 'Her2': 179, 'LumA': 560, 'LumB': 380}","{'Basal': 41, 'Her2': 45, 'LumA': 140, 'LumB': 95}",4,False,0.9154929577464789,0.9027777777777778,0.9285714285714286,0.8717948717948718,0.85,0.8947368421052632,0.7764705882352941,0.825,0.7333333333333333,0.9230769230769231,0.972972972972973,0.8780487804878049,1071
classification,RFECA_SVR(k=10),EnsembleSoft,0.2,9,5,0.8663328171455291,0.8527341079972659,1287,321,"{'Basal': 167, 'Her2': 180, 'LumA': 560, 'LumB': 380}","{'Basal': 42, 'Her2': 44, 'LumA': 140, 'LumB': 95}",4,False,0.9065743944636678,0.8791946308724832,0.9357142857142857,0.8421052631578947,0.8421052631578947,0.8421052631578947,0.7654320987654321,0.8378378378378378,0.7045454545454546,0.9512195121951219,0.975,0.9285714285714286,1071
classification,RFECA_SVR(k=20),EnsembleSoft,0.2,9,1,0.8551663827873065,0.854250208855472,1286,322,"{'Basal': 167, 'Her2': 179, 'LumA': 560, 'LumB': 380}","{'Basal': 42, 'Her2': 45, 'LumA': 140, 'LumB': 95}",4,False,0.8847583643122676,0.9224806201550387,0.85,0.8725490196078431,0.8165137614678899,0.9368421052631579,0.8172043010752689,0.7916666666666666,0.8444444444444444,0.8461538461538461,0.9166666666666666,0.7857142857142857,1071
classification,RFECA_SVR(k=20),EnsembleSoft,0.2,9,2,0.903095062899532,0.8921783625730995,1286,322,"{'Basal': 167, 'Her2': 179, 'LumA': 560, 'LumB': 380}","{'Basal': 42, 'Her2': 45, 'LumA': 140, 'LumB': 95}",4,False,0.9351535836177475,0.8954248366013072,0.9785714285714285,0.9010989010989011,0.9425287356321839,0.8631578947368421,0.8604651162790697,0.9024390243902439,0.8222222222222222,0.9156626506024096,0.926829268292683,0.9047619047619048,1071
classification,RFECA_SVR(k=20),EnsembleSoft,0.2,9,3,0.8598963279247203,0.8551169590643274,1286,322,"{'Basal': 167, 'Her2': 179, 'LumA': 560, 'LumB': 380}","{'Basal': 42, 'Her2': 45, 'LumA': 140, 'LumB': 95}",4,False,0.9122807017543859,0.896551724137931,0.9285714285714286,0.8449197860962567,0.8586956521739131,0.8315789473684211,0.7555555555555555,0.7555555555555555,0.7555555555555555,0.926829268292683,0.95,0.9047619047619048,1071
classification,RFECA_SVR(k=20),EnsembleSoft,0.2,9,4,0.8834939671727238,0.8695852945371559,1287,321,"{'Basal': 168, 'Her2': 179, 'LumA': 560, 'LumB': 380}","{'Basal': 41, 'Her2': 45, 'LumA': 140, 'LumB': 95}",4,False,0.9300699300699301,0.910958904109589,0.95,0.8808290155440415,0.8673469387755102,0.8947368421052632,0.8,0.85,0.7555555555555555,0.9230769230769231,0.972972972972973,0.8780487804878049,1071
classification,RFECA_SVR(k=20),EnsembleSoft,0.2,9,5,0.8863357812647873,0.873350991114149,1287,321,"{'Basal': 167, 'Her2': 180, 'LumA': 560, 'LumB': 380}","{'Basal': 42, 'Her2': 44, 'LumA': 140, 'LumB': 95}",4,False,0.9172413793103448,0.8866666666666667,0.95,0.8556149732620321,0.8695652173913043,0.8421052631578947,0.8095238095238095,0.85,0.7727272727272727,0.9629629629629629,1.0,0.9285714285714286,1071
classification,MissForest,EnsembleSoft,0.2,9,1,0.8442905056759545,0.8432852965747704,1286,322,"{'Basal': 167, 'Her2': 179, 'LumA': 560, 'LumB': 380}","{'Basal': 42, 'Her2': 45, 'LumA': 140, 'LumB': 95}",4,False,0.8897058823529411,0.9166666666666666,0.8642857142857143,0.88,0.8380952380952381,0.9263157894736842,0.7916666666666666,0.7450980392156863,0.8444444444444444,0.8157894736842105,0.9117647058823529,0.7380952380952381,1071
classification,MissForest,EnsembleSoft,0.2,9,2,0.9086862500620065,0.8948099415204679,1286,322,"{'Basal': 167, 'Her2': 179, 'LumA': 560, 'LumB': 380}","{'Basal': 42, 'Her2': 45, 'LumA': 140, 'LumB': 95}",4,False,0.9351535836177475,0.8954248366013072,0.9785714285714285,0.9021739130434783,0.9325842696629213,0.8736842105263158,0.8705882352941177,0.925,0.8222222222222222,0.926829268292683,0.95,0.9047619047619048,1071
classification,MissForest,EnsembleSoft,0.2,9,3,0.8752204359609486,0.8717836257309942,1286,322,"{'Basal': 167, 'Her2': 179, 'LumA': 560, 'LumB': 380}","{'Basal': 42, 'Her2': 45, 'LumA': 140, 'LumB': 95}",4,False,0.9187279151943463,0.9090909090909091,0.9285714285714286,0.8449197860962567,0.8586956521739131,0.8315789473684211,0.7872340425531915,0.7551020408163265,0.8222222222222222,0.95,1.0,0.9047619047619048,1071
classification,MissForest,EnsembleSoft,0.2,9,4,0.8607843952390467,0.8484073496750005,1287,321,"{'Basal': 168, 'Her2': 179, 'LumA': 560, 'LumB': 380}","{'Basal': 41, 'Her2': 45, 'LumA': 140, 'LumB': 95}",4,False,0.911660777385159,0.9020979020979021,0.9214285714285714,0.8730964467005076,0.8431372549019608,0.9052631578947369,0.7469879518072289,0.8157894736842105,0.6888888888888889,0.9113924050632911,0.9473684210526315,0.8780487804878049,1071
classification,MissForest,EnsembleSoft,0.2,9,5,0.8607582124051807,0.8424669628616996,1287,321,"{'Basal': 167, 'Her2': 180, 'LumA': 560, 'LumB': 380}","{'Basal': 42, 'Her2': 44, 'LumA': 140, 'LumB': 95}",4,False,0.9134948096885813,0.8859060402684564,0.9428571428571428,0.845360824742268,0.8282828282828283,0.8631578947368421,0.7341772151898734,0.8285714285714286,0.6590909090909091,0.95,1.0,0.9047619047619048,1071
classification,SimpleMean,EnsembleSoft,0.3,0,1,0.8393144866829078,0.8382623224728488,1286,322,"{'Basal': 167, 'Her2': 179, 'LumA': 560, 'LumB': 380}","{'Basal': 42, 'Her2': 45, 'LumA': 140, 'LumB': 95}",4,False,0.8937728937728938,0.9172932330827067,0.8714285714285714,0.8383838383838383,0.8058252427184466,0.8736842105263158,0.7789473684210526,0.74,0.8222222222222222,0.8461538461538461,0.9166666666666666,0.7857142857142857,1072
classification,SimpleMean,EnsembleSoft,0.3,0,2,0.8865980357154699,0.8666353383458647,1286,322,"{'Basal': 167, 'Her2': 179, 'LumA': 560, 'LumB': 380}","{'Basal': 42, 'Her2': 45, 'LumA': 140, 'LumB': 95}",4,False,0.9288135593220339,0.8838709677419355,0.9785714285714285,0.8877005347593583,0.9021739130434783,0.8736842105263158,0.8048780487804879,0.8918918918918919,0.7333333333333333,0.925,0.9736842105263158,0.8809523809523809,1072
classification,SimpleMean,EnsembleSoft,0.3,0,3,0.8461202803579682,0.8413116123642439,1286,322,"{'Basal': 167, 'Her2': 179, 'LumA': 560, 'LumB': 380}","{'Basal': 42, 'Her2': 45, 'LumA': 140, 'LumB': 95}",4,False,0.89198606271777,0.8707482993197279,0.9142857142857143,0.7978142076502732,0.8295454545454546,0.7684210526315789,0.7446808510638298,0.7142857142857143,0.7777777777777778,0.95,1.0,0.9047619047619048,1072
classification,SimpleMean,EnsembleSoft,0.3,0,4,0.8558737657473612,0.8530115940257147,1287,321,"{'Basal': 168, 'Her2': 179, 'LumA': 560, 'LumB': 380}","{'Basal': 41, 'Her2': 45, 'LumA': 140, 'LumB': 95}",4,False,0.9309090909090909,0.9481481481481482,0.9142857142857143,0.8484848484848485,0.8155339805825242,0.8842105263157894,0.7191011235955056,0.7272727272727273,0.7111111111111111,0.925,0.9487179487179487,0.9024390243902439,1072
classification,SimpleMean,EnsembleSoft,0.3,0,5,0.8635017048156857,0.8424669628616996,1287,321,"{'Basal': 167, 'Her2': 180, 'LumA': 560, 'LumB': 380}","{'Basal': 42, 'Her2': 44, 'LumA': 140, 'LumB': 95}",4,False,0.9072164948453608,0.8741721854304636,0.9428571428571428,0.845360824742268,0.8282828282828283,0.8631578947368421,0.7631578947368421,0.90625,0.6590909090909091,0.9382716049382716,0.9743589743589743,0.9047619047619048,1072
classification,"KNN(k=5,dist)",EnsembleSoft,0.3,0,1,0.8391267809530891,0.8355889724310778,1286,322,"{'Basal': 167, 'Her2': 179, 'LumA': 560, 'LumB': 380}","{'Basal': 42, 'Her2': 45, 'LumA': 140, 'LumB': 95}",4,False,0.9051094890510949,0.9253731343283582,0.8857142857142857,0.8542713567839196,0.8173076923076923,0.8947368421052632,0.7659574468085106,0.7346938775510204,0.8,0.8311688311688312,0.9142857142857143,0.7619047619047619,1072
classification,"KNN(k=5,dist)",EnsembleSoft,0.3,0,2,0.8829037720455631,0.8666353383458647,1286,322,"{'Basal': 167, 'Her2': 179, 'LumA': 560, 'LumB': 380}","{'Basal': 42, 'Her2': 45, 'LumA': 140, 'LumB': 95}",4,False,0.9351535836177475,0.8954248366013072,0.9785714285714285,0.8877005347593583,0.9021739130434783,0.8736842105263158,0.7951807228915663,0.868421052631579,0.7333333333333333,0.9135802469135802,0.9487179487179487,0.8809523809523809,1072
classification,"KNN(k=5,dist)",EnsembleSoft,0.3,0,3,0.8349667092328875,0.8355576441102757,1286,322,"{'Basal': 167, 'Her2': 179, 'LumA': 560, 'LumB': 380}","{'Basal': 42, 'Her2': 45, 'LumA': 140, 'LumB': 95}",4,False,0.8896797153024911,0.8865248226950354,0.8928571428571429,0.7934782608695652,0.8202247191011236,0.7684210526315789,0.72,0.6545454545454545,0.8,0.9367088607594937,1.0,0.8809523809523809,1072
classification,"KNN(k=5,dist)",EnsembleSoft,0.3,0,4,0.8538618716197736,0.8483958880942194,1287,321,"{'Basal': 168, 'Her2': 179, 'LumA': 560, 'LumB': 380}","{'Basal': 41, 'Her2': 45, 'LumA': 140, 'LumB': 95}",4,False,0.9252669039145908,0.9219858156028369,0.9285714285714286,0.8556701030927835,0.8383838383838383,0.8736842105263158,0.7209302325581395,0.7560975609756098,0.6888888888888889,0.9135802469135802,0.925,0.9024390243902439,1072
classification,"KNN(k=5,dist)",EnsembleSoft,0.3,0,5,0.8478831436420722,0.8251310093415357,1287,321,"{'Basal': 167, 'Her2': 180, 'LumA': 560, 'LumB': 380}","{'Basal': 42, 'Her2': 44, 'LumA': 140, 'LumB': 95}",4,False,0.9115646258503401,0.8701298701298701,0.9571428571428572,0.8645833333333334,0.8556701030927835,0.8736842105263158,0.717948717948718,0.8235294117647058,0.6363636363636364,0.8974358974358975,0.9722222222222222,0.8333333333333334,1072
classification,RFECA_SVR(k=5),EnsembleSoft,0.3,0,1,0.8425191687204886,0.8474937343358396,1286,322,"{'Basal': 167, 'Her2': 179, 'LumA': 560, 'LumB': 380}","{'Basal': 42, 'Her2': 45, 'LumA': 140, 'LumB': 95}",4,False,0.8905660377358491,0.944,0.8428571428571429,0.8374384236453202,0.7870370370370371,0.8947368421052632,0.7959183673469388,0.7358490566037735,0.8666666666666667,0.8461538461538461,0.9166666666666666,0.7857142857142857,1072
classification,RFECA_SVR(k=5),EnsembleSoft,0.3,0,2,0.8882068734174475,0.8737259816207185,1286,322,"{'Basal': 167, 'Her2': 179, 'LumA': 560, 'LumB': 380}","{'Basal': 42, 'Her2': 45, 'LumA': 140, 'LumB': 95}",4,False,0.9251700680272109,0.8831168831168831,0.9714285714285714,0.8913043478260869,0.9213483146067416,0.8631578947368421,0.8095238095238095,0.8717948717948718,0.7555555555555555,0.926829268292683,0.95,0.9047619047619048,1072
classification,RFECA_SVR(k=5),EnsembleSoft,0.3,0,3,0.8449882892290258,0.8454782790309106,1286,322,"{'Basal': 167, 'Her2': 179, 'LumA': 560, 'LumB': 380}","{'Basal': 42, 'Her2': 45, 'LumA': 140, 'LumB': 95}",4,False,0.8975265017667845,0.8881118881118881,0.9071428571428571,0.7978142076502732,0.8295454545454546,0.7684210526315789,0.7216494845360825,0.6730769230769231,0.7777777777777778,0.9629629629629629,1.0,0.9285714285714286,1072
classification,RFECA_SVR(k=5),EnsembleSoft,0.3,0,4,0.8658066339611975,0.8576283187643907,1287,321,"{'Basal': 168, 'Her2': 179, 'LumA': 560, 'LumB': 380}","{'Basal': 41, 'Her2': 45, 'LumA': 140, 'LumB': 95}",4,False,0.9403508771929825,0.9241379310344827,0.9571428571428572,0.8842105263157894,0.8842105263157894,0.8842105263157894,0.7272727272727273,0.7441860465116279,0.7111111111111111,0.9113924050632911,0.9473684210526315,0.8780487804878049,1072
classification,RFECA_SVR(k=5),EnsembleSoft,0.3,0,5,0.8437293915305613,0.8216735019366599,1287,321,"{'Basal': 167, 'Her2': 180, 'LumA': 560, 'LumB': 380}","{'Basal': 42, 'Her2': 44, 'LumA': 140, 'LumB': 95}",4,False,0.9016949152542373,0.8580645161290322,0.95,0.837696335078534,0.8333333333333334,0.8421052631578947,0.7105263157894737,0.84375,0.6136363636363636,0.925,0.9736842105263158,0.8809523809523809,1072
classification,RFECA_SVR(k=10),EnsembleSoft,0.3,0,1,0.8397196703852315,0.8399540517961571,1286,322,"{'Basal': 167, 'Her2': 179, 'LumA': 560, 'LumB': 380}","{'Basal': 42, 'Her2': 45, 'LumA': 140, 'LumB': 95}",4,False,0.8921933085501859,0.9302325581395349,0.8571428571428571,0.8415841584158416,0.794392523364486,0.8947368421052632,0.7789473684210526,0.74,0.8222222222222222,0.8461538461538461,0.9166666666666666,0.7857142857142857,1072
classification,RFECA_SVR(k=10),EnsembleSoft,0.3,0,2,0.8907056420827608,0.8724832915622389,1286,322,"{'Basal': 167, 'Her2': 179, 'LumA': 560, 'LumB': 380}","{'Basal': 42, 'Her2': 45, 'LumA': 140, 'LumB': 95}",4,False,0.9288135593220339,0.8838709677419355,0.9785714285714285,0.8756756756756757,0.9,0.8526315789473684,0.8333333333333334,0.8974358974358975,0.7777777777777778,0.925,0.9736842105263158,0.8809523809523809,1072
classification,RFECA_SVR(k=10),EnsembleSoft,0.3,0,3,0.8504487508952443,0.8510338345864661,1286,322,"{'Basal': 167, 'Her2': 179, 'LumA': 560, 'LumB': 380}","{'Basal': 42, 'Her2': 45, 'LumA': 140, 'LumB': 95}",4,False,0.8943661971830986,0.8819444444444444,0.9071428571428571,0.8021978021978022,0.8390804597701149,0.7684210526315789,0.7422680412371134,0.6923076923076923,0.8,0.9629629629629629,1.0,0.9285714285714286,1072
classification,RFECA_SVR(k=10),EnsembleSoft,0.3,0,4,0.8625179009819968,0.855195152515435,1287,321,"{'Basal': 168, 'Her2': 179, 'LumA': 560, 'LumB': 380}","{'Basal': 41, 'Her2': 45, 'LumA': 140, 'LumB': 95}",4,False,0.9290780141843972,0.9225352112676056,0.9357142857142857,0.8645833333333334,0.8556701030927835,0.8736842105263158,0.7333333333333333,0.7333333333333333,0.7333333333333333,0.9230769230769231,0.972972972972973,0.8780487804878049,1072
classification,RFECA_SVR(k=10),EnsembleSoft,0.3,0,5,0.8509681391560657,0.8299868990658464,1287,321,"{'Basal': 167, 'Her2': 180, 'LumA': 560, 'LumB': 380}","{'Basal': 42, 'Her2': 44, 'LumA': 140, 'LumB': 95}",4,False,0.9078498293515358,0.869281045751634,0.95,0.84375,0.8350515463917526,0.8526315789473684,0.7272727272727273,0.8484848484848485,0.6363636363636364,0.925,0.9736842105263158,0.8809523809523809,1072
classification,RFECA_SVR(k=20),EnsembleSoft,0.3,0,1,0.8237402809769387,0.822639933166249,1286,322,"{'Basal': 167, 'Her2': 179, 'LumA': 560, 'LumB': 380}","{'Basal': 42, 'Her2': 45, 'LumA': 140, 'LumB': 95}",4,False,0.8805970149253731,0.921875,0.8428571428571429,0.8235294117647058,0.7706422018348624,0.8842105263157894,0.7446808510638298,0.7142857142857143,0.7777777777777778,0.8461538461538461,0.9166666666666666,0.7857142857142857,1072
classification,RFECA_SVR(k=20),EnsembleSoft,0.3,0,2,0.8977714263198667,0.885233918128655,1286,322,"{'Basal': 167, 'Her2': 179, 'LumA': 560, 'LumB': 380}","{'Basal': 42, 'Her2': 45, 'LumA': 140, 'LumB': 95}",4,False,0.9315068493150684,0.8947368421052632,0.9714285714285714,0.8864864864864865,0.9111111111111111,0.8631578947368421,0.8333333333333334,0.8974358974358975,0.7777777777777778,0.9397590361445783,0.9512195121951219,0.9285714285714286,1072
classification,RFECA_SVR(k=20),EnsembleSoft,0.3,0,3,0.8493976199842643,0.8515873015873017,1286,322,"{'Basal': 167, 'Her2': 179, 'LumA': 560, 'LumB': 380}","{'Basal': 42, 'Her2': 45, 'LumA': 140, 'LumB': 95}",4,False,0.9,0.9,0.9,0.8172043010752689,0.8351648351648352,0.8,0.7291666666666666,0.6862745098039216,0.7777777777777778,0.9512195121951219,0.975,0.9285714285714286,1072
classification,RFECA_SVR(k=20),EnsembleSoft,0.3,0,4,0.8717363758809615,0.8608019031318134,1287,321,"{'Basal': 168, 'Her2': 179, 'LumA': 560, 'LumB': 380}","{'Basal': 41, 'Her2': 45, 'LumA': 140, 'LumB': 95}",4,False,0.9337979094076655,0.9115646258503401,0.9571428571428572,0.8900523560209425,0.8854166666666666,0.8947368421052632,0.7380952380952381,0.7948717948717948,0.6888888888888889,0.925,0.9487179487179487,0.9024390243902439,1072
classification,RFECA_SVR(k=20),EnsembleSoft,0.3,0,5,0.8506124003750586,0.8304055593529277,1287,321,"{'Basal': 167, 'Her2': 180, 'LumA': 560, 'LumB': 380}","{'Basal': 42, 'Her2': 44, 'LumA': 140, 'LumB': 95}",4,False,0.9047619047619048,0.8636363636363636,0.95,0.8359788359788359,0.8404255319148937,0.8315789473684211,0.725,0.8055555555555556,0.6590909090909091,0.9367088607594937,1.0,0.8809523809523809,1072
classification,MissForest,EnsembleSoft,0.3,0,1,0.8626392332986883,0.8598475355054302,1286,322,"{'Basal': 167, 'Her2': 179, 'LumA': 560, 'LumB': 380}","{'Basal': 42, 'Her2': 45, 'LumA': 140, 'LumB': 95}",4,False,0.9044117647058824,0.9318181818181818,0.8785714285714286,0.8557213930348259,0.8113207547169812,0.9052631578947369,0.8043478260869565,0.7872340425531915,0.8222222222222222,0.8860759493670886,0.9459459459459459,0.8333333333333334,1072
classification,MissForest,EnsembleSoft,0.3,0,2,0.8776817388866114,0.8648496240601504,1286,322,"{'Basal': 167, 'Her2': 179, 'LumA': 560, 'LumB': 380}","{'Basal': 42, 'Her2': 45, 'LumA': 140, 'LumB': 95}",4,False,0.9315068493150684,0.8947368421052632,0.9714285714285714,0.8924731182795699,0.9120879120879121,0.8736842105263158,0.7951807228915663,0.868421052631579,0.7333333333333333,0.891566265060241,0.9024390243902439,0.8809523809523809,1072
classification,MissForest,EnsembleSoft,0.3,0,3,0.8680281964904266,0.8699456975772765,1286,322,"{'Basal': 167, 'Her2': 179, 'LumA': 560, 'LumB': 380}","{'Basal': 42, 'Her2': 45, 'LumA': 140, 'LumB': 95}",4,False,0.8920863309352518,0.8985507246376812,0.8857142857142857,0.8253968253968254,0.8297872340425532,0.8210526315789474,0.7916666666666666,0.7450980392156863,0.8444444444444444,0.9629629629629629,1.0,0.9285714285714286,1072
classification,MissForest,EnsembleSoft,0.3,0,4,0.8613488094522727,0.8560922122379119,1287,321,"{'Basal': 168, 'Her2': 179, 'LumA': 560, 'LumB': 380}","{'Basal': 41, 'Her2': 45, 'LumA': 140, 'LumB': 95}",4,False,0.9466192170818505,0.9432624113475178,0.95,0.882051282051282,0.86,0.9052631578947369,0.7142857142857143,0.7692307692307693,0.6666666666666666,0.9024390243902439,0.9024390243902439,0.9024390243902439,1072
classification,MissForest,EnsembleSoft,0.3,0,5,0.8633990038387107,0.8413505354294827,1287,321,"{'Basal': 167, 'Her2': 180, 'LumA': 560, 'LumB': 380}","{'Basal': 42, 'Her2': 44, 'LumA': 140, 'LumB': 95}",4,False,0.9047619047619048,0.8636363636363636,0.95,0.8526315789473684,0.8526315789473684,0.8526315789473684,0.759493670886076,0.8571428571428571,0.6818181818181818,0.9367088607594937,1.0,0.8809523809523809,1072
classification,SimpleMean,EnsembleSoft,0.3,1,1,0.8465954318736579,0.8363826232247284,1286,322,"{'Basal': 167, 'Her2': 179, 'LumA': 560, 'LumB': 380}","{'Basal': 42, 'Her2': 45, 'LumA': 140, 'LumB': 95}",4,False,0.9142857142857143,0.9142857142857143,0.9142857142857143,0.8629441624365483,0.8333333333333334,0.8947368421052632,0.7872340425531915,0.7551020408163265,0.8222222222222222,0.821917808219178,0.967741935483871,0.7142857142857143,1073
classification,SimpleMean,EnsembleSoft,0.3,1,2,0.8746247610331033,0.863001253132832,1286,322,"{'Basal': 167, 'Her2': 179, 'LumA': 560, 'LumB': 380}","{'Basal': 42, 'Her2': 45, 'LumA': 140, 'LumB': 95}",4,False,0.9140893470790378,0.8807947019867549,0.95,0.8432432432432433,0.8666666666666667,0.8210526315789474,0.8275862068965517,0.8571428571428571,0.8,0.9135802469135802,0.9487179487179487,0.8809523809523809,1073
classification,SimpleMean,EnsembleSoft,0.3,1,3,0.8282061666043083,0.8236111111111111,1286,322,"{'Basal': 167, 'Her2': 179, 'LumA': 560, 'LumB': 380}","{'Basal': 42, 'Her2': 45, 'LumA': 140, 'LumB': 95}",4,False,0.8754448398576512,0.8723404255319149,0.8785714285714286,0.7958115183246073,0.7916666666666666,0.8,0.7032967032967034,0.6956521739130435,0.7111111111111111,0.9382716049382716,0.9743589743589743,0.9047619047619048,1073
classification,SimpleMean,EnsembleSoft,0.3,1,4,0.8577874229879938,0.8544422540090062,1287,321,"{'Basal': 168, 'Her2': 179, 'LumA': 560, 'LumB': 380}","{'Basal': 41, 'Her2': 45, 'LumA': 140, 'LumB': 95}",4,False,0.9071428571428571,0.9071428571428571,0.9071428571428571,0.8481675392670157,0.84375,0.8526315789473684,0.7391304347826086,0.723404255319149,0.7555555555555555,0.9367088607594937,0.9736842105263158,0.9024390243902439,1073
classification,SimpleMean,EnsembleSoft,0.3,1,5,0.8496868090918266,0.8243591934381408,1287,321,"{'Basal': 167, 'Her2': 180, 'LumA': 560, 'LumB': 380}","{'Basal': 42, 'Her2': 44, 'LumA': 140, 'LumB': 95}",4,False,0.8873720136518771,0.8496732026143791,0.9285714285714286,0.8350515463917526,0.8181818181818182,0.8526315789473684,0.7532467532467533,0.8787878787878788,0.6590909090909091,0.9230769230769231,1.0,0.8571428571428571,1073
classification,"KNN(k=5,dist)",EnsembleSoft,0.3,1,1,0.8374825174825175,0.8315685045948205,1286,322,"{'Basal': 167, 'Her2': 179, 'LumA': 560, 'LumB': 380}","{'Basal': 42, 'Her2': 45, 'LumA': 140, 'LumB': 95}",4,False,0.8945454545454545,0.9111111111111111,0.8785714285714286,0.84,0.8,0.8842105263157894,0.7692307692307693,0.7608695652173914,0.7777777777777778,0.8461538461538461,0.9166666666666666,0.7857142857142857,1073
classification,"KNN(k=5,dist)",EnsembleSoft,0.3,1,2,0.8817944243256952,0.8678153717627402,1286,322,"{'Basal': 167, 'Her2': 179, 'LumA': 560, 'LumB': 380}","{'Basal': 42, 'Her2': 45, 'LumA': 140, 'LumB': 95}",4,False,0.9115646258503401,0.8701298701298701,0.9571428571428572,0.8633879781420765,0.8977272727272727,0.8315789473684211,0.813953488372093,0.8536585365853658,0.7777777777777778,0.9382716049382716,0.9743589743589743,0.9047619047619048,1073
classification,"KNN(k=5,dist)",EnsembleSoft,0.3,1,3,0.8422602156980024,0.8354741019214703,1286,322,"{'Basal': 167, 'Her2': 179, 'LumA': 560, 'LumB': 380}","{'Basal': 42, 'Her2': 45, 'LumA': 140, 'LumB': 95}",4,False,0.8865248226950354,0.8802816901408451,0.8928571428571429,0.8186528497409327,0.8061224489795918,0.8315789473684211,0.7126436781609196,0.7380952380952381,0.6888888888888889,0.9512195121951219,0.975,0.9285714285714286,1073
classification,"KNN(k=5,dist)",EnsembleSoft,0.3,1,4,0.8538287604167739,0.8484386779958025,1287,321,"{'Basal': 168, 'Her2': 179, 'LumA': 560, 'LumB': 380}","{'Basal': 41, 'Her2': 45, 'LumA': 140, 'LumB': 95}",4,False,0.9252669039145908,0.9219858156028369,0.9285714285714286,0.8315789473684211,0.8315789473684211,0.8315789473684211,0.723404255319149,0.6938775510204082,0.7555555555555555,0.935064935064935,1.0,0.8780487804878049,1073
classification,"KNN(k=5,dist)",EnsembleSoft,0.3,1,5,0.8557849660598351,0.8297163362952836,1287,321,"{'Basal': 167, 'Her2': 180, 'LumA': 560, 'LumB': 380}","{'Basal': 42, 'Her2': 44, 'LumA': 140, 'LumB': 95}",4,False,0.8986486486486487,0.8525641025641025,0.95,0.8481675392670157,0.84375,0.8526315789473684,0.7532467532467533,0.8787878787878788,0.6590909090909091,0.9230769230769231,1.0,0.8571428571428571,1073
classification,RFECA_SVR(k=5),EnsembleSoft,0.3,1,1,0.8504358775393029,0.8449561403508772,1286,322,"{'Basal': 167, 'Her2': 179, 'LumA': 560, 'LumB': 380}","{'Basal': 42, 'Her2': 45, 'LumA': 140, 'LumB': 95}",4,False,0.910394265232975,0.9136690647482014,0.9071428571428571,0.845360824742268,0.8282828282828283,0.8631578947368421,0.7741935483870968,0.75,0.8,0.8717948717948718,0.9444444444444444,0.8095238095238095,1073
classification,RFECA_SVR(k=5),EnsembleSoft,0.3,1,2,0.8999849964546187,0.8869152046783626,1286,322,"{'Basal': 167, 'Her2': 179, 'LumA': 560, 'LumB': 380}","{'Basal': 42, 'Her2': 45, 'LumA': 140, 'LumB': 95}",4,False,0.9319727891156463,0.8896103896103896,0.9785714285714285,0.8791208791208791,0.9195402298850575,0.8421052631578947,0.8505747126436781,0.8809523809523809,0.8222222222222222,0.9382716049382716,0.9743589743589743,0.9047619047619048,1073
classification,RFECA_SVR(k=5),EnsembleSoft,0.3,1,3,0.8532570568502149,0.8506474519632414,1286,322,"{'Basal': 167, 'Her2': 179, 'LumA': 560, 'LumB': 380}","{'Basal': 42, 'Her2': 45, 'LumA': 140, 'LumB': 95}",4,False,0.8825622775800712,0.8794326241134752,0.8857142857142857,0.8148148148148148,0.8191489361702128,0.8105263157894737,0.7526881720430108,0.7291666666666666,0.7777777777777778,0.9629629629629629,1.0,0.9285714285714286,1073
classification,RFECA_SVR(k=5),EnsembleSoft,0.3,1,4,0.8655705328313591,0.8605512765653972,1287,321,"{'Basal': 168, 'Her2': 179, 'LumA': 560, 'LumB': 380}","{'Basal': 41, 'Her2': 45, 'LumA': 140, 'LumB': 95}",4,False,0.9130434782608695,0.9264705882352942,0.9,0.8484848484848485,0.8155339805825242,0.8842105263157894,0.7640449438202247,0.7727272727272727,0.7555555555555555,0.9367088607594937,0.9736842105263158,0.9024390243902439,1073
classification,RFECA_SVR(k=5),EnsembleSoft,0.3,1,5,0.8423732536396514,0.8213089542036911,1287,321,"{'Basal': 167, 'Her2': 180, 'LumA': 560, 'LumB': 380}","{'Basal': 42, 'Her2': 44, 'LumA': 140, 'LumB': 95}",4,False,0.8904109589041096,0.8552631578947368,0.9285714285714286,0.8497409326424871,0.8367346938775511,0.8631578947368421,0.717948717948718,0.8235294117647058,0.6363636363636364,0.9113924050632911,0.972972972972973,0.8571428571428571,1073
classification,RFECA_SVR(k=10),EnsembleSoft,0.3,1,1,0.8512309581129651,0.844016290726817,1286,322,"{'Basal': 167, 'Her2': 179, 'LumA': 560, 'LumB': 380}","{'Basal': 42, 'Her2': 45, 'LumA': 140, 'LumB': 95}",4,False,0.8992805755395683,0.9057971014492754,0.8928571428571429,0.8426395939086294,0.8137254901960784,0.8736842105263158,0.7912087912087912,0.782608695652174,0.8,0.8717948717948718,0.9444444444444444,0.8095238095238095,1073
classification,RFECA_SVR(k=10),EnsembleSoft,0.3,1,2,0.9084632546385241,0.8962406015037594,1286,322,"{'Basal': 167, 'Her2': 179, 'LumA': 560, 'LumB': 380}","{'Basal': 42, 'Her2': 45, 'LumA': 140, 'LumB': 95}",4,False,0.9283276450511946,0.8888888888888888,0.9714285714285714,0.8791208791208791,0.9195402298850575,0.8421052631578947,0.8764044943820225,0.8863636363636364,0.8666666666666667,0.95,1.0,0.9047619047619048,1073
classification,RFECA_SVR(k=10),EnsembleSoft,0.3,1,3,0.8478229714214012,0.8443504594820384,1286,322,"{'Basal': 167, 'Her2': 179, 'LumA': 560, 'LumB': 380}","{'Basal': 42, 'Her2': 45, 'LumA': 140, 'LumB': 95}",4,False,0.8865248226950354,0.8802816901408451,0.8928571428571429,0.8167539267015707,0.8125,0.8210526315789474,0.735632183908046,0.7619047619047619,0.7111111111111111,0.9523809523809523,0.9523809523809523,0.9523809523809523,1073
classification,RFECA_SVR(k=10),EnsembleSoft,0.3,1,4,0.8594858483310259,0.8575218534140229,1287,321,"{'Basal': 168, 'Her2': 179, 'LumA': 560, 'LumB': 380}","{'Basal': 41, 'Her2': 45, 'LumA': 140, 'LumB': 95}",4,False,0.9018181818181819,0.9185185185185185,0.8857142857142857,0.8527918781725888,0.8235294117647058,0.8842105263157894,0.7333333333333333,0.7333333333333333,0.7333333333333333,0.95,0.9743589743589743,0.926829268292683,1073
classification,RFECA_SVR(k=10),EnsembleSoft,0.3,1,5,0.8438669614881236,0.8222488038277512,1287,321,"{'Basal': 167, 'Her2': 180, 'LumA': 560, 'LumB': 380}","{'Basal': 42, 'Her2': 44, 'LumA': 140, 'LumB': 95}",4,False,0.8979591836734694,0.8571428571428571,0.9428571428571428,0.8481675392670157,0.84375,0.8526315789473684,0.717948717948718,0.8235294117647058,0.6363636363636364,0.9113924050632911,0.972972972972973,0.8571428571428571,1073
classification,RFECA_SVR(k=20),EnsembleSoft,0.3,1,1,0.8427712303589144,0.840998329156224,1286,322,"{'Basal': 167, 'Her2': 179, 'LumA': 560, 'LumB': 380}","{'Basal': 42, 'Her2': 45, 'LumA': 140, 'LumB': 95}",4,False,0.9003690036900369,0.9312977099236641,0.8714285714285714,0.8514851485148515,0.8037383177570093,0.9052631578947369,0.7692307692307693,0.7608695652173914,0.7777777777777778,0.85,0.8947368421052632,0.8095238095238095,1073
classification,RFECA_SVR(k=20),EnsembleSoft,0.3,1,2,0.9071837640590985,0.8962406015037594,1286,322,"{'Basal': 167, 'Her2': 179, 'LumA': 560, 'LumB': 380}","{'Basal': 42, 'Her2': 45, 'LumA': 140, 'LumB': 95}",4,False,0.9251700680272109,0.8831168831168831,0.9714285714285714,0.8888888888888888,0.9411764705882353,0.8421052631578947,0.8764044943820225,0.8863636363636364,0.8666666666666667,0.9382716049382716,0.9743589743589743,0.9047619047619048,1073
classification,RFECA_SVR(k=20),EnsembleSoft,0.3,1,3,0.8435864619610203,0.8408730158730158,1286,322,"{'Basal': 167, 'Her2': 179, 'LumA': 560, 'LumB': 380}","{'Basal': 42, 'Her2': 45, 'LumA': 140, 'LumB': 95}",4,False,0.8904593639575972,0.8811188811188811,0.9,0.8042328042328042,0.8085106382978723,0.8,0.7272727272727273,0.7441860465116279,0.7111111111111111,0.9523809523809523,0.9523809523809523,0.9523809523809523,1073
classification,RFECA_SVR(k=20),EnsembleSoft,0.3,1,4,0.8630967215818506,0.858461703038083,1287,321,"{'Basal': 168, 'Her2': 179, 'LumA': 560, 'LumB': 380}","{'Basal': 41, 'Her2': 45, 'LumA': 140, 'LumB': 95}",4,False,0.9097472924187726,0.9197080291970803,0.9,0.8426395939086294,0.8137254901960784,0.8736842105263158,0.75,0.7674418604651163,0.7333333333333333,0.95,0.9743589743589743,0.926829268292683,1073
classification,RFECA_SVR(k=20),EnsembleSoft,0.3,1,5,0.8325294031049861,0.8120471633629528,1287,321,"{'Basal': 167, 'Her2': 180, 'LumA': 560, 'LumB': 380}","{'Basal': 42, 'Her2': 44, 'LumA': 140, 'LumB': 95}",4,False,0.8745762711864407,0.832258064516129,0.9214285714285714,0.8191489361702128,0.8279569892473119,0.8105263157894737,0.725,0.8055555555555556,0.6590909090909091,0.9113924050632911,0.972972972972973,0.8571428571428571,1073
classification,MissForest,EnsembleSoft,0.3,1,1,0.8575446190628299,0.8510651629072682,1286,322,"{'Basal': 167, 'Her2': 179, 'LumA': 560, 'LumB': 380}","{'Basal': 42, 'Her2': 45, 'LumA': 140, 'LumB': 95}",4,False,0.9064748201438849,0.9130434782608695,0.9,0.8629441624365483,0.8333333333333334,0.8947368421052632,0.8,0.8,0.8,0.8607594936708861,0.918918918918919,0.8095238095238095,1073
classification,MissForest,EnsembleSoft,0.3,1,2,0.8669475037367298,0.858782372598162,1286,322,"{'Basal': 167, 'Her2': 179, 'LumA': 560, 'LumB': 380}","{'Basal': 42, 'Her2': 45, 'LumA': 140, 'LumB': 95}",4,False,0.9215017064846417,0.8823529411764706,0.9642857142857143,0.850828729281768,0.8953488372093024,0.8105263157894737,0.7906976744186046,0.8292682926829268,0.7555555555555555,0.9047619047619048,0.9047619047619048,0.9047619047619048,1073
classification,MissForest,EnsembleSoft,0.3,1,3,0.8410812692363319,0.8366123642439431,1286,322,"{'Basal': 167, 'Her2': 179, 'LumA': 560, 'LumB': 380}","{'Basal': 42, 'Her2': 45, 'LumA': 140, 'LumB': 95}",4,False,0.8857142857142857,0.8857142857142857,0.8857142857142857,0.8082901554404145,0.7959183673469388,0.8210526315789474,0.7191011235955056,0.7272727272727273,0.7111111111111111,0.9512195121951219,0.975,0.9285714285714286,1073
classification,MissForest,EnsembleSoft,0.3,1,4,0.875183359805662,0.8702202661124355,1287,321,"{'Basal': 168, 'Her2': 179, 'LumA': 560, 'LumB': 380}","{'Basal': 41, 'Her2': 45, 'LumA': 140, 'LumB': 95}",4,False,0.920863309352518,0.927536231884058,0.9142857142857143,0.8571428571428571,0.8316831683168316,0.8842105263157894,0.7727272727272727,0.7906976744186046,0.7555555555555555,0.95,0.9743589743589743,0.926829268292683,1073
classification,MissForest,EnsembleSoft,0.3,1,5,0.8644348893293508,0.8419258373205742,1287,321,"{'Basal': 167, 'Her2': 180, 'LumA': 560, 'LumB': 380}","{'Basal': 42, 'Her2': 44, 'LumA': 140, 'LumB': 95}",4,False,0.9010238907849829,0.8627450980392157,0.9428571428571428,0.8586387434554974,0.8541666666666666,0.8631578947368421,0.775,0.8611111111111112,0.7045454545454546,0.9230769230769231,1.0,0.8571428571428571,1073
classification,SimpleMean,EnsembleSoft,0.3,2,1,0.849145724224475,0.8421365914786968,1286,322,"{'Basal': 167, 'Her2': 179, 'LumA': 560, 'LumB': 380}","{'Basal': 42, 'Her2': 45, 'LumA': 140, 'LumB': 95}",4,False,0.8929889298892989,0.9236641221374046,0.8642857142857143,0.8292682926829268,0.7727272727272727,0.8947368421052632,0.7912087912087912,0.782608695652174,0.8,0.8831168831168831,0.9714285714285714,0.8095238095238095,1074
classification,SimpleMean,EnsembleSoft,0.3,2,2,0.8574512892595597,0.848172514619883,1286,322,"{'Basal': 167, 'Her2': 179, 'LumA': 560, 'LumB': 380}","{'Basal': 42, 'Her2': 45, 'LumA': 140, 'LumB': 95}",4,False,0.910958904109589,0.875,0.95,0.8681318681318682,0.9080459770114943,0.8315789473684211,0.7865168539325843,0.7954545454545454,0.7777777777777778,0.8641975308641975,0.8974358974358975,0.8333333333333334,1074
classification,SimpleMean,EnsembleSoft,0.3,2,3,0.8463253186511235,0.8400375939849624,1286,322,"{'Basal': 167, 'Her2': 179, 'LumA': 560, 'LumB': 380}","{'Basal': 42, 'Her2': 45, 'LumA': 140, 'LumB': 95}",4,False,0.9078014184397163,0.9014084507042254,0.9142857142857143,0.8272251308900523,0.8229166666666666,0.8315789473684211,0.7252747252747253,0.717391304347826,0.7333333333333333,0.925,0.9736842105263158,0.8809523809523809,1074
classification,SimpleMean,EnsembleSoft,0.3,2,4,0.8514522963516555,0.8447314933675653,1287,321,"{'Basal': 168, 'Her2': 179, 'LumA': 560, 'LumB': 380}","{'Basal': 41, 'Her2': 45, 'LumA': 140, 'LumB': 95}",4,False,0.9466192170818505,0.9432624113475178,0.95,0.865979381443299,0.8484848484848485,0.8842105263157894,0.6818181818181818,0.6976744186046512,0.6666666666666666,0.9113924050632911,0.9473684210526315,0.8780487804878049,1074
classification,SimpleMean,EnsembleSoft,0.3,2,5,0.8510371953112749,0.8324219640009113,1287,321,"{'Basal': 167, 'Her2': 180, 'LumA': 560, 'LumB': 380}","{'Basal': 42, 'Her2': 44, 'LumA': 140, 'LumB': 95}",4,False,0.8951048951048951,0.8767123287671232,0.9142857142857143,0.8223350253807107,0.7941176470588235,0.8526315789473684,0.75,0.8333333333333334,0.6818181818181818,0.9367088607594937,1.0,0.8809523809523809,1074
classification,"KNN(k=5,dist)",EnsembleSoft,0.3,2,1,0.8368387136714617,0.834795321637427,1286,322,"{'Basal': 167, 'Her2': 179, 'LumA': 560, 'LumB': 380}","{'Basal': 42, 'Her2': 45, 'LumA': 140, 'LumB': 95}",4,False,0.8823529411764706,0.9090909090909091,0.8571428571428571,0.845771144278607,0.8018867924528302,0.8947368421052632,0.7692307692307693,0.7608695652173914,0.7777777777777778,0.85,0.8947368421052632,0.8095238095238095,1074
classification,"KNN(k=5,dist)",EnsembleSoft,0.3,2,2,0.878141514880241,0.864985380116959,1286,322,"{'Basal': 167, 'Her2': 179, 'LumA': 560, 'LumB': 380}","{'Basal': 42, 'Her2': 45, 'LumA': 140, 'LumB': 95}",4,False,0.89419795221843,0.8562091503267973,0.9357142857142857,0.8524590163934426,0.8863636363636364,0.8210526315789474,0.8409090909090909,0.8604651162790697,0.8222222222222222,0.925,0.9736842105263158,0.8809523809523809,1074
classification,"KNN(k=5,dist)",EnsembleSoft,0.3,2,3,0.8473995297270743,0.8412698412698412,1286,322,"{'Basal': 167, 'Her2': 179, 'LumA': 560, 'LumB': 380}","{'Basal': 42, 'Her2': 45, 'LumA': 140, 'LumB': 95}",4,False,0.9122807017543859,0.896551724137931,0.9285714285714286,0.8172043010752689,0.8351648351648352,0.8,0.723404255319149,0.6938775510204082,0.7555555555555555,0.9367088607594937,1.0,0.8809523809523809,1074
classification,"KNN(k=5,dist)",EnsembleSoft,0.3,2,4,0.8591319634776687,0.8537530309513622,1287,321,"{'Basal': 168, 'Her2': 179, 'LumA': 560, 'LumB': 380}","{'Basal': 41, 'Her2': 45, 'LumA': 140, 'LumB': 95}",4,False,0.9366197183098591,0.9236111111111112,0.95,0.8736842105263158,0.8736842105263158,0.8736842105263158,0.7126436781609196,0.7380952380952381,0.6888888888888889,0.9135802469135802,0.925,0.9024390243902439,1074
classification,"KNN(k=5,dist)",EnsembleSoft,0.3,2,5,0.8231746958535011,0.8028964456596035,1287,321,"{'Basal': 167, 'Her2': 180, 'LumA': 560, 'LumB': 380}","{'Basal': 42, 'Her2': 44, 'LumA': 140, 'LumB': 95}",4,False,0.8896551724137931,0.86,0.9214285714285714,0.8163265306122449,0.7920792079207921,0.8421052631578947,0.6753246753246753,0.7878787878787878,0.5909090909090909,0.9113924050632911,0.972972972972973,0.8571428571428571,1074
classification,RFECA_SVR(k=5),EnsembleSoft,0.3,2,1,0.8497520771911016,0.842888471177945,1286,322,"{'Basal': 167, 'Her2': 179, 'LumA': 560, 'LumB': 380}","{'Basal': 42, 'Her2': 45, 'LumA': 140, 'LumB': 95}",4,False,0.9010989010989011,0.924812030075188,0.8785714285714286,0.8585365853658536,0.8,0.9263157894736842,0.7857142857142857,0.8461538461538461,0.7333333333333333,0.8536585365853658,0.875,0.8333333333333334,1074
classification,RFECA_SVR(k=5),EnsembleSoft,0.3,2,2,0.860756338830734,0.8462301587301586,1286,322,"{'Basal': 167, 'Her2': 179, 'LumA': 560, 'LumB': 380}","{'Basal': 42, 'Her2': 45, 'LumA': 140, 'LumB': 95}",4,False,0.8986486486486487,0.8525641025641025,0.95,0.8397790055248618,0.8837209302325582,0.8,0.8045977011494253,0.8333333333333334,0.7777777777777778,0.9,0.9473684210526315,0.8571428571428571,1074
classification,RFECA_SVR(k=5),EnsembleSoft,0.3,2,3,0.858324717172427,0.8508563074352548,1286,322,"{'Basal': 167, 'Her2': 179, 'LumA': 560, 'LumB': 380}","{'Basal': 42, 'Her2': 45, 'LumA': 140, 'LumB': 95}",4,False,0.9142857142857143,0.9142857142857143,0.9142857142857143,0.8350515463917526,0.8181818181818182,0.8526315789473684,0.7472527472527473,0.7391304347826086,0.7555555555555555,0.9367088607594937,1.0,0.8809523809523809,1074
classification,RFECA_SVR(k=5),EnsembleSoft,0.3,2,4,0.8548794190412174,0.8533551867473562,1287,321,"{'Basal': 168, 'Her2': 179, 'LumA': 560, 'LumB': 380}","{'Basal': 41, 'Her2': 45, 'LumA': 140, 'LumB': 95}",4,False,0.9357142857142857,0.9357142857142857,0.9357142857142857,0.8704663212435233,0.8571428571428571,0.8842105263157894,0.6976744186046512,0.7317073170731707,0.6666666666666666,0.9156626506024096,0.9047619047619048,0.926829268292683,1074
classification,RFECA_SVR(k=5),EnsembleSoft,0.3,2,5,0.8454593721000337,0.8291951469583048,1287,321,"{'Basal': 167, 'Her2': 180, 'LumA': 560, 'LumB': 380}","{'Basal': 42, 'Her2': 44, 'LumA': 140, 'LumB': 95}",4,False,0.9097222222222222,0.8851351351351351,0.9357142857142857,0.8290155440414507,0.8163265306122449,0.8421052631578947,0.7317073170731707,0.7894736842105263,0.6818181818181818,0.9113924050632911,0.972972972972973,0.8571428571428571,1074
classification,RFECA_SVR(k=10),EnsembleSoft,0.3,2,1,0.8571497883955626,0.8522138680033418,1286,322,"{'Basal': 167, 'Her2': 179, 'LumA': 560, 'LumB': 380}","{'Basal': 42, 'Her2': 45, 'LumA': 140, 'LumB': 95}",4,False,0.8970588235294118,0.9242424242424242,0.8714285714285714,0.8627450980392157,0.8073394495412844,0.9263157894736842,0.8045977011494253,0.8333333333333334,0.7777777777777778,0.8641975308641975,0.8974358974358975,0.8333333333333334,1074
classification,RFECA_SVR(k=10),EnsembleSoft,0.3,2,2,0.8717321717321717,0.8565580618212197,1286,322,"{'Basal': 167, 'Her2': 179, 'LumA': 560, 'LumB': 380}","{'Basal': 42, 'Her2': 45, 'LumA': 140, 'LumB': 95}",4,False,0.918918918918919,0.8717948717948718,0.9714285714285714,0.8791208791208791,0.9195402298850575,0.8421052631578947,0.8,0.85,0.7555555555555555,0.8888888888888888,0.9230769230769231,0.8571428571428571,1074
classification,RFECA_SVR(k=10),EnsembleSoft,0.3,2,3,0.8674743539806077,0.8581975772765246,1286,322,"{'Basal': 167, 'Her2': 179, 'LumA': 560, 'LumB': 380}","{'Basal': 42, 'Her2': 45, 'LumA': 140, 'LumB': 95}",4,False,0.911660777385159,0.9020979020979021,0.9214285714285714,0.84375,0.8350515463917526,0.8526315789473684,0.7777777777777778,0.7777777777777778,0.7777777777777778,0.9367088607594937,1.0,0.8809523809523809,1074
classification,RFECA_SVR(k=10),EnsembleSoft,0.3,2,4,0.8519939846767398,0.8483958880942194,1287,321,"{'Basal': 168, 'Her2': 179, 'LumA': 560, 'LumB': 380}","{'Basal': 41, 'Her2': 45, 'LumA': 140, 'LumB': 95}",4,False,0.9252669039145908,0.9219858156028369,0.9285714285714286,0.8645833333333334,0.8556701030927835,0.8736842105263158,0.7045454545454546,0.7209302325581395,0.6888888888888889,0.9135802469135802,0.925,0.9024390243902439,1074
classification,RFECA_SVR(k=10),EnsembleSoft,0.3,2,5,0.8482530056789012,0.8297163362952836,1287,321,"{'Basal': 167, 'Her2': 180, 'LumA': 560, 'LumB': 380}","{'Basal': 42, 'Her2': 44, 'LumA': 140, 'LumB': 95}",4,False,0.9172413793103448,0.8866666666666667,0.95,0.8393782383419689,0.826530612244898,0.8526315789473684,0.725,0.8055555555555556,0.6590909090909091,0.9113924050632911,0.972972972972973,0.8571428571428571,1074
classification,RFECA_SVR(k=20),EnsembleSoft,0.3,2,1,0.8609383594046487,0.8546888053467001,1286,322,"{'Basal': 167, 'Her2': 179, 'LumA': 560, 'LumB': 380}","{'Basal': 42, 'Her2': 45, 'LumA': 140, 'LumB': 95}",4,False,0.8945454545454545,0.9111111111111111,0.8785714285714286,0.8557213930348259,0.8113207547169812,0.9052631578947369,0.8045977011494253,0.8333333333333334,0.7777777777777778,0.8888888888888888,0.9230769230769231,0.8571428571428571,1074
classification,RFECA_SVR(k=20),EnsembleSoft,0.3,2,2,0.8778798707799981,0.8647869674185463,1286,322,"{'Basal': 167, 'Her2': 179, 'LumA': 560, 'LumB': 380}","{'Basal': 42, 'Her2': 45, 'LumA': 140, 'LumB': 95}",4,False,0.9084745762711864,0.864516129032258,0.9571428571428572,0.861878453038674,0.9069767441860465,0.8210526315789474,0.8275862068965517,0.8571428571428571,0.8,0.9135802469135802,0.9487179487179487,0.8809523809523809,1074
classification,RFECA_SVR(k=20),EnsembleSoft,0.3,2,3,0.8694992323679276,0.860829156223893,1286,322,"{'Basal': 167, 'Her2': 179, 'LumA': 560, 'LumB': 380}","{'Basal': 42, 'Her2': 45, 'LumA': 140, 'LumB': 95}",4,False,0.9181494661921709,0.9148936170212766,0.9214285714285714,0.845360824742268,0.8282828282828283,0.8631578947368421,0.7777777777777778,0.7777777777777778,0.7777777777777778,0.9367088607594937,1.0,0.8809523809523809,1074
classification,RFECA_SVR(k=20),EnsembleSoft,0.3,2,4,0.8628211121339393,0.8603528638669845,1287,321,"{'Basal': 168, 'Her2': 179, 'LumA': 560, 'LumB': 380}","{'Basal': 41, 'Her2': 45, 'LumA': 140, 'LumB': 95}",4,False,0.9214285714285714,0.9214285714285714,0.9214285714285714,0.8795811518324608,0.875,0.8842105263157894,0.7252747252747253,0.717391304347826,0.7333333333333333,0.925,0.9487179487179487,0.9024390243902439,1074
classification,RFECA_SVR(k=20),EnsembleSoft,0.3,2,5,0.8459537713689156,0.8270847573479152,1287,321,"{'Basal': 167, 'Her2': 180, 'LumA': 560, 'LumB': 380}","{'Basal': 42, 'Her2': 44, 'LumA': 140, 'LumB': 95}",4,False,0.9140893470790378,0.8807947019867549,0.95,0.8333333333333334,0.8247422680412371,0.8421052631578947,0.725,0.8055555555555556,0.6590909090909091,0.9113924050632911,0.972972972972973,0.8571428571428571,1074
classification,MissForest,EnsembleSoft,0.3,2,1,0.851969685397983,0.8488930659983291,1286,322,"{'Basal': 167, 'Her2': 179, 'LumA': 560, 'LumB': 380}","{'Basal': 42, 'Her2': 45, 'LumA': 140, 'LumB': 95}",4,False,0.9003690036900369,0.9312977099236641,0.8714285714285714,0.8725490196078431,0.8165137614678899,0.9368421052631579,0.7954545454545454,0.813953488372093,0.7777777777777778,0.8395061728395061,0.8717948717948718,0.8095238095238095,1074
classification,MissForest,EnsembleSoft,0.3,2,2,0.8815267525880629,0.8706035923141185,1286,322,"{'Basal': 167, 'Her2': 179, 'LumA': 560, 'LumB': 380}","{'Basal': 42, 'Her2': 45, 'LumA': 140, 'LumB': 95}",4,False,0.9172413793103448,0.8866666666666667,0.95,0.8924731182795699,0.9120879120879121,0.8736842105263158,0.813953488372093,0.8536585365853658,0.7777777777777778,0.9024390243902439,0.925,0.8809523809523809,1074
classification,MissForest,EnsembleSoft,0.3,2,3,0.8467596822834917,0.8400375939849624,1286,322,"{'Basal': 167, 'Her2': 179, 'LumA': 560, 'LumB': 380}","{'Basal': 42, 'Her2': 45, 'LumA': 140, 'LumB': 95}",4,False,0.9142857142857143,0.9142857142857143,0.9142857142857143,0.8186528497409327,0.8061224489795918,0.8315789473684211,0.717391304347826,0.7021276595744681,0.7333333333333333,0.9367088607594937,1.0,0.8809523809523809,1074
classification,MissForest,EnsembleSoft,0.3,2,4,0.8688082369865906,0.8670978768058358,1287,321,"{'Basal': 168, 'Her2': 179, 'LumA': 560, 'LumB': 380}","{'Basal': 41, 'Her2': 45, 'LumA': 140, 'LumB': 95}",4,False,0.9357142857142857,0.9357142857142857,0.9357142857142857,0.8854166666666666,0.8762886597938144,0.8947368421052632,0.7272727272727273,0.7441860465116279,0.7111111111111111,0.926829268292683,0.926829268292683,0.926829268292683,1074
classification,MissForest,EnsembleSoft,0.3,2,5,0.8532081712305561,0.8338830029619503,1287,321,"{'Basal': 167, 'Her2': 180, 'LumA': 560, 'LumB': 380}","{'Basal': 42, 'Her2': 44, 'LumA': 140, 'LumB': 95}",4,False,0.9010238907849829,0.8627450980392157,0.9428571428571428,0.8526315789473684,0.8526315789473684,0.8526315789473684,0.7341772151898734,0.8285714285714286,0.6590909090909091,0.925,0.9736842105263158,0.8809523809523809,1074
classification,SimpleMean,EnsembleSoft,0.3,3,1,0.8339589803906208,0.8296888053467001,1286,322,"{'Basal': 167, 'Her2': 179, 'LumA': 560, 'LumB': 380}","{'Basal': 42, 'Her2': 45, 'LumA': 140, 'LumB': 95}",4,False,0.8978102189781022,0.917910447761194,0.8785714285714286,0.86,0.819047619047619,0.9052631578947369,0.7835051546391752,0.7307692307692307,0.8444444444444444,0.7945205479452054,0.9354838709677419,0.6904761904761905,1075
classification,SimpleMean,EnsembleSoft,0.3,3,2,0.871045147529328,0.8655806182121971,1286,322,"{'Basal': 167, 'Her2': 179, 'LumA': 560, 'LumB': 380}","{'Basal': 42, 'Her2': 45, 'LumA': 140, 'LumB': 95}",4,False,0.9209621993127147,0.8874172185430463,0.9571428571428572,0.8571428571428571,0.896551724137931,0.8210526315789474,0.8095238095238095,0.8717948717948718,0.7555555555555555,0.896551724137931,0.8666666666666667,0.9285714285714286,1075
classification,SimpleMean,EnsembleSoft,0.3,3,3,0.849938499127983,0.8421992481203008,1286,322,"{'Basal': 167, 'Her2': 179, 'LumA': 560, 'LumB': 380}","{'Basal': 42, 'Her2': 45, 'LumA': 140, 'LumB': 95}",4,False,0.8650519031141869,0.8389261744966443,0.8928571428571429,0.7717391304347826,0.797752808988764,0.7473684210526316,0.8,0.8,0.8,0.9629629629629629,1.0,0.9285714285714286,1075
classification,SimpleMean,EnsembleSoft,0.3,3,4,0.838937180272128,0.8294015017217842,1287,321,"{'Basal': 168, 'Her2': 179, 'LumA': 560, 'LumB': 380}","{'Basal': 41, 'Her2': 45, 'LumA': 140, 'LumB': 95}",4,False,0.8989547038327527,0.8775510204081632,0.9214285714285714,0.8691099476439791,0.8645833333333334,0.8736842105263158,0.6987951807228916,0.7631578947368421,0.6444444444444445,0.8888888888888888,0.9,0.8780487804878049,1075
classification,SimpleMean,EnsembleSoft,0.3,3,5,0.8570448331838181,0.8410999088630667,1287,321,"{'Basal': 167, 'Her2': 180, 'LumA': 560, 'LumB': 380}","{'Basal': 42, 'Her2': 44, 'LumA': 140, 'LumB': 95}",4,False,0.9065743944636678,0.8791946308724832,0.9357142857142857,0.8333333333333334,0.8247422680412371,0.8421052631578947,0.75,0.8333333333333334,0.6818181818181818,0.9382716049382716,0.9743589743589743,0.9047619047619048,1075
classification,"KNN(k=5,dist)",EnsembleSoft,0.3,3,1,0.8429115056950108,0.8381161236424395,1286,322,"{'Basal': 167, 'Her2': 179, 'LumA': 560, 'LumB': 380}","{'Basal': 42, 'Her2': 45, 'LumA': 140, 'LumB': 95}",4,False,0.9018181818181819,0.9185185185185185,0.8857142857142857,0.8484848484848485,0.8155339805825242,0.8842105263157894,0.7835051546391752,0.7307692307692307,0.8444444444444444,0.8378378378378378,0.96875,0.7380952380952381,1075
classification,"KNN(k=5,dist)",EnsembleSoft,0.3,3,2,0.8881216242216337,0.8768483709273184,1286,322,"{'Basal': 167, 'Her2': 179, 'LumA': 560, 'LumB': 380}","{'Basal': 42, 'Her2': 45, 'LumA': 140, 'LumB': 95}",4,False,0.9140893470790378,0.8807947019867549,0.95,0.8756756756756757,0.9,0.8526315789473684,0.8470588235294118,0.9,0.8,0.9156626506024096,0.926829268292683,0.9047619047619048,1075
classification,"KNN(k=5,dist)",EnsembleSoft,0.3,3,3,0.8694158077987553,0.8625,1286,322,"{'Basal': 167, 'Her2': 179, 'LumA': 560, 'LumB': 380}","{'Basal': 42, 'Her2': 45, 'LumA': 140, 'LumB': 95}",4,False,0.8958333333333334,0.8716216216216216,0.9214285714285714,0.8216216216216217,0.8444444444444444,0.8,0.8089887640449438,0.8181818181818182,0.8,0.9512195121951219,0.975,0.9285714285714286,1075
classification,"KNN(k=5,dist)",EnsembleSoft,0.3,3,4,0.8623518216369196,0.8524695886056605,1287,321,"{'Basal': 168, 'Her2': 179, 'LumA': 560, 'LumB': 380}","{'Basal': 41, 'Her2': 45, 'LumA': 140, 'LumB': 95}",4,False,0.9045936395759717,0.8951048951048951,0.9142857142857143,0.865979381443299,0.8484848484848485,0.8842105263157894,0.7674418604651163,0.8048780487804879,0.7333333333333333,0.9113924050632911,0.9473684210526315,0.8780487804878049,1075
classification,"KNN(k=5,dist)",EnsembleSoft,0.3,3,5,0.8490889077978597,0.8343557758031441,1287,321,"{'Basal': 167, 'Her2': 180, 'LumA': 560, 'LumB': 380}","{'Basal': 42, 'Her2': 44, 'LumA': 140, 'LumB': 95}",4,False,0.8958333333333334,0.8716216216216216,0.9214285714285714,0.8272251308900523,0.8229166666666666,0.8315789473684211,0.7619047619047619,0.8,0.7272727272727273,0.9113924050632911,0.972972972972973,0.8571428571428571,1075
classification,RFECA_SVR(k=5),EnsembleSoft,0.3,3,1,0.8399068354107443,0.8382205513784462,1286,322,"{'Basal': 167, 'Her2': 179, 'LumA': 560, 'LumB': 380}","{'Basal': 42, 'Her2': 45, 'LumA': 140, 'LumB': 95}",4,False,0.8773234200743495,0.9147286821705426,0.8428571428571429,0.8431372549019608,0.7889908256880734,0.9052631578947369,0.8125,0.7647058823529411,0.8666666666666667,0.8266666666666667,0.9393939393939394,0.7380952380952381,1075
classification,RFECA_SVR(k=5),EnsembleSoft,0.3,3,2,0.8688650204108946,0.8596282372598162,1286,322,"{'Basal': 167, 'Her2': 179, 'LumA': 560, 'LumB': 380}","{'Basal': 42, 'Her2': 45, 'LumA': 140, 'LumB': 95}",4,False,0.9146757679180887,0.8758169934640523,0.9571428571428572,0.8571428571428571,0.896551724137931,0.8210526315789474,0.8095238095238095,0.8717948717948718,0.7555555555555555,0.8941176470588236,0.8837209302325582,0.9047619047619048,1075
classification,RFECA_SVR(k=5),EnsembleSoft,0.3,3,3,0.8500161439764866,0.8436507936507935,1286,322,"{'Basal': 167, 'Her2': 179, 'LumA': 560, 'LumB': 380}","{'Basal': 42, 'Her2': 45, 'LumA': 140, 'LumB': 95}",4,False,0.89198606271777,0.8707482993197279,0.9142857142857143,0.8172043010752689,0.8351648351648352,0.8,0.7640449438202247,0.7727272727272727,0.7555555555555555,0.926829268292683,0.95,0.9047619047619048,1075
classification,RFECA_SVR(k=5),EnsembleSoft,0.3,3,4,0.8646437355439265,0.8533154532673146,1287,321,"{'Basal': 168, 'Her2': 179, 'LumA': 560, 'LumB': 380}","{'Basal': 41, 'Her2': 45, 'LumA': 140, 'LumB': 95}",4,False,0.900709219858156,0.8943661971830986,0.9071428571428571,0.8673469387755102,0.8415841584158416,0.8947368421052632,0.7674418604651163,0.8048780487804879,0.7333333333333333,0.9230769230769231,0.972972972972973,0.8780487804878049,1075
classification,RFECA_SVR(k=5),EnsembleSoft,0.3,3,5,0.8627527879941497,0.8494133059922534,1287,321,"{'Basal': 167, 'Her2': 180, 'LumA': 560, 'LumB': 380}","{'Basal': 42, 'Her2': 44, 'LumA': 140, 'LumB': 95}",4,False,0.9128919860627178,0.891156462585034,0.9357142857142857,0.84375,0.8350515463917526,0.8526315789473684,0.7560975609756098,0.8157894736842105,0.7045454545454546,0.9382716049382716,0.9743589743589743,0.9047619047619048,1075
classification,RFECA_SVR(k=10),EnsembleSoft,0.3,3,1,0.8378313463171945,0.8364348370927319,1286,322,"{'Basal': 167, 'Her2': 179, 'LumA': 560, 'LumB': 380}","{'Basal': 42, 'Her2': 45, 'LumA': 140, 'LumB': 95}",4,False,0.8731343283582089,0.9140625,0.8357142857142857,0.8390243902439024,0.7818181818181819,0.9052631578947369,0.8125,0.7647058823529411,0.8666666666666667,0.8266666666666667,0.9393939393939394,0.7380952380952381,1075
classification,RFECA_SVR(k=10),EnsembleSoft,0.3,3,2,0.8656062424969988,0.8576441102756892,1286,322,"{'Basal': 167, 'Her2': 179, 'LumA': 560, 'LumB': 380}","{'Basal': 42, 'Her2': 45, 'LumA': 140, 'LumB': 95}",4,False,0.9251700680272109,0.8831168831168831,0.9714285714285714,0.8666666666666667,0.9176470588235294,0.8210526315789474,0.7764705882352941,0.825,0.7333333333333333,0.8941176470588236,0.8837209302325582,0.9047619047619048,1075
classification,RFECA_SVR(k=10),EnsembleSoft,0.3,3,3,0.8563530763559032,0.8482247284878863,1286,322,"{'Basal': 167, 'Her2': 179, 'LumA': 560, 'LumB': 380}","{'Basal': 42, 'Her2': 45, 'LumA': 140, 'LumB': 95}",4,False,0.9014084507042254,0.8888888888888888,0.9142857142857143,0.837696335078534,0.8333333333333334,0.8421052631578947,0.7727272727272727,0.7906976744186046,0.7555555555555555,0.9135802469135802,0.9487179487179487,0.8809523809523809,1075
classification,RFECA_SVR(k=10),EnsembleSoft,0.3,3,4,0.8613008739855448,0.8506838743199462,1287,321,"{'Basal': 168, 'Her2': 179, 'LumA': 560, 'LumB': 380}","{'Basal': 41, 'Her2': 45, 'LumA': 140, 'LumB': 95}",4,False,0.8975265017667845,0.8881118881118881,0.9071428571428571,0.865979381443299,0.8484848484848485,0.8842105263157894,0.7586206896551724,0.7857142857142857,0.7333333333333333,0.9230769230769231,0.972972972972973,0.8780487804878049,1075
classification,RFECA_SVR(k=10),EnsembleSoft,0.3,3,5,0.8637426680135334,0.8472089314194577,1287,321,"{'Basal': 167, 'Her2': 180, 'LumA': 560, 'LumB': 380}","{'Basal': 42, 'Her2': 44, 'LumA': 140, 'LumB': 95}",4,False,0.9059233449477352,0.8843537414965986,0.9285714285714286,0.8512820512820513,0.83,0.8736842105263158,0.759493670886076,0.8571428571428571,0.6818181818181818,0.9382716049382716,0.9743589743589743,0.9047619047619048,1075
classification,RFECA_SVR(k=20),EnsembleSoft,0.3,3,1,0.852297410192147,0.850375939849624,1286,322,"{'Basal': 167, 'Her2': 179, 'LumA': 560, 'LumB': 380}","{'Basal': 42, 'Her2': 45, 'LumA': 140, 'LumB': 95}",4,False,0.8888888888888888,0.9230769230769231,0.8571428571428571,0.8571428571428571,0.8055555555555556,0.9157894736842105,0.8210526315789474,0.78,0.8666666666666667,0.8421052631578947,0.9411764705882353,0.7619047619047619,1075
classification,RFECA_SVR(k=20),EnsembleSoft,0.3,3,2,0.8632393322824822,0.8550125313283208,1286,322,"{'Basal': 167, 'Her2': 179, 'LumA': 560, 'LumB': 380}","{'Basal': 42, 'Her2': 45, 'LumA': 140, 'LumB': 95}",4,False,0.9220338983050848,0.8774193548387097,0.9714285714285714,0.8603351955307262,0.9166666666666666,0.8105263157894737,0.7764705882352941,0.825,0.7333333333333333,0.8941176470588236,0.8837209302325582,0.9047619047619048,1075
classification,RFECA_SVR(k=20),EnsembleSoft,0.3,3,3,0.8621606098579782,0.8540726817042607,1286,322,"{'Basal': 167, 'Her2': 179, 'LumA': 560, 'LumB': 380}","{'Basal': 42, 'Her2': 45, 'LumA': 140, 'LumB': 95}",4,False,0.8982456140350877,0.8827586206896552,0.9142857142857143,0.8253968253968254,0.8297872340425532,0.8210526315789474,0.8,0.8,0.8,0.925,0.9736842105263158,0.8809523809523809,1075
classification,RFECA_SVR(k=20),EnsembleSoft,0.3,3,4,0.8540857813045599,0.8454207164252093,1287,321,"{'Basal': 168, 'Her2': 179, 'LumA': 560, 'LumB': 380}","{'Basal': 41, 'Her2': 45, 'LumA': 140, 'LumB': 95}",4,False,0.8975265017667845,0.8881118881118881,0.9071428571428571,0.8541666666666666,0.845360824742268,0.8631578947368421,0.7415730337078652,0.75,0.7333333333333333,0.9230769230769231,0.972972972972973,0.8780487804878049,1075
classification,RFECA_SVR(k=20),EnsembleSoft,0.3,3,5,0.8563377679231338,0.8449960127591707,1287,321,"{'Basal': 167, 'Her2': 180, 'LumA': 560, 'LumB': 380}","{'Basal': 42, 'Her2': 44, 'LumA': 140, 'LumB': 95}",4,False,0.9090909090909091,0.8904109589041096,0.9285714285714286,0.8333333333333334,0.8247422680412371,0.8421052631578947,0.7560975609756098,0.8157894736842105,0.7045454545454546,0.926829268292683,0.95,0.9047619047619048,1075
classification,MissForest,EnsembleSoft,0.3,3,1,0.8294967715977238,0.8277568922305765,1286,322,"{'Basal': 167, 'Her2': 179, 'LumA': 560, 'LumB': 380}","{'Basal': 42, 'Her2': 45, 'LumA': 140, 'LumB': 95}",4,False,0.8955223880597015,0.9375,0.8571428571428571,0.848780487804878,0.7909090909090909,0.9157894736842105,0.7578947368421053,0.72,0.8,0.8157894736842105,0.9117647058823529,0.7380952380952381,1075
classification,MissForest,EnsembleSoft,0.3,3,2,0.882520284363261,0.8760964912280702,1286,322,"{'Basal': 167, 'Her2': 179, 'LumA': 560, 'LumB': 380}","{'Basal': 42, 'Her2': 45, 'LumA': 140, 'LumB': 95}",4,False,0.9319727891156463,0.8896103896103896,0.9785714285714285,0.8764044943820225,0.9397590361445783,0.8210526315789474,0.8275862068965517,0.8571428571428571,0.8,0.8941176470588236,0.8837209302325582,0.9047619047619048,1075
classification,MissForest,EnsembleSoft,0.3,3,3,0.8722487325399122,0.8670739348370927,1286,322,"{'Basal': 167, 'Her2': 179, 'LumA': 560, 'LumB': 380}","{'Basal': 42, 'Her2': 45, 'LumA': 140, 'LumB': 95}",4,False,0.9084507042253521,0.8958333333333334,0.9214285714285714,0.851063829787234,0.8602150537634409,0.8421052631578947,0.7912087912087912,0.782608695652174,0.8,0.9382716049382716,0.9743589743589743,0.9047619047619048,1075
classification,MissForest,EnsembleSoft,0.3,3,4,0.8666477539076165,0.8539514436497749,1287,321,"{'Basal': 168, 'Her2': 179, 'LumA': 560, 'LumB': 380}","{'Basal': 41, 'Her2': 45, 'LumA': 140, 'LumB': 95}",4,False,0.9059233449477352,0.8843537414965986,0.9285714285714286,0.8645833333333334,0.8556701030927835,0.8736842105263158,0.7710843373493976,0.8421052631578947,0.7111111111111111,0.925,0.9487179487179487,0.9024390243902439,1075
classification,MissForest,EnsembleSoft,0.3,3,5,0.8610184918772963,0.8452466393255867,1287,321,"{'Basal': 167, 'Her2': 180, 'LumA': 560, 'LumB': 380}","{'Basal': 42, 'Her2': 44, 'LumA': 140, 'LumB': 95}",4,False,0.9103448275862069,0.88,0.9428571428571428,0.8526315789473684,0.8526315789473684,0.8526315789473684,0.7560975609756098,0.8157894736842105,0.7045454545454546,0.925,0.9736842105263158,0.8809523809523809,1075
classification,SimpleMean,EnsembleSoft,0.3,4,1,0.8477042206200172,0.8413533834586466,1286,322,"{'Basal': 167, 'Her2': 179, 'LumA': 560, 'LumB': 380}","{'Basal': 42, 'Her2': 45, 'LumA': 140, 'LumB': 95}",4,False,0.9117647058823529,0.9393939393939394,0.8857142857142857,0.8682926829268293,0.8090909090909091,0.9368421052631579,0.75,0.7674418604651163,0.7333333333333333,0.8607594936708861,0.918918918918919,0.8095238095238095,1076
classification,SimpleMean,EnsembleSoft,0.3,4,2,0.882482727767919,0.8689118629908104,1286,322,"{'Basal': 167, 'Her2': 179, 'LumA': 560, 'LumB': 380}","{'Basal': 42, 'Her2': 45, 'LumA': 140, 'LumB': 95}",4,False,0.9246575342465754,0.8881578947368421,0.9642857142857143,0.8756756756756757,0.9,0.8526315789473684,0.8045977011494253,0.8333333333333334,0.7777777777777778,0.925,0.9736842105263158,0.8809523809523809,1076
classification,SimpleMean,EnsembleSoft,0.3,4,3,0.8758898092532996,0.8704469507101086,1286,322,"{'Basal': 167, 'Her2': 179, 'LumA': 560, 'LumB': 380}","{'Basal': 42, 'Her2': 45, 'LumA': 140, 'LumB': 95}",4,False,0.9014084507042254,0.8888888888888888,0.9142857142857143,0.851063829787234,0.8602150537634409,0.8421052631578947,0.8260869565217391,0.8085106382978723,0.8444444444444444,0.925,0.9736842105263158,0.8809523809523809,1076
classification,SimpleMean,EnsembleSoft,0.3,4,4,0.8833799281684905,0.8781035413737596,1287,321,"{'Basal': 168, 'Her2': 179, 'LumA': 560, 'LumB': 380}","{'Basal': 41, 'Her2': 45, 'LumA': 140, 'LumB': 95}",4,False,0.9148936170212766,0.9084507042253521,0.9214285714285714,0.8795811518324608,0.875,0.8842105263157894,0.7640449438202247,0.7727272727272727,0.7555555555555555,0.975,1.0,0.9512195121951219,1076
classification,SimpleMean,EnsembleSoft,0.3,4,5,0.8275294843239094,0.8118449532923216,1287,321,"{'Basal': 167, 'Her2': 180, 'LumA': 560, 'LumB': 380}","{'Basal': 42, 'Her2': 44, 'LumA': 140, 'LumB': 95}",4,False,0.8979591836734694,0.8571428571428571,0.9428571428571428,0.8359788359788359,0.8404255319148937,0.8315789473684211,0.6493506493506493,0.7575757575757576,0.5681818181818182,0.926829268292683,0.95,0.9047619047619048,1076
classification,"KNN(k=5,dist)",EnsembleSoft,0.3,4,1,0.839167996947883,0.835045948203843,1286,322,"{'Basal': 167, 'Her2': 179, 'LumA': 560, 'LumB': 380}","{'Basal': 42, 'Her2': 45, 'LumA': 140, 'LumB': 95}",4,False,0.9037037037037037,0.9384615384615385,0.8714285714285714,0.8431372549019608,0.7889908256880734,0.9052631578947369,0.7526881720430108,0.7291666666666666,0.7777777777777778,0.8571428571428571,0.9428571428571428,0.7857142857142857,1076
classification,"KNN(k=5,dist)",EnsembleSoft,0.3,4,2,0.9045365766699289,0.8925751879699249,1286,322,"{'Basal': 167, 'Her2': 179, 'LumA': 560, 'LumB': 380}","{'Basal': 42, 'Her2': 45, 'LumA': 140, 'LumB': 95}",4,False,0.9351535836177475,0.8954248366013072,0.9785714285714285,0.8961748633879781,0.9318181818181818,0.8631578947368421,0.8470588235294118,0.9,0.8,0.9397590361445783,0.9512195121951219,0.9285714285714286,1076
classification,"KNN(k=5,dist)",EnsembleSoft,0.3,4,3,0.8648838218730692,0.8591791979949874,1286,322,"{'Basal': 167, 'Her2': 179, 'LumA': 560, 'LumB': 380}","{'Basal': 42, 'Her2': 45, 'LumA': 140, 'LumB': 95}",4,False,0.9020979020979021,0.8835616438356164,0.9214285714285714,0.8279569892473119,0.8461538461538461,0.8105263157894737,0.7912087912087912,0.782608695652174,0.8,0.9382716049382716,0.9743589743589743,0.9047619047619048,1076
classification,"KNN(k=5,dist)",EnsembleSoft,0.3,4,4,0.8568402483465503,0.8497837581759277,1287,321,"{'Basal': 168, 'Her2': 179, 'LumA': 560, 'LumB': 380}","{'Basal': 41, 'Her2': 45, 'LumA': 140, 'LumB': 95}",4,False,0.911660777385159,0.9020979020979021,0.9214285714285714,0.865979381443299,0.8484848484848485,0.8842105263157894,0.7228915662650602,0.7894736842105263,0.6666666666666666,0.926829268292683,0.926829268292683,0.926829268292683,1076
classification,"KNN(k=5,dist)",EnsembleSoft,0.3,4,5,0.8469071139093935,0.8294115971747551,1287,321,"{'Basal': 167, 'Her2': 180, 'LumA': 560, 'LumB': 380}","{'Basal': 42, 'Her2': 44, 'LumA': 140, 'LumB': 95}",4,False,0.9115646258503401,0.8701298701298701,0.9571428571428572,0.851063829787234,0.8602150537634409,0.8421052631578947,0.675,0.75,0.6136363636363636,0.95,1.0,0.9047619047619048,1076
classification,RFECA_SVR(k=5),EnsembleSoft,0.3,4,1,0.8365443443988193,0.8305346700083542,1286,322,"{'Basal': 167, 'Her2': 179, 'LumA': 560, 'LumB': 380}","{'Basal': 42, 'Her2': 45, 'LumA': 140, 'LumB': 95}",4,False,0.9117647058823529,0.9393939393939394,0.8857142857142857,0.848780487804878,0.7909090909090909,0.9157894736842105,0.735632183908046,0.7619047619047619,0.7111111111111111,0.85,0.8947368421052632,0.8095238095238095,1076
classification,RFECA_SVR(k=5),EnsembleSoft,0.3,4,2,0.8976179051966574,0.8863304093567251,1286,322,"{'Basal': 167, 'Her2': 179, 'LumA': 560, 'LumB': 380}","{'Basal': 42, 'Her2': 45, 'LumA': 140, 'LumB': 95}",4,False,0.9415807560137457,0.9072847682119205,0.9785714285714285,0.9081081081081082,0.9333333333333333,0.8842105263157894,0.813953488372093,0.8536585365853658,0.7777777777777778,0.926829268292683,0.95,0.9047619047619048,1076
classification,RFECA_SVR(k=5),EnsembleSoft,0.3,4,3,0.8718920713376264,0.8655388471177945,1286,322,"{'Basal': 167, 'Her2': 179, 'LumA': 560, 'LumB': 380}","{'Basal': 42, 'Her2': 45, 'LumA': 140, 'LumB': 95}",4,False,0.9187279151943463,0.9090909090909091,0.9285714285714286,0.8526315789473684,0.8526315789473684,0.8526315789473684,0.7912087912087912,0.782608695652174,0.8,0.925,0.9736842105263158,0.8809523809523809,1076
classification,RFECA_SVR(k=5),EnsembleSoft,0.3,4,4,0.8557825850608141,0.8479980438902134,1287,321,"{'Basal': 168, 'Her2': 179, 'LumA': 560, 'LumB': 380}","{'Basal': 41, 'Her2': 45, 'LumA': 140, 'LumB': 95}",4,False,0.9045936395759717,0.8951048951048951,0.9142857142857143,0.865979381443299,0.8484848484848485,0.8842105263157894,0.7142857142857143,0.7692307692307693,0.6666666666666666,0.9382716049382716,0.95,0.926829268292683,1076
classification,RFECA_SVR(k=5),EnsembleSoft,0.3,4,5,0.850741370674903,0.830684666210982,1287,321,"{'Basal': 167, 'Her2': 180, 'LumA': 560, 'LumB': 380}","{'Basal': 42, 'Her2': 44, 'LumA': 140, 'LumB': 95}",4,False,0.9072164948453608,0.8741721854304636,0.9428571428571428,0.8615384615384616,0.84,0.8842105263157894,0.6842105263157895,0.8125,0.5909090909090909,0.95,1.0,0.9047619047619048,1076
classification,RFECA_SVR(k=10),EnsembleSoft,0.3,4,1,0.8533978246938354,0.8455096073517127,1286,322,"{'Basal': 167, 'Her2': 179, 'LumA': 560, 'LumB': 380}","{'Basal': 42, 'Her2': 45, 'LumA': 140, 'LumB': 95}",4,False,0.9097472924187726,0.9197080291970803,0.9,0.8542713567839196,0.8173076923076923,0.8947368421052632,0.7777777777777778,0.7777777777777778,0.7777777777777778,0.8717948717948718,0.9444444444444444,0.8095238095238095,1076
classification,RFECA_SVR(k=10),EnsembleSoft,0.3,4,2,0.8879171961964443,0.877046783625731,1286,322,"{'Basal': 167, 'Her2': 179, 'LumA': 560, 'LumB': 380}","{'Basal': 42, 'Her2': 45, 'LumA': 140, 'LumB': 95}",4,False,0.9283276450511946,0.8888888888888888,0.9714285714285714,0.8852459016393442,0.9204545454545454,0.8526315789473684,0.8095238095238095,0.8717948717948718,0.7555555555555555,0.9285714285714286,0.9285714285714286,0.9285714285714286,1076
classification,RFECA_SVR(k=10),EnsembleSoft,0.3,4,3,0.8664901326916343,0.8672619047619048,1286,322,"{'Basal': 167, 'Her2': 179, 'LumA': 560, 'LumB': 380}","{'Basal': 42, 'Her2': 45, 'LumA': 140, 'LumB': 95}",4,False,0.9052631578947369,0.8896551724137931,0.9214285714285714,0.8397790055248618,0.8837209302325582,0.8,0.7959183673469388,0.7358490566037735,0.8666666666666667,0.925,0.9736842105263158,0.8809523809523809,1076
classification,RFECA_SVR(k=10),EnsembleSoft,0.3,4,4,0.8649260551493848,0.8574288872587974,1287,321,"{'Basal': 168, 'Her2': 179, 'LumA': 560, 'LumB': 380}","{'Basal': 41, 'Her2': 45, 'LumA': 140, 'LumB': 95}",4,False,0.9148936170212766,0.9084507042253521,0.9214285714285714,0.8808290155440415,0.8673469387755102,0.8947368421052632,0.7272727272727273,0.7441860465116279,0.7111111111111111,0.9367088607594937,0.9736842105263158,0.9024390243902439,1076
classification,RFECA_SVR(k=10),EnsembleSoft,0.3,4,5,0.8544968007175688,0.8359392800182274,1287,321,"{'Basal': 167, 'Her2': 180, 'LumA': 560, 'LumB': 380}","{'Basal': 42, 'Her2': 44, 'LumA': 140, 'LumB': 95}",4,False,0.910958904109589,0.875,0.95,0.8481675392670157,0.84375,0.8526315789473684,0.7088607594936709,0.8,0.6363636363636364,0.95,1.0,0.9047619047619048,1076
classification,RFECA_SVR(k=20),EnsembleSoft,0.3,4,1,0.8380952380952381,0.8319235588972431,1286,322,"{'Basal': 167, 'Her2': 179, 'LumA': 560, 'LumB': 380}","{'Basal': 42, 'Her2': 45, 'LumA': 140, 'LumB': 95}",4,False,0.9157509157509157,0.9398496240601504,0.8928571428571429,0.8571428571428571,0.8055555555555556,0.9157894736842105,0.7333333333333333,0.7333333333333333,0.7333333333333333,0.8461538461538461,0.9166666666666666,0.7857142857142857,1076
classification,RFECA_SVR(k=20),EnsembleSoft,0.3,4,2,0.9028100029154646,0.8907894736842106,1286,322,"{'Basal': 167, 'Her2': 179, 'LumA': 560, 'LumB': 380}","{'Basal': 42, 'Her2': 45, 'LumA': 140, 'LumB': 95}",4,False,0.9315068493150684,0.8947368421052632,0.9714285714285714,0.8913043478260869,0.9213483146067416,0.8631578947368421,0.8372093023255814,0.8780487804878049,0.8,0.9512195121951219,0.975,0.9285714285714286,1076
classification,RFECA_SVR(k=20),EnsembleSoft,0.3,4,3,0.8634853387096402,0.8655806182121971,1286,322,"{'Basal': 167, 'Her2': 179, 'LumA': 560, 'LumB': 380}","{'Basal': 42, 'Her2': 45, 'LumA': 140, 'LumB': 95}",4,False,0.9078014184397163,0.9014084507042254,0.9142857142857143,0.8432432432432433,0.8666666666666667,0.8210526315789474,0.7872340425531915,0.7551020408163265,0.8222222222222222,0.9156626506024096,0.926829268292683,0.9047619047619048,1076
classification,RFECA_SVR(k=20),EnsembleSoft,0.3,4,4,0.8787528157146167,0.8694370580923856,1287,321,"{'Basal': 168, 'Her2': 179, 'LumA': 560, 'LumB': 380}","{'Basal': 41, 'Her2': 45, 'LumA': 140, 'LumB': 95}",4,False,0.9225352112676056,0.9097222222222222,0.9357142857142857,0.9072164948453608,0.8888888888888888,0.9263157894736842,0.7469879518072289,0.8157894736842105,0.6888888888888889,0.9382716049382716,0.95,0.926829268292683,1076
classification,RFECA_SVR(k=20),EnsembleSoft,0.3,4,5,0.8535706445381104,0.834674755069492,1287,321,"{'Basal': 167, 'Her2': 180, 'LumA': 560, 'LumB': 380}","{'Basal': 42, 'Her2': 44, 'LumA': 140, 'LumB': 95}",4,False,0.9178082191780822,0.881578947368421,0.9571428571428572,0.8541666666666666,0.845360824742268,0.8631578947368421,0.6923076923076923,0.7941176470588235,0.6136363636363636,0.95,1.0,0.9047619047619048,1076
classification,MissForest,EnsembleSoft,0.3,4,1,0.8624916120238288,0.8575710108604846,1286,322,"{'Basal': 167, 'Her2': 179, 'LumA': 560, 'LumB': 380}","{'Basal': 42, 'Her2': 45, 'LumA': 140, 'LumB': 95}",4,False,0.9191176470588235,0.946969696969697,0.8928571428571429,0.8669950738916257,0.8148148148148148,0.9263157894736842,0.7777777777777778,0.7777777777777778,0.7777777777777778,0.8860759493670886,0.9459459459459459,0.8333333333333334,1076
classification,MissForest,EnsembleSoft,0.3,4,2,0.9009903536242485,0.8871762740183793,1286,322,"{'Basal': 167, 'Her2': 179, 'LumA': 560, 'LumB': 380}","{'Basal': 42, 'Her2': 45, 'LumA': 140, 'LumB': 95}",4,False,0.9347079037800687,0.9006622516556292,0.9714285714285714,0.9090909090909091,0.9239130434782609,0.8947368421052632,0.8333333333333334,0.8974358974358975,0.7777777777777778,0.926829268292683,0.95,0.9047619047619048,1076
classification,MissForest,EnsembleSoft,0.3,4,3,0.8946074810991447,0.8889515455304929,1286,322,"{'Basal': 167, 'Her2': 179, 'LumA': 560, 'LumB': 380}","{'Basal': 42, 'Her2': 45, 'LumA': 140, 'LumB': 95}",4,False,0.9187279151943463,0.9090909090909091,0.9285714285714286,0.8526315789473684,0.8526315789473684,0.8526315789473684,0.8314606741573034,0.8409090909090909,0.8222222222222222,0.975609756097561,1.0,0.9523809523809523,1076
classification,MissForest,EnsembleSoft,0.3,4,4,0.8756269709240456,0.8669924302626485,1287,321,"{'Basal': 168, 'Her2': 179, 'LumA': 560, 'LumB': 380}","{'Basal': 41, 'Her2': 45, 'LumA': 140, 'LumB': 95}",4,False,0.911660777385159,0.9020979020979021,0.9214285714285714,0.865979381443299,0.8484848484848485,0.8842105263157894,0.7619047619047619,0.8205128205128205,0.7111111111111111,0.9629629629629629,0.975,0.9512195121951219,1076
classification,MissForest,EnsembleSoft,0.3,4,5,0.8541894546382638,0.8349994303941672,1287,321,"{'Basal': 167, 'Her2': 180, 'LumA': 560, 'LumB': 380}","{'Basal': 42, 'Her2': 44, 'LumA': 140, 'LumB': 95}",4,False,0.903448275862069,0.8733333333333333,0.9357142857142857,0.845360824742268,0.8282828282828283,0.8631578947368421,0.717948717948718,0.8235294117647058,0.6363636363636364,0.95,1.0,0.9047619047619048,1076
classification,SimpleMean,EnsembleSoft,0.3,5,1,0.8458487289163937,0.8428362573099415,1286,322,"{'Basal': 167, 'Her2': 179, 'LumA': 560, 'LumB': 380}","{'Basal': 42, 'Her2': 45, 'LumA': 140, 'LumB': 95}",4,False,0.9104477611940298,0.953125,0.8714285714285714,0.848780487804878,0.7909090909090909,0.9157894736842105,0.7708333333333334,0.7254901960784313,0.8222222222222222,0.8533333333333334,0.9696969696969697,0.7619047619047619,1077
classification,SimpleMean,EnsembleSoft,0.3,5,2,0.8916449016672002,0.883155806182122,1286,322,"{'Basal': 167, 'Her2': 179, 'LumA': 560, 'LumB': 380}","{'Basal': 42, 'Her2': 45, 'LumA': 140, 'LumB': 95}",4,False,0.9407665505226481,0.9183673469387755,0.9642857142857143,0.8888888888888888,0.8936170212765957,0.8842105263157894,0.8192771084337349,0.8947368421052632,0.7555555555555555,0.9176470588235294,0.9069767441860465,0.9285714285714286,1077
classification,SimpleMean,EnsembleSoft,0.3,5,3,0.8617707259682112,0.8573934837092732,1286,322,"{'Basal': 167, 'Her2': 179, 'LumA': 560, 'LumB': 380}","{'Basal': 42, 'Her2': 45, 'LumA': 140, 'LumB': 95}",4,False,0.8982456140350877,0.8827586206896552,0.9142857142857143,0.8279569892473119,0.8461538461538461,0.8105263157894737,0.782608695652174,0.7659574468085106,0.8,0.9382716049382716,0.9743589743589743,0.9047619047619048,1077
classification,SimpleMean,EnsembleSoft,0.3,5,4,0.8623145639834882,0.8527077347841148,1287,321,"{'Basal': 168, 'Her2': 179, 'LumA': 560, 'LumB': 380}","{'Basal': 41, 'Her2': 45, 'LumA': 140, 'LumB': 95}",4,False,0.9052631578947369,0.8896551724137931,0.9214285714285714,0.8645833333333334,0.8556701030927835,0.8736842105263158,0.7294117647058823,0.775,0.6888888888888889,0.95,0.9743589743589743,0.926829268292683,1077
classification,SimpleMean,EnsembleSoft,0.3,5,5,0.8392711383195812,0.8196172248803828,1287,321,"{'Basal': 167, 'Her2': 180, 'LumA': 560, 'LumB': 380}","{'Basal': 42, 'Her2': 44, 'LumA': 140, 'LumB': 95}",4,False,0.9134948096885813,0.8859060402684564,0.9428571428571428,0.8205128205128205,0.8,0.8421052631578947,0.7,0.7777777777777778,0.6363636363636364,0.9230769230769231,1.0,0.8571428571428571,1077
classification,"KNN(k=5,dist)",EnsembleSoft,0.3,5,1,0.8545528935869386,0.8487364243943192,1286,322,"{'Basal': 167, 'Her2': 179, 'LumA': 560, 'LumB': 380}","{'Basal': 42, 'Her2': 45, 'LumA': 140, 'LumB': 95}",4,False,0.9202898550724637,0.9338235294117647,0.9071428571428571,0.8730964467005076,0.8431372549019608,0.9052631578947369,0.7755102040816326,0.7169811320754716,0.8444444444444444,0.8493150684931506,1.0,0.7380952380952381,1077
classification,"KNN(k=5,dist)",EnsembleSoft,0.3,5,2,0.8746596747709094,0.8644945697577276,1286,322,"{'Basal': 167, 'Her2': 179, 'LumA': 560, 'LumB': 380}","{'Basal': 42, 'Her2': 45, 'LumA': 140, 'LumB': 95}",4,False,0.9241379310344827,0.8933333333333333,0.9571428571428572,0.8602150537634409,0.8791208791208791,0.8421052631578947,0.8333333333333334,0.8974358974358975,0.7777777777777778,0.8809523809523809,0.8809523809523809,0.8809523809523809,1077
classification,"KNN(k=5,dist)",EnsembleSoft,0.3,5,3,0.8614712956161981,0.8611633249791144,1286,322,"{'Basal': 167, 'Her2': 179, 'LumA': 560, 'LumB': 380}","{'Basal': 42, 'Her2': 45, 'LumA': 140, 'LumB': 95}",4,False,0.900709219858156,0.8943661971830986,0.9071428571428571,0.8279569892473119,0.8461538461538461,0.8105263157894737,0.7789473684210526,0.74,0.8222222222222222,0.9382716049382716,0.9743589743589743,0.9047619047619048,1077
classification,"KNN(k=5,dist)",EnsembleSoft,0.3,5,4,0.8609990282470903,0.8555377264298959,1287,321,"{'Basal': 168, 'Her2': 179, 'LumA': 560, 'LumB': 380}","{'Basal': 41, 'Her2': 45, 'LumA': 140, 'LumB': 95}",4,False,0.9,0.9,0.9,0.8615384615384616,0.84,0.8842105263157894,0.7441860465116279,0.7804878048780488,0.7111111111111111,0.9382716049382716,0.95,0.926829268292683,1077
classification,"KNN(k=5,dist)",EnsembleSoft,0.3,5,5,0.8274475439687138,0.8060492139439508,1287,321,"{'Basal': 167, 'Her2': 180, 'LumA': 560, 'LumB': 380}","{'Basal': 42, 'Her2': 44, 'LumA': 140, 'LumB': 95}",4,False,0.903448275862069,0.8733333333333333,0.9357142857142857,0.8282828282828283,0.7961165048543689,0.8631578947368421,0.6666666666666666,0.8064516129032258,0.5681818181818182,0.9113924050632911,0.972972972972973,0.8571428571428571,1077
classification,RFECA_SVR(k=5),EnsembleSoft,0.3,5,1,0.8624115268669724,0.854500835421888,1286,322,"{'Basal': 167, 'Her2': 179, 'LumA': 560, 'LumB': 380}","{'Basal': 42, 'Her2': 45, 'LumA': 140, 'LumB': 95}",4,False,0.9236363636363636,0.9407407407407408,0.9071428571428571,0.8910891089108911,0.8411214953271028,0.9473684210526315,0.7777777777777778,0.7777777777777778,0.7777777777777778,0.8571428571428571,0.9428571428571428,0.7857142857142857,1077
classification,RFECA_SVR(k=5),EnsembleSoft,0.3,5,2,0.8676433865517553,0.8540726817042607,1286,322,"{'Basal': 167, 'Her2': 179, 'LumA': 560, 'LumB': 380}","{'Basal': 42, 'Her2': 45, 'LumA': 140, 'LumB': 95}",4,False,0.9084745762711864,0.864516129032258,0.9571428571428572,0.8524590163934426,0.8863636363636364,0.8210526315789474,0.8048780487804879,0.8918918918918919,0.7333333333333333,0.9047619047619048,0.9047619047619048,0.9047619047619048,1077
classification,RFECA_SVR(k=5),EnsembleSoft,0.3,5,3,0.8733698208717877,0.8732247284878863,1286,322,"{'Basal': 167, 'Her2': 179, 'LumA': 560, 'LumB': 380}","{'Basal': 42, 'Her2': 45, 'LumA': 140, 'LumB': 95}",4,False,0.9,0.9,0.9,0.8465608465608465,0.851063829787234,0.8421052631578947,0.7956989247311828,0.7708333333333334,0.8222222222222222,0.9512195121951219,0.975,0.9285714285714286,1077
classification,RFECA_SVR(k=5),EnsembleSoft,0.3,5,4,0.8715551901524494,0.8618461804918802,1287,321,"{'Basal': 168, 'Her2': 179, 'LumA': 560, 'LumB': 380}","{'Basal': 41, 'Her2': 45, 'LumA': 140, 'LumB': 95}",4,False,0.9187279151943463,0.9090909090909091,0.9285714285714286,0.8865979381443299,0.8686868686868687,0.9052631578947369,0.7441860465116279,0.7804878048780488,0.7111111111111111,0.9367088607594937,0.9736842105263158,0.9024390243902439,1077
classification,RFECA_SVR(k=5),EnsembleSoft,0.3,5,5,0.8563444135951077,0.8370357712462976,1287,321,"{'Basal': 167, 'Her2': 180, 'LumA': 560, 'LumB': 380}","{'Basal': 42, 'Her2': 44, 'LumA': 140, 'LumB': 95}",4,False,0.9241379310344827,0.8933333333333333,0.9571428571428572,0.8556701030927835,0.8383838383838383,0.8736842105263158,0.7088607594936709,0.8,0.6363636363636364,0.9367088607594937,1.0,0.8809523809523809,1077
classification,RFECA_SVR(k=10),EnsembleSoft,0.3,5,1,0.8835509607218642,0.875877192982456,1286,322,"{'Basal': 167, 'Her2': 179, 'LumA': 560, 'LumB': 380}","{'Basal': 42, 'Her2': 45, 'LumA': 140, 'LumB': 95}",4,False,0.920863309352518,0.927536231884058,0.9142857142857143,0.9035532994923858,0.8725490196078431,0.9368421052631579,0.8297872340425532,0.7959183673469388,0.8666666666666667,0.88,1.0,0.7857142857142857,1077
classification,RFECA_SVR(k=10),EnsembleSoft,0.3,5,2,0.8644027436969304,0.8540726817042607,1286,322,"{'Basal': 167, 'Her2': 179, 'LumA': 560, 'LumB': 380}","{'Basal': 42, 'Her2': 45, 'LumA': 140, 'LumB': 95}",4,False,0.9146757679180887,0.8758169934640523,0.9571428571428572,0.8524590163934426,0.8863636363636364,0.8210526315789474,0.7857142857142857,0.8461538461538461,0.7333333333333333,0.9047619047619048,0.9047619047619048,0.9047619047619048,1077
classification,RFECA_SVR(k=10),EnsembleSoft,0.3,5,3,0.8747055545856959,0.8758563074352548,1286,322,"{'Basal': 167, 'Her2': 179, 'LumA': 560, 'LumB': 380}","{'Basal': 42, 'Her2': 45, 'LumA': 140, 'LumB': 95}",4,False,0.9032258064516129,0.9064748201438849,0.9,0.8571428571428571,0.8617021276595744,0.8526315789473684,0.7872340425531915,0.7551020408163265,0.8222222222222222,0.9512195121951219,0.975,0.9285714285714286,1077
classification,RFECA_SVR(k=10),EnsembleSoft,0.3,5,4,0.8693042201404105,0.8592146015445118,1287,321,"{'Basal': 168, 'Her2': 179, 'LumA': 560, 'LumB': 380}","{'Basal': 41, 'Her2': 45, 'LumA': 140, 'LumB': 95}",4,False,0.9154929577464789,0.9027777777777778,0.9285714285714286,0.8808290155440415,0.8673469387755102,0.8947368421052632,0.7441860465116279,0.7804878048780488,0.7111111111111111,0.9367088607594937,0.9736842105263158,0.9024390243902439,1077
classification,RFECA_SVR(k=10),EnsembleSoft,0.3,5,5,0.8506212276038142,0.8326184780132149,1287,321,"{'Basal': 167, 'Her2': 180, 'LumA': 560, 'LumB': 380}","{'Basal': 42, 'Her2': 44, 'LumA': 140, 'LumB': 95}",4,False,0.9204152249134948,0.8926174496644296,0.95,0.845360824742268,0.8282828282828283,0.8631578947368421,0.7,0.7777777777777778,0.6363636363636364,0.9367088607594937,1.0,0.8809523809523809,1077
classification,RFECA_SVR(k=20),EnsembleSoft,0.3,5,1,0.8701179681717246,0.8635651629072681,1286,322,"{'Basal': 167, 'Her2': 179, 'LumA': 560, 'LumB': 380}","{'Basal': 42, 'Her2': 45, 'LumA': 140, 'LumB': 95}",4,False,0.9071428571428571,0.9071428571428571,0.9071428571428571,0.8808290155440415,0.8673469387755102,0.8947368421052632,0.8125,0.7647058823529411,0.8666666666666667,0.88,1.0,0.7857142857142857,1077
classification,RFECA_SVR(k=20),EnsembleSoft,0.3,5,2,0.869212318343243,0.8622598162071846,1286,322,"{'Basal': 167, 'Her2': 179, 'LumA': 560, 'LumB': 380}","{'Basal': 42, 'Her2': 45, 'LumA': 140, 'LumB': 95}",4,False,0.9273356401384083,0.8993288590604027,0.9571428571428572,0.8540540540540541,0.8777777777777778,0.8315789473684211,0.7906976744186046,0.8292682926829268,0.7555555555555555,0.9047619047619048,0.9047619047619048,0.9047619047619048,1077
classification,RFECA_SVR(k=20),EnsembleSoft,0.3,5,3,0.8695728157807774,0.8668233082706767,1286,322,"{'Basal': 167, 'Her2': 179, 'LumA': 560, 'LumB': 380}","{'Basal': 42, 'Her2': 45, 'LumA': 140, 'LumB': 95}",4,False,0.900709219858156,0.8943661971830986,0.9071428571428571,0.8404255319148937,0.8494623655913979,0.8315789473684211,0.7741935483870968,0.75,0.8,0.9629629629629629,1.0,0.9285714285714286,1077
classification,RFECA_SVR(k=20),EnsembleSoft,0.3,5,4,0.8839796974560095,0.8751910263463536,1287,321,"{'Basal': 168, 'Her2': 179, 'LumA': 560, 'LumB': 380}","{'Basal': 41, 'Her2': 45, 'LumA': 140, 'LumB': 95}",4,False,0.9175627240143369,0.920863309352518,0.9142857142857143,0.8888888888888888,0.8543689320388349,0.9263157894736842,0.7674418604651163,0.8048780487804879,0.7333333333333333,0.9620253164556962,1.0,0.926829268292683,1077
classification,RFECA_SVR(k=20),EnsembleSoft,0.3,5,5,0.8600834928202891,0.839667350193666,1287,321,"{'Basal': 167, 'Her2': 180, 'LumA': 560, 'LumB': 380}","{'Basal': 42, 'Her2': 44, 'LumA': 140, 'LumB': 95}",4,False,0.9241379310344827,0.8933333333333333,0.9571428571428572,0.8615384615384616,0.84,0.8842105263157894,0.717948717948718,0.8235294117647058,0.6363636363636364,0.9367088607594937,1.0,0.8809523809523809,1077
classification,MissForest,EnsembleSoft,0.3,5,1,0.8579263775273962,0.8512218045112783,1286,322,"{'Basal': 167, 'Her2': 179, 'LumA': 560, 'LumB': 380}","{'Basal': 42, 'Her2': 45, 'LumA': 140, 'LumB': 95}",4,False,0.9090909090909091,0.9259259259259259,0.8928571428571429,0.88,0.8380952380952381,0.9263157894736842,0.7741935483870968,0.75,0.8,0.868421052631579,0.9705882352941176,0.7857142857142857,1077
classification,MissForest,EnsembleSoft,0.3,5,2,0.8650908264355217,0.8591896407685882,1286,322,"{'Basal': 167, 'Her2': 179, 'LumA': 560, 'LumB': 380}","{'Basal': 42, 'Her2': 45, 'LumA': 140, 'LumB': 95}",4,False,0.9411764705882353,0.912751677852349,0.9714285714285714,0.8804347826086957,0.9101123595505618,0.8526315789473684,0.7816091954022989,0.8095238095238095,0.7555555555555555,0.8571428571428571,0.8571428571428571,0.8571428571428571,1077
classification,MissForest,EnsembleSoft,0.3,5,3,0.8739245301768479,0.8703007518796992,1286,322,"{'Basal': 167, 'Her2': 179, 'LumA': 560, 'LumB': 380}","{'Basal': 42, 'Her2': 45, 'LumA': 140, 'LumB': 95}",4,False,0.9064748201438849,0.9130434782608695,0.9,0.8350515463917526,0.8181818181818182,0.8526315789473684,0.7912087912087912,0.782608695652174,0.8,0.9629629629629629,1.0,0.9285714285714286,1077
classification,MissForest,EnsembleSoft,0.3,5,4,0.8668418285599366,0.8617407339486929,1287,321,"{'Basal': 168, 'Her2': 179, 'LumA': 560, 'LumB': 380}","{'Basal': 41, 'Her2': 45, 'LumA': 140, 'LumB': 95}",4,False,0.9175627240143369,0.920863309352518,0.9142857142857143,0.8673469387755102,0.8415841584158416,0.8947368421052632,0.7441860465116279,0.7804878048780488,0.7111111111111111,0.9382716049382716,0.95,0.926829268292683,1077
classification,MissForest,EnsembleSoft,0.3,5,5,0.8683013825255206,0.8482513100934154,1287,321,"{'Basal': 167, 'Her2': 180, 'LumA': 560, 'LumB': 380}","{'Basal': 42, 'Her2': 44, 'LumA': 140, 'LumB': 95}",4,False,0.9241379310344827,0.8933333333333333,0.9571428571428572,0.8717948717948718,0.85,0.8947368421052632,0.7272727272727273,0.8484848484848485,0.6363636363636364,0.95,1.0,0.9047619047619048,1077
classification,SimpleMean,EnsembleSoft,0.3,6,1,0.841908010258306,0.8387113617376776,1286,322,"{'Basal': 167, 'Her2': 179, 'LumA': 560, 'LumB': 380}","{'Basal': 42, 'Her2': 45, 'LumA': 140, 'LumB': 95}",4,False,0.8897058823529411,0.9166666666666666,0.8642857142857143,0.835820895522388,0.7924528301886793,0.8842105263157894,0.8,0.76,0.8444444444444444,0.8421052631578947,0.9411764705882353,0.7619047619047619,1078
classification,SimpleMean,EnsembleSoft,0.3,6,2,0.8764641021761183,0.8685985797827904,1286,322,"{'Basal': 167, 'Her2': 179, 'LumA': 560, 'LumB': 380}","{'Basal': 42, 'Her2': 45, 'LumA': 140, 'LumB': 95}",4,False,0.89419795221843,0.8562091503267973,0.9357142857142857,0.8333333333333334,0.8823529411764706,0.7894736842105263,0.8735632183908046,0.9047619047619048,0.8444444444444444,0.9047619047619048,0.9047619047619048,0.9047619047619048,1078
classification,SimpleMean,EnsembleSoft,0.3,6,3,0.8713853056238274,0.8687134502923977,1286,322,"{'Basal': 167, 'Her2': 179, 'LumA': 560, 'LumB': 380}","{'Basal': 42, 'Her2': 45, 'LumA': 140, 'LumB': 95}",4,False,0.9078014184397163,0.9014084507042254,0.9142857142857143,0.8526315789473684,0.8526315789473684,0.8526315789473684,0.7727272727272727,0.7906976744186046,0.7555555555555555,0.9523809523809523,0.9523809523809523,0.9523809523809523,1078
classification,SimpleMean,EnsembleSoft,0.3,6,4,0.8792967176802255,0.8686339833323146,1287,321,"{'Basal': 168, 'Her2': 179, 'LumA': 560, 'LumB': 380}","{'Basal': 41, 'Her2': 45, 'LumA': 140, 'LumB': 95}",4,False,0.9230769230769231,0.9041095890410958,0.9428571428571428,0.8691099476439791,0.8645833333333334,0.8736842105263158,0.8,0.85,0.7555555555555555,0.925,0.9487179487179487,0.9024390243902439,1078
classification,SimpleMean,EnsembleSoft,0.3,6,5,0.8396052023503005,0.8172362724994304,1287,321,"{'Basal': 167, 'Her2': 180, 'LumA': 560, 'LumB': 380}","{'Basal': 42, 'Her2': 44, 'LumA': 140, 'LumB': 95}",4,False,0.9023569023569024,0.8535031847133758,0.9571428571428572,0.8556149732620321,0.8695652173913043,0.8421052631578947,0.691358024691358,0.7567567567567568,0.6363636363636364,0.9090909090909091,1.0,0.8333333333333334,1078
classification,"KNN(k=5,dist)",EnsembleSoft,0.3,6,1,0.833230260276729,0.8355367585630744,1286,322,"{'Basal': 167, 'Her2': 179, 'LumA': 560, 'LumB': 380}","{'Basal': 42, 'Her2': 45, 'LumA': 140, 'LumB': 95}",4,False,0.8880597014925373,0.9296875,0.85,0.835820895522388,0.7924528301886793,0.8842105263157894,0.7628865979381443,0.7115384615384616,0.8222222222222222,0.8461538461538461,0.9166666666666666,0.7857142857142857,1078
classification,"KNN(k=5,dist)",EnsembleSoft,0.3,6,2,0.8630986859436848,0.8512426900584794,1286,322,"{'Basal': 167, 'Her2': 179, 'LumA': 560, 'LumB': 380}","{'Basal': 42, 'Her2': 45, 'LumA': 140, 'LumB': 95}",4,False,0.8972602739726028,0.8618421052631579,0.9357142857142857,0.8369565217391305,0.8651685393258427,0.8105263157894737,0.8045977011494253,0.8333333333333334,0.7777777777777778,0.9135802469135802,0.9487179487179487,0.8809523809523809,1078
classification,"KNN(k=5,dist)",EnsembleSoft,0.3,6,3,0.8642845843157207,0.8612677527151211,1286,322,"{'Basal': 167, 'Her2': 179, 'LumA': 560, 'LumB': 380}","{'Basal': 42, 'Her2': 45, 'LumA': 140, 'LumB': 95}",4,False,0.900709219858156,0.8943661971830986,0.9071428571428571,0.8359788359788359,0.8404255319148937,0.8315789473684211,0.7692307692307693,0.7608695652173914,0.7777777777777778,0.9512195121951219,0.975,0.9285714285714286,1078
classification,"KNN(k=5,dist)",EnsembleSoft,0.3,6,4,0.8760743461211864,0.8642281516800131,1287,321,"{'Basal': 168, 'Her2': 179, 'LumA': 560, 'LumB': 380}","{'Basal': 41, 'Her2': 45, 'LumA': 140, 'LumB': 95}",4,False,0.9187279151943463,0.9090909090909091,0.9285714285714286,0.8717948717948718,0.85,0.8947368421052632,0.7906976744186046,0.8292682926829268,0.7555555555555555,0.9230769230769231,0.972972972972973,0.8780487804878049,1078
classification,"KNN(k=5,dist)",EnsembleSoft,0.3,6,5,0.8536413739709892,0.8323479152426521,1287,321,"{'Basal': 167, 'Her2': 180, 'LumA': 560, 'LumB': 380}","{'Basal': 42, 'Her2': 44, 'LumA': 140, 'LumB': 95}",4,False,0.9078498293515358,0.869281045751634,0.95,0.8586387434554974,0.8541666666666666,0.8631578947368421,0.725,0.8055555555555556,0.6590909090909091,0.9230769230769231,1.0,0.8571428571428571,1078
classification,RFECA_SVR(k=5),EnsembleSoft,0.3,6,1,0.8349700893734088,0.8287907268170427,1286,322,"{'Basal': 167, 'Her2': 179, 'LumA': 560, 'LumB': 380}","{'Basal': 42, 'Her2': 45, 'LumA': 140, 'LumB': 95}",4,False,0.9025270758122743,0.9124087591240876,0.8928571428571429,0.8527918781725888,0.8235294117647058,0.8842105263157894,0.7578947368421053,0.72,0.8,0.8266666666666667,0.9393939393939394,0.7380952380952381,1078
classification,RFECA_SVR(k=5),EnsembleSoft,0.3,6,2,0.8609363685763491,0.8503968253968253,1286,322,"{'Basal': 167, 'Her2': 179, 'LumA': 560, 'LumB': 380}","{'Basal': 42, 'Her2': 45, 'LumA': 140, 'LumB': 95}",4,False,0.9041095890410958,0.868421052631579,0.9428571428571428,0.8306010928961749,0.8636363636363636,0.8,0.7954545454545454,0.813953488372093,0.7777777777777778,0.9135802469135802,0.9487179487179487,0.8809523809523809,1078
classification,RFECA_SVR(k=5),EnsembleSoft,0.3,6,3,0.8729350176015985,0.8710421888053468,1286,322,"{'Basal': 167, 'Her2': 179, 'LumA': 560, 'LumB': 380}","{'Basal': 42, 'Her2': 45, 'LumA': 140, 'LumB': 95}",4,False,0.9225352112676056,0.9097222222222222,0.9357142857142857,0.8602150537634409,0.8791208791208791,0.8421052631578947,0.7692307692307693,0.7608695652173914,0.7777777777777778,0.9397590361445783,0.9512195121951219,0.9285714285714286,1078
classification,RFECA_SVR(k=5),EnsembleSoft,0.3,6,4,0.8784634395303046,0.8689493041546956,1287,321,"{'Basal': 168, 'Her2': 179, 'LumA': 560, 'LumB': 380}","{'Basal': 41, 'Her2': 45, 'LumA': 140, 'LumB': 95}",4,False,0.9285714285714286,0.9285714285714286,0.9285714285714286,0.883248730964467,0.8529411764705882,0.9157894736842105,0.8045977011494253,0.8333333333333334,0.7777777777777778,0.8974358974358975,0.9459459459459459,0.8536585365853658,1078
classification,RFECA_SVR(k=5),EnsembleSoft,0.3,6,5,0.8670544521608352,0.8442327409432673,1287,321,"{'Basal': 167, 'Her2': 180, 'LumA': 560, 'LumB': 380}","{'Basal': 42, 'Her2': 44, 'LumA': 140, 'LumB': 95}",4,False,0.9121621621621622,0.8653846153846154,0.9642857142857143,0.8829787234042553,0.8924731182795699,0.8736842105263158,0.75,0.8333333333333334,0.6818181818181818,0.9230769230769231,1.0,0.8571428571428571,1078
classification,RFECA_SVR(k=10),EnsembleSoft,0.3,6,1,0.8387063813379603,0.8349415204678363,1286,322,"{'Basal': 167, 'Her2': 179, 'LumA': 560, 'LumB': 380}","{'Basal': 42, 'Her2': 45, 'LumA': 140, 'LumB': 95}",4,False,0.8937728937728938,0.9172932330827067,0.8714285714285714,0.84,0.8,0.8842105263157894,0.7789473684210526,0.74,0.8222222222222222,0.8421052631578947,0.9411764705882353,0.7619047619047619,1078
classification,RFECA_SVR(k=10),EnsembleSoft,0.3,6,2,0.86992276592544,0.8615079365079366,1286,322,"{'Basal': 167, 'Her2': 179, 'LumA': 560, 'LumB': 380}","{'Basal': 42, 'Her2': 45, 'LumA': 140, 'LumB': 95}",4,False,0.9041095890410958,0.868421052631579,0.9428571428571428,0.8397790055248618,0.8837209302325582,0.8,0.8222222222222222,0.8222222222222222,0.8222222222222222,0.9135802469135802,0.9487179487179487,0.8809523809523809,1078
classification,RFECA_SVR(k=10),EnsembleSoft,0.3,6,3,0.8832321359233197,0.8821532999164579,1286,322,"{'Basal': 167, 'Her2': 179, 'LumA': 560, 'LumB': 380}","{'Basal': 42, 'Her2': 45, 'LumA': 140, 'LumB': 95}",4,False,0.9257950530035336,0.916083916083916,0.9357142857142857,0.8602150537634409,0.8791208791208791,0.8421052631578947,0.7956989247311828,0.7708333333333334,0.8222222222222222,0.9512195121951219,0.975,0.9285714285714286,1078
classification,RFECA_SVR(k=10),EnsembleSoft,0.3,6,4,0.8847732217021558,0.8745048597102512,1287,321,"{'Basal': 168, 'Her2': 179, 'LumA': 560, 'LumB': 380}","{'Basal': 41, 'Her2': 45, 'LumA': 140, 'LumB': 95}",4,False,0.9285714285714286,0.9285714285714286,0.9285714285714286,0.883248730964467,0.8529411764705882,0.9157894736842105,0.8181818181818182,0.8372093023255814,0.8,0.9090909090909091,0.9722222222222222,0.8536585365853658,1078
classification,RFECA_SVR(k=10),EnsembleSoft,0.3,6,5,0.8544823008237643,0.8337064251537936,1287,321,"{'Basal': 167, 'Her2': 180, 'LumA': 560, 'LumB': 380}","{'Basal': 42, 'Her2': 44, 'LumA': 140, 'LumB': 95}",4,False,0.9090909090909091,0.8598726114649682,0.9642857142857143,0.8540540540540541,0.8777777777777778,0.8315789473684211,0.7317073170731707,0.7894736842105263,0.6818181818181818,0.9230769230769231,1.0,0.8571428571428571,1078
classification,RFECA_SVR(k=20),EnsembleSoft,0.3,6,1,0.8291829698079698,0.8278926482873852,1286,322,"{'Basal': 167, 'Her2': 179, 'LumA': 560, 'LumB': 380}","{'Basal': 42, 'Her2': 45, 'LumA': 140, 'LumB': 95}",4,False,0.8864468864468864,0.9097744360902256,0.8642857142857143,0.8282828282828283,0.7961165048543689,0.8631578947368421,0.7708333333333334,0.7254901960784313,0.8222222222222222,0.8311688311688312,0.9142857142857143,0.7619047619047619,1078
classification,RFECA_SVR(k=20),EnsembleSoft,0.3,6,2,0.8614483188336726,0.854814118629908,1286,322,"{'Basal': 167, 'Her2': 179, 'LumA': 560, 'LumB': 380}","{'Basal': 42, 'Her2': 45, 'LumA': 140, 'LumB': 95}",4,False,0.9140893470790378,0.8807947019867549,0.95,0.8461538461538461,0.8850574712643678,0.8105263157894737,0.8045977011494253,0.8333333333333334,0.7777777777777778,0.8809523809523809,0.8809523809523809,0.8809523809523809,1078
classification,RFECA_SVR(k=20),EnsembleSoft,0.3,6,3,0.8732975931036007,0.8736737677527152,1286,322,"{'Basal': 167, 'Her2': 179, 'LumA': 560, 'LumB': 380}","{'Basal': 42, 'Her2': 45, 'LumA': 140, 'LumB': 95}",4,False,0.9290780141843972,0.9225352112676056,0.9357142857142857,0.8663101604278075,0.8804347826086957,0.8526315789473684,0.7692307692307693,0.7608695652173914,0.7777777777777778,0.9285714285714286,0.9285714285714286,0.9285714285714286,1078
classification,RFECA_SVR(k=20),EnsembleSoft,0.3,6,4,0.8687840771232678,0.8569923283819305,1287,321,"{'Basal': 168, 'Her2': 179, 'LumA': 560, 'LumB': 380}","{'Basal': 41, 'Her2': 45, 'LumA': 140, 'LumB': 95}",4,False,0.9257950530035336,0.916083916083916,0.9357142857142857,0.8775510204081632,0.8514851485148515,0.9052631578947369,0.7857142857142857,0.8461538461538461,0.7333333333333333,0.8860759493670886,0.9210526315789473,0.8536585365853658,1078
classification,RFECA_SVR(k=20),EnsembleSoft,0.3,6,5,0.8399487184458491,0.8190219867851447,1287,321,"{'Basal': 167, 'Her2': 180, 'LumA': 560, 'LumB': 380}","{'Basal': 42, 'Her2': 44, 'LumA': 140, 'LumB': 95}",4,False,0.9121621621621622,0.8653846153846154,0.9642857142857143,0.8556149732620321,0.8695652173913043,0.8421052631578947,0.6829268292682927,0.7368421052631579,0.6363636363636364,0.9090909090909091,1.0,0.8333333333333334,1078
classification,MissForest,EnsembleSoft,0.3,6,1,0.8571719636551204,0.8569653299916458,1286,322,"{'Basal': 167, 'Her2': 179, 'LumA': 560, 'LumB': 380}","{'Basal': 42, 'Her2': 45, 'LumA': 140, 'LumB': 95}",4,False,0.8929889298892989,0.9236641221374046,0.8642857142857143,0.84,0.8,0.8842105263157894,0.7956989247311828,0.7708333333333334,0.8222222222222222,0.9,0.9473684210526315,0.8571428571428571,1078
classification,MissForest,EnsembleSoft,0.3,6,2,0.8696179420534816,0.8613199665831244,1286,322,"{'Basal': 167, 'Her2': 179, 'LumA': 560, 'LumB': 380}","{'Basal': 42, 'Her2': 45, 'LumA': 140, 'LumB': 95}",4,False,0.9134948096885813,0.8859060402684564,0.9428571428571428,0.8602150537634409,0.8791208791208791,0.8421052631578947,0.8,0.85,0.7555555555555555,0.9047619047619048,0.9047619047619048,0.9047619047619048,1078
classification,MissForest,EnsembleSoft,0.3,6,3,0.8876917752813717,0.8847848788638263,1286,322,"{'Basal': 167, 'Her2': 179, 'LumA': 560, 'LumB': 380}","{'Basal': 42, 'Her2': 45, 'LumA': 140, 'LumB': 95}",4,False,0.9257950530035336,0.916083916083916,0.9357142857142857,0.8663101604278075,0.8804347826086957,0.8526315789473684,0.7956989247311828,0.7708333333333334,0.8222222222222222,0.9629629629629629,1.0,0.9285714285714286,1078
classification,MissForest,EnsembleSoft,0.3,6,4,0.873166291130696,0.8642396132607941,1287,321,"{'Basal': 168, 'Her2': 179, 'LumA': 560, 'LumB': 380}","{'Basal': 41, 'Her2': 45, 'LumA': 140, 'LumB': 95}",4,False,0.9247311827956989,0.9280575539568345,0.9214285714285714,0.8888888888888888,0.8543689320388349,0.9263157894736842,0.7816091954022989,0.8095238095238095,0.7555555555555555,0.8974358974358975,0.9459459459459459,0.8536585365853658,1078
classification,MissForest,EnsembleSoft,0.3,6,5,0.8499260649909284,0.8299669628616997,1287,321,"{'Basal': 167, 'Her2': 180, 'LumA': 560, 'LumB': 380}","{'Basal': 42, 'Her2': 44, 'LumA': 140, 'LumB': 95}",4,False,0.9246575342465754,0.8881578947368421,0.9642857142857143,0.8586387434554974,0.8541666666666666,0.8631578947368421,0.7073170731707317,0.7631578947368421,0.6590909090909091,0.9090909090909091,1.0,0.8333333333333334,1078
classification,SimpleMean,EnsembleSoft,0.3,7,1,0.854911200750323,0.8506683375104428,1286,322,"{'Basal': 167, 'Her2': 179, 'LumA': 560, 'LumB': 380}","{'Basal': 42, 'Her2': 45, 'LumA': 140, 'LumB': 95}",4,False,0.9130434782608695,0.9264705882352942,0.9,0.8673469387755102,0.8415841584158416,0.8947368421052632,0.7708333333333334,0.7254901960784313,0.8222222222222222,0.868421052631579,0.9705882352941176,0.7857142857142857,1079
classification,SimpleMean,EnsembleSoft,0.3,7,2,0.8439162774002503,0.8319444444444444,1286,322,"{'Basal': 167, 'Her2': 179, 'LumA': 560, 'LumB': 380}","{'Basal': 42, 'Her2': 45, 'LumA': 140, 'LumB': 95}",4,False,0.89419795221843,0.8562091503267973,0.9357142857142857,0.8260869565217391,0.8539325842696629,0.8,0.7529411764705882,0.8,0.7111111111111111,0.9024390243902439,0.925,0.8809523809523809,1079
classification,SimpleMean,EnsembleSoft,0.3,7,3,0.8295806260741871,0.8223684210526316,1286,322,"{'Basal': 167, 'Her2': 179, 'LumA': 560, 'LumB': 380}","{'Basal': 42, 'Her2': 45, 'LumA': 140, 'LumB': 95}",4,False,0.8701754385964913,0.8551724137931035,0.8857142857142857,0.7978723404255319,0.8064516129032258,0.7894736842105263,0.7252747252747253,0.717391304347826,0.7333333333333333,0.925,0.9736842105263158,0.8809523809523809,1079
classification,SimpleMean,EnsembleSoft,0.3,7,4,0.8675815973819845,0.8577212849196161,1287,321,"{'Basal': 168, 'Her2': 179, 'LumA': 560, 'LumB': 380}","{'Basal': 41, 'Her2': 45, 'LumA': 140, 'LumB': 95}",4,False,0.9148936170212766,0.9084507042253521,0.9214285714285714,0.8512820512820513,0.83,0.8736842105263158,0.7674418604651163,0.8048780487804879,0.7333333333333333,0.9367088607594937,0.9736842105263158,0.9024390243902439,1079
classification,SimpleMean,EnsembleSoft,0.3,7,5,0.8438542787016353,0.8218215994531783,1287,321,"{'Basal': 167, 'Her2': 180, 'LumA': 560, 'LumB': 380}","{'Basal': 42, 'Her2': 44, 'LumA': 140, 'LumB': 95}",4,False,0.8956228956228957,0.8471337579617835,0.95,0.8342245989304813,0.8478260869565217,0.8210526315789474,0.7341772151898734,0.8285714285714286,0.6590909090909091,0.9113924050632911,0.972972972972973,0.8571428571428571,1079
classification,"KNN(k=5,dist)",EnsembleSoft,0.3,7,1,0.8517025897898027,0.8503237259816208,1286,322,"{'Basal': 167, 'Her2': 179, 'LumA': 560, 'LumB': 380}","{'Basal': 42, 'Her2': 45, 'LumA': 140, 'LumB': 95}",4,False,0.8962962962962963,0.9307692307692308,0.8642857142857143,0.8514851485148515,0.8037383177570093,0.9052631578947369,0.7872340425531915,0.7551020408163265,0.8222222222222222,0.8717948717948718,0.9444444444444444,0.8095238095238095,1079
classification,"KNN(k=5,dist)",EnsembleSoft,0.3,7,2,0.8874060390509625,0.8743107769423559,1286,322,"{'Basal': 167, 'Her2': 179, 'LumA': 560, 'LumB': 380}","{'Basal': 42, 'Her2': 45, 'LumA': 140, 'LumB': 95}",4,False,0.918918918918919,0.8717948717948718,0.9714285714285714,0.8666666666666667,0.9176470588235294,0.8210526315789474,0.8372093023255814,0.8780487804878049,0.8,0.926829268292683,0.95,0.9047619047619048,1079
classification,"KNN(k=5,dist)",EnsembleSoft,0.3,7,3,0.862267436145864,0.858939014202172,1286,322,"{'Basal': 167, 'Her2': 179, 'LumA': 560, 'LumB': 380}","{'Basal': 42, 'Her2': 45, 'LumA': 140, 'LumB': 95}",4,False,0.8888888888888888,0.8920863309352518,0.8857142857142857,0.8290155440414507,0.8163265306122449,0.8421052631578947,0.7555555555555555,0.7555555555555555,0.7555555555555555,0.975609756097561,1.0,0.9523809523809523,1079
classification,"KNN(k=5,dist)",EnsembleSoft,0.3,7,4,0.8669251196980561,0.8640172585936385,1287,321,"{'Basal': 168, 'Her2': 179, 'LumA': 560, 'LumB': 380}","{'Basal': 41, 'Her2': 45, 'LumA': 140, 'LumB': 95}",4,False,0.9064748201438849,0.9130434782608695,0.9,0.8556701030927835,0.8383838383838383,0.8736842105263158,0.7555555555555555,0.7555555555555555,0.7555555555555555,0.95,0.9743589743589743,0.926829268292683,1079
classification,"KNN(k=5,dist)",EnsembleSoft,0.3,7,5,0.8610822302527832,0.8348228525860105,1287,321,"{'Basal': 167, 'Her2': 180, 'LumA': 560, 'LumB': 380}","{'Basal': 42, 'Her2': 44, 'LumA': 140, 'LumB': 95}",4,False,0.9023569023569024,0.8535031847133758,0.9571428571428572,0.8421052631578947,0.8421052631578947,0.8421052631578947,0.7631578947368421,0.90625,0.6590909090909091,0.9367088607594937,1.0,0.8809523809523809,1079
classification,RFECA_SVR(k=5),EnsembleSoft,0.3,7,1,0.8639847092834577,0.8667919799498747,1286,322,"{'Basal': 167, 'Her2': 179, 'LumA': 560, 'LumB': 380}","{'Basal': 42, 'Her2': 45, 'LumA': 140, 'LumB': 95}",4,False,0.915129151291513,0.9465648854961832,0.8857142857142857,0.8730964467005076,0.8431372549019608,0.9052631578947369,0.7959183673469388,0.7358490566037735,0.8666666666666667,0.8717948717948718,0.9444444444444444,0.8095238095238095,1079
classification,RFECA_SVR(k=5),EnsembleSoft,0.3,7,2,0.8819764716314484,0.8772451963241438,1286,322,"{'Basal': 167, 'Her2': 179, 'LumA': 560, 'LumB': 380}","{'Basal': 42, 'Her2': 45, 'LumA': 140, 'LumB': 95}",4,False,0.9204152249134948,0.8926174496644296,0.95,0.8852459016393442,0.9204545454545454,0.8526315789473684,0.8045977011494253,0.8333333333333334,0.7777777777777778,0.9176470588235294,0.9069767441860465,0.9285714285714286,1079
classification,RFECA_SVR(k=5),EnsembleSoft,0.3,7,3,0.8710872460872461,0.8619152046783626,1286,322,"{'Basal': 167, 'Her2': 179, 'LumA': 560, 'LumB': 380}","{'Basal': 42, 'Her2': 45, 'LumA': 140, 'LumB': 95}",4,False,0.9020979020979021,0.8835616438356164,0.9214285714285714,0.8465608465608465,0.851063829787234,0.8421052631578947,0.7727272727272727,0.7906976744186046,0.7555555555555555,0.9629629629629629,1.0,0.9285714285714286,1079
classification,RFECA_SVR(k=5),EnsembleSoft,0.3,7,4,0.8651743829173213,0.8614911261894573,1287,321,"{'Basal': 168, 'Her2': 179, 'LumA': 560, 'LumB': 380}","{'Basal': 41, 'Her2': 45, 'LumA': 140, 'LumB': 95}",4,False,0.9110320284697508,0.9078014184397163,0.9142857142857143,0.8691099476439791,0.8645833333333334,0.8736842105263158,0.7555555555555555,0.7555555555555555,0.7555555555555555,0.925,0.9487179487179487,0.9024390243902439,1079
classification,RFECA_SVR(k=5),EnsembleSoft,0.3,7,5,0.8566836083776965,0.8370357712462976,1287,321,"{'Basal': 167, 'Her2': 180, 'LumA': 560, 'LumB': 380}","{'Basal': 42, 'Her2': 44, 'LumA': 140, 'LumB': 95}",4,False,0.9146757679180887,0.8758169934640523,0.9571428571428572,0.8691099476439791,0.8645833333333334,0.8736842105263158,0.717948717948718,0.8235294117647058,0.6363636363636364,0.925,0.9736842105263158,0.8809523809523809,1079
classification,RFECA_SVR(k=10),EnsembleSoft,0.3,7,1,0.8638514957264957,0.8650062656641604,1286,322,"{'Basal': 167, 'Her2': 179, 'LumA': 560, 'LumB': 380}","{'Basal': 42, 'Her2': 45, 'LumA': 140, 'LumB': 95}",4,False,0.9111111111111111,0.9461538461538461,0.8785714285714286,0.86,0.819047619047619,0.9052631578947369,0.8125,0.7647058823529411,0.8666666666666667,0.8717948717948718,0.9444444444444444,0.8095238095238095,1079
classification,RFECA_SVR(k=10),EnsembleSoft,0.3,7,2,0.8948789427550989,0.8869256474519633,1286,322,"{'Basal': 167, 'Her2': 179, 'LumA': 560, 'LumB': 380}","{'Basal': 42, 'Her2': 45, 'LumA': 140, 'LumB': 95}",4,False,0.9337979094076655,0.9115646258503401,0.9571428571428572,0.8936170212765957,0.9032258064516129,0.8842105263157894,0.8235294117647058,0.875,0.7777777777777778,0.9285714285714286,0.9285714285714286,0.9285714285714286,1079
classification,RFECA_SVR(k=10),EnsembleSoft,0.3,7,3,0.8650703596805567,0.8562030075187969,1286,322,"{'Basal': 167, 'Her2': 179, 'LumA': 560, 'LumB': 380}","{'Basal': 42, 'Her2': 45, 'LumA': 140, 'LumB': 95}",4,False,0.896551724137931,0.8666666666666667,0.9285714285714286,0.8324324324324325,0.8555555555555555,0.8105263157894737,0.7674418604651163,0.8048780487804879,0.7333333333333333,0.963855421686747,0.975609756097561,0.9523809523809523,1079
classification,RFECA_SVR(k=10),EnsembleSoft,0.3,7,4,0.8621263880098959,0.859705411903743,1287,321,"{'Basal': 168, 'Her2': 179, 'LumA': 560, 'LumB': 380}","{'Basal': 41, 'Her2': 45, 'LumA': 140, 'LumB': 95}",4,False,0.9071428571428571,0.9071428571428571,0.9071428571428571,0.8691099476439791,0.8645833333333334,0.8736842105263158,0.7472527472527473,0.7391304347826086,0.7555555555555555,0.925,0.9487179487179487,0.9024390243902439,1079
classification,RFECA_SVR(k=10),EnsembleSoft,0.3,7,5,0.847929954579498,0.8312514240145819,1287,321,"{'Basal': 167, 'Her2': 180, 'LumA': 560, 'LumB': 380}","{'Basal': 42, 'Her2': 44, 'LumA': 140, 'LumB': 95}",4,False,0.9041095890410958,0.868421052631579,0.9428571428571428,0.8465608465608465,0.851063829787234,0.8421052631578947,0.7160493827160493,0.7837837837837838,0.6590909090909091,0.925,0.9736842105263158,0.8809523809523809,1079
classification,RFECA_SVR(k=20),EnsembleSoft,0.3,7,1,0.8641344005996756,0.8620822890559732,1286,322,"{'Basal': 167, 'Her2': 179, 'LumA': 560, 'LumB': 380}","{'Basal': 42, 'Her2': 45, 'LumA': 140, 'LumB': 95}",4,False,0.9077490774907749,0.9389312977099237,0.8785714285714286,0.8656716417910447,0.8207547169811321,0.9157894736842105,0.8,0.76,0.8444444444444444,0.8831168831168831,0.9714285714285714,0.8095238095238095,1079
classification,RFECA_SVR(k=20),EnsembleSoft,0.3,7,2,0.9088338744588744,0.9002192982456141,1286,322,"{'Basal': 167, 'Her2': 179, 'LumA': 560, 'LumB': 380}","{'Basal': 42, 'Her2': 45, 'LumA': 140, 'LumB': 95}",4,False,0.9375,0.9121621621621622,0.9642857142857143,0.8983957219251337,0.9130434782608695,0.8842105263157894,0.8470588235294118,0.9,0.8,0.9523809523809523,0.9523809523809523,0.9523809523809523,1079
classification,RFECA_SVR(k=20),EnsembleSoft,0.3,7,3,0.8571556205328135,0.8486215538847117,1286,322,"{'Basal': 167, 'Her2': 179, 'LumA': 560, 'LumB': 380}","{'Basal': 42, 'Her2': 45, 'LumA': 140, 'LumB': 95}",4,False,0.8982456140350877,0.8827586206896552,0.9142857142857143,0.8421052631578947,0.8421052631578947,0.8421052631578947,0.75,0.7674418604651163,0.7333333333333333,0.9382716049382716,0.9743589743589743,0.9047619047619048,1079
classification,RFECA_SVR(k=20),EnsembleSoft,0.3,7,4,0.8697214467264746,0.8662008170833588,1287,321,"{'Basal': 168, 'Her2': 179, 'LumA': 560, 'LumB': 380}","{'Basal': 41, 'Her2': 45, 'LumA': 140, 'LumB': 95}",4,False,0.9181494661921709,0.9148936170212766,0.9214285714285714,0.8631578947368421,0.8631578947368421,0.8631578947368421,0.7608695652173914,0.7446808510638298,0.7777777777777778,0.9367088607594937,0.9736842105263158,0.9024390243902439,1079
classification,RFECA_SVR(k=20),EnsembleSoft,0.3,7,5,0.8572073269821562,0.8360873775347458,1287,321,"{'Basal': 167, 'Her2': 180, 'LumA': 560, 'LumB': 380}","{'Basal': 42, 'Her2': 44, 'LumA': 140, 'LumB': 95}",4,False,0.9016949152542373,0.8580645161290322,0.95,0.8404255319148937,0.8494623655913979,0.8315789473684211,0.75,0.8333333333333334,0.6818181818181818,0.9367088607594937,1.0,0.8809523809523809,1079
classification,MissForest,EnsembleSoft,0.3,7,1,0.8801336996876472,0.8774540517961571,1286,322,"{'Basal': 167, 'Her2': 179, 'LumA': 560, 'LumB': 380}","{'Basal': 42, 'Her2': 45, 'LumA': 140, 'LumB': 95}",4,False,0.9090909090909091,0.9259259259259259,0.8928571428571429,0.8629441624365483,0.8333333333333334,0.8947368421052632,0.851063829787234,0.8163265306122449,0.8888888888888888,0.8974358974358975,0.9722222222222222,0.8333333333333334,1079
classification,MissForest,EnsembleSoft,0.3,7,2,0.8638728789414931,0.8539264828738513,1286,322,"{'Basal': 167, 'Her2': 179, 'LumA': 560, 'LumB': 380}","{'Basal': 42, 'Her2': 45, 'LumA': 140, 'LumB': 95}",4,False,0.9220338983050848,0.8774193548387097,0.9714285714285714,0.88268156424581,0.9404761904761905,0.8315789473684211,0.7727272727272727,0.7906976744186046,0.7555555555555555,0.8780487804878049,0.9,0.8571428571428571,1079
classification,MissForest,EnsembleSoft,0.3,7,3,0.8669381919879671,0.858343776106934,1286,322,"{'Basal': 167, 'Her2': 179, 'LumA': 560, 'LumB': 380}","{'Basal': 42, 'Her2': 45, 'LumA': 140, 'LumB': 95}",4,False,0.8943661971830986,0.8819444444444444,0.9071428571428571,0.837696335078534,0.8333333333333334,0.8421052631578947,0.7727272727272727,0.7906976744186046,0.7555555555555555,0.9629629629629629,1.0,0.9285714285714286,1079
classification,MissForest,EnsembleSoft,0.3,7,4,0.8483587416297123,0.843635002139495,1287,321,"{'Basal': 168, 'Her2': 179, 'LumA': 560, 'LumB': 380}","{'Basal': 41, 'Her2': 45, 'LumA': 140, 'LumB': 95}",4,False,0.9032258064516129,0.9064748201438849,0.9,0.8497409326424871,0.8367346938775511,0.8631578947368421,0.717391304347826,0.7021276595744681,0.7333333333333333,0.9230769230769231,0.972972972972973,0.8780487804878049,1079
classification,MissForest,EnsembleSoft,0.3,7,5,0.854687835700494,0.8312514240145819,1287,321,"{'Basal': 167, 'Her2': 180, 'LumA': 560, 'LumB': 380}","{'Basal': 42, 'Her2': 44, 'LumA': 140, 'LumB': 95}",4,False,0.8918918918918919,0.8461538461538461,0.9428571428571428,0.8465608465608465,0.851063829787234,0.8421052631578947,0.7435897435897436,0.8529411764705882,0.6590909090909091,0.9367088607594937,1.0,0.8809523809523809,1079
classification,SimpleMean,EnsembleSoft,0.3,8,1,0.8489834327098478,0.8466060985797828,1286,322,"{'Basal': 167, 'Her2': 179, 'LumA': 560, 'LumB': 380}","{'Basal': 42, 'Her2': 45, 'LumA': 140, 'LumB': 95}",4,False,0.8830188679245283,0.936,0.8357142857142857,0.8285714285714286,0.7565217391304347,0.9157894736842105,0.7954545454545454,0.813953488372093,0.7777777777777778,0.8888888888888888,0.9230769230769231,0.8571428571428571,1080
classification,SimpleMean,EnsembleSoft,0.3,8,2,0.8749630505964977,0.8618629908103592,1286,322,"{'Basal': 167, 'Her2': 179, 'LumA': 560, 'LumB': 380}","{'Basal': 42, 'Her2': 45, 'LumA': 140, 'LumB': 95}",4,False,0.9115646258503401,0.8701298701298701,0.9571428571428572,0.8633879781420765,0.8977272727272727,0.8315789473684211,0.8333333333333334,0.8974358974358975,0.7777777777777778,0.891566265060241,0.9024390243902439,0.8809523809523809,1080
classification,SimpleMean,EnsembleSoft,0.3,8,3,0.8655443800022113,0.8619569757727652,1286,322,"{'Basal': 167, 'Her2': 179, 'LumA': 560, 'LumB': 380}","{'Basal': 42, 'Her2': 45, 'LumA': 140, 'LumB': 95}",4,False,0.8881118881118881,0.8698630136986302,0.9071428571428571,0.8324324324324325,0.8555555555555555,0.8105263157894737,0.7777777777777778,0.7777777777777778,0.7777777777777778,0.963855421686747,0.975609756097561,0.9523809523809523,1080
classification,SimpleMean,EnsembleSoft,0.3,8,4,0.8852588428721442,0.8793044603378366,1287,321,"{'Basal': 168, 'Her2': 179, 'LumA': 560, 'LumB': 380}","{'Basal': 41, 'Her2': 45, 'LumA': 140, 'LumB': 95}",4,False,0.931899641577061,0.935251798561151,0.9285714285714286,0.8888888888888888,0.8543689320388349,0.9263157894736842,0.7804878048780488,0.8648648648648649,0.7111111111111111,0.9397590361445783,0.9285714285714286,0.9512195121951219,1080
classification,SimpleMean,EnsembleSoft,0.3,8,5,0.8445589498221078,0.8190219867851447,1287,321,"{'Basal': 167, 'Her2': 180, 'LumA': 560, 'LumB': 380}","{'Basal': 42, 'Her2': 44, 'LumA': 140, 'LumB': 95}",4,False,0.9090909090909091,0.8598726114649682,0.9642857142857143,0.8421052631578947,0.8421052631578947,0.8421052631578947,0.717948717948718,0.8235294117647058,0.6363636363636364,0.9090909090909091,1.0,0.8333333333333334,1080
classification,"KNN(k=5,dist)",EnsembleSoft,0.3,8,1,0.8660930629012492,0.8616332497911445,1286,322,"{'Basal': 167, 'Her2': 179, 'LumA': 560, 'LumB': 380}","{'Basal': 42, 'Her2': 45, 'LumA': 140, 'LumB': 95}",4,False,0.9051094890510949,0.9253731343283582,0.8857142857142857,0.86,0.819047619047619,0.9052631578947369,0.8131868131868132,0.8043478260869565,0.8222222222222222,0.8860759493670886,0.9459459459459459,0.8333333333333334,1080
classification,"KNN(k=5,dist)",EnsembleSoft,0.3,8,2,0.8782505441407767,0.8643483709273183,1286,322,"{'Basal': 167, 'Her2': 179, 'LumA': 560, 'LumB': 380}","{'Basal': 42, 'Her2': 45, 'LumA': 140, 'LumB': 95}",4,False,0.9251700680272109,0.8831168831168831,0.9714285714285714,0.8852459016393442,0.9204545454545454,0.8526315789473684,0.8275862068965517,0.8571428571428571,0.8,0.875,0.9210526315789473,0.8333333333333334,1080
classification,"KNN(k=5,dist)",EnsembleSoft,0.3,8,3,0.8487328260949434,0.8431077694235588,1286,322,"{'Basal': 167, 'Her2': 179, 'LumA': 560, 'LumB': 380}","{'Basal': 42, 'Her2': 45, 'LumA': 140, 'LumB': 95}",4,False,0.8873239436619719,0.875,0.9,0.8148148148148148,0.8191489361702128,0.8105263157894737,0.7415730337078652,0.75,0.7333333333333333,0.9512195121951219,0.975,0.9285714285714286,1080
classification,"KNN(k=5,dist)",EnsembleSoft,0.3,8,4,0.8618222265475108,0.8532612017849502,1287,321,"{'Basal': 168, 'Her2': 179, 'LumA': 560, 'LumB': 380}","{'Basal': 41, 'Her2': 45, 'LumA': 140, 'LumB': 95}",4,False,0.9110320284697508,0.9078014184397163,0.9142857142857143,0.8686868686868687,0.8349514563106796,0.9052631578947369,0.7407407407407407,0.8333333333333334,0.6666666666666666,0.926829268292683,0.926829268292683,0.926829268292683,1080
classification,"KNN(k=5,dist)",EnsembleSoft,0.3,8,5,0.863908560154294,0.837861699703805,1287,321,"{'Basal': 167, 'Her2': 180, 'LumA': 560, 'LumB': 380}","{'Basal': 42, 'Her2': 44, 'LumA': 140, 'LumB': 95}",4,False,0.9215017064846417,0.8823529411764706,0.9642857142857143,0.8717948717948718,0.85,0.8947368421052632,0.7532467532467533,0.8787878787878788,0.6590909090909091,0.9090909090909091,1.0,0.8333333333333334,1080
classification,RFECA_SVR(k=5),EnsembleSoft,0.3,8,1,0.8352244993482352,0.8316207184628238,1286,322,"{'Basal': 167, 'Her2': 179, 'LumA': 560, 'LumB': 380}","{'Basal': 42, 'Her2': 45, 'LumA': 140, 'LumB': 95}",4,False,0.8805970149253731,0.921875,0.8428571428571429,0.821256038647343,0.7589285714285714,0.8947368421052632,0.7640449438202247,0.7727272727272727,0.7555555555555555,0.875,0.9210526315789473,0.8333333333333334,1080
classification,RFECA_SVR(k=5),EnsembleSoft,0.3,8,2,0.8862229713967185,0.8724832915622389,1286,322,"{'Basal': 167, 'Her2': 179, 'LumA': 560, 'LumB': 380}","{'Basal': 42, 'Her2': 45, 'LumA': 140, 'LumB': 95}",4,False,0.9288135593220339,0.8838709677419355,0.9785714285714285,0.8901098901098901,0.9310344827586207,0.8526315789473684,0.8235294117647058,0.875,0.7777777777777778,0.9024390243902439,0.925,0.8809523809523809,1080
classification,RFECA_SVR(k=5),EnsembleSoft,0.3,8,3,0.8535481590095931,0.8485066833751045,1286,322,"{'Basal': 167, 'Her2': 179, 'LumA': 560, 'LumB': 380}","{'Basal': 42, 'Her2': 45, 'LumA': 140, 'LumB': 95}",4,False,0.8819444444444444,0.8581081081081081,0.9071428571428571,0.8043478260869565,0.8314606741573034,0.7789473684210526,0.7640449438202247,0.7727272727272727,0.7555555555555555,0.963855421686747,0.975609756097561,0.9523809523809523,1080
classification,RFECA_SVR(k=5),EnsembleSoft,0.3,8,4,0.870974380291218,0.8657601829777697,1287,321,"{'Basal': 168, 'Her2': 179, 'LumA': 560, 'LumB': 380}","{'Basal': 41, 'Her2': 45, 'LumA': 140, 'LumB': 95}",4,False,0.9136690647482014,0.9202898550724637,0.9071428571428571,0.8743718592964824,0.8365384615384616,0.9157894736842105,0.7560975609756098,0.8378378378378378,0.6888888888888889,0.9397590361445783,0.9285714285714286,0.9512195121951219,1080
classification,RFECA_SVR(k=5),EnsembleSoft,0.3,8,5,0.8873800042124491,0.8670824789245842,1287,321,"{'Basal': 167, 'Her2': 180, 'LumA': 560, 'LumB': 380}","{'Basal': 42, 'Her2': 44, 'LumA': 140, 'LumB': 95}",4,False,0.9246575342465754,0.8881578947368421,0.9642857142857143,0.8900523560209425,0.8854166666666666,0.8947368421052632,0.7848101265822784,0.8857142857142857,0.7045454545454546,0.95,1.0,0.9047619047619048,1080
classification,RFECA_SVR(k=10),EnsembleSoft,0.3,8,1,0.8412531001060356,0.8362886382623225,1286,322,"{'Basal': 167, 'Her2': 179, 'LumA': 560, 'LumB': 380}","{'Basal': 42, 'Her2': 45, 'LumA': 140, 'LumB': 95}",4,False,0.8996282527881041,0.937984496124031,0.8642857142857143,0.8405797101449275,0.7767857142857143,0.9157894736842105,0.7640449438202247,0.7727272727272727,0.7555555555555555,0.8607594936708861,0.918918918918919,0.8095238095238095,1080
classification,RFECA_SVR(k=10),EnsembleSoft,0.3,8,2,0.9018099778020567,0.8845342522974102,1286,322,"{'Basal': 167, 'Her2': 179, 'LumA': 560, 'LumB': 380}","{'Basal': 42, 'Her2': 45, 'LumA': 140, 'LumB': 95}",4,False,0.9328859060402684,0.879746835443038,0.9928571428571429,0.8888888888888888,0.9411764705882353,0.8421052631578947,0.8604651162790697,0.9024390243902439,0.8222222222222222,0.925,0.9736842105263158,0.8809523809523809,1080
classification,RFECA_SVR(k=10),EnsembleSoft,0.3,8,3,0.8596803632227016,0.8546157059314954,1286,322,"{'Basal': 167, 'Her2': 179, 'LumA': 560, 'LumB': 380}","{'Basal': 42, 'Her2': 45, 'LumA': 140, 'LumB': 95}",4,False,0.8873239436619719,0.875,0.9,0.8148148148148148,0.8191489361702128,0.8105263157894737,0.7727272727272727,0.7906976744186046,0.7555555555555555,0.963855421686747,0.975609756097561,0.9523809523809523,1080
classification,RFECA_SVR(k=10),EnsembleSoft,0.3,8,4,0.8798567818102857,0.8740413024430997,1287,321,"{'Basal': 168, 'Her2': 179, 'LumA': 560, 'LumB': 380}","{'Basal': 41, 'Her2': 45, 'LumA': 140, 'LumB': 95}",4,False,0.9219858156028369,0.9154929577464789,0.9285714285714286,0.8865979381443299,0.8686868686868687,0.9052631578947369,0.7710843373493976,0.8421052631578947,0.7111111111111111,0.9397590361445783,0.9285714285714286,0.9512195121951219,1080
classification,RFECA_SVR(k=10),EnsembleSoft,0.3,8,5,0.8807925262566707,0.8600336067441331,1287,321,"{'Basal': 167, 'Her2': 180, 'LumA': 560, 'LumB': 380}","{'Basal': 42, 'Her2': 44, 'LumA': 140, 'LumB': 95}",4,False,0.9146757679180887,0.8758169934640523,0.9571428571428572,0.8736842105263158,0.8736842105263158,0.8736842105263158,0.7848101265822784,0.8857142857142857,0.7045454545454546,0.95,1.0,0.9047619047619048,1080
classification,RFECA_SVR(k=20),EnsembleSoft,0.3,8,1,0.8409788224113722,0.8375208855472014,1286,322,"{'Basal': 167, 'Her2': 179, 'LumA': 560, 'LumB': 380}","{'Basal': 42, 'Her2': 45, 'LumA': 140, 'LumB': 95}",4,False,0.9077490774907749,0.9389312977099237,0.8785714285714286,0.8316831683168316,0.7850467289719626,0.8842105263157894,0.7526881720430108,0.7291666666666666,0.7777777777777778,0.8717948717948718,0.9444444444444444,0.8095238095238095,1080
classification,RFECA_SVR(k=20),EnsembleSoft,0.3,8,2,0.8982689957291367,0.8867794486215539,1286,322,"{'Basal': 167, 'Her2': 179, 'LumA': 560, 'LumB': 380}","{'Basal': 42, 'Her2': 45, 'LumA': 140, 'LumB': 95}",4,False,0.9379310344827586,0.9066666666666666,0.9714285714285714,0.9139784946236559,0.9340659340659341,0.8947368421052632,0.8275862068965517,0.8571428571428571,0.8,0.9135802469135802,0.9487179487179487,0.8809523809523809,1080
classification,RFECA_SVR(k=20),EnsembleSoft,0.3,8,3,0.8590699400583346,0.8530806182121972,1286,322,"{'Basal': 167, 'Her2': 179, 'LumA': 560, 'LumB': 380}","{'Basal': 42, 'Her2': 45, 'LumA': 140, 'LumB': 95}",4,False,0.8912280701754386,0.8758620689655172,0.9071428571428571,0.8297872340425532,0.8387096774193549,0.8210526315789474,0.7640449438202247,0.7727272727272727,0.7555555555555555,0.9512195121951219,0.975,0.9285714285714286,1080
classification,RFECA_SVR(k=20),EnsembleSoft,0.3,8,4,0.8716705612393181,0.8715141512317379,1287,321,"{'Basal': 168, 'Her2': 179, 'LumA': 560, 'LumB': 380}","{'Basal': 41, 'Her2': 45, 'LumA': 140, 'LumB': 95}",4,False,0.9051094890510949,0.9253731343283582,0.8857142857142857,0.8743718592964824,0.8365384615384616,0.9157894736842105,0.7674418604651163,0.8048780487804879,0.7333333333333333,0.9397590361445783,0.9285714285714286,0.9512195121951219,1080
classification,RFECA_SVR(k=20),EnsembleSoft,0.3,8,5,0.8720635222776653,0.8501851218956482,1287,321,"{'Basal': 167, 'Her2': 180, 'LumA': 560, 'LumB': 380}","{'Basal': 42, 'Her2': 44, 'LumA': 140, 'LumB': 95}",4,False,0.9183673469387755,0.8766233766233766,0.9642857142857143,0.8736842105263158,0.8736842105263158,0.8736842105263158,0.759493670886076,0.8571428571428571,0.6818181818181818,0.9367088607594937,1.0,0.8809523809523809,1080
classification,MissForest,EnsembleSoft,0.3,8,1,0.843945469878483,0.8421365914786968,1286,322,"{'Basal': 167, 'Her2': 179, 'LumA': 560, 'LumB': 380}","{'Basal': 42, 'Her2': 45, 'LumA': 140, 'LumB': 95}",4,False,0.8929889298892989,0.9236641221374046,0.8642857142857143,0.8415841584158416,0.794392523364486,0.8947368421052632,0.7912087912087912,0.782608695652174,0.8,0.85,0.8947368421052632,0.8095238095238095,1080
classification,MissForest,EnsembleSoft,0.3,8,2,0.8980094554131065,0.8889619883040936,1286,322,"{'Basal': 167, 'Her2': 179, 'LumA': 560, 'LumB': 380}","{'Basal': 42, 'Her2': 45, 'LumA': 140, 'LumB': 95}",4,False,0.9448275862068966,0.9133333333333333,0.9785714285714285,0.918918918918919,0.9444444444444444,0.8947368421052632,0.8235294117647058,0.875,0.7777777777777778,0.9047619047619048,0.9047619047619048,0.9047619047619048,1080
classification,MissForest,EnsembleSoft,0.3,8,3,0.8759958874639903,0.8690058479532163,1286,322,"{'Basal': 167, 'Her2': 179, 'LumA': 560, 'LumB': 380}","{'Basal': 42, 'Her2': 45, 'LumA': 140, 'LumB': 95}",4,False,0.8951048951048951,0.8767123287671232,0.9142857142857143,0.8404255319148937,0.8494623655913979,0.8315789473684211,0.8045977011494253,0.8333333333333334,0.7777777777777778,0.963855421686747,0.975609756097561,0.9523809523809523,1080
classification,MissForest,EnsembleSoft,0.3,8,4,0.8645262284124415,0.8638690221488681,1287,321,"{'Basal': 168, 'Her2': 179, 'LumA': 560, 'LumB': 380}","{'Basal': 41, 'Her2': 45, 'LumA': 140, 'LumB': 95}",4,False,0.9051094890510949,0.9253731343283582,0.8857142857142857,0.8557213930348259,0.8113207547169812,0.9052631578947369,0.7560975609756098,0.8378378378378378,0.6888888888888889,0.9411764705882353,0.9090909090909091,0.975609756097561,1080
classification,MissForest,EnsembleSoft,0.3,8,5,0.8831700895463619,0.8629898610161768,1287,321,"{'Basal': 167, 'Her2': 180, 'LumA': 560, 'LumB': 380}","{'Basal': 42, 'Her2': 44, 'LumA': 140, 'LumB': 95}",4,False,0.9065743944636678,0.8791946308724832,0.9357142857142857,0.865979381443299,0.8484848484848485,0.8842105263157894,0.810126582278481,0.9142857142857143,0.7272727272727273,0.95,1.0,0.9047619047619048,1080
classification,SimpleMean,EnsembleSoft,0.3,9,1,0.8302423856328115,0.8277568922305765,1286,322,"{'Basal': 167, 'Her2': 179, 'LumA': 560, 'LumB': 380}","{'Basal': 42, 'Her2': 45, 'LumA': 140, 'LumB': 95}",4,False,0.8955223880597015,0.9375,0.8571428571428571,0.848780487804878,0.7909090909090909,0.9157894736842105,0.75,0.7058823529411765,0.8,0.8266666666666667,0.9393939393939394,0.7380952380952381,1081
classification,SimpleMean,EnsembleSoft,0.3,9,2,0.8556323220728264,0.848611111111111,1286,322,"{'Basal': 167, 'Her2': 179, 'LumA': 560, 'LumB': 380}","{'Basal': 42, 'Her2': 45, 'LumA': 140, 'LumB': 95}",4,False,0.9003436426116839,0.8675496688741722,0.9357142857142857,0.8351648351648352,0.8735632183908046,0.8,0.7954545454545454,0.813953488372093,0.7777777777777778,0.891566265060241,0.9024390243902439,0.8809523809523809,1081
classification,SimpleMean,EnsembleSoft,0.3,9,3,0.8418143270944364,0.8368003341687551,1286,322,"{'Basal': 167, 'Her2': 179, 'LumA': 560, 'LumB': 380}","{'Basal': 42, 'Her2': 45, 'LumA': 140, 'LumB': 95}",4,False,0.8996539792387543,0.87248322147651,0.9285714285714286,0.8087431693989071,0.8409090909090909,0.7789473684210526,0.7191011235955056,0.7272727272727273,0.7111111111111111,0.9397590361445783,0.9512195121951219,0.9285714285714286,1081
classification,SimpleMean,EnsembleSoft,0.3,9,4,0.8536389888807724,0.8426136479409907,1287,321,"{'Basal': 168, 'Her2': 179, 'LumA': 560, 'LumB': 380}","{'Basal': 41, 'Her2': 45, 'LumA': 140, 'LumB': 95}",4,False,0.9110320284697508,0.9078014184397163,0.9142857142857143,0.8787878787878788,0.8446601941747572,0.9157894736842105,0.7529411764705882,0.8,0.7111111111111111,0.8717948717948718,0.918918918918919,0.8292682926829268,1081
classification,SimpleMean,EnsembleSoft,0.3,9,5,0.8326121978025446,0.8107826384142174,1287,321,"{'Basal': 167, 'Her2': 180, 'LumA': 560, 'LumB': 380}","{'Basal': 42, 'Her2': 44, 'LumA': 140, 'LumB': 95}",4,False,0.8843537414965986,0.8441558441558441,0.9285714285714286,0.8167539267015707,0.8125,0.8210526315789474,0.717948717948718,0.8235294117647058,0.6363636363636364,0.9113924050632911,0.972972972972973,0.8571428571428571,1081
classification,"KNN(k=5,dist)",EnsembleSoft,0.3,9,1,0.8524559788028723,0.8525584795321637,1286,322,"{'Basal': 167, 'Her2': 179, 'LumA': 560, 'LumB': 380}","{'Basal': 42, 'Her2': 45, 'LumA': 140, 'LumB': 95}",4,False,0.8996282527881041,0.937984496124031,0.8642857142857143,0.8613861386138614,0.8130841121495327,0.9157894736842105,0.7916666666666666,0.7450980392156863,0.8444444444444444,0.8571428571428571,0.9428571428571428,0.7857142857142857,1081
classification,"KNN(k=5,dist)",EnsembleSoft,0.3,9,2,0.8874234023206626,0.8814014202172097,1286,322,"{'Basal': 167, 'Her2': 179, 'LumA': 560, 'LumB': 380}","{'Basal': 42, 'Her2': 45, 'LumA': 140, 'LumB': 95}",4,False,0.9246575342465754,0.8881578947368421,0.9642857142857143,0.8555555555555555,0.9058823529411765,0.8105263157894737,0.8409090909090909,0.8604651162790697,0.8222222222222222,0.9285714285714286,0.9285714285714286,0.9285714285714286,1081
classification,"KNN(k=5,dist)",EnsembleSoft,0.3,9,3,0.8468564333103221,0.8364035087719297,1286,322,"{'Basal': 167, 'Her2': 179, 'LumA': 560, 'LumB': 380}","{'Basal': 42, 'Her2': 45, 'LumA': 140, 'LumB': 95}",4,False,0.8904109589041096,0.8552631578947368,0.9285714285714286,0.8087431693989071,0.8409090909090909,0.7789473684210526,0.75,0.7674418604651163,0.7333333333333333,0.9382716049382716,0.9743589743589743,0.9047619047619048,1081
classification,"KNN(k=5,dist)",EnsembleSoft,0.3,9,4,0.867326343171771,0.8575343338019847,1287,321,"{'Basal': 168, 'Her2': 179, 'LumA': 560, 'LumB': 380}","{'Basal': 41, 'Her2': 45, 'LumA': 140, 'LumB': 95}",4,False,0.9225352112676056,0.9097222222222222,0.9357142857142857,0.8911917098445595,0.8775510204081632,0.9052631578947369,0.7441860465116279,0.7804878048780488,0.7111111111111111,0.9113924050632911,0.9473684210526315,0.8780487804878049,1081
classification,"KNN(k=5,dist)",EnsembleSoft,0.3,9,5,0.8407886897731172,0.816566985645933,1287,321,"{'Basal': 167, 'Her2': 180, 'LumA': 560, 'LumB': 380}","{'Basal': 42, 'Her2': 44, 'LumA': 140, 'LumB': 95}",4,False,0.9072164948453608,0.8741721854304636,0.9428571428571428,0.8223350253807107,0.7941176470588235,0.8526315789473684,0.7105263157894737,0.84375,0.6136363636363636,0.9230769230769231,1.0,0.8571428571428571,1081
classification,RFECA_SVR(k=5),EnsembleSoft,0.3,9,1,0.8327411973665153,0.8319235588972431,1286,322,"{'Basal': 167, 'Her2': 179, 'LumA': 560, 'LumB': 380}","{'Basal': 42, 'Her2': 45, 'LumA': 140, 'LumB': 95}",4,False,0.8847583643122676,0.9224806201550387,0.85,0.8571428571428571,0.8055555555555556,0.9157894736842105,0.7578947368421053,0.72,0.8,0.8311688311688312,0.9142857142857143,0.7619047619047619,1081
classification,RFECA_SVR(k=5),EnsembleSoft,0.3,9,2,0.8655378363656362,0.8576963241436926,1286,322,"{'Basal': 167, 'Her2': 179, 'LumA': 560, 'LumB': 380}","{'Basal': 42, 'Her2': 45, 'LumA': 140, 'LumB': 95}",4,False,0.9246575342465754,0.8881578947368421,0.9642857142857143,0.8729281767955801,0.9186046511627907,0.8315789473684211,0.7865168539325843,0.7954545454545454,0.7777777777777778,0.8780487804878049,0.9,0.8571428571428571,1081
classification,RFECA_SVR(k=5),EnsembleSoft,0.3,9,3,0.8630248715614569,0.8575918964076858,1286,322,"{'Basal': 167, 'Her2': 179, 'LumA': 560, 'LumB': 380}","{'Basal': 42, 'Her2': 45, 'LumA': 140, 'LumB': 95}",4,False,0.9128919860627178,0.891156462585034,0.9357142857142857,0.8324324324324325,0.8555555555555555,0.8105263157894737,0.7555555555555555,0.7555555555555555,0.7555555555555555,0.9512195121951219,0.975,0.9285714285714286,1081
classification,RFECA_SVR(k=5),EnsembleSoft,0.3,9,4,0.8786743069754697,0.8694913095747498,1287,321,"{'Basal': 168, 'Her2': 179, 'LumA': 560, 'LumB': 380}","{'Basal': 41, 'Her2': 45, 'LumA': 140, 'LumB': 95}",4,False,0.9219858156028369,0.9154929577464789,0.9285714285714286,0.8969072164948454,0.8787878787878788,0.9157894736842105,0.7727272727272727,0.7906976744186046,0.7555555555555555,0.9230769230769231,0.972972972972973,0.8780487804878049,1081
classification,RFECA_SVR(k=5),EnsembleSoft,0.3,9,5,0.8350629141061082,0.8173701298701299,1287,321,"{'Basal': 167, 'Her2': 180, 'LumA': 560, 'LumB': 380}","{'Basal': 42, 'Her2': 44, 'LumA': 140, 'LumB': 95}",4,False,0.8986486486486487,0.8525641025641025,0.95,0.8085106382978723,0.8172043010752689,0.8,0.6933333333333334,0.8387096774193549,0.5909090909090909,0.9397590361445783,0.9512195121951219,0.9285714285714286,1081
classification,RFECA_SVR(k=10),EnsembleSoft,0.3,9,1,0.8492360770195821,0.8499269005847954,1286,322,"{'Basal': 167, 'Her2': 179, 'LumA': 560, 'LumB': 380}","{'Basal': 42, 'Her2': 45, 'LumA': 140, 'LumB': 95}",4,False,0.8962962962962963,0.9307692307692308,0.8642857142857143,0.86,0.819047619047619,0.9052631578947369,0.7835051546391752,0.7307692307692307,0.8444444444444444,0.8571428571428571,0.9428571428571428,0.7857142857142857,1081
classification,RFECA_SVR(k=10),EnsembleSoft,0.3,9,2,0.8848597539721264,0.8764515455304929,1286,322,"{'Basal': 167, 'Her2': 179, 'LumA': 560, 'LumB': 380}","{'Basal': 42, 'Her2': 45, 'LumA': 140, 'LumB': 95}",4,False,0.9204152249134948,0.8926174496644296,0.95,0.8756756756756757,0.9,0.8526315789473684,0.8409090909090909,0.8604651162790697,0.8222222222222222,0.9024390243902439,0.925,0.8809523809523809,1081
classification,RFECA_SVR(k=10),EnsembleSoft,0.3,9,3,0.8621312074696377,0.8561925647451964,1286,322,"{'Basal': 167, 'Her2': 179, 'LumA': 560, 'LumB': 380}","{'Basal': 42, 'Her2': 45, 'LumA': 140, 'LumB': 95}",4,False,0.9078498293515358,0.869281045751634,0.95,0.8202247191011236,0.8795180722891566,0.7684210526315789,0.7692307692307693,0.7608695652173914,0.7777777777777778,0.9512195121951219,0.975,0.9285714285714286,1081
classification,RFECA_SVR(k=10),EnsembleSoft,0.3,9,4,0.8668816192407767,0.8560524787578703,1287,321,"{'Basal': 168, 'Her2': 179, 'LumA': 560, 'LumB': 380}","{'Basal': 41, 'Her2': 45, 'LumA': 140, 'LumB': 95}",4,False,0.9148936170212766,0.9084507042253521,0.9214285714285714,0.8877551020408163,0.8613861386138614,0.9157894736842105,0.7674418604651163,0.8048780487804879,0.7333333333333333,0.8974358974358975,0.9459459459459459,0.8536585365853658,1081
classification,RFECA_SVR(k=10),EnsembleSoft,0.3,9,5,0.845189410809253,0.8265293916609706,1287,321,"{'Basal': 167, 'Her2': 180, 'LumA': 560, 'LumB': 380}","{'Basal': 42, 'Her2': 44, 'LumA': 140, 'LumB': 95}",4,False,0.8979591836734694,0.8571428571428571,0.9428571428571428,0.8210526315789474,0.8210526315789474,0.8210526315789474,0.7105263157894737,0.84375,0.6136363636363636,0.9512195121951219,0.975,0.9285714285714286,1081
classification,RFECA_SVR(k=20),EnsembleSoft,0.3,9,1,0.8505761391780157,0.8527568922305764,1286,322,"{'Basal': 167, 'Her2': 179, 'LumA': 560, 'LumB': 380}","{'Basal': 42, 'Her2': 45, 'LumA': 140, 'LumB': 95}",4,False,0.8838951310861424,0.9291338582677166,0.8428571428571429,0.8571428571428571,0.8055555555555556,0.9157894736842105,0.8041237113402062,0.75,0.8666666666666667,0.8571428571428571,0.9428571428571428,0.7857142857142857,1081
classification,RFECA_SVR(k=20),EnsembleSoft,0.3,9,2,0.8719672989997865,0.8682644110275689,1286,322,"{'Basal': 167, 'Her2': 179, 'LumA': 560, 'LumB': 380}","{'Basal': 42, 'Her2': 45, 'LumA': 140, 'LumB': 95}",4,False,0.9236111111111112,0.8986486486486487,0.95,0.8743169398907104,0.9090909090909091,0.8421052631578947,0.8089887640449438,0.8181818181818182,0.8,0.8809523809523809,0.8809523809523809,0.8809523809523809,1081
classification,RFECA_SVR(k=20),EnsembleSoft,0.3,9,3,0.845504422059824,0.8417084377610693,1286,322,"{'Basal': 167, 'Her2': 179, 'LumA': 560, 'LumB': 380}","{'Basal': 42, 'Her2': 45, 'LumA': 140, 'LumB': 95}",4,False,0.8888888888888888,0.8648648648648649,0.9142857142857143,0.7978142076502732,0.8295454545454546,0.7684210526315789,0.7555555555555555,0.7555555555555555,0.7555555555555555,0.9397590361445783,0.9512195121951219,0.9285714285714286,1081
classification,RFECA_SVR(k=20),EnsembleSoft,0.3,9,4,0.8652054039150814,0.8588710088228702,1287,321,"{'Basal': 168, 'Her2': 179, 'LumA': 560, 'LumB': 380}","{'Basal': 41, 'Her2': 45, 'LumA': 140, 'LumB': 95}",4,False,0.910394265232975,0.9136690647482014,0.9071428571428571,0.8717948717948718,0.85,0.8947368421052632,0.7555555555555555,0.7555555555555555,0.7555555555555555,0.9230769230769231,0.972972972972973,0.8780487804878049,1081
classification,RFECA_SVR(k=20),EnsembleSoft,0.3,9,5,0.8531028750326994,0.8333077010708589,1287,321,"{'Basal': 167, 'Her2': 180, 'LumA': 560, 'LumB': 380}","{'Basal': 42, 'Her2': 44, 'LumA': 140, 'LumB': 95}",4,False,0.9047619047619048,0.8636363636363636,0.95,0.8421052631578947,0.8421052631578947,0.8421052631578947,0.7272727272727273,0.8484848484848485,0.6363636363636364,0.9382716049382716,0.9743589743589743,0.9047619047619048,1081
classification,MissForest,EnsembleSoft,0.3,9,1,0.8698177861699145,0.8688805346700084,1286,322,"{'Basal': 167, 'Her2': 179, 'LumA': 560, 'LumB': 380}","{'Basal': 42, 'Her2': 45, 'LumA': 140, 'LumB': 95}",4,False,0.9003690036900369,0.9312977099236641,0.8714285714285714,0.8756218905472637,0.8301886792452831,0.9263157894736842,0.8172043010752689,0.7916666666666666,0.8444444444444444,0.8860759493670886,0.9459459459459459,0.8333333333333334,1081
classification,MissForest,EnsembleSoft,0.3,9,2,0.882644950879843,0.8769423558897244,1286,322,"{'Basal': 167, 'Her2': 179, 'LumA': 560, 'LumB': 380}","{'Basal': 42, 'Her2': 45, 'LumA': 140, 'LumB': 95}",4,False,0.9347079037800687,0.9006622516556292,0.9714285714285714,0.8729281767955801,0.9186046511627907,0.8315789473684211,0.8181818181818182,0.8372093023255814,0.8,0.9047619047619048,0.9047619047619048,0.9047619047619048,1081
classification,MissForest,EnsembleSoft,0.3,9,3,0.8690386372626906,0.8627088554720133,1286,322,"{'Basal': 167, 'Her2': 179, 'LumA': 560, 'LumB': 380}","{'Basal': 42, 'Her2': 45, 'LumA': 140, 'LumB': 95}",4,False,0.9300699300699301,0.910958904109589,0.95,0.8602150537634409,0.8791208791208791,0.8421052631578947,0.7608695652173914,0.7446808510638298,0.7777777777777778,0.925,0.9736842105263158,0.8809523809523809,1081
classification,MissForest,EnsembleSoft,0.3,9,4,0.8568388743564973,0.8440955029851052,1287,321,"{'Basal': 168, 'Her2': 179, 'LumA': 560, 'LumB': 380}","{'Basal': 41, 'Her2': 45, 'LumA': 140, 'LumB': 95}",4,False,0.9187279151943463,0.9090909090909091,0.9285714285714286,0.8730964467005076,0.8431372549019608,0.9052631578947369,0.7380952380952381,0.7948717948717948,0.6888888888888889,0.8974358974358975,0.9459459459459459,0.8536585365853658,1081
classification,MissForest,EnsembleSoft,0.3,9,5,0.8431489689902317,0.8229380268853953,1287,321,"{'Basal': 167, 'Her2': 180, 'LumA': 560, 'LumB': 380}","{'Basal': 42, 'Her2': 44, 'LumA': 140, 'LumB': 95}",4,False,0.9041095890410958,0.868421052631579,0.9428571428571428,0.8229166666666666,0.8144329896907216,0.8315789473684211,0.7088607594936709,0.8,0.6363636363636364,0.9367088607594937,1.0,0.8809523809523809,1081
