stage,imputer,model,missing_rate,replicate,fold,f1_macro,bal_acc,n_train,n_test,train_class_distribution,test_class_distribution,n_unique_predictions,degenerate_single_class_preds,f1_LumA,precision_LumA,recall_LumA,f1_LumB,precision_LumB,recall_LumB,f1_Her2,precision_Her2,recall_Her2,f1_Basal,precision_Basal,recall_Basal,seed
classification,SimpleMean,EnsembleSoft,0.0,0,1,0.9207251082251082,0.8958333333333334,93,24,"{'Basal': 23, 'Her2': 11, 'LumA': 46, 'LumB': 13}","{'Basal': 6, 'Her2': 3, 'LumA': 11, 'LumB': 4}",4,False,0.9166666666666666,0.8461538461538461,1.0,0.8571428571428571,1.0,0.75,1.0,1.0,1.0,0.9090909090909091,1.0,0.8333333333333334,18042
classification,SimpleMean,EnsembleSoft,0.0,0,2,0.9222222222222223,0.9166666666666666,93,24,"{'Basal': 23, 'Her2': 11, 'LumA': 46, 'LumB': 13}","{'Basal': 6, 'Her2': 3, 'LumA': 11, 'LumB': 4}",4,False,1.0,1.0,1.0,0.8888888888888888,0.8,1.0,0.8,1.0,0.6666666666666666,1.0,1.0,1.0,18042
classification,SimpleMean,EnsembleSoft,0.0,0,3,0.8791666666666667,0.8333333333333333,94,23,"{'Basal': 23, 'Her2': 11, 'LumA': 46, 'LumB': 14}","{'Basal': 6, 'Her2': 3, 'LumA': 11, 'LumB': 3}",4,False,0.9166666666666666,0.8461538461538461,1.0,0.8,1.0,0.6666666666666666,0.8,1.0,0.6666666666666666,1.0,1.0,1.0,18042
classification,SimpleMean,EnsembleSoft,0.0,0,4,0.953416149068323,0.9791666666666666,94,23,"{'Basal': 23, 'Her2': 12, 'LumA': 45, 'LumB': 14}","{'Basal': 6, 'Her2': 2, 'LumA': 12, 'LumB': 3}",4,False,0.9565217391304348,1.0,0.9166666666666666,0.8571428571428571,0.75,1.0,1.0,1.0,1.0,1.0,1.0,1.0,18042
classification,SimpleMean,EnsembleSoft,0.0,0,5,0.8557692307692308,0.8333333333333334,94,23,"{'Basal': 24, 'Her2': 11, 'LumA': 45, 'LumB': 14}","{'Basal': 5, 'Her2': 3, 'LumA': 12, 'LumB': 3}",4,False,0.9230769230769231,0.8571428571428571,1.0,0.5,1.0,0.3333333333333333,1.0,1.0,1.0,1.0,1.0,1.0,18042
classification,"KNN(k=5,dist)",EnsembleSoft,0.0,0,1,0.9207251082251082,0.8958333333333334,93,24,"{'Basal': 23, 'Her2': 11, 'LumA': 46, 'LumB': 13}","{'Basal': 6, 'Her2': 3, 'LumA': 11, 'LumB': 4}",4,False,0.9166666666666666,0.8461538461538461,1.0,0.8571428571428571,1.0,0.75,1.0,1.0,1.0,0.9090909090909091,1.0,0.8333333333333334,18042
classification,"KNN(k=5,dist)",EnsembleSoft,0.0,0,2,0.9222222222222223,0.9166666666666666,93,24,"{'Basal': 23, 'Her2': 11, 'LumA': 46, 'LumB': 13}","{'Basal': 6, 'Her2': 3, 'LumA': 11, 'LumB': 4}",4,False,1.0,1.0,1.0,0.8888888888888888,0.8,1.0,0.8,1.0,0.6666666666666666,1.0,1.0,1.0,18042
classification,"KNN(k=5,dist)",EnsembleSoft,0.0,0,3,0.8791666666666667,0.8333333333333333,94,23,"{'Basal': 23, 'Her2': 11, 'LumA': 46, 'LumB': 14}","{'Basal': 6, 'Her2': 3, 'LumA': 11, 'LumB': 3}",4,False,0.9166666666666666,0.8461538461538461,1.0,0.8,1.0,0.6666666666666666,0.8,1.0,0.6666666666666666,1.0,1.0,1.0,18042
classification,"KNN(k=5,dist)",EnsembleSoft,0.0,0,4,0.953416149068323,0.9791666666666666,94,23,"{'Basal': 23, 'Her2': 12, 'LumA': 45, 'LumB': 14}","{'Basal': 6, 'Her2': 2, 'LumA': 12, 'LumB': 3}",4,False,0.9565217391304348,1.0,0.9166666666666666,0.8571428571428571,0.75,1.0,1.0,1.0,1.0,1.0,1.0,1.0,18042
classification,"KNN(k=5,dist)",EnsembleSoft,0.0,0,5,0.8557692307692308,0.8333333333333334,94,23,"{'Basal': 24, 'Her2': 11, 'LumA': 45, 'LumB': 14}","{'Basal': 5, 'Her2': 3, 'LumA': 12, 'LumB': 3}",4,False,0.9230769230769231,0.8571428571428571,1.0,0.5,1.0,0.3333333333333333,1.0,1.0,1.0,1.0,1.0,1.0,18042
classification,RFECA_SVR(k=5),EnsembleSoft,0.0,0,1,0.9207251082251082,0.8958333333333334,93,24,"{'Basal': 23, 'Her2': 11, 'LumA': 46, 'LumB': 13}","{'Basal': 6, 'Her2': 3, 'LumA': 11, 'LumB': 4}",4,False,0.9166666666666666,0.8461538461538461,1.0,0.8571428571428571,1.0,0.75,1.0,1.0,1.0,0.9090909090909091,1.0,0.8333333333333334,18042
classification,RFECA_SVR(k=5),EnsembleSoft,0.0,0,2,0.9222222222222223,0.9166666666666666,93,24,"{'Basal': 23, 'Her2': 11, 'LumA': 46, 'LumB': 13}","{'Basal': 6, 'Her2': 3, 'LumA': 11, 'LumB': 4}",4,False,1.0,1.0,1.0,0.8888888888888888,0.8,1.0,0.8,1.0,0.6666666666666666,1.0,1.0,1.0,18042
classification,RFECA_SVR(k=5),EnsembleSoft,0.0,0,3,0.8791666666666667,0.8333333333333333,94,23,"{'Basal': 23, 'Her2': 11, 'LumA': 46, 'LumB': 14}","{'Basal': 6, 'Her2': 3, 'LumA': 11, 'LumB': 3}",4,False,0.9166666666666666,0.8461538461538461,1.0,0.8,1.0,0.6666666666666666,0.8,1.0,0.6666666666666666,1.0,1.0,1.0,18042
classification,RFECA_SVR(k=5),EnsembleSoft,0.0,0,4,0.953416149068323,0.9791666666666666,94,23,"{'Basal': 23, 'Her2': 12, 'LumA': 45, 'LumB': 14}","{'Basal': 6, 'Her2': 2, 'LumA': 12, 'LumB': 3}",4,False,0.9565217391304348,1.0,0.9166666666666666,0.8571428571428571,0.75,1.0,1.0,1.0,1.0,1.0,1.0,1.0,18042
classification,RFECA_SVR(k=5),EnsembleSoft,0.0,0,5,0.8557692307692308,0.8333333333333334,94,23,"{'Basal': 24, 'Her2': 11, 'LumA': 45, 'LumB': 14}","{'Basal': 5, 'Her2': 3, 'LumA': 12, 'LumB': 3}",4,False,0.9230769230769231,0.8571428571428571,1.0,0.5,1.0,0.3333333333333333,1.0,1.0,1.0,1.0,1.0,1.0,18042
classification,RFECA_SVR(k=10),EnsembleSoft,0.0,0,1,0.9207251082251082,0.8958333333333334,93,24,"{'Basal': 23, 'Her2': 11, 'LumA': 46, 'LumB': 13}","{'Basal': 6, 'Her2': 3, 'LumA': 11, 'LumB': 4}",4,False,0.9166666666666666,0.8461538461538461,1.0,0.8571428571428571,1.0,0.75,1.0,1.0,1.0,0.9090909090909091,1.0,0.8333333333333334,18042
classification,RFECA_SVR(k=10),EnsembleSoft,0.0,0,2,0.9222222222222223,0.9166666666666666,93,24,"{'Basal': 23, 'Her2': 11, 'LumA': 46, 'LumB': 13}","{'Basal': 6, 'Her2': 3, 'LumA': 11, 'LumB': 4}",4,False,1.0,1.0,1.0,0.8888888888888888,0.8,1.0,0.8,1.0,0.6666666666666666,1.0,1.0,1.0,18042
classification,RFECA_SVR(k=10),EnsembleSoft,0.0,0,3,0.8791666666666667,0.8333333333333333,94,23,"{'Basal': 23, 'Her2': 11, 'LumA': 46, 'LumB': 14}","{'Basal': 6, 'Her2': 3, 'LumA': 11, 'LumB': 3}",4,False,0.9166666666666666,0.8461538461538461,1.0,0.8,1.0,0.6666666666666666,0.8,1.0,0.6666666666666666,1.0,1.0,1.0,18042
classification,RFECA_SVR(k=10),EnsembleSoft,0.0,0,4,0.953416149068323,0.9791666666666666,94,23,"{'Basal': 23, 'Her2': 12, 'LumA': 45, 'LumB': 14}","{'Basal': 6, 'Her2': 2, 'LumA': 12, 'LumB': 3}",4,False,0.9565217391304348,1.0,0.9166666666666666,0.8571428571428571,0.75,1.0,1.0,1.0,1.0,1.0,1.0,1.0,18042
classification,RFECA_SVR(k=10),EnsembleSoft,0.0,0,5,0.8557692307692308,0.8333333333333334,94,23,"{'Basal': 24, 'Her2': 11, 'LumA': 45, 'LumB': 14}","{'Basal': 5, 'Her2': 3, 'LumA': 12, 'LumB': 3}",4,False,0.9230769230769231,0.8571428571428571,1.0,0.5,1.0,0.3333333333333333,1.0,1.0,1.0,1.0,1.0,1.0,18042
classification,RFECA_SVR(k=20),EnsembleSoft,0.0,0,1,0.9207251082251082,0.8958333333333334,93,24,"{'Basal': 23, 'Her2': 11, 'LumA': 46, 'LumB': 13}","{'Basal': 6, 'Her2': 3, 'LumA': 11, 'LumB': 4}",4,False,0.9166666666666666,0.8461538461538461,1.0,0.8571428571428571,1.0,0.75,1.0,1.0,1.0,0.9090909090909091,1.0,0.8333333333333334,18042
classification,RFECA_SVR(k=20),EnsembleSoft,0.0,0,2,0.9222222222222223,0.9166666666666666,93,24,"{'Basal': 23, 'Her2': 11, 'LumA': 46, 'LumB': 13}","{'Basal': 6, 'Her2': 3, 'LumA': 11, 'LumB': 4}",4,False,1.0,1.0,1.0,0.8888888888888888,0.8,1.0,0.8,1.0,0.6666666666666666,1.0,1.0,1.0,18042
classification,RFECA_SVR(k=20),EnsembleSoft,0.0,0,3,0.8791666666666667,0.8333333333333333,94,23,"{'Basal': 23, 'Her2': 11, 'LumA': 46, 'LumB': 14}","{'Basal': 6, 'Her2': 3, 'LumA': 11, 'LumB': 3}",4,False,0.9166666666666666,0.8461538461538461,1.0,0.8,1.0,0.6666666666666666,0.8,1.0,0.6666666666666666,1.0,1.0,1.0,18042
classification,RFECA_SVR(k=20),EnsembleSoft,0.0,0,4,0.953416149068323,0.9791666666666666,94,23,"{'Basal': 23, 'Her2': 12, 'LumA': 45, 'LumB': 14}","{'Basal': 6, 'Her2': 2, 'LumA': 12, 'LumB': 3}",4,False,0.9565217391304348,1.0,0.9166666666666666,0.8571428571428571,0.75,1.0,1.0,1.0,1.0,1.0,1.0,1.0,18042
classification,RFECA_SVR(k=20),EnsembleSoft,0.0,0,5,0.8557692307692308,0.8333333333333334,94,23,"{'Basal': 24, 'Her2': 11, 'LumA': 45, 'LumB': 14}","{'Basal': 5, 'Her2': 3, 'LumA': 12, 'LumB': 3}",4,False,0.9230769230769231,0.8571428571428571,1.0,0.5,1.0,0.3333333333333333,1.0,1.0,1.0,1.0,1.0,1.0,18042
classification,MissForest,EnsembleSoft,0.0,0,1,0.9207251082251082,0.8958333333333334,93,24,"{'Basal': 23, 'Her2': 11, 'LumA': 46, 'LumB': 13}","{'Basal': 6, 'Her2': 3, 'LumA': 11, 'LumB': 4}",4,False,0.9166666666666666,0.8461538461538461,1.0,0.8571428571428571,1.0,0.75,1.0,1.0,1.0,0.9090909090909091,1.0,0.8333333333333334,18042
classification,MissForest,EnsembleSoft,0.0,0,2,0.9222222222222223,0.9166666666666666,93,24,"{'Basal': 23, 'Her2': 11, 'LumA': 46, 'LumB': 13}","{'Basal': 6, 'Her2': 3, 'LumA': 11, 'LumB': 4}",4,False,1.0,1.0,1.0,0.8888888888888888,0.8,1.0,0.8,1.0,0.6666666666666666,1.0,1.0,1.0,18042
classification,MissForest,EnsembleSoft,0.0,0,3,0.8791666666666667,0.8333333333333333,94,23,"{'Basal': 23, 'Her2': 11, 'LumA': 46, 'LumB': 14}","{'Basal': 6, 'Her2': 3, 'LumA': 11, 'LumB': 3}",4,False,0.9166666666666666,0.8461538461538461,1.0,0.8,1.0,0.6666666666666666,0.8,1.0,0.6666666666666666,1.0,1.0,1.0,18042
classification,MissForest,EnsembleSoft,0.0,0,4,0.953416149068323,0.9791666666666666,94,23,"{'Basal': 23, 'Her2': 12, 'LumA': 45, 'LumB': 14}","{'Basal': 6, 'Her2': 2, 'LumA': 12, 'LumB': 3}",4,False,0.9565217391304348,1.0,0.9166666666666666,0.8571428571428571,0.75,1.0,1.0,1.0,1.0,1.0,1.0,1.0,18042
classification,MissForest,EnsembleSoft,0.0,0,5,0.8557692307692308,0.8333333333333334,94,23,"{'Basal': 24, 'Her2': 11, 'LumA': 45, 'LumB': 14}","{'Basal': 5, 'Her2': 3, 'LumA': 12, 'LumB': 3}",4,False,0.9230769230769231,0.8571428571428571,1.0,0.5,1.0,0.3333333333333333,1.0,1.0,1.0,1.0,1.0,1.0,18042
classification,SimpleMean,EnsembleSoft,0.0,1,1,0.9207251082251082,0.8958333333333334,93,24,"{'Basal': 23, 'Her2': 11, 'LumA': 46, 'LumB': 13}","{'Basal': 6, 'Her2': 3, 'LumA': 11, 'LumB': 4}",4,False,0.9166666666666666,0.8461538461538461,1.0,0.8571428571428571,1.0,0.75,1.0,1.0,1.0,0.9090909090909091,1.0,0.8333333333333334,18043
classification,SimpleMean,EnsembleSoft,0.0,1,2,0.9222222222222223,0.9166666666666666,93,24,"{'Basal': 23, 'Her2': 11, 'LumA': 46, 'LumB': 13}","{'Basal': 6, 'Her2': 3, 'LumA': 11, 'LumB': 4}",4,False,1.0,1.0,1.0,0.8888888888888888,0.8,1.0,0.8,1.0,0.6666666666666666,1.0,1.0,1.0,18043
classification,SimpleMean,EnsembleSoft,0.0,1,3,0.8791666666666667,0.8333333333333333,94,23,"{'Basal': 23, 'Her2': 11, 'LumA': 46, 'LumB': 14}","{'Basal': 6, 'Her2': 3, 'LumA': 11, 'LumB': 3}",4,False,0.9166666666666666,0.8461538461538461,1.0,0.8,1.0,0.6666666666666666,0.8,1.0,0.6666666666666666,1.0,1.0,1.0,18043
classification,SimpleMean,EnsembleSoft,0.0,1,4,0.953416149068323,0.9791666666666666,94,23,"{'Basal': 23, 'Her2': 12, 'LumA': 45, 'LumB': 14}","{'Basal': 6, 'Her2': 2, 'LumA': 12, 'LumB': 3}",4,False,0.9565217391304348,1.0,0.9166666666666666,0.8571428571428571,0.75,1.0,1.0,1.0,1.0,1.0,1.0,1.0,18043
classification,SimpleMean,EnsembleSoft,0.0,1,5,0.8557692307692308,0.8333333333333334,94,23,"{'Basal': 24, 'Her2': 11, 'LumA': 45, 'LumB': 14}","{'Basal': 5, 'Her2': 3, 'LumA': 12, 'LumB': 3}",4,False,0.9230769230769231,0.8571428571428571,1.0,0.5,1.0,0.3333333333333333,1.0,1.0,1.0,1.0,1.0,1.0,18043
classification,"KNN(k=5,dist)",EnsembleSoft,0.0,1,1,0.9207251082251082,0.8958333333333334,93,24,"{'Basal': 23, 'Her2': 11, 'LumA': 46, 'LumB': 13}","{'Basal': 6, 'Her2': 3, 'LumA': 11, 'LumB': 4}",4,False,0.9166666666666666,0.8461538461538461,1.0,0.8571428571428571,1.0,0.75,1.0,1.0,1.0,0.9090909090909091,1.0,0.8333333333333334,18043
classification,"KNN(k=5,dist)",EnsembleSoft,0.0,1,2,0.9222222222222223,0.9166666666666666,93,24,"{'Basal': 23, 'Her2': 11, 'LumA': 46, 'LumB': 13}","{'Basal': 6, 'Her2': 3, 'LumA': 11, 'LumB': 4}",4,False,1.0,1.0,1.0,0.8888888888888888,0.8,1.0,0.8,1.0,0.6666666666666666,1.0,1.0,1.0,18043
classification,"KNN(k=5,dist)",EnsembleSoft,0.0,1,3,0.8791666666666667,0.8333333333333333,94,23,"{'Basal': 23, 'Her2': 11, 'LumA': 46, 'LumB': 14}","{'Basal': 6, 'Her2': 3, 'LumA': 11, 'LumB': 3}",4,False,0.9166666666666666,0.8461538461538461,1.0,0.8,1.0,0.6666666666666666,0.8,1.0,0.6666666666666666,1.0,1.0,1.0,18043
classification,"KNN(k=5,dist)",EnsembleSoft,0.0,1,4,0.953416149068323,0.9791666666666666,94,23,"{'Basal': 23, 'Her2': 12, 'LumA': 45, 'LumB': 14}","{'Basal': 6, 'Her2': 2, 'LumA': 12, 'LumB': 3}",4,False,0.9565217391304348,1.0,0.9166666666666666,0.8571428571428571,0.75,1.0,1.0,1.0,1.0,1.0,1.0,1.0,18043
classification,"KNN(k=5,dist)",EnsembleSoft,0.0,1,5,0.8557692307692308,0.8333333333333334,94,23,"{'Basal': 24, 'Her2': 11, 'LumA': 45, 'LumB': 14}","{'Basal': 5, 'Her2': 3, 'LumA': 12, 'LumB': 3}",4,False,0.9230769230769231,0.8571428571428571,1.0,0.5,1.0,0.3333333333333333,1.0,1.0,1.0,1.0,1.0,1.0,18043
classification,RFECA_SVR(k=5),EnsembleSoft,0.0,1,1,0.9207251082251082,0.8958333333333334,93,24,"{'Basal': 23, 'Her2': 11, 'LumA': 46, 'LumB': 13}","{'Basal': 6, 'Her2': 3, 'LumA': 11, 'LumB': 4}",4,False,0.9166666666666666,0.8461538461538461,1.0,0.8571428571428571,1.0,0.75,1.0,1.0,1.0,0.9090909090909091,1.0,0.8333333333333334,18043
classification,RFECA_SVR(k=5),EnsembleSoft,0.0,1,2,0.9222222222222223,0.9166666666666666,93,24,"{'Basal': 23, 'Her2': 11, 'LumA': 46, 'LumB': 13}","{'Basal': 6, 'Her2': 3, 'LumA': 11, 'LumB': 4}",4,False,1.0,1.0,1.0,0.8888888888888888,0.8,1.0,0.8,1.0,0.6666666666666666,1.0,1.0,1.0,18043
classification,RFECA_SVR(k=5),EnsembleSoft,0.0,1,3,0.8791666666666667,0.8333333333333333,94,23,"{'Basal': 23, 'Her2': 11, 'LumA': 46, 'LumB': 14}","{'Basal': 6, 'Her2': 3, 'LumA': 11, 'LumB': 3}",4,False,0.9166666666666666,0.8461538461538461,1.0,0.8,1.0,0.6666666666666666,0.8,1.0,0.6666666666666666,1.0,1.0,1.0,18043
classification,RFECA_SVR(k=5),EnsembleSoft,0.0,1,4,0.953416149068323,0.9791666666666666,94,23,"{'Basal': 23, 'Her2': 12, 'LumA': 45, 'LumB': 14}","{'Basal': 6, 'Her2': 2, 'LumA': 12, 'LumB': 3}",4,False,0.9565217391304348,1.0,0.9166666666666666,0.8571428571428571,0.75,1.0,1.0,1.0,1.0,1.0,1.0,1.0,18043
classification,RFECA_SVR(k=5),EnsembleSoft,0.0,1,5,0.8557692307692308,0.8333333333333334,94,23,"{'Basal': 24, 'Her2': 11, 'LumA': 45, 'LumB': 14}","{'Basal': 5, 'Her2': 3, 'LumA': 12, 'LumB': 3}",4,False,0.9230769230769231,0.8571428571428571,1.0,0.5,1.0,0.3333333333333333,1.0,1.0,1.0,1.0,1.0,1.0,18043
classification,RFECA_SVR(k=10),EnsembleSoft,0.0,1,1,0.9207251082251082,0.8958333333333334,93,24,"{'Basal': 23, 'Her2': 11, 'LumA': 46, 'LumB': 13}","{'Basal': 6, 'Her2': 3, 'LumA': 11, 'LumB': 4}",4,False,0.9166666666666666,0.8461538461538461,1.0,0.8571428571428571,1.0,0.75,1.0,1.0,1.0,0.9090909090909091,1.0,0.8333333333333334,18043
classification,RFECA_SVR(k=10),EnsembleSoft,0.0,1,2,0.9222222222222223,0.9166666666666666,93,24,"{'Basal': 23, 'Her2': 11, 'LumA': 46, 'LumB': 13}","{'Basal': 6, 'Her2': 3, 'LumA': 11, 'LumB': 4}",4,False,1.0,1.0,1.0,0.8888888888888888,0.8,1.0,0.8,1.0,0.6666666666666666,1.0,1.0,1.0,18043
classification,RFECA_SVR(k=10),EnsembleSoft,0.0,1,3,0.8791666666666667,0.8333333333333333,94,23,"{'Basal': 23, 'Her2': 11, 'LumA': 46, 'LumB': 14}","{'Basal': 6, 'Her2': 3, 'LumA': 11, 'LumB': 3}",4,False,0.9166666666666666,0.8461538461538461,1.0,0.8,1.0,0.6666666666666666,0.8,1.0,0.6666666666666666,1.0,1.0,1.0,18043
classification,RFECA_SVR(k=10),EnsembleSoft,0.0,1,4,0.953416149068323,0.9791666666666666,94,23,"{'Basal': 23, 'Her2': 12, 'LumA': 45, 'LumB': 14}","{'Basal': 6, 'Her2': 2, 'LumA': 12, 'LumB': 3}",4,False,0.9565217391304348,1.0,0.9166666666666666,0.8571428571428571,0.75,1.0,1.0,1.0,1.0,1.0,1.0,1.0,18043
classification,RFECA_SVR(k=10),EnsembleSoft,0.0,1,5,0.8557692307692308,0.8333333333333334,94,23,"{'Basal': 24, 'Her2': 11, 'LumA': 45, 'LumB': 14}","{'Basal': 5, 'Her2': 3, 'LumA': 12, 'LumB': 3}",4,False,0.9230769230769231,0.8571428571428571,1.0,0.5,1.0,0.3333333333333333,1.0,1.0,1.0,1.0,1.0,1.0,18043
classification,RFECA_SVR(k=20),EnsembleSoft,0.0,1,1,0.9207251082251082,0.8958333333333334,93,24,"{'Basal': 23, 'Her2': 11, 'LumA': 46, 'LumB': 13}","{'Basal': 6, 'Her2': 3, 'LumA': 11, 'LumB': 4}",4,False,0.9166666666666666,0.8461538461538461,1.0,0.8571428571428571,1.0,0.75,1.0,1.0,1.0,0.9090909090909091,1.0,0.8333333333333334,18043
classification,RFECA_SVR(k=20),EnsembleSoft,0.0,1,2,0.9222222222222223,0.9166666666666666,93,24,"{'Basal': 23, 'Her2': 11, 'LumA': 46, 'LumB': 13}","{'Basal': 6, 'Her2': 3, 'LumA': 11, 'LumB': 4}",4,False,1.0,1.0,1.0,0.8888888888888888,0.8,1.0,0.8,1.0,0.6666666666666666,1.0,1.0,1.0,18043
classification,RFECA_SVR(k=20),EnsembleSoft,0.0,1,3,0.8791666666666667,0.8333333333333333,94,23,"{'Basal': 23, 'Her2': 11, 'LumA': 46, 'LumB': 14}","{'Basal': 6, 'Her2': 3, 'LumA': 11, 'LumB': 3}",4,False,0.9166666666666666,0.8461538461538461,1.0,0.8,1.0,0.6666666666666666,0.8,1.0,0.6666666666666666,1.0,1.0,1.0,18043
classification,RFECA_SVR(k=20),EnsembleSoft,0.0,1,4,0.953416149068323,0.9791666666666666,94,23,"{'Basal': 23, 'Her2': 12, 'LumA': 45, 'LumB': 14}","{'Basal': 6, 'Her2': 2, 'LumA': 12, 'LumB': 3}",4,False,0.9565217391304348,1.0,0.9166666666666666,0.8571428571428571,0.75,1.0,1.0,1.0,1.0,1.0,1.0,1.0,18043
classification,RFECA_SVR(k=20),EnsembleSoft,0.0,1,5,0.8557692307692308,0.8333333333333334,94,23,"{'Basal': 24, 'Her2': 11, 'LumA': 45, 'LumB': 14}","{'Basal': 5, 'Her2': 3, 'LumA': 12, 'LumB': 3}",4,False,0.9230769230769231,0.8571428571428571,1.0,0.5,1.0,0.3333333333333333,1.0,1.0,1.0,1.0,1.0,1.0,18043
classification,MissForest,EnsembleSoft,0.0,1,1,0.9207251082251082,0.8958333333333334,93,24,"{'Basal': 23, 'Her2': 11, 'LumA': 46, 'LumB': 13}","{'Basal': 6, 'Her2': 3, 'LumA': 11, 'LumB': 4}",4,False,0.9166666666666666,0.8461538461538461,1.0,0.8571428571428571,1.0,0.75,1.0,1.0,1.0,0.9090909090909091,1.0,0.8333333333333334,18043
classification,MissForest,EnsembleSoft,0.0,1,2,0.9222222222222223,0.9166666666666666,93,24,"{'Basal': 23, 'Her2': 11, 'LumA': 46, 'LumB': 13}","{'Basal': 6, 'Her2': 3, 'LumA': 11, 'LumB': 4}",4,False,1.0,1.0,1.0,0.8888888888888888,0.8,1.0,0.8,1.0,0.6666666666666666,1.0,1.0,1.0,18043
classification,MissForest,EnsembleSoft,0.0,1,3,0.8791666666666667,0.8333333333333333,94,23,"{'Basal': 23, 'Her2': 11, 'LumA': 46, 'LumB': 14}","{'Basal': 6, 'Her2': 3, 'LumA': 11, 'LumB': 3}",4,False,0.9166666666666666,0.8461538461538461,1.0,0.8,1.0,0.6666666666666666,0.8,1.0,0.6666666666666666,1.0,1.0,1.0,18043
classification,MissForest,EnsembleSoft,0.0,1,4,0.953416149068323,0.9791666666666666,94,23,"{'Basal': 23, 'Her2': 12, 'LumA': 45, 'LumB': 14}","{'Basal': 6, 'Her2': 2, 'LumA': 12, 'LumB': 3}",4,False,0.9565217391304348,1.0,0.9166666666666666,0.8571428571428571,0.75,1.0,1.0,1.0,1.0,1.0,1.0,1.0,18043
classification,MissForest,EnsembleSoft,0.0,1,5,0.8557692307692308,0.8333333333333334,94,23,"{'Basal': 24, 'Her2': 11, 'LumA': 45, 'LumB': 14}","{'Basal': 5, 'Her2': 3, 'LumA': 12, 'LumB': 3}",4,False,0.9230769230769231,0.8571428571428571,1.0,0.5,1.0,0.3333333333333333,1.0,1.0,1.0,1.0,1.0,1.0,18043
classification,SimpleMean,EnsembleSoft,0.0,2,1,0.9207251082251082,0.8958333333333334,93,24,"{'Basal': 23, 'Her2': 11, 'LumA': 46, 'LumB': 13}","{'Basal': 6, 'Her2': 3, 'LumA': 11, 'LumB': 4}",4,False,0.9166666666666666,0.8461538461538461,1.0,0.8571428571428571,1.0,0.75,1.0,1.0,1.0,0.9090909090909091,1.0,0.8333333333333334,18044
classification,SimpleMean,EnsembleSoft,0.0,2,2,0.9222222222222223,0.9166666666666666,93,24,"{'Basal': 23, 'Her2': 11, 'LumA': 46, 'LumB': 13}","{'Basal': 6, 'Her2': 3, 'LumA': 11, 'LumB': 4}",4,False,1.0,1.0,1.0,0.8888888888888888,0.8,1.0,0.8,1.0,0.6666666666666666,1.0,1.0,1.0,18044
classification,SimpleMean,EnsembleSoft,0.0,2,3,0.8791666666666667,0.8333333333333333,94,23,"{'Basal': 23, 'Her2': 11, 'LumA': 46, 'LumB': 14}","{'Basal': 6, 'Her2': 3, 'LumA': 11, 'LumB': 3}",4,False,0.9166666666666666,0.8461538461538461,1.0,0.8,1.0,0.6666666666666666,0.8,1.0,0.6666666666666666,1.0,1.0,1.0,18044
classification,SimpleMean,EnsembleSoft,0.0,2,4,0.953416149068323,0.9791666666666666,94,23,"{'Basal': 23, 'Her2': 12, 'LumA': 45, 'LumB': 14}","{'Basal': 6, 'Her2': 2, 'LumA': 12, 'LumB': 3}",4,False,0.9565217391304348,1.0,0.9166666666666666,0.8571428571428571,0.75,1.0,1.0,1.0,1.0,1.0,1.0,1.0,18044
classification,SimpleMean,EnsembleSoft,0.0,2,5,0.8557692307692308,0.8333333333333334,94,23,"{'Basal': 24, 'Her2': 11, 'LumA': 45, 'LumB': 14}","{'Basal': 5, 'Her2': 3, 'LumA': 12, 'LumB': 3}",4,False,0.9230769230769231,0.8571428571428571,1.0,0.5,1.0,0.3333333333333333,1.0,1.0,1.0,1.0,1.0,1.0,18044
classification,"KNN(k=5,dist)",EnsembleSoft,0.0,2,1,0.9207251082251082,0.8958333333333334,93,24,"{'Basal': 23, 'Her2': 11, 'LumA': 46, 'LumB': 13}","{'Basal': 6, 'Her2': 3, 'LumA': 11, 'LumB': 4}",4,False,0.9166666666666666,0.8461538461538461,1.0,0.8571428571428571,1.0,0.75,1.0,1.0,1.0,0.9090909090909091,1.0,0.8333333333333334,18044
classification,"KNN(k=5,dist)",EnsembleSoft,0.0,2,2,0.9222222222222223,0.9166666666666666,93,24,"{'Basal': 23, 'Her2': 11, 'LumA': 46, 'LumB': 13}","{'Basal': 6, 'Her2': 3, 'LumA': 11, 'LumB': 4}",4,False,1.0,1.0,1.0,0.8888888888888888,0.8,1.0,0.8,1.0,0.6666666666666666,1.0,1.0,1.0,18044
classification,"KNN(k=5,dist)",EnsembleSoft,0.0,2,3,0.8791666666666667,0.8333333333333333,94,23,"{'Basal': 23, 'Her2': 11, 'LumA': 46, 'LumB': 14}","{'Basal': 6, 'Her2': 3, 'LumA': 11, 'LumB': 3}",4,False,0.9166666666666666,0.8461538461538461,1.0,0.8,1.0,0.6666666666666666,0.8,1.0,0.6666666666666666,1.0,1.0,1.0,18044
classification,"KNN(k=5,dist)",EnsembleSoft,0.0,2,4,0.953416149068323,0.9791666666666666,94,23,"{'Basal': 23, 'Her2': 12, 'LumA': 45, 'LumB': 14}","{'Basal': 6, 'Her2': 2, 'LumA': 12, 'LumB': 3}",4,False,0.9565217391304348,1.0,0.9166666666666666,0.8571428571428571,0.75,1.0,1.0,1.0,1.0,1.0,1.0,1.0,18044
classification,"KNN(k=5,dist)",EnsembleSoft,0.0,2,5,0.8557692307692308,0.8333333333333334,94,23,"{'Basal': 24, 'Her2': 11, 'LumA': 45, 'LumB': 14}","{'Basal': 5, 'Her2': 3, 'LumA': 12, 'LumB': 3}",4,False,0.9230769230769231,0.8571428571428571,1.0,0.5,1.0,0.3333333333333333,1.0,1.0,1.0,1.0,1.0,1.0,18044
classification,RFECA_SVR(k=5),EnsembleSoft,0.0,2,1,0.9207251082251082,0.8958333333333334,93,24,"{'Basal': 23, 'Her2': 11, 'LumA': 46, 'LumB': 13}","{'Basal': 6, 'Her2': 3, 'LumA': 11, 'LumB': 4}",4,False,0.9166666666666666,0.8461538461538461,1.0,0.8571428571428571,1.0,0.75,1.0,1.0,1.0,0.9090909090909091,1.0,0.8333333333333334,18044
classification,RFECA_SVR(k=5),EnsembleSoft,0.0,2,2,0.9222222222222223,0.9166666666666666,93,24,"{'Basal': 23, 'Her2': 11, 'LumA': 46, 'LumB': 13}","{'Basal': 6, 'Her2': 3, 'LumA': 11, 'LumB': 4}",4,False,1.0,1.0,1.0,0.8888888888888888,0.8,1.0,0.8,1.0,0.6666666666666666,1.0,1.0,1.0,18044
classification,RFECA_SVR(k=5),EnsembleSoft,0.0,2,3,0.8791666666666667,0.8333333333333333,94,23,"{'Basal': 23, 'Her2': 11, 'LumA': 46, 'LumB': 14}","{'Basal': 6, 'Her2': 3, 'LumA': 11, 'LumB': 3}",4,False,0.9166666666666666,0.8461538461538461,1.0,0.8,1.0,0.6666666666666666,0.8,1.0,0.6666666666666666,1.0,1.0,1.0,18044
classification,RFECA_SVR(k=5),EnsembleSoft,0.0,2,4,0.953416149068323,0.9791666666666666,94,23,"{'Basal': 23, 'Her2': 12, 'LumA': 45, 'LumB': 14}","{'Basal': 6, 'Her2': 2, 'LumA': 12, 'LumB': 3}",4,False,0.9565217391304348,1.0,0.9166666666666666,0.8571428571428571,0.75,1.0,1.0,1.0,1.0,1.0,1.0,1.0,18044
classification,RFECA_SVR(k=5),EnsembleSoft,0.0,2,5,0.8557692307692308,0.8333333333333334,94,23,"{'Basal': 24, 'Her2': 11, 'LumA': 45, 'LumB': 14}","{'Basal': 5, 'Her2': 3, 'LumA': 12, 'LumB': 3}",4,False,0.9230769230769231,0.8571428571428571,1.0,0.5,1.0,0.3333333333333333,1.0,1.0,1.0,1.0,1.0,1.0,18044
classification,RFECA_SVR(k=10),EnsembleSoft,0.0,2,1,0.9207251082251082,0.8958333333333334,93,24,"{'Basal': 23, 'Her2': 11, 'LumA': 46, 'LumB': 13}","{'Basal': 6, 'Her2': 3, 'LumA': 11, 'LumB': 4}",4,False,0.9166666666666666,0.8461538461538461,1.0,0.8571428571428571,1.0,0.75,1.0,1.0,1.0,0.9090909090909091,1.0,0.8333333333333334,18044
classification,RFECA_SVR(k=10),EnsembleSoft,0.0,2,2,0.9222222222222223,0.9166666666666666,93,24,"{'Basal': 23, 'Her2': 11, 'LumA': 46, 'LumB': 13}","{'Basal': 6, 'Her2': 3, 'LumA': 11, 'LumB': 4}",4,False,1.0,1.0,1.0,0.8888888888888888,0.8,1.0,0.8,1.0,0.6666666666666666,1.0,1.0,1.0,18044
classification,RFECA_SVR(k=10),EnsembleSoft,0.0,2,3,0.8791666666666667,0.8333333333333333,94,23,"{'Basal': 23, 'Her2': 11, 'LumA': 46, 'LumB': 14}","{'Basal': 6, 'Her2': 3, 'LumA': 11, 'LumB': 3}",4,False,0.9166666666666666,0.8461538461538461,1.0,0.8,1.0,0.6666666666666666,0.8,1.0,0.6666666666666666,1.0,1.0,1.0,18044
classification,RFECA_SVR(k=10),EnsembleSoft,0.0,2,4,0.953416149068323,0.9791666666666666,94,23,"{'Basal': 23, 'Her2': 12, 'LumA': 45, 'LumB': 14}","{'Basal': 6, 'Her2': 2, 'LumA': 12, 'LumB': 3}",4,False,0.9565217391304348,1.0,0.9166666666666666,0.8571428571428571,0.75,1.0,1.0,1.0,1.0,1.0,1.0,1.0,18044
classification,RFECA_SVR(k=10),EnsembleSoft,0.0,2,5,0.8557692307692308,0.8333333333333334,94,23,"{'Basal': 24, 'Her2': 11, 'LumA': 45, 'LumB': 14}","{'Basal': 5, 'Her2': 3, 'LumA': 12, 'LumB': 3}",4,False,0.9230769230769231,0.8571428571428571,1.0,0.5,1.0,0.3333333333333333,1.0,1.0,1.0,1.0,1.0,1.0,18044
classification,RFECA_SVR(k=20),EnsembleSoft,0.0,2,1,0.9207251082251082,0.8958333333333334,93,24,"{'Basal': 23, 'Her2': 11, 'LumA': 46, 'LumB': 13}","{'Basal': 6, 'Her2': 3, 'LumA': 11, 'LumB': 4}",4,False,0.9166666666666666,0.8461538461538461,1.0,0.8571428571428571,1.0,0.75,1.0,1.0,1.0,0.9090909090909091,1.0,0.8333333333333334,18044
classification,RFECA_SVR(k=20),EnsembleSoft,0.0,2,2,0.9222222222222223,0.9166666666666666,93,24,"{'Basal': 23, 'Her2': 11, 'LumA': 46, 'LumB': 13}","{'Basal': 6, 'Her2': 3, 'LumA': 11, 'LumB': 4}",4,False,1.0,1.0,1.0,0.8888888888888888,0.8,1.0,0.8,1.0,0.6666666666666666,1.0,1.0,1.0,18044
classification,RFECA_SVR(k=20),EnsembleSoft,0.0,2,3,0.8791666666666667,0.8333333333333333,94,23,"{'Basal': 23, 'Her2': 11, 'LumA': 46, 'LumB': 14}","{'Basal': 6, 'Her2': 3, 'LumA': 11, 'LumB': 3}",4,False,0.9166666666666666,0.8461538461538461,1.0,0.8,1.0,0.6666666666666666,0.8,1.0,0.6666666666666666,1.0,1.0,1.0,18044
classification,RFECA_SVR(k=20),EnsembleSoft,0.0,2,4,0.953416149068323,0.9791666666666666,94,23,"{'Basal': 23, 'Her2': 12, 'LumA': 45, 'LumB': 14}","{'Basal': 6, 'Her2': 2, 'LumA': 12, 'LumB': 3}",4,False,0.9565217391304348,1.0,0.9166666666666666,0.8571428571428571,0.75,1.0,1.0,1.0,1.0,1.0,1.0,1.0,18044
classification,RFECA_SVR(k=20),EnsembleSoft,0.0,2,5,0.8557692307692308,0.8333333333333334,94,23,"{'Basal': 24, 'Her2': 11, 'LumA': 45, 'LumB': 14}","{'Basal': 5, 'Her2': 3, 'LumA': 12, 'LumB': 3}",4,False,0.9230769230769231,0.8571428571428571,1.0,0.5,1.0,0.3333333333333333,1.0,1.0,1.0,1.0,1.0,1.0,18044
classification,MissForest,EnsembleSoft,0.0,2,1,0.9207251082251082,0.8958333333333334,93,24,"{'Basal': 23, 'Her2': 11, 'LumA': 46, 'LumB': 13}","{'Basal': 6, 'Her2': 3, 'LumA': 11, 'LumB': 4}",4,False,0.9166666666666666,0.8461538461538461,1.0,0.8571428571428571,1.0,0.75,1.0,1.0,1.0,0.9090909090909091,1.0,0.8333333333333334,18044
classification,MissForest,EnsembleSoft,0.0,2,2,0.9222222222222223,0.9166666666666666,93,24,"{'Basal': 23, 'Her2': 11, 'LumA': 46, 'LumB': 13}","{'Basal': 6, 'Her2': 3, 'LumA': 11, 'LumB': 4}",4,False,1.0,1.0,1.0,0.8888888888888888,0.8,1.0,0.8,1.0,0.6666666666666666,1.0,1.0,1.0,18044
classification,MissForest,EnsembleSoft,0.0,2,3,0.8791666666666667,0.8333333333333333,94,23,"{'Basal': 23, 'Her2': 11, 'LumA': 46, 'LumB': 14}","{'Basal': 6, 'Her2': 3, 'LumA': 11, 'LumB': 3}",4,False,0.9166666666666666,0.8461538461538461,1.0,0.8,1.0,0.6666666666666666,0.8,1.0,0.6666666666666666,1.0,1.0,1.0,18044
classification,MissForest,EnsembleSoft,0.0,2,4,0.953416149068323,0.9791666666666666,94,23,"{'Basal': 23, 'Her2': 12, 'LumA': 45, 'LumB': 14}","{'Basal': 6, 'Her2': 2, 'LumA': 12, 'LumB': 3}",4,False,0.9565217391304348,1.0,0.9166666666666666,0.8571428571428571,0.75,1.0,1.0,1.0,1.0,1.0,1.0,1.0,18044
classification,MissForest,EnsembleSoft,0.0,2,5,0.8557692307692308,0.8333333333333334,94,23,"{'Basal': 24, 'Her2': 11, 'LumA': 45, 'LumB': 14}","{'Basal': 5, 'Her2': 3, 'LumA': 12, 'LumB': 3}",4,False,0.9230769230769231,0.8571428571428571,1.0,0.5,1.0,0.3333333333333333,1.0,1.0,1.0,1.0,1.0,1.0,18044
classification,SimpleMean,EnsembleSoft,0.0,3,1,0.9207251082251082,0.8958333333333334,93,24,"{'Basal': 23, 'Her2': 11, 'LumA': 46, 'LumB': 13}","{'Basal': 6, 'Her2': 3, 'LumA': 11, 'LumB': 4}",4,False,0.9166666666666666,0.8461538461538461,1.0,0.8571428571428571,1.0,0.75,1.0,1.0,1.0,0.9090909090909091,1.0,0.8333333333333334,18045
classification,SimpleMean,EnsembleSoft,0.0,3,2,0.9222222222222223,0.9166666666666666,93,24,"{'Basal': 23, 'Her2': 11, 'LumA': 46, 'LumB': 13}","{'Basal': 6, 'Her2': 3, 'LumA': 11, 'LumB': 4}",4,False,1.0,1.0,1.0,0.8888888888888888,0.8,1.0,0.8,1.0,0.6666666666666666,1.0,1.0,1.0,18045
classification,SimpleMean,EnsembleSoft,0.0,3,3,0.8791666666666667,0.8333333333333333,94,23,"{'Basal': 23, 'Her2': 11, 'LumA': 46, 'LumB': 14}","{'Basal': 6, 'Her2': 3, 'LumA': 11, 'LumB': 3}",4,False,0.9166666666666666,0.8461538461538461,1.0,0.8,1.0,0.6666666666666666,0.8,1.0,0.6666666666666666,1.0,1.0,1.0,18045
classification,SimpleMean,EnsembleSoft,0.0,3,4,0.953416149068323,0.9791666666666666,94,23,"{'Basal': 23, 'Her2': 12, 'LumA': 45, 'LumB': 14}","{'Basal': 6, 'Her2': 2, 'LumA': 12, 'LumB': 3}",4,False,0.9565217391304348,1.0,0.9166666666666666,0.8571428571428571,0.75,1.0,1.0,1.0,1.0,1.0,1.0,1.0,18045
classification,SimpleMean,EnsembleSoft,0.0,3,5,0.8557692307692308,0.8333333333333334,94,23,"{'Basal': 24, 'Her2': 11, 'LumA': 45, 'LumB': 14}","{'Basal': 5, 'Her2': 3, 'LumA': 12, 'LumB': 3}",4,False,0.9230769230769231,0.8571428571428571,1.0,0.5,1.0,0.3333333333333333,1.0,1.0,1.0,1.0,1.0,1.0,18045
classification,"KNN(k=5,dist)",EnsembleSoft,0.0,3,1,0.9207251082251082,0.8958333333333334,93,24,"{'Basal': 23, 'Her2': 11, 'LumA': 46, 'LumB': 13}","{'Basal': 6, 'Her2': 3, 'LumA': 11, 'LumB': 4}",4,False,0.9166666666666666,0.8461538461538461,1.0,0.8571428571428571,1.0,0.75,1.0,1.0,1.0,0.9090909090909091,1.0,0.8333333333333334,18045
classification,"KNN(k=5,dist)",EnsembleSoft,0.0,3,2,0.9222222222222223,0.9166666666666666,93,24,"{'Basal': 23, 'Her2': 11, 'LumA': 46, 'LumB': 13}","{'Basal': 6, 'Her2': 3, 'LumA': 11, 'LumB': 4}",4,False,1.0,1.0,1.0,0.8888888888888888,0.8,1.0,0.8,1.0,0.6666666666666666,1.0,1.0,1.0,18045
classification,"KNN(k=5,dist)",EnsembleSoft,0.0,3,3,0.8791666666666667,0.8333333333333333,94,23,"{'Basal': 23, 'Her2': 11, 'LumA': 46, 'LumB': 14}","{'Basal': 6, 'Her2': 3, 'LumA': 11, 'LumB': 3}",4,False,0.9166666666666666,0.8461538461538461,1.0,0.8,1.0,0.6666666666666666,0.8,1.0,0.6666666666666666,1.0,1.0,1.0,18045
classification,"KNN(k=5,dist)",EnsembleSoft,0.0,3,4,0.953416149068323,0.9791666666666666,94,23,"{'Basal': 23, 'Her2': 12, 'LumA': 45, 'LumB': 14}","{'Basal': 6, 'Her2': 2, 'LumA': 12, 'LumB': 3}",4,False,0.9565217391304348,1.0,0.9166666666666666,0.8571428571428571,0.75,1.0,1.0,1.0,1.0,1.0,1.0,1.0,18045
classification,"KNN(k=5,dist)",EnsembleSoft,0.0,3,5,0.8557692307692308,0.8333333333333334,94,23,"{'Basal': 24, 'Her2': 11, 'LumA': 45, 'LumB': 14}","{'Basal': 5, 'Her2': 3, 'LumA': 12, 'LumB': 3}",4,False,0.9230769230769231,0.8571428571428571,1.0,0.5,1.0,0.3333333333333333,1.0,1.0,1.0,1.0,1.0,1.0,18045
classification,RFECA_SVR(k=5),EnsembleSoft,0.0,3,1,0.9207251082251082,0.8958333333333334,93,24,"{'Basal': 23, 'Her2': 11, 'LumA': 46, 'LumB': 13}","{'Basal': 6, 'Her2': 3, 'LumA': 11, 'LumB': 4}",4,False,0.9166666666666666,0.8461538461538461,1.0,0.8571428571428571,1.0,0.75,1.0,1.0,1.0,0.9090909090909091,1.0,0.8333333333333334,18045
classification,RFECA_SVR(k=5),EnsembleSoft,0.0,3,2,0.9222222222222223,0.9166666666666666,93,24,"{'Basal': 23, 'Her2': 11, 'LumA': 46, 'LumB': 13}","{'Basal': 6, 'Her2': 3, 'LumA': 11, 'LumB': 4}",4,False,1.0,1.0,1.0,0.8888888888888888,0.8,1.0,0.8,1.0,0.6666666666666666,1.0,1.0,1.0,18045
classification,RFECA_SVR(k=5),EnsembleSoft,0.0,3,3,0.8791666666666667,0.8333333333333333,94,23,"{'Basal': 23, 'Her2': 11, 'LumA': 46, 'LumB': 14}","{'Basal': 6, 'Her2': 3, 'LumA': 11, 'LumB': 3}",4,False,0.9166666666666666,0.8461538461538461,1.0,0.8,1.0,0.6666666666666666,0.8,1.0,0.6666666666666666,1.0,1.0,1.0,18045
classification,RFECA_SVR(k=5),EnsembleSoft,0.0,3,4,0.953416149068323,0.9791666666666666,94,23,"{'Basal': 23, 'Her2': 12, 'LumA': 45, 'LumB': 14}","{'Basal': 6, 'Her2': 2, 'LumA': 12, 'LumB': 3}",4,False,0.9565217391304348,1.0,0.9166666666666666,0.8571428571428571,0.75,1.0,1.0,1.0,1.0,1.0,1.0,1.0,18045
classification,RFECA_SVR(k=5),EnsembleSoft,0.0,3,5,0.8557692307692308,0.8333333333333334,94,23,"{'Basal': 24, 'Her2': 11, 'LumA': 45, 'LumB': 14}","{'Basal': 5, 'Her2': 3, 'LumA': 12, 'LumB': 3}",4,False,0.9230769230769231,0.8571428571428571,1.0,0.5,1.0,0.3333333333333333,1.0,1.0,1.0,1.0,1.0,1.0,18045
classification,RFECA_SVR(k=10),EnsembleSoft,0.0,3,1,0.9207251082251082,0.8958333333333334,93,24,"{'Basal': 23, 'Her2': 11, 'LumA': 46, 'LumB': 13}","{'Basal': 6, 'Her2': 3, 'LumA': 11, 'LumB': 4}",4,False,0.9166666666666666,0.8461538461538461,1.0,0.8571428571428571,1.0,0.75,1.0,1.0,1.0,0.9090909090909091,1.0,0.8333333333333334,18045
classification,RFECA_SVR(k=10),EnsembleSoft,0.0,3,2,0.9222222222222223,0.9166666666666666,93,24,"{'Basal': 23, 'Her2': 11, 'LumA': 46, 'LumB': 13}","{'Basal': 6, 'Her2': 3, 'LumA': 11, 'LumB': 4}",4,False,1.0,1.0,1.0,0.8888888888888888,0.8,1.0,0.8,1.0,0.6666666666666666,1.0,1.0,1.0,18045
classification,RFECA_SVR(k=10),EnsembleSoft,0.0,3,3,0.8791666666666667,0.8333333333333333,94,23,"{'Basal': 23, 'Her2': 11, 'LumA': 46, 'LumB': 14}","{'Basal': 6, 'Her2': 3, 'LumA': 11, 'LumB': 3}",4,False,0.9166666666666666,0.8461538461538461,1.0,0.8,1.0,0.6666666666666666,0.8,1.0,0.6666666666666666,1.0,1.0,1.0,18045
classification,RFECA_SVR(k=10),EnsembleSoft,0.0,3,4,0.953416149068323,0.9791666666666666,94,23,"{'Basal': 23, 'Her2': 12, 'LumA': 45, 'LumB': 14}","{'Basal': 6, 'Her2': 2, 'LumA': 12, 'LumB': 3}",4,False,0.9565217391304348,1.0,0.9166666666666666,0.8571428571428571,0.75,1.0,1.0,1.0,1.0,1.0,1.0,1.0,18045
classification,RFECA_SVR(k=10),EnsembleSoft,0.0,3,5,0.8557692307692308,0.8333333333333334,94,23,"{'Basal': 24, 'Her2': 11, 'LumA': 45, 'LumB': 14}","{'Basal': 5, 'Her2': 3, 'LumA': 12, 'LumB': 3}",4,False,0.9230769230769231,0.8571428571428571,1.0,0.5,1.0,0.3333333333333333,1.0,1.0,1.0,1.0,1.0,1.0,18045
classification,RFECA_SVR(k=20),EnsembleSoft,0.0,3,1,0.9207251082251082,0.8958333333333334,93,24,"{'Basal': 23, 'Her2': 11, 'LumA': 46, 'LumB': 13}","{'Basal': 6, 'Her2': 3, 'LumA': 11, 'LumB': 4}",4,False,0.9166666666666666,0.8461538461538461,1.0,0.8571428571428571,1.0,0.75,1.0,1.0,1.0,0.9090909090909091,1.0,0.8333333333333334,18045
classification,RFECA_SVR(k=20),EnsembleSoft,0.0,3,2,0.9222222222222223,0.9166666666666666,93,24,"{'Basal': 23, 'Her2': 11, 'LumA': 46, 'LumB': 13}","{'Basal': 6, 'Her2': 3, 'LumA': 11, 'LumB': 4}",4,False,1.0,1.0,1.0,0.8888888888888888,0.8,1.0,0.8,1.0,0.6666666666666666,1.0,1.0,1.0,18045
classification,RFECA_SVR(k=20),EnsembleSoft,0.0,3,3,0.8791666666666667,0.8333333333333333,94,23,"{'Basal': 23, 'Her2': 11, 'LumA': 46, 'LumB': 14}","{'Basal': 6, 'Her2': 3, 'LumA': 11, 'LumB': 3}",4,False,0.9166666666666666,0.8461538461538461,1.0,0.8,1.0,0.6666666666666666,0.8,1.0,0.6666666666666666,1.0,1.0,1.0,18045
classification,RFECA_SVR(k=20),EnsembleSoft,0.0,3,4,0.953416149068323,0.9791666666666666,94,23,"{'Basal': 23, 'Her2': 12, 'LumA': 45, 'LumB': 14}","{'Basal': 6, 'Her2': 2, 'LumA': 12, 'LumB': 3}",4,False,0.9565217391304348,1.0,0.9166666666666666,0.8571428571428571,0.75,1.0,1.0,1.0,1.0,1.0,1.0,1.0,18045
classification,RFECA_SVR(k=20),EnsembleSoft,0.0,3,5,0.8557692307692308,0.8333333333333334,94,23,"{'Basal': 24, 'Her2': 11, 'LumA': 45, 'LumB': 14}","{'Basal': 5, 'Her2': 3, 'LumA': 12, 'LumB': 3}",4,False,0.9230769230769231,0.8571428571428571,1.0,0.5,1.0,0.3333333333333333,1.0,1.0,1.0,1.0,1.0,1.0,18045
classification,MissForest,EnsembleSoft,0.0,3,1,0.9207251082251082,0.8958333333333334,93,24,"{'Basal': 23, 'Her2': 11, 'LumA': 46, 'LumB': 13}","{'Basal': 6, 'Her2': 3, 'LumA': 11, 'LumB': 4}",4,False,0.9166666666666666,0.8461538461538461,1.0,0.8571428571428571,1.0,0.75,1.0,1.0,1.0,0.9090909090909091,1.0,0.8333333333333334,18045
classification,MissForest,EnsembleSoft,0.0,3,2,0.9222222222222223,0.9166666666666666,93,24,"{'Basal': 23, 'Her2': 11, 'LumA': 46, 'LumB': 13}","{'Basal': 6, 'Her2': 3, 'LumA': 11, 'LumB': 4}",4,False,1.0,1.0,1.0,0.8888888888888888,0.8,1.0,0.8,1.0,0.6666666666666666,1.0,1.0,1.0,18045
classification,MissForest,EnsembleSoft,0.0,3,3,0.8791666666666667,0.8333333333333333,94,23,"{'Basal': 23, 'Her2': 11, 'LumA': 46, 'LumB': 14}","{'Basal': 6, 'Her2': 3, 'LumA': 11, 'LumB': 3}",4,False,0.9166666666666666,0.8461538461538461,1.0,0.8,1.0,0.6666666666666666,0.8,1.0,0.6666666666666666,1.0,1.0,1.0,18045
classification,MissForest,EnsembleSoft,0.0,3,4,0.953416149068323,0.9791666666666666,94,23,"{'Basal': 23, 'Her2': 12, 'LumA': 45, 'LumB': 14}","{'Basal': 6, 'Her2': 2, 'LumA': 12, 'LumB': 3}",4,False,0.9565217391304348,1.0,0.9166666666666666,0.8571428571428571,0.75,1.0,1.0,1.0,1.0,1.0,1.0,1.0,18045
classification,MissForest,EnsembleSoft,0.0,3,5,0.8557692307692308,0.8333333333333334,94,23,"{'Basal': 24, 'Her2': 11, 'LumA': 45, 'LumB': 14}","{'Basal': 5, 'Her2': 3, 'LumA': 12, 'LumB': 3}",4,False,0.9230769230769231,0.8571428571428571,1.0,0.5,1.0,0.3333333333333333,1.0,1.0,1.0,1.0,1.0,1.0,18045
classification,SimpleMean,EnsembleSoft,0.0,4,1,0.9207251082251082,0.8958333333333334,93,24,"{'Basal': 23, 'Her2': 11, 'LumA': 46, 'LumB': 13}","{'Basal': 6, 'Her2': 3, 'LumA': 11, 'LumB': 4}",4,False,0.9166666666666666,0.8461538461538461,1.0,0.8571428571428571,1.0,0.75,1.0,1.0,1.0,0.9090909090909091,1.0,0.8333333333333334,18046
classification,SimpleMean,EnsembleSoft,0.0,4,2,0.9222222222222223,0.9166666666666666,93,24,"{'Basal': 23, 'Her2': 11, 'LumA': 46, 'LumB': 13}","{'Basal': 6, 'Her2': 3, 'LumA': 11, 'LumB': 4}",4,False,1.0,1.0,1.0,0.8888888888888888,0.8,1.0,0.8,1.0,0.6666666666666666,1.0,1.0,1.0,18046
classification,SimpleMean,EnsembleSoft,0.0,4,3,0.8791666666666667,0.8333333333333333,94,23,"{'Basal': 23, 'Her2': 11, 'LumA': 46, 'LumB': 14}","{'Basal': 6, 'Her2': 3, 'LumA': 11, 'LumB': 3}",4,False,0.9166666666666666,0.8461538461538461,1.0,0.8,1.0,0.6666666666666666,0.8,1.0,0.6666666666666666,1.0,1.0,1.0,18046
classification,SimpleMean,EnsembleSoft,0.0,4,4,0.953416149068323,0.9791666666666666,94,23,"{'Basal': 23, 'Her2': 12, 'LumA': 45, 'LumB': 14}","{'Basal': 6, 'Her2': 2, 'LumA': 12, 'LumB': 3}",4,False,0.9565217391304348,1.0,0.9166666666666666,0.8571428571428571,0.75,1.0,1.0,1.0,1.0,1.0,1.0,1.0,18046
classification,SimpleMean,EnsembleSoft,0.0,4,5,0.8557692307692308,0.8333333333333334,94,23,"{'Basal': 24, 'Her2': 11, 'LumA': 45, 'LumB': 14}","{'Basal': 5, 'Her2': 3, 'LumA': 12, 'LumB': 3}",4,False,0.9230769230769231,0.8571428571428571,1.0,0.5,1.0,0.3333333333333333,1.0,1.0,1.0,1.0,1.0,1.0,18046
classification,"KNN(k=5,dist)",EnsembleSoft,0.0,4,1,0.9207251082251082,0.8958333333333334,93,24,"{'Basal': 23, 'Her2': 11, 'LumA': 46, 'LumB': 13}","{'Basal': 6, 'Her2': 3, 'LumA': 11, 'LumB': 4}",4,False,0.9166666666666666,0.8461538461538461,1.0,0.8571428571428571,1.0,0.75,1.0,1.0,1.0,0.9090909090909091,1.0,0.8333333333333334,18046
classification,"KNN(k=5,dist)",EnsembleSoft,0.0,4,2,0.9222222222222223,0.9166666666666666,93,24,"{'Basal': 23, 'Her2': 11, 'LumA': 46, 'LumB': 13}","{'Basal': 6, 'Her2': 3, 'LumA': 11, 'LumB': 4}",4,False,1.0,1.0,1.0,0.8888888888888888,0.8,1.0,0.8,1.0,0.6666666666666666,1.0,1.0,1.0,18046
classification,"KNN(k=5,dist)",EnsembleSoft,0.0,4,3,0.8791666666666667,0.8333333333333333,94,23,"{'Basal': 23, 'Her2': 11, 'LumA': 46, 'LumB': 14}","{'Basal': 6, 'Her2': 3, 'LumA': 11, 'LumB': 3}",4,False,0.9166666666666666,0.8461538461538461,1.0,0.8,1.0,0.6666666666666666,0.8,1.0,0.6666666666666666,1.0,1.0,1.0,18046
classification,"KNN(k=5,dist)",EnsembleSoft,0.0,4,4,0.953416149068323,0.9791666666666666,94,23,"{'Basal': 23, 'Her2': 12, 'LumA': 45, 'LumB': 14}","{'Basal': 6, 'Her2': 2, 'LumA': 12, 'LumB': 3}",4,False,0.9565217391304348,1.0,0.9166666666666666,0.8571428571428571,0.75,1.0,1.0,1.0,1.0,1.0,1.0,1.0,18046
classification,"KNN(k=5,dist)",EnsembleSoft,0.0,4,5,0.8557692307692308,0.8333333333333334,94,23,"{'Basal': 24, 'Her2': 11, 'LumA': 45, 'LumB': 14}","{'Basal': 5, 'Her2': 3, 'LumA': 12, 'LumB': 3}",4,False,0.9230769230769231,0.8571428571428571,1.0,0.5,1.0,0.3333333333333333,1.0,1.0,1.0,1.0,1.0,1.0,18046
classification,RFECA_SVR(k=5),EnsembleSoft,0.0,4,1,0.9207251082251082,0.8958333333333334,93,24,"{'Basal': 23, 'Her2': 11, 'LumA': 46, 'LumB': 13}","{'Basal': 6, 'Her2': 3, 'LumA': 11, 'LumB': 4}",4,False,0.9166666666666666,0.8461538461538461,1.0,0.8571428571428571,1.0,0.75,1.0,1.0,1.0,0.9090909090909091,1.0,0.8333333333333334,18046
classification,RFECA_SVR(k=5),EnsembleSoft,0.0,4,2,0.9222222222222223,0.9166666666666666,93,24,"{'Basal': 23, 'Her2': 11, 'LumA': 46, 'LumB': 13}","{'Basal': 6, 'Her2': 3, 'LumA': 11, 'LumB': 4}",4,False,1.0,1.0,1.0,0.8888888888888888,0.8,1.0,0.8,1.0,0.6666666666666666,1.0,1.0,1.0,18046
classification,RFECA_SVR(k=5),EnsembleSoft,0.0,4,3,0.8791666666666667,0.8333333333333333,94,23,"{'Basal': 23, 'Her2': 11, 'LumA': 46, 'LumB': 14}","{'Basal': 6, 'Her2': 3, 'LumA': 11, 'LumB': 3}",4,False,0.9166666666666666,0.8461538461538461,1.0,0.8,1.0,0.6666666666666666,0.8,1.0,0.6666666666666666,1.0,1.0,1.0,18046
classification,RFECA_SVR(k=5),EnsembleSoft,0.0,4,4,0.953416149068323,0.9791666666666666,94,23,"{'Basal': 23, 'Her2': 12, 'LumA': 45, 'LumB': 14}","{'Basal': 6, 'Her2': 2, 'LumA': 12, 'LumB': 3}",4,False,0.9565217391304348,1.0,0.9166666666666666,0.8571428571428571,0.75,1.0,1.0,1.0,1.0,1.0,1.0,1.0,18046
classification,RFECA_SVR(k=5),EnsembleSoft,0.0,4,5,0.8557692307692308,0.8333333333333334,94,23,"{'Basal': 24, 'Her2': 11, 'LumA': 45, 'LumB': 14}","{'Basal': 5, 'Her2': 3, 'LumA': 12, 'LumB': 3}",4,False,0.9230769230769231,0.8571428571428571,1.0,0.5,1.0,0.3333333333333333,1.0,1.0,1.0,1.0,1.0,1.0,18046
classification,RFECA_SVR(k=10),EnsembleSoft,0.0,4,1,0.9207251082251082,0.8958333333333334,93,24,"{'Basal': 23, 'Her2': 11, 'LumA': 46, 'LumB': 13}","{'Basal': 6, 'Her2': 3, 'LumA': 11, 'LumB': 4}",4,False,0.9166666666666666,0.8461538461538461,1.0,0.8571428571428571,1.0,0.75,1.0,1.0,1.0,0.9090909090909091,1.0,0.8333333333333334,18046
classification,RFECA_SVR(k=10),EnsembleSoft,0.0,4,2,0.9222222222222223,0.9166666666666666,93,24,"{'Basal': 23, 'Her2': 11, 'LumA': 46, 'LumB': 13}","{'Basal': 6, 'Her2': 3, 'LumA': 11, 'LumB': 4}",4,False,1.0,1.0,1.0,0.8888888888888888,0.8,1.0,0.8,1.0,0.6666666666666666,1.0,1.0,1.0,18046
classification,RFECA_SVR(k=10),EnsembleSoft,0.0,4,3,0.8791666666666667,0.8333333333333333,94,23,"{'Basal': 23, 'Her2': 11, 'LumA': 46, 'LumB': 14}","{'Basal': 6, 'Her2': 3, 'LumA': 11, 'LumB': 3}",4,False,0.9166666666666666,0.8461538461538461,1.0,0.8,1.0,0.6666666666666666,0.8,1.0,0.6666666666666666,1.0,1.0,1.0,18046
classification,RFECA_SVR(k=10),EnsembleSoft,0.0,4,4,0.953416149068323,0.9791666666666666,94,23,"{'Basal': 23, 'Her2': 12, 'LumA': 45, 'LumB': 14}","{'Basal': 6, 'Her2': 2, 'LumA': 12, 'LumB': 3}",4,False,0.9565217391304348,1.0,0.9166666666666666,0.8571428571428571,0.75,1.0,1.0,1.0,1.0,1.0,1.0,1.0,18046
classification,RFECA_SVR(k=10),EnsembleSoft,0.0,4,5,0.8557692307692308,0.8333333333333334,94,23,"{'Basal': 24, 'Her2': 11, 'LumA': 45, 'LumB': 14}","{'Basal': 5, 'Her2': 3, 'LumA': 12, 'LumB': 3}",4,False,0.9230769230769231,0.8571428571428571,1.0,0.5,1.0,0.3333333333333333,1.0,1.0,1.0,1.0,1.0,1.0,18046
classification,RFECA_SVR(k=20),EnsembleSoft,0.0,4,1,0.9207251082251082,0.8958333333333334,93,24,"{'Basal': 23, 'Her2': 11, 'LumA': 46, 'LumB': 13}","{'Basal': 6, 'Her2': 3, 'LumA': 11, 'LumB': 4}",4,False,0.9166666666666666,0.8461538461538461,1.0,0.8571428571428571,1.0,0.75,1.0,1.0,1.0,0.9090909090909091,1.0,0.8333333333333334,18046
classification,RFECA_SVR(k=20),EnsembleSoft,0.0,4,2,0.9222222222222223,0.9166666666666666,93,24,"{'Basal': 23, 'Her2': 11, 'LumA': 46, 'LumB': 13}","{'Basal': 6, 'Her2': 3, 'LumA': 11, 'LumB': 4}",4,False,1.0,1.0,1.0,0.8888888888888888,0.8,1.0,0.8,1.0,0.6666666666666666,1.0,1.0,1.0,18046
classification,RFECA_SVR(k=20),EnsembleSoft,0.0,4,3,0.8791666666666667,0.8333333333333333,94,23,"{'Basal': 23, 'Her2': 11, 'LumA': 46, 'LumB': 14}","{'Basal': 6, 'Her2': 3, 'LumA': 11, 'LumB': 3}",4,False,0.9166666666666666,0.8461538461538461,1.0,0.8,1.0,0.6666666666666666,0.8,1.0,0.6666666666666666,1.0,1.0,1.0,18046
classification,RFECA_SVR(k=20),EnsembleSoft,0.0,4,4,0.953416149068323,0.9791666666666666,94,23,"{'Basal': 23, 'Her2': 12, 'LumA': 45, 'LumB': 14}","{'Basal': 6, 'Her2': 2, 'LumA': 12, 'LumB': 3}",4,False,0.9565217391304348,1.0,0.9166666666666666,0.8571428571428571,0.75,1.0,1.0,1.0,1.0,1.0,1.0,1.0,18046
classification,RFECA_SVR(k=20),EnsembleSoft,0.0,4,5,0.8557692307692308,0.8333333333333334,94,23,"{'Basal': 24, 'Her2': 11, 'LumA': 45, 'LumB': 14}","{'Basal': 5, 'Her2': 3, 'LumA': 12, 'LumB': 3}",4,False,0.9230769230769231,0.8571428571428571,1.0,0.5,1.0,0.3333333333333333,1.0,1.0,1.0,1.0,1.0,1.0,18046
classification,MissForest,EnsembleSoft,0.0,4,1,0.9207251082251082,0.8958333333333334,93,24,"{'Basal': 23, 'Her2': 11, 'LumA': 46, 'LumB': 13}","{'Basal': 6, 'Her2': 3, 'LumA': 11, 'LumB': 4}",4,False,0.9166666666666666,0.8461538461538461,1.0,0.8571428571428571,1.0,0.75,1.0,1.0,1.0,0.9090909090909091,1.0,0.8333333333333334,18046
classification,MissForest,EnsembleSoft,0.0,4,2,0.9222222222222223,0.9166666666666666,93,24,"{'Basal': 23, 'Her2': 11, 'LumA': 46, 'LumB': 13}","{'Basal': 6, 'Her2': 3, 'LumA': 11, 'LumB': 4}",4,False,1.0,1.0,1.0,0.8888888888888888,0.8,1.0,0.8,1.0,0.6666666666666666,1.0,1.0,1.0,18046
classification,MissForest,EnsembleSoft,0.0,4,3,0.8791666666666667,0.8333333333333333,94,23,"{'Basal': 23, 'Her2': 11, 'LumA': 46, 'LumB': 14}","{'Basal': 6, 'Her2': 3, 'LumA': 11, 'LumB': 3}",4,False,0.9166666666666666,0.8461538461538461,1.0,0.8,1.0,0.6666666666666666,0.8,1.0,0.6666666666666666,1.0,1.0,1.0,18046
classification,MissForest,EnsembleSoft,0.0,4,4,0.953416149068323,0.9791666666666666,94,23,"{'Basal': 23, 'Her2': 12, 'LumA': 45, 'LumB': 14}","{'Basal': 6, 'Her2': 2, 'LumA': 12, 'LumB': 3}",4,False,0.9565217391304348,1.0,0.9166666666666666,0.8571428571428571,0.75,1.0,1.0,1.0,1.0,1.0,1.0,1.0,18046
classification,MissForest,EnsembleSoft,0.0,4,5,0.8557692307692308,0.8333333333333334,94,23,"{'Basal': 24, 'Her2': 11, 'LumA': 45, 'LumB': 14}","{'Basal': 5, 'Her2': 3, 'LumA': 12, 'LumB': 3}",4,False,0.9230769230769231,0.8571428571428571,1.0,0.5,1.0,0.3333333333333333,1.0,1.0,1.0,1.0,1.0,1.0,18046
classification,SimpleMean,EnsembleSoft,0.0,5,1,0.9207251082251082,0.8958333333333334,93,24,"{'Basal': 23, 'Her2': 11, 'LumA': 46, 'LumB': 13}","{'Basal': 6, 'Her2': 3, 'LumA': 11, 'LumB': 4}",4,False,0.9166666666666666,0.8461538461538461,1.0,0.8571428571428571,1.0,0.75,1.0,1.0,1.0,0.9090909090909091,1.0,0.8333333333333334,18047
classification,SimpleMean,EnsembleSoft,0.0,5,2,0.9222222222222223,0.9166666666666666,93,24,"{'Basal': 23, 'Her2': 11, 'LumA': 46, 'LumB': 13}","{'Basal': 6, 'Her2': 3, 'LumA': 11, 'LumB': 4}",4,False,1.0,1.0,1.0,0.8888888888888888,0.8,1.0,0.8,1.0,0.6666666666666666,1.0,1.0,1.0,18047
classification,SimpleMean,EnsembleSoft,0.0,5,3,0.8791666666666667,0.8333333333333333,94,23,"{'Basal': 23, 'Her2': 11, 'LumA': 46, 'LumB': 14}","{'Basal': 6, 'Her2': 3, 'LumA': 11, 'LumB': 3}",4,False,0.9166666666666666,0.8461538461538461,1.0,0.8,1.0,0.6666666666666666,0.8,1.0,0.6666666666666666,1.0,1.0,1.0,18047
classification,SimpleMean,EnsembleSoft,0.0,5,4,0.953416149068323,0.9791666666666666,94,23,"{'Basal': 23, 'Her2': 12, 'LumA': 45, 'LumB': 14}","{'Basal': 6, 'Her2': 2, 'LumA': 12, 'LumB': 3}",4,False,0.9565217391304348,1.0,0.9166666666666666,0.8571428571428571,0.75,1.0,1.0,1.0,1.0,1.0,1.0,1.0,18047
classification,SimpleMean,EnsembleSoft,0.0,5,5,0.8557692307692308,0.8333333333333334,94,23,"{'Basal': 24, 'Her2': 11, 'LumA': 45, 'LumB': 14}","{'Basal': 5, 'Her2': 3, 'LumA': 12, 'LumB': 3}",4,False,0.9230769230769231,0.8571428571428571,1.0,0.5,1.0,0.3333333333333333,1.0,1.0,1.0,1.0,1.0,1.0,18047
classification,"KNN(k=5,dist)",EnsembleSoft,0.0,5,1,0.9207251082251082,0.8958333333333334,93,24,"{'Basal': 23, 'Her2': 11, 'LumA': 46, 'LumB': 13}","{'Basal': 6, 'Her2': 3, 'LumA': 11, 'LumB': 4}",4,False,0.9166666666666666,0.8461538461538461,1.0,0.8571428571428571,1.0,0.75,1.0,1.0,1.0,0.9090909090909091,1.0,0.8333333333333334,18047
classification,"KNN(k=5,dist)",EnsembleSoft,0.0,5,2,0.9222222222222223,0.9166666666666666,93,24,"{'Basal': 23, 'Her2': 11, 'LumA': 46, 'LumB': 13}","{'Basal': 6, 'Her2': 3, 'LumA': 11, 'LumB': 4}",4,False,1.0,1.0,1.0,0.8888888888888888,0.8,1.0,0.8,1.0,0.6666666666666666,1.0,1.0,1.0,18047
classification,"KNN(k=5,dist)",EnsembleSoft,0.0,5,3,0.8791666666666667,0.8333333333333333,94,23,"{'Basal': 23, 'Her2': 11, 'LumA': 46, 'LumB': 14}","{'Basal': 6, 'Her2': 3, 'LumA': 11, 'LumB': 3}",4,False,0.9166666666666666,0.8461538461538461,1.0,0.8,1.0,0.6666666666666666,0.8,1.0,0.6666666666666666,1.0,1.0,1.0,18047
classification,"KNN(k=5,dist)",EnsembleSoft,0.0,5,4,0.953416149068323,0.9791666666666666,94,23,"{'Basal': 23, 'Her2': 12, 'LumA': 45, 'LumB': 14}","{'Basal': 6, 'Her2': 2, 'LumA': 12, 'LumB': 3}",4,False,0.9565217391304348,1.0,0.9166666666666666,0.8571428571428571,0.75,1.0,1.0,1.0,1.0,1.0,1.0,1.0,18047
classification,"KNN(k=5,dist)",EnsembleSoft,0.0,5,5,0.8557692307692308,0.8333333333333334,94,23,"{'Basal': 24, 'Her2': 11, 'LumA': 45, 'LumB': 14}","{'Basal': 5, 'Her2': 3, 'LumA': 12, 'LumB': 3}",4,False,0.9230769230769231,0.8571428571428571,1.0,0.5,1.0,0.3333333333333333,1.0,1.0,1.0,1.0,1.0,1.0,18047
classification,RFECA_SVR(k=5),EnsembleSoft,0.0,5,1,0.9207251082251082,0.8958333333333334,93,24,"{'Basal': 23, 'Her2': 11, 'LumA': 46, 'LumB': 13}","{'Basal': 6, 'Her2': 3, 'LumA': 11, 'LumB': 4}",4,False,0.9166666666666666,0.8461538461538461,1.0,0.8571428571428571,1.0,0.75,1.0,1.0,1.0,0.9090909090909091,1.0,0.8333333333333334,18047
classification,RFECA_SVR(k=5),EnsembleSoft,0.0,5,2,0.9222222222222223,0.9166666666666666,93,24,"{'Basal': 23, 'Her2': 11, 'LumA': 46, 'LumB': 13}","{'Basal': 6, 'Her2': 3, 'LumA': 11, 'LumB': 4}",4,False,1.0,1.0,1.0,0.8888888888888888,0.8,1.0,0.8,1.0,0.6666666666666666,1.0,1.0,1.0,18047
classification,RFECA_SVR(k=5),EnsembleSoft,0.0,5,3,0.8791666666666667,0.8333333333333333,94,23,"{'Basal': 23, 'Her2': 11, 'LumA': 46, 'LumB': 14}","{'Basal': 6, 'Her2': 3, 'LumA': 11, 'LumB': 3}",4,False,0.9166666666666666,0.8461538461538461,1.0,0.8,1.0,0.6666666666666666,0.8,1.0,0.6666666666666666,1.0,1.0,1.0,18047
classification,RFECA_SVR(k=5),EnsembleSoft,0.0,5,4,0.953416149068323,0.9791666666666666,94,23,"{'Basal': 23, 'Her2': 12, 'LumA': 45, 'LumB': 14}","{'Basal': 6, 'Her2': 2, 'LumA': 12, 'LumB': 3}",4,False,0.9565217391304348,1.0,0.9166666666666666,0.8571428571428571,0.75,1.0,1.0,1.0,1.0,1.0,1.0,1.0,18047
classification,RFECA_SVR(k=5),EnsembleSoft,0.0,5,5,0.8557692307692308,0.8333333333333334,94,23,"{'Basal': 24, 'Her2': 11, 'LumA': 45, 'LumB': 14}","{'Basal': 5, 'Her2': 3, 'LumA': 12, 'LumB': 3}",4,False,0.9230769230769231,0.8571428571428571,1.0,0.5,1.0,0.3333333333333333,1.0,1.0,1.0,1.0,1.0,1.0,18047
classification,RFECA_SVR(k=10),EnsembleSoft,0.0,5,1,0.9207251082251082,0.8958333333333334,93,24,"{'Basal': 23, 'Her2': 11, 'LumA': 46, 'LumB': 13}","{'Basal': 6, 'Her2': 3, 'LumA': 11, 'LumB': 4}",4,False,0.9166666666666666,0.8461538461538461,1.0,0.8571428571428571,1.0,0.75,1.0,1.0,1.0,0.9090909090909091,1.0,0.8333333333333334,18047
classification,RFECA_SVR(k=10),EnsembleSoft,0.0,5,2,0.9222222222222223,0.9166666666666666,93,24,"{'Basal': 23, 'Her2': 11, 'LumA': 46, 'LumB': 13}","{'Basal': 6, 'Her2': 3, 'LumA': 11, 'LumB': 4}",4,False,1.0,1.0,1.0,0.8888888888888888,0.8,1.0,0.8,1.0,0.6666666666666666,1.0,1.0,1.0,18047
classification,RFECA_SVR(k=10),EnsembleSoft,0.0,5,3,0.8791666666666667,0.8333333333333333,94,23,"{'Basal': 23, 'Her2': 11, 'LumA': 46, 'LumB': 14}","{'Basal': 6, 'Her2': 3, 'LumA': 11, 'LumB': 3}",4,False,0.9166666666666666,0.8461538461538461,1.0,0.8,1.0,0.6666666666666666,0.8,1.0,0.6666666666666666,1.0,1.0,1.0,18047
classification,RFECA_SVR(k=10),EnsembleSoft,0.0,5,4,0.953416149068323,0.9791666666666666,94,23,"{'Basal': 23, 'Her2': 12, 'LumA': 45, 'LumB': 14}","{'Basal': 6, 'Her2': 2, 'LumA': 12, 'LumB': 3}",4,False,0.9565217391304348,1.0,0.9166666666666666,0.8571428571428571,0.75,1.0,1.0,1.0,1.0,1.0,1.0,1.0,18047
classification,RFECA_SVR(k=10),EnsembleSoft,0.0,5,5,0.8557692307692308,0.8333333333333334,94,23,"{'Basal': 24, 'Her2': 11, 'LumA': 45, 'LumB': 14}","{'Basal': 5, 'Her2': 3, 'LumA': 12, 'LumB': 3}",4,False,0.9230769230769231,0.8571428571428571,1.0,0.5,1.0,0.3333333333333333,1.0,1.0,1.0,1.0,1.0,1.0,18047
classification,RFECA_SVR(k=20),EnsembleSoft,0.0,5,1,0.9207251082251082,0.8958333333333334,93,24,"{'Basal': 23, 'Her2': 11, 'LumA': 46, 'LumB': 13}","{'Basal': 6, 'Her2': 3, 'LumA': 11, 'LumB': 4}",4,False,0.9166666666666666,0.8461538461538461,1.0,0.8571428571428571,1.0,0.75,1.0,1.0,1.0,0.9090909090909091,1.0,0.8333333333333334,18047
classification,RFECA_SVR(k=20),EnsembleSoft,0.0,5,2,0.9222222222222223,0.9166666666666666,93,24,"{'Basal': 23, 'Her2': 11, 'LumA': 46, 'LumB': 13}","{'Basal': 6, 'Her2': 3, 'LumA': 11, 'LumB': 4}",4,False,1.0,1.0,1.0,0.8888888888888888,0.8,1.0,0.8,1.0,0.6666666666666666,1.0,1.0,1.0,18047
classification,RFECA_SVR(k=20),EnsembleSoft,0.0,5,3,0.8791666666666667,0.8333333333333333,94,23,"{'Basal': 23, 'Her2': 11, 'LumA': 46, 'LumB': 14}","{'Basal': 6, 'Her2': 3, 'LumA': 11, 'LumB': 3}",4,False,0.9166666666666666,0.8461538461538461,1.0,0.8,1.0,0.6666666666666666,0.8,1.0,0.6666666666666666,1.0,1.0,1.0,18047
classification,RFECA_SVR(k=20),EnsembleSoft,0.0,5,4,0.953416149068323,0.9791666666666666,94,23,"{'Basal': 23, 'Her2': 12, 'LumA': 45, 'LumB': 14}","{'Basal': 6, 'Her2': 2, 'LumA': 12, 'LumB': 3}",4,False,0.9565217391304348,1.0,0.9166666666666666,0.8571428571428571,0.75,1.0,1.0,1.0,1.0,1.0,1.0,1.0,18047
classification,RFECA_SVR(k=20),EnsembleSoft,0.0,5,5,0.8557692307692308,0.8333333333333334,94,23,"{'Basal': 24, 'Her2': 11, 'LumA': 45, 'LumB': 14}","{'Basal': 5, 'Her2': 3, 'LumA': 12, 'LumB': 3}",4,False,0.9230769230769231,0.8571428571428571,1.0,0.5,1.0,0.3333333333333333,1.0,1.0,1.0,1.0,1.0,1.0,18047
classification,MissForest,EnsembleSoft,0.0,5,1,0.9207251082251082,0.8958333333333334,93,24,"{'Basal': 23, 'Her2': 11, 'LumA': 46, 'LumB': 13}","{'Basal': 6, 'Her2': 3, 'LumA': 11, 'LumB': 4}",4,False,0.9166666666666666,0.8461538461538461,1.0,0.8571428571428571,1.0,0.75,1.0,1.0,1.0,0.9090909090909091,1.0,0.8333333333333334,18047
classification,MissForest,EnsembleSoft,0.0,5,2,0.9222222222222223,0.9166666666666666,93,24,"{'Basal': 23, 'Her2': 11, 'LumA': 46, 'LumB': 13}","{'Basal': 6, 'Her2': 3, 'LumA': 11, 'LumB': 4}",4,False,1.0,1.0,1.0,0.8888888888888888,0.8,1.0,0.8,1.0,0.6666666666666666,1.0,1.0,1.0,18047
classification,MissForest,EnsembleSoft,0.0,5,3,0.8791666666666667,0.8333333333333333,94,23,"{'Basal': 23, 'Her2': 11, 'LumA': 46, 'LumB': 14}","{'Basal': 6, 'Her2': 3, 'LumA': 11, 'LumB': 3}",4,False,0.9166666666666666,0.8461538461538461,1.0,0.8,1.0,0.6666666666666666,0.8,1.0,0.6666666666666666,1.0,1.0,1.0,18047
classification,MissForest,EnsembleSoft,0.0,5,4,0.953416149068323,0.9791666666666666,94,23,"{'Basal': 23, 'Her2': 12, 'LumA': 45, 'LumB': 14}","{'Basal': 6, 'Her2': 2, 'LumA': 12, 'LumB': 3}",4,False,0.9565217391304348,1.0,0.9166666666666666,0.8571428571428571,0.75,1.0,1.0,1.0,1.0,1.0,1.0,1.0,18047
classification,MissForest,EnsembleSoft,0.0,5,5,0.8557692307692308,0.8333333333333334,94,23,"{'Basal': 24, 'Her2': 11, 'LumA': 45, 'LumB': 14}","{'Basal': 5, 'Her2': 3, 'LumA': 12, 'LumB': 3}",4,False,0.9230769230769231,0.8571428571428571,1.0,0.5,1.0,0.3333333333333333,1.0,1.0,1.0,1.0,1.0,1.0,18047
classification,SimpleMean,EnsembleSoft,0.0,6,1,0.9207251082251082,0.8958333333333334,93,24,"{'Basal': 23, 'Her2': 11, 'LumA': 46, 'LumB': 13}","{'Basal': 6, 'Her2': 3, 'LumA': 11, 'LumB': 4}",4,False,0.9166666666666666,0.8461538461538461,1.0,0.8571428571428571,1.0,0.75,1.0,1.0,1.0,0.9090909090909091,1.0,0.8333333333333334,18048
classification,SimpleMean,EnsembleSoft,0.0,6,2,0.9222222222222223,0.9166666666666666,93,24,"{'Basal': 23, 'Her2': 11, 'LumA': 46, 'LumB': 13}","{'Basal': 6, 'Her2': 3, 'LumA': 11, 'LumB': 4}",4,False,1.0,1.0,1.0,0.8888888888888888,0.8,1.0,0.8,1.0,0.6666666666666666,1.0,1.0,1.0,18048
classification,SimpleMean,EnsembleSoft,0.0,6,3,0.8791666666666667,0.8333333333333333,94,23,"{'Basal': 23, 'Her2': 11, 'LumA': 46, 'LumB': 14}","{'Basal': 6, 'Her2': 3, 'LumA': 11, 'LumB': 3}",4,False,0.9166666666666666,0.8461538461538461,1.0,0.8,1.0,0.6666666666666666,0.8,1.0,0.6666666666666666,1.0,1.0,1.0,18048
classification,SimpleMean,EnsembleSoft,0.0,6,4,0.953416149068323,0.9791666666666666,94,23,"{'Basal': 23, 'Her2': 12, 'LumA': 45, 'LumB': 14}","{'Basal': 6, 'Her2': 2, 'LumA': 12, 'LumB': 3}",4,False,0.9565217391304348,1.0,0.9166666666666666,0.8571428571428571,0.75,1.0,1.0,1.0,1.0,1.0,1.0,1.0,18048
classification,SimpleMean,EnsembleSoft,0.0,6,5,0.8557692307692308,0.8333333333333334,94,23,"{'Basal': 24, 'Her2': 11, 'LumA': 45, 'LumB': 14}","{'Basal': 5, 'Her2': 3, 'LumA': 12, 'LumB': 3}",4,False,0.9230769230769231,0.8571428571428571,1.0,0.5,1.0,0.3333333333333333,1.0,1.0,1.0,1.0,1.0,1.0,18048
classification,"KNN(k=5,dist)",EnsembleSoft,0.0,6,1,0.9207251082251082,0.8958333333333334,93,24,"{'Basal': 23, 'Her2': 11, 'LumA': 46, 'LumB': 13}","{'Basal': 6, 'Her2': 3, 'LumA': 11, 'LumB': 4}",4,False,0.9166666666666666,0.8461538461538461,1.0,0.8571428571428571,1.0,0.75,1.0,1.0,1.0,0.9090909090909091,1.0,0.8333333333333334,18048
classification,"KNN(k=5,dist)",EnsembleSoft,0.0,6,2,0.9222222222222223,0.9166666666666666,93,24,"{'Basal': 23, 'Her2': 11, 'LumA': 46, 'LumB': 13}","{'Basal': 6, 'Her2': 3, 'LumA': 11, 'LumB': 4}",4,False,1.0,1.0,1.0,0.8888888888888888,0.8,1.0,0.8,1.0,0.6666666666666666,1.0,1.0,1.0,18048
classification,"KNN(k=5,dist)",EnsembleSoft,0.0,6,3,0.8791666666666667,0.8333333333333333,94,23,"{'Basal': 23, 'Her2': 11, 'LumA': 46, 'LumB': 14}","{'Basal': 6, 'Her2': 3, 'LumA': 11, 'LumB': 3}",4,False,0.9166666666666666,0.8461538461538461,1.0,0.8,1.0,0.6666666666666666,0.8,1.0,0.6666666666666666,1.0,1.0,1.0,18048
classification,"KNN(k=5,dist)",EnsembleSoft,0.0,6,4,0.953416149068323,0.9791666666666666,94,23,"{'Basal': 23, 'Her2': 12, 'LumA': 45, 'LumB': 14}","{'Basal': 6, 'Her2': 2, 'LumA': 12, 'LumB': 3}",4,False,0.9565217391304348,1.0,0.9166666666666666,0.8571428571428571,0.75,1.0,1.0,1.0,1.0,1.0,1.0,1.0,18048
classification,"KNN(k=5,dist)",EnsembleSoft,0.0,6,5,0.8557692307692308,0.8333333333333334,94,23,"{'Basal': 24, 'Her2': 11, 'LumA': 45, 'LumB': 14}","{'Basal': 5, 'Her2': 3, 'LumA': 12, 'LumB': 3}",4,False,0.9230769230769231,0.8571428571428571,1.0,0.5,1.0,0.3333333333333333,1.0,1.0,1.0,1.0,1.0,1.0,18048
classification,RFECA_SVR(k=5),EnsembleSoft,0.0,6,1,0.9207251082251082,0.8958333333333334,93,24,"{'Basal': 23, 'Her2': 11, 'LumA': 46, 'LumB': 13}","{'Basal': 6, 'Her2': 3, 'LumA': 11, 'LumB': 4}",4,False,0.9166666666666666,0.8461538461538461,1.0,0.8571428571428571,1.0,0.75,1.0,1.0,1.0,0.9090909090909091,1.0,0.8333333333333334,18048
classification,RFECA_SVR(k=5),EnsembleSoft,0.0,6,2,0.9222222222222223,0.9166666666666666,93,24,"{'Basal': 23, 'Her2': 11, 'LumA': 46, 'LumB': 13}","{'Basal': 6, 'Her2': 3, 'LumA': 11, 'LumB': 4}",4,False,1.0,1.0,1.0,0.8888888888888888,0.8,1.0,0.8,1.0,0.6666666666666666,1.0,1.0,1.0,18048
classification,RFECA_SVR(k=5),EnsembleSoft,0.0,6,3,0.8791666666666667,0.8333333333333333,94,23,"{'Basal': 23, 'Her2': 11, 'LumA': 46, 'LumB': 14}","{'Basal': 6, 'Her2': 3, 'LumA': 11, 'LumB': 3}",4,False,0.9166666666666666,0.8461538461538461,1.0,0.8,1.0,0.6666666666666666,0.8,1.0,0.6666666666666666,1.0,1.0,1.0,18048
classification,RFECA_SVR(k=5),EnsembleSoft,0.0,6,4,0.953416149068323,0.9791666666666666,94,23,"{'Basal': 23, 'Her2': 12, 'LumA': 45, 'LumB': 14}","{'Basal': 6, 'Her2': 2, 'LumA': 12, 'LumB': 3}",4,False,0.9565217391304348,1.0,0.9166666666666666,0.8571428571428571,0.75,1.0,1.0,1.0,1.0,1.0,1.0,1.0,18048
classification,RFECA_SVR(k=5),EnsembleSoft,0.0,6,5,0.8557692307692308,0.8333333333333334,94,23,"{'Basal': 24, 'Her2': 11, 'LumA': 45, 'LumB': 14}","{'Basal': 5, 'Her2': 3, 'LumA': 12, 'LumB': 3}",4,False,0.9230769230769231,0.8571428571428571,1.0,0.5,1.0,0.3333333333333333,1.0,1.0,1.0,1.0,1.0,1.0,18048
classification,RFECA_SVR(k=10),EnsembleSoft,0.0,6,1,0.9207251082251082,0.8958333333333334,93,24,"{'Basal': 23, 'Her2': 11, 'LumA': 46, 'LumB': 13}","{'Basal': 6, 'Her2': 3, 'LumA': 11, 'LumB': 4}",4,False,0.9166666666666666,0.8461538461538461,1.0,0.8571428571428571,1.0,0.75,1.0,1.0,1.0,0.9090909090909091,1.0,0.8333333333333334,18048
classification,RFECA_SVR(k=10),EnsembleSoft,0.0,6,2,0.9222222222222223,0.9166666666666666,93,24,"{'Basal': 23, 'Her2': 11, 'LumA': 46, 'LumB': 13}","{'Basal': 6, 'Her2': 3, 'LumA': 11, 'LumB': 4}",4,False,1.0,1.0,1.0,0.8888888888888888,0.8,1.0,0.8,1.0,0.6666666666666666,1.0,1.0,1.0,18048
classification,RFECA_SVR(k=10),EnsembleSoft,0.0,6,3,0.8791666666666667,0.8333333333333333,94,23,"{'Basal': 23, 'Her2': 11, 'LumA': 46, 'LumB': 14}","{'Basal': 6, 'Her2': 3, 'LumA': 11, 'LumB': 3}",4,False,0.9166666666666666,0.8461538461538461,1.0,0.8,1.0,0.6666666666666666,0.8,1.0,0.6666666666666666,1.0,1.0,1.0,18048
classification,RFECA_SVR(k=10),EnsembleSoft,0.0,6,4,0.953416149068323,0.9791666666666666,94,23,"{'Basal': 23, 'Her2': 12, 'LumA': 45, 'LumB': 14}","{'Basal': 6, 'Her2': 2, 'LumA': 12, 'LumB': 3}",4,False,0.9565217391304348,1.0,0.9166666666666666,0.8571428571428571,0.75,1.0,1.0,1.0,1.0,1.0,1.0,1.0,18048
classification,RFECA_SVR(k=10),EnsembleSoft,0.0,6,5,0.8557692307692308,0.8333333333333334,94,23,"{'Basal': 24, 'Her2': 11, 'LumA': 45, 'LumB': 14}","{'Basal': 5, 'Her2': 3, 'LumA': 12, 'LumB': 3}",4,False,0.9230769230769231,0.8571428571428571,1.0,0.5,1.0,0.3333333333333333,1.0,1.0,1.0,1.0,1.0,1.0,18048
classification,RFECA_SVR(k=20),EnsembleSoft,0.0,6,1,0.9207251082251082,0.8958333333333334,93,24,"{'Basal': 23, 'Her2': 11, 'LumA': 46, 'LumB': 13}","{'Basal': 6, 'Her2': 3, 'LumA': 11, 'LumB': 4}",4,False,0.9166666666666666,0.8461538461538461,1.0,0.8571428571428571,1.0,0.75,1.0,1.0,1.0,0.9090909090909091,1.0,0.8333333333333334,18048
classification,RFECA_SVR(k=20),EnsembleSoft,0.0,6,2,0.9222222222222223,0.9166666666666666,93,24,"{'Basal': 23, 'Her2': 11, 'LumA': 46, 'LumB': 13}","{'Basal': 6, 'Her2': 3, 'LumA': 11, 'LumB': 4}",4,False,1.0,1.0,1.0,0.8888888888888888,0.8,1.0,0.8,1.0,0.6666666666666666,1.0,1.0,1.0,18048
classification,RFECA_SVR(k=20),EnsembleSoft,0.0,6,3,0.8791666666666667,0.8333333333333333,94,23,"{'Basal': 23, 'Her2': 11, 'LumA': 46, 'LumB': 14}","{'Basal': 6, 'Her2': 3, 'LumA': 11, 'LumB': 3}",4,False,0.9166666666666666,0.8461538461538461,1.0,0.8,1.0,0.6666666666666666,0.8,1.0,0.6666666666666666,1.0,1.0,1.0,18048
classification,RFECA_SVR(k=20),EnsembleSoft,0.0,6,4,0.953416149068323,0.9791666666666666,94,23,"{'Basal': 23, 'Her2': 12, 'LumA': 45, 'LumB': 14}","{'Basal': 6, 'Her2': 2, 'LumA': 12, 'LumB': 3}",4,False,0.9565217391304348,1.0,0.9166666666666666,0.8571428571428571,0.75,1.0,1.0,1.0,1.0,1.0,1.0,1.0,18048
classification,RFECA_SVR(k=20),EnsembleSoft,0.0,6,5,0.8557692307692308,0.8333333333333334,94,23,"{'Basal': 24, 'Her2': 11, 'LumA': 45, 'LumB': 14}","{'Basal': 5, 'Her2': 3, 'LumA': 12, 'LumB': 3}",4,False,0.9230769230769231,0.8571428571428571,1.0,0.5,1.0,0.3333333333333333,1.0,1.0,1.0,1.0,1.0,1.0,18048
classification,MissForest,EnsembleSoft,0.0,6,1,0.9207251082251082,0.8958333333333334,93,24,"{'Basal': 23, 'Her2': 11, 'LumA': 46, 'LumB': 13}","{'Basal': 6, 'Her2': 3, 'LumA': 11, 'LumB': 4}",4,False,0.9166666666666666,0.8461538461538461,1.0,0.8571428571428571,1.0,0.75,1.0,1.0,1.0,0.9090909090909091,1.0,0.8333333333333334,18048
classification,MissForest,EnsembleSoft,0.0,6,2,0.9222222222222223,0.9166666666666666,93,24,"{'Basal': 23, 'Her2': 11, 'LumA': 46, 'LumB': 13}","{'Basal': 6, 'Her2': 3, 'LumA': 11, 'LumB': 4}",4,False,1.0,1.0,1.0,0.8888888888888888,0.8,1.0,0.8,1.0,0.6666666666666666,1.0,1.0,1.0,18048
classification,MissForest,EnsembleSoft,0.0,6,3,0.8791666666666667,0.8333333333333333,94,23,"{'Basal': 23, 'Her2': 11, 'LumA': 46, 'LumB': 14}","{'Basal': 6, 'Her2': 3, 'LumA': 11, 'LumB': 3}",4,False,0.9166666666666666,0.8461538461538461,1.0,0.8,1.0,0.6666666666666666,0.8,1.0,0.6666666666666666,1.0,1.0,1.0,18048
classification,MissForest,EnsembleSoft,0.0,6,4,0.953416149068323,0.9791666666666666,94,23,"{'Basal': 23, 'Her2': 12, 'LumA': 45, 'LumB': 14}","{'Basal': 6, 'Her2': 2, 'LumA': 12, 'LumB': 3}",4,False,0.9565217391304348,1.0,0.9166666666666666,0.8571428571428571,0.75,1.0,1.0,1.0,1.0,1.0,1.0,1.0,18048
classification,MissForest,EnsembleSoft,0.0,6,5,0.8557692307692308,0.8333333333333334,94,23,"{'Basal': 24, 'Her2': 11, 'LumA': 45, 'LumB': 14}","{'Basal': 5, 'Her2': 3, 'LumA': 12, 'LumB': 3}",4,False,0.9230769230769231,0.8571428571428571,1.0,0.5,1.0,0.3333333333333333,1.0,1.0,1.0,1.0,1.0,1.0,18048
classification,SimpleMean,EnsembleSoft,0.0,7,1,0.9207251082251082,0.8958333333333334,93,24,"{'Basal': 23, 'Her2': 11, 'LumA': 46, 'LumB': 13}","{'Basal': 6, 'Her2': 3, 'LumA': 11, 'LumB': 4}",4,False,0.9166666666666666,0.8461538461538461,1.0,0.8571428571428571,1.0,0.75,1.0,1.0,1.0,0.9090909090909091,1.0,0.8333333333333334,18049
classification,SimpleMean,EnsembleSoft,0.0,7,2,0.9222222222222223,0.9166666666666666,93,24,"{'Basal': 23, 'Her2': 11, 'LumA': 46, 'LumB': 13}","{'Basal': 6, 'Her2': 3, 'LumA': 11, 'LumB': 4}",4,False,1.0,1.0,1.0,0.8888888888888888,0.8,1.0,0.8,1.0,0.6666666666666666,1.0,1.0,1.0,18049
classification,SimpleMean,EnsembleSoft,0.0,7,3,0.8791666666666667,0.8333333333333333,94,23,"{'Basal': 23, 'Her2': 11, 'LumA': 46, 'LumB': 14}","{'Basal': 6, 'Her2': 3, 'LumA': 11, 'LumB': 3}",4,False,0.9166666666666666,0.8461538461538461,1.0,0.8,1.0,0.6666666666666666,0.8,1.0,0.6666666666666666,1.0,1.0,1.0,18049
classification,SimpleMean,EnsembleSoft,0.0,7,4,0.953416149068323,0.9791666666666666,94,23,"{'Basal': 23, 'Her2': 12, 'LumA': 45, 'LumB': 14}","{'Basal': 6, 'Her2': 2, 'LumA': 12, 'LumB': 3}",4,False,0.9565217391304348,1.0,0.9166666666666666,0.8571428571428571,0.75,1.0,1.0,1.0,1.0,1.0,1.0,1.0,18049
classification,SimpleMean,EnsembleSoft,0.0,7,5,0.8557692307692308,0.8333333333333334,94,23,"{'Basal': 24, 'Her2': 11, 'LumA': 45, 'LumB': 14}","{'Basal': 5, 'Her2': 3, 'LumA': 12, 'LumB': 3}",4,False,0.9230769230769231,0.8571428571428571,1.0,0.5,1.0,0.3333333333333333,1.0,1.0,1.0,1.0,1.0,1.0,18049
classification,"KNN(k=5,dist)",EnsembleSoft,0.0,7,1,0.9207251082251082,0.8958333333333334,93,24,"{'Basal': 23, 'Her2': 11, 'LumA': 46, 'LumB': 13}","{'Basal': 6, 'Her2': 3, 'LumA': 11, 'LumB': 4}",4,False,0.9166666666666666,0.8461538461538461,1.0,0.8571428571428571,1.0,0.75,1.0,1.0,1.0,0.9090909090909091,1.0,0.8333333333333334,18049
classification,"KNN(k=5,dist)",EnsembleSoft,0.0,7,2,0.9222222222222223,0.9166666666666666,93,24,"{'Basal': 23, 'Her2': 11, 'LumA': 46, 'LumB': 13}","{'Basal': 6, 'Her2': 3, 'LumA': 11, 'LumB': 4}",4,False,1.0,1.0,1.0,0.8888888888888888,0.8,1.0,0.8,1.0,0.6666666666666666,1.0,1.0,1.0,18049
classification,"KNN(k=5,dist)",EnsembleSoft,0.0,7,3,0.8791666666666667,0.8333333333333333,94,23,"{'Basal': 23, 'Her2': 11, 'LumA': 46, 'LumB': 14}","{'Basal': 6, 'Her2': 3, 'LumA': 11, 'LumB': 3}",4,False,0.9166666666666666,0.8461538461538461,1.0,0.8,1.0,0.6666666666666666,0.8,1.0,0.6666666666666666,1.0,1.0,1.0,18049
classification,"KNN(k=5,dist)",EnsembleSoft,0.0,7,4,0.953416149068323,0.9791666666666666,94,23,"{'Basal': 23, 'Her2': 12, 'LumA': 45, 'LumB': 14}","{'Basal': 6, 'Her2': 2, 'LumA': 12, 'LumB': 3}",4,False,0.9565217391304348,1.0,0.9166666666666666,0.8571428571428571,0.75,1.0,1.0,1.0,1.0,1.0,1.0,1.0,18049
classification,"KNN(k=5,dist)",EnsembleSoft,0.0,7,5,0.8557692307692308,0.8333333333333334,94,23,"{'Basal': 24, 'Her2': 11, 'LumA': 45, 'LumB': 14}","{'Basal': 5, 'Her2': 3, 'LumA': 12, 'LumB': 3}",4,False,0.9230769230769231,0.8571428571428571,1.0,0.5,1.0,0.3333333333333333,1.0,1.0,1.0,1.0,1.0,1.0,18049
classification,RFECA_SVR(k=5),EnsembleSoft,0.0,7,1,0.9207251082251082,0.8958333333333334,93,24,"{'Basal': 23, 'Her2': 11, 'LumA': 46, 'LumB': 13}","{'Basal': 6, 'Her2': 3, 'LumA': 11, 'LumB': 4}",4,False,0.9166666666666666,0.8461538461538461,1.0,0.8571428571428571,1.0,0.75,1.0,1.0,1.0,0.9090909090909091,1.0,0.8333333333333334,18049
classification,RFECA_SVR(k=5),EnsembleSoft,0.0,7,2,0.9222222222222223,0.9166666666666666,93,24,"{'Basal': 23, 'Her2': 11, 'LumA': 46, 'LumB': 13}","{'Basal': 6, 'Her2': 3, 'LumA': 11, 'LumB': 4}",4,False,1.0,1.0,1.0,0.8888888888888888,0.8,1.0,0.8,1.0,0.6666666666666666,1.0,1.0,1.0,18049
classification,RFECA_SVR(k=5),EnsembleSoft,0.0,7,3,0.8791666666666667,0.8333333333333333,94,23,"{'Basal': 23, 'Her2': 11, 'LumA': 46, 'LumB': 14}","{'Basal': 6, 'Her2': 3, 'LumA': 11, 'LumB': 3}",4,False,0.9166666666666666,0.8461538461538461,1.0,0.8,1.0,0.6666666666666666,0.8,1.0,0.6666666666666666,1.0,1.0,1.0,18049
classification,RFECA_SVR(k=5),EnsembleSoft,0.0,7,4,0.953416149068323,0.9791666666666666,94,23,"{'Basal': 23, 'Her2': 12, 'LumA': 45, 'LumB': 14}","{'Basal': 6, 'Her2': 2, 'LumA': 12, 'LumB': 3}",4,False,0.9565217391304348,1.0,0.9166666666666666,0.8571428571428571,0.75,1.0,1.0,1.0,1.0,1.0,1.0,1.0,18049
classification,RFECA_SVR(k=5),EnsembleSoft,0.0,7,5,0.8557692307692308,0.8333333333333334,94,23,"{'Basal': 24, 'Her2': 11, 'LumA': 45, 'LumB': 14}","{'Basal': 5, 'Her2': 3, 'LumA': 12, 'LumB': 3}",4,False,0.9230769230769231,0.8571428571428571,1.0,0.5,1.0,0.3333333333333333,1.0,1.0,1.0,1.0,1.0,1.0,18049
classification,RFECA_SVR(k=10),EnsembleSoft,0.0,7,1,0.9207251082251082,0.8958333333333334,93,24,"{'Basal': 23, 'Her2': 11, 'LumA': 46, 'LumB': 13}","{'Basal': 6, 'Her2': 3, 'LumA': 11, 'LumB': 4}",4,False,0.9166666666666666,0.8461538461538461,1.0,0.8571428571428571,1.0,0.75,1.0,1.0,1.0,0.9090909090909091,1.0,0.8333333333333334,18049
classification,RFECA_SVR(k=10),EnsembleSoft,0.0,7,2,0.9222222222222223,0.9166666666666666,93,24,"{'Basal': 23, 'Her2': 11, 'LumA': 46, 'LumB': 13}","{'Basal': 6, 'Her2': 3, 'LumA': 11, 'LumB': 4}",4,False,1.0,1.0,1.0,0.8888888888888888,0.8,1.0,0.8,1.0,0.6666666666666666,1.0,1.0,1.0,18049
classification,RFECA_SVR(k=10),EnsembleSoft,0.0,7,3,0.8791666666666667,0.8333333333333333,94,23,"{'Basal': 23, 'Her2': 11, 'LumA': 46, 'LumB': 14}","{'Basal': 6, 'Her2': 3, 'LumA': 11, 'LumB': 3}",4,False,0.9166666666666666,0.8461538461538461,1.0,0.8,1.0,0.6666666666666666,0.8,1.0,0.6666666666666666,1.0,1.0,1.0,18049
classification,RFECA_SVR(k=10),EnsembleSoft,0.0,7,4,0.953416149068323,0.9791666666666666,94,23,"{'Basal': 23, 'Her2': 12, 'LumA': 45, 'LumB': 14}","{'Basal': 6, 'Her2': 2, 'LumA': 12, 'LumB': 3}",4,False,0.9565217391304348,1.0,0.9166666666666666,0.8571428571428571,0.75,1.0,1.0,1.0,1.0,1.0,1.0,1.0,18049
classification,RFECA_SVR(k=10),EnsembleSoft,0.0,7,5,0.8557692307692308,0.8333333333333334,94,23,"{'Basal': 24, 'Her2': 11, 'LumA': 45, 'LumB': 14}","{'Basal': 5, 'Her2': 3, 'LumA': 12, 'LumB': 3}",4,False,0.9230769230769231,0.8571428571428571,1.0,0.5,1.0,0.3333333333333333,1.0,1.0,1.0,1.0,1.0,1.0,18049
classification,RFECA_SVR(k=20),EnsembleSoft,0.0,7,1,0.9207251082251082,0.8958333333333334,93,24,"{'Basal': 23, 'Her2': 11, 'LumA': 46, 'LumB': 13}","{'Basal': 6, 'Her2': 3, 'LumA': 11, 'LumB': 4}",4,False,0.9166666666666666,0.8461538461538461,1.0,0.8571428571428571,1.0,0.75,1.0,1.0,1.0,0.9090909090909091,1.0,0.8333333333333334,18049
classification,RFECA_SVR(k=20),EnsembleSoft,0.0,7,2,0.9222222222222223,0.9166666666666666,93,24,"{'Basal': 23, 'Her2': 11, 'LumA': 46, 'LumB': 13}","{'Basal': 6, 'Her2': 3, 'LumA': 11, 'LumB': 4}",4,False,1.0,1.0,1.0,0.8888888888888888,0.8,1.0,0.8,1.0,0.6666666666666666,1.0,1.0,1.0,18049
classification,RFECA_SVR(k=20),EnsembleSoft,0.0,7,3,0.8791666666666667,0.8333333333333333,94,23,"{'Basal': 23, 'Her2': 11, 'LumA': 46, 'LumB': 14}","{'Basal': 6, 'Her2': 3, 'LumA': 11, 'LumB': 3}",4,False,0.9166666666666666,0.8461538461538461,1.0,0.8,1.0,0.6666666666666666,0.8,1.0,0.6666666666666666,1.0,1.0,1.0,18049
classification,RFECA_SVR(k=20),EnsembleSoft,0.0,7,4,0.953416149068323,0.9791666666666666,94,23,"{'Basal': 23, 'Her2': 12, 'LumA': 45, 'LumB': 14}","{'Basal': 6, 'Her2': 2, 'LumA': 12, 'LumB': 3}",4,False,0.9565217391304348,1.0,0.9166666666666666,0.8571428571428571,0.75,1.0,1.0,1.0,1.0,1.0,1.0,1.0,18049
classification,RFECA_SVR(k=20),EnsembleSoft,0.0,7,5,0.8557692307692308,0.8333333333333334,94,23,"{'Basal': 24, 'Her2': 11, 'LumA': 45, 'LumB': 14}","{'Basal': 5, 'Her2': 3, 'LumA': 12, 'LumB': 3}",4,False,0.9230769230769231,0.8571428571428571,1.0,0.5,1.0,0.3333333333333333,1.0,1.0,1.0,1.0,1.0,1.0,18049
classification,MissForest,EnsembleSoft,0.0,7,1,0.9207251082251082,0.8958333333333334,93,24,"{'Basal': 23, 'Her2': 11, 'LumA': 46, 'LumB': 13}","{'Basal': 6, 'Her2': 3, 'LumA': 11, 'LumB': 4}",4,False,0.9166666666666666,0.8461538461538461,1.0,0.8571428571428571,1.0,0.75,1.0,1.0,1.0,0.9090909090909091,1.0,0.8333333333333334,18049
classification,MissForest,EnsembleSoft,0.0,7,2,0.9222222222222223,0.9166666666666666,93,24,"{'Basal': 23, 'Her2': 11, 'LumA': 46, 'LumB': 13}","{'Basal': 6, 'Her2': 3, 'LumA': 11, 'LumB': 4}",4,False,1.0,1.0,1.0,0.8888888888888888,0.8,1.0,0.8,1.0,0.6666666666666666,1.0,1.0,1.0,18049
classification,MissForest,EnsembleSoft,0.0,7,3,0.8791666666666667,0.8333333333333333,94,23,"{'Basal': 23, 'Her2': 11, 'LumA': 46, 'LumB': 14}","{'Basal': 6, 'Her2': 3, 'LumA': 11, 'LumB': 3}",4,False,0.9166666666666666,0.8461538461538461,1.0,0.8,1.0,0.6666666666666666,0.8,1.0,0.6666666666666666,1.0,1.0,1.0,18049
classification,MissForest,EnsembleSoft,0.0,7,4,0.953416149068323,0.9791666666666666,94,23,"{'Basal': 23, 'Her2': 12, 'LumA': 45, 'LumB': 14}","{'Basal': 6, 'Her2': 2, 'LumA': 12, 'LumB': 3}",4,False,0.9565217391304348,1.0,0.9166666666666666,0.8571428571428571,0.75,1.0,1.0,1.0,1.0,1.0,1.0,1.0,18049
classification,MissForest,EnsembleSoft,0.0,7,5,0.8557692307692308,0.8333333333333334,94,23,"{'Basal': 24, 'Her2': 11, 'LumA': 45, 'LumB': 14}","{'Basal': 5, 'Her2': 3, 'LumA': 12, 'LumB': 3}",4,False,0.9230769230769231,0.8571428571428571,1.0,0.5,1.0,0.3333333333333333,1.0,1.0,1.0,1.0,1.0,1.0,18049
classification,SimpleMean,EnsembleSoft,0.0,8,1,0.9207251082251082,0.8958333333333334,93,24,"{'Basal': 23, 'Her2': 11, 'LumA': 46, 'LumB': 13}","{'Basal': 6, 'Her2': 3, 'LumA': 11, 'LumB': 4}",4,False,0.9166666666666666,0.8461538461538461,1.0,0.8571428571428571,1.0,0.75,1.0,1.0,1.0,0.9090909090909091,1.0,0.8333333333333334,18050
classification,SimpleMean,EnsembleSoft,0.0,8,2,0.9222222222222223,0.9166666666666666,93,24,"{'Basal': 23, 'Her2': 11, 'LumA': 46, 'LumB': 13}","{'Basal': 6, 'Her2': 3, 'LumA': 11, 'LumB': 4}",4,False,1.0,1.0,1.0,0.8888888888888888,0.8,1.0,0.8,1.0,0.6666666666666666,1.0,1.0,1.0,18050
classification,SimpleMean,EnsembleSoft,0.0,8,3,0.8791666666666667,0.8333333333333333,94,23,"{'Basal': 23, 'Her2': 11, 'LumA': 46, 'LumB': 14}","{'Basal': 6, 'Her2': 3, 'LumA': 11, 'LumB': 3}",4,False,0.9166666666666666,0.8461538461538461,1.0,0.8,1.0,0.6666666666666666,0.8,1.0,0.6666666666666666,1.0,1.0,1.0,18050
classification,SimpleMean,EnsembleSoft,0.0,8,4,0.953416149068323,0.9791666666666666,94,23,"{'Basal': 23, 'Her2': 12, 'LumA': 45, 'LumB': 14}","{'Basal': 6, 'Her2': 2, 'LumA': 12, 'LumB': 3}",4,False,0.9565217391304348,1.0,0.9166666666666666,0.8571428571428571,0.75,1.0,1.0,1.0,1.0,1.0,1.0,1.0,18050
classification,SimpleMean,EnsembleSoft,0.0,8,5,0.8557692307692308,0.8333333333333334,94,23,"{'Basal': 24, 'Her2': 11, 'LumA': 45, 'LumB': 14}","{'Basal': 5, 'Her2': 3, 'LumA': 12, 'LumB': 3}",4,False,0.9230769230769231,0.8571428571428571,1.0,0.5,1.0,0.3333333333333333,1.0,1.0,1.0,1.0,1.0,1.0,18050
classification,"KNN(k=5,dist)",EnsembleSoft,0.0,8,1,0.9207251082251082,0.8958333333333334,93,24,"{'Basal': 23, 'Her2': 11, 'LumA': 46, 'LumB': 13}","{'Basal': 6, 'Her2': 3, 'LumA': 11, 'LumB': 4}",4,False,0.9166666666666666,0.8461538461538461,1.0,0.8571428571428571,1.0,0.75,1.0,1.0,1.0,0.9090909090909091,1.0,0.8333333333333334,18050
classification,"KNN(k=5,dist)",EnsembleSoft,0.0,8,2,0.9222222222222223,0.9166666666666666,93,24,"{'Basal': 23, 'Her2': 11, 'LumA': 46, 'LumB': 13}","{'Basal': 6, 'Her2': 3, 'LumA': 11, 'LumB': 4}",4,False,1.0,1.0,1.0,0.8888888888888888,0.8,1.0,0.8,1.0,0.6666666666666666,1.0,1.0,1.0,18050
classification,"KNN(k=5,dist)",EnsembleSoft,0.0,8,3,0.8791666666666667,0.8333333333333333,94,23,"{'Basal': 23, 'Her2': 11, 'LumA': 46, 'LumB': 14}","{'Basal': 6, 'Her2': 3, 'LumA': 11, 'LumB': 3}",4,False,0.9166666666666666,0.8461538461538461,1.0,0.8,1.0,0.6666666666666666,0.8,1.0,0.6666666666666666,1.0,1.0,1.0,18050
classification,"KNN(k=5,dist)",EnsembleSoft,0.0,8,4,0.953416149068323,0.9791666666666666,94,23,"{'Basal': 23, 'Her2': 12, 'LumA': 45, 'LumB': 14}","{'Basal': 6, 'Her2': 2, 'LumA': 12, 'LumB': 3}",4,False,0.9565217391304348,1.0,0.9166666666666666,0.8571428571428571,0.75,1.0,1.0,1.0,1.0,1.0,1.0,1.0,18050
classification,"KNN(k=5,dist)",EnsembleSoft,0.0,8,5,0.8557692307692308,0.8333333333333334,94,23,"{'Basal': 24, 'Her2': 11, 'LumA': 45, 'LumB': 14}","{'Basal': 5, 'Her2': 3, 'LumA': 12, 'LumB': 3}",4,False,0.9230769230769231,0.8571428571428571,1.0,0.5,1.0,0.3333333333333333,1.0,1.0,1.0,1.0,1.0,1.0,18050
classification,RFECA_SVR(k=5),EnsembleSoft,0.0,8,1,0.9207251082251082,0.8958333333333334,93,24,"{'Basal': 23, 'Her2': 11, 'LumA': 46, 'LumB': 13}","{'Basal': 6, 'Her2': 3, 'LumA': 11, 'LumB': 4}",4,False,0.9166666666666666,0.8461538461538461,1.0,0.8571428571428571,1.0,0.75,1.0,1.0,1.0,0.9090909090909091,1.0,0.8333333333333334,18050
classification,RFECA_SVR(k=5),EnsembleSoft,0.0,8,2,0.9222222222222223,0.9166666666666666,93,24,"{'Basal': 23, 'Her2': 11, 'LumA': 46, 'LumB': 13}","{'Basal': 6, 'Her2': 3, 'LumA': 11, 'LumB': 4}",4,False,1.0,1.0,1.0,0.8888888888888888,0.8,1.0,0.8,1.0,0.6666666666666666,1.0,1.0,1.0,18050
classification,RFECA_SVR(k=5),EnsembleSoft,0.0,8,3,0.8791666666666667,0.8333333333333333,94,23,"{'Basal': 23, 'Her2': 11, 'LumA': 46, 'LumB': 14}","{'Basal': 6, 'Her2': 3, 'LumA': 11, 'LumB': 3}",4,False,0.9166666666666666,0.8461538461538461,1.0,0.8,1.0,0.6666666666666666,0.8,1.0,0.6666666666666666,1.0,1.0,1.0,18050
classification,RFECA_SVR(k=5),EnsembleSoft,0.0,8,4,0.953416149068323,0.9791666666666666,94,23,"{'Basal': 23, 'Her2': 12, 'LumA': 45, 'LumB': 14}","{'Basal': 6, 'Her2': 2, 'LumA': 12, 'LumB': 3}",4,False,0.9565217391304348,1.0,0.9166666666666666,0.8571428571428571,0.75,1.0,1.0,1.0,1.0,1.0,1.0,1.0,18050
classification,RFECA_SVR(k=5),EnsembleSoft,0.0,8,5,0.8557692307692308,0.8333333333333334,94,23,"{'Basal': 24, 'Her2': 11, 'LumA': 45, 'LumB': 14}","{'Basal': 5, 'Her2': 3, 'LumA': 12, 'LumB': 3}",4,False,0.9230769230769231,0.8571428571428571,1.0,0.5,1.0,0.3333333333333333,1.0,1.0,1.0,1.0,1.0,1.0,18050
classification,RFECA_SVR(k=10),EnsembleSoft,0.0,8,1,0.9207251082251082,0.8958333333333334,93,24,"{'Basal': 23, 'Her2': 11, 'LumA': 46, 'LumB': 13}","{'Basal': 6, 'Her2': 3, 'LumA': 11, 'LumB': 4}",4,False,0.9166666666666666,0.8461538461538461,1.0,0.8571428571428571,1.0,0.75,1.0,1.0,1.0,0.9090909090909091,1.0,0.8333333333333334,18050
classification,RFECA_SVR(k=10),EnsembleSoft,0.0,8,2,0.9222222222222223,0.9166666666666666,93,24,"{'Basal': 23, 'Her2': 11, 'LumA': 46, 'LumB': 13}","{'Basal': 6, 'Her2': 3, 'LumA': 11, 'LumB': 4}",4,False,1.0,1.0,1.0,0.8888888888888888,0.8,1.0,0.8,1.0,0.6666666666666666,1.0,1.0,1.0,18050
classification,RFECA_SVR(k=10),EnsembleSoft,0.0,8,3,0.8791666666666667,0.8333333333333333,94,23,"{'Basal': 23, 'Her2': 11, 'LumA': 46, 'LumB': 14}","{'Basal': 6, 'Her2': 3, 'LumA': 11, 'LumB': 3}",4,False,0.9166666666666666,0.8461538461538461,1.0,0.8,1.0,0.6666666666666666,0.8,1.0,0.6666666666666666,1.0,1.0,1.0,18050
classification,RFECA_SVR(k=10),EnsembleSoft,0.0,8,4,0.953416149068323,0.9791666666666666,94,23,"{'Basal': 23, 'Her2': 12, 'LumA': 45, 'LumB': 14}","{'Basal': 6, 'Her2': 2, 'LumA': 12, 'LumB': 3}",4,False,0.9565217391304348,1.0,0.9166666666666666,0.8571428571428571,0.75,1.0,1.0,1.0,1.0,1.0,1.0,1.0,18050
classification,RFECA_SVR(k=10),EnsembleSoft,0.0,8,5,0.8557692307692308,0.8333333333333334,94,23,"{'Basal': 24, 'Her2': 11, 'LumA': 45, 'LumB': 14}","{'Basal': 5, 'Her2': 3, 'LumA': 12, 'LumB': 3}",4,False,0.9230769230769231,0.8571428571428571,1.0,0.5,1.0,0.3333333333333333,1.0,1.0,1.0,1.0,1.0,1.0,18050
classification,RFECA_SVR(k=20),EnsembleSoft,0.0,8,1,0.9207251082251082,0.8958333333333334,93,24,"{'Basal': 23, 'Her2': 11, 'LumA': 46, 'LumB': 13}","{'Basal': 6, 'Her2': 3, 'LumA': 11, 'LumB': 4}",4,False,0.9166666666666666,0.8461538461538461,1.0,0.8571428571428571,1.0,0.75,1.0,1.0,1.0,0.9090909090909091,1.0,0.8333333333333334,18050
classification,RFECA_SVR(k=20),EnsembleSoft,0.0,8,2,0.9222222222222223,0.9166666666666666,93,24,"{'Basal': 23, 'Her2': 11, 'LumA': 46, 'LumB': 13}","{'Basal': 6, 'Her2': 3, 'LumA': 11, 'LumB': 4}",4,False,1.0,1.0,1.0,0.8888888888888888,0.8,1.0,0.8,1.0,0.6666666666666666,1.0,1.0,1.0,18050
classification,RFECA_SVR(k=20),EnsembleSoft,0.0,8,3,0.8791666666666667,0.8333333333333333,94,23,"{'Basal': 23, 'Her2': 11, 'LumA': 46, 'LumB': 14}","{'Basal': 6, 'Her2': 3, 'LumA': 11, 'LumB': 3}",4,False,0.9166666666666666,0.8461538461538461,1.0,0.8,1.0,0.6666666666666666,0.8,1.0,0.6666666666666666,1.0,1.0,1.0,18050
classification,RFECA_SVR(k=20),EnsembleSoft,0.0,8,4,0.953416149068323,0.9791666666666666,94,23,"{'Basal': 23, 'Her2': 12, 'LumA': 45, 'LumB': 14}","{'Basal': 6, 'Her2': 2, 'LumA': 12, 'LumB': 3}",4,False,0.9565217391304348,1.0,0.9166666666666666,0.8571428571428571,0.75,1.0,1.0,1.0,1.0,1.0,1.0,1.0,18050
classification,RFECA_SVR(k=20),EnsembleSoft,0.0,8,5,0.8557692307692308,0.8333333333333334,94,23,"{'Basal': 24, 'Her2': 11, 'LumA': 45, 'LumB': 14}","{'Basal': 5, 'Her2': 3, 'LumA': 12, 'LumB': 3}",4,False,0.9230769230769231,0.8571428571428571,1.0,0.5,1.0,0.3333333333333333,1.0,1.0,1.0,1.0,1.0,1.0,18050
classification,MissForest,EnsembleSoft,0.0,8,1,0.9207251082251082,0.8958333333333334,93,24,"{'Basal': 23, 'Her2': 11, 'LumA': 46, 'LumB': 13}","{'Basal': 6, 'Her2': 3, 'LumA': 11, 'LumB': 4}",4,False,0.9166666666666666,0.8461538461538461,1.0,0.8571428571428571,1.0,0.75,1.0,1.0,1.0,0.9090909090909091,1.0,0.8333333333333334,18050
classification,MissForest,EnsembleSoft,0.0,8,2,0.9222222222222223,0.9166666666666666,93,24,"{'Basal': 23, 'Her2': 11, 'LumA': 46, 'LumB': 13}","{'Basal': 6, 'Her2': 3, 'LumA': 11, 'LumB': 4}",4,False,1.0,1.0,1.0,0.8888888888888888,0.8,1.0,0.8,1.0,0.6666666666666666,1.0,1.0,1.0,18050
classification,MissForest,EnsembleSoft,0.0,8,3,0.8791666666666667,0.8333333333333333,94,23,"{'Basal': 23, 'Her2': 11, 'LumA': 46, 'LumB': 14}","{'Basal': 6, 'Her2': 3, 'LumA': 11, 'LumB': 3}",4,False,0.9166666666666666,0.8461538461538461,1.0,0.8,1.0,0.6666666666666666,0.8,1.0,0.6666666666666666,1.0,1.0,1.0,18050
classification,MissForest,EnsembleSoft,0.0,8,4,0.953416149068323,0.9791666666666666,94,23,"{'Basal': 23, 'Her2': 12, 'LumA': 45, 'LumB': 14}","{'Basal': 6, 'Her2': 2, 'LumA': 12, 'LumB': 3}",4,False,0.9565217391304348,1.0,0.9166666666666666,0.8571428571428571,0.75,1.0,1.0,1.0,1.0,1.0,1.0,1.0,18050
classification,MissForest,EnsembleSoft,0.0,8,5,0.8557692307692308,0.8333333333333334,94,23,"{'Basal': 24, 'Her2': 11, 'LumA': 45, 'LumB': 14}","{'Basal': 5, 'Her2': 3, 'LumA': 12, 'LumB': 3}",4,False,0.9230769230769231,0.8571428571428571,1.0,0.5,1.0,0.3333333333333333,1.0,1.0,1.0,1.0,1.0,1.0,18050
classification,SimpleMean,EnsembleSoft,0.0,9,1,0.9207251082251082,0.8958333333333334,93,24,"{'Basal': 23, 'Her2': 11, 'LumA': 46, 'LumB': 13}","{'Basal': 6, 'Her2': 3, 'LumA': 11, 'LumB': 4}",4,False,0.9166666666666666,0.8461538461538461,1.0,0.8571428571428571,1.0,0.75,1.0,1.0,1.0,0.9090909090909091,1.0,0.8333333333333334,18051
classification,SimpleMean,EnsembleSoft,0.0,9,2,0.9222222222222223,0.9166666666666666,93,24,"{'Basal': 23, 'Her2': 11, 'LumA': 46, 'LumB': 13}","{'Basal': 6, 'Her2': 3, 'LumA': 11, 'LumB': 4}",4,False,1.0,1.0,1.0,0.8888888888888888,0.8,1.0,0.8,1.0,0.6666666666666666,1.0,1.0,1.0,18051
classification,SimpleMean,EnsembleSoft,0.0,9,3,0.8791666666666667,0.8333333333333333,94,23,"{'Basal': 23, 'Her2': 11, 'LumA': 46, 'LumB': 14}","{'Basal': 6, 'Her2': 3, 'LumA': 11, 'LumB': 3}",4,False,0.9166666666666666,0.8461538461538461,1.0,0.8,1.0,0.6666666666666666,0.8,1.0,0.6666666666666666,1.0,1.0,1.0,18051
classification,SimpleMean,EnsembleSoft,0.0,9,4,0.953416149068323,0.9791666666666666,94,23,"{'Basal': 23, 'Her2': 12, 'LumA': 45, 'LumB': 14}","{'Basal': 6, 'Her2': 2, 'LumA': 12, 'LumB': 3}",4,False,0.9565217391304348,1.0,0.9166666666666666,0.8571428571428571,0.75,1.0,1.0,1.0,1.0,1.0,1.0,1.0,18051
classification,SimpleMean,EnsembleSoft,0.0,9,5,0.8557692307692308,0.8333333333333334,94,23,"{'Basal': 24, 'Her2': 11, 'LumA': 45, 'LumB': 14}","{'Basal': 5, 'Her2': 3, 'LumA': 12, 'LumB': 3}",4,False,0.9230769230769231,0.8571428571428571,1.0,0.5,1.0,0.3333333333333333,1.0,1.0,1.0,1.0,1.0,1.0,18051
classification,"KNN(k=5,dist)",EnsembleSoft,0.0,9,1,0.9207251082251082,0.8958333333333334,93,24,"{'Basal': 23, 'Her2': 11, 'LumA': 46, 'LumB': 13}","{'Basal': 6, 'Her2': 3, 'LumA': 11, 'LumB': 4}",4,False,0.9166666666666666,0.8461538461538461,1.0,0.8571428571428571,1.0,0.75,1.0,1.0,1.0,0.9090909090909091,1.0,0.8333333333333334,18051
classification,"KNN(k=5,dist)",EnsembleSoft,0.0,9,2,0.9222222222222223,0.9166666666666666,93,24,"{'Basal': 23, 'Her2': 11, 'LumA': 46, 'LumB': 13}","{'Basal': 6, 'Her2': 3, 'LumA': 11, 'LumB': 4}",4,False,1.0,1.0,1.0,0.8888888888888888,0.8,1.0,0.8,1.0,0.6666666666666666,1.0,1.0,1.0,18051
classification,"KNN(k=5,dist)",EnsembleSoft,0.0,9,3,0.8791666666666667,0.8333333333333333,94,23,"{'Basal': 23, 'Her2': 11, 'LumA': 46, 'LumB': 14}","{'Basal': 6, 'Her2': 3, 'LumA': 11, 'LumB': 3}",4,False,0.9166666666666666,0.8461538461538461,1.0,0.8,1.0,0.6666666666666666,0.8,1.0,0.6666666666666666,1.0,1.0,1.0,18051
classification,"KNN(k=5,dist)",EnsembleSoft,0.0,9,4,0.953416149068323,0.9791666666666666,94,23,"{'Basal': 23, 'Her2': 12, 'LumA': 45, 'LumB': 14}","{'Basal': 6, 'Her2': 2, 'LumA': 12, 'LumB': 3}",4,False,0.9565217391304348,1.0,0.9166666666666666,0.8571428571428571,0.75,1.0,1.0,1.0,1.0,1.0,1.0,1.0,18051
classification,"KNN(k=5,dist)",EnsembleSoft,0.0,9,5,0.8557692307692308,0.8333333333333334,94,23,"{'Basal': 24, 'Her2': 11, 'LumA': 45, 'LumB': 14}","{'Basal': 5, 'Her2': 3, 'LumA': 12, 'LumB': 3}",4,False,0.9230769230769231,0.8571428571428571,1.0,0.5,1.0,0.3333333333333333,1.0,1.0,1.0,1.0,1.0,1.0,18051
classification,RFECA_SVR(k=5),EnsembleSoft,0.0,9,1,0.9207251082251082,0.8958333333333334,93,24,"{'Basal': 23, 'Her2': 11, 'LumA': 46, 'LumB': 13}","{'Basal': 6, 'Her2': 3, 'LumA': 11, 'LumB': 4}",4,False,0.9166666666666666,0.8461538461538461,1.0,0.8571428571428571,1.0,0.75,1.0,1.0,1.0,0.9090909090909091,1.0,0.8333333333333334,18051
classification,RFECA_SVR(k=5),EnsembleSoft,0.0,9,2,0.9222222222222223,0.9166666666666666,93,24,"{'Basal': 23, 'Her2': 11, 'LumA': 46, 'LumB': 13}","{'Basal': 6, 'Her2': 3, 'LumA': 11, 'LumB': 4}",4,False,1.0,1.0,1.0,0.8888888888888888,0.8,1.0,0.8,1.0,0.6666666666666666,1.0,1.0,1.0,18051
classification,RFECA_SVR(k=5),EnsembleSoft,0.0,9,3,0.8791666666666667,0.8333333333333333,94,23,"{'Basal': 23, 'Her2': 11, 'LumA': 46, 'LumB': 14}","{'Basal': 6, 'Her2': 3, 'LumA': 11, 'LumB': 3}",4,False,0.9166666666666666,0.8461538461538461,1.0,0.8,1.0,0.6666666666666666,0.8,1.0,0.6666666666666666,1.0,1.0,1.0,18051
classification,RFECA_SVR(k=5),EnsembleSoft,0.0,9,4,0.953416149068323,0.9791666666666666,94,23,"{'Basal': 23, 'Her2': 12, 'LumA': 45, 'LumB': 14}","{'Basal': 6, 'Her2': 2, 'LumA': 12, 'LumB': 3}",4,False,0.9565217391304348,1.0,0.9166666666666666,0.8571428571428571,0.75,1.0,1.0,1.0,1.0,1.0,1.0,1.0,18051
classification,RFECA_SVR(k=5),EnsembleSoft,0.0,9,5,0.8557692307692308,0.8333333333333334,94,23,"{'Basal': 24, 'Her2': 11, 'LumA': 45, 'LumB': 14}","{'Basal': 5, 'Her2': 3, 'LumA': 12, 'LumB': 3}",4,False,0.9230769230769231,0.8571428571428571,1.0,0.5,1.0,0.3333333333333333,1.0,1.0,1.0,1.0,1.0,1.0,18051
classification,RFECA_SVR(k=10),EnsembleSoft,0.0,9,1,0.9207251082251082,0.8958333333333334,93,24,"{'Basal': 23, 'Her2': 11, 'LumA': 46, 'LumB': 13}","{'Basal': 6, 'Her2': 3, 'LumA': 11, 'LumB': 4}",4,False,0.9166666666666666,0.8461538461538461,1.0,0.8571428571428571,1.0,0.75,1.0,1.0,1.0,0.9090909090909091,1.0,0.8333333333333334,18051
classification,RFECA_SVR(k=10),EnsembleSoft,0.0,9,2,0.9222222222222223,0.9166666666666666,93,24,"{'Basal': 23, 'Her2': 11, 'LumA': 46, 'LumB': 13}","{'Basal': 6, 'Her2': 3, 'LumA': 11, 'LumB': 4}",4,False,1.0,1.0,1.0,0.8888888888888888,0.8,1.0,0.8,1.0,0.6666666666666666,1.0,1.0,1.0,18051
classification,RFECA_SVR(k=10),EnsembleSoft,0.0,9,3,0.8791666666666667,0.8333333333333333,94,23,"{'Basal': 23, 'Her2': 11, 'LumA': 46, 'LumB': 14}","{'Basal': 6, 'Her2': 3, 'LumA': 11, 'LumB': 3}",4,False,0.9166666666666666,0.8461538461538461,1.0,0.8,1.0,0.6666666666666666,0.8,1.0,0.6666666666666666,1.0,1.0,1.0,18051
classification,RFECA_SVR(k=10),EnsembleSoft,0.0,9,4,0.953416149068323,0.9791666666666666,94,23,"{'Basal': 23, 'Her2': 12, 'LumA': 45, 'LumB': 14}","{'Basal': 6, 'Her2': 2, 'LumA': 12, 'LumB': 3}",4,False,0.9565217391304348,1.0,0.9166666666666666,0.8571428571428571,0.75,1.0,1.0,1.0,1.0,1.0,1.0,1.0,18051
classification,RFECA_SVR(k=10),EnsembleSoft,0.0,9,5,0.8557692307692308,0.8333333333333334,94,23,"{'Basal': 24, 'Her2': 11, 'LumA': 45, 'LumB': 14}","{'Basal': 5, 'Her2': 3, 'LumA': 12, 'LumB': 3}",4,False,0.9230769230769231,0.8571428571428571,1.0,0.5,1.0,0.3333333333333333,1.0,1.0,1.0,1.0,1.0,1.0,18051
classification,RFECA_SVR(k=20),EnsembleSoft,0.0,9,1,0.9207251082251082,0.8958333333333334,93,24,"{'Basal': 23, 'Her2': 11, 'LumA': 46, 'LumB': 13}","{'Basal': 6, 'Her2': 3, 'LumA': 11, 'LumB': 4}",4,False,0.9166666666666666,0.8461538461538461,1.0,0.8571428571428571,1.0,0.75,1.0,1.0,1.0,0.9090909090909091,1.0,0.8333333333333334,18051
classification,RFECA_SVR(k=20),EnsembleSoft,0.0,9,2,0.9222222222222223,0.9166666666666666,93,24,"{'Basal': 23, 'Her2': 11, 'LumA': 46, 'LumB': 13}","{'Basal': 6, 'Her2': 3, 'LumA': 11, 'LumB': 4}",4,False,1.0,1.0,1.0,0.8888888888888888,0.8,1.0,0.8,1.0,0.6666666666666666,1.0,1.0,1.0,18051
classification,RFECA_SVR(k=20),EnsembleSoft,0.0,9,3,0.8791666666666667,0.8333333333333333,94,23,"{'Basal': 23, 'Her2': 11, 'LumA': 46, 'LumB': 14}","{'Basal': 6, 'Her2': 3, 'LumA': 11, 'LumB': 3}",4,False,0.9166666666666666,0.8461538461538461,1.0,0.8,1.0,0.6666666666666666,0.8,1.0,0.6666666666666666,1.0,1.0,1.0,18051
classification,RFECA_SVR(k=20),EnsembleSoft,0.0,9,4,0.953416149068323,0.9791666666666666,94,23,"{'Basal': 23, 'Her2': 12, 'LumA': 45, 'LumB': 14}","{'Basal': 6, 'Her2': 2, 'LumA': 12, 'LumB': 3}",4,False,0.9565217391304348,1.0,0.9166666666666666,0.8571428571428571,0.75,1.0,1.0,1.0,1.0,1.0,1.0,1.0,18051
classification,RFECA_SVR(k=20),EnsembleSoft,0.0,9,5,0.8557692307692308,0.8333333333333334,94,23,"{'Basal': 24, 'Her2': 11, 'LumA': 45, 'LumB': 14}","{'Basal': 5, 'Her2': 3, 'LumA': 12, 'LumB': 3}",4,False,0.9230769230769231,0.8571428571428571,1.0,0.5,1.0,0.3333333333333333,1.0,1.0,1.0,1.0,1.0,1.0,18051
classification,MissForest,EnsembleSoft,0.0,9,1,0.9207251082251082,0.8958333333333334,93,24,"{'Basal': 23, 'Her2': 11, 'LumA': 46, 'LumB': 13}","{'Basal': 6, 'Her2': 3, 'LumA': 11, 'LumB': 4}",4,False,0.9166666666666666,0.8461538461538461,1.0,0.8571428571428571,1.0,0.75,1.0,1.0,1.0,0.9090909090909091,1.0,0.8333333333333334,18051
classification,MissForest,EnsembleSoft,0.0,9,2,0.9222222222222223,0.9166666666666666,93,24,"{'Basal': 23, 'Her2': 11, 'LumA': 46, 'LumB': 13}","{'Basal': 6, 'Her2': 3, 'LumA': 11, 'LumB': 4}",4,False,1.0,1.0,1.0,0.8888888888888888,0.8,1.0,0.8,1.0,0.6666666666666666,1.0,1.0,1.0,18051
classification,MissForest,EnsembleSoft,0.0,9,3,0.8791666666666667,0.8333333333333333,94,23,"{'Basal': 23, 'Her2': 11, 'LumA': 46, 'LumB': 14}","{'Basal': 6, 'Her2': 3, 'LumA': 11, 'LumB': 3}",4,False,0.9166666666666666,0.8461538461538461,1.0,0.8,1.0,0.6666666666666666,0.8,1.0,0.6666666666666666,1.0,1.0,1.0,18051
classification,MissForest,EnsembleSoft,0.0,9,4,0.953416149068323,0.9791666666666666,94,23,"{'Basal': 23, 'Her2': 12, 'LumA': 45, 'LumB': 14}","{'Basal': 6, 'Her2': 2, 'LumA': 12, 'LumB': 3}",4,False,0.9565217391304348,1.0,0.9166666666666666,0.8571428571428571,0.75,1.0,1.0,1.0,1.0,1.0,1.0,1.0,18051
classification,MissForest,EnsembleSoft,0.0,9,5,0.8557692307692308,0.8333333333333334,94,23,"{'Basal': 24, 'Her2': 11, 'LumA': 45, 'LumB': 14}","{'Basal': 5, 'Her2': 3, 'LumA': 12, 'LumB': 3}",4,False,0.9230769230769231,0.8571428571428571,1.0,0.5,1.0,0.3333333333333333,1.0,1.0,1.0,1.0,1.0,1.0,18051
classification,SimpleMean,EnsembleSoft,0.05,0,1,0.953416149068323,0.9375,93,24,"{'Basal': 23, 'Her2': 11, 'LumA': 46, 'LumB': 13}","{'Basal': 6, 'Her2': 3, 'LumA': 11, 'LumB': 4}",4,False,0.9565217391304348,0.9166666666666666,1.0,0.8571428571428571,1.0,0.75,1.0,1.0,1.0,1.0,1.0,1.0,18047
classification,SimpleMean,EnsembleSoft,0.05,0,2,1.0,1.0,93,24,"{'Basal': 23, 'Her2': 11, 'LumA': 46, 'LumB': 13}","{'Basal': 6, 'Her2': 3, 'LumA': 11, 'LumB': 4}",4,False,1.0,1.0,1.0,1.0,1.0,1.0,1.0,1.0,1.0,1.0,1.0,1.0,18047
classification,SimpleMean,EnsembleSoft,0.05,0,3,1.0,1.0,94,23,"{'Basal': 23, 'Her2': 11, 'LumA': 46, 'LumB': 14}","{'Basal': 6, 'Her2': 3, 'LumA': 11, 'LumB': 3}",4,False,1.0,1.0,1.0,1.0,1.0,1.0,1.0,1.0,1.0,1.0,1.0,1.0,18047
classification,SimpleMean,EnsembleSoft,0.05,0,4,0.9066666666666666,0.875,94,23,"{'Basal': 23, 'Her2': 12, 'LumA': 45, 'LumB': 14}","{'Basal': 6, 'Her2': 2, 'LumA': 12, 'LumB': 3}",4,False,0.96,0.9230769230769231,1.0,1.0,1.0,1.0,0.6666666666666666,1.0,0.5,1.0,1.0,1.0,18047
classification,SimpleMean,EnsembleSoft,0.05,0,5,0.8557692307692308,0.8333333333333334,94,23,"{'Basal': 24, 'Her2': 11, 'LumA': 45, 'LumB': 14}","{'Basal': 5, 'Her2': 3, 'LumA': 12, 'LumB': 3}",4,False,0.9230769230769231,0.8571428571428571,1.0,0.5,1.0,0.3333333333333333,1.0,1.0,1.0,1.0,1.0,1.0,18047
classification,"KNN(k=5,dist)",EnsembleSoft,0.05,0,1,0.953416149068323,0.9375,93,24,"{'Basal': 23, 'Her2': 11, 'LumA': 46, 'LumB': 13}","{'Basal': 6, 'Her2': 3, 'LumA': 11, 'LumB': 4}",4,False,0.9565217391304348,0.9166666666666666,1.0,0.8571428571428571,1.0,0.75,1.0,1.0,1.0,1.0,1.0,1.0,18047
classification,"KNN(k=5,dist)",EnsembleSoft,0.05,0,2,0.9222222222222223,0.9166666666666666,93,24,"{'Basal': 23, 'Her2': 11, 'LumA': 46, 'LumB': 13}","{'Basal': 6, 'Her2': 3, 'LumA': 11, 'LumB': 4}",4,False,1.0,1.0,1.0,0.8888888888888888,0.8,1.0,0.8,1.0,0.6666666666666666,1.0,1.0,1.0,18047
classification,"KNN(k=5,dist)",EnsembleSoft,0.05,0,3,0.9391304347826087,0.9166666666666666,94,23,"{'Basal': 23, 'Her2': 11, 'LumA': 46, 'LumB': 14}","{'Basal': 6, 'Her2': 3, 'LumA': 11, 'LumB': 3}",4,False,0.9565217391304348,0.9166666666666666,1.0,1.0,1.0,1.0,0.8,1.0,0.6666666666666666,1.0,1.0,1.0,18047
classification,"KNN(k=5,dist)",EnsembleSoft,0.05,0,4,1.0,1.0,94,23,"{'Basal': 23, 'Her2': 12, 'LumA': 45, 'LumB': 14}","{'Basal': 6, 'Her2': 2, 'LumA': 12, 'LumB': 3}",4,False,1.0,1.0,1.0,1.0,1.0,1.0,1.0,1.0,1.0,1.0,1.0,1.0,18047
classification,"KNN(k=5,dist)",EnsembleSoft,0.05,0,5,0.8557692307692308,0.8333333333333334,94,23,"{'Basal': 24, 'Her2': 11, 'LumA': 45, 'LumB': 14}","{'Basal': 5, 'Her2': 3, 'LumA': 12, 'LumB': 3}",4,False,0.9230769230769231,0.8571428571428571,1.0,0.5,1.0,0.3333333333333333,1.0,1.0,1.0,1.0,1.0,1.0,18047
classification,RFECA_SVR(k=5),EnsembleSoft,0.05,0,1,0.953416149068323,0.9375,93,24,"{'Basal': 23, 'Her2': 11, 'LumA': 46, 'LumB': 13}","{'Basal': 6, 'Her2': 3, 'LumA': 11, 'LumB': 4}",4,False,0.9565217391304348,0.9166666666666666,1.0,0.8571428571428571,1.0,0.75,1.0,1.0,1.0,1.0,1.0,1.0,18047
classification,RFECA_SVR(k=5),EnsembleSoft,0.05,0,2,0.9222222222222223,0.9166666666666666,93,24,"{'Basal': 23, 'Her2': 11, 'LumA': 46, 'LumB': 13}","{'Basal': 6, 'Her2': 3, 'LumA': 11, 'LumB': 4}",4,False,1.0,1.0,1.0,0.8888888888888888,0.8,1.0,0.8,1.0,0.6666666666666666,1.0,1.0,1.0,18047
classification,RFECA_SVR(k=5),EnsembleSoft,0.05,0,3,0.9391304347826087,0.9166666666666666,94,23,"{'Basal': 23, 'Her2': 11, 'LumA': 46, 'LumB': 14}","{'Basal': 6, 'Her2': 3, 'LumA': 11, 'LumB': 3}",4,False,0.9565217391304348,0.9166666666666666,1.0,1.0,1.0,1.0,0.8,1.0,0.6666666666666666,1.0,1.0,1.0,18047
classification,RFECA_SVR(k=5),EnsembleSoft,0.05,0,4,0.953416149068323,0.9791666666666666,94,23,"{'Basal': 23, 'Her2': 12, 'LumA': 45, 'LumB': 14}","{'Basal': 6, 'Her2': 2, 'LumA': 12, 'LumB': 3}",4,False,0.9565217391304348,1.0,0.9166666666666666,0.8571428571428571,0.75,1.0,1.0,1.0,1.0,1.0,1.0,1.0,18047
classification,RFECA_SVR(k=5),EnsembleSoft,0.05,0,5,0.8557692307692308,0.8333333333333334,94,23,"{'Basal': 24, 'Her2': 11, 'LumA': 45, 'LumB': 14}","{'Basal': 5, 'Her2': 3, 'LumA': 12, 'LumB': 3}",4,False,0.9230769230769231,0.8571428571428571,1.0,0.5,1.0,0.3333333333333333,1.0,1.0,1.0,1.0,1.0,1.0,18047
classification,RFECA_SVR(k=10),EnsembleSoft,0.05,0,1,0.953416149068323,0.9375,93,24,"{'Basal': 23, 'Her2': 11, 'LumA': 46, 'LumB': 13}","{'Basal': 6, 'Her2': 3, 'LumA': 11, 'LumB': 4}",4,False,0.9565217391304348,0.9166666666666666,1.0,0.8571428571428571,1.0,0.75,1.0,1.0,1.0,1.0,1.0,1.0,18047
classification,RFECA_SVR(k=10),EnsembleSoft,0.05,0,2,0.9222222222222223,0.9166666666666666,93,24,"{'Basal': 23, 'Her2': 11, 'LumA': 46, 'LumB': 13}","{'Basal': 6, 'Her2': 3, 'LumA': 11, 'LumB': 4}",4,False,1.0,1.0,1.0,0.8888888888888888,0.8,1.0,0.8,1.0,0.6666666666666666,1.0,1.0,1.0,18047
classification,RFECA_SVR(k=10),EnsembleSoft,0.05,0,3,0.9391304347826087,0.9166666666666666,94,23,"{'Basal': 23, 'Her2': 11, 'LumA': 46, 'LumB': 14}","{'Basal': 6, 'Her2': 3, 'LumA': 11, 'LumB': 3}",4,False,0.9565217391304348,0.9166666666666666,1.0,1.0,1.0,1.0,0.8,1.0,0.6666666666666666,1.0,1.0,1.0,18047
classification,RFECA_SVR(k=10),EnsembleSoft,0.05,0,4,0.953416149068323,0.9791666666666666,94,23,"{'Basal': 23, 'Her2': 12, 'LumA': 45, 'LumB': 14}","{'Basal': 6, 'Her2': 2, 'LumA': 12, 'LumB': 3}",4,False,0.9565217391304348,1.0,0.9166666666666666,0.8571428571428571,0.75,1.0,1.0,1.0,1.0,1.0,1.0,1.0,18047
classification,RFECA_SVR(k=10),EnsembleSoft,0.05,0,5,0.8557692307692308,0.8333333333333334,94,23,"{'Basal': 24, 'Her2': 11, 'LumA': 45, 'LumB': 14}","{'Basal': 5, 'Her2': 3, 'LumA': 12, 'LumB': 3}",4,False,0.9230769230769231,0.8571428571428571,1.0,0.5,1.0,0.3333333333333333,1.0,1.0,1.0,1.0,1.0,1.0,18047
classification,RFECA_SVR(k=20),EnsembleSoft,0.05,0,1,0.953416149068323,0.9375,93,24,"{'Basal': 23, 'Her2': 11, 'LumA': 46, 'LumB': 13}","{'Basal': 6, 'Her2': 3, 'LumA': 11, 'LumB': 4}",4,False,0.9565217391304348,0.9166666666666666,1.0,0.8571428571428571,1.0,0.75,1.0,1.0,1.0,1.0,1.0,1.0,18047
classification,RFECA_SVR(k=20),EnsembleSoft,0.05,0,2,0.9222222222222223,0.9166666666666666,93,24,"{'Basal': 23, 'Her2': 11, 'LumA': 46, 'LumB': 13}","{'Basal': 6, 'Her2': 3, 'LumA': 11, 'LumB': 4}",4,False,1.0,1.0,1.0,0.8888888888888888,0.8,1.0,0.8,1.0,0.6666666666666666,1.0,1.0,1.0,18047
classification,RFECA_SVR(k=20),EnsembleSoft,0.05,0,3,0.9391304347826087,0.9166666666666666,94,23,"{'Basal': 23, 'Her2': 11, 'LumA': 46, 'LumB': 14}","{'Basal': 6, 'Her2': 3, 'LumA': 11, 'LumB': 3}",4,False,0.9565217391304348,0.9166666666666666,1.0,1.0,1.0,1.0,0.8,1.0,0.6666666666666666,1.0,1.0,1.0,18047
classification,RFECA_SVR(k=20),EnsembleSoft,0.05,0,4,0.9391304347826087,0.9791666666666666,94,23,"{'Basal': 23, 'Her2': 12, 'LumA': 45, 'LumB': 14}","{'Basal': 6, 'Her2': 2, 'LumA': 12, 'LumB': 3}",4,False,0.9565217391304348,1.0,0.9166666666666666,1.0,1.0,1.0,0.8,0.6666666666666666,1.0,1.0,1.0,1.0,18047
classification,RFECA_SVR(k=20),EnsembleSoft,0.05,0,5,0.8557692307692308,0.8333333333333334,94,23,"{'Basal': 24, 'Her2': 11, 'LumA': 45, 'LumB': 14}","{'Basal': 5, 'Her2': 3, 'LumA': 12, 'LumB': 3}",4,False,0.9230769230769231,0.8571428571428571,1.0,0.5,1.0,0.3333333333333333,1.0,1.0,1.0,1.0,1.0,1.0,18047
classification,MissForest,EnsembleSoft,0.05,0,1,0.953416149068323,0.9375,93,24,"{'Basal': 23, 'Her2': 11, 'LumA': 46, 'LumB': 13}","{'Basal': 6, 'Her2': 3, 'LumA': 11, 'LumB': 4}",4,False,0.9565217391304348,0.9166666666666666,1.0,0.8571428571428571,1.0,0.75,1.0,1.0,1.0,1.0,1.0,1.0,18047
classification,MissForest,EnsembleSoft,0.05,0,2,0.9222222222222223,0.9166666666666666,93,24,"{'Basal': 23, 'Her2': 11, 'LumA': 46, 'LumB': 13}","{'Basal': 6, 'Her2': 3, 'LumA': 11, 'LumB': 4}",4,False,1.0,1.0,1.0,0.8888888888888888,0.8,1.0,0.8,1.0,0.6666666666666666,1.0,1.0,1.0,18047
classification,MissForest,EnsembleSoft,0.05,0,3,0.9391304347826087,0.9166666666666666,94,23,"{'Basal': 23, 'Her2': 11, 'LumA': 46, 'LumB': 14}","{'Basal': 6, 'Her2': 3, 'LumA': 11, 'LumB': 3}",4,False,0.9565217391304348,0.9166666666666666,1.0,1.0,1.0,1.0,0.8,1.0,0.6666666666666666,1.0,1.0,1.0,18047
classification,MissForest,EnsembleSoft,0.05,0,4,1.0,1.0,94,23,"{'Basal': 23, 'Her2': 12, 'LumA': 45, 'LumB': 14}","{'Basal': 6, 'Her2': 2, 'LumA': 12, 'LumB': 3}",4,False,1.0,1.0,1.0,1.0,1.0,1.0,1.0,1.0,1.0,1.0,1.0,1.0,18047
classification,MissForest,EnsembleSoft,0.05,0,5,0.8557692307692308,0.8333333333333334,94,23,"{'Basal': 24, 'Her2': 11, 'LumA': 45, 'LumB': 14}","{'Basal': 5, 'Her2': 3, 'LumA': 12, 'LumB': 3}",4,False,0.9230769230769231,0.8571428571428571,1.0,0.5,1.0,0.3333333333333333,1.0,1.0,1.0,1.0,1.0,1.0,18047
classification,SimpleMean,EnsembleSoft,0.05,1,1,0.953416149068323,0.9375,93,24,"{'Basal': 23, 'Her2': 11, 'LumA': 46, 'LumB': 13}","{'Basal': 6, 'Her2': 3, 'LumA': 11, 'LumB': 4}",4,False,0.9565217391304348,0.9166666666666666,1.0,0.8571428571428571,1.0,0.75,1.0,1.0,1.0,1.0,1.0,1.0,18048
classification,SimpleMean,EnsembleSoft,0.05,1,2,0.9222222222222223,0.9166666666666666,93,24,"{'Basal': 23, 'Her2': 11, 'LumA': 46, 'LumB': 13}","{'Basal': 6, 'Her2': 3, 'LumA': 11, 'LumB': 4}",4,False,1.0,1.0,1.0,0.8888888888888888,0.8,1.0,0.8,1.0,0.6666666666666666,1.0,1.0,1.0,18048
classification,SimpleMean,EnsembleSoft,0.05,1,3,0.9391304347826087,0.9166666666666666,94,23,"{'Basal': 23, 'Her2': 11, 'LumA': 46, 'LumB': 14}","{'Basal': 6, 'Her2': 3, 'LumA': 11, 'LumB': 3}",4,False,0.9565217391304348,0.9166666666666666,1.0,1.0,1.0,1.0,0.8,1.0,0.6666666666666666,1.0,1.0,1.0,18048
classification,SimpleMean,EnsembleSoft,0.05,1,4,0.953416149068323,0.9791666666666666,94,23,"{'Basal': 23, 'Her2': 12, 'LumA': 45, 'LumB': 14}","{'Basal': 6, 'Her2': 2, 'LumA': 12, 'LumB': 3}",4,False,0.9565217391304348,1.0,0.9166666666666666,0.8571428571428571,0.75,1.0,1.0,1.0,1.0,1.0,1.0,1.0,18048
classification,SimpleMean,EnsembleSoft,0.05,1,5,0.8557692307692308,0.8333333333333334,94,23,"{'Basal': 24, 'Her2': 11, 'LumA': 45, 'LumB': 14}","{'Basal': 5, 'Her2': 3, 'LumA': 12, 'LumB': 3}",4,False,0.9230769230769231,0.8571428571428571,1.0,0.5,1.0,0.3333333333333333,1.0,1.0,1.0,1.0,1.0,1.0,18048
classification,"KNN(k=5,dist)",EnsembleSoft,0.05,1,1,0.953416149068323,0.9375,93,24,"{'Basal': 23, 'Her2': 11, 'LumA': 46, 'LumB': 13}","{'Basal': 6, 'Her2': 3, 'LumA': 11, 'LumB': 4}",4,False,0.9565217391304348,0.9166666666666666,1.0,0.8571428571428571,1.0,0.75,1.0,1.0,1.0,1.0,1.0,1.0,18048
classification,"KNN(k=5,dist)",EnsembleSoft,0.05,1,2,0.9222222222222223,0.9166666666666666,93,24,"{'Basal': 23, 'Her2': 11, 'LumA': 46, 'LumB': 13}","{'Basal': 6, 'Her2': 3, 'LumA': 11, 'LumB': 4}",4,False,1.0,1.0,1.0,0.8888888888888888,0.8,1.0,0.8,1.0,0.6666666666666666,1.0,1.0,1.0,18048
classification,"KNN(k=5,dist)",EnsembleSoft,0.05,1,3,0.9391304347826087,0.9166666666666666,94,23,"{'Basal': 23, 'Her2': 11, 'LumA': 46, 'LumB': 14}","{'Basal': 6, 'Her2': 3, 'LumA': 11, 'LumB': 3}",4,False,0.9565217391304348,0.9166666666666666,1.0,1.0,1.0,1.0,0.8,1.0,0.6666666666666666,1.0,1.0,1.0,18048
classification,"KNN(k=5,dist)",EnsembleSoft,0.05,1,4,1.0,1.0,94,23,"{'Basal': 23, 'Her2': 12, 'LumA': 45, 'LumB': 14}","{'Basal': 6, 'Her2': 2, 'LumA': 12, 'LumB': 3}",4,False,1.0,1.0,1.0,1.0,1.0,1.0,1.0,1.0,1.0,1.0,1.0,1.0,18048
classification,"KNN(k=5,dist)",EnsembleSoft,0.05,1,5,0.8557692307692308,0.8333333333333334,94,23,"{'Basal': 24, 'Her2': 11, 'LumA': 45, 'LumB': 14}","{'Basal': 5, 'Her2': 3, 'LumA': 12, 'LumB': 3}",4,False,0.9230769230769231,0.8571428571428571,1.0,0.5,1.0,0.3333333333333333,1.0,1.0,1.0,1.0,1.0,1.0,18048
classification,RFECA_SVR(k=5),EnsembleSoft,0.05,1,1,0.953416149068323,0.9375,93,24,"{'Basal': 23, 'Her2': 11, 'LumA': 46, 'LumB': 13}","{'Basal': 6, 'Her2': 3, 'LumA': 11, 'LumB': 4}",4,False,0.9565217391304348,0.9166666666666666,1.0,0.8571428571428571,1.0,0.75,1.0,1.0,1.0,1.0,1.0,1.0,18048
classification,RFECA_SVR(k=5),EnsembleSoft,0.05,1,2,0.9222222222222223,0.9166666666666666,93,24,"{'Basal': 23, 'Her2': 11, 'LumA': 46, 'LumB': 13}","{'Basal': 6, 'Her2': 3, 'LumA': 11, 'LumB': 4}",4,False,1.0,1.0,1.0,0.8888888888888888,0.8,1.0,0.8,1.0,0.6666666666666666,1.0,1.0,1.0,18048
classification,RFECA_SVR(k=5),EnsembleSoft,0.05,1,3,0.9391304347826087,0.9166666666666666,94,23,"{'Basal': 23, 'Her2': 11, 'LumA': 46, 'LumB': 14}","{'Basal': 6, 'Her2': 3, 'LumA': 11, 'LumB': 3}",4,False,0.9565217391304348,0.9166666666666666,1.0,1.0,1.0,1.0,0.8,1.0,0.6666666666666666,1.0,1.0,1.0,18048
classification,RFECA_SVR(k=5),EnsembleSoft,0.05,1,4,0.953416149068323,0.9791666666666666,94,23,"{'Basal': 23, 'Her2': 12, 'LumA': 45, 'LumB': 14}","{'Basal': 6, 'Her2': 2, 'LumA': 12, 'LumB': 3}",4,False,0.9565217391304348,1.0,0.9166666666666666,0.8571428571428571,0.75,1.0,1.0,1.0,1.0,1.0,1.0,1.0,18048
classification,RFECA_SVR(k=5),EnsembleSoft,0.05,1,5,0.8557692307692308,0.8333333333333334,94,23,"{'Basal': 24, 'Her2': 11, 'LumA': 45, 'LumB': 14}","{'Basal': 5, 'Her2': 3, 'LumA': 12, 'LumB': 3}",4,False,0.9230769230769231,0.8571428571428571,1.0,0.5,1.0,0.3333333333333333,1.0,1.0,1.0,1.0,1.0,1.0,18048
classification,RFECA_SVR(k=10),EnsembleSoft,0.05,1,1,0.953416149068323,0.9375,93,24,"{'Basal': 23, 'Her2': 11, 'LumA': 46, 'LumB': 13}","{'Basal': 6, 'Her2': 3, 'LumA': 11, 'LumB': 4}",4,False,0.9565217391304348,0.9166666666666666,1.0,0.8571428571428571,1.0,0.75,1.0,1.0,1.0,1.0,1.0,1.0,18048
classification,RFECA_SVR(k=10),EnsembleSoft,0.05,1,2,0.9222222222222223,0.9166666666666666,93,24,"{'Basal': 23, 'Her2': 11, 'LumA': 46, 'LumB': 13}","{'Basal': 6, 'Her2': 3, 'LumA': 11, 'LumB': 4}",4,False,1.0,1.0,1.0,0.8888888888888888,0.8,1.0,0.8,1.0,0.6666666666666666,1.0,1.0,1.0,18048
classification,RFECA_SVR(k=10),EnsembleSoft,0.05,1,3,0.9391304347826087,0.9166666666666666,94,23,"{'Basal': 23, 'Her2': 11, 'LumA': 46, 'LumB': 14}","{'Basal': 6, 'Her2': 3, 'LumA': 11, 'LumB': 3}",4,False,0.9565217391304348,0.9166666666666666,1.0,1.0,1.0,1.0,0.8,1.0,0.6666666666666666,1.0,1.0,1.0,18048
classification,RFECA_SVR(k=10),EnsembleSoft,0.05,1,4,0.953416149068323,0.9791666666666666,94,23,"{'Basal': 23, 'Her2': 12, 'LumA': 45, 'LumB': 14}","{'Basal': 6, 'Her2': 2, 'LumA': 12, 'LumB': 3}",4,False,0.9565217391304348,1.0,0.9166666666666666,0.8571428571428571,0.75,1.0,1.0,1.0,1.0,1.0,1.0,1.0,18048
classification,RFECA_SVR(k=10),EnsembleSoft,0.05,1,5,0.8557692307692308,0.8333333333333334,94,23,"{'Basal': 24, 'Her2': 11, 'LumA': 45, 'LumB': 14}","{'Basal': 5, 'Her2': 3, 'LumA': 12, 'LumB': 3}",4,False,0.9230769230769231,0.8571428571428571,1.0,0.5,1.0,0.3333333333333333,1.0,1.0,1.0,1.0,1.0,1.0,18048
classification,RFECA_SVR(k=20),EnsembleSoft,0.05,1,1,0.9207251082251082,0.8958333333333334,93,24,"{'Basal': 23, 'Her2': 11, 'LumA': 46, 'LumB': 13}","{'Basal': 6, 'Her2': 3, 'LumA': 11, 'LumB': 4}",4,False,0.9166666666666666,0.8461538461538461,1.0,0.8571428571428571,1.0,0.75,1.0,1.0,1.0,0.9090909090909091,1.0,0.8333333333333334,18048
classification,RFECA_SVR(k=20),EnsembleSoft,0.05,1,2,0.9222222222222223,0.9166666666666666,93,24,"{'Basal': 23, 'Her2': 11, 'LumA': 46, 'LumB': 13}","{'Basal': 6, 'Her2': 3, 'LumA': 11, 'LumB': 4}",4,False,1.0,1.0,1.0,0.8888888888888888,0.8,1.0,0.8,1.0,0.6666666666666666,1.0,1.0,1.0,18048
classification,RFECA_SVR(k=20),EnsembleSoft,0.05,1,3,0.9391304347826087,0.9166666666666666,94,23,"{'Basal': 23, 'Her2': 11, 'LumA': 46, 'LumB': 14}","{'Basal': 6, 'Her2': 3, 'LumA': 11, 'LumB': 3}",4,False,0.9565217391304348,0.9166666666666666,1.0,1.0,1.0,1.0,0.8,1.0,0.6666666666666666,1.0,1.0,1.0,18048
classification,RFECA_SVR(k=20),EnsembleSoft,0.05,1,4,0.953416149068323,0.9791666666666666,94,23,"{'Basal': 23, 'Her2': 12, 'LumA': 45, 'LumB': 14}","{'Basal': 6, 'Her2': 2, 'LumA': 12, 'LumB': 3}",4,False,0.9565217391304348,1.0,0.9166666666666666,0.8571428571428571,0.75,1.0,1.0,1.0,1.0,1.0,1.0,1.0,18048
classification,RFECA_SVR(k=20),EnsembleSoft,0.05,1,5,0.8557692307692308,0.8333333333333334,94,23,"{'Basal': 24, 'Her2': 11, 'LumA': 45, 'LumB': 14}","{'Basal': 5, 'Her2': 3, 'LumA': 12, 'LumB': 3}",4,False,0.9230769230769231,0.8571428571428571,1.0,0.5,1.0,0.3333333333333333,1.0,1.0,1.0,1.0,1.0,1.0,18048
classification,MissForest,EnsembleSoft,0.05,1,1,0.9207251082251082,0.8958333333333334,93,24,"{'Basal': 23, 'Her2': 11, 'LumA': 46, 'LumB': 13}","{'Basal': 6, 'Her2': 3, 'LumA': 11, 'LumB': 4}",4,False,0.9166666666666666,0.8461538461538461,1.0,0.8571428571428571,1.0,0.75,1.0,1.0,1.0,0.9090909090909091,1.0,0.8333333333333334,18048
classification,MissForest,EnsembleSoft,0.05,1,2,0.9222222222222223,0.9166666666666666,93,24,"{'Basal': 23, 'Her2': 11, 'LumA': 46, 'LumB': 13}","{'Basal': 6, 'Her2': 3, 'LumA': 11, 'LumB': 4}",4,False,1.0,1.0,1.0,0.8888888888888888,0.8,1.0,0.8,1.0,0.6666666666666666,1.0,1.0,1.0,18048
classification,MissForest,EnsembleSoft,0.05,1,3,1.0,1.0,94,23,"{'Basal': 23, 'Her2': 11, 'LumA': 46, 'LumB': 14}","{'Basal': 6, 'Her2': 3, 'LumA': 11, 'LumB': 3}",4,False,1.0,1.0,1.0,1.0,1.0,1.0,1.0,1.0,1.0,1.0,1.0,1.0,18048
classification,MissForest,EnsembleSoft,0.05,1,4,0.953416149068323,0.9791666666666666,94,23,"{'Basal': 23, 'Her2': 12, 'LumA': 45, 'LumB': 14}","{'Basal': 6, 'Her2': 2, 'LumA': 12, 'LumB': 3}",4,False,0.9565217391304348,1.0,0.9166666666666666,0.8571428571428571,0.75,1.0,1.0,1.0,1.0,1.0,1.0,1.0,18048
classification,MissForest,EnsembleSoft,0.05,1,5,0.8557692307692308,0.8333333333333334,94,23,"{'Basal': 24, 'Her2': 11, 'LumA': 45, 'LumB': 14}","{'Basal': 5, 'Her2': 3, 'LumA': 12, 'LumB': 3}",4,False,0.9230769230769231,0.8571428571428571,1.0,0.5,1.0,0.3333333333333333,1.0,1.0,1.0,1.0,1.0,1.0,18048
classification,SimpleMean,EnsembleSoft,0.05,2,1,0.953416149068323,0.9375,93,24,"{'Basal': 23, 'Her2': 11, 'LumA': 46, 'LumB': 13}","{'Basal': 6, 'Her2': 3, 'LumA': 11, 'LumB': 4}",4,False,0.9565217391304348,0.9166666666666666,1.0,0.8571428571428571,1.0,0.75,1.0,1.0,1.0,1.0,1.0,1.0,18049
classification,SimpleMean,EnsembleSoft,0.05,2,2,0.9222222222222223,0.9166666666666666,93,24,"{'Basal': 23, 'Her2': 11, 'LumA': 46, 'LumB': 13}","{'Basal': 6, 'Her2': 3, 'LumA': 11, 'LumB': 4}",4,False,1.0,1.0,1.0,0.8888888888888888,0.8,1.0,0.8,1.0,0.6666666666666666,1.0,1.0,1.0,18049
classification,SimpleMean,EnsembleSoft,0.05,2,3,1.0,1.0,94,23,"{'Basal': 23, 'Her2': 11, 'LumA': 46, 'LumB': 14}","{'Basal': 6, 'Her2': 3, 'LumA': 11, 'LumB': 3}",4,False,1.0,1.0,1.0,1.0,1.0,1.0,1.0,1.0,1.0,1.0,1.0,1.0,18049
classification,SimpleMean,EnsembleSoft,0.05,2,4,0.9147727272727273,0.9583333333333334,94,23,"{'Basal': 23, 'Her2': 12, 'LumA': 45, 'LumB': 14}","{'Basal': 6, 'Her2': 2, 'LumA': 12, 'LumB': 3}",4,False,0.9090909090909091,1.0,0.8333333333333334,0.75,0.6,1.0,1.0,1.0,1.0,1.0,1.0,1.0,18049
classification,SimpleMean,EnsembleSoft,0.05,2,5,0.8557692307692308,0.8333333333333334,94,23,"{'Basal': 24, 'Her2': 11, 'LumA': 45, 'LumB': 14}","{'Basal': 5, 'Her2': 3, 'LumA': 12, 'LumB': 3}",4,False,0.9230769230769231,0.8571428571428571,1.0,0.5,1.0,0.3333333333333333,1.0,1.0,1.0,1.0,1.0,1.0,18049
classification,"KNN(k=5,dist)",EnsembleSoft,0.05,2,1,0.953416149068323,0.9375,93,24,"{'Basal': 23, 'Her2': 11, 'LumA': 46, 'LumB': 13}","{'Basal': 6, 'Her2': 3, 'LumA': 11, 'LumB': 4}",4,False,0.9565217391304348,0.9166666666666666,1.0,0.8571428571428571,1.0,0.75,1.0,1.0,1.0,1.0,1.0,1.0,18049
classification,"KNN(k=5,dist)",EnsembleSoft,0.05,2,2,0.9222222222222223,0.9166666666666666,93,24,"{'Basal': 23, 'Her2': 11, 'LumA': 46, 'LumB': 13}","{'Basal': 6, 'Her2': 3, 'LumA': 11, 'LumB': 4}",4,False,1.0,1.0,1.0,0.8888888888888888,0.8,1.0,0.8,1.0,0.6666666666666666,1.0,1.0,1.0,18049
classification,"KNN(k=5,dist)",EnsembleSoft,0.05,2,3,0.9391304347826087,0.9166666666666666,94,23,"{'Basal': 23, 'Her2': 11, 'LumA': 46, 'LumB': 14}","{'Basal': 6, 'Her2': 3, 'LumA': 11, 'LumB': 3}",4,False,0.9565217391304348,0.9166666666666666,1.0,1.0,1.0,1.0,0.8,1.0,0.6666666666666666,1.0,1.0,1.0,18049
classification,"KNN(k=5,dist)",EnsembleSoft,0.05,2,4,0.953416149068323,0.9791666666666666,94,23,"{'Basal': 23, 'Her2': 12, 'LumA': 45, 'LumB': 14}","{'Basal': 6, 'Her2': 2, 'LumA': 12, 'LumB': 3}",4,False,0.9565217391304348,1.0,0.9166666666666666,0.8571428571428571,0.75,1.0,1.0,1.0,1.0,1.0,1.0,1.0,18049
classification,"KNN(k=5,dist)",EnsembleSoft,0.05,2,5,0.8557692307692308,0.8333333333333334,94,23,"{'Basal': 24, 'Her2': 11, 'LumA': 45, 'LumB': 14}","{'Basal': 5, 'Her2': 3, 'LumA': 12, 'LumB': 3}",4,False,0.9230769230769231,0.8571428571428571,1.0,0.5,1.0,0.3333333333333333,1.0,1.0,1.0,1.0,1.0,1.0,18049
classification,RFECA_SVR(k=5),EnsembleSoft,0.05,2,1,0.9207251082251082,0.8958333333333334,93,24,"{'Basal': 23, 'Her2': 11, 'LumA': 46, 'LumB': 13}","{'Basal': 6, 'Her2': 3, 'LumA': 11, 'LumB': 4}",4,False,0.9166666666666666,0.8461538461538461,1.0,0.8571428571428571,1.0,0.75,1.0,1.0,1.0,0.9090909090909091,1.0,0.8333333333333334,18049
classification,RFECA_SVR(k=5),EnsembleSoft,0.05,2,2,0.9222222222222223,0.9166666666666666,93,24,"{'Basal': 23, 'Her2': 11, 'LumA': 46, 'LumB': 13}","{'Basal': 6, 'Her2': 3, 'LumA': 11, 'LumB': 4}",4,False,1.0,1.0,1.0,0.8888888888888888,0.8,1.0,0.8,1.0,0.6666666666666666,1.0,1.0,1.0,18049
classification,RFECA_SVR(k=5),EnsembleSoft,0.05,2,3,0.9391304347826087,0.9166666666666666,94,23,"{'Basal': 23, 'Her2': 11, 'LumA': 46, 'LumB': 14}","{'Basal': 6, 'Her2': 3, 'LumA': 11, 'LumB': 3}",4,False,0.9565217391304348,0.9166666666666666,1.0,1.0,1.0,1.0,0.8,1.0,0.6666666666666666,1.0,1.0,1.0,18049
classification,RFECA_SVR(k=5),EnsembleSoft,0.05,2,4,0.953416149068323,0.9791666666666666,94,23,"{'Basal': 23, 'Her2': 12, 'LumA': 45, 'LumB': 14}","{'Basal': 6, 'Her2': 2, 'LumA': 12, 'LumB': 3}",4,False,0.9565217391304348,1.0,0.9166666666666666,0.8571428571428571,0.75,1.0,1.0,1.0,1.0,1.0,1.0,1.0,18049
classification,RFECA_SVR(k=5),EnsembleSoft,0.05,2,5,0.8557692307692308,0.8333333333333334,94,23,"{'Basal': 24, 'Her2': 11, 'LumA': 45, 'LumB': 14}","{'Basal': 5, 'Her2': 3, 'LumA': 12, 'LumB': 3}",4,False,0.9230769230769231,0.8571428571428571,1.0,0.5,1.0,0.3333333333333333,1.0,1.0,1.0,1.0,1.0,1.0,18049
classification,RFECA_SVR(k=10),EnsembleSoft,0.05,2,1,0.9207251082251082,0.8958333333333334,93,24,"{'Basal': 23, 'Her2': 11, 'LumA': 46, 'LumB': 13}","{'Basal': 6, 'Her2': 3, 'LumA': 11, 'LumB': 4}",4,False,0.9166666666666666,0.8461538461538461,1.0,0.8571428571428571,1.0,0.75,1.0,1.0,1.0,0.9090909090909091,1.0,0.8333333333333334,18049
classification,RFECA_SVR(k=10),EnsembleSoft,0.05,2,2,0.9222222222222223,0.9166666666666666,93,24,"{'Basal': 23, 'Her2': 11, 'LumA': 46, 'LumB': 13}","{'Basal': 6, 'Her2': 3, 'LumA': 11, 'LumB': 4}",4,False,1.0,1.0,1.0,0.8888888888888888,0.8,1.0,0.8,1.0,0.6666666666666666,1.0,1.0,1.0,18049
classification,RFECA_SVR(k=10),EnsembleSoft,0.05,2,3,0.9391304347826087,0.9166666666666666,94,23,"{'Basal': 23, 'Her2': 11, 'LumA': 46, 'LumB': 14}","{'Basal': 6, 'Her2': 3, 'LumA': 11, 'LumB': 3}",4,False,0.9565217391304348,0.9166666666666666,1.0,1.0,1.0,1.0,0.8,1.0,0.6666666666666666,1.0,1.0,1.0,18049
classification,RFECA_SVR(k=10),EnsembleSoft,0.05,2,4,0.953416149068323,0.9791666666666666,94,23,"{'Basal': 23, 'Her2': 12, 'LumA': 45, 'LumB': 14}","{'Basal': 6, 'Her2': 2, 'LumA': 12, 'LumB': 3}",4,False,0.9565217391304348,1.0,0.9166666666666666,0.8571428571428571,0.75,1.0,1.0,1.0,1.0,1.0,1.0,1.0,18049
classification,RFECA_SVR(k=10),EnsembleSoft,0.05,2,5,0.8557692307692308,0.8333333333333334,94,23,"{'Basal': 24, 'Her2': 11, 'LumA': 45, 'LumB': 14}","{'Basal': 5, 'Her2': 3, 'LumA': 12, 'LumB': 3}",4,False,0.9230769230769231,0.8571428571428571,1.0,0.5,1.0,0.3333333333333333,1.0,1.0,1.0,1.0,1.0,1.0,18049
classification,RFECA_SVR(k=20),EnsembleSoft,0.05,2,1,0.9207251082251082,0.8958333333333334,93,24,"{'Basal': 23, 'Her2': 11, 'LumA': 46, 'LumB': 13}","{'Basal': 6, 'Her2': 3, 'LumA': 11, 'LumB': 4}",4,False,0.9166666666666666,0.8461538461538461,1.0,0.8571428571428571,1.0,0.75,1.0,1.0,1.0,0.9090909090909091,1.0,0.8333333333333334,18049
classification,RFECA_SVR(k=20),EnsembleSoft,0.05,2,2,0.9222222222222223,0.9166666666666666,93,24,"{'Basal': 23, 'Her2': 11, 'LumA': 46, 'LumB': 13}","{'Basal': 6, 'Her2': 3, 'LumA': 11, 'LumB': 4}",4,False,1.0,1.0,1.0,0.8888888888888888,0.8,1.0,0.8,1.0,0.6666666666666666,1.0,1.0,1.0,18049
classification,RFECA_SVR(k=20),EnsembleSoft,0.05,2,3,0.9391304347826087,0.9166666666666666,94,23,"{'Basal': 23, 'Her2': 11, 'LumA': 46, 'LumB': 14}","{'Basal': 6, 'Her2': 3, 'LumA': 11, 'LumB': 3}",4,False,0.9565217391304348,0.9166666666666666,1.0,1.0,1.0,1.0,0.8,1.0,0.6666666666666666,1.0,1.0,1.0,18049
classification,RFECA_SVR(k=20),EnsembleSoft,0.05,2,4,0.9147727272727273,0.9583333333333334,94,23,"{'Basal': 23, 'Her2': 12, 'LumA': 45, 'LumB': 14}","{'Basal': 6, 'Her2': 2, 'LumA': 12, 'LumB': 3}",4,False,0.9090909090909091,1.0,0.8333333333333334,0.75,0.6,1.0,1.0,1.0,1.0,1.0,1.0,1.0,18049
classification,RFECA_SVR(k=20),EnsembleSoft,0.05,2,5,0.8557692307692308,0.8333333333333334,94,23,"{'Basal': 24, 'Her2': 11, 'LumA': 45, 'LumB': 14}","{'Basal': 5, 'Her2': 3, 'LumA': 12, 'LumB': 3}",4,False,0.9230769230769231,0.8571428571428571,1.0,0.5,1.0,0.3333333333333333,1.0,1.0,1.0,1.0,1.0,1.0,18049
classification,MissForest,EnsembleSoft,0.05,2,1,0.953416149068323,0.9375,93,24,"{'Basal': 23, 'Her2': 11, 'LumA': 46, 'LumB': 13}","{'Basal': 6, 'Her2': 3, 'LumA': 11, 'LumB': 4}",4,False,0.9565217391304348,0.9166666666666666,1.0,0.8571428571428571,1.0,0.75,1.0,1.0,1.0,1.0,1.0,1.0,18049
classification,MissForest,EnsembleSoft,0.05,2,2,0.9222222222222223,0.9166666666666666,93,24,"{'Basal': 23, 'Her2': 11, 'LumA': 46, 'LumB': 13}","{'Basal': 6, 'Her2': 3, 'LumA': 11, 'LumB': 4}",4,False,1.0,1.0,1.0,0.8888888888888888,0.8,1.0,0.8,1.0,0.6666666666666666,1.0,1.0,1.0,18049
classification,MissForest,EnsembleSoft,0.05,2,3,0.8791666666666667,0.8333333333333333,94,23,"{'Basal': 23, 'Her2': 11, 'LumA': 46, 'LumB': 14}","{'Basal': 6, 'Her2': 3, 'LumA': 11, 'LumB': 3}",4,False,0.9166666666666666,0.8461538461538461,1.0,0.8,1.0,0.6666666666666666,0.8,1.0,0.6666666666666666,1.0,1.0,1.0,18049
classification,MissForest,EnsembleSoft,0.05,2,4,0.953416149068323,0.9791666666666666,94,23,"{'Basal': 23, 'Her2': 12, 'LumA': 45, 'LumB': 14}","{'Basal': 6, 'Her2': 2, 'LumA': 12, 'LumB': 3}",4,False,0.9565217391304348,1.0,0.9166666666666666,0.8571428571428571,0.75,1.0,1.0,1.0,1.0,1.0,1.0,1.0,18049
classification,MissForest,EnsembleSoft,0.05,2,5,0.8557692307692308,0.8333333333333334,94,23,"{'Basal': 24, 'Her2': 11, 'LumA': 45, 'LumB': 14}","{'Basal': 5, 'Her2': 3, 'LumA': 12, 'LumB': 3}",4,False,0.9230769230769231,0.8571428571428571,1.0,0.5,1.0,0.3333333333333333,1.0,1.0,1.0,1.0,1.0,1.0,18049
classification,SimpleMean,EnsembleSoft,0.05,3,1,0.9207251082251082,0.8958333333333334,93,24,"{'Basal': 23, 'Her2': 11, 'LumA': 46, 'LumB': 13}","{'Basal': 6, 'Her2': 3, 'LumA': 11, 'LumB': 4}",4,False,0.9166666666666666,0.8461538461538461,1.0,0.8571428571428571,1.0,0.75,1.0,1.0,1.0,0.9090909090909091,1.0,0.8333333333333334,18050
classification,SimpleMean,EnsembleSoft,0.05,3,2,1.0,1.0,93,24,"{'Basal': 23, 'Her2': 11, 'LumA': 46, 'LumB': 13}","{'Basal': 6, 'Her2': 3, 'LumA': 11, 'LumB': 4}",4,False,1.0,1.0,1.0,1.0,1.0,1.0,1.0,1.0,1.0,1.0,1.0,1.0,18050
classification,SimpleMean,EnsembleSoft,0.05,3,3,0.9391304347826087,0.9166666666666666,94,23,"{'Basal': 23, 'Her2': 11, 'LumA': 46, 'LumB': 14}","{'Basal': 6, 'Her2': 3, 'LumA': 11, 'LumB': 3}",4,False,0.9565217391304348,0.9166666666666666,1.0,1.0,1.0,1.0,0.8,1.0,0.6666666666666666,1.0,1.0,1.0,18050
classification,SimpleMean,EnsembleSoft,0.05,3,4,1.0,1.0,94,23,"{'Basal': 23, 'Her2': 12, 'LumA': 45, 'LumB': 14}","{'Basal': 6, 'Her2': 2, 'LumA': 12, 'LumB': 3}",4,False,1.0,1.0,1.0,1.0,1.0,1.0,1.0,1.0,1.0,1.0,1.0,1.0,18050
classification,SimpleMean,EnsembleSoft,0.05,3,5,0.8557692307692308,0.8333333333333334,94,23,"{'Basal': 24, 'Her2': 11, 'LumA': 45, 'LumB': 14}","{'Basal': 5, 'Her2': 3, 'LumA': 12, 'LumB': 3}",4,False,0.9230769230769231,0.8571428571428571,1.0,0.5,1.0,0.3333333333333333,1.0,1.0,1.0,1.0,1.0,1.0,18050
classification,"KNN(k=5,dist)",EnsembleSoft,0.05,3,1,0.9207251082251082,0.8958333333333334,93,24,"{'Basal': 23, 'Her2': 11, 'LumA': 46, 'LumB': 13}","{'Basal': 6, 'Her2': 3, 'LumA': 11, 'LumB': 4}",4,False,0.9166666666666666,0.8461538461538461,1.0,0.8571428571428571,1.0,0.75,1.0,1.0,1.0,0.9090909090909091,1.0,0.8333333333333334,18050
classification,"KNN(k=5,dist)",EnsembleSoft,0.05,3,2,0.9222222222222223,0.9166666666666666,93,24,"{'Basal': 23, 'Her2': 11, 'LumA': 46, 'LumB': 13}","{'Basal': 6, 'Her2': 3, 'LumA': 11, 'LumB': 4}",4,False,1.0,1.0,1.0,0.8888888888888888,0.8,1.0,0.8,1.0,0.6666666666666666,1.0,1.0,1.0,18050
classification,"KNN(k=5,dist)",EnsembleSoft,0.05,3,3,1.0,1.0,94,23,"{'Basal': 23, 'Her2': 11, 'LumA': 46, 'LumB': 14}","{'Basal': 6, 'Her2': 3, 'LumA': 11, 'LumB': 3}",4,False,1.0,1.0,1.0,1.0,1.0,1.0,1.0,1.0,1.0,1.0,1.0,1.0,18050
classification,"KNN(k=5,dist)",EnsembleSoft,0.05,3,4,0.953416149068323,0.9791666666666666,94,23,"{'Basal': 23, 'Her2': 12, 'LumA': 45, 'LumB': 14}","{'Basal': 6, 'Her2': 2, 'LumA': 12, 'LumB': 3}",4,False,0.9565217391304348,1.0,0.9166666666666666,0.8571428571428571,0.75,1.0,1.0,1.0,1.0,1.0,1.0,1.0,18050
classification,"KNN(k=5,dist)",EnsembleSoft,0.05,3,5,0.8557692307692308,0.8333333333333334,94,23,"{'Basal': 24, 'Her2': 11, 'LumA': 45, 'LumB': 14}","{'Basal': 5, 'Her2': 3, 'LumA': 12, 'LumB': 3}",4,False,0.9230769230769231,0.8571428571428571,1.0,0.5,1.0,0.3333333333333333,1.0,1.0,1.0,1.0,1.0,1.0,18050
classification,RFECA_SVR(k=5),EnsembleSoft,0.05,3,1,0.9207251082251082,0.8958333333333334,93,24,"{'Basal': 23, 'Her2': 11, 'LumA': 46, 'LumB': 13}","{'Basal': 6, 'Her2': 3, 'LumA': 11, 'LumB': 4}",4,False,0.9166666666666666,0.8461538461538461,1.0,0.8571428571428571,1.0,0.75,1.0,1.0,1.0,0.9090909090909091,1.0,0.8333333333333334,18050
classification,RFECA_SVR(k=5),EnsembleSoft,0.05,3,2,0.9222222222222223,0.9166666666666666,93,24,"{'Basal': 23, 'Her2': 11, 'LumA': 46, 'LumB': 13}","{'Basal': 6, 'Her2': 3, 'LumA': 11, 'LumB': 4}",4,False,1.0,1.0,1.0,0.8888888888888888,0.8,1.0,0.8,1.0,0.6666666666666666,1.0,1.0,1.0,18050
classification,RFECA_SVR(k=5),EnsembleSoft,0.05,3,3,0.9391304347826087,0.9166666666666666,94,23,"{'Basal': 23, 'Her2': 11, 'LumA': 46, 'LumB': 14}","{'Basal': 6, 'Her2': 3, 'LumA': 11, 'LumB': 3}",4,False,0.9565217391304348,0.9166666666666666,1.0,1.0,1.0,1.0,0.8,1.0,0.6666666666666666,1.0,1.0,1.0,18050
classification,RFECA_SVR(k=5),EnsembleSoft,0.05,3,4,0.9391304347826087,0.9791666666666666,94,23,"{'Basal': 23, 'Her2': 12, 'LumA': 45, 'LumB': 14}","{'Basal': 6, 'Her2': 2, 'LumA': 12, 'LumB': 3}",4,False,0.9565217391304348,1.0,0.9166666666666666,1.0,1.0,1.0,0.8,0.6666666666666666,1.0,1.0,1.0,1.0,18050
classification,RFECA_SVR(k=5),EnsembleSoft,0.05,3,5,0.8557692307692308,0.8333333333333334,94,23,"{'Basal': 24, 'Her2': 11, 'LumA': 45, 'LumB': 14}","{'Basal': 5, 'Her2': 3, 'LumA': 12, 'LumB': 3}",4,False,0.9230769230769231,0.8571428571428571,1.0,0.5,1.0,0.3333333333333333,1.0,1.0,1.0,1.0,1.0,1.0,18050
classification,RFECA_SVR(k=10),EnsembleSoft,0.05,3,1,0.9207251082251082,0.8958333333333334,93,24,"{'Basal': 23, 'Her2': 11, 'LumA': 46, 'LumB': 13}","{'Basal': 6, 'Her2': 3, 'LumA': 11, 'LumB': 4}",4,False,0.9166666666666666,0.8461538461538461,1.0,0.8571428571428571,1.0,0.75,1.0,1.0,1.0,0.9090909090909091,1.0,0.8333333333333334,18050
classification,RFECA_SVR(k=10),EnsembleSoft,0.05,3,2,1.0,1.0,93,24,"{'Basal': 23, 'Her2': 11, 'LumA': 46, 'LumB': 13}","{'Basal': 6, 'Her2': 3, 'LumA': 11, 'LumB': 4}",4,False,1.0,1.0,1.0,1.0,1.0,1.0,1.0,1.0,1.0,1.0,1.0,1.0,18050
classification,RFECA_SVR(k=10),EnsembleSoft,0.05,3,3,0.9391304347826087,0.9166666666666666,94,23,"{'Basal': 23, 'Her2': 11, 'LumA': 46, 'LumB': 14}","{'Basal': 6, 'Her2': 3, 'LumA': 11, 'LumB': 3}",4,False,0.9565217391304348,0.9166666666666666,1.0,1.0,1.0,1.0,0.8,1.0,0.6666666666666666,1.0,1.0,1.0,18050
classification,RFECA_SVR(k=10),EnsembleSoft,0.05,3,4,0.953416149068323,0.9791666666666666,94,23,"{'Basal': 23, 'Her2': 12, 'LumA': 45, 'LumB': 14}","{'Basal': 6, 'Her2': 2, 'LumA': 12, 'LumB': 3}",4,False,0.9565217391304348,1.0,0.9166666666666666,0.8571428571428571,0.75,1.0,1.0,1.0,1.0,1.0,1.0,1.0,18050
classification,RFECA_SVR(k=10),EnsembleSoft,0.05,3,5,0.8557692307692308,0.8333333333333334,94,23,"{'Basal': 24, 'Her2': 11, 'LumA': 45, 'LumB': 14}","{'Basal': 5, 'Her2': 3, 'LumA': 12, 'LumB': 3}",4,False,0.9230769230769231,0.8571428571428571,1.0,0.5,1.0,0.3333333333333333,1.0,1.0,1.0,1.0,1.0,1.0,18050
classification,RFECA_SVR(k=20),EnsembleSoft,0.05,3,1,0.9207251082251082,0.8958333333333334,93,24,"{'Basal': 23, 'Her2': 11, 'LumA': 46, 'LumB': 13}","{'Basal': 6, 'Her2': 3, 'LumA': 11, 'LumB': 4}",4,False,0.9166666666666666,0.8461538461538461,1.0,0.8571428571428571,1.0,0.75,1.0,1.0,1.0,0.9090909090909091,1.0,0.8333333333333334,18050
classification,RFECA_SVR(k=20),EnsembleSoft,0.05,3,2,0.9222222222222223,0.9166666666666666,93,24,"{'Basal': 23, 'Her2': 11, 'LumA': 46, 'LumB': 13}","{'Basal': 6, 'Her2': 3, 'LumA': 11, 'LumB': 4}",4,False,1.0,1.0,1.0,0.8888888888888888,0.8,1.0,0.8,1.0,0.6666666666666666,1.0,1.0,1.0,18050
classification,RFECA_SVR(k=20),EnsembleSoft,0.05,3,3,0.9391304347826087,0.9166666666666666,94,23,"{'Basal': 23, 'Her2': 11, 'LumA': 46, 'LumB': 14}","{'Basal': 6, 'Her2': 3, 'LumA': 11, 'LumB': 3}",4,False,0.9565217391304348,0.9166666666666666,1.0,1.0,1.0,1.0,0.8,1.0,0.6666666666666666,1.0,1.0,1.0,18050
classification,RFECA_SVR(k=20),EnsembleSoft,0.05,3,4,0.9147727272727273,0.9583333333333334,94,23,"{'Basal': 23, 'Her2': 12, 'LumA': 45, 'LumB': 14}","{'Basal': 6, 'Her2': 2, 'LumA': 12, 'LumB': 3}",4,False,0.9090909090909091,1.0,0.8333333333333334,0.75,0.6,1.0,1.0,1.0,1.0,1.0,1.0,1.0,18050
classification,RFECA_SVR(k=20),EnsembleSoft,0.05,3,5,0.8557692307692308,0.8333333333333334,94,23,"{'Basal': 24, 'Her2': 11, 'LumA': 45, 'LumB': 14}","{'Basal': 5, 'Her2': 3, 'LumA': 12, 'LumB': 3}",4,False,0.9230769230769231,0.8571428571428571,1.0,0.5,1.0,0.3333333333333333,1.0,1.0,1.0,1.0,1.0,1.0,18050
classification,MissForest,EnsembleSoft,0.05,3,1,0.9207251082251082,0.8958333333333334,93,24,"{'Basal': 23, 'Her2': 11, 'LumA': 46, 'LumB': 13}","{'Basal': 6, 'Her2': 3, 'LumA': 11, 'LumB': 4}",4,False,0.9166666666666666,0.8461538461538461,1.0,0.8571428571428571,1.0,0.75,1.0,1.0,1.0,0.9090909090909091,1.0,0.8333333333333334,18050
classification,MissForest,EnsembleSoft,0.05,3,2,1.0,1.0,93,24,"{'Basal': 23, 'Her2': 11, 'LumA': 46, 'LumB': 13}","{'Basal': 6, 'Her2': 3, 'LumA': 11, 'LumB': 4}",4,False,1.0,1.0,1.0,1.0,1.0,1.0,1.0,1.0,1.0,1.0,1.0,1.0,18050
classification,MissForest,EnsembleSoft,0.05,3,3,1.0,1.0,94,23,"{'Basal': 23, 'Her2': 11, 'LumA': 46, 'LumB': 14}","{'Basal': 6, 'Her2': 3, 'LumA': 11, 'LumB': 3}",4,False,1.0,1.0,1.0,1.0,1.0,1.0,1.0,1.0,1.0,1.0,1.0,1.0,18050
classification,MissForest,EnsembleSoft,0.05,3,4,0.953416149068323,0.9791666666666666,94,23,"{'Basal': 23, 'Her2': 12, 'LumA': 45, 'LumB': 14}","{'Basal': 6, 'Her2': 2, 'LumA': 12, 'LumB': 3}",4,False,0.9565217391304348,1.0,0.9166666666666666,0.8571428571428571,0.75,1.0,1.0,1.0,1.0,1.0,1.0,1.0,18050
classification,MissForest,EnsembleSoft,0.05,3,5,0.8557692307692308,0.8333333333333334,94,23,"{'Basal': 24, 'Her2': 11, 'LumA': 45, 'LumB': 14}","{'Basal': 5, 'Her2': 3, 'LumA': 12, 'LumB': 3}",4,False,0.9230769230769231,0.8571428571428571,1.0,0.5,1.0,0.3333333333333333,1.0,1.0,1.0,1.0,1.0,1.0,18050
classification,SimpleMean,EnsembleSoft,0.05,4,1,0.953416149068323,0.9375,93,24,"{'Basal': 23, 'Her2': 11, 'LumA': 46, 'LumB': 13}","{'Basal': 6, 'Her2': 3, 'LumA': 11, 'LumB': 4}",4,False,0.9565217391304348,0.9166666666666666,1.0,0.8571428571428571,1.0,0.75,1.0,1.0,1.0,1.0,1.0,1.0,18051
classification,SimpleMean,EnsembleSoft,0.05,4,2,0.9222222222222223,0.9166666666666666,93,24,"{'Basal': 23, 'Her2': 11, 'LumA': 46, 'LumB': 13}","{'Basal': 6, 'Her2': 3, 'LumA': 11, 'LumB': 4}",4,False,1.0,1.0,1.0,0.8888888888888888,0.8,1.0,0.8,1.0,0.6666666666666666,1.0,1.0,1.0,18051
classification,SimpleMean,EnsembleSoft,0.05,4,3,1.0,1.0,94,23,"{'Basal': 23, 'Her2': 11, 'LumA': 46, 'LumB': 14}","{'Basal': 6, 'Her2': 3, 'LumA': 11, 'LumB': 3}",4,False,1.0,1.0,1.0,1.0,1.0,1.0,1.0,1.0,1.0,1.0,1.0,1.0,18051
classification,SimpleMean,EnsembleSoft,0.05,4,4,0.860248447204969,0.875,94,23,"{'Basal': 23, 'Her2': 12, 'LumA': 45, 'LumB': 14}","{'Basal': 6, 'Her2': 2, 'LumA': 12, 'LumB': 3}",4,False,0.8695652173913043,0.9090909090909091,0.8333333333333334,0.5714285714285714,0.5,0.6666666666666666,1.0,1.0,1.0,1.0,1.0,1.0,18051
classification,SimpleMean,EnsembleSoft,0.05,4,5,0.8557692307692308,0.8333333333333334,94,23,"{'Basal': 24, 'Her2': 11, 'LumA': 45, 'LumB': 14}","{'Basal': 5, 'Her2': 3, 'LumA': 12, 'LumB': 3}",4,False,0.9230769230769231,0.8571428571428571,1.0,0.5,1.0,0.3333333333333333,1.0,1.0,1.0,1.0,1.0,1.0,18051
classification,"KNN(k=5,dist)",EnsembleSoft,0.05,4,1,0.953416149068323,0.9375,93,24,"{'Basal': 23, 'Her2': 11, 'LumA': 46, 'LumB': 13}","{'Basal': 6, 'Her2': 3, 'LumA': 11, 'LumB': 4}",4,False,0.9565217391304348,0.9166666666666666,1.0,0.8571428571428571,1.0,0.75,1.0,1.0,1.0,1.0,1.0,1.0,18051
classification,"KNN(k=5,dist)",EnsembleSoft,0.05,4,2,0.9222222222222223,0.9166666666666666,93,24,"{'Basal': 23, 'Her2': 11, 'LumA': 46, 'LumB': 13}","{'Basal': 6, 'Her2': 3, 'LumA': 11, 'LumB': 4}",4,False,1.0,1.0,1.0,0.8888888888888888,0.8,1.0,0.8,1.0,0.6666666666666666,1.0,1.0,1.0,18051
classification,"KNN(k=5,dist)",EnsembleSoft,0.05,4,3,1.0,1.0,94,23,"{'Basal': 23, 'Her2': 11, 'LumA': 46, 'LumB': 14}","{'Basal': 6, 'Her2': 3, 'LumA': 11, 'LumB': 3}",4,False,1.0,1.0,1.0,1.0,1.0,1.0,1.0,1.0,1.0,1.0,1.0,1.0,18051
classification,"KNN(k=5,dist)",EnsembleSoft,0.05,4,4,0.953416149068323,0.9791666666666666,94,23,"{'Basal': 23, 'Her2': 12, 'LumA': 45, 'LumB': 14}","{'Basal': 6, 'Her2': 2, 'LumA': 12, 'LumB': 3}",4,False,0.9565217391304348,1.0,0.9166666666666666,0.8571428571428571,0.75,1.0,1.0,1.0,1.0,1.0,1.0,1.0,18051
classification,"KNN(k=5,dist)",EnsembleSoft,0.05,4,5,0.8557692307692308,0.8333333333333334,94,23,"{'Basal': 24, 'Her2': 11, 'LumA': 45, 'LumB': 14}","{'Basal': 5, 'Her2': 3, 'LumA': 12, 'LumB': 3}",4,False,0.9230769230769231,0.8571428571428571,1.0,0.5,1.0,0.3333333333333333,1.0,1.0,1.0,1.0,1.0,1.0,18051
classification,RFECA_SVR(k=5),EnsembleSoft,0.05,4,1,0.9207251082251082,0.8958333333333334,93,24,"{'Basal': 23, 'Her2': 11, 'LumA': 46, 'LumB': 13}","{'Basal': 6, 'Her2': 3, 'LumA': 11, 'LumB': 4}",4,False,0.9166666666666666,0.8461538461538461,1.0,0.8571428571428571,1.0,0.75,1.0,1.0,1.0,0.9090909090909091,1.0,0.8333333333333334,18051
classification,RFECA_SVR(k=5),EnsembleSoft,0.05,4,2,0.9222222222222223,0.9166666666666666,93,24,"{'Basal': 23, 'Her2': 11, 'LumA': 46, 'LumB': 13}","{'Basal': 6, 'Her2': 3, 'LumA': 11, 'LumB': 4}",4,False,1.0,1.0,1.0,0.8888888888888888,0.8,1.0,0.8,1.0,0.6666666666666666,1.0,1.0,1.0,18051
classification,RFECA_SVR(k=5),EnsembleSoft,0.05,4,3,1.0,1.0,94,23,"{'Basal': 23, 'Her2': 11, 'LumA': 46, 'LumB': 14}","{'Basal': 6, 'Her2': 3, 'LumA': 11, 'LumB': 3}",4,False,1.0,1.0,1.0,1.0,1.0,1.0,1.0,1.0,1.0,1.0,1.0,1.0,18051
classification,RFECA_SVR(k=5),EnsembleSoft,0.05,4,4,0.953416149068323,0.9791666666666666,94,23,"{'Basal': 23, 'Her2': 12, 'LumA': 45, 'LumB': 14}","{'Basal': 6, 'Her2': 2, 'LumA': 12, 'LumB': 3}",4,False,0.9565217391304348,1.0,0.9166666666666666,0.8571428571428571,0.75,1.0,1.0,1.0,1.0,1.0,1.0,1.0,18051
classification,RFECA_SVR(k=5),EnsembleSoft,0.05,4,5,0.8557692307692308,0.8333333333333334,94,23,"{'Basal': 24, 'Her2': 11, 'LumA': 45, 'LumB': 14}","{'Basal': 5, 'Her2': 3, 'LumA': 12, 'LumB': 3}",4,False,0.9230769230769231,0.8571428571428571,1.0,0.5,1.0,0.3333333333333333,1.0,1.0,1.0,1.0,1.0,1.0,18051
classification,RFECA_SVR(k=10),EnsembleSoft,0.05,4,1,0.9207251082251082,0.8958333333333334,93,24,"{'Basal': 23, 'Her2': 11, 'LumA': 46, 'LumB': 13}","{'Basal': 6, 'Her2': 3, 'LumA': 11, 'LumB': 4}",4,False,0.9166666666666666,0.8461538461538461,1.0,0.8571428571428571,1.0,0.75,1.0,1.0,1.0,0.9090909090909091,1.0,0.8333333333333334,18051
classification,RFECA_SVR(k=10),EnsembleSoft,0.05,4,2,0.9222222222222223,0.9166666666666666,93,24,"{'Basal': 23, 'Her2': 11, 'LumA': 46, 'LumB': 13}","{'Basal': 6, 'Her2': 3, 'LumA': 11, 'LumB': 4}",4,False,1.0,1.0,1.0,0.8888888888888888,0.8,1.0,0.8,1.0,0.6666666666666666,1.0,1.0,1.0,18051
classification,RFECA_SVR(k=10),EnsembleSoft,0.05,4,3,1.0,1.0,94,23,"{'Basal': 23, 'Her2': 11, 'LumA': 46, 'LumB': 14}","{'Basal': 6, 'Her2': 3, 'LumA': 11, 'LumB': 3}",4,False,1.0,1.0,1.0,1.0,1.0,1.0,1.0,1.0,1.0,1.0,1.0,1.0,18051
classification,RFECA_SVR(k=10),EnsembleSoft,0.05,4,4,1.0,1.0,94,23,"{'Basal': 23, 'Her2': 12, 'LumA': 45, 'LumB': 14}","{'Basal': 6, 'Her2': 2, 'LumA': 12, 'LumB': 3}",4,False,1.0,1.0,1.0,1.0,1.0,1.0,1.0,1.0,1.0,1.0,1.0,1.0,18051
classification,RFECA_SVR(k=10),EnsembleSoft,0.05,4,5,0.8557692307692308,0.8333333333333334,94,23,"{'Basal': 24, 'Her2': 11, 'LumA': 45, 'LumB': 14}","{'Basal': 5, 'Her2': 3, 'LumA': 12, 'LumB': 3}",4,False,0.9230769230769231,0.8571428571428571,1.0,0.5,1.0,0.3333333333333333,1.0,1.0,1.0,1.0,1.0,1.0,18051
classification,RFECA_SVR(k=20),EnsembleSoft,0.05,4,1,0.9207251082251082,0.8958333333333334,93,24,"{'Basal': 23, 'Her2': 11, 'LumA': 46, 'LumB': 13}","{'Basal': 6, 'Her2': 3, 'LumA': 11, 'LumB': 4}",4,False,0.9166666666666666,0.8461538461538461,1.0,0.8571428571428571,1.0,0.75,1.0,1.0,1.0,0.9090909090909091,1.0,0.8333333333333334,18051
classification,RFECA_SVR(k=20),EnsembleSoft,0.05,4,2,0.9222222222222223,0.9166666666666666,93,24,"{'Basal': 23, 'Her2': 11, 'LumA': 46, 'LumB': 13}","{'Basal': 6, 'Her2': 3, 'LumA': 11, 'LumB': 4}",4,False,1.0,1.0,1.0,0.8888888888888888,0.8,1.0,0.8,1.0,0.6666666666666666,1.0,1.0,1.0,18051
classification,RFECA_SVR(k=20),EnsembleSoft,0.05,4,3,1.0,1.0,94,23,"{'Basal': 23, 'Her2': 11, 'LumA': 46, 'LumB': 14}","{'Basal': 6, 'Her2': 3, 'LumA': 11, 'LumB': 3}",4,False,1.0,1.0,1.0,1.0,1.0,1.0,1.0,1.0,1.0,1.0,1.0,1.0,18051
classification,RFECA_SVR(k=20),EnsembleSoft,0.05,4,4,1.0,1.0,94,23,"{'Basal': 23, 'Her2': 12, 'LumA': 45, 'LumB': 14}","{'Basal': 6, 'Her2': 2, 'LumA': 12, 'LumB': 3}",4,False,1.0,1.0,1.0,1.0,1.0,1.0,1.0,1.0,1.0,1.0,1.0,1.0,18051
classification,RFECA_SVR(k=20),EnsembleSoft,0.05,4,5,0.8557692307692308,0.8333333333333334,94,23,"{'Basal': 24, 'Her2': 11, 'LumA': 45, 'LumB': 14}","{'Basal': 5, 'Her2': 3, 'LumA': 12, 'LumB': 3}",4,False,0.9230769230769231,0.8571428571428571,1.0,0.5,1.0,0.3333333333333333,1.0,1.0,1.0,1.0,1.0,1.0,18051
classification,MissForest,EnsembleSoft,0.05,4,1,0.9207251082251082,0.8958333333333334,93,24,"{'Basal': 23, 'Her2': 11, 'LumA': 46, 'LumB': 13}","{'Basal': 6, 'Her2': 3, 'LumA': 11, 'LumB': 4}",4,False,0.9166666666666666,0.8461538461538461,1.0,0.8571428571428571,1.0,0.75,1.0,1.0,1.0,0.9090909090909091,1.0,0.8333333333333334,18051
classification,MissForest,EnsembleSoft,0.05,4,2,0.9222222222222223,0.9166666666666666,93,24,"{'Basal': 23, 'Her2': 11, 'LumA': 46, 'LumB': 13}","{'Basal': 6, 'Her2': 3, 'LumA': 11, 'LumB': 4}",4,False,1.0,1.0,1.0,0.8888888888888888,0.8,1.0,0.8,1.0,0.6666666666666666,1.0,1.0,1.0,18051
classification,MissForest,EnsembleSoft,0.05,4,3,1.0,1.0,94,23,"{'Basal': 23, 'Her2': 11, 'LumA': 46, 'LumB': 14}","{'Basal': 6, 'Her2': 3, 'LumA': 11, 'LumB': 3}",4,False,1.0,1.0,1.0,1.0,1.0,1.0,1.0,1.0,1.0,1.0,1.0,1.0,18051
classification,MissForest,EnsembleSoft,0.05,4,4,0.953416149068323,0.9791666666666666,94,23,"{'Basal': 23, 'Her2': 12, 'LumA': 45, 'LumB': 14}","{'Basal': 6, 'Her2': 2, 'LumA': 12, 'LumB': 3}",4,False,0.9565217391304348,1.0,0.9166666666666666,0.8571428571428571,0.75,1.0,1.0,1.0,1.0,1.0,1.0,1.0,18051
classification,MissForest,EnsembleSoft,0.05,4,5,0.8557692307692308,0.8333333333333334,94,23,"{'Basal': 24, 'Her2': 11, 'LumA': 45, 'LumB': 14}","{'Basal': 5, 'Her2': 3, 'LumA': 12, 'LumB': 3}",4,False,0.9230769230769231,0.8571428571428571,1.0,0.5,1.0,0.3333333333333333,1.0,1.0,1.0,1.0,1.0,1.0,18051
classification,SimpleMean,EnsembleSoft,0.05,5,1,0.9207251082251082,0.8958333333333334,93,24,"{'Basal': 23, 'Her2': 11, 'LumA': 46, 'LumB': 13}","{'Basal': 6, 'Her2': 3, 'LumA': 11, 'LumB': 4}",4,False,0.9166666666666666,0.8461538461538461,1.0,0.8571428571428571,1.0,0.75,1.0,1.0,1.0,0.9090909090909091,1.0,0.8333333333333334,18052
classification,SimpleMean,EnsembleSoft,0.05,5,2,0.9222222222222223,0.9166666666666666,93,24,"{'Basal': 23, 'Her2': 11, 'LumA': 46, 'LumB': 13}","{'Basal': 6, 'Her2': 3, 'LumA': 11, 'LumB': 4}",4,False,1.0,1.0,1.0,0.8888888888888888,0.8,1.0,0.8,1.0,0.6666666666666666,1.0,1.0,1.0,18052
classification,SimpleMean,EnsembleSoft,0.05,5,3,1.0,1.0,94,23,"{'Basal': 23, 'Her2': 11, 'LumA': 46, 'LumB': 14}","{'Basal': 6, 'Her2': 3, 'LumA': 11, 'LumB': 3}",4,False,1.0,1.0,1.0,1.0,1.0,1.0,1.0,1.0,1.0,1.0,1.0,1.0,18052
classification,SimpleMean,EnsembleSoft,0.05,5,4,1.0,1.0,94,23,"{'Basal': 23, 'Her2': 12, 'LumA': 45, 'LumB': 14}","{'Basal': 6, 'Her2': 2, 'LumA': 12, 'LumB': 3}",4,False,1.0,1.0,1.0,1.0,1.0,1.0,1.0,1.0,1.0,1.0,1.0,1.0,18052
classification,SimpleMean,EnsembleSoft,0.05,5,5,0.8557692307692308,0.8333333333333334,94,23,"{'Basal': 24, 'Her2': 11, 'LumA': 45, 'LumB': 14}","{'Basal': 5, 'Her2': 3, 'LumA': 12, 'LumB': 3}",4,False,0.9230769230769231,0.8571428571428571,1.0,0.5,1.0,0.3333333333333333,1.0,1.0,1.0,1.0,1.0,1.0,18052
classification,"KNN(k=5,dist)",EnsembleSoft,0.05,5,1,0.953416149068323,0.9375,93,24,"{'Basal': 23, 'Her2': 11, 'LumA': 46, 'LumB': 13}","{'Basal': 6, 'Her2': 3, 'LumA': 11, 'LumB': 4}",4,False,0.9565217391304348,0.9166666666666666,1.0,0.8571428571428571,1.0,0.75,1.0,1.0,1.0,1.0,1.0,1.0,18052
classification,"KNN(k=5,dist)",EnsembleSoft,0.05,5,2,0.9222222222222223,0.9166666666666666,93,24,"{'Basal': 23, 'Her2': 11, 'LumA': 46, 'LumB': 13}","{'Basal': 6, 'Her2': 3, 'LumA': 11, 'LumB': 4}",4,False,1.0,1.0,1.0,0.8888888888888888,0.8,1.0,0.8,1.0,0.6666666666666666,1.0,1.0,1.0,18052
classification,"KNN(k=5,dist)",EnsembleSoft,0.05,5,3,1.0,1.0,94,23,"{'Basal': 23, 'Her2': 11, 'LumA': 46, 'LumB': 14}","{'Basal': 6, 'Her2': 3, 'LumA': 11, 'LumB': 3}",4,False,1.0,1.0,1.0,1.0,1.0,1.0,1.0,1.0,1.0,1.0,1.0,1.0,18052
classification,"KNN(k=5,dist)",EnsembleSoft,0.05,5,4,1.0,1.0,94,23,"{'Basal': 23, 'Her2': 12, 'LumA': 45, 'LumB': 14}","{'Basal': 6, 'Her2': 2, 'LumA': 12, 'LumB': 3}",4,False,1.0,1.0,1.0,1.0,1.0,1.0,1.0,1.0,1.0,1.0,1.0,1.0,18052
classification,"KNN(k=5,dist)",EnsembleSoft,0.05,5,5,0.8557692307692308,0.8333333333333334,94,23,"{'Basal': 24, 'Her2': 11, 'LumA': 45, 'LumB': 14}","{'Basal': 5, 'Her2': 3, 'LumA': 12, 'LumB': 3}",4,False,0.9230769230769231,0.8571428571428571,1.0,0.5,1.0,0.3333333333333333,1.0,1.0,1.0,1.0,1.0,1.0,18052
classification,RFECA_SVR(k=5),EnsembleSoft,0.05,5,1,0.9207251082251082,0.8958333333333334,93,24,"{'Basal': 23, 'Her2': 11, 'LumA': 46, 'LumB': 13}","{'Basal': 6, 'Her2': 3, 'LumA': 11, 'LumB': 4}",4,False,0.9166666666666666,0.8461538461538461,1.0,0.8571428571428571,1.0,0.75,1.0,1.0,1.0,0.9090909090909091,1.0,0.8333333333333334,18052
classification,RFECA_SVR(k=5),EnsembleSoft,0.05,5,2,0.9222222222222223,0.9166666666666666,93,24,"{'Basal': 23, 'Her2': 11, 'LumA': 46, 'LumB': 13}","{'Basal': 6, 'Her2': 3, 'LumA': 11, 'LumB': 4}",4,False,1.0,1.0,1.0,0.8888888888888888,0.8,1.0,0.8,1.0,0.6666666666666666,1.0,1.0,1.0,18052
classification,RFECA_SVR(k=5),EnsembleSoft,0.05,5,3,0.9391304347826087,0.9166666666666666,94,23,"{'Basal': 23, 'Her2': 11, 'LumA': 46, 'LumB': 14}","{'Basal': 6, 'Her2': 3, 'LumA': 11, 'LumB': 3}",4,False,0.9565217391304348,0.9166666666666666,1.0,1.0,1.0,1.0,0.8,1.0,0.6666666666666666,1.0,1.0,1.0,18052
classification,RFECA_SVR(k=5),EnsembleSoft,0.05,5,4,0.953416149068323,0.9791666666666666,94,23,"{'Basal': 23, 'Her2': 12, 'LumA': 45, 'LumB': 14}","{'Basal': 6, 'Her2': 2, 'LumA': 12, 'LumB': 3}",4,False,0.9565217391304348,1.0,0.9166666666666666,0.8571428571428571,0.75,1.0,1.0,1.0,1.0,1.0,1.0,1.0,18052
classification,RFECA_SVR(k=5),EnsembleSoft,0.05,5,5,0.8557692307692308,0.8333333333333334,94,23,"{'Basal': 24, 'Her2': 11, 'LumA': 45, 'LumB': 14}","{'Basal': 5, 'Her2': 3, 'LumA': 12, 'LumB': 3}",4,False,0.9230769230769231,0.8571428571428571,1.0,0.5,1.0,0.3333333333333333,1.0,1.0,1.0,1.0,1.0,1.0,18052
classification,RFECA_SVR(k=10),EnsembleSoft,0.05,5,1,0.953416149068323,0.9375,93,24,"{'Basal': 23, 'Her2': 11, 'LumA': 46, 'LumB': 13}","{'Basal': 6, 'Her2': 3, 'LumA': 11, 'LumB': 4}",4,False,0.9565217391304348,0.9166666666666666,1.0,0.8571428571428571,1.0,0.75,1.0,1.0,1.0,1.0,1.0,1.0,18052
classification,RFECA_SVR(k=10),EnsembleSoft,0.05,5,2,0.9222222222222223,0.9166666666666666,93,24,"{'Basal': 23, 'Her2': 11, 'LumA': 46, 'LumB': 13}","{'Basal': 6, 'Her2': 3, 'LumA': 11, 'LumB': 4}",4,False,1.0,1.0,1.0,0.8888888888888888,0.8,1.0,0.8,1.0,0.6666666666666666,1.0,1.0,1.0,18052
classification,RFECA_SVR(k=10),EnsembleSoft,0.05,5,3,1.0,1.0,94,23,"{'Basal': 23, 'Her2': 11, 'LumA': 46, 'LumB': 14}","{'Basal': 6, 'Her2': 3, 'LumA': 11, 'LumB': 3}",4,False,1.0,1.0,1.0,1.0,1.0,1.0,1.0,1.0,1.0,1.0,1.0,1.0,18052
classification,RFECA_SVR(k=10),EnsembleSoft,0.05,5,4,0.953416149068323,0.9791666666666666,94,23,"{'Basal': 23, 'Her2': 12, 'LumA': 45, 'LumB': 14}","{'Basal': 6, 'Her2': 2, 'LumA': 12, 'LumB': 3}",4,False,0.9565217391304348,1.0,0.9166666666666666,0.8571428571428571,0.75,1.0,1.0,1.0,1.0,1.0,1.0,1.0,18052
classification,RFECA_SVR(k=10),EnsembleSoft,0.05,5,5,0.8557692307692308,0.8333333333333334,94,23,"{'Basal': 24, 'Her2': 11, 'LumA': 45, 'LumB': 14}","{'Basal': 5, 'Her2': 3, 'LumA': 12, 'LumB': 3}",4,False,0.9230769230769231,0.8571428571428571,1.0,0.5,1.0,0.3333333333333333,1.0,1.0,1.0,1.0,1.0,1.0,18052
classification,RFECA_SVR(k=20),EnsembleSoft,0.05,5,1,0.9207251082251082,0.8958333333333334,93,24,"{'Basal': 23, 'Her2': 11, 'LumA': 46, 'LumB': 13}","{'Basal': 6, 'Her2': 3, 'LumA': 11, 'LumB': 4}",4,False,0.9166666666666666,0.8461538461538461,1.0,0.8571428571428571,1.0,0.75,1.0,1.0,1.0,0.9090909090909091,1.0,0.8333333333333334,18052
classification,RFECA_SVR(k=20),EnsembleSoft,0.05,5,2,0.9222222222222223,0.9166666666666666,93,24,"{'Basal': 23, 'Her2': 11, 'LumA': 46, 'LumB': 13}","{'Basal': 6, 'Her2': 3, 'LumA': 11, 'LumB': 4}",4,False,1.0,1.0,1.0,0.8888888888888888,0.8,1.0,0.8,1.0,0.6666666666666666,1.0,1.0,1.0,18052
classification,RFECA_SVR(k=20),EnsembleSoft,0.05,5,3,0.9391304347826087,0.9166666666666666,94,23,"{'Basal': 23, 'Her2': 11, 'LumA': 46, 'LumB': 14}","{'Basal': 6, 'Her2': 3, 'LumA': 11, 'LumB': 3}",4,False,0.9565217391304348,0.9166666666666666,1.0,1.0,1.0,1.0,0.8,1.0,0.6666666666666666,1.0,1.0,1.0,18052
classification,RFECA_SVR(k=20),EnsembleSoft,0.05,5,4,0.8601190476190476,0.8541666666666666,94,23,"{'Basal': 23, 'Her2': 12, 'LumA': 45, 'LumB': 14}","{'Basal': 6, 'Her2': 2, 'LumA': 12, 'LumB': 3}",4,False,0.9166666666666666,0.9166666666666666,0.9166666666666666,0.8571428571428571,0.75,1.0,0.6666666666666666,1.0,0.5,1.0,1.0,1.0,18052
classification,RFECA_SVR(k=20),EnsembleSoft,0.05,5,5,0.8557692307692308,0.8333333333333334,94,23,"{'Basal': 24, 'Her2': 11, 'LumA': 45, 'LumB': 14}","{'Basal': 5, 'Her2': 3, 'LumA': 12, 'LumB': 3}",4,False,0.9230769230769231,0.8571428571428571,1.0,0.5,1.0,0.3333333333333333,1.0,1.0,1.0,1.0,1.0,1.0,18052
classification,MissForest,EnsembleSoft,0.05,5,1,0.9207251082251082,0.8958333333333334,93,24,"{'Basal': 23, 'Her2': 11, 'LumA': 46, 'LumB': 13}","{'Basal': 6, 'Her2': 3, 'LumA': 11, 'LumB': 4}",4,False,0.9166666666666666,0.8461538461538461,1.0,0.8571428571428571,1.0,0.75,1.0,1.0,1.0,0.9090909090909091,1.0,0.8333333333333334,18052
classification,MissForest,EnsembleSoft,0.05,5,2,0.9222222222222223,0.9166666666666666,93,24,"{'Basal': 23, 'Her2': 11, 'LumA': 46, 'LumB': 13}","{'Basal': 6, 'Her2': 3, 'LumA': 11, 'LumB': 4}",4,False,1.0,1.0,1.0,0.8888888888888888,0.8,1.0,0.8,1.0,0.6666666666666666,1.0,1.0,1.0,18052
classification,MissForest,EnsembleSoft,0.05,5,3,0.9391304347826087,0.9166666666666666,94,23,"{'Basal': 23, 'Her2': 11, 'LumA': 46, 'LumB': 14}","{'Basal': 6, 'Her2': 3, 'LumA': 11, 'LumB': 3}",4,False,0.9565217391304348,0.9166666666666666,1.0,1.0,1.0,1.0,0.8,1.0,0.6666666666666666,1.0,1.0,1.0,18052
classification,MissForest,EnsembleSoft,0.05,5,4,0.953416149068323,0.9791666666666666,94,23,"{'Basal': 23, 'Her2': 12, 'LumA': 45, 'LumB': 14}","{'Basal': 6, 'Her2': 2, 'LumA': 12, 'LumB': 3}",4,False,0.9565217391304348,1.0,0.9166666666666666,0.8571428571428571,0.75,1.0,1.0,1.0,1.0,1.0,1.0,1.0,18052
classification,MissForest,EnsembleSoft,0.05,5,5,0.8557692307692308,0.8333333333333334,94,23,"{'Basal': 24, 'Her2': 11, 'LumA': 45, 'LumB': 14}","{'Basal': 5, 'Her2': 3, 'LumA': 12, 'LumB': 3}",4,False,0.9230769230769231,0.8571428571428571,1.0,0.5,1.0,0.3333333333333333,1.0,1.0,1.0,1.0,1.0,1.0,18052
classification,SimpleMean,EnsembleSoft,0.05,6,1,0.8949745906267645,0.8958333333333334,93,24,"{'Basal': 23, 'Her2': 11, 'LumA': 46, 'LumB': 13}","{'Basal': 6, 'Her2': 3, 'LumA': 11, 'LumB': 4}",4,False,0.9565217391304348,0.9166666666666666,1.0,0.8571428571428571,1.0,0.75,0.8571428571428571,0.75,1.0,0.9090909090909091,1.0,0.8333333333333334,18053
classification,SimpleMean,EnsembleSoft,0.05,6,2,0.9222222222222223,0.9166666666666666,93,24,"{'Basal': 23, 'Her2': 11, 'LumA': 46, 'LumB': 13}","{'Basal': 6, 'Her2': 3, 'LumA': 11, 'LumB': 4}",4,False,1.0,1.0,1.0,0.8888888888888888,0.8,1.0,0.8,1.0,0.6666666666666666,1.0,1.0,1.0,18053
classification,SimpleMean,EnsembleSoft,0.05,6,3,0.9391304347826087,0.9166666666666666,94,23,"{'Basal': 23, 'Her2': 11, 'LumA': 46, 'LumB': 14}","{'Basal': 6, 'Her2': 3, 'LumA': 11, 'LumB': 3}",4,False,0.9565217391304348,0.9166666666666666,1.0,0.8,1.0,0.6666666666666666,1.0,1.0,1.0,1.0,1.0,1.0,18053
classification,SimpleMean,EnsembleSoft,0.05,6,4,0.8215579710144927,0.8333333333333334,94,23,"{'Basal': 23, 'Her2': 12, 'LumA': 45, 'LumB': 14}","{'Basal': 6, 'Her2': 2, 'LumA': 12, 'LumB': 3}",4,False,0.8695652173913043,0.9090909090909091,0.8333333333333334,0.75,0.6,1.0,0.6666666666666666,1.0,0.5,1.0,1.0,1.0,18053
classification,SimpleMean,EnsembleSoft,0.05,6,5,0.8557692307692308,0.8333333333333334,94,23,"{'Basal': 24, 'Her2': 11, 'LumA': 45, 'LumB': 14}","{'Basal': 5, 'Her2': 3, 'LumA': 12, 'LumB': 3}",4,False,0.9230769230769231,0.8571428571428571,1.0,0.5,1.0,0.3333333333333333,1.0,1.0,1.0,1.0,1.0,1.0,18053
classification,"KNN(k=5,dist)",EnsembleSoft,0.05,6,1,0.9207251082251082,0.8958333333333334,93,24,"{'Basal': 23, 'Her2': 11, 'LumA': 46, 'LumB': 13}","{'Basal': 6, 'Her2': 3, 'LumA': 11, 'LumB': 4}",4,False,0.9166666666666666,0.8461538461538461,1.0,0.8571428571428571,1.0,0.75,1.0,1.0,1.0,0.9090909090909091,1.0,0.8333333333333334,18053
classification,"KNN(k=5,dist)",EnsembleSoft,0.05,6,2,0.9222222222222223,0.9166666666666666,93,24,"{'Basal': 23, 'Her2': 11, 'LumA': 46, 'LumB': 13}","{'Basal': 6, 'Her2': 3, 'LumA': 11, 'LumB': 4}",4,False,1.0,1.0,1.0,0.8888888888888888,0.8,1.0,0.8,1.0,0.6666666666666666,1.0,1.0,1.0,18053
classification,"KNN(k=5,dist)",EnsembleSoft,0.05,6,3,1.0,1.0,94,23,"{'Basal': 23, 'Her2': 11, 'LumA': 46, 'LumB': 14}","{'Basal': 6, 'Her2': 3, 'LumA': 11, 'LumB': 3}",4,False,1.0,1.0,1.0,1.0,1.0,1.0,1.0,1.0,1.0,1.0,1.0,1.0,18053
classification,"KNN(k=5,dist)",EnsembleSoft,0.05,6,4,0.9066666666666666,0.875,94,23,"{'Basal': 23, 'Her2': 12, 'LumA': 45, 'LumB': 14}","{'Basal': 6, 'Her2': 2, 'LumA': 12, 'LumB': 3}",4,False,0.96,0.9230769230769231,1.0,1.0,1.0,1.0,0.6666666666666666,1.0,0.5,1.0,1.0,1.0,18053
classification,"KNN(k=5,dist)",EnsembleSoft,0.05,6,5,0.8557692307692308,0.8333333333333334,94,23,"{'Basal': 24, 'Her2': 11, 'LumA': 45, 'LumB': 14}","{'Basal': 5, 'Her2': 3, 'LumA': 12, 'LumB': 3}",4,False,0.9230769230769231,0.8571428571428571,1.0,0.5,1.0,0.3333333333333333,1.0,1.0,1.0,1.0,1.0,1.0,18053
classification,RFECA_SVR(k=5),EnsembleSoft,0.05,6,1,0.9207251082251082,0.8958333333333334,93,24,"{'Basal': 23, 'Her2': 11, 'LumA': 46, 'LumB': 13}","{'Basal': 6, 'Her2': 3, 'LumA': 11, 'LumB': 4}",4,False,0.9166666666666666,0.8461538461538461,1.0,0.8571428571428571,1.0,0.75,1.0,1.0,1.0,0.9090909090909091,1.0,0.8333333333333334,18053
classification,RFECA_SVR(k=5),EnsembleSoft,0.05,6,2,0.9222222222222223,0.9166666666666666,93,24,"{'Basal': 23, 'Her2': 11, 'LumA': 46, 'LumB': 13}","{'Basal': 6, 'Her2': 3, 'LumA': 11, 'LumB': 4}",4,False,1.0,1.0,1.0,0.8888888888888888,0.8,1.0,0.8,1.0,0.6666666666666666,1.0,1.0,1.0,18053
classification,RFECA_SVR(k=5),EnsembleSoft,0.05,6,3,1.0,1.0,94,23,"{'Basal': 23, 'Her2': 11, 'LumA': 46, 'LumB': 14}","{'Basal': 6, 'Her2': 3, 'LumA': 11, 'LumB': 3}",4,False,1.0,1.0,1.0,1.0,1.0,1.0,1.0,1.0,1.0,1.0,1.0,1.0,18053
classification,RFECA_SVR(k=5),EnsembleSoft,0.05,6,4,0.8601190476190476,0.8541666666666666,94,23,"{'Basal': 23, 'Her2': 12, 'LumA': 45, 'LumB': 14}","{'Basal': 6, 'Her2': 2, 'LumA': 12, 'LumB': 3}",4,False,0.9166666666666666,0.9166666666666666,0.9166666666666666,0.8571428571428571,0.75,1.0,0.6666666666666666,1.0,0.5,1.0,1.0,1.0,18053
classification,RFECA_SVR(k=5),EnsembleSoft,0.05,6,5,0.8557692307692308,0.8333333333333334,94,23,"{'Basal': 24, 'Her2': 11, 'LumA': 45, 'LumB': 14}","{'Basal': 5, 'Her2': 3, 'LumA': 12, 'LumB': 3}",4,False,0.9230769230769231,0.8571428571428571,1.0,0.5,1.0,0.3333333333333333,1.0,1.0,1.0,1.0,1.0,1.0,18053
classification,RFECA_SVR(k=10),EnsembleSoft,0.05,6,1,0.9207251082251082,0.8958333333333334,93,24,"{'Basal': 23, 'Her2': 11, 'LumA': 46, 'LumB': 13}","{'Basal': 6, 'Her2': 3, 'LumA': 11, 'LumB': 4}",4,False,0.9166666666666666,0.8461538461538461,1.0,0.8571428571428571,1.0,0.75,1.0,1.0,1.0,0.9090909090909091,1.0,0.8333333333333334,18053
classification,RFECA_SVR(k=10),EnsembleSoft,0.05,6,2,0.9222222222222223,0.9166666666666666,93,24,"{'Basal': 23, 'Her2': 11, 'LumA': 46, 'LumB': 13}","{'Basal': 6, 'Her2': 3, 'LumA': 11, 'LumB': 4}",4,False,1.0,1.0,1.0,0.8888888888888888,0.8,1.0,0.8,1.0,0.6666666666666666,1.0,1.0,1.0,18053
classification,RFECA_SVR(k=10),EnsembleSoft,0.05,6,3,1.0,1.0,94,23,"{'Basal': 23, 'Her2': 11, 'LumA': 46, 'LumB': 14}","{'Basal': 6, 'Her2': 3, 'LumA': 11, 'LumB': 3}",4,False,1.0,1.0,1.0,1.0,1.0,1.0,1.0,1.0,1.0,1.0,1.0,1.0,18053
classification,RFECA_SVR(k=10),EnsembleSoft,0.05,6,4,0.9147727272727273,0.9583333333333334,94,23,"{'Basal': 23, 'Her2': 12, 'LumA': 45, 'LumB': 14}","{'Basal': 6, 'Her2': 2, 'LumA': 12, 'LumB': 3}",4,False,0.9090909090909091,1.0,0.8333333333333334,0.75,0.6,1.0,1.0,1.0,1.0,1.0,1.0,1.0,18053
classification,RFECA_SVR(k=10),EnsembleSoft,0.05,6,5,0.8557692307692308,0.8333333333333334,94,23,"{'Basal': 24, 'Her2': 11, 'LumA': 45, 'LumB': 14}","{'Basal': 5, 'Her2': 3, 'LumA': 12, 'LumB': 3}",4,False,0.9230769230769231,0.8571428571428571,1.0,0.5,1.0,0.3333333333333333,1.0,1.0,1.0,1.0,1.0,1.0,18053
classification,RFECA_SVR(k=20),EnsembleSoft,0.05,6,1,0.9207251082251082,0.8958333333333334,93,24,"{'Basal': 23, 'Her2': 11, 'LumA': 46, 'LumB': 13}","{'Basal': 6, 'Her2': 3, 'LumA': 11, 'LumB': 4}",4,False,0.9166666666666666,0.8461538461538461,1.0,0.8571428571428571,1.0,0.75,1.0,1.0,1.0,0.9090909090909091,1.0,0.8333333333333334,18053
classification,RFECA_SVR(k=20),EnsembleSoft,0.05,6,2,0.9222222222222223,0.9166666666666666,93,24,"{'Basal': 23, 'Her2': 11, 'LumA': 46, 'LumB': 13}","{'Basal': 6, 'Her2': 3, 'LumA': 11, 'LumB': 4}",4,False,1.0,1.0,1.0,0.8888888888888888,0.8,1.0,0.8,1.0,0.6666666666666666,1.0,1.0,1.0,18053
classification,RFECA_SVR(k=20),EnsembleSoft,0.05,6,3,1.0,1.0,94,23,"{'Basal': 23, 'Her2': 11, 'LumA': 46, 'LumB': 14}","{'Basal': 6, 'Her2': 3, 'LumA': 11, 'LumB': 3}",4,False,1.0,1.0,1.0,1.0,1.0,1.0,1.0,1.0,1.0,1.0,1.0,1.0,18053
classification,RFECA_SVR(k=20),EnsembleSoft,0.05,6,4,0.953416149068323,0.9791666666666666,94,23,"{'Basal': 23, 'Her2': 12, 'LumA': 45, 'LumB': 14}","{'Basal': 6, 'Her2': 2, 'LumA': 12, 'LumB': 3}",4,False,0.9565217391304348,1.0,0.9166666666666666,0.8571428571428571,0.75,1.0,1.0,1.0,1.0,1.0,1.0,1.0,18053
classification,RFECA_SVR(k=20),EnsembleSoft,0.05,6,5,0.8557692307692308,0.8333333333333334,94,23,"{'Basal': 24, 'Her2': 11, 'LumA': 45, 'LumB': 14}","{'Basal': 5, 'Her2': 3, 'LumA': 12, 'LumB': 3}",4,False,0.9230769230769231,0.8571428571428571,1.0,0.5,1.0,0.3333333333333333,1.0,1.0,1.0,1.0,1.0,1.0,18053
classification,MissForest,EnsembleSoft,0.05,6,1,0.9207251082251082,0.8958333333333334,93,24,"{'Basal': 23, 'Her2': 11, 'LumA': 46, 'LumB': 13}","{'Basal': 6, 'Her2': 3, 'LumA': 11, 'LumB': 4}",4,False,0.9166666666666666,0.8461538461538461,1.0,0.8571428571428571,1.0,0.75,1.0,1.0,1.0,0.9090909090909091,1.0,0.8333333333333334,18053
classification,MissForest,EnsembleSoft,0.05,6,2,0.9222222222222223,0.9166666666666666,93,24,"{'Basal': 23, 'Her2': 11, 'LumA': 46, 'LumB': 13}","{'Basal': 6, 'Her2': 3, 'LumA': 11, 'LumB': 4}",4,False,1.0,1.0,1.0,0.8888888888888888,0.8,1.0,0.8,1.0,0.6666666666666666,1.0,1.0,1.0,18053
classification,MissForest,EnsembleSoft,0.05,6,3,0.9391304347826087,0.9166666666666666,94,23,"{'Basal': 23, 'Her2': 11, 'LumA': 46, 'LumB': 14}","{'Basal': 6, 'Her2': 3, 'LumA': 11, 'LumB': 3}",4,False,0.9565217391304348,0.9166666666666666,1.0,1.0,1.0,1.0,0.8,1.0,0.6666666666666666,1.0,1.0,1.0,18053
classification,MissForest,EnsembleSoft,0.05,6,4,0.953416149068323,0.9791666666666666,94,23,"{'Basal': 23, 'Her2': 12, 'LumA': 45, 'LumB': 14}","{'Basal': 6, 'Her2': 2, 'LumA': 12, 'LumB': 3}",4,False,0.9565217391304348,1.0,0.9166666666666666,0.8571428571428571,0.75,1.0,1.0,1.0,1.0,1.0,1.0,1.0,18053
classification,MissForest,EnsembleSoft,0.05,6,5,0.8557692307692308,0.8333333333333334,94,23,"{'Basal': 24, 'Her2': 11, 'LumA': 45, 'LumB': 14}","{'Basal': 5, 'Her2': 3, 'LumA': 12, 'LumB': 3}",4,False,0.9230769230769231,0.8571428571428571,1.0,0.5,1.0,0.3333333333333333,1.0,1.0,1.0,1.0,1.0,1.0,18053
classification,SimpleMean,EnsembleSoft,0.05,7,1,0.8949745906267645,0.8958333333333334,93,24,"{'Basal': 23, 'Her2': 11, 'LumA': 46, 'LumB': 13}","{'Basal': 6, 'Her2': 3, 'LumA': 11, 'LumB': 4}",4,False,0.9565217391304348,0.9166666666666666,1.0,0.8571428571428571,1.0,0.75,0.8571428571428571,0.75,1.0,0.9090909090909091,1.0,0.8333333333333334,18054
classification,SimpleMean,EnsembleSoft,0.05,7,2,0.9222222222222223,0.9166666666666666,93,24,"{'Basal': 23, 'Her2': 11, 'LumA': 46, 'LumB': 13}","{'Basal': 6, 'Her2': 3, 'LumA': 11, 'LumB': 4}",4,False,1.0,1.0,1.0,0.8888888888888888,0.8,1.0,0.8,1.0,0.6666666666666666,1.0,1.0,1.0,18054
classification,SimpleMean,EnsembleSoft,0.05,7,3,0.8791666666666667,0.8333333333333333,94,23,"{'Basal': 23, 'Her2': 11, 'LumA': 46, 'LumB': 14}","{'Basal': 6, 'Her2': 3, 'LumA': 11, 'LumB': 3}",4,False,0.9166666666666666,0.8461538461538461,1.0,0.8,1.0,0.6666666666666666,0.8,1.0,0.6666666666666666,1.0,1.0,1.0,18054
classification,SimpleMean,EnsembleSoft,0.05,7,4,0.9391304347826087,0.9791666666666666,94,23,"{'Basal': 23, 'Her2': 12, 'LumA': 45, 'LumB': 14}","{'Basal': 6, 'Her2': 2, 'LumA': 12, 'LumB': 3}",4,False,0.9565217391304348,1.0,0.9166666666666666,1.0,1.0,1.0,0.8,0.6666666666666666,1.0,1.0,1.0,1.0,18054
classification,SimpleMean,EnsembleSoft,0.05,7,5,0.8557692307692308,0.8333333333333334,94,23,"{'Basal': 24, 'Her2': 11, 'LumA': 45, 'LumB': 14}","{'Basal': 5, 'Her2': 3, 'LumA': 12, 'LumB': 3}",4,False,0.9230769230769231,0.8571428571428571,1.0,0.5,1.0,0.3333333333333333,1.0,1.0,1.0,1.0,1.0,1.0,18054
classification,"KNN(k=5,dist)",EnsembleSoft,0.05,7,1,0.9207251082251082,0.8958333333333334,93,24,"{'Basal': 23, 'Her2': 11, 'LumA': 46, 'LumB': 13}","{'Basal': 6, 'Her2': 3, 'LumA': 11, 'LumB': 4}",4,False,0.9166666666666666,0.8461538461538461,1.0,0.8571428571428571,1.0,0.75,1.0,1.0,1.0,0.9090909090909091,1.0,0.8333333333333334,18054
classification,"KNN(k=5,dist)",EnsembleSoft,0.05,7,2,0.9222222222222223,0.9166666666666666,93,24,"{'Basal': 23, 'Her2': 11, 'LumA': 46, 'LumB': 13}","{'Basal': 6, 'Her2': 3, 'LumA': 11, 'LumB': 4}",4,False,1.0,1.0,1.0,0.8888888888888888,0.8,1.0,0.8,1.0,0.6666666666666666,1.0,1.0,1.0,18054
classification,"KNN(k=5,dist)",EnsembleSoft,0.05,7,3,0.9391304347826087,0.9166666666666666,94,23,"{'Basal': 23, 'Her2': 11, 'LumA': 46, 'LumB': 14}","{'Basal': 6, 'Her2': 3, 'LumA': 11, 'LumB': 3}",4,False,0.9565217391304348,0.9166666666666666,1.0,1.0,1.0,1.0,0.8,1.0,0.6666666666666666,1.0,1.0,1.0,18054
classification,"KNN(k=5,dist)",EnsembleSoft,0.05,7,4,0.953416149068323,0.9791666666666666,94,23,"{'Basal': 23, 'Her2': 12, 'LumA': 45, 'LumB': 14}","{'Basal': 6, 'Her2': 2, 'LumA': 12, 'LumB': 3}",4,False,0.9565217391304348,1.0,0.9166666666666666,0.8571428571428571,0.75,1.0,1.0,1.0,1.0,1.0,1.0,1.0,18054
classification,"KNN(k=5,dist)",EnsembleSoft,0.05,7,5,0.8557692307692308,0.8333333333333334,94,23,"{'Basal': 24, 'Her2': 11, 'LumA': 45, 'LumB': 14}","{'Basal': 5, 'Her2': 3, 'LumA': 12, 'LumB': 3}",4,False,0.9230769230769231,0.8571428571428571,1.0,0.5,1.0,0.3333333333333333,1.0,1.0,1.0,1.0,1.0,1.0,18054
classification,RFECA_SVR(k=5),EnsembleSoft,0.05,7,1,0.8949745906267645,0.8958333333333334,93,24,"{'Basal': 23, 'Her2': 11, 'LumA': 46, 'LumB': 13}","{'Basal': 6, 'Her2': 3, 'LumA': 11, 'LumB': 4}",4,False,0.9565217391304348,0.9166666666666666,1.0,0.8571428571428571,1.0,0.75,0.8571428571428571,0.75,1.0,0.9090909090909091,1.0,0.8333333333333334,18054
classification,RFECA_SVR(k=5),EnsembleSoft,0.05,7,2,0.9222222222222223,0.9166666666666666,93,24,"{'Basal': 23, 'Her2': 11, 'LumA': 46, 'LumB': 13}","{'Basal': 6, 'Her2': 3, 'LumA': 11, 'LumB': 4}",4,False,1.0,1.0,1.0,0.8888888888888888,0.8,1.0,0.8,1.0,0.6666666666666666,1.0,1.0,1.0,18054
classification,RFECA_SVR(k=5),EnsembleSoft,0.05,7,3,0.9391304347826087,0.9166666666666666,94,23,"{'Basal': 23, 'Her2': 11, 'LumA': 46, 'LumB': 14}","{'Basal': 6, 'Her2': 3, 'LumA': 11, 'LumB': 3}",4,False,0.9565217391304348,0.9166666666666666,1.0,1.0,1.0,1.0,0.8,1.0,0.6666666666666666,1.0,1.0,1.0,18054
classification,RFECA_SVR(k=5),EnsembleSoft,0.05,7,4,0.8601190476190476,0.8541666666666666,94,23,"{'Basal': 23, 'Her2': 12, 'LumA': 45, 'LumB': 14}","{'Basal': 6, 'Her2': 2, 'LumA': 12, 'LumB': 3}",4,False,0.9166666666666666,0.9166666666666666,0.9166666666666666,0.8571428571428571,0.75,1.0,0.6666666666666666,1.0,0.5,1.0,1.0,1.0,18054
classification,RFECA_SVR(k=5),EnsembleSoft,0.05,7,5,0.8557692307692308,0.8333333333333334,94,23,"{'Basal': 24, 'Her2': 11, 'LumA': 45, 'LumB': 14}","{'Basal': 5, 'Her2': 3, 'LumA': 12, 'LumB': 3}",4,False,0.9230769230769231,0.8571428571428571,1.0,0.5,1.0,0.3333333333333333,1.0,1.0,1.0,1.0,1.0,1.0,18054
classification,RFECA_SVR(k=10),EnsembleSoft,0.05,7,1,0.9207251082251082,0.8958333333333334,93,24,"{'Basal': 23, 'Her2': 11, 'LumA': 46, 'LumB': 13}","{'Basal': 6, 'Her2': 3, 'LumA': 11, 'LumB': 4}",4,False,0.9166666666666666,0.8461538461538461,1.0,0.8571428571428571,1.0,0.75,1.0,1.0,1.0,0.9090909090909091,1.0,0.8333333333333334,18054
classification,RFECA_SVR(k=10),EnsembleSoft,0.05,7,2,0.9222222222222223,0.9166666666666666,93,24,"{'Basal': 23, 'Her2': 11, 'LumA': 46, 'LumB': 13}","{'Basal': 6, 'Her2': 3, 'LumA': 11, 'LumB': 4}",4,False,1.0,1.0,1.0,0.8888888888888888,0.8,1.0,0.8,1.0,0.6666666666666666,1.0,1.0,1.0,18054
classification,RFECA_SVR(k=10),EnsembleSoft,0.05,7,3,0.9391304347826087,0.9166666666666666,94,23,"{'Basal': 23, 'Her2': 11, 'LumA': 46, 'LumB': 14}","{'Basal': 6, 'Her2': 3, 'LumA': 11, 'LumB': 3}",4,False,0.9565217391304348,0.9166666666666666,1.0,1.0,1.0,1.0,0.8,1.0,0.6666666666666666,1.0,1.0,1.0,18054
classification,RFECA_SVR(k=10),EnsembleSoft,0.05,7,4,0.953416149068323,0.9791666666666666,94,23,"{'Basal': 23, 'Her2': 12, 'LumA': 45, 'LumB': 14}","{'Basal': 6, 'Her2': 2, 'LumA': 12, 'LumB': 3}",4,False,0.9565217391304348,1.0,0.9166666666666666,0.8571428571428571,0.75,1.0,1.0,1.0,1.0,1.0,1.0,1.0,18054
classification,RFECA_SVR(k=10),EnsembleSoft,0.05,7,5,0.8557692307692308,0.8333333333333334,94,23,"{'Basal': 24, 'Her2': 11, 'LumA': 45, 'LumB': 14}","{'Basal': 5, 'Her2': 3, 'LumA': 12, 'LumB': 3}",4,False,0.9230769230769231,0.8571428571428571,1.0,0.5,1.0,0.3333333333333333,1.0,1.0,1.0,1.0,1.0,1.0,18054
classification,RFECA_SVR(k=20),EnsembleSoft,0.05,7,1,0.953416149068323,0.9375,93,24,"{'Basal': 23, 'Her2': 11, 'LumA': 46, 'LumB': 13}","{'Basal': 6, 'Her2': 3, 'LumA': 11, 'LumB': 4}",4,False,0.9565217391304348,0.9166666666666666,1.0,0.8571428571428571,1.0,0.75,1.0,1.0,1.0,1.0,1.0,1.0,18054
classification,RFECA_SVR(k=20),EnsembleSoft,0.05,7,2,0.9222222222222223,0.9166666666666666,93,24,"{'Basal': 23, 'Her2': 11, 'LumA': 46, 'LumB': 13}","{'Basal': 6, 'Her2': 3, 'LumA': 11, 'LumB': 4}",4,False,1.0,1.0,1.0,0.8888888888888888,0.8,1.0,0.8,1.0,0.6666666666666666,1.0,1.0,1.0,18054
classification,RFECA_SVR(k=20),EnsembleSoft,0.05,7,3,0.9391304347826087,0.9166666666666666,94,23,"{'Basal': 23, 'Her2': 11, 'LumA': 46, 'LumB': 14}","{'Basal': 6, 'Her2': 3, 'LumA': 11, 'LumB': 3}",4,False,0.9565217391304348,0.9166666666666666,1.0,1.0,1.0,1.0,0.8,1.0,0.6666666666666666,1.0,1.0,1.0,18054
classification,RFECA_SVR(k=20),EnsembleSoft,0.05,7,4,0.953416149068323,0.9791666666666666,94,23,"{'Basal': 23, 'Her2': 12, 'LumA': 45, 'LumB': 14}","{'Basal': 6, 'Her2': 2, 'LumA': 12, 'LumB': 3}",4,False,0.9565217391304348,1.0,0.9166666666666666,0.8571428571428571,0.75,1.0,1.0,1.0,1.0,1.0,1.0,1.0,18054
classification,RFECA_SVR(k=20),EnsembleSoft,0.05,7,5,0.8557692307692308,0.8333333333333334,94,23,"{'Basal': 24, 'Her2': 11, 'LumA': 45, 'LumB': 14}","{'Basal': 5, 'Her2': 3, 'LumA': 12, 'LumB': 3}",4,False,0.9230769230769231,0.8571428571428571,1.0,0.5,1.0,0.3333333333333333,1.0,1.0,1.0,1.0,1.0,1.0,18054
classification,MissForest,EnsembleSoft,0.05,7,1,0.9207251082251082,0.8958333333333334,93,24,"{'Basal': 23, 'Her2': 11, 'LumA': 46, 'LumB': 13}","{'Basal': 6, 'Her2': 3, 'LumA': 11, 'LumB': 4}",4,False,0.9166666666666666,0.8461538461538461,1.0,0.8571428571428571,1.0,0.75,1.0,1.0,1.0,0.9090909090909091,1.0,0.8333333333333334,18054
classification,MissForest,EnsembleSoft,0.05,7,2,0.9222222222222223,0.9166666666666666,93,24,"{'Basal': 23, 'Her2': 11, 'LumA': 46, 'LumB': 13}","{'Basal': 6, 'Her2': 3, 'LumA': 11, 'LumB': 4}",4,False,1.0,1.0,1.0,0.8888888888888888,0.8,1.0,0.8,1.0,0.6666666666666666,1.0,1.0,1.0,18054
classification,MissForest,EnsembleSoft,0.05,7,3,0.9391304347826087,0.9166666666666666,94,23,"{'Basal': 23, 'Her2': 11, 'LumA': 46, 'LumB': 14}","{'Basal': 6, 'Her2': 3, 'LumA': 11, 'LumB': 3}",4,False,0.9565217391304348,0.9166666666666666,1.0,1.0,1.0,1.0,0.8,1.0,0.6666666666666666,1.0,1.0,1.0,18054
classification,MissForest,EnsembleSoft,0.05,7,4,0.953416149068323,0.9791666666666666,94,23,"{'Basal': 23, 'Her2': 12, 'LumA': 45, 'LumB': 14}","{'Basal': 6, 'Her2': 2, 'LumA': 12, 'LumB': 3}",4,False,0.9565217391304348,1.0,0.9166666666666666,0.8571428571428571,0.75,1.0,1.0,1.0,1.0,1.0,1.0,1.0,18054
classification,MissForest,EnsembleSoft,0.05,7,5,0.8557692307692308,0.8333333333333334,94,23,"{'Basal': 24, 'Her2': 11, 'LumA': 45, 'LumB': 14}","{'Basal': 5, 'Her2': 3, 'LumA': 12, 'LumB': 3}",4,False,0.9230769230769231,0.8571428571428571,1.0,0.5,1.0,0.3333333333333333,1.0,1.0,1.0,1.0,1.0,1.0,18054
classification,SimpleMean,EnsembleSoft,0.05,8,1,0.953416149068323,0.9375,93,24,"{'Basal': 23, 'Her2': 11, 'LumA': 46, 'LumB': 13}","{'Basal': 6, 'Her2': 3, 'LumA': 11, 'LumB': 4}",4,False,0.9565217391304348,0.9166666666666666,1.0,0.8571428571428571,1.0,0.75,1.0,1.0,1.0,1.0,1.0,1.0,18055
classification,SimpleMean,EnsembleSoft,0.05,8,2,0.9222222222222223,0.9166666666666666,93,24,"{'Basal': 23, 'Her2': 11, 'LumA': 46, 'LumB': 13}","{'Basal': 6, 'Her2': 3, 'LumA': 11, 'LumB': 4}",4,False,1.0,1.0,1.0,0.8888888888888888,0.8,1.0,0.8,1.0,0.6666666666666666,1.0,1.0,1.0,18055
classification,SimpleMean,EnsembleSoft,0.05,8,3,0.9391304347826087,0.9166666666666666,94,23,"{'Basal': 23, 'Her2': 11, 'LumA': 46, 'LumB': 14}","{'Basal': 6, 'Her2': 3, 'LumA': 11, 'LumB': 3}",4,False,0.9565217391304348,0.9166666666666666,1.0,1.0,1.0,1.0,0.8,1.0,0.6666666666666666,1.0,1.0,1.0,18055
classification,SimpleMean,EnsembleSoft,0.05,8,4,0.9147727272727273,0.9583333333333334,94,23,"{'Basal': 23, 'Her2': 12, 'LumA': 45, 'LumB': 14}","{'Basal': 6, 'Her2': 2, 'LumA': 12, 'LumB': 3}",4,False,0.9090909090909091,1.0,0.8333333333333334,0.75,0.6,1.0,1.0,1.0,1.0,1.0,1.0,1.0,18055
classification,SimpleMean,EnsembleSoft,0.05,8,5,0.8557692307692308,0.8333333333333334,94,23,"{'Basal': 24, 'Her2': 11, 'LumA': 45, 'LumB': 14}","{'Basal': 5, 'Her2': 3, 'LumA': 12, 'LumB': 3}",4,False,0.9230769230769231,0.8571428571428571,1.0,0.5,1.0,0.3333333333333333,1.0,1.0,1.0,1.0,1.0,1.0,18055
classification,"KNN(k=5,dist)",EnsembleSoft,0.05,8,1,0.9207251082251082,0.8958333333333334,93,24,"{'Basal': 23, 'Her2': 11, 'LumA': 46, 'LumB': 13}","{'Basal': 6, 'Her2': 3, 'LumA': 11, 'LumB': 4}",4,False,0.9166666666666666,0.8461538461538461,1.0,0.8571428571428571,1.0,0.75,1.0,1.0,1.0,0.9090909090909091,1.0,0.8333333333333334,18055
classification,"KNN(k=5,dist)",EnsembleSoft,0.05,8,2,1.0,1.0,93,24,"{'Basal': 23, 'Her2': 11, 'LumA': 46, 'LumB': 13}","{'Basal': 6, 'Her2': 3, 'LumA': 11, 'LumB': 4}",4,False,1.0,1.0,1.0,1.0,1.0,1.0,1.0,1.0,1.0,1.0,1.0,1.0,18055
classification,"KNN(k=5,dist)",EnsembleSoft,0.05,8,3,0.9391304347826087,0.9166666666666666,94,23,"{'Basal': 23, 'Her2': 11, 'LumA': 46, 'LumB': 14}","{'Basal': 6, 'Her2': 3, 'LumA': 11, 'LumB': 3}",4,False,0.9565217391304348,0.9166666666666666,1.0,0.8,1.0,0.6666666666666666,1.0,1.0,1.0,1.0,1.0,1.0,18055
classification,"KNN(k=5,dist)",EnsembleSoft,0.05,8,4,0.953416149068323,0.9791666666666666,94,23,"{'Basal': 23, 'Her2': 12, 'LumA': 45, 'LumB': 14}","{'Basal': 6, 'Her2': 2, 'LumA': 12, 'LumB': 3}",4,False,0.9565217391304348,1.0,0.9166666666666666,0.8571428571428571,0.75,1.0,1.0,1.0,1.0,1.0,1.0,1.0,18055
classification,"KNN(k=5,dist)",EnsembleSoft,0.05,8,5,0.8557692307692308,0.8333333333333334,94,23,"{'Basal': 24, 'Her2': 11, 'LumA': 45, 'LumB': 14}","{'Basal': 5, 'Her2': 3, 'LumA': 12, 'LumB': 3}",4,False,0.9230769230769231,0.8571428571428571,1.0,0.5,1.0,0.3333333333333333,1.0,1.0,1.0,1.0,1.0,1.0,18055
classification,RFECA_SVR(k=5),EnsembleSoft,0.05,8,1,0.9207251082251082,0.8958333333333334,93,24,"{'Basal': 23, 'Her2': 11, 'LumA': 46, 'LumB': 13}","{'Basal': 6, 'Her2': 3, 'LumA': 11, 'LumB': 4}",4,False,0.9166666666666666,0.8461538461538461,1.0,0.8571428571428571,1.0,0.75,1.0,1.0,1.0,0.9090909090909091,1.0,0.8333333333333334,18055
classification,RFECA_SVR(k=5),EnsembleSoft,0.05,8,2,1.0,1.0,93,24,"{'Basal': 23, 'Her2': 11, 'LumA': 46, 'LumB': 13}","{'Basal': 6, 'Her2': 3, 'LumA': 11, 'LumB': 4}",4,False,1.0,1.0,1.0,1.0,1.0,1.0,1.0,1.0,1.0,1.0,1.0,1.0,18055
classification,RFECA_SVR(k=5),EnsembleSoft,0.05,8,3,0.8791666666666667,0.8333333333333333,94,23,"{'Basal': 23, 'Her2': 11, 'LumA': 46, 'LumB': 14}","{'Basal': 6, 'Her2': 3, 'LumA': 11, 'LumB': 3}",4,False,0.9166666666666666,0.8461538461538461,1.0,0.8,1.0,0.6666666666666666,0.8,1.0,0.6666666666666666,1.0,1.0,1.0,18055
classification,RFECA_SVR(k=5),EnsembleSoft,0.05,8,4,0.953416149068323,0.9791666666666666,94,23,"{'Basal': 23, 'Her2': 12, 'LumA': 45, 'LumB': 14}","{'Basal': 6, 'Her2': 2, 'LumA': 12, 'LumB': 3}",4,False,0.9565217391304348,1.0,0.9166666666666666,0.8571428571428571,0.75,1.0,1.0,1.0,1.0,1.0,1.0,1.0,18055
classification,RFECA_SVR(k=5),EnsembleSoft,0.05,8,5,0.8557692307692308,0.8333333333333334,94,23,"{'Basal': 24, 'Her2': 11, 'LumA': 45, 'LumB': 14}","{'Basal': 5, 'Her2': 3, 'LumA': 12, 'LumB': 3}",4,False,0.9230769230769231,0.8571428571428571,1.0,0.5,1.0,0.3333333333333333,1.0,1.0,1.0,1.0,1.0,1.0,18055
classification,RFECA_SVR(k=10),EnsembleSoft,0.05,8,1,0.9207251082251082,0.8958333333333334,93,24,"{'Basal': 23, 'Her2': 11, 'LumA': 46, 'LumB': 13}","{'Basal': 6, 'Her2': 3, 'LumA': 11, 'LumB': 4}",4,False,0.9166666666666666,0.8461538461538461,1.0,0.8571428571428571,1.0,0.75,1.0,1.0,1.0,0.9090909090909091,1.0,0.8333333333333334,18055
classification,RFECA_SVR(k=10),EnsembleSoft,0.05,8,2,1.0,1.0,93,24,"{'Basal': 23, 'Her2': 11, 'LumA': 46, 'LumB': 13}","{'Basal': 6, 'Her2': 3, 'LumA': 11, 'LumB': 4}",4,False,1.0,1.0,1.0,1.0,1.0,1.0,1.0,1.0,1.0,1.0,1.0,1.0,18055
classification,RFECA_SVR(k=10),EnsembleSoft,0.05,8,3,0.8791666666666667,0.8333333333333333,94,23,"{'Basal': 23, 'Her2': 11, 'LumA': 46, 'LumB': 14}","{'Basal': 6, 'Her2': 3, 'LumA': 11, 'LumB': 3}",4,False,0.9166666666666666,0.8461538461538461,1.0,0.8,1.0,0.6666666666666666,0.8,1.0,0.6666666666666666,1.0,1.0,1.0,18055
classification,RFECA_SVR(k=10),EnsembleSoft,0.05,8,4,0.953416149068323,0.9791666666666666,94,23,"{'Basal': 23, 'Her2': 12, 'LumA': 45, 'LumB': 14}","{'Basal': 6, 'Her2': 2, 'LumA': 12, 'LumB': 3}",4,False,0.9565217391304348,1.0,0.9166666666666666,0.8571428571428571,0.75,1.0,1.0,1.0,1.0,1.0,1.0,1.0,18055
classification,RFECA_SVR(k=10),EnsembleSoft,0.05,8,5,0.8557692307692308,0.8333333333333334,94,23,"{'Basal': 24, 'Her2': 11, 'LumA': 45, 'LumB': 14}","{'Basal': 5, 'Her2': 3, 'LumA': 12, 'LumB': 3}",4,False,0.9230769230769231,0.8571428571428571,1.0,0.5,1.0,0.3333333333333333,1.0,1.0,1.0,1.0,1.0,1.0,18055
classification,RFECA_SVR(k=20),EnsembleSoft,0.05,8,1,0.9207251082251082,0.8958333333333334,93,24,"{'Basal': 23, 'Her2': 11, 'LumA': 46, 'LumB': 13}","{'Basal': 6, 'Her2': 3, 'LumA': 11, 'LumB': 4}",4,False,0.9166666666666666,0.8461538461538461,1.0,0.8571428571428571,1.0,0.75,1.0,1.0,1.0,0.9090909090909091,1.0,0.8333333333333334,18055
classification,RFECA_SVR(k=20),EnsembleSoft,0.05,8,2,1.0,1.0,93,24,"{'Basal': 23, 'Her2': 11, 'LumA': 46, 'LumB': 13}","{'Basal': 6, 'Her2': 3, 'LumA': 11, 'LumB': 4}",4,False,1.0,1.0,1.0,1.0,1.0,1.0,1.0,1.0,1.0,1.0,1.0,1.0,18055
classification,RFECA_SVR(k=20),EnsembleSoft,0.05,8,3,0.9391304347826087,0.9166666666666666,94,23,"{'Basal': 23, 'Her2': 11, 'LumA': 46, 'LumB': 14}","{'Basal': 6, 'Her2': 3, 'LumA': 11, 'LumB': 3}",4,False,0.9565217391304348,0.9166666666666666,1.0,0.8,1.0,0.6666666666666666,1.0,1.0,1.0,1.0,1.0,1.0,18055
classification,RFECA_SVR(k=20),EnsembleSoft,0.05,8,4,0.953416149068323,0.9791666666666666,94,23,"{'Basal': 23, 'Her2': 12, 'LumA': 45, 'LumB': 14}","{'Basal': 6, 'Her2': 2, 'LumA': 12, 'LumB': 3}",4,False,0.9565217391304348,1.0,0.9166666666666666,0.8571428571428571,0.75,1.0,1.0,1.0,1.0,1.0,1.0,1.0,18055
classification,RFECA_SVR(k=20),EnsembleSoft,0.05,8,5,0.8557692307692308,0.8333333333333334,94,23,"{'Basal': 24, 'Her2': 11, 'LumA': 45, 'LumB': 14}","{'Basal': 5, 'Her2': 3, 'LumA': 12, 'LumB': 3}",4,False,0.9230769230769231,0.8571428571428571,1.0,0.5,1.0,0.3333333333333333,1.0,1.0,1.0,1.0,1.0,1.0,18055
classification,MissForest,EnsembleSoft,0.05,8,1,0.953416149068323,0.9375,93,24,"{'Basal': 23, 'Her2': 11, 'LumA': 46, 'LumB': 13}","{'Basal': 6, 'Her2': 3, 'LumA': 11, 'LumB': 4}",4,False,0.9565217391304348,0.9166666666666666,1.0,0.8571428571428571,1.0,0.75,1.0,1.0,1.0,1.0,1.0,1.0,18055
classification,MissForest,EnsembleSoft,0.05,8,2,0.9222222222222223,0.9166666666666666,93,24,"{'Basal': 23, 'Her2': 11, 'LumA': 46, 'LumB': 13}","{'Basal': 6, 'Her2': 3, 'LumA': 11, 'LumB': 4}",4,False,1.0,1.0,1.0,0.8888888888888888,0.8,1.0,0.8,1.0,0.6666666666666666,1.0,1.0,1.0,18055
classification,MissForest,EnsembleSoft,0.05,8,3,0.9391304347826087,0.9166666666666666,94,23,"{'Basal': 23, 'Her2': 11, 'LumA': 46, 'LumB': 14}","{'Basal': 6, 'Her2': 3, 'LumA': 11, 'LumB': 3}",4,False,0.9565217391304348,0.9166666666666666,1.0,1.0,1.0,1.0,0.8,1.0,0.6666666666666666,1.0,1.0,1.0,18055
classification,MissForest,EnsembleSoft,0.05,8,4,1.0,1.0,94,23,"{'Basal': 23, 'Her2': 12, 'LumA': 45, 'LumB': 14}","{'Basal': 6, 'Her2': 2, 'LumA': 12, 'LumB': 3}",4,False,1.0,1.0,1.0,1.0,1.0,1.0,1.0,1.0,1.0,1.0,1.0,1.0,18055
classification,MissForest,EnsembleSoft,0.05,8,5,0.8557692307692308,0.8333333333333334,94,23,"{'Basal': 24, 'Her2': 11, 'LumA': 45, 'LumB': 14}","{'Basal': 5, 'Her2': 3, 'LumA': 12, 'LumB': 3}",4,False,0.9230769230769231,0.8571428571428571,1.0,0.5,1.0,0.3333333333333333,1.0,1.0,1.0,1.0,1.0,1.0,18055
classification,SimpleMean,EnsembleSoft,0.05,9,1,0.8821640316205533,0.8731060606060607,93,24,"{'Basal': 23, 'Her2': 11, 'LumA': 46, 'LumB': 13}","{'Basal': 6, 'Her2': 3, 'LumA': 11, 'LumB': 4}",4,False,0.8695652173913043,0.8333333333333334,0.9090909090909091,0.75,0.75,0.75,1.0,1.0,1.0,0.9090909090909091,1.0,0.8333333333333334,18056
classification,SimpleMean,EnsembleSoft,0.05,9,2,0.9222222222222223,0.9166666666666666,93,24,"{'Basal': 23, 'Her2': 11, 'LumA': 46, 'LumB': 13}","{'Basal': 6, 'Her2': 3, 'LumA': 11, 'LumB': 4}",4,False,1.0,1.0,1.0,0.8888888888888888,0.8,1.0,0.8,1.0,0.6666666666666666,1.0,1.0,1.0,18056
classification,SimpleMean,EnsembleSoft,0.05,9,3,0.9391304347826087,0.9166666666666666,94,23,"{'Basal': 23, 'Her2': 11, 'LumA': 46, 'LumB': 14}","{'Basal': 6, 'Her2': 3, 'LumA': 11, 'LumB': 3}",4,False,0.9565217391304348,0.9166666666666666,1.0,0.8,1.0,0.6666666666666666,1.0,1.0,1.0,1.0,1.0,1.0,18056
classification,SimpleMean,EnsembleSoft,0.05,9,4,1.0,1.0,94,23,"{'Basal': 23, 'Her2': 12, 'LumA': 45, 'LumB': 14}","{'Basal': 6, 'Her2': 2, 'LumA': 12, 'LumB': 3}",4,False,1.0,1.0,1.0,1.0,1.0,1.0,1.0,1.0,1.0,1.0,1.0,1.0,18056
classification,SimpleMean,EnsembleSoft,0.05,9,5,0.8557692307692308,0.8333333333333334,94,23,"{'Basal': 24, 'Her2': 11, 'LumA': 45, 'LumB': 14}","{'Basal': 5, 'Her2': 3, 'LumA': 12, 'LumB': 3}",4,False,0.9230769230769231,0.8571428571428571,1.0,0.5,1.0,0.3333333333333333,1.0,1.0,1.0,1.0,1.0,1.0,18056
classification,"KNN(k=5,dist)",EnsembleSoft,0.05,9,1,0.953416149068323,0.9375,93,24,"{'Basal': 23, 'Her2': 11, 'LumA': 46, 'LumB': 13}","{'Basal': 6, 'Her2': 3, 'LumA': 11, 'LumB': 4}",4,False,0.9565217391304348,0.9166666666666666,1.0,0.8571428571428571,1.0,0.75,1.0,1.0,1.0,1.0,1.0,1.0,18056
classification,"KNN(k=5,dist)",EnsembleSoft,0.05,9,2,1.0,1.0,93,24,"{'Basal': 23, 'Her2': 11, 'LumA': 46, 'LumB': 13}","{'Basal': 6, 'Her2': 3, 'LumA': 11, 'LumB': 4}",4,False,1.0,1.0,1.0,1.0,1.0,1.0,1.0,1.0,1.0,1.0,1.0,1.0,18056
classification,"KNN(k=5,dist)",EnsembleSoft,0.05,9,3,1.0,1.0,94,23,"{'Basal': 23, 'Her2': 11, 'LumA': 46, 'LumB': 14}","{'Basal': 6, 'Her2': 3, 'LumA': 11, 'LumB': 3}",4,False,1.0,1.0,1.0,1.0,1.0,1.0,1.0,1.0,1.0,1.0,1.0,1.0,18056
classification,"KNN(k=5,dist)",EnsembleSoft,0.05,9,4,1.0,1.0,94,23,"{'Basal': 23, 'Her2': 12, 'LumA': 45, 'LumB': 14}","{'Basal': 6, 'Her2': 2, 'LumA': 12, 'LumB': 3}",4,False,1.0,1.0,1.0,1.0,1.0,1.0,1.0,1.0,1.0,1.0,1.0,1.0,18056
classification,"KNN(k=5,dist)",EnsembleSoft,0.05,9,5,0.8557692307692308,0.8333333333333334,94,23,"{'Basal': 24, 'Her2': 11, 'LumA': 45, 'LumB': 14}","{'Basal': 5, 'Her2': 3, 'LumA': 12, 'LumB': 3}",4,False,0.9230769230769231,0.8571428571428571,1.0,0.5,1.0,0.3333333333333333,1.0,1.0,1.0,1.0,1.0,1.0,18056
classification,RFECA_SVR(k=5),EnsembleSoft,0.05,9,1,0.9207251082251082,0.8958333333333334,93,24,"{'Basal': 23, 'Her2': 11, 'LumA': 46, 'LumB': 13}","{'Basal': 6, 'Her2': 3, 'LumA': 11, 'LumB': 4}",4,False,0.9166666666666666,0.8461538461538461,1.0,0.8571428571428571,1.0,0.75,1.0,1.0,1.0,0.9090909090909091,1.0,0.8333333333333334,18056
classification,RFECA_SVR(k=5),EnsembleSoft,0.05,9,2,0.9222222222222223,0.9166666666666666,93,24,"{'Basal': 23, 'Her2': 11, 'LumA': 46, 'LumB': 13}","{'Basal': 6, 'Her2': 3, 'LumA': 11, 'LumB': 4}",4,False,1.0,1.0,1.0,0.8888888888888888,0.8,1.0,0.8,1.0,0.6666666666666666,1.0,1.0,1.0,18056
classification,RFECA_SVR(k=5),EnsembleSoft,0.05,9,3,1.0,1.0,94,23,"{'Basal': 23, 'Her2': 11, 'LumA': 46, 'LumB': 14}","{'Basal': 6, 'Her2': 3, 'LumA': 11, 'LumB': 3}",4,False,1.0,1.0,1.0,1.0,1.0,1.0,1.0,1.0,1.0,1.0,1.0,1.0,18056
classification,RFECA_SVR(k=5),EnsembleSoft,0.05,9,4,0.953416149068323,0.9791666666666666,94,23,"{'Basal': 23, 'Her2': 12, 'LumA': 45, 'LumB': 14}","{'Basal': 6, 'Her2': 2, 'LumA': 12, 'LumB': 3}",4,False,0.9565217391304348,1.0,0.9166666666666666,0.8571428571428571,0.75,1.0,1.0,1.0,1.0,1.0,1.0,1.0,18056
classification,RFECA_SVR(k=5),EnsembleSoft,0.05,9,5,0.8557692307692308,0.8333333333333334,94,23,"{'Basal': 24, 'Her2': 11, 'LumA': 45, 'LumB': 14}","{'Basal': 5, 'Her2': 3, 'LumA': 12, 'LumB': 3}",4,False,0.9230769230769231,0.8571428571428571,1.0,0.5,1.0,0.3333333333333333,1.0,1.0,1.0,1.0,1.0,1.0,18056
classification,RFECA_SVR(k=10),EnsembleSoft,0.05,9,1,0.9207251082251082,0.8958333333333334,93,24,"{'Basal': 23, 'Her2': 11, 'LumA': 46, 'LumB': 13}","{'Basal': 6, 'Her2': 3, 'LumA': 11, 'LumB': 4}",4,False,0.9166666666666666,0.8461538461538461,1.0,0.8571428571428571,1.0,0.75,1.0,1.0,1.0,0.9090909090909091,1.0,0.8333333333333334,18056
classification,RFECA_SVR(k=10),EnsembleSoft,0.05,9,2,0.9222222222222223,0.9166666666666666,93,24,"{'Basal': 23, 'Her2': 11, 'LumA': 46, 'LumB': 13}","{'Basal': 6, 'Her2': 3, 'LumA': 11, 'LumB': 4}",4,False,1.0,1.0,1.0,0.8888888888888888,0.8,1.0,0.8,1.0,0.6666666666666666,1.0,1.0,1.0,18056
classification,RFECA_SVR(k=10),EnsembleSoft,0.05,9,3,0.9391304347826087,0.9166666666666666,94,23,"{'Basal': 23, 'Her2': 11, 'LumA': 46, 'LumB': 14}","{'Basal': 6, 'Her2': 3, 'LumA': 11, 'LumB': 3}",4,False,0.9565217391304348,0.9166666666666666,1.0,0.8,1.0,0.6666666666666666,1.0,1.0,1.0,1.0,1.0,1.0,18056
classification,RFECA_SVR(k=10),EnsembleSoft,0.05,9,4,1.0,1.0,94,23,"{'Basal': 23, 'Her2': 12, 'LumA': 45, 'LumB': 14}","{'Basal': 6, 'Her2': 2, 'LumA': 12, 'LumB': 3}",4,False,1.0,1.0,1.0,1.0,1.0,1.0,1.0,1.0,1.0,1.0,1.0,1.0,18056
classification,RFECA_SVR(k=10),EnsembleSoft,0.05,9,5,0.8557692307692308,0.8333333333333334,94,23,"{'Basal': 24, 'Her2': 11, 'LumA': 45, 'LumB': 14}","{'Basal': 5, 'Her2': 3, 'LumA': 12, 'LumB': 3}",4,False,0.9230769230769231,0.8571428571428571,1.0,0.5,1.0,0.3333333333333333,1.0,1.0,1.0,1.0,1.0,1.0,18056
classification,RFECA_SVR(k=20),EnsembleSoft,0.05,9,1,0.9207251082251082,0.8958333333333334,93,24,"{'Basal': 23, 'Her2': 11, 'LumA': 46, 'LumB': 13}","{'Basal': 6, 'Her2': 3, 'LumA': 11, 'LumB': 4}",4,False,0.9166666666666666,0.8461538461538461,1.0,0.8571428571428571,1.0,0.75,1.0,1.0,1.0,0.9090909090909091,1.0,0.8333333333333334,18056
classification,RFECA_SVR(k=20),EnsembleSoft,0.05,9,2,1.0,1.0,93,24,"{'Basal': 23, 'Her2': 11, 'LumA': 46, 'LumB': 13}","{'Basal': 6, 'Her2': 3, 'LumA': 11, 'LumB': 4}",4,False,1.0,1.0,1.0,1.0,1.0,1.0,1.0,1.0,1.0,1.0,1.0,1.0,18056
classification,RFECA_SVR(k=20),EnsembleSoft,0.05,9,3,0.9391304347826087,0.9166666666666666,94,23,"{'Basal': 23, 'Her2': 11, 'LumA': 46, 'LumB': 14}","{'Basal': 6, 'Her2': 3, 'LumA': 11, 'LumB': 3}",4,False,0.9565217391304348,0.9166666666666666,1.0,0.8,1.0,0.6666666666666666,1.0,1.0,1.0,1.0,1.0,1.0,18056
classification,RFECA_SVR(k=20),EnsembleSoft,0.05,9,4,1.0,1.0,94,23,"{'Basal': 23, 'Her2': 12, 'LumA': 45, 'LumB': 14}","{'Basal': 6, 'Her2': 2, 'LumA': 12, 'LumB': 3}",4,False,1.0,1.0,1.0,1.0,1.0,1.0,1.0,1.0,1.0,1.0,1.0,1.0,18056
classification,RFECA_SVR(k=20),EnsembleSoft,0.05,9,5,0.8557692307692308,0.8333333333333334,94,23,"{'Basal': 24, 'Her2': 11, 'LumA': 45, 'LumB': 14}","{'Basal': 5, 'Her2': 3, 'LumA': 12, 'LumB': 3}",4,False,0.9230769230769231,0.8571428571428571,1.0,0.5,1.0,0.3333333333333333,1.0,1.0,1.0,1.0,1.0,1.0,18056
classification,MissForest,EnsembleSoft,0.05,9,1,0.9207251082251082,0.8958333333333334,93,24,"{'Basal': 23, 'Her2': 11, 'LumA': 46, 'LumB': 13}","{'Basal': 6, 'Her2': 3, 'LumA': 11, 'LumB': 4}",4,False,0.9166666666666666,0.8461538461538461,1.0,0.8571428571428571,1.0,0.75,1.0,1.0,1.0,0.9090909090909091,1.0,0.8333333333333334,18056
classification,MissForest,EnsembleSoft,0.05,9,2,1.0,1.0,93,24,"{'Basal': 23, 'Her2': 11, 'LumA': 46, 'LumB': 13}","{'Basal': 6, 'Her2': 3, 'LumA': 11, 'LumB': 4}",4,False,1.0,1.0,1.0,1.0,1.0,1.0,1.0,1.0,1.0,1.0,1.0,1.0,18056
classification,MissForest,EnsembleSoft,0.05,9,3,1.0,1.0,94,23,"{'Basal': 23, 'Her2': 11, 'LumA': 46, 'LumB': 14}","{'Basal': 6, 'Her2': 3, 'LumA': 11, 'LumB': 3}",4,False,1.0,1.0,1.0,1.0,1.0,1.0,1.0,1.0,1.0,1.0,1.0,1.0,18056
classification,MissForest,EnsembleSoft,0.05,9,4,0.953416149068323,0.9791666666666666,94,23,"{'Basal': 23, 'Her2': 12, 'LumA': 45, 'LumB': 14}","{'Basal': 6, 'Her2': 2, 'LumA': 12, 'LumB': 3}",4,False,0.9565217391304348,1.0,0.9166666666666666,0.8571428571428571,0.75,1.0,1.0,1.0,1.0,1.0,1.0,1.0,18056
classification,MissForest,EnsembleSoft,0.05,9,5,0.8557692307692308,0.8333333333333334,94,23,"{'Basal': 24, 'Her2': 11, 'LumA': 45, 'LumB': 14}","{'Basal': 5, 'Her2': 3, 'LumA': 12, 'LumB': 3}",4,False,0.9230769230769231,0.8571428571428571,1.0,0.5,1.0,0.3333333333333333,1.0,1.0,1.0,1.0,1.0,1.0,18056
classification,SimpleMean,EnsembleSoft,0.1,0,1,0.8821640316205533,0.8731060606060607,93,24,"{'Basal': 23, 'Her2': 11, 'LumA': 46, 'LumB': 13}","{'Basal': 6, 'Her2': 3, 'LumA': 11, 'LumB': 4}",4,False,0.8695652173913043,0.8333333333333334,0.9090909090909091,0.75,0.75,0.75,1.0,1.0,1.0,0.9090909090909091,1.0,0.8333333333333334,18052
classification,SimpleMean,EnsembleSoft,0.1,0,2,0.9222222222222223,0.9166666666666666,93,24,"{'Basal': 23, 'Her2': 11, 'LumA': 46, 'LumB': 13}","{'Basal': 6, 'Her2': 3, 'LumA': 11, 'LumB': 4}",4,False,1.0,1.0,1.0,0.8888888888888888,0.8,1.0,0.8,1.0,0.6666666666666666,1.0,1.0,1.0,18052
classification,SimpleMean,EnsembleSoft,0.1,0,3,0.9391304347826087,0.9166666666666666,94,23,"{'Basal': 23, 'Her2': 11, 'LumA': 46, 'LumB': 14}","{'Basal': 6, 'Her2': 3, 'LumA': 11, 'LumB': 3}",4,False,0.9565217391304348,0.9166666666666666,1.0,0.8,1.0,0.6666666666666666,1.0,1.0,1.0,1.0,1.0,1.0,18052
classification,SimpleMean,EnsembleSoft,0.1,0,4,1.0,1.0,94,23,"{'Basal': 23, 'Her2': 12, 'LumA': 45, 'LumB': 14}","{'Basal': 6, 'Her2': 2, 'LumA': 12, 'LumB': 3}",4,False,1.0,1.0,1.0,1.0,1.0,1.0,1.0,1.0,1.0,1.0,1.0,1.0,18052
classification,SimpleMean,EnsembleSoft,0.1,0,5,0.8557692307692308,0.8333333333333334,94,23,"{'Basal': 24, 'Her2': 11, 'LumA': 45, 'LumB': 14}","{'Basal': 5, 'Her2': 3, 'LumA': 12, 'LumB': 3}",4,False,0.9230769230769231,0.8571428571428571,1.0,0.5,1.0,0.3333333333333333,1.0,1.0,1.0,1.0,1.0,1.0,18052
classification,"KNN(k=5,dist)",EnsembleSoft,0.1,0,1,0.953416149068323,0.9375,93,24,"{'Basal': 23, 'Her2': 11, 'LumA': 46, 'LumB': 13}","{'Basal': 6, 'Her2': 3, 'LumA': 11, 'LumB': 4}",4,False,0.9565217391304348,0.9166666666666666,1.0,0.8571428571428571,1.0,0.75,1.0,1.0,1.0,1.0,1.0,1.0,18052
classification,"KNN(k=5,dist)",EnsembleSoft,0.1,0,2,0.9222222222222223,0.9166666666666666,93,24,"{'Basal': 23, 'Her2': 11, 'LumA': 46, 'LumB': 13}","{'Basal': 6, 'Her2': 3, 'LumA': 11, 'LumB': 4}",4,False,1.0,1.0,1.0,0.8888888888888888,0.8,1.0,0.8,1.0,0.6666666666666666,1.0,1.0,1.0,18052
classification,"KNN(k=5,dist)",EnsembleSoft,0.1,0,3,0.8791666666666667,0.8333333333333333,94,23,"{'Basal': 23, 'Her2': 11, 'LumA': 46, 'LumB': 14}","{'Basal': 6, 'Her2': 3, 'LumA': 11, 'LumB': 3}",4,False,0.9166666666666666,0.8461538461538461,1.0,0.8,1.0,0.6666666666666666,0.8,1.0,0.6666666666666666,1.0,1.0,1.0,18052
classification,"KNN(k=5,dist)",EnsembleSoft,0.1,0,4,0.953416149068323,0.9791666666666666,94,23,"{'Basal': 23, 'Her2': 12, 'LumA': 45, 'LumB': 14}","{'Basal': 6, 'Her2': 2, 'LumA': 12, 'LumB': 3}",4,False,0.9565217391304348,1.0,0.9166666666666666,0.8571428571428571,0.75,1.0,1.0,1.0,1.0,1.0,1.0,1.0,18052
classification,"KNN(k=5,dist)",EnsembleSoft,0.1,0,5,0.8557692307692308,0.8333333333333334,94,23,"{'Basal': 24, 'Her2': 11, 'LumA': 45, 'LumB': 14}","{'Basal': 5, 'Her2': 3, 'LumA': 12, 'LumB': 3}",4,False,0.9230769230769231,0.8571428571428571,1.0,0.5,1.0,0.3333333333333333,1.0,1.0,1.0,1.0,1.0,1.0,18052
classification,RFECA_SVR(k=5),EnsembleSoft,0.1,0,1,0.953416149068323,0.9375,93,24,"{'Basal': 23, 'Her2': 11, 'LumA': 46, 'LumB': 13}","{'Basal': 6, 'Her2': 3, 'LumA': 11, 'LumB': 4}",4,False,0.9565217391304348,0.9166666666666666,1.0,0.8571428571428571,1.0,0.75,1.0,1.0,1.0,1.0,1.0,1.0,18052
classification,RFECA_SVR(k=5),EnsembleSoft,0.1,0,2,1.0,1.0,93,24,"{'Basal': 23, 'Her2': 11, 'LumA': 46, 'LumB': 13}","{'Basal': 6, 'Her2': 3, 'LumA': 11, 'LumB': 4}",4,False,1.0,1.0,1.0,1.0,1.0,1.0,1.0,1.0,1.0,1.0,1.0,1.0,18052
classification,RFECA_SVR(k=5),EnsembleSoft,0.1,0,3,1.0,1.0,94,23,"{'Basal': 23, 'Her2': 11, 'LumA': 46, 'LumB': 14}","{'Basal': 6, 'Her2': 3, 'LumA': 11, 'LumB': 3}",4,False,1.0,1.0,1.0,1.0,1.0,1.0,1.0,1.0,1.0,1.0,1.0,1.0,18052
classification,RFECA_SVR(k=5),EnsembleSoft,0.1,0,4,0.953416149068323,0.9791666666666666,94,23,"{'Basal': 23, 'Her2': 12, 'LumA': 45, 'LumB': 14}","{'Basal': 6, 'Her2': 2, 'LumA': 12, 'LumB': 3}",4,False,0.9565217391304348,1.0,0.9166666666666666,0.8571428571428571,0.75,1.0,1.0,1.0,1.0,1.0,1.0,1.0,18052
classification,RFECA_SVR(k=5),EnsembleSoft,0.1,0,5,0.8557692307692308,0.8333333333333334,94,23,"{'Basal': 24, 'Her2': 11, 'LumA': 45, 'LumB': 14}","{'Basal': 5, 'Her2': 3, 'LumA': 12, 'LumB': 3}",4,False,0.9230769230769231,0.8571428571428571,1.0,0.5,1.0,0.3333333333333333,1.0,1.0,1.0,1.0,1.0,1.0,18052
classification,RFECA_SVR(k=10),EnsembleSoft,0.1,0,1,0.9207251082251082,0.8958333333333334,93,24,"{'Basal': 23, 'Her2': 11, 'LumA': 46, 'LumB': 13}","{'Basal': 6, 'Her2': 3, 'LumA': 11, 'LumB': 4}",4,False,0.9166666666666666,0.8461538461538461,1.0,0.8571428571428571,1.0,0.75,1.0,1.0,1.0,0.9090909090909091,1.0,0.8333333333333334,18052
classification,RFECA_SVR(k=10),EnsembleSoft,0.1,0,2,0.9222222222222223,0.9166666666666666,93,24,"{'Basal': 23, 'Her2': 11, 'LumA': 46, 'LumB': 13}","{'Basal': 6, 'Her2': 3, 'LumA': 11, 'LumB': 4}",4,False,1.0,1.0,1.0,0.8888888888888888,0.8,1.0,0.8,1.0,0.6666666666666666,1.0,1.0,1.0,18052
classification,RFECA_SVR(k=10),EnsembleSoft,0.1,0,3,1.0,1.0,94,23,"{'Basal': 23, 'Her2': 11, 'LumA': 46, 'LumB': 14}","{'Basal': 6, 'Her2': 3, 'LumA': 11, 'LumB': 3}",4,False,1.0,1.0,1.0,1.0,1.0,1.0,1.0,1.0,1.0,1.0,1.0,1.0,18052
classification,RFECA_SVR(k=10),EnsembleSoft,0.1,0,4,0.9066666666666666,0.875,94,23,"{'Basal': 23, 'Her2': 12, 'LumA': 45, 'LumB': 14}","{'Basal': 6, 'Her2': 2, 'LumA': 12, 'LumB': 3}",4,False,0.96,0.9230769230769231,1.0,1.0,1.0,1.0,0.6666666666666666,1.0,0.5,1.0,1.0,1.0,18052
classification,RFECA_SVR(k=10),EnsembleSoft,0.1,0,5,0.8557692307692308,0.8333333333333334,94,23,"{'Basal': 24, 'Her2': 11, 'LumA': 45, 'LumB': 14}","{'Basal': 5, 'Her2': 3, 'LumA': 12, 'LumB': 3}",4,False,0.9230769230769231,0.8571428571428571,1.0,0.5,1.0,0.3333333333333333,1.0,1.0,1.0,1.0,1.0,1.0,18052
classification,RFECA_SVR(k=20),EnsembleSoft,0.1,0,1,0.8563311688311689,0.8731060606060607,93,24,"{'Basal': 23, 'Her2': 11, 'LumA': 46, 'LumB': 13}","{'Basal': 6, 'Her2': 3, 'LumA': 11, 'LumB': 4}",4,False,0.9090909090909091,0.9090909090909091,0.9090909090909091,0.75,0.75,0.75,0.8571428571428571,0.75,1.0,0.9090909090909091,1.0,0.8333333333333334,18052
classification,RFECA_SVR(k=20),EnsembleSoft,0.1,0,2,0.9222222222222223,0.9166666666666666,93,24,"{'Basal': 23, 'Her2': 11, 'LumA': 46, 'LumB': 13}","{'Basal': 6, 'Her2': 3, 'LumA': 11, 'LumB': 4}",4,False,1.0,1.0,1.0,0.8888888888888888,0.8,1.0,0.8,1.0,0.6666666666666666,1.0,1.0,1.0,18052
classification,RFECA_SVR(k=20),EnsembleSoft,0.1,0,3,0.9391304347826087,0.9166666666666666,94,23,"{'Basal': 23, 'Her2': 11, 'LumA': 46, 'LumB': 14}","{'Basal': 6, 'Her2': 3, 'LumA': 11, 'LumB': 3}",4,False,0.9565217391304348,0.9166666666666666,1.0,1.0,1.0,1.0,0.8,1.0,0.6666666666666666,1.0,1.0,1.0,18052
classification,RFECA_SVR(k=20),EnsembleSoft,0.1,0,4,0.953416149068323,0.9791666666666666,94,23,"{'Basal': 23, 'Her2': 12, 'LumA': 45, 'LumB': 14}","{'Basal': 6, 'Her2': 2, 'LumA': 12, 'LumB': 3}",4,False,0.9565217391304348,1.0,0.9166666666666666,0.8571428571428571,0.75,1.0,1.0,1.0,1.0,1.0,1.0,1.0,18052
classification,RFECA_SVR(k=20),EnsembleSoft,0.1,0,5,0.8557692307692308,0.8333333333333334,94,23,"{'Basal': 24, 'Her2': 11, 'LumA': 45, 'LumB': 14}","{'Basal': 5, 'Her2': 3, 'LumA': 12, 'LumB': 3}",4,False,0.9230769230769231,0.8571428571428571,1.0,0.5,1.0,0.3333333333333333,1.0,1.0,1.0,1.0,1.0,1.0,18052
classification,MissForest,EnsembleSoft,0.1,0,1,0.8821640316205533,0.8731060606060607,93,24,"{'Basal': 23, 'Her2': 11, 'LumA': 46, 'LumB': 13}","{'Basal': 6, 'Her2': 3, 'LumA': 11, 'LumB': 4}",4,False,0.8695652173913043,0.8333333333333334,0.9090909090909091,0.75,0.75,0.75,1.0,1.0,1.0,0.9090909090909091,1.0,0.8333333333333334,18052
classification,MissForest,EnsembleSoft,0.1,0,2,0.9222222222222223,0.9166666666666666,93,24,"{'Basal': 23, 'Her2': 11, 'LumA': 46, 'LumB': 13}","{'Basal': 6, 'Her2': 3, 'LumA': 11, 'LumB': 4}",4,False,1.0,1.0,1.0,0.8888888888888888,0.8,1.0,0.8,1.0,0.6666666666666666,1.0,1.0,1.0,18052
classification,MissForest,EnsembleSoft,0.1,0,3,0.9391304347826087,0.9166666666666666,94,23,"{'Basal': 23, 'Her2': 11, 'LumA': 46, 'LumB': 14}","{'Basal': 6, 'Her2': 3, 'LumA': 11, 'LumB': 3}",4,False,0.9565217391304348,0.9166666666666666,1.0,1.0,1.0,1.0,0.8,1.0,0.6666666666666666,1.0,1.0,1.0,18052
classification,MissForest,EnsembleSoft,0.1,0,4,0.953416149068323,0.9791666666666666,94,23,"{'Basal': 23, 'Her2': 12, 'LumA': 45, 'LumB': 14}","{'Basal': 6, 'Her2': 2, 'LumA': 12, 'LumB': 3}",4,False,0.9565217391304348,1.0,0.9166666666666666,0.8571428571428571,0.75,1.0,1.0,1.0,1.0,1.0,1.0,1.0,18052
classification,MissForest,EnsembleSoft,0.1,0,5,0.8557692307692308,0.8333333333333334,94,23,"{'Basal': 24, 'Her2': 11, 'LumA': 45, 'LumB': 14}","{'Basal': 5, 'Her2': 3, 'LumA': 12, 'LumB': 3}",4,False,0.9230769230769231,0.8571428571428571,1.0,0.5,1.0,0.3333333333333333,1.0,1.0,1.0,1.0,1.0,1.0,18052
classification,SimpleMean,EnsembleSoft,0.1,1,1,0.9207251082251082,0.8958333333333334,93,24,"{'Basal': 23, 'Her2': 11, 'LumA': 46, 'LumB': 13}","{'Basal': 6, 'Her2': 3, 'LumA': 11, 'LumB': 4}",4,False,0.9166666666666666,0.8461538461538461,1.0,0.8571428571428571,1.0,0.75,1.0,1.0,1.0,0.9090909090909091,1.0,0.8333333333333334,18053
classification,SimpleMean,EnsembleSoft,0.1,1,2,0.9222222222222223,0.9166666666666666,93,24,"{'Basal': 23, 'Her2': 11, 'LumA': 46, 'LumB': 13}","{'Basal': 6, 'Her2': 3, 'LumA': 11, 'LumB': 4}",4,False,1.0,1.0,1.0,0.8888888888888888,0.8,1.0,0.8,1.0,0.6666666666666666,1.0,1.0,1.0,18053
classification,SimpleMean,EnsembleSoft,0.1,1,3,0.9391304347826087,0.9166666666666666,94,23,"{'Basal': 23, 'Her2': 11, 'LumA': 46, 'LumB': 14}","{'Basal': 6, 'Her2': 3, 'LumA': 11, 'LumB': 3}",4,False,0.9565217391304348,0.9166666666666666,1.0,0.8,1.0,0.6666666666666666,1.0,1.0,1.0,1.0,1.0,1.0,18053
classification,SimpleMean,EnsembleSoft,0.1,1,4,0.8601190476190476,0.8541666666666666,94,23,"{'Basal': 23, 'Her2': 12, 'LumA': 45, 'LumB': 14}","{'Basal': 6, 'Her2': 2, 'LumA': 12, 'LumB': 3}",4,False,0.9166666666666666,0.9166666666666666,0.9166666666666666,0.8571428571428571,0.75,1.0,0.6666666666666666,1.0,0.5,1.0,1.0,1.0,18053
classification,SimpleMean,EnsembleSoft,0.1,1,5,0.8557692307692308,0.8333333333333334,94,23,"{'Basal': 24, 'Her2': 11, 'LumA': 45, 'LumB': 14}","{'Basal': 5, 'Her2': 3, 'LumA': 12, 'LumB': 3}",4,False,0.9230769230769231,0.8571428571428571,1.0,0.5,1.0,0.3333333333333333,1.0,1.0,1.0,1.0,1.0,1.0,18053
classification,"KNN(k=5,dist)",EnsembleSoft,0.1,1,1,0.9207251082251082,0.8958333333333334,93,24,"{'Basal': 23, 'Her2': 11, 'LumA': 46, 'LumB': 13}","{'Basal': 6, 'Her2': 3, 'LumA': 11, 'LumB': 4}",4,False,0.9166666666666666,0.8461538461538461,1.0,0.8571428571428571,1.0,0.75,1.0,1.0,1.0,0.9090909090909091,1.0,0.8333333333333334,18053
classification,"KNN(k=5,dist)",EnsembleSoft,0.1,1,2,0.9222222222222223,0.9166666666666666,93,24,"{'Basal': 23, 'Her2': 11, 'LumA': 46, 'LumB': 13}","{'Basal': 6, 'Her2': 3, 'LumA': 11, 'LumB': 4}",4,False,1.0,1.0,1.0,0.8888888888888888,0.8,1.0,0.8,1.0,0.6666666666666666,1.0,1.0,1.0,18053
classification,"KNN(k=5,dist)",EnsembleSoft,0.1,1,3,1.0,1.0,94,23,"{'Basal': 23, 'Her2': 11, 'LumA': 46, 'LumB': 14}","{'Basal': 6, 'Her2': 3, 'LumA': 11, 'LumB': 3}",4,False,1.0,1.0,1.0,1.0,1.0,1.0,1.0,1.0,1.0,1.0,1.0,1.0,18053
classification,"KNN(k=5,dist)",EnsembleSoft,0.1,1,4,1.0,1.0,94,23,"{'Basal': 23, 'Her2': 12, 'LumA': 45, 'LumB': 14}","{'Basal': 6, 'Her2': 2, 'LumA': 12, 'LumB': 3}",4,False,1.0,1.0,1.0,1.0,1.0,1.0,1.0,1.0,1.0,1.0,1.0,1.0,18053
classification,"KNN(k=5,dist)",EnsembleSoft,0.1,1,5,0.8557692307692308,0.8333333333333334,94,23,"{'Basal': 24, 'Her2': 11, 'LumA': 45, 'LumB': 14}","{'Basal': 5, 'Her2': 3, 'LumA': 12, 'LumB': 3}",4,False,0.9230769230769231,0.8571428571428571,1.0,0.5,1.0,0.3333333333333333,1.0,1.0,1.0,1.0,1.0,1.0,18053
classification,RFECA_SVR(k=5),EnsembleSoft,0.1,1,1,0.9207251082251082,0.8958333333333334,93,24,"{'Basal': 23, 'Her2': 11, 'LumA': 46, 'LumB': 13}","{'Basal': 6, 'Her2': 3, 'LumA': 11, 'LumB': 4}",4,False,0.9166666666666666,0.8461538461538461,1.0,0.8571428571428571,1.0,0.75,1.0,1.0,1.0,0.9090909090909091,1.0,0.8333333333333334,18053
classification,RFECA_SVR(k=5),EnsembleSoft,0.1,1,2,0.9222222222222223,0.9166666666666666,93,24,"{'Basal': 23, 'Her2': 11, 'LumA': 46, 'LumB': 13}","{'Basal': 6, 'Her2': 3, 'LumA': 11, 'LumB': 4}",4,False,1.0,1.0,1.0,0.8888888888888888,0.8,1.0,0.8,1.0,0.6666666666666666,1.0,1.0,1.0,18053
classification,RFECA_SVR(k=5),EnsembleSoft,0.1,1,3,0.9391304347826087,0.9166666666666666,94,23,"{'Basal': 23, 'Her2': 11, 'LumA': 46, 'LumB': 14}","{'Basal': 6, 'Her2': 3, 'LumA': 11, 'LumB': 3}",4,False,0.9565217391304348,0.9166666666666666,1.0,1.0,1.0,1.0,0.8,1.0,0.6666666666666666,1.0,1.0,1.0,18053
classification,RFECA_SVR(k=5),EnsembleSoft,0.1,1,4,0.9066666666666666,0.875,94,23,"{'Basal': 23, 'Her2': 12, 'LumA': 45, 'LumB': 14}","{'Basal': 6, 'Her2': 2, 'LumA': 12, 'LumB': 3}",4,False,0.96,0.9230769230769231,1.0,1.0,1.0,1.0,0.6666666666666666,1.0,0.5,1.0,1.0,1.0,18053
classification,RFECA_SVR(k=5),EnsembleSoft,0.1,1,5,0.8557692307692308,0.8333333333333334,94,23,"{'Basal': 24, 'Her2': 11, 'LumA': 45, 'LumB': 14}","{'Basal': 5, 'Her2': 3, 'LumA': 12, 'LumB': 3}",4,False,0.9230769230769231,0.8571428571428571,1.0,0.5,1.0,0.3333333333333333,1.0,1.0,1.0,1.0,1.0,1.0,18053
classification,RFECA_SVR(k=10),EnsembleSoft,0.1,1,1,0.9207251082251082,0.8958333333333334,93,24,"{'Basal': 23, 'Her2': 11, 'LumA': 46, 'LumB': 13}","{'Basal': 6, 'Her2': 3, 'LumA': 11, 'LumB': 4}",4,False,0.9166666666666666,0.8461538461538461,1.0,0.8571428571428571,1.0,0.75,1.0,1.0,1.0,0.9090909090909091,1.0,0.8333333333333334,18053
classification,RFECA_SVR(k=10),EnsembleSoft,0.1,1,2,0.9222222222222223,0.9166666666666666,93,24,"{'Basal': 23, 'Her2': 11, 'LumA': 46, 'LumB': 13}","{'Basal': 6, 'Her2': 3, 'LumA': 11, 'LumB': 4}",4,False,1.0,1.0,1.0,0.8888888888888888,0.8,1.0,0.8,1.0,0.6666666666666666,1.0,1.0,1.0,18053
classification,RFECA_SVR(k=10),EnsembleSoft,0.1,1,3,1.0,1.0,94,23,"{'Basal': 23, 'Her2': 11, 'LumA': 46, 'LumB': 14}","{'Basal': 6, 'Her2': 3, 'LumA': 11, 'LumB': 3}",4,False,1.0,1.0,1.0,1.0,1.0,1.0,1.0,1.0,1.0,1.0,1.0,1.0,18053
classification,RFECA_SVR(k=10),EnsembleSoft,0.1,1,4,0.8601190476190476,0.8541666666666666,94,23,"{'Basal': 23, 'Her2': 12, 'LumA': 45, 'LumB': 14}","{'Basal': 6, 'Her2': 2, 'LumA': 12, 'LumB': 3}",4,False,0.9166666666666666,0.9166666666666666,0.9166666666666666,0.8571428571428571,0.75,1.0,0.6666666666666666,1.0,0.5,1.0,1.0,1.0,18053
classification,RFECA_SVR(k=10),EnsembleSoft,0.1,1,5,0.8557692307692308,0.8333333333333334,94,23,"{'Basal': 24, 'Her2': 11, 'LumA': 45, 'LumB': 14}","{'Basal': 5, 'Her2': 3, 'LumA': 12, 'LumB': 3}",4,False,0.9230769230769231,0.8571428571428571,1.0,0.5,1.0,0.3333333333333333,1.0,1.0,1.0,1.0,1.0,1.0,18053
classification,RFECA_SVR(k=20),EnsembleSoft,0.1,1,1,0.8949745906267645,0.8958333333333334,93,24,"{'Basal': 23, 'Her2': 11, 'LumA': 46, 'LumB': 13}","{'Basal': 6, 'Her2': 3, 'LumA': 11, 'LumB': 4}",4,False,0.9565217391304348,0.9166666666666666,1.0,0.8571428571428571,1.0,0.75,0.8571428571428571,0.75,1.0,0.9090909090909091,1.0,0.8333333333333334,18053
classification,RFECA_SVR(k=20),EnsembleSoft,0.1,1,2,0.9222222222222223,0.9166666666666666,93,24,"{'Basal': 23, 'Her2': 11, 'LumA': 46, 'LumB': 13}","{'Basal': 6, 'Her2': 3, 'LumA': 11, 'LumB': 4}",4,False,1.0,1.0,1.0,0.8888888888888888,0.8,1.0,0.8,1.0,0.6666666666666666,1.0,1.0,1.0,18053
classification,RFECA_SVR(k=20),EnsembleSoft,0.1,1,3,1.0,1.0,94,23,"{'Basal': 23, 'Her2': 11, 'LumA': 46, 'LumB': 14}","{'Basal': 6, 'Her2': 3, 'LumA': 11, 'LumB': 3}",4,False,1.0,1.0,1.0,1.0,1.0,1.0,1.0,1.0,1.0,1.0,1.0,1.0,18053
classification,RFECA_SVR(k=20),EnsembleSoft,0.1,1,4,0.8601190476190476,0.8541666666666666,94,23,"{'Basal': 23, 'Her2': 12, 'LumA': 45, 'LumB': 14}","{'Basal': 6, 'Her2': 2, 'LumA': 12, 'LumB': 3}",4,False,0.9166666666666666,0.9166666666666666,0.9166666666666666,0.8571428571428571,0.75,1.0,0.6666666666666666,1.0,0.5,1.0,1.0,1.0,18053
classification,RFECA_SVR(k=20),EnsembleSoft,0.1,1,5,0.7830419580419581,0.75,94,23,"{'Basal': 24, 'Her2': 11, 'LumA': 45, 'LumB': 14}","{'Basal': 5, 'Her2': 3, 'LumA': 12, 'LumB': 3}",4,False,0.9230769230769231,0.8571428571428571,1.0,0.5,1.0,0.3333333333333333,0.8,1.0,0.6666666666666666,0.9090909090909091,0.8333333333333334,1.0,18053
classification,MissForest,EnsembleSoft,0.1,1,1,0.8949745906267645,0.8958333333333334,93,24,"{'Basal': 23, 'Her2': 11, 'LumA': 46, 'LumB': 13}","{'Basal': 6, 'Her2': 3, 'LumA': 11, 'LumB': 4}",4,False,0.9565217391304348,0.9166666666666666,1.0,0.8571428571428571,1.0,0.75,0.8571428571428571,0.75,1.0,0.9090909090909091,1.0,0.8333333333333334,18053
classification,MissForest,EnsembleSoft,0.1,1,2,0.9222222222222223,0.9166666666666666,93,24,"{'Basal': 23, 'Her2': 11, 'LumA': 46, 'LumB': 13}","{'Basal': 6, 'Her2': 3, 'LumA': 11, 'LumB': 4}",4,False,1.0,1.0,1.0,0.8888888888888888,0.8,1.0,0.8,1.0,0.6666666666666666,1.0,1.0,1.0,18053
classification,MissForest,EnsembleSoft,0.1,1,3,1.0,1.0,94,23,"{'Basal': 23, 'Her2': 11, 'LumA': 46, 'LumB': 14}","{'Basal': 6, 'Her2': 3, 'LumA': 11, 'LumB': 3}",4,False,1.0,1.0,1.0,1.0,1.0,1.0,1.0,1.0,1.0,1.0,1.0,1.0,18053
classification,MissForest,EnsembleSoft,0.1,1,4,0.8601190476190476,0.8541666666666666,94,23,"{'Basal': 23, 'Her2': 12, 'LumA': 45, 'LumB': 14}","{'Basal': 6, 'Her2': 2, 'LumA': 12, 'LumB': 3}",4,False,0.9166666666666666,0.9166666666666666,0.9166666666666666,0.8571428571428571,0.75,1.0,0.6666666666666666,1.0,0.5,1.0,1.0,1.0,18053
classification,MissForest,EnsembleSoft,0.1,1,5,0.8557692307692308,0.8333333333333334,94,23,"{'Basal': 24, 'Her2': 11, 'LumA': 45, 'LumB': 14}","{'Basal': 5, 'Her2': 3, 'LumA': 12, 'LumB': 3}",4,False,0.9230769230769231,0.8571428571428571,1.0,0.5,1.0,0.3333333333333333,1.0,1.0,1.0,1.0,1.0,1.0,18053
classification,SimpleMean,EnsembleSoft,0.1,2,1,0.8949745906267645,0.8958333333333334,93,24,"{'Basal': 23, 'Her2': 11, 'LumA': 46, 'LumB': 13}","{'Basal': 6, 'Her2': 3, 'LumA': 11, 'LumB': 4}",4,False,0.9565217391304348,0.9166666666666666,1.0,0.8571428571428571,1.0,0.75,0.8571428571428571,0.75,1.0,0.9090909090909091,1.0,0.8333333333333334,18054
classification,SimpleMean,EnsembleSoft,0.1,2,2,0.825,0.8333333333333333,93,24,"{'Basal': 23, 'Her2': 11, 'LumA': 46, 'LumB': 13}","{'Basal': 6, 'Her2': 3, 'LumA': 11, 'LumB': 4}",4,False,1.0,1.0,1.0,0.8,0.6666666666666666,1.0,0.5,1.0,0.3333333333333333,1.0,1.0,1.0,18054
classification,SimpleMean,EnsembleSoft,0.1,2,3,0.9391304347826087,0.9166666666666666,94,23,"{'Basal': 23, 'Her2': 11, 'LumA': 46, 'LumB': 14}","{'Basal': 6, 'Her2': 3, 'LumA': 11, 'LumB': 3}",4,False,0.9565217391304348,0.9166666666666666,1.0,1.0,1.0,1.0,0.8,1.0,0.6666666666666666,1.0,1.0,1.0,18054
classification,SimpleMean,EnsembleSoft,0.1,2,4,0.8541666666666666,0.8541666666666666,94,23,"{'Basal': 23, 'Her2': 12, 'LumA': 45, 'LumB': 14}","{'Basal': 6, 'Her2': 2, 'LumA': 12, 'LumB': 3}",4,False,0.9166666666666666,0.9166666666666666,0.9166666666666666,1.0,1.0,1.0,0.5,0.5,0.5,1.0,1.0,1.0,18054
classification,SimpleMean,EnsembleSoft,0.1,2,5,0.8200000000000001,0.8125,94,23,"{'Basal': 24, 'Her2': 11, 'LumA': 45, 'LumB': 14}","{'Basal': 5, 'Her2': 3, 'LumA': 12, 'LumB': 3}",4,False,0.88,0.8461538461538461,0.9166666666666666,0.4,0.5,0.3333333333333333,1.0,1.0,1.0,1.0,1.0,1.0,18054
classification,"KNN(k=5,dist)",EnsembleSoft,0.1,2,1,0.8949745906267645,0.8958333333333334,93,24,"{'Basal': 23, 'Her2': 11, 'LumA': 46, 'LumB': 13}","{'Basal': 6, 'Her2': 3, 'LumA': 11, 'LumB': 4}",4,False,0.9565217391304348,0.9166666666666666,1.0,0.8571428571428571,1.0,0.75,0.8571428571428571,0.75,1.0,0.9090909090909091,1.0,0.8333333333333334,18054
classification,"KNN(k=5,dist)",EnsembleSoft,0.1,2,2,0.9222222222222223,0.9166666666666666,93,24,"{'Basal': 23, 'Her2': 11, 'LumA': 46, 'LumB': 13}","{'Basal': 6, 'Her2': 3, 'LumA': 11, 'LumB': 4}",4,False,1.0,1.0,1.0,0.8888888888888888,0.8,1.0,0.8,1.0,0.6666666666666666,1.0,1.0,1.0,18054
classification,"KNN(k=5,dist)",EnsembleSoft,0.1,2,3,1.0,1.0,94,23,"{'Basal': 23, 'Her2': 11, 'LumA': 46, 'LumB': 14}","{'Basal': 6, 'Her2': 3, 'LumA': 11, 'LumB': 3}",4,False,1.0,1.0,1.0,1.0,1.0,1.0,1.0,1.0,1.0,1.0,1.0,1.0,18054
classification,"KNN(k=5,dist)",EnsembleSoft,0.1,2,4,0.8541666666666666,0.8541666666666666,94,23,"{'Basal': 23, 'Her2': 12, 'LumA': 45, 'LumB': 14}","{'Basal': 6, 'Her2': 2, 'LumA': 12, 'LumB': 3}",4,False,0.9166666666666666,0.9166666666666666,0.9166666666666666,1.0,1.0,1.0,0.5,0.5,0.5,1.0,1.0,1.0,18054
classification,"KNN(k=5,dist)",EnsembleSoft,0.1,2,5,0.8557692307692308,0.8333333333333334,94,23,"{'Basal': 24, 'Her2': 11, 'LumA': 45, 'LumB': 14}","{'Basal': 5, 'Her2': 3, 'LumA': 12, 'LumB': 3}",4,False,0.9230769230769231,0.8571428571428571,1.0,0.5,1.0,0.3333333333333333,1.0,1.0,1.0,1.0,1.0,1.0,18054
classification,RFECA_SVR(k=5),EnsembleSoft,0.1,2,1,0.8949745906267645,0.8958333333333334,93,24,"{'Basal': 23, 'Her2': 11, 'LumA': 46, 'LumB': 13}","{'Basal': 6, 'Her2': 3, 'LumA': 11, 'LumB': 4}",4,False,0.9565217391304348,0.9166666666666666,1.0,0.8571428571428571,1.0,0.75,0.8571428571428571,0.75,1.0,0.9090909090909091,1.0,0.8333333333333334,18054
classification,RFECA_SVR(k=5),EnsembleSoft,0.1,2,2,0.8766304347826087,0.8541666666666666,93,24,"{'Basal': 23, 'Her2': 11, 'LumA': 46, 'LumB': 13}","{'Basal': 6, 'Her2': 3, 'LumA': 11, 'LumB': 4}",4,False,0.9565217391304348,0.9166666666666666,1.0,0.75,0.75,0.75,0.8,1.0,0.6666666666666666,1.0,1.0,1.0,18054
classification,RFECA_SVR(k=5),EnsembleSoft,0.1,2,3,0.9391304347826087,0.9166666666666666,94,23,"{'Basal': 23, 'Her2': 11, 'LumA': 46, 'LumB': 14}","{'Basal': 6, 'Her2': 3, 'LumA': 11, 'LumB': 3}",4,False,0.9565217391304348,0.9166666666666666,1.0,1.0,1.0,1.0,0.8,1.0,0.6666666666666666,1.0,1.0,1.0,18054
classification,RFECA_SVR(k=5),EnsembleSoft,0.1,2,4,0.8541666666666666,0.8541666666666666,94,23,"{'Basal': 23, 'Her2': 12, 'LumA': 45, 'LumB': 14}","{'Basal': 6, 'Her2': 2, 'LumA': 12, 'LumB': 3}",4,False,0.9166666666666666,0.9166666666666666,0.9166666666666666,1.0,1.0,1.0,0.5,0.5,0.5,1.0,1.0,1.0,18054
classification,RFECA_SVR(k=5),EnsembleSoft,0.1,2,5,0.8557692307692308,0.8333333333333334,94,23,"{'Basal': 24, 'Her2': 11, 'LumA': 45, 'LumB': 14}","{'Basal': 5, 'Her2': 3, 'LumA': 12, 'LumB': 3}",4,False,0.9230769230769231,0.8571428571428571,1.0,0.5,1.0,0.3333333333333333,1.0,1.0,1.0,1.0,1.0,1.0,18054
classification,RFECA_SVR(k=10),EnsembleSoft,0.1,2,1,0.8949745906267645,0.8958333333333334,93,24,"{'Basal': 23, 'Her2': 11, 'LumA': 46, 'LumB': 13}","{'Basal': 6, 'Her2': 3, 'LumA': 11, 'LumB': 4}",4,False,0.9565217391304348,0.9166666666666666,1.0,0.8571428571428571,1.0,0.75,0.8571428571428571,0.75,1.0,0.9090909090909091,1.0,0.8333333333333334,18054
classification,RFECA_SVR(k=10),EnsembleSoft,0.1,2,2,0.9222222222222223,0.9166666666666666,93,24,"{'Basal': 23, 'Her2': 11, 'LumA': 46, 'LumB': 13}","{'Basal': 6, 'Her2': 3, 'LumA': 11, 'LumB': 4}",4,False,1.0,1.0,1.0,0.8888888888888888,0.8,1.0,0.8,1.0,0.6666666666666666,1.0,1.0,1.0,18054
classification,RFECA_SVR(k=10),EnsembleSoft,0.1,2,3,0.8791666666666667,0.8333333333333333,94,23,"{'Basal': 23, 'Her2': 11, 'LumA': 46, 'LumB': 14}","{'Basal': 6, 'Her2': 3, 'LumA': 11, 'LumB': 3}",4,False,0.9166666666666666,0.8461538461538461,1.0,0.8,1.0,0.6666666666666666,0.8,1.0,0.6666666666666666,1.0,1.0,1.0,18054
classification,RFECA_SVR(k=10),EnsembleSoft,0.1,2,4,0.9391304347826087,0.9791666666666666,94,23,"{'Basal': 23, 'Her2': 12, 'LumA': 45, 'LumB': 14}","{'Basal': 6, 'Her2': 2, 'LumA': 12, 'LumB': 3}",4,False,0.9565217391304348,1.0,0.9166666666666666,1.0,1.0,1.0,0.8,0.6666666666666666,1.0,1.0,1.0,1.0,18054
classification,RFECA_SVR(k=10),EnsembleSoft,0.1,2,5,0.8557692307692308,0.8333333333333334,94,23,"{'Basal': 24, 'Her2': 11, 'LumA': 45, 'LumB': 14}","{'Basal': 5, 'Her2': 3, 'LumA': 12, 'LumB': 3}",4,False,0.9230769230769231,0.8571428571428571,1.0,0.5,1.0,0.3333333333333333,1.0,1.0,1.0,1.0,1.0,1.0,18054
classification,RFECA_SVR(k=20),EnsembleSoft,0.1,2,1,0.8949745906267645,0.8958333333333334,93,24,"{'Basal': 23, 'Her2': 11, 'LumA': 46, 'LumB': 13}","{'Basal': 6, 'Her2': 3, 'LumA': 11, 'LumB': 4}",4,False,0.9565217391304348,0.9166666666666666,1.0,0.8571428571428571,1.0,0.75,0.8571428571428571,0.75,1.0,0.9090909090909091,1.0,0.8333333333333334,18054
classification,RFECA_SVR(k=20),EnsembleSoft,0.1,2,2,0.9222222222222223,0.9166666666666666,93,24,"{'Basal': 23, 'Her2': 11, 'LumA': 46, 'LumB': 13}","{'Basal': 6, 'Her2': 3, 'LumA': 11, 'LumB': 4}",4,False,1.0,1.0,1.0,0.8888888888888888,0.8,1.0,0.8,1.0,0.6666666666666666,1.0,1.0,1.0,18054
classification,RFECA_SVR(k=20),EnsembleSoft,0.1,2,3,0.9391304347826087,0.9166666666666666,94,23,"{'Basal': 23, 'Her2': 11, 'LumA': 46, 'LumB': 14}","{'Basal': 6, 'Her2': 3, 'LumA': 11, 'LumB': 3}",4,False,0.9565217391304348,0.9166666666666666,1.0,1.0,1.0,1.0,0.8,1.0,0.6666666666666666,1.0,1.0,1.0,18054
classification,RFECA_SVR(k=20),EnsembleSoft,0.1,2,4,0.9391304347826087,0.9791666666666666,94,23,"{'Basal': 23, 'Her2': 12, 'LumA': 45, 'LumB': 14}","{'Basal': 6, 'Her2': 2, 'LumA': 12, 'LumB': 3}",4,False,0.9565217391304348,1.0,0.9166666666666666,1.0,1.0,1.0,0.8,0.6666666666666666,1.0,1.0,1.0,1.0,18054
classification,RFECA_SVR(k=20),EnsembleSoft,0.1,2,5,0.8557692307692308,0.8333333333333334,94,23,"{'Basal': 24, 'Her2': 11, 'LumA': 45, 'LumB': 14}","{'Basal': 5, 'Her2': 3, 'LumA': 12, 'LumB': 3}",4,False,0.9230769230769231,0.8571428571428571,1.0,0.5,1.0,0.3333333333333333,1.0,1.0,1.0,1.0,1.0,1.0,18054
classification,MissForest,EnsembleSoft,0.1,2,1,0.8821640316205533,0.8731060606060607,93,24,"{'Basal': 23, 'Her2': 11, 'LumA': 46, 'LumB': 13}","{'Basal': 6, 'Her2': 3, 'LumA': 11, 'LumB': 4}",4,False,0.8695652173913043,0.8333333333333334,0.9090909090909091,0.75,0.75,0.75,1.0,1.0,1.0,0.9090909090909091,1.0,0.8333333333333334,18054
classification,MissForest,EnsembleSoft,0.1,2,2,0.9222222222222223,0.9166666666666666,93,24,"{'Basal': 23, 'Her2': 11, 'LumA': 46, 'LumB': 13}","{'Basal': 6, 'Her2': 3, 'LumA': 11, 'LumB': 4}",4,False,1.0,1.0,1.0,0.8888888888888888,0.8,1.0,0.8,1.0,0.6666666666666666,1.0,1.0,1.0,18054
classification,MissForest,EnsembleSoft,0.1,2,3,1.0,1.0,94,23,"{'Basal': 23, 'Her2': 11, 'LumA': 46, 'LumB': 14}","{'Basal': 6, 'Her2': 3, 'LumA': 11, 'LumB': 3}",4,False,1.0,1.0,1.0,1.0,1.0,1.0,1.0,1.0,1.0,1.0,1.0,1.0,18054
classification,MissForest,EnsembleSoft,0.1,2,4,0.9391304347826087,0.9791666666666666,94,23,"{'Basal': 23, 'Her2': 12, 'LumA': 45, 'LumB': 14}","{'Basal': 6, 'Her2': 2, 'LumA': 12, 'LumB': 3}",4,False,0.9565217391304348,1.0,0.9166666666666666,1.0,1.0,1.0,0.8,0.6666666666666666,1.0,1.0,1.0,1.0,18054
classification,MissForest,EnsembleSoft,0.1,2,5,0.8557692307692308,0.8333333333333334,94,23,"{'Basal': 24, 'Her2': 11, 'LumA': 45, 'LumB': 14}","{'Basal': 5, 'Her2': 3, 'LumA': 12, 'LumB': 3}",4,False,0.9230769230769231,0.8571428571428571,1.0,0.5,1.0,0.3333333333333333,1.0,1.0,1.0,1.0,1.0,1.0,18054
classification,SimpleMean,EnsembleSoft,0.1,3,1,0.9207251082251082,0.8958333333333334,93,24,"{'Basal': 23, 'Her2': 11, 'LumA': 46, 'LumB': 13}","{'Basal': 6, 'Her2': 3, 'LumA': 11, 'LumB': 4}",4,False,0.9166666666666666,0.8461538461538461,1.0,0.8571428571428571,1.0,0.75,1.0,1.0,1.0,0.9090909090909091,1.0,0.8333333333333334,18055
classification,SimpleMean,EnsembleSoft,0.1,3,2,0.9222222222222223,0.9166666666666666,93,24,"{'Basal': 23, 'Her2': 11, 'LumA': 46, 'LumB': 13}","{'Basal': 6, 'Her2': 3, 'LumA': 11, 'LumB': 4}",4,False,1.0,1.0,1.0,0.8888888888888888,0.8,1.0,0.8,1.0,0.6666666666666666,1.0,1.0,1.0,18055
classification,SimpleMean,EnsembleSoft,0.1,3,3,0.8791666666666667,0.8333333333333333,94,23,"{'Basal': 23, 'Her2': 11, 'LumA': 46, 'LumB': 14}","{'Basal': 6, 'Her2': 3, 'LumA': 11, 'LumB': 3}",4,False,0.9166666666666666,0.8461538461538461,1.0,0.8,1.0,0.6666666666666666,0.8,1.0,0.6666666666666666,1.0,1.0,1.0,18055
classification,SimpleMean,EnsembleSoft,0.1,3,4,1.0,1.0,94,23,"{'Basal': 23, 'Her2': 12, 'LumA': 45, 'LumB': 14}","{'Basal': 6, 'Her2': 2, 'LumA': 12, 'LumB': 3}",4,False,1.0,1.0,1.0,1.0,1.0,1.0,1.0,1.0,1.0,1.0,1.0,1.0,18055
classification,SimpleMean,EnsembleSoft,0.1,3,5,0.8557692307692308,0.8333333333333334,94,23,"{'Basal': 24, 'Her2': 11, 'LumA': 45, 'LumB': 14}","{'Basal': 5, 'Her2': 3, 'LumA': 12, 'LumB': 3}",4,False,0.9230769230769231,0.8571428571428571,1.0,0.5,1.0,0.3333333333333333,1.0,1.0,1.0,1.0,1.0,1.0,18055
classification,"KNN(k=5,dist)",EnsembleSoft,0.1,3,1,0.873235460191982,0.8731060606060607,93,24,"{'Basal': 23, 'Her2': 11, 'LumA': 46, 'LumB': 13}","{'Basal': 6, 'Her2': 3, 'LumA': 11, 'LumB': 4}",4,False,0.8695652173913043,0.8333333333333334,0.9090909090909091,0.8571428571428571,1.0,0.75,0.8571428571428571,0.75,1.0,0.9090909090909091,1.0,0.8333333333333334,18055
classification,"KNN(k=5,dist)",EnsembleSoft,0.1,3,2,0.9222222222222223,0.9166666666666666,93,24,"{'Basal': 23, 'Her2': 11, 'LumA': 46, 'LumB': 13}","{'Basal': 6, 'Her2': 3, 'LumA': 11, 'LumB': 4}",4,False,1.0,1.0,1.0,0.8888888888888888,0.8,1.0,0.8,1.0,0.6666666666666666,1.0,1.0,1.0,18055
classification,"KNN(k=5,dist)",EnsembleSoft,0.1,3,3,0.9391304347826087,0.9166666666666666,94,23,"{'Basal': 23, 'Her2': 11, 'LumA': 46, 'LumB': 14}","{'Basal': 6, 'Her2': 3, 'LumA': 11, 'LumB': 3}",4,False,0.9565217391304348,0.9166666666666666,1.0,0.8,1.0,0.6666666666666666,1.0,1.0,1.0,1.0,1.0,1.0,18055
classification,"KNN(k=5,dist)",EnsembleSoft,0.1,3,4,1.0,1.0,94,23,"{'Basal': 23, 'Her2': 12, 'LumA': 45, 'LumB': 14}","{'Basal': 6, 'Her2': 2, 'LumA': 12, 'LumB': 3}",4,False,1.0,1.0,1.0,1.0,1.0,1.0,1.0,1.0,1.0,1.0,1.0,1.0,18055
classification,"KNN(k=5,dist)",EnsembleSoft,0.1,3,5,0.8557692307692308,0.8333333333333334,94,23,"{'Basal': 24, 'Her2': 11, 'LumA': 45, 'LumB': 14}","{'Basal': 5, 'Her2': 3, 'LumA': 12, 'LumB': 3}",4,False,0.9230769230769231,0.8571428571428571,1.0,0.5,1.0,0.3333333333333333,1.0,1.0,1.0,1.0,1.0,1.0,18055
classification,RFECA_SVR(k=5),EnsembleSoft,0.1,3,1,0.873235460191982,0.8731060606060607,93,24,"{'Basal': 23, 'Her2': 11, 'LumA': 46, 'LumB': 13}","{'Basal': 6, 'Her2': 3, 'LumA': 11, 'LumB': 4}",4,False,0.8695652173913043,0.8333333333333334,0.9090909090909091,0.8571428571428571,1.0,0.75,0.8571428571428571,0.75,1.0,0.9090909090909091,1.0,0.8333333333333334,18055
classification,RFECA_SVR(k=5),EnsembleSoft,0.1,3,2,1.0,1.0,93,24,"{'Basal': 23, 'Her2': 11, 'LumA': 46, 'LumB': 13}","{'Basal': 6, 'Her2': 3, 'LumA': 11, 'LumB': 4}",4,False,1.0,1.0,1.0,1.0,1.0,1.0,1.0,1.0,1.0,1.0,1.0,1.0,18055
classification,RFECA_SVR(k=5),EnsembleSoft,0.1,3,3,1.0,1.0,94,23,"{'Basal': 23, 'Her2': 11, 'LumA': 46, 'LumB': 14}","{'Basal': 6, 'Her2': 3, 'LumA': 11, 'LumB': 3}",4,False,1.0,1.0,1.0,1.0,1.0,1.0,1.0,1.0,1.0,1.0,1.0,1.0,18055
classification,RFECA_SVR(k=5),EnsembleSoft,0.1,3,4,0.953416149068323,0.9791666666666666,94,23,"{'Basal': 23, 'Her2': 12, 'LumA': 45, 'LumB': 14}","{'Basal': 6, 'Her2': 2, 'LumA': 12, 'LumB': 3}",4,False,0.9565217391304348,1.0,0.9166666666666666,0.8571428571428571,0.75,1.0,1.0,1.0,1.0,1.0,1.0,1.0,18055
classification,RFECA_SVR(k=5),EnsembleSoft,0.1,3,5,0.8557692307692308,0.8333333333333334,94,23,"{'Basal': 24, 'Her2': 11, 'LumA': 45, 'LumB': 14}","{'Basal': 5, 'Her2': 3, 'LumA': 12, 'LumB': 3}",4,False,0.9230769230769231,0.8571428571428571,1.0,0.5,1.0,0.3333333333333333,1.0,1.0,1.0,1.0,1.0,1.0,18055
classification,RFECA_SVR(k=10),EnsembleSoft,0.1,3,1,0.873235460191982,0.8731060606060607,93,24,"{'Basal': 23, 'Her2': 11, 'LumA': 46, 'LumB': 13}","{'Basal': 6, 'Her2': 3, 'LumA': 11, 'LumB': 4}",4,False,0.8695652173913043,0.8333333333333334,0.9090909090909091,0.8571428571428571,1.0,0.75,0.8571428571428571,0.75,1.0,0.9090909090909091,1.0,0.8333333333333334,18055
classification,RFECA_SVR(k=10),EnsembleSoft,0.1,3,2,1.0,1.0,93,24,"{'Basal': 23, 'Her2': 11, 'LumA': 46, 'LumB': 13}","{'Basal': 6, 'Her2': 3, 'LumA': 11, 'LumB': 4}",4,False,1.0,1.0,1.0,1.0,1.0,1.0,1.0,1.0,1.0,1.0,1.0,1.0,18055
classification,RFECA_SVR(k=10),EnsembleSoft,0.1,3,3,1.0,1.0,94,23,"{'Basal': 23, 'Her2': 11, 'LumA': 46, 'LumB': 14}","{'Basal': 6, 'Her2': 3, 'LumA': 11, 'LumB': 3}",4,False,1.0,1.0,1.0,1.0,1.0,1.0,1.0,1.0,1.0,1.0,1.0,1.0,18055
classification,RFECA_SVR(k=10),EnsembleSoft,0.1,3,4,1.0,1.0,94,23,"{'Basal': 23, 'Her2': 12, 'LumA': 45, 'LumB': 14}","{'Basal': 6, 'Her2': 2, 'LumA': 12, 'LumB': 3}",4,False,1.0,1.0,1.0,1.0,1.0,1.0,1.0,1.0,1.0,1.0,1.0,1.0,18055
classification,RFECA_SVR(k=10),EnsembleSoft,0.1,3,5,0.8557692307692308,0.8333333333333334,94,23,"{'Basal': 24, 'Her2': 11, 'LumA': 45, 'LumB': 14}","{'Basal': 5, 'Her2': 3, 'LumA': 12, 'LumB': 3}",4,False,0.9230769230769231,0.8571428571428571,1.0,0.5,1.0,0.3333333333333333,1.0,1.0,1.0,1.0,1.0,1.0,18055
classification,RFECA_SVR(k=20),EnsembleSoft,0.1,3,1,0.8949745906267645,0.8958333333333334,93,24,"{'Basal': 23, 'Her2': 11, 'LumA': 46, 'LumB': 13}","{'Basal': 6, 'Her2': 3, 'LumA': 11, 'LumB': 4}",4,False,0.9565217391304348,0.9166666666666666,1.0,0.8571428571428571,1.0,0.75,0.8571428571428571,0.75,1.0,0.9090909090909091,1.0,0.8333333333333334,18055
classification,RFECA_SVR(k=20),EnsembleSoft,0.1,3,2,1.0,1.0,93,24,"{'Basal': 23, 'Her2': 11, 'LumA': 46, 'LumB': 13}","{'Basal': 6, 'Her2': 3, 'LumA': 11, 'LumB': 4}",4,False,1.0,1.0,1.0,1.0,1.0,1.0,1.0,1.0,1.0,1.0,1.0,1.0,18055
classification,RFECA_SVR(k=20),EnsembleSoft,0.1,3,3,1.0,1.0,94,23,"{'Basal': 23, 'Her2': 11, 'LumA': 46, 'LumB': 14}","{'Basal': 6, 'Her2': 3, 'LumA': 11, 'LumB': 3}",4,False,1.0,1.0,1.0,1.0,1.0,1.0,1.0,1.0,1.0,1.0,1.0,1.0,18055
classification,RFECA_SVR(k=20),EnsembleSoft,0.1,3,4,1.0,1.0,94,23,"{'Basal': 23, 'Her2': 12, 'LumA': 45, 'LumB': 14}","{'Basal': 6, 'Her2': 2, 'LumA': 12, 'LumB': 3}",4,False,1.0,1.0,1.0,1.0,1.0,1.0,1.0,1.0,1.0,1.0,1.0,1.0,18055
classification,RFECA_SVR(k=20),EnsembleSoft,0.1,3,5,0.8557692307692308,0.8333333333333334,94,23,"{'Basal': 24, 'Her2': 11, 'LumA': 45, 'LumB': 14}","{'Basal': 5, 'Her2': 3, 'LumA': 12, 'LumB': 3}",4,False,0.9230769230769231,0.8571428571428571,1.0,0.5,1.0,0.3333333333333333,1.0,1.0,1.0,1.0,1.0,1.0,18055
classification,MissForest,EnsembleSoft,0.1,3,1,0.873235460191982,0.8731060606060607,93,24,"{'Basal': 23, 'Her2': 11, 'LumA': 46, 'LumB': 13}","{'Basal': 6, 'Her2': 3, 'LumA': 11, 'LumB': 4}",4,False,0.8695652173913043,0.8333333333333334,0.9090909090909091,0.8571428571428571,1.0,0.75,0.8571428571428571,0.75,1.0,0.9090909090909091,1.0,0.8333333333333334,18055
classification,MissForest,EnsembleSoft,0.1,3,2,1.0,1.0,93,24,"{'Basal': 23, 'Her2': 11, 'LumA': 46, 'LumB': 13}","{'Basal': 6, 'Her2': 3, 'LumA': 11, 'LumB': 4}",4,False,1.0,1.0,1.0,1.0,1.0,1.0,1.0,1.0,1.0,1.0,1.0,1.0,18055
classification,MissForest,EnsembleSoft,0.1,3,3,1.0,1.0,94,23,"{'Basal': 23, 'Her2': 11, 'LumA': 46, 'LumB': 14}","{'Basal': 6, 'Her2': 3, 'LumA': 11, 'LumB': 3}",4,False,1.0,1.0,1.0,1.0,1.0,1.0,1.0,1.0,1.0,1.0,1.0,1.0,18055
classification,MissForest,EnsembleSoft,0.1,3,4,0.953416149068323,0.9791666666666666,94,23,"{'Basal': 23, 'Her2': 12, 'LumA': 45, 'LumB': 14}","{'Basal': 6, 'Her2': 2, 'LumA': 12, 'LumB': 3}",4,False,0.9565217391304348,1.0,0.9166666666666666,0.8571428571428571,0.75,1.0,1.0,1.0,1.0,1.0,1.0,1.0,18055
classification,MissForest,EnsembleSoft,0.1,3,5,0.8557692307692308,0.8333333333333334,94,23,"{'Basal': 24, 'Her2': 11, 'LumA': 45, 'LumB': 14}","{'Basal': 5, 'Her2': 3, 'LumA': 12, 'LumB': 3}",4,False,0.9230769230769231,0.8571428571428571,1.0,0.5,1.0,0.3333333333333333,1.0,1.0,1.0,1.0,1.0,1.0,18055
classification,SimpleMean,EnsembleSoft,0.1,4,1,0.953416149068323,0.9375,93,24,"{'Basal': 23, 'Her2': 11, 'LumA': 46, 'LumB': 13}","{'Basal': 6, 'Her2': 3, 'LumA': 11, 'LumB': 4}",4,False,0.9565217391304348,0.9166666666666666,1.0,0.8571428571428571,1.0,0.75,1.0,1.0,1.0,1.0,1.0,1.0,18056
classification,SimpleMean,EnsembleSoft,0.1,4,2,0.9222222222222223,0.9166666666666666,93,24,"{'Basal': 23, 'Her2': 11, 'LumA': 46, 'LumB': 13}","{'Basal': 6, 'Her2': 3, 'LumA': 11, 'LumB': 4}",4,False,1.0,1.0,1.0,0.8888888888888888,0.8,1.0,0.8,1.0,0.6666666666666666,1.0,1.0,1.0,18056
classification,SimpleMean,EnsembleSoft,0.1,4,3,0.8791666666666667,0.8333333333333333,94,23,"{'Basal': 23, 'Her2': 11, 'LumA': 46, 'LumB': 14}","{'Basal': 6, 'Her2': 3, 'LumA': 11, 'LumB': 3}",4,False,0.9166666666666666,0.8461538461538461,1.0,0.8,1.0,0.6666666666666666,0.8,1.0,0.6666666666666666,1.0,1.0,1.0,18056
classification,SimpleMean,EnsembleSoft,0.1,4,4,0.9066666666666666,0.875,94,23,"{'Basal': 23, 'Her2': 12, 'LumA': 45, 'LumB': 14}","{'Basal': 6, 'Her2': 2, 'LumA': 12, 'LumB': 3}",4,False,0.96,0.9230769230769231,1.0,1.0,1.0,1.0,0.6666666666666666,1.0,0.5,1.0,1.0,1.0,18056
classification,SimpleMean,EnsembleSoft,0.1,4,5,0.8557692307692308,0.8333333333333334,94,23,"{'Basal': 24, 'Her2': 11, 'LumA': 45, 'LumB': 14}","{'Basal': 5, 'Her2': 3, 'LumA': 12, 'LumB': 3}",4,False,0.9230769230769231,0.8571428571428571,1.0,0.5,1.0,0.3333333333333333,1.0,1.0,1.0,1.0,1.0,1.0,18056
classification,"KNN(k=5,dist)",EnsembleSoft,0.1,4,1,0.9207251082251082,0.8958333333333334,93,24,"{'Basal': 23, 'Her2': 11, 'LumA': 46, 'LumB': 13}","{'Basal': 6, 'Her2': 3, 'LumA': 11, 'LumB': 4}",4,False,0.9166666666666666,0.8461538461538461,1.0,0.8571428571428571,1.0,0.75,1.0,1.0,1.0,0.9090909090909091,1.0,0.8333333333333334,18056
classification,"KNN(k=5,dist)",EnsembleSoft,0.1,4,2,0.9222222222222223,0.9166666666666666,93,24,"{'Basal': 23, 'Her2': 11, 'LumA': 46, 'LumB': 13}","{'Basal': 6, 'Her2': 3, 'LumA': 11, 'LumB': 4}",4,False,1.0,1.0,1.0,0.8888888888888888,0.8,1.0,0.8,1.0,0.6666666666666666,1.0,1.0,1.0,18056
classification,"KNN(k=5,dist)",EnsembleSoft,0.1,4,3,0.8791666666666667,0.8333333333333333,94,23,"{'Basal': 23, 'Her2': 11, 'LumA': 46, 'LumB': 14}","{'Basal': 6, 'Her2': 3, 'LumA': 11, 'LumB': 3}",4,False,0.9166666666666666,0.8461538461538461,1.0,0.8,1.0,0.6666666666666666,0.8,1.0,0.6666666666666666,1.0,1.0,1.0,18056
classification,"KNN(k=5,dist)",EnsembleSoft,0.1,4,4,0.9066666666666666,0.875,94,23,"{'Basal': 23, 'Her2': 12, 'LumA': 45, 'LumB': 14}","{'Basal': 6, 'Her2': 2, 'LumA': 12, 'LumB': 3}",4,False,0.96,0.9230769230769231,1.0,1.0,1.0,1.0,0.6666666666666666,1.0,0.5,1.0,1.0,1.0,18056
classification,"KNN(k=5,dist)",EnsembleSoft,0.1,4,5,0.8557692307692308,0.8333333333333334,94,23,"{'Basal': 24, 'Her2': 11, 'LumA': 45, 'LumB': 14}","{'Basal': 5, 'Her2': 3, 'LumA': 12, 'LumB': 3}",4,False,0.9230769230769231,0.8571428571428571,1.0,0.5,1.0,0.3333333333333333,1.0,1.0,1.0,1.0,1.0,1.0,18056
classification,RFECA_SVR(k=5),EnsembleSoft,0.1,4,1,0.9039031620553359,0.8958333333333334,93,24,"{'Basal': 23, 'Her2': 11, 'LumA': 46, 'LumB': 13}","{'Basal': 6, 'Her2': 3, 'LumA': 11, 'LumB': 4}",4,False,0.9565217391304348,0.9166666666666666,1.0,0.75,0.75,0.75,1.0,1.0,1.0,0.9090909090909091,1.0,0.8333333333333334,18056
classification,RFECA_SVR(k=5),EnsembleSoft,0.1,4,2,0.9222222222222223,0.9166666666666666,93,24,"{'Basal': 23, 'Her2': 11, 'LumA': 46, 'LumB': 13}","{'Basal': 6, 'Her2': 3, 'LumA': 11, 'LumB': 4}",4,False,1.0,1.0,1.0,0.8888888888888888,0.8,1.0,0.8,1.0,0.6666666666666666,1.0,1.0,1.0,18056
classification,RFECA_SVR(k=5),EnsembleSoft,0.1,4,3,0.9391304347826087,0.9166666666666666,94,23,"{'Basal': 23, 'Her2': 11, 'LumA': 46, 'LumB': 14}","{'Basal': 6, 'Her2': 3, 'LumA': 11, 'LumB': 3}",4,False,0.9565217391304348,0.9166666666666666,1.0,1.0,1.0,1.0,0.8,1.0,0.6666666666666666,1.0,1.0,1.0,18056
classification,RFECA_SVR(k=5),EnsembleSoft,0.1,4,4,0.953416149068323,0.9791666666666666,94,23,"{'Basal': 23, 'Her2': 12, 'LumA': 45, 'LumB': 14}","{'Basal': 6, 'Her2': 2, 'LumA': 12, 'LumB': 3}",4,False,0.9565217391304348,1.0,0.9166666666666666,0.8571428571428571,0.75,1.0,1.0,1.0,1.0,1.0,1.0,1.0,18056
classification,RFECA_SVR(k=5),EnsembleSoft,0.1,4,5,0.8557692307692308,0.8333333333333334,94,23,"{'Basal': 24, 'Her2': 11, 'LumA': 45, 'LumB': 14}","{'Basal': 5, 'Her2': 3, 'LumA': 12, 'LumB': 3}",4,False,0.9230769230769231,0.8571428571428571,1.0,0.5,1.0,0.3333333333333333,1.0,1.0,1.0,1.0,1.0,1.0,18056
classification,RFECA_SVR(k=10),EnsembleSoft,0.1,4,1,0.953416149068323,0.9375,93,24,"{'Basal': 23, 'Her2': 11, 'LumA': 46, 'LumB': 13}","{'Basal': 6, 'Her2': 3, 'LumA': 11, 'LumB': 4}",4,False,0.9565217391304348,0.9166666666666666,1.0,0.8571428571428571,1.0,0.75,1.0,1.0,1.0,1.0,1.0,1.0,18056
classification,RFECA_SVR(k=10),EnsembleSoft,0.1,4,2,0.9222222222222223,0.9166666666666666,93,24,"{'Basal': 23, 'Her2': 11, 'LumA': 46, 'LumB': 13}","{'Basal': 6, 'Her2': 3, 'LumA': 11, 'LumB': 4}",4,False,1.0,1.0,1.0,0.8888888888888888,0.8,1.0,0.8,1.0,0.6666666666666666,1.0,1.0,1.0,18056
classification,RFECA_SVR(k=10),EnsembleSoft,0.1,4,3,0.8791666666666667,0.8333333333333333,94,23,"{'Basal': 23, 'Her2': 11, 'LumA': 46, 'LumB': 14}","{'Basal': 6, 'Her2': 3, 'LumA': 11, 'LumB': 3}",4,False,0.9166666666666666,0.8461538461538461,1.0,0.8,1.0,0.6666666666666666,0.8,1.0,0.6666666666666666,1.0,1.0,1.0,18056
classification,RFECA_SVR(k=10),EnsembleSoft,0.1,4,4,1.0,1.0,94,23,"{'Basal': 23, 'Her2': 12, 'LumA': 45, 'LumB': 14}","{'Basal': 6, 'Her2': 2, 'LumA': 12, 'LumB': 3}",4,False,1.0,1.0,1.0,1.0,1.0,1.0,1.0,1.0,1.0,1.0,1.0,1.0,18056
classification,RFECA_SVR(k=10),EnsembleSoft,0.1,4,5,0.8557692307692308,0.8333333333333334,94,23,"{'Basal': 24, 'Her2': 11, 'LumA': 45, 'LumB': 14}","{'Basal': 5, 'Her2': 3, 'LumA': 12, 'LumB': 3}",4,False,0.9230769230769231,0.8571428571428571,1.0,0.5,1.0,0.3333333333333333,1.0,1.0,1.0,1.0,1.0,1.0,18056
classification,RFECA_SVR(k=20),EnsembleSoft,0.1,4,1,0.953416149068323,0.9375,93,24,"{'Basal': 23, 'Her2': 11, 'LumA': 46, 'LumB': 13}","{'Basal': 6, 'Her2': 3, 'LumA': 11, 'LumB': 4}",4,False,0.9565217391304348,0.9166666666666666,1.0,0.8571428571428571,1.0,0.75,1.0,1.0,1.0,1.0,1.0,1.0,18056
classification,RFECA_SVR(k=20),EnsembleSoft,0.1,4,2,0.9222222222222223,0.9166666666666666,93,24,"{'Basal': 23, 'Her2': 11, 'LumA': 46, 'LumB': 13}","{'Basal': 6, 'Her2': 3, 'LumA': 11, 'LumB': 4}",4,False,1.0,1.0,1.0,0.8888888888888888,0.8,1.0,0.8,1.0,0.6666666666666666,1.0,1.0,1.0,18056
classification,RFECA_SVR(k=20),EnsembleSoft,0.1,4,3,0.9391304347826087,0.9166666666666666,94,23,"{'Basal': 23, 'Her2': 11, 'LumA': 46, 'LumB': 14}","{'Basal': 6, 'Her2': 3, 'LumA': 11, 'LumB': 3}",4,False,0.9565217391304348,0.9166666666666666,1.0,0.8,1.0,0.6666666666666666,1.0,1.0,1.0,1.0,1.0,1.0,18056
classification,RFECA_SVR(k=20),EnsembleSoft,0.1,4,4,1.0,1.0,94,23,"{'Basal': 23, 'Her2': 12, 'LumA': 45, 'LumB': 14}","{'Basal': 6, 'Her2': 2, 'LumA': 12, 'LumB': 3}",4,False,1.0,1.0,1.0,1.0,1.0,1.0,1.0,1.0,1.0,1.0,1.0,1.0,18056
classification,RFECA_SVR(k=20),EnsembleSoft,0.1,4,5,0.8557692307692308,0.8333333333333334,94,23,"{'Basal': 24, 'Her2': 11, 'LumA': 45, 'LumB': 14}","{'Basal': 5, 'Her2': 3, 'LumA': 12, 'LumB': 3}",4,False,0.9230769230769231,0.8571428571428571,1.0,0.5,1.0,0.3333333333333333,1.0,1.0,1.0,1.0,1.0,1.0,18056
classification,MissForest,EnsembleSoft,0.1,4,1,0.9207251082251082,0.8958333333333334,93,24,"{'Basal': 23, 'Her2': 11, 'LumA': 46, 'LumB': 13}","{'Basal': 6, 'Her2': 3, 'LumA': 11, 'LumB': 4}",4,False,0.9166666666666666,0.8461538461538461,1.0,0.8571428571428571,1.0,0.75,1.0,1.0,1.0,0.9090909090909091,1.0,0.8333333333333334,18056
classification,MissForest,EnsembleSoft,0.1,4,2,1.0,1.0,93,24,"{'Basal': 23, 'Her2': 11, 'LumA': 46, 'LumB': 13}","{'Basal': 6, 'Her2': 3, 'LumA': 11, 'LumB': 4}",4,False,1.0,1.0,1.0,1.0,1.0,1.0,1.0,1.0,1.0,1.0,1.0,1.0,18056
classification,MissForest,EnsembleSoft,0.1,4,3,0.9391304347826087,0.9166666666666666,94,23,"{'Basal': 23, 'Her2': 11, 'LumA': 46, 'LumB': 14}","{'Basal': 6, 'Her2': 3, 'LumA': 11, 'LumB': 3}",4,False,0.9565217391304348,0.9166666666666666,1.0,1.0,1.0,1.0,0.8,1.0,0.6666666666666666,1.0,1.0,1.0,18056
classification,MissForest,EnsembleSoft,0.1,4,4,0.953416149068323,0.9791666666666666,94,23,"{'Basal': 23, 'Her2': 12, 'LumA': 45, 'LumB': 14}","{'Basal': 6, 'Her2': 2, 'LumA': 12, 'LumB': 3}",4,False,0.9565217391304348,1.0,0.9166666666666666,0.8571428571428571,0.75,1.0,1.0,1.0,1.0,1.0,1.0,1.0,18056
classification,MissForest,EnsembleSoft,0.1,4,5,0.8557692307692308,0.8333333333333334,94,23,"{'Basal': 24, 'Her2': 11, 'LumA': 45, 'LumB': 14}","{'Basal': 5, 'Her2': 3, 'LumA': 12, 'LumB': 3}",4,False,0.9230769230769231,0.8571428571428571,1.0,0.5,1.0,0.3333333333333333,1.0,1.0,1.0,1.0,1.0,1.0,18056
classification,SimpleMean,EnsembleSoft,0.1,5,1,0.953416149068323,0.9375,93,24,"{'Basal': 23, 'Her2': 11, 'LumA': 46, 'LumB': 13}","{'Basal': 6, 'Her2': 3, 'LumA': 11, 'LumB': 4}",4,False,0.9565217391304348,0.9166666666666666,1.0,0.8571428571428571,1.0,0.75,1.0,1.0,1.0,1.0,1.0,1.0,18057
classification,SimpleMean,EnsembleSoft,0.1,5,2,0.9222222222222223,0.9166666666666666,93,24,"{'Basal': 23, 'Her2': 11, 'LumA': 46, 'LumB': 13}","{'Basal': 6, 'Her2': 3, 'LumA': 11, 'LumB': 4}",4,False,1.0,1.0,1.0,0.8888888888888888,0.8,1.0,0.8,1.0,0.6666666666666666,1.0,1.0,1.0,18057
classification,SimpleMean,EnsembleSoft,0.1,5,3,1.0,1.0,94,23,"{'Basal': 23, 'Her2': 11, 'LumA': 46, 'LumB': 14}","{'Basal': 6, 'Her2': 3, 'LumA': 11, 'LumB': 3}",4,False,1.0,1.0,1.0,1.0,1.0,1.0,1.0,1.0,1.0,1.0,1.0,1.0,18057
classification,SimpleMean,EnsembleSoft,0.1,5,4,1.0,1.0,94,23,"{'Basal': 23, 'Her2': 12, 'LumA': 45, 'LumB': 14}","{'Basal': 6, 'Her2': 2, 'LumA': 12, 'LumB': 3}",4,False,1.0,1.0,1.0,1.0,1.0,1.0,1.0,1.0,1.0,1.0,1.0,1.0,18057
classification,SimpleMean,EnsembleSoft,0.1,5,5,0.8557692307692308,0.8333333333333334,94,23,"{'Basal': 24, 'Her2': 11, 'LumA': 45, 'LumB': 14}","{'Basal': 5, 'Her2': 3, 'LumA': 12, 'LumB': 3}",4,False,0.9230769230769231,0.8571428571428571,1.0,0.5,1.0,0.3333333333333333,1.0,1.0,1.0,1.0,1.0,1.0,18057
classification,"KNN(k=5,dist)",EnsembleSoft,0.1,5,1,0.953416149068323,0.9375,93,24,"{'Basal': 23, 'Her2': 11, 'LumA': 46, 'LumB': 13}","{'Basal': 6, 'Her2': 3, 'LumA': 11, 'LumB': 4}",4,False,0.9565217391304348,0.9166666666666666,1.0,0.8571428571428571,1.0,0.75,1.0,1.0,1.0,1.0,1.0,1.0,18057
classification,"KNN(k=5,dist)",EnsembleSoft,0.1,5,2,0.9222222222222223,0.9166666666666666,93,24,"{'Basal': 23, 'Her2': 11, 'LumA': 46, 'LumB': 13}","{'Basal': 6, 'Her2': 3, 'LumA': 11, 'LumB': 4}",4,False,1.0,1.0,1.0,0.8888888888888888,0.8,1.0,0.8,1.0,0.6666666666666666,1.0,1.0,1.0,18057
classification,"KNN(k=5,dist)",EnsembleSoft,0.1,5,3,1.0,1.0,94,23,"{'Basal': 23, 'Her2': 11, 'LumA': 46, 'LumB': 14}","{'Basal': 6, 'Her2': 3, 'LumA': 11, 'LumB': 3}",4,False,1.0,1.0,1.0,1.0,1.0,1.0,1.0,1.0,1.0,1.0,1.0,1.0,18057
classification,"KNN(k=5,dist)",EnsembleSoft,0.1,5,4,0.953416149068323,0.9791666666666666,94,23,"{'Basal': 23, 'Her2': 12, 'LumA': 45, 'LumB': 14}","{'Basal': 6, 'Her2': 2, 'LumA': 12, 'LumB': 3}",4,False,0.9565217391304348,1.0,0.9166666666666666,0.8571428571428571,0.75,1.0,1.0,1.0,1.0,1.0,1.0,1.0,18057
classification,"KNN(k=5,dist)",EnsembleSoft,0.1,5,5,0.8557692307692308,0.8333333333333334,94,23,"{'Basal': 24, 'Her2': 11, 'LumA': 45, 'LumB': 14}","{'Basal': 5, 'Her2': 3, 'LumA': 12, 'LumB': 3}",4,False,0.9230769230769231,0.8571428571428571,1.0,0.5,1.0,0.3333333333333333,1.0,1.0,1.0,1.0,1.0,1.0,18057
classification,RFECA_SVR(k=5),EnsembleSoft,0.1,5,1,0.953416149068323,0.9375,93,24,"{'Basal': 23, 'Her2': 11, 'LumA': 46, 'LumB': 13}","{'Basal': 6, 'Her2': 3, 'LumA': 11, 'LumB': 4}",4,False,0.9565217391304348,0.9166666666666666,1.0,0.8571428571428571,1.0,0.75,1.0,1.0,1.0,1.0,1.0,1.0,18057
classification,RFECA_SVR(k=5),EnsembleSoft,0.1,5,2,0.9222222222222223,0.9166666666666666,93,24,"{'Basal': 23, 'Her2': 11, 'LumA': 46, 'LumB': 13}","{'Basal': 6, 'Her2': 3, 'LumA': 11, 'LumB': 4}",4,False,1.0,1.0,1.0,0.8888888888888888,0.8,1.0,0.8,1.0,0.6666666666666666,1.0,1.0,1.0,18057
classification,RFECA_SVR(k=5),EnsembleSoft,0.1,5,3,1.0,1.0,94,23,"{'Basal': 23, 'Her2': 11, 'LumA': 46, 'LumB': 14}","{'Basal': 6, 'Her2': 3, 'LumA': 11, 'LumB': 3}",4,False,1.0,1.0,1.0,1.0,1.0,1.0,1.0,1.0,1.0,1.0,1.0,1.0,18057
classification,RFECA_SVR(k=5),EnsembleSoft,0.1,5,4,1.0,1.0,94,23,"{'Basal': 23, 'Her2': 12, 'LumA': 45, 'LumB': 14}","{'Basal': 6, 'Her2': 2, 'LumA': 12, 'LumB': 3}",4,False,1.0,1.0,1.0,1.0,1.0,1.0,1.0,1.0,1.0,1.0,1.0,1.0,18057
classification,RFECA_SVR(k=5),EnsembleSoft,0.1,5,5,0.8557692307692308,0.8333333333333334,94,23,"{'Basal': 24, 'Her2': 11, 'LumA': 45, 'LumB': 14}","{'Basal': 5, 'Her2': 3, 'LumA': 12, 'LumB': 3}",4,False,0.9230769230769231,0.8571428571428571,1.0,0.5,1.0,0.3333333333333333,1.0,1.0,1.0,1.0,1.0,1.0,18057
classification,RFECA_SVR(k=10),EnsembleSoft,0.1,5,1,0.953416149068323,0.9375,93,24,"{'Basal': 23, 'Her2': 11, 'LumA': 46, 'LumB': 13}","{'Basal': 6, 'Her2': 3, 'LumA': 11, 'LumB': 4}",4,False,0.9565217391304348,0.9166666666666666,1.0,0.8571428571428571,1.0,0.75,1.0,1.0,1.0,1.0,1.0,1.0,18057
classification,RFECA_SVR(k=10),EnsembleSoft,0.1,5,2,0.9222222222222223,0.9166666666666666,93,24,"{'Basal': 23, 'Her2': 11, 'LumA': 46, 'LumB': 13}","{'Basal': 6, 'Her2': 3, 'LumA': 11, 'LumB': 4}",4,False,1.0,1.0,1.0,0.8888888888888888,0.8,1.0,0.8,1.0,0.6666666666666666,1.0,1.0,1.0,18057
classification,RFECA_SVR(k=10),EnsembleSoft,0.1,5,3,0.9391304347826087,0.9166666666666666,94,23,"{'Basal': 23, 'Her2': 11, 'LumA': 46, 'LumB': 14}","{'Basal': 6, 'Her2': 3, 'LumA': 11, 'LumB': 3}",4,False,0.9565217391304348,0.9166666666666666,1.0,1.0,1.0,1.0,0.8,1.0,0.6666666666666666,1.0,1.0,1.0,18057
classification,RFECA_SVR(k=10),EnsembleSoft,0.1,5,4,1.0,1.0,94,23,"{'Basal': 23, 'Her2': 12, 'LumA': 45, 'LumB': 14}","{'Basal': 6, 'Her2': 2, 'LumA': 12, 'LumB': 3}",4,False,1.0,1.0,1.0,1.0,1.0,1.0,1.0,1.0,1.0,1.0,1.0,1.0,18057
classification,RFECA_SVR(k=10),EnsembleSoft,0.1,5,5,0.8557692307692308,0.8333333333333334,94,23,"{'Basal': 24, 'Her2': 11, 'LumA': 45, 'LumB': 14}","{'Basal': 5, 'Her2': 3, 'LumA': 12, 'LumB': 3}",4,False,0.9230769230769231,0.8571428571428571,1.0,0.5,1.0,0.3333333333333333,1.0,1.0,1.0,1.0,1.0,1.0,18057
classification,RFECA_SVR(k=20),EnsembleSoft,0.1,5,1,0.953416149068323,0.9375,93,24,"{'Basal': 23, 'Her2': 11, 'LumA': 46, 'LumB': 13}","{'Basal': 6, 'Her2': 3, 'LumA': 11, 'LumB': 4}",4,False,0.9565217391304348,0.9166666666666666,1.0,0.8571428571428571,1.0,0.75,1.0,1.0,1.0,1.0,1.0,1.0,18057
classification,RFECA_SVR(k=20),EnsembleSoft,0.1,5,2,0.8766304347826087,0.8541666666666666,93,24,"{'Basal': 23, 'Her2': 11, 'LumA': 46, 'LumB': 13}","{'Basal': 6, 'Her2': 3, 'LumA': 11, 'LumB': 4}",4,False,0.9565217391304348,0.9166666666666666,1.0,0.75,0.75,0.75,0.8,1.0,0.6666666666666666,1.0,1.0,1.0,18057
classification,RFECA_SVR(k=20),EnsembleSoft,0.1,5,3,1.0,1.0,94,23,"{'Basal': 23, 'Her2': 11, 'LumA': 46, 'LumB': 14}","{'Basal': 6, 'Her2': 3, 'LumA': 11, 'LumB': 3}",4,False,1.0,1.0,1.0,1.0,1.0,1.0,1.0,1.0,1.0,1.0,1.0,1.0,18057
classification,RFECA_SVR(k=20),EnsembleSoft,0.1,5,4,0.9391304347826087,0.9791666666666666,94,23,"{'Basal': 23, 'Her2': 12, 'LumA': 45, 'LumB': 14}","{'Basal': 6, 'Her2': 2, 'LumA': 12, 'LumB': 3}",4,False,0.9565217391304348,1.0,0.9166666666666666,1.0,1.0,1.0,0.8,0.6666666666666666,1.0,1.0,1.0,1.0,18057
classification,RFECA_SVR(k=20),EnsembleSoft,0.1,5,5,0.8557692307692308,0.8333333333333334,94,23,"{'Basal': 24, 'Her2': 11, 'LumA': 45, 'LumB': 14}","{'Basal': 5, 'Her2': 3, 'LumA': 12, 'LumB': 3}",4,False,0.9230769230769231,0.8571428571428571,1.0,0.5,1.0,0.3333333333333333,1.0,1.0,1.0,1.0,1.0,1.0,18057
classification,MissForest,EnsembleSoft,0.1,5,1,0.953416149068323,0.9375,93,24,"{'Basal': 23, 'Her2': 11, 'LumA': 46, 'LumB': 13}","{'Basal': 6, 'Her2': 3, 'LumA': 11, 'LumB': 4}",4,False,0.9565217391304348,0.9166666666666666,1.0,0.8571428571428571,1.0,0.75,1.0,1.0,1.0,1.0,1.0,1.0,18057
classification,MissForest,EnsembleSoft,0.1,5,2,0.9222222222222223,0.9166666666666666,93,24,"{'Basal': 23, 'Her2': 11, 'LumA': 46, 'LumB': 13}","{'Basal': 6, 'Her2': 3, 'LumA': 11, 'LumB': 4}",4,False,1.0,1.0,1.0,0.8888888888888888,0.8,1.0,0.8,1.0,0.6666666666666666,1.0,1.0,1.0,18057
classification,MissForest,EnsembleSoft,0.1,5,3,0.9391304347826087,0.9166666666666666,94,23,"{'Basal': 23, 'Her2': 11, 'LumA': 46, 'LumB': 14}","{'Basal': 6, 'Her2': 3, 'LumA': 11, 'LumB': 3}",4,False,0.9565217391304348,0.9166666666666666,1.0,0.8,1.0,0.6666666666666666,1.0,1.0,1.0,1.0,1.0,1.0,18057
classification,MissForest,EnsembleSoft,0.1,5,4,1.0,1.0,94,23,"{'Basal': 23, 'Her2': 12, 'LumA': 45, 'LumB': 14}","{'Basal': 6, 'Her2': 2, 'LumA': 12, 'LumB': 3}",4,False,1.0,1.0,1.0,1.0,1.0,1.0,1.0,1.0,1.0,1.0,1.0,1.0,18057
classification,MissForest,EnsembleSoft,0.1,5,5,0.8557692307692308,0.8333333333333334,94,23,"{'Basal': 24, 'Her2': 11, 'LumA': 45, 'LumB': 14}","{'Basal': 5, 'Her2': 3, 'LumA': 12, 'LumB': 3}",4,False,0.9230769230769231,0.8571428571428571,1.0,0.5,1.0,0.3333333333333333,1.0,1.0,1.0,1.0,1.0,1.0,18057
classification,SimpleMean,EnsembleSoft,0.1,6,1,0.8949745906267645,0.8958333333333334,93,24,"{'Basal': 23, 'Her2': 11, 'LumA': 46, 'LumB': 13}","{'Basal': 6, 'Her2': 3, 'LumA': 11, 'LumB': 4}",4,False,0.9565217391304348,0.9166666666666666,1.0,0.8571428571428571,1.0,0.75,0.8571428571428571,0.75,1.0,0.9090909090909091,1.0,0.8333333333333334,18058
classification,SimpleMean,EnsembleSoft,0.1,6,2,1.0,1.0,93,24,"{'Basal': 23, 'Her2': 11, 'LumA': 46, 'LumB': 13}","{'Basal': 6, 'Her2': 3, 'LumA': 11, 'LumB': 4}",4,False,1.0,1.0,1.0,1.0,1.0,1.0,1.0,1.0,1.0,1.0,1.0,1.0,18058
classification,SimpleMean,EnsembleSoft,0.1,6,3,0.9391304347826087,0.9166666666666666,94,23,"{'Basal': 23, 'Her2': 11, 'LumA': 46, 'LumB': 14}","{'Basal': 6, 'Her2': 3, 'LumA': 11, 'LumB': 3}",4,False,0.9565217391304348,0.9166666666666666,1.0,1.0,1.0,1.0,0.8,1.0,0.6666666666666666,1.0,1.0,1.0,18058
classification,SimpleMean,EnsembleSoft,0.1,6,4,0.8215579710144927,0.8333333333333334,94,23,"{'Basal': 23, 'Her2': 12, 'LumA': 45, 'LumB': 14}","{'Basal': 6, 'Her2': 2, 'LumA': 12, 'LumB': 3}",4,False,0.8695652173913043,0.9090909090909091,0.8333333333333334,0.75,0.6,1.0,0.6666666666666666,1.0,0.5,1.0,1.0,1.0,18058
classification,SimpleMean,EnsembleSoft,0.1,6,5,0.8557692307692308,0.8333333333333334,94,23,"{'Basal': 24, 'Her2': 11, 'LumA': 45, 'LumB': 14}","{'Basal': 5, 'Her2': 3, 'LumA': 12, 'LumB': 3}",4,False,0.9230769230769231,0.8571428571428571,1.0,0.5,1.0,0.3333333333333333,1.0,1.0,1.0,1.0,1.0,1.0,18058
classification,"KNN(k=5,dist)",EnsembleSoft,0.1,6,1,0.9207251082251082,0.8958333333333334,93,24,"{'Basal': 23, 'Her2': 11, 'LumA': 46, 'LumB': 13}","{'Basal': 6, 'Her2': 3, 'LumA': 11, 'LumB': 4}",4,False,0.9166666666666666,0.8461538461538461,1.0,0.8571428571428571,1.0,0.75,1.0,1.0,1.0,0.9090909090909091,1.0,0.8333333333333334,18058
classification,"KNN(k=5,dist)",EnsembleSoft,0.1,6,2,1.0,1.0,93,24,"{'Basal': 23, 'Her2': 11, 'LumA': 46, 'LumB': 13}","{'Basal': 6, 'Her2': 3, 'LumA': 11, 'LumB': 4}",4,False,1.0,1.0,1.0,1.0,1.0,1.0,1.0,1.0,1.0,1.0,1.0,1.0,18058
classification,"KNN(k=5,dist)",EnsembleSoft,0.1,6,3,0.9391304347826087,0.9166666666666666,94,23,"{'Basal': 23, 'Her2': 11, 'LumA': 46, 'LumB': 14}","{'Basal': 6, 'Her2': 3, 'LumA': 11, 'LumB': 3}",4,False,0.9565217391304348,0.9166666666666666,1.0,0.8,1.0,0.6666666666666666,1.0,1.0,1.0,1.0,1.0,1.0,18058
classification,"KNN(k=5,dist)",EnsembleSoft,0.1,6,4,0.9066666666666666,0.875,94,23,"{'Basal': 23, 'Her2': 12, 'LumA': 45, 'LumB': 14}","{'Basal': 6, 'Her2': 2, 'LumA': 12, 'LumB': 3}",4,False,0.96,0.9230769230769231,1.0,1.0,1.0,1.0,0.6666666666666666,1.0,0.5,1.0,1.0,1.0,18058
classification,"KNN(k=5,dist)",EnsembleSoft,0.1,6,5,0.8557692307692308,0.8333333333333334,94,23,"{'Basal': 24, 'Her2': 11, 'LumA': 45, 'LumB': 14}","{'Basal': 5, 'Her2': 3, 'LumA': 12, 'LumB': 3}",4,False,0.9230769230769231,0.8571428571428571,1.0,0.5,1.0,0.3333333333333333,1.0,1.0,1.0,1.0,1.0,1.0,18058
classification,RFECA_SVR(k=5),EnsembleSoft,0.1,6,1,0.9207251082251082,0.8958333333333334,93,24,"{'Basal': 23, 'Her2': 11, 'LumA': 46, 'LumB': 13}","{'Basal': 6, 'Her2': 3, 'LumA': 11, 'LumB': 4}",4,False,0.9166666666666666,0.8461538461538461,1.0,0.8571428571428571,1.0,0.75,1.0,1.0,1.0,0.9090909090909091,1.0,0.8333333333333334,18058
classification,RFECA_SVR(k=5),EnsembleSoft,0.1,6,2,0.9222222222222223,0.9166666666666666,93,24,"{'Basal': 23, 'Her2': 11, 'LumA': 46, 'LumB': 13}","{'Basal': 6, 'Her2': 3, 'LumA': 11, 'LumB': 4}",4,False,1.0,1.0,1.0,0.8888888888888888,0.8,1.0,0.8,1.0,0.6666666666666666,1.0,1.0,1.0,18058
classification,RFECA_SVR(k=5),EnsembleSoft,0.1,6,3,0.8791666666666667,0.8333333333333333,94,23,"{'Basal': 23, 'Her2': 11, 'LumA': 46, 'LumB': 14}","{'Basal': 6, 'Her2': 3, 'LumA': 11, 'LumB': 3}",4,False,0.9166666666666666,0.8461538461538461,1.0,0.8,1.0,0.6666666666666666,0.8,1.0,0.6666666666666666,1.0,1.0,1.0,18058
classification,RFECA_SVR(k=5),EnsembleSoft,0.1,6,4,0.8541666666666666,0.8541666666666666,94,23,"{'Basal': 23, 'Her2': 12, 'LumA': 45, 'LumB': 14}","{'Basal': 6, 'Her2': 2, 'LumA': 12, 'LumB': 3}",4,False,0.9166666666666666,0.9166666666666666,0.9166666666666666,1.0,1.0,1.0,0.5,0.5,0.5,1.0,1.0,1.0,18058
classification,RFECA_SVR(k=5),EnsembleSoft,0.1,6,5,0.8557692307692308,0.8333333333333334,94,23,"{'Basal': 24, 'Her2': 11, 'LumA': 45, 'LumB': 14}","{'Basal': 5, 'Her2': 3, 'LumA': 12, 'LumB': 3}",4,False,0.9230769230769231,0.8571428571428571,1.0,0.5,1.0,0.3333333333333333,1.0,1.0,1.0,1.0,1.0,1.0,18058
classification,RFECA_SVR(k=10),EnsembleSoft,0.1,6,1,0.9207251082251082,0.8958333333333334,93,24,"{'Basal': 23, 'Her2': 11, 'LumA': 46, 'LumB': 13}","{'Basal': 6, 'Her2': 3, 'LumA': 11, 'LumB': 4}",4,False,0.9166666666666666,0.8461538461538461,1.0,0.8571428571428571,1.0,0.75,1.0,1.0,1.0,0.9090909090909091,1.0,0.8333333333333334,18058
classification,RFECA_SVR(k=10),EnsembleSoft,0.1,6,2,0.9222222222222223,0.9166666666666666,93,24,"{'Basal': 23, 'Her2': 11, 'LumA': 46, 'LumB': 13}","{'Basal': 6, 'Her2': 3, 'LumA': 11, 'LumB': 4}",4,False,1.0,1.0,1.0,0.8888888888888888,0.8,1.0,0.8,1.0,0.6666666666666666,1.0,1.0,1.0,18058
classification,RFECA_SVR(k=10),EnsembleSoft,0.1,6,3,0.8791666666666667,0.8333333333333333,94,23,"{'Basal': 23, 'Her2': 11, 'LumA': 46, 'LumB': 14}","{'Basal': 6, 'Her2': 3, 'LumA': 11, 'LumB': 3}",4,False,0.9166666666666666,0.8461538461538461,1.0,0.8,1.0,0.6666666666666666,0.8,1.0,0.6666666666666666,1.0,1.0,1.0,18058
classification,RFECA_SVR(k=10),EnsembleSoft,0.1,6,4,0.8601190476190476,0.8541666666666666,94,23,"{'Basal': 23, 'Her2': 12, 'LumA': 45, 'LumB': 14}","{'Basal': 6, 'Her2': 2, 'LumA': 12, 'LumB': 3}",4,False,0.9166666666666666,0.9166666666666666,0.9166666666666666,0.8571428571428571,0.75,1.0,0.6666666666666666,1.0,0.5,1.0,1.0,1.0,18058
classification,RFECA_SVR(k=10),EnsembleSoft,0.1,6,5,0.8557692307692308,0.8333333333333334,94,23,"{'Basal': 24, 'Her2': 11, 'LumA': 45, 'LumB': 14}","{'Basal': 5, 'Her2': 3, 'LumA': 12, 'LumB': 3}",4,False,0.9230769230769231,0.8571428571428571,1.0,0.5,1.0,0.3333333333333333,1.0,1.0,1.0,1.0,1.0,1.0,18058
classification,RFECA_SVR(k=20),EnsembleSoft,0.1,6,1,0.953416149068323,0.9375,93,24,"{'Basal': 23, 'Her2': 11, 'LumA': 46, 'LumB': 13}","{'Basal': 6, 'Her2': 3, 'LumA': 11, 'LumB': 4}",4,False,0.9565217391304348,0.9166666666666666,1.0,0.8571428571428571,1.0,0.75,1.0,1.0,1.0,1.0,1.0,1.0,18058
classification,RFECA_SVR(k=20),EnsembleSoft,0.1,6,2,0.9222222222222223,0.9166666666666666,93,24,"{'Basal': 23, 'Her2': 11, 'LumA': 46, 'LumB': 13}","{'Basal': 6, 'Her2': 3, 'LumA': 11, 'LumB': 4}",4,False,1.0,1.0,1.0,0.8888888888888888,0.8,1.0,0.8,1.0,0.6666666666666666,1.0,1.0,1.0,18058
classification,RFECA_SVR(k=20),EnsembleSoft,0.1,6,3,0.9391304347826087,0.9166666666666666,94,23,"{'Basal': 23, 'Her2': 11, 'LumA': 46, 'LumB': 14}","{'Basal': 6, 'Her2': 3, 'LumA': 11, 'LumB': 3}",4,False,0.9565217391304348,0.9166666666666666,1.0,1.0,1.0,1.0,0.8,1.0,0.6666666666666666,1.0,1.0,1.0,18058
classification,RFECA_SVR(k=20),EnsembleSoft,0.1,6,4,0.8541666666666666,0.8541666666666666,94,23,"{'Basal': 23, 'Her2': 12, 'LumA': 45, 'LumB': 14}","{'Basal': 6, 'Her2': 2, 'LumA': 12, 'LumB': 3}",4,False,0.9166666666666666,0.9166666666666666,0.9166666666666666,1.0,1.0,1.0,0.5,0.5,0.5,1.0,1.0,1.0,18058
classification,RFECA_SVR(k=20),EnsembleSoft,0.1,6,5,0.8557692307692308,0.8333333333333334,94,23,"{'Basal': 24, 'Her2': 11, 'LumA': 45, 'LumB': 14}","{'Basal': 5, 'Her2': 3, 'LumA': 12, 'LumB': 3}",4,False,0.9230769230769231,0.8571428571428571,1.0,0.5,1.0,0.3333333333333333,1.0,1.0,1.0,1.0,1.0,1.0,18058
classification,MissForest,EnsembleSoft,0.1,6,1,0.8821640316205533,0.8731060606060607,93,24,"{'Basal': 23, 'Her2': 11, 'LumA': 46, 'LumB': 13}","{'Basal': 6, 'Her2': 3, 'LumA': 11, 'LumB': 4}",4,False,0.8695652173913043,0.8333333333333334,0.9090909090909091,0.75,0.75,0.75,1.0,1.0,1.0,0.9090909090909091,1.0,0.8333333333333334,18058
classification,MissForest,EnsembleSoft,0.1,6,2,0.9222222222222223,0.9166666666666666,93,24,"{'Basal': 23, 'Her2': 11, 'LumA': 46, 'LumB': 13}","{'Basal': 6, 'Her2': 3, 'LumA': 11, 'LumB': 4}",4,False,1.0,1.0,1.0,0.8888888888888888,0.8,1.0,0.8,1.0,0.6666666666666666,1.0,1.0,1.0,18058
classification,MissForest,EnsembleSoft,0.1,6,3,0.9391304347826087,0.9166666666666666,94,23,"{'Basal': 23, 'Her2': 11, 'LumA': 46, 'LumB': 14}","{'Basal': 6, 'Her2': 3, 'LumA': 11, 'LumB': 3}",4,False,0.9565217391304348,0.9166666666666666,1.0,0.8,1.0,0.6666666666666666,1.0,1.0,1.0,1.0,1.0,1.0,18058
classification,MissForest,EnsembleSoft,0.1,6,4,0.953416149068323,0.9791666666666666,94,23,"{'Basal': 23, 'Her2': 12, 'LumA': 45, 'LumB': 14}","{'Basal': 6, 'Her2': 2, 'LumA': 12, 'LumB': 3}",4,False,0.9565217391304348,1.0,0.9166666666666666,0.8571428571428571,0.75,1.0,1.0,1.0,1.0,1.0,1.0,1.0,18058
classification,MissForest,EnsembleSoft,0.1,6,5,0.8557692307692308,0.8333333333333334,94,23,"{'Basal': 24, 'Her2': 11, 'LumA': 45, 'LumB': 14}","{'Basal': 5, 'Her2': 3, 'LumA': 12, 'LumB': 3}",4,False,0.9230769230769231,0.8571428571428571,1.0,0.5,1.0,0.3333333333333333,1.0,1.0,1.0,1.0,1.0,1.0,18058
classification,SimpleMean,EnsembleSoft,0.1,7,1,0.953416149068323,0.9375,93,24,"{'Basal': 23, 'Her2': 11, 'LumA': 46, 'LumB': 13}","{'Basal': 6, 'Her2': 3, 'LumA': 11, 'LumB': 4}",4,False,0.9565217391304348,0.9166666666666666,1.0,0.8571428571428571,1.0,0.75,1.0,1.0,1.0,1.0,1.0,1.0,18059
classification,SimpleMean,EnsembleSoft,0.1,7,2,0.825,0.8333333333333333,93,24,"{'Basal': 23, 'Her2': 11, 'LumA': 46, 'LumB': 13}","{'Basal': 6, 'Her2': 3, 'LumA': 11, 'LumB': 4}",4,False,1.0,1.0,1.0,0.8,0.6666666666666666,1.0,0.5,1.0,0.3333333333333333,1.0,1.0,1.0,18059
classification,SimpleMean,EnsembleSoft,0.1,7,3,1.0,1.0,94,23,"{'Basal': 23, 'Her2': 11, 'LumA': 46, 'LumB': 14}","{'Basal': 6, 'Her2': 3, 'LumA': 11, 'LumB': 3}",4,False,1.0,1.0,1.0,1.0,1.0,1.0,1.0,1.0,1.0,1.0,1.0,1.0,18059
classification,SimpleMean,EnsembleSoft,0.1,7,4,0.953416149068323,0.9791666666666666,94,23,"{'Basal': 23, 'Her2': 12, 'LumA': 45, 'LumB': 14}","{'Basal': 6, 'Her2': 2, 'LumA': 12, 'LumB': 3}",4,False,0.9565217391304348,1.0,0.9166666666666666,0.8571428571428571,0.75,1.0,1.0,1.0,1.0,1.0,1.0,1.0,18059
classification,SimpleMean,EnsembleSoft,0.1,7,5,0.8557692307692308,0.8333333333333334,94,23,"{'Basal': 24, 'Her2': 11, 'LumA': 45, 'LumB': 14}","{'Basal': 5, 'Her2': 3, 'LumA': 12, 'LumB': 3}",4,False,0.9230769230769231,0.8571428571428571,1.0,0.5,1.0,0.3333333333333333,1.0,1.0,1.0,1.0,1.0,1.0,18059
classification,"KNN(k=5,dist)",EnsembleSoft,0.1,7,1,0.953416149068323,0.9375,93,24,"{'Basal': 23, 'Her2': 11, 'LumA': 46, 'LumB': 13}","{'Basal': 6, 'Her2': 3, 'LumA': 11, 'LumB': 4}",4,False,0.9565217391304348,0.9166666666666666,1.0,0.8571428571428571,1.0,0.75,1.0,1.0,1.0,1.0,1.0,1.0,18059
classification,"KNN(k=5,dist)",EnsembleSoft,0.1,7,2,0.9222222222222223,0.9166666666666666,93,24,"{'Basal': 23, 'Her2': 11, 'LumA': 46, 'LumB': 13}","{'Basal': 6, 'Her2': 3, 'LumA': 11, 'LumB': 4}",4,False,1.0,1.0,1.0,0.8888888888888888,0.8,1.0,0.8,1.0,0.6666666666666666,1.0,1.0,1.0,18059
classification,"KNN(k=5,dist)",EnsembleSoft,0.1,7,3,1.0,1.0,94,23,"{'Basal': 23, 'Her2': 11, 'LumA': 46, 'LumB': 14}","{'Basal': 6, 'Her2': 3, 'LumA': 11, 'LumB': 3}",4,False,1.0,1.0,1.0,1.0,1.0,1.0,1.0,1.0,1.0,1.0,1.0,1.0,18059
classification,"KNN(k=5,dist)",EnsembleSoft,0.1,7,4,1.0,1.0,94,23,"{'Basal': 23, 'Her2': 12, 'LumA': 45, 'LumB': 14}","{'Basal': 6, 'Her2': 2, 'LumA': 12, 'LumB': 3}",4,False,1.0,1.0,1.0,1.0,1.0,1.0,1.0,1.0,1.0,1.0,1.0,1.0,18059
classification,"KNN(k=5,dist)",EnsembleSoft,0.1,7,5,0.8557692307692308,0.8333333333333334,94,23,"{'Basal': 24, 'Her2': 11, 'LumA': 45, 'LumB': 14}","{'Basal': 5, 'Her2': 3, 'LumA': 12, 'LumB': 3}",4,False,0.9230769230769231,0.8571428571428571,1.0,0.5,1.0,0.3333333333333333,1.0,1.0,1.0,1.0,1.0,1.0,18059
classification,RFECA_SVR(k=5),EnsembleSoft,0.1,7,1,0.9207251082251082,0.8958333333333334,93,24,"{'Basal': 23, 'Her2': 11, 'LumA': 46, 'LumB': 13}","{'Basal': 6, 'Her2': 3, 'LumA': 11, 'LumB': 4}",4,False,0.9166666666666666,0.8461538461538461,1.0,0.8571428571428571,1.0,0.75,1.0,1.0,1.0,0.9090909090909091,1.0,0.8333333333333334,18059
classification,RFECA_SVR(k=5),EnsembleSoft,0.1,7,2,0.9222222222222223,0.9166666666666666,93,24,"{'Basal': 23, 'Her2': 11, 'LumA': 46, 'LumB': 13}","{'Basal': 6, 'Her2': 3, 'LumA': 11, 'LumB': 4}",4,False,1.0,1.0,1.0,0.8888888888888888,0.8,1.0,0.8,1.0,0.6666666666666666,1.0,1.0,1.0,18059
classification,RFECA_SVR(k=5),EnsembleSoft,0.1,7,3,1.0,1.0,94,23,"{'Basal': 23, 'Her2': 11, 'LumA': 46, 'LumB': 14}","{'Basal': 6, 'Her2': 3, 'LumA': 11, 'LumB': 3}",4,False,1.0,1.0,1.0,1.0,1.0,1.0,1.0,1.0,1.0,1.0,1.0,1.0,18059
classification,RFECA_SVR(k=5),EnsembleSoft,0.1,7,4,0.953416149068323,0.9791666666666666,94,23,"{'Basal': 23, 'Her2': 12, 'LumA': 45, 'LumB': 14}","{'Basal': 6, 'Her2': 2, 'LumA': 12, 'LumB': 3}",4,False,0.9565217391304348,1.0,0.9166666666666666,0.8571428571428571,0.75,1.0,1.0,1.0,1.0,1.0,1.0,1.0,18059
classification,RFECA_SVR(k=5),EnsembleSoft,0.1,7,5,0.8557692307692308,0.8333333333333334,94,23,"{'Basal': 24, 'Her2': 11, 'LumA': 45, 'LumB': 14}","{'Basal': 5, 'Her2': 3, 'LumA': 12, 'LumB': 3}",4,False,0.9230769230769231,0.8571428571428571,1.0,0.5,1.0,0.3333333333333333,1.0,1.0,1.0,1.0,1.0,1.0,18059
classification,RFECA_SVR(k=10),EnsembleSoft,0.1,7,1,0.9207251082251082,0.8958333333333334,93,24,"{'Basal': 23, 'Her2': 11, 'LumA': 46, 'LumB': 13}","{'Basal': 6, 'Her2': 3, 'LumA': 11, 'LumB': 4}",4,False,0.9166666666666666,0.8461538461538461,1.0,0.8571428571428571,1.0,0.75,1.0,1.0,1.0,0.9090909090909091,1.0,0.8333333333333334,18059
classification,RFECA_SVR(k=10),EnsembleSoft,0.1,7,2,0.825,0.8333333333333333,93,24,"{'Basal': 23, 'Her2': 11, 'LumA': 46, 'LumB': 13}","{'Basal': 6, 'Her2': 3, 'LumA': 11, 'LumB': 4}",4,False,1.0,1.0,1.0,0.8,0.6666666666666666,1.0,0.5,1.0,0.3333333333333333,1.0,1.0,1.0,18059
classification,RFECA_SVR(k=10),EnsembleSoft,0.1,7,3,1.0,1.0,94,23,"{'Basal': 23, 'Her2': 11, 'LumA': 46, 'LumB': 14}","{'Basal': 6, 'Her2': 3, 'LumA': 11, 'LumB': 3}",4,False,1.0,1.0,1.0,1.0,1.0,1.0,1.0,1.0,1.0,1.0,1.0,1.0,18059
classification,RFECA_SVR(k=10),EnsembleSoft,0.1,7,4,0.953416149068323,0.9791666666666666,94,23,"{'Basal': 23, 'Her2': 12, 'LumA': 45, 'LumB': 14}","{'Basal': 6, 'Her2': 2, 'LumA': 12, 'LumB': 3}",4,False,0.9565217391304348,1.0,0.9166666666666666,0.8571428571428571,0.75,1.0,1.0,1.0,1.0,1.0,1.0,1.0,18059
classification,RFECA_SVR(k=10),EnsembleSoft,0.1,7,5,0.8557692307692308,0.8333333333333334,94,23,"{'Basal': 24, 'Her2': 11, 'LumA': 45, 'LumB': 14}","{'Basal': 5, 'Her2': 3, 'LumA': 12, 'LumB': 3}",4,False,0.9230769230769231,0.8571428571428571,1.0,0.5,1.0,0.3333333333333333,1.0,1.0,1.0,1.0,1.0,1.0,18059
classification,RFECA_SVR(k=20),EnsembleSoft,0.1,7,1,0.9207251082251082,0.8958333333333334,93,24,"{'Basal': 23, 'Her2': 11, 'LumA': 46, 'LumB': 13}","{'Basal': 6, 'Her2': 3, 'LumA': 11, 'LumB': 4}",4,False,0.9166666666666666,0.8461538461538461,1.0,0.8571428571428571,1.0,0.75,1.0,1.0,1.0,0.9090909090909091,1.0,0.8333333333333334,18059
classification,RFECA_SVR(k=20),EnsembleSoft,0.1,7,2,0.9222222222222223,0.9166666666666666,93,24,"{'Basal': 23, 'Her2': 11, 'LumA': 46, 'LumB': 13}","{'Basal': 6, 'Her2': 3, 'LumA': 11, 'LumB': 4}",4,False,1.0,1.0,1.0,0.8888888888888888,0.8,1.0,0.8,1.0,0.6666666666666666,1.0,1.0,1.0,18059
classification,RFECA_SVR(k=20),EnsembleSoft,0.1,7,3,1.0,1.0,94,23,"{'Basal': 23, 'Her2': 11, 'LumA': 46, 'LumB': 14}","{'Basal': 6, 'Her2': 3, 'LumA': 11, 'LumB': 3}",4,False,1.0,1.0,1.0,1.0,1.0,1.0,1.0,1.0,1.0,1.0,1.0,1.0,18059
classification,RFECA_SVR(k=20),EnsembleSoft,0.1,7,4,0.953416149068323,0.9791666666666666,94,23,"{'Basal': 23, 'Her2': 12, 'LumA': 45, 'LumB': 14}","{'Basal': 6, 'Her2': 2, 'LumA': 12, 'LumB': 3}",4,False,0.9565217391304348,1.0,0.9166666666666666,0.8571428571428571,0.75,1.0,1.0,1.0,1.0,1.0,1.0,1.0,18059
classification,RFECA_SVR(k=20),EnsembleSoft,0.1,7,5,0.8557692307692308,0.8333333333333334,94,23,"{'Basal': 24, 'Her2': 11, 'LumA': 45, 'LumB': 14}","{'Basal': 5, 'Her2': 3, 'LumA': 12, 'LumB': 3}",4,False,0.9230769230769231,0.8571428571428571,1.0,0.5,1.0,0.3333333333333333,1.0,1.0,1.0,1.0,1.0,1.0,18059
classification,MissForest,EnsembleSoft,0.1,7,1,0.9207251082251082,0.8958333333333334,93,24,"{'Basal': 23, 'Her2': 11, 'LumA': 46, 'LumB': 13}","{'Basal': 6, 'Her2': 3, 'LumA': 11, 'LumB': 4}",4,False,0.9166666666666666,0.8461538461538461,1.0,0.8571428571428571,1.0,0.75,1.0,1.0,1.0,0.9090909090909091,1.0,0.8333333333333334,18059
classification,MissForest,EnsembleSoft,0.1,7,2,0.9222222222222223,0.9166666666666666,93,24,"{'Basal': 23, 'Her2': 11, 'LumA': 46, 'LumB': 13}","{'Basal': 6, 'Her2': 3, 'LumA': 11, 'LumB': 4}",4,False,1.0,1.0,1.0,0.8888888888888888,0.8,1.0,0.8,1.0,0.6666666666666666,1.0,1.0,1.0,18059
classification,MissForest,EnsembleSoft,0.1,7,3,0.9391304347826087,0.9166666666666666,94,23,"{'Basal': 23, 'Her2': 11, 'LumA': 46, 'LumB': 14}","{'Basal': 6, 'Her2': 3, 'LumA': 11, 'LumB': 3}",4,False,0.9565217391304348,0.9166666666666666,1.0,1.0,1.0,1.0,0.8,1.0,0.6666666666666666,1.0,1.0,1.0,18059
classification,MissForest,EnsembleSoft,0.1,7,4,0.953416149068323,0.9791666666666666,94,23,"{'Basal': 23, 'Her2': 12, 'LumA': 45, 'LumB': 14}","{'Basal': 6, 'Her2': 2, 'LumA': 12, 'LumB': 3}",4,False,0.9565217391304348,1.0,0.9166666666666666,0.8571428571428571,0.75,1.0,1.0,1.0,1.0,1.0,1.0,1.0,18059
classification,MissForest,EnsembleSoft,0.1,7,5,0.8557692307692308,0.8333333333333334,94,23,"{'Basal': 24, 'Her2': 11, 'LumA': 45, 'LumB': 14}","{'Basal': 5, 'Her2': 3, 'LumA': 12, 'LumB': 3}",4,False,0.9230769230769231,0.8571428571428571,1.0,0.5,1.0,0.3333333333333333,1.0,1.0,1.0,1.0,1.0,1.0,18059
classification,SimpleMean,EnsembleSoft,0.1,8,1,0.8809523809523809,0.8920454545454546,93,24,"{'Basal': 23, 'Her2': 11, 'LumA': 46, 'LumB': 13}","{'Basal': 6, 'Her2': 3, 'LumA': 11, 'LumB': 4}",4,False,0.8571428571428571,0.9,0.8181818181818182,0.6666666666666666,0.6,0.75,1.0,1.0,1.0,1.0,1.0,1.0,18060
classification,SimpleMean,EnsembleSoft,0.1,8,2,0.9222222222222223,0.9166666666666666,93,24,"{'Basal': 23, 'Her2': 11, 'LumA': 46, 'LumB': 13}","{'Basal': 6, 'Her2': 3, 'LumA': 11, 'LumB': 4}",4,False,1.0,1.0,1.0,0.8888888888888888,0.8,1.0,0.8,1.0,0.6666666666666666,1.0,1.0,1.0,18060
classification,SimpleMean,EnsembleSoft,0.1,8,3,0.8698996655518396,0.8333333333333333,94,23,"{'Basal': 23, 'Her2': 11, 'LumA': 46, 'LumB': 14}","{'Basal': 6, 'Her2': 3, 'LumA': 11, 'LumB': 3}",4,False,0.9565217391304348,0.9166666666666666,1.0,0.8,1.0,0.6666666666666666,0.8,1.0,0.6666666666666666,0.9230769230769231,0.8571428571428571,1.0,18060
classification,SimpleMean,EnsembleSoft,0.1,8,4,1.0,1.0,94,23,"{'Basal': 23, 'Her2': 12, 'LumA': 45, 'LumB': 14}","{'Basal': 6, 'Her2': 2, 'LumA': 12, 'LumB': 3}",4,False,1.0,1.0,1.0,1.0,1.0,1.0,1.0,1.0,1.0,1.0,1.0,1.0,18060
classification,SimpleMean,EnsembleSoft,0.1,8,5,0.8557692307692308,0.8333333333333334,94,23,"{'Basal': 24, 'Her2': 11, 'LumA': 45, 'LumB': 14}","{'Basal': 5, 'Her2': 3, 'LumA': 12, 'LumB': 3}",4,False,0.9230769230769231,0.8571428571428571,1.0,0.5,1.0,0.3333333333333333,1.0,1.0,1.0,1.0,1.0,1.0,18060
classification,"KNN(k=5,dist)",EnsembleSoft,0.1,8,1,0.953416149068323,0.9375,93,24,"{'Basal': 23, 'Her2': 11, 'LumA': 46, 'LumB': 13}","{'Basal': 6, 'Her2': 3, 'LumA': 11, 'LumB': 4}",4,False,0.9565217391304348,0.9166666666666666,1.0,0.8571428571428571,1.0,0.75,1.0,1.0,1.0,1.0,1.0,1.0,18060
classification,"KNN(k=5,dist)",EnsembleSoft,0.1,8,2,1.0,1.0,93,24,"{'Basal': 23, 'Her2': 11, 'LumA': 46, 'LumB': 13}","{'Basal': 6, 'Her2': 3, 'LumA': 11, 'LumB': 4}",4,False,1.0,1.0,1.0,1.0,1.0,1.0,1.0,1.0,1.0,1.0,1.0,1.0,18060
classification,"KNN(k=5,dist)",EnsembleSoft,0.1,8,3,0.8791666666666667,0.8333333333333333,94,23,"{'Basal': 23, 'Her2': 11, 'LumA': 46, 'LumB': 14}","{'Basal': 6, 'Her2': 3, 'LumA': 11, 'LumB': 3}",4,False,0.9166666666666666,0.8461538461538461,1.0,0.8,1.0,0.6666666666666666,0.8,1.0,0.6666666666666666,1.0,1.0,1.0,18060
classification,"KNN(k=5,dist)",EnsembleSoft,0.1,8,4,0.9066666666666666,0.875,94,23,"{'Basal': 23, 'Her2': 12, 'LumA': 45, 'LumB': 14}","{'Basal': 6, 'Her2': 2, 'LumA': 12, 'LumB': 3}",4,False,0.96,0.9230769230769231,1.0,1.0,1.0,1.0,0.6666666666666666,1.0,0.5,1.0,1.0,1.0,18060
classification,"KNN(k=5,dist)",EnsembleSoft,0.1,8,5,0.8958333333333333,0.8958333333333333,94,23,"{'Basal': 24, 'Her2': 11, 'LumA': 45, 'LumB': 14}","{'Basal': 5, 'Her2': 3, 'LumA': 12, 'LumB': 3}",4,False,0.9166666666666666,0.9166666666666666,0.9166666666666666,0.6666666666666666,0.6666666666666666,0.6666666666666666,1.0,1.0,1.0,1.0,1.0,1.0,18060
classification,RFECA_SVR(k=5),EnsembleSoft,0.1,8,1,0.953416149068323,0.9375,93,24,"{'Basal': 23, 'Her2': 11, 'LumA': 46, 'LumB': 13}","{'Basal': 6, 'Her2': 3, 'LumA': 11, 'LumB': 4}",4,False,0.9565217391304348,0.9166666666666666,1.0,0.8571428571428571,1.0,0.75,1.0,1.0,1.0,1.0,1.0,1.0,18060
classification,RFECA_SVR(k=5),EnsembleSoft,0.1,8,2,0.9222222222222223,0.9166666666666666,93,24,"{'Basal': 23, 'Her2': 11, 'LumA': 46, 'LumB': 13}","{'Basal': 6, 'Her2': 3, 'LumA': 11, 'LumB': 4}",4,False,1.0,1.0,1.0,0.8888888888888888,0.8,1.0,0.8,1.0,0.6666666666666666,1.0,1.0,1.0,18060
classification,RFECA_SVR(k=5),EnsembleSoft,0.1,8,3,0.9391304347826087,0.9166666666666666,94,23,"{'Basal': 23, 'Her2': 11, 'LumA': 46, 'LumB': 14}","{'Basal': 6, 'Her2': 3, 'LumA': 11, 'LumB': 3}",4,False,0.9565217391304348,0.9166666666666666,1.0,1.0,1.0,1.0,0.8,1.0,0.6666666666666666,1.0,1.0,1.0,18060
classification,RFECA_SVR(k=5),EnsembleSoft,0.1,8,4,0.8601190476190476,0.8541666666666666,94,23,"{'Basal': 23, 'Her2': 12, 'LumA': 45, 'LumB': 14}","{'Basal': 6, 'Her2': 2, 'LumA': 12, 'LumB': 3}",4,False,0.9166666666666666,0.9166666666666666,0.9166666666666666,0.8571428571428571,0.75,1.0,0.6666666666666666,1.0,0.5,1.0,1.0,1.0,18060
classification,RFECA_SVR(k=5),EnsembleSoft,0.1,8,5,0.8557692307692308,0.8333333333333334,94,23,"{'Basal': 24, 'Her2': 11, 'LumA': 45, 'LumB': 14}","{'Basal': 5, 'Her2': 3, 'LumA': 12, 'LumB': 3}",4,False,0.9230769230769231,0.8571428571428571,1.0,0.5,1.0,0.3333333333333333,1.0,1.0,1.0,1.0,1.0,1.0,18060
classification,RFECA_SVR(k=10),EnsembleSoft,0.1,8,1,0.953416149068323,0.9375,93,24,"{'Basal': 23, 'Her2': 11, 'LumA': 46, 'LumB': 13}","{'Basal': 6, 'Her2': 3, 'LumA': 11, 'LumB': 4}",4,False,0.9565217391304348,0.9166666666666666,1.0,0.8571428571428571,1.0,0.75,1.0,1.0,1.0,1.0,1.0,1.0,18060
classification,RFECA_SVR(k=10),EnsembleSoft,0.1,8,2,0.9222222222222223,0.9166666666666666,93,24,"{'Basal': 23, 'Her2': 11, 'LumA': 46, 'LumB': 13}","{'Basal': 6, 'Her2': 3, 'LumA': 11, 'LumB': 4}",4,False,1.0,1.0,1.0,0.8888888888888888,0.8,1.0,0.8,1.0,0.6666666666666666,1.0,1.0,1.0,18060
classification,RFECA_SVR(k=10),EnsembleSoft,0.1,8,3,0.9391304347826087,0.9166666666666666,94,23,"{'Basal': 23, 'Her2': 11, 'LumA': 46, 'LumB': 14}","{'Basal': 6, 'Her2': 3, 'LumA': 11, 'LumB': 3}",4,False,0.9565217391304348,0.9166666666666666,1.0,1.0,1.0,1.0,0.8,1.0,0.6666666666666666,1.0,1.0,1.0,18060
classification,RFECA_SVR(k=10),EnsembleSoft,0.1,8,4,0.8601190476190476,0.8541666666666666,94,23,"{'Basal': 23, 'Her2': 12, 'LumA': 45, 'LumB': 14}","{'Basal': 6, 'Her2': 2, 'LumA': 12, 'LumB': 3}",4,False,0.9166666666666666,0.9166666666666666,0.9166666666666666,0.8571428571428571,0.75,1.0,0.6666666666666666,1.0,0.5,1.0,1.0,1.0,18060
classification,RFECA_SVR(k=10),EnsembleSoft,0.1,8,5,0.8557692307692308,0.8333333333333334,94,23,"{'Basal': 24, 'Her2': 11, 'LumA': 45, 'LumB': 14}","{'Basal': 5, 'Her2': 3, 'LumA': 12, 'LumB': 3}",4,False,0.9230769230769231,0.8571428571428571,1.0,0.5,1.0,0.3333333333333333,1.0,1.0,1.0,1.0,1.0,1.0,18060
classification,RFECA_SVR(k=20),EnsembleSoft,0.1,8,1,0.953416149068323,0.9375,93,24,"{'Basal': 23, 'Her2': 11, 'LumA': 46, 'LumB': 13}","{'Basal': 6, 'Her2': 3, 'LumA': 11, 'LumB': 4}",4,False,0.9565217391304348,0.9166666666666666,1.0,0.8571428571428571,1.0,0.75,1.0,1.0,1.0,1.0,1.0,1.0,18060
classification,RFECA_SVR(k=20),EnsembleSoft,0.1,8,2,0.9222222222222223,0.9166666666666666,93,24,"{'Basal': 23, 'Her2': 11, 'LumA': 46, 'LumB': 13}","{'Basal': 6, 'Her2': 3, 'LumA': 11, 'LumB': 4}",4,False,1.0,1.0,1.0,0.8888888888888888,0.8,1.0,0.8,1.0,0.6666666666666666,1.0,1.0,1.0,18060
classification,RFECA_SVR(k=20),EnsembleSoft,0.1,8,3,0.9391304347826087,0.9166666666666666,94,23,"{'Basal': 23, 'Her2': 11, 'LumA': 46, 'LumB': 14}","{'Basal': 6, 'Her2': 3, 'LumA': 11, 'LumB': 3}",4,False,0.9565217391304348,0.9166666666666666,1.0,1.0,1.0,1.0,0.8,1.0,0.6666666666666666,1.0,1.0,1.0,18060
classification,RFECA_SVR(k=20),EnsembleSoft,0.1,8,4,0.8601190476190476,0.8541666666666666,94,23,"{'Basal': 23, 'Her2': 12, 'LumA': 45, 'LumB': 14}","{'Basal': 6, 'Her2': 2, 'LumA': 12, 'LumB': 3}",4,False,0.9166666666666666,0.9166666666666666,0.9166666666666666,0.8571428571428571,0.75,1.0,0.6666666666666666,1.0,0.5,1.0,1.0,1.0,18060
classification,RFECA_SVR(k=20),EnsembleSoft,0.1,8,5,0.8557692307692308,0.8333333333333334,94,23,"{'Basal': 24, 'Her2': 11, 'LumA': 45, 'LumB': 14}","{'Basal': 5, 'Her2': 3, 'LumA': 12, 'LumB': 3}",4,False,0.9230769230769231,0.8571428571428571,1.0,0.5,1.0,0.3333333333333333,1.0,1.0,1.0,1.0,1.0,1.0,18060
classification,MissForest,EnsembleSoft,0.1,8,1,0.953416149068323,0.9375,93,24,"{'Basal': 23, 'Her2': 11, 'LumA': 46, 'LumB': 13}","{'Basal': 6, 'Her2': 3, 'LumA': 11, 'LumB': 4}",4,False,0.9565217391304348,0.9166666666666666,1.0,0.8571428571428571,1.0,0.75,1.0,1.0,1.0,1.0,1.0,1.0,18060
classification,MissForest,EnsembleSoft,0.1,8,2,1.0,1.0,93,24,"{'Basal': 23, 'Her2': 11, 'LumA': 46, 'LumB': 13}","{'Basal': 6, 'Her2': 3, 'LumA': 11, 'LumB': 4}",4,False,1.0,1.0,1.0,1.0,1.0,1.0,1.0,1.0,1.0,1.0,1.0,1.0,18060
classification,MissForest,EnsembleSoft,0.1,8,3,0.9391304347826087,0.9166666666666666,94,23,"{'Basal': 23, 'Her2': 11, 'LumA': 46, 'LumB': 14}","{'Basal': 6, 'Her2': 3, 'LumA': 11, 'LumB': 3}",4,False,0.9565217391304348,0.9166666666666666,1.0,1.0,1.0,1.0,0.8,1.0,0.6666666666666666,1.0,1.0,1.0,18060
classification,MissForest,EnsembleSoft,0.1,8,4,1.0,1.0,94,23,"{'Basal': 23, 'Her2': 12, 'LumA': 45, 'LumB': 14}","{'Basal': 6, 'Her2': 2, 'LumA': 12, 'LumB': 3}",4,False,1.0,1.0,1.0,1.0,1.0,1.0,1.0,1.0,1.0,1.0,1.0,1.0,18060
classification,MissForest,EnsembleSoft,0.1,8,5,0.8557692307692308,0.8333333333333334,94,23,"{'Basal': 24, 'Her2': 11, 'LumA': 45, 'LumB': 14}","{'Basal': 5, 'Her2': 3, 'LumA': 12, 'LumB': 3}",4,False,0.9230769230769231,0.8571428571428571,1.0,0.5,1.0,0.3333333333333333,1.0,1.0,1.0,1.0,1.0,1.0,18060
classification,SimpleMean,EnsembleSoft,0.1,9,1,0.9207251082251082,0.8958333333333334,93,24,"{'Basal': 23, 'Her2': 11, 'LumA': 46, 'LumB': 13}","{'Basal': 6, 'Her2': 3, 'LumA': 11, 'LumB': 4}",4,False,0.9166666666666666,0.8461538461538461,1.0,0.8571428571428571,1.0,0.75,1.0,1.0,1.0,0.9090909090909091,1.0,0.8333333333333334,18061
classification,SimpleMean,EnsembleSoft,0.1,9,2,0.9222222222222223,0.9166666666666666,93,24,"{'Basal': 23, 'Her2': 11, 'LumA': 46, 'LumB': 13}","{'Basal': 6, 'Her2': 3, 'LumA': 11, 'LumB': 4}",4,False,1.0,1.0,1.0,0.8888888888888888,0.8,1.0,0.8,1.0,0.6666666666666666,1.0,1.0,1.0,18061
classification,SimpleMean,EnsembleSoft,0.1,9,3,1.0,1.0,94,23,"{'Basal': 23, 'Her2': 11, 'LumA': 46, 'LumB': 14}","{'Basal': 6, 'Her2': 3, 'LumA': 11, 'LumB': 3}",4,False,1.0,1.0,1.0,1.0,1.0,1.0,1.0,1.0,1.0,1.0,1.0,1.0,18061
classification,SimpleMean,EnsembleSoft,0.1,9,4,1.0,1.0,94,23,"{'Basal': 23, 'Her2': 12, 'LumA': 45, 'LumB': 14}","{'Basal': 6, 'Her2': 2, 'LumA': 12, 'LumB': 3}",4,False,1.0,1.0,1.0,1.0,1.0,1.0,1.0,1.0,1.0,1.0,1.0,1.0,18061
classification,SimpleMean,EnsembleSoft,0.1,9,5,0.8557692307692308,0.8333333333333334,94,23,"{'Basal': 24, 'Her2': 11, 'LumA': 45, 'LumB': 14}","{'Basal': 5, 'Her2': 3, 'LumA': 12, 'LumB': 3}",4,False,0.9230769230769231,0.8571428571428571,1.0,0.5,1.0,0.3333333333333333,1.0,1.0,1.0,1.0,1.0,1.0,18061
classification,"KNN(k=5,dist)",EnsembleSoft,0.1,9,1,0.953416149068323,0.9375,93,24,"{'Basal': 23, 'Her2': 11, 'LumA': 46, 'LumB': 13}","{'Basal': 6, 'Her2': 3, 'LumA': 11, 'LumB': 4}",4,False,0.9565217391304348,0.9166666666666666,1.0,0.8571428571428571,1.0,0.75,1.0,1.0,1.0,1.0,1.0,1.0,18061
classification,"KNN(k=5,dist)",EnsembleSoft,0.1,9,2,0.9222222222222223,0.9166666666666666,93,24,"{'Basal': 23, 'Her2': 11, 'LumA': 46, 'LumB': 13}","{'Basal': 6, 'Her2': 3, 'LumA': 11, 'LumB': 4}",4,False,1.0,1.0,1.0,0.8888888888888888,0.8,1.0,0.8,1.0,0.6666666666666666,1.0,1.0,1.0,18061
classification,"KNN(k=5,dist)",EnsembleSoft,0.1,9,3,0.9391304347826087,0.9166666666666666,94,23,"{'Basal': 23, 'Her2': 11, 'LumA': 46, 'LumB': 14}","{'Basal': 6, 'Her2': 3, 'LumA': 11, 'LumB': 3}",4,False,0.9565217391304348,0.9166666666666666,1.0,0.8,1.0,0.6666666666666666,1.0,1.0,1.0,1.0,1.0,1.0,18061
classification,"KNN(k=5,dist)",EnsembleSoft,0.1,9,4,1.0,1.0,94,23,"{'Basal': 23, 'Her2': 12, 'LumA': 45, 'LumB': 14}","{'Basal': 6, 'Her2': 2, 'LumA': 12, 'LumB': 3}",4,False,1.0,1.0,1.0,1.0,1.0,1.0,1.0,1.0,1.0,1.0,1.0,1.0,18061
classification,"KNN(k=5,dist)",EnsembleSoft,0.1,9,5,0.8557692307692308,0.8333333333333334,94,23,"{'Basal': 24, 'Her2': 11, 'LumA': 45, 'LumB': 14}","{'Basal': 5, 'Her2': 3, 'LumA': 12, 'LumB': 3}",4,False,0.9230769230769231,0.8571428571428571,1.0,0.5,1.0,0.3333333333333333,1.0,1.0,1.0,1.0,1.0,1.0,18061
classification,RFECA_SVR(k=5),EnsembleSoft,0.1,9,1,0.953416149068323,0.9375,93,24,"{'Basal': 23, 'Her2': 11, 'LumA': 46, 'LumB': 13}","{'Basal': 6, 'Her2': 3, 'LumA': 11, 'LumB': 4}",4,False,0.9565217391304348,0.9166666666666666,1.0,0.8571428571428571,1.0,0.75,1.0,1.0,1.0,1.0,1.0,1.0,18061
classification,RFECA_SVR(k=5),EnsembleSoft,0.1,9,2,0.9222222222222223,0.9166666666666666,93,24,"{'Basal': 23, 'Her2': 11, 'LumA': 46, 'LumB': 13}","{'Basal': 6, 'Her2': 3, 'LumA': 11, 'LumB': 4}",4,False,1.0,1.0,1.0,0.8888888888888888,0.8,1.0,0.8,1.0,0.6666666666666666,1.0,1.0,1.0,18061
classification,RFECA_SVR(k=5),EnsembleSoft,0.1,9,3,0.9391304347826087,0.9166666666666666,94,23,"{'Basal': 23, 'Her2': 11, 'LumA': 46, 'LumB': 14}","{'Basal': 6, 'Her2': 3, 'LumA': 11, 'LumB': 3}",4,False,0.9565217391304348,0.9166666666666666,1.0,1.0,1.0,1.0,0.8,1.0,0.6666666666666666,1.0,1.0,1.0,18061
classification,RFECA_SVR(k=5),EnsembleSoft,0.1,9,4,0.953416149068323,0.9791666666666666,94,23,"{'Basal': 23, 'Her2': 12, 'LumA': 45, 'LumB': 14}","{'Basal': 6, 'Her2': 2, 'LumA': 12, 'LumB': 3}",4,False,0.9565217391304348,1.0,0.9166666666666666,0.8571428571428571,0.75,1.0,1.0,1.0,1.0,1.0,1.0,1.0,18061
classification,RFECA_SVR(k=5),EnsembleSoft,0.1,9,5,0.8557692307692308,0.8333333333333334,94,23,"{'Basal': 24, 'Her2': 11, 'LumA': 45, 'LumB': 14}","{'Basal': 5, 'Her2': 3, 'LumA': 12, 'LumB': 3}",4,False,0.9230769230769231,0.8571428571428571,1.0,0.5,1.0,0.3333333333333333,1.0,1.0,1.0,1.0,1.0,1.0,18061
classification,RFECA_SVR(k=10),EnsembleSoft,0.1,9,1,0.9207251082251082,0.8958333333333334,93,24,"{'Basal': 23, 'Her2': 11, 'LumA': 46, 'LumB': 13}","{'Basal': 6, 'Her2': 3, 'LumA': 11, 'LumB': 4}",4,False,0.9166666666666666,0.8461538461538461,1.0,0.8571428571428571,1.0,0.75,1.0,1.0,1.0,0.9090909090909091,1.0,0.8333333333333334,18061
classification,RFECA_SVR(k=10),EnsembleSoft,0.1,9,2,0.9222222222222223,0.9166666666666666,93,24,"{'Basal': 23, 'Her2': 11, 'LumA': 46, 'LumB': 13}","{'Basal': 6, 'Her2': 3, 'LumA': 11, 'LumB': 4}",4,False,1.0,1.0,1.0,0.8888888888888888,0.8,1.0,0.8,1.0,0.6666666666666666,1.0,1.0,1.0,18061
classification,RFECA_SVR(k=10),EnsembleSoft,0.1,9,3,1.0,1.0,94,23,"{'Basal': 23, 'Her2': 11, 'LumA': 46, 'LumB': 14}","{'Basal': 6, 'Her2': 3, 'LumA': 11, 'LumB': 3}",4,False,1.0,1.0,1.0,1.0,1.0,1.0,1.0,1.0,1.0,1.0,1.0,1.0,18061
classification,RFECA_SVR(k=10),EnsembleSoft,0.1,9,4,1.0,1.0,94,23,"{'Basal': 23, 'Her2': 12, 'LumA': 45, 'LumB': 14}","{'Basal': 6, 'Her2': 2, 'LumA': 12, 'LumB': 3}",4,False,1.0,1.0,1.0,1.0,1.0,1.0,1.0,1.0,1.0,1.0,1.0,1.0,18061
classification,RFECA_SVR(k=10),EnsembleSoft,0.1,9,5,0.8557692307692308,0.8333333333333334,94,23,"{'Basal': 24, 'Her2': 11, 'LumA': 45, 'LumB': 14}","{'Basal': 5, 'Her2': 3, 'LumA': 12, 'LumB': 3}",4,False,0.9230769230769231,0.8571428571428571,1.0,0.5,1.0,0.3333333333333333,1.0,1.0,1.0,1.0,1.0,1.0,18061
classification,RFECA_SVR(k=20),EnsembleSoft,0.1,9,1,0.953416149068323,0.9375,93,24,"{'Basal': 23, 'Her2': 11, 'LumA': 46, 'LumB': 13}","{'Basal': 6, 'Her2': 3, 'LumA': 11, 'LumB': 4}",4,False,0.9565217391304348,0.9166666666666666,1.0,0.8571428571428571,1.0,0.75,1.0,1.0,1.0,1.0,1.0,1.0,18061
classification,RFECA_SVR(k=20),EnsembleSoft,0.1,9,2,0.9222222222222223,0.9166666666666666,93,24,"{'Basal': 23, 'Her2': 11, 'LumA': 46, 'LumB': 13}","{'Basal': 6, 'Her2': 3, 'LumA': 11, 'LumB': 4}",4,False,1.0,1.0,1.0,0.8888888888888888,0.8,1.0,0.8,1.0,0.6666666666666666,1.0,1.0,1.0,18061
classification,RFECA_SVR(k=20),EnsembleSoft,0.1,9,3,1.0,1.0,94,23,"{'Basal': 23, 'Her2': 11, 'LumA': 46, 'LumB': 14}","{'Basal': 6, 'Her2': 3, 'LumA': 11, 'LumB': 3}",4,False,1.0,1.0,1.0,1.0,1.0,1.0,1.0,1.0,1.0,1.0,1.0,1.0,18061
classification,RFECA_SVR(k=20),EnsembleSoft,0.1,9,4,0.9391304347826087,0.9791666666666666,94,23,"{'Basal': 23, 'Her2': 12, 'LumA': 45, 'LumB': 14}","{'Basal': 6, 'Her2': 2, 'LumA': 12, 'LumB': 3}",4,False,0.9565217391304348,1.0,0.9166666666666666,1.0,1.0,1.0,0.8,0.6666666666666666,1.0,1.0,1.0,1.0,18061
classification,RFECA_SVR(k=20),EnsembleSoft,0.1,9,5,0.8557692307692308,0.8333333333333334,94,23,"{'Basal': 24, 'Her2': 11, 'LumA': 45, 'LumB': 14}","{'Basal': 5, 'Her2': 3, 'LumA': 12, 'LumB': 3}",4,False,0.9230769230769231,0.8571428571428571,1.0,0.5,1.0,0.3333333333333333,1.0,1.0,1.0,1.0,1.0,1.0,18061
classification,MissForest,EnsembleSoft,0.1,9,1,0.953416149068323,0.9375,93,24,"{'Basal': 23, 'Her2': 11, 'LumA': 46, 'LumB': 13}","{'Basal': 6, 'Her2': 3, 'LumA': 11, 'LumB': 4}",4,False,0.9565217391304348,0.9166666666666666,1.0,0.8571428571428571,1.0,0.75,1.0,1.0,1.0,1.0,1.0,1.0,18061
classification,MissForest,EnsembleSoft,0.1,9,2,1.0,1.0,93,24,"{'Basal': 23, 'Her2': 11, 'LumA': 46, 'LumB': 13}","{'Basal': 6, 'Her2': 3, 'LumA': 11, 'LumB': 4}",4,False,1.0,1.0,1.0,1.0,1.0,1.0,1.0,1.0,1.0,1.0,1.0,1.0,18061
classification,MissForest,EnsembleSoft,0.1,9,3,1.0,1.0,94,23,"{'Basal': 23, 'Her2': 11, 'LumA': 46, 'LumB': 14}","{'Basal': 6, 'Her2': 3, 'LumA': 11, 'LumB': 3}",4,False,1.0,1.0,1.0,1.0,1.0,1.0,1.0,1.0,1.0,1.0,1.0,1.0,18061
classification,MissForest,EnsembleSoft,0.1,9,4,0.8915584415584416,0.9583333333333334,94,23,"{'Basal': 23, 'Her2': 12, 'LumA': 45, 'LumB': 14}","{'Basal': 6, 'Her2': 2, 'LumA': 12, 'LumB': 3}",4,False,0.9090909090909091,1.0,0.8333333333333334,0.8571428571428571,0.75,1.0,0.8,0.6666666666666666,1.0,1.0,1.0,1.0,18061
classification,MissForest,EnsembleSoft,0.1,9,5,0.8557692307692308,0.8333333333333334,94,23,"{'Basal': 24, 'Her2': 11, 'LumA': 45, 'LumB': 14}","{'Basal': 5, 'Her2': 3, 'LumA': 12, 'LumB': 3}",4,False,0.9230769230769231,0.8571428571428571,1.0,0.5,1.0,0.3333333333333333,1.0,1.0,1.0,1.0,1.0,1.0,18061
classification,SimpleMean,EnsembleSoft,0.2,0,1,0.9207251082251082,0.8958333333333334,93,24,"{'Basal': 23, 'Her2': 11, 'LumA': 46, 'LumB': 13}","{'Basal': 6, 'Her2': 3, 'LumA': 11, 'LumB': 4}",4,False,0.9166666666666666,0.8461538461538461,1.0,0.8571428571428571,1.0,0.75,1.0,1.0,1.0,0.9090909090909091,1.0,0.8333333333333334,18062
classification,SimpleMean,EnsembleSoft,0.2,0,2,0.7807971014492754,0.7708333333333333,93,24,"{'Basal': 23, 'Her2': 11, 'LumA': 46, 'LumB': 13}","{'Basal': 6, 'Her2': 3, 'LumA': 11, 'LumB': 4}",4,False,0.9565217391304348,0.9166666666666666,1.0,0.6666666666666666,0.6,0.75,0.5,1.0,0.3333333333333333,1.0,1.0,1.0,18062
classification,SimpleMean,EnsembleSoft,0.2,0,3,1.0,1.0,94,23,"{'Basal': 23, 'Her2': 11, 'LumA': 46, 'LumB': 14}","{'Basal': 6, 'Her2': 3, 'LumA': 11, 'LumB': 3}",4,False,1.0,1.0,1.0,1.0,1.0,1.0,1.0,1.0,1.0,1.0,1.0,1.0,18062
classification,SimpleMean,EnsembleSoft,0.2,0,4,0.9066666666666666,0.875,94,23,"{'Basal': 23, 'Her2': 12, 'LumA': 45, 'LumB': 14}","{'Basal': 6, 'Her2': 2, 'LumA': 12, 'LumB': 3}",4,False,0.96,0.9230769230769231,1.0,1.0,1.0,1.0,0.6666666666666666,1.0,0.5,1.0,1.0,1.0,18062
classification,SimpleMean,EnsembleSoft,0.2,0,5,0.8292857142857143,0.8333333333333334,94,23,"{'Basal': 24, 'Her2': 11, 'LumA': 45, 'LumB': 14}","{'Basal': 5, 'Her2': 3, 'LumA': 12, 'LumB': 3}",4,False,0.96,0.9230769230769231,1.0,0.5,1.0,0.3333333333333333,0.8571428571428571,0.75,1.0,1.0,1.0,1.0,18062
classification,"KNN(k=5,dist)",EnsembleSoft,0.2,0,1,0.828416149068323,0.8125,93,24,"{'Basal': 23, 'Her2': 11, 'LumA': 46, 'LumB': 13}","{'Basal': 6, 'Her2': 3, 'LumA': 11, 'LumB': 4}",4,False,0.9565217391304348,0.9166666666666666,1.0,0.8571428571428571,1.0,0.75,0.6666666666666666,0.6666666666666666,0.6666666666666666,0.8333333333333334,0.8333333333333334,0.8333333333333334,18062
classification,"KNN(k=5,dist)",EnsembleSoft,0.2,0,2,0.825,0.8333333333333333,93,24,"{'Basal': 23, 'Her2': 11, 'LumA': 46, 'LumB': 13}","{'Basal': 6, 'Her2': 3, 'LumA': 11, 'LumB': 4}",4,False,1.0,1.0,1.0,0.8,0.6666666666666666,1.0,0.5,1.0,0.3333333333333333,1.0,1.0,1.0,18062
classification,"KNN(k=5,dist)",EnsembleSoft,0.2,0,3,1.0,1.0,94,23,"{'Basal': 23, 'Her2': 11, 'LumA': 46, 'LumB': 14}","{'Basal': 6, 'Her2': 3, 'LumA': 11, 'LumB': 3}",4,False,1.0,1.0,1.0,1.0,1.0,1.0,1.0,1.0,1.0,1.0,1.0,1.0,18062
classification,"KNN(k=5,dist)",EnsembleSoft,0.2,0,4,0.953416149068323,0.9791666666666666,94,23,"{'Basal': 23, 'Her2': 12, 'LumA': 45, 'LumB': 14}","{'Basal': 6, 'Her2': 2, 'LumA': 12, 'LumB': 3}",4,False,0.9565217391304348,1.0,0.9166666666666666,0.8571428571428571,0.75,1.0,1.0,1.0,1.0,1.0,1.0,1.0,18062
classification,"KNN(k=5,dist)",EnsembleSoft,0.2,0,5,0.8557692307692308,0.8333333333333334,94,23,"{'Basal': 24, 'Her2': 11, 'LumA': 45, 'LumB': 14}","{'Basal': 5, 'Her2': 3, 'LumA': 12, 'LumB': 3}",4,False,0.9230769230769231,0.8571428571428571,1.0,0.5,1.0,0.3333333333333333,1.0,1.0,1.0,1.0,1.0,1.0,18062
classification,RFECA_SVR(k=5),EnsembleSoft,0.2,0,1,0.953416149068323,0.9375,93,24,"{'Basal': 23, 'Her2': 11, 'LumA': 46, 'LumB': 13}","{'Basal': 6, 'Her2': 3, 'LumA': 11, 'LumB': 4}",4,False,0.9565217391304348,0.9166666666666666,1.0,0.8571428571428571,1.0,0.75,1.0,1.0,1.0,1.0,1.0,1.0,18062
classification,RFECA_SVR(k=5),EnsembleSoft,0.2,0,2,0.8766304347826087,0.8541666666666666,93,24,"{'Basal': 23, 'Her2': 11, 'LumA': 46, 'LumB': 13}","{'Basal': 6, 'Her2': 3, 'LumA': 11, 'LumB': 4}",4,False,0.9565217391304348,0.9166666666666666,1.0,0.75,0.75,0.75,0.8,1.0,0.6666666666666666,1.0,1.0,1.0,18062
classification,RFECA_SVR(k=5),EnsembleSoft,0.2,0,3,0.9391304347826087,0.9166666666666666,94,23,"{'Basal': 23, 'Her2': 11, 'LumA': 46, 'LumB': 14}","{'Basal': 6, 'Her2': 3, 'LumA': 11, 'LumB': 3}",4,False,0.9565217391304348,0.9166666666666666,1.0,1.0,1.0,1.0,0.8,1.0,0.6666666666666666,1.0,1.0,1.0,18062
classification,RFECA_SVR(k=5),EnsembleSoft,0.2,0,4,1.0,1.0,94,23,"{'Basal': 23, 'Her2': 12, 'LumA': 45, 'LumB': 14}","{'Basal': 6, 'Her2': 2, 'LumA': 12, 'LumB': 3}",4,False,1.0,1.0,1.0,1.0,1.0,1.0,1.0,1.0,1.0,1.0,1.0,1.0,18062
classification,RFECA_SVR(k=5),EnsembleSoft,0.2,0,5,0.8557692307692308,0.8333333333333334,94,23,"{'Basal': 24, 'Her2': 11, 'LumA': 45, 'LumB': 14}","{'Basal': 5, 'Her2': 3, 'LumA': 12, 'LumB': 3}",4,False,0.9230769230769231,0.8571428571428571,1.0,0.5,1.0,0.3333333333333333,1.0,1.0,1.0,1.0,1.0,1.0,18062
classification,RFECA_SVR(k=10),EnsembleSoft,0.2,0,1,0.9207251082251082,0.8958333333333334,93,24,"{'Basal': 23, 'Her2': 11, 'LumA': 46, 'LumB': 13}","{'Basal': 6, 'Her2': 3, 'LumA': 11, 'LumB': 4}",4,False,0.9166666666666666,0.8461538461538461,1.0,0.8571428571428571,1.0,0.75,1.0,1.0,1.0,0.9090909090909091,1.0,0.8333333333333334,18062
classification,RFECA_SVR(k=10),EnsembleSoft,0.2,0,2,0.9222222222222223,0.9166666666666666,93,24,"{'Basal': 23, 'Her2': 11, 'LumA': 46, 'LumB': 13}","{'Basal': 6, 'Her2': 3, 'LumA': 11, 'LumB': 4}",4,False,1.0,1.0,1.0,0.8888888888888888,0.8,1.0,0.8,1.0,0.6666666666666666,1.0,1.0,1.0,18062
classification,RFECA_SVR(k=10),EnsembleSoft,0.2,0,3,0.9142857142857143,0.9166666666666666,94,23,"{'Basal': 23, 'Her2': 11, 'LumA': 46, 'LumB': 14}","{'Basal': 6, 'Her2': 3, 'LumA': 11, 'LumB': 3}",4,False,1.0,1.0,1.0,0.8,1.0,0.6666666666666666,0.8571428571428571,0.75,1.0,1.0,1.0,1.0,18062
classification,RFECA_SVR(k=10),EnsembleSoft,0.2,0,4,1.0,1.0,94,23,"{'Basal': 23, 'Her2': 12, 'LumA': 45, 'LumB': 14}","{'Basal': 6, 'Her2': 2, 'LumA': 12, 'LumB': 3}",4,False,1.0,1.0,1.0,1.0,1.0,1.0,1.0,1.0,1.0,1.0,1.0,1.0,18062
classification,RFECA_SVR(k=10),EnsembleSoft,0.2,0,5,0.8557692307692308,0.8333333333333334,94,23,"{'Basal': 24, 'Her2': 11, 'LumA': 45, 'LumB': 14}","{'Basal': 5, 'Her2': 3, 'LumA': 12, 'LumB': 3}",4,False,0.9230769230769231,0.8571428571428571,1.0,0.5,1.0,0.3333333333333333,1.0,1.0,1.0,1.0,1.0,1.0,18062
classification,RFECA_SVR(k=20),EnsembleSoft,0.2,0,1,0.9207251082251082,0.8958333333333334,93,24,"{'Basal': 23, 'Her2': 11, 'LumA': 46, 'LumB': 13}","{'Basal': 6, 'Her2': 3, 'LumA': 11, 'LumB': 4}",4,False,0.9166666666666666,0.8461538461538461,1.0,0.8571428571428571,1.0,0.75,1.0,1.0,1.0,0.9090909090909091,1.0,0.8333333333333334,18062
classification,RFECA_SVR(k=20),EnsembleSoft,0.2,0,2,0.9222222222222223,0.9166666666666666,93,24,"{'Basal': 23, 'Her2': 11, 'LumA': 46, 'LumB': 13}","{'Basal': 6, 'Her2': 3, 'LumA': 11, 'LumB': 4}",4,False,1.0,1.0,1.0,0.8888888888888888,0.8,1.0,0.8,1.0,0.6666666666666666,1.0,1.0,1.0,18062
classification,RFECA_SVR(k=20),EnsembleSoft,0.2,0,3,0.9391304347826087,0.9166666666666666,94,23,"{'Basal': 23, 'Her2': 11, 'LumA': 46, 'LumB': 14}","{'Basal': 6, 'Her2': 3, 'LumA': 11, 'LumB': 3}",4,False,0.9565217391304348,0.9166666666666666,1.0,0.8,1.0,0.6666666666666666,1.0,1.0,1.0,1.0,1.0,1.0,18062
classification,RFECA_SVR(k=20),EnsembleSoft,0.2,0,4,0.8541666666666666,0.8541666666666666,94,23,"{'Basal': 23, 'Her2': 12, 'LumA': 45, 'LumB': 14}","{'Basal': 6, 'Her2': 2, 'LumA': 12, 'LumB': 3}",4,False,0.9166666666666666,0.9166666666666666,0.9166666666666666,1.0,1.0,1.0,0.5,0.5,0.5,1.0,1.0,1.0,18062
classification,RFECA_SVR(k=20),EnsembleSoft,0.2,0,5,0.8557692307692308,0.8333333333333334,94,23,"{'Basal': 24, 'Her2': 11, 'LumA': 45, 'LumB': 14}","{'Basal': 5, 'Her2': 3, 'LumA': 12, 'LumB': 3}",4,False,0.9230769230769231,0.8571428571428571,1.0,0.5,1.0,0.3333333333333333,1.0,1.0,1.0,1.0,1.0,1.0,18062
classification,MissForest,EnsembleSoft,0.2,0,1,0.953416149068323,0.9375,93,24,"{'Basal': 23, 'Her2': 11, 'LumA': 46, 'LumB': 13}","{'Basal': 6, 'Her2': 3, 'LumA': 11, 'LumB': 4}",4,False,0.9565217391304348,0.9166666666666666,1.0,0.8571428571428571,1.0,0.75,1.0,1.0,1.0,1.0,1.0,1.0,18062
classification,MissForest,EnsembleSoft,0.2,0,2,0.9222222222222223,0.9166666666666666,93,24,"{'Basal': 23, 'Her2': 11, 'LumA': 46, 'LumB': 13}","{'Basal': 6, 'Her2': 3, 'LumA': 11, 'LumB': 4}",4,False,1.0,1.0,1.0,0.8888888888888888,0.8,1.0,0.8,1.0,0.6666666666666666,1.0,1.0,1.0,18062
classification,MissForest,EnsembleSoft,0.2,0,3,0.9391304347826087,0.9166666666666666,94,23,"{'Basal': 23, 'Her2': 11, 'LumA': 46, 'LumB': 14}","{'Basal': 6, 'Her2': 3, 'LumA': 11, 'LumB': 3}",4,False,0.9565217391304348,0.9166666666666666,1.0,1.0,1.0,1.0,0.8,1.0,0.6666666666666666,1.0,1.0,1.0,18062
classification,MissForest,EnsembleSoft,0.2,0,4,0.953416149068323,0.9791666666666666,94,23,"{'Basal': 23, 'Her2': 12, 'LumA': 45, 'LumB': 14}","{'Basal': 6, 'Her2': 2, 'LumA': 12, 'LumB': 3}",4,False,0.9565217391304348,1.0,0.9166666666666666,0.8571428571428571,0.75,1.0,1.0,1.0,1.0,1.0,1.0,1.0,18062
classification,MissForest,EnsembleSoft,0.2,0,5,0.8557692307692308,0.8333333333333334,94,23,"{'Basal': 24, 'Her2': 11, 'LumA': 45, 'LumB': 14}","{'Basal': 5, 'Her2': 3, 'LumA': 12, 'LumB': 3}",4,False,0.9230769230769231,0.8571428571428571,1.0,0.5,1.0,0.3333333333333333,1.0,1.0,1.0,1.0,1.0,1.0,18062
classification,SimpleMean,EnsembleSoft,0.2,1,1,0.953416149068323,0.9375,93,24,"{'Basal': 23, 'Her2': 11, 'LumA': 46, 'LumB': 13}","{'Basal': 6, 'Her2': 3, 'LumA': 11, 'LumB': 4}",4,False,0.9565217391304348,0.9166666666666666,1.0,0.8571428571428571,1.0,0.75,1.0,1.0,1.0,1.0,1.0,1.0,18063
classification,SimpleMean,EnsembleSoft,0.2,1,2,0.825,0.8333333333333333,93,24,"{'Basal': 23, 'Her2': 11, 'LumA': 46, 'LumB': 13}","{'Basal': 6, 'Her2': 3, 'LumA': 11, 'LumB': 4}",4,False,1.0,1.0,1.0,0.8,0.6666666666666666,1.0,0.5,1.0,0.3333333333333333,1.0,1.0,1.0,18063
classification,SimpleMean,EnsembleSoft,0.2,1,3,0.8791666666666667,0.8333333333333333,94,23,"{'Basal': 23, 'Her2': 11, 'LumA': 46, 'LumB': 14}","{'Basal': 6, 'Her2': 3, 'LumA': 11, 'LumB': 3}",4,False,0.9166666666666666,0.8461538461538461,1.0,0.8,1.0,0.6666666666666666,0.8,1.0,0.6666666666666666,1.0,1.0,1.0,18063
classification,SimpleMean,EnsembleSoft,0.2,1,4,0.8601190476190476,0.8541666666666666,94,23,"{'Basal': 23, 'Her2': 12, 'LumA': 45, 'LumB': 14}","{'Basal': 6, 'Her2': 2, 'LumA': 12, 'LumB': 3}",4,False,0.9166666666666666,0.9166666666666666,0.9166666666666666,0.8571428571428571,0.75,1.0,0.6666666666666666,1.0,0.5,1.0,1.0,1.0,18063
classification,SimpleMean,EnsembleSoft,0.2,1,5,0.8557692307692308,0.8333333333333334,94,23,"{'Basal': 24, 'Her2': 11, 'LumA': 45, 'LumB': 14}","{'Basal': 5, 'Her2': 3, 'LumA': 12, 'LumB': 3}",4,False,0.9230769230769231,0.8571428571428571,1.0,0.5,1.0,0.3333333333333333,1.0,1.0,1.0,1.0,1.0,1.0,18063
classification,"KNN(k=5,dist)",EnsembleSoft,0.2,1,1,0.953416149068323,0.9375,93,24,"{'Basal': 23, 'Her2': 11, 'LumA': 46, 'LumB': 13}","{'Basal': 6, 'Her2': 3, 'LumA': 11, 'LumB': 4}",4,False,0.9565217391304348,0.9166666666666666,1.0,0.8571428571428571,1.0,0.75,1.0,1.0,1.0,1.0,1.0,1.0,18063
classification,"KNN(k=5,dist)",EnsembleSoft,0.2,1,2,0.9222222222222223,0.9166666666666666,93,24,"{'Basal': 23, 'Her2': 11, 'LumA': 46, 'LumB': 13}","{'Basal': 6, 'Her2': 3, 'LumA': 11, 'LumB': 4}",4,False,1.0,1.0,1.0,0.8888888888888888,0.8,1.0,0.8,1.0,0.6666666666666666,1.0,1.0,1.0,18063
classification,"KNN(k=5,dist)",EnsembleSoft,0.2,1,3,1.0,1.0,94,23,"{'Basal': 23, 'Her2': 11, 'LumA': 46, 'LumB': 14}","{'Basal': 6, 'Her2': 3, 'LumA': 11, 'LumB': 3}",4,False,1.0,1.0,1.0,1.0,1.0,1.0,1.0,1.0,1.0,1.0,1.0,1.0,18063
classification,"KNN(k=5,dist)",EnsembleSoft,0.2,1,4,0.8601190476190476,0.8541666666666666,94,23,"{'Basal': 23, 'Her2': 12, 'LumA': 45, 'LumB': 14}","{'Basal': 6, 'Her2': 2, 'LumA': 12, 'LumB': 3}",4,False,0.9166666666666666,0.9166666666666666,0.9166666666666666,0.8571428571428571,0.75,1.0,0.6666666666666666,1.0,0.5,1.0,1.0,1.0,18063
classification,"KNN(k=5,dist)",EnsembleSoft,0.2,1,5,0.8557692307692308,0.8333333333333334,94,23,"{'Basal': 24, 'Her2': 11, 'LumA': 45, 'LumB': 14}","{'Basal': 5, 'Her2': 3, 'LumA': 12, 'LumB': 3}",4,False,0.9230769230769231,0.8571428571428571,1.0,0.5,1.0,0.3333333333333333,1.0,1.0,1.0,1.0,1.0,1.0,18063
classification,RFECA_SVR(k=5),EnsembleSoft,0.2,1,1,0.953416149068323,0.9375,93,24,"{'Basal': 23, 'Her2': 11, 'LumA': 46, 'LumB': 13}","{'Basal': 6, 'Her2': 3, 'LumA': 11, 'LumB': 4}",4,False,0.9565217391304348,0.9166666666666666,1.0,0.8571428571428571,1.0,0.75,1.0,1.0,1.0,1.0,1.0,1.0,18063
classification,RFECA_SVR(k=5),EnsembleSoft,0.2,1,2,0.9222222222222223,0.9166666666666666,93,24,"{'Basal': 23, 'Her2': 11, 'LumA': 46, 'LumB': 13}","{'Basal': 6, 'Her2': 3, 'LumA': 11, 'LumB': 4}",4,False,1.0,1.0,1.0,0.8888888888888888,0.8,1.0,0.8,1.0,0.6666666666666666,1.0,1.0,1.0,18063
classification,RFECA_SVR(k=5),EnsembleSoft,0.2,1,3,1.0,1.0,94,23,"{'Basal': 23, 'Her2': 11, 'LumA': 46, 'LumB': 14}","{'Basal': 6, 'Her2': 3, 'LumA': 11, 'LumB': 3}",4,False,1.0,1.0,1.0,1.0,1.0,1.0,1.0,1.0,1.0,1.0,1.0,1.0,18063
classification,RFECA_SVR(k=5),EnsembleSoft,0.2,1,4,0.8474358974358974,0.7916666666666666,94,23,"{'Basal': 23, 'Her2': 12, 'LumA': 45, 'LumB': 14}","{'Basal': 6, 'Her2': 2, 'LumA': 12, 'LumB': 3}",4,False,0.9230769230769231,0.8571428571428571,1.0,0.8,1.0,0.6666666666666666,0.6666666666666666,1.0,0.5,1.0,1.0,1.0,18063
classification,RFECA_SVR(k=5),EnsembleSoft,0.2,1,5,0.8557692307692308,0.8333333333333334,94,23,"{'Basal': 24, 'Her2': 11, 'LumA': 45, 'LumB': 14}","{'Basal': 5, 'Her2': 3, 'LumA': 12, 'LumB': 3}",4,False,0.9230769230769231,0.8571428571428571,1.0,0.5,1.0,0.3333333333333333,1.0,1.0,1.0,1.0,1.0,1.0,18063
classification,RFECA_SVR(k=10),EnsembleSoft,0.2,1,1,0.863939393939394,0.8333333333333334,93,24,"{'Basal': 23, 'Her2': 11, 'LumA': 46, 'LumB': 13}","{'Basal': 6, 'Her2': 3, 'LumA': 11, 'LumB': 4}",4,False,0.88,0.7857142857142857,1.0,0.6666666666666666,1.0,0.5,1.0,1.0,1.0,0.9090909090909091,1.0,0.8333333333333334,18063
classification,RFECA_SVR(k=10),EnsembleSoft,0.2,1,2,0.9307692307692308,0.9166666666666666,93,24,"{'Basal': 23, 'Her2': 11, 'LumA': 46, 'LumB': 13}","{'Basal': 6, 'Her2': 3, 'LumA': 11, 'LumB': 4}",4,False,1.0,1.0,1.0,1.0,1.0,1.0,0.8,1.0,0.6666666666666666,0.9230769230769231,0.8571428571428571,1.0,18063
classification,RFECA_SVR(k=10),EnsembleSoft,0.2,1,3,1.0,1.0,94,23,"{'Basal': 23, 'Her2': 11, 'LumA': 46, 'LumB': 14}","{'Basal': 6, 'Her2': 3, 'LumA': 11, 'LumB': 3}",4,False,1.0,1.0,1.0,1.0,1.0,1.0,1.0,1.0,1.0,1.0,1.0,1.0,18063
classification,RFECA_SVR(k=10),EnsembleSoft,0.2,1,4,0.8541666666666666,0.8541666666666666,94,23,"{'Basal': 23, 'Her2': 12, 'LumA': 45, 'LumB': 14}","{'Basal': 6, 'Her2': 2, 'LumA': 12, 'LumB': 3}",4,False,0.9166666666666666,0.9166666666666666,0.9166666666666666,1.0,1.0,1.0,0.5,0.5,0.5,1.0,1.0,1.0,18063
classification,RFECA_SVR(k=10),EnsembleSoft,0.2,1,5,0.8557692307692308,0.8333333333333334,94,23,"{'Basal': 24, 'Her2': 11, 'LumA': 45, 'LumB': 14}","{'Basal': 5, 'Her2': 3, 'LumA': 12, 'LumB': 3}",4,False,0.9230769230769231,0.8571428571428571,1.0,0.5,1.0,0.3333333333333333,1.0,1.0,1.0,1.0,1.0,1.0,18063
classification,RFECA_SVR(k=20),EnsembleSoft,0.2,1,1,0.953416149068323,0.9375,93,24,"{'Basal': 23, 'Her2': 11, 'LumA': 46, 'LumB': 13}","{'Basal': 6, 'Her2': 3, 'LumA': 11, 'LumB': 4}",4,False,0.9565217391304348,0.9166666666666666,1.0,0.8571428571428571,1.0,0.75,1.0,1.0,1.0,1.0,1.0,1.0,18063
classification,RFECA_SVR(k=20),EnsembleSoft,0.2,1,2,0.9391304347826087,0.9166666666666666,93,24,"{'Basal': 23, 'Her2': 11, 'LumA': 46, 'LumB': 13}","{'Basal': 6, 'Her2': 3, 'LumA': 11, 'LumB': 4}",4,False,0.9565217391304348,0.9166666666666666,1.0,1.0,1.0,1.0,0.8,1.0,0.6666666666666666,1.0,1.0,1.0,18063
classification,RFECA_SVR(k=20),EnsembleSoft,0.2,1,3,0.9391304347826087,0.9166666666666666,94,23,"{'Basal': 23, 'Her2': 11, 'LumA': 46, 'LumB': 14}","{'Basal': 6, 'Her2': 3, 'LumA': 11, 'LumB': 3}",4,False,0.9565217391304348,0.9166666666666666,1.0,0.8,1.0,0.6666666666666666,1.0,1.0,1.0,1.0,1.0,1.0,18063
classification,RFECA_SVR(k=20),EnsembleSoft,0.2,1,4,0.8033333333333333,0.7708333333333333,94,23,"{'Basal': 23, 'Her2': 12, 'LumA': 45, 'LumB': 14}","{'Basal': 6, 'Her2': 2, 'LumA': 12, 'LumB': 3}",4,False,0.88,0.8461538461538461,0.9166666666666666,0.6666666666666666,0.6666666666666666,0.6666666666666666,0.6666666666666666,1.0,0.5,1.0,1.0,1.0,18063
classification,RFECA_SVR(k=20),EnsembleSoft,0.2,1,5,0.8200000000000001,0.8125,94,23,"{'Basal': 24, 'Her2': 11, 'LumA': 45, 'LumB': 14}","{'Basal': 5, 'Her2': 3, 'LumA': 12, 'LumB': 3}",4,False,0.88,0.8461538461538461,0.9166666666666666,0.4,0.5,0.3333333333333333,1.0,1.0,1.0,1.0,1.0,1.0,18063
classification,MissForest,EnsembleSoft,0.2,1,1,0.9207251082251082,0.8958333333333334,93,24,"{'Basal': 23, 'Her2': 11, 'LumA': 46, 'LumB': 13}","{'Basal': 6, 'Her2': 3, 'LumA': 11, 'LumB': 4}",4,False,0.9166666666666666,0.8461538461538461,1.0,0.8571428571428571,1.0,0.75,1.0,1.0,1.0,0.9090909090909091,1.0,0.8333333333333334,18063
classification,MissForest,EnsembleSoft,0.2,1,2,1.0,1.0,93,24,"{'Basal': 23, 'Her2': 11, 'LumA': 46, 'LumB': 13}","{'Basal': 6, 'Her2': 3, 'LumA': 11, 'LumB': 4}",4,False,1.0,1.0,1.0,1.0,1.0,1.0,1.0,1.0,1.0,1.0,1.0,1.0,18063
classification,MissForest,EnsembleSoft,0.2,1,3,1.0,1.0,94,23,"{'Basal': 23, 'Her2': 11, 'LumA': 46, 'LumB': 14}","{'Basal': 6, 'Her2': 3, 'LumA': 11, 'LumB': 3}",4,False,1.0,1.0,1.0,1.0,1.0,1.0,1.0,1.0,1.0,1.0,1.0,1.0,18063
classification,MissForest,EnsembleSoft,0.2,1,4,0.9391304347826087,0.9791666666666666,94,23,"{'Basal': 23, 'Her2': 12, 'LumA': 45, 'LumB': 14}","{'Basal': 6, 'Her2': 2, 'LumA': 12, 'LumB': 3}",4,False,0.9565217391304348,1.0,0.9166666666666666,1.0,1.0,1.0,0.8,0.6666666666666666,1.0,1.0,1.0,1.0,18063
classification,MissForest,EnsembleSoft,0.2,1,5,0.7830419580419581,0.75,94,23,"{'Basal': 24, 'Her2': 11, 'LumA': 45, 'LumB': 14}","{'Basal': 5, 'Her2': 3, 'LumA': 12, 'LumB': 3}",4,False,0.9230769230769231,0.8571428571428571,1.0,0.5,1.0,0.3333333333333333,0.8,1.0,0.6666666666666666,0.9090909090909091,0.8333333333333334,1.0,18063
classification,SimpleMean,EnsembleSoft,0.2,2,1,0.9207251082251082,0.8958333333333334,93,24,"{'Basal': 23, 'Her2': 11, 'LumA': 46, 'LumB': 13}","{'Basal': 6, 'Her2': 3, 'LumA': 11, 'LumB': 4}",4,False,0.9166666666666666,0.8461538461538461,1.0,0.8571428571428571,1.0,0.75,1.0,1.0,1.0,0.9090909090909091,1.0,0.8333333333333334,18064
classification,SimpleMean,EnsembleSoft,0.2,2,2,0.9222222222222223,0.9166666666666666,93,24,"{'Basal': 23, 'Her2': 11, 'LumA': 46, 'LumB': 13}","{'Basal': 6, 'Her2': 3, 'LumA': 11, 'LumB': 4}",4,False,1.0,1.0,1.0,0.8888888888888888,0.8,1.0,0.8,1.0,0.6666666666666666,1.0,1.0,1.0,18064
classification,SimpleMean,EnsembleSoft,0.2,2,3,0.9391304347826087,0.9166666666666666,94,23,"{'Basal': 23, 'Her2': 11, 'LumA': 46, 'LumB': 14}","{'Basal': 6, 'Her2': 3, 'LumA': 11, 'LumB': 3}",4,False,0.9565217391304348,0.9166666666666666,1.0,0.8,1.0,0.6666666666666666,1.0,1.0,1.0,1.0,1.0,1.0,18064
classification,SimpleMean,EnsembleSoft,0.2,2,4,0.8601190476190476,0.8541666666666666,94,23,"{'Basal': 23, 'Her2': 12, 'LumA': 45, 'LumB': 14}","{'Basal': 6, 'Her2': 2, 'LumA': 12, 'LumB': 3}",4,False,0.9166666666666666,0.9166666666666666,0.9166666666666666,0.8571428571428571,0.75,1.0,0.6666666666666666,1.0,0.5,1.0,1.0,1.0,18064
classification,SimpleMean,EnsembleSoft,0.2,2,5,0.8557692307692308,0.8333333333333334,94,23,"{'Basal': 24, 'Her2': 11, 'LumA': 45, 'LumB': 14}","{'Basal': 5, 'Her2': 3, 'LumA': 12, 'LumB': 3}",4,False,0.9230769230769231,0.8571428571428571,1.0,0.5,1.0,0.3333333333333333,1.0,1.0,1.0,1.0,1.0,1.0,18064
classification,"KNN(k=5,dist)",EnsembleSoft,0.2,2,1,0.8949745906267645,0.8958333333333334,93,24,"{'Basal': 23, 'Her2': 11, 'LumA': 46, 'LumB': 13}","{'Basal': 6, 'Her2': 3, 'LumA': 11, 'LumB': 4}",4,False,0.9565217391304348,0.9166666666666666,1.0,0.8571428571428571,1.0,0.75,0.8571428571428571,0.75,1.0,0.9090909090909091,1.0,0.8333333333333334,18064
classification,"KNN(k=5,dist)",EnsembleSoft,0.2,2,2,0.9222222222222223,0.9166666666666666,93,24,"{'Basal': 23, 'Her2': 11, 'LumA': 46, 'LumB': 13}","{'Basal': 6, 'Her2': 3, 'LumA': 11, 'LumB': 4}",4,False,1.0,1.0,1.0,0.8888888888888888,0.8,1.0,0.8,1.0,0.6666666666666666,1.0,1.0,1.0,18064
classification,"KNN(k=5,dist)",EnsembleSoft,0.2,2,3,1.0,1.0,94,23,"{'Basal': 23, 'Her2': 11, 'LumA': 46, 'LumB': 14}","{'Basal': 6, 'Her2': 3, 'LumA': 11, 'LumB': 3}",4,False,1.0,1.0,1.0,1.0,1.0,1.0,1.0,1.0,1.0,1.0,1.0,1.0,18064
classification,"KNN(k=5,dist)",EnsembleSoft,0.2,2,4,0.953416149068323,0.9791666666666666,94,23,"{'Basal': 23, 'Her2': 12, 'LumA': 45, 'LumB': 14}","{'Basal': 6, 'Her2': 2, 'LumA': 12, 'LumB': 3}",4,False,0.9565217391304348,1.0,0.9166666666666666,0.8571428571428571,0.75,1.0,1.0,1.0,1.0,1.0,1.0,1.0,18064
classification,"KNN(k=5,dist)",EnsembleSoft,0.2,2,5,0.8200000000000001,0.8125,94,23,"{'Basal': 24, 'Her2': 11, 'LumA': 45, 'LumB': 14}","{'Basal': 5, 'Her2': 3, 'LumA': 12, 'LumB': 3}",4,False,0.88,0.8461538461538461,0.9166666666666666,0.4,0.5,0.3333333333333333,1.0,1.0,1.0,1.0,1.0,1.0,18064
classification,RFECA_SVR(k=5),EnsembleSoft,0.2,2,1,0.9207251082251082,0.8958333333333334,93,24,"{'Basal': 23, 'Her2': 11, 'LumA': 46, 'LumB': 13}","{'Basal': 6, 'Her2': 3, 'LumA': 11, 'LumB': 4}",4,False,0.9166666666666666,0.8461538461538461,1.0,0.8571428571428571,1.0,0.75,1.0,1.0,1.0,0.9090909090909091,1.0,0.8333333333333334,18064
classification,RFECA_SVR(k=5),EnsembleSoft,0.2,2,2,0.8766304347826087,0.8541666666666666,93,24,"{'Basal': 23, 'Her2': 11, 'LumA': 46, 'LumB': 13}","{'Basal': 6, 'Her2': 3, 'LumA': 11, 'LumB': 4}",4,False,0.9565217391304348,0.9166666666666666,1.0,0.75,0.75,0.75,0.8,1.0,0.6666666666666666,1.0,1.0,1.0,18064
classification,RFECA_SVR(k=5),EnsembleSoft,0.2,2,3,0.9391304347826087,0.9166666666666666,94,23,"{'Basal': 23, 'Her2': 11, 'LumA': 46, 'LumB': 14}","{'Basal': 6, 'Her2': 3, 'LumA': 11, 'LumB': 3}",4,False,0.9565217391304348,0.9166666666666666,1.0,1.0,1.0,1.0,0.8,1.0,0.6666666666666666,1.0,1.0,1.0,18064
classification,RFECA_SVR(k=5),EnsembleSoft,0.2,2,4,0.8601190476190476,0.8541666666666666,94,23,"{'Basal': 23, 'Her2': 12, 'LumA': 45, 'LumB': 14}","{'Basal': 6, 'Her2': 2, 'LumA': 12, 'LumB': 3}",4,False,0.9166666666666666,0.9166666666666666,0.9166666666666666,0.8571428571428571,0.75,1.0,0.6666666666666666,1.0,0.5,1.0,1.0,1.0,18064
classification,RFECA_SVR(k=5),EnsembleSoft,0.2,2,5,0.8557692307692308,0.8333333333333334,94,23,"{'Basal': 24, 'Her2': 11, 'LumA': 45, 'LumB': 14}","{'Basal': 5, 'Her2': 3, 'LumA': 12, 'LumB': 3}",4,False,0.9230769230769231,0.8571428571428571,1.0,0.5,1.0,0.3333333333333333,1.0,1.0,1.0,1.0,1.0,1.0,18064
classification,RFECA_SVR(k=10),EnsembleSoft,0.2,2,1,0.8949745906267645,0.8958333333333334,93,24,"{'Basal': 23, 'Her2': 11, 'LumA': 46, 'LumB': 13}","{'Basal': 6, 'Her2': 3, 'LumA': 11, 'LumB': 4}",4,False,0.9565217391304348,0.9166666666666666,1.0,0.8571428571428571,1.0,0.75,0.8571428571428571,0.75,1.0,0.9090909090909091,1.0,0.8333333333333334,18064
classification,RFECA_SVR(k=10),EnsembleSoft,0.2,2,2,0.9222222222222223,0.9166666666666666,93,24,"{'Basal': 23, 'Her2': 11, 'LumA': 46, 'LumB': 13}","{'Basal': 6, 'Her2': 3, 'LumA': 11, 'LumB': 4}",4,False,1.0,1.0,1.0,0.8888888888888888,0.8,1.0,0.8,1.0,0.6666666666666666,1.0,1.0,1.0,18064
classification,RFECA_SVR(k=10),EnsembleSoft,0.2,2,3,0.9391304347826087,0.9166666666666666,94,23,"{'Basal': 23, 'Her2': 11, 'LumA': 46, 'LumB': 14}","{'Basal': 6, 'Her2': 3, 'LumA': 11, 'LumB': 3}",4,False,0.9565217391304348,0.9166666666666666,1.0,1.0,1.0,1.0,0.8,1.0,0.6666666666666666,1.0,1.0,1.0,18064
classification,RFECA_SVR(k=10),EnsembleSoft,0.2,2,4,0.9066666666666666,0.875,94,23,"{'Basal': 23, 'Her2': 12, 'LumA': 45, 'LumB': 14}","{'Basal': 6, 'Her2': 2, 'LumA': 12, 'LumB': 3}",4,False,0.96,0.9230769230769231,1.0,1.0,1.0,1.0,0.6666666666666666,1.0,0.5,1.0,1.0,1.0,18064
classification,RFECA_SVR(k=10),EnsembleSoft,0.2,2,5,0.8557692307692308,0.8333333333333334,94,23,"{'Basal': 24, 'Her2': 11, 'LumA': 45, 'LumB': 14}","{'Basal': 5, 'Her2': 3, 'LumA': 12, 'LumB': 3}",4,False,0.9230769230769231,0.8571428571428571,1.0,0.5,1.0,0.3333333333333333,1.0,1.0,1.0,1.0,1.0,1.0,18064
classification,RFECA_SVR(k=20),EnsembleSoft,0.2,2,1,0.8949745906267645,0.8958333333333334,93,24,"{'Basal': 23, 'Her2': 11, 'LumA': 46, 'LumB': 13}","{'Basal': 6, 'Her2': 3, 'LumA': 11, 'LumB': 4}",4,False,0.9565217391304348,0.9166666666666666,1.0,0.8571428571428571,1.0,0.75,0.8571428571428571,0.75,1.0,0.9090909090909091,1.0,0.8333333333333334,18064
classification,RFECA_SVR(k=20),EnsembleSoft,0.2,2,2,0.9603174603174602,0.9772727272727273,93,24,"{'Basal': 23, 'Her2': 11, 'LumA': 46, 'LumB': 13}","{'Basal': 6, 'Her2': 3, 'LumA': 11, 'LumB': 4}",4,False,0.9523809523809523,1.0,0.9090909090909091,0.8888888888888888,0.8,1.0,1.0,1.0,1.0,1.0,1.0,1.0,18064
classification,RFECA_SVR(k=20),EnsembleSoft,0.2,2,3,0.9391304347826087,0.9166666666666666,94,23,"{'Basal': 23, 'Her2': 11, 'LumA': 46, 'LumB': 14}","{'Basal': 6, 'Her2': 3, 'LumA': 11, 'LumB': 3}",4,False,0.9565217391304348,0.9166666666666666,1.0,1.0,1.0,1.0,0.8,1.0,0.6666666666666666,1.0,1.0,1.0,18064
classification,RFECA_SVR(k=20),EnsembleSoft,0.2,2,4,1.0,1.0,94,23,"{'Basal': 23, 'Her2': 12, 'LumA': 45, 'LumB': 14}","{'Basal': 6, 'Her2': 2, 'LumA': 12, 'LumB': 3}",4,False,1.0,1.0,1.0,1.0,1.0,1.0,1.0,1.0,1.0,1.0,1.0,1.0,18064
classification,RFECA_SVR(k=20),EnsembleSoft,0.2,2,5,0.8557692307692308,0.8333333333333334,94,23,"{'Basal': 24, 'Her2': 11, 'LumA': 45, 'LumB': 14}","{'Basal': 5, 'Her2': 3, 'LumA': 12, 'LumB': 3}",4,False,0.9230769230769231,0.8571428571428571,1.0,0.5,1.0,0.3333333333333333,1.0,1.0,1.0,1.0,1.0,1.0,18064
classification,MissForest,EnsembleSoft,0.2,2,1,0.8949745906267645,0.8958333333333334,93,24,"{'Basal': 23, 'Her2': 11, 'LumA': 46, 'LumB': 13}","{'Basal': 6, 'Her2': 3, 'LumA': 11, 'LumB': 4}",4,False,0.9565217391304348,0.9166666666666666,1.0,0.8571428571428571,1.0,0.75,0.8571428571428571,0.75,1.0,0.9090909090909091,1.0,0.8333333333333334,18064
classification,MissForest,EnsembleSoft,0.2,2,2,0.9222222222222223,0.9166666666666666,93,24,"{'Basal': 23, 'Her2': 11, 'LumA': 46, 'LumB': 13}","{'Basal': 6, 'Her2': 3, 'LumA': 11, 'LumB': 4}",4,False,1.0,1.0,1.0,0.8888888888888888,0.8,1.0,0.8,1.0,0.6666666666666666,1.0,1.0,1.0,18064
classification,MissForest,EnsembleSoft,0.2,2,3,1.0,1.0,94,23,"{'Basal': 23, 'Her2': 11, 'LumA': 46, 'LumB': 14}","{'Basal': 6, 'Her2': 3, 'LumA': 11, 'LumB': 3}",4,False,1.0,1.0,1.0,1.0,1.0,1.0,1.0,1.0,1.0,1.0,1.0,1.0,18064
classification,MissForest,EnsembleSoft,0.2,2,4,1.0,1.0,94,23,"{'Basal': 23, 'Her2': 12, 'LumA': 45, 'LumB': 14}","{'Basal': 6, 'Her2': 2, 'LumA': 12, 'LumB': 3}",4,False,1.0,1.0,1.0,1.0,1.0,1.0,1.0,1.0,1.0,1.0,1.0,1.0,18064
classification,MissForest,EnsembleSoft,0.2,2,5,0.8557692307692308,0.8333333333333334,94,23,"{'Basal': 24, 'Her2': 11, 'LumA': 45, 'LumB': 14}","{'Basal': 5, 'Her2': 3, 'LumA': 12, 'LumB': 3}",4,False,0.9230769230769231,0.8571428571428571,1.0,0.5,1.0,0.3333333333333333,1.0,1.0,1.0,1.0,1.0,1.0,18064
classification,SimpleMean,EnsembleSoft,0.2,3,1,0.8949745906267645,0.8958333333333334,93,24,"{'Basal': 23, 'Her2': 11, 'LumA': 46, 'LumB': 13}","{'Basal': 6, 'Her2': 3, 'LumA': 11, 'LumB': 4}",4,False,0.9565217391304348,0.9166666666666666,1.0,0.8571428571428571,1.0,0.75,0.8571428571428571,0.75,1.0,0.9090909090909091,1.0,0.8333333333333334,18065
classification,SimpleMean,EnsembleSoft,0.2,3,2,1.0,1.0,93,24,"{'Basal': 23, 'Her2': 11, 'LumA': 46, 'LumB': 13}","{'Basal': 6, 'Her2': 3, 'LumA': 11, 'LumB': 4}",4,False,1.0,1.0,1.0,1.0,1.0,1.0,1.0,1.0,1.0,1.0,1.0,1.0,18065
classification,SimpleMean,EnsembleSoft,0.2,3,3,0.8541666666666666,0.8333333333333333,94,23,"{'Basal': 23, 'Her2': 11, 'LumA': 46, 'LumB': 14}","{'Basal': 6, 'Her2': 3, 'LumA': 11, 'LumB': 3}",4,False,0.9166666666666666,0.8461538461538461,1.0,1.0,1.0,1.0,0.5,1.0,0.3333333333333333,1.0,1.0,1.0,18065
classification,SimpleMean,EnsembleSoft,0.2,3,4,0.9391304347826087,0.9791666666666666,94,23,"{'Basal': 23, 'Her2': 12, 'LumA': 45, 'LumB': 14}","{'Basal': 6, 'Her2': 2, 'LumA': 12, 'LumB': 3}",4,False,0.9565217391304348,1.0,0.9166666666666666,1.0,1.0,1.0,0.8,0.6666666666666666,1.0,1.0,1.0,1.0,18065
classification,SimpleMean,EnsembleSoft,0.2,3,5,0.8557692307692308,0.8333333333333334,94,23,"{'Basal': 24, 'Her2': 11, 'LumA': 45, 'LumB': 14}","{'Basal': 5, 'Her2': 3, 'LumA': 12, 'LumB': 3}",4,False,0.9230769230769231,0.8571428571428571,1.0,0.5,1.0,0.3333333333333333,1.0,1.0,1.0,1.0,1.0,1.0,18065
classification,"KNN(k=5,dist)",EnsembleSoft,0.2,3,1,0.9207251082251082,0.8958333333333334,93,24,"{'Basal': 23, 'Her2': 11, 'LumA': 46, 'LumB': 13}","{'Basal': 6, 'Her2': 3, 'LumA': 11, 'LumB': 4}",4,False,0.9166666666666666,0.8461538461538461,1.0,0.8571428571428571,1.0,0.75,1.0,1.0,1.0,0.9090909090909091,1.0,0.8333333333333334,18065
classification,"KNN(k=5,dist)",EnsembleSoft,0.2,3,2,1.0,1.0,93,24,"{'Basal': 23, 'Her2': 11, 'LumA': 46, 'LumB': 13}","{'Basal': 6, 'Her2': 3, 'LumA': 11, 'LumB': 4}",4,False,1.0,1.0,1.0,1.0,1.0,1.0,1.0,1.0,1.0,1.0,1.0,1.0,18065
classification,"KNN(k=5,dist)",EnsembleSoft,0.2,3,3,1.0,1.0,94,23,"{'Basal': 23, 'Her2': 11, 'LumA': 46, 'LumB': 14}","{'Basal': 6, 'Her2': 3, 'LumA': 11, 'LumB': 3}",4,False,1.0,1.0,1.0,1.0,1.0,1.0,1.0,1.0,1.0,1.0,1.0,1.0,18065
classification,"KNN(k=5,dist)",EnsembleSoft,0.2,3,4,1.0,1.0,94,23,"{'Basal': 23, 'Her2': 12, 'LumA': 45, 'LumB': 14}","{'Basal': 6, 'Her2': 2, 'LumA': 12, 'LumB': 3}",4,False,1.0,1.0,1.0,1.0,1.0,1.0,1.0,1.0,1.0,1.0,1.0,1.0,18065
classification,"KNN(k=5,dist)",EnsembleSoft,0.2,3,5,0.8557692307692308,0.8333333333333334,94,23,"{'Basal': 24, 'Her2': 11, 'LumA': 45, 'LumB': 14}","{'Basal': 5, 'Her2': 3, 'LumA': 12, 'LumB': 3}",4,False,0.9230769230769231,0.8571428571428571,1.0,0.5,1.0,0.3333333333333333,1.0,1.0,1.0,1.0,1.0,1.0,18065
classification,RFECA_SVR(k=5),EnsembleSoft,0.2,3,1,0.8949745906267645,0.8958333333333334,93,24,"{'Basal': 23, 'Her2': 11, 'LumA': 46, 'LumB': 13}","{'Basal': 6, 'Her2': 3, 'LumA': 11, 'LumB': 4}",4,False,0.9565217391304348,0.9166666666666666,1.0,0.8571428571428571,1.0,0.75,0.8571428571428571,0.75,1.0,0.9090909090909091,1.0,0.8333333333333334,18065
classification,RFECA_SVR(k=5),EnsembleSoft,0.2,3,2,1.0,1.0,93,24,"{'Basal': 23, 'Her2': 11, 'LumA': 46, 'LumB': 13}","{'Basal': 6, 'Her2': 3, 'LumA': 11, 'LumB': 4}",4,False,1.0,1.0,1.0,1.0,1.0,1.0,1.0,1.0,1.0,1.0,1.0,1.0,18065
classification,RFECA_SVR(k=5),EnsembleSoft,0.2,3,3,0.9391304347826087,0.9166666666666666,94,23,"{'Basal': 23, 'Her2': 11, 'LumA': 46, 'LumB': 14}","{'Basal': 6, 'Her2': 3, 'LumA': 11, 'LumB': 3}",4,False,0.9565217391304348,0.9166666666666666,1.0,1.0,1.0,1.0,0.8,1.0,0.6666666666666666,1.0,1.0,1.0,18065
classification,RFECA_SVR(k=5),EnsembleSoft,0.2,3,4,0.953416149068323,0.9791666666666666,94,23,"{'Basal': 23, 'Her2': 12, 'LumA': 45, 'LumB': 14}","{'Basal': 6, 'Her2': 2, 'LumA': 12, 'LumB': 3}",4,False,0.9565217391304348,1.0,0.9166666666666666,0.8571428571428571,0.75,1.0,1.0,1.0,1.0,1.0,1.0,1.0,18065
classification,RFECA_SVR(k=5),EnsembleSoft,0.2,3,5,0.8557692307692308,0.8333333333333334,94,23,"{'Basal': 24, 'Her2': 11, 'LumA': 45, 'LumB': 14}","{'Basal': 5, 'Her2': 3, 'LumA': 12, 'LumB': 3}",4,False,0.9230769230769231,0.8571428571428571,1.0,0.5,1.0,0.3333333333333333,1.0,1.0,1.0,1.0,1.0,1.0,18065
classification,RFECA_SVR(k=10),EnsembleSoft,0.2,3,1,0.8373917748917749,0.8333333333333334,93,24,"{'Basal': 23, 'Her2': 11, 'LumA': 46, 'LumB': 13}","{'Basal': 6, 'Her2': 3, 'LumA': 11, 'LumB': 4}",4,False,0.9166666666666666,0.8461538461538461,1.0,0.6666666666666666,1.0,0.5,0.8571428571428571,0.75,1.0,0.9090909090909091,1.0,0.8333333333333334,18065
classification,RFECA_SVR(k=10),EnsembleSoft,0.2,3,2,1.0,1.0,93,24,"{'Basal': 23, 'Her2': 11, 'LumA': 46, 'LumB': 13}","{'Basal': 6, 'Her2': 3, 'LumA': 11, 'LumB': 4}",4,False,1.0,1.0,1.0,1.0,1.0,1.0,1.0,1.0,1.0,1.0,1.0,1.0,18065
classification,RFECA_SVR(k=10),EnsembleSoft,0.2,3,3,0.9391304347826087,0.9166666666666666,94,23,"{'Basal': 23, 'Her2': 11, 'LumA': 46, 'LumB': 14}","{'Basal': 6, 'Her2': 3, 'LumA': 11, 'LumB': 3}",4,False,0.9565217391304348,0.9166666666666666,1.0,1.0,1.0,1.0,0.8,1.0,0.6666666666666666,1.0,1.0,1.0,18065
classification,RFECA_SVR(k=10),EnsembleSoft,0.2,3,4,0.953416149068323,0.9791666666666666,94,23,"{'Basal': 23, 'Her2': 12, 'LumA': 45, 'LumB': 14}","{'Basal': 6, 'Her2': 2, 'LumA': 12, 'LumB': 3}",4,False,0.9565217391304348,1.0,0.9166666666666666,0.8571428571428571,0.75,1.0,1.0,1.0,1.0,1.0,1.0,1.0,18065
classification,RFECA_SVR(k=10),EnsembleSoft,0.2,3,5,0.8557692307692308,0.8333333333333334,94,23,"{'Basal': 24, 'Her2': 11, 'LumA': 45, 'LumB': 14}","{'Basal': 5, 'Her2': 3, 'LumA': 12, 'LumB': 3}",4,False,0.9230769230769231,0.8571428571428571,1.0,0.5,1.0,0.3333333333333333,1.0,1.0,1.0,1.0,1.0,1.0,18065
classification,RFECA_SVR(k=20),EnsembleSoft,0.2,3,1,0.8373917748917749,0.8333333333333334,93,24,"{'Basal': 23, 'Her2': 11, 'LumA': 46, 'LumB': 13}","{'Basal': 6, 'Her2': 3, 'LumA': 11, 'LumB': 4}",4,False,0.9166666666666666,0.8461538461538461,1.0,0.6666666666666666,1.0,0.5,0.8571428571428571,0.75,1.0,0.9090909090909091,1.0,0.8333333333333334,18065
classification,RFECA_SVR(k=20),EnsembleSoft,0.2,3,2,0.9222222222222223,0.9166666666666666,93,24,"{'Basal': 23, 'Her2': 11, 'LumA': 46, 'LumB': 13}","{'Basal': 6, 'Her2': 3, 'LumA': 11, 'LumB': 4}",4,False,1.0,1.0,1.0,0.8888888888888888,0.8,1.0,0.8,1.0,0.6666666666666666,1.0,1.0,1.0,18065
classification,RFECA_SVR(k=20),EnsembleSoft,0.2,3,3,1.0,1.0,94,23,"{'Basal': 23, 'Her2': 11, 'LumA': 46, 'LumB': 14}","{'Basal': 6, 'Her2': 3, 'LumA': 11, 'LumB': 3}",4,False,1.0,1.0,1.0,1.0,1.0,1.0,1.0,1.0,1.0,1.0,1.0,1.0,18065
classification,RFECA_SVR(k=20),EnsembleSoft,0.2,3,4,0.8958333333333333,0.8958333333333333,94,23,"{'Basal': 23, 'Her2': 12, 'LumA': 45, 'LumB': 14}","{'Basal': 6, 'Her2': 2, 'LumA': 12, 'LumB': 3}",4,False,0.9166666666666666,0.9166666666666666,0.9166666666666666,0.6666666666666666,0.6666666666666666,0.6666666666666666,1.0,1.0,1.0,1.0,1.0,1.0,18065
classification,RFECA_SVR(k=20),EnsembleSoft,0.2,3,5,0.8557692307692308,0.8333333333333334,94,23,"{'Basal': 24, 'Her2': 11, 'LumA': 45, 'LumB': 14}","{'Basal': 5, 'Her2': 3, 'LumA': 12, 'LumB': 3}",4,False,0.9230769230769231,0.8571428571428571,1.0,0.5,1.0,0.3333333333333333,1.0,1.0,1.0,1.0,1.0,1.0,18065
classification,MissForest,EnsembleSoft,0.2,3,1,0.8949745906267645,0.8958333333333334,93,24,"{'Basal': 23, 'Her2': 11, 'LumA': 46, 'LumB': 13}","{'Basal': 6, 'Her2': 3, 'LumA': 11, 'LumB': 4}",4,False,0.9565217391304348,0.9166666666666666,1.0,0.8571428571428571,1.0,0.75,0.8571428571428571,0.75,1.0,0.9090909090909091,1.0,0.8333333333333334,18065
classification,MissForest,EnsembleSoft,0.2,3,2,0.9222222222222223,0.9166666666666666,93,24,"{'Basal': 23, 'Her2': 11, 'LumA': 46, 'LumB': 13}","{'Basal': 6, 'Her2': 3, 'LumA': 11, 'LumB': 4}",4,False,1.0,1.0,1.0,0.8888888888888888,0.8,1.0,0.8,1.0,0.6666666666666666,1.0,1.0,1.0,18065
classification,MissForest,EnsembleSoft,0.2,3,3,1.0,1.0,94,23,"{'Basal': 23, 'Her2': 11, 'LumA': 46, 'LumB': 14}","{'Basal': 6, 'Her2': 3, 'LumA': 11, 'LumB': 3}",4,False,1.0,1.0,1.0,1.0,1.0,1.0,1.0,1.0,1.0,1.0,1.0,1.0,18065
classification,MissForest,EnsembleSoft,0.2,3,4,0.953416149068323,0.9791666666666666,94,23,"{'Basal': 23, 'Her2': 12, 'LumA': 45, 'LumB': 14}","{'Basal': 6, 'Her2': 2, 'LumA': 12, 'LumB': 3}",4,False,0.9565217391304348,1.0,0.9166666666666666,0.8571428571428571,0.75,1.0,1.0,1.0,1.0,1.0,1.0,1.0,18065
classification,MissForest,EnsembleSoft,0.2,3,5,0.8557692307692308,0.8333333333333334,94,23,"{'Basal': 24, 'Her2': 11, 'LumA': 45, 'LumB': 14}","{'Basal': 5, 'Her2': 3, 'LumA': 12, 'LumB': 3}",4,False,0.9230769230769231,0.8571428571428571,1.0,0.5,1.0,0.3333333333333333,1.0,1.0,1.0,1.0,1.0,1.0,18065
classification,SimpleMean,EnsembleSoft,0.2,4,1,0.8949745906267645,0.8958333333333334,93,24,"{'Basal': 23, 'Her2': 11, 'LumA': 46, 'LumB': 13}","{'Basal': 6, 'Her2': 3, 'LumA': 11, 'LumB': 4}",4,False,0.9565217391304348,0.9166666666666666,1.0,0.8571428571428571,1.0,0.75,0.8571428571428571,0.75,1.0,0.9090909090909091,1.0,0.8333333333333334,18066
classification,SimpleMean,EnsembleSoft,0.2,4,2,0.9222222222222223,0.9166666666666666,93,24,"{'Basal': 23, 'Her2': 11, 'LumA': 46, 'LumB': 13}","{'Basal': 6, 'Her2': 3, 'LumA': 11, 'LumB': 4}",4,False,1.0,1.0,1.0,0.8888888888888888,0.8,1.0,0.8,1.0,0.6666666666666666,1.0,1.0,1.0,18066
classification,SimpleMean,EnsembleSoft,0.2,4,3,0.9391304347826087,0.9166666666666666,94,23,"{'Basal': 23, 'Her2': 11, 'LumA': 46, 'LumB': 14}","{'Basal': 6, 'Her2': 3, 'LumA': 11, 'LumB': 3}",4,False,0.9565217391304348,0.9166666666666666,1.0,0.8,1.0,0.6666666666666666,1.0,1.0,1.0,1.0,1.0,1.0,18066
classification,SimpleMean,EnsembleSoft,0.2,4,4,0.8939393939393939,0.9583333333333334,94,23,"{'Basal': 23, 'Her2': 12, 'LumA': 45, 'LumB': 14}","{'Basal': 6, 'Her2': 2, 'LumA': 12, 'LumB': 3}",4,False,0.9090909090909091,1.0,0.8333333333333334,1.0,1.0,1.0,0.6666666666666666,0.5,1.0,1.0,1.0,1.0,18066
classification,SimpleMean,EnsembleSoft,0.2,4,5,0.8557692307692308,0.8333333333333334,94,23,"{'Basal': 24, 'Her2': 11, 'LumA': 45, 'LumB': 14}","{'Basal': 5, 'Her2': 3, 'LumA': 12, 'LumB': 3}",4,False,0.9230769230769231,0.8571428571428571,1.0,0.5,1.0,0.3333333333333333,1.0,1.0,1.0,1.0,1.0,1.0,18066
classification,"KNN(k=5,dist)",EnsembleSoft,0.2,4,1,0.953416149068323,0.9375,93,24,"{'Basal': 23, 'Her2': 11, 'LumA': 46, 'LumB': 13}","{'Basal': 6, 'Her2': 3, 'LumA': 11, 'LumB': 4}",4,False,0.9565217391304348,0.9166666666666666,1.0,0.8571428571428571,1.0,0.75,1.0,1.0,1.0,1.0,1.0,1.0,18066
classification,"KNN(k=5,dist)",EnsembleSoft,0.2,4,2,0.9222222222222223,0.9166666666666666,93,24,"{'Basal': 23, 'Her2': 11, 'LumA': 46, 'LumB': 13}","{'Basal': 6, 'Her2': 3, 'LumA': 11, 'LumB': 4}",4,False,1.0,1.0,1.0,0.8888888888888888,0.8,1.0,0.8,1.0,0.6666666666666666,1.0,1.0,1.0,18066
classification,"KNN(k=5,dist)",EnsembleSoft,0.2,4,3,1.0,1.0,94,23,"{'Basal': 23, 'Her2': 11, 'LumA': 46, 'LumB': 14}","{'Basal': 6, 'Her2': 3, 'LumA': 11, 'LumB': 3}",4,False,1.0,1.0,1.0,1.0,1.0,1.0,1.0,1.0,1.0,1.0,1.0,1.0,18066
classification,"KNN(k=5,dist)",EnsembleSoft,0.2,4,4,1.0,1.0,94,23,"{'Basal': 23, 'Her2': 12, 'LumA': 45, 'LumB': 14}","{'Basal': 6, 'Her2': 2, 'LumA': 12, 'LumB': 3}",4,False,1.0,1.0,1.0,1.0,1.0,1.0,1.0,1.0,1.0,1.0,1.0,1.0,18066
classification,"KNN(k=5,dist)",EnsembleSoft,0.2,4,5,0.8557692307692308,0.8333333333333334,94,23,"{'Basal': 24, 'Her2': 11, 'LumA': 45, 'LumB': 14}","{'Basal': 5, 'Her2': 3, 'LumA': 12, 'LumB': 3}",4,False,0.9230769230769231,0.8571428571428571,1.0,0.5,1.0,0.3333333333333333,1.0,1.0,1.0,1.0,1.0,1.0,18066
classification,RFECA_SVR(k=5),EnsembleSoft,0.2,4,1,0.8949745906267645,0.8958333333333334,93,24,"{'Basal': 23, 'Her2': 11, 'LumA': 46, 'LumB': 13}","{'Basal': 6, 'Her2': 3, 'LumA': 11, 'LumB': 4}",4,False,0.9565217391304348,0.9166666666666666,1.0,0.8571428571428571,1.0,0.75,0.8571428571428571,0.75,1.0,0.9090909090909091,1.0,0.8333333333333334,18066
classification,RFECA_SVR(k=5),EnsembleSoft,0.2,4,2,0.9222222222222223,0.9166666666666666,93,24,"{'Basal': 23, 'Her2': 11, 'LumA': 46, 'LumB': 13}","{'Basal': 6, 'Her2': 3, 'LumA': 11, 'LumB': 4}",4,False,1.0,1.0,1.0,0.8888888888888888,0.8,1.0,0.8,1.0,0.6666666666666666,1.0,1.0,1.0,18066
classification,RFECA_SVR(k=5),EnsembleSoft,0.2,4,3,1.0,1.0,94,23,"{'Basal': 23, 'Her2': 11, 'LumA': 46, 'LumB': 14}","{'Basal': 6, 'Her2': 3, 'LumA': 11, 'LumB': 3}",4,False,1.0,1.0,1.0,1.0,1.0,1.0,1.0,1.0,1.0,1.0,1.0,1.0,18066
classification,RFECA_SVR(k=5),EnsembleSoft,0.2,4,4,0.9391304347826087,0.9791666666666666,94,23,"{'Basal': 23, 'Her2': 12, 'LumA': 45, 'LumB': 14}","{'Basal': 6, 'Her2': 2, 'LumA': 12, 'LumB': 3}",4,False,0.9565217391304348,1.0,0.9166666666666666,1.0,1.0,1.0,0.8,0.6666666666666666,1.0,1.0,1.0,1.0,18066
classification,RFECA_SVR(k=5),EnsembleSoft,0.2,4,5,0.8557692307692308,0.8333333333333334,94,23,"{'Basal': 24, 'Her2': 11, 'LumA': 45, 'LumB': 14}","{'Basal': 5, 'Her2': 3, 'LumA': 12, 'LumB': 3}",4,False,0.9230769230769231,0.8571428571428571,1.0,0.5,1.0,0.3333333333333333,1.0,1.0,1.0,1.0,1.0,1.0,18066
classification,RFECA_SVR(k=10),EnsembleSoft,0.2,4,1,0.8949745906267645,0.8958333333333334,93,24,"{'Basal': 23, 'Her2': 11, 'LumA': 46, 'LumB': 13}","{'Basal': 6, 'Her2': 3, 'LumA': 11, 'LumB': 4}",4,False,0.9565217391304348,0.9166666666666666,1.0,0.8571428571428571,1.0,0.75,0.8571428571428571,0.75,1.0,0.9090909090909091,1.0,0.8333333333333334,18066
classification,RFECA_SVR(k=10),EnsembleSoft,0.2,4,2,0.9222222222222223,0.9166666666666666,93,24,"{'Basal': 23, 'Her2': 11, 'LumA': 46, 'LumB': 13}","{'Basal': 6, 'Her2': 3, 'LumA': 11, 'LumB': 4}",4,False,1.0,1.0,1.0,0.8888888888888888,0.8,1.0,0.8,1.0,0.6666666666666666,1.0,1.0,1.0,18066
classification,RFECA_SVR(k=10),EnsembleSoft,0.2,4,3,0.9391304347826087,0.9166666666666666,94,23,"{'Basal': 23, 'Her2': 11, 'LumA': 46, 'LumB': 14}","{'Basal': 6, 'Her2': 3, 'LumA': 11, 'LumB': 3}",4,False,0.9565217391304348,0.9166666666666666,1.0,1.0,1.0,1.0,0.8,1.0,0.6666666666666666,1.0,1.0,1.0,18066
classification,RFECA_SVR(k=10),EnsembleSoft,0.2,4,4,0.9391304347826087,0.9791666666666666,94,23,"{'Basal': 23, 'Her2': 12, 'LumA': 45, 'LumB': 14}","{'Basal': 6, 'Her2': 2, 'LumA': 12, 'LumB': 3}",4,False,0.9565217391304348,1.0,0.9166666666666666,1.0,1.0,1.0,0.8,0.6666666666666666,1.0,1.0,1.0,1.0,18066
classification,RFECA_SVR(k=10),EnsembleSoft,0.2,4,5,0.8557692307692308,0.8333333333333334,94,23,"{'Basal': 24, 'Her2': 11, 'LumA': 45, 'LumB': 14}","{'Basal': 5, 'Her2': 3, 'LumA': 12, 'LumB': 3}",4,False,0.9230769230769231,0.8571428571428571,1.0,0.5,1.0,0.3333333333333333,1.0,1.0,1.0,1.0,1.0,1.0,18066
classification,RFECA_SVR(k=20),EnsembleSoft,0.2,4,1,0.8949745906267645,0.8958333333333334,93,24,"{'Basal': 23, 'Her2': 11, 'LumA': 46, 'LumB': 13}","{'Basal': 6, 'Her2': 3, 'LumA': 11, 'LumB': 4}",4,False,0.9565217391304348,0.9166666666666666,1.0,0.8571428571428571,1.0,0.75,0.8571428571428571,0.75,1.0,0.9090909090909091,1.0,0.8333333333333334,18066
classification,RFECA_SVR(k=20),EnsembleSoft,0.2,4,2,0.9222222222222223,0.9166666666666666,93,24,"{'Basal': 23, 'Her2': 11, 'LumA': 46, 'LumB': 13}","{'Basal': 6, 'Her2': 3, 'LumA': 11, 'LumB': 4}",4,False,1.0,1.0,1.0,0.8888888888888888,0.8,1.0,0.8,1.0,0.6666666666666666,1.0,1.0,1.0,18066
classification,RFECA_SVR(k=20),EnsembleSoft,0.2,4,3,0.9391304347826087,0.9166666666666666,94,23,"{'Basal': 23, 'Her2': 11, 'LumA': 46, 'LumB': 14}","{'Basal': 6, 'Her2': 3, 'LumA': 11, 'LumB': 3}",4,False,0.9565217391304348,0.9166666666666666,1.0,0.8,1.0,0.6666666666666666,1.0,1.0,1.0,1.0,1.0,1.0,18066
classification,RFECA_SVR(k=20),EnsembleSoft,0.2,4,4,0.9391304347826087,0.9791666666666666,94,23,"{'Basal': 23, 'Her2': 12, 'LumA': 45, 'LumB': 14}","{'Basal': 6, 'Her2': 2, 'LumA': 12, 'LumB': 3}",4,False,0.9565217391304348,1.0,0.9166666666666666,1.0,1.0,1.0,0.8,0.6666666666666666,1.0,1.0,1.0,1.0,18066
classification,RFECA_SVR(k=20),EnsembleSoft,0.2,4,5,0.6247086247086248,0.6666666666666666,94,23,"{'Basal': 24, 'Her2': 11, 'LumA': 45, 'LumB': 14}","{'Basal': 5, 'Her2': 3, 'LumA': 12, 'LumB': 3}",3,False,0.9230769230769231,0.8571428571428571,1.0,0.0,0.0,0.0,0.6666666666666666,0.6666666666666666,0.6666666666666666,0.9090909090909091,0.8333333333333334,1.0,18066
classification,MissForest,EnsembleSoft,0.2,4,1,0.8949745906267645,0.8958333333333334,93,24,"{'Basal': 23, 'Her2': 11, 'LumA': 46, 'LumB': 13}","{'Basal': 6, 'Her2': 3, 'LumA': 11, 'LumB': 4}",4,False,0.9565217391304348,0.9166666666666666,1.0,0.8571428571428571,1.0,0.75,0.8571428571428571,0.75,1.0,0.9090909090909091,1.0,0.8333333333333334,18066
classification,MissForest,EnsembleSoft,0.2,4,2,0.9222222222222223,0.9166666666666666,93,24,"{'Basal': 23, 'Her2': 11, 'LumA': 46, 'LumB': 13}","{'Basal': 6, 'Her2': 3, 'LumA': 11, 'LumB': 4}",4,False,1.0,1.0,1.0,0.8888888888888888,0.8,1.0,0.8,1.0,0.6666666666666666,1.0,1.0,1.0,18066
classification,MissForest,EnsembleSoft,0.2,4,3,0.9391304347826087,0.9166666666666666,94,23,"{'Basal': 23, 'Her2': 11, 'LumA': 46, 'LumB': 14}","{'Basal': 6, 'Her2': 3, 'LumA': 11, 'LumB': 3}",4,False,0.9565217391304348,0.9166666666666666,1.0,1.0,1.0,1.0,0.8,1.0,0.6666666666666666,1.0,1.0,1.0,18066
classification,MissForest,EnsembleSoft,0.2,4,4,0.953416149068323,0.9791666666666666,94,23,"{'Basal': 23, 'Her2': 12, 'LumA': 45, 'LumB': 14}","{'Basal': 6, 'Her2': 2, 'LumA': 12, 'LumB': 3}",4,False,0.9565217391304348,1.0,0.9166666666666666,0.8571428571428571,0.75,1.0,1.0,1.0,1.0,1.0,1.0,1.0,18066
classification,MissForest,EnsembleSoft,0.2,4,5,0.8557692307692308,0.8333333333333334,94,23,"{'Basal': 24, 'Her2': 11, 'LumA': 45, 'LumB': 14}","{'Basal': 5, 'Her2': 3, 'LumA': 12, 'LumB': 3}",4,False,0.9230769230769231,0.8571428571428571,1.0,0.5,1.0,0.3333333333333333,1.0,1.0,1.0,1.0,1.0,1.0,18066
classification,SimpleMean,EnsembleSoft,0.2,5,1,0.953416149068323,0.9375,93,24,"{'Basal': 23, 'Her2': 11, 'LumA': 46, 'LumB': 13}","{'Basal': 6, 'Her2': 3, 'LumA': 11, 'LumB': 4}",4,False,0.9565217391304348,0.9166666666666666,1.0,0.8571428571428571,1.0,0.75,1.0,1.0,1.0,1.0,1.0,1.0,18067
classification,SimpleMean,EnsembleSoft,0.2,5,2,0.9222222222222223,0.9166666666666666,93,24,"{'Basal': 23, 'Her2': 11, 'LumA': 46, 'LumB': 13}","{'Basal': 6, 'Her2': 3, 'LumA': 11, 'LumB': 4}",4,False,1.0,1.0,1.0,0.8888888888888888,0.8,1.0,0.8,1.0,0.6666666666666666,1.0,1.0,1.0,18067
classification,SimpleMean,EnsembleSoft,0.2,5,3,0.8791666666666667,0.8333333333333333,94,23,"{'Basal': 23, 'Her2': 11, 'LumA': 46, 'LumB': 14}","{'Basal': 6, 'Her2': 3, 'LumA': 11, 'LumB': 3}",4,False,0.9166666666666666,0.8461538461538461,1.0,0.8,1.0,0.6666666666666666,0.8,1.0,0.6666666666666666,1.0,1.0,1.0,18067
classification,SimpleMean,EnsembleSoft,0.2,5,4,1.0,1.0,94,23,"{'Basal': 23, 'Her2': 12, 'LumA': 45, 'LumB': 14}","{'Basal': 6, 'Her2': 2, 'LumA': 12, 'LumB': 3}",4,False,1.0,1.0,1.0,1.0,1.0,1.0,1.0,1.0,1.0,1.0,1.0,1.0,18067
classification,SimpleMean,EnsembleSoft,0.2,5,5,0.8557692307692308,0.8333333333333334,94,23,"{'Basal': 24, 'Her2': 11, 'LumA': 45, 'LumB': 14}","{'Basal': 5, 'Her2': 3, 'LumA': 12, 'LumB': 3}",4,False,0.9230769230769231,0.8571428571428571,1.0,0.5,1.0,0.3333333333333333,1.0,1.0,1.0,1.0,1.0,1.0,18067
classification,"KNN(k=5,dist)",EnsembleSoft,0.2,5,1,0.953416149068323,0.9375,93,24,"{'Basal': 23, 'Her2': 11, 'LumA': 46, 'LumB': 13}","{'Basal': 6, 'Her2': 3, 'LumA': 11, 'LumB': 4}",4,False,0.9565217391304348,0.9166666666666666,1.0,0.8571428571428571,1.0,0.75,1.0,1.0,1.0,1.0,1.0,1.0,18067
classification,"KNN(k=5,dist)",EnsembleSoft,0.2,5,2,0.9222222222222223,0.9166666666666666,93,24,"{'Basal': 23, 'Her2': 11, 'LumA': 46, 'LumB': 13}","{'Basal': 6, 'Her2': 3, 'LumA': 11, 'LumB': 4}",4,False,1.0,1.0,1.0,0.8888888888888888,0.8,1.0,0.8,1.0,0.6666666666666666,1.0,1.0,1.0,18067
classification,"KNN(k=5,dist)",EnsembleSoft,0.2,5,3,1.0,1.0,94,23,"{'Basal': 23, 'Her2': 11, 'LumA': 46, 'LumB': 14}","{'Basal': 6, 'Her2': 3, 'LumA': 11, 'LumB': 3}",4,False,1.0,1.0,1.0,1.0,1.0,1.0,1.0,1.0,1.0,1.0,1.0,1.0,18067
classification,"KNN(k=5,dist)",EnsembleSoft,0.2,5,4,0.9391304347826087,0.9791666666666666,94,23,"{'Basal': 23, 'Her2': 12, 'LumA': 45, 'LumB': 14}","{'Basal': 6, 'Her2': 2, 'LumA': 12, 'LumB': 3}",4,False,0.9565217391304348,1.0,0.9166666666666666,1.0,1.0,1.0,0.8,0.6666666666666666,1.0,1.0,1.0,1.0,18067
classification,"KNN(k=5,dist)",EnsembleSoft,0.2,5,5,0.8557692307692308,0.8333333333333334,94,23,"{'Basal': 24, 'Her2': 11, 'LumA': 45, 'LumB': 14}","{'Basal': 5, 'Her2': 3, 'LumA': 12, 'LumB': 3}",4,False,0.9230769230769231,0.8571428571428571,1.0,0.5,1.0,0.3333333333333333,1.0,1.0,1.0,1.0,1.0,1.0,18067
classification,RFECA_SVR(k=5),EnsembleSoft,0.2,5,1,0.953416149068323,0.9375,93,24,"{'Basal': 23, 'Her2': 11, 'LumA': 46, 'LumB': 13}","{'Basal': 6, 'Her2': 3, 'LumA': 11, 'LumB': 4}",4,False,0.9565217391304348,0.9166666666666666,1.0,0.8571428571428571,1.0,0.75,1.0,1.0,1.0,1.0,1.0,1.0,18067
classification,RFECA_SVR(k=5),EnsembleSoft,0.2,5,2,0.9222222222222223,0.9166666666666666,93,24,"{'Basal': 23, 'Her2': 11, 'LumA': 46, 'LumB': 13}","{'Basal': 6, 'Her2': 3, 'LumA': 11, 'LumB': 4}",4,False,1.0,1.0,1.0,0.8888888888888888,0.8,1.0,0.8,1.0,0.6666666666666666,1.0,1.0,1.0,18067
classification,RFECA_SVR(k=5),EnsembleSoft,0.2,5,3,0.9391304347826087,0.9166666666666666,94,23,"{'Basal': 23, 'Her2': 11, 'LumA': 46, 'LumB': 14}","{'Basal': 6, 'Her2': 3, 'LumA': 11, 'LumB': 3}",4,False,0.9565217391304348,0.9166666666666666,1.0,0.8,1.0,0.6666666666666666,1.0,1.0,1.0,1.0,1.0,1.0,18067
classification,RFECA_SVR(k=5),EnsembleSoft,0.2,5,4,0.9391304347826087,0.9791666666666666,94,23,"{'Basal': 23, 'Her2': 12, 'LumA': 45, 'LumB': 14}","{'Basal': 6, 'Her2': 2, 'LumA': 12, 'LumB': 3}",4,False,0.9565217391304348,1.0,0.9166666666666666,1.0,1.0,1.0,0.8,0.6666666666666666,1.0,1.0,1.0,1.0,18067
classification,RFECA_SVR(k=5),EnsembleSoft,0.2,5,5,0.8557692307692308,0.8333333333333334,94,23,"{'Basal': 24, 'Her2': 11, 'LumA': 45, 'LumB': 14}","{'Basal': 5, 'Her2': 3, 'LumA': 12, 'LumB': 3}",4,False,0.9230769230769231,0.8571428571428571,1.0,0.5,1.0,0.3333333333333333,1.0,1.0,1.0,1.0,1.0,1.0,18067
classification,RFECA_SVR(k=10),EnsembleSoft,0.2,5,1,0.953416149068323,0.9375,93,24,"{'Basal': 23, 'Her2': 11, 'LumA': 46, 'LumB': 13}","{'Basal': 6, 'Her2': 3, 'LumA': 11, 'LumB': 4}",4,False,0.9565217391304348,0.9166666666666666,1.0,0.8571428571428571,1.0,0.75,1.0,1.0,1.0,1.0,1.0,1.0,18067
classification,RFECA_SVR(k=10),EnsembleSoft,0.2,5,2,0.9222222222222223,0.9166666666666666,93,24,"{'Basal': 23, 'Her2': 11, 'LumA': 46, 'LumB': 13}","{'Basal': 6, 'Her2': 3, 'LumA': 11, 'LumB': 4}",4,False,1.0,1.0,1.0,0.8888888888888888,0.8,1.0,0.8,1.0,0.6666666666666666,1.0,1.0,1.0,18067
classification,RFECA_SVR(k=10),EnsembleSoft,0.2,5,3,0.7849358974358975,0.7499999999999999,94,23,"{'Basal': 23, 'Her2': 11, 'LumA': 46, 'LumB': 14}","{'Basal': 6, 'Her2': 3, 'LumA': 11, 'LumB': 3}",4,False,0.9166666666666666,0.8461538461538461,1.0,0.8,1.0,0.6666666666666666,0.5,1.0,0.3333333333333333,0.9230769230769231,0.8571428571428571,1.0,18067
classification,RFECA_SVR(k=10),EnsembleSoft,0.2,5,4,0.9391304347826087,0.9791666666666666,94,23,"{'Basal': 23, 'Her2': 12, 'LumA': 45, 'LumB': 14}","{'Basal': 6, 'Her2': 2, 'LumA': 12, 'LumB': 3}",4,False,0.9565217391304348,1.0,0.9166666666666666,1.0,1.0,1.0,0.8,0.6666666666666666,1.0,1.0,1.0,1.0,18067
classification,RFECA_SVR(k=10),EnsembleSoft,0.2,5,5,0.8557692307692308,0.8333333333333334,94,23,"{'Basal': 24, 'Her2': 11, 'LumA': 45, 'LumB': 14}","{'Basal': 5, 'Her2': 3, 'LumA': 12, 'LumB': 3}",4,False,0.9230769230769231,0.8571428571428571,1.0,0.5,1.0,0.3333333333333333,1.0,1.0,1.0,1.0,1.0,1.0,18067
classification,RFECA_SVR(k=20),EnsembleSoft,0.2,5,1,0.953416149068323,0.9375,93,24,"{'Basal': 23, 'Her2': 11, 'LumA': 46, 'LumB': 13}","{'Basal': 6, 'Her2': 3, 'LumA': 11, 'LumB': 4}",4,False,0.9565217391304348,0.9166666666666666,1.0,0.8571428571428571,1.0,0.75,1.0,1.0,1.0,1.0,1.0,1.0,18067
classification,RFECA_SVR(k=20),EnsembleSoft,0.2,5,2,0.9222222222222223,0.9166666666666666,93,24,"{'Basal': 23, 'Her2': 11, 'LumA': 46, 'LumB': 13}","{'Basal': 6, 'Her2': 3, 'LumA': 11, 'LumB': 4}",4,False,1.0,1.0,1.0,0.8888888888888888,0.8,1.0,0.8,1.0,0.6666666666666666,1.0,1.0,1.0,18067
classification,RFECA_SVR(k=20),EnsembleSoft,0.2,5,3,0.9391304347826087,0.9166666666666666,94,23,"{'Basal': 23, 'Her2': 11, 'LumA': 46, 'LumB': 14}","{'Basal': 6, 'Her2': 3, 'LumA': 11, 'LumB': 3}",4,False,0.9565217391304348,0.9166666666666666,1.0,0.8,1.0,0.6666666666666666,1.0,1.0,1.0,1.0,1.0,1.0,18067
classification,RFECA_SVR(k=20),EnsembleSoft,0.2,5,4,0.8541666666666666,0.8541666666666666,94,23,"{'Basal': 23, 'Her2': 12, 'LumA': 45, 'LumB': 14}","{'Basal': 6, 'Her2': 2, 'LumA': 12, 'LumB': 3}",4,False,0.9166666666666666,0.9166666666666666,0.9166666666666666,1.0,1.0,1.0,0.5,0.5,0.5,1.0,1.0,1.0,18067
classification,RFECA_SVR(k=20),EnsembleSoft,0.2,5,5,0.8557692307692308,0.8333333333333334,94,23,"{'Basal': 24, 'Her2': 11, 'LumA': 45, 'LumB': 14}","{'Basal': 5, 'Her2': 3, 'LumA': 12, 'LumB': 3}",4,False,0.9230769230769231,0.8571428571428571,1.0,0.5,1.0,0.3333333333333333,1.0,1.0,1.0,1.0,1.0,1.0,18067
classification,MissForest,EnsembleSoft,0.2,5,1,0.953416149068323,0.9375,93,24,"{'Basal': 23, 'Her2': 11, 'LumA': 46, 'LumB': 13}","{'Basal': 6, 'Her2': 3, 'LumA': 11, 'LumB': 4}",4,False,0.9565217391304348,0.9166666666666666,1.0,0.8571428571428571,1.0,0.75,1.0,1.0,1.0,1.0,1.0,1.0,18067
classification,MissForest,EnsembleSoft,0.2,5,2,0.9222222222222223,0.9166666666666666,93,24,"{'Basal': 23, 'Her2': 11, 'LumA': 46, 'LumB': 13}","{'Basal': 6, 'Her2': 3, 'LumA': 11, 'LumB': 4}",4,False,1.0,1.0,1.0,0.8888888888888888,0.8,1.0,0.8,1.0,0.6666666666666666,1.0,1.0,1.0,18067
classification,MissForest,EnsembleSoft,0.2,5,3,0.9391304347826087,0.9166666666666666,94,23,"{'Basal': 23, 'Her2': 11, 'LumA': 46, 'LumB': 14}","{'Basal': 6, 'Her2': 3, 'LumA': 11, 'LumB': 3}",4,False,0.9565217391304348,0.9166666666666666,1.0,1.0,1.0,1.0,0.8,1.0,0.6666666666666666,1.0,1.0,1.0,18067
classification,MissForest,EnsembleSoft,0.2,5,4,0.9391304347826087,0.9791666666666666,94,23,"{'Basal': 23, 'Her2': 12, 'LumA': 45, 'LumB': 14}","{'Basal': 6, 'Her2': 2, 'LumA': 12, 'LumB': 3}",4,False,0.9565217391304348,1.0,0.9166666666666666,1.0,1.0,1.0,0.8,0.6666666666666666,1.0,1.0,1.0,1.0,18067
classification,MissForest,EnsembleSoft,0.2,5,5,0.8557692307692308,0.8333333333333334,94,23,"{'Basal': 24, 'Her2': 11, 'LumA': 45, 'LumB': 14}","{'Basal': 5, 'Her2': 3, 'LumA': 12, 'LumB': 3}",4,False,0.9230769230769231,0.8571428571428571,1.0,0.5,1.0,0.3333333333333333,1.0,1.0,1.0,1.0,1.0,1.0,18067
classification,SimpleMean,EnsembleSoft,0.2,6,1,0.8949745906267645,0.8958333333333334,93,24,"{'Basal': 23, 'Her2': 11, 'LumA': 46, 'LumB': 13}","{'Basal': 6, 'Her2': 3, 'LumA': 11, 'LumB': 4}",4,False,0.9565217391304348,0.9166666666666666,1.0,0.8571428571428571,1.0,0.75,0.8571428571428571,0.75,1.0,0.9090909090909091,1.0,0.8333333333333334,18068
classification,SimpleMean,EnsembleSoft,0.2,6,2,0.8934523809523809,0.8541666666666666,93,24,"{'Basal': 23, 'Her2': 11, 'LumA': 46, 'LumB': 13}","{'Basal': 6, 'Her2': 3, 'LumA': 11, 'LumB': 4}",4,False,0.9166666666666666,0.8461538461538461,1.0,0.8571428571428571,1.0,0.75,0.8,1.0,0.6666666666666666,1.0,1.0,1.0,18068
classification,SimpleMean,EnsembleSoft,0.2,6,3,0.8791666666666667,0.8333333333333333,94,23,"{'Basal': 23, 'Her2': 11, 'LumA': 46, 'LumB': 14}","{'Basal': 6, 'Her2': 3, 'LumA': 11, 'LumB': 3}",4,False,0.9166666666666666,0.8461538461538461,1.0,0.8,1.0,0.6666666666666666,0.8,1.0,0.6666666666666666,1.0,1.0,1.0,18068
classification,SimpleMean,EnsembleSoft,0.2,6,4,1.0,1.0,94,23,"{'Basal': 23, 'Her2': 12, 'LumA': 45, 'LumB': 14}","{'Basal': 6, 'Her2': 2, 'LumA': 12, 'LumB': 3}",4,False,1.0,1.0,1.0,1.0,1.0,1.0,1.0,1.0,1.0,1.0,1.0,1.0,18068
classification,SimpleMean,EnsembleSoft,0.2,6,5,0.8557692307692308,0.8333333333333334,94,23,"{'Basal': 24, 'Her2': 11, 'LumA': 45, 'LumB': 14}","{'Basal': 5, 'Her2': 3, 'LumA': 12, 'LumB': 3}",4,False,0.9230769230769231,0.8571428571428571,1.0,0.5,1.0,0.3333333333333333,1.0,1.0,1.0,1.0,1.0,1.0,18068
classification,"KNN(k=5,dist)",EnsembleSoft,0.2,6,1,0.953416149068323,0.9375,93,24,"{'Basal': 23, 'Her2': 11, 'LumA': 46, 'LumB': 13}","{'Basal': 6, 'Her2': 3, 'LumA': 11, 'LumB': 4}",4,False,0.9565217391304348,0.9166666666666666,1.0,0.8571428571428571,1.0,0.75,1.0,1.0,1.0,1.0,1.0,1.0,18068
classification,"KNN(k=5,dist)",EnsembleSoft,0.2,6,2,1.0,1.0,93,24,"{'Basal': 23, 'Her2': 11, 'LumA': 46, 'LumB': 13}","{'Basal': 6, 'Her2': 3, 'LumA': 11, 'LumB': 4}",4,False,1.0,1.0,1.0,1.0,1.0,1.0,1.0,1.0,1.0,1.0,1.0,1.0,18068
classification,"KNN(k=5,dist)",EnsembleSoft,0.2,6,3,0.9391304347826087,0.9166666666666666,94,23,"{'Basal': 23, 'Her2': 11, 'LumA': 46, 'LumB': 14}","{'Basal': 6, 'Her2': 3, 'LumA': 11, 'LumB': 3}",4,False,0.9565217391304348,0.9166666666666666,1.0,0.8,1.0,0.6666666666666666,1.0,1.0,1.0,1.0,1.0,1.0,18068
classification,"KNN(k=5,dist)",EnsembleSoft,0.2,6,4,1.0,1.0,94,23,"{'Basal': 23, 'Her2': 12, 'LumA': 45, 'LumB': 14}","{'Basal': 6, 'Her2': 2, 'LumA': 12, 'LumB': 3}",4,False,1.0,1.0,1.0,1.0,1.0,1.0,1.0,1.0,1.0,1.0,1.0,1.0,18068
classification,"KNN(k=5,dist)",EnsembleSoft,0.2,6,5,0.8557692307692308,0.8333333333333334,94,23,"{'Basal': 24, 'Her2': 11, 'LumA': 45, 'LumB': 14}","{'Basal': 5, 'Her2': 3, 'LumA': 12, 'LumB': 3}",4,False,0.9230769230769231,0.8571428571428571,1.0,0.5,1.0,0.3333333333333333,1.0,1.0,1.0,1.0,1.0,1.0,18068
classification,RFECA_SVR(k=5),EnsembleSoft,0.2,6,1,0.8054778554778554,0.75,93,24,"{'Basal': 23, 'Her2': 11, 'LumA': 46, 'LumB': 13}","{'Basal': 6, 'Her2': 3, 'LumA': 11, 'LumB': 4}",4,False,0.8461538461538461,0.7333333333333333,1.0,0.6666666666666666,1.0,0.5,0.8,1.0,0.6666666666666666,0.9090909090909091,1.0,0.8333333333333334,18068
classification,RFECA_SVR(k=5),EnsembleSoft,0.2,6,2,0.8766304347826087,0.8541666666666666,93,24,"{'Basal': 23, 'Her2': 11, 'LumA': 46, 'LumB': 13}","{'Basal': 6, 'Her2': 3, 'LumA': 11, 'LumB': 4}",4,False,0.9565217391304348,0.9166666666666666,1.0,0.75,0.75,0.75,0.8,1.0,0.6666666666666666,1.0,1.0,1.0,18068
classification,RFECA_SVR(k=5),EnsembleSoft,0.2,6,3,0.9391304347826087,0.9166666666666666,94,23,"{'Basal': 23, 'Her2': 11, 'LumA': 46, 'LumB': 14}","{'Basal': 6, 'Her2': 3, 'LumA': 11, 'LumB': 3}",4,False,0.9565217391304348,0.9166666666666666,1.0,1.0,1.0,1.0,0.8,1.0,0.6666666666666666,1.0,1.0,1.0,18068
classification,RFECA_SVR(k=5),EnsembleSoft,0.2,6,4,0.9391304347826087,0.9791666666666666,94,23,"{'Basal': 23, 'Her2': 12, 'LumA': 45, 'LumB': 14}","{'Basal': 6, 'Her2': 2, 'LumA': 12, 'LumB': 3}",4,False,0.9565217391304348,1.0,0.9166666666666666,1.0,1.0,1.0,0.8,0.6666666666666666,1.0,1.0,1.0,1.0,18068
classification,RFECA_SVR(k=5),EnsembleSoft,0.2,6,5,0.8557692307692308,0.8333333333333334,94,23,"{'Basal': 24, 'Her2': 11, 'LumA': 45, 'LumB': 14}","{'Basal': 5, 'Her2': 3, 'LumA': 12, 'LumB': 3}",4,False,0.9230769230769231,0.8571428571428571,1.0,0.5,1.0,0.3333333333333333,1.0,1.0,1.0,1.0,1.0,1.0,18068
classification,RFECA_SVR(k=10),EnsembleSoft,0.2,6,1,0.9207251082251082,0.8958333333333334,93,24,"{'Basal': 23, 'Her2': 11, 'LumA': 46, 'LumB': 13}","{'Basal': 6, 'Her2': 3, 'LumA': 11, 'LumB': 4}",4,False,0.9166666666666666,0.8461538461538461,1.0,0.8571428571428571,1.0,0.75,1.0,1.0,1.0,0.9090909090909091,1.0,0.8333333333333334,18068
classification,RFECA_SVR(k=10),EnsembleSoft,0.2,6,2,1.0,1.0,93,24,"{'Basal': 23, 'Her2': 11, 'LumA': 46, 'LumB': 13}","{'Basal': 6, 'Her2': 3, 'LumA': 11, 'LumB': 4}",4,False,1.0,1.0,1.0,1.0,1.0,1.0,1.0,1.0,1.0,1.0,1.0,1.0,18068
classification,RFECA_SVR(k=10),EnsembleSoft,0.2,6,3,0.9391304347826087,0.9166666666666666,94,23,"{'Basal': 23, 'Her2': 11, 'LumA': 46, 'LumB': 14}","{'Basal': 6, 'Her2': 3, 'LumA': 11, 'LumB': 3}",4,False,0.9565217391304348,0.9166666666666666,1.0,1.0,1.0,1.0,0.8,1.0,0.6666666666666666,1.0,1.0,1.0,18068
classification,RFECA_SVR(k=10),EnsembleSoft,0.2,6,4,1.0,1.0,94,23,"{'Basal': 23, 'Her2': 12, 'LumA': 45, 'LumB': 14}","{'Basal': 6, 'Her2': 2, 'LumA': 12, 'LumB': 3}",4,False,1.0,1.0,1.0,1.0,1.0,1.0,1.0,1.0,1.0,1.0,1.0,1.0,18068
classification,RFECA_SVR(k=10),EnsembleSoft,0.2,6,5,0.8557692307692308,0.8333333333333334,94,23,"{'Basal': 24, 'Her2': 11, 'LumA': 45, 'LumB': 14}","{'Basal': 5, 'Her2': 3, 'LumA': 12, 'LumB': 3}",4,False,0.9230769230769231,0.8571428571428571,1.0,0.5,1.0,0.3333333333333333,1.0,1.0,1.0,1.0,1.0,1.0,18068
classification,RFECA_SVR(k=20),EnsembleSoft,0.2,6,1,0.8366666666666667,0.7916666666666666,93,24,"{'Basal': 23, 'Her2': 11, 'LumA': 46, 'LumB': 13}","{'Basal': 6, 'Her2': 3, 'LumA': 11, 'LumB': 4}",4,False,0.88,0.7857142857142857,1.0,0.6666666666666666,1.0,0.5,0.8,1.0,0.6666666666666666,1.0,1.0,1.0,18068
classification,RFECA_SVR(k=20),EnsembleSoft,0.2,6,2,1.0,1.0,93,24,"{'Basal': 23, 'Her2': 11, 'LumA': 46, 'LumB': 13}","{'Basal': 6, 'Her2': 3, 'LumA': 11, 'LumB': 4}",4,False,1.0,1.0,1.0,1.0,1.0,1.0,1.0,1.0,1.0,1.0,1.0,1.0,18068
classification,RFECA_SVR(k=20),EnsembleSoft,0.2,6,3,0.8791666666666667,0.8333333333333333,94,23,"{'Basal': 23, 'Her2': 11, 'LumA': 46, 'LumB': 14}","{'Basal': 6, 'Her2': 3, 'LumA': 11, 'LumB': 3}",4,False,0.9166666666666666,0.8461538461538461,1.0,0.8,1.0,0.6666666666666666,0.8,1.0,0.6666666666666666,1.0,1.0,1.0,18068
classification,RFECA_SVR(k=20),EnsembleSoft,0.2,6,4,0.953416149068323,0.9791666666666666,94,23,"{'Basal': 23, 'Her2': 12, 'LumA': 45, 'LumB': 14}","{'Basal': 6, 'Her2': 2, 'LumA': 12, 'LumB': 3}",4,False,0.9565217391304348,1.0,0.9166666666666666,0.8571428571428571,0.75,1.0,1.0,1.0,1.0,1.0,1.0,1.0,18068
classification,RFECA_SVR(k=20),EnsembleSoft,0.2,6,5,0.8557692307692308,0.8333333333333334,94,23,"{'Basal': 24, 'Her2': 11, 'LumA': 45, 'LumB': 14}","{'Basal': 5, 'Her2': 3, 'LumA': 12, 'LumB': 3}",4,False,0.9230769230769231,0.8571428571428571,1.0,0.5,1.0,0.3333333333333333,1.0,1.0,1.0,1.0,1.0,1.0,18068
classification,MissForest,EnsembleSoft,0.2,6,1,0.9207251082251082,0.8958333333333334,93,24,"{'Basal': 23, 'Her2': 11, 'LumA': 46, 'LumB': 13}","{'Basal': 6, 'Her2': 3, 'LumA': 11, 'LumB': 4}",4,False,0.9166666666666666,0.8461538461538461,1.0,0.8571428571428571,1.0,0.75,1.0,1.0,1.0,0.9090909090909091,1.0,0.8333333333333334,18068
classification,MissForest,EnsembleSoft,0.2,6,2,1.0,1.0,93,24,"{'Basal': 23, 'Her2': 11, 'LumA': 46, 'LumB': 13}","{'Basal': 6, 'Her2': 3, 'LumA': 11, 'LumB': 4}",4,False,1.0,1.0,1.0,1.0,1.0,1.0,1.0,1.0,1.0,1.0,1.0,1.0,18068
classification,MissForest,EnsembleSoft,0.2,6,3,0.9391304347826087,0.9166666666666666,94,23,"{'Basal': 23, 'Her2': 11, 'LumA': 46, 'LumB': 14}","{'Basal': 6, 'Her2': 3, 'LumA': 11, 'LumB': 3}",4,False,0.9565217391304348,0.9166666666666666,1.0,1.0,1.0,1.0,0.8,1.0,0.6666666666666666,1.0,1.0,1.0,18068
classification,MissForest,EnsembleSoft,0.2,6,4,0.953416149068323,0.9791666666666666,94,23,"{'Basal': 23, 'Her2': 12, 'LumA': 45, 'LumB': 14}","{'Basal': 6, 'Her2': 2, 'LumA': 12, 'LumB': 3}",4,False,0.9565217391304348,1.0,0.9166666666666666,0.8571428571428571,0.75,1.0,1.0,1.0,1.0,1.0,1.0,1.0,18068
classification,MissForest,EnsembleSoft,0.2,6,5,0.8557692307692308,0.8333333333333334,94,23,"{'Basal': 24, 'Her2': 11, 'LumA': 45, 'LumB': 14}","{'Basal': 5, 'Her2': 3, 'LumA': 12, 'LumB': 3}",4,False,0.9230769230769231,0.8571428571428571,1.0,0.5,1.0,0.3333333333333333,1.0,1.0,1.0,1.0,1.0,1.0,18068
classification,SimpleMean,EnsembleSoft,0.2,7,1,0.8934523809523809,0.8541666666666666,93,24,"{'Basal': 23, 'Her2': 11, 'LumA': 46, 'LumB': 13}","{'Basal': 6, 'Her2': 3, 'LumA': 11, 'LumB': 4}",4,False,0.9166666666666666,0.8461538461538461,1.0,0.8571428571428571,1.0,0.75,0.8,1.0,0.6666666666666666,1.0,1.0,1.0,18069
classification,SimpleMean,EnsembleSoft,0.2,7,2,0.9222222222222223,0.9166666666666666,93,24,"{'Basal': 23, 'Her2': 11, 'LumA': 46, 'LumB': 13}","{'Basal': 6, 'Her2': 3, 'LumA': 11, 'LumB': 4}",4,False,1.0,1.0,1.0,0.8888888888888888,0.8,1.0,0.8,1.0,0.6666666666666666,1.0,1.0,1.0,18069
classification,SimpleMean,EnsembleSoft,0.2,7,3,1.0,1.0,94,23,"{'Basal': 23, 'Her2': 11, 'LumA': 46, 'LumB': 14}","{'Basal': 6, 'Her2': 3, 'LumA': 11, 'LumB': 3}",4,False,1.0,1.0,1.0,1.0,1.0,1.0,1.0,1.0,1.0,1.0,1.0,1.0,18069
classification,SimpleMean,EnsembleSoft,0.2,7,4,0.9066666666666666,0.875,94,23,"{'Basal': 23, 'Her2': 12, 'LumA': 45, 'LumB': 14}","{'Basal': 6, 'Her2': 2, 'LumA': 12, 'LumB': 3}",4,False,0.96,0.9230769230769231,1.0,1.0,1.0,1.0,0.6666666666666666,1.0,0.5,1.0,1.0,1.0,18069
classification,SimpleMean,EnsembleSoft,0.2,7,5,0.8557692307692308,0.8333333333333334,94,23,"{'Basal': 24, 'Her2': 11, 'LumA': 45, 'LumB': 14}","{'Basal': 5, 'Her2': 3, 'LumA': 12, 'LumB': 3}",4,False,0.9230769230769231,0.8571428571428571,1.0,0.5,1.0,0.3333333333333333,1.0,1.0,1.0,1.0,1.0,1.0,18069
classification,"KNN(k=5,dist)",EnsembleSoft,0.2,7,1,0.8934523809523809,0.8541666666666666,93,24,"{'Basal': 23, 'Her2': 11, 'LumA': 46, 'LumB': 13}","{'Basal': 6, 'Her2': 3, 'LumA': 11, 'LumB': 4}",4,False,0.9166666666666666,0.8461538461538461,1.0,0.8571428571428571,1.0,0.75,0.8,1.0,0.6666666666666666,1.0,1.0,1.0,18069
classification,"KNN(k=5,dist)",EnsembleSoft,0.2,7,2,0.9222222222222223,0.9166666666666666,93,24,"{'Basal': 23, 'Her2': 11, 'LumA': 46, 'LumB': 13}","{'Basal': 6, 'Her2': 3, 'LumA': 11, 'LumB': 4}",4,False,1.0,1.0,1.0,0.8888888888888888,0.8,1.0,0.8,1.0,0.6666666666666666,1.0,1.0,1.0,18069
classification,"KNN(k=5,dist)",EnsembleSoft,0.2,7,3,1.0,1.0,94,23,"{'Basal': 23, 'Her2': 11, 'LumA': 46, 'LumB': 14}","{'Basal': 6, 'Her2': 3, 'LumA': 11, 'LumB': 3}",4,False,1.0,1.0,1.0,1.0,1.0,1.0,1.0,1.0,1.0,1.0,1.0,1.0,18069
classification,"KNN(k=5,dist)",EnsembleSoft,0.2,7,4,0.8601190476190476,0.8541666666666666,94,23,"{'Basal': 23, 'Her2': 12, 'LumA': 45, 'LumB': 14}","{'Basal': 6, 'Her2': 2, 'LumA': 12, 'LumB': 3}",4,False,0.9166666666666666,0.9166666666666666,0.9166666666666666,0.8571428571428571,0.75,1.0,0.6666666666666666,1.0,0.5,1.0,1.0,1.0,18069
classification,"KNN(k=5,dist)",EnsembleSoft,0.2,7,5,0.8557692307692308,0.8333333333333334,94,23,"{'Basal': 24, 'Her2': 11, 'LumA': 45, 'LumB': 14}","{'Basal': 5, 'Her2': 3, 'LumA': 12, 'LumB': 3}",4,False,0.9230769230769231,0.8571428571428571,1.0,0.5,1.0,0.3333333333333333,1.0,1.0,1.0,1.0,1.0,1.0,18069
classification,RFECA_SVR(k=5),EnsembleSoft,0.2,7,1,0.8934523809523809,0.8541666666666666,93,24,"{'Basal': 23, 'Her2': 11, 'LumA': 46, 'LumB': 13}","{'Basal': 6, 'Her2': 3, 'LumA': 11, 'LumB': 4}",4,False,0.9166666666666666,0.8461538461538461,1.0,0.8571428571428571,1.0,0.75,0.8,1.0,0.6666666666666666,1.0,1.0,1.0,18069
classification,RFECA_SVR(k=5),EnsembleSoft,0.2,7,2,0.9222222222222223,0.9166666666666666,93,24,"{'Basal': 23, 'Her2': 11, 'LumA': 46, 'LumB': 13}","{'Basal': 6, 'Her2': 3, 'LumA': 11, 'LumB': 4}",4,False,1.0,1.0,1.0,0.8888888888888888,0.8,1.0,0.8,1.0,0.6666666666666666,1.0,1.0,1.0,18069
classification,RFECA_SVR(k=5),EnsembleSoft,0.2,7,3,0.9391304347826087,0.9166666666666666,94,23,"{'Basal': 23, 'Her2': 11, 'LumA': 46, 'LumB': 14}","{'Basal': 6, 'Her2': 3, 'LumA': 11, 'LumB': 3}",4,False,0.9565217391304348,0.9166666666666666,1.0,1.0,1.0,1.0,0.8,1.0,0.6666666666666666,1.0,1.0,1.0,18069
classification,RFECA_SVR(k=5),EnsembleSoft,0.2,7,4,0.8541666666666666,0.8541666666666666,94,23,"{'Basal': 23, 'Her2': 12, 'LumA': 45, 'LumB': 14}","{'Basal': 6, 'Her2': 2, 'LumA': 12, 'LumB': 3}",4,False,0.9166666666666666,0.9166666666666666,0.9166666666666666,1.0,1.0,1.0,0.5,0.5,0.5,1.0,1.0,1.0,18069
classification,RFECA_SVR(k=5),EnsembleSoft,0.2,7,5,0.7830419580419581,0.75,94,23,"{'Basal': 24, 'Her2': 11, 'LumA': 45, 'LumB': 14}","{'Basal': 5, 'Her2': 3, 'LumA': 12, 'LumB': 3}",4,False,0.9230769230769231,0.8571428571428571,1.0,0.5,1.0,0.3333333333333333,0.8,1.0,0.6666666666666666,0.9090909090909091,0.8333333333333334,1.0,18069
classification,RFECA_SVR(k=10),EnsembleSoft,0.2,7,1,0.8934523809523809,0.8541666666666666,93,24,"{'Basal': 23, 'Her2': 11, 'LumA': 46, 'LumB': 13}","{'Basal': 6, 'Her2': 3, 'LumA': 11, 'LumB': 4}",4,False,0.9166666666666666,0.8461538461538461,1.0,0.8571428571428571,1.0,0.75,0.8,1.0,0.6666666666666666,1.0,1.0,1.0,18069
classification,RFECA_SVR(k=10),EnsembleSoft,0.2,7,2,0.9222222222222223,0.9166666666666666,93,24,"{'Basal': 23, 'Her2': 11, 'LumA': 46, 'LumB': 13}","{'Basal': 6, 'Her2': 3, 'LumA': 11, 'LumB': 4}",4,False,1.0,1.0,1.0,0.8888888888888888,0.8,1.0,0.8,1.0,0.6666666666666666,1.0,1.0,1.0,18069
classification,RFECA_SVR(k=10),EnsembleSoft,0.2,7,3,0.9391304347826087,0.9166666666666666,94,23,"{'Basal': 23, 'Her2': 11, 'LumA': 46, 'LumB': 14}","{'Basal': 6, 'Her2': 3, 'LumA': 11, 'LumB': 3}",4,False,0.9565217391304348,0.9166666666666666,1.0,1.0,1.0,1.0,0.8,1.0,0.6666666666666666,1.0,1.0,1.0,18069
classification,RFECA_SVR(k=10),EnsembleSoft,0.2,7,4,0.9066666666666666,0.875,94,23,"{'Basal': 23, 'Her2': 12, 'LumA': 45, 'LumB': 14}","{'Basal': 6, 'Her2': 2, 'LumA': 12, 'LumB': 3}",4,False,0.96,0.9230769230769231,1.0,1.0,1.0,1.0,0.6666666666666666,1.0,0.5,1.0,1.0,1.0,18069
classification,RFECA_SVR(k=10),EnsembleSoft,0.2,7,5,0.8557692307692308,0.8333333333333334,94,23,"{'Basal': 24, 'Her2': 11, 'LumA': 45, 'LumB': 14}","{'Basal': 5, 'Her2': 3, 'LumA': 12, 'LumB': 3}",4,False,0.9230769230769231,0.8571428571428571,1.0,0.5,1.0,0.3333333333333333,1.0,1.0,1.0,1.0,1.0,1.0,18069
classification,RFECA_SVR(k=20),EnsembleSoft,0.2,7,1,0.8934523809523809,0.8541666666666666,93,24,"{'Basal': 23, 'Her2': 11, 'LumA': 46, 'LumB': 13}","{'Basal': 6, 'Her2': 3, 'LumA': 11, 'LumB': 4}",4,False,0.9166666666666666,0.8461538461538461,1.0,0.8571428571428571,1.0,0.75,0.8,1.0,0.6666666666666666,1.0,1.0,1.0,18069
classification,RFECA_SVR(k=20),EnsembleSoft,0.2,7,2,0.9222222222222223,0.9166666666666666,93,24,"{'Basal': 23, 'Her2': 11, 'LumA': 46, 'LumB': 13}","{'Basal': 6, 'Her2': 3, 'LumA': 11, 'LumB': 4}",4,False,1.0,1.0,1.0,0.8888888888888888,0.8,1.0,0.8,1.0,0.6666666666666666,1.0,1.0,1.0,18069
classification,RFECA_SVR(k=20),EnsembleSoft,0.2,7,3,0.9391304347826087,0.9166666666666666,94,23,"{'Basal': 23, 'Her2': 11, 'LumA': 46, 'LumB': 14}","{'Basal': 6, 'Her2': 3, 'LumA': 11, 'LumB': 3}",4,False,0.9565217391304348,0.9166666666666666,1.0,1.0,1.0,1.0,0.8,1.0,0.6666666666666666,1.0,1.0,1.0,18069
classification,RFECA_SVR(k=20),EnsembleSoft,0.2,7,4,0.9066666666666666,0.875,94,23,"{'Basal': 23, 'Her2': 12, 'LumA': 45, 'LumB': 14}","{'Basal': 6, 'Her2': 2, 'LumA': 12, 'LumB': 3}",4,False,0.96,0.9230769230769231,1.0,1.0,1.0,1.0,0.6666666666666666,1.0,0.5,1.0,1.0,1.0,18069
classification,RFECA_SVR(k=20),EnsembleSoft,0.2,7,5,0.8557692307692308,0.8333333333333334,94,23,"{'Basal': 24, 'Her2': 11, 'LumA': 45, 'LumB': 14}","{'Basal': 5, 'Her2': 3, 'LumA': 12, 'LumB': 3}",4,False,0.9230769230769231,0.8571428571428571,1.0,0.5,1.0,0.3333333333333333,1.0,1.0,1.0,1.0,1.0,1.0,18069
classification,MissForest,EnsembleSoft,0.2,7,1,0.8934523809523809,0.8541666666666666,93,24,"{'Basal': 23, 'Her2': 11, 'LumA': 46, 'LumB': 13}","{'Basal': 6, 'Her2': 3, 'LumA': 11, 'LumB': 4}",4,False,0.9166666666666666,0.8461538461538461,1.0,0.8571428571428571,1.0,0.75,0.8,1.0,0.6666666666666666,1.0,1.0,1.0,18069
classification,MissForest,EnsembleSoft,0.2,7,2,0.9222222222222223,0.9166666666666666,93,24,"{'Basal': 23, 'Her2': 11, 'LumA': 46, 'LumB': 13}","{'Basal': 6, 'Her2': 3, 'LumA': 11, 'LumB': 4}",4,False,1.0,1.0,1.0,0.8888888888888888,0.8,1.0,0.8,1.0,0.6666666666666666,1.0,1.0,1.0,18069
classification,MissForest,EnsembleSoft,0.2,7,3,1.0,1.0,94,23,"{'Basal': 23, 'Her2': 11, 'LumA': 46, 'LumB': 14}","{'Basal': 6, 'Her2': 3, 'LumA': 11, 'LumB': 3}",4,False,1.0,1.0,1.0,1.0,1.0,1.0,1.0,1.0,1.0,1.0,1.0,1.0,18069
classification,MissForest,EnsembleSoft,0.2,7,4,1.0,1.0,94,23,"{'Basal': 23, 'Her2': 12, 'LumA': 45, 'LumB': 14}","{'Basal': 6, 'Her2': 2, 'LumA': 12, 'LumB': 3}",4,False,1.0,1.0,1.0,1.0,1.0,1.0,1.0,1.0,1.0,1.0,1.0,1.0,18069
classification,MissForest,EnsembleSoft,0.2,7,5,0.8557692307692308,0.8333333333333334,94,23,"{'Basal': 24, 'Her2': 11, 'LumA': 45, 'LumB': 14}","{'Basal': 5, 'Her2': 3, 'LumA': 12, 'LumB': 3}",4,False,0.9230769230769231,0.8571428571428571,1.0,0.5,1.0,0.3333333333333333,1.0,1.0,1.0,1.0,1.0,1.0,18069
classification,SimpleMean,EnsembleSoft,0.2,8,1,0.8949745906267645,0.8958333333333334,93,24,"{'Basal': 23, 'Her2': 11, 'LumA': 46, 'LumB': 13}","{'Basal': 6, 'Her2': 3, 'LumA': 11, 'LumB': 4}",4,False,0.9565217391304348,0.9166666666666666,1.0,0.8571428571428571,1.0,0.75,0.8571428571428571,0.75,1.0,0.9090909090909091,1.0,0.8333333333333334,18070
classification,SimpleMean,EnsembleSoft,0.2,8,2,0.9222222222222223,0.9166666666666666,93,24,"{'Basal': 23, 'Her2': 11, 'LumA': 46, 'LumB': 13}","{'Basal': 6, 'Her2': 3, 'LumA': 11, 'LumB': 4}",4,False,1.0,1.0,1.0,0.8888888888888888,0.8,1.0,0.8,1.0,0.6666666666666666,1.0,1.0,1.0,18070
classification,SimpleMean,EnsembleSoft,0.2,8,3,0.9391304347826087,0.9166666666666666,94,23,"{'Basal': 23, 'Her2': 11, 'LumA': 46, 'LumB': 14}","{'Basal': 6, 'Her2': 3, 'LumA': 11, 'LumB': 3}",4,False,0.9565217391304348,0.9166666666666666,1.0,0.8,1.0,0.6666666666666666,1.0,1.0,1.0,1.0,1.0,1.0,18070
classification,SimpleMean,EnsembleSoft,0.2,8,4,0.9391304347826087,0.9791666666666666,94,23,"{'Basal': 23, 'Her2': 12, 'LumA': 45, 'LumB': 14}","{'Basal': 6, 'Her2': 2, 'LumA': 12, 'LumB': 3}",4,False,0.9565217391304348,1.0,0.9166666666666666,1.0,1.0,1.0,0.8,0.6666666666666666,1.0,1.0,1.0,1.0,18070
classification,SimpleMean,EnsembleSoft,0.2,8,5,0.8557692307692308,0.8333333333333334,94,23,"{'Basal': 24, 'Her2': 11, 'LumA': 45, 'LumB': 14}","{'Basal': 5, 'Her2': 3, 'LumA': 12, 'LumB': 3}",4,False,0.9230769230769231,0.8571428571428571,1.0,0.5,1.0,0.3333333333333333,1.0,1.0,1.0,1.0,1.0,1.0,18070
classification,"KNN(k=5,dist)",EnsembleSoft,0.2,8,1,0.953416149068323,0.9375,93,24,"{'Basal': 23, 'Her2': 11, 'LumA': 46, 'LumB': 13}","{'Basal': 6, 'Her2': 3, 'LumA': 11, 'LumB': 4}",4,False,0.9565217391304348,0.9166666666666666,1.0,0.8571428571428571,1.0,0.75,1.0,1.0,1.0,1.0,1.0,1.0,18070
classification,"KNN(k=5,dist)",EnsembleSoft,0.2,8,2,1.0,1.0,93,24,"{'Basal': 23, 'Her2': 11, 'LumA': 46, 'LumB': 13}","{'Basal': 6, 'Her2': 3, 'LumA': 11, 'LumB': 4}",4,False,1.0,1.0,1.0,1.0,1.0,1.0,1.0,1.0,1.0,1.0,1.0,1.0,18070
classification,"KNN(k=5,dist)",EnsembleSoft,0.2,8,3,0.9391304347826087,0.9166666666666666,94,23,"{'Basal': 23, 'Her2': 11, 'LumA': 46, 'LumB': 14}","{'Basal': 6, 'Her2': 3, 'LumA': 11, 'LumB': 3}",4,False,0.9565217391304348,0.9166666666666666,1.0,0.8,1.0,0.6666666666666666,1.0,1.0,1.0,1.0,1.0,1.0,18070
classification,"KNN(k=5,dist)",EnsembleSoft,0.2,8,4,0.953416149068323,0.9791666666666666,94,23,"{'Basal': 23, 'Her2': 12, 'LumA': 45, 'LumB': 14}","{'Basal': 6, 'Her2': 2, 'LumA': 12, 'LumB': 3}",4,False,0.9565217391304348,1.0,0.9166666666666666,0.8571428571428571,0.75,1.0,1.0,1.0,1.0,1.0,1.0,1.0,18070
classification,"KNN(k=5,dist)",EnsembleSoft,0.2,8,5,0.8557692307692308,0.8333333333333334,94,23,"{'Basal': 24, 'Her2': 11, 'LumA': 45, 'LumB': 14}","{'Basal': 5, 'Her2': 3, 'LumA': 12, 'LumB': 3}",4,False,0.9230769230769231,0.8571428571428571,1.0,0.5,1.0,0.3333333333333333,1.0,1.0,1.0,1.0,1.0,1.0,18070
classification,RFECA_SVR(k=5),EnsembleSoft,0.2,8,1,0.8949745906267645,0.8958333333333334,93,24,"{'Basal': 23, 'Her2': 11, 'LumA': 46, 'LumB': 13}","{'Basal': 6, 'Her2': 3, 'LumA': 11, 'LumB': 4}",4,False,0.9565217391304348,0.9166666666666666,1.0,0.8571428571428571,1.0,0.75,0.8571428571428571,0.75,1.0,0.9090909090909091,1.0,0.8333333333333334,18070
classification,RFECA_SVR(k=5),EnsembleSoft,0.2,8,2,0.9222222222222223,0.9166666666666666,93,24,"{'Basal': 23, 'Her2': 11, 'LumA': 46, 'LumB': 13}","{'Basal': 6, 'Her2': 3, 'LumA': 11, 'LumB': 4}",4,False,1.0,1.0,1.0,0.8888888888888888,0.8,1.0,0.8,1.0,0.6666666666666666,1.0,1.0,1.0,18070
classification,RFECA_SVR(k=5),EnsembleSoft,0.2,8,3,0.9391304347826087,0.9166666666666666,94,23,"{'Basal': 23, 'Her2': 11, 'LumA': 46, 'LumB': 14}","{'Basal': 6, 'Her2': 3, 'LumA': 11, 'LumB': 3}",4,False,0.9565217391304348,0.9166666666666666,1.0,0.8,1.0,0.6666666666666666,1.0,1.0,1.0,1.0,1.0,1.0,18070
classification,RFECA_SVR(k=5),EnsembleSoft,0.2,8,4,0.8541666666666666,0.8541666666666666,94,23,"{'Basal': 23, 'Her2': 12, 'LumA': 45, 'LumB': 14}","{'Basal': 6, 'Her2': 2, 'LumA': 12, 'LumB': 3}",4,False,0.9166666666666666,0.9166666666666666,0.9166666666666666,1.0,1.0,1.0,0.5,0.5,0.5,1.0,1.0,1.0,18070
classification,RFECA_SVR(k=5),EnsembleSoft,0.2,8,5,0.8557692307692308,0.8333333333333334,94,23,"{'Basal': 24, 'Her2': 11, 'LumA': 45, 'LumB': 14}","{'Basal': 5, 'Her2': 3, 'LumA': 12, 'LumB': 3}",4,False,0.9230769230769231,0.8571428571428571,1.0,0.5,1.0,0.3333333333333333,1.0,1.0,1.0,1.0,1.0,1.0,18070
classification,RFECA_SVR(k=10),EnsembleSoft,0.2,8,1,0.9207251082251082,0.8958333333333334,93,24,"{'Basal': 23, 'Her2': 11, 'LumA': 46, 'LumB': 13}","{'Basal': 6, 'Her2': 3, 'LumA': 11, 'LumB': 4}",4,False,0.9166666666666666,0.8461538461538461,1.0,0.8571428571428571,1.0,0.75,1.0,1.0,1.0,0.9090909090909091,1.0,0.8333333333333334,18070
classification,RFECA_SVR(k=10),EnsembleSoft,0.2,8,2,0.9222222222222223,0.9166666666666666,93,24,"{'Basal': 23, 'Her2': 11, 'LumA': 46, 'LumB': 13}","{'Basal': 6, 'Her2': 3, 'LumA': 11, 'LumB': 4}",4,False,1.0,1.0,1.0,0.8888888888888888,0.8,1.0,0.8,1.0,0.6666666666666666,1.0,1.0,1.0,18070
classification,RFECA_SVR(k=10),EnsembleSoft,0.2,8,3,0.8791666666666667,0.8333333333333333,94,23,"{'Basal': 23, 'Her2': 11, 'LumA': 46, 'LumB': 14}","{'Basal': 6, 'Her2': 3, 'LumA': 11, 'LumB': 3}",4,False,0.9166666666666666,0.8461538461538461,1.0,0.8,1.0,0.6666666666666666,0.8,1.0,0.6666666666666666,1.0,1.0,1.0,18070
classification,RFECA_SVR(k=10),EnsembleSoft,0.2,8,4,0.8541666666666666,0.8541666666666666,94,23,"{'Basal': 23, 'Her2': 12, 'LumA': 45, 'LumB': 14}","{'Basal': 6, 'Her2': 2, 'LumA': 12, 'LumB': 3}",4,False,0.9166666666666666,0.9166666666666666,0.9166666666666666,1.0,1.0,1.0,0.5,0.5,0.5,1.0,1.0,1.0,18070
classification,RFECA_SVR(k=10),EnsembleSoft,0.2,8,5,0.8557692307692308,0.8333333333333334,94,23,"{'Basal': 24, 'Her2': 11, 'LumA': 45, 'LumB': 14}","{'Basal': 5, 'Her2': 3, 'LumA': 12, 'LumB': 3}",4,False,0.9230769230769231,0.8571428571428571,1.0,0.5,1.0,0.3333333333333333,1.0,1.0,1.0,1.0,1.0,1.0,18070
classification,RFECA_SVR(k=20),EnsembleSoft,0.2,8,1,0.8949745906267645,0.8958333333333334,93,24,"{'Basal': 23, 'Her2': 11, 'LumA': 46, 'LumB': 13}","{'Basal': 6, 'Her2': 3, 'LumA': 11, 'LumB': 4}",4,False,0.9565217391304348,0.9166666666666666,1.0,0.8571428571428571,1.0,0.75,0.8571428571428571,0.75,1.0,0.9090909090909091,1.0,0.8333333333333334,18070
classification,RFECA_SVR(k=20),EnsembleSoft,0.2,8,2,0.9222222222222223,0.9166666666666666,93,24,"{'Basal': 23, 'Her2': 11, 'LumA': 46, 'LumB': 13}","{'Basal': 6, 'Her2': 3, 'LumA': 11, 'LumB': 4}",4,False,1.0,1.0,1.0,0.8888888888888888,0.8,1.0,0.8,1.0,0.6666666666666666,1.0,1.0,1.0,18070
classification,RFECA_SVR(k=20),EnsembleSoft,0.2,8,3,0.8698996655518396,0.8333333333333333,94,23,"{'Basal': 23, 'Her2': 11, 'LumA': 46, 'LumB': 14}","{'Basal': 6, 'Her2': 3, 'LumA': 11, 'LumB': 3}",4,False,0.9565217391304348,0.9166666666666666,1.0,0.8,1.0,0.6666666666666666,0.8,1.0,0.6666666666666666,0.9230769230769231,0.8571428571428571,1.0,18070
classification,RFECA_SVR(k=20),EnsembleSoft,0.2,8,4,0.795,0.7708333333333333,94,23,"{'Basal': 23, 'Her2': 12, 'LumA': 45, 'LumB': 14}","{'Basal': 6, 'Her2': 2, 'LumA': 12, 'LumB': 3}",4,False,0.88,0.8461538461538461,0.9166666666666666,0.8,1.0,0.6666666666666666,0.5,0.5,0.5,1.0,1.0,1.0,18070
classification,RFECA_SVR(k=20),EnsembleSoft,0.2,8,5,0.8557692307692308,0.8333333333333334,94,23,"{'Basal': 24, 'Her2': 11, 'LumA': 45, 'LumB': 14}","{'Basal': 5, 'Her2': 3, 'LumA': 12, 'LumB': 3}",4,False,0.9230769230769231,0.8571428571428571,1.0,0.5,1.0,0.3333333333333333,1.0,1.0,1.0,1.0,1.0,1.0,18070
classification,MissForest,EnsembleSoft,0.2,8,1,0.8949745906267645,0.8958333333333334,93,24,"{'Basal': 23, 'Her2': 11, 'LumA': 46, 'LumB': 13}","{'Basal': 6, 'Her2': 3, 'LumA': 11, 'LumB': 4}",4,False,0.9565217391304348,0.9166666666666666,1.0,0.8571428571428571,1.0,0.75,0.8571428571428571,0.75,1.0,0.9090909090909091,1.0,0.8333333333333334,18070
classification,MissForest,EnsembleSoft,0.2,8,2,1.0,1.0,93,24,"{'Basal': 23, 'Her2': 11, 'LumA': 46, 'LumB': 13}","{'Basal': 6, 'Her2': 3, 'LumA': 11, 'LumB': 4}",4,False,1.0,1.0,1.0,1.0,1.0,1.0,1.0,1.0,1.0,1.0,1.0,1.0,18070
classification,MissForest,EnsembleSoft,0.2,8,3,1.0,1.0,94,23,"{'Basal': 23, 'Her2': 11, 'LumA': 46, 'LumB': 14}","{'Basal': 6, 'Her2': 3, 'LumA': 11, 'LumB': 3}",4,False,1.0,1.0,1.0,1.0,1.0,1.0,1.0,1.0,1.0,1.0,1.0,1.0,18070
classification,MissForest,EnsembleSoft,0.2,8,4,0.9391304347826087,0.9791666666666666,94,23,"{'Basal': 23, 'Her2': 12, 'LumA': 45, 'LumB': 14}","{'Basal': 6, 'Her2': 2, 'LumA': 12, 'LumB': 3}",4,False,0.9565217391304348,1.0,0.9166666666666666,1.0,1.0,1.0,0.8,0.6666666666666666,1.0,1.0,1.0,1.0,18070
classification,MissForest,EnsembleSoft,0.2,8,5,0.8557692307692308,0.8333333333333334,94,23,"{'Basal': 24, 'Her2': 11, 'LumA': 45, 'LumB': 14}","{'Basal': 5, 'Her2': 3, 'LumA': 12, 'LumB': 3}",4,False,0.9230769230769231,0.8571428571428571,1.0,0.5,1.0,0.3333333333333333,1.0,1.0,1.0,1.0,1.0,1.0,18070
classification,SimpleMean,EnsembleSoft,0.2,9,1,0.9058441558441558,0.9147727272727273,93,24,"{'Basal': 23, 'Her2': 11, 'LumA': 46, 'LumB': 13}","{'Basal': 6, 'Her2': 3, 'LumA': 11, 'LumB': 4}",4,False,0.9090909090909091,0.9090909090909091,0.9090909090909091,0.8571428571428571,1.0,0.75,0.8571428571428571,0.75,1.0,1.0,1.0,1.0,18071
classification,SimpleMean,EnsembleSoft,0.2,9,2,0.7807971014492754,0.7708333333333333,93,24,"{'Basal': 23, 'Her2': 11, 'LumA': 46, 'LumB': 13}","{'Basal': 6, 'Her2': 3, 'LumA': 11, 'LumB': 4}",4,False,0.9565217391304348,0.9166666666666666,1.0,0.6666666666666666,0.6,0.75,0.5,1.0,0.3333333333333333,1.0,1.0,1.0,18071
classification,SimpleMean,EnsembleSoft,0.2,9,3,0.8791666666666667,0.8333333333333333,94,23,"{'Basal': 23, 'Her2': 11, 'LumA': 46, 'LumB': 14}","{'Basal': 6, 'Her2': 3, 'LumA': 11, 'LumB': 3}",4,False,0.9166666666666666,0.8461538461538461,1.0,0.8,1.0,0.6666666666666666,0.8,1.0,0.6666666666666666,1.0,1.0,1.0,18071
classification,SimpleMean,EnsembleSoft,0.2,9,4,0.9066666666666666,0.875,94,23,"{'Basal': 23, 'Her2': 12, 'LumA': 45, 'LumB': 14}","{'Basal': 6, 'Her2': 2, 'LumA': 12, 'LumB': 3}",4,False,0.96,0.9230769230769231,1.0,1.0,1.0,1.0,0.6666666666666666,1.0,0.5,1.0,1.0,1.0,18071
classification,SimpleMean,EnsembleSoft,0.2,9,5,0.7972222222222223,0.75,94,23,"{'Basal': 24, 'Her2': 11, 'LumA': 45, 'LumB': 14}","{'Basal': 5, 'Her2': 3, 'LumA': 12, 'LumB': 3}",4,False,0.8888888888888888,0.8,1.0,0.5,1.0,0.3333333333333333,0.8,1.0,0.6666666666666666,1.0,1.0,1.0,18071
classification,"KNN(k=5,dist)",EnsembleSoft,0.2,9,1,0.8958333333333333,0.875,93,24,"{'Basal': 23, 'Her2': 11, 'LumA': 46, 'LumB': 13}","{'Basal': 6, 'Her2': 3, 'LumA': 11, 'LumB': 4}",4,False,0.9166666666666666,0.8461538461538461,1.0,0.6666666666666666,1.0,0.5,1.0,1.0,1.0,1.0,1.0,1.0,18071
classification,"KNN(k=5,dist)",EnsembleSoft,0.2,9,2,0.9222222222222223,0.9166666666666666,93,24,"{'Basal': 23, 'Her2': 11, 'LumA': 46, 'LumB': 13}","{'Basal': 6, 'Her2': 3, 'LumA': 11, 'LumB': 4}",4,False,1.0,1.0,1.0,0.8888888888888888,0.8,1.0,0.8,1.0,0.6666666666666666,1.0,1.0,1.0,18071
classification,"KNN(k=5,dist)",EnsembleSoft,0.2,9,3,0.9391304347826087,0.9166666666666666,94,23,"{'Basal': 23, 'Her2': 11, 'LumA': 46, 'LumB': 14}","{'Basal': 6, 'Her2': 3, 'LumA': 11, 'LumB': 3}",4,False,0.9565217391304348,0.9166666666666666,1.0,1.0,1.0,1.0,0.8,1.0,0.6666666666666666,1.0,1.0,1.0,18071
classification,"KNN(k=5,dist)",EnsembleSoft,0.2,9,4,1.0,1.0,94,23,"{'Basal': 23, 'Her2': 12, 'LumA': 45, 'LumB': 14}","{'Basal': 6, 'Her2': 2, 'LumA': 12, 'LumB': 3}",4,False,1.0,1.0,1.0,1.0,1.0,1.0,1.0,1.0,1.0,1.0,1.0,1.0,18071
classification,"KNN(k=5,dist)",EnsembleSoft,0.2,9,5,0.8557692307692308,0.8333333333333334,94,23,"{'Basal': 24, 'Her2': 11, 'LumA': 45, 'LumB': 14}","{'Basal': 5, 'Her2': 3, 'LumA': 12, 'LumB': 3}",4,False,0.9230769230769231,0.8571428571428571,1.0,0.5,1.0,0.3333333333333333,1.0,1.0,1.0,1.0,1.0,1.0,18071
classification,RFECA_SVR(k=5),EnsembleSoft,0.2,9,1,0.8949745906267645,0.8958333333333334,93,24,"{'Basal': 23, 'Her2': 11, 'LumA': 46, 'LumB': 13}","{'Basal': 6, 'Her2': 3, 'LumA': 11, 'LumB': 4}",4,False,0.9565217391304348,0.9166666666666666,1.0,0.8571428571428571,1.0,0.75,0.8571428571428571,0.75,1.0,0.9090909090909091,1.0,0.8333333333333334,18071
classification,RFECA_SVR(k=5),EnsembleSoft,0.2,9,2,0.8766304347826087,0.8541666666666666,93,24,"{'Basal': 23, 'Her2': 11, 'LumA': 46, 'LumB': 13}","{'Basal': 6, 'Her2': 3, 'LumA': 11, 'LumB': 4}",4,False,0.9565217391304348,0.9166666666666666,1.0,0.75,0.75,0.75,0.8,1.0,0.6666666666666666,1.0,1.0,1.0,18071
classification,RFECA_SVR(k=5),EnsembleSoft,0.2,9,3,0.9391304347826087,0.9166666666666666,94,23,"{'Basal': 23, 'Her2': 11, 'LumA': 46, 'LumB': 14}","{'Basal': 6, 'Her2': 3, 'LumA': 11, 'LumB': 3}",4,False,0.9565217391304348,0.9166666666666666,1.0,1.0,1.0,1.0,0.8,1.0,0.6666666666666666,1.0,1.0,1.0,18071
classification,RFECA_SVR(k=5),EnsembleSoft,0.2,9,4,0.8601190476190476,0.8541666666666666,94,23,"{'Basal': 23, 'Her2': 12, 'LumA': 45, 'LumB': 14}","{'Basal': 6, 'Her2': 2, 'LumA': 12, 'LumB': 3}",4,False,0.9166666666666666,0.9166666666666666,0.9166666666666666,0.8571428571428571,0.75,1.0,0.6666666666666666,1.0,0.5,1.0,1.0,1.0,18071
classification,RFECA_SVR(k=5),EnsembleSoft,0.2,9,5,0.8557692307692308,0.8333333333333334,94,23,"{'Basal': 24, 'Her2': 11, 'LumA': 45, 'LumB': 14}","{'Basal': 5, 'Her2': 3, 'LumA': 12, 'LumB': 3}",4,False,0.9230769230769231,0.8571428571428571,1.0,0.5,1.0,0.3333333333333333,1.0,1.0,1.0,1.0,1.0,1.0,18071
classification,RFECA_SVR(k=10),EnsembleSoft,0.2,9,1,0.8949745906267645,0.8958333333333334,93,24,"{'Basal': 23, 'Her2': 11, 'LumA': 46, 'LumB': 13}","{'Basal': 6, 'Her2': 3, 'LumA': 11, 'LumB': 4}",4,False,0.9565217391304348,0.9166666666666666,1.0,0.8571428571428571,1.0,0.75,0.8571428571428571,0.75,1.0,0.9090909090909091,1.0,0.8333333333333334,18071
classification,RFECA_SVR(k=10),EnsembleSoft,0.2,9,2,0.8766304347826087,0.8541666666666666,93,24,"{'Basal': 23, 'Her2': 11, 'LumA': 46, 'LumB': 13}","{'Basal': 6, 'Her2': 3, 'LumA': 11, 'LumB': 4}",4,False,0.9565217391304348,0.9166666666666666,1.0,0.75,0.75,0.75,0.8,1.0,0.6666666666666666,1.0,1.0,1.0,18071
classification,RFECA_SVR(k=10),EnsembleSoft,0.2,9,3,0.9391304347826087,0.9166666666666666,94,23,"{'Basal': 23, 'Her2': 11, 'LumA': 46, 'LumB': 14}","{'Basal': 6, 'Her2': 3, 'LumA': 11, 'LumB': 3}",4,False,0.9565217391304348,0.9166666666666666,1.0,1.0,1.0,1.0,0.8,1.0,0.6666666666666666,1.0,1.0,1.0,18071
classification,RFECA_SVR(k=10),EnsembleSoft,0.2,9,4,1.0,1.0,94,23,"{'Basal': 23, 'Her2': 12, 'LumA': 45, 'LumB': 14}","{'Basal': 6, 'Her2': 2, 'LumA': 12, 'LumB': 3}",4,False,1.0,1.0,1.0,1.0,1.0,1.0,1.0,1.0,1.0,1.0,1.0,1.0,18071
classification,RFECA_SVR(k=10),EnsembleSoft,0.2,9,5,0.8557692307692308,0.8333333333333334,94,23,"{'Basal': 24, 'Her2': 11, 'LumA': 45, 'LumB': 14}","{'Basal': 5, 'Her2': 3, 'LumA': 12, 'LumB': 3}",4,False,0.9230769230769231,0.8571428571428571,1.0,0.5,1.0,0.3333333333333333,1.0,1.0,1.0,1.0,1.0,1.0,18071
classification,RFECA_SVR(k=20),EnsembleSoft,0.2,9,1,0.8949745906267645,0.8958333333333334,93,24,"{'Basal': 23, 'Her2': 11, 'LumA': 46, 'LumB': 13}","{'Basal': 6, 'Her2': 3, 'LumA': 11, 'LumB': 4}",4,False,0.9565217391304348,0.9166666666666666,1.0,0.8571428571428571,1.0,0.75,0.8571428571428571,0.75,1.0,0.9090909090909091,1.0,0.8333333333333334,18071
classification,RFECA_SVR(k=20),EnsembleSoft,0.2,9,2,0.7807971014492754,0.7708333333333333,93,24,"{'Basal': 23, 'Her2': 11, 'LumA': 46, 'LumB': 13}","{'Basal': 6, 'Her2': 3, 'LumA': 11, 'LumB': 4}",4,False,0.9565217391304348,0.9166666666666666,1.0,0.6666666666666666,0.6,0.75,0.5,1.0,0.3333333333333333,1.0,1.0,1.0,18071
classification,RFECA_SVR(k=20),EnsembleSoft,0.2,9,3,0.9391304347826087,0.9166666666666666,94,23,"{'Basal': 23, 'Her2': 11, 'LumA': 46, 'LumB': 14}","{'Basal': 6, 'Her2': 3, 'LumA': 11, 'LumB': 3}",4,False,0.9565217391304348,0.9166666666666666,1.0,1.0,1.0,1.0,0.8,1.0,0.6666666666666666,1.0,1.0,1.0,18071
classification,RFECA_SVR(k=20),EnsembleSoft,0.2,9,4,0.8601190476190476,0.8541666666666666,94,23,"{'Basal': 23, 'Her2': 12, 'LumA': 45, 'LumB': 14}","{'Basal': 6, 'Her2': 2, 'LumA': 12, 'LumB': 3}",4,False,0.9166666666666666,0.9166666666666666,0.9166666666666666,0.8571428571428571,0.75,1.0,0.6666666666666666,1.0,0.5,1.0,1.0,1.0,18071
classification,RFECA_SVR(k=20),EnsembleSoft,0.2,9,5,0.8557692307692308,0.8333333333333334,94,23,"{'Basal': 24, 'Her2': 11, 'LumA': 45, 'LumB': 14}","{'Basal': 5, 'Her2': 3, 'LumA': 12, 'LumB': 3}",4,False,0.9230769230769231,0.8571428571428571,1.0,0.5,1.0,0.3333333333333333,1.0,1.0,1.0,1.0,1.0,1.0,18071
classification,MissForest,EnsembleSoft,0.2,9,1,0.8949745906267645,0.8958333333333334,93,24,"{'Basal': 23, 'Her2': 11, 'LumA': 46, 'LumB': 13}","{'Basal': 6, 'Her2': 3, 'LumA': 11, 'LumB': 4}",4,False,0.9565217391304348,0.9166666666666666,1.0,0.8571428571428571,1.0,0.75,0.8571428571428571,0.75,1.0,0.9090909090909091,1.0,0.8333333333333334,18071
classification,MissForest,EnsembleSoft,0.2,9,2,0.8766304347826087,0.8541666666666666,93,24,"{'Basal': 23, 'Her2': 11, 'LumA': 46, 'LumB': 13}","{'Basal': 6, 'Her2': 3, 'LumA': 11, 'LumB': 4}",4,False,0.9565217391304348,0.9166666666666666,1.0,0.75,0.75,0.75,0.8,1.0,0.6666666666666666,1.0,1.0,1.0,18071
classification,MissForest,EnsembleSoft,0.2,9,3,0.9391304347826087,0.9166666666666666,94,23,"{'Basal': 23, 'Her2': 11, 'LumA': 46, 'LumB': 14}","{'Basal': 6, 'Her2': 3, 'LumA': 11, 'LumB': 3}",4,False,0.9565217391304348,0.9166666666666666,1.0,1.0,1.0,1.0,0.8,1.0,0.6666666666666666,1.0,1.0,1.0,18071
classification,MissForest,EnsembleSoft,0.2,9,4,1.0,1.0,94,23,"{'Basal': 23, 'Her2': 12, 'LumA': 45, 'LumB': 14}","{'Basal': 6, 'Her2': 2, 'LumA': 12, 'LumB': 3}",4,False,1.0,1.0,1.0,1.0,1.0,1.0,1.0,1.0,1.0,1.0,1.0,1.0,18071
classification,MissForest,EnsembleSoft,0.2,9,5,0.8557692307692308,0.8333333333333334,94,23,"{'Basal': 24, 'Her2': 11, 'LumA': 45, 'LumB': 14}","{'Basal': 5, 'Her2': 3, 'LumA': 12, 'LumB': 3}",4,False,0.9230769230769231,0.8571428571428571,1.0,0.5,1.0,0.3333333333333333,1.0,1.0,1.0,1.0,1.0,1.0,18071
classification,SimpleMean,EnsembleSoft,0.3,0,1,0.8949745906267645,0.8958333333333334,93,24,"{'Basal': 23, 'Her2': 11, 'LumA': 46, 'LumB': 13}","{'Basal': 6, 'Her2': 3, 'LumA': 11, 'LumB': 4}",4,False,0.9565217391304348,0.9166666666666666,1.0,0.8571428571428571,1.0,0.75,0.8571428571428571,0.75,1.0,0.9090909090909091,1.0,0.8333333333333334,18072
classification,SimpleMean,EnsembleSoft,0.3,0,2,0.8934523809523809,0.8541666666666666,93,24,"{'Basal': 23, 'Her2': 11, 'LumA': 46, 'LumB': 13}","{'Basal': 6, 'Her2': 3, 'LumA': 11, 'LumB': 4}",4,False,0.9166666666666666,0.8461538461538461,1.0,0.8571428571428571,1.0,0.75,0.8,1.0,0.6666666666666666,1.0,1.0,1.0,18072
classification,SimpleMean,EnsembleSoft,0.3,0,3,0.795,0.7499999999999999,94,23,"{'Basal': 23, 'Her2': 11, 'LumA': 46, 'LumB': 14}","{'Basal': 6, 'Her2': 3, 'LumA': 11, 'LumB': 3}",4,False,0.88,0.7857142857142857,1.0,0.8,1.0,0.6666666666666666,0.5,1.0,0.3333333333333333,1.0,1.0,1.0,18072
classification,SimpleMean,EnsembleSoft,0.3,0,4,0.8601190476190476,0.8541666666666666,94,23,"{'Basal': 23, 'Her2': 12, 'LumA': 45, 'LumB': 14}","{'Basal': 6, 'Her2': 2, 'LumA': 12, 'LumB': 3}",4,False,0.9166666666666666,0.9166666666666666,0.9166666666666666,0.8571428571428571,0.75,1.0,0.6666666666666666,1.0,0.5,1.0,1.0,1.0,18072
classification,SimpleMean,EnsembleSoft,0.3,0,5,0.7972222222222223,0.75,94,23,"{'Basal': 24, 'Her2': 11, 'LumA': 45, 'LumB': 14}","{'Basal': 5, 'Her2': 3, 'LumA': 12, 'LumB': 3}",4,False,0.8888888888888888,0.8,1.0,0.5,1.0,0.3333333333333333,0.8,1.0,0.6666666666666666,1.0,1.0,1.0,18072
classification,"KNN(k=5,dist)",EnsembleSoft,0.3,0,1,0.9415584415584416,0.9583333333333334,93,24,"{'Basal': 23, 'Her2': 11, 'LumA': 46, 'LumB': 13}","{'Basal': 6, 'Her2': 3, 'LumA': 11, 'LumB': 4}",4,False,1.0,1.0,1.0,1.0,1.0,1.0,0.8571428571428571,0.75,1.0,0.9090909090909091,1.0,0.8333333333333334,18072
classification,"KNN(k=5,dist)",EnsembleSoft,0.3,0,2,0.9222222222222223,0.9166666666666666,93,24,"{'Basal': 23, 'Her2': 11, 'LumA': 46, 'LumB': 13}","{'Basal': 6, 'Her2': 3, 'LumA': 11, 'LumB': 4}",4,False,1.0,1.0,1.0,0.8888888888888888,0.8,1.0,0.8,1.0,0.6666666666666666,1.0,1.0,1.0,18072
classification,"KNN(k=5,dist)",EnsembleSoft,0.3,0,3,0.8448996655518395,0.8333333333333333,94,23,"{'Basal': 23, 'Her2': 11, 'LumA': 46, 'LumB': 14}","{'Basal': 6, 'Her2': 3, 'LumA': 11, 'LumB': 3}",4,False,0.9565217391304348,0.9166666666666666,1.0,1.0,1.0,1.0,0.5,1.0,0.3333333333333333,0.9230769230769231,0.8571428571428571,1.0,18072
classification,"KNN(k=5,dist)",EnsembleSoft,0.3,0,4,0.9066666666666666,0.875,94,23,"{'Basal': 23, 'Her2': 12, 'LumA': 45, 'LumB': 14}","{'Basal': 6, 'Her2': 2, 'LumA': 12, 'LumB': 3}",4,False,0.96,0.9230769230769231,1.0,1.0,1.0,1.0,0.6666666666666666,1.0,0.5,1.0,1.0,1.0,18072
classification,"KNN(k=5,dist)",EnsembleSoft,0.3,0,5,0.8557692307692308,0.8333333333333334,94,23,"{'Basal': 24, 'Her2': 11, 'LumA': 45, 'LumB': 14}","{'Basal': 5, 'Her2': 3, 'LumA': 12, 'LumB': 3}",4,False,0.9230769230769231,0.8571428571428571,1.0,0.5,1.0,0.3333333333333333,1.0,1.0,1.0,1.0,1.0,1.0,18072
classification,RFECA_SVR(k=5),EnsembleSoft,0.3,0,1,0.8949745906267645,0.8958333333333334,93,24,"{'Basal': 23, 'Her2': 11, 'LumA': 46, 'LumB': 13}","{'Basal': 6, 'Her2': 3, 'LumA': 11, 'LumB': 4}",4,False,0.9565217391304348,0.9166666666666666,1.0,0.8571428571428571,1.0,0.75,0.8571428571428571,0.75,1.0,0.9090909090909091,1.0,0.8333333333333334,18072
classification,RFECA_SVR(k=5),EnsembleSoft,0.3,0,2,1.0,1.0,93,24,"{'Basal': 23, 'Her2': 11, 'LumA': 46, 'LumB': 13}","{'Basal': 6, 'Her2': 3, 'LumA': 11, 'LumB': 4}",4,False,1.0,1.0,1.0,1.0,1.0,1.0,1.0,1.0,1.0,1.0,1.0,1.0,18072
classification,RFECA_SVR(k=5),EnsembleSoft,0.3,0,3,0.9391304347826087,0.9166666666666666,94,23,"{'Basal': 23, 'Her2': 11, 'LumA': 46, 'LumB': 14}","{'Basal': 6, 'Her2': 3, 'LumA': 11, 'LumB': 3}",4,False,0.9565217391304348,0.9166666666666666,1.0,1.0,1.0,1.0,0.8,1.0,0.6666666666666666,1.0,1.0,1.0,18072
classification,RFECA_SVR(k=5),EnsembleSoft,0.3,0,4,0.8601190476190476,0.8541666666666666,94,23,"{'Basal': 23, 'Her2': 12, 'LumA': 45, 'LumB': 14}","{'Basal': 6, 'Her2': 2, 'LumA': 12, 'LumB': 3}",4,False,0.9166666666666666,0.9166666666666666,0.9166666666666666,0.8571428571428571,0.75,1.0,0.6666666666666666,1.0,0.5,1.0,1.0,1.0,18072
classification,RFECA_SVR(k=5),EnsembleSoft,0.3,0,5,0.8557692307692308,0.8333333333333334,94,23,"{'Basal': 24, 'Her2': 11, 'LumA': 45, 'LumB': 14}","{'Basal': 5, 'Her2': 3, 'LumA': 12, 'LumB': 3}",4,False,0.9230769230769231,0.8571428571428571,1.0,0.5,1.0,0.3333333333333333,1.0,1.0,1.0,1.0,1.0,1.0,18072
classification,RFECA_SVR(k=10),EnsembleSoft,0.3,0,1,0.8949745906267645,0.8958333333333334,93,24,"{'Basal': 23, 'Her2': 11, 'LumA': 46, 'LumB': 13}","{'Basal': 6, 'Her2': 3, 'LumA': 11, 'LumB': 4}",4,False,0.9565217391304348,0.9166666666666666,1.0,0.8571428571428571,1.0,0.75,0.8571428571428571,0.75,1.0,0.9090909090909091,1.0,0.8333333333333334,18072
classification,RFECA_SVR(k=10),EnsembleSoft,0.3,0,2,0.825,0.8333333333333333,93,24,"{'Basal': 23, 'Her2': 11, 'LumA': 46, 'LumB': 13}","{'Basal': 6, 'Her2': 3, 'LumA': 11, 'LumB': 4}",4,False,1.0,1.0,1.0,0.8,0.6666666666666666,1.0,0.5,1.0,0.3333333333333333,1.0,1.0,1.0,18072
classification,RFECA_SVR(k=10),EnsembleSoft,0.3,0,3,0.8448996655518395,0.8333333333333333,94,23,"{'Basal': 23, 'Her2': 11, 'LumA': 46, 'LumB': 14}","{'Basal': 6, 'Her2': 3, 'LumA': 11, 'LumB': 3}",4,False,0.9565217391304348,0.9166666666666666,1.0,1.0,1.0,1.0,0.5,1.0,0.3333333333333333,0.9230769230769231,0.8571428571428571,1.0,18072
classification,RFECA_SVR(k=10),EnsembleSoft,0.3,0,4,0.8601190476190476,0.8541666666666666,94,23,"{'Basal': 23, 'Her2': 12, 'LumA': 45, 'LumB': 14}","{'Basal': 6, 'Her2': 2, 'LumA': 12, 'LumB': 3}",4,False,0.9166666666666666,0.9166666666666666,0.9166666666666666,0.8571428571428571,0.75,1.0,0.6666666666666666,1.0,0.5,1.0,1.0,1.0,18072
classification,RFECA_SVR(k=10),EnsembleSoft,0.3,0,5,0.8200000000000001,0.8125,94,23,"{'Basal': 24, 'Her2': 11, 'LumA': 45, 'LumB': 14}","{'Basal': 5, 'Her2': 3, 'LumA': 12, 'LumB': 3}",4,False,0.88,0.8461538461538461,0.9166666666666666,0.4,0.5,0.3333333333333333,1.0,1.0,1.0,1.0,1.0,1.0,18072
classification,RFECA_SVR(k=20),EnsembleSoft,0.3,0,1,0.8563311688311689,0.8731060606060607,93,24,"{'Basal': 23, 'Her2': 11, 'LumA': 46, 'LumB': 13}","{'Basal': 6, 'Her2': 3, 'LumA': 11, 'LumB': 4}",4,False,0.9090909090909091,0.9090909090909091,0.9090909090909091,0.75,0.75,0.75,0.8571428571428571,0.75,1.0,0.9090909090909091,1.0,0.8333333333333334,18072
classification,RFECA_SVR(k=20),EnsembleSoft,0.3,0,2,0.953416149068323,0.9375,93,24,"{'Basal': 23, 'Her2': 11, 'LumA': 46, 'LumB': 13}","{'Basal': 6, 'Her2': 3, 'LumA': 11, 'LumB': 4}",4,False,0.9565217391304348,0.9166666666666666,1.0,0.8571428571428571,1.0,0.75,1.0,1.0,1.0,1.0,1.0,1.0,18072
classification,RFECA_SVR(k=20),EnsembleSoft,0.3,0,3,0.8541666666666666,0.8333333333333333,94,23,"{'Basal': 23, 'Her2': 11, 'LumA': 46, 'LumB': 14}","{'Basal': 6, 'Her2': 3, 'LumA': 11, 'LumB': 3}",4,False,0.9166666666666666,0.8461538461538461,1.0,1.0,1.0,1.0,0.5,1.0,0.3333333333333333,1.0,1.0,1.0,18072
classification,RFECA_SVR(k=20),EnsembleSoft,0.3,0,4,1.0,1.0,94,23,"{'Basal': 23, 'Her2': 12, 'LumA': 45, 'LumB': 14}","{'Basal': 6, 'Her2': 2, 'LumA': 12, 'LumB': 3}",4,False,1.0,1.0,1.0,1.0,1.0,1.0,1.0,1.0,1.0,1.0,1.0,1.0,18072
classification,RFECA_SVR(k=20),EnsembleSoft,0.3,0,5,0.7830419580419581,0.75,94,23,"{'Basal': 24, 'Her2': 11, 'LumA': 45, 'LumB': 14}","{'Basal': 5, 'Her2': 3, 'LumA': 12, 'LumB': 3}",4,False,0.9230769230769231,0.8571428571428571,1.0,0.5,1.0,0.3333333333333333,0.8,1.0,0.6666666666666666,0.9090909090909091,0.8333333333333334,1.0,18072
classification,MissForest,EnsembleSoft,0.3,0,1,0.8373917748917749,0.8333333333333334,93,24,"{'Basal': 23, 'Her2': 11, 'LumA': 46, 'LumB': 13}","{'Basal': 6, 'Her2': 3, 'LumA': 11, 'LumB': 4}",4,False,0.9166666666666666,0.8461538461538461,1.0,0.6666666666666666,1.0,0.5,0.8571428571428571,0.75,1.0,0.9090909090909091,1.0,0.8333333333333334,18072
classification,MissForest,EnsembleSoft,0.3,0,2,1.0,1.0,93,24,"{'Basal': 23, 'Her2': 11, 'LumA': 46, 'LumB': 13}","{'Basal': 6, 'Her2': 3, 'LumA': 11, 'LumB': 4}",4,False,1.0,1.0,1.0,1.0,1.0,1.0,1.0,1.0,1.0,1.0,1.0,1.0,18072
classification,MissForest,EnsembleSoft,0.3,0,3,0.8448996655518395,0.8333333333333333,94,23,"{'Basal': 23, 'Her2': 11, 'LumA': 46, 'LumB': 14}","{'Basal': 6, 'Her2': 3, 'LumA': 11, 'LumB': 3}",4,False,0.9565217391304348,0.9166666666666666,1.0,1.0,1.0,1.0,0.5,1.0,0.3333333333333333,0.9230769230769231,0.8571428571428571,1.0,18072
classification,MissForest,EnsembleSoft,0.3,0,4,0.8601190476190476,0.8541666666666666,94,23,"{'Basal': 23, 'Her2': 12, 'LumA': 45, 'LumB': 14}","{'Basal': 6, 'Her2': 2, 'LumA': 12, 'LumB': 3}",4,False,0.9166666666666666,0.9166666666666666,0.9166666666666666,0.8571428571428571,0.75,1.0,0.6666666666666666,1.0,0.5,1.0,1.0,1.0,18072
classification,MissForest,EnsembleSoft,0.3,0,5,0.8557692307692308,0.8333333333333334,94,23,"{'Basal': 24, 'Her2': 11, 'LumA': 45, 'LumB': 14}","{'Basal': 5, 'Her2': 3, 'LumA': 12, 'LumB': 3}",4,False,0.9230769230769231,0.8571428571428571,1.0,0.5,1.0,0.3333333333333333,1.0,1.0,1.0,1.0,1.0,1.0,18072
classification,SimpleMean,EnsembleSoft,0.3,1,1,0.9207251082251082,0.8958333333333334,93,24,"{'Basal': 23, 'Her2': 11, 'LumA': 46, 'LumB': 13}","{'Basal': 6, 'Her2': 3, 'LumA': 11, 'LumB': 4}",4,False,0.9166666666666666,0.8461538461538461,1.0,0.8571428571428571,1.0,0.75,1.0,1.0,1.0,0.9090909090909091,1.0,0.8333333333333334,18073
classification,SimpleMean,EnsembleSoft,0.3,1,2,0.9222222222222223,0.9166666666666666,93,24,"{'Basal': 23, 'Her2': 11, 'LumA': 46, 'LumB': 13}","{'Basal': 6, 'Her2': 3, 'LumA': 11, 'LumB': 4}",4,False,1.0,1.0,1.0,0.8888888888888888,0.8,1.0,0.8,1.0,0.6666666666666666,1.0,1.0,1.0,18073
classification,SimpleMean,EnsembleSoft,0.3,1,3,0.8541666666666666,0.8333333333333333,94,23,"{'Basal': 23, 'Her2': 11, 'LumA': 46, 'LumB': 14}","{'Basal': 6, 'Her2': 3, 'LumA': 11, 'LumB': 3}",4,False,0.9166666666666666,0.8461538461538461,1.0,1.0,1.0,1.0,0.5,1.0,0.3333333333333333,1.0,1.0,1.0,18073
classification,SimpleMean,EnsembleSoft,0.3,1,4,0.9066666666666666,0.875,94,23,"{'Basal': 23, 'Her2': 12, 'LumA': 45, 'LumB': 14}","{'Basal': 6, 'Her2': 2, 'LumA': 12, 'LumB': 3}",4,False,0.96,0.9230769230769231,1.0,1.0,1.0,1.0,0.6666666666666666,1.0,0.5,1.0,1.0,1.0,18073
classification,SimpleMean,EnsembleSoft,0.3,1,5,0.8557692307692308,0.8333333333333334,94,23,"{'Basal': 24, 'Her2': 11, 'LumA': 45, 'LumB': 14}","{'Basal': 5, 'Her2': 3, 'LumA': 12, 'LumB': 3}",4,False,0.9230769230769231,0.8571428571428571,1.0,0.5,1.0,0.3333333333333333,1.0,1.0,1.0,1.0,1.0,1.0,18073
classification,"KNN(k=5,dist)",EnsembleSoft,0.3,1,1,0.8949745906267645,0.8958333333333334,93,24,"{'Basal': 23, 'Her2': 11, 'LumA': 46, 'LumB': 13}","{'Basal': 6, 'Her2': 3, 'LumA': 11, 'LumB': 4}",4,False,0.9565217391304348,0.9166666666666666,1.0,0.8571428571428571,1.0,0.75,0.8571428571428571,0.75,1.0,0.9090909090909091,1.0,0.8333333333333334,18073
classification,"KNN(k=5,dist)",EnsembleSoft,0.3,1,2,0.9222222222222223,0.9166666666666666,93,24,"{'Basal': 23, 'Her2': 11, 'LumA': 46, 'LumB': 13}","{'Basal': 6, 'Her2': 3, 'LumA': 11, 'LumB': 4}",4,False,1.0,1.0,1.0,0.8888888888888888,0.8,1.0,0.8,1.0,0.6666666666666666,1.0,1.0,1.0,18073
classification,"KNN(k=5,dist)",EnsembleSoft,0.3,1,3,1.0,1.0,94,23,"{'Basal': 23, 'Her2': 11, 'LumA': 46, 'LumB': 14}","{'Basal': 6, 'Her2': 3, 'LumA': 11, 'LumB': 3}",4,False,1.0,1.0,1.0,1.0,1.0,1.0,1.0,1.0,1.0,1.0,1.0,1.0,18073
classification,"KNN(k=5,dist)",EnsembleSoft,0.3,1,4,0.9066666666666666,0.875,94,23,"{'Basal': 23, 'Her2': 12, 'LumA': 45, 'LumB': 14}","{'Basal': 6, 'Her2': 2, 'LumA': 12, 'LumB': 3}",4,False,0.96,0.9230769230769231,1.0,1.0,1.0,1.0,0.6666666666666666,1.0,0.5,1.0,1.0,1.0,18073
classification,"KNN(k=5,dist)",EnsembleSoft,0.3,1,5,0.8557692307692308,0.8333333333333334,94,23,"{'Basal': 24, 'Her2': 11, 'LumA': 45, 'LumB': 14}","{'Basal': 5, 'Her2': 3, 'LumA': 12, 'LumB': 3}",4,False,0.9230769230769231,0.8571428571428571,1.0,0.5,1.0,0.3333333333333333,1.0,1.0,1.0,1.0,1.0,1.0,18073
classification,RFECA_SVR(k=5),EnsembleSoft,0.3,1,1,0.8958333333333333,0.875,93,24,"{'Basal': 23, 'Her2': 11, 'LumA': 46, 'LumB': 13}","{'Basal': 6, 'Her2': 3, 'LumA': 11, 'LumB': 4}",4,False,0.9166666666666666,0.8461538461538461,1.0,0.6666666666666666,1.0,0.5,1.0,1.0,1.0,1.0,1.0,1.0,18073
classification,RFECA_SVR(k=5),EnsembleSoft,0.3,1,2,0.9222222222222223,0.9166666666666666,93,24,"{'Basal': 23, 'Her2': 11, 'LumA': 46, 'LumB': 13}","{'Basal': 6, 'Her2': 3, 'LumA': 11, 'LumB': 4}",4,False,1.0,1.0,1.0,0.8888888888888888,0.8,1.0,0.8,1.0,0.6666666666666666,1.0,1.0,1.0,18073
classification,RFECA_SVR(k=5),EnsembleSoft,0.3,1,3,0.9391304347826087,0.9166666666666666,94,23,"{'Basal': 23, 'Her2': 11, 'LumA': 46, 'LumB': 14}","{'Basal': 6, 'Her2': 3, 'LumA': 11, 'LumB': 3}",4,False,0.9565217391304348,0.9166666666666666,1.0,1.0,1.0,1.0,0.8,1.0,0.6666666666666666,1.0,1.0,1.0,18073
classification,RFECA_SVR(k=5),EnsembleSoft,0.3,1,4,1.0,1.0,94,23,"{'Basal': 23, 'Her2': 12, 'LumA': 45, 'LumB': 14}","{'Basal': 6, 'Her2': 2, 'LumA': 12, 'LumB': 3}",4,False,1.0,1.0,1.0,1.0,1.0,1.0,1.0,1.0,1.0,1.0,1.0,1.0,18073
classification,RFECA_SVR(k=5),EnsembleSoft,0.3,1,5,0.8557692307692308,0.8333333333333334,94,23,"{'Basal': 24, 'Her2': 11, 'LumA': 45, 'LumB': 14}","{'Basal': 5, 'Her2': 3, 'LumA': 12, 'LumB': 3}",4,False,0.9230769230769231,0.8571428571428571,1.0,0.5,1.0,0.3333333333333333,1.0,1.0,1.0,1.0,1.0,1.0,18073
classification,RFECA_SVR(k=10),EnsembleSoft,0.3,1,1,0.8373917748917749,0.8333333333333334,93,24,"{'Basal': 23, 'Her2': 11, 'LumA': 46, 'LumB': 13}","{'Basal': 6, 'Her2': 3, 'LumA': 11, 'LumB': 4}",4,False,0.9166666666666666,0.8461538461538461,1.0,0.6666666666666666,1.0,0.5,0.8571428571428571,0.75,1.0,0.9090909090909091,1.0,0.8333333333333334,18073
classification,RFECA_SVR(k=10),EnsembleSoft,0.3,1,2,0.9222222222222223,0.9166666666666666,93,24,"{'Basal': 23, 'Her2': 11, 'LumA': 46, 'LumB': 13}","{'Basal': 6, 'Her2': 3, 'LumA': 11, 'LumB': 4}",4,False,1.0,1.0,1.0,0.8888888888888888,0.8,1.0,0.8,1.0,0.6666666666666666,1.0,1.0,1.0,18073
classification,RFECA_SVR(k=10),EnsembleSoft,0.3,1,3,0.9391304347826087,0.9166666666666666,94,23,"{'Basal': 23, 'Her2': 11, 'LumA': 46, 'LumB': 14}","{'Basal': 6, 'Her2': 3, 'LumA': 11, 'LumB': 3}",4,False,0.9565217391304348,0.9166666666666666,1.0,1.0,1.0,1.0,0.8,1.0,0.6666666666666666,1.0,1.0,1.0,18073
classification,RFECA_SVR(k=10),EnsembleSoft,0.3,1,4,0.9391304347826087,0.9791666666666666,94,23,"{'Basal': 23, 'Her2': 12, 'LumA': 45, 'LumB': 14}","{'Basal': 6, 'Her2': 2, 'LumA': 12, 'LumB': 3}",4,False,0.9565217391304348,1.0,0.9166666666666666,1.0,1.0,1.0,0.8,0.6666666666666666,1.0,1.0,1.0,1.0,18073
classification,RFECA_SVR(k=10),EnsembleSoft,0.3,1,5,0.8557692307692308,0.8333333333333334,94,23,"{'Basal': 24, 'Her2': 11, 'LumA': 45, 'LumB': 14}","{'Basal': 5, 'Her2': 3, 'LumA': 12, 'LumB': 3}",4,False,0.9230769230769231,0.8571428571428571,1.0,0.5,1.0,0.3333333333333333,1.0,1.0,1.0,1.0,1.0,1.0,18073
classification,RFECA_SVR(k=20),EnsembleSoft,0.3,1,1,0.8373917748917749,0.8333333333333334,93,24,"{'Basal': 23, 'Her2': 11, 'LumA': 46, 'LumB': 13}","{'Basal': 6, 'Her2': 3, 'LumA': 11, 'LumB': 4}",4,False,0.9166666666666666,0.8461538461538461,1.0,0.6666666666666666,1.0,0.5,0.8571428571428571,0.75,1.0,0.9090909090909091,1.0,0.8333333333333334,18073
classification,RFECA_SVR(k=20),EnsembleSoft,0.3,1,2,0.9222222222222223,0.9166666666666666,93,24,"{'Basal': 23, 'Her2': 11, 'LumA': 46, 'LumB': 13}","{'Basal': 6, 'Her2': 3, 'LumA': 11, 'LumB': 4}",4,False,1.0,1.0,1.0,0.8888888888888888,0.8,1.0,0.8,1.0,0.6666666666666666,1.0,1.0,1.0,18073
classification,RFECA_SVR(k=20),EnsembleSoft,0.3,1,3,0.9391304347826087,0.9166666666666666,94,23,"{'Basal': 23, 'Her2': 11, 'LumA': 46, 'LumB': 14}","{'Basal': 6, 'Her2': 3, 'LumA': 11, 'LumB': 3}",4,False,0.9565217391304348,0.9166666666666666,1.0,1.0,1.0,1.0,0.8,1.0,0.6666666666666666,1.0,1.0,1.0,18073
classification,RFECA_SVR(k=20),EnsembleSoft,0.3,1,4,0.8215579710144927,0.8333333333333334,94,23,"{'Basal': 23, 'Her2': 12, 'LumA': 45, 'LumB': 14}","{'Basal': 6, 'Her2': 2, 'LumA': 12, 'LumB': 3}",4,False,0.8695652173913043,0.9090909090909091,0.8333333333333334,0.75,0.6,1.0,0.6666666666666666,1.0,0.5,1.0,1.0,1.0,18073
classification,RFECA_SVR(k=20),EnsembleSoft,0.3,1,5,0.7830419580419581,0.75,94,23,"{'Basal': 24, 'Her2': 11, 'LumA': 45, 'LumB': 14}","{'Basal': 5, 'Her2': 3, 'LumA': 12, 'LumB': 3}",4,False,0.9230769230769231,0.8571428571428571,1.0,0.5,1.0,0.3333333333333333,0.8,1.0,0.6666666666666666,0.9090909090909091,0.8333333333333334,1.0,18073
classification,MissForest,EnsembleSoft,0.3,1,1,0.8373917748917749,0.8333333333333334,93,24,"{'Basal': 23, 'Her2': 11, 'LumA': 46, 'LumB': 13}","{'Basal': 6, 'Her2': 3, 'LumA': 11, 'LumB': 4}",4,False,0.9166666666666666,0.8461538461538461,1.0,0.6666666666666666,1.0,0.5,0.8571428571428571,0.75,1.0,0.9090909090909091,1.0,0.8333333333333334,18073
classification,MissForest,EnsembleSoft,0.3,1,2,0.9222222222222223,0.9166666666666666,93,24,"{'Basal': 23, 'Her2': 11, 'LumA': 46, 'LumB': 13}","{'Basal': 6, 'Her2': 3, 'LumA': 11, 'LumB': 4}",4,False,1.0,1.0,1.0,0.8888888888888888,0.8,1.0,0.8,1.0,0.6666666666666666,1.0,1.0,1.0,18073
classification,MissForest,EnsembleSoft,0.3,1,3,0.9391304347826087,0.9166666666666666,94,23,"{'Basal': 23, 'Her2': 11, 'LumA': 46, 'LumB': 14}","{'Basal': 6, 'Her2': 3, 'LumA': 11, 'LumB': 3}",4,False,0.9565217391304348,0.9166666666666666,1.0,1.0,1.0,1.0,0.8,1.0,0.6666666666666666,1.0,1.0,1.0,18073
classification,MissForest,EnsembleSoft,0.3,1,4,1.0,1.0,94,23,"{'Basal': 23, 'Her2': 12, 'LumA': 45, 'LumB': 14}","{'Basal': 6, 'Her2': 2, 'LumA': 12, 'LumB': 3}",4,False,1.0,1.0,1.0,1.0,1.0,1.0,1.0,1.0,1.0,1.0,1.0,1.0,18073
classification,MissForest,EnsembleSoft,0.3,1,5,0.8557692307692308,0.8333333333333334,94,23,"{'Basal': 24, 'Her2': 11, 'LumA': 45, 'LumB': 14}","{'Basal': 5, 'Her2': 3, 'LumA': 12, 'LumB': 3}",4,False,0.9230769230769231,0.8571428571428571,1.0,0.5,1.0,0.3333333333333333,1.0,1.0,1.0,1.0,1.0,1.0,18073
classification,SimpleMean,EnsembleSoft,0.3,2,1,0.8949745906267645,0.8958333333333334,93,24,"{'Basal': 23, 'Her2': 11, 'LumA': 46, 'LumB': 13}","{'Basal': 6, 'Her2': 3, 'LumA': 11, 'LumB': 4}",4,False,0.9565217391304348,0.9166666666666666,1.0,0.8571428571428571,1.0,0.75,0.8571428571428571,0.75,1.0,0.9090909090909091,1.0,0.8333333333333334,18074
classification,SimpleMean,EnsembleSoft,0.3,2,2,0.8766304347826087,0.8541666666666666,93,24,"{'Basal': 23, 'Her2': 11, 'LumA': 46, 'LumB': 13}","{'Basal': 6, 'Her2': 3, 'LumA': 11, 'LumB': 4}",4,False,0.9565217391304348,0.9166666666666666,1.0,0.75,0.75,0.75,0.8,1.0,0.6666666666666666,1.0,1.0,1.0,18074
classification,SimpleMean,EnsembleSoft,0.3,2,3,0.7849358974358975,0.7499999999999999,94,23,"{'Basal': 23, 'Her2': 11, 'LumA': 46, 'LumB': 14}","{'Basal': 6, 'Her2': 3, 'LumA': 11, 'LumB': 3}",4,False,0.9166666666666666,0.8461538461538461,1.0,0.8,1.0,0.6666666666666666,0.5,1.0,0.3333333333333333,0.9230769230769231,0.8571428571428571,1.0,18074
classification,SimpleMean,EnsembleSoft,0.3,2,4,0.8541666666666666,0.8541666666666666,94,23,"{'Basal': 23, 'Her2': 12, 'LumA': 45, 'LumB': 14}","{'Basal': 6, 'Her2': 2, 'LumA': 12, 'LumB': 3}",4,False,0.9166666666666666,0.9166666666666666,0.9166666666666666,1.0,1.0,1.0,0.5,0.5,0.5,1.0,1.0,1.0,18074
classification,SimpleMean,EnsembleSoft,0.3,2,5,0.7972222222222223,0.75,94,23,"{'Basal': 24, 'Her2': 11, 'LumA': 45, 'LumB': 14}","{'Basal': 5, 'Her2': 3, 'LumA': 12, 'LumB': 3}",4,False,0.8888888888888888,0.8,1.0,0.5,1.0,0.3333333333333333,0.8,1.0,0.6666666666666666,1.0,1.0,1.0,18074
classification,"KNN(k=5,dist)",EnsembleSoft,0.3,2,1,0.828416149068323,0.8125,93,24,"{'Basal': 23, 'Her2': 11, 'LumA': 46, 'LumB': 13}","{'Basal': 6, 'Her2': 3, 'LumA': 11, 'LumB': 4}",4,False,0.9565217391304348,0.9166666666666666,1.0,0.8571428571428571,1.0,0.75,0.6666666666666666,0.6666666666666666,0.6666666666666666,0.8333333333333334,0.8333333333333334,0.8333333333333334,18074
classification,"KNN(k=5,dist)",EnsembleSoft,0.3,2,2,0.7291666666666666,0.7083333333333333,93,24,"{'Basal': 23, 'Her2': 11, 'LumA': 46, 'LumB': 13}","{'Basal': 6, 'Her2': 3, 'LumA': 11, 'LumB': 4}",4,False,0.9166666666666666,0.8461538461538461,1.0,0.5,0.5,0.5,0.5,1.0,0.3333333333333333,1.0,1.0,1.0,18074
classification,"KNN(k=5,dist)",EnsembleSoft,0.3,2,3,0.8474358974358975,0.8333333333333333,94,23,"{'Basal': 23, 'Her2': 11, 'LumA': 46, 'LumB': 14}","{'Basal': 6, 'Her2': 3, 'LumA': 11, 'LumB': 3}",4,False,1.0,1.0,1.0,0.8,1.0,0.6666666666666666,0.6666666666666666,0.6666666666666666,0.6666666666666666,0.9230769230769231,0.8571428571428571,1.0,18074
classification,"KNN(k=5,dist)",EnsembleSoft,0.3,2,4,0.8541666666666666,0.8541666666666666,94,23,"{'Basal': 23, 'Her2': 12, 'LumA': 45, 'LumB': 14}","{'Basal': 6, 'Her2': 2, 'LumA': 12, 'LumB': 3}",4,False,0.9166666666666666,0.9166666666666666,0.9166666666666666,1.0,1.0,1.0,0.5,0.5,0.5,1.0,1.0,1.0,18074
classification,"KNN(k=5,dist)",EnsembleSoft,0.3,2,5,0.8557692307692308,0.8333333333333334,94,23,"{'Basal': 24, 'Her2': 11, 'LumA': 45, 'LumB': 14}","{'Basal': 5, 'Her2': 3, 'LumA': 12, 'LumB': 3}",4,False,0.9230769230769231,0.8571428571428571,1.0,0.5,1.0,0.3333333333333333,1.0,1.0,1.0,1.0,1.0,1.0,18074
classification,RFECA_SVR(k=5),EnsembleSoft,0.3,2,1,0.8949745906267645,0.8958333333333334,93,24,"{'Basal': 23, 'Her2': 11, 'LumA': 46, 'LumB': 13}","{'Basal': 6, 'Her2': 3, 'LumA': 11, 'LumB': 4}",4,False,0.9565217391304348,0.9166666666666666,1.0,0.8571428571428571,1.0,0.75,0.8571428571428571,0.75,1.0,0.9090909090909091,1.0,0.8333333333333334,18074
classification,RFECA_SVR(k=5),EnsembleSoft,0.3,2,2,0.9222222222222223,0.9166666666666666,93,24,"{'Basal': 23, 'Her2': 11, 'LumA': 46, 'LumB': 13}","{'Basal': 6, 'Her2': 3, 'LumA': 11, 'LumB': 4}",4,False,1.0,1.0,1.0,0.8888888888888888,0.8,1.0,0.8,1.0,0.6666666666666666,1.0,1.0,1.0,18074
classification,RFECA_SVR(k=5),EnsembleSoft,0.3,2,3,0.8541666666666666,0.8333333333333333,94,23,"{'Basal': 23, 'Her2': 11, 'LumA': 46, 'LumB': 14}","{'Basal': 6, 'Her2': 3, 'LumA': 11, 'LumB': 3}",4,False,0.9166666666666666,0.8461538461538461,1.0,1.0,1.0,1.0,0.5,1.0,0.3333333333333333,1.0,1.0,1.0,18074
classification,RFECA_SVR(k=5),EnsembleSoft,0.3,2,4,0.8541666666666666,0.8541666666666666,94,23,"{'Basal': 23, 'Her2': 12, 'LumA': 45, 'LumB': 14}","{'Basal': 6, 'Her2': 2, 'LumA': 12, 'LumB': 3}",4,False,0.9166666666666666,0.9166666666666666,0.9166666666666666,1.0,1.0,1.0,0.5,0.5,0.5,1.0,1.0,1.0,18074
classification,RFECA_SVR(k=5),EnsembleSoft,0.3,2,5,0.8557692307692308,0.8333333333333334,94,23,"{'Basal': 24, 'Her2': 11, 'LumA': 45, 'LumB': 14}","{'Basal': 5, 'Her2': 3, 'LumA': 12, 'LumB': 3}",4,False,0.9230769230769231,0.8571428571428571,1.0,0.5,1.0,0.3333333333333333,1.0,1.0,1.0,1.0,1.0,1.0,18074
classification,RFECA_SVR(k=10),EnsembleSoft,0.3,2,1,0.8373917748917749,0.8333333333333334,93,24,"{'Basal': 23, 'Her2': 11, 'LumA': 46, 'LumB': 13}","{'Basal': 6, 'Her2': 3, 'LumA': 11, 'LumB': 4}",4,False,0.9166666666666666,0.8461538461538461,1.0,0.6666666666666666,1.0,0.5,0.8571428571428571,0.75,1.0,0.9090909090909091,1.0,0.8333333333333334,18074
classification,RFECA_SVR(k=10),EnsembleSoft,0.3,2,2,0.9222222222222223,0.9166666666666666,93,24,"{'Basal': 23, 'Her2': 11, 'LumA': 46, 'LumB': 13}","{'Basal': 6, 'Her2': 3, 'LumA': 11, 'LumB': 4}",4,False,1.0,1.0,1.0,0.8888888888888888,0.8,1.0,0.8,1.0,0.6666666666666666,1.0,1.0,1.0,18074
classification,RFECA_SVR(k=10),EnsembleSoft,0.3,2,3,0.9307692307692308,0.9166666666666666,94,23,"{'Basal': 23, 'Her2': 11, 'LumA': 46, 'LumB': 14}","{'Basal': 6, 'Her2': 3, 'LumA': 11, 'LumB': 3}",4,False,1.0,1.0,1.0,1.0,1.0,1.0,0.8,1.0,0.6666666666666666,0.9230769230769231,0.8571428571428571,1.0,18074
classification,RFECA_SVR(k=10),EnsembleSoft,0.3,2,4,0.8541666666666666,0.8541666666666666,94,23,"{'Basal': 23, 'Her2': 12, 'LumA': 45, 'LumB': 14}","{'Basal': 6, 'Her2': 2, 'LumA': 12, 'LumB': 3}",4,False,0.9166666666666666,0.9166666666666666,0.9166666666666666,1.0,1.0,1.0,0.5,0.5,0.5,1.0,1.0,1.0,18074
classification,RFECA_SVR(k=10),EnsembleSoft,0.3,2,5,0.8557692307692308,0.8333333333333334,94,23,"{'Basal': 24, 'Her2': 11, 'LumA': 45, 'LumB': 14}","{'Basal': 5, 'Her2': 3, 'LumA': 12, 'LumB': 3}",4,False,0.9230769230769231,0.8571428571428571,1.0,0.5,1.0,0.3333333333333333,1.0,1.0,1.0,1.0,1.0,1.0,18074
classification,RFECA_SVR(k=20),EnsembleSoft,0.3,2,1,0.8949745906267645,0.8958333333333334,93,24,"{'Basal': 23, 'Her2': 11, 'LumA': 46, 'LumB': 13}","{'Basal': 6, 'Her2': 3, 'LumA': 11, 'LumB': 4}",4,False,0.9565217391304348,0.9166666666666666,1.0,0.8571428571428571,1.0,0.75,0.8571428571428571,0.75,1.0,0.9090909090909091,1.0,0.8333333333333334,18074
classification,RFECA_SVR(k=20),EnsembleSoft,0.3,2,2,0.825,0.8333333333333333,93,24,"{'Basal': 23, 'Her2': 11, 'LumA': 46, 'LumB': 13}","{'Basal': 6, 'Her2': 3, 'LumA': 11, 'LumB': 4}",4,False,1.0,1.0,1.0,0.8,0.6666666666666666,1.0,0.5,1.0,0.3333333333333333,1.0,1.0,1.0,18074
classification,RFECA_SVR(k=20),EnsembleSoft,0.3,2,3,0.9307692307692308,0.9166666666666666,94,23,"{'Basal': 23, 'Her2': 11, 'LumA': 46, 'LumB': 14}","{'Basal': 6, 'Her2': 3, 'LumA': 11, 'LumB': 3}",4,False,1.0,1.0,1.0,1.0,1.0,1.0,0.8,1.0,0.6666666666666666,0.9230769230769231,0.8571428571428571,1.0,18074
classification,RFECA_SVR(k=20),EnsembleSoft,0.3,2,4,0.9066666666666666,0.875,94,23,"{'Basal': 23, 'Her2': 12, 'LumA': 45, 'LumB': 14}","{'Basal': 6, 'Her2': 2, 'LumA': 12, 'LumB': 3}",4,False,0.96,0.9230769230769231,1.0,1.0,1.0,1.0,0.6666666666666666,1.0,0.5,1.0,1.0,1.0,18074
classification,RFECA_SVR(k=20),EnsembleSoft,0.3,2,5,0.7830419580419581,0.75,94,23,"{'Basal': 24, 'Her2': 11, 'LumA': 45, 'LumB': 14}","{'Basal': 5, 'Her2': 3, 'LumA': 12, 'LumB': 3}",4,False,0.9230769230769231,0.8571428571428571,1.0,0.5,1.0,0.3333333333333333,0.8,1.0,0.6666666666666666,0.9090909090909091,0.8333333333333334,1.0,18074
classification,MissForest,EnsembleSoft,0.3,2,1,0.8949745906267645,0.8958333333333334,93,24,"{'Basal': 23, 'Her2': 11, 'LumA': 46, 'LumB': 13}","{'Basal': 6, 'Her2': 3, 'LumA': 11, 'LumB': 4}",4,False,0.9565217391304348,0.9166666666666666,1.0,0.8571428571428571,1.0,0.75,0.8571428571428571,0.75,1.0,0.9090909090909091,1.0,0.8333333333333334,18074
classification,MissForest,EnsembleSoft,0.3,2,2,0.9222222222222223,0.9166666666666666,93,24,"{'Basal': 23, 'Her2': 11, 'LumA': 46, 'LumB': 13}","{'Basal': 6, 'Her2': 3, 'LumA': 11, 'LumB': 4}",4,False,1.0,1.0,1.0,0.8888888888888888,0.8,1.0,0.8,1.0,0.6666666666666666,1.0,1.0,1.0,18074
classification,MissForest,EnsembleSoft,0.3,2,3,0.7698996655518395,0.7499999999999999,94,23,"{'Basal': 23, 'Her2': 11, 'LumA': 46, 'LumB': 14}","{'Basal': 6, 'Her2': 3, 'LumA': 11, 'LumB': 3}",4,False,0.9565217391304348,0.9166666666666666,1.0,0.8,1.0,0.6666666666666666,0.4,0.5,0.3333333333333333,0.9230769230769231,0.8571428571428571,1.0,18074
classification,MissForest,EnsembleSoft,0.3,2,4,0.8541666666666666,0.8541666666666666,94,23,"{'Basal': 23, 'Her2': 12, 'LumA': 45, 'LumB': 14}","{'Basal': 6, 'Her2': 2, 'LumA': 12, 'LumB': 3}",4,False,0.9166666666666666,0.9166666666666666,0.9166666666666666,1.0,1.0,1.0,0.5,0.5,0.5,1.0,1.0,1.0,18074
classification,MissForest,EnsembleSoft,0.3,2,5,0.8557692307692308,0.8333333333333334,94,23,"{'Basal': 24, 'Her2': 11, 'LumA': 45, 'LumB': 14}","{'Basal': 5, 'Her2': 3, 'LumA': 12, 'LumB': 3}",4,False,0.9230769230769231,0.8571428571428571,1.0,0.5,1.0,0.3333333333333333,1.0,1.0,1.0,1.0,1.0,1.0,18074
classification,SimpleMean,EnsembleSoft,0.3,3,1,0.863939393939394,0.8333333333333334,93,24,"{'Basal': 23, 'Her2': 11, 'LumA': 46, 'LumB': 13}","{'Basal': 6, 'Her2': 3, 'LumA': 11, 'LumB': 4}",4,False,0.88,0.7857142857142857,1.0,0.6666666666666666,1.0,0.5,1.0,1.0,1.0,0.9090909090909091,1.0,0.8333333333333334,18075
classification,SimpleMean,EnsembleSoft,0.3,3,2,0.7807971014492754,0.7708333333333333,93,24,"{'Basal': 23, 'Her2': 11, 'LumA': 46, 'LumB': 13}","{'Basal': 6, 'Her2': 3, 'LumA': 11, 'LumB': 4}",4,False,0.9565217391304348,0.9166666666666666,1.0,0.6666666666666666,0.6,0.75,0.5,1.0,0.3333333333333333,1.0,1.0,1.0,18075
classification,SimpleMean,EnsembleSoft,0.3,3,3,1.0,1.0,94,23,"{'Basal': 23, 'Her2': 11, 'LumA': 46, 'LumB': 14}","{'Basal': 6, 'Her2': 3, 'LumA': 11, 'LumB': 3}",4,False,1.0,1.0,1.0,1.0,1.0,1.0,1.0,1.0,1.0,1.0,1.0,1.0,18075
classification,SimpleMean,EnsembleSoft,0.3,3,4,0.9066666666666666,0.875,94,23,"{'Basal': 23, 'Her2': 12, 'LumA': 45, 'LumB': 14}","{'Basal': 6, 'Her2': 2, 'LumA': 12, 'LumB': 3}",4,False,0.96,0.9230769230769231,1.0,1.0,1.0,1.0,0.6666666666666666,1.0,0.5,1.0,1.0,1.0,18075
classification,SimpleMean,EnsembleSoft,0.3,3,5,0.7807692307692309,0.75,94,23,"{'Basal': 24, 'Her2': 11, 'LumA': 45, 'LumB': 14}","{'Basal': 5, 'Her2': 3, 'LumA': 12, 'LumB': 3}",4,False,0.9230769230769231,0.8571428571428571,1.0,0.4,0.5,0.3333333333333333,0.8,1.0,0.6666666666666666,1.0,1.0,1.0,18075
classification,"KNN(k=5,dist)",EnsembleSoft,0.3,3,1,0.863939393939394,0.8333333333333334,93,24,"{'Basal': 23, 'Her2': 11, 'LumA': 46, 'LumB': 13}","{'Basal': 6, 'Her2': 3, 'LumA': 11, 'LumB': 4}",4,False,0.88,0.7857142857142857,1.0,0.6666666666666666,1.0,0.5,1.0,1.0,1.0,0.9090909090909091,1.0,0.8333333333333334,18075
classification,"KNN(k=5,dist)",EnsembleSoft,0.3,3,2,0.825,0.8333333333333333,93,24,"{'Basal': 23, 'Her2': 11, 'LumA': 46, 'LumB': 13}","{'Basal': 6, 'Her2': 3, 'LumA': 11, 'LumB': 4}",4,False,1.0,1.0,1.0,0.8,0.6666666666666666,1.0,0.5,1.0,0.3333333333333333,1.0,1.0,1.0,18075
classification,"KNN(k=5,dist)",EnsembleSoft,0.3,3,3,1.0,1.0,94,23,"{'Basal': 23, 'Her2': 11, 'LumA': 46, 'LumB': 14}","{'Basal': 6, 'Her2': 3, 'LumA': 11, 'LumB': 3}",4,False,1.0,1.0,1.0,1.0,1.0,1.0,1.0,1.0,1.0,1.0,1.0,1.0,18075
classification,"KNN(k=5,dist)",EnsembleSoft,0.3,3,4,0.9066666666666666,0.875,94,23,"{'Basal': 23, 'Her2': 12, 'LumA': 45, 'LumB': 14}","{'Basal': 6, 'Her2': 2, 'LumA': 12, 'LumB': 3}",4,False,0.96,0.9230769230769231,1.0,1.0,1.0,1.0,0.6666666666666666,1.0,0.5,1.0,1.0,1.0,18075
classification,"KNN(k=5,dist)",EnsembleSoft,0.3,3,5,0.7934523809523809,0.8125,94,23,"{'Basal': 24, 'Her2': 11, 'LumA': 45, 'LumB': 14}","{'Basal': 5, 'Her2': 3, 'LumA': 12, 'LumB': 3}",4,False,0.9166666666666666,0.9166666666666666,0.9166666666666666,0.4,0.5,0.3333333333333333,0.8571428571428571,0.75,1.0,1.0,1.0,1.0,18075
classification,RFECA_SVR(k=5),EnsembleSoft,0.3,3,1,0.953416149068323,0.9375,93,24,"{'Basal': 23, 'Her2': 11, 'LumA': 46, 'LumB': 13}","{'Basal': 6, 'Her2': 3, 'LumA': 11, 'LumB': 4}",4,False,0.9565217391304348,0.9166666666666666,1.0,0.8571428571428571,1.0,0.75,1.0,1.0,1.0,1.0,1.0,1.0,18075
classification,RFECA_SVR(k=5),EnsembleSoft,0.3,3,2,0.825,0.8333333333333333,93,24,"{'Basal': 23, 'Her2': 11, 'LumA': 46, 'LumB': 13}","{'Basal': 6, 'Her2': 3, 'LumA': 11, 'LumB': 4}",4,False,1.0,1.0,1.0,0.8,0.6666666666666666,1.0,0.5,1.0,0.3333333333333333,1.0,1.0,1.0,18075
classification,RFECA_SVR(k=5),EnsembleSoft,0.3,3,3,1.0,1.0,94,23,"{'Basal': 23, 'Her2': 11, 'LumA': 46, 'LumB': 14}","{'Basal': 6, 'Her2': 3, 'LumA': 11, 'LumB': 3}",4,False,1.0,1.0,1.0,1.0,1.0,1.0,1.0,1.0,1.0,1.0,1.0,1.0,18075
classification,RFECA_SVR(k=5),EnsembleSoft,0.3,3,4,0.9066666666666666,0.875,94,23,"{'Basal': 23, 'Her2': 12, 'LumA': 45, 'LumB': 14}","{'Basal': 6, 'Her2': 2, 'LumA': 12, 'LumB': 3}",4,False,0.96,0.9230769230769231,1.0,1.0,1.0,1.0,0.6666666666666666,1.0,0.5,1.0,1.0,1.0,18075
classification,RFECA_SVR(k=5),EnsembleSoft,0.3,3,5,0.8292857142857143,0.8333333333333334,94,23,"{'Basal': 24, 'Her2': 11, 'LumA': 45, 'LumB': 14}","{'Basal': 5, 'Her2': 3, 'LumA': 12, 'LumB': 3}",4,False,0.96,0.9230769230769231,1.0,0.5,1.0,0.3333333333333333,0.8571428571428571,0.75,1.0,1.0,1.0,1.0,18075
classification,RFECA_SVR(k=10),EnsembleSoft,0.3,3,1,0.8949745906267645,0.8958333333333334,93,24,"{'Basal': 23, 'Her2': 11, 'LumA': 46, 'LumB': 13}","{'Basal': 6, 'Her2': 3, 'LumA': 11, 'LumB': 4}",4,False,0.9565217391304348,0.9166666666666666,1.0,0.8571428571428571,1.0,0.75,0.8571428571428571,0.75,1.0,0.9090909090909091,1.0,0.8333333333333334,18075
classification,RFECA_SVR(k=10),EnsembleSoft,0.3,3,2,0.9222222222222223,0.9166666666666666,93,24,"{'Basal': 23, 'Her2': 11, 'LumA': 46, 'LumB': 13}","{'Basal': 6, 'Her2': 3, 'LumA': 11, 'LumB': 4}",4,False,1.0,1.0,1.0,0.8888888888888888,0.8,1.0,0.8,1.0,0.6666666666666666,1.0,1.0,1.0,18075
classification,RFECA_SVR(k=10),EnsembleSoft,0.3,3,3,0.9391304347826087,0.9166666666666666,94,23,"{'Basal': 23, 'Her2': 11, 'LumA': 46, 'LumB': 14}","{'Basal': 6, 'Her2': 3, 'LumA': 11, 'LumB': 3}",4,False,0.9565217391304348,0.9166666666666666,1.0,0.8,1.0,0.6666666666666666,1.0,1.0,1.0,1.0,1.0,1.0,18075
classification,RFECA_SVR(k=10),EnsembleSoft,0.3,3,4,0.9066666666666666,0.875,94,23,"{'Basal': 23, 'Her2': 12, 'LumA': 45, 'LumB': 14}","{'Basal': 6, 'Her2': 2, 'LumA': 12, 'LumB': 3}",4,False,0.96,0.9230769230769231,1.0,1.0,1.0,1.0,0.6666666666666666,1.0,0.5,1.0,1.0,1.0,18075
classification,RFECA_SVR(k=10),EnsembleSoft,0.3,3,5,0.6556060606060606,0.6458333333333334,94,23,"{'Basal': 24, 'Her2': 11, 'LumA': 45, 'LumB': 14}","{'Basal': 5, 'Her2': 3, 'LumA': 12, 'LumB': 3}",4,False,0.88,0.8461538461538461,0.9166666666666666,0.3333333333333333,0.3333333333333333,0.3333333333333333,0.5,1.0,0.3333333333333333,0.9090909090909091,0.8333333333333334,1.0,18075
classification,RFECA_SVR(k=20),EnsembleSoft,0.3,3,1,0.9207251082251082,0.8958333333333334,93,24,"{'Basal': 23, 'Her2': 11, 'LumA': 46, 'LumB': 13}","{'Basal': 6, 'Her2': 3, 'LumA': 11, 'LumB': 4}",4,False,0.9166666666666666,0.8461538461538461,1.0,0.8571428571428571,1.0,0.75,1.0,1.0,1.0,0.9090909090909091,1.0,0.8333333333333334,18075
classification,RFECA_SVR(k=20),EnsembleSoft,0.3,3,2,0.9222222222222223,0.9166666666666666,93,24,"{'Basal': 23, 'Her2': 11, 'LumA': 46, 'LumB': 13}","{'Basal': 6, 'Her2': 3, 'LumA': 11, 'LumB': 4}",4,False,1.0,1.0,1.0,0.8888888888888888,0.8,1.0,0.8,1.0,0.6666666666666666,1.0,1.0,1.0,18075
classification,RFECA_SVR(k=20),EnsembleSoft,0.3,3,3,0.9391304347826087,0.9166666666666666,94,23,"{'Basal': 23, 'Her2': 11, 'LumA': 46, 'LumB': 14}","{'Basal': 6, 'Her2': 3, 'LumA': 11, 'LumB': 3}",4,False,0.9565217391304348,0.9166666666666666,1.0,0.8,1.0,0.6666666666666666,1.0,1.0,1.0,1.0,1.0,1.0,18075
classification,RFECA_SVR(k=20),EnsembleSoft,0.3,3,4,0.9066666666666666,0.875,94,23,"{'Basal': 23, 'Her2': 12, 'LumA': 45, 'LumB': 14}","{'Basal': 6, 'Her2': 2, 'LumA': 12, 'LumB': 3}",4,False,0.96,0.9230769230769231,1.0,1.0,1.0,1.0,0.6666666666666666,1.0,0.5,1.0,1.0,1.0,18075
classification,RFECA_SVR(k=20),EnsembleSoft,0.3,3,5,0.7231060606060606,0.7291666666666666,94,23,"{'Basal': 24, 'Her2': 11, 'LumA': 45, 'LumB': 14}","{'Basal': 5, 'Her2': 3, 'LumA': 12, 'LumB': 3}",4,False,0.9166666666666666,0.9166666666666666,0.9166666666666666,0.4,0.5,0.3333333333333333,0.6666666666666666,0.6666666666666666,0.6666666666666666,0.9090909090909091,0.8333333333333334,1.0,18075
classification,MissForest,EnsembleSoft,0.3,3,1,0.8949745906267645,0.8958333333333334,93,24,"{'Basal': 23, 'Her2': 11, 'LumA': 46, 'LumB': 13}","{'Basal': 6, 'Her2': 3, 'LumA': 11, 'LumB': 4}",4,False,0.9565217391304348,0.9166666666666666,1.0,0.8571428571428571,1.0,0.75,0.8571428571428571,0.75,1.0,0.9090909090909091,1.0,0.8333333333333334,18075
classification,MissForest,EnsembleSoft,0.3,3,2,0.825,0.8333333333333333,93,24,"{'Basal': 23, 'Her2': 11, 'LumA': 46, 'LumB': 13}","{'Basal': 6, 'Her2': 3, 'LumA': 11, 'LumB': 4}",4,False,1.0,1.0,1.0,0.8,0.6666666666666666,1.0,0.5,1.0,0.3333333333333333,1.0,1.0,1.0,18075
classification,MissForest,EnsembleSoft,0.3,3,3,1.0,1.0,94,23,"{'Basal': 23, 'Her2': 11, 'LumA': 46, 'LumB': 14}","{'Basal': 6, 'Her2': 3, 'LumA': 11, 'LumB': 3}",4,False,1.0,1.0,1.0,1.0,1.0,1.0,1.0,1.0,1.0,1.0,1.0,1.0,18075
classification,MissForest,EnsembleSoft,0.3,3,4,0.9066666666666666,0.875,94,23,"{'Basal': 23, 'Her2': 12, 'LumA': 45, 'LumB': 14}","{'Basal': 6, 'Her2': 2, 'LumA': 12, 'LumB': 3}",4,False,0.96,0.9230769230769231,1.0,1.0,1.0,1.0,0.6666666666666666,1.0,0.5,1.0,1.0,1.0,18075
classification,MissForest,EnsembleSoft,0.3,3,5,0.7934523809523809,0.8125,94,23,"{'Basal': 24, 'Her2': 11, 'LumA': 45, 'LumB': 14}","{'Basal': 5, 'Her2': 3, 'LumA': 12, 'LumB': 3}",4,False,0.9166666666666666,0.9166666666666666,0.9166666666666666,0.4,0.5,0.3333333333333333,0.8571428571428571,0.75,1.0,1.0,1.0,1.0,18075
classification,SimpleMean,EnsembleSoft,0.3,4,1,0.953416149068323,0.9375,93,24,"{'Basal': 23, 'Her2': 11, 'LumA': 46, 'LumB': 13}","{'Basal': 6, 'Her2': 3, 'LumA': 11, 'LumB': 4}",4,False,0.9565217391304348,0.9166666666666666,1.0,0.8571428571428571,1.0,0.75,1.0,1.0,1.0,1.0,1.0,1.0,18076
classification,SimpleMean,EnsembleSoft,0.3,4,2,0.8766304347826087,0.8541666666666666,93,24,"{'Basal': 23, 'Her2': 11, 'LumA': 46, 'LumB': 13}","{'Basal': 6, 'Her2': 3, 'LumA': 11, 'LumB': 4}",4,False,0.9565217391304348,0.9166666666666666,1.0,0.75,0.75,0.75,0.8,1.0,0.6666666666666666,1.0,1.0,1.0,18076
classification,SimpleMean,EnsembleSoft,0.3,4,3,0.9391304347826087,0.9166666666666666,94,23,"{'Basal': 23, 'Her2': 11, 'LumA': 46, 'LumB': 14}","{'Basal': 6, 'Her2': 3, 'LumA': 11, 'LumB': 3}",4,False,0.9565217391304348,0.9166666666666666,1.0,0.8,1.0,0.6666666666666666,1.0,1.0,1.0,1.0,1.0,1.0,18076
classification,SimpleMean,EnsembleSoft,0.3,4,4,1.0,1.0,94,23,"{'Basal': 23, 'Her2': 12, 'LumA': 45, 'LumB': 14}","{'Basal': 6, 'Her2': 2, 'LumA': 12, 'LumB': 3}",4,False,1.0,1.0,1.0,1.0,1.0,1.0,1.0,1.0,1.0,1.0,1.0,1.0,18076
classification,SimpleMean,EnsembleSoft,0.3,4,5,0.8292857142857143,0.8333333333333334,94,23,"{'Basal': 24, 'Her2': 11, 'LumA': 45, 'LumB': 14}","{'Basal': 5, 'Her2': 3, 'LumA': 12, 'LumB': 3}",4,False,0.96,0.9230769230769231,1.0,0.5,1.0,0.3333333333333333,0.8571428571428571,0.75,1.0,1.0,1.0,1.0,18076
classification,"KNN(k=5,dist)",EnsembleSoft,0.3,4,1,0.953416149068323,0.9375,93,24,"{'Basal': 23, 'Her2': 11, 'LumA': 46, 'LumB': 13}","{'Basal': 6, 'Her2': 3, 'LumA': 11, 'LumB': 4}",4,False,0.9565217391304348,0.9166666666666666,1.0,0.8571428571428571,1.0,0.75,1.0,1.0,1.0,1.0,1.0,1.0,18076
classification,"KNN(k=5,dist)",EnsembleSoft,0.3,4,2,0.9222222222222223,0.9166666666666666,93,24,"{'Basal': 23, 'Her2': 11, 'LumA': 46, 'LumB': 13}","{'Basal': 6, 'Her2': 3, 'LumA': 11, 'LumB': 4}",4,False,1.0,1.0,1.0,0.8888888888888888,0.8,1.0,0.8,1.0,0.6666666666666666,1.0,1.0,1.0,18076
classification,"KNN(k=5,dist)",EnsembleSoft,0.3,4,3,1.0,1.0,94,23,"{'Basal': 23, 'Her2': 11, 'LumA': 46, 'LumB': 14}","{'Basal': 6, 'Her2': 3, 'LumA': 11, 'LumB': 3}",4,False,1.0,1.0,1.0,1.0,1.0,1.0,1.0,1.0,1.0,1.0,1.0,1.0,18076
classification,"KNN(k=5,dist)",EnsembleSoft,0.3,4,4,1.0,1.0,94,23,"{'Basal': 23, 'Her2': 12, 'LumA': 45, 'LumB': 14}","{'Basal': 6, 'Her2': 2, 'LumA': 12, 'LumB': 3}",4,False,1.0,1.0,1.0,1.0,1.0,1.0,1.0,1.0,1.0,1.0,1.0,1.0,18076
classification,"KNN(k=5,dist)",EnsembleSoft,0.3,4,5,0.7830419580419581,0.75,94,23,"{'Basal': 24, 'Her2': 11, 'LumA': 45, 'LumB': 14}","{'Basal': 5, 'Her2': 3, 'LumA': 12, 'LumB': 3}",4,False,0.9230769230769231,0.8571428571428571,1.0,0.5,1.0,0.3333333333333333,0.8,1.0,0.6666666666666666,0.9090909090909091,0.8333333333333334,1.0,18076
classification,RFECA_SVR(k=5),EnsembleSoft,0.3,4,1,0.953416149068323,0.9375,93,24,"{'Basal': 23, 'Her2': 11, 'LumA': 46, 'LumB': 13}","{'Basal': 6, 'Her2': 3, 'LumA': 11, 'LumB': 4}",4,False,0.9565217391304348,0.9166666666666666,1.0,0.8571428571428571,1.0,0.75,1.0,1.0,1.0,1.0,1.0,1.0,18076
classification,RFECA_SVR(k=5),EnsembleSoft,0.3,4,2,0.8766304347826087,0.8541666666666666,93,24,"{'Basal': 23, 'Her2': 11, 'LumA': 46, 'LumB': 13}","{'Basal': 6, 'Her2': 3, 'LumA': 11, 'LumB': 4}",4,False,0.9565217391304348,0.9166666666666666,1.0,0.75,0.75,0.75,0.8,1.0,0.6666666666666666,1.0,1.0,1.0,18076
classification,RFECA_SVR(k=5),EnsembleSoft,0.3,4,3,0.8557971014492753,0.8333333333333333,94,23,"{'Basal': 23, 'Her2': 11, 'LumA': 46, 'LumB': 14}","{'Basal': 6, 'Her2': 3, 'LumA': 11, 'LumB': 3}",4,False,0.9565217391304348,0.9166666666666666,1.0,0.8,1.0,0.6666666666666666,0.6666666666666666,0.6666666666666666,0.6666666666666666,1.0,1.0,1.0,18076
classification,RFECA_SVR(k=5),EnsembleSoft,0.3,4,4,1.0,1.0,94,23,"{'Basal': 23, 'Her2': 12, 'LumA': 45, 'LumB': 14}","{'Basal': 6, 'Her2': 2, 'LumA': 12, 'LumB': 3}",4,False,1.0,1.0,1.0,1.0,1.0,1.0,1.0,1.0,1.0,1.0,1.0,1.0,18076
classification,RFECA_SVR(k=5),EnsembleSoft,0.3,4,5,0.8557692307692308,0.8333333333333334,94,23,"{'Basal': 24, 'Her2': 11, 'LumA': 45, 'LumB': 14}","{'Basal': 5, 'Her2': 3, 'LumA': 12, 'LumB': 3}",4,False,0.9230769230769231,0.8571428571428571,1.0,0.5,1.0,0.3333333333333333,1.0,1.0,1.0,1.0,1.0,1.0,18076
classification,RFECA_SVR(k=10),EnsembleSoft,0.3,4,1,0.9207251082251082,0.8958333333333334,93,24,"{'Basal': 23, 'Her2': 11, 'LumA': 46, 'LumB': 13}","{'Basal': 6, 'Her2': 3, 'LumA': 11, 'LumB': 4}",4,False,0.9166666666666666,0.8461538461538461,1.0,0.8571428571428571,1.0,0.75,1.0,1.0,1.0,0.9090909090909091,1.0,0.8333333333333334,18076
classification,RFECA_SVR(k=10),EnsembleSoft,0.3,4,2,0.9222222222222223,0.9166666666666666,93,24,"{'Basal': 23, 'Her2': 11, 'LumA': 46, 'LumB': 13}","{'Basal': 6, 'Her2': 3, 'LumA': 11, 'LumB': 4}",4,False,1.0,1.0,1.0,0.8888888888888888,0.8,1.0,0.8,1.0,0.6666666666666666,1.0,1.0,1.0,18076
classification,RFECA_SVR(k=10),EnsembleSoft,0.3,4,3,0.8791666666666667,0.8333333333333333,94,23,"{'Basal': 23, 'Her2': 11, 'LumA': 46, 'LumB': 14}","{'Basal': 6, 'Her2': 3, 'LumA': 11, 'LumB': 3}",4,False,0.9166666666666666,0.8461538461538461,1.0,0.8,1.0,0.6666666666666666,0.8,1.0,0.6666666666666666,1.0,1.0,1.0,18076
classification,RFECA_SVR(k=10),EnsembleSoft,0.3,4,4,0.9147727272727273,0.9583333333333334,94,23,"{'Basal': 23, 'Her2': 12, 'LumA': 45, 'LumB': 14}","{'Basal': 6, 'Her2': 2, 'LumA': 12, 'LumB': 3}",4,False,0.9090909090909091,1.0,0.8333333333333334,0.75,0.6,1.0,1.0,1.0,1.0,1.0,1.0,1.0,18076
classification,RFECA_SVR(k=10),EnsembleSoft,0.3,4,5,0.8557692307692308,0.8333333333333334,94,23,"{'Basal': 24, 'Her2': 11, 'LumA': 45, 'LumB': 14}","{'Basal': 5, 'Her2': 3, 'LumA': 12, 'LumB': 3}",4,False,0.9230769230769231,0.8571428571428571,1.0,0.5,1.0,0.3333333333333333,1.0,1.0,1.0,1.0,1.0,1.0,18076
classification,RFECA_SVR(k=20),EnsembleSoft,0.3,4,1,0.9664031620553359,0.9583333333333334,93,24,"{'Basal': 23, 'Her2': 11, 'LumA': 46, 'LumB': 13}","{'Basal': 6, 'Her2': 3, 'LumA': 11, 'LumB': 4}",4,False,0.9565217391304348,0.9166666666666666,1.0,1.0,1.0,1.0,1.0,1.0,1.0,0.9090909090909091,1.0,0.8333333333333334,18076
classification,RFECA_SVR(k=20),EnsembleSoft,0.3,4,2,0.9222222222222223,0.9166666666666666,93,24,"{'Basal': 23, 'Her2': 11, 'LumA': 46, 'LumB': 13}","{'Basal': 6, 'Her2': 3, 'LumA': 11, 'LumB': 4}",4,False,1.0,1.0,1.0,0.8888888888888888,0.8,1.0,0.8,1.0,0.6666666666666666,1.0,1.0,1.0,18076
classification,RFECA_SVR(k=20),EnsembleSoft,0.3,4,3,0.8698996655518396,0.8333333333333333,94,23,"{'Basal': 23, 'Her2': 11, 'LumA': 46, 'LumB': 14}","{'Basal': 6, 'Her2': 3, 'LumA': 11, 'LumB': 3}",4,False,0.9565217391304348,0.9166666666666666,1.0,0.8,1.0,0.6666666666666666,0.8,1.0,0.6666666666666666,0.9230769230769231,0.8571428571428571,1.0,18076
classification,RFECA_SVR(k=20),EnsembleSoft,0.3,4,4,0.9147727272727273,0.9583333333333334,94,23,"{'Basal': 23, 'Her2': 12, 'LumA': 45, 'LumB': 14}","{'Basal': 6, 'Her2': 2, 'LumA': 12, 'LumB': 3}",4,False,0.9090909090909091,1.0,0.8333333333333334,0.75,0.6,1.0,1.0,1.0,1.0,1.0,1.0,1.0,18076
classification,RFECA_SVR(k=20),EnsembleSoft,0.3,4,5,0.7830419580419581,0.75,94,23,"{'Basal': 24, 'Her2': 11, 'LumA': 45, 'LumB': 14}","{'Basal': 5, 'Her2': 3, 'LumA': 12, 'LumB': 3}",4,False,0.9230769230769231,0.8571428571428571,1.0,0.5,1.0,0.3333333333333333,0.8,1.0,0.6666666666666666,0.9090909090909091,0.8333333333333334,1.0,18076
classification,MissForest,EnsembleSoft,0.3,4,1,0.9207251082251082,0.8958333333333334,93,24,"{'Basal': 23, 'Her2': 11, 'LumA': 46, 'LumB': 13}","{'Basal': 6, 'Her2': 3, 'LumA': 11, 'LumB': 4}",4,False,0.9166666666666666,0.8461538461538461,1.0,0.8571428571428571,1.0,0.75,1.0,1.0,1.0,0.9090909090909091,1.0,0.8333333333333334,18076
classification,MissForest,EnsembleSoft,0.3,4,2,0.9222222222222223,0.9166666666666666,93,24,"{'Basal': 23, 'Her2': 11, 'LumA': 46, 'LumB': 13}","{'Basal': 6, 'Her2': 3, 'LumA': 11, 'LumB': 4}",4,False,1.0,1.0,1.0,0.8888888888888888,0.8,1.0,0.8,1.0,0.6666666666666666,1.0,1.0,1.0,18076
classification,MissForest,EnsembleSoft,0.3,4,3,0.9391304347826087,0.9166666666666666,94,23,"{'Basal': 23, 'Her2': 11, 'LumA': 46, 'LumB': 14}","{'Basal': 6, 'Her2': 3, 'LumA': 11, 'LumB': 3}",4,False,0.9565217391304348,0.9166666666666666,1.0,1.0,1.0,1.0,0.8,1.0,0.6666666666666666,1.0,1.0,1.0,18076
classification,MissForest,EnsembleSoft,0.3,4,4,1.0,1.0,94,23,"{'Basal': 23, 'Her2': 12, 'LumA': 45, 'LumB': 14}","{'Basal': 6, 'Her2': 2, 'LumA': 12, 'LumB': 3}",4,False,1.0,1.0,1.0,1.0,1.0,1.0,1.0,1.0,1.0,1.0,1.0,1.0,18076
classification,MissForest,EnsembleSoft,0.3,4,5,0.8292857142857143,0.8333333333333334,94,23,"{'Basal': 24, 'Her2': 11, 'LumA': 45, 'LumB': 14}","{'Basal': 5, 'Her2': 3, 'LumA': 12, 'LumB': 3}",4,False,0.96,0.9230769230769231,1.0,0.5,1.0,0.3333333333333333,0.8571428571428571,0.75,1.0,1.0,1.0,1.0,18076
classification,SimpleMean,EnsembleSoft,0.3,5,1,0.8615584415584416,0.8125,93,24,"{'Basal': 23, 'Her2': 11, 'LumA': 46, 'LumB': 13}","{'Basal': 6, 'Her2': 3, 'LumA': 11, 'LumB': 4}",4,False,0.88,0.7857142857142857,1.0,0.8571428571428571,1.0,0.75,0.8,1.0,0.6666666666666666,0.9090909090909091,1.0,0.8333333333333334,18077
classification,SimpleMean,EnsembleSoft,0.3,5,2,0.9222222222222223,0.9166666666666666,93,24,"{'Basal': 23, 'Her2': 11, 'LumA': 46, 'LumB': 13}","{'Basal': 6, 'Her2': 3, 'LumA': 11, 'LumB': 4}",4,False,1.0,1.0,1.0,0.8888888888888888,0.8,1.0,0.8,1.0,0.6666666666666666,1.0,1.0,1.0,18077
classification,SimpleMean,EnsembleSoft,0.3,5,3,0.9391304347826087,0.9166666666666666,94,23,"{'Basal': 23, 'Her2': 11, 'LumA': 46, 'LumB': 14}","{'Basal': 6, 'Her2': 3, 'LumA': 11, 'LumB': 3}",4,False,0.9565217391304348,0.9166666666666666,1.0,0.8,1.0,0.6666666666666666,1.0,1.0,1.0,1.0,1.0,1.0,18077
classification,SimpleMean,EnsembleSoft,0.3,5,4,0.9066666666666666,0.875,94,23,"{'Basal': 23, 'Her2': 12, 'LumA': 45, 'LumB': 14}","{'Basal': 6, 'Her2': 2, 'LumA': 12, 'LumB': 3}",4,False,0.96,0.9230769230769231,1.0,1.0,1.0,1.0,0.6666666666666666,1.0,0.5,1.0,1.0,1.0,18077
classification,SimpleMean,EnsembleSoft,0.3,5,5,0.7972222222222223,0.75,94,23,"{'Basal': 24, 'Her2': 11, 'LumA': 45, 'LumB': 14}","{'Basal': 5, 'Her2': 3, 'LumA': 12, 'LumB': 3}",4,False,0.8888888888888888,0.8,1.0,0.5,1.0,0.3333333333333333,0.8,1.0,0.6666666666666666,1.0,1.0,1.0,18077
classification,"KNN(k=5,dist)",EnsembleSoft,0.3,5,1,0.9207251082251082,0.8958333333333334,93,24,"{'Basal': 23, 'Her2': 11, 'LumA': 46, 'LumB': 13}","{'Basal': 6, 'Her2': 3, 'LumA': 11, 'LumB': 4}",4,False,0.9166666666666666,0.8461538461538461,1.0,0.8571428571428571,1.0,0.75,1.0,1.0,1.0,0.9090909090909091,1.0,0.8333333333333334,18077
classification,"KNN(k=5,dist)",EnsembleSoft,0.3,5,2,0.9222222222222223,0.9166666666666666,93,24,"{'Basal': 23, 'Her2': 11, 'LumA': 46, 'LumB': 13}","{'Basal': 6, 'Her2': 3, 'LumA': 11, 'LumB': 4}",4,False,1.0,1.0,1.0,0.8888888888888888,0.8,1.0,0.8,1.0,0.6666666666666666,1.0,1.0,1.0,18077
classification,"KNN(k=5,dist)",EnsembleSoft,0.3,5,3,1.0,1.0,94,23,"{'Basal': 23, 'Her2': 11, 'LumA': 46, 'LumB': 14}","{'Basal': 6, 'Her2': 3, 'LumA': 11, 'LumB': 3}",4,False,1.0,1.0,1.0,1.0,1.0,1.0,1.0,1.0,1.0,1.0,1.0,1.0,18077
classification,"KNN(k=5,dist)",EnsembleSoft,0.3,5,4,0.9066666666666666,0.875,94,23,"{'Basal': 23, 'Her2': 12, 'LumA': 45, 'LumB': 14}","{'Basal': 6, 'Her2': 2, 'LumA': 12, 'LumB': 3}",4,False,0.96,0.9230769230769231,1.0,1.0,1.0,1.0,0.6666666666666666,1.0,0.5,1.0,1.0,1.0,18077
classification,"KNN(k=5,dist)",EnsembleSoft,0.3,5,5,0.8200000000000001,0.8125,94,23,"{'Basal': 24, 'Her2': 11, 'LumA': 45, 'LumB': 14}","{'Basal': 5, 'Her2': 3, 'LumA': 12, 'LumB': 3}",4,False,0.88,0.8461538461538461,0.9166666666666666,0.4,0.5,0.3333333333333333,1.0,1.0,1.0,1.0,1.0,1.0,18077
classification,RFECA_SVR(k=5),EnsembleSoft,0.3,5,1,0.8615584415584416,0.8125,93,24,"{'Basal': 23, 'Her2': 11, 'LumA': 46, 'LumB': 13}","{'Basal': 6, 'Her2': 3, 'LumA': 11, 'LumB': 4}",4,False,0.88,0.7857142857142857,1.0,0.8571428571428571,1.0,0.75,0.8,1.0,0.6666666666666666,0.9090909090909091,1.0,0.8333333333333334,18077
classification,RFECA_SVR(k=5),EnsembleSoft,0.3,5,2,0.9222222222222223,0.9166666666666666,93,24,"{'Basal': 23, 'Her2': 11, 'LumA': 46, 'LumB': 13}","{'Basal': 6, 'Her2': 3, 'LumA': 11, 'LumB': 4}",4,False,1.0,1.0,1.0,0.8888888888888888,0.8,1.0,0.8,1.0,0.6666666666666666,1.0,1.0,1.0,18077
classification,RFECA_SVR(k=5),EnsembleSoft,0.3,5,3,0.9142857142857143,0.9166666666666666,94,23,"{'Basal': 23, 'Her2': 11, 'LumA': 46, 'LumB': 14}","{'Basal': 6, 'Her2': 3, 'LumA': 11, 'LumB': 3}",4,False,1.0,1.0,1.0,0.8,1.0,0.6666666666666666,0.8571428571428571,0.75,1.0,1.0,1.0,1.0,18077
classification,RFECA_SVR(k=5),EnsembleSoft,0.3,5,4,0.9066666666666666,0.875,94,23,"{'Basal': 23, 'Her2': 12, 'LumA': 45, 'LumB': 14}","{'Basal': 6, 'Her2': 2, 'LumA': 12, 'LumB': 3}",4,False,0.96,0.9230769230769231,1.0,1.0,1.0,1.0,0.6666666666666666,1.0,0.5,1.0,1.0,1.0,18077
classification,RFECA_SVR(k=5),EnsembleSoft,0.3,5,5,0.8200000000000001,0.8125,94,23,"{'Basal': 24, 'Her2': 11, 'LumA': 45, 'LumB': 14}","{'Basal': 5, 'Her2': 3, 'LumA': 12, 'LumB': 3}",4,False,0.88,0.8461538461538461,0.9166666666666666,0.4,0.5,0.3333333333333333,1.0,1.0,1.0,1.0,1.0,1.0,18077
classification,RFECA_SVR(k=10),EnsembleSoft,0.3,5,1,0.9207251082251082,0.8958333333333334,93,24,"{'Basal': 23, 'Her2': 11, 'LumA': 46, 'LumB': 13}","{'Basal': 6, 'Her2': 3, 'LumA': 11, 'LumB': 4}",4,False,0.9166666666666666,0.8461538461538461,1.0,0.8571428571428571,1.0,0.75,1.0,1.0,1.0,0.9090909090909091,1.0,0.8333333333333334,18077
classification,RFECA_SVR(k=10),EnsembleSoft,0.3,5,2,0.9222222222222223,0.9166666666666666,93,24,"{'Basal': 23, 'Her2': 11, 'LumA': 46, 'LumB': 13}","{'Basal': 6, 'Her2': 3, 'LumA': 11, 'LumB': 4}",4,False,1.0,1.0,1.0,0.8888888888888888,0.8,1.0,0.8,1.0,0.6666666666666666,1.0,1.0,1.0,18077
classification,RFECA_SVR(k=10),EnsembleSoft,0.3,5,3,1.0,1.0,94,23,"{'Basal': 23, 'Her2': 11, 'LumA': 46, 'LumB': 14}","{'Basal': 6, 'Her2': 3, 'LumA': 11, 'LumB': 3}",4,False,1.0,1.0,1.0,1.0,1.0,1.0,1.0,1.0,1.0,1.0,1.0,1.0,18077
classification,RFECA_SVR(k=10),EnsembleSoft,0.3,5,4,0.8541666666666666,0.8541666666666666,94,23,"{'Basal': 23, 'Her2': 12, 'LumA': 45, 'LumB': 14}","{'Basal': 6, 'Her2': 2, 'LumA': 12, 'LumB': 3}",4,False,0.9166666666666666,0.9166666666666666,0.9166666666666666,1.0,1.0,1.0,0.5,0.5,0.5,1.0,1.0,1.0,18077
classification,RFECA_SVR(k=10),EnsembleSoft,0.3,5,5,0.7830419580419581,0.75,94,23,"{'Basal': 24, 'Her2': 11, 'LumA': 45, 'LumB': 14}","{'Basal': 5, 'Her2': 3, 'LumA': 12, 'LumB': 3}",4,False,0.9230769230769231,0.8571428571428571,1.0,0.5,1.0,0.3333333333333333,0.8,1.0,0.6666666666666666,0.9090909090909091,0.8333333333333334,1.0,18077
classification,RFECA_SVR(k=20),EnsembleSoft,0.3,5,1,0.8949745906267645,0.8958333333333334,93,24,"{'Basal': 23, 'Her2': 11, 'LumA': 46, 'LumB': 13}","{'Basal': 6, 'Her2': 3, 'LumA': 11, 'LumB': 4}",4,False,0.9565217391304348,0.9166666666666666,1.0,0.8571428571428571,1.0,0.75,0.8571428571428571,0.75,1.0,0.9090909090909091,1.0,0.8333333333333334,18077
classification,RFECA_SVR(k=20),EnsembleSoft,0.3,5,2,0.9222222222222223,0.9166666666666666,93,24,"{'Basal': 23, 'Her2': 11, 'LumA': 46, 'LumB': 13}","{'Basal': 6, 'Her2': 3, 'LumA': 11, 'LumB': 4}",4,False,1.0,1.0,1.0,0.8888888888888888,0.8,1.0,0.8,1.0,0.6666666666666666,1.0,1.0,1.0,18077
classification,RFECA_SVR(k=20),EnsembleSoft,0.3,5,3,1.0,1.0,94,23,"{'Basal': 23, 'Her2': 11, 'LumA': 46, 'LumB': 14}","{'Basal': 6, 'Her2': 3, 'LumA': 11, 'LumB': 3}",4,False,1.0,1.0,1.0,1.0,1.0,1.0,1.0,1.0,1.0,1.0,1.0,1.0,18077
classification,RFECA_SVR(k=20),EnsembleSoft,0.3,5,4,0.9066666666666666,0.875,94,23,"{'Basal': 23, 'Her2': 12, 'LumA': 45, 'LumB': 14}","{'Basal': 6, 'Her2': 2, 'LumA': 12, 'LumB': 3}",4,False,0.96,0.9230769230769231,1.0,1.0,1.0,1.0,0.6666666666666666,1.0,0.5,1.0,1.0,1.0,18077
classification,RFECA_SVR(k=20),EnsembleSoft,0.3,5,5,0.8200000000000001,0.8125,94,23,"{'Basal': 24, 'Her2': 11, 'LumA': 45, 'LumB': 14}","{'Basal': 5, 'Her2': 3, 'LumA': 12, 'LumB': 3}",4,False,0.88,0.8461538461538461,0.9166666666666666,0.4,0.5,0.3333333333333333,1.0,1.0,1.0,1.0,1.0,1.0,18077
classification,MissForest,EnsembleSoft,0.3,5,1,0.9207251082251082,0.8958333333333334,93,24,"{'Basal': 23, 'Her2': 11, 'LumA': 46, 'LumB': 13}","{'Basal': 6, 'Her2': 3, 'LumA': 11, 'LumB': 4}",4,False,0.9166666666666666,0.8461538461538461,1.0,0.8571428571428571,1.0,0.75,1.0,1.0,1.0,0.9090909090909091,1.0,0.8333333333333334,18077
classification,MissForest,EnsembleSoft,0.3,5,2,1.0,1.0,93,24,"{'Basal': 23, 'Her2': 11, 'LumA': 46, 'LumB': 13}","{'Basal': 6, 'Her2': 3, 'LumA': 11, 'LumB': 4}",4,False,1.0,1.0,1.0,1.0,1.0,1.0,1.0,1.0,1.0,1.0,1.0,1.0,18077
classification,MissForest,EnsembleSoft,0.3,5,3,0.9142857142857143,0.9166666666666666,94,23,"{'Basal': 23, 'Her2': 11, 'LumA': 46, 'LumB': 14}","{'Basal': 6, 'Her2': 3, 'LumA': 11, 'LumB': 3}",4,False,1.0,1.0,1.0,0.8,1.0,0.6666666666666666,0.8571428571428571,0.75,1.0,1.0,1.0,1.0,18077
classification,MissForest,EnsembleSoft,0.3,5,4,0.8541666666666666,0.8541666666666666,94,23,"{'Basal': 23, 'Her2': 12, 'LumA': 45, 'LumB': 14}","{'Basal': 6, 'Her2': 2, 'LumA': 12, 'LumB': 3}",4,False,0.9166666666666666,0.9166666666666666,0.9166666666666666,1.0,1.0,1.0,0.5,0.5,0.5,1.0,1.0,1.0,18077
classification,MissForest,EnsembleSoft,0.3,5,5,0.7830419580419581,0.75,94,23,"{'Basal': 24, 'Her2': 11, 'LumA': 45, 'LumB': 14}","{'Basal': 5, 'Her2': 3, 'LumA': 12, 'LumB': 3}",4,False,0.9230769230769231,0.8571428571428571,1.0,0.5,1.0,0.3333333333333333,0.8,1.0,0.6666666666666666,0.9090909090909091,0.8333333333333334,1.0,18077
classification,SimpleMean,EnsembleSoft,0.3,6,1,0.8949745906267645,0.8958333333333334,93,24,"{'Basal': 23, 'Her2': 11, 'LumA': 46, 'LumB': 13}","{'Basal': 6, 'Her2': 3, 'LumA': 11, 'LumB': 4}",4,False,0.9565217391304348,0.9166666666666666,1.0,0.8571428571428571,1.0,0.75,0.8571428571428571,0.75,1.0,0.9090909090909091,1.0,0.8333333333333334,18078
classification,SimpleMean,EnsembleSoft,0.3,6,2,0.9222222222222223,0.9166666666666666,93,24,"{'Basal': 23, 'Her2': 11, 'LumA': 46, 'LumB': 13}","{'Basal': 6, 'Her2': 3, 'LumA': 11, 'LumB': 4}",4,False,1.0,1.0,1.0,0.8888888888888888,0.8,1.0,0.8,1.0,0.6666666666666666,1.0,1.0,1.0,18078
classification,SimpleMean,EnsembleSoft,0.3,6,3,0.8791666666666667,0.8333333333333333,94,23,"{'Basal': 23, 'Her2': 11, 'LumA': 46, 'LumB': 14}","{'Basal': 6, 'Her2': 3, 'LumA': 11, 'LumB': 3}",4,False,0.9166666666666666,0.8461538461538461,1.0,0.8,1.0,0.6666666666666666,0.8,1.0,0.6666666666666666,1.0,1.0,1.0,18078
classification,SimpleMean,EnsembleSoft,0.3,6,4,0.8601190476190476,0.8541666666666666,94,23,"{'Basal': 23, 'Her2': 12, 'LumA': 45, 'LumB': 14}","{'Basal': 6, 'Her2': 2, 'LumA': 12, 'LumB': 3}",4,False,0.9166666666666666,0.9166666666666666,0.9166666666666666,0.8571428571428571,0.75,1.0,0.6666666666666666,1.0,0.5,1.0,1.0,1.0,18078
classification,SimpleMean,EnsembleSoft,0.3,6,5,0.8557692307692308,0.8333333333333334,94,23,"{'Basal': 24, 'Her2': 11, 'LumA': 45, 'LumB': 14}","{'Basal': 5, 'Her2': 3, 'LumA': 12, 'LumB': 3}",4,False,0.9230769230769231,0.8571428571428571,1.0,0.5,1.0,0.3333333333333333,1.0,1.0,1.0,1.0,1.0,1.0,18078
classification,"KNN(k=5,dist)",EnsembleSoft,0.3,6,1,0.953416149068323,0.9375,93,24,"{'Basal': 23, 'Her2': 11, 'LumA': 46, 'LumB': 13}","{'Basal': 6, 'Her2': 3, 'LumA': 11, 'LumB': 4}",4,False,0.9565217391304348,0.9166666666666666,1.0,0.8571428571428571,1.0,0.75,1.0,1.0,1.0,1.0,1.0,1.0,18078
classification,"KNN(k=5,dist)",EnsembleSoft,0.3,6,2,1.0,1.0,93,24,"{'Basal': 23, 'Her2': 11, 'LumA': 46, 'LumB': 13}","{'Basal': 6, 'Her2': 3, 'LumA': 11, 'LumB': 4}",4,False,1.0,1.0,1.0,1.0,1.0,1.0,1.0,1.0,1.0,1.0,1.0,1.0,18078
classification,"KNN(k=5,dist)",EnsembleSoft,0.3,6,3,0.9307692307692308,0.9166666666666666,94,23,"{'Basal': 23, 'Her2': 11, 'LumA': 46, 'LumB': 14}","{'Basal': 6, 'Her2': 3, 'LumA': 11, 'LumB': 3}",4,False,1.0,1.0,1.0,1.0,1.0,1.0,0.8,1.0,0.6666666666666666,0.9230769230769231,0.8571428571428571,1.0,18078
classification,"KNN(k=5,dist)",EnsembleSoft,0.3,6,4,0.7567965367965368,0.7291666666666666,94,23,"{'Basal': 23, 'Her2': 12, 'LumA': 45, 'LumB': 14}","{'Basal': 6, 'Her2': 2, 'LumA': 12, 'LumB': 3}",4,False,0.88,0.8461538461538461,0.9166666666666666,0.5714285714285714,0.5,0.6666666666666666,0.6666666666666666,1.0,0.5,0.9090909090909091,1.0,0.8333333333333334,18078
classification,"KNN(k=5,dist)",EnsembleSoft,0.3,6,5,0.8557692307692308,0.8333333333333334,94,23,"{'Basal': 24, 'Her2': 11, 'LumA': 45, 'LumB': 14}","{'Basal': 5, 'Her2': 3, 'LumA': 12, 'LumB': 3}",4,False,0.9230769230769231,0.8571428571428571,1.0,0.5,1.0,0.3333333333333333,1.0,1.0,1.0,1.0,1.0,1.0,18078
classification,RFECA_SVR(k=5),EnsembleSoft,0.3,6,1,0.8949745906267645,0.8958333333333334,93,24,"{'Basal': 23, 'Her2': 11, 'LumA': 46, 'LumB': 13}","{'Basal': 6, 'Her2': 3, 'LumA': 11, 'LumB': 4}",4,False,0.9565217391304348,0.9166666666666666,1.0,0.8571428571428571,1.0,0.75,0.8571428571428571,0.75,1.0,0.9090909090909091,1.0,0.8333333333333334,18078
classification,RFECA_SVR(k=5),EnsembleSoft,0.3,6,2,0.9222222222222223,0.9166666666666666,93,24,"{'Basal': 23, 'Her2': 11, 'LumA': 46, 'LumB': 13}","{'Basal': 6, 'Her2': 3, 'LumA': 11, 'LumB': 4}",4,False,1.0,1.0,1.0,0.8888888888888888,0.8,1.0,0.8,1.0,0.6666666666666666,1.0,1.0,1.0,18078
classification,RFECA_SVR(k=5),EnsembleSoft,0.3,6,3,0.8791666666666667,0.8333333333333333,94,23,"{'Basal': 23, 'Her2': 11, 'LumA': 46, 'LumB': 14}","{'Basal': 6, 'Her2': 3, 'LumA': 11, 'LumB': 3}",4,False,0.9166666666666666,0.8461538461538461,1.0,0.8,1.0,0.6666666666666666,0.8,1.0,0.6666666666666666,1.0,1.0,1.0,18078
classification,RFECA_SVR(k=5),EnsembleSoft,0.3,6,4,0.7567965367965368,0.7291666666666666,94,23,"{'Basal': 23, 'Her2': 12, 'LumA': 45, 'LumB': 14}","{'Basal': 6, 'Her2': 2, 'LumA': 12, 'LumB': 3}",4,False,0.88,0.8461538461538461,0.9166666666666666,0.5714285714285714,0.5,0.6666666666666666,0.6666666666666666,1.0,0.5,0.9090909090909091,1.0,0.8333333333333334,18078
classification,RFECA_SVR(k=5),EnsembleSoft,0.3,6,5,0.8557692307692308,0.8333333333333334,94,23,"{'Basal': 24, 'Her2': 11, 'LumA': 45, 'LumB': 14}","{'Basal': 5, 'Her2': 3, 'LumA': 12, 'LumB': 3}",4,False,0.9230769230769231,0.8571428571428571,1.0,0.5,1.0,0.3333333333333333,1.0,1.0,1.0,1.0,1.0,1.0,18078
classification,RFECA_SVR(k=10),EnsembleSoft,0.3,6,1,0.8949745906267645,0.8958333333333334,93,24,"{'Basal': 23, 'Her2': 11, 'LumA': 46, 'LumB': 13}","{'Basal': 6, 'Her2': 3, 'LumA': 11, 'LumB': 4}",4,False,0.9565217391304348,0.9166666666666666,1.0,0.8571428571428571,1.0,0.75,0.8571428571428571,0.75,1.0,0.9090909090909091,1.0,0.8333333333333334,18078
classification,RFECA_SVR(k=10),EnsembleSoft,0.3,6,2,0.9222222222222223,0.9166666666666666,93,24,"{'Basal': 23, 'Her2': 11, 'LumA': 46, 'LumB': 13}","{'Basal': 6, 'Her2': 3, 'LumA': 11, 'LumB': 4}",4,False,1.0,1.0,1.0,0.8888888888888888,0.8,1.0,0.8,1.0,0.6666666666666666,1.0,1.0,1.0,18078
classification,RFECA_SVR(k=10),EnsembleSoft,0.3,6,3,0.9307692307692308,0.9166666666666666,94,23,"{'Basal': 23, 'Her2': 11, 'LumA': 46, 'LumB': 14}","{'Basal': 6, 'Her2': 3, 'LumA': 11, 'LumB': 3}",4,False,1.0,1.0,1.0,0.8,1.0,0.6666666666666666,1.0,1.0,1.0,0.9230769230769231,0.8571428571428571,1.0,18078
classification,RFECA_SVR(k=10),EnsembleSoft,0.3,6,4,0.7957251082251082,0.8125,94,23,"{'Basal': 23, 'Her2': 12, 'LumA': 45, 'LumB': 14}","{'Basal': 6, 'Her2': 2, 'LumA': 12, 'LumB': 3}",4,False,0.9166666666666666,0.9166666666666666,0.9166666666666666,0.8571428571428571,0.75,1.0,0.5,0.5,0.5,0.9090909090909091,1.0,0.8333333333333334,18078
classification,RFECA_SVR(k=10),EnsembleSoft,0.3,6,5,0.8557692307692308,0.8333333333333334,94,23,"{'Basal': 24, 'Her2': 11, 'LumA': 45, 'LumB': 14}","{'Basal': 5, 'Her2': 3, 'LumA': 12, 'LumB': 3}",4,False,0.9230769230769231,0.8571428571428571,1.0,0.5,1.0,0.3333333333333333,1.0,1.0,1.0,1.0,1.0,1.0,18078
classification,RFECA_SVR(k=20),EnsembleSoft,0.3,6,1,0.8949745906267645,0.8958333333333334,93,24,"{'Basal': 23, 'Her2': 11, 'LumA': 46, 'LumB': 13}","{'Basal': 6, 'Her2': 3, 'LumA': 11, 'LumB': 4}",4,False,0.9565217391304348,0.9166666666666666,1.0,0.8571428571428571,1.0,0.75,0.8571428571428571,0.75,1.0,0.9090909090909091,1.0,0.8333333333333334,18078
classification,RFECA_SVR(k=20),EnsembleSoft,0.3,6,2,0.836352657004831,0.8333333333333333,93,24,"{'Basal': 23, 'Her2': 11, 'LumA': 46, 'LumB': 13}","{'Basal': 6, 'Her2': 3, 'LumA': 11, 'LumB': 4}",4,False,0.9565217391304348,0.9166666666666666,1.0,0.8888888888888888,0.8,1.0,0.5,1.0,0.3333333333333333,1.0,1.0,1.0,18078
classification,RFECA_SVR(k=20),EnsembleSoft,0.3,6,3,0.9307692307692308,0.9166666666666666,94,23,"{'Basal': 23, 'Her2': 11, 'LumA': 46, 'LumB': 14}","{'Basal': 6, 'Her2': 3, 'LumA': 11, 'LumB': 3}",4,False,1.0,1.0,1.0,1.0,1.0,1.0,0.8,1.0,0.6666666666666666,0.9230769230769231,0.8571428571428571,1.0,18078
classification,RFECA_SVR(k=20),EnsembleSoft,0.3,6,4,0.7567965367965368,0.7291666666666666,94,23,"{'Basal': 23, 'Her2': 12, 'LumA': 45, 'LumB': 14}","{'Basal': 6, 'Her2': 2, 'LumA': 12, 'LumB': 3}",4,False,0.88,0.8461538461538461,0.9166666666666666,0.5714285714285714,0.5,0.6666666666666666,0.6666666666666666,1.0,0.5,0.9090909090909091,1.0,0.8333333333333334,18078
classification,RFECA_SVR(k=20),EnsembleSoft,0.3,6,5,0.7222222222222222,0.75,94,23,"{'Basal': 24, 'Her2': 11, 'LumA': 45, 'LumB': 14}","{'Basal': 5, 'Her2': 3, 'LumA': 12, 'LumB': 3}",3,False,0.8888888888888888,0.8,1.0,0.0,0.0,0.0,1.0,1.0,1.0,1.0,1.0,1.0,18078
classification,MissForest,EnsembleSoft,0.3,6,1,0.953416149068323,0.9375,93,24,"{'Basal': 23, 'Her2': 11, 'LumA': 46, 'LumB': 13}","{'Basal': 6, 'Her2': 3, 'LumA': 11, 'LumB': 4}",4,False,0.9565217391304348,0.9166666666666666,1.0,0.8571428571428571,1.0,0.75,1.0,1.0,1.0,1.0,1.0,1.0,18078
classification,MissForest,EnsembleSoft,0.3,6,2,0.9222222222222223,0.9166666666666666,93,24,"{'Basal': 23, 'Her2': 11, 'LumA': 46, 'LumB': 13}","{'Basal': 6, 'Her2': 3, 'LumA': 11, 'LumB': 4}",4,False,1.0,1.0,1.0,0.8888888888888888,0.8,1.0,0.8,1.0,0.6666666666666666,1.0,1.0,1.0,18078
classification,MissForest,EnsembleSoft,0.3,6,3,0.8474358974358975,0.8333333333333333,94,23,"{'Basal': 23, 'Her2': 11, 'LumA': 46, 'LumB': 14}","{'Basal': 6, 'Her2': 3, 'LumA': 11, 'LumB': 3}",4,False,1.0,1.0,1.0,0.8,1.0,0.6666666666666666,0.6666666666666666,0.6666666666666666,0.6666666666666666,0.9230769230769231,0.8571428571428571,1.0,18078
classification,MissForest,EnsembleSoft,0.3,6,4,0.8541666666666666,0.8541666666666666,94,23,"{'Basal': 23, 'Her2': 12, 'LumA': 45, 'LumB': 14}","{'Basal': 6, 'Her2': 2, 'LumA': 12, 'LumB': 3}",4,False,0.9166666666666666,0.9166666666666666,0.9166666666666666,1.0,1.0,1.0,0.5,0.5,0.5,1.0,1.0,1.0,18078
classification,MissForest,EnsembleSoft,0.3,6,5,0.8557692307692308,0.8333333333333334,94,23,"{'Basal': 24, 'Her2': 11, 'LumA': 45, 'LumB': 14}","{'Basal': 5, 'Her2': 3, 'LumA': 12, 'LumB': 3}",4,False,0.9230769230769231,0.8571428571428571,1.0,0.5,1.0,0.3333333333333333,1.0,1.0,1.0,1.0,1.0,1.0,18078
classification,SimpleMean,EnsembleSoft,0.3,7,1,0.8563311688311689,0.8731060606060607,93,24,"{'Basal': 23, 'Her2': 11, 'LumA': 46, 'LumB': 13}","{'Basal': 6, 'Her2': 3, 'LumA': 11, 'LumB': 4}",4,False,0.9090909090909091,0.9090909090909091,0.9090909090909091,0.75,0.75,0.75,0.8571428571428571,0.75,1.0,0.9090909090909091,1.0,0.8333333333333334,18079
classification,SimpleMean,EnsembleSoft,0.3,7,2,0.8766304347826087,0.8541666666666666,93,24,"{'Basal': 23, 'Her2': 11, 'LumA': 46, 'LumB': 13}","{'Basal': 6, 'Her2': 3, 'LumA': 11, 'LumB': 4}",4,False,0.9565217391304348,0.9166666666666666,1.0,0.75,0.75,0.75,0.8,1.0,0.6666666666666666,1.0,1.0,1.0,18079
classification,SimpleMean,EnsembleSoft,0.3,7,3,0.8791666666666667,0.8333333333333333,94,23,"{'Basal': 23, 'Her2': 11, 'LumA': 46, 'LumB': 14}","{'Basal': 6, 'Her2': 3, 'LumA': 11, 'LumB': 3}",4,False,0.9166666666666666,0.8461538461538461,1.0,0.8,1.0,0.6666666666666666,0.8,1.0,0.6666666666666666,1.0,1.0,1.0,18079
classification,SimpleMean,EnsembleSoft,0.3,7,4,0.9066666666666666,0.875,94,23,"{'Basal': 23, 'Her2': 12, 'LumA': 45, 'LumB': 14}","{'Basal': 6, 'Her2': 2, 'LumA': 12, 'LumB': 3}",4,False,0.96,0.9230769230769231,1.0,1.0,1.0,1.0,0.6666666666666666,1.0,0.5,1.0,1.0,1.0,18079
classification,SimpleMean,EnsembleSoft,0.3,7,5,0.8557692307692308,0.8333333333333334,94,23,"{'Basal': 24, 'Her2': 11, 'LumA': 45, 'LumB': 14}","{'Basal': 5, 'Her2': 3, 'LumA': 12, 'LumB': 3}",4,False,0.9230769230769231,0.8571428571428571,1.0,0.5,1.0,0.3333333333333333,1.0,1.0,1.0,1.0,1.0,1.0,18079
classification,"KNN(k=5,dist)",EnsembleSoft,0.3,7,1,0.8563311688311689,0.8731060606060607,93,24,"{'Basal': 23, 'Her2': 11, 'LumA': 46, 'LumB': 13}","{'Basal': 6, 'Her2': 3, 'LumA': 11, 'LumB': 4}",4,False,0.9090909090909091,0.9090909090909091,0.9090909090909091,0.75,0.75,0.75,0.8571428571428571,0.75,1.0,0.9090909090909091,1.0,0.8333333333333334,18079
classification,"KNN(k=5,dist)",EnsembleSoft,0.3,7,2,0.8766304347826087,0.8541666666666666,93,24,"{'Basal': 23, 'Her2': 11, 'LumA': 46, 'LumB': 13}","{'Basal': 6, 'Her2': 3, 'LumA': 11, 'LumB': 4}",4,False,0.9565217391304348,0.9166666666666666,1.0,0.75,0.75,0.75,0.8,1.0,0.6666666666666666,1.0,1.0,1.0,18079
classification,"KNN(k=5,dist)",EnsembleSoft,0.3,7,3,0.9391304347826087,0.9166666666666666,94,23,"{'Basal': 23, 'Her2': 11, 'LumA': 46, 'LumB': 14}","{'Basal': 6, 'Her2': 3, 'LumA': 11, 'LumB': 3}",4,False,0.9565217391304348,0.9166666666666666,1.0,1.0,1.0,1.0,0.8,1.0,0.6666666666666666,1.0,1.0,1.0,18079
classification,"KNN(k=5,dist)",EnsembleSoft,0.3,7,4,0.9066666666666666,0.875,94,23,"{'Basal': 23, 'Her2': 12, 'LumA': 45, 'LumB': 14}","{'Basal': 6, 'Her2': 2, 'LumA': 12, 'LumB': 3}",4,False,0.96,0.9230769230769231,1.0,1.0,1.0,1.0,0.6666666666666666,1.0,0.5,1.0,1.0,1.0,18079
classification,"KNN(k=5,dist)",EnsembleSoft,0.3,7,5,0.7830419580419581,0.75,94,23,"{'Basal': 24, 'Her2': 11, 'LumA': 45, 'LumB': 14}","{'Basal': 5, 'Her2': 3, 'LumA': 12, 'LumB': 3}",4,False,0.9230769230769231,0.8571428571428571,1.0,0.5,1.0,0.3333333333333333,0.8,1.0,0.6666666666666666,0.9090909090909091,0.8333333333333334,1.0,18079
classification,RFECA_SVR(k=5),EnsembleSoft,0.3,7,1,0.8949745906267645,0.8958333333333334,93,24,"{'Basal': 23, 'Her2': 11, 'LumA': 46, 'LumB': 13}","{'Basal': 6, 'Her2': 3, 'LumA': 11, 'LumB': 4}",4,False,0.9565217391304348,0.9166666666666666,1.0,0.8571428571428571,1.0,0.75,0.8571428571428571,0.75,1.0,0.9090909090909091,1.0,0.8333333333333334,18079
classification,RFECA_SVR(k=5),EnsembleSoft,0.3,7,2,0.9222222222222223,0.9166666666666666,93,24,"{'Basal': 23, 'Her2': 11, 'LumA': 46, 'LumB': 13}","{'Basal': 6, 'Her2': 3, 'LumA': 11, 'LumB': 4}",4,False,1.0,1.0,1.0,0.8888888888888888,0.8,1.0,0.8,1.0,0.6666666666666666,1.0,1.0,1.0,18079
classification,RFECA_SVR(k=5),EnsembleSoft,0.3,7,3,0.9391304347826087,0.9166666666666666,94,23,"{'Basal': 23, 'Her2': 11, 'LumA': 46, 'LumB': 14}","{'Basal': 6, 'Her2': 3, 'LumA': 11, 'LumB': 3}",4,False,0.9565217391304348,0.9166666666666666,1.0,0.8,1.0,0.6666666666666666,1.0,1.0,1.0,1.0,1.0,1.0,18079
classification,RFECA_SVR(k=5),EnsembleSoft,0.3,7,4,0.8601190476190476,0.8541666666666666,94,23,"{'Basal': 23, 'Her2': 12, 'LumA': 45, 'LumB': 14}","{'Basal': 6, 'Her2': 2, 'LumA': 12, 'LumB': 3}",4,False,0.9166666666666666,0.9166666666666666,0.9166666666666666,0.8571428571428571,0.75,1.0,0.6666666666666666,1.0,0.5,1.0,1.0,1.0,18079
classification,RFECA_SVR(k=5),EnsembleSoft,0.3,7,5,0.8557692307692308,0.8333333333333334,94,23,"{'Basal': 24, 'Her2': 11, 'LumA': 45, 'LumB': 14}","{'Basal': 5, 'Her2': 3, 'LumA': 12, 'LumB': 3}",4,False,0.9230769230769231,0.8571428571428571,1.0,0.5,1.0,0.3333333333333333,1.0,1.0,1.0,1.0,1.0,1.0,18079
classification,RFECA_SVR(k=10),EnsembleSoft,0.3,7,1,0.8563311688311689,0.8731060606060607,93,24,"{'Basal': 23, 'Her2': 11, 'LumA': 46, 'LumB': 13}","{'Basal': 6, 'Her2': 3, 'LumA': 11, 'LumB': 4}",4,False,0.9090909090909091,0.9090909090909091,0.9090909090909091,0.75,0.75,0.75,0.8571428571428571,0.75,1.0,0.9090909090909091,1.0,0.8333333333333334,18079
classification,RFECA_SVR(k=10),EnsembleSoft,0.3,7,2,0.9222222222222223,0.9166666666666666,93,24,"{'Basal': 23, 'Her2': 11, 'LumA': 46, 'LumB': 13}","{'Basal': 6, 'Her2': 3, 'LumA': 11, 'LumB': 4}",4,False,1.0,1.0,1.0,0.8888888888888888,0.8,1.0,0.8,1.0,0.6666666666666666,1.0,1.0,1.0,18079
classification,RFECA_SVR(k=10),EnsembleSoft,0.3,7,3,0.9142857142857143,0.9166666666666666,94,23,"{'Basal': 23, 'Her2': 11, 'LumA': 46, 'LumB': 14}","{'Basal': 6, 'Her2': 3, 'LumA': 11, 'LumB': 3}",4,False,1.0,1.0,1.0,0.8,1.0,0.6666666666666666,0.8571428571428571,0.75,1.0,1.0,1.0,1.0,18079
classification,RFECA_SVR(k=10),EnsembleSoft,0.3,7,4,0.8601190476190476,0.8541666666666666,94,23,"{'Basal': 23, 'Her2': 12, 'LumA': 45, 'LumB': 14}","{'Basal': 6, 'Her2': 2, 'LumA': 12, 'LumB': 3}",4,False,0.9166666666666666,0.9166666666666666,0.9166666666666666,0.8571428571428571,0.75,1.0,0.6666666666666666,1.0,0.5,1.0,1.0,1.0,18079
classification,RFECA_SVR(k=10),EnsembleSoft,0.3,7,5,0.7934523809523809,0.8125,94,23,"{'Basal': 24, 'Her2': 11, 'LumA': 45, 'LumB': 14}","{'Basal': 5, 'Her2': 3, 'LumA': 12, 'LumB': 3}",4,False,0.9166666666666666,0.9166666666666666,0.9166666666666666,0.4,0.5,0.3333333333333333,0.8571428571428571,0.75,1.0,1.0,1.0,1.0,18079
classification,RFECA_SVR(k=20),EnsembleSoft,0.3,7,1,0.8949745906267645,0.8958333333333334,93,24,"{'Basal': 23, 'Her2': 11, 'LumA': 46, 'LumB': 13}","{'Basal': 6, 'Her2': 3, 'LumA': 11, 'LumB': 4}",4,False,0.9565217391304348,0.9166666666666666,1.0,0.8571428571428571,1.0,0.75,0.8571428571428571,0.75,1.0,0.9090909090909091,1.0,0.8333333333333334,18079
classification,RFECA_SVR(k=20),EnsembleSoft,0.3,7,2,0.9222222222222223,0.9166666666666666,93,24,"{'Basal': 23, 'Her2': 11, 'LumA': 46, 'LumB': 13}","{'Basal': 6, 'Her2': 3, 'LumA': 11, 'LumB': 4}",4,False,1.0,1.0,1.0,0.8888888888888888,0.8,1.0,0.8,1.0,0.6666666666666666,1.0,1.0,1.0,18079
classification,RFECA_SVR(k=20),EnsembleSoft,0.3,7,3,1.0,1.0,94,23,"{'Basal': 23, 'Her2': 11, 'LumA': 46, 'LumB': 14}","{'Basal': 6, 'Her2': 3, 'LumA': 11, 'LumB': 3}",4,False,1.0,1.0,1.0,1.0,1.0,1.0,1.0,1.0,1.0,1.0,1.0,1.0,18079
classification,RFECA_SVR(k=20),EnsembleSoft,0.3,7,4,0.8508520465042204,0.8541666666666666,94,23,"{'Basal': 23, 'Her2': 12, 'LumA': 45, 'LumB': 14}","{'Basal': 6, 'Her2': 2, 'LumA': 12, 'LumB': 3}",4,False,0.9565217391304348,1.0,0.9166666666666666,0.8571428571428571,0.75,1.0,0.6666666666666666,1.0,0.5,0.9230769230769231,0.8571428571428571,1.0,18079
classification,RFECA_SVR(k=20),EnsembleSoft,0.3,7,5,0.6533333333333333,0.6458333333333334,94,23,"{'Basal': 24, 'Her2': 11, 'LumA': 45, 'LumB': 14}","{'Basal': 5, 'Her2': 3, 'LumA': 12, 'LumB': 3}",4,False,0.88,0.8461538461538461,0.9166666666666666,0.4,0.5,0.3333333333333333,0.5,1.0,0.3333333333333333,0.8333333333333334,0.7142857142857143,1.0,18079
classification,MissForest,EnsembleSoft,0.3,7,1,0.8949745906267645,0.8958333333333334,93,24,"{'Basal': 23, 'Her2': 11, 'LumA': 46, 'LumB': 13}","{'Basal': 6, 'Her2': 3, 'LumA': 11, 'LumB': 4}",4,False,0.9565217391304348,0.9166666666666666,1.0,0.8571428571428571,1.0,0.75,0.8571428571428571,0.75,1.0,0.9090909090909091,1.0,0.8333333333333334,18079
classification,MissForest,EnsembleSoft,0.3,7,2,0.8766304347826087,0.8541666666666666,93,24,"{'Basal': 23, 'Her2': 11, 'LumA': 46, 'LumB': 13}","{'Basal': 6, 'Her2': 3, 'LumA': 11, 'LumB': 4}",4,False,0.9565217391304348,0.9166666666666666,1.0,0.75,0.75,0.75,0.8,1.0,0.6666666666666666,1.0,1.0,1.0,18079
classification,MissForest,EnsembleSoft,0.3,7,3,1.0,1.0,94,23,"{'Basal': 23, 'Her2': 11, 'LumA': 46, 'LumB': 14}","{'Basal': 6, 'Her2': 3, 'LumA': 11, 'LumB': 3}",4,False,1.0,1.0,1.0,1.0,1.0,1.0,1.0,1.0,1.0,1.0,1.0,1.0,18079
classification,MissForest,EnsembleSoft,0.3,7,4,0.953416149068323,0.9791666666666666,94,23,"{'Basal': 23, 'Her2': 12, 'LumA': 45, 'LumB': 14}","{'Basal': 6, 'Her2': 2, 'LumA': 12, 'LumB': 3}",4,False,0.9565217391304348,1.0,0.9166666666666666,0.8571428571428571,0.75,1.0,1.0,1.0,1.0,1.0,1.0,1.0,18079
classification,MissForest,EnsembleSoft,0.3,7,5,0.8557692307692308,0.8333333333333334,94,23,"{'Basal': 24, 'Her2': 11, 'LumA': 45, 'LumB': 14}","{'Basal': 5, 'Her2': 3, 'LumA': 12, 'LumB': 3}",4,False,0.9230769230769231,0.8571428571428571,1.0,0.5,1.0,0.3333333333333333,1.0,1.0,1.0,1.0,1.0,1.0,18079
classification,SimpleMean,EnsembleSoft,0.3,8,1,0.8563311688311688,0.8731060606060607,93,24,"{'Basal': 23, 'Her2': 11, 'LumA': 46, 'LumB': 13}","{'Basal': 6, 'Her2': 3, 'LumA': 11, 'LumB': 4}",4,False,0.9090909090909091,0.9090909090909091,0.9090909090909091,0.8571428571428571,1.0,0.75,0.75,0.6,1.0,0.9090909090909091,1.0,0.8333333333333334,18080
classification,SimpleMean,EnsembleSoft,0.3,8,2,0.9222222222222223,0.9166666666666666,93,24,"{'Basal': 23, 'Her2': 11, 'LumA': 46, 'LumB': 13}","{'Basal': 6, 'Her2': 3, 'LumA': 11, 'LumB': 4}",4,False,1.0,1.0,1.0,0.8888888888888888,0.8,1.0,0.8,1.0,0.6666666666666666,1.0,1.0,1.0,18080
classification,SimpleMean,EnsembleSoft,0.3,8,3,0.795,0.7499999999999999,94,23,"{'Basal': 23, 'Her2': 11, 'LumA': 46, 'LumB': 14}","{'Basal': 6, 'Her2': 3, 'LumA': 11, 'LumB': 3}",4,False,0.88,0.7857142857142857,1.0,0.8,1.0,0.6666666666666666,0.5,1.0,0.3333333333333333,1.0,1.0,1.0,18080
classification,SimpleMean,EnsembleSoft,0.3,8,4,0.8601190476190476,0.8541666666666666,94,23,"{'Basal': 23, 'Her2': 12, 'LumA': 45, 'LumB': 14}","{'Basal': 6, 'Her2': 2, 'LumA': 12, 'LumB': 3}",4,False,0.9166666666666666,0.9166666666666666,0.9166666666666666,0.8571428571428571,0.75,1.0,0.6666666666666666,1.0,0.5,1.0,1.0,1.0,18080
classification,SimpleMean,EnsembleSoft,0.3,8,5,0.8557692307692308,0.8333333333333334,94,23,"{'Basal': 24, 'Her2': 11, 'LumA': 45, 'LumB': 14}","{'Basal': 5, 'Her2': 3, 'LumA': 12, 'LumB': 3}",4,False,0.9230769230769231,0.8571428571428571,1.0,0.5,1.0,0.3333333333333333,1.0,1.0,1.0,1.0,1.0,1.0,18080
classification,"KNN(k=5,dist)",EnsembleSoft,0.3,8,1,0.8949745906267645,0.8958333333333334,93,24,"{'Basal': 23, 'Her2': 11, 'LumA': 46, 'LumB': 13}","{'Basal': 6, 'Her2': 3, 'LumA': 11, 'LumB': 4}",4,False,0.9565217391304348,0.9166666666666666,1.0,0.8571428571428571,1.0,0.75,0.8571428571428571,0.75,1.0,0.9090909090909091,1.0,0.8333333333333334,18080
classification,"KNN(k=5,dist)",EnsembleSoft,0.3,8,2,0.8766304347826087,0.8541666666666666,93,24,"{'Basal': 23, 'Her2': 11, 'LumA': 46, 'LumB': 13}","{'Basal': 6, 'Her2': 3, 'LumA': 11, 'LumB': 4}",4,False,0.9565217391304348,0.9166666666666666,1.0,0.75,0.75,0.75,0.8,1.0,0.6666666666666666,1.0,1.0,1.0,18080
classification,"KNN(k=5,dist)",EnsembleSoft,0.3,8,3,0.8448996655518395,0.8333333333333333,94,23,"{'Basal': 23, 'Her2': 11, 'LumA': 46, 'LumB': 14}","{'Basal': 6, 'Her2': 3, 'LumA': 11, 'LumB': 3}",4,False,0.9565217391304348,0.9166666666666666,1.0,1.0,1.0,1.0,0.5,1.0,0.3333333333333333,0.9230769230769231,0.8571428571428571,1.0,18080
classification,"KNN(k=5,dist)",EnsembleSoft,0.3,8,4,0.8474358974358974,0.7916666666666666,94,23,"{'Basal': 23, 'Her2': 12, 'LumA': 45, 'LumB': 14}","{'Basal': 6, 'Her2': 2, 'LumA': 12, 'LumB': 3}",4,False,0.9230769230769231,0.8571428571428571,1.0,0.8,1.0,0.6666666666666666,0.6666666666666666,1.0,0.5,1.0,1.0,1.0,18080
classification,"KNN(k=5,dist)",EnsembleSoft,0.3,8,5,0.8092857142857143,0.8125,94,23,"{'Basal': 24, 'Her2': 11, 'LumA': 45, 'LumB': 14}","{'Basal': 5, 'Her2': 3, 'LumA': 12, 'LumB': 3}",4,False,0.88,0.8461538461538461,0.9166666666666666,0.5,1.0,0.3333333333333333,0.8571428571428571,0.75,1.0,1.0,1.0,1.0,18080
classification,RFECA_SVR(k=5),EnsembleSoft,0.3,8,1,0.8563311688311688,0.8731060606060607,93,24,"{'Basal': 23, 'Her2': 11, 'LumA': 46, 'LumB': 13}","{'Basal': 6, 'Her2': 3, 'LumA': 11, 'LumB': 4}",4,False,0.9090909090909091,0.9090909090909091,0.9090909090909091,0.8571428571428571,1.0,0.75,0.75,0.6,1.0,0.9090909090909091,1.0,0.8333333333333334,18080
classification,RFECA_SVR(k=5),EnsembleSoft,0.3,8,2,0.825,0.8333333333333333,93,24,"{'Basal': 23, 'Her2': 11, 'LumA': 46, 'LumB': 13}","{'Basal': 6, 'Her2': 3, 'LumA': 11, 'LumB': 4}",4,False,1.0,1.0,1.0,0.8,0.6666666666666666,1.0,0.5,1.0,0.3333333333333333,1.0,1.0,1.0,18080
classification,RFECA_SVR(k=5),EnsembleSoft,0.3,8,3,0.8791666666666667,0.8333333333333333,94,23,"{'Basal': 23, 'Her2': 11, 'LumA': 46, 'LumB': 14}","{'Basal': 6, 'Her2': 3, 'LumA': 11, 'LumB': 3}",4,False,0.9166666666666666,0.8461538461538461,1.0,0.8,1.0,0.6666666666666666,0.8,1.0,0.6666666666666666,1.0,1.0,1.0,18080
classification,RFECA_SVR(k=5),EnsembleSoft,0.3,8,4,0.8601190476190476,0.8541666666666666,94,23,"{'Basal': 23, 'Her2': 12, 'LumA': 45, 'LumB': 14}","{'Basal': 6, 'Her2': 2, 'LumA': 12, 'LumB': 3}",4,False,0.9166666666666666,0.9166666666666666,0.9166666666666666,0.8571428571428571,0.75,1.0,0.6666666666666666,1.0,0.5,1.0,1.0,1.0,18080
classification,RFECA_SVR(k=5),EnsembleSoft,0.3,8,5,0.8557692307692308,0.8333333333333334,94,23,"{'Basal': 24, 'Her2': 11, 'LumA': 45, 'LumB': 14}","{'Basal': 5, 'Her2': 3, 'LumA': 12, 'LumB': 3}",4,False,0.9230769230769231,0.8571428571428571,1.0,0.5,1.0,0.3333333333333333,1.0,1.0,1.0,1.0,1.0,1.0,18080
classification,RFECA_SVR(k=10),EnsembleSoft,0.3,8,1,0.8563311688311688,0.8731060606060607,93,24,"{'Basal': 23, 'Her2': 11, 'LumA': 46, 'LumB': 13}","{'Basal': 6, 'Her2': 3, 'LumA': 11, 'LumB': 4}",4,False,0.9090909090909091,0.9090909090909091,0.9090909090909091,0.8571428571428571,1.0,0.75,0.75,0.6,1.0,0.9090909090909091,1.0,0.8333333333333334,18080
classification,RFECA_SVR(k=10),EnsembleSoft,0.3,8,2,0.825,0.8333333333333333,93,24,"{'Basal': 23, 'Her2': 11, 'LumA': 46, 'LumB': 13}","{'Basal': 6, 'Her2': 3, 'LumA': 11, 'LumB': 4}",4,False,1.0,1.0,1.0,0.8,0.6666666666666666,1.0,0.5,1.0,0.3333333333333333,1.0,1.0,1.0,18080
classification,RFECA_SVR(k=10),EnsembleSoft,0.3,8,3,0.8448996655518395,0.8333333333333333,94,23,"{'Basal': 23, 'Her2': 11, 'LumA': 46, 'LumB': 14}","{'Basal': 6, 'Her2': 3, 'LumA': 11, 'LumB': 3}",4,False,0.9565217391304348,0.9166666666666666,1.0,1.0,1.0,1.0,0.5,1.0,0.3333333333333333,0.9230769230769231,0.8571428571428571,1.0,18080
classification,RFECA_SVR(k=10),EnsembleSoft,0.3,8,4,0.8601190476190476,0.8541666666666666,94,23,"{'Basal': 23, 'Her2': 12, 'LumA': 45, 'LumB': 14}","{'Basal': 6, 'Her2': 2, 'LumA': 12, 'LumB': 3}",4,False,0.9166666666666666,0.9166666666666666,0.9166666666666666,0.8571428571428571,0.75,1.0,0.6666666666666666,1.0,0.5,1.0,1.0,1.0,18080
classification,RFECA_SVR(k=10),EnsembleSoft,0.3,8,5,0.8557692307692308,0.8333333333333334,94,23,"{'Basal': 24, 'Her2': 11, 'LumA': 45, 'LumB': 14}","{'Basal': 5, 'Her2': 3, 'LumA': 12, 'LumB': 3}",4,False,0.9230769230769231,0.8571428571428571,1.0,0.5,1.0,0.3333333333333333,1.0,1.0,1.0,1.0,1.0,1.0,18080
classification,RFECA_SVR(k=20),EnsembleSoft,0.3,8,1,0.8563311688311688,0.8731060606060607,93,24,"{'Basal': 23, 'Her2': 11, 'LumA': 46, 'LumB': 13}","{'Basal': 6, 'Her2': 3, 'LumA': 11, 'LumB': 4}",4,False,0.9090909090909091,0.9090909090909091,0.9090909090909091,0.8571428571428571,1.0,0.75,0.75,0.6,1.0,0.9090909090909091,1.0,0.8333333333333334,18080
classification,RFECA_SVR(k=20),EnsembleSoft,0.3,8,2,0.825,0.8333333333333333,93,24,"{'Basal': 23, 'Her2': 11, 'LumA': 46, 'LumB': 13}","{'Basal': 6, 'Her2': 3, 'LumA': 11, 'LumB': 4}",4,False,1.0,1.0,1.0,0.8,0.6666666666666666,1.0,0.5,1.0,0.3333333333333333,1.0,1.0,1.0,18080
classification,RFECA_SVR(k=20),EnsembleSoft,0.3,8,3,0.8557971014492753,0.8333333333333333,94,23,"{'Basal': 23, 'Her2': 11, 'LumA': 46, 'LumB': 14}","{'Basal': 6, 'Her2': 3, 'LumA': 11, 'LumB': 3}",4,False,0.9565217391304348,0.9166666666666666,1.0,0.8,1.0,0.6666666666666666,0.6666666666666666,0.6666666666666666,0.6666666666666666,1.0,1.0,1.0,18080
classification,RFECA_SVR(k=20),EnsembleSoft,0.3,8,4,0.8601190476190476,0.8541666666666666,94,23,"{'Basal': 23, 'Her2': 12, 'LumA': 45, 'LumB': 14}","{'Basal': 6, 'Her2': 2, 'LumA': 12, 'LumB': 3}",4,False,0.9166666666666666,0.9166666666666666,0.9166666666666666,0.8571428571428571,0.75,1.0,0.6666666666666666,1.0,0.5,1.0,1.0,1.0,18080
classification,RFECA_SVR(k=20),EnsembleSoft,0.3,8,5,0.8557692307692308,0.8333333333333334,94,23,"{'Basal': 24, 'Her2': 11, 'LumA': 45, 'LumB': 14}","{'Basal': 5, 'Her2': 3, 'LumA': 12, 'LumB': 3}",4,False,0.9230769230769231,0.8571428571428571,1.0,0.5,1.0,0.3333333333333333,1.0,1.0,1.0,1.0,1.0,1.0,18080
classification,MissForest,EnsembleSoft,0.3,8,1,0.8225108225108225,0.850378787878788,93,24,"{'Basal': 23, 'Her2': 11, 'LumA': 46, 'LumB': 13}","{'Basal': 6, 'Her2': 3, 'LumA': 11, 'LumB': 4}",4,False,0.8571428571428571,0.9,0.8181818181818182,0.8571428571428571,1.0,0.75,0.6666666666666666,0.5,1.0,0.9090909090909091,1.0,0.8333333333333334,18080
classification,MissForest,EnsembleSoft,0.3,8,2,0.825,0.8333333333333333,93,24,"{'Basal': 23, 'Her2': 11, 'LumA': 46, 'LumB': 13}","{'Basal': 6, 'Her2': 3, 'LumA': 11, 'LumB': 4}",4,False,1.0,1.0,1.0,0.8,0.6666666666666666,1.0,0.5,1.0,0.3333333333333333,1.0,1.0,1.0,18080
classification,MissForest,EnsembleSoft,0.3,8,3,1.0,1.0,94,23,"{'Basal': 23, 'Her2': 11, 'LumA': 46, 'LumB': 14}","{'Basal': 6, 'Her2': 3, 'LumA': 11, 'LumB': 3}",4,False,1.0,1.0,1.0,1.0,1.0,1.0,1.0,1.0,1.0,1.0,1.0,1.0,18080
classification,MissForest,EnsembleSoft,0.3,8,4,0.8601190476190476,0.8541666666666666,94,23,"{'Basal': 23, 'Her2': 12, 'LumA': 45, 'LumB': 14}","{'Basal': 6, 'Her2': 2, 'LumA': 12, 'LumB': 3}",4,False,0.9166666666666666,0.9166666666666666,0.9166666666666666,0.8571428571428571,0.75,1.0,0.6666666666666666,1.0,0.5,1.0,1.0,1.0,18080
classification,MissForest,EnsembleSoft,0.3,8,5,0.8557692307692308,0.8333333333333334,94,23,"{'Basal': 24, 'Her2': 11, 'LumA': 45, 'LumB': 14}","{'Basal': 5, 'Her2': 3, 'LumA': 12, 'LumB': 3}",4,False,0.9230769230769231,0.8571428571428571,1.0,0.5,1.0,0.3333333333333333,1.0,1.0,1.0,1.0,1.0,1.0,18080
classification,SimpleMean,EnsembleSoft,0.3,9,1,0.8949745906267645,0.8958333333333334,93,24,"{'Basal': 23, 'Her2': 11, 'LumA': 46, 'LumB': 13}","{'Basal': 6, 'Her2': 3, 'LumA': 11, 'LumB': 4}",4,False,0.9565217391304348,0.9166666666666666,1.0,0.8571428571428571,1.0,0.75,0.8571428571428571,0.75,1.0,0.9090909090909091,1.0,0.8333333333333334,18081
classification,SimpleMean,EnsembleSoft,0.3,9,2,0.836352657004831,0.8333333333333333,93,24,"{'Basal': 23, 'Her2': 11, 'LumA': 46, 'LumB': 13}","{'Basal': 6, 'Her2': 3, 'LumA': 11, 'LumB': 4}",4,False,0.9565217391304348,0.9166666666666666,1.0,0.8888888888888888,0.8,1.0,0.5,1.0,0.3333333333333333,1.0,1.0,1.0,18081
classification,SimpleMean,EnsembleSoft,0.3,9,3,0.9391304347826087,0.9166666666666666,94,23,"{'Basal': 23, 'Her2': 11, 'LumA': 46, 'LumB': 14}","{'Basal': 6, 'Her2': 3, 'LumA': 11, 'LumB': 3}",4,False,0.9565217391304348,0.9166666666666666,1.0,0.8,1.0,0.6666666666666666,1.0,1.0,1.0,1.0,1.0,1.0,18081
classification,SimpleMean,EnsembleSoft,0.3,9,4,0.9066666666666666,0.875,94,23,"{'Basal': 23, 'Her2': 12, 'LumA': 45, 'LumB': 14}","{'Basal': 6, 'Her2': 2, 'LumA': 12, 'LumB': 3}",4,False,0.96,0.9230769230769231,1.0,1.0,1.0,1.0,0.6666666666666666,1.0,0.5,1.0,1.0,1.0,18081
classification,SimpleMean,EnsembleSoft,0.3,9,5,0.7589393939393939,0.75,94,23,"{'Basal': 24, 'Her2': 11, 'LumA': 45, 'LumB': 14}","{'Basal': 5, 'Her2': 3, 'LumA': 12, 'LumB': 3}",4,False,0.96,0.9230769230769231,1.0,0.5,1.0,0.3333333333333333,0.6666666666666666,0.6666666666666666,0.6666666666666666,0.9090909090909091,0.8333333333333334,1.0,18081
classification,"KNN(k=5,dist)",EnsembleSoft,0.3,9,1,0.828416149068323,0.8125,93,24,"{'Basal': 23, 'Her2': 11, 'LumA': 46, 'LumB': 13}","{'Basal': 6, 'Her2': 3, 'LumA': 11, 'LumB': 4}",4,False,0.9565217391304348,0.9166666666666666,1.0,0.8571428571428571,1.0,0.75,0.6666666666666666,0.6666666666666666,0.6666666666666666,0.8333333333333334,0.8333333333333334,0.8333333333333334,18081
classification,"KNN(k=5,dist)",EnsembleSoft,0.3,9,2,0.9391304347826087,0.9166666666666666,93,24,"{'Basal': 23, 'Her2': 11, 'LumA': 46, 'LumB': 13}","{'Basal': 6, 'Her2': 3, 'LumA': 11, 'LumB': 4}",4,False,0.9565217391304348,0.9166666666666666,1.0,1.0,1.0,1.0,0.8,1.0,0.6666666666666666,1.0,1.0,1.0,18081
classification,"KNN(k=5,dist)",EnsembleSoft,0.3,9,3,1.0,1.0,94,23,"{'Basal': 23, 'Her2': 11, 'LumA': 46, 'LumB': 14}","{'Basal': 6, 'Her2': 3, 'LumA': 11, 'LumB': 3}",4,False,1.0,1.0,1.0,1.0,1.0,1.0,1.0,1.0,1.0,1.0,1.0,1.0,18081
classification,"KNN(k=5,dist)",EnsembleSoft,0.3,9,4,0.953416149068323,0.9791666666666666,94,23,"{'Basal': 23, 'Her2': 12, 'LumA': 45, 'LumB': 14}","{'Basal': 6, 'Her2': 2, 'LumA': 12, 'LumB': 3}",4,False,0.9565217391304348,1.0,0.9166666666666666,0.8571428571428571,0.75,1.0,1.0,1.0,1.0,1.0,1.0,1.0,18081
classification,"KNN(k=5,dist)",EnsembleSoft,0.3,9,5,0.8200000000000001,0.8125,94,23,"{'Basal': 24, 'Her2': 11, 'LumA': 45, 'LumB': 14}","{'Basal': 5, 'Her2': 3, 'LumA': 12, 'LumB': 3}",4,False,0.88,0.8461538461538461,0.9166666666666666,0.4,0.5,0.3333333333333333,1.0,1.0,1.0,1.0,1.0,1.0,18081
classification,RFECA_SVR(k=5),EnsembleSoft,0.3,9,1,0.8949745906267645,0.8958333333333334,93,24,"{'Basal': 23, 'Her2': 11, 'LumA': 46, 'LumB': 13}","{'Basal': 6, 'Her2': 3, 'LumA': 11, 'LumB': 4}",4,False,0.9565217391304348,0.9166666666666666,1.0,0.8571428571428571,1.0,0.75,0.8571428571428571,0.75,1.0,0.9090909090909091,1.0,0.8333333333333334,18081
classification,RFECA_SVR(k=5),EnsembleSoft,0.3,9,2,0.825,0.8333333333333333,93,24,"{'Basal': 23, 'Her2': 11, 'LumA': 46, 'LumB': 13}","{'Basal': 6, 'Her2': 3, 'LumA': 11, 'LumB': 4}",4,False,1.0,1.0,1.0,0.8,0.6666666666666666,1.0,0.5,1.0,0.3333333333333333,1.0,1.0,1.0,18081
classification,RFECA_SVR(k=5),EnsembleSoft,0.3,9,3,1.0,1.0,94,23,"{'Basal': 23, 'Her2': 11, 'LumA': 46, 'LumB': 14}","{'Basal': 6, 'Her2': 3, 'LumA': 11, 'LumB': 3}",4,False,1.0,1.0,1.0,1.0,1.0,1.0,1.0,1.0,1.0,1.0,1.0,1.0,18081
classification,RFECA_SVR(k=5),EnsembleSoft,0.3,9,4,0.8541666666666666,0.8541666666666666,94,23,"{'Basal': 23, 'Her2': 12, 'LumA': 45, 'LumB': 14}","{'Basal': 6, 'Her2': 2, 'LumA': 12, 'LumB': 3}",4,False,0.9166666666666666,0.9166666666666666,0.9166666666666666,1.0,1.0,1.0,0.5,0.5,0.5,1.0,1.0,1.0,18081
classification,RFECA_SVR(k=5),EnsembleSoft,0.3,9,5,0.8557692307692308,0.8333333333333334,94,23,"{'Basal': 24, 'Her2': 11, 'LumA': 45, 'LumB': 14}","{'Basal': 5, 'Her2': 3, 'LumA': 12, 'LumB': 3}",4,False,0.9230769230769231,0.8571428571428571,1.0,0.5,1.0,0.3333333333333333,1.0,1.0,1.0,1.0,1.0,1.0,18081
classification,RFECA_SVR(k=10),EnsembleSoft,0.3,9,1,0.8949745906267645,0.8958333333333334,93,24,"{'Basal': 23, 'Her2': 11, 'LumA': 46, 'LumB': 13}","{'Basal': 6, 'Her2': 3, 'LumA': 11, 'LumB': 4}",4,False,0.9565217391304348,0.9166666666666666,1.0,0.8571428571428571,1.0,0.75,0.8571428571428571,0.75,1.0,0.9090909090909091,1.0,0.8333333333333334,18081
classification,RFECA_SVR(k=10),EnsembleSoft,0.3,9,2,1.0,1.0,93,24,"{'Basal': 23, 'Her2': 11, 'LumA': 46, 'LumB': 13}","{'Basal': 6, 'Her2': 3, 'LumA': 11, 'LumB': 4}",4,False,1.0,1.0,1.0,1.0,1.0,1.0,1.0,1.0,1.0,1.0,1.0,1.0,18081
classification,RFECA_SVR(k=10),EnsembleSoft,0.3,9,3,0.9142857142857143,0.9166666666666666,94,23,"{'Basal': 23, 'Her2': 11, 'LumA': 46, 'LumB': 14}","{'Basal': 6, 'Her2': 3, 'LumA': 11, 'LumB': 3}",4,False,1.0,1.0,1.0,0.8,1.0,0.6666666666666666,0.8571428571428571,0.75,1.0,1.0,1.0,1.0,18081
classification,RFECA_SVR(k=10),EnsembleSoft,0.3,9,4,1.0,1.0,94,23,"{'Basal': 23, 'Her2': 12, 'LumA': 45, 'LumB': 14}","{'Basal': 6, 'Her2': 2, 'LumA': 12, 'LumB': 3}",4,False,1.0,1.0,1.0,1.0,1.0,1.0,1.0,1.0,1.0,1.0,1.0,1.0,18081
classification,RFECA_SVR(k=10),EnsembleSoft,0.3,9,5,0.7830419580419581,0.75,94,23,"{'Basal': 24, 'Her2': 11, 'LumA': 45, 'LumB': 14}","{'Basal': 5, 'Her2': 3, 'LumA': 12, 'LumB': 3}",4,False,0.9230769230769231,0.8571428571428571,1.0,0.5,1.0,0.3333333333333333,0.8,1.0,0.6666666666666666,0.9090909090909091,0.8333333333333334,1.0,18081
classification,RFECA_SVR(k=20),EnsembleSoft,0.3,9,1,0.8949745906267645,0.8958333333333334,93,24,"{'Basal': 23, 'Her2': 11, 'LumA': 46, 'LumB': 13}","{'Basal': 6, 'Her2': 3, 'LumA': 11, 'LumB': 4}",4,False,0.9565217391304348,0.9166666666666666,1.0,0.8571428571428571,1.0,0.75,0.8571428571428571,0.75,1.0,0.9090909090909091,1.0,0.8333333333333334,18081
classification,RFECA_SVR(k=20),EnsembleSoft,0.3,9,2,0.9222222222222223,0.9166666666666666,93,24,"{'Basal': 23, 'Her2': 11, 'LumA': 46, 'LumB': 13}","{'Basal': 6, 'Her2': 3, 'LumA': 11, 'LumB': 4}",4,False,1.0,1.0,1.0,0.8888888888888888,0.8,1.0,0.8,1.0,0.6666666666666666,1.0,1.0,1.0,18081
classification,RFECA_SVR(k=20),EnsembleSoft,0.3,9,3,0.9415584415584416,0.9583333333333334,94,23,"{'Basal': 23, 'Her2': 11, 'LumA': 46, 'LumB': 14}","{'Basal': 6, 'Her2': 3, 'LumA': 11, 'LumB': 3}",4,False,1.0,1.0,1.0,1.0,1.0,1.0,0.8571428571428571,0.75,1.0,0.9090909090909091,1.0,0.8333333333333334,18081
classification,RFECA_SVR(k=20),EnsembleSoft,0.3,9,4,0.8974358974358974,0.875,94,23,"{'Basal': 23, 'Her2': 12, 'LumA': 45, 'LumB': 14}","{'Basal': 6, 'Her2': 2, 'LumA': 12, 'LumB': 3}",4,False,1.0,1.0,1.0,1.0,1.0,1.0,0.6666666666666666,1.0,0.5,0.9230769230769231,0.8571428571428571,1.0,18081
classification,RFECA_SVR(k=20),EnsembleSoft,0.3,9,5,0.8200000000000001,0.8125,94,23,"{'Basal': 24, 'Her2': 11, 'LumA': 45, 'LumB': 14}","{'Basal': 5, 'Her2': 3, 'LumA': 12, 'LumB': 3}",4,False,0.88,0.8461538461538461,0.9166666666666666,0.4,0.5,0.3333333333333333,1.0,1.0,1.0,1.0,1.0,1.0,18081
classification,MissForest,EnsembleSoft,0.3,9,1,0.8949745906267645,0.8958333333333334,93,24,"{'Basal': 23, 'Her2': 11, 'LumA': 46, 'LumB': 13}","{'Basal': 6, 'Her2': 3, 'LumA': 11, 'LumB': 4}",4,False,0.9565217391304348,0.9166666666666666,1.0,0.8571428571428571,1.0,0.75,0.8571428571428571,0.75,1.0,0.9090909090909091,1.0,0.8333333333333334,18081
classification,MissForest,EnsembleSoft,0.3,9,2,0.9222222222222223,0.9166666666666666,93,24,"{'Basal': 23, 'Her2': 11, 'LumA': 46, 'LumB': 13}","{'Basal': 6, 'Her2': 3, 'LumA': 11, 'LumB': 4}",4,False,1.0,1.0,1.0,0.8888888888888888,0.8,1.0,0.8,1.0,0.6666666666666666,1.0,1.0,1.0,18081
classification,MissForest,EnsembleSoft,0.3,9,3,1.0,1.0,94,23,"{'Basal': 23, 'Her2': 11, 'LumA': 46, 'LumB': 14}","{'Basal': 6, 'Her2': 3, 'LumA': 11, 'LumB': 3}",4,False,1.0,1.0,1.0,1.0,1.0,1.0,1.0,1.0,1.0,1.0,1.0,1.0,18081
classification,MissForest,EnsembleSoft,0.3,9,4,1.0,1.0,94,23,"{'Basal': 23, 'Her2': 12, 'LumA': 45, 'LumB': 14}","{'Basal': 6, 'Her2': 2, 'LumA': 12, 'LumB': 3}",4,False,1.0,1.0,1.0,1.0,1.0,1.0,1.0,1.0,1.0,1.0,1.0,1.0,18081
classification,MissForest,EnsembleSoft,0.3,9,5,0.8557692307692308,0.8333333333333334,94,23,"{'Basal': 24, 'Her2': 11, 'LumA': 45, 'LumB': 14}","{'Basal': 5, 'Her2': 3, 'LumA': 12, 'LumB': 3}",4,False,0.9230769230769231,0.8571428571428571,1.0,0.5,1.0,0.3333333333333333,1.0,1.0,1.0,1.0,1.0,1.0,18081
