stage,imputer,missing_rate,replicate,fold,n_train,n_test,train_test_overlap,imputer_object_id,correlation_source,has_corr_csv_path
imputation,SimpleMean,0.0,0,1,93,24,0,1699076615504,n/a,False
imputation,SimpleMean,0.0,0,2,93,24,0,1699076615824,n/a,False
imputation,SimpleMean,0.0,0,3,94,23,0,1699076158912,n/a,False
imputation,SimpleMean,0.0,0,4,94,23,0,1699076160432,n/a,False
imputation,SimpleMean,0.0,0,5,94,23,0,1699077031984,n/a,False
imputation,"KNN(k=5,dist)",0.0,0,1,93,24,0,1699076618704,n/a,False
imputation,"KNN(k=5,dist)",0.0,0,2,93,24,0,1699076617424,n/a,False
imputation,"KNN(k=5,dist)",0.0,0,3,94,23,0,1699076160736,n/a,False
imputation,"KNN(k=5,dist)",0.0,0,4,94,23,0,1699076161040,n/a,False
imputation,"KNN(k=5,dist)",0.0,0,5,94,23,0,1699077034000,n/a,False
imputation,RFECA_SVR(k=5),0.0,0,1,93,24,0,1699077521488,training_fold_X.corr(),False
imputation,RFECA_SVR(k=5),0.0,0,2,93,24,0,1699077521792,training_fold_X.corr(),False
imputation,RFECA_SVR(k=5),0.0,0,3,94,23,0,1699077033712,training_fold_X.corr(),False
imputation,RFECA_SVR(k=5),0.0,0,4,94,23,0,1699076906512,training_fold_X.corr(),False
imputation,RFECA_SVR(k=5),0.0,0,5,94,23,0,1699076906784,training_fold_X.corr(),False
imputation,RFECA_SVR(k=10),0.0,0,1,93,24,0,1699054501968,training_fold_X.corr(),False
imputation,RFECA_SVR(k=10),0.0,0,2,93,24,0,1699053894480,training_fold_X.corr(),False
imputation,RFECA_SVR(k=10),0.0,0,3,94,23,0,1699076012896,training_fold_X.corr(),False
imputation,RFECA_SVR(k=10),0.0,0,4,94,23,0,1699076013136,training_fold_X.corr(),False
imputation,RFECA_SVR(k=10),0.0,0,5,94,23,0,1699077159664,training_fold_X.corr(),False
imputation,RFECA_SVR(k=20),0.0,0,1,93,24,0,1699077160336,training_fold_X.corr(),False
imputation,RFECA_SVR(k=20),0.0,0,2,93,24,0,1699077160560,training_fold_X.corr(),False
imputation,RFECA_SVR(k=20),0.0,0,3,94,23,0,1699077160112,training_fold_X.corr(),False
imputation,RFECA_SVR(k=20),0.0,0,4,94,23,0,1699077159888,training_fold_X.corr(),False
imputation,RFECA_SVR(k=20),0.0,0,5,94,23,0,1699077914704,training_fold_X.corr(),False
imputation,MissForest,0.0,0,1,93,24,0,1699076619024,n/a,False
imputation,MissForest,0.0,0,2,93,24,0,1699076618384,n/a,False
imputation,MissForest,0.0,0,3,94,23,0,1699076619984,n/a,False
imputation,MissForest,0.0,0,4,94,23,0,1699077980240,n/a,False
imputation,MissForest,0.0,0,5,94,23,0,1699077980560,n/a,False
classification,SimpleMean,0.0,0,1,93,24,0,1699076013856,n/a,False
classification,SimpleMean,0.0,0,2,93,24,0,1699078333712,n/a,False
classification,SimpleMean,0.0,0,3,94,23,0,1699112209776,n/a,False
classification,SimpleMean,0.0,0,4,94,23,0,1699077216432,n/a,False
classification,SimpleMean,0.0,0,5,94,23,0,1699112273488,n/a,False
classification,"KNN(k=5,dist)",0.0,0,1,93,24,0,1699076911408,n/a,False
classification,"KNN(k=5,dist)",0.0,0,2,93,24,0,1699076912768,n/a,False
classification,"KNN(k=5,dist)",0.0,0,3,94,23,0,1699078003280,n/a,False
classification,"KNN(k=5,dist)",0.0,0,4,94,23,0,1699078004304,n/a,False
classification,"KNN(k=5,dist)",0.0,0,5,94,23,0,1699113570128,n/a,False
classification,RFECA_SVR(k=5),0.0,0,1,93,24,0,1699131389136,training_fold_X.corr(),False
classification,RFECA_SVR(k=5),0.0,0,2,93,24,0,1699131806608,training_fold_X.corr(),False
classification,RFECA_SVR(k=5),0.0,0,3,94,23,0,1699132110480,training_fold_X.corr(),False
classification,RFECA_SVR(k=5),0.0,0,4,94,23,0,1699132464656,training_fold_X.corr(),False
classification,RFECA_SVR(k=5),0.0,0,5,94,23,0,1699132802448,training_fold_X.corr(),False
classification,RFECA_SVR(k=10),0.0,0,1,93,24,0,1699131388912,training_fold_X.corr(),False
classification,RFECA_SVR(k=10),0.0,0,2,93,24,0,1699133509872,training_fold_X.corr(),False
classification,RFECA_SVR(k=10),0.0,0,3,94,23,0,1699133830576,training_fold_X.corr(),False
classification,RFECA_SVR(k=10),0.0,0,4,94,23,0,1699134167920,training_fold_X.corr(),False
classification,RFECA_SVR(k=10),0.0,0,5,94,23,0,1699134520496,training_fold_X.corr(),False
classification,RFECA_SVR(k=20),0.0,0,1,93,24,0,1699134842352,training_fold_X.corr(),False
classification,RFECA_SVR(k=20),0.0,0,2,93,24,0,1699151743920,training_fold_X.corr(),False
classification,RFECA_SVR(k=20),0.0,0,3,94,23,0,1699151851632,training_fold_X.corr(),False
classification,RFECA_SVR(k=20),0.0,0,4,94,23,0,1699152483888,training_fold_X.corr(),False
classification,RFECA_SVR(k=20),0.0,0,5,94,23,0,1699152801232,training_fold_X.corr(),False
classification,MissForest,0.0,0,1,93,24,0,1699077992080,n/a,False
classification,MissForest,0.0,0,2,93,24,0,1699077986320,n/a,False
classification,MissForest,0.0,0,3,94,23,0,1699077986960,n/a,False
classification,MissForest,0.0,0,4,94,23,0,1699077986000,n/a,False
classification,MissForest,0.0,0,5,94,23,0,1699077983120,n/a,False
imputation,SimpleMean,0.0,1,1,93,24,0,1699133578064,n/a,False
imputation,SimpleMean,0.0,1,2,93,24,0,1699154200144,n/a,False
imputation,SimpleMean,0.0,1,3,94,23,0,1699154484624,n/a,False
imputation,SimpleMean,0.0,1,4,94,23,0,1699154485584,n/a,False
imputation,SimpleMean,0.0,1,5,94,23,0,1699154485776,n/a,False
imputation,"KNN(k=5,dist)",0.0,1,1,93,24,0,1699113581168,n/a,False
imputation,"KNN(k=5,dist)",0.0,1,2,93,24,0,1699171338512,n/a,False
imputation,"KNN(k=5,dist)",0.0,1,3,94,23,0,1699171339408,n/a,False
imputation,"KNN(k=5,dist)",0.0,1,4,94,23,0,1699077216224,n/a,False
imputation,"KNN(k=5,dist)",0.0,1,5,94,23,0,1699154485968,n/a,False
imputation,RFECA_SVR(k=5),0.0,1,1,93,24,0,1699171338960,training_fold_X.corr(),False
imputation,RFECA_SVR(k=5),0.0,1,2,93,24,0,1699171339632,training_fold_X.corr(),False
imputation,RFECA_SVR(k=5),0.0,1,3,94,23,0,1699154116912,training_fold_X.corr(),False
imputation,RFECA_SVR(k=5),0.0,1,4,94,23,0,1699171338736,training_fold_X.corr(),False
imputation,RFECA_SVR(k=5),0.0,1,5,94,23,0,1699171339856,training_fold_X.corr(),False
imputation,RFECA_SVR(k=10),0.0,1,1,93,24,0,1699171340080,training_fold_X.corr(),False
imputation,RFECA_SVR(k=10),0.0,1,2,93,24,0,1699171340304,training_fold_X.corr(),False
imputation,RFECA_SVR(k=10),0.0,1,3,94,23,0,1699171340528,training_fold_X.corr(),False
imputation,RFECA_SVR(k=10),0.0,1,4,94,23,0,1699171340752,training_fold_X.corr(),False
imputation,RFECA_SVR(k=10),0.0,1,5,94,23,0,1699171340976,training_fold_X.corr(),False
imputation,RFECA_SVR(k=20),0.0,1,1,93,24,0,1699171341200,training_fold_X.corr(),False
imputation,RFECA_SVR(k=20),0.0,1,2,93,24,0,1699171341424,training_fold_X.corr(),False
imputation,RFECA_SVR(k=20),0.0,1,3,94,23,0,1699171341648,training_fold_X.corr(),False
imputation,RFECA_SVR(k=20),0.0,1,4,94,23,0,1699171341872,training_fold_X.corr(),False
imputation,RFECA_SVR(k=20),0.0,1,5,94,23,0,1699171342096,training_fold_X.corr(),False
imputation,MissForest,0.0,1,1,93,24,0,1699077989520,n/a,False
imputation,MissForest,0.0,1,2,93,24,0,1699077990800,n/a,False
imputation,MissForest,0.0,1,3,94,23,0,1699077981520,n/a,False
imputation,MissForest,0.0,1,4,94,23,0,1699077983440,n/a,False
imputation,MissForest,0.0,1,5,94,23,0,1699077991760,n/a,False
classification,SimpleMean,0.0,1,1,93,24,0,1699154489424,n/a,False
classification,SimpleMean,0.0,1,2,93,24,0,1699154490192,n/a,False
classification,SimpleMean,0.0,1,3,94,23,0,1699171716176,n/a,False
classification,SimpleMean,0.0,1,4,94,23,0,1699172017424,n/a,False
classification,SimpleMean,0.0,1,5,94,23,0,1699172318672,n/a,False
classification,"KNN(k=5,dist)",0.0,1,1,93,24,0,1699154489232,n/a,False
classification,"KNN(k=5,dist)",0.0,1,2,93,24,0,1699172986768,n/a,False
classification,"KNN(k=5,dist)",0.0,1,3,94,23,0,1699173304464,n/a,False
classification,"KNN(k=5,dist)",0.0,1,4,94,23,0,1699173638480,n/a,False
classification,"KNN(k=5,dist)",0.0,1,5,94,23,0,1699173939728,n/a,False
classification,RFECA_SVR(k=5),0.0,1,1,93,24,0,1699174874512,training_fold_X.corr(),False
classification,RFECA_SVR(k=5),0.0,1,2,93,24,0,1699175211184,training_fold_X.corr(),False
classification,RFECA_SVR(k=5),0.0,1,3,94,23,0,1699192129136,training_fold_X.corr(),False
classification,RFECA_SVR(k=5),0.0,1,4,94,23,0,1699192449840,training_fold_X.corr(),False
classification,RFECA_SVR(k=5),0.0,1,5,94,23,0,1699192787184,training_fold_X.corr(),False
classification,RFECA_SVR(k=10),0.0,1,1,93,24,0,1699193140656,training_fold_X.corr(),False
classification,RFECA_SVR(k=10),0.0,1,2,93,24,0,1699193478000,training_fold_X.corr(),False
classification,RFECA_SVR(k=10),0.0,1,3,94,23,0,1699193830576,training_fold_X.corr(),False
classification,RFECA_SVR(k=10),0.0,1,4,94,23,0,1699194152432,training_fold_X.corr(),False
classification,RFECA_SVR(k=10),0.0,1,5,94,23,0,1699194522544,training_fold_X.corr(),False
classification,RFECA_SVR(k=20),0.0,1,1,93,24,0,1699194859632,training_fold_X.corr(),False
classification,RFECA_SVR(k=20),0.0,1,2,93,24,0,1699195178352,training_fold_X.corr(),False
classification,RFECA_SVR(k=20),0.0,1,3,94,23,0,1699195515440,training_fold_X.corr(),False
classification,RFECA_SVR(k=20),0.0,1,4,94,23,0,1699195836400,training_fold_X.corr(),False
classification,RFECA_SVR(k=20),0.0,1,5,94,23,0,1699196157104,training_fold_X.corr(),False
classification,MissForest,0.0,1,1,93,24,0,1699077992400,n/a,False
classification,MissForest,0.0,1,2,93,24,0,1699077993680,n/a,False
classification,MissForest,0.0,1,3,94,23,0,1699077991440,n/a,False
classification,MissForest,0.0,1,4,94,23,0,1699077982480,n/a,False
classification,MissForest,0.0,1,5,94,23,0,1699077994960,n/a,False
imputation,SimpleMean,0.0,2,1,93,24,0,1699193207696,n/a,False
imputation,SimpleMean,0.0,2,2,93,24,0,1699195927824,n/a,False
imputation,SimpleMean,0.0,2,3,94,23,0,1699214442576,n/a,False
imputation,SimpleMean,0.0,2,4,94,23,0,1699214481296,n/a,False
imputation,SimpleMean,0.0,2,5,94,23,0,1699214481488,n/a,False
imputation,"KNN(k=5,dist)",0.0,2,1,93,24,0,1699214481680,n/a,False
imputation,"KNN(k=5,dist)",0.0,2,2,93,24,0,1699214481872,n/a,False
imputation,"KNN(k=5,dist)",0.0,2,3,94,23,0,1699214482064,n/a,False
imputation,"KNN(k=5,dist)",0.0,2,4,94,23,0,1699214482256,n/a,False
imputation,"KNN(k=5,dist)",0.0,2,5,94,23,0,1699214482448,n/a,False
imputation,RFECA_SVR(k=5),0.0,2,1,93,24,0,1699171345456,training_fold_X.corr(),False
imputation,RFECA_SVR(k=5),0.0,2,2,93,24,0,1699214749584,training_fold_X.corr(),False
imputation,RFECA_SVR(k=5),0.0,2,3,94,23,0,1699214085488,training_fold_X.corr(),False
imputation,RFECA_SVR(k=5),0.0,2,4,94,23,0,1699214743760,training_fold_X.corr(),False
imputation,RFECA_SVR(k=5),0.0,2,5,94,23,0,1699214743984,training_fold_X.corr(),False
imputation,RFECA_SVR(k=10),0.0,2,1,93,24,0,1699214743088,training_fold_X.corr(),False
imputation,RFECA_SVR(k=10),0.0,2,2,93,24,0,1699214744208,training_fold_X.corr(),False
imputation,RFECA_SVR(k=10),0.0,2,3,94,23,0,1699214744432,training_fold_X.corr(),False
imputation,RFECA_SVR(k=10),0.0,2,4,94,23,0,1699214744656,training_fold_X.corr(),False
imputation,RFECA_SVR(k=10),0.0,2,5,94,23,0,1699214744880,training_fold_X.corr(),False
imputation,RFECA_SVR(k=20),0.0,2,1,93,24,0,1699214745104,training_fold_X.corr(),False
imputation,RFECA_SVR(k=20),0.0,2,2,93,24,0,1699214745328,training_fold_X.corr(),False
imputation,RFECA_SVR(k=20),0.0,2,3,94,23,0,1699214745552,training_fold_X.corr(),False
imputation,RFECA_SVR(k=20),0.0,2,4,94,23,0,1699214745776,training_fold_X.corr(),False
imputation,RFECA_SVR(k=20),0.0,2,5,94,23,0,1699214746000,training_fold_X.corr(),False
imputation,MissForest,0.0,2,1,93,24,0,1699077994320,n/a,False
imputation,MissForest,0.0,2,2,93,24,0,1699077994640,n/a,False
imputation,MissForest,0.0,2,3,94,23,0,1699077987280,n/a,False
imputation,MissForest,0.0,2,4,94,23,0,1699077982800,n/a,False
imputation,MissForest,0.0,2,5,94,23,0,1699077995920,n/a,False
classification,SimpleMean,0.0,2,1,93,24,0,1699214485904,n/a,False
classification,SimpleMean,0.0,2,2,93,24,0,1699214486480,n/a,False
classification,SimpleMean,0.0,2,3,94,23,0,1699215099088,n/a,False
classification,SimpleMean,0.0,2,4,94,23,0,1699215416720,n/a,False
classification,SimpleMean,0.0,2,5,94,23,0,1699215734352,n/a,False
classification,"KNN(k=5,dist)",0.0,2,1,93,24,0,1699214485712,n/a,False
classification,"KNN(k=5,dist)",0.0,2,2,93,24,0,1699216386064,n/a,False
classification,"KNN(k=5,dist)",0.0,2,3,94,23,0,1699216982288,n/a,False
classification,"KNN(k=5,dist)",0.0,2,4,94,23,0,1699217021392,n/a,False
classification,"KNN(k=5,dist)",0.0,2,5,94,23,0,1699233952400,n/a,False
classification,RFECA_SVR(k=5),0.0,2,1,93,24,0,1699234842448,training_fold_X.corr(),False
classification,RFECA_SVR(k=5),0.0,2,2,93,24,0,1699235179760,training_fold_X.corr(),False
classification,RFECA_SVR(k=5),0.0,2,3,94,23,0,1699235566256,training_fold_X.corr(),False
classification,RFECA_SVR(k=5),0.0,2,4,94,23,0,1699235886960,training_fold_X.corr(),False
classification,RFECA_SVR(k=5),0.0,2,5,94,23,0,1699236240688,training_fold_X.corr(),False
classification,RFECA_SVR(k=10),0.0,2,1,93,24,0,1699236594192,training_fold_X.corr(),False
classification,RFECA_SVR(k=10),0.0,2,2,93,24,0,1699236882352,training_fold_X.corr(),False
classification,RFECA_SVR(k=10),0.0,2,3,94,23,0,1699237252464,training_fold_X.corr(),False
classification,RFECA_SVR(k=10),0.0,2,4,94,23,0,1699237573168,training_fold_X.corr(),False
classification,RFECA_SVR(k=10),0.0,2,5,94,23,0,1699254471824,training_fold_X.corr(),False
classification,RFECA_SVR(k=20),0.0,2,1,93,24,0,1699254808912,training_fold_X.corr(),False
classification,RFECA_SVR(k=20),0.0,2,2,93,24,0,1699255162640,training_fold_X.corr(),False
classification,RFECA_SVR(k=20),0.0,2,3,94,23,0,1699255466960,training_fold_X.corr(),False
classification,RFECA_SVR(k=20),0.0,2,4,94,23,0,1699255804304,training_fold_X.corr(),False
classification,RFECA_SVR(k=20),0.0,2,5,94,23,0,1699256141648,training_fold_X.corr(),False
classification,MissForest,0.0,2,1,93,24,0,1699077982160,n/a,False
classification,MissForest,0.0,2,2,93,24,0,1699215376784,n/a,False
classification,MissForest,0.0,2,3,94,23,0,1699077996240,n/a,False
classification,MissForest,0.0,2,4,94,23,0,1699215378384,n/a,False
classification,MissForest,0.0,2,5,94,23,0,1699215379344,n/a,False
imputation,SimpleMean,0.0,3,1,93,24,0,1699255907728,n/a,False
imputation,SimpleMean,0.0,3,2,93,24,0,1699236672528,n/a,False
imputation,SimpleMean,0.0,3,3,94,23,0,1699257896976,n/a,False
imputation,SimpleMean,0.0,3,4,94,23,0,1699257897168,n/a,False
imputation,SimpleMean,0.0,3,5,94,23,0,1699257897360,n/a,False
imputation,"KNN(k=5,dist)",0.0,3,1,93,24,0,1699257897552,n/a,False
imputation,"KNN(k=5,dist)",0.0,3,2,93,24,0,1699257897744,n/a,False
imputation,"KNN(k=5,dist)",0.0,3,3,94,23,0,1699257898128,n/a,False
imputation,"KNN(k=5,dist)",0.0,3,4,94,23,0,1699257898320,n/a,False
imputation,"KNN(k=5,dist)",0.0,3,5,94,23,0,1699257898512,n/a,False
imputation,RFECA_SVR(k=5),0.0,3,1,93,24,0,1699214743312,training_fold_X.corr(),False
imputation,RFECA_SVR(k=5),0.0,3,2,93,24,0,1699258130384,training_fold_X.corr(),False
imputation,RFECA_SVR(k=5),0.0,3,3,94,23,0,1699257521936,training_fold_X.corr(),False
imputation,RFECA_SVR(k=5),0.0,3,4,94,23,0,1699258136432,training_fold_X.corr(),False
imputation,RFECA_SVR(k=5),0.0,3,5,94,23,0,1699258131056,training_fold_X.corr(),False
imputation,RFECA_SVR(k=10),0.0,3,1,93,24,0,1699258130832,training_fold_X.corr(),False
imputation,RFECA_SVR(k=10),0.0,3,2,93,24,0,1699258131280,training_fold_X.corr(),False
imputation,RFECA_SVR(k=10),0.0,3,3,94,23,0,1699258131504,training_fold_X.corr(),False
imputation,RFECA_SVR(k=10),0.0,3,4,94,23,0,1699258131728,training_fold_X.corr(),False
imputation,RFECA_SVR(k=10),0.0,3,5,94,23,0,1699258131952,training_fold_X.corr(),False
imputation,RFECA_SVR(k=20),0.0,3,1,93,24,0,1699258132176,training_fold_X.corr(),False
imputation,RFECA_SVR(k=20),0.0,3,2,93,24,0,1699258132400,training_fold_X.corr(),False
imputation,RFECA_SVR(k=20),0.0,3,3,94,23,0,1699258132624,training_fold_X.corr(),False
imputation,RFECA_SVR(k=20),0.0,3,4,94,23,0,1699258132848,training_fold_X.corr(),False
imputation,RFECA_SVR(k=20),0.0,3,5,94,23,0,1699258133072,training_fold_X.corr(),False
imputation,MissForest,0.0,3,1,93,24,0,1699077995280,n/a,False
imputation,MissForest,0.0,3,2,93,24,0,1699215379024,n/a,False
imputation,MissForest,0.0,3,3,94,23,0,1699215378704,n/a,False
imputation,MissForest,0.0,3,4,94,23,0,1699215377744,n/a,False
imputation,MissForest,0.0,3,5,94,23,0,1699215379984,n/a,False
classification,SimpleMean,0.0,3,1,93,24,0,1699257903312,n/a,False
classification,SimpleMean,0.0,3,2,93,24,0,1699257903888,n/a,False
classification,SimpleMean,0.0,3,3,94,23,0,1699275431120,n/a,False
classification,SimpleMean,0.0,3,4,94,23,0,1699275431696,n/a,False
classification,SimpleMean,0.0,3,5,94,23,0,1699275765712,n/a,False
classification,"KNN(k=5,dist)",0.0,3,1,93,24,0,1699257903120,n/a,False
classification,"KNN(k=5,dist)",0.0,3,2,93,24,0,1699276401040,n/a,False
classification,"KNN(k=5,dist)",0.0,3,3,94,23,0,1699277019984,n/a,False
classification,"KNN(k=5,dist)",0.0,3,4,94,23,0,1699277020560,n/a,False
classification,"KNN(k=5,dist)",0.0,3,5,94,23,0,1699277354576,n/a,False
classification,RFECA_SVR(k=5),0.0,3,1,93,24,0,1699278262288,training_fold_X.corr(),False
classification,RFECA_SVR(k=5),0.0,3,2,93,24,0,1699278632368,training_fold_X.corr(),False
classification,RFECA_SVR(k=5),0.0,3,3,94,23,0,1699278986096,training_fold_X.corr(),False
classification,RFECA_SVR(k=5),0.0,3,4,94,23,0,1699279076528,training_fold_X.corr(),False
classification,RFECA_SVR(k=5),0.0,3,5,94,23,0,1699296257520,training_fold_X.corr(),False
classification,RFECA_SVR(k=10),0.0,3,1,93,24,0,1699296578480,training_fold_X.corr(),False
classification,RFECA_SVR(k=10),0.0,3,2,93,24,0,1699296899184,training_fold_X.corr(),False
classification,RFECA_SVR(k=10),0.0,3,3,94,23,0,1699297233616,training_fold_X.corr(),False
classification,RFECA_SVR(k=10),0.0,3,4,94,23,0,1699297554320,training_fold_X.corr(),False
classification,RFECA_SVR(k=10),0.0,3,5,94,23,0,1699297908048,training_fold_X.corr(),False
classification,RFECA_SVR(k=20),0.0,3,1,93,24,0,1699298228752,training_fold_X.corr(),False
classification,RFECA_SVR(k=20),0.0,3,2,93,24,0,1699298582480,training_fold_X.corr(),False
classification,RFECA_SVR(k=20),0.0,3,3,94,23,0,1699298936208,training_fold_X.corr(),False
classification,RFECA_SVR(k=20),0.0,3,4,94,23,0,1699299273296,training_fold_X.corr(),False
classification,RFECA_SVR(k=20),0.0,3,5,94,23,0,1699299627024,training_fold_X.corr(),False
classification,MissForest,0.0,3,1,93,24,0,1699215379664,n/a,False
classification,MissForest,0.0,3,2,93,24,0,1699215380944,n/a,False
classification,MissForest,0.0,3,3,94,23,0,1699215381584,n/a,False
classification,MissForest,0.0,3,4,94,23,0,1699215380304,n/a,False
classification,MissForest,0.0,3,5,94,23,0,1699215383824,n/a,False
imputation,SimpleMean,0.0,4,1,93,24,0,1699299312272,n/a,False
imputation,SimpleMean,0.0,4,2,93,24,0,1699296973968,n/a,False
imputation,SimpleMean,0.0,4,3,94,23,0,1699317581776,n/a,False
imputation,SimpleMean,0.0,4,4,94,23,0,1699317931792,n/a,False
imputation,SimpleMean,0.0,4,5,94,23,0,1699317931984,n/a,False
imputation,"KNN(k=5,dist)",0.0,4,1,93,24,0,1699257563280,n/a,False
imputation,"KNN(k=5,dist)",0.0,4,2,93,24,0,1699317932176,n/a,False
imputation,"KNN(k=5,dist)",0.0,4,3,94,23,0,1699317932368,n/a,False
imputation,"KNN(k=5,dist)",0.0,4,4,94,23,0,1699317932560,n/a,False
imputation,"KNN(k=5,dist)",0.0,4,5,94,23,0,1699317932752,n/a,False
imputation,RFECA_SVR(k=5),0.0,4,1,93,24,0,1699258130608,training_fold_X.corr(),False
imputation,RFECA_SVR(k=5),0.0,4,2,93,24,0,1699318196368,training_fold_X.corr(),False
imputation,RFECA_SVR(k=5),0.0,4,3,94,23,0,1699317506000,training_fold_X.corr(),False
imputation,RFECA_SVR(k=5),0.0,4,4,94,23,0,1699317153168,training_fold_X.corr(),False
imputation,RFECA_SVR(k=5),0.0,4,5,94,23,0,1699316833136,training_fold_X.corr(),False
imputation,RFECA_SVR(k=10),0.0,4,1,93,24,0,1699299626800,training_fold_X.corr(),False
imputation,RFECA_SVR(k=10),0.0,4,2,93,24,0,1699299273072,training_fold_X.corr(),False
imputation,RFECA_SVR(k=10),0.0,4,3,94,23,0,1699298935984,training_fold_X.corr(),False
imputation,RFECA_SVR(k=10),0.0,4,4,94,23,0,1699298582256,training_fold_X.corr(),False
imputation,RFECA_SVR(k=10),0.0,4,5,94,23,0,1699298228528,training_fold_X.corr(),False
imputation,RFECA_SVR(k=20),0.0,4,1,93,24,0,1699297907824,training_fold_X.corr(),False
imputation,RFECA_SVR(k=20),0.0,4,2,93,24,0,1699297554096,training_fold_X.corr(),False
imputation,RFECA_SVR(k=20),0.0,4,3,94,23,0,1699297233392,training_fold_X.corr(),False
imputation,RFECA_SVR(k=20),0.0,4,4,94,23,0,1699317844240,training_fold_X.corr(),False
imputation,RFECA_SVR(k=20),0.0,4,5,94,23,0,1699316832464,training_fold_X.corr(),False
imputation,MissForest,0.0,4,1,93,24,0,1699077993360,n/a,False
imputation,MissForest,0.0,4,2,93,24,0,1699077989200,n/a,False
imputation,MissForest,0.0,4,3,94,23,0,1699077994000,n/a,False
imputation,MissForest,0.0,4,4,94,23,0,1699077991120,n/a,False
imputation,MissForest,0.0,4,5,94,23,0,1699077995600,n/a,False
classification,SimpleMean,0.0,4,1,93,24,0,1699317934672,n/a,False
classification,SimpleMean,0.0,4,2,93,24,0,1699317935248,n/a,False
classification,SimpleMean,0.0,4,3,94,23,0,1699318547856,n/a,False
classification,SimpleMean,0.0,4,4,94,23,0,1699318849104,n/a,False
classification,SimpleMean,0.0,4,5,94,23,0,1699319133968,n/a,False
classification,"KNN(k=5,dist)",0.0,4,1,93,24,0,1699317934480,n/a,False
classification,"KNN(k=5,dist)",0.0,4,2,93,24,0,1699319468048,n/a,False
classification,"KNN(k=5,dist)",0.0,4,3,94,23,0,1699320119120,n/a,False
classification,"KNN(k=5,dist)",0.0,4,4,94,23,0,1699320453200,n/a,False
classification,"KNN(k=5,dist)",0.0,4,5,94,23,0,1699320738064,n/a,False
classification,RFECA_SVR(k=5),0.0,4,1,93,24,0,1699338262512,training_fold_X.corr(),False
classification,RFECA_SVR(k=5),0.0,4,2,93,24,0,1699338583440,training_fold_X.corr(),False
classification,RFECA_SVR(k=5),0.0,4,3,94,23,0,1699338953552,training_fold_X.corr(),False
classification,RFECA_SVR(k=5),0.0,4,4,94,23,0,1699339274512,training_fold_X.corr(),False
classification,RFECA_SVR(k=5),0.0,4,5,94,23,0,1699339595216,training_fold_X.corr(),False
classification,RFECA_SVR(k=10),0.0,4,1,93,24,0,1699339962416,training_fold_X.corr(),False
classification,RFECA_SVR(k=10),0.0,4,2,93,24,0,1699340283120,training_fold_X.corr(),False
classification,RFECA_SVR(k=10),0.0,4,3,94,23,0,1699340620464,training_fold_X.corr(),False
classification,RFECA_SVR(k=10),0.0,4,4,94,23,0,1699357521776,training_fold_X.corr(),False
classification,RFECA_SVR(k=10),0.0,4,5,94,23,0,1699357859120,training_fold_X.corr(),False
classification,RFECA_SVR(k=20),0.0,4,1,93,24,0,1699358228560,training_fold_X.corr(),False
classification,RFECA_SVR(k=20),0.0,4,2,93,24,0,1699358582704,training_fold_X.corr(),False
classification,RFECA_SVR(k=20),0.0,4,3,94,23,0,1699358920048,training_fold_X.corr(),False
classification,RFECA_SVR(k=20),0.0,4,4,94,23,0,1699359257136,training_fold_X.corr(),False
classification,RFECA_SVR(k=20),0.0,4,5,94,23,0,1699359610864,training_fold_X.corr(),False
classification,MissForest,0.0,4,1,93,24,0,1699215380624,n/a,False
classification,MissForest,0.0,4,2,93,24,0,1699215386064,n/a,False
classification,MissForest,0.0,4,3,94,23,0,1699215382544,n/a,False
classification,MissForest,0.0,4,4,94,23,0,1699077983760,n/a,False
classification,MissForest,0.0,4,5,94,23,0,1699215383504,n/a,False
imputation,SimpleMean,0.0,5,1,93,24,0,1699298676752,n/a,False
imputation,SimpleMean,0.0,5,2,93,24,0,1699340037456,n/a,False
imputation,SimpleMean,0.0,5,3,94,23,0,1699316927952,n/a,False
imputation,SimpleMean,0.0,5,4,94,23,0,1699316928144,n/a,False
imputation,SimpleMean,0.0,5,5,94,23,0,1699300013648,n/a,False
imputation,"KNN(k=5,dist)",0.0,5,1,93,24,0,1699360975824,n/a,False
imputation,"KNN(k=5,dist)",0.0,5,2,93,24,0,1699361309520,n/a,False
imputation,"KNN(k=5,dist)",0.0,5,3,94,23,0,1699361309712,n/a,False
imputation,"KNN(k=5,dist)",0.0,5,4,94,23,0,1699361309904,n/a,False
imputation,"KNN(k=5,dist)",0.0,5,5,94,23,0,1699361310096,n/a,False
imputation,RFECA_SVR(k=5),0.0,5,1,93,24,0,1699318197040,training_fold_X.corr(),False
imputation,RFECA_SVR(k=5),0.0,5,2,93,24,0,1699378134416,training_fold_X.corr(),False
imputation,RFECA_SVR(k=5),0.0,5,3,94,23,0,1699360922928,training_fold_X.corr(),False
imputation,RFECA_SVR(k=5),0.0,5,4,94,23,0,1699378134640,training_fold_X.corr(),False
imputation,RFECA_SVR(k=5),0.0,5,5,94,23,0,1699378128368,training_fold_X.corr(),False
imputation,RFECA_SVR(k=10),0.0,5,1,93,24,0,1699378128144,training_fold_X.corr(),False
imputation,RFECA_SVR(k=10),0.0,5,2,93,24,0,1699378128816,training_fold_X.corr(),False
imputation,RFECA_SVR(k=10),0.0,5,3,94,23,0,1699378129264,training_fold_X.corr(),False
imputation,RFECA_SVR(k=10),0.0,5,4,94,23,0,1699378129488,training_fold_X.corr(),False
imputation,RFECA_SVR(k=10),0.0,5,5,94,23,0,1699378129712,training_fold_X.corr(),False
imputation,RFECA_SVR(k=20),0.0,5,1,93,24,0,1699378129936,training_fold_X.corr(),False
imputation,RFECA_SVR(k=20),0.0,5,2,93,24,0,1699378130160,training_fold_X.corr(),False
imputation,RFECA_SVR(k=20),0.0,5,3,94,23,0,1699378130384,training_fold_X.corr(),False
imputation,RFECA_SVR(k=20),0.0,5,4,94,23,0,1699378130608,training_fold_X.corr(),False
imputation,RFECA_SVR(k=20),0.0,5,5,94,23,0,1699378130832,training_fold_X.corr(),False
imputation,MissForest,0.0,5,1,93,24,0,1699077993040,n/a,False
imputation,MissForest,0.0,5,2,93,24,0,1699215386384,n/a,False
imputation,MissForest,0.0,5,3,94,23,0,1699215386704,n/a,False
imputation,MissForest,0.0,5,4,94,23,0,1699215377104,n/a,False
imputation,MissForest,0.0,5,5,94,23,0,1699215384464,n/a,False
classification,SimpleMean,0.0,5,1,93,24,0,1699361313552,n/a,False
classification,SimpleMean,0.0,5,2,93,24,0,1699361314128,n/a,False
classification,SimpleMean,0.0,5,3,94,23,0,1699378490896,n/a,False
classification,SimpleMean,0.0,5,4,94,23,0,1699378792208,n/a,False
classification,SimpleMean,0.0,5,5,94,23,0,1699379109840,n/a,False
classification,"KNN(k=5,dist)",0.0,5,1,93,24,0,1699361313360,n/a,False
classification,"KNN(k=5,dist)",0.0,5,2,93,24,0,1699379745168,n/a,False
classification,"KNN(k=5,dist)",0.0,5,3,94,23,0,1699380079184,n/a,False
classification,"KNN(k=5,dist)",0.0,5,4,94,23,0,1699380396880,n/a,False
classification,"KNN(k=5,dist)",0.0,5,5,94,23,0,1699380714512,n/a,False
classification,RFECA_SVR(k=5),0.0,5,1,93,24,0,1699381600208,training_fold_X.corr(),False
classification,RFECA_SVR(k=5),0.0,5,2,93,24,0,1699382019696,training_fold_X.corr(),False
classification,RFECA_SVR(k=5),0.0,5,3,94,23,0,1699398921008,training_fold_X.corr(),False
classification,RFECA_SVR(k=5),0.0,5,4,94,23,0,1699399255664,training_fold_X.corr(),False
classification,RFECA_SVR(k=5),0.0,5,5,94,23,0,1699399590288,training_fold_X.corr(),False
classification,RFECA_SVR(k=10),0.0,5,1,93,24,0,1699399894864,training_fold_X.corr(),False
classification,RFECA_SVR(k=10),0.0,5,2,93,24,0,1699400166640,training_fold_X.corr(),False
classification,RFECA_SVR(k=10),0.0,5,3,94,23,0,1699400487824,training_fold_X.corr(),False
classification,RFECA_SVR(k=10),0.0,5,4,94,23,0,1699400857680,training_fold_X.corr(),False
classification,RFECA_SVR(k=10),0.0,5,5,94,23,0,1699401178640,training_fold_X.corr(),False
classification,RFECA_SVR(k=20),0.0,5,1,93,24,0,1699401499600,training_fold_X.corr(),False
classification,RFECA_SVR(k=20),0.0,5,2,93,24,0,1699401836688,training_fold_X.corr(),False
classification,RFECA_SVR(k=20),0.0,5,3,94,23,0,1699402157648,training_fold_X.corr(),False
classification,RFECA_SVR(k=20),0.0,5,4,94,23,0,1699402494736,training_fold_X.corr(),False
classification,RFECA_SVR(k=20),0.0,5,5,94,23,0,1699402848464,training_fold_X.corr(),False
classification,MissForest,0.0,5,1,93,24,0,1699215387664,n/a,False
classification,MissForest,0.0,5,2,93,24,0,1699215384784,n/a,False
classification,MissForest,0.0,5,3,94,23,0,1699077990480,n/a,False
classification,MissForest,0.0,5,4,94,23,0,1699077981200,n/a,False
classification,MissForest,0.0,5,5,94,23,0,1699215382224,n/a,False
imputation,SimpleMean,0.0,6,1,93,24,0,1699421124944,n/a,False
imputation,SimpleMean,0.0,6,2,93,24,0,1699421125136,n/a,False
imputation,SimpleMean,0.0,6,3,94,23,0,1699421125328,n/a,False
imputation,SimpleMean,0.0,6,4,94,23,0,1699421125520,n/a,False
imputation,SimpleMean,0.0,6,5,94,23,0,1699421125712,n/a,False
imputation,"KNN(k=5,dist)",0.0,6,1,93,24,0,1699421125904,n/a,False
imputation,"KNN(k=5,dist)",0.0,6,2,93,24,0,1699421126096,n/a,False
imputation,"KNN(k=5,dist)",0.0,6,3,94,23,0,1699421126288,n/a,False
imputation,"KNN(k=5,dist)",0.0,6,4,94,23,0,1699421126480,n/a,False
imputation,"KNN(k=5,dist)",0.0,6,5,94,23,0,1699421372496,n/a,False
imputation,RFECA_SVR(k=5),0.0,6,1,93,24,0,1699421366192,training_fold_X.corr(),False
imputation,RFECA_SVR(k=5),0.0,6,2,93,24,0,1699421372016,training_fold_X.corr(),False
imputation,RFECA_SVR(k=5),0.0,6,3,94,23,0,1699420724528,training_fold_X.corr(),False
imputation,RFECA_SVR(k=5),0.0,6,4,94,23,0,1699421366416,training_fold_X.corr(),False
imputation,RFECA_SVR(k=5),0.0,6,5,94,23,0,1699421365520,training_fold_X.corr(),False
imputation,RFECA_SVR(k=10),0.0,6,1,93,24,0,1699421366640,training_fold_X.corr(),False
imputation,RFECA_SVR(k=10),0.0,6,2,93,24,0,1699421366864,training_fold_X.corr(),False
imputation,RFECA_SVR(k=10),0.0,6,3,94,23,0,1699421367088,training_fold_X.corr(),False
imputation,RFECA_SVR(k=10),0.0,6,4,94,23,0,1699421367312,training_fold_X.corr(),False
imputation,RFECA_SVR(k=10),0.0,6,5,94,23,0,1699421367536,training_fold_X.corr(),False
imputation,RFECA_SVR(k=20),0.0,6,1,93,24,0,1699421367760,training_fold_X.corr(),False
imputation,RFECA_SVR(k=20),0.0,6,2,93,24,0,1699421367984,training_fold_X.corr(),False
imputation,RFECA_SVR(k=20),0.0,6,3,94,23,0,1699421368208,training_fold_X.corr(),False
imputation,RFECA_SVR(k=20),0.0,6,4,94,23,0,1699421368432,training_fold_X.corr(),False
imputation,RFECA_SVR(k=20),0.0,6,5,94,23,0,1699421368656,training_fold_X.corr(),False
imputation,MissForest,0.0,6,1,93,24,0,1699215384144,n/a,False
imputation,MissForest,0.0,6,2,93,24,0,1699215387984,n/a,False
imputation,MissForest,0.0,6,3,94,23,0,1699215389264,n/a,False
imputation,MissForest,0.0,6,4,94,23,0,1699215385744,n/a,False
imputation,MissForest,0.0,6,5,94,23,0,1699215383184,n/a,False
classification,SimpleMean,0.0,6,1,93,24,0,1699421375952,n/a,False
classification,SimpleMean,0.0,6,2,93,24,0,1699421376528,n/a,False
classification,SimpleMean,0.0,6,3,94,23,0,1699421743312,n/a,False
classification,SimpleMean,0.0,6,4,94,23,0,1699422306768,n/a,False
classification,SimpleMean,0.0,6,5,94,23,0,1699422362256,n/a,False
classification,"KNN(k=5,dist)",0.0,6,1,93,24,0,1699421375760,n/a,False
classification,"KNN(k=5,dist)",0.0,6,2,93,24,0,1699423013968,n/a,False
classification,"KNN(k=5,dist)",0.0,6,3,94,23,0,1699423331600,n/a,False
classification,"KNN(k=5,dist)",0.0,6,4,94,23,0,1699423665616,n/a,False
classification,"KNN(k=5,dist)",0.0,6,5,94,23,0,1699440563920,n/a,False
classification,RFECA_SVR(k=5),0.0,6,1,93,24,0,1699441516720,training_fold_X.corr(),False
classification,RFECA_SVR(k=5),0.0,6,2,93,24,0,1699441903440,training_fold_X.corr(),False
classification,RFECA_SVR(k=5),0.0,6,3,94,23,0,1699442221456,training_fold_X.corr(),False
classification,RFECA_SVR(k=5),0.0,6,4,94,23,0,1699442542416,training_fold_X.corr(),False
classification,RFECA_SVR(k=5),0.0,6,5,94,23,0,1699442863120,training_fold_X.corr(),False
classification,RFECA_SVR(k=10),0.0,6,1,93,24,0,1699443200464,training_fold_X.corr(),False
classification,RFECA_SVR(k=10),0.0,6,2,93,24,0,1699443537552,training_fold_X.corr(),False
classification,RFECA_SVR(k=10),0.0,6,3,94,23,0,1699443858512,training_fold_X.corr(),False
classification,RFECA_SVR(k=10),0.0,6,4,94,23,0,1699444227472,training_fold_X.corr(),False
classification,RFECA_SVR(k=10),0.0,6,5,94,23,0,1699461146320,training_fold_X.corr(),False
classification,RFECA_SVR(k=20),0.0,6,1,93,24,0,1699461483664,training_fold_X.corr(),False
classification,RFECA_SVR(k=20),0.0,6,2,93,24,0,1699461804368,training_fold_X.corr(),False
classification,RFECA_SVR(k=20),0.0,6,3,94,23,0,1699462158096,training_fold_X.corr(),False
classification,RFECA_SVR(k=20),0.0,6,4,94,23,0,1699462478800,training_fold_X.corr(),False
classification,RFECA_SVR(k=20),0.0,6,5,94,23,0,1699462846448,training_fold_X.corr(),False
classification,MissForest,0.0,6,1,93,24,0,1699215390224,n/a,False
classification,MissForest,0.0,6,2,93,24,0,1699440513168,n/a,False
classification,MissForest,0.0,6,3,94,23,0,1699215382864,n/a,False
classification,MissForest,0.0,6,4,94,23,0,1699440509968,n/a,False
classification,MissForest,0.0,6,5,94,23,0,1699440516048,n/a,False
imputation,SimpleMean,0.0,7,1,93,24,0,1699464541392,n/a,False
imputation,SimpleMean,0.0,7,2,93,24,0,1699464541200,n/a,False
imputation,SimpleMean,0.0,7,3,94,23,0,1699464541584,n/a,False
imputation,SimpleMean,0.0,7,4,94,23,0,1699464541776,n/a,False
imputation,SimpleMean,0.0,7,5,94,23,0,1699464541968,n/a,False
imputation,"KNN(k=5,dist)",0.0,7,1,93,24,0,1699464542160,n/a,False
imputation,"KNN(k=5,dist)",0.0,7,2,93,24,0,1699464542352,n/a,False
imputation,"KNN(k=5,dist)",0.0,7,3,94,23,0,1699464542544,n/a,False
imputation,"KNN(k=5,dist)",0.0,7,4,94,23,0,1699464542736,n/a,False
imputation,"KNN(k=5,dist)",0.0,7,5,94,23,0,1699464542928,n/a,False
imputation,RFECA_SVR(k=5),0.0,7,1,93,24,0,1699378128592,training_fold_X.corr(),False
imputation,RFECA_SVR(k=5),0.0,7,2,93,24,0,1699421365968,training_fold_X.corr(),False
imputation,RFECA_SVR(k=5),0.0,7,3,94,23,0,1699464128432,training_fold_X.corr(),False
imputation,RFECA_SVR(k=5),0.0,7,4,94,23,0,1699464786256,training_fold_X.corr(),False
imputation,RFECA_SVR(k=5),0.0,7,5,94,23,0,1699464788496,training_fold_X.corr(),False
imputation,RFECA_SVR(k=10),0.0,7,1,93,24,0,1699464786032,training_fold_X.corr(),False
imputation,RFECA_SVR(k=10),0.0,7,2,93,24,0,1699464786928,training_fold_X.corr(),False
imputation,RFECA_SVR(k=10),0.0,7,3,94,23,0,1699464786480,training_fold_X.corr(),False
imputation,RFECA_SVR(k=10),0.0,7,4,94,23,0,1699464787152,training_fold_X.corr(),False
imputation,RFECA_SVR(k=10),0.0,7,5,94,23,0,1699464787376,training_fold_X.corr(),False
imputation,RFECA_SVR(k=20),0.0,7,1,93,24,0,1699464787600,training_fold_X.corr(),False
imputation,RFECA_SVR(k=20),0.0,7,2,93,24,0,1699464787824,training_fold_X.corr(),False
imputation,RFECA_SVR(k=20),0.0,7,3,94,23,0,1699464788048,training_fold_X.corr(),False
imputation,RFECA_SVR(k=20),0.0,7,4,94,23,0,1699464788272,training_fold_X.corr(),False
imputation,RFECA_SVR(k=20),0.0,7,5,94,23,0,1699464788720,training_fold_X.corr(),False
imputation,MissForest,0.0,7,1,93,24,0,1699215390544,n/a,False
imputation,MissForest,0.0,7,2,93,24,0,1699440515728,n/a,False
imputation,MissForest,0.0,7,3,94,23,0,1699440515408,n/a,False
imputation,MissForest,0.0,7,4,94,23,0,1699440511248,n/a,False
imputation,MissForest,0.0,7,5,94,23,0,1699440516688,n/a,False
classification,SimpleMean,0.0,7,1,93,24,0,1699465136464,n/a,False
classification,SimpleMean,0.0,7,2,93,24,0,1699465137040,n/a,False
classification,SimpleMean,0.0,7,3,94,23,0,1699465176144,n/a,False
classification,SimpleMean,0.0,7,4,94,23,0,1699482025232,n/a,False
classification,SimpleMean,0.0,7,5,94,23,0,1699482359312,n/a,False
classification,"KNN(k=5,dist)",0.0,7,1,93,24,0,1699465136272,n/a,False
classification,"KNN(k=5,dist)",0.0,7,2,93,24,0,1699482994640,n/a,False
classification,"KNN(k=5,dist)",0.0,7,3,94,23,0,1699483328656,n/a,False
classification,"KNN(k=5,dist)",0.0,7,4,94,23,0,1699483662672,n/a,False
classification,"KNN(k=5,dist)",0.0,7,5,94,23,0,1699483996752,n/a,False
classification,RFECA_SVR(k=5),0.0,7,1,93,24,0,1699484885392,training_fold_X.corr(),False
classification,RFECA_SVR(k=5),0.0,7,2,93,24,0,1699485271216,training_fold_X.corr(),False
classification,RFECA_SVR(k=5),0.0,7,3,94,23,0,1699485608304,training_fold_X.corr(),False
classification,RFECA_SVR(k=5),0.0,7,4,94,23,0,1699485945648,training_fold_X.corr(),False
classification,RFECA_SVR(k=5),0.0,7,5,94,23,0,1699502846960,training_fold_X.corr(),False
classification,RFECA_SVR(k=10),0.0,7,1,93,24,0,1699503200688,training_fold_X.corr(),False
classification,RFECA_SVR(k=10),0.0,7,2,93,24,0,1699503554160,training_fold_X.corr(),False
classification,RFECA_SVR(k=10),0.0,7,3,94,23,0,1699503875120,training_fold_X.corr(),False
classification,RFECA_SVR(k=10),0.0,7,4,94,23,0,1699504179696,training_fold_X.corr(),False
classification,RFECA_SVR(k=10),0.0,7,5,94,23,0,1699504533168,training_fold_X.corr(),False
classification,RFECA_SVR(k=20),0.0,7,1,93,24,0,1699504870512,training_fold_X.corr(),False
classification,RFECA_SVR(k=20),0.0,7,2,93,24,0,1699505221744,training_fold_X.corr(),False
classification,RFECA_SVR(k=20),0.0,7,3,94,23,0,1699505542704,training_fold_X.corr(),False
classification,RFECA_SVR(k=20),0.0,7,4,94,23,0,1699522460400,training_fold_X.corr(),False
classification,RFECA_SVR(k=20),0.0,7,5,94,23,0,1699522781360,training_fold_X.corr(),False
classification,MissForest,0.0,7,1,93,24,0,1699440517328,n/a,False
classification,MissForest,0.0,7,2,93,24,0,1699440519568,n/a,False
classification,MissForest,0.0,7,3,94,23,0,1699440519888,n/a,False
classification,MissForest,0.0,7,4,94,23,0,1699440519248,n/a,False
classification,MissForest,0.0,7,5,94,23,0,1699440520848,n/a,False
imputation,SimpleMean,0.0,8,1,93,24,0,1699524522640,n/a,False
imputation,SimpleMean,0.0,8,2,93,24,0,1699524522448,n/a,False
imputation,SimpleMean,0.0,8,3,94,23,0,1699524522832,n/a,False
imputation,SimpleMean,0.0,8,4,94,23,0,1699524523024,n/a,False
imputation,SimpleMean,0.0,8,5,94,23,0,1699524523216,n/a,False
imputation,"KNN(k=5,dist)",0.0,8,1,93,24,0,1699524523408,n/a,False
imputation,"KNN(k=5,dist)",0.0,8,2,93,24,0,1699524523600,n/a,False
imputation,"KNN(k=5,dist)",0.0,8,3,94,23,0,1699524523792,n/a,False
imputation,"KNN(k=5,dist)",0.0,8,4,94,23,0,1699524523984,n/a,False
imputation,"KNN(k=5,dist)",0.0,8,5,94,23,0,1699524524176,n/a,False
imputation,RFECA_SVR(k=5),0.0,8,1,93,24,0,1699464785808,training_fold_X.corr(),False
imputation,RFECA_SVR(k=5),0.0,8,2,93,24,0,1699524770768,training_fold_X.corr(),False
imputation,RFECA_SVR(k=5),0.0,8,3,94,23,0,1699524128880,training_fold_X.corr(),False
imputation,RFECA_SVR(k=5),0.0,8,4,94,23,0,1699524770320,training_fold_X.corr(),False
imputation,RFECA_SVR(k=5),0.0,8,5,94,23,0,1699524769872,training_fold_X.corr(),False
imputation,RFECA_SVR(k=10),0.0,8,1,93,24,0,1699524770992,training_fold_X.corr(),False
imputation,RFECA_SVR(k=10),0.0,8,2,93,24,0,1699524771216,training_fold_X.corr(),False
imputation,RFECA_SVR(k=10),0.0,8,3,94,23,0,1699524771440,training_fold_X.corr(),False
imputation,RFECA_SVR(k=10),0.0,8,4,94,23,0,1699524770544,training_fold_X.corr(),False
imputation,RFECA_SVR(k=10),0.0,8,5,94,23,0,1699524770096,training_fold_X.corr(),False
imputation,RFECA_SVR(k=20),0.0,8,1,93,24,0,1699524968976,training_fold_X.corr(),False
imputation,RFECA_SVR(k=20),0.0,8,2,93,24,0,1699524969200,training_fold_X.corr(),False
imputation,RFECA_SVR(k=20),0.0,8,3,94,23,0,1699524969424,training_fold_X.corr(),False
imputation,RFECA_SVR(k=20),0.0,8,4,94,23,0,1699524969648,training_fold_X.corr(),False
imputation,RFECA_SVR(k=20),0.0,8,5,94,23,0,1699524969872,training_fold_X.corr(),False
imputation,MissForest,0.0,8,1,93,24,0,1699077992720,n/a,False
imputation,MissForest,0.0,8,2,93,24,0,1699077981840,n/a,False
imputation,MissForest,0.0,8,3,94,23,0,1699215387024,n/a,False
imputation,MissForest,0.0,8,4,94,23,0,1699215385424,n/a,False
imputation,MissForest,0.0,8,5,94,23,0,1699215376464,n/a,False
classification,SimpleMean,0.0,8,1,93,24,0,1699525117328,n/a,False
classification,SimpleMean,0.0,8,2,93,24,0,1699525117904,n/a,False
classification,SimpleMean,0.0,8,3,94,23,0,1699525173392,n/a,False
classification,SimpleMean,0.0,8,4,94,23,0,1699525441872,n/a,False
classification,SimpleMean,0.0,8,5,94,23,0,1699525775952,n/a,False
classification,"KNN(k=5,dist)",0.0,8,1,93,24,0,1699525117136,n/a,False
classification,"KNN(k=5,dist)",0.0,8,2,93,24,0,1699526444048,n/a,False
classification,"KNN(k=5,dist)",0.0,8,3,94,23,0,1699543309520,n/a,False
classification,"KNN(k=5,dist)",0.0,8,4,94,23,0,1699543659920,n/a,False
classification,"KNN(k=5,dist)",0.0,8,5,94,23,0,1699543961232,n/a,False
classification,RFECA_SVR(k=5),0.0,8,1,93,24,0,1699544853296,training_fold_X.corr(),False
classification,RFECA_SVR(k=5),0.0,8,2,93,24,0,1699545222736,training_fold_X.corr(),False
classification,RFECA_SVR(k=5),0.0,8,3,94,23,0,1699545527056,training_fold_X.corr(),False
classification,RFECA_SVR(k=5),0.0,8,4,94,23,0,1699545897168,training_fold_X.corr(),False
classification,RFECA_SVR(k=5),0.0,8,5,94,23,0,1699546234256,training_fold_X.corr(),False
classification,RFECA_SVR(k=10),0.0,8,1,93,24,0,1699546555216,training_fold_X.corr(),False
classification,RFECA_SVR(k=10),0.0,8,2,93,24,0,1699546908944,training_fold_X.corr(),False
classification,RFECA_SVR(k=10),0.0,8,3,94,23,0,1699547262416,training_fold_X.corr(),False
classification,RFECA_SVR(k=10),0.0,8,4,94,23,0,1699564178128,training_fold_X.corr(),False
classification,RFECA_SVR(k=10),0.0,8,5,94,23,0,1699564515216,training_fold_X.corr(),False
classification,RFECA_SVR(k=20),0.0,8,1,93,24,0,1699564852560,training_fold_X.corr(),False
classification,RFECA_SVR(k=20),0.0,8,2,93,24,0,1699565206032,training_fold_X.corr(),False
classification,RFECA_SVR(k=20),0.0,8,3,94,23,0,1699565559760,training_fold_X.corr(),False
classification,RFECA_SVR(k=20),0.0,8,4,94,23,0,1699565913488,training_fold_X.corr(),False
classification,RFECA_SVR(k=20),0.0,8,5,94,23,0,1699566250576,training_fold_X.corr(),False
classification,MissForest,0.0,8,1,93,24,0,1699215390864,n/a,False
classification,MissForest,0.0,8,2,93,24,0,1699440511888,n/a,False
classification,MissForest,0.0,8,3,94,23,0,1699215377424,n/a,False
classification,MissForest,0.0,8,4,94,23,0,1699215388624,n/a,False
classification,MissForest,0.0,8,5,94,23,0,1699440513488,n/a,False
imputation,SimpleMean,0.0,9,1,93,24,0,1699565998480,n/a,False
imputation,SimpleMean,0.0,9,2,93,24,0,1699464207568,n/a,False
imputation,SimpleMean,0.0,9,3,94,23,0,1699443300432,n/a,False
imputation,SimpleMean,0.0,9,4,94,23,0,1699567971280,n/a,False
imputation,SimpleMean,0.0,9,5,94,23,0,1699567971472,n/a,False
imputation,"KNN(k=5,dist)",0.0,9,1,93,24,0,1699567971664,n/a,False
imputation,"KNN(k=5,dist)",0.0,9,2,93,24,0,1699567971856,n/a,False
imputation,"KNN(k=5,dist)",0.0,9,3,94,23,0,1699567972048,n/a,False
imputation,"KNN(k=5,dist)",0.0,9,4,94,23,0,1699567972240,n/a,False
imputation,"KNN(k=5,dist)",0.0,9,5,94,23,0,1699567972432,n/a,False
imputation,RFECA_SVR(k=5),0.0,9,1,93,24,0,1699524968752,training_fold_X.corr(),False
imputation,RFECA_SVR(k=5),0.0,9,2,93,24,0,1699584810064,training_fold_X.corr(),False
imputation,RFECA_SVR(k=5),0.0,9,3,94,23,0,1699567499792,training_fold_X.corr(),False
imputation,RFECA_SVR(k=5),0.0,9,4,94,23,0,1699584804016,training_fold_X.corr(),False
imputation,RFECA_SVR(k=5),0.0,9,5,94,23,0,1699584803792,training_fold_X.corr(),False
imputation,RFECA_SVR(k=10),0.0,9,1,93,24,0,1699584804464,training_fold_X.corr(),False
imputation,RFECA_SVR(k=10),0.0,9,2,93,24,0,1699584803568,training_fold_X.corr(),False
imputation,RFECA_SVR(k=10),0.0,9,3,94,23,0,1699584804240,training_fold_X.corr(),False
imputation,RFECA_SVR(k=10),0.0,9,4,94,23,0,1699584804688,training_fold_X.corr(),False
imputation,RFECA_SVR(k=10),0.0,9,5,94,23,0,1699584804912,training_fold_X.corr(),False
imputation,RFECA_SVR(k=20),0.0,9,1,93,24,0,1699584805136,training_fold_X.corr(),False
imputation,RFECA_SVR(k=20),0.0,9,2,93,24,0,1699584805360,training_fold_X.corr(),False
imputation,RFECA_SVR(k=20),0.0,9,3,94,23,0,1699584805584,training_fold_X.corr(),False
imputation,RFECA_SVR(k=20),0.0,9,4,94,23,0,1699584805808,training_fold_X.corr(),False
imputation,RFECA_SVR(k=20),0.0,9,5,94,23,0,1699584806032,training_fold_X.corr(),False
imputation,MissForest,0.0,9,1,93,24,0,1699215391824,n/a,False
imputation,MissForest,0.0,9,2,93,24,0,1699215385104,n/a,False
imputation,MissForest,0.0,9,3,94,23,0,1699215391504,n/a,False
imputation,MissForest,0.0,9,4,94,23,0,1699215392464,n/a,False
imputation,MissForest,0.0,9,5,94,23,0,1699215392144,n/a,False
classification,SimpleMean,0.0,9,1,93,24,0,1699567975888,n/a,False
classification,SimpleMean,0.0,9,2,93,24,0,1699585179728,n/a,False
classification,SimpleMean,0.0,9,3,94,23,0,1699585218832,n/a,False
classification,SimpleMean,0.0,9,4,94,23,0,1699585487312,n/a,False
classification,SimpleMean,0.0,9,5,94,23,0,1699585805008,n/a,False
classification,"KNN(k=5,dist)",0.0,9,1,93,24,0,1699567975696,n/a,False
classification,"KNN(k=5,dist)",0.0,9,2,93,24,0,1699586423888,n/a,False
classification,"KNN(k=5,dist)",0.0,9,3,94,23,0,1699586741584,n/a,False
classification,"KNN(k=5,dist)",0.0,9,4,94,23,0,1699587075600,n/a,False
classification,"KNN(k=5,dist)",0.0,9,5,94,23,0,1699587409680,n/a,False
classification,RFECA_SVR(k=5),0.0,9,1,93,24,0,1699588306128,training_fold_X.corr(),False
classification,RFECA_SVR(k=5),0.0,9,2,93,24,0,1699588691952,training_fold_X.corr(),False
classification,RFECA_SVR(k=5),0.0,9,3,94,23,0,1699605576880,training_fold_X.corr(),False
classification,RFECA_SVR(k=5),0.0,9,4,94,23,0,1699605914224,training_fold_X.corr(),False
classification,RFECA_SVR(k=5),0.0,9,5,94,23,0,1699606267952,training_fold_X.corr(),False
classification,RFECA_SVR(k=10),0.0,9,1,93,24,0,1699606602576,training_fold_X.corr(),False
classification,RFECA_SVR(k=10),0.0,9,2,93,24,0,1699606939920,training_fold_X.corr(),False
classification,RFECA_SVR(k=10),0.0,9,3,94,23,0,1699607244240,training_fold_X.corr(),False
classification,RFECA_SVR(k=10),0.0,9,4,94,23,0,1699607630736,training_fold_X.corr(),False
classification,RFECA_SVR(k=10),0.0,9,5,94,23,0,1699607951440,training_fold_X.corr(),False
classification,RFECA_SVR(k=20),0.0,9,1,93,24,0,1699608272400,training_fold_X.corr(),False
classification,RFECA_SVR(k=20),0.0,9,2,93,24,0,1699608380368,training_fold_X.corr(),False
classification,RFECA_SVR(k=20),0.0,9,3,94,23,0,1699608963216,training_fold_X.corr(),False
classification,RFECA_SVR(k=20),0.0,9,4,94,23,0,1699609300560,training_fold_X.corr(),False
classification,RFECA_SVR(k=20),0.0,9,5,94,23,0,1699609670416,training_fold_X.corr(),False
classification,MissForest,0.0,9,1,93,24,0,1699440513808,n/a,False
classification,MissForest,0.0,9,2,93,24,0,1699440517648,n/a,False
classification,MissForest,0.0,9,3,94,23,0,1699440521168,n/a,False
classification,MissForest,0.0,9,4,94,23,0,1699215378064,n/a,False
classification,MissForest,0.0,9,5,94,23,0,1699440517008,n/a,False
imputation,SimpleMean,0.05,0,1,93,24,0,1699609397776,n/a,False
imputation,SimpleMean,0.05,0,2,93,24,0,1699524521872,n/a,False
imputation,SimpleMean,0.05,0,3,94,23,0,1699524522064,n/a,False
imputation,SimpleMean,0.05,0,4,94,23,0,1699627902608,n/a,False
imputation,SimpleMean,0.05,0,5,94,23,0,1699627902800,n/a,False
imputation,"KNN(k=5,dist)",0.05,0,1,93,24,0,1699627902992,n/a,False
imputation,"KNN(k=5,dist)",0.05,0,2,93,24,0,1699627903184,n/a,False
imputation,"KNN(k=5,dist)",0.05,0,3,94,23,0,1699627903376,n/a,False
imputation,"KNN(k=5,dist)",0.05,0,4,94,23,0,1699627903568,n/a,False
imputation,"KNN(k=5,dist)",0.05,0,5,94,23,0,1699627903760,n/a,False
imputation,RFECA_SVR(k=5),0.05,0,1,93,24,0,1699567196368,training_fold_X.corr(),False
imputation,RFECA_SVR(k=5),0.05,0,2,93,24,0,1699628178288,training_fold_X.corr(),False
imputation,RFECA_SVR(k=5),0.05,0,3,94,23,0,1699628177840,training_fold_X.corr(),False
imputation,RFECA_SVR(k=5),0.05,0,4,94,23,0,1699627513936,training_fold_X.corr(),False
imputation,RFECA_SVR(k=5),0.05,0,5,94,23,0,1699628172016,training_fold_X.corr(),False
imputation,RFECA_SVR(k=10),0.05,0,1,93,24,0,1699628171792,training_fold_X.corr(),False
imputation,RFECA_SVR(k=10),0.05,0,2,93,24,0,1699628172464,training_fold_X.corr(),False
imputation,RFECA_SVR(k=10),0.05,0,3,94,23,0,1699628171568,training_fold_X.corr(),False
imputation,RFECA_SVR(k=10),0.05,0,4,94,23,0,1699628172240,training_fold_X.corr(),False
imputation,RFECA_SVR(k=10),0.05,0,5,94,23,0,1699628172688,training_fold_X.corr(),False
imputation,RFECA_SVR(k=20),0.05,0,1,93,24,0,1699628172912,training_fold_X.corr(),False
imputation,RFECA_SVR(k=20),0.05,0,2,93,24,0,1699628173136,training_fold_X.corr(),False
imputation,RFECA_SVR(k=20),0.05,0,3,94,23,0,1699628173360,training_fold_X.corr(),False
imputation,RFECA_SVR(k=20),0.05,0,4,94,23,0,1699628173584,training_fold_X.corr(),False
imputation,RFECA_SVR(k=20),0.05,0,5,94,23,0,1699628173808,training_fold_X.corr(),False
imputation,MissForest,0.05,0,1,93,24,0,1699215389584,n/a,False
imputation,MissForest,0.05,0,2,93,24,0,1699628684048,n/a,False
imputation,MissForest,0.05,0,3,94,23,0,1699628685968,n/a,False
imputation,MissForest,0.05,0,4,94,23,0,1699440520208,n/a,False
imputation,MissForest,0.05,0,5,94,23,0,1699440517968,n/a,False
classification,SimpleMean,0.05,0,1,93,24,0,1699971218512,n/a,False
classification,SimpleMean,0.05,0,2,93,24,0,1699971269264,n/a,False
classification,SimpleMean,0.05,0,3,94,23,0,1699971291984,n/a,False
classification,SimpleMean,0.05,0,4,94,23,0,1700004754448,n/a,False
classification,SimpleMean,0.05,0,5,94,23,0,1700005072144,n/a,False
classification,"KNN(k=5,dist)",0.05,0,1,93,24,0,1699971206416,n/a,False
classification,"KNN(k=5,dist)",0.05,0,2,93,24,0,1700005723792,n/a,False
classification,"KNN(k=5,dist)",0.05,0,3,94,23,0,1700006074256,n/a,False
classification,"KNN(k=5,dist)",0.05,0,4,94,23,0,1700006375504,n/a,False
classification,"KNN(k=5,dist)",0.05,0,5,94,23,0,1700006709584,n/a,False
classification,RFECA_SVR(k=5),0.05,0,1,93,24,0,1700823923888,training_fold_X.corr(),False
classification,RFECA_SVR(k=5),0.05,0,2,93,24,0,1700824326768,training_fold_X.corr(),False
classification,RFECA_SVR(k=5),0.05,0,3,94,23,0,1700824746256,training_fold_X.corr(),False
classification,RFECA_SVR(k=5),0.05,0,4,94,23,0,1700825048112,training_fold_X.corr(),False
classification,RFECA_SVR(k=5),0.05,0,5,94,23,0,1700825402288,training_fold_X.corr(),False
classification,RFECA_SVR(k=10),0.05,0,1,93,24,0,1700825706160,training_fold_X.corr(),False
classification,RFECA_SVR(k=10),0.05,0,2,93,24,0,1700826059664,training_fold_X.corr(),False
classification,RFECA_SVR(k=10),0.05,0,3,94,23,0,1700826363984,training_fold_X.corr(),False
classification,RFECA_SVR(k=10),0.05,0,4,94,23,0,1700826701776,training_fold_X.corr(),False
classification,RFECA_SVR(k=10),0.05,0,5,94,23,0,1700827055056,training_fold_X.corr(),False
classification,RFECA_SVR(k=20),0.05,0,1,93,24,0,1700827375536,training_fold_X.corr(),False
classification,RFECA_SVR(k=20),0.05,0,2,93,24,0,1700827729264,training_fold_X.corr(),False
classification,RFECA_SVR(k=20),0.05,0,3,94,23,0,1700828066800,training_fold_X.corr(),False
classification,RFECA_SVR(k=20),0.05,0,4,94,23,0,1700844984304,training_fold_X.corr(),False
classification,RFECA_SVR(k=20),0.05,0,5,94,23,0,1700845321168,training_fold_X.corr(),False
classification,MissForest,0.05,0,1,93,24,0,1699440522768,n/a,False
classification,MissForest,0.05,0,2,93,24,0,1699440525008,n/a,False
classification,MissForest,0.05,0,3,94,23,0,1699215387344,n/a,False
classification,MissForest,0.05,0,4,94,23,0,1699628692048,n/a,False
classification,MissForest,0.05,0,5,94,23,0,1699628693008,n/a,False
imputation,SimpleMean,0.05,1,1,93,24,0,1700845063248,n/a,False
imputation,SimpleMean,0.05,1,2,93,24,0,1699399949712,n/a,False
imputation,SimpleMean,0.05,1,3,94,23,0,1699420774928,n/a,False
imputation,SimpleMean,0.05,1,4,94,23,0,1701195591952,n/a,False
imputation,SimpleMean,0.05,1,5,94,23,0,1701195592336,n/a,False
imputation,"KNN(k=5,dist)",0.05,1,1,93,24,0,1701195592144,n/a,False
imputation,"KNN(k=5,dist)",0.05,1,2,93,24,0,1701195591760,n/a,False
imputation,"KNN(k=5,dist)",0.05,1,3,94,23,0,1701195592528,n/a,False
imputation,"KNN(k=5,dist)",0.05,1,4,94,23,0,1701195592720,n/a,False
imputation,"KNN(k=5,dist)",0.05,1,5,94,23,0,1701195592912,n/a,False
imputation,RFECA_SVR(k=5),0.05,1,1,93,24,0,1699462478576,training_fold_X.corr(),False
imputation,RFECA_SVR(k=5),0.05,1,2,93,24,0,1701195734096,training_fold_X.corr(),False
imputation,RFECA_SVR(k=5),0.05,1,3,94,23,0,1701195730288,training_fold_X.corr(),False
imputation,RFECA_SVR(k=5),0.05,1,4,94,23,0,1701195734544,training_fold_X.corr(),False
imputation,RFECA_SVR(k=5),0.05,1,5,94,23,0,1701195734768,training_fold_X.corr(),False
imputation,RFECA_SVR(k=10),0.05,1,1,93,24,0,1701195734992,training_fold_X.corr(),False
imputation,RFECA_SVR(k=10),0.05,1,2,93,24,0,1701195735216,training_fold_X.corr(),False
imputation,RFECA_SVR(k=10),0.05,1,3,94,23,0,1701195735440,training_fold_X.corr(),False
imputation,RFECA_SVR(k=10),0.05,1,4,94,23,0,1701195735664,training_fold_X.corr(),False
imputation,RFECA_SVR(k=10),0.05,1,5,94,23,0,1701195735888,training_fold_X.corr(),False
imputation,RFECA_SVR(k=20),0.05,1,1,93,24,0,1701195736112,training_fold_X.corr(),False
imputation,RFECA_SVR(k=20),0.05,1,2,93,24,0,1701195736336,training_fold_X.corr(),False
imputation,RFECA_SVR(k=20),0.05,1,3,94,23,0,1701195736560,training_fold_X.corr(),False
imputation,RFECA_SVR(k=20),0.05,1,4,94,23,0,1701195736784,training_fold_X.corr(),False
imputation,RFECA_SVR(k=20),0.05,1,5,94,23,0,1701195737008,training_fold_X.corr(),False
imputation,MissForest,0.05,1,1,93,24,0,1699215391184,n/a,False
imputation,MissForest,0.05,1,2,93,24,0,1699440521488,n/a,False
imputation,MissForest,0.05,1,3,94,23,0,1699628689168,n/a,False
imputation,MissForest,0.05,1,4,94,23,0,1699628688208,n/a,False
imputation,MissForest,0.05,1,5,94,23,0,1699440523408,n/a,False
classification,SimpleMean,0.05,1,1,93,24,0,1701588378896,n/a,False
classification,SimpleMean,0.05,1,2,93,24,0,1701588380432,n/a,False
classification,SimpleMean,0.05,1,3,94,23,0,1701588517712,n/a,False
classification,SimpleMean,0.05,1,4,94,23,0,1701588704272,n/a,False
classification,SimpleMean,0.05,1,5,94,23,0,1701605520592,n/a,False
classification,"KNN(k=5,dist)",0.05,1,1,93,24,0,1701588370832,n/a,False
classification,"KNN(k=5,dist)",0.05,1,2,93,24,0,1701606074000,n/a,False
classification,"KNN(k=5,dist)",0.05,1,3,94,23,0,1701606309712,n/a,False
classification,"KNN(k=5,dist)",0.05,1,4,94,23,0,1701623126096,n/a,False
classification,"KNN(k=5,dist)",0.05,1,5,94,23,0,1701623394576,n/a,False
classification,RFECA_SVR(k=5),0.05,1,1,93,24,0,1701624119376,training_fold_X.corr(),False
classification,RFECA_SVR(k=5),0.05,1,2,93,24,0,1701624440304,training_fold_X.corr(),False
classification,RFECA_SVR(k=5),0.05,1,3,94,23,0,1701624777424,training_fold_X.corr(),False
classification,RFECA_SVR(k=5),0.05,1,4,94,23,0,1701625098128,training_fold_X.corr(),False
classification,RFECA_SVR(k=5),0.05,1,5,94,23,0,1701625485072,training_fold_X.corr(),False
classification,RFECA_SVR(k=10),0.05,1,1,93,24,0,1701625788944,training_fold_X.corr(),False
classification,RFECA_SVR(k=10),0.05,1,2,93,24,0,1701626109680,training_fold_X.corr(),False
classification,RFECA_SVR(k=10),0.05,1,3,94,23,0,1701626447024,training_fold_X.corr(),False
classification,RFECA_SVR(k=10),0.05,1,4,94,23,0,1701626784560,training_fold_X.corr(),False
classification,RFECA_SVR(k=10),0.05,1,5,94,23,0,1701627105072,training_fold_X.corr(),False
classification,RFECA_SVR(k=20),0.05,1,1,93,24,0,1701627458320,training_fold_X.corr(),False
classification,RFECA_SVR(k=20),0.05,1,2,93,24,0,1701627776816,training_fold_X.corr(),False
classification,RFECA_SVR(k=20),0.05,1,3,94,23,0,1701628114352,training_fold_X.corr(),False
classification,RFECA_SVR(k=20),0.05,1,4,94,23,0,1701645015472,training_fold_X.corr(),False
classification,RFECA_SVR(k=20),0.05,1,5,94,23,0,1701645368720,training_fold_X.corr(),False
classification,MissForest,0.05,1,1,93,24,0,1699628679888,n/a,False
classification,MissForest,0.05,1,2,93,24,0,1699628693968,n/a,False
classification,MissForest,0.05,1,3,94,23,0,1699440515088,n/a,False
classification,MissForest,0.05,1,4,94,23,0,1699628686288,n/a,False
classification,MissForest,0.05,1,5,94,23,0,1701519904272,n/a,False
imputation,SimpleMean,0.05,2,1,93,24,0,1701645136720,n/a,False
imputation,SimpleMean,0.05,2,2,93,24,0,1699522532688,n/a,False
imputation,SimpleMean,0.05,2,3,94,23,0,1699627902224,n/a,False
imputation,SimpleMean,0.05,2,4,94,23,0,1701990036688,n/a,False
imputation,SimpleMean,0.05,2,5,94,23,0,1701990036496,n/a,False
imputation,"KNN(k=5,dist)",0.05,2,1,93,24,0,1701990036880,n/a,False
imputation,"KNN(k=5,dist)",0.05,2,2,93,24,0,1701990037456,n/a,False
imputation,"KNN(k=5,dist)",0.05,2,3,94,23,0,1701990037264,n/a,False
imputation,"KNN(k=5,dist)",0.05,2,4,94,23,0,1701990037072,n/a,False
imputation,"KNN(k=5,dist)",0.05,2,5,94,23,0,1701990037648,n/a,False
imputation,RFECA_SVR(k=5),0.05,2,1,93,24,0,1699547262192,training_fold_X.corr(),False
imputation,RFECA_SVR(k=5),0.05,2,2,93,24,0,1702023406640,training_fold_X.corr(),False
imputation,RFECA_SVR(k=5),0.05,2,3,94,23,0,1702023407088,training_fold_X.corr(),False
imputation,RFECA_SVR(k=5),0.05,2,4,94,23,0,1702023405296,training_fold_X.corr(),False
imputation,RFECA_SVR(k=5),0.05,2,5,94,23,0,1702023403504,training_fold_X.corr(),False
imputation,RFECA_SVR(k=10),0.05,2,1,93,24,0,1702023405072,training_fold_X.corr(),False
imputation,RFECA_SVR(k=10),0.05,2,2,93,24,0,1702023403280,training_fold_X.corr(),False
imputation,RFECA_SVR(k=10),0.05,2,3,94,23,0,1702023403728,training_fold_X.corr(),False
imputation,RFECA_SVR(k=10),0.05,2,4,94,23,0,1702023403952,training_fold_X.corr(),False
imputation,RFECA_SVR(k=10),0.05,2,5,94,23,0,1702023404176,training_fold_X.corr(),False
imputation,RFECA_SVR(k=20),0.05,2,1,93,24,0,1702023404400,training_fold_X.corr(),False
imputation,RFECA_SVR(k=20),0.05,2,2,93,24,0,1702023404624,training_fold_X.corr(),False
imputation,RFECA_SVR(k=20),0.05,2,3,94,23,0,1702023404848,training_fold_X.corr(),False
imputation,RFECA_SVR(k=20),0.05,2,4,94,23,0,1702023410896,training_fold_X.corr(),False
imputation,RFECA_SVR(k=20),0.05,2,5,94,23,0,1702023410672,training_fold_X.corr(),False
imputation,MissForest,0.05,2,1,93,24,0,1699440524368,n/a,False
imputation,MissForest,0.05,2,2,93,24,0,1699628689808,n/a,False
imputation,MissForest,0.05,2,3,94,23,0,1699215389904,n/a,False
imputation,MissForest,0.05,2,4,94,23,0,1701519901712,n/a,False
imputation,MissForest,0.05,2,5,94,23,0,1699628681808,n/a,False
classification,SimpleMean,0.05,2,1,93,24,0,1702367435024,n/a,False
classification,SimpleMean,0.05,2,2,93,24,0,1702367436368,n/a,False
classification,SimpleMean,0.05,2,3,94,23,0,1702367508432,n/a,False
classification,SimpleMean,0.05,2,4,94,23,0,1702400954576,n/a,False
classification,SimpleMean,0.05,2,5,94,23,0,1702401288592,n/a,False
classification,"KNN(k=5,dist)",0.05,2,1,93,24,0,1702367430992,n/a,False
classification,"KNN(k=5,dist)",0.05,2,2,93,24,0,1702401923920,n/a,False
classification,"KNN(k=5,dist)",0.05,2,3,94,23,0,1702402241552,n/a,False
classification,"KNN(k=5,dist)",0.05,2,4,94,23,0,1702402559248,n/a,False
classification,"KNN(k=5,dist)",0.05,2,5,94,23,0,1702419490256,n/a,False
classification,RFECA_SVR(k=5),0.05,2,1,93,24,0,1702420399280,training_fold_X.corr(),False
classification,RFECA_SVR(k=5),0.05,2,2,93,24,0,1702420752752,training_fold_X.corr(),False
classification,RFECA_SVR(k=5),0.05,2,3,94,23,0,1702421170000,training_fold_X.corr(),False
classification,RFECA_SVR(k=5),0.05,2,4,94,23,0,1702421490704,training_fold_X.corr(),False
classification,RFECA_SVR(k=5),0.05,2,5,94,23,0,1702421828496,training_fold_X.corr(),False
classification,RFECA_SVR(k=10),0.05,2,1,93,24,0,1702422132368,training_fold_X.corr(),False
classification,RFECA_SVR(k=10),0.05,2,2,93,24,0,1702422453104,training_fold_X.corr(),False
classification,RFECA_SVR(k=10),0.05,2,3,94,23,0,1702422772912,training_fold_X.corr(),False
classification,RFECA_SVR(k=10),0.05,2,4,94,23,0,1702423127984,training_fold_X.corr(),False
classification,RFECA_SVR(k=10),0.05,2,5,94,23,0,1702423497648,training_fold_X.corr(),False
classification,RFECA_SVR(k=20),0.05,2,1,93,24,0,1702440415120,training_fold_X.corr(),False
classification,RFECA_SVR(k=20),0.05,2,2,93,24,0,1702440752464,training_fold_X.corr(),False
classification,RFECA_SVR(k=20),0.05,2,3,94,23,0,1702441057232,training_fold_X.corr(),False
classification,RFECA_SVR(k=20),0.05,2,4,94,23,0,1702441426896,training_fold_X.corr(),False
classification,RFECA_SVR(k=20),0.05,2,5,94,23,0,1702441747632,training_fold_X.corr(),False
classification,MissForest,0.05,2,1,93,24,0,1699440521808,n/a,False
classification,MissForest,0.05,2,2,93,24,0,1699628682448,n/a,False
classification,MissForest,0.05,2,3,94,23,0,1701519906512,n/a,False
classification,MissForest,0.05,2,4,94,23,0,1699628689488,n/a,False
classification,MissForest,0.05,2,5,94,23,0,1699628687888,n/a,False
imputation,SimpleMean,0.05,3,1,93,24,0,1700825795280,n/a,False
imputation,SimpleMean,0.05,3,2,93,24,0,1699402604304,n/a,False
imputation,SimpleMean,0.05,3,3,94,23,0,1701195591184,n/a,False
imputation,SimpleMean,0.05,3,4,94,23,0,1702786374288,n/a,False
imputation,SimpleMean,0.05,3,5,94,23,0,1702786374096,n/a,False
imputation,"KNN(k=5,dist)",0.05,3,1,93,24,0,1702786374480,n/a,False
imputation,"KNN(k=5,dist)",0.05,3,2,93,24,0,1702786375056,n/a,False
imputation,"KNN(k=5,dist)",0.05,3,3,94,23,0,1702786374864,n/a,False
imputation,"KNN(k=5,dist)",0.05,3,4,94,23,0,1702786374672,n/a,False
imputation,"KNN(k=5,dist)",0.05,3,5,94,23,0,1702786375248,n/a,False
imputation,RFECA_SVR(k=5),0.05,3,1,93,24,0,1702511093456,training_fold_X.corr(),False
imputation,RFECA_SVR(k=5),0.05,3,2,93,24,0,1701645745104,training_fold_X.corr(),False
imputation,RFECA_SVR(k=5),0.05,3,3,94,23,0,1702579908496,training_fold_X.corr(),False
imputation,RFECA_SVR(k=5),0.05,3,4,94,23,0,1702819734128,training_fold_X.corr(),False
imputation,RFECA_SVR(k=5),0.05,3,5,94,23,0,1702819734800,training_fold_X.corr(),False
imputation,RFECA_SVR(k=10),0.05,3,1,93,24,0,1702819735248,training_fold_X.corr(),False
imputation,RFECA_SVR(k=10),0.05,3,2,93,24,0,1702819733008,training_fold_X.corr(),False
imputation,RFECA_SVR(k=10),0.05,3,3,94,23,0,1702819733232,training_fold_X.corr(),False
imputation,RFECA_SVR(k=10),0.05,3,4,94,23,0,1702819733456,training_fold_X.corr(),False
imputation,RFECA_SVR(k=10),0.05,3,5,94,23,0,1702819733680,training_fold_X.corr(),False
imputation,RFECA_SVR(k=20),0.05,3,1,93,24,0,1702819733904,training_fold_X.corr(),False
imputation,RFECA_SVR(k=20),0.05,3,2,93,24,0,1702819738160,training_fold_X.corr(),False
imputation,RFECA_SVR(k=20),0.05,3,3,94,23,0,1702819734576,training_fold_X.corr(),False
imputation,RFECA_SVR(k=20),0.05,3,4,94,23,0,1702819738608,training_fold_X.corr(),False
imputation,RFECA_SVR(k=20),0.05,3,5,94,23,0,1702819737712,training_fold_X.corr(),False
imputation,MissForest,0.05,3,1,93,24,0,1699215388944,n/a,False
imputation,MissForest,0.05,3,2,93,24,0,1701519905232,n/a,False
imputation,MissForest,0.05,3,3,94,23,0,1699628686608,n/a,False
imputation,MissForest,0.05,3,4,94,23,0,1701519906832,n/a,False
imputation,MissForest,0.05,3,5,94,23,0,1701519909712,n/a,False
classification,SimpleMean,0.05,3,1,93,24,0,1703195968528,n/a,False
classification,SimpleMean,0.05,3,2,93,24,0,1703195969104,n/a,False
classification,SimpleMean,0.05,3,3,94,23,0,1703196040592,n/a,False
classification,SimpleMean,0.05,3,4,94,23,0,1703196325456,n/a,False
classification,SimpleMean,0.05,3,5,94,23,0,1703196675920,n/a,False
classification,"KNN(k=5,dist)",0.05,3,1,93,24,0,1703162806096,n/a,False
classification,"KNN(k=5,dist)",0.05,3,2,93,24,0,1703197557008,n/a,False
classification,"KNN(k=5,dist)",0.05,3,3,94,23,0,1703197596112,n/a,False
classification,"KNN(k=5,dist)",0.05,3,4,94,23,0,1703197946512,n/a,False
classification,"KNN(k=5,dist)",0.05,3,5,94,23,0,1703214844816,n/a,False
classification,RFECA_SVR(k=5),0.05,3,1,93,24,0,1703215749104,training_fold_X.corr(),False
classification,RFECA_SVR(k=5),0.05,3,2,93,24,0,1703216086192,training_fold_X.corr(),False
classification,RFECA_SVR(k=5),0.05,3,3,94,23,0,1703216407600,training_fold_X.corr(),False
classification,RFECA_SVR(k=5),0.05,3,4,94,23,0,1703216728112,training_fold_X.corr(),False
classification,RFECA_SVR(k=5),0.05,3,5,94,23,0,1703217015824,training_fold_X.corr(),False
classification,RFECA_SVR(k=10),0.05,3,1,93,24,0,1703217353168,training_fold_X.corr(),False
classification,RFECA_SVR(k=10),0.05,3,2,93,24,0,1703217707088,training_fold_X.corr(),False
classification,RFECA_SVR(k=10),0.05,3,3,94,23,0,1703218060368,training_fold_X.corr(),False
classification,RFECA_SVR(k=10),0.05,3,4,94,23,0,1703218362000,training_fold_X.corr(),False
classification,RFECA_SVR(k=10),0.05,3,5,94,23,0,1703218715728,training_fold_X.corr(),False
classification,RFECA_SVR(k=20),0.05,3,1,93,24,0,1703235650512,training_fold_X.corr(),False
classification,RFECA_SVR(k=20),0.05,3,2,93,24,0,1703235970768,training_fold_X.corr(),False
classification,RFECA_SVR(k=20),0.05,3,3,94,23,0,1703236307888,training_fold_X.corr(),False
classification,RFECA_SVR(k=20),0.05,3,4,94,23,0,1703236628592,training_fold_X.corr(),False
classification,RFECA_SVR(k=20),0.05,3,5,94,23,0,1703236966384,training_fold_X.corr(),False
classification,MissForest,0.05,3,1,93,24,0,1699440523728,n/a,False
classification,MissForest,0.05,3,2,93,24,0,1699628687248,n/a,False
classification,MissForest,0.05,3,3,94,23,0,1701519913552,n/a,False
classification,MissForest,0.05,3,4,94,23,0,1699628681488,n/a,False
classification,MissForest,0.05,3,5,94,23,0,1699628691408,n/a,False
imputation,SimpleMean,0.05,4,1,93,24,0,1703236701840,n/a,False
imputation,SimpleMean,0.05,4,2,93,24,0,1699606694032,n/a,False
imputation,SimpleMean,0.05,4,3,94,23,0,1701989960400,n/a,False
imputation,SimpleMean,0.05,4,4,94,23,0,1703597899600,n/a,False
imputation,SimpleMean,0.05,4,5,94,23,0,1703598211152,n/a,False
imputation,"KNN(k=5,dist)",0.05,4,1,93,24,0,1703598211344,n/a,False
imputation,"KNN(k=5,dist)",0.05,4,2,93,24,0,1703598211536,n/a,False
imputation,"KNN(k=5,dist)",0.05,4,3,94,23,0,1703598211728,n/a,False
imputation,"KNN(k=5,dist)",0.05,4,4,94,23,0,1703598211920,n/a,False
imputation,"KNN(k=5,dist)",0.05,4,5,94,23,0,1703598212112,n/a,False
imputation,RFECA_SVR(k=5),0.05,4,1,93,24,0,1703529282512,training_fold_X.corr(),False
imputation,RFECA_SVR(k=5),0.05,4,2,93,24,0,1702665447344,training_fold_X.corr(),False
imputation,RFECA_SVR(k=5),0.05,4,3,94,23,0,1703529281616,training_fold_X.corr(),False
imputation,RFECA_SVR(k=5),0.05,4,4,94,23,0,1703598191600,training_fold_X.corr(),False
imputation,RFECA_SVR(k=5),0.05,4,5,94,23,0,1703598191824,training_fold_X.corr(),False
imputation,RFECA_SVR(k=10),0.05,4,1,93,24,0,1703598192048,training_fold_X.corr(),False
imputation,RFECA_SVR(k=10),0.05,4,2,93,24,0,1703598192272,training_fold_X.corr(),False
imputation,RFECA_SVR(k=10),0.05,4,3,94,23,0,1703598192496,training_fold_X.corr(),False
imputation,RFECA_SVR(k=10),0.05,4,4,94,23,0,1703598192720,training_fold_X.corr(),False
imputation,RFECA_SVR(k=10),0.05,4,5,94,23,0,1703598192944,training_fold_X.corr(),False
imputation,RFECA_SVR(k=20),0.05,4,1,93,24,0,1703598193168,training_fold_X.corr(),False
imputation,RFECA_SVR(k=20),0.05,4,2,93,24,0,1703598193392,training_fold_X.corr(),False
imputation,RFECA_SVR(k=20),0.05,4,3,94,23,0,1703598193616,training_fold_X.corr(),False
imputation,RFECA_SVR(k=20),0.05,4,4,94,23,0,1703598193840,training_fold_X.corr(),False
imputation,RFECA_SVR(k=20),0.05,4,5,94,23,0,1703598187120,training_fold_X.corr(),False
imputation,MissForest,0.05,4,1,93,24,0,1699628694928,n/a,False
imputation,MissForest,0.05,4,2,93,24,0,1699628685328,n/a,False
imputation,MissForest,0.05,4,3,94,23,0,1701519909072,n/a,False
imputation,MissForest,0.05,4,4,94,23,0,1699628682128,n/a,False
imputation,MissForest,0.05,4,5,94,23,0,1701519908752,n/a,False
classification,SimpleMean,0.05,4,1,93,24,0,1703991194640,n/a,False
classification,SimpleMean,0.05,4,2,93,24,0,1703991195408,n/a,False
classification,SimpleMean,0.05,4,3,94,23,0,1703991317072,n/a,False
classification,SimpleMean,0.05,4,4,94,23,0,1703991618320,n/a,False
classification,SimpleMean,0.05,4,5,94,23,0,1703991919632,n/a,False
classification,"KNN(k=5,dist)",0.05,4,1,93,24,0,1703991182544,n/a,False
classification,"KNN(k=5,dist)",0.05,4,2,93,24,0,1704009119120,n/a,False
classification,"KNN(k=5,dist)",0.05,4,3,94,23,0,1704009436816,n/a,False
classification,"KNN(k=5,dist)",0.05,4,4,94,23,0,1704009770832,n/a,False
classification,"KNN(k=5,dist)",0.05,4,5,94,23,0,1704010367056,n/a,False
classification,RFECA_SVR(k=5),0.05,4,1,93,24,0,1704010979088,training_fold_X.corr(),False
classification,RFECA_SVR(k=5),0.05,4,2,93,24,0,1704011315728,training_fold_X.corr(),False
classification,RFECA_SVR(k=5),0.05,4,3,94,23,0,1704011652848,training_fold_X.corr(),False
classification,RFECA_SVR(k=5),0.05,4,4,94,23,0,1704011990192,training_fold_X.corr(),False
classification,RFECA_SVR(k=5),0.05,4,5,94,23,0,1704012327728,training_fold_X.corr(),False
classification,RFECA_SVR(k=10),0.05,4,1,93,24,0,1704012681008,training_fold_X.corr(),False
classification,RFECA_SVR(k=10),0.05,4,2,93,24,0,1704012968720,training_fold_X.corr(),False
classification,RFECA_SVR(k=10),0.05,4,3,94,23,0,1704029903056,training_fold_X.corr(),False
classification,RFECA_SVR(k=10),0.05,4,4,94,23,0,1704030223536,training_fold_X.corr(),False
classification,RFECA_SVR(k=10),0.05,4,5,94,23,0,1704030561104,training_fold_X.corr(),False
classification,RFECA_SVR(k=20),0.05,4,1,93,24,0,1704030879120,training_fold_X.corr(),False
classification,RFECA_SVR(k=20),0.05,4,2,93,24,0,1704031232848,training_fold_X.corr(),False
classification,RFECA_SVR(k=20),0.05,4,3,94,23,0,1704031587024,training_fold_X.corr(),False
classification,RFECA_SVR(k=20),0.05,4,4,94,23,0,1704031907280,training_fold_X.corr(),False
classification,RFECA_SVR(k=20),0.05,4,5,94,23,0,1704032260784,training_fold_X.corr(),False
classification,MissForest,0.05,4,1,93,24,0,1699628690768,n/a,False
classification,MissForest,0.05,4,2,93,24,0,1701519901072,n/a,False
classification,MissForest,0.05,4,3,94,23,0,1699440514768,n/a,False
classification,MissForest,0.05,4,4,94,23,0,1701519912592,n/a,False
classification,MissForest,0.05,4,5,94,23,0,1699628692368,n/a,False
imputation,SimpleMean,0.05,5,1,93,24,0,1704031978320,n/a,False
imputation,SimpleMean,0.05,5,2,93,24,0,1702441511312,n/a,False
imputation,SimpleMean,0.05,5,3,94,23,0,1702786318416,n/a,False
imputation,SimpleMean,0.05,5,4,94,23,0,1704426669072,n/a,False
imputation,SimpleMean,0.05,5,5,94,23,0,1704426668880,n/a,False
imputation,"KNN(k=5,dist)",0.05,5,1,93,24,0,1704426669264,n/a,False
imputation,"KNN(k=5,dist)",0.05,5,2,93,24,0,1704426670032,n/a,False
imputation,"KNN(k=5,dist)",0.05,5,3,94,23,0,1704426669840,n/a,False
imputation,"KNN(k=5,dist)",0.05,5,4,94,23,0,1704426669648,n/a,False
imputation,"KNN(k=5,dist)",0.05,5,5,94,23,0,1704426669456,n/a,False
imputation,RFECA_SVR(k=5),0.05,5,1,93,24,0,1702023412688,training_fold_X.corr(),False
imputation,RFECA_SVR(k=5),0.05,5,2,93,24,0,1704426879952,training_fold_X.corr(),False
imputation,RFECA_SVR(k=5),0.05,5,3,94,23,0,1704426879728,training_fold_X.corr(),False
imputation,RFECA_SVR(k=5),0.05,5,4,94,23,0,1704426880176,training_fold_X.corr(),False
imputation,RFECA_SVR(k=5),0.05,5,5,94,23,0,1704426880400,training_fold_X.corr(),False
imputation,RFECA_SVR(k=10),0.05,5,1,93,24,0,1704426880624,training_fold_X.corr(),False
imputation,RFECA_SVR(k=10),0.05,5,2,93,24,0,1704426879280,training_fold_X.corr(),False
imputation,RFECA_SVR(k=10),0.05,5,3,94,23,0,1704324784080,training_fold_X.corr(),False
imputation,RFECA_SVR(k=10),0.05,5,4,94,23,0,1704324780944,training_fold_X.corr(),False
imputation,RFECA_SVR(k=10),0.05,5,5,94,23,0,1704324784976,training_fold_X.corr(),False
imputation,RFECA_SVR(k=20),0.05,5,1,93,24,0,1704324784752,training_fold_X.corr(),False
imputation,RFECA_SVR(k=20),0.05,5,2,93,24,0,1704324784528,training_fold_X.corr(),False
imputation,RFECA_SVR(k=20),0.05,5,3,94,23,0,1704324783856,training_fold_X.corr(),False
imputation,RFECA_SVR(k=20),0.05,5,4,94,23,0,1704324780720,training_fold_X.corr(),False
imputation,RFECA_SVR(k=20),0.05,5,5,94,23,0,1704324785424,training_fold_X.corr(),False
imputation,MissForest,0.05,5,1,93,24,0,1699628680528,n/a,False
imputation,MissForest,0.05,5,2,93,24,0,1699440522128,n/a,False
imputation,MissForest,0.05,5,3,94,23,0,1699628693328,n/a,False
imputation,MissForest,0.05,5,4,94,23,0,1704324874320,n/a,False
imputation,MissForest,0.05,5,5,94,23,0,1699628695248,n/a,False
classification,SimpleMean,0.05,5,1,93,24,0,1704786570384,n/a,False
classification,SimpleMean,0.05,5,2,93,24,0,1704786571152,n/a,False
classification,SimpleMean,0.05,5,3,94,23,0,1704786659280,n/a,False
classification,SimpleMean,0.05,5,4,94,23,0,1704786944144,n/a,False
classification,SimpleMean,0.05,5,5,94,23,0,1704787278160,n/a,False
classification,"KNN(k=5,dist)",0.05,5,1,93,24,0,1704786569424,n/a,False
classification,"KNN(k=5,dist)",0.05,5,2,93,24,0,1704804477712,n/a,False
classification,"KNN(k=5,dist)",0.05,5,3,94,23,0,1704804779024,n/a,False
classification,"KNN(k=5,dist)",0.05,5,4,94,23,0,1704805129424,n/a,False
classification,"KNN(k=5,dist)",0.05,5,5,94,23,0,1704805414288,n/a,False
classification,RFECA_SVR(k=5),0.05,5,1,93,24,0,1704806361008,training_fold_X.corr(),False
classification,RFECA_SVR(k=5),0.05,5,2,93,24,0,1704806681968,training_fold_X.corr(),False
classification,RFECA_SVR(k=5),0.05,5,3,94,23,0,1704807019504,training_fold_X.corr(),False
classification,RFECA_SVR(k=5),0.05,5,4,94,23,0,1704807340016,training_fold_X.corr(),False
classification,RFECA_SVR(k=5),0.05,5,5,94,23,0,1704807676880,training_fold_X.corr(),False
classification,RFECA_SVR(k=10),0.05,5,1,93,24,0,1704808014224,training_fold_X.corr(),False
classification,RFECA_SVR(k=10),0.05,5,2,93,24,0,1704824932624,training_fold_X.corr(),False
classification,RFECA_SVR(k=10),0.05,5,3,94,23,0,1704825285648,training_fold_X.corr(),False
classification,RFECA_SVR(k=10),0.05,5,4,94,23,0,1704825622768,training_fold_X.corr(),False
classification,RFECA_SVR(k=10),0.05,5,5,94,23,0,1704825943472,training_fold_X.corr(),False
classification,RFECA_SVR(k=20),0.05,5,1,93,24,0,1704826297648,training_fold_X.corr(),False
classification,RFECA_SVR(k=20),0.05,5,2,93,24,0,1704826584240,training_fold_X.corr(),False
classification,RFECA_SVR(k=20),0.05,5,3,94,23,0,1704826955024,training_fold_X.corr(),False
classification,RFECA_SVR(k=20),0.05,5,4,94,23,0,1704827288752,training_fold_X.corr(),False
classification,RFECA_SVR(k=20),0.05,5,5,94,23,0,1704827627440,training_fold_X.corr(),False
classification,MissForest,0.05,5,1,93,24,0,1699628680208,n/a,False
classification,MissForest,0.05,5,2,93,24,0,1699628680848,n/a,False
classification,MissForest,0.05,5,3,94,23,0,1699628683088,n/a,False
classification,MissForest,0.05,5,4,94,23,0,1699440509328,n/a,False
classification,MissForest,0.05,5,5,94,23,0,1701519902672,n/a,False
imputation,SimpleMean,0.05,6,1,93,24,0,1704827353424,n/a,False
imputation,SimpleMean,0.05,6,2,93,24,0,1701625868944,n/a,False
imputation,SimpleMean,0.05,6,3,94,23,0,1703597868624,n/a,False
imputation,SimpleMean,0.05,6,4,94,23,0,1705188535056,n/a,False
imputation,SimpleMean,0.05,6,5,94,23,0,1705188535632,n/a,False
imputation,"KNN(k=5,dist)",0.05,6,1,93,24,0,1705188535248,n/a,False
imputation,"KNN(k=5,dist)",0.05,6,2,93,24,0,1705188535440,n/a,False
imputation,"KNN(k=5,dist)",0.05,6,3,94,23,0,1705188535824,n/a,False
imputation,"KNN(k=5,dist)",0.05,6,4,94,23,0,1705188536016,n/a,False
imputation,"KNN(k=5,dist)",0.05,6,5,94,23,0,1705188536208,n/a,False
imputation,RFECA_SVR(k=5),0.05,6,1,93,24,0,1705221929936,training_fold_X.corr(),False
imputation,RFECA_SVR(k=5),0.05,6,2,93,24,0,1705221930160,training_fold_X.corr(),False
imputation,RFECA_SVR(k=5),0.05,6,3,94,23,0,1705221929712,training_fold_X.corr(),False
imputation,RFECA_SVR(k=5),0.05,6,4,94,23,0,1705221929488,training_fold_X.corr(),False
imputation,RFECA_SVR(k=5),0.05,6,5,94,23,0,1705221929264,training_fold_X.corr(),False
imputation,RFECA_SVR(k=10),0.05,6,1,93,24,0,1705221929040,training_fold_X.corr(),False
imputation,RFECA_SVR(k=10),0.05,6,2,93,24,0,1705221928816,training_fold_X.corr(),False
imputation,RFECA_SVR(k=10),0.05,6,3,94,23,0,1705221928592,training_fold_X.corr(),False
imputation,RFECA_SVR(k=10),0.05,6,4,94,23,0,1705221928368,training_fold_X.corr(),False
imputation,RFECA_SVR(k=10),0.05,6,5,94,23,0,1705221928144,training_fold_X.corr(),False
imputation,RFECA_SVR(k=20),0.05,6,1,93,24,0,1705221926128,training_fold_X.corr(),False
imputation,RFECA_SVR(k=20),0.05,6,2,93,24,0,1705221927920,training_fold_X.corr(),False
imputation,RFECA_SVR(k=20),0.05,6,3,94,23,0,1705221927696,training_fold_X.corr(),False
imputation,RFECA_SVR(k=20),0.05,6,4,94,23,0,1705221927472,training_fold_X.corr(),False
imputation,RFECA_SVR(k=20),0.05,6,5,94,23,0,1705221927248,training_fold_X.corr(),False
imputation,MissForest,0.05,6,1,93,24,0,1699628684688,n/a,False
imputation,MissForest,0.05,6,2,93,24,0,1701519912912,n/a,False
imputation,MissForest,0.05,6,3,94,23,0,1701519915472,n/a,False
imputation,MissForest,0.05,6,4,94,23,0,1701519914512,n/a,False
imputation,MissForest,0.05,6,5,94,23,0,1701519907152,n/a,False
classification,SimpleMean,0.05,6,1,93,24,0,1705598362512,n/a,False
classification,SimpleMean,0.05,6,2,93,24,0,1705598362320,n/a,False
classification,SimpleMean,0.05,6,3,94,23,0,1705598500496,n/a,False
classification,SimpleMean,0.05,6,4,94,23,0,1705598752656,n/a,False
classification,SimpleMean,0.05,6,5,94,23,0,1705599086672,n/a,False
classification,"KNN(k=5,dist)",0.05,6,1,93,24,0,1705598362704,n/a,False
classification,"KNN(k=5,dist)",0.05,6,2,93,24,0,1705599722000,n/a,False
classification,"KNN(k=5,dist)",0.05,6,3,94,23,0,1705600056016,n/a,False
classification,"KNN(k=5,dist)",0.05,6,4,94,23,0,1705600357328,n/a,False
classification,"KNN(k=5,dist)",0.05,6,5,94,23,0,1705600642192,n/a,False
classification,RFECA_SVR(k=5),0.05,6,1,93,24,0,1705618137264,training_fold_X.corr(),False
classification,RFECA_SVR(k=5),0.05,6,2,93,24,0,1705618458224,training_fold_X.corr(),False
classification,RFECA_SVR(k=5),0.05,6,3,94,23,0,1705618795312,training_fold_X.corr(),False
classification,RFECA_SVR(k=5),0.05,6,4,94,23,0,1705619149488,training_fold_X.corr(),False
classification,RFECA_SVR(k=5),0.05,6,5,94,23,0,1705619453360,training_fold_X.corr(),False
classification,RFECA_SVR(k=10),0.05,6,1,93,24,0,1705619806864,training_fold_X.corr(),False
classification,RFECA_SVR(k=10),0.05,6,2,93,24,0,1705620110512,training_fold_X.corr(),False
classification,RFECA_SVR(k=10),0.05,6,3,94,23,0,1705620465360,training_fold_X.corr(),False
classification,RFECA_SVR(k=10),0.05,6,4,94,23,0,1705620802256,training_fold_X.corr(),False
classification,RFECA_SVR(k=10),0.05,6,5,94,23,0,1705621139120,training_fold_X.corr(),False
classification,RFECA_SVR(k=20),0.05,6,1,93,24,0,1705621476464,training_fold_X.corr(),False
classification,RFECA_SVR(k=20),0.05,6,2,93,24,0,1705621830384,training_fold_X.corr(),False
classification,RFECA_SVR(k=20),0.05,6,3,94,23,0,1705622150896,training_fold_X.corr(),False
classification,RFECA_SVR(k=20),0.05,6,4,94,23,0,1705622517840,training_fold_X.corr(),False
classification,RFECA_SVR(k=20),0.05,6,5,94,23,0,1705622838800,training_fold_X.corr(),False
classification,MissForest,0.05,6,1,93,24,0,1701519902352,n/a,False
classification,MissForest,0.05,6,2,93,24,0,1704324875920,n/a,False
classification,MissForest,0.05,6,3,94,23,0,1699628683728,n/a,False
classification,MissForest,0.05,6,4,94,23,0,1699440510928,n/a,False
classification,MissForest,0.05,6,5,94,23,0,1699440520528,n/a,False
imputation,SimpleMean,0.05,7,1,93,24,0,1706017146448,n/a,False
imputation,SimpleMean,0.05,7,2,93,24,0,1705619877392,n/a,False
imputation,SimpleMean,0.05,7,3,94,23,0,1704012759504,n/a,False
imputation,SimpleMean,0.05,7,4,94,23,0,1704393427472,n/a,False
imputation,SimpleMean,0.05,7,5,94,23,0,1702422544208,n/a,False
imputation,"KNN(k=5,dist)",0.05,7,1,93,24,0,1706017208656,n/a,False
imputation,"KNN(k=5,dist)",0.05,7,2,93,24,0,1706017208464,n/a,False
imputation,"KNN(k=5,dist)",0.05,7,3,94,23,0,1706017208272,n/a,False
imputation,"KNN(k=5,dist)",0.05,7,4,94,23,0,1706017206736,n/a,False
imputation,"KNN(k=5,dist)",0.05,7,5,94,23,0,1706017207504,n/a,False
imputation,RFECA_SVR(k=5),0.05,7,1,93,24,0,1704426879504,training_fold_X.corr(),False
imputation,RFECA_SVR(k=5),0.05,7,2,93,24,0,1706017405456,training_fold_X.corr(),False
imputation,RFECA_SVR(k=5),0.05,7,3,94,23,0,1706017406576,training_fold_X.corr(),False
imputation,RFECA_SVR(k=5),0.05,7,4,94,23,0,1706017405680,training_fold_X.corr(),False
imputation,RFECA_SVR(k=5),0.05,7,5,94,23,0,1706017406128,training_fold_X.corr(),False
imputation,RFECA_SVR(k=10),0.05,7,1,93,24,0,1706017405904,training_fold_X.corr(),False
imputation,RFECA_SVR(k=10),0.05,7,2,93,24,0,1706017449008,training_fold_X.corr(),False
imputation,RFECA_SVR(k=10),0.05,7,3,94,23,0,1706017448784,training_fold_X.corr(),False
imputation,RFECA_SVR(k=10),0.05,7,4,94,23,0,1706017448560,training_fold_X.corr(),False
imputation,RFECA_SVR(k=10),0.05,7,5,94,23,0,1706017440048,training_fold_X.corr(),False
imputation,RFECA_SVR(k=20),0.05,7,1,93,24,0,1706017406352,training_fold_X.corr(),False
imputation,RFECA_SVR(k=20),0.05,7,2,93,24,0,1706017440496,training_fold_X.corr(),False
imputation,RFECA_SVR(k=20),0.05,7,3,94,23,0,1706017444304,training_fold_X.corr(),False
imputation,RFECA_SVR(k=20),0.05,7,4,94,23,0,1706017444528,training_fold_X.corr(),False
imputation,RFECA_SVR(k=20),0.05,7,5,94,23,0,1706017444752,training_fold_X.corr(),False
imputation,MissForest,0.05,7,1,93,24,0,1701519914832,n/a,False
imputation,MissForest,0.05,7,2,93,24,0,1699628686928,n/a,False
imputation,MissForest,0.05,7,3,94,23,0,1704324877200,n/a,False
imputation,MissForest,0.05,7,4,94,23,0,1699440512848,n/a,False
imputation,MissForest,0.05,7,5,94,23,0,1704324885200,n/a,False
classification,SimpleMean,0.05,7,1,93,24,0,1706393778320,n/a,False
classification,SimpleMean,0.05,7,2,93,24,0,1706393778704,n/a,False
classification,SimpleMean,0.05,7,3,94,23,0,1706393948752,n/a,False
classification,SimpleMean,0.05,7,4,94,23,0,1706394184464,n/a,False
classification,SimpleMean,0.05,7,5,94,23,0,1706411099152,n/a,False
classification,"KNN(k=5,dist)",0.05,7,1,93,24,0,1706393765072,n/a,False
classification,"KNN(k=5,dist)",0.05,7,2,93,24,0,1706411734416,n/a,False
classification,"KNN(k=5,dist)",0.05,7,3,94,23,0,1706412084880,n/a,False
classification,"KNN(k=5,dist)",0.05,7,4,94,23,0,1706412386128,n/a,False
classification,"KNN(k=5,dist)",0.05,7,5,94,23,0,1706412933200,n/a,False
classification,RFECA_SVR(k=5),0.05,7,1,93,24,0,1706413536464,training_fold_X.corr(),False
classification,RFECA_SVR(k=5),0.05,7,2,93,24,0,1706413890192,training_fold_X.corr(),False
classification,RFECA_SVR(k=5),0.05,7,3,94,23,0,1706414210448,training_fold_X.corr(),False
classification,RFECA_SVR(k=5),0.05,7,4,94,23,0,1706414581008,training_fold_X.corr(),False
classification,RFECA_SVR(k=5),0.05,7,5,94,23,0,1706414918128,training_fold_X.corr(),False
classification,RFECA_SVR(k=10),0.05,7,1,93,24,0,1706431819440,training_fold_X.corr(),False
classification,RFECA_SVR(k=10),0.05,7,2,93,24,0,1706432173616,training_fold_X.corr(),False
classification,RFECA_SVR(k=10),0.05,7,3,94,23,0,1706432477488,training_fold_X.corr(),False
classification,RFECA_SVR(k=10),0.05,7,4,94,23,0,1706432798224,training_fold_X.corr(),False
classification,RFECA_SVR(k=10),0.05,7,5,94,23,0,1706433168336,training_fold_X.corr(),False
classification,RFECA_SVR(k=20),0.05,7,1,93,24,0,1706433505872,training_fold_X.corr(),False
classification,RFECA_SVR(k=20),0.05,7,2,93,24,0,1706433842768,training_fold_X.corr(),False
classification,RFECA_SVR(k=20),0.05,7,3,94,23,0,1706434179632,training_fold_X.corr(),False
classification,RFECA_SVR(k=20),0.05,7,4,94,23,0,1706434500592,training_fold_X.corr(),False
classification,RFECA_SVR(k=20),0.05,7,5,94,23,0,1706434838128,training_fold_X.corr(),False
classification,MissForest,0.05,7,1,93,24,0,1699440524688,n/a,False
classification,MissForest,0.05,7,2,93,24,0,1699628683408,n/a,False
classification,MissForest,0.05,7,3,94,23,0,1704324879440,n/a,False
classification,MissForest,0.05,7,4,94,23,0,1704324885840,n/a,False
classification,MissForest,0.05,7,5,94,23,0,1704324889040,n/a,False
imputation,SimpleMean,0.05,8,1,93,24,0,1706434577424,n/a,False
imputation,SimpleMean,0.05,8,2,93,24,0,1706812374096,n/a,False
imputation,SimpleMean,0.05,8,3,94,23,0,1705188474960,n/a,False
imputation,SimpleMean,0.05,8,4,94,23,0,1705188534672,n/a,False
imputation,SimpleMean,0.05,8,5,94,23,0,1705188534864,n/a,False
imputation,"KNN(k=5,dist)",0.05,8,1,93,24,0,1706812464528,n/a,False
imputation,"KNN(k=5,dist)",0.05,8,2,93,24,0,1706812464336,n/a,False
imputation,"KNN(k=5,dist)",0.05,8,3,94,23,0,1706812464144,n/a,False
imputation,"KNN(k=5,dist)",0.05,8,4,94,23,0,1706812462224,n/a,False
imputation,"KNN(k=5,dist)",0.05,8,5,94,23,0,1706812463376,n/a,False
imputation,RFECA_SVR(k=5),0.05,8,1,93,24,0,1705863084784,training_fold_X.corr(),False
imputation,RFECA_SVR(k=5),0.05,8,2,93,24,0,1706812666640,training_fold_X.corr(),False
imputation,RFECA_SVR(k=5),0.05,8,3,94,23,0,1706812667088,training_fold_X.corr(),False
imputation,RFECA_SVR(k=5),0.05,8,4,94,23,0,1706812667312,training_fold_X.corr(),False
imputation,RFECA_SVR(k=5),0.05,8,5,94,23,0,1706812667536,training_fold_X.corr(),False
imputation,RFECA_SVR(k=10),0.05,8,1,93,24,0,1706812667760,training_fold_X.corr(),False
imputation,RFECA_SVR(k=10),0.05,8,2,93,24,0,1706812667984,training_fold_X.corr(),False
imputation,RFECA_SVR(k=10),0.05,8,3,94,23,0,1706812668208,training_fold_X.corr(),False
imputation,RFECA_SVR(k=10),0.05,8,4,94,23,0,1706812668432,training_fold_X.corr(),False
imputation,RFECA_SVR(k=10),0.05,8,5,94,23,0,1706812668656,training_fold_X.corr(),False
imputation,RFECA_SVR(k=20),0.05,8,1,93,24,0,1706812668880,training_fold_X.corr(),False
imputation,RFECA_SVR(k=20),0.05,8,2,93,24,0,1706812669104,training_fold_X.corr(),False
imputation,RFECA_SVR(k=20),0.05,8,3,94,23,0,1706812664400,training_fold_X.corr(),False
imputation,RFECA_SVR(k=20),0.05,8,4,94,23,0,1706812665296,training_fold_X.corr(),False
imputation,RFECA_SVR(k=20),0.05,8,5,94,23,0,1706812664624,training_fold_X.corr(),False
imputation,MissForest,0.05,8,1,93,24,0,1699440509008,n/a,False
imputation,MissForest,0.05,8,2,93,24,0,1704324888720,n/a,False
imputation,MissForest,0.05,8,3,94,23,0,1704324878480,n/a,False
imputation,MissForest,0.05,8,4,94,23,0,1704324890320,n/a,False
imputation,MissForest,0.05,8,5,94,23,0,1699628685008,n/a,False
classification,SimpleMean,0.05,8,1,93,24,0,1707188928144,n/a,False
classification,SimpleMean,0.05,8,2,93,24,0,1707188927760,n/a,False
classification,SimpleMean,0.05,8,3,94,23,0,1707189147728,n/a,False
classification,SimpleMean,0.05,8,4,94,23,0,1707189383440,n/a,False
classification,SimpleMean,0.05,8,5,94,23,0,1707206298128,n/a,False
classification,"KNN(k=5,dist)",0.05,8,1,93,24,0,1707188914896,n/a,False
classification,"KNN(k=5,dist)",0.05,8,2,93,24,0,1707206949776,n/a,False
classification,"KNN(k=5,dist)",0.05,8,3,94,23,0,1707207267472,n/a,False
classification,"KNN(k=5,dist)",0.05,8,4,94,23,0,1707207634256,n/a,False
classification,"KNN(k=5,dist)",0.05,8,5,94,23,0,1707207919184,n/a,False
classification,RFECA_SVR(k=5),0.05,8,1,93,24,0,1707208794960,training_fold_X.corr(),False
classification,RFECA_SVR(k=5),0.05,8,2,93,24,0,1707209132304,training_fold_X.corr(),False
classification,RFECA_SVR(k=5),0.05,8,3,94,23,0,1707226034064,training_fold_X.corr(),False
classification,RFECA_SVR(k=5),0.05,8,4,94,23,0,1707226370960,training_fold_X.corr(),False
classification,RFECA_SVR(k=5),0.05,8,5,94,23,0,1707226707824,training_fold_X.corr(),False
classification,RFECA_SVR(k=10),0.05,8,1,93,24,0,1707227028784,training_fold_X.corr(),False
classification,RFECA_SVR(k=10),0.05,8,2,93,24,0,1707227382960,training_fold_X.corr(),False
classification,RFECA_SVR(k=10),0.05,8,3,94,23,0,1707227703216,training_fold_X.corr(),False
classification,RFECA_SVR(k=10),0.05,8,4,94,23,0,1707228040336,training_fold_X.corr(),False
classification,RFECA_SVR(k=10),0.05,8,5,94,23,0,1707228361040,training_fold_X.corr(),False
classification,RFECA_SVR(k=20),0.05,8,1,93,24,0,1707228698832,training_fold_X.corr(),False
classification,RFECA_SVR(k=20),0.05,8,2,93,24,0,1707229035472,training_fold_X.corr(),False
classification,RFECA_SVR(k=20),0.05,8,3,94,23,0,1707229388976,training_fold_X.corr(),False
classification,RFECA_SVR(k=20),0.05,8,4,94,23,0,1707229726320,training_fold_X.corr(),False
classification,RFECA_SVR(k=20),0.05,8,5,94,23,0,1707230080240,training_fold_X.corr(),False
classification,MissForest,0.05,8,1,93,24,0,1699628690128,n/a,False
classification,MissForest,0.05,8,2,93,24,0,1704324881040,n/a,False
classification,MissForest,0.05,8,3,94,23,0,1701519904592,n/a,False
classification,MissForest,0.05,8,4,94,23,0,1704324881680,n/a,False
classification,MissForest,0.05,8,5,94,23,0,1704324886800,n/a,False
imputation,SimpleMean,0.05,9,1,93,24,0,1707229809360,n/a,False
imputation,SimpleMean,0.05,9,2,93,24,0,1707607752976,n/a,False
imputation,SimpleMean,0.05,9,3,94,23,0,1706017207120,n/a,False
imputation,SimpleMean,0.05,9,4,94,23,0,1706017207312,n/a,False
imputation,SimpleMean,0.05,9,5,94,23,0,1706017206928,n/a,False
imputation,"KNN(k=5,dist)",0.05,9,1,93,24,0,1707607784528,n/a,False
imputation,"KNN(k=5,dist)",0.05,9,2,93,24,0,1707607784144,n/a,False
imputation,"KNN(k=5,dist)",0.05,9,3,94,23,0,1707607783952,n/a,False
imputation,"KNN(k=5,dist)",0.05,9,4,94,23,0,1707607784336,n/a,False
imputation,"KNN(k=5,dist)",0.05,9,5,94,23,0,1707608360336,n/a,False
imputation,RFECA_SVR(k=5),0.05,9,1,93,24,0,1706812666864,training_fold_X.corr(),False
imputation,RFECA_SVR(k=5),0.05,9,2,93,24,0,1707539225680,training_fold_X.corr(),False
imputation,RFECA_SVR(k=5),0.05,9,3,94,23,0,1707539232624,training_fold_X.corr(),False
imputation,RFECA_SVR(k=5),0.05,9,4,94,23,0,1707539233296,training_fold_X.corr(),False
imputation,RFECA_SVR(k=5),0.05,9,5,94,23,0,1707539232848,training_fold_X.corr(),False
imputation,RFECA_SVR(k=10),0.05,9,1,93,24,0,1707539233744,training_fold_X.corr(),False
imputation,RFECA_SVR(k=10),0.05,9,2,93,24,0,1707539225904,training_fold_X.corr(),False
imputation,RFECA_SVR(k=10),0.05,9,3,94,23,0,1707539232400,training_fold_X.corr(),False
imputation,RFECA_SVR(k=10),0.05,9,4,94,23,0,1707227382736,training_fold_X.corr(),False
imputation,RFECA_SVR(k=10),0.05,9,5,94,23,0,1707539233520,training_fold_X.corr(),False
imputation,RFECA_SVR(k=20),0.05,9,1,93,24,0,1707539233072,training_fold_X.corr(),False
imputation,RFECA_SVR(k=20),0.05,9,2,93,24,0,1707608060240,training_fold_X.corr(),False
imputation,RFECA_SVR(k=20),0.05,9,3,94,23,0,1707608060464,training_fold_X.corr(),False
imputation,RFECA_SVR(k=20),0.05,9,4,94,23,0,1707608060688,training_fold_X.corr(),False
imputation,RFECA_SVR(k=20),0.05,9,5,94,23,0,1707608050384,training_fold_X.corr(),False
imputation,MissForest,0.05,9,1,93,24,0,1699628688528,n/a,False
imputation,MissForest,0.05,9,2,93,24,0,1701519916752,n/a,False
imputation,MissForest,0.05,9,3,94,23,0,1704324880720,n/a,False
imputation,MissForest,0.05,9,4,94,23,0,1707608150480,n/a,False
imputation,MissForest,0.05,9,5,94,23,0,1707608148880,n/a,False
classification,SimpleMean,0.05,9,1,93,24,0,1707967768208,n/a,False
classification,SimpleMean,0.05,9,2,93,24,0,1707967768400,n/a,False
classification,SimpleMean,0.05,9,3,94,23,0,1707968086096,n/a,False
classification,SimpleMean,0.05,9,4,94,23,0,1707968125200,n/a,False
classification,SimpleMean,0.05,9,5,94,23,0,1708001604048,n/a,False
classification,"KNN(k=5,dist)",0.05,9,1,93,24,0,1707967758992,n/a,False
classification,"KNN(k=5,dist)",0.05,9,2,93,24,0,1708002255760,n/a,False
classification,"KNN(k=5,dist)",0.05,9,3,94,23,0,1708002589776,n/a,False
classification,"KNN(k=5,dist)",0.05,9,4,94,23,0,1708002891088,n/a,False
classification,"KNN(k=5,dist)",0.05,9,5,94,23,0,1708003225104,n/a,False
classification,RFECA_SVR(k=5),0.05,9,1,93,24,0,1708004115184,training_fold_X.corr(),False
classification,RFECA_SVR(k=5),0.05,9,2,93,24,0,1708004436336,training_fold_X.corr(),False
classification,RFECA_SVR(k=5),0.05,9,3,94,23,0,1708004822384,training_fold_X.corr(),False
classification,RFECA_SVR(k=5),0.05,9,4,94,23,0,1708005126480,training_fold_X.corr(),False
classification,RFECA_SVR(k=5),0.05,9,5,94,23,0,1708005444304,training_fold_X.corr(),False
classification,RFECA_SVR(k=10),0.05,9,1,93,24,0,1708022346064,training_fold_X.corr(),False
classification,RFECA_SVR(k=10),0.05,9,2,93,24,0,1708022682960,training_fold_X.corr(),False
classification,RFECA_SVR(k=10),0.05,9,3,94,23,0,1708023019824,training_fold_X.corr(),False
classification,RFECA_SVR(k=10),0.05,9,4,94,23,0,1708023357168,training_fold_X.corr(),False
classification,RFECA_SVR(k=10),0.05,9,5,94,23,0,1708023694960,training_fold_X.corr(),False
classification,RFECA_SVR(k=20),0.05,9,1,93,24,0,1708024031600,training_fold_X.corr(),False
classification,RFECA_SVR(k=20),0.05,9,2,93,24,0,1708024385104,training_fold_X.corr(),False
classification,RFECA_SVR(k=20),0.05,9,3,94,23,0,1708024705808,training_fold_X.corr(),False
classification,RFECA_SVR(k=20),0.05,9,4,94,23,0,1708025076368,training_fold_X.corr(),False
classification,RFECA_SVR(k=20),0.05,9,5,94,23,0,1708025413008,training_fold_X.corr(),False
classification,MissForest,0.05,9,1,93,24,0,1704324887760,n/a,False
classification,MissForest,0.05,9,2,93,24,0,1704324874960,n/a,False
classification,MissForest,0.05,9,3,94,23,0,1707608150160,n/a,False
classification,MissForest,0.05,9,4,94,23,0,1701519911312,n/a,False
classification,MissForest,0.05,9,5,94,23,0,1707608154000,n/a,False
imputation,SimpleMean,0.1,0,1,93,24,0,1708025147664,n/a,False
imputation,SimpleMean,0.1,0,2,93,24,0,1708022411152,n/a,False
imputation,SimpleMean,0.1,0,3,94,23,0,1708403050640,n/a,False
imputation,SimpleMean,0.1,0,4,94,23,0,1706812463184,n/a,False
imputation,SimpleMean,0.1,0,5,94,23,0,1706812462416,n/a,False
imputation,"KNN(k=5,dist)",0.1,0,1,93,24,0,1706812462992,n/a,False
imputation,"KNN(k=5,dist)",0.1,0,2,93,24,0,1708403157776,n/a,False
imputation,"KNN(k=5,dist)",0.1,0,3,94,23,0,1708403157584,n/a,False
imputation,"KNN(k=5,dist)",0.1,0,4,94,23,0,1708403157392,n/a,False
imputation,"KNN(k=5,dist)",0.1,0,5,94,23,0,1708403156432,n/a,False
imputation,RFECA_SVR(k=5),0.1,0,1,93,24,0,1708334545200,training_fold_X.corr(),False
imputation,RFECA_SVR(k=5),0.1,0,2,93,24,0,1707608063152,training_fold_X.corr(),False
imputation,RFECA_SVR(k=5),0.1,0,3,94,23,0,1708232473328,training_fold_X.corr(),False
imputation,RFECA_SVR(k=5),0.1,0,4,94,23,0,1708232473552,training_fold_X.corr(),False
imputation,RFECA_SVR(k=5),0.1,0,5,94,23,0,1708232472208,training_fold_X.corr(),False
imputation,RFECA_SVR(k=10),0.1,0,1,93,24,0,1708232460784,training_fold_X.corr(),False
imputation,RFECA_SVR(k=10),0.1,0,2,93,24,0,1708403403792,training_fold_X.corr(),False
imputation,RFECA_SVR(k=10),0.1,0,3,94,23,0,1708403404016,training_fold_X.corr(),False
imputation,RFECA_SVR(k=10),0.1,0,4,94,23,0,1708403401776,training_fold_X.corr(),False
imputation,RFECA_SVR(k=10),0.1,0,5,94,23,0,1708403402000,training_fold_X.corr(),False
imputation,RFECA_SVR(k=20),0.1,0,1,93,24,0,1708403399760,training_fold_X.corr(),False
imputation,RFECA_SVR(k=20),0.1,0,2,93,24,0,1708403401328,training_fold_X.corr(),False
imputation,RFECA_SVR(k=20),0.1,0,3,94,23,0,1708403401552,training_fold_X.corr(),False
imputation,RFECA_SVR(k=20),0.1,0,4,94,23,0,1708334544976,training_fold_X.corr(),False
imputation,RFECA_SVR(k=20),0.1,0,5,94,23,0,1708403407600,training_fold_X.corr(),False
imputation,MissForest,0.1,0,1,93,24,0,1704324889360,n/a,False
imputation,MissForest,0.1,0,2,93,24,0,1707608157200,n/a,False
imputation,MissForest,0.1,0,3,94,23,0,1704324884880,n/a,False
imputation,MissForest,0.1,0,4,94,23,0,1704324887440,n/a,False
imputation,MissForest,0.1,0,5,94,23,0,1701519908112,n/a,False
classification,SimpleMean,0.1,0,1,93,24,0,1708746630608,n/a,False
classification,SimpleMean,0.1,0,2,93,24,0,1708746631376,n/a,False
classification,SimpleMean,0.1,0,3,94,23,0,1708746769424,n/a,False
classification,SimpleMean,0.1,0,4,94,23,0,1708780149968,n/a,False
classification,SimpleMean,0.1,0,5,94,23,0,1708780451216,n/a,False
classification,"KNN(k=5,dist)",0.1,0,1,93,24,0,1708746622544,n/a,False
classification,"KNN(k=5,dist)",0.1,0,2,93,24,0,1708781086544,n/a,False
classification,"KNN(k=5,dist)",0.1,0,3,94,23,0,1708781682768,n/a,False
classification,"KNN(k=5,dist)",0.1,0,4,94,23,0,1708781738256,n/a,False
classification,"KNN(k=5,dist)",0.1,0,5,94,23,0,1708782039504,n/a,False
classification,RFECA_SVR(k=5),0.1,0,1,93,24,0,1708782966096,training_fold_X.corr(),False
classification,RFECA_SVR(k=5),0.1,0,2,93,24,0,1708783286800,training_fold_X.corr(),False
classification,RFECA_SVR(k=5),0.1,0,3,94,23,0,1708783608208,training_fold_X.corr(),False
classification,RFECA_SVR(k=5),0.1,0,4,94,23,0,1708783945104,training_fold_X.corr(),False
classification,RFECA_SVR(k=5),0.1,0,5,94,23,0,1708784265584,training_fold_X.corr(),False
classification,RFECA_SVR(k=10),0.1,0,1,93,24,0,1708801199920,training_fold_X.corr(),False
classification,RFECA_SVR(k=10),0.1,0,2,93,24,0,1708801521072,training_fold_X.corr(),False
classification,RFECA_SVR(k=10),0.1,0,3,94,23,0,1708801874352,training_fold_X.corr(),False
classification,RFECA_SVR(k=10),0.1,0,4,94,23,0,1708802191920,training_fold_X.corr(),False
classification,RFECA_SVR(k=10),0.1,0,5,94,23,0,1708802512880,training_fold_X.corr(),False
classification,RFECA_SVR(k=20),0.1,0,1,93,24,0,1708802850416,training_fold_X.corr(),False
classification,RFECA_SVR(k=20),0.1,0,2,93,24,0,1708803220080,training_fold_X.corr(),False
classification,RFECA_SVR(k=20),0.1,0,3,94,23,0,1708803557200,training_fold_X.corr(),False
classification,RFECA_SVR(k=20),0.1,0,4,94,23,0,1708803894288,training_fold_X.corr(),False
classification,RFECA_SVR(k=20),0.1,0,5,94,23,0,1708804215696,training_fold_X.corr(),False
classification,MissForest,0.1,0,1,93,24,0,1707608153360,n/a,False
classification,MissForest,0.1,0,2,93,24,0,1707608155600,n/a,False
classification,MissForest,0.1,0,3,94,23,0,1704324886160,n/a,False
classification,MissForest,0.1,0,4,94,23,0,1701519910352,n/a,False
classification,MissForest,0.1,0,5,94,23,0,1701519900752,n/a,False
imputation,SimpleMean,0.1,1,1,93,24,0,1708803961872,n/a,False
imputation,SimpleMean,0.1,1,2,93,24,0,1708801274704,n/a,False
imputation,SimpleMean,0.1,1,3,94,23,0,1709164955216,n/a,False
imputation,SimpleMean,0.1,1,4,94,23,0,1707608358992,n/a,False
imputation,SimpleMean,0.1,1,5,94,23,0,1707607785104,n/a,False
imputation,"KNN(k=5,dist)",0.1,1,1,93,24,0,1707607785296,n/a,False
imputation,"KNN(k=5,dist)",0.1,1,2,93,24,0,1709165215568,n/a,False
imputation,"KNN(k=5,dist)",0.1,1,3,94,23,0,1709165512848,n/a,False
imputation,"KNN(k=5,dist)",0.1,1,4,94,23,0,1709165512656,n/a,False
imputation,"KNN(k=5,dist)",0.1,1,5,94,23,0,1709165510736,n/a,False
imputation,RFECA_SVR(k=5),0.1,1,1,93,24,0,1709011058288,training_fold_X.corr(),False
imputation,RFECA_SVR(k=5),0.1,1,2,93,24,0,1708803893616,training_fold_X.corr(),False
imputation,RFECA_SVR(k=5),0.1,1,3,94,23,0,1709113157104,training_fold_X.corr(),False
imputation,RFECA_SVR(k=5),0.1,1,4,94,23,0,1709113156880,training_fold_X.corr(),False
imputation,RFECA_SVR(k=5),0.1,1,5,94,23,0,1709113161808,training_fold_X.corr(),False
imputation,RFECA_SVR(k=10),0.1,1,1,93,24,0,1709113163152,training_fold_X.corr(),False
imputation,RFECA_SVR(k=10),0.1,1,2,93,24,0,1708403403568,training_fold_X.corr(),False
imputation,RFECA_SVR(k=10),0.1,1,3,94,23,0,1709113158896,training_fold_X.corr(),False
imputation,RFECA_SVR(k=10),0.1,1,4,94,23,0,1709113162032,training_fold_X.corr(),False
imputation,RFECA_SVR(k=10),0.1,1,5,94,23,0,1709165490288,training_fold_X.corr(),False
imputation,RFECA_SVR(k=20),0.1,1,1,93,24,0,1709165490064,training_fold_X.corr(),False
imputation,RFECA_SVR(k=20),0.1,1,2,93,24,0,1709165489840,training_fold_X.corr(),False
imputation,RFECA_SVR(k=20),0.1,1,3,94,23,0,1709165479984,training_fold_X.corr(),False
imputation,RFECA_SVR(k=20),0.1,1,4,94,23,0,1709165485808,training_fold_X.corr(),False
imputation,RFECA_SVR(k=20),0.1,1,5,94,23,0,1709165486032,training_fold_X.corr(),False
imputation,MissForest,0.1,1,1,93,24,0,1699440510288,n/a,False
imputation,MissForest,0.1,1,2,93,24,0,1704324881360,n/a,False
imputation,MissForest,0.1,1,3,94,23,0,1704324875600,n/a,False
imputation,MissForest,0.1,1,4,94,23,0,1699628687568,n/a,False
imputation,MissForest,0.1,1,5,94,23,0,1704324884560,n/a,False
classification,SimpleMean,0.1,1,1,93,24,0,1709525354448,n/a,False
classification,SimpleMean,0.1,1,2,93,24,0,1709525354640,n/a,False
classification,SimpleMean,0.1,1,3,94,23,0,1709525459280,n/a,False
classification,SimpleMean,0.1,1,4,94,23,0,1709542324752,n/a,False
classification,SimpleMean,0.1,1,5,94,23,0,1709542642448,n/a,False
classification,"KNN(k=5,dist)",0.1,1,1,93,24,0,1709525353296,n/a,False
classification,"KNN(k=5,dist)",0.1,1,2,93,24,0,1709559858384,n/a,False
classification,"KNN(k=5,dist)",0.1,1,3,94,23,0,1709560192400,n/a,False
classification,"KNN(k=5,dist)",0.1,1,4,94,23,0,1709560493648,n/a,False
classification,"KNN(k=5,dist)",0.1,1,5,94,23,0,1709560827728,n/a,False
classification,RFECA_SVR(k=5),0.1,1,1,93,24,0,1709561690640,training_fold_X.corr(),False
classification,RFECA_SVR(k=5),0.1,1,2,93,24,0,1709562027536,training_fold_X.corr(),False
classification,RFECA_SVR(k=5),0.1,1,3,94,23,0,1709562380368,training_fold_X.corr(),False
classification,RFECA_SVR(k=5),0.1,1,4,94,23,0,1709562701744,training_fold_X.corr(),False
classification,RFECA_SVR(k=5),0.1,1,5,94,23,0,1709563023152,training_fold_X.corr(),False
classification,RFECA_SVR(k=10),0.1,1,1,93,24,0,1709563359792,training_fold_X.corr(),False
classification,RFECA_SVR(k=10),0.1,1,2,93,24,0,1709563696912,training_fold_X.corr(),False
classification,RFECA_SVR(k=10),0.1,1,3,94,23,0,1709580614608,training_fold_X.corr(),False
classification,RFECA_SVR(k=10),0.1,1,4,94,23,0,1709580952400,training_fold_X.corr(),False
classification,RFECA_SVR(k=10),0.1,1,5,94,23,0,1709581305680,training_fold_X.corr(),False
classification,RFECA_SVR(k=20),0.1,1,1,93,24,0,1709581626160,training_fold_X.corr(),False
classification,RFECA_SVR(k=20),0.1,1,2,93,24,0,1709581963504,training_fold_X.corr(),False
classification,RFECA_SVR(k=20),0.1,1,3,94,23,0,1709582284656,training_fold_X.corr(),False
classification,RFECA_SVR(k=20),0.1,1,4,94,23,0,1709582637936,training_fold_X.corr(),False
classification,RFECA_SVR(k=20),0.1,1,5,94,23,0,1709582990512,training_fold_X.corr(),False
classification,MissForest,0.1,1,1,93,24,0,1699628688848,n/a,False
classification,MissForest,0.1,1,2,93,24,0,1704324888400,n/a,False
classification,MissForest,0.1,1,3,94,23,0,1707608151760,n/a,False
classification,MissForest,0.1,1,4,94,23,0,1707608160080,n/a,False
classification,MissForest,0.1,1,5,94,23,0,1701519901392,n/a,False
imputation,SimpleMean,0.1,2,1,93,24,0,1709582766480,n/a,False
imputation,SimpleMean,0.1,2,2,93,24,0,1709563449552,n/a,False
imputation,SimpleMean,0.1,2,3,94,23,0,1709927565264,n/a,False
imputation,SimpleMean,0.1,2,4,94,23,0,1708403156240,n/a,False
imputation,SimpleMean,0.1,2,5,94,23,0,1708403155856,n/a,False
imputation,"KNN(k=5,dist)",0.1,2,1,93,24,0,1708403156048,n/a,False
imputation,"KNN(k=5,dist)",0.1,2,2,93,24,0,1709927606864,n/a,False
imputation,"KNN(k=5,dist)",0.1,2,3,94,23,0,1709927606672,n/a,False
imputation,"KNN(k=5,dist)",0.1,2,4,94,23,0,1709927606480,n/a,False
imputation,"KNN(k=5,dist)",0.1,2,5,94,23,0,1709927605520,n/a,False
imputation,RFECA_SVR(k=5),0.1,2,1,93,24,0,1709165487824,training_fold_X.corr(),False
imputation,RFECA_SVR(k=5),0.1,2,2,93,24,0,1709927871920,training_fold_X.corr(),False
imputation,RFECA_SVR(k=5),0.1,2,3,94,23,0,1709927871696,training_fold_X.corr(),False
imputation,RFECA_SVR(k=5),0.1,2,4,94,23,0,1709927863856,training_fold_X.corr(),False
imputation,RFECA_SVR(k=5),0.1,2,5,94,23,0,1709927863184,training_fold_X.corr(),False
imputation,RFECA_SVR(k=10),0.1,2,1,93,24,0,1709927865424,training_fold_X.corr(),False
imputation,RFECA_SVR(k=10),0.1,2,2,93,24,0,1709927863632,training_fold_X.corr(),False
imputation,RFECA_SVR(k=10),0.1,2,3,94,23,0,1709927864080,training_fold_X.corr(),False
imputation,RFECA_SVR(k=10),0.1,2,4,94,23,0,1709927864304,training_fold_X.corr(),False
imputation,RFECA_SVR(k=10),0.1,2,5,94,23,0,1709927864528,training_fold_X.corr(),False
imputation,RFECA_SVR(k=20),0.1,2,1,93,24,0,1709927864752,training_fold_X.corr(),False
imputation,RFECA_SVR(k=20),0.1,2,2,93,24,0,1709927863408,training_fold_X.corr(),False
imputation,RFECA_SVR(k=20),0.1,2,3,94,23,0,1709927867664,training_fold_X.corr(),False
imputation,RFECA_SVR(k=20),0.1,2,4,94,23,0,1709927867440,training_fold_X.corr(),False
imputation,RFECA_SVR(k=20),0.1,2,5,94,23,0,1709927867216,training_fold_X.corr(),False
imputation,MissForest,0.1,2,1,93,24,0,1699440518928,n/a,False
imputation,MissForest,0.1,2,2,93,24,0,1699628692688,n/a,False
imputation,MissForest,0.1,2,3,94,23,0,1707608160720,n/a,False
imputation,MissForest,0.1,2,4,94,23,0,1701519905552,n/a,False
imputation,MissForest,0.1,2,5,94,23,0,1707608155920,n/a,False
classification,SimpleMean,0.1,2,1,93,24,0,1710287612304,n/a,False
classification,SimpleMean,0.1,2,2,93,24,0,1710287612880,n/a,False
classification,SimpleMean,0.1,2,3,94,23,0,1710320960336,n/a,False
classification,SimpleMean,0.1,2,4,94,23,0,1710321245200,n/a,False
classification,SimpleMean,0.1,2,5,94,23,0,1710321497296,n/a,False
classification,"KNN(k=5,dist)",0.1,2,1,93,24,0,1710287603088,n/a,False
classification,"KNN(k=5,dist)",0.1,2,2,93,24,0,1710322198160,n/a,False
classification,"KNN(k=5,dist)",0.1,2,3,94,23,0,1710322515792,n/a,False
classification,"KNN(k=5,dist)",0.1,2,4,94,23,0,1710322849872,n/a,False
classification,"KNN(k=5,dist)",0.1,2,5,94,23,0,1710323167504,n/a,False
classification,RFECA_SVR(k=5),0.1,2,1,93,24,0,1710340658736,training_fold_X.corr(),False
classification,RFECA_SVR(k=5),0.1,2,2,93,24,0,1710341012656,training_fold_X.corr(),False
classification,RFECA_SVR(k=5),0.1,2,3,94,23,0,1710341349552,training_fold_X.corr(),False
classification,RFECA_SVR(k=5),0.1,2,4,94,23,0,1710341670288,training_fold_X.corr(),False
classification,RFECA_SVR(k=5),0.1,2,5,94,23,0,1710342023760,training_fold_X.corr(),False
classification,RFECA_SVR(k=10),0.1,2,1,93,24,0,1710342361552,training_fold_X.corr(),False
classification,RFECA_SVR(k=10),0.1,2,2,93,24,0,1710342681808,training_fold_X.corr(),False
classification,RFECA_SVR(k=10),0.1,2,3,94,23,0,1710343015792,training_fold_X.corr(),False
classification,RFECA_SVR(k=10),0.1,2,4,94,23,0,1710343303728,training_fold_X.corr(),False
classification,RFECA_SVR(k=10),0.1,2,5,94,23,0,1710343625136,training_fold_X.corr(),False
classification,RFECA_SVR(k=20),0.1,2,1,93,24,0,1710343978160,training_fold_X.corr(),False
classification,RFECA_SVR(k=20),0.1,2,2,93,24,0,1710344348048,training_fold_X.corr(),False
classification,RFECA_SVR(k=20),0.1,2,3,94,23,0,1710344669008,training_fold_X.corr(),False
classification,RFECA_SVR(k=20),0.1,2,4,94,23,0,1710361587152,training_fold_X.corr(),False
classification,RFECA_SVR(k=20),0.1,2,5,94,23,0,1710361907664,training_fold_X.corr(),False
classification,MissForest,0.1,2,1,93,24,0,1699628681168,n/a,False
classification,MissForest,0.1,2,2,93,24,0,1704324886480,n/a,False
classification,MissForest,0.1,2,3,94,23,0,1710320910416,n/a,False
classification,MissForest,0.1,2,4,94,23,0,1699440523088,n/a,False
classification,MissForest,0.1,2,5,94,23,0,1710320915536,n/a,False
imputation,SimpleMean,0.1,3,1,93,24,0,1710361654288,n/a,False
imputation,SimpleMean,0.1,3,2,93,24,0,1710342418896,n/a,False
imputation,SimpleMean,0.1,3,3,94,23,0,1709165511312,n/a,False
imputation,SimpleMean,0.1,3,4,94,23,0,1709165511120,n/a,False
imputation,SimpleMean,0.1,3,5,94,23,0,1709165512464,n/a,False
imputation,"KNN(k=5,dist)",0.1,3,1,93,24,0,1710723107344,n/a,False
imputation,"KNN(k=5,dist)",0.1,3,2,93,24,0,1710723206224,n/a,False
imputation,"KNN(k=5,dist)",0.1,3,3,94,23,0,1710723206032,n/a,False
imputation,"KNN(k=5,dist)",0.1,3,4,94,23,0,1710723205840,n/a,False
imputation,"KNN(k=5,dist)",0.1,3,5,94,23,0,1710723204304,n/a,False
imputation,RFECA_SVR(k=5),0.1,3,1,93,24,0,1709721138160,training_fold_X.corr(),False
imputation,RFECA_SVR(k=5),0.1,3,2,93,24,0,1710723379984,training_fold_X.corr(),False
imputation,RFECA_SVR(k=5),0.1,3,3,94,23,0,1710723378192,training_fold_X.corr(),False
imputation,RFECA_SVR(k=5),0.1,3,4,94,23,0,1710723378640,training_fold_X.corr(),False
imputation,RFECA_SVR(k=5),0.1,3,5,94,23,0,1710723378864,training_fold_X.corr(),False
imputation,RFECA_SVR(k=10),0.1,3,1,93,24,0,1710723379088,training_fold_X.corr(),False
imputation,RFECA_SVR(k=10),0.1,3,2,93,24,0,1710723379312,training_fold_X.corr(),False
imputation,RFECA_SVR(k=10),0.1,3,3,94,23,0,1710723379536,training_fold_X.corr(),False
imputation,RFECA_SVR(k=10),0.1,3,4,94,23,0,1710723379760,training_fold_X.corr(),False
imputation,RFECA_SVR(k=10),0.1,3,5,94,23,0,1710723380208,training_fold_X.corr(),False
imputation,RFECA_SVR(k=20),0.1,3,1,93,24,0,1710723382448,training_fold_X.corr(),False
imputation,RFECA_SVR(k=20),0.1,3,2,93,24,0,1710723382224,training_fold_X.corr(),False
imputation,RFECA_SVR(k=20),0.1,3,3,94,23,0,1710723382000,training_fold_X.corr(),False
imputation,RFECA_SVR(k=20),0.1,3,4,94,23,0,1710723381776,training_fold_X.corr(),False
imputation,RFECA_SVR(k=20),0.1,3,5,94,23,0,1710723381552,training_fold_X.corr(),False
imputation,MissForest,0.1,3,1,93,24,0,1707608150800,n/a,False
imputation,MissForest,0.1,3,2,93,24,0,1704324882640,n/a,False
imputation,MissForest,0.1,3,3,94,23,0,1710320914256,n/a,False
imputation,MissForest,0.1,3,4,94,23,0,1710320918736,n/a,False
imputation,MissForest,0.1,3,5,94,23,0,1707608155280,n/a,False
classification,SimpleMean,0.1,3,1,93,24,0,1711066647440,n/a,False
classification,SimpleMean,0.1,3,2,93,24,0,1711066647632,n/a,False
classification,SimpleMean,0.1,3,3,94,23,0,1711066752080,n/a,False
classification,SimpleMean,0.1,3,4,94,23,0,1711067036944,n/a,False
classification,SimpleMean,0.1,3,5,94,23,0,1711100515856,n/a,False
classification,"KNN(k=5,dist)",0.1,3,1,93,24,0,1711066613712,n/a,False
classification,"KNN(k=5,dist)",0.1,3,2,93,24,0,1711101167568,n/a,False
classification,"KNN(k=5,dist)",0.1,3,3,94,23,0,1711101468816,n/a,False
classification,"KNN(k=5,dist)",0.1,3,4,94,23,0,1711101819216,n/a,False
classification,"KNN(k=5,dist)",0.1,3,5,94,23,0,1711102120528,n/a,False
classification,RFECA_SVR(k=5),0.1,3,1,93,24,0,1711103009392,training_fold_X.corr(),False
classification,RFECA_SVR(k=5),0.1,3,2,93,24,0,1711103330800,training_fold_X.corr(),False
classification,RFECA_SVR(k=5),0.1,3,3,94,23,0,1711103634672,training_fold_X.corr(),False
classification,RFECA_SVR(k=5),0.1,3,4,94,23,0,1711103988176,training_fold_X.corr(),False
classification,RFECA_SVR(k=5),0.1,3,5,94,23,0,1711104325264,training_fold_X.corr(),False
classification,RFECA_SVR(k=10),0.1,3,1,93,24,0,1711104646672,training_fold_X.corr(),False
classification,RFECA_SVR(k=10),0.1,3,2,93,24,0,1711121595792,training_fold_X.corr(),False
classification,RFECA_SVR(k=10),0.1,3,3,94,23,0,1711121933808,training_fold_X.corr(),False
classification,RFECA_SVR(k=10),0.1,3,4,94,23,0,1711122287536,training_fold_X.corr(),False
classification,RFECA_SVR(k=10),0.1,3,5,94,23,0,1711122625072,training_fold_X.corr(),False
classification,RFECA_SVR(k=20),0.1,3,1,93,24,0,1711122945584,training_fold_X.corr(),False
classification,RFECA_SVR(k=20),0.1,3,2,93,24,0,1711123282448,training_fold_X.corr(),False
classification,RFECA_SVR(k=20),0.1,3,3,94,23,0,1711123636176,training_fold_X.corr(),False
classification,RFECA_SVR(k=20),0.1,3,4,94,23,0,1711123941200,training_fold_X.corr(),False
classification,RFECA_SVR(k=20),0.1,3,5,94,23,0,1711124294224,training_fold_X.corr(),False
classification,MissForest,0.1,3,1,93,24,0,1704324880400,n/a,False
classification,MissForest,0.1,3,2,93,24,0,1710320912336,n/a,False
classification,MissForest,0.1,3,3,94,23,0,1710320918416,n/a,False
classification,MissForest,0.1,3,4,94,23,0,1710320913296,n/a,False
classification,MissForest,0.1,3,5,94,23,0,1707608152400,n/a,False
imputation,SimpleMean,0.1,4,1,93,24,0,1711124042896,n/a,False
imputation,SimpleMean,0.1,4,2,93,24,0,1711121339152,n/a,False
imputation,SimpleMean,0.1,4,3,94,23,0,1704808085456,n/a,False
imputation,SimpleMean,0.1,4,4,94,23,0,1709927605136,n/a,False
imputation,SimpleMean,0.1,4,5,94,23,0,1709927605328,n/a,False
imputation,"KNN(k=5,dist)",0.1,4,1,93,24,0,1709927604944,n/a,False
imputation,"KNN(k=5,dist)",0.1,4,2,93,24,0,1711485455056,n/a,False
imputation,"KNN(k=5,dist)",0.1,4,3,94,23,0,1703217482832,n/a,False
imputation,"KNN(k=5,dist)",0.1,4,4,94,23,0,1711485529040,n/a,False
imputation,"KNN(k=5,dist)",0.1,4,5,94,23,0,1711485528656,n/a,False
imputation,RFECA_SVR(k=5),0.1,4,1,93,24,0,1711485779568,training_fold_X.corr(),False
imputation,RFECA_SVR(k=5),0.1,4,2,93,24,0,1710723381328,training_fold_X.corr(),False
imputation,RFECA_SVR(k=5),0.1,4,3,94,23,0,1711485779120,training_fold_X.corr(),False
imputation,RFECA_SVR(k=5),0.1,4,4,94,23,0,1711485786320,training_fold_X.corr(),False
imputation,RFECA_SVR(k=5),0.1,4,5,94,23,0,1711485786096,training_fold_X.corr(),False
imputation,RFECA_SVR(k=10),0.1,4,1,93,24,0,1711485785872,training_fold_X.corr(),False
imputation,RFECA_SVR(k=10),0.1,4,2,93,24,0,1711485780272,training_fold_X.corr(),False
imputation,RFECA_SVR(k=10),0.1,4,3,94,23,0,1711485780048,training_fold_X.corr(),False
imputation,RFECA_SVR(k=10),0.1,4,4,94,23,0,1711485780496,training_fold_X.corr(),False
imputation,RFECA_SVR(k=10),0.1,4,5,94,23,0,1711485780720,training_fold_X.corr(),False
imputation,RFECA_SVR(k=20),0.1,4,1,93,24,0,1711485780944,training_fold_X.corr(),False
imputation,RFECA_SVR(k=20),0.1,4,2,93,24,0,1711485781168,training_fold_X.corr(),False
imputation,RFECA_SVR(k=20),0.1,4,3,94,23,0,1711485781392,training_fold_X.corr(),False
imputation,RFECA_SVR(k=20),0.1,4,4,94,23,0,1711485781616,training_fold_X.corr(),False
imputation,RFECA_SVR(k=20),0.1,4,5,94,23,0,1711485779344,training_fold_X.corr(),False
imputation,MissForest,0.1,4,1,93,24,0,1701519912272,n/a,False
imputation,MissForest,0.1,4,2,93,24,0,1701519910672,n/a,False
imputation,MissForest,0.1,4,3,94,23,0,1701519913232,n/a,False
imputation,MissForest,0.1,4,4,94,23,0,1701519902992,n/a,False
imputation,MissForest,0.1,4,5,94,23,0,1707608160400,n/a,False
classification,SimpleMean,0.1,4,1,93,24,0,1711845148432,n/a,False
classification,SimpleMean,0.1,4,2,93,24,0,1711845153232,n/a,False
classification,SimpleMean,0.1,4,3,94,23,0,1711845258448,n/a,False
classification,SimpleMean,0.1,4,4,94,23,0,1711845543376,n/a,False
classification,SimpleMean,0.1,4,5,94,23,0,1711845844624,n/a,False
classification,"KNN(k=5,dist)",0.1,4,1,93,24,0,1711845152464,n/a,False
classification,"KNN(k=5,dist)",0.1,4,2,93,24,0,1711863044176,n/a,False
classification,"KNN(k=5,dist)",0.1,4,3,94,23,0,1711863361808,n/a,False
classification,"KNN(k=5,dist)",0.1,4,4,94,23,0,1711863679504,n/a,False
classification,"KNN(k=5,dist)",0.1,4,5,94,23,0,1711863997136,n/a,False
classification,RFECA_SVR(k=5),0.1,4,1,93,24,0,1711864907824,training_fold_X.corr(),False
classification,RFECA_SVR(k=5),0.1,4,2,93,24,0,1711865261296,training_fold_X.corr(),False
classification,RFECA_SVR(k=5),0.1,4,3,94,23,0,1711865713552,training_fold_X.corr(),False
classification,RFECA_SVR(k=5),0.1,4,4,94,23,0,1711866050416,training_fold_X.corr(),False
classification,RFECA_SVR(k=5),0.1,4,5,94,23,0,1711866371376,training_fold_X.corr(),False
classification,RFECA_SVR(k=10),0.1,4,1,93,24,0,1711883306160,training_fold_X.corr(),False
classification,RFECA_SVR(k=10),0.1,4,2,93,24,0,1711883626416,training_fold_X.corr(),False
classification,RFECA_SVR(k=10),0.1,4,3,94,23,0,1711883963536,training_fold_X.corr(),False
classification,RFECA_SVR(k=10),0.1,4,4,94,23,0,1711884297712,training_fold_X.corr(),False
classification,RFECA_SVR(k=10),0.1,4,5,94,23,0,1711884619120,training_fold_X.corr(),False
classification,RFECA_SVR(k=20),0.1,4,1,93,24,0,1711884955760,training_fold_X.corr(),False
classification,RFECA_SVR(k=20),0.1,4,2,93,24,0,1711885292880,training_fold_X.corr(),False
classification,RFECA_SVR(k=20),0.1,4,3,94,23,0,1711885629968,training_fold_X.corr(),False
classification,RFECA_SVR(k=20),0.1,4,4,94,23,0,1711885984144,training_fold_X.corr(),False
classification,RFECA_SVR(k=20),0.1,4,5,94,23,0,1711886337424,training_fold_X.corr(),False
classification,MissForest,0.1,4,1,93,24,0,1707608147280,n/a,False
classification,MissForest,0.1,4,2,93,24,0,1704324883600,n/a,False
classification,MissForest,0.1,4,3,94,23,0,1699628690448,n/a,False
classification,MissForest,0.1,4,4,94,23,0,1704324878800,n/a,False
classification,MissForest,0.1,4,5,94,23,0,1707608161680,n/a,False
imputation,SimpleMean,0.1,5,1,93,24,0,1705622564752,n/a,False
imputation,SimpleMean,0.1,5,2,93,24,0,1699462568400,n/a,False
imputation,SimpleMean,0.1,5,3,94,23,0,1710723204496,n/a,False
imputation,SimpleMean,0.1,5,4,94,23,0,1710723205072,n/a,False
imputation,SimpleMean,0.1,5,5,94,23,0,1712247547344,n/a,False
imputation,"KNN(k=5,dist)",0.1,5,1,93,24,0,1712247547536,n/a,False
imputation,"KNN(k=5,dist)",0.1,5,2,93,24,0,1712247547728,n/a,False
imputation,"KNN(k=5,dist)",0.1,5,3,94,23,0,1712247548112,n/a,False
imputation,"KNN(k=5,dist)",0.1,5,4,94,23,0,1712247547920,n/a,False
imputation,"KNN(k=5,dist)",0.1,5,5,94,23,0,1712247548304,n/a,False
imputation,RFECA_SVR(k=5),0.1,5,1,93,24,0,1711416851856,training_fold_X.corr(),False
imputation,RFECA_SVR(k=5),0.1,5,2,93,24,0,1712247778096,training_fold_X.corr(),False
imputation,RFECA_SVR(k=5),0.1,5,3,94,23,0,1712247782576,training_fold_X.corr(),False
imputation,RFECA_SVR(k=5),0.1,5,4,94,23,0,1712247782352,training_fold_X.corr(),False
imputation,RFECA_SVR(k=5),0.1,5,5,94,23,0,1712247782128,training_fold_X.corr(),False
imputation,RFECA_SVR(k=10),0.1,5,1,93,24,0,1712247781904,training_fold_X.corr(),False
imputation,RFECA_SVR(k=10),0.1,5,2,93,24,0,1712247781680,training_fold_X.corr(),False
imputation,RFECA_SVR(k=10),0.1,5,3,94,23,0,1712247781456,training_fold_X.corr(),False
imputation,RFECA_SVR(k=10),0.1,5,4,94,23,0,1712247781232,training_fold_X.corr(),False
imputation,RFECA_SVR(k=10),0.1,5,5,94,23,0,1712247781008,training_fold_X.corr(),False
imputation,RFECA_SVR(k=20),0.1,5,1,93,24,0,1712247780784,training_fold_X.corr(),False
imputation,RFECA_SVR(k=20),0.1,5,2,93,24,0,1712247780560,training_fold_X.corr(),False
imputation,RFECA_SVR(k=20),0.1,5,3,94,23,0,1712247780336,training_fold_X.corr(),False
imputation,RFECA_SVR(k=20),0.1,5,4,94,23,0,1712247780112,training_fold_X.corr(),False
imputation,RFECA_SVR(k=20),0.1,5,5,94,23,0,1712247779888,training_fold_X.corr(),False
imputation,MissForest,0.1,5,1,93,24,0,1699628691728,n/a,False
imputation,MissForest,0.1,5,2,93,24,0,1701519914192,n/a,False
imputation,MissForest,0.1,5,3,94,23,0,1707608147920,n/a,False
imputation,MissForest,0.1,5,4,94,23,0,1699440514128,n/a,False
imputation,MissForest,0.1,5,5,94,23,0,1704324889680,n/a,False
classification,SimpleMean,0.1,5,1,93,24,0,1712560122064,n/a,False
classification,SimpleMean,0.1,5,2,93,24,0,1712560123600,n/a,False
classification,SimpleMean,0.1,5,3,94,23,0,1712557754128,n/a,False
classification,SimpleMean,0.1,5,4,94,23,0,1712626671568,n/a,False
classification,SimpleMean,0.1,5,5,94,23,0,1712626923664,n/a,False
classification,"KNN(k=5,dist)",0.1,5,1,93,24,0,1712560114000,n/a,False
classification,"KNN(k=5,dist)",0.1,5,2,93,24,0,1712627575376,n/a,False
classification,"KNN(k=5,dist)",0.1,5,3,94,23,0,1712627876688,n/a,False
classification,"KNN(k=5,dist)",0.1,5,4,94,23,0,1712628227088,n/a,False
classification,"KNN(k=5,dist)",0.1,5,5,94,23,0,1712628528336,n/a,False
classification,RFECA_SVR(k=5),0.1,5,1,93,24,0,1712646021520,training_fold_X.corr(),False
classification,RFECA_SVR(k=5),0.1,5,2,93,24,0,1712646358864,training_fold_X.corr(),False
classification,RFECA_SVR(k=5),0.1,5,3,94,23,0,1712646696400,training_fold_X.corr(),False
classification,RFECA_SVR(k=5),0.1,5,4,94,23,0,1712647016912,training_fold_X.corr(),False
classification,RFECA_SVR(k=5),0.1,5,5,94,23,0,1712647318320,training_fold_X.corr(),False
classification,RFECA_SVR(k=10),0.1,5,1,93,24,0,1712647622896,training_fold_X.corr(),False
classification,RFECA_SVR(k=10),0.1,5,2,93,24,0,1712647944048,training_fold_X.corr(),False
classification,RFECA_SVR(k=10),0.1,5,3,94,23,0,1712648297328,training_fold_X.corr(),False
classification,RFECA_SVR(k=10),0.1,5,4,94,23,0,1712648633520,training_fold_X.corr(),False
classification,RFECA_SVR(k=10),0.1,5,5,94,23,0,1712648987920,training_fold_X.corr(),False
classification,RFECA_SVR(k=20),0.1,5,1,93,24,0,1712649342096,training_fold_X.corr(),False
classification,RFECA_SVR(k=20),0.1,5,2,93,24,0,1712649629584,training_fold_X.corr(),False
classification,RFECA_SVR(k=20),0.1,5,3,94,23,0,1712649999472,training_fold_X.corr(),False
classification,RFECA_SVR(k=20),0.1,5,4,94,23,0,1712650303792,training_fold_X.corr(),False
classification,RFECA_SVR(k=20),0.1,5,5,94,23,0,1712667238576,training_fold_X.corr(),False
classification,MissForest,0.1,5,1,93,24,0,1701519903632,n/a,False
classification,MissForest,0.1,5,2,93,24,0,1707608161040,n/a,False
classification,MissForest,0.1,5,3,94,23,0,1699628679568,n/a,False
classification,MissForest,0.1,5,4,94,23,0,1710320919056,n/a,False
classification,MissForest,0.1,5,5,94,23,0,1701519904912,n/a,False
imputation,SimpleMean,0.1,6,1,93,24,0,1712650385168,n/a,False
imputation,SimpleMean,0.1,6,2,93,24,0,1699627902416,n/a,False
imputation,SimpleMean,0.1,6,3,94,23,0,1711485528848,n/a,False
imputation,SimpleMean,0.1,6,4,94,23,0,1711485527504,n/a,False
imputation,SimpleMean,0.1,6,5,94,23,0,1713011934992,n/a,False
imputation,"KNN(k=5,dist)",0.1,6,1,93,24,0,1713011935376,n/a,False
imputation,"KNN(k=5,dist)",0.1,6,2,93,24,0,1713011936144,n/a,False
imputation,"KNN(k=5,dist)",0.1,6,3,94,23,0,1713011935952,n/a,False
imputation,"KNN(k=5,dist)",0.1,6,4,94,23,0,1713011935568,n/a,False
imputation,"KNN(k=5,dist)",0.1,6,5,94,23,0,1713011935760,n/a,False
imputation,RFECA_SVR(k=5),0.1,6,1,93,24,0,1712247779664,training_fold_X.corr(),False
imputation,RFECA_SVR(k=5),0.1,6,2,93,24,0,1713012159920,training_fold_X.corr(),False
imputation,RFECA_SVR(k=5),0.1,6,3,94,23,0,1713012159696,training_fold_X.corr(),False
imputation,RFECA_SVR(k=5),0.1,6,4,94,23,0,1713012160368,training_fold_X.corr(),False
imputation,RFECA_SVR(k=5),0.1,6,5,94,23,0,1713012160816,training_fold_X.corr(),False
imputation,RFECA_SVR(k=10),0.1,6,1,93,24,0,1713012161040,training_fold_X.corr(),False
imputation,RFECA_SVR(k=10),0.1,6,2,93,24,0,1713012161264,training_fold_X.corr(),False
imputation,RFECA_SVR(k=10),0.1,6,3,94,23,0,1713012159024,training_fold_X.corr(),False
imputation,RFECA_SVR(k=10),0.1,6,4,94,23,0,1713012159248,training_fold_X.corr(),False
imputation,RFECA_SVR(k=10),0.1,6,5,94,23,0,1713012159472,training_fold_X.corr(),False
imputation,RFECA_SVR(k=20),0.1,6,1,93,24,0,1713012160144,training_fold_X.corr(),False
imputation,RFECA_SVR(k=20),0.1,6,2,93,24,0,1713012160592,training_fold_X.corr(),False
imputation,RFECA_SVR(k=20),0.1,6,3,94,23,0,1713012392464,training_fold_X.corr(),False
imputation,RFECA_SVR(k=20),0.1,6,4,94,23,0,1713012392688,training_fold_X.corr(),False
imputation,RFECA_SVR(k=20),0.1,6,5,94,23,0,1713012392912,training_fold_X.corr(),False
imputation,MissForest,0.1,6,1,93,24,0,1707608157840,n/a,False
imputation,MissForest,0.1,6,2,93,24,0,1710320914896,n/a,False
imputation,MissForest,0.1,6,3,94,23,0,1704324877520,n/a,False
imputation,MissForest,0.1,6,4,94,23,0,1704324876880,n/a,False
imputation,MissForest,0.1,6,5,94,23,0,1707608154640,n/a,False
classification,SimpleMean,0.1,6,1,93,24,0,1713371974352,n/a,False
classification,SimpleMean,0.1,6,2,93,24,0,1713371975120,n/a,False
classification,SimpleMean,0.1,6,3,94,23,0,1713372080336,n/a,False
classification,SimpleMean,0.1,6,4,94,23,0,1713405755856,n/a,False
classification,SimpleMean,0.1,6,5,94,23,0,1713405827728,n/a,False
classification,"KNN(k=5,dist)",0.1,6,1,93,24,0,1713371975504,n/a,False
classification,"KNN(k=5,dist)",0.1,6,2,93,24,0,1713406446672,n/a,False
classification,"KNN(k=5,dist)",0.1,6,3,94,23,0,1713406797072,n/a,False
classification,"KNN(k=5,dist)",0.1,6,4,94,23,0,1713407131088,n/a,False
classification,"KNN(k=5,dist)",0.1,6,5,94,23,0,1713407416016,n/a,False
classification,RFECA_SVR(k=5),0.1,6,1,93,24,0,1713408291152,training_fold_X.corr(),False
classification,RFECA_SVR(k=5),0.1,6,2,93,24,0,1713408611888,training_fold_X.corr(),False
classification,RFECA_SVR(k=5),0.1,6,3,94,23,0,1713408932592,training_fold_X.corr(),False
classification,RFECA_SVR(k=5),0.1,6,4,94,23,0,1713409286768,training_fold_X.corr(),False
classification,RFECA_SVR(k=5),0.1,6,5,94,23,0,1713409623664,training_fold_X.corr(),False
classification,RFECA_SVR(k=10),0.1,6,1,93,24,0,1713409944144,training_fold_X.corr(),False
classification,RFECA_SVR(k=10),0.1,6,2,93,24,0,1713410314256,training_fold_X.corr(),False
classification,RFECA_SVR(k=10),0.1,6,3,94,23,0,1713427216016,training_fold_X.corr(),False
classification,RFECA_SVR(k=10),0.1,6,4,94,23,0,1713427552912,training_fold_X.corr(),False
classification,RFECA_SVR(k=10),0.1,6,5,94,23,0,1713427857008,training_fold_X.corr(),False
classification,RFECA_SVR(k=20),0.1,6,1,93,24,0,1713428177968,training_fold_X.corr(),False
classification,RFECA_SVR(k=20),0.1,6,2,93,24,0,1713428548528,training_fold_X.corr(),False
classification,RFECA_SVR(k=20),0.1,6,3,94,23,0,1713428868784,training_fold_X.corr(),False
classification,RFECA_SVR(k=20),0.1,6,4,94,23,0,1713429236208,training_fold_X.corr(),False
classification,RFECA_SVR(k=20),0.1,6,5,94,23,0,1713429573296,training_fold_X.corr(),False
classification,MissForest,0.1,6,1,93,24,0,1704324888080,n/a,False
classification,MissForest,0.1,6,2,93,24,0,1704324883280,n/a,False
classification,MissForest,0.1,6,3,94,23,0,1710320925776,n/a,False
classification,MissForest,0.1,6,4,94,23,0,1713097709264,n/a,False
classification,MissForest,0.1,6,5,94,23,0,1710320921616,n/a,False
imputation,SimpleMean,0.1,7,1,93,24,0,1713429305808,n/a,False
imputation,SimpleMean,0.1,7,2,93,24,0,1701195591568,n/a,False
imputation,SimpleMean,0.1,7,3,94,23,0,1710723204880,n/a,False
imputation,SimpleMean,0.1,7,4,94,23,0,1712247508048,n/a,False
imputation,SimpleMean,0.1,7,5,94,23,0,1713774242000,n/a,False
imputation,"KNN(k=5,dist)",0.1,7,1,93,24,0,1713774242384,n/a,False
imputation,"KNN(k=5,dist)",0.1,7,2,93,24,0,1713774242576,n/a,False
imputation,"KNN(k=5,dist)",0.1,7,3,94,23,0,1713774242960,n/a,False
imputation,"KNN(k=5,dist)",0.1,7,4,94,23,0,1713774242768,n/a,False
imputation,"KNN(k=5,dist)",0.1,7,5,94,23,0,1713774243152,n/a,False
imputation,RFECA_SVR(k=5),0.1,7,1,93,24,0,1713012392240,training_fold_X.corr(),False
imputation,RFECA_SVR(k=5),0.1,7,2,93,24,0,1713774448656,training_fold_X.corr(),False
imputation,RFECA_SVR(k=5),0.1,7,3,94,23,0,1713774450672,training_fold_X.corr(),False
imputation,RFECA_SVR(k=5),0.1,7,4,94,23,0,1713774450224,training_fold_X.corr(),False
imputation,RFECA_SVR(k=5),0.1,7,5,94,23,0,1713774450000,training_fold_X.corr(),False
imputation,RFECA_SVR(k=10),0.1,7,1,93,24,0,1713774449776,training_fold_X.corr(),False
imputation,RFECA_SVR(k=10),0.1,7,2,93,24,0,1713774458288,training_fold_X.corr(),False
imputation,RFECA_SVR(k=10),0.1,7,3,94,23,0,1713774458512,training_fold_X.corr(),False
imputation,RFECA_SVR(k=10),0.1,7,4,94,23,0,1713774458736,training_fold_X.corr(),False
imputation,RFECA_SVR(k=10),0.1,7,5,94,23,0,1713774459184,training_fold_X.corr(),False
imputation,RFECA_SVR(k=20),0.1,7,1,93,24,0,1713774459408,training_fold_X.corr(),False
imputation,RFECA_SVR(k=20),0.1,7,2,93,24,0,1713774459632,training_fold_X.corr(),False
imputation,RFECA_SVR(k=20),0.1,7,3,94,23,0,1713774459856,training_fold_X.corr(),False
imputation,RFECA_SVR(k=20),0.1,7,4,94,23,0,1713774460080,training_fold_X.corr(),False
imputation,RFECA_SVR(k=20),0.1,7,5,94,23,0,1713774454032,training_fold_X.corr(),False
imputation,MissForest,0.1,7,1,93,24,0,1699628682768,n/a,False
imputation,MissForest,0.1,7,2,93,24,0,1713097710544,n/a,False
imputation,MissForest,0.1,7,3,94,23,0,1699440511568,n/a,False
imputation,MissForest,0.1,7,4,94,23,0,1713097704464,n/a,False
imputation,MissForest,0.1,7,5,94,23,0,1707608149840,n/a,False
classification,SimpleMean,0.1,7,1,93,24,0,1714167394576,n/a,False
classification,SimpleMean,0.1,7,2,93,24,0,1714167394768,n/a,False
classification,SimpleMean,0.1,7,3,94,23,0,1714167548624,n/a,False
classification,SimpleMean,0.1,7,4,94,23,0,1714167817104,n/a,False
classification,SimpleMean,0.1,7,5,94,23,0,1714168101968,n/a,False
classification,"KNN(k=5,dist)",0.1,7,1,93,24,0,1714167385360,n/a,False
classification,"KNN(k=5,dist)",0.1,7,2,93,24,0,1714168753680,n/a,False
classification,"KNN(k=5,dist)",0.1,7,3,94,23,0,1714169071376,n/a,False
classification,"KNN(k=5,dist)",0.1,7,4,94,23,0,1714169389008,n/a,False
classification,"KNN(k=5,dist)",0.1,7,5,94,23,0,1714186287248,n/a,False
classification,RFECA_SVR(k=5),0.1,7,1,93,24,0,1714187193264,training_fold_X.corr(),False
classification,RFECA_SVR(k=5),0.1,7,2,93,24,0,1714187530128,training_fold_X.corr(),False
classification,RFECA_SVR(k=5),0.1,7,3,94,23,0,1714187867472,training_fold_X.corr(),False
classification,RFECA_SVR(k=5),0.1,7,4,94,23,0,1714188188624,training_fold_X.corr(),False
classification,RFECA_SVR(k=5),0.1,7,5,94,23,0,1714188525520,training_fold_X.corr(),False
classification,RFECA_SVR(k=10),0.1,7,1,93,24,0,1714188813488,training_fold_X.corr(),False
classification,RFECA_SVR(k=10),0.1,7,2,93,24,0,1714189134192,training_fold_X.corr(),False
classification,RFECA_SVR(k=10),0.1,7,3,94,23,0,1714189471984,training_fold_X.corr(),False
classification,RFECA_SVR(k=10),0.1,7,4,94,23,0,1714189825008,training_fold_X.corr(),False
classification,RFECA_SVR(k=10),0.1,7,5,94,23,0,1714190191984,training_fold_X.corr(),False
classification,RFECA_SVR(k=20),0.1,7,1,93,24,0,1714207109680,training_fold_X.corr(),False
classification,RFECA_SVR(k=20),0.1,7,2,93,24,0,1714207431088,training_fold_X.corr(),False
classification,RFECA_SVR(k=20),0.1,7,3,94,23,0,1714207784112,training_fold_X.corr(),False
classification,RFECA_SVR(k=20),0.1,7,4,94,23,0,1714208104848,training_fold_X.corr(),False
classification,RFECA_SVR(k=20),0.1,7,5,94,23,0,1714208442192,training_fold_X.corr(),False
classification,MissForest,0.1,7,1,93,24,0,1710320920016,n/a,False
classification,MissForest,0.1,7,2,93,24,0,1704324876560,n/a,False
classification,MissForest,0.1,7,3,94,23,0,1699628694608,n/a,False
classification,MissForest,0.1,7,4,94,23,0,1710320913936,n/a,False
classification,MissForest,0.1,7,5,94,23,0,1710320920336,n/a,False
imputation,SimpleMean,0.1,8,1,93,24,0,1714208193616,n/a,False
imputation,SimpleMean,0.1,8,2,93,24,0,1699524522256,n/a,False
imputation,SimpleMean,0.1,8,3,94,23,0,1711485527696,n/a,False
imputation,SimpleMean,0.1,8,4,94,23,0,1713011935184,n/a,False
imputation,SimpleMean,0.1,8,5,94,23,0,1714554669968,n/a,False
imputation,"KNN(k=5,dist)",0.1,8,1,93,24,0,1714554670160,n/a,False
imputation,"KNN(k=5,dist)",0.1,8,2,93,24,0,1714554670928,n/a,False
imputation,"KNN(k=5,dist)",0.1,8,3,94,23,0,1714554670352,n/a,False
imputation,"KNN(k=5,dist)",0.1,8,4,94,23,0,1714554670736,n/a,False
imputation,"KNN(k=5,dist)",0.1,8,5,94,23,0,1714554670544,n/a,False
imputation,RFECA_SVR(k=5),0.1,8,1,93,24,0,1713653245200,training_fold_X.corr(),False
imputation,RFECA_SVR(k=5),0.1,8,2,93,24,0,1714554824176,training_fold_X.corr(),False
imputation,RFECA_SVR(k=5),0.1,8,3,94,23,0,1714554822384,training_fold_X.corr(),False
imputation,RFECA_SVR(k=5),0.1,8,4,94,23,0,1714554824848,training_fold_X.corr(),False
imputation,RFECA_SVR(k=5),0.1,8,5,94,23,0,1714554824624,training_fold_X.corr(),False
imputation,RFECA_SVR(k=10),0.1,8,1,93,24,0,1714554823952,training_fold_X.corr(),False
imputation,RFECA_SVR(k=10),0.1,8,2,93,24,0,1714554825072,training_fold_X.corr(),False
imputation,RFECA_SVR(k=10),0.1,8,3,94,23,0,1714554825296,training_fold_X.corr(),False
imputation,RFECA_SVR(k=10),0.1,8,4,94,23,0,1714554825520,training_fold_X.corr(),False
imputation,RFECA_SVR(k=10),0.1,8,5,94,23,0,1714554825744,training_fold_X.corr(),False
imputation,RFECA_SVR(k=20),0.1,8,1,93,24,0,1714554825968,training_fold_X.corr(),False
imputation,RFECA_SVR(k=20),0.1,8,2,93,24,0,1714554826192,training_fold_X.corr(),False
imputation,RFECA_SVR(k=20),0.1,8,3,94,23,0,1714554826416,training_fold_X.corr(),False
imputation,RFECA_SVR(k=20),0.1,8,4,94,23,0,1714554826640,training_fold_X.corr(),False
imputation,RFECA_SVR(k=20),0.1,8,5,94,23,0,1714554826864,training_fold_X.corr(),False
imputation,MissForest,0.1,8,1,93,24,0,1710320917136,n/a,False
imputation,MissForest,0.1,8,2,93,24,0,1707608158160,n/a,False
imputation,MissForest,0.1,8,3,94,23,0,1701519915152,n/a,False
imputation,MissForest,0.1,8,4,94,23,0,1701519910992,n/a,False
imputation,MissForest,0.1,8,5,94,23,0,1701519903952,n/a,False
classification,SimpleMean,0.1,8,1,93,24,0,1714914856592,n/a,False
classification,SimpleMean,0.1,8,2,93,24,0,1714914857360,n/a,False
classification,SimpleMean,0.1,8,3,94,23,0,1714914913424,n/a,False
classification,SimpleMean,0.1,8,4,94,23,0,1714915214736,n/a,False
classification,SimpleMean,0.1,8,5,94,23,0,1714932112976,n/a,False
classification,"KNN(k=5,dist)",0.1,8,1,93,24,0,1714914857744,n/a,False
classification,"KNN(k=5,dist)",0.1,8,2,93,24,0,1714932731920,n/a,False
classification,"KNN(k=5,dist)",0.1,8,3,94,23,0,1714949646544,n/a,False
classification,"KNN(k=5,dist)",0.1,8,4,94,23,0,1714950226384,n/a,False
classification,"KNN(k=5,dist)",0.1,8,5,94,23,0,1714950298256,n/a,False
classification,RFECA_SVR(k=5),0.1,8,1,93,24,0,1714951184112,training_fold_X.corr(),False
classification,RFECA_SVR(k=5),0.1,8,2,93,24,0,1714951521456,training_fold_X.corr(),False
classification,RFECA_SVR(k=5),0.1,8,3,94,23,0,1714951842608,training_fold_X.corr(),False
classification,RFECA_SVR(k=5),0.1,8,4,94,23,0,1714952163120,training_fold_X.corr(),False
classification,RFECA_SVR(k=5),0.1,8,5,94,23,0,1714952483600,training_fold_X.corr(),False
classification,RFECA_SVR(k=10),0.1,8,1,93,24,0,1714952851248,training_fold_X.corr(),False
classification,RFECA_SVR(k=10),0.1,8,2,93,24,0,1714953139632,training_fold_X.corr(),False
classification,RFECA_SVR(k=10),0.1,8,3,94,23,0,1714953476528,training_fold_X.corr(),False
classification,RFECA_SVR(k=10),0.1,8,4,94,23,0,1714970394000,training_fold_X.corr(),False
classification,RFECA_SVR(k=10),0.1,8,5,94,23,0,1714970731344,training_fold_X.corr(),False
classification,RFECA_SVR(k=20),0.1,8,1,93,24,0,1714971085520,training_fold_X.corr(),False
classification,RFECA_SVR(k=20),0.1,8,2,93,24,0,1714971422160,training_fold_X.corr(),False
classification,RFECA_SVR(k=20),0.1,8,3,94,23,0,1714971759280,training_fold_X.corr(),False
classification,RFECA_SVR(k=20),0.1,8,4,94,23,0,1714972079984,training_fold_X.corr(),False
classification,RFECA_SVR(k=20),0.1,8,5,94,23,0,1714972434160,training_fold_X.corr(),False
classification,MissForest,0.1,8,1,93,24,0,1699440522448,n/a,False
classification,MissForest,0.1,8,2,93,24,0,1710320910736,n/a,False
classification,MissForest,0.1,8,3,94,23,0,1699440516368,n/a,False
classification,MissForest,0.1,8,4,94,23,0,1707608146960,n/a,False
classification,MissForest,0.1,8,5,94,23,0,1704324878160,n/a,False
imputation,SimpleMean,0.1,9,1,93,24,0,1714972188048,n/a,False
imputation,SimpleMean,0.1,9,2,93,24,0,1714952903504,n/a,False
imputation,SimpleMean,0.1,9,3,94,23,0,1711883379600,n/a,False
imputation,SimpleMean,0.1,9,4,94,23,0,1713774242192,n/a,False
imputation,SimpleMean,0.1,9,5,94,23,0,1715333655696,n/a,False
imputation,"KNN(k=5,dist)",0.1,9,1,93,24,0,1715333656080,n/a,False
imputation,"KNN(k=5,dist)",0.1,9,2,93,24,0,1715333656464,n/a,False
imputation,"KNN(k=5,dist)",0.1,9,3,94,23,0,1715333656272,n/a,False
imputation,"KNN(k=5,dist)",0.1,9,4,94,23,0,1715333656656,n/a,False
imputation,"KNN(k=5,dist)",0.1,9,5,94,23,0,1715333656848,n/a,False
imputation,RFECA_SVR(k=5),0.1,9,1,93,24,0,1715127201232,training_fold_X.corr(),False
imputation,RFECA_SVR(k=5),0.1,9,2,93,24,0,1715127202128,training_fold_X.corr(),False
imputation,RFECA_SVR(k=5),0.1,9,3,94,23,0,1713012395376,training_fold_X.corr(),False
imputation,RFECA_SVR(k=5),0.1,9,4,94,23,0,1715127199440,training_fold_X.corr(),False
imputation,RFECA_SVR(k=5),0.1,9,5,94,23,0,1715127199664,training_fold_X.corr(),False
imputation,RFECA_SVR(k=10),0.1,9,1,93,24,0,1715333889424,training_fold_X.corr(),False
imputation,RFECA_SVR(k=10),0.1,9,2,93,24,0,1715333889648,training_fold_X.corr(),False
imputation,RFECA_SVR(k=10),0.1,9,3,94,23,0,1715333888752,training_fold_X.corr(),False
imputation,RFECA_SVR(k=10),0.1,9,4,94,23,0,1715333888976,training_fold_X.corr(),False
imputation,RFECA_SVR(k=10),0.1,9,5,94,23,0,1715333889200,training_fold_X.corr(),False
imputation,RFECA_SVR(k=20),0.1,9,1,93,24,0,1715333888528,training_fold_X.corr(),False
imputation,RFECA_SVR(k=20),0.1,9,2,93,24,0,1715281575312,training_fold_X.corr(),False
imputation,RFECA_SVR(k=20),0.1,9,3,94,23,0,1715281573296,training_fold_X.corr(),False
imputation,RFECA_SVR(k=20),0.1,9,4,94,23,0,1715281573744,training_fold_X.corr(),False
imputation,RFECA_SVR(k=20),0.1,9,5,94,23,0,1715281566800,training_fold_X.corr(),False
imputation,MissForest,0.1,9,1,93,24,0,1707608161360,n/a,False
imputation,MissForest,0.1,9,2,93,24,0,1710320921296,n/a,False
imputation,MissForest,0.1,9,3,94,23,0,1704324882000,n/a,False
imputation,MissForest,0.1,9,4,94,23,0,1699440512208,n/a,False
imputation,MissForest,0.1,9,5,94,23,0,1699628684368,n/a,False
classification,SimpleMean,0.1,9,1,93,24,0,1715693614288,n/a,False
classification,SimpleMean,0.1,9,2,93,24,0,1715693613904,n/a,False
classification,SimpleMean,0.1,9,3,94,23,0,1715693768336,n/a,False
classification,SimpleMean,0.1,9,4,94,23,0,1715710601040,n/a,False
classification,SimpleMean,0.1,9,5,94,23,0,1715711213648,n/a,False
classification,"KNN(k=5,dist)",0.1,9,1,93,24,0,1715693601040,n/a,False
classification,"KNN(k=5,dist)",0.1,9,2,93,24,0,1715728167376,n/a,False
classification,"KNN(k=5,dist)",0.1,9,3,94,23,0,1715728501456,n/a,False
classification,"KNN(k=5,dist)",0.1,9,4,94,23,0,1715728819088,n/a,False
classification,"KNN(k=5,dist)",0.1,9,5,94,23,0,1715729071184,n/a,False
classification,RFECA_SVR(k=5),0.1,9,1,93,24,0,1715729985872,training_fold_X.corr(),False
classification,RFECA_SVR(k=5),0.1,9,2,93,24,0,1715730323216,training_fold_X.corr(),False
classification,RFECA_SVR(k=5),0.1,9,3,94,23,0,1715730644368,training_fold_X.corr(),False
classification,RFECA_SVR(k=5),0.1,9,4,94,23,0,1715730981264,training_fold_X.corr(),False
classification,RFECA_SVR(k=5),0.1,9,5,94,23,0,1715731318384,training_fold_X.corr(),False
classification,RFECA_SVR(k=10),0.1,9,1,93,24,0,1715731622704,training_fold_X.corr(),False
classification,RFECA_SVR(k=10),0.1,9,2,93,24,0,1715731976880,training_fold_X.corr(),False
classification,RFECA_SVR(k=10),0.1,9,3,94,23,0,1715748877744,training_fold_X.corr(),False
classification,RFECA_SVR(k=10),0.1,9,4,94,23,0,1715749198480,training_fold_X.corr(),False
classification,RFECA_SVR(k=10),0.1,9,5,94,23,0,1715749584048,training_fold_X.corr(),False
classification,RFECA_SVR(k=20),0.1,9,1,93,24,0,1715749938896,training_fold_X.corr(),False
classification,RFECA_SVR(k=20),0.1,9,2,93,24,0,1715750259408,training_fold_X.corr(),False
classification,RFECA_SVR(k=20),0.1,9,3,94,23,0,1715750596272,training_fold_X.corr(),False
classification,RFECA_SVR(k=20),0.1,9,4,94,23,0,1715750930928,training_fold_X.corr(),False
classification,RFECA_SVR(k=20),0.1,9,5,94,23,0,1715751252080,training_fold_X.corr(),False
classification,MissForest,0.1,9,1,93,24,0,1699628694288,n/a,False
classification,MissForest,0.1,9,2,93,24,0,1707608148560,n/a,False
classification,MissForest,0.1,9,3,94,23,0,1704324875280,n/a,False
classification,MissForest,0.1,9,4,94,23,0,1713097714704,n/a,False
classification,MissForest,0.1,9,5,94,23,0,1710320917776,n/a,False
imputation,SimpleMean,0.2,0,1,93,24,0,1715751009936,n/a,False
imputation,SimpleMean,0.2,0,2,93,24,0,1715731709200,n/a,False
imputation,SimpleMean,0.2,0,3,94,23,0,1713011838416,n/a,False
imputation,SimpleMean,0.2,0,4,94,23,0,1714554669776,n/a,False
imputation,SimpleMean,0.2,0,5,94,23,0,1716095930192,n/a,False
imputation,"KNN(k=5,dist)",0.2,0,1,93,24,0,1716095930384,n/a,False
imputation,"KNN(k=5,dist)",0.2,0,2,93,24,0,1716095930576,n/a,False
imputation,"KNN(k=5,dist)",0.2,0,3,94,23,0,1716095930960,n/a,False
imputation,"KNN(k=5,dist)",0.2,0,4,94,23,0,1716095930768,n/a,False
imputation,"KNN(k=5,dist)",0.2,0,5,94,23,0,1716095931152,n/a,False
imputation,RFECA_SVR(k=5),0.2,0,1,93,24,0,1715127199888,training_fold_X.corr(),False
imputation,RFECA_SVR(k=5),0.2,0,2,93,24,0,1716096147184,training_fold_X.corr(),False
imputation,RFECA_SVR(k=5),0.2,0,3,94,23,0,1716096146736,training_fold_X.corr(),False
imputation,RFECA_SVR(k=5),0.2,0,4,94,23,0,1716096146512,training_fold_X.corr(),False
imputation,RFECA_SVR(k=5),0.2,0,5,94,23,0,1716096146288,training_fold_X.corr(),False
imputation,RFECA_SVR(k=10),0.2,0,1,93,24,0,1716096146064,training_fold_X.corr(),False
imputation,RFECA_SVR(k=10),0.2,0,2,93,24,0,1716096145840,training_fold_X.corr(),False
imputation,RFECA_SVR(k=10),0.2,0,3,94,23,0,1716096145616,training_fold_X.corr(),False
imputation,RFECA_SVR(k=10),0.2,0,4,94,23,0,1716096145392,training_fold_X.corr(),False
imputation,RFECA_SVR(k=10),0.2,0,5,94,23,0,1716096145168,training_fold_X.corr(),False
imputation,RFECA_SVR(k=20),0.2,0,1,93,24,0,1716096144944,training_fold_X.corr(),False
imputation,RFECA_SVR(k=20),0.2,0,2,93,24,0,1716096153680,training_fold_X.corr(),False
imputation,RFECA_SVR(k=20),0.2,0,3,94,23,0,1716096153904,training_fold_X.corr(),False
imputation,RFECA_SVR(k=20),0.2,0,4,94,23,0,1716096154128,training_fold_X.corr(),False
imputation,RFECA_SVR(k=20),0.2,0,5,94,23,0,1716096154352,training_fold_X.corr(),False
imputation,MissForest,0.2,0,1,93,24,0,1710320914576,n/a,False
imputation,MissForest,0.2,0,2,93,24,0,1707608159440,n/a,False
imputation,MissForest,0.2,0,3,94,23,0,1710320919376,n/a,False
imputation,MissForest,0.2,0,4,94,23,0,1713097705424,n/a,False
imputation,MissForest,0.2,0,5,94,23,0,1713097707344,n/a,False
classification,SimpleMean,0.2,0,1,93,24,0,1716422760144,n/a,False
classification,SimpleMean,0.2,0,2,93,24,0,1716422760528,n/a,False
classification,SimpleMean,0.2,0,3,94,23,0,1716439396432,n/a,False
classification,SimpleMean,0.2,0,4,94,23,0,1716439697744,n/a,False
classification,SimpleMean,0.2,0,5,94,23,0,1716439998992,n/a,False
classification,"KNN(k=5,dist)",0.2,0,1,93,24,0,1716422754960,n/a,False
classification,"KNN(k=5,dist)",0.2,0,2,93,24,0,1716457231312,n/a,False
classification,"KNN(k=5,dist)",0.2,0,3,94,23,0,1716457565328,n/a,False
classification,"KNN(k=5,dist)",0.2,0,4,94,23,0,1716457883024,n/a,False
classification,"KNN(k=5,dist)",0.2,0,5,94,23,0,1716458233424,n/a,False
classification,RFECA_SVR(k=5),0.2,0,1,93,24,0,1716459130896,training_fold_X.corr(),False
classification,RFECA_SVR(k=5),0.2,0,2,93,24,0,1716459452048,training_fold_X.corr(),False
classification,RFECA_SVR(k=5),0.2,0,3,94,23,0,1716459788944,training_fold_X.corr(),False
classification,RFECA_SVR(k=5),0.2,0,4,94,23,0,1716460090352,training_fold_X.corr(),False
classification,RFECA_SVR(k=5),0.2,0,5,94,23,0,1716460444080,training_fold_X.corr(),False
classification,RFECA_SVR(k=10),0.2,0,1,93,24,0,1716460764336,training_fold_X.corr(),False
classification,RFECA_SVR(k=10),0.2,0,2,93,24,0,1716461085744,training_fold_X.corr(),False
classification,RFECA_SVR(k=10),0.2,0,3,94,23,0,1716478019856,training_fold_X.corr(),False
classification,RFECA_SVR(k=10),0.2,0,4,94,23,0,1716478356944,training_fold_X.corr(),False
classification,RFECA_SVR(k=10),0.2,0,5,94,23,0,1716478694736,training_fold_X.corr(),False
classification,RFECA_SVR(k=20),0.2,0,1,93,24,0,1716478998608,training_fold_X.corr(),False
classification,RFECA_SVR(k=20),0.2,0,2,93,24,0,1716479352112,training_fold_X.corr(),False
classification,RFECA_SVR(k=20),0.2,0,3,94,23,0,1716479673072,training_fold_X.corr(),False
classification,RFECA_SVR(k=20),0.2,0,4,94,23,0,1716480026992,training_fold_X.corr(),False
classification,RFECA_SVR(k=20),0.2,0,5,94,23,0,1716480363888,training_fold_X.corr(),False
classification,MissForest,0.2,0,1,93,24,0,1707608162000,n/a,False
classification,MissForest,0.2,0,2,93,24,0,1713097715664,n/a,False
classification,MissForest,0.2,0,3,94,23,0,1704324885520,n/a,False
classification,MissForest,0.2,0,4,94,23,0,1710320912016,n/a,False
classification,MissForest,0.2,0,5,94,23,0,1716602062160,n/a,False
imputation,SimpleMean,0.2,1,1,93,24,0,1716480106640,n/a,False
imputation,SimpleMean,0.2,1,2,93,24,0,1715333655888,n/a,False
imputation,SimpleMean,0.2,1,3,94,23,0,1713773858640,n/a,False
imputation,SimpleMean,0.2,1,4,94,23,0,1716791914576,n/a,False
imputation,SimpleMean,0.2,1,5,94,23,0,1716791914768,n/a,False
imputation,"KNN(k=5,dist)",0.2,1,1,93,24,0,1716791914960,n/a,False
imputation,"KNN(k=5,dist)",0.2,1,2,93,24,0,1716791915536,n/a,False
imputation,"KNN(k=5,dist)",0.2,1,3,94,23,0,1716791915152,n/a,False
imputation,"KNN(k=5,dist)",0.2,1,4,94,23,0,1716791915344,n/a,False
imputation,"KNN(k=5,dist)",0.2,1,5,94,23,0,1716791915728,n/a,False
imputation,RFECA_SVR(k=5),0.2,1,1,93,24,0,1716096150544,training_fold_X.corr(),False
imputation,RFECA_SVR(k=5),0.2,1,2,93,24,0,1716723230864,training_fold_X.corr(),False
imputation,RFECA_SVR(k=5),0.2,1,3,94,23,0,1716723223696,training_fold_X.corr(),False
imputation,RFECA_SVR(k=5),0.2,1,4,94,23,0,1716723230416,training_fold_X.corr(),False
imputation,RFECA_SVR(k=5),0.2,1,5,94,23,0,1716723223248,training_fold_X.corr(),False
imputation,RFECA_SVR(k=10),0.2,1,1,93,24,0,1716723236016,training_fold_X.corr(),False
imputation,RFECA_SVR(k=10),0.2,1,2,93,24,0,1716723235792,training_fold_X.corr(),False
imputation,RFECA_SVR(k=10),0.2,1,3,94,23,0,1716723223920,training_fold_X.corr(),False
imputation,RFECA_SVR(k=10),0.2,1,4,94,23,0,1716670900144,training_fold_X.corr(),False
imputation,RFECA_SVR(k=10),0.2,1,5,94,23,0,1716723230192,training_fold_X.corr(),False
imputation,RFECA_SVR(k=20),0.2,1,1,93,24,0,1716723230640,training_fold_X.corr(),False
imputation,RFECA_SVR(k=20),0.2,1,2,93,24,0,1716808741872,training_fold_X.corr(),False
imputation,RFECA_SVR(k=20),0.2,1,3,94,23,0,1716808741648,training_fold_X.corr(),False
imputation,RFECA_SVR(k=20),0.2,1,4,94,23,0,1716808741424,training_fold_X.corr(),False
imputation,RFECA_SVR(k=20),0.2,1,5,94,23,0,1716808739632,training_fold_X.corr(),False
imputation,MissForest,0.2,1,1,93,24,0,1713097719184,n/a,False
imputation,MissForest,0.2,1,2,93,24,0,1713097716624,n/a,False
imputation,MissForest,0.2,1,3,94,23,0,1701519916432,n/a,False
imputation,MissForest,0.2,1,4,94,23,0,1710320916496,n/a,False
imputation,MissForest,0.2,1,5,94,23,0,1716602066000,n/a,False
classification,SimpleMean,0.2,1,1,93,24,0,1717135390864,n/a,False
classification,SimpleMean,0.2,1,2,93,24,0,1717135391248,n/a,False
classification,SimpleMean,0.2,1,3,94,23,0,1717135495760,n/a,False
classification,SimpleMean,0.2,1,4,94,23,0,1717135780624,n/a,False
classification,SimpleMean,0.2,1,5,94,23,0,1717136098320,n/a,False
classification,"KNN(k=5,dist)",0.2,1,1,93,24,0,1717135377616,n/a,False
classification,"KNN(k=5,dist)",0.2,1,2,93,24,0,1717136733584,n/a,False
classification,"KNN(k=5,dist)",0.2,1,3,94,23,0,1717137034896,n/a,False
classification,"KNN(k=5,dist)",0.2,1,4,94,23,0,1717153933136,n/a,False
classification,"KNN(k=5,dist)",0.2,1,5,94,23,0,1717154545744,n/a,False
classification,RFECA_SVR(k=5),0.2,1,1,93,24,0,1717155160240,training_fold_X.corr(),False
classification,RFECA_SVR(k=5),0.2,1,2,93,24,0,1717155497584,training_fold_X.corr(),False
classification,RFECA_SVR(k=5),0.2,1,3,94,23,0,1717155835120,training_fold_X.corr(),False
classification,RFECA_SVR(k=5),0.2,1,4,94,23,0,1717156172016,training_fold_X.corr(),False
classification,RFECA_SVR(k=5),0.2,1,5,94,23,0,1717156508880,training_fold_X.corr(),False
classification,RFECA_SVR(k=10),0.2,1,1,93,24,0,1717156829840,training_fold_X.corr(),False
classification,RFECA_SVR(k=10),0.2,1,2,93,24,0,1717173747088,training_fold_X.corr(),False
classification,RFECA_SVR(k=10),0.2,1,3,94,23,0,1717174101264,training_fold_X.corr(),False
classification,RFECA_SVR(k=10),0.2,1,4,94,23,0,1717174422000,training_fold_X.corr(),False
classification,RFECA_SVR(k=10),0.2,1,5,94,23,0,1717174759088,training_fold_X.corr(),False
classification,RFECA_SVR(k=20),0.2,1,1,93,24,0,1717175096880,training_fold_X.corr(),False
classification,RFECA_SVR(k=20),0.2,1,2,93,24,0,1717175417136,training_fold_X.corr(),False
classification,RFECA_SVR(k=20),0.2,1,3,94,23,0,1717175800496,training_fold_X.corr(),False
classification,RFECA_SVR(k=20),0.2,1,4,94,23,0,1717176121200,training_fold_X.corr(),False
classification,RFECA_SVR(k=20),0.2,1,5,94,23,0,1717176475376,training_fold_X.corr(),False
classification,MissForest,0.2,1,1,93,24,0,1707608152080,n/a,False
classification,MissForest,0.2,1,2,93,24,0,1710320911056,n/a,False
classification,MissForest,0.2,1,3,94,23,0,1713097712144,n/a,False
classification,MissForest,0.2,1,4,94,23,0,1707608151120,n/a,False
classification,MissForest,0.2,1,5,94,23,0,1713097717264,n/a,False
imputation,SimpleMean,0.2,2,1,93,24,0,1717176173200,n/a,False
imputation,SimpleMean,0.2,2,2,93,24,0,1716095930000,n/a,False
imputation,SimpleMean,0.2,2,3,94,23,0,1714433930448,n/a,False
imputation,SimpleMean,0.2,2,4,94,23,0,1717504512592,n/a,False
imputation,SimpleMean,0.2,2,5,94,23,0,1717504512784,n/a,False
imputation,"KNN(k=5,dist)",0.2,2,1,93,24,0,1717504512976,n/a,False
imputation,"KNN(k=5,dist)",0.2,2,2,93,24,0,1717504513552,n/a,False
imputation,"KNN(k=5,dist)",0.2,2,3,94,23,0,1717504513360,n/a,False
imputation,"KNN(k=5,dist)",0.2,2,4,94,23,0,1717504513168,n/a,False
imputation,"KNN(k=5,dist)",0.2,2,5,94,23,0,1717504513744,n/a,False
imputation,RFECA_SVR(k=5),0.2,2,1,93,24,0,1717314647472,training_fold_X.corr(),False
imputation,RFECA_SVR(k=5),0.2,2,2,93,24,0,1716808739184,training_fold_X.corr(),False
imputation,RFECA_SVR(k=5),0.2,2,3,94,23,0,1717314647696,training_fold_X.corr(),False
imputation,RFECA_SVR(k=5),0.2,2,4,94,23,0,1717504753264,training_fold_X.corr(),False
imputation,RFECA_SVR(k=5),0.2,2,5,94,23,0,1717452414032,training_fold_X.corr(),False
imputation,RFECA_SVR(k=10),0.2,2,1,93,24,0,1717452414480,training_fold_X.corr(),False
imputation,RFECA_SVR(k=10),0.2,2,2,93,24,0,1717452414256,training_fold_X.corr(),False
imputation,RFECA_SVR(k=10),0.2,2,3,94,23,0,1717452421424,training_fold_X.corr(),False
imputation,RFECA_SVR(k=10),0.2,2,4,94,23,0,1717504774384,training_fold_X.corr(),False
imputation,RFECA_SVR(k=10),0.2,2,5,94,23,0,1717504775504,training_fold_X.corr(),False
imputation,RFECA_SVR(k=20),0.2,2,1,93,24,0,1717504775280,training_fold_X.corr(),False
imputation,RFECA_SVR(k=20),0.2,2,2,93,24,0,1717504775056,training_fold_X.corr(),False
imputation,RFECA_SVR(k=20),0.2,2,3,94,23,0,1717504770128,training_fold_X.corr(),False
imputation,RFECA_SVR(k=20),0.2,2,4,94,23,0,1717504770352,training_fold_X.corr(),False
imputation,RFECA_SVR(k=20),0.2,2,5,94,23,0,1717504770576,training_fold_X.corr(),False
imputation,MissForest,0.2,2,1,93,24,0,1707608151440,n/a,False
imputation,MissForest,0.2,2,2,93,24,0,1716602070160,n/a,False
imputation,MissForest,0.2,2,3,94,23,0,1710320912976,n/a,False
imputation,MissForest,0.2,2,4,94,23,0,1707608158800,n/a,False
imputation,MissForest,0.2,2,5,94,23,0,1710320922896,n/a,False
classification,SimpleMean,0.2,2,1,93,24,0,1717814827664,n/a,False
classification,SimpleMean,0.2,2,2,93,24,0,1717814827280,n/a,False
classification,SimpleMean,0.2,2,3,94,23,0,1717814899728,n/a,False
classification,SimpleMean,0.2,2,4,94,23,0,1717815201040,n/a,False
classification,SimpleMean,0.2,2,5,94,23,0,1717832115664,n/a,False
classification,"KNN(k=5,dist)",0.2,2,1,93,24,0,1717814822480,n/a,False
classification,"KNN(k=5,dist)",0.2,2,2,93,24,0,1717832734608,n/a,False
classification,"KNN(k=5,dist)",0.2,2,3,94,23,0,1717849649232,n/a,False
classification,"KNN(k=5,dist)",0.2,2,4,94,23,0,1717849950544,n/a,False
classification,"KNN(k=5,dist)",0.2,2,5,94,23,0,1717850284560,n/a,False
classification,RFECA_SVR(k=5),0.2,2,1,93,24,0,1717851208432,training_fold_X.corr(),False
classification,RFECA_SVR(k=5),0.2,2,2,93,24,0,1717851529392,training_fold_X.corr(),False
classification,RFECA_SVR(k=5),0.2,2,3,94,23,0,1717851883568,training_fold_X.corr(),False
classification,RFECA_SVR(k=5),0.2,2,4,94,23,0,1717852151984,training_fold_X.corr(),False
classification,RFECA_SVR(k=5),0.2,2,5,94,23,0,1717852489104,training_fold_X.corr(),False
classification,RFECA_SVR(k=10),0.2,2,1,93,24,0,1717852826192,training_fold_X.corr(),False
classification,RFECA_SVR(k=10),0.2,2,2,93,24,0,1717853147600,training_fold_X.corr(),False
classification,RFECA_SVR(k=10),0.2,2,3,94,23,0,1717853467856,training_fold_X.corr(),False
classification,RFECA_SVR(k=10),0.2,2,4,94,23,0,1717870418352,training_fold_X.corr(),False
classification,RFECA_SVR(k=10),0.2,2,5,94,23,0,1717870755440,training_fold_X.corr(),False
classification,RFECA_SVR(k=20),0.2,2,1,93,24,0,1717871109616,training_fold_X.corr(),False
classification,RFECA_SVR(k=20),0.2,2,2,93,24,0,1717871462896,training_fold_X.corr(),False
classification,RFECA_SVR(k=20),0.2,2,3,94,23,0,1717871766992,training_fold_X.corr(),False
classification,RFECA_SVR(k=20),0.2,2,4,94,23,0,1717872137104,training_fold_X.corr(),False
classification,RFECA_SVR(k=20),0.2,2,5,94,23,0,1717872458256,training_fold_X.corr(),False
classification,MissForest,0.2,2,1,93,24,0,1716602076240,n/a,False
classification,MissForest,0.2,2,2,93,24,0,1716602071120,n/a,False
classification,MissForest,0.2,2,3,94,23,0,1713097713744,n/a,False
classification,MissForest,0.2,2,4,94,23,0,1707608148240,n/a,False
classification,MissForest,0.2,2,5,94,23,0,1704324882960,n/a,False
imputation,SimpleMean,0.2,3,1,93,24,0,1717872223312,n/a,False
imputation,SimpleMean,0.2,3,2,93,24,0,1716791854864,n/a,False
imputation,SimpleMean,0.2,3,3,94,23,0,1715333563216,n/a,False
imputation,SimpleMean,0.2,3,4,94,23,0,1718202283024,n/a,False
imputation,SimpleMean,0.2,3,5,94,23,0,1718202283216,n/a,False
imputation,"KNN(k=5,dist)",0.2,3,1,93,24,0,1718202283408,n/a,False
imputation,"KNN(k=5,dist)",0.2,3,2,93,24,0,1718202283600,n/a,False
imputation,"KNN(k=5,dist)",0.2,3,3,94,23,0,1718202283792,n/a,False
imputation,"KNN(k=5,dist)",0.2,3,4,94,23,0,1718202283984,n/a,False
imputation,"KNN(k=5,dist)",0.2,3,5,94,23,0,1718202284176,n/a,False
imputation,RFECA_SVR(k=5),0.2,3,1,93,24,0,1717452416720,training_fold_X.corr(),False
imputation,RFECA_SVR(k=5),0.2,3,2,93,24,0,1718202501840,training_fold_X.corr(),False
imputation,RFECA_SVR(k=5),0.2,3,3,94,23,0,1718202514384,training_fold_X.corr(),False
imputation,RFECA_SVR(k=5),0.2,3,4,94,23,0,1718202504528,training_fold_X.corr(),False
imputation,RFECA_SVR(k=5),0.2,3,5,94,23,0,1718202504752,training_fold_X.corr(),False
imputation,RFECA_SVR(k=10),0.2,3,1,93,24,0,1718202502288,training_fold_X.corr(),False
imputation,RFECA_SVR(k=10),0.2,3,2,93,24,0,1718202504304,training_fold_X.corr(),False
imputation,RFECA_SVR(k=10),0.2,3,3,94,23,0,1718202504080,training_fold_X.corr(),False
imputation,RFECA_SVR(k=10),0.2,3,4,94,23,0,1718202503856,training_fold_X.corr(),False
imputation,RFECA_SVR(k=10),0.2,3,5,94,23,0,1718202503632,training_fold_X.corr(),False
imputation,RFECA_SVR(k=20),0.2,3,1,93,24,0,1718202503408,training_fold_X.corr(),False
imputation,RFECA_SVR(k=20),0.2,3,2,93,24,0,1718202503184,training_fold_X.corr(),False
imputation,RFECA_SVR(k=20),0.2,3,3,94,23,0,1718202502960,training_fold_X.corr(),False
imputation,RFECA_SVR(k=20),0.2,3,4,94,23,0,1718202502736,training_fold_X.corr(),False
imputation,RFECA_SVR(k=20),0.2,3,5,94,23,0,1718202502512,training_fold_X.corr(),False
imputation,MissForest,0.2,3,1,93,24,0,1707608152720,n/a,False
imputation,MissForest,0.2,3,2,93,24,0,1707608149520,n/a,False
imputation,MissForest,0.2,3,3,94,23,0,1713097705104,n/a,False
imputation,MissForest,0.2,3,4,94,23,0,1710320915216,n/a,False
imputation,MissForest,0.2,3,5,94,23,0,1710320911696,n/a,False
classification,SimpleMean,0.2,3,1,93,24,0,1718513171536,n/a,False
classification,SimpleMean,0.2,3,2,93,24,0,1718513171920,n/a,False
classification,SimpleMean,0.2,3,3,94,23,0,1718513309200,n/a,False
classification,SimpleMean,0.2,3,4,94,23,0,1718513561296,n/a,False
classification,SimpleMean,0.2,3,5,94,23,0,1718547056592,n/a,False
classification,"KNN(k=5,dist)",0.2,3,1,93,24,0,1718513158288,n/a,False
classification,"KNN(k=5,dist)",0.2,3,2,93,24,0,1718547659088,n/a,False
classification,"KNN(k=5,dist)",0.2,3,3,94,23,0,1718547993168,n/a,False
classification,"KNN(k=5,dist)",0.2,3,4,94,23,0,1718548294416,n/a,False
classification,"KNN(k=5,dist)",0.2,3,5,94,23,0,1718548628496,n/a,False
classification,RFECA_SVR(k=5),0.2,3,1,93,24,0,1718549510896,training_fold_X.corr(),False
classification,RFECA_SVR(k=5),0.2,3,2,93,24,0,1718549831632,training_fold_X.corr(),False
classification,RFECA_SVR(k=5),0.2,3,3,94,23,0,1718550152592,training_fold_X.corr(),False
classification,RFECA_SVR(k=5),0.2,3,4,94,23,0,1718550457360,training_fold_X.corr(),False
classification,RFECA_SVR(k=5),0.2,3,5,94,23,0,1718550827024,training_fold_X.corr(),False
classification,RFECA_SVR(k=10),0.2,3,1,93,24,0,1718551147504,training_fold_X.corr(),False
classification,RFECA_SVR(k=10),0.2,3,2,93,24,0,1718551484848,training_fold_X.corr(),False
classification,RFECA_SVR(k=10),0.2,3,3,94,23,0,1718551805104,training_fold_X.corr(),False
classification,RFECA_SVR(k=10),0.2,3,4,94,23,0,1718568739888,training_fold_X.corr(),False
classification,RFECA_SVR(k=10),0.2,3,5,94,23,0,1718569060624,training_fold_X.corr(),False
classification,RFECA_SVR(k=20),0.2,3,1,93,24,0,1718569364944,training_fold_X.corr(),False
classification,RFECA_SVR(k=20),0.2,3,2,93,24,0,1718569735504,training_fold_X.corr(),False
classification,RFECA_SVR(k=20),0.2,3,3,94,23,0,1718570053296,training_fold_X.corr(),False
classification,RFECA_SVR(k=20),0.2,3,4,94,23,0,1718570423184,training_fold_X.corr(),False
classification,RFECA_SVR(k=20),0.2,3,5,94,23,0,1718570743888,training_fold_X.corr(),False
classification,MissForest,0.2,3,1,93,24,0,1704324879760,n/a,False
classification,MissForest,0.2,3,2,93,24,0,1699628679248,n/a,False
classification,MissForest,0.2,3,3,94,23,0,1713097714064,n/a,False
classification,MissForest,0.2,3,4,94,23,0,1699440524048,n/a,False
classification,MissForest,0.2,3,5,94,23,0,1710320922256,n/a,False
imputation,SimpleMean,0.2,4,1,93,24,0,1717173518608,n/a,False
imputation,SimpleMean,0.2,4,2,93,24,0,1717504411984,n/a,False
imputation,SimpleMean,0.2,4,3,94,23,0,1716095829392,n/a,False
imputation,SimpleMean,0.2,4,4,94,23,0,1718898808336,n/a,False
imputation,SimpleMean,0.2,4,5,94,23,0,1718898808528,n/a,False
imputation,"KNN(k=5,dist)",0.2,4,1,93,24,0,1718898808720,n/a,False
imputation,"KNN(k=5,dist)",0.2,4,2,93,24,0,1718898809104,n/a,False
imputation,"KNN(k=5,dist)",0.2,4,3,94,23,0,1718898809488,n/a,False
imputation,"KNN(k=5,dist)",0.2,4,4,94,23,0,1718898808912,n/a,False
imputation,"KNN(k=5,dist)",0.2,4,5,94,23,0,1718898809296,n/a,False
imputation,RFECA_SVR(k=5),0.2,4,1,93,24,0,1718846700720,training_fold_X.corr(),False
imputation,RFECA_SVR(k=5),0.2,4,2,93,24,0,1718846700496,training_fold_X.corr(),False
imputation,RFECA_SVR(k=5),0.2,4,3,94,23,0,1718846701168,training_fold_X.corr(),False
imputation,RFECA_SVR(k=5),0.2,4,4,94,23,0,1718846698928,training_fold_X.corr(),False
imputation,RFECA_SVR(k=5),0.2,4,5,94,23,0,1718761204976,training_fold_X.corr(),False
imputation,RFECA_SVR(k=10),0.2,4,1,93,24,0,1718117063536,training_fold_X.corr(),False
imputation,RFECA_SVR(k=10),0.2,4,2,93,24,0,1718761205648,training_fold_X.corr(),False
imputation,RFECA_SVR(k=10),0.2,4,3,94,23,0,1718761198704,training_fold_X.corr(),False
imputation,RFECA_SVR(k=10),0.2,4,4,94,23,0,1718899030768,training_fold_X.corr(),False
imputation,RFECA_SVR(k=10),0.2,4,5,94,23,0,1718899031664,training_fold_X.corr(),False
imputation,RFECA_SVR(k=20),0.2,4,1,93,24,0,1718899030992,training_fold_X.corr(),False
imputation,RFECA_SVR(k=20),0.2,4,2,93,24,0,1718899025392,training_fold_X.corr(),False
imputation,RFECA_SVR(k=20),0.2,4,3,94,23,0,1718899024272,training_fold_X.corr(),False
imputation,RFECA_SVR(k=20),0.2,4,4,94,23,0,1718899024496,training_fold_X.corr(),False
imputation,RFECA_SVR(k=20),0.2,4,5,94,23,0,1718899024720,training_fold_X.corr(),False
imputation,MissForest,0.2,4,1,93,24,0,1699215388304,n/a,False
imputation,MissForest,0.2,4,2,93,24,0,1713097718544,n/a,False
imputation,MissForest,0.2,4,3,94,23,0,1707608158480,n/a,False
imputation,MissForest,0.2,4,4,94,23,0,1701519916112,n/a,False
imputation,MissForest,0.2,4,5,94,23,0,1713097715344,n/a,False
classification,SimpleMean,0.2,4,1,93,24,0,1719209041488,n/a,False
classification,SimpleMean,0.2,4,2,93,24,0,1719209041872,n/a,False
classification,SimpleMean,0.2,4,3,94,23,0,1719209179088,n/a,False
classification,SimpleMean,0.2,4,4,94,23,0,1719242592464,n/a,False
classification,SimpleMean,0.2,4,5,94,23,0,1719242926480,n/a,False
classification,"KNN(k=5,dist)",0.2,4,1,93,24,0,1719209036304,n/a,False
classification,"KNN(k=5,dist)",0.2,4,2,93,24,0,1719243561808,n/a,False
classification,"KNN(k=5,dist)",0.2,4,3,94,23,0,1719243863056,n/a,False
classification,"KNN(k=5,dist)",0.2,4,4,94,23,0,1719244164368,n/a,False
classification,"KNN(k=5,dist)",0.2,4,5,94,23,0,1719244482000,n/a,False
classification,RFECA_SVR(k=5),0.2,4,1,93,24,0,1719245426704,training_fold_X.corr(),False
classification,RFECA_SVR(k=5),0.2,4,2,93,24,0,1719245763792,training_fold_X.corr(),False
classification,RFECA_SVR(k=5),0.2,4,3,94,23,0,1719246101584,training_fold_X.corr(),False
classification,RFECA_SVR(k=5),0.2,4,4,94,23,0,1719246421168,training_fold_X.corr(),False
classification,RFECA_SVR(k=5),0.2,4,5,94,23,0,1719263339568,training_fold_X.corr(),False
classification,RFECA_SVR(k=10),0.2,4,1,93,24,0,1719263676912,training_fold_X.corr(),False
classification,RFECA_SVR(k=10),0.2,4,2,93,24,0,1719263998064,training_fold_X.corr(),False
classification,RFECA_SVR(k=10),0.2,4,3,94,23,0,1719264285808,training_fold_X.corr(),False
classification,RFECA_SVR(k=10),0.2,4,4,94,23,0,1719264622672,training_fold_X.corr(),False
classification,RFECA_SVR(k=10),0.2,4,5,94,23,0,1719264976400,training_fold_X.corr(),False
classification,RFECA_SVR(k=20),0.2,4,1,93,24,0,1719265330576,training_fold_X.corr(),False
classification,RFECA_SVR(k=20),0.2,4,2,93,24,0,1719265667216,training_fold_X.corr(),False
classification,RFECA_SVR(k=20),0.2,4,3,94,23,0,1719265985488,training_fold_X.corr(),False
classification,RFECA_SVR(k=20),0.2,4,4,94,23,0,1719266306192,training_fold_X.corr(),False
classification,RFECA_SVR(k=20),0.2,4,5,94,23,0,1719266660368,training_fold_X.corr(),False
classification,MissForest,0.2,4,1,93,24,0,1701519910032,n/a,False
classification,MissForest,0.2,4,2,93,24,0,1710320926096,n/a,False
classification,MissForest,0.2,4,3,94,23,0,1701519906192,n/a,False
classification,MissForest,0.2,4,4,94,23,0,1716602071440,n/a,False
classification,MissForest,0.2,4,5,94,23,0,1713097712464,n/a,False
imputation,SimpleMean,0.2,5,1,93,24,0,1719266404368,n/a,False
imputation,SimpleMean,0.2,5,2,93,24,0,1716460822288,n/a,False
imputation,SimpleMean,0.2,5,3,94,23,0,1699546648592,n/a,False
imputation,SimpleMean,0.2,5,4,94,23,0,1719578114000,n/a,False
imputation,SimpleMean,0.2,5,5,94,23,0,1719578114192,n/a,False
imputation,"KNN(k=5,dist)",0.2,5,1,93,24,0,1719578114384,n/a,False
imputation,"KNN(k=5,dist)",0.2,5,2,93,24,0,1719578114960,n/a,False
imputation,"KNN(k=5,dist)",0.2,5,3,94,23,0,1719578114576,n/a,False
imputation,"KNN(k=5,dist)",0.2,5,4,94,23,0,1719578114768,n/a,False
imputation,"KNN(k=5,dist)",0.2,5,5,94,23,0,1719578115152,n/a,False
imputation,RFECA_SVR(k=5),0.2,5,1,93,24,0,1718899028976,training_fold_X.corr(),False
imputation,RFECA_SVR(k=5),0.2,5,2,93,24,0,1719578361008,training_fold_X.corr(),False
imputation,RFECA_SVR(k=5),0.2,5,3,94,23,0,1719578360560,training_fold_X.corr(),False
imputation,RFECA_SVR(k=5),0.2,5,4,94,23,0,1719578360336,training_fold_X.corr(),False
imputation,RFECA_SVR(k=5),0.2,5,5,94,23,0,1719578360112,training_fold_X.corr(),False
imputation,RFECA_SVR(k=10),0.2,5,1,93,24,0,1719578359888,training_fold_X.corr(),False
imputation,RFECA_SVR(k=10),0.2,5,2,93,24,0,1719578359664,training_fold_X.corr(),False
imputation,RFECA_SVR(k=10),0.2,5,3,94,23,0,1719578359440,training_fold_X.corr(),False
imputation,RFECA_SVR(k=10),0.2,5,4,94,23,0,1719578358320,training_fold_X.corr(),False
imputation,RFECA_SVR(k=10),0.2,5,5,94,23,0,1719578356752,training_fold_X.corr(),False
imputation,RFECA_SVR(k=20),0.2,5,1,93,24,0,1719578358544,training_fold_X.corr(),False
imputation,RFECA_SVR(k=20),0.2,5,2,93,24,0,1719578356528,training_fold_X.corr(),False
imputation,RFECA_SVR(k=20),0.2,5,3,94,23,0,1719578356976,training_fold_X.corr(),False
imputation,RFECA_SVR(k=20),0.2,5,4,94,23,0,1719578357200,training_fold_X.corr(),False
imputation,RFECA_SVR(k=20),0.2,5,5,94,23,0,1719578357424,training_fold_X.corr(),False
imputation,MissForest,0.2,5,1,93,24,0,1704324877840,n/a,False
imputation,MissForest,0.2,5,2,93,24,0,1716602064400,n/a,False
imputation,MissForest,0.2,5,3,94,23,0,1710320926416,n/a,False
imputation,MissForest,0.2,5,4,94,23,0,1710320920656,n/a,False
imputation,MissForest,0.2,5,5,94,23,0,1713097707664,n/a,False
classification,SimpleMean,0.2,5,1,93,24,0,1719904993104,n/a,False
classification,SimpleMean,0.2,5,2,93,24,0,1719938285840,n/a,False
classification,SimpleMean,0.2,5,3,94,23,0,1719938308560,n/a,False
classification,SimpleMean,0.2,5,4,94,23,0,1719938560656,n/a,False
classification,SimpleMean,0.2,5,5,94,23,0,1719938894736,n/a,False
classification,"KNN(k=5,dist)",0.2,5,1,93,24,0,1719904980048,n/a,False
classification,"KNN(k=5,dist)",0.2,5,2,93,24,0,1719939546384,n/a,False
classification,"KNN(k=5,dist)",0.2,5,3,94,23,0,1719939831312,n/a,False
classification,"KNN(k=5,dist)",0.2,5,4,94,23,0,1719940165328,n/a,False
classification,"KNN(k=5,dist)",0.2,5,5,94,23,0,1719940499408,n/a,False
classification,RFECA_SVR(k=5),0.2,5,1,93,24,0,1719941393648,training_fold_X.corr(),False
classification,RFECA_SVR(k=5),0.2,5,2,93,24,0,1719941714608,training_fold_X.corr(),False
classification,RFECA_SVR(k=5),0.2,5,3,94,23,0,1719942052144,training_fold_X.corr(),False
classification,RFECA_SVR(k=5),0.2,5,4,94,23,0,1719942369744,training_fold_X.corr(),False
classification,RFECA_SVR(k=5),0.2,5,5,94,23,0,1719959270832,training_fold_X.corr(),False
classification,RFECA_SVR(k=10),0.2,5,1,93,24,0,1719959624560,training_fold_X.corr(),False
classification,RFECA_SVR(k=10),0.2,5,2,93,24,0,1719959978736,training_fold_X.corr(),False
classification,RFECA_SVR(k=10),0.2,5,3,94,23,0,1719960298992,training_fold_X.corr(),False
classification,RFECA_SVR(k=10),0.2,5,4,94,23,0,1719960636112,training_fold_X.corr(),False
classification,RFECA_SVR(k=10),0.2,5,5,94,23,0,1719960956816,training_fold_X.corr(),False
classification,RFECA_SVR(k=20),0.2,5,1,93,24,0,1719961327376,training_fold_X.corr(),False
classification,RFECA_SVR(k=20),0.2,5,2,93,24,0,1719961680400,training_fold_X.corr(),False
classification,RFECA_SVR(k=20),0.2,5,3,94,23,0,1719961984752,training_fold_X.corr(),False
classification,RFECA_SVR(k=20),0.2,5,4,94,23,0,1719962338480,training_fold_X.corr(),False
classification,RFECA_SVR(k=20),0.2,5,5,94,23,0,1719962676016,training_fold_X.corr(),False
classification,MissForest,0.2,5,1,93,24,0,1716602075280,n/a,False
classification,MissForest,0.2,5,2,93,24,0,1716602076880,n/a,False
classification,MissForest,0.2,5,3,94,23,0,1716602068880,n/a,False
classification,MissForest,0.2,5,4,94,23,0,1716602074320,n/a,False
classification,MissForest,0.2,5,5,94,23,0,1716602061200,n/a,False
imputation,SimpleMean,0.2,6,1,93,24,0,1719962421776,n/a,False
imputation,SimpleMean,0.2,6,2,93,24,0,1718570485328,n/a,False
imputation,SimpleMean,0.2,6,3,94,23,0,1699627568400,n/a,False
imputation,SimpleMean,0.2,6,4,94,23,0,1720274180560,n/a,False
imputation,SimpleMean,0.2,6,5,94,23,0,1720274180752,n/a,False
imputation,"KNN(k=5,dist)",0.2,6,1,93,24,0,1720274180944,n/a,False
imputation,"KNN(k=5,dist)",0.2,6,2,93,24,0,1720274181520,n/a,False
imputation,"KNN(k=5,dist)",0.2,6,3,94,23,0,1720274181136,n/a,False
imputation,"KNN(k=5,dist)",0.2,6,4,94,23,0,1720274181328,n/a,False
imputation,"KNN(k=5,dist)",0.2,6,5,94,23,0,1720274181712,n/a,False
imputation,RFECA_SVR(k=5),0.2,6,1,93,24,0,1720222100720,training_fold_X.corr(),False
imputation,RFECA_SVR(k=5),0.2,6,2,93,24,0,1719336057136,training_fold_X.corr(),False
imputation,RFECA_SVR(k=5),0.2,6,3,94,23,0,1720084264592,training_fold_X.corr(),False
imputation,RFECA_SVR(k=5),0.2,6,4,94,23,0,1720222100496,training_fold_X.corr(),False
imputation,RFECA_SVR(k=5),0.2,6,5,94,23,0,1720084263696,training_fold_X.corr(),False
imputation,RFECA_SVR(k=10),0.2,6,1,93,24,0,1720307605456,training_fold_X.corr(),False
imputation,RFECA_SVR(k=10),0.2,6,2,93,24,0,1720307605232,training_fold_X.corr(),False
imputation,RFECA_SVR(k=10),0.2,6,3,94,23,0,1720307599856,training_fold_X.corr(),False
imputation,RFECA_SVR(k=10),0.2,6,4,94,23,0,1720307602320,training_fold_X.corr(),False
imputation,RFECA_SVR(k=10),0.2,6,5,94,23,0,1720307602096,training_fold_X.corr(),False
imputation,RFECA_SVR(k=20),0.2,6,1,93,24,0,1720307601872,training_fold_X.corr(),False
imputation,RFECA_SVR(k=20),0.2,6,2,93,24,0,1720307601648,training_fold_X.corr(),False
imputation,RFECA_SVR(k=20),0.2,6,3,94,23,0,1720307601424,training_fold_X.corr(),False
imputation,RFECA_SVR(k=20),0.2,6,4,94,23,0,1720307601200,training_fold_X.corr(),False
imputation,RFECA_SVR(k=20),0.2,6,5,94,23,0,1720307600976,training_fold_X.corr(),False
imputation,MissForest,0.2,6,1,93,24,0,1704324883920,n/a,False
imputation,MissForest,0.2,6,2,93,24,0,1707608156560,n/a,False
imputation,MissForest,0.2,6,3,94,23,0,1713097719504,n/a,False
imputation,MissForest,0.2,6,4,94,23,0,1707608154320,n/a,False
imputation,MissForest,0.2,6,5,94,23,0,1719784541392,n/a,False
classification,SimpleMean,0.2,6,1,93,24,0,1720618230288,n/a,False
classification,SimpleMean,0.2,6,2,93,24,0,1720618230672,n/a,False
classification,SimpleMean,0.2,6,3,94,23,0,1720618367888,n/a,False
classification,SimpleMean,0.2,6,4,94,23,0,1720618685584,n/a,False
classification,SimpleMean,0.2,6,5,94,23,0,1720619019600,n/a,False
classification,"KNN(k=5,dist)",0.2,6,1,93,24,0,1720618225104,n/a,False
classification,"KNN(k=5,dist)",0.2,6,2,93,24,0,1720636251920,n/a,False
classification,"KNN(k=5,dist)",0.2,6,3,94,23,0,1720636585936,n/a,False
classification,"KNN(k=5,dist)",0.2,6,4,94,23,0,1720636887248,n/a,False
classification,"KNN(k=5,dist)",0.2,6,5,94,23,0,1720637221264,n/a,False
classification,RFECA_SVR(k=5),0.2,6,1,93,24,0,1720638094960,training_fold_X.corr(),False
classification,RFECA_SVR(k=5),0.2,6,2,93,24,0,1720638432976,training_fold_X.corr(),False
classification,RFECA_SVR(k=5),0.2,6,3,94,23,0,1720638787152,training_fold_X.corr(),False
classification,RFECA_SVR(k=5),0.2,6,4,94,23,0,1720655671632,training_fold_X.corr(),False
classification,RFECA_SVR(k=5),0.2,6,5,94,23,0,1720656006064,training_fold_X.corr(),False
classification,RFECA_SVR(k=10),0.2,6,1,93,24,0,1720656343152,training_fold_X.corr(),False
classification,RFECA_SVR(k=10),0.2,6,2,93,24,0,1720656680944,training_fold_X.corr(),False
classification,RFECA_SVR(k=10),0.2,6,3,94,23,0,1720657033968,training_fold_X.corr(),False
classification,RFECA_SVR(k=10),0.2,6,4,94,23,0,1720657338320,training_fold_X.corr(),False
classification,RFECA_SVR(k=10),0.2,6,5,94,23,0,1720657708432,training_fold_X.corr(),False
classification,RFECA_SVR(k=20),0.2,6,1,93,24,0,1720658013200,training_fold_X.corr(),False
classification,RFECA_SVR(k=20),0.2,6,2,93,24,0,1720658350096,training_fold_X.corr(),False
classification,RFECA_SVR(k=20),0.2,6,3,94,23,0,1720658686960,training_fold_X.corr(),False
classification,RFECA_SVR(k=20),0.2,6,4,94,23,0,1720659057072,training_fold_X.corr(),False
classification,RFECA_SVR(k=20),0.2,6,5,94,23,0,1720659377328,training_fold_X.corr(),False
classification,MissForest,0.2,6,1,93,24,0,1716602075600,n/a,False
classification,MissForest,0.2,6,2,93,24,0,1701519909392,n/a,False
classification,MissForest,0.2,6,3,94,23,0,1701519905872,n/a,False
classification,MissForest,0.2,6,4,94,23,0,1707608154960,n/a,False
classification,MissForest,0.2,6,5,94,23,0,1713097708944,n/a,False
imputation,SimpleMean,0.2,7,1,93,24,0,1720659110864,n/a,False
imputation,SimpleMean,0.2,7,2,93,24,0,1717852889808,n/a,False
imputation,SimpleMean,0.2,7,3,94,23,0,1701195487312,n/a,False
imputation,SimpleMean,0.2,7,4,94,23,0,1721004047248,n/a,False
imputation,SimpleMean,0.2,7,5,94,23,0,1721004047440,n/a,False
imputation,"KNN(k=5,dist)",0.2,7,1,93,24,0,1721004047632,n/a,False
imputation,"KNN(k=5,dist)",0.2,7,2,93,24,0,1721004048208,n/a,False
imputation,"KNN(k=5,dist)",0.2,7,3,94,23,0,1721004047824,n/a,False
imputation,"KNN(k=5,dist)",0.2,7,4,94,23,0,1721004048016,n/a,False
imputation,"KNN(k=5,dist)",0.2,7,5,94,23,0,1721004851280,n/a,False
imputation,RFECA_SVR(k=5),0.2,7,1,93,24,0,1720307604560,training_fold_X.corr(),False
imputation,RFECA_SVR(k=5),0.2,7,2,93,24,0,1720657338096,training_fold_X.corr(),False
imputation,RFECA_SVR(k=5),0.2,7,3,94,23,0,1720918768368,training_fold_X.corr(),False
imputation,RFECA_SVR(k=5),0.2,7,4,94,23,0,1720866471312,training_fold_X.corr(),False
imputation,RFECA_SVR(k=5),0.2,7,5,94,23,0,1720918767696,training_fold_X.corr(),False
imputation,RFECA_SVR(k=10),0.2,7,1,93,24,0,1721004291504,training_fold_X.corr(),False
imputation,RFECA_SVR(k=10),0.2,7,2,93,24,0,1721004291280,training_fold_X.corr(),False
imputation,RFECA_SVR(k=10),0.2,7,3,94,23,0,1721004291056,training_fold_X.corr(),False
imputation,RFECA_SVR(k=10),0.2,7,4,94,23,0,1721004286128,training_fold_X.corr(),False
imputation,RFECA_SVR(k=10),0.2,7,5,94,23,0,1721004285904,training_fold_X.corr(),False
imputation,RFECA_SVR(k=20),0.2,7,1,93,24,0,1721004288368,training_fold_X.corr(),False
imputation,RFECA_SVR(k=20),0.2,7,2,93,24,0,1721004288144,training_fold_X.corr(),False
imputation,RFECA_SVR(k=20),0.2,7,3,94,23,0,1721004287920,training_fold_X.corr(),False
imputation,RFECA_SVR(k=20),0.2,7,4,94,23,0,1721004287696,training_fold_X.corr(),False
imputation,RFECA_SVR(k=20),0.2,7,5,94,23,0,1721004287472,training_fold_X.corr(),False
imputation,MissForest,0.2,7,1,93,24,0,1704324874640,n/a,False
imputation,MissForest,0.2,7,2,93,24,0,1719784553872,n/a,False
imputation,MissForest,0.2,7,3,94,23,0,1716602075920,n/a,False
imputation,MissForest,0.2,7,4,94,23,0,1716602063440,n/a,False
imputation,MissForest,0.2,7,5,94,23,0,1716602070800,n/a,False
classification,SimpleMean,0.2,7,1,93,24,0,1721314411536,n/a,False
classification,SimpleMean,0.2,7,2,93,24,0,1721314411152,n/a,False
classification,SimpleMean,0.2,7,3,94,23,0,1721314532752,n/a,False
classification,SimpleMean,0.2,7,4,94,23,0,1721314768464,n/a,False
classification,SimpleMean,0.2,7,5,94,23,0,1721331666768,n/a,False
classification,"KNN(k=5,dist)",0.2,7,1,93,24,0,1721314377808,n/a,False
classification,"KNN(k=5,dist)",0.2,7,2,93,24,0,1721332580624,n/a,False
classification,"KNN(k=5,dist)",0.2,7,3,94,23,0,1721332636112,n/a,False
classification,"KNN(k=5,dist)",0.2,7,4,94,23,0,1721332953744,n/a,False
classification,"KNN(k=5,dist)",0.2,7,5,94,23,0,1721333271440,n/a,False
classification,RFECA_SVR(k=5),0.2,7,1,93,24,0,1721334175504,training_fold_X.corr(),False
classification,RFECA_SVR(k=5),0.2,7,2,93,24,0,1721334479824,training_fold_X.corr(),False
classification,RFECA_SVR(k=5),0.2,7,3,94,23,0,1721351398224,training_fold_X.corr(),False
classification,RFECA_SVR(k=5),0.2,7,4,94,23,0,1721351751504,training_fold_X.corr(),False
classification,RFECA_SVR(k=5),0.2,7,5,94,23,0,1721352071984,training_fold_X.corr(),False
classification,RFECA_SVR(k=10),0.2,7,1,93,24,0,1721352406640,training_fold_X.corr(),False
classification,RFECA_SVR(k=10),0.2,7,2,93,24,0,1721352760560,training_fold_X.corr(),False
classification,RFECA_SVR(k=10),0.2,7,3,94,23,0,1721353064688,training_fold_X.corr(),False
classification,RFECA_SVR(k=10),0.2,7,4,94,23,0,1721353385168,training_fold_X.corr(),False
classification,RFECA_SVR(k=10),0.2,7,5,94,23,0,1721353738896,training_fold_X.corr(),False
classification,RFECA_SVR(k=20),0.2,7,1,93,24,0,1721354075536,training_fold_X.corr(),False
classification,RFECA_SVR(k=20),0.2,7,2,93,24,0,1721354429712,training_fold_X.corr(),False
classification,RFECA_SVR(k=20),0.2,7,3,94,23,0,1721354766832,training_fold_X.corr(),False
classification,RFECA_SVR(k=20),0.2,7,4,94,23,0,1721355087536,training_fold_X.corr(),False
classification,RFECA_SVR(k=20),0.2,7,5,94,23,0,1721355441712,training_fold_X.corr(),False
classification,MissForest,0.2,7,1,93,24,0,1707608153040,n/a,False
classification,MissForest,0.2,7,2,93,24,0,1710320923536,n/a,False
classification,MissForest,0.2,7,3,94,23,0,1719784543952,n/a,False
classification,MissForest,0.2,7,4,94,23,0,1721125307728,n/a,False
classification,MissForest,0.2,7,5,94,23,0,1719784538832,n/a,False
imputation,SimpleMean,0.2,8,1,93,24,0,1719959718032,n/a,False
imputation,SimpleMean,0.2,8,2,93,24,0,1718551233936,n/a,False
imputation,SimpleMean,0.2,8,3,94,23,0,1699503281104,n/a,False
imputation,SimpleMean,0.2,8,4,94,23,0,1721683549584,n/a,False
imputation,SimpleMean,0.2,8,5,94,23,0,1721683549776,n/a,False
imputation,"KNN(k=5,dist)",0.2,8,1,93,24,0,1721683549968,n/a,False
imputation,"KNN(k=5,dist)",0.2,8,2,93,24,0,1721683550160,n/a,False
imputation,"KNN(k=5,dist)",0.2,8,3,94,23,0,1721683550544,n/a,False
imputation,"KNN(k=5,dist)",0.2,8,4,94,23,0,1721683550736,n/a,False
imputation,"KNN(k=5,dist)",0.2,8,5,94,23,0,1721683550352,n/a,False
imputation,RFECA_SVR(k=5),0.2,8,1,93,24,0,1720866461008,training_fold_X.corr(),False
imputation,RFECA_SVR(k=5),0.2,8,2,93,24,0,1721545962480,training_fold_X.corr(),False
imputation,RFECA_SVR(k=5),0.2,8,3,94,23,0,1721683753712,training_fold_X.corr(),False
imputation,RFECA_SVR(k=5),0.2,8,4,94,23,0,1721683752816,training_fold_X.corr(),False
imputation,RFECA_SVR(k=5),0.2,8,5,94,23,0,1721683752592,training_fold_X.corr(),False
imputation,RFECA_SVR(k=10),0.2,8,1,93,24,0,1721683753040,training_fold_X.corr(),False
imputation,RFECA_SVR(k=10),0.2,8,2,93,24,0,1721683752368,training_fold_X.corr(),False
imputation,RFECA_SVR(k=10),0.2,8,3,94,23,0,1721683752144,training_fold_X.corr(),False
imputation,RFECA_SVR(k=10),0.2,8,4,94,23,0,1721683751920,training_fold_X.corr(),False
imputation,RFECA_SVR(k=10),0.2,8,5,94,23,0,1721683751696,training_fold_X.corr(),False
imputation,RFECA_SVR(k=20),0.2,8,1,93,24,0,1721683751472,training_fold_X.corr(),False
imputation,RFECA_SVR(k=20),0.2,8,2,93,24,0,1721683751248,training_fold_X.corr(),False
imputation,RFECA_SVR(k=20),0.2,8,3,94,23,0,1721683753264,training_fold_X.corr(),False
imputation,RFECA_SVR(k=20),0.2,8,4,94,23,0,1721683753936,training_fold_X.corr(),False
imputation,RFECA_SVR(k=20),0.2,8,5,94,23,0,1721683754160,training_fold_X.corr(),False
imputation,MissForest,0.2,8,1,93,24,0,1701519908432,n/a,False
imputation,MissForest,0.2,8,2,93,24,0,1719784542352,n/a,False
imputation,MissForest,0.2,8,3,94,23,0,1719784551312,n/a,False
imputation,MissForest,0.2,8,4,94,23,0,1719784550352,n/a,False
imputation,MissForest,0.2,8,5,94,23,0,1721125306448,n/a,False
classification,SimpleMean,0.2,8,1,93,24,0,1721993848272,n/a,False
classification,SimpleMean,0.2,8,2,93,24,0,1721993848464,n/a,False
classification,SimpleMean,0.2,8,3,94,23,0,1721993985872,n/a,False
classification,SimpleMean,0.2,8,4,94,23,0,1722027415632,n/a,False
classification,SimpleMean,0.2,8,5,94,23,0,1722027733264,n/a,False
classification,"KNN(k=5,dist)",0.2,8,1,93,24,0,1721993839056,n/a,False
classification,"KNN(k=5,dist)",0.2,8,2,93,24,0,1722028368592,n/a,False
classification,"KNN(k=5,dist)",0.2,8,3,94,23,0,1722028669840,n/a,False
classification,"KNN(k=5,dist)",0.2,8,4,94,23,0,1722029003920,n/a,False
classification,"KNN(k=5,dist)",0.2,8,5,94,23,0,1722029321552,n/a,False
classification,RFECA_SVR(k=5),0.2,8,1,93,24,0,1722030238512,training_fold_X.corr(),False
classification,RFECA_SVR(k=5),0.2,8,2,93,24,0,1722047156464,training_fold_X.corr(),False
classification,RFECA_SVR(k=5),0.2,8,3,94,23,0,1722047510384,training_fold_X.corr(),False
classification,RFECA_SVR(k=5),0.2,8,4,94,23,0,1722047830896,training_fold_X.corr(),False
classification,RFECA_SVR(k=5),0.2,8,5,94,23,0,1722048150704,training_fold_X.corr(),False
classification,RFECA_SVR(k=10),0.2,8,1,93,24,0,1722048505104,training_fold_X.corr(),False
classification,RFECA_SVR(k=10),0.2,8,2,93,24,0,1722048826512,training_fold_X.corr(),False
classification,RFECA_SVR(k=10),0.2,8,3,94,23,0,1722049163152,training_fold_X.corr(),False
classification,RFECA_SVR(k=10),0.2,8,4,94,23,0,1722049483888,training_fold_X.corr(),False
classification,RFECA_SVR(k=10),0.2,8,5,94,23,0,1722049818064,training_fold_X.corr(),False
classification,RFECA_SVR(k=20),0.2,8,1,93,24,0,1722050172240,training_fold_X.corr(),False
classification,RFECA_SVR(k=20),0.2,8,2,93,24,0,1722050476112,training_fold_X.corr(),False
classification,RFECA_SVR(k=20),0.2,8,3,94,23,0,1722050764080,training_fold_X.corr(),False
classification,RFECA_SVR(k=20),0.2,8,4,94,23,0,1722067747568,training_fold_X.corr(),False
classification,RFECA_SVR(k=20),0.2,8,5,94,23,0,1722068052336,training_fold_X.corr(),False
classification,MissForest,0.2,8,1,93,24,0,1707608156240,n/a,False
classification,MissForest,0.2,8,2,93,24,0,1713097707024,n/a,False
classification,MissForest,0.2,8,3,94,23,0,1719784549392,n/a,False
classification,MissForest,0.2,8,4,94,23,0,1719784544912,n/a,False
classification,MissForest,0.2,8,5,94,23,0,1719784544272,n/a,False
imputation,SimpleMean,0.2,9,1,93,24,0,1722067824528,n/a,False
imputation,SimpleMean,0.2,9,2,93,24,0,1719263717008,n/a,False
imputation,SimpleMean,0.2,9,3,94,23,0,1721003967120,n/a,False
imputation,SimpleMean,0.2,9,4,94,23,0,1722379044432,n/a,False
imputation,SimpleMean,0.2,9,5,94,23,0,1722379731024,n/a,False
imputation,"KNN(k=5,dist)",0.2,9,1,93,24,0,1722379731216,n/a,False
imputation,"KNN(k=5,dist)",0.2,9,2,93,24,0,1722379731408,n/a,False
imputation,"KNN(k=5,dist)",0.2,9,3,94,23,0,1722379731600,n/a,False
imputation,"KNN(k=5,dist)",0.2,9,4,94,23,0,1722379731792,n/a,False
imputation,"KNN(k=5,dist)",0.2,9,5,94,23,0,1722379731984,n/a,False
imputation,RFECA_SVR(k=5),0.2,9,1,93,24,0,1722241603792,training_fold_X.corr(),False
imputation,RFECA_SVR(k=5),0.2,9,2,93,24,0,1722241605808,training_fold_X.corr(),False
imputation,RFECA_SVR(k=5),0.2,9,3,94,23,0,1722327052176,training_fold_X.corr(),False
imputation,RFECA_SVR(k=5),0.2,9,4,94,23,0,1722327052400,training_fold_X.corr(),False
imputation,RFECA_SVR(k=5),0.2,9,5,94,23,0,1722327052624,training_fold_X.corr(),False
imputation,RFECA_SVR(k=10),0.2,9,1,93,24,0,1722327052848,training_fold_X.corr(),False
imputation,RFECA_SVR(k=10),0.2,9,2,93,24,0,1721683753488,training_fold_X.corr(),False
imputation,RFECA_SVR(k=10),0.2,9,3,94,23,0,1722327051952,training_fold_X.corr(),False
imputation,RFECA_SVR(k=10),0.2,9,4,94,23,0,1722327051728,training_fold_X.corr(),False
imputation,RFECA_SVR(k=10),0.2,9,5,94,23,0,1722379365616,training_fold_X.corr(),False
imputation,RFECA_SVR(k=20),0.2,9,1,93,24,0,1722379369872,training_fold_X.corr(),False
imputation,RFECA_SVR(k=20),0.2,9,2,93,24,0,1722379365392,training_fold_X.corr(),False
imputation,RFECA_SVR(k=20),0.2,9,3,94,23,0,1722379369648,training_fold_X.corr(),False
imputation,RFECA_SVR(k=20),0.2,9,4,94,23,0,1722379369424,training_fold_X.corr(),False
imputation,RFECA_SVR(k=20),0.2,9,5,94,23,0,1722379369200,training_fold_X.corr(),False
imputation,MissForest,0.2,9,1,93,24,0,1699628691088,n/a,False
imputation,MissForest,0.2,9,2,93,24,0,1699440509648,n/a,False
imputation,MissForest,0.2,9,3,94,23,0,1719784546832,n/a,False
imputation,MissForest,0.2,9,4,94,23,0,1719784540432,n/a,False
imputation,MissForest,0.2,9,5,94,23,0,1713097709584,n/a,False
classification,SimpleMean,0.2,9,1,93,24,0,1722689587152,n/a,False
classification,SimpleMean,0.2,9,2,93,24,0,1722689587344,n/a,False
classification,SimpleMean,0.2,9,3,94,23,0,1722689675600,n/a,False
classification,SimpleMean,0.2,9,4,94,23,0,1722723121680,n/a,False
classification,SimpleMean,0.2,9,5,94,23,0,1722723455760,n/a,False
classification,"KNN(k=5,dist)",0.2,9,1,93,24,0,1722689586000,n/a,False
classification,"KNN(k=5,dist)",0.2,9,2,93,24,0,1722724091088,n/a,False
classification,"KNN(k=5,dist)",0.2,9,3,94,23,0,1722724392336,n/a,False
classification,"KNN(k=5,dist)",0.2,9,4,94,23,0,1722724709968,n/a,False
classification,"KNN(k=5,dist)",0.2,9,5,94,23,0,1722725027664,n/a,False
classification,RFECA_SVR(k=5),0.2,9,1,93,24,0,1722725882288,training_fold_X.corr(),False
classification,RFECA_SVR(k=5),0.2,9,2,93,24,0,1722726235760,training_fold_X.corr(),False
classification,RFECA_SVR(k=5),0.2,9,3,94,23,0,1722726573552,training_fold_X.corr(),False
classification,RFECA_SVR(k=5),0.2,9,4,94,23,0,1722726926832,training_fold_X.corr(),False
classification,RFECA_SVR(k=5),0.2,9,5,94,23,0,1722743827920,training_fold_X.corr(),False
classification,RFECA_SVR(k=10),0.2,9,1,93,24,0,1722744148880,training_fold_X.corr(),False
classification,RFECA_SVR(k=10),0.2,9,2,93,24,0,1722744486416,training_fold_X.corr(),False
classification,RFECA_SVR(k=10),0.2,9,3,94,23,0,1722744823312,training_fold_X.corr(),False
classification,RFECA_SVR(k=10),0.2,9,4,94,23,0,1722745176816,training_fold_X.corr(),False
classification,RFECA_SVR(k=10),0.2,9,5,94,23,0,1722745497520,training_fold_X.corr(),False
classification,RFECA_SVR(k=20),0.2,9,1,93,24,0,1722745851696,training_fold_X.corr(),False
classification,RFECA_SVR(k=20),0.2,9,2,93,24,0,1722746188336,training_fold_X.corr(),False
classification,RFECA_SVR(k=20),0.2,9,3,94,23,0,1722746541840,training_fold_X.corr(),False
classification,RFECA_SVR(k=20),0.2,9,4,94,23,0,1722746846160,training_fold_X.corr(),False
classification,RFECA_SVR(k=20),0.2,9,5,94,23,0,1722747200336,training_fold_X.corr(),False
classification,MissForest,0.2,9,1,93,24,0,1713097715984,n/a,False
classification,MissForest,0.2,9,2,93,24,0,1701519907472,n/a,False
classification,MissForest,0.2,9,3,94,23,0,1713097711824,n/a,False
classification,MissForest,0.2,9,4,94,23,0,1713097710864,n/a,False
classification,MissForest,0.2,9,5,94,23,0,1713097706064,n/a,False
imputation,SimpleMean,0.3,0,1,93,24,0,1722746950032,n/a,False
imputation,SimpleMean,0.3,0,2,93,24,0,1721355177424,n/a,False
imputation,SimpleMean,0.3,0,3,94,23,0,1721683510288,n/a,False
imputation,SimpleMean,0.3,0,4,94,23,0,1723058659664,n/a,False
imputation,SimpleMean,0.3,0,5,94,23,0,1723058659856,n/a,False
imputation,"KNN(k=5,dist)",0.3,0,1,93,24,0,1723058660048,n/a,False
imputation,"KNN(k=5,dist)",0.3,0,2,93,24,0,1723058660624,n/a,False
imputation,"KNN(k=5,dist)",0.3,0,3,94,23,0,1723058660240,n/a,False
imputation,"KNN(k=5,dist)",0.3,0,4,94,23,0,1723058660816,n/a,False
imputation,"KNN(k=5,dist)",0.3,0,5,94,23,0,1723058660432,n/a,False
imputation,RFECA_SVR(k=5),0.3,0,1,93,24,0,1722379370096,training_fold_X.corr(),False
imputation,RFECA_SVR(k=5),0.3,0,2,93,24,0,1723058895600,training_fold_X.corr(),False
imputation,RFECA_SVR(k=5),0.3,0,3,94,23,0,1723058895824,training_fold_X.corr(),False
imputation,RFECA_SVR(k=5),0.3,0,4,94,23,0,1723058893808,training_fold_X.corr(),False
imputation,RFECA_SVR(k=5),0.3,0,5,94,23,0,1723058894256,training_fold_X.corr(),False
imputation,RFECA_SVR(k=10),0.3,0,1,93,24,0,1723058894480,training_fold_X.corr(),False
imputation,RFECA_SVR(k=10),0.3,0,2,93,24,0,1723058894704,training_fold_X.corr(),False
imputation,RFECA_SVR(k=10),0.3,0,3,94,23,0,1723058894928,training_fold_X.corr(),False
imputation,RFECA_SVR(k=10),0.3,0,4,94,23,0,1723058895152,training_fold_X.corr(),False
imputation,RFECA_SVR(k=10),0.3,0,5,94,23,0,1723058895376,training_fold_X.corr(),False
imputation,RFECA_SVR(k=20),0.3,0,1,93,24,0,1723058894032,training_fold_X.corr(),False
imputation,RFECA_SVR(k=20),0.3,0,2,93,24,0,1723058896048,training_fold_X.corr(),False
imputation,RFECA_SVR(k=20),0.3,0,3,94,23,0,1723058925232,training_fold_X.corr(),False
imputation,RFECA_SVR(k=20),0.3,0,4,94,23,0,1723058925008,training_fold_X.corr(),False
imputation,RFECA_SVR(k=20),0.3,0,5,94,23,0,1723058914256,training_fold_X.corr(),False
imputation,MissForest,0.3,0,1,93,24,0,1701519902032,n/a,False
imputation,MissForest,0.3,0,2,93,24,0,1719784550032,n/a,False
imputation,MissForest,0.3,0,3,94,23,0,1719784541712,n/a,False
imputation,MissForest,0.3,0,4,94,23,0,1719784545872,n/a,False
imputation,MissForest,0.3,0,5,94,23,0,1716602073360,n/a,False
classification,SimpleMean,0.3,0,1,93,24,0,1723368941968,n/a,False
classification,SimpleMean,0.3,0,2,93,24,0,1723368942544,n/a,False
classification,SimpleMean,0.3,0,3,94,23,0,1723369063248,n/a,False
classification,SimpleMean,0.3,0,4,94,23,0,1723369315344,n/a,False
classification,SimpleMean,0.3,0,5,94,23,0,1723369649360,n/a,False
classification,"KNN(k=5,dist)",0.3,0,1,93,24,0,1723368932752,n/a,False
classification,"KNN(k=5,dist)",0.3,0,2,93,24,0,1723386865296,n/a,False
classification,"KNN(k=5,dist)",0.3,0,3,94,23,0,1723387199312,n/a,False
classification,"KNN(k=5,dist)",0.3,0,4,94,23,0,1723387484240,n/a,False
classification,"KNN(k=5,dist)",0.3,0,5,94,23,0,1723387834640,n/a,False
classification,RFECA_SVR(k=5),0.3,0,1,93,24,0,1723388737840,training_fold_X.corr(),False
classification,RFECA_SVR(k=5),0.3,0,2,93,24,0,1723389075184,training_fold_X.corr(),False
classification,RFECA_SVR(k=5),0.3,0,3,94,23,0,1723389445744,training_fold_X.corr(),False
classification,RFECA_SVR(k=5),0.3,0,4,94,23,0,1723389746480,training_fold_X.corr(),False
classification,RFECA_SVR(k=5),0.3,0,5,94,23,0,1723390066064,training_fold_X.corr(),False
classification,RFECA_SVR(k=10),0.3,0,1,93,24,0,1723390404304,training_fold_X.corr(),False
classification,RFECA_SVR(k=10),0.3,0,2,93,24,0,1723390725712,training_fold_X.corr(),False
classification,RFECA_SVR(k=10),0.3,0,3,94,23,0,1723407642960,training_fold_X.corr(),False
classification,RFECA_SVR(k=10),0.3,0,4,94,23,0,1723407963696,training_fold_X.corr(),False
classification,RFECA_SVR(k=10),0.3,0,5,94,23,0,1723408284400,training_fold_X.corr(),False
classification,RFECA_SVR(k=20),0.3,0,1,93,24,0,1723408654960,training_fold_X.corr(),False
classification,RFECA_SVR(k=20),0.3,0,2,93,24,0,1723408959088,training_fold_X.corr(),False
classification,RFECA_SVR(k=20),0.3,0,3,94,23,0,1723409295952,training_fold_X.corr(),False
classification,RFECA_SVR(k=20),0.3,0,4,94,23,0,1723409567760,training_fold_X.corr(),False
classification,RFECA_SVR(k=20),0.3,0,5,94,23,0,1723409987216,training_fold_X.corr(),False
classification,MissForest,0.3,0,1,93,24,0,1710320924176,n/a,False
classification,MissForest,0.3,0,2,93,24,0,1713097711504,n/a,False
classification,MissForest,0.3,0,3,94,23,0,1710320920976,n/a,False
classification,MissForest,0.3,0,4,94,23,0,1716602070480,n/a,False
classification,MissForest,0.3,0,5,94,23,0,1710320924816,n/a,False
imputation,SimpleMean,0.3,1,1,93,24,0,1723409740624,n/a,False
imputation,SimpleMean,0.3,1,2,93,24,0,1720656407120,n/a,False
imputation,SimpleMean,0.3,1,3,94,23,0,1722379157328,n/a,False
imputation,SimpleMean,0.3,1,4,94,23,0,1723704935248,n/a,False
imputation,SimpleMean,0.3,1,5,94,23,0,1723704935440,n/a,False
imputation,"KNN(k=5,dist)",0.3,1,1,93,24,0,1723704935632,n/a,False
imputation,"KNN(k=5,dist)",0.3,1,2,93,24,0,1723704936208,n/a,False
imputation,"KNN(k=5,dist)",0.3,1,3,94,23,0,1723704935824,n/a,False
imputation,"KNN(k=5,dist)",0.3,1,4,94,23,0,1723704936016,n/a,False
imputation,"KNN(k=5,dist)",0.3,1,5,94,23,0,1723704936400,n/a,False
imputation,RFECA_SVR(k=5),0.3,1,1,93,24,0,1723409567088,training_fold_X.corr(),False
imputation,RFECA_SVR(k=5),0.3,1,2,93,24,0,1722954251440,training_fold_X.corr(),False
imputation,RFECA_SVR(k=5),0.3,1,3,94,23,0,1723636281680,training_fold_X.corr(),False
imputation,RFECA_SVR(k=5),0.3,1,4,94,23,0,1723583947376,training_fold_X.corr(),False
imputation,RFECA_SVR(k=5),0.3,1,5,94,23,0,1723636280112,training_fold_X.corr(),False
imputation,RFECA_SVR(k=10),0.3,1,1,93,24,0,1723705191440,training_fold_X.corr(),False
imputation,RFECA_SVR(k=10),0.3,1,2,93,24,0,1723705191216,training_fold_X.corr(),False
imputation,RFECA_SVR(k=10),0.3,1,3,94,23,0,1723705190992,training_fold_X.corr(),False
imputation,RFECA_SVR(k=10),0.3,1,4,94,23,0,1723705186288,training_fold_X.corr(),False
imputation,RFECA_SVR(k=10),0.3,1,5,94,23,0,1723705185840,training_fold_X.corr(),False
imputation,RFECA_SVR(k=20),0.3,1,1,93,24,0,1723705186064,training_fold_X.corr(),False
imputation,RFECA_SVR(k=20),0.3,1,2,93,24,0,1723705188528,training_fold_X.corr(),False
imputation,RFECA_SVR(k=20),0.3,1,3,94,23,0,1723705188304,training_fold_X.corr(),False
imputation,RFECA_SVR(k=20),0.3,1,4,94,23,0,1723705188080,training_fold_X.corr(),False
imputation,RFECA_SVR(k=20),0.3,1,5,94,23,0,1723705187856,training_fold_X.corr(),False
imputation,MissForest,0.3,1,1,93,24,0,1710320912656,n/a,False
imputation,MissForest,0.3,1,2,93,24,0,1710320922576,n/a,False
imputation,MissForest,0.3,1,3,94,23,0,1707608159120,n/a,False
imputation,MissForest,0.3,1,4,94,23,0,1713097715024,n/a,False
imputation,MissForest,0.3,1,5,94,23,0,1719784547792,n/a,False
classification,SimpleMean,0.3,1,1,93,24,0,1723999570832,n/a,False
classification,SimpleMean,0.3,1,2,93,24,0,1723999571024,n/a,False
classification,SimpleMean,0.3,1,3,94,23,0,1723999724816,n/a,False
classification,SimpleMean,0.3,1,4,94,23,0,1723999960528,n/a,False
classification,SimpleMean,0.3,1,5,94,23,0,1724000278224,n/a,False
classification,"KNN(k=5,dist)",0.3,1,1,93,24,0,1723999569680,n/a,False
classification,"KNN(k=5,dist)",0.3,1,2,93,24,0,1724000929936,n/a,False
classification,"KNN(k=5,dist)",0.3,1,3,94,23,0,1724001263952,n/a,False
classification,"KNN(k=5,dist)",0.3,1,4,94,23,0,1724018145808,n/a,False
classification,"KNN(k=5,dist)",0.3,1,5,94,23,0,1724018479888,n/a,False
classification,RFECA_SVR(k=5),0.3,1,1,93,24,0,1724019379568,training_fold_X.corr(),False
classification,RFECA_SVR(k=5),0.3,1,2,93,24,0,1724019716656,training_fold_X.corr(),False
classification,RFECA_SVR(k=5),0.3,1,3,94,23,0,1724020038064,training_fold_X.corr(),False
classification,RFECA_SVR(k=5),0.3,1,4,94,23,0,1724020374704,training_fold_X.corr(),False
classification,RFECA_SVR(k=5),0.3,1,5,94,23,0,1724020692752,training_fold_X.corr(),False
classification,RFECA_SVR(k=10),0.3,1,1,93,24,0,1724020997072,training_fold_X.corr(),False
classification,RFECA_SVR(k=10),0.3,1,2,93,24,0,1724021351248,training_fold_X.corr(),False
classification,RFECA_SVR(k=10),0.3,1,3,94,23,0,1724021688144,training_fold_X.corr(),False
classification,RFECA_SVR(k=10),0.3,1,4,94,23,0,1724022025008,training_fold_X.corr(),False
classification,RFECA_SVR(k=10),0.3,1,5,94,23,0,1724038926576,training_fold_X.corr(),False
classification,RFECA_SVR(k=20),0.3,1,1,93,24,0,1724039264112,training_fold_X.corr(),False
classification,RFECA_SVR(k=20),0.3,1,2,93,24,0,1724039617392,training_fold_X.corr(),False
classification,RFECA_SVR(k=20),0.3,1,3,94,23,0,1724039937200,training_fold_X.corr(),False
classification,RFECA_SVR(k=20),0.3,1,4,94,23,0,1724040275216,training_fold_X.corr(),False
classification,RFECA_SVR(k=20),0.3,1,5,94,23,0,1724040629392,training_fold_X.corr(),False
classification,MissForest,0.3,1,1,93,24,0,1719784552912,n/a,False
classification,MissForest,0.3,1,2,93,24,0,1713097716304,n/a,False
classification,MissForest,0.3,1,3,94,23,0,1707608153680,n/a,False
classification,MissForest,0.3,1,4,94,23,0,1721125312528,n/a,False
classification,MissForest,0.3,1,5,94,23,0,1719784547472,n/a,False
imputation,SimpleMean,0.3,2,1,93,24,0,1722744246288,n/a,False
imputation,SimpleMean,0.3,2,2,93,24,0,1721352473680,n/a,False
imputation,SimpleMean,0.3,2,3,94,23,0,1723058587600,n/a,False
imputation,SimpleMean,0.3,2,4,94,23,0,1724335531280,n/a,False
imputation,SimpleMean,0.3,2,5,94,23,0,1724335531472,n/a,False
imputation,"KNN(k=5,dist)",0.3,2,1,93,24,0,1724335531664,n/a,False
imputation,"KNN(k=5,dist)",0.3,2,2,93,24,0,1724335532240,n/a,False
imputation,"KNN(k=5,dist)",0.3,2,3,94,23,0,1724335532432,n/a,False
imputation,"KNN(k=5,dist)",0.3,2,4,94,23,0,1724335531856,n/a,False
imputation,"KNN(k=5,dist)",0.3,2,5,94,23,0,1724335532048,n/a,False
imputation,RFECA_SVR(k=5),0.3,2,1,93,24,0,1723636281904,training_fold_X.corr(),False
imputation,RFECA_SVR(k=5),0.3,2,2,93,24,0,1724335744048,training_fold_X.corr(),False
imputation,RFECA_SVR(k=5),0.3,2,3,94,23,0,1724335743600,training_fold_X.corr(),False
imputation,RFECA_SVR(k=5),0.3,2,4,94,23,0,1724335750096,training_fold_X.corr(),False
imputation,RFECA_SVR(k=5),0.3,2,5,94,23,0,1724335750320,training_fold_X.corr(),False
imputation,RFECA_SVR(k=10),0.3,2,1,93,24,0,1724335745168,training_fold_X.corr(),False
imputation,RFECA_SVR(k=10),0.3,2,2,93,24,0,1724335749872,training_fold_X.corr(),False
imputation,RFECA_SVR(k=10),0.3,2,3,94,23,0,1724335749648,training_fold_X.corr(),False
imputation,RFECA_SVR(k=10),0.3,2,4,94,23,0,1724335749424,training_fold_X.corr(),False
imputation,RFECA_SVR(k=10),0.3,2,5,94,23,0,1724335749200,training_fold_X.corr(),False
imputation,RFECA_SVR(k=20),0.3,2,1,93,24,0,1724335748976,training_fold_X.corr(),False
imputation,RFECA_SVR(k=20),0.3,2,2,93,24,0,1724335748752,training_fold_X.corr(),False
imputation,RFECA_SVR(k=20),0.3,2,3,94,23,0,1724335748528,training_fold_X.corr(),False
imputation,RFECA_SVR(k=20),0.3,2,4,94,23,0,1724335748304,training_fold_X.corr(),False
imputation,RFECA_SVR(k=20),0.3,2,5,94,23,0,1724335748080,training_fold_X.corr(),False
imputation,MissForest,0.3,2,1,93,24,0,1707608146640,n/a,False
imputation,MissForest,0.3,2,2,93,24,0,1719784553552,n/a,False
imputation,MissForest,0.3,2,3,94,23,0,1716602069200,n/a,False
imputation,MissForest,0.3,2,4,94,23,0,1713097703824,n/a,False
imputation,MissForest,0.3,2,5,94,23,0,1721125311248,n/a,False
classification,SimpleMean,0.3,2,1,93,24,0,1724612668752,n/a,False
classification,SimpleMean,0.3,2,2,93,24,0,1724612668368,n/a,False
classification,SimpleMean,0.3,2,3,94,23,0,1724612773648,n/a,False
classification,SimpleMean,0.3,2,4,94,23,0,1724613025744,n/a,False
classification,SimpleMean,0.3,2,5,94,23,0,1724629923984,n/a,False
classification,"KNN(k=5,dist)",0.3,2,1,93,24,0,1724612659536,n/a,False
classification,"KNN(k=5,dist)",0.3,2,2,93,24,0,1724630592080,n/a,False
classification,"KNN(k=5,dist)",0.3,2,3,94,23,0,1724630893392,n/a,False
classification,"KNN(k=5,dist)",0.3,2,4,94,23,0,1724631227408,n/a,False
classification,"KNN(k=5,dist)",0.3,2,5,94,23,0,1724631528656,n/a,False
classification,RFECA_SVR(k=5),0.3,2,1,93,24,0,1724649038672,training_fold_X.corr(),False
classification,RFECA_SVR(k=5),0.3,2,2,93,24,0,1724649376016,training_fold_X.corr(),False
classification,RFECA_SVR(k=5),0.3,2,3,94,23,0,1724649713552,training_fold_X.corr(),False
classification,RFECA_SVR(k=5),0.3,2,4,94,23,0,1724650034064,training_fold_X.corr(),False
classification,RFECA_SVR(k=5),0.3,2,5,94,23,0,1724650352080,training_fold_X.corr(),False
classification,RFECA_SVR(k=10),0.3,2,1,93,24,0,1724650705808,training_fold_X.corr(),False
classification,RFECA_SVR(k=10),0.3,2,2,93,24,0,1724651026960,training_fold_X.corr(),False
classification,RFECA_SVR(k=10),0.3,2,3,94,23,0,1724651347472,training_fold_X.corr(),False
classification,RFECA_SVR(k=10),0.3,2,4,94,23,0,1724651684592,training_fold_X.corr(),False
classification,RFECA_SVR(k=10),0.3,2,5,94,23,0,1724652005296,training_fold_X.corr(),False
classification,RFECA_SVR(k=20),0.3,2,1,93,24,0,1724652375856,training_fold_X.corr(),False
classification,RFECA_SVR(k=20),0.3,2,2,93,24,0,1724669276720,training_fold_X.corr(),False
classification,RFECA_SVR(k=20),0.3,2,3,94,23,0,1724669613840,training_fold_X.corr(),False
classification,RFECA_SVR(k=20),0.3,2,4,94,23,0,1724669950928,training_fold_X.corr(),False
classification,RFECA_SVR(k=20),0.3,2,5,94,23,0,1724670272336,training_fold_X.corr(),False
classification,MissForest,0.3,2,1,93,24,0,1719784548112,n/a,False
classification,MissForest,0.3,2,2,93,24,0,1719784539792,n/a,False
classification,MissForest,0.3,2,3,94,23,0,1716602065040,n/a,False
classification,MissForest,0.3,2,4,94,23,0,1701519903312,n/a,False
classification,MissForest,0.3,2,5,94,23,0,1721125311888,n/a,False
imputation,SimpleMean,0.3,3,1,93,24,0,1724670015248,n/a,False
imputation,SimpleMean,0.3,3,2,93,24,0,1722048556560,n/a,False
imputation,SimpleMean,0.3,3,3,94,23,0,1723688323600,n/a,False
imputation,SimpleMean,0.3,3,4,94,23,0,1724948612880,n/a,False
imputation,SimpleMean,0.3,3,5,94,23,0,1724948613072,n/a,False
imputation,"KNN(k=5,dist)",0.3,3,1,93,24,0,1724948613264,n/a,False
imputation,"KNN(k=5,dist)",0.3,3,2,93,24,0,1724948613648,n/a,False
imputation,"KNN(k=5,dist)",0.3,3,3,94,23,0,1724948613840,n/a,False
imputation,"KNN(k=5,dist)",0.3,3,4,94,23,0,1724948614032,n/a,False
imputation,"KNN(k=5,dist)",0.3,3,5,94,23,0,1724948613456,n/a,False
imputation,RFECA_SVR(k=5),0.3,3,1,93,24,0,1724335747856,training_fold_X.corr(),False
imputation,RFECA_SVR(k=5),0.3,3,2,93,24,0,1724948888528,training_fold_X.corr(),False
imputation,RFECA_SVR(k=5),0.3,3,3,94,23,0,1724948888752,training_fold_X.corr(),False
imputation,RFECA_SVR(k=5),0.3,3,4,94,23,0,1724948889200,training_fold_X.corr(),False
imputation,RFECA_SVR(k=5),0.3,3,5,94,23,0,1724948887856,training_fold_X.corr(),False
imputation,RFECA_SVR(k=10),0.3,3,1,93,24,0,1724948888080,training_fold_X.corr(),False
imputation,RFECA_SVR(k=10),0.3,3,2,93,24,0,1724948888304,training_fold_X.corr(),False
imputation,RFECA_SVR(k=10),0.3,3,3,94,23,0,1724775326544,training_fold_X.corr(),False
imputation,RFECA_SVR(k=10),0.3,3,4,94,23,0,1724827629424,training_fold_X.corr(),False
imputation,RFECA_SVR(k=10),0.3,3,5,94,23,0,1724948888976,training_fold_X.corr(),False
imputation,RFECA_SVR(k=20),0.3,3,1,93,24,0,1724948887632,training_fold_X.corr(),False
imputation,RFECA_SVR(k=20),0.3,3,2,93,24,0,1724948911216,training_fold_X.corr(),False
imputation,RFECA_SVR(k=20),0.3,3,3,94,23,0,1724948910992,training_fold_X.corr(),False
imputation,RFECA_SVR(k=20),0.3,3,4,94,23,0,1724948908976,training_fold_X.corr(),False
imputation,RFECA_SVR(k=20),0.3,3,5,94,23,0,1724948908752,training_fold_X.corr(),False
imputation,MissForest,0.3,3,1,93,24,0,1721125316688,n/a,False
imputation,MissForest,0.3,3,2,93,24,0,1716602069840,n/a,False
imputation,MissForest,0.3,3,3,94,23,0,1707608146320,n/a,False
imputation,MissForest,0.3,3,4,94,23,0,1716602072080,n/a,False
imputation,MissForest,0.3,3,5,94,23,0,1716602064080,n/a,False
classification,SimpleMean,0.3,3,1,93,24,0,1725225750352,n/a,False
classification,SimpleMean,0.3,3,2,93,24,0,1725225750544,n/a,False
classification,SimpleMean,0.3,3,3,94,23,0,1725225838800,n/a,False
classification,SimpleMean,0.3,3,4,94,23,0,1725259612624,n/a,False
classification,SimpleMean,0.3,3,5,94,23,0,1725259651728,n/a,False
classification,"KNN(k=5,dist)",0.3,3,1,93,24,0,1725225749200,n/a,False
classification,"KNN(k=5,dist)",0.3,3,2,93,24,0,1725260303440,n/a,False
classification,"KNN(k=5,dist)",0.3,3,3,94,23,0,1725260621072,n/a,False
classification,"KNN(k=5,dist)",0.3,3,4,94,23,0,1725260938704,n/a,False
classification,"KNN(k=5,dist)",0.3,3,5,94,23,0,1725261256400,n/a,False
classification,RFECA_SVR(k=5),0.3,3,1,93,24,0,1725262149712,training_fold_X.corr(),False
classification,RFECA_SVR(k=5),0.3,3,2,93,24,0,1725262519824,training_fold_X.corr(),False
classification,RFECA_SVR(k=5),0.3,3,3,94,23,0,1725262841232,training_fold_X.corr(),False
classification,RFECA_SVR(k=5),0.3,3,4,94,23,0,1725263161488,training_fold_X.corr(),False
classification,RFECA_SVR(k=5),0.3,3,5,94,23,0,1725280095600,training_fold_X.corr(),False
classification,RFECA_SVR(k=10),0.3,3,1,93,24,0,1725280383536,training_fold_X.corr(),False
classification,RFECA_SVR(k=10),0.3,3,2,93,24,0,1725280721328,training_fold_X.corr(),False
classification,RFECA_SVR(k=10),0.3,3,3,94,23,0,1725281038896,training_fold_X.corr(),False
classification,RFECA_SVR(k=10),0.3,3,4,94,23,0,1725281392400,training_fold_X.corr(),False
classification,RFECA_SVR(k=10),0.3,3,5,94,23,0,1725281696720,training_fold_X.corr(),False
classification,RFECA_SVR(k=20),0.3,3,1,93,24,0,1725282067280,training_fold_X.corr(),False
classification,RFECA_SVR(k=20),0.3,3,2,93,24,0,1725282420560,training_fold_X.corr(),False
classification,RFECA_SVR(k=20),0.3,3,3,94,23,0,1725282741040,training_fold_X.corr(),False
classification,RFECA_SVR(k=20),0.3,3,4,94,23,0,1725283094768,training_fold_X.corr(),False
classification,RFECA_SVR(k=20),0.3,3,5,94,23,0,1725283448688,training_fold_X.corr(),False
classification,MissForest,0.3,3,1,93,24,0,1716602066960,n/a,False
classification,MissForest,0.3,3,2,93,24,0,1704324879120,n/a,False
classification,MissForest,0.3,3,3,94,23,0,1716602065360,n/a,False
classification,MissForest,0.3,3,4,94,23,0,1716602074960,n/a,False
classification,MissForest,0.3,3,5,94,23,0,1721125315728,n/a,False
imputation,SimpleMean,0.3,4,1,93,24,0,1725283227920,n/a,False
imputation,SimpleMean,0.3,4,2,93,24,0,1724040353488,n/a,False
imputation,SimpleMean,0.3,4,3,94,23,0,1724335475600,n/a,False
imputation,SimpleMean,0.3,4,4,94,23,0,1725561678032,n/a,False
imputation,SimpleMean,0.3,4,5,94,23,0,1725561678224,n/a,False
imputation,"KNN(k=5,dist)",0.3,4,1,93,24,0,1725561678416,n/a,False
imputation,"KNN(k=5,dist)",0.3,4,2,93,24,0,1725561678992,n/a,False
imputation,"KNN(k=5,dist)",0.3,4,3,94,23,0,1725561679184,n/a,False
imputation,"KNN(k=5,dist)",0.3,4,4,94,23,0,1725561678800,n/a,False
imputation,"KNN(k=5,dist)",0.3,4,5,94,23,0,1725561678608,n/a,False
imputation,RFECA_SVR(k=5),0.3,4,1,93,24,0,1724896600016,training_fold_X.corr(),False
imputation,RFECA_SVR(k=5),0.3,4,2,93,24,0,1725509744720,training_fold_X.corr(),False
imputation,RFECA_SVR(k=5),0.3,4,3,94,23,0,1725388486736,training_fold_X.corr(),False
imputation,RFECA_SVR(k=5),0.3,4,4,94,23,0,1725509743824,training_fold_X.corr(),False
imputation,RFECA_SVR(k=5),0.3,4,5,94,23,0,1725595217808,training_fold_X.corr(),False
imputation,RFECA_SVR(k=10),0.3,4,1,93,24,0,1725595217584,training_fold_X.corr(),False
imputation,RFECA_SVR(k=10),0.3,4,2,93,24,0,1725595217360,training_fold_X.corr(),False
imputation,RFECA_SVR(k=10),0.3,4,3,94,23,0,1725595212208,training_fold_X.corr(),False
imputation,RFECA_SVR(k=10),0.3,4,4,94,23,0,1725595211760,training_fold_X.corr(),False
imputation,RFECA_SVR(k=10),0.3,4,5,94,23,0,1725595211984,training_fold_X.corr(),False
imputation,RFECA_SVR(k=20),0.3,4,1,93,24,0,1725595214448,training_fold_X.corr(),False
imputation,RFECA_SVR(k=20),0.3,4,2,93,24,0,1725595214224,training_fold_X.corr(),False
imputation,RFECA_SVR(k=20),0.3,4,3,94,23,0,1725595214000,training_fold_X.corr(),False
imputation,RFECA_SVR(k=20),0.3,4,4,94,23,0,1725595213776,training_fold_X.corr(),False
imputation,RFECA_SVR(k=20),0.3,4,5,94,23,0,1725595213552,training_fold_X.corr(),False
imputation,MissForest,0.3,4,1,93,24,0,1719784539152,n/a,False
imputation,MissForest,0.3,4,2,93,24,0,1724827782032,n/a,False
imputation,MissForest,0.3,4,3,94,23,0,1721125322448,n/a,False
imputation,MissForest,0.3,4,4,94,23,0,1721125308688,n/a,False
imputation,MissForest,0.3,4,5,94,23,0,1724827789392,n/a,False
classification,SimpleMean,0.3,4,1,93,24,0,1725872009488,n/a,False
classification,SimpleMean,0.3,4,2,93,24,0,1725872010064,n/a,False
classification,SimpleMean,0.3,4,3,94,23,0,1725872294608,n/a,False
classification,SimpleMean,0.3,4,4,94,23,0,1725872530320,n/a,False
classification,SimpleMean,0.3,4,5,94,23,0,1725872864336,n/a,False
classification,"KNN(k=5,dist)",0.3,4,1,93,24,0,1725872000272,n/a,False
classification,"KNN(k=5,dist)",0.3,4,2,93,24,0,1725873483280,n/a,False
classification,"KNN(k=5,dist)",0.3,4,3,94,23,0,1725873833744,n/a,False
classification,"KNN(k=5,dist)",0.3,4,4,94,23,0,1725890748368,n/a,False
classification,"KNN(k=5,dist)",0.3,4,5,94,23,0,1725891049616,n/a,False
classification,RFECA_SVR(k=5),0.3,4,1,93,24,0,1725891941264,training_fold_X.corr(),False
classification,RFECA_SVR(k=5),0.3,4,2,93,24,0,1725892242672,training_fold_X.corr(),False
classification,RFECA_SVR(k=5),0.3,4,3,94,23,0,1725892580464,training_fold_X.corr(),False
classification,RFECA_SVR(k=5),0.3,4,4,94,23,0,1725892900720,training_fold_X.corr(),False
classification,RFECA_SVR(k=5),0.3,4,5,94,23,0,1725893237840,training_fold_X.corr(),False
classification,RFECA_SVR(k=10),0.3,4,1,93,24,0,1725893557648,training_fold_X.corr(),False
classification,RFECA_SVR(k=10),0.3,4,2,93,24,0,1725893896336,training_fold_X.corr(),False
classification,RFECA_SVR(k=10),0.3,4,3,94,23,0,1725894249616,training_fold_X.corr(),False
classification,RFECA_SVR(k=10),0.3,4,4,94,23,0,1725894570096,training_fold_X.corr(),False
classification,RFECA_SVR(k=10),0.3,4,5,94,23,0,1725911488048,training_fold_X.corr(),False
classification,RFECA_SVR(k=20),0.3,4,1,93,24,0,1725911809200,training_fold_X.corr(),False
classification,RFECA_SVR(k=20),0.3,4,2,93,24,0,1725912162480,training_fold_X.corr(),False
classification,RFECA_SVR(k=20),0.3,4,3,94,23,0,1725912515984,training_fold_X.corr(),False
classification,RFECA_SVR(k=20),0.3,4,4,94,23,0,1725912853072,training_fold_X.corr(),False
classification,RFECA_SVR(k=20),0.3,4,5,94,23,0,1725913190864,training_fold_X.corr(),False
classification,MissForest,0.3,4,1,93,24,0,1716602061840,n/a,False
classification,MissForest,0.3,4,2,93,24,0,1724827782352,n/a,False
classification,MissForest,0.3,4,3,94,23,0,1721125306768,n/a,False
classification,MissForest,0.3,4,4,94,23,0,1726087186704,n/a,False
classification,MissForest,0.3,4,5,94,23,0,1724827793232,n/a,False
imputation,SimpleMean,0.3,5,1,93,24,0,1725912922832,n/a,False
imputation,SimpleMean,0.3,5,2,93,24,0,1723390472656,n/a,False
imputation,SimpleMean,0.3,5,3,94,23,0,1724948598224,n/a,False
imputation,SimpleMean,0.3,5,4,94,23,0,1726208150224,n/a,False
imputation,SimpleMean,0.3,5,5,94,23,0,1726208150416,n/a,False
imputation,"KNN(k=5,dist)",0.3,5,1,93,24,0,1726208150608,n/a,False
imputation,"KNN(k=5,dist)",0.3,5,2,93,24,0,1726208150800,n/a,False
imputation,"KNN(k=5,dist)",0.3,5,3,94,23,0,1726208150992,n/a,False
imputation,"KNN(k=5,dist)",0.3,5,4,94,23,0,1726208151376,n/a,False
imputation,"KNN(k=5,dist)",0.3,5,5,94,23,0,1726208151184,n/a,False
imputation,RFECA_SVR(k=5),0.3,5,1,93,24,0,1725595213104,training_fold_X.corr(),False
imputation,RFECA_SVR(k=5),0.3,5,2,93,24,0,1726208375984,training_fold_X.corr(),False
imputation,RFECA_SVR(k=5),0.3,5,3,94,23,0,1726208375536,training_fold_X.corr(),False
imputation,RFECA_SVR(k=5),0.3,5,4,94,23,0,1726208375312,training_fold_X.corr(),False
imputation,RFECA_SVR(k=5),0.3,5,5,94,23,0,1726208375088,training_fold_X.corr(),False
imputation,RFECA_SVR(k=10),0.3,5,1,93,24,0,1726208374864,training_fold_X.corr(),False
imputation,RFECA_SVR(k=10),0.3,5,2,93,24,0,1726208374640,training_fold_X.corr(),False
imputation,RFECA_SVR(k=10),0.3,5,3,94,23,0,1726208374416,training_fold_X.corr(),False
imputation,RFECA_SVR(k=10),0.3,5,4,94,23,0,1726208374192,training_fold_X.corr(),False
imputation,RFECA_SVR(k=10),0.3,5,5,94,23,0,1726208373968,training_fold_X.corr(),False
imputation,RFECA_SVR(k=20),0.3,5,1,93,24,0,1726208373744,training_fold_X.corr(),False
imputation,RFECA_SVR(k=20),0.3,5,2,93,24,0,1726208373520,training_fold_X.corr(),False
imputation,RFECA_SVR(k=20),0.3,5,3,94,23,0,1726208373296,training_fold_X.corr(),False
imputation,RFECA_SVR(k=20),0.3,5,4,94,23,0,1726208373072,training_fold_X.corr(),False
imputation,RFECA_SVR(k=20),0.3,5,5,94,23,0,1726208372848,training_fold_X.corr(),False
imputation,MissForest,0.3,5,1,93,24,0,1721125317328,n/a,False
imputation,MissForest,0.3,5,2,93,24,0,1721125317648,n/a,False
imputation,MissForest,0.3,5,3,94,23,0,1724827790352,n/a,False
imputation,MissForest,0.3,5,4,94,23,0,1716602067920,n/a,False
imputation,MissForest,0.3,5,5,94,23,0,1726087185104,n/a,False
classification,SimpleMean,0.3,5,1,93,24,0,1726485320464,n/a,False
classification,SimpleMean,0.3,5,2,93,24,0,1726485320656,n/a,False
classification,SimpleMean,0.3,5,3,94,23,0,1726485425296,n/a,False
classification,SimpleMean,0.3,5,4,94,23,0,1726485710224,n/a,False
classification,SimpleMean,0.3,5,5,94,23,0,1726502592080,n/a,False
classification,"KNN(k=5,dist)",0.3,5,1,93,24,0,1726485319312,n/a,False
classification,"KNN(k=5,dist)",0.3,5,2,93,24,0,1726503227408,n/a,False
classification,"KNN(k=5,dist)",0.3,5,3,94,23,0,1726503561424,n/a,False
classification,"KNN(k=5,dist)",0.3,5,4,94,23,0,1726504157648,n/a,False
classification,"KNN(k=5,dist)",0.3,5,5,94,23,0,1726504213136,n/a,False
classification,RFECA_SVR(k=5),0.3,5,1,93,24,0,1726521682288,training_fold_X.corr(),False
classification,RFECA_SVR(k=5),0.3,5,2,93,24,0,1726521967568,training_fold_X.corr(),False
classification,RFECA_SVR(k=5),0.3,5,3,94,23,0,1726522321488,training_fold_X.corr(),False
classification,RFECA_SVR(k=5),0.3,5,4,94,23,0,1726522674768,training_fold_X.corr(),False
classification,RFECA_SVR(k=5),0.3,5,5,94,23,0,1726522995248,training_fold_X.corr(),False
classification,RFECA_SVR(k=10),0.3,5,1,93,24,0,1726523332592,training_fold_X.corr(),False
classification,RFECA_SVR(k=10),0.3,5,2,93,24,0,1726523637360,training_fold_X.corr(),False
classification,RFECA_SVR(k=10),0.3,5,3,94,23,0,1726524007024,training_fold_X.corr(),False
classification,RFECA_SVR(k=10),0.3,5,4,94,23,0,1726524327760,training_fold_X.corr(),False
classification,RFECA_SVR(k=10),0.3,5,5,94,23,0,1726524648464,training_fold_X.corr(),False
classification,RFECA_SVR(k=20),0.3,5,1,93,24,0,1726525002640,training_fold_X.corr(),False
classification,RFECA_SVR(k=20),0.3,5,2,93,24,0,1726541919888,training_fold_X.corr(),False
classification,RFECA_SVR(k=20),0.3,5,3,94,23,0,1726542257008,training_fold_X.corr(),False
classification,RFECA_SVR(k=20),0.3,5,4,94,23,0,1726542609584,training_fold_X.corr(),False
classification,RFECA_SVR(k=20),0.3,5,5,94,23,0,1726542915504,training_fold_X.corr(),False
classification,MissForest,0.3,5,1,93,24,0,1719784547152,n/a,False
classification,MissForest,0.3,5,2,93,24,0,1721125318608,n/a,False
classification,MissForest,0.3,5,3,94,23,0,1724827786512,n/a,False
classification,MissForest,0.3,5,4,94,23,0,1724827783632,n/a,False
classification,MissForest,0.3,5,5,94,23,0,1721125321168,n/a,False
imputation,SimpleMean,0.3,6,1,93,24,0,1725280491408,n/a,False
imputation,SimpleMean,0.3,6,2,93,24,0,1724021068752,n/a,False
imputation,SimpleMean,0.3,6,3,94,23,0,1725561786192,n/a,False
imputation,SimpleMean,0.3,6,4,94,23,0,1726838500496,n/a,False
imputation,SimpleMean,0.3,6,5,94,23,0,1726838500688,n/a,False
imputation,"KNN(k=5,dist)",0.3,6,1,93,24,0,1726838500880,n/a,False
imputation,"KNN(k=5,dist)",0.3,6,2,93,24,0,1726838501648,n/a,False
imputation,"KNN(k=5,dist)",0.3,6,3,94,23,0,1726838501264,n/a,False
imputation,"KNN(k=5,dist)",0.3,6,4,94,23,0,1726838501072,n/a,False
imputation,"KNN(k=5,dist)",0.3,6,5,94,23,0,1726838501456,n/a,False
imputation,RFECA_SVR(k=5),0.3,6,1,93,24,0,1726735015440,training_fold_X.corr(),False
imputation,RFECA_SVR(k=5),0.3,6,2,93,24,0,1726735014768,training_fold_X.corr(),False
imputation,RFECA_SVR(k=5),0.3,6,3,94,23,0,1726735014320,training_fold_X.corr(),False
imputation,RFECA_SVR(k=5),0.3,6,4,94,23,0,1726753240720,training_fold_X.corr(),False
imputation,RFECA_SVR(k=5),0.3,6,5,94,23,0,1726753237136,training_fold_X.corr(),False
imputation,RFECA_SVR(k=10),0.3,6,1,93,24,0,1725965917936,training_fold_X.corr(),False
imputation,RFECA_SVR(k=10),0.3,6,2,93,24,0,1726753240944,training_fold_X.corr(),False
imputation,RFECA_SVR(k=10),0.3,6,3,94,23,0,1726753241616,training_fold_X.corr(),False
imputation,RFECA_SVR(k=10),0.3,6,4,94,23,0,1726838720336,training_fold_X.corr(),False
imputation,RFECA_SVR(k=10),0.3,6,5,94,23,0,1726838721904,training_fold_X.corr(),False
imputation,RFECA_SVR(k=20),0.3,6,1,93,24,0,1726838722352,training_fold_X.corr(),False
imputation,RFECA_SVR(k=20),0.3,6,2,93,24,0,1726838725712,training_fold_X.corr(),False
imputation,RFECA_SVR(k=20),0.3,6,3,94,23,0,1726838725488,training_fold_X.corr(),False
imputation,RFECA_SVR(k=20),0.3,6,4,94,23,0,1726838725264,training_fold_X.corr(),False
imputation,RFECA_SVR(k=20),0.3,6,5,94,23,0,1726838725040,training_fold_X.corr(),False
imputation,MissForest,0.3,6,1,93,24,0,1724827787472,n/a,False
imputation,MissForest,0.3,6,2,93,24,0,1724827786832,n/a,False
imputation,MissForest,0.3,6,3,94,23,0,1724827790672,n/a,False
imputation,MissForest,0.3,6,4,94,23,0,1724827788432,n/a,False
imputation,MissForest,0.3,6,5,94,23,0,1724827779792,n/a,False
classification,SimpleMean,0.3,6,1,93,24,0,1727115736272,n/a,False
classification,SimpleMean,0.3,6,2,93,24,0,1727115735888,n/a,False
classification,SimpleMean,0.3,6,3,94,23,0,1727115873936,n/a,False
classification,SimpleMean,0.3,6,4,94,23,0,1727116142416,n/a,False
classification,SimpleMean,0.3,6,5,94,23,0,1727133302864,n/a,False
classification,"KNN(k=5,dist)",0.3,6,1,93,24,0,1727115723024,n/a,False
classification,"KNN(k=5,dist)",0.3,6,2,93,24,0,1727133659600,n/a,False
classification,"KNN(k=5,dist)",0.3,6,3,94,23,0,1727133993680,n/a,False
classification,"KNN(k=5,dist)",0.3,6,4,94,23,0,1727134311312,n/a,False
classification,"KNN(k=5,dist)",0.3,6,5,94,23,0,1727134579792,n/a,False
classification,RFECA_SVR(k=5),0.3,6,1,93,24,0,1727135514224,training_fold_X.corr(),False
classification,RFECA_SVR(k=5),0.3,6,2,93,24,0,1727135851792,training_fold_X.corr(),False
classification,RFECA_SVR(k=5),0.3,6,3,94,23,0,1727152786576,training_fold_X.corr(),False
classification,RFECA_SVR(k=5),0.3,6,4,94,23,0,1727153090448,training_fold_X.corr(),False
classification,RFECA_SVR(k=5),0.3,6,5,94,23,0,1727153427568,training_fold_X.corr(),False
classification,RFECA_SVR(k=10),0.3,6,1,93,24,0,1727153748272,training_fold_X.corr(),False
classification,RFECA_SVR(k=10),0.3,6,2,93,24,0,1727154102448,training_fold_X.corr(),False
classification,RFECA_SVR(k=10),0.3,6,3,94,23,0,1727154439344,training_fold_X.corr(),False
classification,RFECA_SVR(k=10),0.3,6,4,94,23,0,1727154759824,training_fold_X.corr(),False
classification,RFECA_SVR(k=10),0.3,6,5,94,23,0,1727155113552,training_fold_X.corr(),False
classification,RFECA_SVR(k=20),0.3,6,1,93,24,0,1727155418320,training_fold_X.corr(),False
classification,RFECA_SVR(k=20),0.3,6,2,93,24,0,1727155787984,training_fold_X.corr(),False
classification,RFECA_SVR(k=20),0.3,6,3,94,23,0,1727156108464,training_fold_X.corr(),False
classification,RFECA_SVR(k=20),0.3,6,4,94,23,0,1727156443120,training_fold_X.corr(),False
classification,RFECA_SVR(k=20),0.3,6,5,94,23,0,1727156731504,training_fold_X.corr(),False
classification,MissForest,0.3,6,1,93,24,0,1704324876240,n/a,False
classification,MissForest,0.3,6,2,93,24,0,1724827791632,n/a,False
classification,MissForest,0.3,6,3,94,23,0,1724827793552,n/a,False
classification,MissForest,0.3,6,4,94,23,0,1716602068560,n/a,False
classification,MissForest,0.3,6,5,94,23,0,1721125320528,n/a,False
imputation,SimpleMean,0.3,7,1,93,24,0,1727156502352,n/a,False
imputation,SimpleMean,0.3,7,2,93,24,0,1724650780048,n/a,False
imputation,SimpleMean,0.3,7,3,94,23,0,1726208049616,n/a,False
imputation,SimpleMean,0.3,7,4,94,23,0,1727451696784,n/a,False
imputation,SimpleMean,0.3,7,5,94,23,0,1727451696976,n/a,False
imputation,"KNN(k=5,dist)",0.3,7,1,93,24,0,1727451697168,n/a,False
imputation,"KNN(k=5,dist)",0.3,7,2,93,24,0,1727451697744,n/a,False
imputation,"KNN(k=5,dist)",0.3,7,3,94,23,0,1727451697360,n/a,False
imputation,"KNN(k=5,dist)",0.3,7,4,94,23,0,1727451697552,n/a,False
imputation,"KNN(k=5,dist)",0.3,7,5,94,23,0,1727451697936,n/a,False
imputation,RFECA_SVR(k=5),0.3,7,1,93,24,0,1727434529648,training_fold_X.corr(),False
imputation,RFECA_SVR(k=5),0.3,7,2,93,24,0,1727278363408,training_fold_X.corr(),False
imputation,RFECA_SVR(k=5),0.3,7,3,94,23,0,1727434529424,training_fold_X.corr(),False
imputation,RFECA_SVR(k=5),0.3,7,4,94,23,0,1727330708944,training_fold_X.corr(),False
imputation,RFECA_SVR(k=5),0.3,7,5,94,23,0,1727330708720,training_fold_X.corr(),False
imputation,RFECA_SVR(k=10),0.3,7,1,93,24,0,1727330708048,training_fold_X.corr(),False
imputation,RFECA_SVR(k=10),0.3,7,2,93,24,0,1726838722128,training_fold_X.corr(),False
imputation,RFECA_SVR(k=10),0.3,7,3,94,23,0,1727330709168,training_fold_X.corr(),False
imputation,RFECA_SVR(k=10),0.3,7,4,94,23,0,1727330708272,training_fold_X.corr(),False
imputation,RFECA_SVR(k=10),0.3,7,5,94,23,0,1727451900944,training_fold_X.corr(),False
imputation,RFECA_SVR(k=20),0.3,7,1,93,24,0,1727451901168,training_fold_X.corr(),False
imputation,RFECA_SVR(k=20),0.3,7,2,93,24,0,1727451899376,training_fold_X.corr(),False
imputation,RFECA_SVR(k=20),0.3,7,3,94,23,0,1727451905200,training_fold_X.corr(),False
imputation,RFECA_SVR(k=20),0.3,7,4,94,23,0,1727451904976,training_fold_X.corr(),False
imputation,RFECA_SVR(k=20),0.3,7,5,94,23,0,1727451904752,training_fold_X.corr(),False
imputation,MissForest,0.3,7,1,93,24,0,1716602076560,n/a,False
imputation,MissForest,0.3,7,2,93,24,0,1724827787792,n/a,False
imputation,MissForest,0.3,7,3,94,23,0,1724827784592,n/a,False
imputation,MissForest,0.3,7,4,94,23,0,1716602061520,n/a,False
imputation,MissForest,0.3,7,5,94,23,0,1710320924496,n/a,False
classification,SimpleMean,0.3,7,1,93,24,0,1727745513168,n/a,False
classification,SimpleMean,0.3,7,2,93,24,0,1727745513552,n/a,False
classification,SimpleMean,0.3,7,3,94,23,0,1727745650768,n/a,False
classification,SimpleMean,0.3,7,4,94,23,0,1727762483536,n/a,False
classification,SimpleMean,0.3,7,5,94,23,0,1727762784784,n/a,False
classification,"KNN(k=5,dist)",0.3,7,1,93,24,0,1727745507984,n/a,False
classification,"KNN(k=5,dist)",0.3,7,2,93,24,0,1727763452880,n/a,False
classification,"KNN(k=5,dist)",0.3,7,3,94,23,0,1727763786896,n/a,False
classification,"KNN(k=5,dist)",0.3,7,4,94,23,0,1727764104592,n/a,False
classification,"KNN(k=5,dist)",0.3,7,5,94,23,0,1727764389456,n/a,False
classification,RFECA_SVR(k=5),0.3,7,1,93,24,0,1727765271888,training_fold_X.corr(),False
classification,RFECA_SVR(k=5),0.3,7,2,93,24,0,1727765592592,training_fold_X.corr(),False
classification,RFECA_SVR(k=5),0.3,7,3,94,23,0,1727765930384,training_fold_X.corr(),False
classification,RFECA_SVR(k=5),0.3,7,4,94,23,0,1727766267280,training_fold_X.corr(),False
classification,RFECA_SVR(k=5),0.3,7,5,94,23,0,1727766604144,training_fold_X.corr(),False
classification,RFECA_SVR(k=10),0.3,7,1,93,24,0,1727783522096,training_fold_X.corr(),False
classification,RFECA_SVR(k=10),0.3,7,2,93,24,0,1727783826864,training_fold_X.corr(),False
classification,RFECA_SVR(k=10),0.3,7,3,94,23,0,1727784163760,training_fold_X.corr(),False
classification,RFECA_SVR(k=10),0.3,7,4,94,23,0,1727784500624,training_fold_X.corr(),False
classification,RFECA_SVR(k=10),0.3,7,5,94,23,0,1727784821584,training_fold_X.corr(),False
classification,RFECA_SVR(k=20),0.3,7,1,93,24,0,1727785175760,training_fold_X.corr(),False
classification,RFECA_SVR(k=20),0.3,7,2,93,24,0,1727785528784,training_fold_X.corr(),False
classification,RFECA_SVR(k=20),0.3,7,3,94,23,0,1727785833136,training_fold_X.corr(),False
classification,RFECA_SVR(k=20),0.3,7,4,94,23,0,1727786233072,training_fold_X.corr(),False
classification,RFECA_SVR(k=20),0.3,7,5,94,23,0,1727786570864,training_fold_X.corr(),False
classification,MissForest,0.3,7,1,93,24,0,1716602073680,n/a,False
classification,MissForest,0.3,7,2,93,24,0,1721125308048,n/a,False
classification,MissForest,0.3,7,3,94,23,0,1721125318288,n/a,False
classification,MissForest,0.3,7,4,94,23,0,1721125315408,n/a,False
classification,MissForest,0.3,7,5,94,23,0,1721125316048,n/a,False
imputation,SimpleMean,0.3,8,1,93,24,0,1727786295632,n/a,False
imputation,SimpleMean,0.3,8,2,93,24,0,1726542634192,n/a,False
imputation,SimpleMean,0.3,8,3,94,23,0,1726838424400,n/a,False
imputation,SimpleMean,0.3,8,4,94,23,0,1728081424464,n/a,False
imputation,SimpleMean,0.3,8,5,94,23,0,1728081424656,n/a,False
imputation,"KNN(k=5,dist)",0.3,8,1,93,24,0,1728081424848,n/a,False
imputation,"KNN(k=5,dist)",0.3,8,2,93,24,0,1728081425040,n/a,False
imputation,"KNN(k=5,dist)",0.3,8,3,94,23,0,1728081425232,n/a,False
imputation,"KNN(k=5,dist)",0.3,8,4,94,23,0,1728081425424,n/a,False
imputation,"KNN(k=5,dist)",0.3,8,5,94,23,0,1728081425616,n/a,False
imputation,RFECA_SVR(k=5),0.3,8,1,93,24,0,1727451900720,training_fold_X.corr(),False
imputation,RFECA_SVR(k=5),0.3,8,2,93,24,0,1728081690000,training_fold_X.corr(),False
imputation,RFECA_SVR(k=5),0.3,8,3,94,23,0,1728081690224,training_fold_X.corr(),False
imputation,RFECA_SVR(k=5),0.3,8,4,94,23,0,1728081688432,training_fold_X.corr(),False
imputation,RFECA_SVR(k=5),0.3,8,5,94,23,0,1728081688880,training_fold_X.corr(),False
imputation,RFECA_SVR(k=10),0.3,8,1,93,24,0,1728081689104,training_fold_X.corr(),False
imputation,RFECA_SVR(k=10),0.3,8,2,93,24,0,1728081689328,training_fold_X.corr(),False
imputation,RFECA_SVR(k=10),0.3,8,3,94,23,0,1728081689552,training_fold_X.corr(),False
imputation,RFECA_SVR(k=10),0.3,8,4,94,23,0,1728081689776,training_fold_X.corr(),False
imputation,RFECA_SVR(k=10),0.3,8,5,94,23,0,1728081688208,training_fold_X.corr(),False
imputation,RFECA_SVR(k=20),0.3,8,1,93,24,0,1727943864880,training_fold_X.corr(),False
imputation,RFECA_SVR(k=20),0.3,8,2,93,24,0,1728081688656,training_fold_X.corr(),False
imputation,RFECA_SVR(k=20),0.3,8,3,94,23,0,1727943867344,training_fold_X.corr(),False
imputation,RFECA_SVR(k=20),0.3,8,4,94,23,0,1728029385776,training_fold_X.corr(),False
imputation,RFECA_SVR(k=20),0.3,8,5,94,23,0,1728029383088,training_fold_X.corr(),False
imputation,MissForest,0.3,8,1,93,24,0,1707608149200,n/a,False
imputation,MissForest,0.3,8,2,93,24,0,1724827789072,n/a,False
imputation,MissForest,0.3,8,3,94,23,0,1704324887120,n/a,False
imputation,MissForest,0.3,8,4,94,23,0,1704324880080,n/a,False
imputation,MissForest,0.3,8,5,94,23,0,1713097703504,n/a,False
classification,SimpleMean,0.3,8,1,93,24,0,1728358545552,n/a,False
classification,SimpleMean,0.3,8,2,93,24,0,1728358545936,n/a,False
classification,SimpleMean,0.3,8,3,94,23,0,1728358650448,n/a,False
classification,SimpleMean,0.3,8,4,94,23,0,1728375499536,n/a,False
classification,SimpleMean,0.3,8,5,94,23,0,1728375833616,n/a,False
classification,"KNN(k=5,dist)",0.3,8,1,93,24,0,1728358532304,n/a,False
classification,"KNN(k=5,dist)",0.3,8,2,93,24,0,1728393033104,n/a,False
classification,"KNN(k=5,dist)",0.3,8,3,94,23,0,1728393350800,n/a,False
classification,"KNN(k=5,dist)",0.3,8,4,94,23,0,1728393684816,n/a,False
classification,"KNN(k=5,dist)",0.3,8,5,94,23,0,1728394248272,n/a,False
classification,RFECA_SVR(k=5),0.3,8,1,93,24,0,1728394865008,training_fold_X.corr(),False
classification,RFECA_SVR(k=5),0.3,8,2,93,24,0,1728395218736,training_fold_X.corr(),False
classification,RFECA_SVR(k=5),0.3,8,3,94,23,0,1728395539888,training_fold_X.corr(),False
classification,RFECA_SVR(k=5),0.3,8,4,94,23,0,1728395876784,training_fold_X.corr(),False
classification,RFECA_SVR(k=5),0.3,8,5,94,23,0,1728396197264,training_fold_X.corr(),False
classification,RFECA_SVR(k=10),0.3,8,1,93,24,0,1728396501840,training_fold_X.corr(),False
classification,RFECA_SVR(k=10),0.3,8,2,93,24,0,1728396872400,training_fold_X.corr(),False
classification,RFECA_SVR(k=10),0.3,8,3,94,23,0,1728413756880,training_fold_X.corr(),False
classification,RFECA_SVR(k=10),0.3,8,4,94,23,0,1728414094000,training_fold_X.corr(),False
classification,RFECA_SVR(k=10),0.3,8,5,94,23,0,1728414463856,training_fold_X.corr(),False
classification,RFECA_SVR(k=20),0.3,8,1,93,24,0,1728414818032,training_fold_X.corr(),False
classification,RFECA_SVR(k=20),0.3,8,2,93,24,0,1728415171312,training_fold_X.corr(),False
classification,RFECA_SVR(k=20),0.3,8,3,94,23,0,1728415508176,training_fold_X.corr(),False
classification,RFECA_SVR(k=20),0.3,8,4,94,23,0,1728415845520,training_fold_X.corr(),False
classification,RFECA_SVR(k=20),0.3,8,5,94,23,0,1728416199440,training_fold_X.corr(),False
classification,MissForest,0.3,8,1,93,24,0,1704324882320,n/a,False
classification,MissForest,0.3,8,2,93,24,0,1716602073040,n/a,False
classification,MissForest,0.3,8,3,94,23,0,1713097708624,n/a,False
classification,MissForest,0.3,8,4,94,23,0,1721125313168,n/a,False
classification,MissForest,0.3,8,5,94,23,0,1721125308368,n/a,False
imputation,SimpleMean,0.3,9,1,93,24,0,1728415924880,n/a,False
imputation,SimpleMean,0.3,9,2,93,24,0,1725893622096,n/a,False
imputation,SimpleMean,0.3,9,3,94,23,0,1727451596176,n/a,False
imputation,SimpleMean,0.3,9,4,94,23,0,1728694456912,n/a,False
imputation,SimpleMean,0.3,9,5,94,23,0,1728694457104,n/a,False
imputation,"KNN(k=5,dist)",0.3,9,1,93,24,0,1728694457296,n/a,False
imputation,"KNN(k=5,dist)",0.3,9,2,93,24,0,1728694457488,n/a,False
imputation,"KNN(k=5,dist)",0.3,9,3,94,23,0,1728694457872,n/a,False
imputation,"KNN(k=5,dist)",0.3,9,4,94,23,0,1728694457680,n/a,False
imputation,"KNN(k=5,dist)",0.3,9,5,94,23,0,1728694458064,n/a,False
imputation,RFECA_SVR(k=5),0.3,9,1,93,24,0,1728642430608,training_fold_X.corr(),False
imputation,RFECA_SVR(k=5),0.3,9,2,93,24,0,1728029385328,training_fold_X.corr(),False
imputation,RFECA_SVR(k=5),0.3,9,3,94,23,0,1728521199568,training_fold_X.corr(),False
imputation,RFECA_SVR(k=5),0.3,9,4,94,23,0,1728642430384,training_fold_X.corr(),False
imputation,RFECA_SVR(k=5),0.3,9,5,94,23,0,1728521199792,training_fold_X.corr(),False
imputation,RFECA_SVR(k=10),0.3,9,1,93,24,0,1728711304240,training_fold_X.corr(),False
imputation,RFECA_SVR(k=10),0.3,9,2,93,24,0,1728711304016,training_fold_X.corr(),False
imputation,RFECA_SVR(k=10),0.3,9,3,94,23,0,1728711299088,training_fold_X.corr(),False
imputation,RFECA_SVR(k=10),0.3,9,4,94,23,0,1728711298640,training_fold_X.corr(),False
imputation,RFECA_SVR(k=10),0.3,9,5,94,23,0,1728711298864,training_fold_X.corr(),False
imputation,RFECA_SVR(k=20),0.3,9,1,93,24,0,1728711301328,training_fold_X.corr(),False
imputation,RFECA_SVR(k=20),0.3,9,2,93,24,0,1728711301104,training_fold_X.corr(),False
imputation,RFECA_SVR(k=20),0.3,9,3,94,23,0,1728711300880,training_fold_X.corr(),False
imputation,RFECA_SVR(k=20),0.3,9,4,94,23,0,1728711300656,training_fold_X.corr(),False
imputation,RFECA_SVR(k=20),0.3,9,5,94,23,0,1728711300432,training_fold_X.corr(),False
imputation,MissForest,0.3,9,1,93,24,0,1699628693648,n/a,False
imputation,MissForest,0.3,9,2,93,24,0,1713097713104,n/a,False
imputation,MissForest,0.3,9,3,94,23,0,1724827786192,n/a,False
imputation,MissForest,0.3,9,4,94,23,0,1724827794832,n/a,False
imputation,MissForest,0.3,9,5,94,23,0,1710320923216,n/a,False
classification,SimpleMean,0.3,9,1,93,24,0,1729005099664,n/a,False
classification,SimpleMean,0.3,9,2,93,24,0,1729005100048,n/a,False
classification,SimpleMean,0.3,9,3,94,23,0,1729005220880,n/a,False
classification,SimpleMean,0.3,9,4,94,23,0,1729005473040,n/a,False
classification,SimpleMean,0.3,9,5,94,23,0,1729005807056,n/a,False
classification,"KNN(k=5,dist)",0.3,9,1,93,24,0,1729005094480,n/a,False
classification,"KNN(k=5,dist)",0.3,9,2,93,24,0,1729006442384,n/a,False
classification,"KNN(k=5,dist)",0.3,9,3,94,23,0,1729006743632,n/a,False
classification,"KNN(k=5,dist)",0.3,9,4,94,23,0,1729023674704,n/a,False
classification,"KNN(k=5,dist)",0.3,9,5,94,23,0,1729024025104,n/a,False
classification,RFECA_SVR(k=5),0.3,9,1,93,24,0,1729024919824,training_fold_X.corr(),False
classification,RFECA_SVR(k=5),0.3,9,2,93,24,0,1729025221232,training_fold_X.corr(),False
classification,RFECA_SVR(k=5),0.3,9,3,94,23,0,1729025542640,training_fold_X.corr(),False
classification,RFECA_SVR(k=5),0.3,9,4,94,23,0,1729025846512,training_fold_X.corr(),False
classification,RFECA_SVR(k=5),0.3,9,5,94,23,0,1729026183632,training_fold_X.corr(),False
classification,RFECA_SVR(k=10),0.3,9,1,93,24,0,1729026487952,training_fold_X.corr(),False
classification,RFECA_SVR(k=10),0.3,9,2,93,24,0,1729026842128,training_fold_X.corr(),False
classification,RFECA_SVR(k=10),0.3,9,3,94,23,0,1729027177872,training_fold_X.corr(),False
classification,RFECA_SVR(k=10),0.3,9,4,94,23,0,1729027532272,training_fold_X.corr(),False
classification,RFECA_SVR(k=10),0.3,9,5,94,23,0,1729027869616,training_fold_X.corr(),False
classification,RFECA_SVR(k=20),0.3,9,1,93,24,0,1729028207152,training_fold_X.corr(),False
classification,RFECA_SVR(k=20),0.3,9,2,93,24,0,1729028560432,training_fold_X.corr(),False
classification,RFECA_SVR(k=20),0.3,9,3,94,23,0,1729028864528,training_fold_X.corr(),False
classification,RFECA_SVR(k=20),0.3,9,4,94,23,0,1729045815248,training_fold_X.corr(),False
classification,RFECA_SVR(k=20),0.3,9,5,94,23,0,1729046136656,training_fold_X.corr(),False
classification,MissForest,0.3,9,1,93,24,0,1713097706704,n/a,False
classification,MissForest,0.3,9,2,93,24,0,1713097716944,n/a,False
classification,MissForest,0.3,9,3,94,23,0,1707608147600,n/a,False
classification,MissForest,0.3,9,4,94,23,0,1721125319248,n/a,False
classification,MissForest,0.3,9,5,94,23,0,1724827780752,n/a,False
