stage,imputer,missing_rate,replicate,fold,rmse,mae,corr_frobenius,corr_frobenius_rel,corr_mae_offdiag,corr_rv,n_masked_test_values,n_eligible_cells,n_artificially_masked_cells,n_legacy_imputed_cells_in_cohort,n_legacy_imputed_cells_in_metric_target,target_cell_policy,n_train,n_test,degenerate_constant_preds,seed
imputation,RFECA_SVR(k=5),0.0,0,1,,,5.723572058187916e-15,3.0768953435493874e-16,7.352501544107985e-17,1.0000000000000002,0,80400,0,0,0,originally_observed_only,1286,322,False,42
imputation,RFECA_SVR(k=5),0.0,0,2,,,5.427699092677351e-15,2.7908973982272053e-16,7.051142018621901e-17,1.0,0,80400,0,0,0,originally_observed_only,1286,322,False,42
imputation,RFECA_SVR(k=5),0.0,0,3,,,5.597709237002379e-15,2.8431838904997343e-16,6.86116435244125e-17,1.0,0,80400,0,0,0,originally_observed_only,1286,322,False,42
imputation,RFECA_SVR(k=5),0.0,0,4,,,6.240621949104495e-15,3.2261714621074946e-16,7.961119539961469e-17,1.0,0,80400,0,0,0,originally_observed_only,1287,321,False,42
imputation,RFECA_SVR(k=5),0.0,0,5,,,6.225571433348475e-15,3.2286832331060133e-16,7.928429738132285e-17,1.0000000000000002,0,80400,0,0,0,originally_observed_only,1287,321,False,42
imputation,RFECA_SVR(k=10),0.0,0,1,,,5.723572058187916e-15,3.0768953435493874e-16,7.352501544107985e-17,1.0000000000000002,0,80400,0,0,0,originally_observed_only,1286,322,False,42
imputation,RFECA_SVR(k=10),0.0,0,2,,,5.427699092677351e-15,2.7908973982272053e-16,7.051142018621901e-17,1.0,0,80400,0,0,0,originally_observed_only,1286,322,False,42
imputation,RFECA_SVR(k=10),0.0,0,3,,,5.597709237002379e-15,2.8431838904997343e-16,6.86116435244125e-17,1.0,0,80400,0,0,0,originally_observed_only,1286,322,False,42
imputation,RFECA_SVR(k=10),0.0,0,4,,,6.240621949104495e-15,3.2261714621074946e-16,7.961119539961469e-17,1.0,0,80400,0,0,0,originally_observed_only,1287,321,False,42
imputation,RFECA_SVR(k=10),0.0,0,5,,,6.225571433348475e-15,3.2286832331060133e-16,7.928429738132285e-17,1.0000000000000002,0,80400,0,0,0,originally_observed_only,1287,321,False,42
imputation,RFECA_SVR(k=20),0.0,0,1,,,5.723572058187916e-15,3.0768953435493874e-16,7.352501544107985e-17,1.0000000000000002,0,80400,0,0,0,originally_observed_only,1286,322,False,42
imputation,RFECA_SVR(k=20),0.0,0,2,,,5.427699092677351e-15,2.7908973982272053e-16,7.051142018621901e-17,1.0,0,80400,0,0,0,originally_observed_only,1286,322,False,42
imputation,RFECA_SVR(k=20),0.0,0,3,,,5.597709237002379e-15,2.8431838904997343e-16,6.86116435244125e-17,1.0,0,80400,0,0,0,originally_observed_only,1286,322,False,42
imputation,RFECA_SVR(k=20),0.0,0,4,,,6.240621949104495e-15,3.2261714621074946e-16,7.961119539961469e-17,1.0,0,80400,0,0,0,originally_observed_only,1287,321,False,42
imputation,RFECA_SVR(k=20),0.0,0,5,,,6.225571433348475e-15,3.2286832331060133e-16,7.928429738132285e-17,1.0000000000000002,0,80400,0,0,0,originally_observed_only,1287,321,False,42
imputation,RFECA_SVR(k=5),0.0,1,1,,,5.723572058187916e-15,3.0768953435493874e-16,7.352501544107985e-17,1.0000000000000002,0,80400,0,0,0,originally_observed_only,1286,322,False,1000045
imputation,RFECA_SVR(k=5),0.0,1,2,,,5.427699092677351e-15,2.7908973982272053e-16,7.051142018621901e-17,1.0,0,80400,0,0,0,originally_observed_only,1286,322,False,1000045
imputation,RFECA_SVR(k=5),0.0,1,3,,,5.597709237002379e-15,2.8431838904997343e-16,6.86116435244125e-17,1.0,0,80400,0,0,0,originally_observed_only,1286,322,False,1000045
imputation,RFECA_SVR(k=5),0.0,1,4,,,6.240621949104495e-15,3.2261714621074946e-16,7.961119539961469e-17,1.0,0,80400,0,0,0,originally_observed_only,1287,321,False,1000045
imputation,RFECA_SVR(k=5),0.0,1,5,,,6.225571433348475e-15,3.2286832331060133e-16,7.928429738132285e-17,1.0000000000000002,0,80400,0,0,0,originally_observed_only,1287,321,False,1000045
imputation,RFECA_SVR(k=10),0.0,1,1,,,5.723572058187916e-15,3.0768953435493874e-16,7.352501544107985e-17,1.0000000000000002,0,80400,0,0,0,originally_observed_only,1286,322,False,1000045
imputation,RFECA_SVR(k=10),0.0,1,2,,,5.427699092677351e-15,2.7908973982272053e-16,7.051142018621901e-17,1.0,0,80400,0,0,0,originally_observed_only,1286,322,False,1000045
imputation,RFECA_SVR(k=10),0.0,1,3,,,5.597709237002379e-15,2.8431838904997343e-16,6.86116435244125e-17,1.0,0,80400,0,0,0,originally_observed_only,1286,322,False,1000045
imputation,RFECA_SVR(k=10),0.0,1,4,,,6.240621949104495e-15,3.2261714621074946e-16,7.961119539961469e-17,1.0,0,80400,0,0,0,originally_observed_only,1287,321,False,1000045
imputation,RFECA_SVR(k=10),0.0,1,5,,,6.225571433348475e-15,3.2286832331060133e-16,7.928429738132285e-17,1.0000000000000002,0,80400,0,0,0,originally_observed_only,1287,321,False,1000045
imputation,RFECA_SVR(k=20),0.0,1,1,,,5.723572058187916e-15,3.0768953435493874e-16,7.352501544107985e-17,1.0000000000000002,0,80400,0,0,0,originally_observed_only,1286,322,False,1000045
imputation,RFECA_SVR(k=20),0.0,1,2,,,5.427699092677351e-15,2.7908973982272053e-16,7.051142018621901e-17,1.0,0,80400,0,0,0,originally_observed_only,1286,322,False,1000045
imputation,RFECA_SVR(k=20),0.0,1,3,,,5.597709237002379e-15,2.8431838904997343e-16,6.86116435244125e-17,1.0,0,80400,0,0,0,originally_observed_only,1286,322,False,1000045
imputation,RFECA_SVR(k=20),0.0,1,4,,,6.240621949104495e-15,3.2261714621074946e-16,7.961119539961469e-17,1.0,0,80400,0,0,0,originally_observed_only,1287,321,False,1000045
imputation,RFECA_SVR(k=20),0.0,1,5,,,6.225571433348475e-15,3.2286832331060133e-16,7.928429738132285e-17,1.0000000000000002,0,80400,0,0,0,originally_observed_only,1287,321,False,1000045
imputation,RFECA_SVR(k=5),0.0,2,1,,,5.723572058187916e-15,3.0768953435493874e-16,7.352501544107985e-17,1.0000000000000002,0,80400,0,0,0,originally_observed_only,1286,322,False,2000048
imputation,RFECA_SVR(k=5),0.0,2,2,,,5.427699092677351e-15,2.7908973982272053e-16,7.051142018621901e-17,1.0,0,80400,0,0,0,originally_observed_only,1286,322,False,2000048
imputation,RFECA_SVR(k=5),0.0,2,3,,,5.597709237002379e-15,2.8431838904997343e-16,6.86116435244125e-17,1.0,0,80400,0,0,0,originally_observed_only,1286,322,False,2000048
imputation,RFECA_SVR(k=5),0.0,2,4,,,6.240621949104495e-15,3.2261714621074946e-16,7.961119539961469e-17,1.0,0,80400,0,0,0,originally_observed_only,1287,321,False,2000048
imputation,RFECA_SVR(k=5),0.0,2,5,,,6.225571433348475e-15,3.2286832331060133e-16,7.928429738132285e-17,1.0000000000000002,0,80400,0,0,0,originally_observed_only,1287,321,False,2000048
imputation,RFECA_SVR(k=10),0.0,2,1,,,5.723572058187916e-15,3.0768953435493874e-16,7.352501544107985e-17,1.0000000000000002,0,80400,0,0,0,originally_observed_only,1286,322,False,2000048
imputation,RFECA_SVR(k=10),0.0,2,2,,,5.427699092677351e-15,2.7908973982272053e-16,7.051142018621901e-17,1.0,0,80400,0,0,0,originally_observed_only,1286,322,False,2000048
imputation,RFECA_SVR(k=10),0.0,2,3,,,5.597709237002379e-15,2.8431838904997343e-16,6.86116435244125e-17,1.0,0,80400,0,0,0,originally_observed_only,1286,322,False,2000048
imputation,RFECA_SVR(k=10),0.0,2,4,,,6.240621949104495e-15,3.2261714621074946e-16,7.961119539961469e-17,1.0,0,80400,0,0,0,originally_observed_only,1287,321,False,2000048
imputation,RFECA_SVR(k=10),0.0,2,5,,,6.225571433348475e-15,3.2286832331060133e-16,7.928429738132285e-17,1.0000000000000002,0,80400,0,0,0,originally_observed_only,1287,321,False,2000048
imputation,RFECA_SVR(k=20),0.0,2,1,,,5.723572058187916e-15,3.0768953435493874e-16,7.352501544107985e-17,1.0000000000000002,0,80400,0,0,0,originally_observed_only,1286,322,False,2000048
imputation,RFECA_SVR(k=20),0.0,2,2,,,5.427699092677351e-15,2.7908973982272053e-16,7.051142018621901e-17,1.0,0,80400,0,0,0,originally_observed_only,1286,322,False,2000048
imputation,RFECA_SVR(k=20),0.0,2,3,,,5.597709237002379e-15,2.8431838904997343e-16,6.86116435244125e-17,1.0,0,80400,0,0,0,originally_observed_only,1286,322,False,2000048
imputation,RFECA_SVR(k=20),0.0,2,4,,,6.240621949104495e-15,3.2261714621074946e-16,7.961119539961469e-17,1.0,0,80400,0,0,0,originally_observed_only,1287,321,False,2000048
imputation,RFECA_SVR(k=20),0.0,2,5,,,6.225571433348475e-15,3.2286832331060133e-16,7.928429738132285e-17,1.0000000000000002,0,80400,0,0,0,originally_observed_only,1287,321,False,2000048
imputation,RFECA_SVR(k=5),0.0,3,1,,,5.723572058187916e-15,3.0768953435493874e-16,7.352501544107985e-17,1.0000000000000002,0,80400,0,0,0,originally_observed_only,1286,322,False,3000051
imputation,RFECA_SVR(k=5),0.0,3,2,,,5.427699092677351e-15,2.7908973982272053e-16,7.051142018621901e-17,1.0,0,80400,0,0,0,originally_observed_only,1286,322,False,3000051
imputation,RFECA_SVR(k=5),0.0,3,3,,,5.597709237002379e-15,2.8431838904997343e-16,6.86116435244125e-17,1.0,0,80400,0,0,0,originally_observed_only,1286,322,False,3000051
imputation,RFECA_SVR(k=5),0.0,3,4,,,6.240621949104495e-15,3.2261714621074946e-16,7.961119539961469e-17,1.0,0,80400,0,0,0,originally_observed_only,1287,321,False,3000051
imputation,RFECA_SVR(k=5),0.0,3,5,,,6.225571433348475e-15,3.2286832331060133e-16,7.928429738132285e-17,1.0000000000000002,0,80400,0,0,0,originally_observed_only,1287,321,False,3000051
imputation,RFECA_SVR(k=10),0.0,3,1,,,5.723572058187916e-15,3.0768953435493874e-16,7.352501544107985e-17,1.0000000000000002,0,80400,0,0,0,originally_observed_only,1286,322,False,3000051
imputation,RFECA_SVR(k=10),0.0,3,2,,,5.427699092677351e-15,2.7908973982272053e-16,7.051142018621901e-17,1.0,0,80400,0,0,0,originally_observed_only,1286,322,False,3000051
imputation,RFECA_SVR(k=10),0.0,3,3,,,5.597709237002379e-15,2.8431838904997343e-16,6.86116435244125e-17,1.0,0,80400,0,0,0,originally_observed_only,1286,322,False,3000051
imputation,RFECA_SVR(k=10),0.0,3,4,,,6.240621949104495e-15,3.2261714621074946e-16,7.961119539961469e-17,1.0,0,80400,0,0,0,originally_observed_only,1287,321,False,3000051
imputation,RFECA_SVR(k=10),0.0,3,5,,,6.225571433348475e-15,3.2286832331060133e-16,7.928429738132285e-17,1.0000000000000002,0,80400,0,0,0,originally_observed_only,1287,321,False,3000051
imputation,RFECA_SVR(k=20),0.0,3,1,,,5.723572058187916e-15,3.0768953435493874e-16,7.352501544107985e-17,1.0000000000000002,0,80400,0,0,0,originally_observed_only,1286,322,False,3000051
imputation,RFECA_SVR(k=20),0.0,3,2,,,5.427699092677351e-15,2.7908973982272053e-16,7.051142018621901e-17,1.0,0,80400,0,0,0,originally_observed_only,1286,322,False,3000051
imputation,RFECA_SVR(k=20),0.0,3,3,,,5.597709237002379e-15,2.8431838904997343e-16,6.86116435244125e-17,1.0,0,80400,0,0,0,originally_observed_only,1286,322,False,3000051
imputation,RFECA_SVR(k=20),0.0,3,4,,,6.240621949104495e-15,3.2261714621074946e-16,7.961119539961469e-17,1.0,0,80400,0,0,0,originally_observed_only,1287,321,False,3000051
imputation,RFECA_SVR(k=20),0.0,3,5,,,6.225571433348475e-15,3.2286832331060133e-16,7.928429738132285e-17,1.0000000000000002,0,80400,0,0,0,originally_observed_only,1287,321,False,3000051
imputation,RFECA_SVR(k=5),0.0,4,1,,,5.723572058187916e-15,3.0768953435493874e-16,7.352501544107985e-17,1.0000000000000002,0,80400,0,0,0,originally_observed_only,1286,322,False,4000054
imputation,RFECA_SVR(k=5),0.0,4,2,,,5.427699092677351e-15,2.7908973982272053e-16,7.051142018621901e-17,1.0,0,80400,0,0,0,originally_observed_only,1286,322,False,4000054
imputation,RFECA_SVR(k=5),0.0,4,3,,,5.597709237002379e-15,2.8431838904997343e-16,6.86116435244125e-17,1.0,0,80400,0,0,0,originally_observed_only,1286,322,False,4000054
imputation,RFECA_SVR(k=5),0.0,4,4,,,6.240621949104495e-15,3.2261714621074946e-16,7.961119539961469e-17,1.0,0,80400,0,0,0,originally_observed_only,1287,321,False,4000054
imputation,RFECA_SVR(k=5),0.0,4,5,,,6.225571433348475e-15,3.2286832331060133e-16,7.928429738132285e-17,1.0000000000000002,0,80400,0,0,0,originally_observed_only,1287,321,False,4000054
imputation,RFECA_SVR(k=10),0.0,4,1,,,5.723572058187916e-15,3.0768953435493874e-16,7.352501544107985e-17,1.0000000000000002,0,80400,0,0,0,originally_observed_only,1286,322,False,4000054
imputation,RFECA_SVR(k=10),0.0,4,2,,,5.427699092677351e-15,2.7908973982272053e-16,7.051142018621901e-17,1.0,0,80400,0,0,0,originally_observed_only,1286,322,False,4000054
imputation,RFECA_SVR(k=10),0.0,4,3,,,5.597709237002379e-15,2.8431838904997343e-16,6.86116435244125e-17,1.0,0,80400,0,0,0,originally_observed_only,1286,322,False,4000054
imputation,RFECA_SVR(k=10),0.0,4,4,,,6.240621949104495e-15,3.2261714621074946e-16,7.961119539961469e-17,1.0,0,80400,0,0,0,originally_observed_only,1287,321,False,4000054
imputation,RFECA_SVR(k=10),0.0,4,5,,,6.225571433348475e-15,3.2286832331060133e-16,7.928429738132285e-17,1.0000000000000002,0,80400,0,0,0,originally_observed_only,1287,321,False,4000054
imputation,RFECA_SVR(k=20),0.0,4,1,,,5.723572058187916e-15,3.0768953435493874e-16,7.352501544107985e-17,1.0000000000000002,0,80400,0,0,0,originally_observed_only,1286,322,False,4000054
imputation,RFECA_SVR(k=20),0.0,4,2,,,5.427699092677351e-15,2.7908973982272053e-16,7.051142018621901e-17,1.0,0,80400,0,0,0,originally_observed_only,1286,322,False,4000054
imputation,RFECA_SVR(k=20),0.0,4,3,,,5.597709237002379e-15,2.8431838904997343e-16,6.86116435244125e-17,1.0,0,80400,0,0,0,originally_observed_only,1286,322,False,4000054
imputation,RFECA_SVR(k=20),0.0,4,4,,,6.240621949104495e-15,3.2261714621074946e-16,7.961119539961469e-17,1.0,0,80400,0,0,0,originally_observed_only,1287,321,False,4000054
imputation,RFECA_SVR(k=20),0.0,4,5,,,6.225571433348475e-15,3.2286832331060133e-16,7.928429738132285e-17,1.0000000000000002,0,80400,0,0,0,originally_observed_only,1287,321,False,4000054
imputation,RFECA_SVR(k=5),0.0,5,1,,,5.723572058187916e-15,3.0768953435493874e-16,7.352501544107985e-17,1.0000000000000002,0,80400,0,0,0,originally_observed_only,1286,322,False,5000057
imputation,RFECA_SVR(k=5),0.0,5,2,,,5.427699092677351e-15,2.7908973982272053e-16,7.051142018621901e-17,1.0,0,80400,0,0,0,originally_observed_only,1286,322,False,5000057
imputation,RFECA_SVR(k=5),0.0,5,3,,,5.597709237002379e-15,2.8431838904997343e-16,6.86116435244125e-17,1.0,0,80400,0,0,0,originally_observed_only,1286,322,False,5000057
imputation,RFECA_SVR(k=5),0.0,5,4,,,6.240621949104495e-15,3.2261714621074946e-16,7.961119539961469e-17,1.0,0,80400,0,0,0,originally_observed_only,1287,321,False,5000057
imputation,RFECA_SVR(k=5),0.0,5,5,,,6.225571433348475e-15,3.2286832331060133e-16,7.928429738132285e-17,1.0000000000000002,0,80400,0,0,0,originally_observed_only,1287,321,False,5000057
imputation,RFECA_SVR(k=10),0.0,5,1,,,5.723572058187916e-15,3.0768953435493874e-16,7.352501544107985e-17,1.0000000000000002,0,80400,0,0,0,originally_observed_only,1286,322,False,5000057
imputation,RFECA_SVR(k=10),0.0,5,2,,,5.427699092677351e-15,2.7908973982272053e-16,7.051142018621901e-17,1.0,0,80400,0,0,0,originally_observed_only,1286,322,False,5000057
imputation,RFECA_SVR(k=10),0.0,5,3,,,5.597709237002379e-15,2.8431838904997343e-16,6.86116435244125e-17,1.0,0,80400,0,0,0,originally_observed_only,1286,322,False,5000057
imputation,RFECA_SVR(k=10),0.0,5,4,,,6.240621949104495e-15,3.2261714621074946e-16,7.961119539961469e-17,1.0,0,80400,0,0,0,originally_observed_only,1287,321,False,5000057
imputation,RFECA_SVR(k=10),0.0,5,5,,,6.225571433348475e-15,3.2286832331060133e-16,7.928429738132285e-17,1.0000000000000002,0,80400,0,0,0,originally_observed_only,1287,321,False,5000057
imputation,RFECA_SVR(k=20),0.0,5,1,,,5.723572058187916e-15,3.0768953435493874e-16,7.352501544107985e-17,1.0000000000000002,0,80400,0,0,0,originally_observed_only,1286,322,False,5000057
imputation,RFECA_SVR(k=20),0.0,5,2,,,5.427699092677351e-15,2.7908973982272053e-16,7.051142018621901e-17,1.0,0,80400,0,0,0,originally_observed_only,1286,322,False,5000057
imputation,RFECA_SVR(k=20),0.0,5,3,,,5.597709237002379e-15,2.8431838904997343e-16,6.86116435244125e-17,1.0,0,80400,0,0,0,originally_observed_only,1286,322,False,5000057
imputation,RFECA_SVR(k=20),0.0,5,4,,,6.240621949104495e-15,3.2261714621074946e-16,7.961119539961469e-17,1.0,0,80400,0,0,0,originally_observed_only,1287,321,False,5000057
imputation,RFECA_SVR(k=20),0.0,5,5,,,6.225571433348475e-15,3.2286832331060133e-16,7.928429738132285e-17,1.0000000000000002,0,80400,0,0,0,originally_observed_only,1287,321,False,5000057
imputation,RFECA_SVR(k=5),0.0,6,1,,,5.723572058187916e-15,3.0768953435493874e-16,7.352501544107985e-17,1.0000000000000002,0,80400,0,0,0,originally_observed_only,1286,322,False,6000060
imputation,RFECA_SVR(k=5),0.0,6,2,,,5.427699092677351e-15,2.7908973982272053e-16,7.051142018621901e-17,1.0,0,80400,0,0,0,originally_observed_only,1286,322,False,6000060
imputation,RFECA_SVR(k=5),0.0,6,3,,,5.597709237002379e-15,2.8431838904997343e-16,6.86116435244125e-17,1.0,0,80400,0,0,0,originally_observed_only,1286,322,False,6000060
imputation,RFECA_SVR(k=5),0.0,6,4,,,6.240621949104495e-15,3.2261714621074946e-16,7.961119539961469e-17,1.0,0,80400,0,0,0,originally_observed_only,1287,321,False,6000060
imputation,RFECA_SVR(k=5),0.0,6,5,,,6.225571433348475e-15,3.2286832331060133e-16,7.928429738132285e-17,1.0000000000000002,0,80400,0,0,0,originally_observed_only,1287,321,False,6000060
imputation,RFECA_SVR(k=10),0.0,6,1,,,5.723572058187916e-15,3.0768953435493874e-16,7.352501544107985e-17,1.0000000000000002,0,80400,0,0,0,originally_observed_only,1286,322,False,6000060
imputation,RFECA_SVR(k=10),0.0,6,2,,,5.427699092677351e-15,2.7908973982272053e-16,7.051142018621901e-17,1.0,0,80400,0,0,0,originally_observed_only,1286,322,False,6000060
imputation,RFECA_SVR(k=10),0.0,6,3,,,5.597709237002379e-15,2.8431838904997343e-16,6.86116435244125e-17,1.0,0,80400,0,0,0,originally_observed_only,1286,322,False,6000060
imputation,RFECA_SVR(k=10),0.0,6,4,,,6.240621949104495e-15,3.2261714621074946e-16,7.961119539961469e-17,1.0,0,80400,0,0,0,originally_observed_only,1287,321,False,6000060
imputation,RFECA_SVR(k=10),0.0,6,5,,,6.225571433348475e-15,3.2286832331060133e-16,7.928429738132285e-17,1.0000000000000002,0,80400,0,0,0,originally_observed_only,1287,321,False,6000060
imputation,RFECA_SVR(k=20),0.0,6,1,,,5.723572058187916e-15,3.0768953435493874e-16,7.352501544107985e-17,1.0000000000000002,0,80400,0,0,0,originally_observed_only,1286,322,False,6000060
imputation,RFECA_SVR(k=20),0.0,6,2,,,5.427699092677351e-15,2.7908973982272053e-16,7.051142018621901e-17,1.0,0,80400,0,0,0,originally_observed_only,1286,322,False,6000060
imputation,RFECA_SVR(k=20),0.0,6,3,,,5.597709237002379e-15,2.8431838904997343e-16,6.86116435244125e-17,1.0,0,80400,0,0,0,originally_observed_only,1286,322,False,6000060
imputation,RFECA_SVR(k=20),0.0,6,4,,,6.240621949104495e-15,3.2261714621074946e-16,7.961119539961469e-17,1.0,0,80400,0,0,0,originally_observed_only,1287,321,False,6000060
imputation,RFECA_SVR(k=20),0.0,6,5,,,6.225571433348475e-15,3.2286832331060133e-16,7.928429738132285e-17,1.0000000000000002,0,80400,0,0,0,originally_observed_only,1287,321,False,6000060
imputation,RFECA_SVR(k=5),0.0,7,1,,,5.723572058187916e-15,3.0768953435493874e-16,7.352501544107985e-17,1.0000000000000002,0,80400,0,0,0,originally_observed_only,1286,322,False,7000063
imputation,RFECA_SVR(k=5),0.0,7,2,,,5.427699092677351e-15,2.7908973982272053e-16,7.051142018621901e-17,1.0,0,80400,0,0,0,originally_observed_only,1286,322,False,7000063
imputation,RFECA_SVR(k=5),0.0,7,3,,,5.597709237002379e-15,2.8431838904997343e-16,6.86116435244125e-17,1.0,0,80400,0,0,0,originally_observed_only,1286,322,False,7000063
imputation,RFECA_SVR(k=5),0.0,7,4,,,6.240621949104495e-15,3.2261714621074946e-16,7.961119539961469e-17,1.0,0,80400,0,0,0,originally_observed_only,1287,321,False,7000063
imputation,RFECA_SVR(k=5),0.0,7,5,,,6.225571433348475e-15,3.2286832331060133e-16,7.928429738132285e-17,1.0000000000000002,0,80400,0,0,0,originally_observed_only,1287,321,False,7000063
imputation,RFECA_SVR(k=10),0.0,7,1,,,5.723572058187916e-15,3.0768953435493874e-16,7.352501544107985e-17,1.0000000000000002,0,80400,0,0,0,originally_observed_only,1286,322,False,7000063
imputation,RFECA_SVR(k=10),0.0,7,2,,,5.427699092677351e-15,2.7908973982272053e-16,7.051142018621901e-17,1.0,0,80400,0,0,0,originally_observed_only,1286,322,False,7000063
imputation,RFECA_SVR(k=10),0.0,7,3,,,5.597709237002379e-15,2.8431838904997343e-16,6.86116435244125e-17,1.0,0,80400,0,0,0,originally_observed_only,1286,322,False,7000063
imputation,RFECA_SVR(k=10),0.0,7,4,,,6.240621949104495e-15,3.2261714621074946e-16,7.961119539961469e-17,1.0,0,80400,0,0,0,originally_observed_only,1287,321,False,7000063
imputation,RFECA_SVR(k=10),0.0,7,5,,,6.225571433348475e-15,3.2286832331060133e-16,7.928429738132285e-17,1.0000000000000002,0,80400,0,0,0,originally_observed_only,1287,321,False,7000063
imputation,RFECA_SVR(k=20),0.0,7,1,,,5.723572058187916e-15,3.0768953435493874e-16,7.352501544107985e-17,1.0000000000000002,0,80400,0,0,0,originally_observed_only,1286,322,False,7000063
imputation,RFECA_SVR(k=20),0.0,7,2,,,5.427699092677351e-15,2.7908973982272053e-16,7.051142018621901e-17,1.0,0,80400,0,0,0,originally_observed_only,1286,322,False,7000063
imputation,RFECA_SVR(k=20),0.0,7,3,,,5.597709237002379e-15,2.8431838904997343e-16,6.86116435244125e-17,1.0,0,80400,0,0,0,originally_observed_only,1286,322,False,7000063
imputation,RFECA_SVR(k=20),0.0,7,4,,,6.240621949104495e-15,3.2261714621074946e-16,7.961119539961469e-17,1.0,0,80400,0,0,0,originally_observed_only,1287,321,False,7000063
imputation,RFECA_SVR(k=20),0.0,7,5,,,6.225571433348475e-15,3.2286832331060133e-16,7.928429738132285e-17,1.0000000000000002,0,80400,0,0,0,originally_observed_only,1287,321,False,7000063
imputation,RFECA_SVR(k=5),0.0,8,1,,,5.723572058187916e-15,3.0768953435493874e-16,7.352501544107985e-17,1.0000000000000002,0,80400,0,0,0,originally_observed_only,1286,322,False,8000066
imputation,RFECA_SVR(k=5),0.0,8,2,,,5.427699092677351e-15,2.7908973982272053e-16,7.051142018621901e-17,1.0,0,80400,0,0,0,originally_observed_only,1286,322,False,8000066
imputation,RFECA_SVR(k=5),0.0,8,3,,,5.597709237002379e-15,2.8431838904997343e-16,6.86116435244125e-17,1.0,0,80400,0,0,0,originally_observed_only,1286,322,False,8000066
imputation,RFECA_SVR(k=5),0.0,8,4,,,6.240621949104495e-15,3.2261714621074946e-16,7.961119539961469e-17,1.0,0,80400,0,0,0,originally_observed_only,1287,321,False,8000066
imputation,RFECA_SVR(k=5),0.0,8,5,,,6.225571433348475e-15,3.2286832331060133e-16,7.928429738132285e-17,1.0000000000000002,0,80400,0,0,0,originally_observed_only,1287,321,False,8000066
imputation,RFECA_SVR(k=10),0.0,8,1,,,5.723572058187916e-15,3.0768953435493874e-16,7.352501544107985e-17,1.0000000000000002,0,80400,0,0,0,originally_observed_only,1286,322,False,8000066
imputation,RFECA_SVR(k=10),0.0,8,2,,,5.427699092677351e-15,2.7908973982272053e-16,7.051142018621901e-17,1.0,0,80400,0,0,0,originally_observed_only,1286,322,False,8000066
imputation,RFECA_SVR(k=10),0.0,8,3,,,5.597709237002379e-15,2.8431838904997343e-16,6.86116435244125e-17,1.0,0,80400,0,0,0,originally_observed_only,1286,322,False,8000066
imputation,RFECA_SVR(k=10),0.0,8,4,,,6.240621949104495e-15,3.2261714621074946e-16,7.961119539961469e-17,1.0,0,80400,0,0,0,originally_observed_only,1287,321,False,8000066
imputation,RFECA_SVR(k=10),0.0,8,5,,,6.225571433348475e-15,3.2286832331060133e-16,7.928429738132285e-17,1.0000000000000002,0,80400,0,0,0,originally_observed_only,1287,321,False,8000066
imputation,RFECA_SVR(k=20),0.0,8,1,,,5.723572058187916e-15,3.0768953435493874e-16,7.352501544107985e-17,1.0000000000000002,0,80400,0,0,0,originally_observed_only,1286,322,False,8000066
imputation,RFECA_SVR(k=20),0.0,8,2,,,5.427699092677351e-15,2.7908973982272053e-16,7.051142018621901e-17,1.0,0,80400,0,0,0,originally_observed_only,1286,322,False,8000066
imputation,RFECA_SVR(k=20),0.0,8,3,,,5.597709237002379e-15,2.8431838904997343e-16,6.86116435244125e-17,1.0,0,80400,0,0,0,originally_observed_only,1286,322,False,8000066
imputation,RFECA_SVR(k=20),0.0,8,4,,,6.240621949104495e-15,3.2261714621074946e-16,7.961119539961469e-17,1.0,0,80400,0,0,0,originally_observed_only,1287,321,False,8000066
imputation,RFECA_SVR(k=20),0.0,8,5,,,6.225571433348475e-15,3.2286832331060133e-16,7.928429738132285e-17,1.0000000000000002,0,80400,0,0,0,originally_observed_only,1287,321,False,8000066
imputation,RFECA_SVR(k=5),0.0,9,1,,,5.723572058187916e-15,3.0768953435493874e-16,7.352501544107985e-17,1.0000000000000002,0,80400,0,0,0,originally_observed_only,1286,322,False,9000069
imputation,RFECA_SVR(k=5),0.0,9,2,,,5.427699092677351e-15,2.7908973982272053e-16,7.051142018621901e-17,1.0,0,80400,0,0,0,originally_observed_only,1286,322,False,9000069
imputation,RFECA_SVR(k=5),0.0,9,3,,,5.597709237002379e-15,2.8431838904997343e-16,6.86116435244125e-17,1.0,0,80400,0,0,0,originally_observed_only,1286,322,False,9000069
imputation,RFECA_SVR(k=5),0.0,9,4,,,6.240621949104495e-15,3.2261714621074946e-16,7.961119539961469e-17,1.0,0,80400,0,0,0,originally_observed_only,1287,321,False,9000069
imputation,RFECA_SVR(k=5),0.0,9,5,,,6.225571433348475e-15,3.2286832331060133e-16,7.928429738132285e-17,1.0000000000000002,0,80400,0,0,0,originally_observed_only,1287,321,False,9000069
imputation,RFECA_SVR(k=10),0.0,9,1,,,5.723572058187916e-15,3.0768953435493874e-16,7.352501544107985e-17,1.0000000000000002,0,80400,0,0,0,originally_observed_only,1286,322,False,9000069
imputation,RFECA_SVR(k=10),0.0,9,2,,,5.427699092677351e-15,2.7908973982272053e-16,7.051142018621901e-17,1.0,0,80400,0,0,0,originally_observed_only,1286,322,False,9000069
imputation,RFECA_SVR(k=10),0.0,9,3,,,5.597709237002379e-15,2.8431838904997343e-16,6.86116435244125e-17,1.0,0,80400,0,0,0,originally_observed_only,1286,322,False,9000069
imputation,RFECA_SVR(k=10),0.0,9,4,,,6.240621949104495e-15,3.2261714621074946e-16,7.961119539961469e-17,1.0,0,80400,0,0,0,originally_observed_only,1287,321,False,9000069
imputation,RFECA_SVR(k=10),0.0,9,5,,,6.225571433348475e-15,3.2286832331060133e-16,7.928429738132285e-17,1.0000000000000002,0,80400,0,0,0,originally_observed_only,1287,321,False,9000069
imputation,RFECA_SVR(k=20),0.0,9,1,,,5.723572058187916e-15,3.0768953435493874e-16,7.352501544107985e-17,1.0000000000000002,0,80400,0,0,0,originally_observed_only,1286,322,False,9000069
imputation,RFECA_SVR(k=20),0.0,9,2,,,5.427699092677351e-15,2.7908973982272053e-16,7.051142018621901e-17,1.0,0,80400,0,0,0,originally_observed_only,1286,322,False,9000069
imputation,RFECA_SVR(k=20),0.0,9,3,,,5.597709237002379e-15,2.8431838904997343e-16,6.86116435244125e-17,1.0,0,80400,0,0,0,originally_observed_only,1286,322,False,9000069
imputation,RFECA_SVR(k=20),0.0,9,4,,,6.240621949104495e-15,3.2261714621074946e-16,7.961119539961469e-17,1.0,0,80400,0,0,0,originally_observed_only,1287,321,False,9000069
imputation,RFECA_SVR(k=20),0.0,9,5,,,6.225571433348475e-15,3.2286832331060133e-16,7.928429738132285e-17,1.0000000000000002,0,80400,0,0,0,originally_observed_only,1287,321,False,9000069
imputation,RFECA_SVR(k=5),0.05,0,1,0.6879327918646851,0.45760173428702067,0.7288521924744041,0.03918185871272605,0.010893818936332018,0.9993247237606028,775,80400,4020,0,0,originally_observed_only,1286,322,False,50042
imputation,RFECA_SVR(k=5),0.05,0,2,0.7126734365217154,0.4637758585334517,0.7713883600205084,0.03966442741655436,0.011838964759394057,0.9992731242893648,819,80400,4020,0,0,originally_observed_only,1286,322,False,50042
imputation,RFECA_SVR(k=5),0.05,0,3,0.6469898661084831,0.4338432480761631,0.6930821512822017,0.035202971856639474,0.01046923719297232,0.9994502587131581,804,80400,4020,0,0,originally_observed_only,1286,322,False,50042
imputation,RFECA_SVR(k=5),0.05,0,4,0.6572041116920926,0.4323392547672112,0.6929205259985138,0.03582143646444891,0.010749101074901107,0.9994668789577282,803,80400,4020,0,0,originally_observed_only,1287,321,False,50042
imputation,RFECA_SVR(k=5),0.05,0,5,0.7134261172828174,0.46023314865125925,0.7014727147566198,0.036379523018305424,0.010905293318586036,0.9994181362835471,819,80400,4020,0,0,originally_observed_only,1287,321,False,50042
imputation,RFECA_SVR(k=10),0.05,0,1,0.6945753279675493,0.4635092606299221,0.6904126034968693,0.03711541155122434,0.01052273135595419,0.9994145244396841,775,80400,4020,0,0,originally_observed_only,1286,322,False,50042
imputation,RFECA_SVR(k=10),0.05,0,2,0.6932124922152224,0.4564299153621431,0.7441723976870983,0.0382649954073437,0.011422571668818857,0.9993440852340647,819,80400,4020,0,0,originally_observed_only,1286,322,False,50042
imputation,RFECA_SVR(k=10),0.05,0,3,0.6234743035191774,0.42097935315773277,0.6667567717725789,0.03386585533693376,0.010290246289185269,0.9995155882960194,804,80400,4020,0,0,originally_observed_only,1286,322,False,50042
imputation,RFECA_SVR(k=10),0.05,0,4,0.6444300415240608,0.42226921198314477,0.6843830229564506,0.035380079034106365,0.01065719620246009,0.9994956817492696,803,80400,4020,0,0,originally_observed_only,1287,321,False,50042
imputation,RFECA_SVR(k=10),0.05,0,5,0.6774314418785146,0.4423772871536784,0.662909465639523,0.034379569806436285,0.01039685586016439,0.9994996863059713,819,80400,4020,0,0,originally_observed_only,1287,321,False,50042
imputation,RFECA_SVR(k=20),0.05,0,1,0.6692497933977178,0.45437970896558844,0.6631792801727423,0.0356513942404698,0.010023098280412202,0.9994541683822541,775,80400,4020,0,0,originally_observed_only,1286,322,False,50042
imputation,RFECA_SVR(k=20),0.05,0,2,0.6790218458702258,0.4421366019611268,0.704416528988092,0.036220767298493474,0.010977784221339937,0.9994209990263214,819,80400,4020,0,0,originally_observed_only,1286,322,False,50042
imputation,RFECA_SVR(k=20),0.05,0,3,0.6081621136697041,0.40909465036683396,0.651097049504967,0.03307046800622602,0.00997734771359663,0.9995405512854761,804,80400,4020,0,0,originally_observed_only,1286,322,False,50042
imputation,RFECA_SVR(k=20),0.05,0,4,0.6446826596198143,0.4146197917792315,0.6980031122066493,0.036084187432415184,0.010784020876373335,0.9994733627741025,803,80400,4020,0,0,originally_observed_only,1287,321,False,50042
imputation,RFECA_SVR(k=20),0.05,0,5,0.6628225331638675,0.4321577985103764,0.6422257130975736,0.03330687654855831,0.010058335026080141,0.9995216732896294,819,80400,4020,0,0,originally_observed_only,1287,321,False,50042
imputation,RFECA_SVR(k=5),0.05,1,1,0.70013667446942,0.45914095593847537,0.7307194561106356,0.03928223964143788,0.011004751686385733,0.99931368824464,776,80400,4020,0,0,originally_observed_only,1286,322,False,1050045
imputation,RFECA_SVR(k=5),0.05,1,2,0.7336238238800342,0.4734324540311246,0.6933527449112903,0.035651872714116975,0.01077521975006409,0.9994128376976567,828,80400,4020,0,0,originally_observed_only,1286,322,False,1050045
imputation,RFECA_SVR(k=5),0.05,1,3,0.6323667859257631,0.4157550395870604,0.6478950424155228,0.03290783192441965,0.009403459198018936,0.9995062870971894,797,80400,4020,0,0,originally_observed_only,1286,322,False,1050045
imputation,RFECA_SVR(k=5),0.05,1,4,0.6789783009624276,0.4608387590831375,0.6932866176940654,0.03584036205536493,0.01077310335633424,0.9994258384662656,797,80400,4020,0,0,originally_observed_only,1287,321,False,1050045
imputation,RFECA_SVR(k=5),0.05,1,5,0.6360095941706817,0.4301912790704489,0.7186375537341954,0.037269719659677104,0.010877361996140053,0.9993848588340801,822,80400,4020,0,0,originally_observed_only,1287,321,False,1050045
imputation,RFECA_SVR(k=10),0.05,1,1,0.6847753285592291,0.43407741057472315,0.7188389263216479,0.03864356249340859,0.010660957051256121,0.9993356440481441,776,80400,4020,0,0,originally_observed_only,1286,322,False,1050045
imputation,RFECA_SVR(k=10),0.05,1,2,0.7152422578396687,0.46532893224596583,0.6808332159840405,0.03500812441279292,0.010598192966823319,0.9994467339415269,828,80400,4020,0,0,originally_observed_only,1286,322,False,1050045
imputation,RFECA_SVR(k=10),0.05,1,3,0.6142148358308253,0.40479514016258805,0.6342102061149655,0.03221275283998499,0.00928135878926662,0.9995438470671711,797,80400,4020,0,0,originally_observed_only,1286,322,False,1050045
imputation,RFECA_SVR(k=10),0.05,1,4,0.6578479564187886,0.4445753581382801,0.6886868584373415,0.03560257146065126,0.010589881262632718,0.9994424174210141,797,80400,4020,0,0,originally_observed_only,1287,321,False,1050045
imputation,RFECA_SVR(k=10),0.05,1,5,0.6055397073077469,0.40969563773635564,0.686982803420776,0.03562805250222352,0.010323071875490922,0.9994553559069765,822,80400,4020,0,0,originally_observed_only,1287,321,False,1050045
imputation,RFECA_SVR(k=20),0.05,1,1,0.6683497084694084,0.4249609080711652,0.6975534168855891,0.03749928957777029,0.010255915551787113,0.9993718661956354,776,80400,4020,0,0,originally_observed_only,1286,322,False,1050045
imputation,RFECA_SVR(k=20),0.05,1,2,0.7065716061917378,0.4577433070002091,0.6800710983856484,0.03496893668358801,0.010573780184112699,0.9994512434563488,828,80400,4020,0,0,originally_observed_only,1286,322,False,1050045
imputation,RFECA_SVR(k=20),0.05,1,3,0.602341891260934,0.4006464039539857,0.6174059077052806,0.03135923029162284,0.009034988415111762,0.9995621103959125,797,80400,4020,0,0,originally_observed_only,1286,322,False,1050045
imputation,RFECA_SVR(k=20),0.05,1,4,0.6689066296117486,0.44727028136044494,0.7029375149871215,0.036339277863508955,0.010680258541085778,0.9994093364303221,797,80400,4020,0,0,originally_observed_only,1287,321,False,1050045
imputation,RFECA_SVR(k=20),0.05,1,5,0.5936805068719856,0.4023081029230111,0.6614749301722079,0.03430517244933898,0.009888824279616173,0.9994976551840341,822,80400,4020,0,0,originally_observed_only,1287,321,False,1050045
imputation,RFECA_SVR(k=5),0.05,2,1,0.6795599373165149,0.4580844281813157,0.5766717712185062,0.031000897159672722,0.009010287541695921,0.9995557563333455,806,80400,4020,0,0,originally_observed_only,1286,322,False,2050048
imputation,RFECA_SVR(k=5),0.05,2,2,0.6938458170384454,0.45087754643619476,0.6315554209337564,0.03247428332013257,0.009719806816386737,0.9995002463283362,766,80400,4020,0,0,originally_observed_only,1286,322,False,2050048
imputation,RFECA_SVR(k=5),0.05,2,3,0.702545267102023,0.48475727408915725,0.6920207662826796,0.03514906207668321,0.010812362895041042,0.999456561407091,802,80400,4020,0,0,originally_observed_only,1286,322,False,2050048
imputation,RFECA_SVR(k=5),0.05,2,4,0.6929315575136338,0.4521593686266551,0.7038539178788438,0.03638665251432387,0.011229250708352154,0.9994018411024224,836,80400,4020,0,0,originally_observed_only,1287,321,False,2050048
imputation,RFECA_SVR(k=5),0.05,2,5,0.6878303958247179,0.4615798703934675,0.7480026054182919,0.03879263929889068,0.011439535671476295,0.9993088083153918,810,80400,4020,0,0,originally_observed_only,1287,321,False,2050048
imputation,RFECA_SVR(k=10),0.05,2,1,0.6518731292017446,0.43876951822299826,0.5658974904754073,0.030421690085637377,0.00875587246317218,0.9995842873766265,806,80400,4020,0,0,originally_observed_only,1286,322,False,2050048
imputation,RFECA_SVR(k=10),0.05,2,2,0.6822466200943774,0.43486114371022655,0.6341422021983327,0.032607294398635966,0.009695793953754773,0.9995061583597195,766,80400,4020,0,0,originally_observed_only,1286,322,False,2050048
imputation,RFECA_SVR(k=10),0.05,2,3,0.6742352541669266,0.466640533007326,0.6929259044045017,0.03519503577802573,0.010774042390481941,0.9994744461217198,802,80400,4020,0,0,originally_observed_only,1286,322,False,2050048
imputation,RFECA_SVR(k=10),0.05,2,4,0.6727903154426698,0.438353319964917,0.6895349750270978,0.035646415961419396,0.010917556225301257,0.9994378068213321,836,80400,4020,0,0,originally_observed_only,1287,321,False,2050048
imputation,RFECA_SVR(k=10),0.05,2,5,0.6645168192515528,0.4448182237329461,0.7241130167446597,0.03755368613254865,0.010979181104918372,0.9993634545767563,810,80400,4020,0,0,originally_observed_only,1287,321,False,2050048
imputation,RFECA_SVR(k=20),0.05,2,1,0.651515048759682,0.44126413026301164,0.565213047589598,0.03038489559599241,0.008796847418787,0.9995781767990509,806,80400,4020,0,0,originally_observed_only,1286,322,False,2050048
imputation,RFECA_SVR(k=20),0.05,2,2,0.6812196079873399,0.4347166732671746,0.6331849359955949,0.032558072219789756,0.009713477756664477,0.9995115811144413,766,80400,4020,0,0,originally_observed_only,1286,322,False,2050048
imputation,RFECA_SVR(k=20),0.05,2,3,0.6583380261855689,0.4556285184595359,0.669366563124878,0.033998411645528234,0.010292513092132497,0.9995047281163324,802,80400,4020,0,0,originally_observed_only,1286,322,False,2050048
imputation,RFECA_SVR(k=20),0.05,2,4,0.658164448554057,0.43305106399066784,0.6576821654098326,0.033999743142375936,0.010267877049924538,0.9994911251565298,836,80400,4020,0,0,originally_observed_only,1287,321,False,2050048
imputation,RFECA_SVR(k=20),0.05,2,5,0.6459429878687194,0.43508415654546173,0.7039258853105633,0.0365067484580946,0.010525273460148844,0.9993969644391149,810,80400,4020,0,0,originally_observed_only,1287,321,False,2050048
imputation,RFECA_SVR(k=5),0.05,3,1,0.6757128192268043,0.4545745502830935,0.7089975134365849,0.038114504814529916,0.010952301686606146,0.9993509091746564,785,80400,4020,0,0,originally_observed_only,1286,322,False,3050051
imputation,RFECA_SVR(k=5),0.05,3,2,0.6437278810902362,0.4476531887807114,0.6841569862472624,0.03517903111969651,0.01062475946158002,0.9994209327897406,820,80400,4020,0,0,originally_observed_only,1286,322,False,3050051
imputation,RFECA_SVR(k=5),0.05,3,3,0.7032632475495596,0.46797512355096704,0.7526339023740352,0.038227719520132285,0.011698939705880583,0.9993876867969267,787,80400,4020,0,0,originally_observed_only,1286,322,False,3050051
imputation,RFECA_SVR(k=5),0.05,3,4,0.6744775180608433,0.4375357138470352,0.6459935994959266,0.03339548737921731,0.010016784237694415,0.9995162846880565,789,80400,4020,0,0,originally_observed_only,1287,321,False,3050051
imputation,RFECA_SVR(k=5),0.05,3,5,0.7107128093958626,0.47871242894698174,0.7494656309757438,0.03886851419868939,0.011697316141162985,0.9993439630047029,839,80400,4020,0,0,originally_observed_only,1287,321,False,3050051
imputation,RFECA_SVR(k=10),0.05,3,1,0.6714384905641464,0.4496668692115937,0.7035660160637588,0.03782251672029353,0.010944724177909775,0.9993793441781842,785,80400,4020,0,0,originally_observed_only,1286,322,False,3050051
imputation,RFECA_SVR(k=10),0.05,3,2,0.6297461843632879,0.4396356884303713,0.689254784978852,0.03544115753779279,0.010673424574803362,0.9994272224729883,820,80400,4020,0,0,originally_observed_only,1286,322,False,3050051
imputation,RFECA_SVR(k=10),0.05,3,3,0.6883383549080901,0.45829873707235963,0.7372078951781387,0.037444203026203195,0.01153058012206841,0.9994327758817247,787,80400,4020,0,0,originally_observed_only,1286,322,False,3050051
imputation,RFECA_SVR(k=10),0.05,3,4,0.6537094064746926,0.42547728752003344,0.6351476827243574,0.032834793469953175,0.009736484825237226,0.9995383433572265,789,80400,4020,0,0,originally_observed_only,1287,321,False,3050051
imputation,RFECA_SVR(k=10),0.05,3,5,0.6860515004240261,0.4625750429453257,0.7366160473215654,0.038202113760740765,0.011562595917386358,0.9994008989657884,839,80400,4020,0,0,originally_observed_only,1287,321,False,3050051
imputation,RFECA_SVR(k=20),0.05,3,1,0.65638388724072,0.4416988116437094,0.6751012420002537,0.03629229870467701,0.010383264625815066,0.9994283012443921,785,80400,4020,0,0,originally_observed_only,1286,322,False,3050051
imputation,RFECA_SVR(k=20),0.05,3,2,0.6105735031551942,0.4273880365228354,0.6491479622007862,0.033378883534919704,0.010070482800049258,0.9994990544582457,820,80400,4020,0,0,originally_observed_only,1286,322,False,3050051
imputation,RFECA_SVR(k=20),0.05,3,3,0.674450088023173,0.4468715231165841,0.6961620025772024,0.03535940341134041,0.01079652473879491,0.9995027528616585,787,80400,4020,0,0,originally_observed_only,1286,322,False,3050051
imputation,RFECA_SVR(k=20),0.05,3,4,0.6255367113908807,0.40940990285877826,0.5979330833956076,0.03091093589121608,0.009235721024121863,0.9995982840069936,789,80400,4020,0,0,originally_observed_only,1287,321,False,3050051
imputation,RFECA_SVR(k=20),0.05,3,5,0.6674717648404276,0.4481552577953423,0.713279061176007,0.03699181946589456,0.011234582251277296,0.9994399635551289,839,80400,4020,0,0,originally_observed_only,1287,321,False,3050051
imputation,RFECA_SVR(k=5),0.05,4,1,0.7090504232998871,0.4597007271854185,0.7938629369667347,0.04267672616570018,0.012338751717835626,0.9992119222899014,811,80400,4020,0,0,originally_observed_only,1286,322,False,4050054
imputation,RFECA_SVR(k=5),0.05,4,2,0.6531317522091318,0.4458032021698222,0.6995203185341602,0.0359690064550177,0.011003874224580512,0.9994724475514435,791,80400,4020,0,0,originally_observed_only,1286,322,False,4050054
imputation,RFECA_SVR(k=5),0.05,4,3,0.6302825823132866,0.4284603972589812,0.7038842641697082,0.035751631889606186,0.010250590023812007,0.9994253256379726,818,80400,4020,0,0,originally_observed_only,1286,322,False,4050054
imputation,RFECA_SVR(k=5),0.05,4,4,0.6464887452251705,0.43725039389934245,0.6944841954296316,0.03590227240894264,0.010712266396674285,0.9994315689250367,813,80400,4020,0,0,originally_observed_only,1287,321,False,4050054
imputation,RFECA_SVR(k=5),0.05,4,5,0.6928685268605351,0.4615597981701318,0.714637136832879,0.037062251492088076,0.010891185247738142,0.9994432936668475,787,80400,4020,0,0,originally_observed_only,1287,321,False,4050054
imputation,RFECA_SVR(k=10),0.05,4,1,0.6854435503443848,0.44834601294377985,0.767184440800523,0.04124253542271326,0.01191908476575014,0.9992859639515662,811,80400,4020,0,0,originally_observed_only,1286,322,False,4050054
imputation,RFECA_SVR(k=10),0.05,4,2,0.6490630359209625,0.43847749522918034,0.688222328855344,0.03538806912851141,0.010715725641400834,0.9995006604485616,791,80400,4020,0,0,originally_observed_only,1286,322,False,4050054
imputation,RFECA_SVR(k=10),0.05,4,3,0.6092122421395691,0.4161574354594761,0.6917251115535787,0.035134045205900195,0.010160542920343768,0.9994616357677745,818,80400,4020,0,0,originally_observed_only,1286,322,False,4050054
imputation,RFECA_SVR(k=10),0.05,4,4,0.6249706529309885,0.4194874938723856,0.6648156945464863,0.03436852029812219,0.01022949177512061,0.9994873127955849,813,80400,4020,0,0,originally_observed_only,1287,321,False,4050054
imputation,RFECA_SVR(k=10),0.05,4,5,0.6783148677137787,0.45606380468481916,0.7279203338522303,0.037751139828806686,0.011043452842475949,0.9994427822207845,787,80400,4020,0,0,originally_observed_only,1287,321,False,4050054
imputation,RFECA_SVR(k=20),0.05,4,1,0.6592829397967274,0.4291773251883491,0.7137536991739774,0.03837018929966719,0.011129079755482118,0.9993784336699918,811,80400,4020,0,0,originally_observed_only,1286,322,False,4050054
imputation,RFECA_SVR(k=20),0.05,4,2,0.6270205304069604,0.4280965353388958,0.6649426015120661,0.03419103647499811,0.010411163562249658,0.999539001171214,791,80400,4020,0,0,originally_observed_only,1286,322,False,4050054
imputation,RFECA_SVR(k=20),0.05,4,3,0.6020589756686792,0.41295688214978055,0.6726038018194813,0.03416283720813798,0.009843056119640765,0.9994880607182963,818,80400,4020,0,0,originally_observed_only,1286,322,False,4050054
imputation,RFECA_SVR(k=20),0.05,4,4,0.6085763251337557,0.4117698070911069,0.6697068514668146,0.03462137507768975,0.010212834048142308,0.9994808789052976,813,80400,4020,0,0,originally_observed_only,1287,321,False,4050054
imputation,RFECA_SVR(k=20),0.05,4,5,0.6679047540544629,0.4488864217304869,0.7065188548421205,0.03664122410165798,0.010708375939357286,0.9994761836012676,787,80400,4020,0,0,originally_observed_only,1287,321,False,4050054
imputation,RFECA_SVR(k=5),0.05,5,1,0.6530626667453053,0.4508980884131839,0.7731444922864976,0.04156293769035442,0.011935297095768403,0.99920068538241,788,80400,4020,0,0,originally_observed_only,1286,322,False,5050057
imputation,RFECA_SVR(k=5),0.05,5,2,0.6967356468454222,0.45665383286953765,0.7064454335315085,0.03632509261783757,0.011058796075236027,0.9994305152736517,815,80400,4020,0,0,originally_observed_only,1286,322,False,5050057
imputation,RFECA_SVR(k=5),0.05,5,3,0.6882187808996209,0.4607816176072158,0.7183581367979186,0.03648678764256398,0.011050133691657606,0.999407332288885,802,80400,4020,0,0,originally_observed_only,1286,322,False,5050057
imputation,RFECA_SVR(k=5),0.05,5,4,0.720747638671506,0.4848044640468493,0.84890067422315,0.04388503504423194,0.012753988506571423,0.9991835644517885,840,80400,4020,0,0,originally_observed_only,1287,321,False,5050057
imputation,RFECA_SVR(k=5),0.05,5,5,0.6842484083633141,0.468030466459812,0.6996779953291148,0.0362864459315552,0.010933230722718578,0.9993870495019495,775,80400,4020,0,0,originally_observed_only,1287,321,False,5050057
imputation,RFECA_SVR(k=10),0.05,5,1,0.6382536583021792,0.43809588296264323,0.7683321749039994,0.04130423566310016,0.011776006793074213,0.9992301831101295,788,80400,4020,0,0,originally_observed_only,1286,322,False,5050057
imputation,RFECA_SVR(k=10),0.05,5,2,0.6534426744279962,0.43272230501620385,0.6824671190257725,0.0350921389403167,0.010620266786510086,0.9994903504742718,815,80400,4020,0,0,originally_observed_only,1286,322,False,5050057
imputation,RFECA_SVR(k=10),0.05,5,3,0.6606483445126582,0.4474475795368065,0.6670577252398924,0.03388114134079405,0.01058905685696499,0.9995133199523626,802,80400,4020,0,0,originally_observed_only,1286,322,False,5050057
imputation,RFECA_SVR(k=10),0.05,5,4,0.7048235745961653,0.4707265792431874,0.8450981127021617,0.043688456633266336,0.012615658648714487,0.9992101822067135,840,80400,4020,0,0,originally_observed_only,1287,321,False,5050057
imputation,RFECA_SVR(k=10),0.05,5,5,0.6591062746992752,0.4472674557173967,0.6621099621475672,0.034338106246875146,0.010144532249674912,0.9994598823558607,775,80400,4020,0,0,originally_observed_only,1287,321,False,5050057
imputation,RFECA_SVR(k=20),0.05,5,1,0.6187385450888283,0.42465648692395985,0.7149498832003728,0.0384344941258042,0.010901836063997585,0.9993253203589028,788,80400,4020,0,0,originally_observed_only,1286,322,False,5050057
imputation,RFECA_SVR(k=20),0.05,5,2,0.6413536416813479,0.4252891006845467,0.6610334650322913,0.03399003051198447,0.010299216602767688,0.9995156043015749,815,80400,4020,0,0,originally_observed_only,1286,322,False,5050057
imputation,RFECA_SVR(k=20),0.05,5,3,0.6544652948233515,0.4373088182731335,0.6461002286349494,0.03281666988989237,0.010173487313384463,0.9995427510778583,802,80400,4020,0,0,originally_observed_only,1286,322,False,5050057
imputation,RFECA_SVR(k=20),0.05,5,4,0.6802782762094856,0.45537073075296997,0.8343987200753304,0.04313533748206507,0.012512914359170967,0.9992358530738393,840,80400,4020,0,0,originally_observed_only,1287,321,False,5050057
imputation,RFECA_SVR(k=20),0.05,5,5,0.6402147082805466,0.4375373879681121,0.6630551238104848,0.034387123877566685,0.01011417680858294,0.9994611268907249,775,80400,4020,0,0,originally_observed_only,1287,321,False,5050057
imputation,RFECA_SVR(k=5),0.05,6,1,0.7390475095121257,0.48004262159561656,0.7908766674464651,0.04251618937699397,0.012315788344550748,0.9991945257481653,778,80400,4020,0,0,originally_observed_only,1286,322,False,6050060
imputation,RFECA_SVR(k=5),0.05,6,2,0.7237739629867471,0.4900102207921033,0.6954679213529953,0.035760634093978845,0.010965210747922016,0.9994187067847045,791,80400,4020,0,0,originally_observed_only,1286,322,False,6050060
imputation,RFECA_SVR(k=5),0.05,6,3,0.6806071666353433,0.4608713331903579,0.7868615848784042,0.03996620916625894,0.012235803572727376,0.9993458519553884,824,80400,4020,0,0,originally_observed_only,1286,322,False,6050060
imputation,RFECA_SVR(k=5),0.05,6,4,0.6621697277355357,0.44743200485187096,0.7319700845730783,0.03784015467088076,0.011370541331222866,0.9993635311170906,818,80400,4020,0,0,originally_observed_only,1287,321,False,6050060
imputation,RFECA_SVR(k=5),0.05,6,5,0.6798010279913757,0.4482051288475368,0.6695824400675329,0.034725641181270264,0.010039203889085893,0.9994411264182754,809,80400,4020,0,0,originally_observed_only,1287,321,False,6050060
imputation,RFECA_SVR(k=10),0.05,6,1,0.7216128528510372,0.4667035706429377,0.7877667515979392,0.04234900557121885,0.012264041879410492,0.9992165832992761,778,80400,4020,0,0,originally_observed_only,1286,322,False,6050060
imputation,RFECA_SVR(k=10),0.05,6,2,0.7098997556623945,0.4785193954547059,0.6779998664172541,0.03486243490791818,0.010711519055054077,0.9994617022792776,791,80400,4020,0,0,originally_observed_only,1286,322,False,6050060
imputation,RFECA_SVR(k=10),0.05,6,3,0.6624127078408106,0.4461592660371181,0.8036317537162763,0.040817998208205176,0.012451260497247447,0.9993413311270362,824,80400,4020,0,0,originally_observed_only,1286,322,False,6050060
imputation,RFECA_SVR(k=10),0.05,6,4,0.648596733792482,0.4399508793112793,0.7318543108618474,0.037834169596856385,0.011424711531378126,0.9993760252163194,818,80400,4020,0,0,originally_observed_only,1287,321,False,6050060
imputation,RFECA_SVR(k=10),0.05,6,5,0.6726436243319108,0.4411406425307787,0.6693503735495819,0.03471360583184901,0.0100958052280229,0.9994549778879319,809,80400,4020,0,0,originally_observed_only,1287,321,False,6050060
imputation,RFECA_SVR(k=20),0.05,6,1,0.7020339005882659,0.4544676210410243,0.7536241139553844,0.04051355523162566,0.011805773538201274,0.9992817212251182,778,80400,4020,0,0,originally_observed_only,1286,322,False,6050060
imputation,RFECA_SVR(k=20),0.05,6,2,0.685233935519172,0.45351616810263556,0.6433888985633044,0.033082755185731054,0.010134654944048463,0.9995348614161581,791,80400,4020,0,0,originally_observed_only,1286,322,False,6050060
imputation,RFECA_SVR(k=20),0.05,6,3,0.6496343695305349,0.43175041869680797,0.7910545655870376,0.040179178698959185,0.012246355474036425,0.9993517392728464,824,80400,4020,0,0,originally_observed_only,1286,322,False,6050060
imputation,RFECA_SVR(k=20),0.05,6,4,0.6375801753365355,0.4338299293184122,0.7010456171828656,0.036241473722269636,0.010965268172245822,0.9994337804632908,818,80400,4020,0,0,originally_observed_only,1287,321,False,6050060
imputation,RFECA_SVR(k=20),0.05,6,5,0.6372223730160625,0.4251204026304459,0.6506259062546945,0.033742524313452094,0.009823995685338729,0.9994761128062472,809,80400,4020,0,0,originally_observed_only,1287,321,False,6050060
imputation,RFECA_SVR(k=5),0.05,7,1,0.7191983004243265,0.47447041516102556,0.7775517046864577,0.04179986196026156,0.012333068100374676,0.9992820619770005,774,80400,4020,0,0,originally_observed_only,1286,322,False,7050063
imputation,RFECA_SVR(k=5),0.05,7,2,0.7022601796136234,0.4657558436831695,0.6964546286886779,0.03581137012206271,0.0107464581676984,0.9994110914381319,800,80400,4020,0,0,originally_observed_only,1286,322,False,7050063
imputation,RFECA_SVR(k=5),0.05,7,3,0.714648258146189,0.45521779478109314,0.6944751496809671,0.035273724917207205,0.010525577460897387,0.999432664907358,807,80400,4020,0,0,originally_observed_only,1286,322,False,7050063
imputation,RFECA_SVR(k=5),0.05,7,4,0.6737106960658792,0.4494098576353959,0.7075721726423774,0.03657887257675977,0.010772763510427644,0.9994178423719303,809,80400,4020,0,0,originally_observed_only,1287,321,False,7050063
imputation,RFECA_SVR(k=5),0.05,7,5,0.7021614324147464,0.45717077026744185,0.7690427823865182,0.03988381731083998,0.012036016135191443,0.999324729009718,830,80400,4020,0,0,originally_observed_only,1287,321,False,7050063
imputation,RFECA_SVR(k=10),0.05,7,1,0.6968244201880648,0.4586603379487058,0.744781007276455,0.04003816480260182,0.01193834718201278,0.9993571835094636,774,80400,4020,0,0,originally_observed_only,1286,322,False,7050063
imputation,RFECA_SVR(k=10),0.05,7,2,0.6583954679168974,0.4404177662949889,0.6348825603451624,0.032645363267054466,0.009972619865645278,0.9995284375535674,800,80400,4020,0,0,originally_observed_only,1286,322,False,7050063
imputation,RFECA_SVR(k=10),0.05,7,3,0.686735667625007,0.4417522201223224,0.658782804864555,0.03346084226289971,0.010111501080384132,0.9995145092972741,807,80400,4020,0,0,originally_observed_only,1286,322,False,7050063
imputation,RFECA_SVR(k=10),0.05,7,4,0.63906403109754,0.42849927359774,0.7022223056397833,0.03630230417715793,0.01069847273386069,0.999452074380534,809,80400,4020,0,0,originally_observed_only,1287,321,False,7050063
imputation,RFECA_SVR(k=10),0.05,7,5,0.6804071626960104,0.44080927940623515,0.7677755826589965,0.03981809825907022,0.01200789259732609,0.9993442819128243,830,80400,4020,0,0,originally_observed_only,1287,321,False,7050063
imputation,RFECA_SVR(k=20),0.05,7,1,0.6914546391956187,0.45265204469822967,0.716024907387269,0.038492285604294144,0.01143453038236224,0.9994014634352375,774,80400,4020,0,0,originally_observed_only,1286,322,False,7050063
imputation,RFECA_SVR(k=20),0.05,7,2,0.6454915261977361,0.4333486050780367,0.5926305750552571,0.03047278601466733,0.009375475084786209,0.9995865800619081,800,80400,4020,0,0,originally_observed_only,1286,322,False,7050063
imputation,RFECA_SVR(k=20),0.05,7,3,0.6700182313782049,0.4309906344164031,0.6297917869273625,0.03198833285452689,0.009695582933770597,0.9995610132898497,807,80400,4020,0,0,originally_observed_only,1286,322,False,7050063
imputation,RFECA_SVR(k=20),0.05,7,4,0.6380271100806554,0.43115951366914973,0.6904993858575135,0.03569627244566422,0.010472162686335848,0.9994630750526106,809,80400,4020,0,0,originally_observed_only,1287,321,False,7050063
imputation,RFECA_SVR(k=20),0.05,7,5,0.6623321753873757,0.4325146920315293,0.735934861388066,0.038166786343399824,0.0113714987362161,0.9993944793403121,830,80400,4020,0,0,originally_observed_only,1287,321,False,7050063
imputation,RFECA_SVR(k=5),0.05,8,1,0.6525760584718553,0.44591730823104136,0.6444669083577255,0.034645448842752224,0.009974343797818523,0.999467316761397,786,80400,4020,0,0,originally_observed_only,1286,322,False,8050066
imputation,RFECA_SVR(k=5),0.05,8,2,0.6989712768953216,0.4786047117642632,0.7683340945014262,0.03950737851710079,0.011738375015710813,0.9992766733851693,822,80400,4020,0,0,originally_observed_only,1286,322,False,8050066
imputation,RFECA_SVR(k=5),0.05,8,3,0.6746607844993375,0.4589958060111504,0.6459157551558534,0.032807300128052594,0.009847161600504238,0.9995226497003047,811,80400,4020,0,0,originally_observed_only,1286,322,False,8050066
imputation,RFECA_SVR(k=5),0.05,8,4,0.6676882477873711,0.43478795952507876,0.7108517085033853,0.03674841248944845,0.011136486093440057,0.9994143337489724,802,80400,4020,0,0,originally_observed_only,1287,321,False,8050066
imputation,RFECA_SVR(k=5),0.05,8,5,0.6737297524758803,0.45116220120858397,0.7736185091137502,0.040121121987553694,0.012293527731166548,0.9993386142408214,799,80400,4020,0,0,originally_observed_only,1287,321,False,8050066
imputation,RFECA_SVR(k=10),0.05,8,1,0.6263526079694114,0.42986364007545547,0.631794078731158,0.03396417899813136,0.009740749965776363,0.9995020271213813,786,80400,4020,0,0,originally_observed_only,1286,322,False,8050066
imputation,RFECA_SVR(k=10),0.05,8,2,0.6538138594759022,0.44829016750417455,0.7306901910151038,0.037571746668223376,0.011178193809041519,0.9993653385741887,822,80400,4020,0,0,originally_observed_only,1286,322,False,8050066
imputation,RFECA_SVR(k=10),0.05,8,3,0.6455744169122635,0.4408419195282028,0.6293269871821819,0.03196472478394204,0.009770677002402898,0.9995806731578238,811,80400,4020,0,0,originally_observed_only,1286,322,False,8050066
imputation,RFECA_SVR(k=10),0.05,8,4,0.6508415665525562,0.41382898192060535,0.6903934619651619,0.035690796570960595,0.010718414770818351,0.9994716328043277,802,80400,4020,0,0,originally_observed_only,1287,321,False,8050066
imputation,RFECA_SVR(k=10),0.05,8,5,0.6602587300388089,0.43947614146354386,0.7632886914918842,0.03958540073989269,0.012119558411833,0.9993632262403588,799,80400,4020,0,0,originally_observed_only,1287,321,False,8050066
imputation,RFECA_SVR(k=20),0.05,8,1,0.613353477671095,0.4236573261580366,0.5751286663625469,0.03091794245765028,0.008954723167980143,0.9995835520967072,786,80400,4020,0,0,originally_observed_only,1286,322,False,8050066
imputation,RFECA_SVR(k=20),0.05,8,2,0.635608871612391,0.4293970679575661,0.6948492305515647,0.03572882130335548,0.010480071864300325,0.9994323791590788,822,80400,4020,0,0,originally_observed_only,1286,322,False,8050066
imputation,RFECA_SVR(k=20),0.05,8,3,0.6196382127993666,0.420542749799452,0.578806432254537,0.029398688896263334,0.00919102531422018,0.9996490448253766,811,80400,4020,0,0,originally_observed_only,1286,322,False,8050066
imputation,RFECA_SVR(k=20),0.05,8,4,0.6358537410233691,0.4001671003421214,0.6631522051107999,0.03428252402741878,0.010184015017793391,0.9995094938621938,802,80400,4020,0,0,originally_observed_only,1287,321,False,8050066
imputation,RFECA_SVR(k=20),0.05,8,5,0.6442680532388539,0.427860052296033,0.738412197356077,0.038295265041111685,0.011817234151869388,0.9994118672719056,799,80400,4020,0,0,originally_observed_only,1287,321,False,8050066
imputation,RFECA_SVR(k=5),0.05,9,1,0.6903177297290229,0.4556638624543754,0.8481122334950144,0.045593076413093424,0.012685649781742029,0.9991088233461286,849,80400,4020,0,0,originally_observed_only,1286,322,False,9050069
imputation,RFECA_SVR(k=5),0.05,9,2,0.667224651357869,0.44359192361504185,0.662673913178281,0.0340743815856972,0.01017030953496892,0.9994827942051869,784,80400,4020,0,0,originally_observed_only,1286,322,False,9050069
imputation,RFECA_SVR(k=5),0.05,9,3,0.7029884629817513,0.4734894962963375,0.7136387621418495,0.036247081551603215,0.011365192973874474,0.9994624549975858,821,80400,4020,0,0,originally_observed_only,1286,322,False,9050069
imputation,RFECA_SVR(k=5),0.05,9,4,0.6499871512106296,0.44475042715980356,0.6386907800782996,0.033017958540101304,0.010136683072683955,0.9995316662181145,798,80400,4020,0,0,originally_observed_only,1287,321,False,9050069
imputation,RFECA_SVR(k=5),0.05,9,5,0.6936377993040592,0.4520548620878044,0.6884130122999642,0.03570222547537966,0.010457171138048392,0.9994475833274449,768,80400,4020,0,0,originally_observed_only,1287,321,False,9050069
imputation,RFECA_SVR(k=10),0.05,9,1,0.6679788935337405,0.44305023348316364,0.7814878948399698,0.04201146487242094,0.01216912450693729,0.999285521989096,849,80400,4020,0,0,originally_observed_only,1286,322,False,9050069
imputation,RFECA_SVR(k=10),0.05,9,2,0.6495421099210974,0.4279876873972112,0.6281827273232478,0.032300860997673965,0.009595037067826606,0.9995514580721838,784,80400,4020,0,0,originally_observed_only,1286,322,False,9050069
imputation,RFECA_SVR(k=10),0.05,9,3,0.6765458771265321,0.46057581477035237,0.6917287545300026,0.035134230239660315,0.011060684098771862,0.9995309110695183,821,80400,4020,0,0,originally_observed_only,1286,322,False,9050069
imputation,RFECA_SVR(k=10),0.05,9,4,0.6387591502877712,0.43819947908985396,0.6152655827507305,0.031806962204659374,0.00979704284378722,0.9995751110935014,798,80400,4020,0,0,originally_observed_only,1287,321,False,9050069
imputation,RFECA_SVR(k=10),0.05,9,5,0.677013726277427,0.43922006759834714,0.6853825736385681,0.035545061966780374,0.01033373669551192,0.9994608253301289,768,80400,4020,0,0,originally_observed_only,1287,321,False,9050069
imputation,RFECA_SVR(k=20),0.05,9,1,0.647598116968615,0.4298579635938394,0.7549040291290622,0.04058236130234497,0.01175988628595916,0.9993332461346681,849,80400,4020,0,0,originally_observed_only,1286,322,False,9050069
imputation,RFECA_SVR(k=20),0.05,9,2,0.6355099051933727,0.41525103346563647,0.60816288836083,0.031271450274656554,0.009379776390823897,0.9995767305379782,784,80400,4020,0,0,originally_observed_only,1286,322,False,9050069
imputation,RFECA_SVR(k=20),0.05,9,3,0.6610177212384117,0.4465920835703296,0.6321265160114397,0.03210691822292455,0.00992313684793324,0.9995971341485176,821,80400,4020,0,0,originally_observed_only,1286,322,False,9050069
imputation,RFECA_SVR(k=20),0.05,9,4,0.6329021979413717,0.4296877540465656,0.608420296750106,0.031453086156321794,0.00957904009583573,0.999580231090211,798,80400,4020,0,0,originally_observed_only,1287,321,False,9050069
imputation,RFECA_SVR(k=20),0.05,9,5,0.6604902193965707,0.4251289456605761,0.6609771866096333,0.03427935865357619,0.010045040255290856,0.9994957814338129,768,80400,4020,0,0,originally_observed_only,1287,321,False,9050069
imputation,RFECA_SVR(k=5),0.1,0,1,0.6447286042153393,0.43620978548555256,1.0164072361110346,0.05464033055137378,0.0162527454914738,0.9987802733743225,1538,80400,8040,0,0,originally_observed_only,1286,322,False,100042
imputation,RFECA_SVR(k=5),0.1,0,2,0.6918113992432054,0.47538426068985823,1.1366425312918045,0.0584456254691136,0.0183549487712861,0.9986979845202576,1598,80400,8040,0,0,originally_observed_only,1286,322,False,100042
imputation,RFECA_SVR(k=5),0.1,0,3,0.7232917660670302,0.48265799066113985,1.330802968423858,0.0675940353643333,0.02040967412337331,0.9981182404629225,1662,80400,8040,0,0,originally_observed_only,1286,322,False,100042
imputation,RFECA_SVR(k=5),0.1,0,4,0.7367463176129272,0.48674593025798396,1.2014400616605883,0.062110021596777816,0.019598583988591885,0.9985132485694238,1622,80400,8040,0,0,originally_observed_only,1287,321,False,100042
imputation,RFECA_SVR(k=5),0.1,0,5,0.7346905377740146,0.47442463550743746,1.3288433841874663,0.06891599269052624,0.021385523915018887,0.9981972584050421,1620,80400,8040,0,0,originally_observed_only,1287,321,False,100042
imputation,RFECA_SVR(k=10),0.1,0,1,0.6314496350461466,0.42650552821297644,1.0308796329056196,0.05541834207729761,0.016526525027188474,0.9988177184038948,1538,80400,8040,0,0,originally_observed_only,1286,322,False,100042
imputation,RFECA_SVR(k=10),0.1,0,2,0.6683103226728554,0.4568209974068162,1.1305624314998024,0.058132989591539744,0.018415200492730783,0.9988204986170386,1598,80400,8040,0,0,originally_observed_only,1286,322,False,100042
imputation,RFECA_SVR(k=10),0.1,0,3,0.6970779648852128,0.4660428741498011,1.2688377257706163,0.06444670183514575,0.020106456153049082,0.9984011649314589,1662,80400,8040,0,0,originally_observed_only,1286,322,False,100042
imputation,RFECA_SVR(k=10),0.1,0,4,0.7185905338131103,0.47578624895014643,1.2411986146563354,0.06416539220079227,0.020410831934031107,0.9985334229699802,1622,80400,8040,0,0,originally_observed_only,1287,321,False,100042
imputation,RFECA_SVR(k=10),0.1,0,5,0.7171058062366825,0.46195189758842836,1.3488318710126108,0.06995262833045807,0.021667219247679084,0.9982325006692002,1620,80400,8040,0,0,originally_observed_only,1287,321,False,100042
imputation,RFECA_SVR(k=20),0.1,0,1,0.6201215361725928,0.4185754547445282,1.0003309436268715,0.05377609631123179,0.015897780771704992,0.9989004831192235,1538,80400,8040,0,0,originally_observed_only,1286,322,False,100042
imputation,RFECA_SVR(k=20),0.1,0,2,0.6446363495007184,0.44266719457210185,1.0848539702897835,0.055782681969657834,0.017915538352525705,0.9989411146925462,1598,80400,8040,0,0,originally_observed_only,1286,322,False,100042
imputation,RFECA_SVR(k=20),0.1,0,3,0.6741537321255389,0.44760326961670205,1.206403255484976,0.06127553533448849,0.01895256307483347,0.9985688318322825,1662,80400,8040,0,0,originally_observed_only,1286,322,False,100042
imputation,RFECA_SVR(k=20),0.1,0,4,0.6995497159957351,0.46157481685621565,1.2021212127194094,0.062145234595182064,0.01983500594950047,0.9986525030672547,1622,80400,8040,0,0,originally_observed_only,1287,321,False,100042
imputation,RFECA_SVR(k=20),0.1,0,5,0.6976050751601155,0.44972901015895883,1.300604795730953,0.0674514932778661,0.02065736305657134,0.9983731227560344,1620,80400,8040,0,0,originally_observed_only,1287,321,False,100042
imputation,RFECA_SVR(k=5),0.1,1,1,0.6806073945447866,0.4655348364670569,1.135110830486882,0.06102163462310507,0.018136193593198267,0.9985527668344092,1602,80400,8040,0,0,originally_observed_only,1286,322,False,1100045
imputation,RFECA_SVR(k=5),0.1,1,2,0.736516370791987,0.47213273274813145,1.232248246183274,0.06336162645572385,0.019329101001456503,0.9983058348336956,1605,80400,8040,0,0,originally_observed_only,1286,322,False,1100045
imputation,RFECA_SVR(k=5),0.1,1,3,0.683830791293612,0.4551187669896944,1.1816685038152976,0.060019209853738785,0.018640366049554838,0.9985562444271184,1620,80400,8040,0,0,originally_observed_only,1286,322,False,1100045
imputation,RFECA_SVR(k=5),0.1,1,4,0.6973576929008826,0.46144742851854015,1.0544327782421596,0.05451028704540768,0.017090087157402813,0.9988058126882638,1562,80400,8040,0,0,originally_observed_only,1287,321,False,1100045
imputation,RFECA_SVR(k=5),0.1,1,5,0.7009272905782346,0.45694518334220086,1.1476355050341454,0.05951825551261795,0.017963130800559366,0.9986070635810236,1651,80400,8040,0,0,originally_observed_only,1287,321,False,1100045
imputation,RFECA_SVR(k=10),0.1,1,1,0.6703907245853927,0.4564803594629033,1.1468778189178712,0.06165420798014206,0.018768994676854722,0.9986463488360363,1602,80400,8040,0,0,originally_observed_only,1286,322,False,1100045
imputation,RFECA_SVR(k=10),0.1,1,2,0.7202851168115975,0.4594460968252531,1.2308100112358202,0.06328767308976989,0.019448004194257854,0.9983893628755962,1605,80400,8040,0,0,originally_observed_only,1286,322,False,1100045
imputation,RFECA_SVR(k=10),0.1,1,3,0.658340855704362,0.43767246865756076,1.1758620335135046,0.05972428808978587,0.018482288884695445,0.9986807013001916,1620,80400,8040,0,0,originally_observed_only,1286,322,False,1100045
imputation,RFECA_SVR(k=10),0.1,1,4,0.6798042221447742,0.45237250931746187,1.0336896625225647,0.05343794444052751,0.016763478659377964,0.9989140910564445,1562,80400,8040,0,0,originally_observed_only,1287,321,False,1100045
imputation,RFECA_SVR(k=10),0.1,1,5,0.6864041016063948,0.44482150471786513,1.167105812063494,0.06052801750028616,0.01830439211040104,0.9986411520983961,1651,80400,8040,0,0,originally_observed_only,1287,321,False,1100045
imputation,RFECA_SVR(k=20),0.1,1,1,0.6577316080113462,0.4441320570176836,1.1152672131737273,0.05995487538448107,0.018341367173749276,0.9987486080302299,1602,80400,8040,0,0,originally_observed_only,1286,322,False,1100045
imputation,RFECA_SVR(k=20),0.1,1,2,0.7093667011553891,0.4506510653828477,1.15954258123172,0.05962313528874985,0.01847792292001293,0.9986243597928478,1605,80400,8040,0,0,originally_observed_only,1286,322,False,1100045
imputation,RFECA_SVR(k=20),0.1,1,3,0.6452603622243736,0.4234317900326671,1.0961109053359765,0.055673575319914445,0.01734853739385543,0.9988836100705959,1620,80400,8040,0,0,originally_observed_only,1286,322,False,1100045
imputation,RFECA_SVR(k=20),0.1,1,4,0.6605327414211134,0.43954154962945746,0.9894742181538518,0.05115216898464988,0.01599093458391949,0.9990578060817449,1562,80400,8040,0,0,originally_observed_only,1287,321,False,1100045
imputation,RFECA_SVR(k=20),0.1,1,5,0.6621998090669862,0.43060065893715566,1.1054568222792613,0.05733079999527044,0.01731806898090908,0.9987908528689334,1651,80400,8040,0,0,originally_observed_only,1287,321,False,1100045
imputation,RFECA_SVR(k=5),0.1,2,1,0.7104161181655151,0.4703341548440231,1.0653374110525102,0.05727073383634873,0.017092323237266137,0.9986144052310806,1598,80400,8040,0,0,originally_observed_only,1286,322,False,2100048
imputation,RFECA_SVR(k=5),0.1,2,2,0.7038445759674689,0.45562263860158364,1.2384451133937375,0.06368026645914952,0.01889514326107524,0.9982654003670285,1608,80400,8040,0,0,originally_observed_only,1286,322,False,2100048
imputation,RFECA_SVR(k=5),0.1,2,3,0.6734124976158151,0.45964840574858506,1.2328003030815635,0.06261629201379688,0.019186967314885804,0.998453836885576,1576,80400,8040,0,0,originally_observed_only,1286,322,False,2100048
imputation,RFECA_SVR(k=5),0.1,2,4,0.7154949505719185,0.461652607297791,1.1657875110818121,0.060266916179294604,0.01838046765882202,0.9985596201692137,1656,80400,8040,0,0,originally_observed_only,1287,321,False,2100048
imputation,RFECA_SVR(k=5),0.1,2,5,0.6721205344682126,0.4527909638591819,1.1738683179500111,0.06087873212308561,0.018989878117656695,0.9986742780569925,1602,80400,8040,0,0,originally_observed_only,1287,321,False,2100048
imputation,RFECA_SVR(k=10),0.1,2,1,0.691400624976576,0.45538716003154184,1.1032930597856856,0.05931116519042655,0.017890376370728697,0.9986128303885952,1598,80400,8040,0,0,originally_observed_only,1286,322,False,2100048
imputation,RFECA_SVR(k=10),0.1,2,2,0.6832485926535994,0.4443256297398754,1.2123366478477045,0.0623377814149356,0.018599387772376096,0.9984215778943641,1608,80400,8040,0,0,originally_observed_only,1286,322,False,2100048
imputation,RFECA_SVR(k=10),0.1,2,3,0.6567053208275374,0.4454347252093547,1.2395010392521943,0.06295663525650931,0.01943146083129211,0.9985817472637292,1576,80400,8040,0,0,originally_observed_only,1286,322,False,2100048
imputation,RFECA_SVR(k=10),0.1,2,4,0.6969490613229212,0.44997780649032365,1.1806666349436021,0.06103611202508619,0.01884870301391677,0.9985820901939239,1656,80400,8040,0,0,originally_observed_only,1287,321,False,2100048
imputation,RFECA_SVR(k=10),0.1,2,5,0.6588807153549132,0.43739122714273426,1.193203053994876,0.06188146317762287,0.01925273497392575,0.9986876947402793,1602,80400,8040,0,0,originally_observed_only,1287,321,False,2100048
imputation,RFECA_SVR(k=20),0.1,2,1,0.6732654092155799,0.44672564563171524,1.037912515181041,0.05579641791009889,0.01673922159059641,0.9987814910336541,1598,80400,8040,0,0,originally_observed_only,1286,322,False,2100048
imputation,RFECA_SVR(k=20),0.1,2,2,0.658260069772313,0.43166965706520755,1.1096336826601854,0.057056843149238985,0.017083541152236904,0.9986915625024573,1608,80400,8040,0,0,originally_observed_only,1286,322,False,2100048
imputation,RFECA_SVR(k=20),0.1,2,3,0.6359791185467271,0.4299168961480018,1.192524274474184,0.060570595267834246,0.01874188359795445,0.9986836931807004,1576,80400,8040,0,0,originally_observed_only,1286,322,False,2100048
imputation,RFECA_SVR(k=20),0.1,2,4,0.6730775019943227,0.4374810138760905,1.0984236863443602,0.05678445480414971,0.017491530402001177,0.9988189301294969,1656,80400,8040,0,0,originally_observed_only,1287,321,False,2100048
imputation,RFECA_SVR(k=20),0.1,2,5,0.6476844813750515,0.4237883399075931,1.1222128070492388,0.05819979278830482,0.018009299568872546,0.9988619522775127,1602,80400,8040,0,0,originally_observed_only,1287,321,False,2100048
imputation,RFECA_SVR(k=5),0.1,3,1,0.6936773444931331,0.461597443824546,1.0955894415258964,0.0588970317277733,0.017603036032068167,0.9986070769180335,1590,80400,8040,0,0,originally_observed_only,1286,322,False,3100051
imputation,RFECA_SVR(k=5),0.1,3,2,0.686912757928682,0.46273389606930915,1.1484245746967863,0.059051452611025845,0.01820170349063148,0.9986085935280558,1535,80400,8040,0,0,originally_observed_only,1286,322,False,3100051
imputation,RFECA_SVR(k=5),0.1,3,3,0.6848189095172257,0.45564753290437454,1.1281317080117037,0.057299973306553204,0.018247685149759302,0.9986901819504599,1625,80400,8040,0,0,originally_observed_only,1286,322,False,3100051
imputation,RFECA_SVR(k=5),0.1,3,4,0.7084449004413805,0.47373145405561023,1.255690275675516,0.06491455764615826,0.020572544212062418,0.9983706416335398,1640,80400,8040,0,0,originally_observed_only,1287,321,False,3100051
imputation,RFECA_SVR(k=5),0.1,3,5,0.6833911400498642,0.4604248021371668,1.2372653716031883,0.06416660708122808,0.020183090625765215,0.9982370496553912,1650,80400,8040,0,0,originally_observed_only,1287,321,False,3100051
imputation,RFECA_SVR(k=10),0.1,3,1,0.6823201378611508,0.45081234267666287,1.1115407927535357,0.05975454933769719,0.017933598275116737,0.9986345083571319,1590,80400,8040,0,0,originally_observed_only,1286,322,False,3100051
imputation,RFECA_SVR(k=10),0.1,3,2,0.6761727309096196,0.45193927880431256,1.1641363115128411,0.05985934274371056,0.018343353810402533,0.9986704695442394,1535,80400,8040,0,0,originally_observed_only,1286,322,False,3100051
imputation,RFECA_SVR(k=10),0.1,3,3,0.6606971684624745,0.4401786343083187,1.099338691991899,0.05583752079534974,0.018009398410993315,0.9988662288903385,1625,80400,8040,0,0,originally_observed_only,1286,322,False,3100051
imputation,RFECA_SVR(k=10),0.1,3,4,0.6952299617356238,0.46064687663756965,1.2643041486630624,0.06535986312111382,0.02080699492308977,0.998476359261161,1640,80400,8040,0,0,originally_observed_only,1287,321,False,3100051
imputation,RFECA_SVR(k=10),0.1,3,5,0.6615971162591806,0.4432103287466697,1.257007902295024,0.06519048703355443,0.020434811437516007,0.9983218228049783,1650,80400,8040,0,0,originally_observed_only,1287,321,False,3100051
imputation,RFECA_SVR(k=20),0.1,3,1,0.6695276560591651,0.44492341957986603,1.0649474745726282,0.057249771511998976,0.017274366457367442,0.9987592010784017,1590,80400,8040,0,0,originally_observed_only,1286,322,False,3100051
imputation,RFECA_SVR(k=20),0.1,3,2,0.6731252310347164,0.44784171508110726,1.1452740274730688,0.05888945295151031,0.01786061349445819,0.9987253518032596,1535,80400,8040,0,0,originally_observed_only,1286,322,False,3100051
imputation,RFECA_SVR(k=20),0.1,3,3,0.6419975393327241,0.4310422519892608,1.0198582332206276,0.051800555843790015,0.01672307687703322,0.9990371297351325,1625,80400,8040,0,0,originally_observed_only,1286,322,False,3100051
imputation,RFECA_SVR(k=20),0.1,3,4,0.6737481051644515,0.444154446474987,1.1672674193642472,0.06034342198122054,0.019127216946900474,0.9987146986872185,1640,80400,8040,0,0,originally_observed_only,1287,321,False,3100051
imputation,RFECA_SVR(k=20),0.1,3,5,0.65015641548603,0.4345034807567509,1.1994206549815714,0.0622039181405256,0.01952531127888064,0.9984917172795285,1650,80400,8040,0,0,originally_observed_only,1287,321,False,3100051
imputation,RFECA_SVR(k=5),0.1,4,1,0.730232494344944,0.477925852342677,1.1978359711218411,0.0643936318860222,0.019143327089480758,0.9983848767096173,1621,80400,8040,0,0,originally_observed_only,1286,322,False,4100054
imputation,RFECA_SVR(k=5),0.1,4,2,0.6591862611354461,0.4569362327144934,1.012498059381496,0.05206217499142946,0.01613555693680072,0.9988983107174865,1592,80400,8040,0,0,originally_observed_only,1286,322,False,4100054
imputation,RFECA_SVR(k=5),0.1,4,3,0.7609975820384367,0.5000755422124803,1.2121523924952773,0.061567545030596214,0.019474494509971203,0.9984416682878946,1622,80400,8040,0,0,originally_observed_only,1286,322,False,4100054
imputation,RFECA_SVR(k=5),0.1,4,4,0.6688797931505358,0.4445816776070095,1.0977313310845205,0.05674866258986159,0.017605462444425426,0.9986495502122877,1670,80400,8040,0,0,originally_observed_only,1287,321,False,4100054
imputation,RFECA_SVR(k=5),0.1,4,5,0.6261298082237576,0.4266631120047824,1.0372795231157539,0.05379501368160711,0.01668275861404018,0.9989164999577899,1535,80400,8040,0,0,originally_observed_only,1287,321,False,4100054
imputation,RFECA_SVR(k=10),0.1,4,1,0.7066762934416324,0.46451714245091086,1.148826187554122,0.06175894897620974,0.01848034927863088,0.9986222583719359,1621,80400,8040,0,0,originally_observed_only,1286,322,False,4100054
imputation,RFECA_SVR(k=10),0.1,4,2,0.6407918781483548,0.4404166369060055,0.9825767597089121,0.050523635806004594,0.01587633496815378,0.9990576217826275,1592,80400,8040,0,0,originally_observed_only,1286,322,False,4100054
imputation,RFECA_SVR(k=10),0.1,4,3,0.7304597664099329,0.4822916607421132,1.198584929766005,0.060878427574980035,0.0194356869041243,0.9986342591631033,1622,80400,8040,0,0,originally_observed_only,1286,322,False,4100054
imputation,RFECA_SVR(k=10),0.1,4,4,0.6537284136921385,0.4334970979524596,1.0752965948609585,0.055588869441764374,0.017268648984228755,0.9987713357541899,1670,80400,8040,0,0,originally_observed_only,1287,321,False,4100054
imputation,RFECA_SVR(k=10),0.1,4,5,0.608288487263005,0.40982140954927476,1.0574669462604651,0.05484196648465106,0.017208952768516313,0.9989706726686757,1535,80400,8040,0,0,originally_observed_only,1287,321,False,4100054
imputation,RFECA_SVR(k=20),0.1,4,1,0.706426682053526,0.4615499456413462,1.1187351490005626,0.06014130573756893,0.01800793175354272,0.9987084536777189,1621,80400,8040,0,0,originally_observed_only,1286,322,False,4100054
imputation,RFECA_SVR(k=20),0.1,4,2,0.6302627385757302,0.43071462902051916,0.931148075805167,0.04787919701803172,0.015118733837029141,0.9991850704716115,1592,80400,8040,0,0,originally_observed_only,1286,322,False,4100054
imputation,RFECA_SVR(k=20),0.1,4,3,0.7253793500423407,0.4752032977193202,1.1611987281634788,0.05897951068553831,0.018698548802045068,0.9987007439063214,1622,80400,8040,0,0,originally_observed_only,1286,322,False,4100054
imputation,RFECA_SVR(k=20),0.1,4,4,0.6413639325466859,0.4268563443100531,1.005860833835623,0.05199929659956075,0.016145035833228964,0.9989318406042467,1670,80400,8040,0,0,originally_observed_only,1287,321,False,4100054
imputation,RFECA_SVR(k=20),0.1,4,5,0.6041382764559227,0.4063872528614541,0.9993508787647554,0.05182797211150269,0.016122376499779274,0.9990697081824296,1535,80400,8040,0,0,originally_observed_only,1287,321,False,4100054
imputation,RFECA_SVR(k=5),0.1,5,1,0.7097336405334909,0.47720979833657234,1.1016124465524046,0.05922081827106887,0.017856416409262242,0.9985712775144528,1621,80400,8040,0,0,originally_observed_only,1286,322,False,5100057
imputation,RFECA_SVR(k=5),0.1,5,2,0.7262580932365492,0.4809528320159949,1.1452732488269446,0.05888941291389207,0.018234795097611344,0.9985624501611112,1661,80400,8040,0,0,originally_observed_only,1286,322,False,5100057
imputation,RFECA_SVR(k=5),0.1,5,3,0.6891110177541254,0.46382382022404084,1.2262526861686762,0.062283725991881575,0.019785227055336873,0.9984192832307407,1614,80400,8040,0,0,originally_observed_only,1286,322,False,5100057
imputation,RFECA_SVR(k=5),0.1,5,4,0.6561947856380513,0.43835883719409946,1.1186692380658123,0.05783107518479531,0.01774166812713133,0.9986517547419788,1533,80400,8040,0,0,originally_observed_only,1287,321,False,5100057
imputation,RFECA_SVR(k=5),0.1,5,5,0.6841647811145699,0.4445580954599177,1.0651019162444373,0.05523792852342024,0.01722997848839414,0.9987698611314102,1611,80400,8040,0,0,originally_observed_only,1287,321,False,5100057
imputation,RFECA_SVR(k=10),0.1,5,1,0.6905339893844628,0.46343461820225557,1.0881471162832217,0.058496944934918006,0.017660990466231485,0.998690512095121,1621,80400,8040,0,0,originally_observed_only,1286,322,False,5100057
imputation,RFECA_SVR(k=10),0.1,5,2,0.7003875139148048,0.4628360838390045,1.1803303632615398,0.060692033283854446,0.018948755768518975,0.9986205409470074,1661,80400,8040,0,0,originally_observed_only,1286,322,False,5100057
imputation,RFECA_SVR(k=10),0.1,5,3,0.6690424598930671,0.4533552897611664,1.229692989195082,0.06245846558139896,0.01970847354600088,0.998521252160389,1614,80400,8040,0,0,originally_observed_only,1286,322,False,5100057
imputation,RFECA_SVR(k=10),0.1,5,4,0.6431442478306043,0.4274537283549519,1.073260993504148,0.05548363635667881,0.017068238708934383,0.9988393441583874,1533,80400,8040,0,0,originally_observed_only,1287,321,False,5100057
imputation,RFECA_SVR(k=10),0.1,5,5,0.6583960099517208,0.42434636028207506,1.0374584992949485,0.053804295679172755,0.016718520381554143,0.9989162693761908,1611,80400,8040,0,0,originally_observed_only,1287,321,False,5100057
imputation,RFECA_SVR(k=20),0.1,5,1,0.6730203276909592,0.448791523701916,1.0457641754577571,0.05621850986070164,0.01702455390217718,0.9988260329406509,1621,80400,8040,0,0,originally_observed_only,1286,322,False,5100057
imputation,RFECA_SVR(k=20),0.1,5,2,0.6908392879417949,0.4572851230813592,1.1248758304819755,0.05784058723624298,0.018292790936637358,0.9987931960826355,1661,80400,8040,0,0,originally_observed_only,1286,322,False,5100057
imputation,RFECA_SVR(k=20),0.1,5,3,0.6556637288605853,0.44061859884501897,1.1948125056045333,0.060686818915974876,0.019146871197249716,0.9986122344928492,1614,80400,8040,0,0,originally_observed_only,1286,322,False,5100057
imputation,RFECA_SVR(k=20),0.1,5,4,0.625554897668927,0.41402195436534506,1.004420644491884,0.05192484412032559,0.016129100123329243,0.999009506159715,1533,80400,8040,0,0,originally_observed_only,1287,321,False,5100057
imputation,RFECA_SVR(k=20),0.1,5,5,0.6528306946494025,0.421989375563288,0.993070208752539,0.051502246285717604,0.015900255289270186,0.9990176992804713,1611,80400,8040,0,0,originally_observed_only,1287,321,False,5100057
imputation,RFECA_SVR(k=5),0.1,6,1,0.6721728281075708,0.44745013839755876,1.0631704579590124,0.0571542421102852,0.0169741577035574,0.9986695830843265,1544,80400,8040,0,0,originally_observed_only,1286,322,False,6100060
imputation,RFECA_SVR(k=5),0.1,6,2,0.7037789393055243,0.4760480097431911,1.1169408873225262,0.05743257618329672,0.017964995548676595,0.9986688225584012,1585,80400,8040,0,0,originally_observed_only,1286,322,False,6100060
imputation,RFECA_SVR(k=5),0.1,6,3,0.7171713836278423,0.4763249026402344,1.220279462899025,0.06198033452484416,0.019153461048934468,0.998409306721415,1610,80400,8040,0,0,originally_observed_only,1286,322,False,6100060
imputation,RFECA_SVR(k=5),0.1,6,4,0.6912425628323907,0.46187283850045185,1.2080234036186568,0.06245035610387712,0.019574148087954723,0.9983980298793863,1674,80400,8040,0,0,originally_observed_only,1287,321,False,6100060
imputation,RFECA_SVR(k=5),0.1,6,5,0.651848130054269,0.4504118724288506,1.1597506989081703,0.06014656929466468,0.018820331382261718,0.9985410374755207,1627,80400,8040,0,0,originally_observed_only,1287,321,False,6100060
imputation,RFECA_SVR(k=10),0.1,6,1,0.6496006517824376,0.43658671958584794,1.0690531796386413,0.05747048725858473,0.01727152207553864,0.9987578761963067,1544,80400,8040,0,0,originally_observed_only,1286,322,False,6100060
imputation,RFECA_SVR(k=10),0.1,6,2,0.683862544923175,0.463138306808031,1.1411502882702702,0.05867741221720385,0.018253586527923096,0.9987081009186741,1585,80400,8040,0,0,originally_observed_only,1286,322,False,6100060
imputation,RFECA_SVR(k=10),0.1,6,3,0.6976400757055202,0.45733037617583333,1.1750111376239718,0.05968106945546273,0.018942846658686195,0.9986479455712184,1610,80400,8040,0,0,originally_observed_only,1286,322,False,6100060
imputation,RFECA_SVR(k=10),0.1,6,4,0.6723349367188626,0.44725842348488004,1.178917792248285,0.060945703305548916,0.019114764916331826,0.9985525641175013,1674,80400,8040,0,0,originally_observed_only,1287,321,False,6100060
imputation,RFECA_SVR(k=10),0.1,6,5,0.6399974394771412,0.4399049984850015,1.1465451197339604,0.05946170634642456,0.01870287637565528,0.9986647935968495,1627,80400,8040,0,0,originally_observed_only,1287,321,False,6100060
imputation,RFECA_SVR(k=20),0.1,6,1,0.6374707177976767,0.4249636026752044,0.9875050147130312,0.053086596108377966,0.016151430928763647,0.9989662690021706,1544,80400,8040,0,0,originally_observed_only,1286,322,False,6100060
imputation,RFECA_SVR(k=20),0.1,6,2,0.6764409643384814,0.45295253712851974,1.1295446013646862,0.058080653243716675,0.017968325209003398,0.9987755564803964,1585,80400,8040,0,0,originally_observed_only,1286,322,False,6100060
imputation,RFECA_SVR(k=20),0.1,6,3,0.6775495096186928,0.4477740269845161,1.0993940523433108,0.055840332653784006,0.017598826993485733,0.9988339255289675,1610,80400,8040,0,0,originally_observed_only,1286,322,False,6100060
imputation,RFECA_SVR(k=20),0.1,6,4,0.6554058251861334,0.4357986383870694,1.114473163255585,0.05761415358762075,0.01826227339420545,0.9987620561898364,1674,80400,8040,0,0,originally_observed_only,1287,321,False,6100060
imputation,RFECA_SVR(k=20),0.1,6,5,0.6171895246054716,0.4229513930865461,1.0903418032531804,0.05654691037132089,0.01784981780757686,0.9988331192480242,1627,80400,8040,0,0,originally_observed_only,1287,321,False,6100060
imputation,RFECA_SVR(k=5),0.1,7,1,0.7104382477609507,0.4748088809533196,1.1128047029952406,0.059822495010396506,0.01771606971491823,0.9985125006586137,1627,80400,8040,0,0,originally_observed_only,1286,322,False,7100063
imputation,RFECA_SVR(k=5),0.1,7,2,0.7125050093128273,0.4706110625959776,1.2141635167907245,0.062431718158533926,0.018778274632138613,0.9983088638330929,1574,80400,8040,0,0,originally_observed_only,1286,322,False,7100063
imputation,RFECA_SVR(k=5),0.1,7,3,0.636242283430668,0.4315473574595027,1.0655382435103078,0.05412073118471271,0.016553936725663753,0.9988144430560013,1616,80400,8040,0,0,originally_observed_only,1286,322,False,7100063
imputation,RFECA_SVR(k=5),0.1,7,4,0.6647589895620868,0.4471640986442077,1.1480872523031065,0.059351878059544824,0.01825835028523157,0.998621957292153,1608,80400,8040,0,0,originally_observed_only,1287,321,False,7100063
imputation,RFECA_SVR(k=5),0.1,7,5,0.6891380705394229,0.45686846983397555,1.1037757387109985,0.05724361625015709,0.017662832223583363,0.9986559146293946,1615,80400,8040,0,0,originally_observed_only,1287,321,False,7100063
imputation,RFECA_SVR(k=10),0.1,7,1,0.6783233927818323,0.4556935148490608,1.0679064000447,0.057408838331012874,0.017014043687963314,0.9987212088117701,1627,80400,8040,0,0,originally_observed_only,1286,322,False,7100063
imputation,RFECA_SVR(k=10),0.1,7,2,0.6871308658632739,0.4525002977760845,1.171697498646586,0.06024813543723971,0.018108556113569783,0.9984903531967693,1574,80400,8040,0,0,originally_observed_only,1286,322,False,7100063
imputation,RFECA_SVR(k=10),0.1,7,3,0.6270670809121083,0.42286938108582567,1.034996808565451,0.052569473122683334,0.016290861798862445,0.9989518770157114,1616,80400,8040,0,0,originally_observed_only,1286,322,False,7100063
imputation,RFECA_SVR(k=10),0.1,7,4,0.6525550985461083,0.439608746915653,1.1686854743154218,0.06041673019396745,0.01842352371927653,0.9986343999407944,1608,80400,8040,0,0,originally_observed_only,1287,321,False,7100063
imputation,RFECA_SVR(k=10),0.1,7,5,0.6594984272996198,0.43677521543286446,1.0978419812733682,0.05693588187824753,0.017559336803809292,0.9987608520071275,1615,80400,8040,0,0,originally_observed_only,1287,321,False,7100063
imputation,RFECA_SVR(k=20),0.1,7,1,0.6629767433066532,0.4490637480057681,1.0376300008938695,0.05578123042078545,0.01662880788973111,0.9988384235229709,1627,80400,8040,0,0,originally_observed_only,1286,322,False,7100063
imputation,RFECA_SVR(k=20),0.1,7,2,0.6723983980814036,0.4457621253386087,1.111565740697211,0.05715618866667995,0.017263029392225626,0.9986665594011713,1574,80400,8040,0,0,originally_observed_only,1286,322,False,7100063
imputation,RFECA_SVR(k=20),0.1,7,3,0.6113596486759831,0.41204156549757254,0.9860392767635797,0.0500828261775796,0.015436514877095318,0.9990566883698315,1616,80400,8040,0,0,originally_observed_only,1286,322,False,7100063
imputation,RFECA_SVR(k=20),0.1,7,4,0.6485898979100841,0.42985066838036484,1.1253342306123266,0.058175630726279584,0.017889914648085984,0.9987445960221749,1608,80400,8040,0,0,originally_observed_only,1287,321,False,7100063
imputation,RFECA_SVR(k=20),0.1,7,5,0.6517801426198413,0.4327226033068932,1.0465598782875836,0.05427630808905782,0.016577002400852116,0.9988901031985828,1615,80400,8040,0,0,originally_observed_only,1287,321,False,7100063
imputation,RFECA_SVR(k=5),0.1,8,1,0.7092144363838737,0.46626820935680663,1.0784906060589459,0.05797782730973661,0.017292502886384446,0.9986885618422048,1608,80400,8040,0,0,originally_observed_only,1286,322,False,8100066
imputation,RFECA_SVR(k=5),0.1,8,2,0.7092811794306076,0.46818507310013063,1.1708408882724413,0.06020408893385634,0.01870857699145431,0.998451410116292,1602,80400,8040,0,0,originally_observed_only,1286,322,False,8100066
imputation,RFECA_SVR(k=5),0.1,8,3,0.7134444147053676,0.47359362551677475,1.161996344132642,0.05902002313051025,0.018378544707673413,0.9985545872132523,1602,80400,8040,0,0,originally_observed_only,1286,322,False,8100066
imputation,RFECA_SVR(k=5),0.1,8,4,0.6814002904021769,0.4521439260954055,0.9850405274848504,0.05092296352364295,0.015499335110045883,0.9989348827699257,1629,80400,8040,0,0,originally_observed_only,1287,321,False,8100066
imputation,RFECA_SVR(k=5),0.1,8,5,0.7195913938500397,0.4716755686598147,1.1616730079296365,0.060246263386571006,0.018513023773801058,0.9984850680950383,1599,80400,8040,0,0,originally_observed_only,1287,321,False,8100066
imputation,RFECA_SVR(k=10),0.1,8,1,0.694465100572006,0.46057917034469953,1.1224892063257352,0.060343117497529505,0.017964823900728007,0.9986523493266714,1608,80400,8040,0,0,originally_observed_only,1286,322,False,8100066
imputation,RFECA_SVR(k=10),0.1,8,2,0.6922375895130388,0.4525331413672661,1.1417228222668143,0.05870685164658392,0.01851736018830071,0.9986131267383384,1602,80400,8040,0,0,originally_observed_only,1286,322,False,8100066
imputation,RFECA_SVR(k=10),0.1,8,3,0.6847652381455663,0.4530258919444146,1.145537854779307,0.05818406488741254,0.0182461639649509,0.9987224682809274,1602,80400,8040,0,0,originally_observed_only,1286,322,False,8100066
imputation,RFECA_SVR(k=10),0.1,8,4,0.6553679293493666,0.43193923604438245,0.975794251145285,0.050444965126996824,0.015601839379830151,0.9990353820713572,1629,80400,8040,0,0,originally_observed_only,1287,321,False,8100066
imputation,RFECA_SVR(k=10),0.1,8,5,0.7042629416561276,0.46253098298542916,1.13146401463149,0.05867957555405702,0.01802238661865534,0.9986457695530929,1599,80400,8040,0,0,originally_observed_only,1287,321,False,8100066
imputation,RFECA_SVR(k=20),0.1,8,1,0.6857932754200824,0.45252058536253414,1.0890128564114523,0.05854348565707884,0.01759684259549322,0.9987455731735301,1608,80400,8040,0,0,originally_observed_only,1286,322,False,8100066
imputation,RFECA_SVR(k=20),0.1,8,2,0.6732258386394365,0.4398595815124834,1.0659224602232786,0.05480923260765465,0.017375773973783322,0.9988258982880894,1602,80400,8040,0,0,originally_observed_only,1286,322,False,8100066
imputation,RFECA_SVR(k=20),0.1,8,3,0.6580264331475969,0.4382507789053394,1.0665031043496924,0.054169738317433686,0.01688919431837483,0.9989011692027652,1602,80400,8040,0,0,originally_observed_only,1286,322,False,8100066
imputation,RFECA_SVR(k=20),0.1,8,4,0.6407980340326984,0.42271726210337995,0.9958326942568021,0.05148087875609781,0.015786591124681053,0.9989815440897807,1629,80400,8040,0,0,originally_observed_only,1287,321,False,8100066
imputation,RFECA_SVR(k=20),0.1,8,5,0.6891461374123898,0.44982634451831494,1.0660983326270137,0.05528960430775682,0.01699509062430676,0.9988006214010583,1599,80400,8040,0,0,originally_observed_only,1287,321,False,8100066
imputation,RFECA_SVR(k=5),0.1,9,1,0.6953050357003063,0.4745159015529814,1.091862657177137,0.05869668611680635,0.017555007199927565,0.9986478825808969,1595,80400,8040,0,0,originally_observed_only,1286,322,False,9100069
imputation,RFECA_SVR(k=5),0.1,9,2,0.6749577792431423,0.45770843243961973,1.0637236389145925,0.054696170247991824,0.01693876273986482,0.9986715998889132,1613,80400,8040,0,0,originally_observed_only,1286,322,False,9100069
imputation,RFECA_SVR(k=5),0.1,9,3,0.6680713401958231,0.44315521685184905,1.0896136587807532,0.0553435677050797,0.01768082906023266,0.9988302007987305,1605,80400,8040,0,0,originally_observed_only,1286,322,False,9100069
imputation,RFECA_SVR(k=5),0.1,9,4,0.6786620356894756,0.45495758214817755,1.1181140350376335,0.0578023732352173,0.017869902848500995,0.9986592777531902,1580,80400,8040,0,0,originally_observed_only,1287,321,False,9100069
imputation,RFECA_SVR(k=5),0.1,9,5,0.675018775634577,0.4528844235995371,1.1973489108827482,0.062096474100941934,0.019215028652000376,0.9984787623613269,1647,80400,8040,0,0,originally_observed_only,1287,321,False,9100069
imputation,RFECA_SVR(k=10),0.1,9,1,0.6761738257309432,0.45966508915355925,1.1270671186858419,0.06058921830801618,0.018086202645111123,0.9986391922214692,1595,80400,8040,0,0,originally_observed_only,1286,322,False,9100069
imputation,RFECA_SVR(k=10),0.1,9,2,0.6539686283791848,0.4448692463532899,1.0188396088309204,0.052388254487675034,0.01640875330676504,0.9988714756647354,1613,80400,8040,0,0,originally_observed_only,1286,322,False,9100069
imputation,RFECA_SVR(k=10),0.1,9,3,0.649657609945613,0.4283706219550948,1.0954754084703315,0.05564129721516901,0.017794901573430305,0.9989055269331156,1605,80400,8040,0,0,originally_observed_only,1286,322,False,9100069
imputation,RFECA_SVR(k=10),0.1,9,4,0.6609303441144626,0.440912249600068,1.0957646725430328,0.05664699359414285,0.017588602292180778,0.9988093547268595,1580,80400,8040,0,0,originally_observed_only,1287,321,False,9100069
imputation,RFECA_SVR(k=10),0.1,9,5,0.6576056312938778,0.4410129043059178,1.1728843058068656,0.06082769964290672,0.01897733748329134,0.9986102813494897,1647,80400,8040,0,0,originally_observed_only,1287,321,False,9100069
imputation,RFECA_SVR(k=20),0.1,9,1,0.6613014992675691,0.44930242964899814,1.052606375603468,0.05658633494535054,0.016687342320493008,0.9988395104713316,1595,80400,8040,0,0,originally_observed_only,1286,322,False,9100069
imputation,RFECA_SVR(k=20),0.1,9,2,0.6295370886546254,0.4302196365144504,0.9719253344056245,0.04997594451621916,0.015715222657282615,0.9990115138718882,1613,80400,8040,0,0,originally_observed_only,1286,322,False,9100069
imputation,RFECA_SVR(k=20),0.1,9,3,0.6363650739600943,0.4233855292472842,1.0631450888047866,0.05399917826693638,0.017130426724216375,0.9989690423768853,1605,80400,8040,0,0,originally_observed_only,1286,322,False,9100069
imputation,RFECA_SVR(k=20),0.1,9,4,0.6414348538316134,0.4291606694991024,1.0723181574704934,0.05543489520988239,0.017464173112328438,0.9989032953759465,1580,80400,8040,0,0,originally_observed_only,1287,321,False,9100069
imputation,RFECA_SVR(k=20),0.1,9,5,0.6410738302468789,0.42891948897429866,1.124037651487711,0.05829443220742644,0.018137356431967674,0.9987395973903874,1647,80400,8040,0,0,originally_observed_only,1287,321,False,9100069
imputation,RFECA_SVR(k=5),0.2,0,1,0.7281414854662496,0.48360583779014193,2.1292234698516608,0.11446344543510155,0.03452358252910259,0.9954901514337594,3221,80400,16080,0,0,originally_observed_only,1286,322,False,200042
imputation,RFECA_SVR(k=5),0.2,0,2,0.7443815978451952,0.4906466353310734,1.9332878872273227,0.09940875576109699,0.03113145975466133,0.9963193066547741,3197,80400,16080,0,0,originally_observed_only,1286,322,False,200042
imputation,RFECA_SVR(k=5),0.2,0,3,0.7036695408690153,0.4736610522822862,2.168722791957435,0.11015359040611715,0.03524895220883159,0.9956295582027787,3265,80400,16080,0,0,originally_observed_only,1286,322,False,200042
imputation,RFECA_SVR(k=5),0.2,0,4,0.708573505968385,0.4699894108828528,1.9935624739305822,0.10305982983388645,0.032519480064729406,0.9962081648875046,3239,80400,16080,0,0,originally_observed_only,1287,321,False,200042
imputation,RFECA_SVR(k=5),0.2,0,5,0.7205471324907621,0.48415211885445864,1.9549026536193794,0.10138445101256367,0.031917977739906796,0.9962592094559632,3158,80400,16080,0,0,originally_observed_only,1287,321,False,200042
imputation,RFECA_SVR(k=10),0.2,0,1,0.7086716676397088,0.47024360946034743,2.218049566732085,0.11923858587359852,0.03649270184672838,0.9957121832194089,3221,80400,16080,0,0,originally_observed_only,1286,322,False,200042
imputation,RFECA_SVR(k=10),0.2,0,2,0.7105269178345007,0.46913536381983534,1.931379252403495,0.09931061465428484,0.0313507590595552,0.9968694761212384,3197,80400,16080,0,0,originally_observed_only,1286,322,False,200042
imputation,RFECA_SVR(k=10),0.2,0,3,0.6867129902578518,0.4618050601366531,2.3156171739071083,0.11761463782178963,0.03910394370022853,0.995729350870887,3265,80400,16080,0,0,originally_observed_only,1286,322,False,200042
imputation,RFECA_SVR(k=10),0.2,0,4,0.6799169956165925,0.45119774529361145,2.043535103864621,0.10564323055731577,0.03385056864402377,0.9966627147144048,3239,80400,16080,0,0,originally_observed_only,1287,321,False,200042
imputation,RFECA_SVR(k=10),0.2,0,5,0.701777031470773,0.4689657157639216,2.0475767832607605,0.1061906830463496,0.033475689909858476,0.9964144757212845,3158,80400,16080,0,0,originally_observed_only,1287,321,False,200042
imputation,RFECA_SVR(k=20),0.2,0,1,0.7032774605764978,0.46289100952273426,2.1749900755404608,0.11692378059821842,0.036166676346007946,0.9960645939287133,3221,80400,16080,0,0,originally_observed_only,1286,322,False,200042
imputation,RFECA_SVR(k=20),0.2,0,2,0.6957220445824266,0.45815005431280353,1.8745980171245211,0.09639095018684943,0.030783326405541215,0.997256807309815,3197,80400,16080,0,0,originally_observed_only,1286,322,False,200042
imputation,RFECA_SVR(k=20),0.2,0,3,0.6751233082770218,0.4518580016376503,2.245808317266049,0.11406891209341377,0.03824593332264693,0.9962248606668112,3265,80400,16080,0,0,originally_observed_only,1286,322,False,200042
imputation,RFECA_SVR(k=20),0.2,0,4,0.6691802850124313,0.44459920511660955,1.961145678292874,0.10138400101694695,0.03281196131586973,0.9971186213599125,3239,80400,16080,0,0,originally_observed_only,1287,321,False,200042
imputation,RFECA_SVR(k=20),0.2,0,5,0.6893772329088907,0.4593804071331717,1.9385416494823087,0.10053594256157757,0.032087194639628204,0.9969437103320739,3158,80400,16080,0,0,originally_observed_only,1287,321,False,200042
imputation,RFECA_SVR(k=5),0.2,1,1,0.6980886329291524,0.472021656498358,2.082572746844496,0.11195558162322526,0.034064323728692905,0.9958388832765201,3239,80400,16080,0,0,originally_observed_only,1286,322,False,1200045
imputation,RFECA_SVR(k=5),0.2,1,2,0.7194279963037936,0.4851472425482813,1.9574249461846325,0.10064987200381015,0.0317275747819675,0.9963536212695059,3193,80400,16080,0,0,originally_observed_only,1286,322,False,1200045
imputation,RFECA_SVR(k=5),0.2,1,3,0.7174422304641279,0.47675928179449456,2.09807648944255,0.10656532919551424,0.03499880853324875,0.9960929041593852,3310,80400,16080,0,0,originally_observed_only,1286,322,False,1200045
imputation,RFECA_SVR(k=5),0.2,1,4,0.7407244077906703,0.4816165433524996,2.241488492117343,0.1158766908953524,0.03783576865529653,0.9956161346831472,3196,80400,16080,0,0,originally_observed_only,1287,321,False,1200045
imputation,RFECA_SVR(k=5),0.2,1,5,0.7178257760377468,0.4766785288762366,2.0867663498191233,0.10822311810575462,0.035279414043448885,0.9962780980424367,3142,80400,16080,0,0,originally_observed_only,1287,321,False,1200045
imputation,RFECA_SVR(k=10),0.2,1,1,0.6878666927566794,0.4605377225662402,2.1874791200858645,0.11759517046832867,0.035960148371488296,0.9959521826887171,3239,80400,16080,0,0,originally_observed_only,1286,322,False,1200045
imputation,RFECA_SVR(k=10),0.2,1,2,0.6904328281300112,0.46422298777207405,2.018281238322455,0.10377907398227545,0.03303074980779465,0.9966751378667363,3193,80400,16080,0,0,originally_observed_only,1286,322,False,1200045
imputation,RFECA_SVR(k=10),0.2,1,3,0.6926886932847702,0.4618903573012679,2.2084664710463127,0.11217224809894151,0.037241845035902284,0.9961130703432023,3310,80400,16080,0,0,originally_observed_only,1286,322,False,1200045
imputation,RFECA_SVR(k=10),0.2,1,4,0.7223885057470834,0.47089480890906443,2.258109009213849,0.1167359103510336,0.03832893522403499,0.9960929956666499,3196,80400,16080,0,0,originally_observed_only,1287,321,False,1200045
imputation,RFECA_SVR(k=10),0.2,1,5,0.7015558157807184,0.4669837267916408,2.1393508064553144,0.11095023408668786,0.036161710457670845,0.9965345323114997,3142,80400,16080,0,0,originally_observed_only,1287,321,False,1200045
imputation,RFECA_SVR(k=20),0.2,1,1,0.6734334600017423,0.449310611376305,2.1346205736046002,0.11475358458661823,0.03524068058439163,0.996280791898509,3239,80400,16080,0,0,originally_observed_only,1286,322,False,1200045
imputation,RFECA_SVR(k=20),0.2,1,2,0.6762137432150398,0.45438386586536833,1.955912559648128,0.10057210579795066,0.03249934909771126,0.9971081743587195,3193,80400,16080,0,0,originally_observed_only,1286,322,False,1200045
imputation,RFECA_SVR(k=20),0.2,1,3,0.6816166606792281,0.45410596878429144,2.142281723704938,0.10881059783325958,0.03650208298787325,0.9964874563412864,3310,80400,16080,0,0,originally_observed_only,1286,322,False,1200045
imputation,RFECA_SVR(k=20),0.2,1,4,0.7099388700342626,0.46300787203217175,2.1751568003562083,0.11244758698971058,0.03699477617345444,0.9966213035792371,3196,80400,16080,0,0,originally_observed_only,1287,321,False,1200045
imputation,RFECA_SVR(k=20),0.2,1,5,0.6934868894230545,0.4612274406773476,2.080943922556914,0.1079211574989455,0.03561107149570024,0.9968837547753941,3142,80400,16080,0,0,originally_observed_only,1287,321,False,1200045
imputation,RFECA_SVR(k=5),0.2,2,1,0.7415493104182951,0.4881706702970458,2.1083353251638624,0.11334053417493266,0.03491403174568559,0.9954277079757988,3224,80400,16080,0,0,originally_observed_only,1286,322,False,2200048
imputation,RFECA_SVR(k=5),0.2,2,2,0.7270797740645151,0.47984821998241617,2.1257789176407003,0.10930655419814651,0.03504263277163652,0.9958452489784811,3328,80400,16080,0,0,originally_observed_only,1286,322,False,2200048
imputation,RFECA_SVR(k=5),0.2,2,3,0.7051659256714908,0.4708565206809859,1.8286205978348358,0.09287914762046776,0.029509110574837186,0.9966710704611953,3129,80400,16080,0,0,originally_observed_only,1286,322,False,2200048
imputation,RFECA_SVR(k=5),0.2,2,4,0.6683245777398055,0.4555156554197577,1.827038762845294,0.09445116792728464,0.029465970462752813,0.9965269321778031,3248,80400,16080,0,0,originally_observed_only,1287,321,False,2200048
imputation,RFECA_SVR(k=5),0.2,2,5,0.716129990391962,0.4751955625657465,1.9077471797873695,0.09893889096493459,0.03120483479270303,0.9965765031710634,3151,80400,16080,0,0,originally_observed_only,1287,321,False,2200048
imputation,RFECA_SVR(k=10),0.2,2,1,0.7212659866798752,0.47670005228168144,2.189524966091329,0.11770515168257455,0.03629773696047313,0.9956580626671191,3224,80400,16080,0,0,originally_observed_only,1286,322,False,2200048
imputation,RFECA_SVR(k=10),0.2,2,2,0.7088552950579861,0.46776554284410976,2.156561259914541,0.11088936778999255,0.03588795869242024,0.9961788626249448,3328,80400,16080,0,0,originally_observed_only,1286,322,False,2200048
imputation,RFECA_SVR(k=10),0.2,2,3,0.6765897378407019,0.4543023241053573,1.9375958808629932,0.09841421126972272,0.03180459161727716,0.9968212706785442,3129,80400,16080,0,0,originally_observed_only,1286,322,False,2200048
imputation,RFECA_SVR(k=10),0.2,2,4,0.6415379274024944,0.43650813686124434,1.9251369779428855,0.09952248396938115,0.03162946345772093,0.9966091209850162,3248,80400,16080,0,0,originally_observed_only,1287,321,False,2200048
imputation,RFECA_SVR(k=10),0.2,2,5,0.6933534002946486,0.4586994495639075,2.0167760271716118,0.10459330542701459,0.03379884667895067,0.9966749285039156,3151,80400,16080,0,0,originally_observed_only,1287,321,False,2200048
imputation,RFECA_SVR(k=20),0.2,2,1,0.7136112539840044,0.47063638095330423,2.163341621132463,0.11629757942938293,0.03632720312506874,0.99598939814105,3224,80400,16080,0,0,originally_observed_only,1286,322,False,2200048
imputation,RFECA_SVR(k=20),0.2,2,2,0.6976516082424458,0.4588286729732482,2.090412258983605,0.10748801720954959,0.03532030774635784,0.9967115341610587,3328,80400,16080,0,0,originally_observed_only,1286,322,False,2200048
imputation,RFECA_SVR(k=20),0.2,2,3,0.6654160903157226,0.4449431043614006,1.8957043203729291,0.09628645856070514,0.03150473573383144,0.9971447499605144,3129,80400,16080,0,0,originally_observed_only,1286,322,False,2200048
imputation,RFECA_SVR(k=20),0.2,2,4,0.634812966897364,0.4310851369226902,1.7886926745474634,0.09246881654053436,0.029896680651098156,0.9973248180834808,3248,80400,16080,0,0,originally_observed_only,1287,321,False,2200048
imputation,RFECA_SVR(k=20),0.2,2,5,0.6830251933477627,0.4526825711289019,1.9826939812086168,0.10282575474465924,0.03377986082826468,0.9969549180461543,3151,80400,16080,0,0,originally_observed_only,1287,321,False,2200048
imputation,RFECA_SVR(k=5),0.2,3,1,0.703023658377378,0.47638371530317825,2.1317731111246174,0.11460050982916747,0.03528519170821766,0.9952891804817358,3209,80400,16080,0,0,originally_observed_only,1286,322,False,3200051
imputation,RFECA_SVR(k=5),0.2,3,2,0.7344988011962587,0.4838866325041415,1.847843931473004,0.09501526765983714,0.029630022975038015,0.99656113253737,3211,80400,16080,0,0,originally_observed_only,1286,322,False,3200051
imputation,RFECA_SVR(k=5),0.2,3,3,0.697477030601482,0.47721991829665616,2.1946862225703647,0.11147232284710974,0.035954627759665785,0.9953237547121323,3214,80400,16080,0,0,originally_observed_only,1286,322,False,3200051
imputation,RFECA_SVR(k=5),0.2,3,4,0.7095130491418368,0.46905885783355056,1.9989201286187195,0.10333680082811846,0.03247698309981557,0.9964411246268441,3183,80400,16080,0,0,originally_observed_only,1287,321,False,3200051
imputation,RFECA_SVR(k=5),0.2,3,5,0.7141306213577628,0.47428449928121336,1.9704384535330726,0.10219016302199525,0.03263833899416094,0.9962038511647192,3263,80400,16080,0,0,originally_observed_only,1287,321,False,3200051
imputation,RFECA_SVR(k=10),0.2,3,1,0.6823243445991408,0.4604474336316844,2.2220309977041204,0.11945262085549403,0.03685468213366476,0.9954375468694311,3209,80400,16080,0,0,originally_observed_only,1286,322,False,3200051
imputation,RFECA_SVR(k=10),0.2,3,2,0.710449433995858,0.46828364257370964,1.884325650322347,0.09689114052015932,0.030228722502111394,0.9968962298342984,3211,80400,16080,0,0,originally_observed_only,1286,322,False,3200051
imputation,RFECA_SVR(k=10),0.2,3,3,0.6651538100982265,0.45660141958804884,2.2439224012372283,0.11397312280095583,0.03736423939993059,0.9957653551410743,3214,80400,16080,0,0,originally_observed_only,1286,322,False,3200051
imputation,RFECA_SVR(k=10),0.2,3,4,0.688838791531501,0.452792831391116,2.027797760190205,0.10482966791138329,0.03313596331080685,0.9967300485101365,3183,80400,16080,0,0,originally_observed_only,1287,321,False,3200051
imputation,RFECA_SVR(k=10),0.2,3,5,0.6937670143807171,0.461393672116617,2.109660478372247,0.10941044508107593,0.03528578440957797,0.9961329107034901,3263,80400,16080,0,0,originally_observed_only,1287,321,False,3200051
imputation,RFECA_SVR(k=20),0.2,3,1,0.6688113291167138,0.4523532021110776,2.1354716756941565,0.1147993383926264,0.03579605071275632,0.9960174499209428,3209,80400,16080,0,0,originally_observed_only,1286,322,False,3200051
imputation,RFECA_SVR(k=20),0.2,3,2,0.6916098099411642,0.456362430125714,1.86074584199592,0.09567867784333729,0.030180095325183443,0.9971838596556737,3211,80400,16080,0,0,originally_observed_only,1286,322,False,3200051
imputation,RFECA_SVR(k=20),0.2,3,3,0.6512625482394483,0.4472286796501132,2.132958569366488,0.10833705694177309,0.03592639593099927,0.9963291656152755,3214,80400,16080,0,0,originally_observed_only,1286,322,False,3200051
imputation,RFECA_SVR(k=20),0.2,3,4,0.6731191265049787,0.4417379544837066,1.9579792737563195,0.10122030957662848,0.03221376833090032,0.9971224359081182,3183,80400,16080,0,0,originally_observed_only,1287,321,False,3200051
imputation,RFECA_SVR(k=20),0.2,3,5,0.6877672078715473,0.4550874663813523,2.0597096627419407,0.10681991403292769,0.03454166401767501,0.996494871500947,3263,80400,16080,0,0,originally_observed_only,1287,321,False,3200051
imputation,RFECA_SVR(k=5),0.2,4,1,0.7097135218059165,0.4715730554079407,1.9949523046926685,0.10724525513976606,0.032679151409087,0.9960895933321111,3204,80400,16080,0,0,originally_observed_only,1286,322,False,4200054
imputation,RFECA_SVR(k=5),0.2,4,2,0.7172539528161184,0.4718757622695016,1.989340926869865,0.10229097675069004,0.03178180834398336,0.9962146077790829,3157,80400,16080,0,0,originally_observed_only,1286,322,False,4200054
imputation,RFECA_SVR(k=5),0.2,4,3,0.6798291496722214,0.4673004949785284,2.061454302661345,0.1047052180842956,0.03375341297687869,0.9961889166458147,3170,80400,16080,0,0,originally_observed_only,1286,322,False,4200054
imputation,RFECA_SVR(k=5),0.2,4,4,0.7270363585499591,0.4818473672534504,2.121089156691043,0.10965248915429396,0.034357489220191495,0.9957511794134526,3296,80400,16080,0,0,originally_observed_only,1287,321,False,4200054
imputation,RFECA_SVR(k=5),0.2,4,5,0.7063175217383852,0.4742362395299779,2.1269985516169143,0.11030962593505439,0.03452830598725346,0.9959991984597912,3253,80400,16080,0,0,originally_observed_only,1287,321,False,4200054
imputation,RFECA_SVR(k=10),0.2,4,1,0.6889414253693633,0.46073599244145846,2.131018141670819,0.11455992395074578,0.035112790597487065,0.9959704374419662,3204,80400,16080,0,0,originally_observed_only,1286,322,False,4200054
imputation,RFECA_SVR(k=10),0.2,4,2,0.6934830999745246,0.4555806158871163,2.0385065753745635,0.10481905132061302,0.03317875053988291,0.9965372823891783,3157,80400,16080,0,0,originally_observed_only,1286,322,False,4200054
imputation,RFECA_SVR(k=10),0.2,4,3,0.6612768032518559,0.4536163920236917,2.1229335017425837,0.10782786452818643,0.03557607030699755,0.9965122209908459,3170,80400,16080,0,0,originally_observed_only,1286,322,False,4200054
imputation,RFECA_SVR(k=10),0.2,4,4,0.708987416270932,0.46862178490232476,2.177521444384909,0.11256983036778496,0.03546178830603456,0.9960204591277597,3296,80400,16080,0,0,originally_observed_only,1287,321,False,4200054
imputation,RFECA_SVR(k=10),0.2,4,5,0.6842431647262551,0.456749017823824,2.169135528745639,0.1124949185303738,0.03560858804499631,0.9962924672345903,3253,80400,16080,0,0,originally_observed_only,1287,321,False,4200054
imputation,RFECA_SVR(k=20),0.2,4,1,0.6755904105107583,0.44947929502194744,2.0671608212341717,0.11112706262034668,0.03405851798947832,0.9963627673890557,3204,80400,16080,0,0,originally_observed_only,1286,322,False,4200054
imputation,RFECA_SVR(k=20),0.2,4,2,0.684237052851788,0.4511506622023345,2.003500259802457,0.10301904300431707,0.03283436940006682,0.9968789953809893,3157,80400,16080,0,0,originally_observed_only,1286,322,False,4200054
imputation,RFECA_SVR(k=20),0.2,4,3,0.6497388672088791,0.44879627448376846,2.024603179013029,0.10283347883047517,0.03400132196358136,0.9969807090475519,3170,80400,16080,0,0,originally_observed_only,1286,322,False,4200054
imputation,RFECA_SVR(k=20),0.2,4,4,0.6893189031534395,0.45535874287172834,2.0141694221295126,0.10412513307998449,0.03297573883618306,0.9967797017066796,3296,80400,16080,0,0,originally_observed_only,1287,321,False,4200054
imputation,RFECA_SVR(k=20),0.2,4,5,0.674929583898232,0.4496960850557821,2.072630510063226,0.10749001032128268,0.034230329559092464,0.9967547609291384,3253,80400,16080,0,0,originally_observed_only,1287,321,False,4200054
imputation,RFECA_SVR(k=5),0.2,5,1,0.740311063419165,0.48295949247274095,1.966894994192063,0.10573694167477993,0.03145926088010219,0.9958366793490797,3186,80400,16080,0,0,originally_observed_only,1286,322,False,5200057
imputation,RFECA_SVR(k=5),0.2,5,2,0.6860067288812774,0.4663920404389839,1.9586595244647065,0.10071335343951492,0.03264981329275347,0.9965028495685796,3164,80400,16080,0,0,originally_observed_only,1286,322,False,5200057
imputation,RFECA_SVR(k=5),0.2,5,3,0.7420991205894925,0.49079648810936793,2.0710339726020255,0.10519178789523906,0.03398566445971889,0.9961225179133553,3289,80400,16080,0,0,originally_observed_only,1286,322,False,5200057
imputation,RFECA_SVR(k=5),0.2,5,4,0.7038776380242397,0.4704584423351265,1.8228480402706835,0.0942345230209583,0.029807136989814964,0.9968930008278478,3220,80400,16080,0,0,originally_observed_only,1287,321,False,5200057
imputation,RFECA_SVR(k=5),0.2,5,5,0.6974393961281191,0.46603650839320854,1.9528583971080566,0.10127843252425399,0.03197332281538218,0.9965190073032043,3221,80400,16080,0,0,originally_observed_only,1287,321,False,5200057
imputation,RFECA_SVR(k=10),0.2,5,1,0.7148384022832284,0.4679170724717612,1.9576309956654259,0.10523892481329077,0.03164444704246807,0.99630461281917,3186,80400,16080,0,0,originally_observed_only,1286,322,False,5200057
imputation,RFECA_SVR(k=10),0.2,5,2,0.6672098760799684,0.45293208011965674,1.939901675935015,0.09974883367222559,0.032288326864333965,0.9970184218747832,3164,80400,16080,0,0,originally_observed_only,1286,322,False,5200057
imputation,RFECA_SVR(k=10),0.2,5,3,0.7094749588474629,0.4713875222766179,2.194369695930012,0.11145624585192006,0.03645827968361161,0.9963678228340036,3289,80400,16080,0,0,originally_observed_only,1286,322,False,5200057
imputation,RFECA_SVR(k=10),0.2,5,4,0.6894250915157165,0.4606902156078502,1.910453659752883,0.09876341055490477,0.031240822379282284,0.9970065885620447,3220,80400,16080,0,0,originally_observed_only,1287,321,False,5200057
imputation,RFECA_SVR(k=10),0.2,5,5,0.6834094051533629,0.45322788411405623,2.010572447987681,0.10427157765775133,0.033363770902920344,0.9966506849229876,3221,80400,16080,0,0,originally_observed_only,1287,321,False,5200057
imputation,RFECA_SVR(k=20),0.2,5,1,0.7028967187877193,0.4583425466367479,1.8363206517602282,0.09871748630440876,0.02970963517412909,0.9969362941657137,3186,80400,16080,0,0,originally_observed_only,1286,322,False,5200057
imputation,RFECA_SVR(k=20),0.2,5,2,0.6572928248588188,0.4473262520165382,1.900800913613629,0.09773829082583455,0.031711417139384,0.9972996899381175,3164,80400,16080,0,0,originally_observed_only,1286,322,False,5200057
imputation,RFECA_SVR(k=20),0.2,5,3,0.6980246851494147,0.4614570142957811,2.1267723265128633,0.1080228458014752,0.035351087763961536,0.996770210397978,3289,80400,16080,0,0,originally_observed_only,1286,322,False,5200057
imputation,RFECA_SVR(k=20),0.2,5,4,0.6746199611040512,0.45120555633169707,1.8489321577706452,0.09558297572613637,0.03086138910753819,0.997387748312341,3220,80400,16080,0,0,originally_observed_only,1287,321,False,5200057
imputation,RFECA_SVR(k=20),0.2,5,5,0.666506281561852,0.4434638047178465,1.8994450442628303,0.09850832862934773,0.03188681452180493,0.9972215856103632,3221,80400,16080,0,0,originally_observed_only,1287,321,False,5200057
imputation,RFECA_SVR(k=5),0.2,6,1,0.7147630518238264,0.48196543391816327,2.0227630373702583,0.10874031299885178,0.033504157131767826,0.9959254380593573,3163,80400,16080,0,0,originally_observed_only,1286,322,False,6200060
imputation,RFECA_SVR(k=5),0.2,6,2,0.7420250379452509,0.49438404032913585,2.0514752441616584,0.10548589418272385,0.03327144659709569,0.9962643202021029,3315,80400,16080,0,0,originally_observed_only,1286,322,False,6200060
imputation,RFECA_SVR(k=5),0.2,6,3,0.7232677136125732,0.4840332698531887,2.265926836883905,0.11509077029390907,0.036005406618621845,0.9952887380367775,3136,80400,16080,0,0,originally_observed_only,1286,322,False,6200060
imputation,RFECA_SVR(k=5),0.2,6,4,0.7111196420638362,0.4733861725423853,2.0049731720590698,0.10364972085701007,0.032799462556447556,0.9963050215864988,3239,80400,16080,0,0,originally_observed_only,1287,321,False,6200060
imputation,RFECA_SVR(k=5),0.2,6,5,0.7249509358727307,0.4782347803282969,2.141573672368779,0.11106551555090496,0.035605560251159366,0.9957861653380943,3227,80400,16080,0,0,originally_observed_only,1287,321,False,6200060
imputation,RFECA_SVR(k=10),0.2,6,1,0.6962668547374483,0.46881909778210773,2.125810575096207,0.11427997399673542,0.035259547075920473,0.9959558549106947,3163,80400,16080,0,0,originally_observed_only,1286,322,False,6200060
imputation,RFECA_SVR(k=10),0.2,6,2,0.7286551517327703,0.48140099960435245,2.1788215824959756,0.11203398312911554,0.036151718817211055,0.9964890509964012,3315,80400,16080,0,0,originally_observed_only,1286,322,False,6200060
imputation,RFECA_SVR(k=10),0.2,6,3,0.6946107653284067,0.46560378252361356,2.342226721858423,0.11896618780170914,0.03861631915875201,0.9956736184529357,3136,80400,16080,0,0,originally_observed_only,1286,322,False,6200060
imputation,RFECA_SVR(k=10),0.2,6,4,0.6905518648999179,0.46087633227451213,2.1498175084526143,0.11113763902176618,0.03547253409222529,0.9962774727540954,3239,80400,16080,0,0,originally_observed_only,1287,321,False,6200060
imputation,RFECA_SVR(k=10),0.2,6,5,0.7131040935627488,0.4664630600278636,2.2231969983485307,0.11529863482104119,0.03719764148139947,0.9960921223453538,3227,80400,16080,0,0,originally_observed_only,1287,321,False,6200060
imputation,RFECA_SVR(k=20),0.2,6,1,0.682887437949931,0.45792307344291316,2.0043850830869627,0.10775234532091643,0.033398011951551475,0.9965697162823206,3163,80400,16080,0,0,originally_observed_only,1286,322,False,6200060
imputation,RFECA_SVR(k=20),0.2,6,2,0.7063344835205082,0.47126236280671674,2.088906008334202,0.10741056650812496,0.03506160676773918,0.996980569038573,3315,80400,16080,0,0,originally_observed_only,1286,322,False,6200060
imputation,RFECA_SVR(k=20),0.2,6,3,0.6834035042874801,0.45931475377992464,2.223269483905173,0.11292412151553416,0.036547907647513894,0.9962421067186273,3136,80400,16080,0,0,originally_observed_only,1286,322,False,6200060
imputation,RFECA_SVR(k=20),0.2,6,4,0.6784737333299649,0.4530769967582328,2.058499555715431,0.1064168375455438,0.03389667828361499,0.996684170559298,3239,80400,16080,0,0,originally_observed_only,1287,321,False,6200060
imputation,RFECA_SVR(k=20),0.2,6,5,0.7025645980776618,0.4593220307213731,2.1331308159719273,0.11062765520057603,0.03603106147083638,0.996472689139049,3227,80400,16080,0,0,originally_observed_only,1287,321,False,6200060
imputation,RFECA_SVR(k=5),0.2,7,1,0.736910300617753,0.48849504418946244,2.152909104676887,0.11573674502427145,0.03570883860438865,0.9953700199618791,3256,80400,16080,0,0,originally_observed_only,1286,322,False,7200063
imputation,RFECA_SVR(k=5),0.2,7,2,0.7099289415461906,0.48081609871599384,1.7954981812903097,0.0923236737542312,0.02914618180017357,0.9968550549853137,3244,80400,16080,0,0,originally_observed_only,1286,322,False,7200063
imputation,RFECA_SVR(k=5),0.2,7,3,0.7167085214101546,0.4786598171450201,2.0801538556871586,0.10565500424987731,0.033202615391430705,0.9961161340015222,3099,80400,16080,0,0,originally_observed_only,1286,322,False,7200063
imputation,RFECA_SVR(k=5),0.2,7,4,0.7390078885554924,0.4853633894935845,2.0899239706356085,0.10804136393819687,0.03396156632852548,0.9956557277223642,3214,80400,16080,0,0,originally_observed_only,1287,321,False,7200063
imputation,RFECA_SVR(k=5),0.2,7,5,0.6950789627657441,0.4622360235456915,2.026077879987221,0.10507571473745478,0.03291619166017731,0.9962761379205333,3267,80400,16080,0,0,originally_observed_only,1287,321,False,7200063
imputation,RFECA_SVR(k=10),0.2,7,1,0.7188682439670719,0.4756705333902725,2.116780858286138,0.11379455172330173,0.035702477629020714,0.9958995167745609,3256,80400,16080,0,0,originally_observed_only,1286,322,False,7200063
imputation,RFECA_SVR(k=10),0.2,7,2,0.68093417575942,0.46346107539695097,1.86247931184504,0.09576781204936469,0.030383284376629467,0.9970124214877019,3244,80400,16080,0,0,originally_observed_only,1286,322,False,7200063
imputation,RFECA_SVR(k=10),0.2,7,3,0.6961870592342436,0.4633264533784885,2.1682897625325257,0.11013159601103717,0.035751748906929476,0.9963923337962656,3099,80400,16080,0,0,originally_observed_only,1286,322,False,7200063
imputation,RFECA_SVR(k=10),0.2,7,4,0.7151438900758488,0.4719453235392373,2.094193889348358,0.10826210299287661,0.03452556085275488,0.9961313787125181,3214,80400,16080,0,0,originally_observed_only,1287,321,False,7200063
imputation,RFECA_SVR(k=10),0.2,7,5,0.6771369611912057,0.44814937684632583,2.0858282862101314,0.10817446859175635,0.034476078447582506,0.9965031205227358,3267,80400,16080,0,0,originally_observed_only,1287,321,False,7200063
imputation,RFECA_SVR(k=20),0.2,7,1,0.7091323380804585,0.46582779870671903,2.0494577408717896,0.1101753750207196,0.03449080235659467,0.9963076290681311,3256,80400,16080,0,0,originally_observed_only,1286,322,False,7200063
imputation,RFECA_SVR(k=20),0.2,7,2,0.6733051425346912,0.45645580172975975,1.7781314611366283,0.09143068515510197,0.029184569802861042,0.9974865902090094,3244,80400,16080,0,0,originally_observed_only,1286,322,False,7200063
imputation,RFECA_SVR(k=20),0.2,7,3,0.678833625907114,0.45564905460644783,2.069302657018841,0.10510385105595232,0.03447779306679355,0.9967809301184336,3099,80400,16080,0,0,originally_observed_only,1286,322,False,7200063
imputation,RFECA_SVR(k=20),0.2,7,4,0.7020043927729068,0.46455184088830115,2.017471285315023,0.10429582723303131,0.03363217029101178,0.9966284324068744,3214,80400,16080,0,0,originally_observed_only,1287,321,False,7200063
imputation,RFECA_SVR(k=20),0.2,7,5,0.6717341411993126,0.44326198386059645,2.0556969705938806,0.10661180925095284,0.03432155729704381,0.9968072830758976,3267,80400,16080,0,0,originally_observed_only,1287,321,False,7200063
imputation,RFECA_SVR(k=5),0.2,8,1,0.7375172316194266,0.48418831288397746,2.1021744562704323,0.11300933630378338,0.03442993538779534,0.995689019998781,3191,80400,16080,0,0,originally_observed_only,1286,322,False,8200066
imputation,RFECA_SVR(k=5),0.2,8,2,0.7178032162963132,0.47741176393321433,1.8633274254048757,0.0958114216505443,0.029680524682324048,0.9969295714166508,3218,80400,16080,0,0,originally_observed_only,1286,322,False,8200066
imputation,RFECA_SVR(k=5),0.2,8,3,0.7422661217930848,0.494813575559792,2.1513216795590657,0.10926975453052758,0.03534439332728271,0.9961982498558254,3189,80400,16080,0,0,originally_observed_only,1286,322,False,8200066
imputation,RFECA_SVR(k=5),0.2,8,4,0.7227891015838065,0.48099421189706487,1.9320604636944423,0.09988040265652716,0.03130164351067267,0.9965365088392816,3259,80400,16080,0,0,originally_observed_only,1287,321,False,8200066
imputation,RFECA_SVR(k=5),0.2,8,5,0.7239025810093641,0.47808658184434183,2.1571103493138137,0.11187127304461728,0.036575388813369594,0.9960074310858651,3223,80400,16080,0,0,originally_observed_only,1287,321,False,8200066
imputation,RFECA_SVR(k=10),0.2,8,1,0.7257507027023847,0.47629232632477786,2.1721804956006525,0.11677274234192953,0.03610873700099158,0.9958678763284009,3191,80400,16080,0,0,originally_observed_only,1286,322,False,8200066
imputation,RFECA_SVR(k=10),0.2,8,2,0.6939226220344537,0.4565658979115088,1.9452864341290104,0.10002571541119265,0.03134561533784329,0.9970013091901219,3218,80400,16080,0,0,originally_observed_only,1286,322,False,8200066
imputation,RFECA_SVR(k=10),0.2,8,3,0.7098798332690046,0.4779205834891201,2.252255140103742,0.114396358590918,0.03767543397738284,0.9965174748749772,3189,80400,16080,0,0,originally_observed_only,1286,322,False,8200066
imputation,RFECA_SVR(k=10),0.2,8,4,0.7018777575185552,0.4648549485482795,2.0447800863114853,0.10570759155969112,0.03353346069375731,0.9966320845261558,3259,80400,16080,0,0,originally_observed_only,1287,321,False,8200066
imputation,RFECA_SVR(k=10),0.2,8,5,0.7066510824737058,0.4702649753956306,2.2648326732198325,0.11745792906085882,0.03877155925432963,0.996212043655846,3223,80400,16080,0,0,originally_observed_only,1287,321,False,8200066
imputation,RFECA_SVR(k=20),0.2,8,1,0.7185624921838614,0.4702523713675582,2.1592609483671157,0.11607820937685978,0.036004007630899754,0.9961314466034662,3191,80400,16080,0,0,originally_observed_only,1286,322,False,8200066
imputation,RFECA_SVR(k=20),0.2,8,2,0.6842242604048759,0.4496919934570553,1.9135812498353406,0.09839544971582838,0.031302691970465,0.9973334051877131,3218,80400,16080,0,0,originally_observed_only,1286,322,False,8200066
imputation,RFECA_SVR(k=20),0.2,8,3,0.7047543257140739,0.47156435116558776,2.183807374145738,0.11091976526902712,0.036685572169530785,0.9967993161489891,3189,80400,16080,0,0,originally_observed_only,1286,322,False,8200066
imputation,RFECA_SVR(k=20),0.2,8,4,0.6871745658754156,0.4554923356326226,1.965655855337535,0.10161716054157775,0.03235058741044782,0.9970460017829968,3259,80400,16080,0,0,originally_observed_only,1287,321,False,8200066
imputation,RFECA_SVR(k=20),0.2,8,5,0.6961292474052928,0.46217033185184786,2.257355306006545,0.11707014055971021,0.0389964302605883,0.9963868104127489,3223,80400,16080,0,0,originally_observed_only,1287,321,False,8200066
imputation,RFECA_SVR(k=5),0.2,9,1,0.7282698811543861,0.4823690741345088,2.107634480119735,0.11330285793305256,0.03464176668759496,0.9953483755318253,3279,80400,16080,0,0,originally_observed_only,1286,322,False,9200069
imputation,RFECA_SVR(k=5),0.2,9,2,0.7029852445122846,0.4766890391827346,1.994966321862672,0.10258023192090769,0.03291002404467587,0.9960413610198353,3276,80400,16080,0,0,originally_observed_only,1286,322,False,9200069
imputation,RFECA_SVR(k=5),0.2,9,3,0.7000180575274613,0.4737602028086593,2.3330237661061393,0.11849875202696557,0.03858183702617975,0.9951025915232099,3186,80400,16080,0,0,originally_observed_only,1286,322,False,9200069
imputation,RFECA_SVR(k=5),0.2,9,4,0.6943986024365209,0.46704741938809213,1.9378468104901865,0.1001795354521769,0.03185449859478806,0.9963696214618759,3215,80400,16080,0,0,originally_observed_only,1287,321,False,9200069
imputation,RFECA_SVR(k=5),0.2,9,5,0.7218510295412044,0.4809490544945769,1.9338268857254985,0.10029142719696177,0.0314054424335678,0.996176901055288,3124,80400,16080,0,0,originally_observed_only,1287,321,False,9200069
imputation,RFECA_SVR(k=10),0.2,9,1,0.714419953476655,0.47197430999532813,2.2361543060135456,0.12021186597604101,0.036843366306184296,0.9953445635772068,3279,80400,16080,0,0,originally_observed_only,1286,322,False,9200069
imputation,RFECA_SVR(k=10),0.2,9,2,0.6821590975726731,0.4625916796052755,2.057894280131773,0.10581595799949456,0.03427176352266699,0.9964441077193134,3276,80400,16080,0,0,originally_observed_only,1286,322,False,9200069
imputation,RFECA_SVR(k=10),0.2,9,3,0.6795964904232533,0.4613087871040256,2.452636074631099,0.12457409060396113,0.04128908007918062,0.995320541984552,3186,80400,16080,0,0,originally_observed_only,1286,322,False,9200069
imputation,RFECA_SVR(k=10),0.2,9,4,0.6772058968558817,0.45455564567100293,1.9989084915846345,0.10333619923636085,0.03311470642683442,0.9967153061101246,3215,80400,16080,0,0,originally_observed_only,1287,321,False,9200069
imputation,RFECA_SVR(k=10),0.2,9,5,0.7027746226522654,0.4726870288774163,2.008880142634448,0.10418381193250383,0.03262254171838977,0.9962928382581092,3124,80400,16080,0,0,originally_observed_only,1287,321,False,9200069
imputation,RFECA_SVR(k=20),0.2,9,1,0.7020360868938549,0.4603653710364569,2.125740746644387,0.11427622013750087,0.034921832115960595,0.9959999528090238,3279,80400,16080,0,0,originally_observed_only,1286,322,False,9200069
imputation,RFECA_SVR(k=20),0.2,9,2,0.6689971799025007,0.4512637289804269,1.9343818699433233,0.09946500783888647,0.03225875449894385,0.997071636424758,3276,80400,16080,0,0,originally_observed_only,1286,322,False,9200069
imputation,RFECA_SVR(k=20),0.2,9,3,0.6591065599175129,0.44977036469686876,2.3614809038472284,0.11994414463614875,0.040265433149841226,0.9958167214686511,3186,80400,16080,0,0,originally_observed_only,1286,322,False,9200069
imputation,RFECA_SVR(k=20),0.2,9,4,0.6703412919599041,0.44800992407370016,1.822817689143588,0.09423295397958908,0.030339430206420617,0.997431416905866,3215,80400,16080,0,0,originally_observed_only,1287,321,False,9200069
imputation,RFECA_SVR(k=20),0.2,9,5,0.690457304993296,0.46214903940287216,1.8952295228488631,0.09828970478969234,0.031035725477712033,0.9969047887299965,3124,80400,16080,0,0,originally_observed_only,1287,321,False,9200069
imputation,RFECA_SVR(k=5),0.3,0,1,0.7467419479981968,0.502371492710808,3.046172450783005,0.16375706873567464,0.050627321308025094,0.9915639569589494,4801,80400,24120,0,0,originally_observed_only,1286,322,False,300042
imputation,RFECA_SVR(k=5),0.3,0,2,0.7369010865211248,0.4854938627218488,2.874502313588709,0.14780555980002819,0.04629570785431268,0.9932947978347756,4743,80400,24120,0,0,originally_observed_only,1286,322,False,300042
imputation,RFECA_SVR(k=5),0.3,0,3,0.7268527184354787,0.4979977311357919,3.1157523266893072,0.1582550369617624,0.05157224556598058,0.9923840333269931,4756,80400,24120,0,0,originally_observed_only,1286,322,False,300042
imputation,RFECA_SVR(k=5),0.3,0,4,0.734156516458097,0.4916117723744048,3.218259976420586,0.16637217537365334,0.05447812517313719,0.9920413930185672,4894,80400,24120,0,0,originally_observed_only,1287,321,False,300042
imputation,RFECA_SVR(k=5),0.3,0,5,0.7318362840038072,0.4966690827425439,3.332165048446426,0.17281153283746534,0.055463920899642846,0.9911541859971698,4926,80400,24120,0,0,originally_observed_only,1287,321,False,300042
imputation,RFECA_SVR(k=10),0.3,0,1,0.7285463084363725,0.491371619359077,3.3175154786831693,0.17834401008214096,0.05607761664509298,0.9913580220357932,4801,80400,24120,0,0,originally_observed_only,1286,322,False,300042
imputation,RFECA_SVR(k=10),0.3,0,2,0.7223664993459086,0.4770249163250536,3.216899819646517,0.16541147885522123,0.05292024766043689,0.993078974354718,4743,80400,24120,0,0,originally_observed_only,1286,322,False,300042
imputation,RFECA_SVR(k=10),0.3,0,3,0.7171118242854905,0.4881187802090685,3.4249872855397974,0.1739616736618474,0.05811105299476088,0.9924003656609276,4756,80400,24120,0,0,originally_observed_only,1286,322,False,300042
imputation,RFECA_SVR(k=10),0.3,0,4,0.727146156802071,0.4855054838265314,3.4613196760633516,0.1789374657080315,0.05921007639786207,0.9920732783365747,4894,80400,24120,0,0,originally_observed_only,1287,321,False,300042
imputation,RFECA_SVR(k=10),0.3,0,5,0.7251510865716383,0.48810188187625286,3.7274111796350153,0.1933096440611646,0.06291723984530997,0.9905566937252882,4926,80400,24120,0,0,originally_observed_only,1287,321,False,300042
imputation,RFECA_SVR(k=20),0.3,0,1,0.718710023119725,0.48392942696768254,3.277307258958581,0.1761824843289007,0.05570848751184251,0.9919566222135352,4801,80400,24120,0,0,originally_observed_only,1286,322,False,300042
imputation,RFECA_SVR(k=20),0.3,0,2,0.7148931538467024,0.470974030912028,3.2247889397629392,0.16581713370880236,0.053697434431184694,0.9934594854980492,4743,80400,24120,0,0,originally_observed_only,1286,322,False,300042
imputation,RFECA_SVR(k=20),0.3,0,3,0.7126697878216149,0.4841063627676002,3.3348822093676396,0.16938506401353845,0.05660014342353105,0.9928864877291914,4756,80400,24120,0,0,originally_observed_only,1286,322,False,300042
imputation,RFECA_SVR(k=20),0.3,0,4,0.7141127712007155,0.4754470123468776,3.423240133799256,0.17696889376849637,0.05846895778149084,0.9926520487553073,4894,80400,24120,0,0,originally_observed_only,1287,321,False,300042
imputation,RFECA_SVR(k=20),0.3,0,5,0.7167051431311922,0.4828490239535911,3.6344765996042177,0.18848990464393012,0.06241293694451295,0.9913782279994311,4926,80400,24120,0,0,originally_observed_only,1287,321,False,300042
imputation,RFECA_SVR(k=5),0.3,1,1,0.7813454201676171,0.5208961649411384,3.3157717461820235,0.1782502699779084,0.05468173896658351,0.9896836421353049,4906,80400,24120,0,0,originally_observed_only,1286,322,False,1300045
imputation,RFECA_SVR(k=5),0.3,1,2,0.7487435064551996,0.49787335440114067,2.861957909985729,0.14716053245455316,0.0467889341129377,0.9928314273245706,4843,80400,24120,0,0,originally_observed_only,1286,322,False,1300045
imputation,RFECA_SVR(k=5),0.3,1,3,0.7427753236347682,0.49631017076659184,2.957143051166832,0.1501989676313228,0.04812872575038519,0.992160460848001,4801,80400,24120,0,0,originally_observed_only,1286,322,False,1300045
imputation,RFECA_SVR(k=5),0.3,1,4,0.7417018786915943,0.49776200422202227,2.883070658167727,0.1490441234299554,0.046796723397580425,0.9927145186331233,4768,80400,24120,0,0,originally_observed_only,1287,321,False,1300045
imputation,RFECA_SVR(k=5),0.3,1,5,0.7359024407121961,0.4941898998204828,3.0242123206920697,0.1568406003803468,0.0495163269000905,0.9916888927760082,4802,80400,24120,0,0,originally_observed_only,1287,321,False,1300045
imputation,RFECA_SVR(k=10),0.3,1,1,0.7745227299042565,0.5111860921527214,3.6771395325646066,0.19767678977927428,0.06201306943409465,0.9889408576691794,4906,80400,24120,0,0,originally_observed_only,1286,322,False,1300045
imputation,RFECA_SVR(k=10),0.3,1,2,0.7219435605836994,0.4811140120850302,3.055756565991346,0.15712556838581382,0.050605651707173654,0.993458648191507,4843,80400,24120,0,0,originally_observed_only,1286,322,False,1300045
imputation,RFECA_SVR(k=10),0.3,1,3,0.7110046143604115,0.4800978086277121,3.2033697171669724,0.16270529228204633,0.053549659309456356,0.9927915617639463,4801,80400,24120,0,0,originally_observed_only,1286,322,False,1300045
imputation,RFECA_SVR(k=10),0.3,1,4,0.730482350514849,0.48671032335139286,3.2778146631289795,0.16945093310421802,0.05532941762928487,0.9923854211296629,4768,80400,24120,0,0,originally_observed_only,1287,321,False,1300045
imputation,RFECA_SVR(k=10),0.3,1,5,0.728451152653311,0.4858031266091158,3.367388864508819,0.17463829758579769,0.05632904614811245,0.9913648432103773,4802,80400,24120,0,0,originally_observed_only,1287,321,False,1300045
imputation,RFECA_SVR(k=20),0.3,1,1,0.7655912373311213,0.5029860571514061,3.716789581239905,0.19980830920281337,0.06324713890013209,0.9895946982541733,4906,80400,24120,0,0,originally_observed_only,1286,322,False,1300045
imputation,RFECA_SVR(k=20),0.3,1,2,0.7085756013889214,0.47486886295703845,3.1087066281029796,0.15984823572716844,0.05241026825475365,0.9940546453503148,4843,80400,24120,0,0,originally_observed_only,1286,322,False,1300045
imputation,RFECA_SVR(k=20),0.3,1,3,0.7080115036935759,0.4757277673711432,3.186472651569025,0.16184705791025664,0.054298015648737756,0.9934659021066998,4801,80400,24120,0,0,originally_observed_only,1286,322,False,1300045
imputation,RFECA_SVR(k=20),0.3,1,4,0.7162330003274837,0.4783019096615346,3.289225049688577,0.17004080802037874,0.05658087572621101,0.9928643253483218,4768,80400,24120,0,0,originally_observed_only,1287,321,False,1300045
imputation,RFECA_SVR(k=20),0.3,1,5,0.7198839835149436,0.4785881483154694,3.3583632054026964,0.17417021213315043,0.05726666214881308,0.9920188133887182,4802,80400,24120,0,0,originally_observed_only,1287,321,False,1300045
imputation,RFECA_SVR(k=5),0.3,2,1,0.7500728791018265,0.49636430463422115,2.878216510500667,0.1547280420138586,0.047290641413211466,0.992035133012218,4777,80400,24120,0,0,originally_observed_only,1286,322,False,2300048
imputation,RFECA_SVR(k=5),0.3,2,2,0.7578776229270434,0.5046618076377611,2.8371315970844946,0.14588397509754886,0.04672622635082886,0.9929700117317449,4888,80400,24120,0,0,originally_observed_only,1286,322,False,2300048
imputation,RFECA_SVR(k=5),0.3,2,3,0.7473567140340974,0.4993078898385556,3.013514842425109,0.15306219903542437,0.04914125068529645,0.9927316234785651,4740,80400,24120,0,0,originally_observed_only,1286,322,False,2300048
imputation,RFECA_SVR(k=5),0.3,2,4,0.7231096022870124,0.4897776742418741,2.8414887361064816,0.1468944913678367,0.046296677475749295,0.9936579129032609,4847,80400,24120,0,0,originally_observed_only,1287,321,False,2300048
imputation,RFECA_SVR(k=5),0.3,2,5,0.7758019449441012,0.5077784800395717,3.309344065276285,0.17162799930141534,0.05424296242769638,0.9909483286259093,4868,80400,24120,0,0,originally_observed_only,1287,321,False,2300048
imputation,RFECA_SVR(k=10),0.3,2,1,0.741211811866451,0.49048123458416,3.276092994777425,0.17611720754428342,0.05463356569587674,0.9914130657082879,4777,80400,24120,0,0,originally_observed_only,1286,322,False,2300048
imputation,RFECA_SVR(k=10),0.3,2,2,0.7488813810030844,0.4953316073863859,3.080782745732596,0.15841240280192304,0.05139787143190746,0.993290676065838,4888,80400,24120,0,0,originally_observed_only,1286,322,False,2300048
imputation,RFECA_SVR(k=10),0.3,2,3,0.7241076059231375,0.4871972572853415,3.2652498468898283,0.16584830276224544,0.05500335862402378,0.9930158896623347,4740,80400,24120,0,0,originally_observed_only,1286,322,False,2300048
imputation,RFECA_SVR(k=10),0.3,2,4,0.7124596394817136,0.47996177484441643,3.109525157952232,0.1607509861533965,0.05145716817554628,0.9936580472282258,4847,80400,24120,0,0,originally_observed_only,1287,321,False,2300048
imputation,RFECA_SVR(k=10),0.3,2,5,0.7534072166823944,0.49253802141306074,3.617025755707528,0.18758487531937723,0.06027359699090762,0.9907675156069158,4868,80400,24120,0,0,originally_observed_only,1287,321,False,2300048
imputation,RFECA_SVR(k=20),0.3,2,1,0.7342996040675335,0.48298275638907745,3.2098194138741345,0.17255445214593104,0.05427487544775786,0.9925289848627387,4777,80400,24120,0,0,originally_observed_only,1286,322,False,2300048
imputation,RFECA_SVR(k=20),0.3,2,2,0.7357149350049198,0.48740411805412287,3.084354684448433,0.15859607021418076,0.05197942010918222,0.993928129478935,4888,80400,24120,0,0,originally_observed_only,1286,322,False,2300048
imputation,RFECA_SVR(k=20),0.3,2,3,0.7137972032752065,0.48216875656136743,3.2881104407939197,0.16700943617528022,0.05632785246616292,0.9935342054552442,4740,80400,24120,0,0,originally_observed_only,1286,322,False,2300048
imputation,RFECA_SVR(k=20),0.3,2,4,0.7016301774688479,0.47155752162890036,3.076898509161321,0.15906430870214433,0.052261265888772876,0.9944657923382204,4847,80400,24120,0,0,originally_observed_only,1287,321,False,2300048
imputation,RFECA_SVR(k=20),0.3,2,5,0.748600628385485,0.4886546918190549,3.611062831847731,0.18727562832908032,0.061128355303401154,0.9912184252079667,4868,80400,24120,0,0,originally_observed_only,1287,321,False,2300048
imputation,RFECA_SVR(k=5),0.3,3,1,0.7351464380020232,0.4941456334534803,3.0542779585669906,0.16419280709808365,0.051342101138365834,0.992176488304951,4788,80400,24120,0,0,originally_observed_only,1286,322,False,3300051
imputation,RFECA_SVR(k=5),0.3,3,2,0.766859467204188,0.5076799854120939,3.050663201150556,0.15686366995630138,0.05056292108529896,0.992195342844563,4868,80400,24120,0,0,originally_observed_only,1286,322,False,3300051
imputation,RFECA_SVR(k=5),0.3,3,3,0.766359843747649,0.5086896998111402,2.9768190883457297,0.15119835130002282,0.04880361567830436,0.9922786026498565,4855,80400,24120,0,0,originally_observed_only,1286,322,False,3300051
imputation,RFECA_SVR(k=5),0.3,3,4,0.7074946249241657,0.4799612794737466,2.9316555664926383,0.15155578406258563,0.04720649277971802,0.9925495996694503,4840,80400,24120,0,0,originally_observed_only,1287,321,False,3300051
imputation,RFECA_SVR(k=5),0.3,3,5,0.7389168665832014,0.4970376997211626,3.234077344870318,0.16772454399956335,0.05298824958457816,0.9912795556107395,4769,80400,24120,0,0,originally_observed_only,1287,321,False,3300051
imputation,RFECA_SVR(k=10),0.3,3,1,0.7201116022724384,0.4829699194100692,3.3263648688066954,0.17881973829849804,0.057268324029445726,0.9922440111617029,4788,80400,24120,0,0,originally_observed_only,1286,322,False,3300051
imputation,RFECA_SVR(k=10),0.3,3,2,0.7416647710919532,0.49372166758087266,3.211157218616333,0.165116197005573,0.05407279183072891,0.9928124122121568,4868,80400,24120,0,0,originally_observed_only,1286,322,False,3300051
imputation,RFECA_SVR(k=10),0.3,3,3,0.7368587655533246,0.49571586672212675,3.2630514498754466,0.16573664196116458,0.05441046717049873,0.9927270436494213,4855,80400,24120,0,0,originally_observed_only,1286,322,False,3300051
imputation,RFECA_SVR(k=10),0.3,3,4,0.6997712052312877,0.4704545681031119,3.180052914389349,0.1643970111323098,0.052735560806079364,0.9925879318074771,4840,80400,24120,0,0,originally_observed_only,1287,321,False,3300051
imputation,RFECA_SVR(k=10),0.3,3,5,0.732683880565912,0.48826901359245556,3.551997282339468,0.1842123922648376,0.05954638077614516,0.9912281627611501,4769,80400,24120,0,0,originally_observed_only,1287,321,False,3300051
imputation,RFECA_SVR(k=20),0.3,3,1,0.718782203744813,0.47877801886587484,3.3440480475867154,0.17977035602278368,0.057916879406179594,0.9927859168572107,4788,80400,24120,0,0,originally_observed_only,1286,322,False,3300051
imputation,RFECA_SVR(k=20),0.3,3,2,0.7364061942074238,0.48943037806534595,3.175516477901775,0.1632835668462234,0.05376712351253037,0.9937723852910597,4868,80400,24120,0,0,originally_observed_only,1286,322,False,3300051
imputation,RFECA_SVR(k=20),0.3,3,3,0.7264778763975953,0.4906403399897862,3.1782020556385526,0.16142697847921164,0.05343068874287111,0.9937887437430848,4855,80400,24120,0,0,originally_observed_only,1286,322,False,3300051
imputation,RFECA_SVR(k=20),0.3,3,4,0.6969320818438828,0.46948426458241355,3.232849398159451,0.16712639468779286,0.054163541824372635,0.9928167916723255,4840,80400,24120,0,0,originally_observed_only,1287,321,False,3300051
imputation,RFECA_SVR(k=20),0.3,3,5,0.7251703445938114,0.4845942596338275,3.5893293841760707,0.18614849616384332,0.06116588443124022,0.991690674666934,4769,80400,24120,0,0,originally_observed_only,1287,321,False,3300051
imputation,RFECA_SVR(k=5),0.3,4,1,0.7642944885139757,0.5125439433749557,3.249667903558396,0.1746966394218225,0.05309709116269626,0.9901986271027631,4795,80400,24120,0,0,originally_observed_only,1286,322,False,4300054
imputation,RFECA_SVR(k=5),0.3,4,2,0.7641957823227694,0.5063427483008675,2.7735543877473416,0.1426148648337726,0.04540244935260124,0.9933596037678601,4802,80400,24120,0,0,originally_observed_only,1286,322,False,4300054
imputation,RFECA_SVR(k=5),0.3,4,3,0.7207796415573542,0.4845507330000162,3.1436822614972613,0.1596736519227497,0.052061729256461485,0.9920410213180784,4889,80400,24120,0,0,originally_observed_only,1286,322,False,4300054
imputation,RFECA_SVR(k=5),0.3,4,4,0.7124578844613709,0.48398121812038114,2.6392664745456895,0.13644034601868793,0.04357212856261744,0.9941258714310862,4817,80400,24120,0,0,originally_observed_only,1287,321,False,4300054
imputation,RFECA_SVR(k=5),0.3,4,5,0.7391108348370393,0.4928111794968149,3.281933622901341,0.1702064488998902,0.05456932962618245,0.9912738370852903,4817,80400,24120,0,0,originally_observed_only,1287,321,False,4300054
imputation,RFECA_SVR(k=10),0.3,4,1,0.7423936682995707,0.5005662071410202,3.5652998906284,0.19166448015865087,0.05941938359241031,0.989852364980799,4795,80400,24120,0,0,originally_observed_only,1286,322,False,4300054
imputation,RFECA_SVR(k=10),0.3,4,2,0.7482697137029158,0.4957115028982058,3.1443939387188258,0.16168326048898443,0.0523536021190483,0.9932017828457904,4802,80400,24120,0,0,originally_observed_only,1286,322,False,4300054
imputation,RFECA_SVR(k=10),0.3,4,3,0.7044549799466142,0.47112505366610646,3.406602954400749,0.173027898220518,0.05729854306676527,0.99229194977611,4889,80400,24120,0,0,originally_observed_only,1286,322,False,4300054
imputation,RFECA_SVR(k=10),0.3,4,4,0.7039862175740685,0.4781429507412958,3.084238677365802,0.1594437683358394,0.05193079147324574,0.9930631032491523,4817,80400,24120,0,0,originally_observed_only,1287,321,False,4300054
imputation,RFECA_SVR(k=10),0.3,4,5,0.7185865886229118,0.47904314513242785,3.5615664029394143,0.18470866251998427,0.0602161978625724,0.9912993166478526,4817,80400,24120,0,0,originally_observed_only,1287,321,False,4300054
imputation,RFECA_SVR(k=20),0.3,4,1,0.7335924606922057,0.4939620388722634,3.52001517372045,0.18923005051975614,0.05989998738369811,0.9911033266104432,4795,80400,24120,0,0,originally_observed_only,1286,322,False,4300054
imputation,RFECA_SVR(k=20),0.3,4,2,0.7418647922899236,0.492079324268335,3.2224110612224393,0.16569486431032124,0.054130773719507815,0.9936648574698953,4802,80400,24120,0,0,originally_observed_only,1286,322,False,4300054
imputation,RFECA_SVR(k=20),0.3,4,3,0.6971013166458699,0.465668235642482,3.481039714848553,0.17680868405996822,0.05953328693274269,0.9926638572805974,4889,80400,24120,0,0,originally_observed_only,1286,322,False,4300054
imputation,RFECA_SVR(k=20),0.3,4,4,0.6942347774255594,0.47153823216535956,3.0426920581293904,0.15729596129960655,0.05191649383067808,0.9938550921120163,4817,80400,24120,0,0,originally_observed_only,1287,321,False,4300054
imputation,RFECA_SVR(k=20),0.3,4,5,0.7170036843609133,0.4756875111577783,3.5864006424908115,0.18599660682686386,0.061689289667443505,0.9920198382035523,4817,80400,24120,0,0,originally_observed_only,1287,321,False,4300054
imputation,RFECA_SVR(k=5),0.3,5,1,0.7547333121316416,0.5061492948848595,3.364912322311152,0.18089198407417365,0.0553175688783031,0.9898862762967062,4824,80400,24120,0,0,originally_observed_only,1286,322,False,5300057
imputation,RFECA_SVR(k=5),0.3,5,2,0.7721331449756336,0.5150574006331521,3.2197341251315046,0.1655572175129612,0.05381533325045124,0.9914866201193535,4863,80400,24120,0,0,originally_observed_only,1286,322,False,5300057
imputation,RFECA_SVR(k=5),0.3,5,3,0.7252451315496194,0.49213622256627326,3.016666854972168,0.153222295798529,0.05026649659822859,0.9925886752362033,4830,80400,24120,0,0,originally_observed_only,1286,322,False,5300057
imputation,RFECA_SVR(k=5),0.3,5,4,0.7604441060331669,0.5011540452834259,3.002456482763054,0.15521593039776707,0.049796331701971494,0.9924227018278751,4745,80400,24120,0,0,originally_observed_only,1287,321,False,5300057
imputation,RFECA_SVR(k=5),0.3,5,5,0.7487177926220411,0.4969759231677883,3.0219312580539994,0.15672230073874682,0.05105290374903082,0.9921472011596105,4858,80400,24120,0,0,originally_observed_only,1287,321,False,5300057
imputation,RFECA_SVR(k=10),0.3,5,1,0.7435727754869361,0.4973313666218585,3.62446986529035,0.19484535772364706,0.06019566617966009,0.9896902120534165,4824,80400,24120,0,0,originally_observed_only,1286,322,False,5300057
imputation,RFECA_SVR(k=10),0.3,5,2,0.7583482723615472,0.5029290216106386,3.482152303686181,0.17905063708671473,0.058925104019908366,0.9916352045522178,4863,80400,24120,0,0,originally_observed_only,1286,322,False,5300057
imputation,RFECA_SVR(k=10),0.3,5,3,0.7108792062600857,0.4861220333866128,3.442037962635454,0.17482771025624622,0.05840660587955337,0.992172149031111,4830,80400,24120,0,0,originally_observed_only,1286,322,False,5300057
imputation,RFECA_SVR(k=10),0.3,5,4,0.7477945718627363,0.49188016949966323,3.2664800798376,0.16886497693754499,0.0547124672155664,0.992253422730065,4745,80400,24120,0,0,originally_observed_only,1287,321,False,5300057
imputation,RFECA_SVR(k=10),0.3,5,5,0.7363224682596009,0.484392952940611,3.3152938662791693,0.17193656571887586,0.056650782197374246,0.9921472825713276,4858,80400,24120,0,0,originally_observed_only,1287,321,False,5300057
imputation,RFECA_SVR(k=20),0.3,5,1,0.7316401621775978,0.4895865538204331,3.6321146402158524,0.19525632786836833,0.061208140309965554,0.9904266171565842,4824,80400,24120,0,0,originally_observed_only,1286,322,False,5300057
imputation,RFECA_SVR(k=20),0.3,5,2,0.7472782556207505,0.49454380337169485,3.4015295927731013,0.17490505513231153,0.05810184169521973,0.9928446509163052,4863,80400,24120,0,0,originally_observed_only,1286,322,False,5300057
imputation,RFECA_SVR(k=20),0.3,5,3,0.7018818467172712,0.47743525376040913,3.402329261308844,0.17281082915105786,0.0582806655219556,0.9929983346875023,4830,80400,24120,0,0,originally_observed_only,1286,322,False,5300057
imputation,RFECA_SVR(k=20),0.3,5,4,0.734975924288496,0.4835469293324675,3.1582258364659075,0.16326863167795255,0.05366408728435574,0.9934673475937427,4745,80400,24120,0,0,originally_observed_only,1287,321,False,5300057
imputation,RFECA_SVR(k=20),0.3,5,5,0.730358896941795,0.4824489077429041,3.276154323068923,0.16990672495217243,0.05665780821018813,0.9928215818833912,4858,80400,24120,0,0,originally_observed_only,1287,321,False,5300057
imputation,RFECA_SVR(k=5),0.3,6,1,0.7874903754269432,0.520440963136484,3.5333738600491817,0.1899481908583933,0.058414141460090566,0.9895315091498789,4804,80400,24120,0,0,originally_observed_only,1286,322,False,6300060
imputation,RFECA_SVR(k=5),0.3,6,2,0.753780973163095,0.49529411572594456,3.2099903536059586,0.16505619735441457,0.05328412514063031,0.9917008434668736,4922,80400,24120,0,0,originally_observed_only,1286,322,False,6300060
imputation,RFECA_SVR(k=5),0.3,6,3,0.7488517384386953,0.5071050655227967,3.3283654103780114,0.169054063293057,0.054632589561235054,0.9912185944412414,4793,80400,24120,0,0,originally_observed_only,1286,322,False,6300060
imputation,RFECA_SVR(k=5),0.3,6,4,0.7214404678876095,0.48850201593087006,3.1761392362072836,0.16419468839964269,0.05313162547036538,0.9915277641930632,4869,80400,24120,0,0,originally_observed_only,1287,321,False,6300060
imputation,RFECA_SVR(k=5),0.3,6,5,0.7608057084988971,0.5067603457827415,3.320368933315697,0.17219976700125056,0.054254212936738676,0.991219639749424,4732,80400,24120,0,0,originally_observed_only,1287,321,False,6300060
imputation,RFECA_SVR(k=10),0.3,6,1,0.7860396528109017,0.5142423569989406,3.88762646483747,0.20899221055504438,0.06549158402855346,0.9884817356482499,4804,80400,24120,0,0,originally_observed_only,1286,322,False,6300060
imputation,RFECA_SVR(k=10),0.3,6,2,0.730662257086856,0.4791839457058356,3.467800287171383,0.17831266313372787,0.058993717651685124,0.9919589796818589,4922,80400,24120,0,0,originally_observed_only,1286,322,False,6300060
imputation,RFECA_SVR(k=10),0.3,6,3,0.7268763235782858,0.4928243489281293,3.6428638622068545,0.18502804289735872,0.061514806460068065,0.9912043962049514,4793,80400,24120,0,0,originally_observed_only,1286,322,False,6300060
imputation,RFECA_SVR(k=10),0.3,6,4,0.7073665371806126,0.4761275155597997,3.38830453467051,0.1751628520976504,0.058066027260735974,0.9920714789410826,4869,80400,24120,0,0,originally_observed_only,1287,321,False,6300060
imputation,RFECA_SVR(k=10),0.3,6,5,0.748893033426671,0.500467292415277,3.6062556958262033,0.18702632238763972,0.060170640637905726,0.9912043890049018,4732,80400,24120,0,0,originally_observed_only,1287,321,False,6300060
imputation,RFECA_SVR(k=20),0.3,6,1,0.7787622222705729,0.5102622381844331,3.925517354672773,0.21102916058051674,0.06639446296522888,0.9890070395325137,4804,80400,24120,0,0,originally_observed_only,1286,322,False,6300060
imputation,RFECA_SVR(k=20),0.3,6,2,0.7245937053202676,0.4770920628036082,3.4290104162156423,0.17631810617543958,0.05872131611490614,0.9927789623427855,4922,80400,24120,0,0,originally_observed_only,1286,322,False,6300060
imputation,RFECA_SVR(k=20),0.3,6,3,0.7191137141906608,0.4881721137247694,3.5829071226366938,0.18198272509224783,0.0611168187098016,0.9921990236226442,4793,80400,24120,0,0,originally_observed_only,1286,322,False,6300060
imputation,RFECA_SVR(k=20),0.3,6,4,0.7001668761677197,0.46818996134576446,3.3490750771206814,0.17313483377746716,0.05795676230470321,0.9928656306358373,4869,80400,24120,0,0,originally_observed_only,1287,321,False,6300060
imputation,RFECA_SVR(k=20),0.3,6,5,0.7436867225597616,0.4956200712761051,3.5331993101910215,0.183237498664437,0.059823382508942945,0.9923901994869111,4732,80400,24120,0,0,originally_observed_only,1287,321,False,6300060
imputation,RFECA_SVR(k=5),0.3,7,1,0.7527916871907376,0.5022728020281743,3.282798795699158,0.1764777000378012,0.05510415768840474,0.9901322526536191,4832,80400,24120,0,0,originally_observed_only,1286,322,False,7300063
imputation,RFECA_SVR(k=5),0.3,7,2,0.7611641234958526,0.5077942945631774,2.967188951218444,0.15257146320392628,0.04945471315436465,0.9923522421472207,4885,80400,24120,0,0,originally_observed_only,1286,322,False,7300063
imputation,RFECA_SVR(k=5),0.3,7,3,0.7121813274927662,0.4821698074601941,3.0333971124159818,0.15407205766421744,0.05022179618279615,0.9925460532676224,4863,80400,24120,0,0,originally_observed_only,1286,322,False,7300063
imputation,RFECA_SVR(k=5),0.3,7,4,0.7629198122719604,0.5000698149155205,3.0317046314126412,0.15672795184790983,0.049129353757914766,0.9919861103833724,4787,80400,24120,0,0,originally_observed_only,1287,321,False,7300063
imputation,RFECA_SVR(k=5),0.3,7,5,0.7465303392401761,0.5004665406391304,3.109045054098661,0.16124016477215874,0.05258925447692944,0.992104940274486,4753,80400,24120,0,0,originally_observed_only,1287,321,False,7300063
imputation,RFECA_SVR(k=10),0.3,7,1,0.7391108740279392,0.4937522566272248,3.48775185720925,0.1874956292993793,0.05909750981841869,0.9904884454176889,4832,80400,24120,0,0,originally_observed_only,1286,322,False,7300063
imputation,RFECA_SVR(k=10),0.3,7,2,0.746108096323074,0.4983447486138161,3.30048198049649,0.1697092343363441,0.05642567658728627,0.9926275877789565,4885,80400,24120,0,0,originally_observed_only,1286,322,False,7300063
imputation,RFECA_SVR(k=10),0.3,7,3,0.6999857742160932,0.4754994868887249,3.282407690380433,0.1667197825433983,0.05491268285619794,0.9926951331275463,4863,80400,24120,0,0,originally_observed_only,1286,322,False,7300063
imputation,RFECA_SVR(k=10),0.3,7,4,0.747902087904575,0.4910596989387115,3.3867211021885875,0.17508099447629447,0.05602196305657971,0.9919113733489306,4787,80400,24120,0,0,originally_observed_only,1287,321,False,7300063
imputation,RFECA_SVR(k=10),0.3,7,5,0.734832892162873,0.49134405312926593,3.433608203621032,0.17807254088680127,0.05885764554794303,0.9917997478354671,4753,80400,24120,0,0,originally_observed_only,1287,321,False,7300063
imputation,RFECA_SVR(k=20),0.3,7,1,0.7333015443013707,0.4889658707927822,3.4336273474341232,0.18458598737636478,0.058710176498216984,0.9914383901130274,4832,80400,24120,0,0,originally_observed_only,1286,322,False,7300063
imputation,RFECA_SVR(k=20),0.3,7,2,0.7440872716515824,0.49695165593963675,3.3205879150199924,0.170743072052703,0.05702789410762735,0.9929214311675901,4885,80400,24120,0,0,originally_observed_only,1286,322,False,7300063
imputation,RFECA_SVR(k=20),0.3,7,3,0.6885585919172398,0.46969843391151994,3.2504196435613175,0.1650950482895455,0.0551124122635131,0.9935156576305779,4863,80400,24120,0,0,originally_observed_only,1286,322,False,7300063
imputation,RFECA_SVR(k=20),0.3,7,4,0.7410598983954498,0.4835754460712933,3.3580862795023303,0.17360067971718351,0.05607613325565761,0.9925755416984929,4787,80400,24120,0,0,originally_observed_only,1287,321,False,7300063
imputation,RFECA_SVR(k=20),0.3,7,5,0.7247878204299552,0.48514260339571597,3.426017595916812,0.17767887954846343,0.058638515003919985,0.9923903437087878,4753,80400,24120,0,0,originally_observed_only,1287,321,False,7300063
imputation,RFECA_SVR(k=5),0.3,8,1,0.751607973045143,0.5000839351966113,3.178850316103435,0.17088960593178626,0.05290981906902474,0.9907705409557575,4763,80400,24120,0,0,originally_observed_only,1286,322,False,8300066
imputation,RFECA_SVR(k=5),0.3,8,2,0.7720832654317112,0.5103576055332402,3.2855511947785483,0.16894150034258032,0.05365011830452633,0.9903241629842381,4818,80400,24120,0,0,originally_observed_only,1286,322,False,8300066
imputation,RFECA_SVR(k=5),0.3,8,3,0.7333627474674036,0.4995595675391278,3.1541682364993653,0.16020625470613634,0.05169178897516315,0.9915399015891798,4912,80400,24120,0,0,originally_observed_only,1286,322,False,8300066
imputation,RFECA_SVR(k=5),0.3,8,4,0.7444613807926986,0.49913890187038545,2.8614807451011544,0.14792800452429486,0.047298446282922534,0.9926753951623406,4848,80400,24120,0,0,originally_observed_only,1287,321,False,8300066
imputation,RFECA_SVR(k=5),0.3,8,5,0.7219306169511222,0.48790449265328584,3.2840666915471037,0.17031707333084195,0.05529506710730558,0.9916134737142225,4779,80400,24120,0,0,originally_observed_only,1287,321,False,8300066
imputation,RFECA_SVR(k=10),0.3,8,1,0.7420913996542725,0.49299956438611364,3.446170987675619,0.18526031221857592,0.05824308921401142,0.9908823210865481,4763,80400,24120,0,0,originally_observed_only,1286,322,False,8300066
imputation,RFECA_SVR(k=10),0.3,8,2,0.7470681450207084,0.4951800716743249,3.536691572253818,0.18185502067813356,0.05950208553683264,0.9907517933199377,4818,80400,24120,0,0,originally_observed_only,1286,322,False,8300066
imputation,RFECA_SVR(k=10),0.3,8,3,0.7259495000614119,0.49165435755079484,3.542635975965163,0.17993727630917095,0.06001601586979887,0.9913753871258606,4912,80400,24120,0,0,originally_observed_only,1286,322,False,8300066
imputation,RFECA_SVR(k=10),0.3,8,4,0.721923936433062,0.48549205311847493,3.124995782139115,0.16155076038519203,0.052699028622526234,0.9927087641118862,4848,80400,24120,0,0,originally_observed_only,1287,321,False,8300066
imputation,RFECA_SVR(k=10),0.3,8,5,0.7120245382588826,0.47557780363116103,3.591937393225853,0.18628375178143555,0.06090706533564355,0.9916508154434989,4779,80400,24120,0,0,originally_observed_only,1287,321,False,8300066
imputation,RFECA_SVR(k=20),0.3,8,1,0.739286036476308,0.49067418028907744,3.5021760012079546,0.18827104683676854,0.05941558145149361,0.991450289728541,4763,80400,24120,0,0,originally_observed_only,1286,322,False,8300066
imputation,RFECA_SVR(k=20),0.3,8,2,0.7416868415329542,0.49039071150312413,3.5813829895005784,0.18415303237678035,0.06141265848324681,0.991390872772682,4818,80400,24120,0,0,originally_observed_only,1286,322,False,8300066
imputation,RFECA_SVR(k=20),0.3,8,3,0.7124481039950978,0.48312428783753847,3.4602765452244615,0.1757540828491604,0.059021370749886636,0.9923155845494985,4912,80400,24120,0,0,originally_observed_only,1286,322,False,8300066
imputation,RFECA_SVR(k=20),0.3,8,4,0.7132698728318135,0.47885589728638434,3.2030673268172314,0.16558677140296135,0.05533876362353212,0.9928201296290843,4848,80400,24120,0,0,originally_observed_only,1287,321,False,8300066
imputation,RFECA_SVR(k=20),0.3,8,5,0.7090538992978709,0.4745955339487421,3.627780295456937,0.18814262335167334,0.062037552331821864,0.991958770712322,4779,80400,24120,0,0,originally_observed_only,1287,321,False,8300066
imputation,RFECA_SVR(k=5),0.3,9,1,0.7628064553711893,0.510125942696031,3.3404911923598117,0.17957914551343607,0.05529945775982098,0.989848417131455,4864,80400,24120,0,0,originally_observed_only,1286,322,False,9300069
imputation,RFECA_SVR(k=5),0.3,9,2,0.7499283678530949,0.5022363657481193,2.8501889244185747,0.14655537674053326,0.047042983339611134,0.9931182232144723,4724,80400,24120,0,0,originally_observed_only,1286,322,False,9300069
imputation,RFECA_SVR(k=5),0.3,9,3,0.7459707908933221,0.5004574827031993,3.278495613899368,0.16652108067521548,0.05470828001151828,0.9918533262219641,4814,80400,24120,0,0,originally_observed_only,1286,322,False,9300069
imputation,RFECA_SVR(k=5),0.3,9,4,0.7378196936192063,0.49412738528259814,3.1486295459003366,0.1627725388362899,0.05288466293781039,0.9923990089125625,4840,80400,24120,0,0,originally_observed_only,1287,321,False,9300069
imputation,RFECA_SVR(k=5),0.3,9,5,0.7445759688427592,0.5000351747243844,3.1176060851291862,0.16168415385239468,0.05163628941099868,0.9920544107608185,4878,80400,24120,0,0,originally_observed_only,1287,321,False,9300069
imputation,RFECA_SVR(k=10),0.3,9,1,0.7490463752754082,0.5022276564677077,3.6516984207251113,0.19630911872074924,0.06178327009679657,0.9896410394507906,4864,80400,24120,0,0,originally_observed_only,1286,322,False,9300069
imputation,RFECA_SVR(k=10),0.3,9,2,0.7350389236149555,0.490521227112443,3.1284602605238554,0.16086395823476538,0.05268140460321663,0.9933153637258127,4724,80400,24120,0,0,originally_observed_only,1286,322,False,9300069
imputation,RFECA_SVR(k=10),0.3,9,3,0.7300955353906128,0.48821186750985296,3.7184071427948986,0.18886503101713548,0.06423457062090585,0.991880176527561,4814,80400,24120,0,0,originally_observed_only,1286,322,False,9300069
imputation,RFECA_SVR(k=10),0.3,9,4,0.7277447517419747,0.48419057361193163,3.585406584207193,0.18535230136286973,0.06209113878363758,0.9916239758120796,4840,80400,24120,0,0,originally_observed_only,1287,321,False,9300069
imputation,RFECA_SVR(k=10),0.3,9,5,0.7329743085828266,0.4909320501332223,3.420935270674626,0.17741530184366447,0.05768468333115267,0.9919214394708491,4878,80400,24120,0,0,originally_observed_only,1287,321,False,9300069
imputation,RFECA_SVR(k=20),0.3,9,1,0.740634551418898,0.4948277531647198,3.553172886313559,0.19101255295780156,0.06105513257154285,0.9909952226968325,4864,80400,24120,0,0,originally_observed_only,1286,322,False,9300069
imputation,RFECA_SVR(k=20),0.3,9,2,0.7372689487006944,0.4901169419847125,3.0734142215584055,0.15803351674734667,0.052792916333413126,0.994200587465234,4724,80400,24120,0,0,originally_observed_only,1286,322,False,9300069
imputation,RFECA_SVR(k=20),0.3,9,3,0.7228889423244724,0.48580851324947083,3.6492184251662008,0.18535080333867907,0.06353739657744024,0.9925925894305808,4814,80400,24120,0,0,originally_observed_only,1286,322,False,9300069
imputation,RFECA_SVR(k=20),0.3,9,4,0.7165004445621546,0.473743196032124,3.456240152330331,0.17867487305873764,0.06086477820821771,0.992636505105932,4840,80400,24120,0,0,originally_observed_only,1287,321,False,9300069
imputation,RFECA_SVR(k=20),0.3,9,5,0.7228034460773665,0.48202818437476985,3.377044836956765,0.17513907211992344,0.057752184417779656,0.9928353485783388,4878,80400,24120,0,0,originally_observed_only,1287,321,False,9300069
