stage,imputer,missing_rate,replicate,fold,rmse,mae,n_masked_test_values,n_eligible_cells,n_artificially_masked_cells,n_legacy_imputed_cells_in_cohort,n_legacy_imputed_cells_in_metric_target,target_cell_policy,n_train,n_test,degenerate_constant_preds,seed
imputation,SimpleMean,0.0,0,1,,,0,5804,0,46,0,originally_observed_only,93,24,False,1042
imputation,SimpleMean,0.0,0,2,,,0,5804,0,46,0,originally_observed_only,93,24,False,1042
imputation,SimpleMean,0.0,0,3,,,0,5804,0,46,0,originally_observed_only,94,23,False,1042
imputation,SimpleMean,0.0,0,4,,,0,5804,0,46,0,originally_observed_only,94,23,False,1042
imputation,SimpleMean,0.0,0,5,,,0,5804,0,46,0,originally_observed_only,94,23,False,1042
imputation,"KNN(k=5,dist)",0.0,0,1,,,0,5804,0,46,0,originally_observed_only,93,24,False,1042
imputation,"KNN(k=5,dist)",0.0,0,2,,,0,5804,0,46,0,originally_observed_only,93,24,False,1042
imputation,"KNN(k=5,dist)",0.0,0,3,,,0,5804,0,46,0,originally_observed_only,94,23,False,1042
imputation,"KNN(k=5,dist)",0.0,0,4,,,0,5804,0,46,0,originally_observed_only,94,23,False,1042
imputation,"KNN(k=5,dist)",0.0,0,5,,,0,5804,0,46,0,originally_observed_only,94,23,False,1042
imputation,RFECA_SVR(k=5),0.0,0,1,,,0,5804,0,46,0,originally_observed_only,93,24,False,1042
imputation,RFECA_SVR(k=5),0.0,0,2,,,0,5804,0,46,0,originally_observed_only,93,24,False,1042
imputation,RFECA_SVR(k=5),0.0,0,3,,,0,5804,0,46,0,originally_observed_only,94,23,False,1042
imputation,RFECA_SVR(k=5),0.0,0,4,,,0,5804,0,46,0,originally_observed_only,94,23,False,1042
imputation,RFECA_SVR(k=5),0.0,0,5,,,0,5804,0,46,0,originally_observed_only,94,23,False,1042
imputation,RFECA_SVR(k=10),0.0,0,1,,,0,5804,0,46,0,originally_observed_only,93,24,False,1042
imputation,RFECA_SVR(k=10),0.0,0,2,,,0,5804,0,46,0,originally_observed_only,93,24,False,1042
imputation,RFECA_SVR(k=10),0.0,0,3,,,0,5804,0,46,0,originally_observed_only,94,23,False,1042
imputation,RFECA_SVR(k=10),0.0,0,4,,,0,5804,0,46,0,originally_observed_only,94,23,False,1042
imputation,RFECA_SVR(k=10),0.0,0,5,,,0,5804,0,46,0,originally_observed_only,94,23,False,1042
imputation,RFECA_SVR(k=20),0.0,0,1,,,0,5804,0,46,0,originally_observed_only,93,24,False,1042
imputation,RFECA_SVR(k=20),0.0,0,2,,,0,5804,0,46,0,originally_observed_only,93,24,False,1042
imputation,RFECA_SVR(k=20),0.0,0,3,,,0,5804,0,46,0,originally_observed_only,94,23,False,1042
imputation,RFECA_SVR(k=20),0.0,0,4,,,0,5804,0,46,0,originally_observed_only,94,23,False,1042
imputation,RFECA_SVR(k=20),0.0,0,5,,,0,5804,0,46,0,originally_observed_only,94,23,False,1042
imputation,SimpleMean,0.0,1,1,,,0,5804,0,46,0,originally_observed_only,93,24,False,1043
imputation,SimpleMean,0.0,1,2,,,0,5804,0,46,0,originally_observed_only,93,24,False,1043
imputation,SimpleMean,0.0,1,3,,,0,5804,0,46,0,originally_observed_only,94,23,False,1043
imputation,SimpleMean,0.0,1,4,,,0,5804,0,46,0,originally_observed_only,94,23,False,1043
imputation,SimpleMean,0.0,1,5,,,0,5804,0,46,0,originally_observed_only,94,23,False,1043
imputation,"KNN(k=5,dist)",0.0,1,1,,,0,5804,0,46,0,originally_observed_only,93,24,False,1043
imputation,"KNN(k=5,dist)",0.0,1,2,,,0,5804,0,46,0,originally_observed_only,93,24,False,1043
imputation,"KNN(k=5,dist)",0.0,1,3,,,0,5804,0,46,0,originally_observed_only,94,23,False,1043
imputation,"KNN(k=5,dist)",0.0,1,4,,,0,5804,0,46,0,originally_observed_only,94,23,False,1043
imputation,"KNN(k=5,dist)",0.0,1,5,,,0,5804,0,46,0,originally_observed_only,94,23,False,1043
imputation,RFECA_SVR(k=5),0.0,1,1,,,0,5804,0,46,0,originally_observed_only,93,24,False,1043
imputation,RFECA_SVR(k=5),0.0,1,2,,,0,5804,0,46,0,originally_observed_only,93,24,False,1043
imputation,RFECA_SVR(k=5),0.0,1,3,,,0,5804,0,46,0,originally_observed_only,94,23,False,1043
imputation,RFECA_SVR(k=5),0.0,1,4,,,0,5804,0,46,0,originally_observed_only,94,23,False,1043
imputation,RFECA_SVR(k=5),0.0,1,5,,,0,5804,0,46,0,originally_observed_only,94,23,False,1043
imputation,RFECA_SVR(k=10),0.0,1,1,,,0,5804,0,46,0,originally_observed_only,93,24,False,1043
imputation,RFECA_SVR(k=10),0.0,1,2,,,0,5804,0,46,0,originally_observed_only,93,24,False,1043
imputation,RFECA_SVR(k=10),0.0,1,3,,,0,5804,0,46,0,originally_observed_only,94,23,False,1043
imputation,RFECA_SVR(k=10),0.0,1,4,,,0,5804,0,46,0,originally_observed_only,94,23,False,1043
imputation,RFECA_SVR(k=10),0.0,1,5,,,0,5804,0,46,0,originally_observed_only,94,23,False,1043
imputation,RFECA_SVR(k=20),0.0,1,1,,,0,5804,0,46,0,originally_observed_only,93,24,False,1043
imputation,RFECA_SVR(k=20),0.0,1,2,,,0,5804,0,46,0,originally_observed_only,93,24,False,1043
imputation,RFECA_SVR(k=20),0.0,1,3,,,0,5804,0,46,0,originally_observed_only,94,23,False,1043
imputation,RFECA_SVR(k=20),0.0,1,4,,,0,5804,0,46,0,originally_observed_only,94,23,False,1043
imputation,RFECA_SVR(k=20),0.0,1,5,,,0,5804,0,46,0,originally_observed_only,94,23,False,1043
imputation,SimpleMean,0.0,2,1,,,0,5804,0,46,0,originally_observed_only,93,24,False,1044
imputation,SimpleMean,0.0,2,2,,,0,5804,0,46,0,originally_observed_only,93,24,False,1044
imputation,SimpleMean,0.0,2,3,,,0,5804,0,46,0,originally_observed_only,94,23,False,1044
imputation,SimpleMean,0.0,2,4,,,0,5804,0,46,0,originally_observed_only,94,23,False,1044
imputation,SimpleMean,0.0,2,5,,,0,5804,0,46,0,originally_observed_only,94,23,False,1044
imputation,"KNN(k=5,dist)",0.0,2,1,,,0,5804,0,46,0,originally_observed_only,93,24,False,1044
imputation,"KNN(k=5,dist)",0.0,2,2,,,0,5804,0,46,0,originally_observed_only,93,24,False,1044
imputation,"KNN(k=5,dist)",0.0,2,3,,,0,5804,0,46,0,originally_observed_only,94,23,False,1044
imputation,"KNN(k=5,dist)",0.0,2,4,,,0,5804,0,46,0,originally_observed_only,94,23,False,1044
imputation,"KNN(k=5,dist)",0.0,2,5,,,0,5804,0,46,0,originally_observed_only,94,23,False,1044
imputation,RFECA_SVR(k=5),0.0,2,1,,,0,5804,0,46,0,originally_observed_only,93,24,False,1044
imputation,RFECA_SVR(k=5),0.0,2,2,,,0,5804,0,46,0,originally_observed_only,93,24,False,1044
imputation,RFECA_SVR(k=5),0.0,2,3,,,0,5804,0,46,0,originally_observed_only,94,23,False,1044
imputation,RFECA_SVR(k=5),0.0,2,4,,,0,5804,0,46,0,originally_observed_only,94,23,False,1044
imputation,RFECA_SVR(k=5),0.0,2,5,,,0,5804,0,46,0,originally_observed_only,94,23,False,1044
imputation,RFECA_SVR(k=10),0.0,2,1,,,0,5804,0,46,0,originally_observed_only,93,24,False,1044
imputation,RFECA_SVR(k=10),0.0,2,2,,,0,5804,0,46,0,originally_observed_only,93,24,False,1044
imputation,RFECA_SVR(k=10),0.0,2,3,,,0,5804,0,46,0,originally_observed_only,94,23,False,1044
imputation,RFECA_SVR(k=10),0.0,2,4,,,0,5804,0,46,0,originally_observed_only,94,23,False,1044
imputation,RFECA_SVR(k=10),0.0,2,5,,,0,5804,0,46,0,originally_observed_only,94,23,False,1044
imputation,RFECA_SVR(k=20),0.0,2,1,,,0,5804,0,46,0,originally_observed_only,93,24,False,1044
imputation,RFECA_SVR(k=20),0.0,2,2,,,0,5804,0,46,0,originally_observed_only,93,24,False,1044
imputation,RFECA_SVR(k=20),0.0,2,3,,,0,5804,0,46,0,originally_observed_only,94,23,False,1044
imputation,RFECA_SVR(k=20),0.0,2,4,,,0,5804,0,46,0,originally_observed_only,94,23,False,1044
imputation,RFECA_SVR(k=20),0.0,2,5,,,0,5804,0,46,0,originally_observed_only,94,23,False,1044
imputation,SimpleMean,0.0,3,1,,,0,5804,0,46,0,originally_observed_only,93,24,False,1045
imputation,SimpleMean,0.0,3,2,,,0,5804,0,46,0,originally_observed_only,93,24,False,1045
imputation,SimpleMean,0.0,3,3,,,0,5804,0,46,0,originally_observed_only,94,23,False,1045
imputation,SimpleMean,0.0,3,4,,,0,5804,0,46,0,originally_observed_only,94,23,False,1045
imputation,SimpleMean,0.0,3,5,,,0,5804,0,46,0,originally_observed_only,94,23,False,1045
imputation,"KNN(k=5,dist)",0.0,3,1,,,0,5804,0,46,0,originally_observed_only,93,24,False,1045
imputation,"KNN(k=5,dist)",0.0,3,2,,,0,5804,0,46,0,originally_observed_only,93,24,False,1045
imputation,"KNN(k=5,dist)",0.0,3,3,,,0,5804,0,46,0,originally_observed_only,94,23,False,1045
imputation,"KNN(k=5,dist)",0.0,3,4,,,0,5804,0,46,0,originally_observed_only,94,23,False,1045
imputation,"KNN(k=5,dist)",0.0,3,5,,,0,5804,0,46,0,originally_observed_only,94,23,False,1045
imputation,RFECA_SVR(k=5),0.0,3,1,,,0,5804,0,46,0,originally_observed_only,93,24,False,1045
imputation,RFECA_SVR(k=5),0.0,3,2,,,0,5804,0,46,0,originally_observed_only,93,24,False,1045
imputation,RFECA_SVR(k=5),0.0,3,3,,,0,5804,0,46,0,originally_observed_only,94,23,False,1045
imputation,RFECA_SVR(k=5),0.0,3,4,,,0,5804,0,46,0,originally_observed_only,94,23,False,1045
imputation,RFECA_SVR(k=5),0.0,3,5,,,0,5804,0,46,0,originally_observed_only,94,23,False,1045
imputation,RFECA_SVR(k=10),0.0,3,1,,,0,5804,0,46,0,originally_observed_only,93,24,False,1045
imputation,RFECA_SVR(k=10),0.0,3,2,,,0,5804,0,46,0,originally_observed_only,93,24,False,1045
imputation,RFECA_SVR(k=10),0.0,3,3,,,0,5804,0,46,0,originally_observed_only,94,23,False,1045
imputation,RFECA_SVR(k=10),0.0,3,4,,,0,5804,0,46,0,originally_observed_only,94,23,False,1045
imputation,RFECA_SVR(k=10),0.0,3,5,,,0,5804,0,46,0,originally_observed_only,94,23,False,1045
imputation,RFECA_SVR(k=20),0.0,3,1,,,0,5804,0,46,0,originally_observed_only,93,24,False,1045
imputation,RFECA_SVR(k=20),0.0,3,2,,,0,5804,0,46,0,originally_observed_only,93,24,False,1045
imputation,RFECA_SVR(k=20),0.0,3,3,,,0,5804,0,46,0,originally_observed_only,94,23,False,1045
imputation,RFECA_SVR(k=20),0.0,3,4,,,0,5804,0,46,0,originally_observed_only,94,23,False,1045
imputation,RFECA_SVR(k=20),0.0,3,5,,,0,5804,0,46,0,originally_observed_only,94,23,False,1045
imputation,SimpleMean,0.0,4,1,,,0,5804,0,46,0,originally_observed_only,93,24,False,1046
imputation,SimpleMean,0.0,4,2,,,0,5804,0,46,0,originally_observed_only,93,24,False,1046
imputation,SimpleMean,0.0,4,3,,,0,5804,0,46,0,originally_observed_only,94,23,False,1046
imputation,SimpleMean,0.0,4,4,,,0,5804,0,46,0,originally_observed_only,94,23,False,1046
imputation,SimpleMean,0.0,4,5,,,0,5804,0,46,0,originally_observed_only,94,23,False,1046
imputation,"KNN(k=5,dist)",0.0,4,1,,,0,5804,0,46,0,originally_observed_only,93,24,False,1046
imputation,"KNN(k=5,dist)",0.0,4,2,,,0,5804,0,46,0,originally_observed_only,93,24,False,1046
imputation,"KNN(k=5,dist)",0.0,4,3,,,0,5804,0,46,0,originally_observed_only,94,23,False,1046
imputation,"KNN(k=5,dist)",0.0,4,4,,,0,5804,0,46,0,originally_observed_only,94,23,False,1046
imputation,"KNN(k=5,dist)",0.0,4,5,,,0,5804,0,46,0,originally_observed_only,94,23,False,1046
imputation,RFECA_SVR(k=5),0.0,4,1,,,0,5804,0,46,0,originally_observed_only,93,24,False,1046
imputation,RFECA_SVR(k=5),0.0,4,2,,,0,5804,0,46,0,originally_observed_only,93,24,False,1046
imputation,RFECA_SVR(k=5),0.0,4,3,,,0,5804,0,46,0,originally_observed_only,94,23,False,1046
imputation,RFECA_SVR(k=5),0.0,4,4,,,0,5804,0,46,0,originally_observed_only,94,23,False,1046
imputation,RFECA_SVR(k=5),0.0,4,5,,,0,5804,0,46,0,originally_observed_only,94,23,False,1046
imputation,RFECA_SVR(k=10),0.0,4,1,,,0,5804,0,46,0,originally_observed_only,93,24,False,1046
imputation,RFECA_SVR(k=10),0.0,4,2,,,0,5804,0,46,0,originally_observed_only,93,24,False,1046
imputation,RFECA_SVR(k=10),0.0,4,3,,,0,5804,0,46,0,originally_observed_only,94,23,False,1046
imputation,RFECA_SVR(k=10),0.0,4,4,,,0,5804,0,46,0,originally_observed_only,94,23,False,1046
imputation,RFECA_SVR(k=10),0.0,4,5,,,0,5804,0,46,0,originally_observed_only,94,23,False,1046
imputation,RFECA_SVR(k=20),0.0,4,1,,,0,5804,0,46,0,originally_observed_only,93,24,False,1046
imputation,RFECA_SVR(k=20),0.0,4,2,,,0,5804,0,46,0,originally_observed_only,93,24,False,1046
imputation,RFECA_SVR(k=20),0.0,4,3,,,0,5804,0,46,0,originally_observed_only,94,23,False,1046
imputation,RFECA_SVR(k=20),0.0,4,4,,,0,5804,0,46,0,originally_observed_only,94,23,False,1046
imputation,RFECA_SVR(k=20),0.0,4,5,,,0,5804,0,46,0,originally_observed_only,94,23,False,1046
imputation,SimpleMean,0.0,5,1,,,0,5804,0,46,0,originally_observed_only,93,24,False,1047
imputation,SimpleMean,0.0,5,2,,,0,5804,0,46,0,originally_observed_only,93,24,False,1047
imputation,SimpleMean,0.0,5,3,,,0,5804,0,46,0,originally_observed_only,94,23,False,1047
imputation,SimpleMean,0.0,5,4,,,0,5804,0,46,0,originally_observed_only,94,23,False,1047
imputation,SimpleMean,0.0,5,5,,,0,5804,0,46,0,originally_observed_only,94,23,False,1047
imputation,"KNN(k=5,dist)",0.0,5,1,,,0,5804,0,46,0,originally_observed_only,93,24,False,1047
imputation,"KNN(k=5,dist)",0.0,5,2,,,0,5804,0,46,0,originally_observed_only,93,24,False,1047
imputation,"KNN(k=5,dist)",0.0,5,3,,,0,5804,0,46,0,originally_observed_only,94,23,False,1047
imputation,"KNN(k=5,dist)",0.0,5,4,,,0,5804,0,46,0,originally_observed_only,94,23,False,1047
imputation,"KNN(k=5,dist)",0.0,5,5,,,0,5804,0,46,0,originally_observed_only,94,23,False,1047
imputation,RFECA_SVR(k=5),0.0,5,1,,,0,5804,0,46,0,originally_observed_only,93,24,False,1047
imputation,RFECA_SVR(k=5),0.0,5,2,,,0,5804,0,46,0,originally_observed_only,93,24,False,1047
imputation,RFECA_SVR(k=5),0.0,5,3,,,0,5804,0,46,0,originally_observed_only,94,23,False,1047
imputation,RFECA_SVR(k=5),0.0,5,4,,,0,5804,0,46,0,originally_observed_only,94,23,False,1047
imputation,RFECA_SVR(k=5),0.0,5,5,,,0,5804,0,46,0,originally_observed_only,94,23,False,1047
imputation,RFECA_SVR(k=10),0.0,5,1,,,0,5804,0,46,0,originally_observed_only,93,24,False,1047
imputation,RFECA_SVR(k=10),0.0,5,2,,,0,5804,0,46,0,originally_observed_only,93,24,False,1047
imputation,RFECA_SVR(k=10),0.0,5,3,,,0,5804,0,46,0,originally_observed_only,94,23,False,1047
imputation,RFECA_SVR(k=10),0.0,5,4,,,0,5804,0,46,0,originally_observed_only,94,23,False,1047
imputation,RFECA_SVR(k=10),0.0,5,5,,,0,5804,0,46,0,originally_observed_only,94,23,False,1047
imputation,RFECA_SVR(k=20),0.0,5,1,,,0,5804,0,46,0,originally_observed_only,93,24,False,1047
imputation,RFECA_SVR(k=20),0.0,5,2,,,0,5804,0,46,0,originally_observed_only,93,24,False,1047
imputation,RFECA_SVR(k=20),0.0,5,3,,,0,5804,0,46,0,originally_observed_only,94,23,False,1047
imputation,RFECA_SVR(k=20),0.0,5,4,,,0,5804,0,46,0,originally_observed_only,94,23,False,1047
imputation,RFECA_SVR(k=20),0.0,5,5,,,0,5804,0,46,0,originally_observed_only,94,23,False,1047
imputation,SimpleMean,0.0,6,1,,,0,5804,0,46,0,originally_observed_only,93,24,False,1048
imputation,SimpleMean,0.0,6,2,,,0,5804,0,46,0,originally_observed_only,93,24,False,1048
imputation,SimpleMean,0.0,6,3,,,0,5804,0,46,0,originally_observed_only,94,23,False,1048
imputation,SimpleMean,0.0,6,4,,,0,5804,0,46,0,originally_observed_only,94,23,False,1048
imputation,SimpleMean,0.0,6,5,,,0,5804,0,46,0,originally_observed_only,94,23,False,1048
imputation,"KNN(k=5,dist)",0.0,6,1,,,0,5804,0,46,0,originally_observed_only,93,24,False,1048
imputation,"KNN(k=5,dist)",0.0,6,2,,,0,5804,0,46,0,originally_observed_only,93,24,False,1048
imputation,"KNN(k=5,dist)",0.0,6,3,,,0,5804,0,46,0,originally_observed_only,94,23,False,1048
imputation,"KNN(k=5,dist)",0.0,6,4,,,0,5804,0,46,0,originally_observed_only,94,23,False,1048
imputation,"KNN(k=5,dist)",0.0,6,5,,,0,5804,0,46,0,originally_observed_only,94,23,False,1048
imputation,RFECA_SVR(k=5),0.0,6,1,,,0,5804,0,46,0,originally_observed_only,93,24,False,1048
imputation,RFECA_SVR(k=5),0.0,6,2,,,0,5804,0,46,0,originally_observed_only,93,24,False,1048
imputation,RFECA_SVR(k=5),0.0,6,3,,,0,5804,0,46,0,originally_observed_only,94,23,False,1048
imputation,RFECA_SVR(k=5),0.0,6,4,,,0,5804,0,46,0,originally_observed_only,94,23,False,1048
imputation,RFECA_SVR(k=5),0.0,6,5,,,0,5804,0,46,0,originally_observed_only,94,23,False,1048
imputation,RFECA_SVR(k=10),0.0,6,1,,,0,5804,0,46,0,originally_observed_only,93,24,False,1048
imputation,RFECA_SVR(k=10),0.0,6,2,,,0,5804,0,46,0,originally_observed_only,93,24,False,1048
imputation,RFECA_SVR(k=10),0.0,6,3,,,0,5804,0,46,0,originally_observed_only,94,23,False,1048
imputation,RFECA_SVR(k=10),0.0,6,4,,,0,5804,0,46,0,originally_observed_only,94,23,False,1048
imputation,RFECA_SVR(k=10),0.0,6,5,,,0,5804,0,46,0,originally_observed_only,94,23,False,1048
imputation,RFECA_SVR(k=20),0.0,6,1,,,0,5804,0,46,0,originally_observed_only,93,24,False,1048
imputation,RFECA_SVR(k=20),0.0,6,2,,,0,5804,0,46,0,originally_observed_only,93,24,False,1048
imputation,RFECA_SVR(k=20),0.0,6,3,,,0,5804,0,46,0,originally_observed_only,94,23,False,1048
imputation,RFECA_SVR(k=20),0.0,6,4,,,0,5804,0,46,0,originally_observed_only,94,23,False,1048
imputation,RFECA_SVR(k=20),0.0,6,5,,,0,5804,0,46,0,originally_observed_only,94,23,False,1048
imputation,SimpleMean,0.0,7,1,,,0,5804,0,46,0,originally_observed_only,93,24,False,1049
imputation,SimpleMean,0.0,7,2,,,0,5804,0,46,0,originally_observed_only,93,24,False,1049
imputation,SimpleMean,0.0,7,3,,,0,5804,0,46,0,originally_observed_only,94,23,False,1049
imputation,SimpleMean,0.0,7,4,,,0,5804,0,46,0,originally_observed_only,94,23,False,1049
imputation,SimpleMean,0.0,7,5,,,0,5804,0,46,0,originally_observed_only,94,23,False,1049
imputation,"KNN(k=5,dist)",0.0,7,1,,,0,5804,0,46,0,originally_observed_only,93,24,False,1049
imputation,"KNN(k=5,dist)",0.0,7,2,,,0,5804,0,46,0,originally_observed_only,93,24,False,1049
imputation,"KNN(k=5,dist)",0.0,7,3,,,0,5804,0,46,0,originally_observed_only,94,23,False,1049
imputation,"KNN(k=5,dist)",0.0,7,4,,,0,5804,0,46,0,originally_observed_only,94,23,False,1049
imputation,"KNN(k=5,dist)",0.0,7,5,,,0,5804,0,46,0,originally_observed_only,94,23,False,1049
imputation,RFECA_SVR(k=5),0.0,7,1,,,0,5804,0,46,0,originally_observed_only,93,24,False,1049
imputation,RFECA_SVR(k=5),0.0,7,2,,,0,5804,0,46,0,originally_observed_only,93,24,False,1049
imputation,RFECA_SVR(k=5),0.0,7,3,,,0,5804,0,46,0,originally_observed_only,94,23,False,1049
imputation,RFECA_SVR(k=5),0.0,7,4,,,0,5804,0,46,0,originally_observed_only,94,23,False,1049
imputation,RFECA_SVR(k=5),0.0,7,5,,,0,5804,0,46,0,originally_observed_only,94,23,False,1049
imputation,RFECA_SVR(k=10),0.0,7,1,,,0,5804,0,46,0,originally_observed_only,93,24,False,1049
imputation,RFECA_SVR(k=10),0.0,7,2,,,0,5804,0,46,0,originally_observed_only,93,24,False,1049
imputation,RFECA_SVR(k=10),0.0,7,3,,,0,5804,0,46,0,originally_observed_only,94,23,False,1049
imputation,RFECA_SVR(k=10),0.0,7,4,,,0,5804,0,46,0,originally_observed_only,94,23,False,1049
imputation,RFECA_SVR(k=10),0.0,7,5,,,0,5804,0,46,0,originally_observed_only,94,23,False,1049
imputation,RFECA_SVR(k=20),0.0,7,1,,,0,5804,0,46,0,originally_observed_only,93,24,False,1049
imputation,RFECA_SVR(k=20),0.0,7,2,,,0,5804,0,46,0,originally_observed_only,93,24,False,1049
imputation,RFECA_SVR(k=20),0.0,7,3,,,0,5804,0,46,0,originally_observed_only,94,23,False,1049
imputation,RFECA_SVR(k=20),0.0,7,4,,,0,5804,0,46,0,originally_observed_only,94,23,False,1049
imputation,RFECA_SVR(k=20),0.0,7,5,,,0,5804,0,46,0,originally_observed_only,94,23,False,1049
imputation,SimpleMean,0.0,8,1,,,0,5804,0,46,0,originally_observed_only,93,24,False,1050
imputation,SimpleMean,0.0,8,2,,,0,5804,0,46,0,originally_observed_only,93,24,False,1050
imputation,SimpleMean,0.0,8,3,,,0,5804,0,46,0,originally_observed_only,94,23,False,1050
imputation,SimpleMean,0.0,8,4,,,0,5804,0,46,0,originally_observed_only,94,23,False,1050
imputation,SimpleMean,0.0,8,5,,,0,5804,0,46,0,originally_observed_only,94,23,False,1050
imputation,"KNN(k=5,dist)",0.0,8,1,,,0,5804,0,46,0,originally_observed_only,93,24,False,1050
imputation,"KNN(k=5,dist)",0.0,8,2,,,0,5804,0,46,0,originally_observed_only,93,24,False,1050
imputation,"KNN(k=5,dist)",0.0,8,3,,,0,5804,0,46,0,originally_observed_only,94,23,False,1050
imputation,"KNN(k=5,dist)",0.0,8,4,,,0,5804,0,46,0,originally_observed_only,94,23,False,1050
imputation,"KNN(k=5,dist)",0.0,8,5,,,0,5804,0,46,0,originally_observed_only,94,23,False,1050
imputation,RFECA_SVR(k=5),0.0,8,1,,,0,5804,0,46,0,originally_observed_only,93,24,False,1050
imputation,RFECA_SVR(k=5),0.0,8,2,,,0,5804,0,46,0,originally_observed_only,93,24,False,1050
imputation,RFECA_SVR(k=5),0.0,8,3,,,0,5804,0,46,0,originally_observed_only,94,23,False,1050
imputation,RFECA_SVR(k=5),0.0,8,4,,,0,5804,0,46,0,originally_observed_only,94,23,False,1050
imputation,RFECA_SVR(k=5),0.0,8,5,,,0,5804,0,46,0,originally_observed_only,94,23,False,1050
imputation,RFECA_SVR(k=10),0.0,8,1,,,0,5804,0,46,0,originally_observed_only,93,24,False,1050
imputation,RFECA_SVR(k=10),0.0,8,2,,,0,5804,0,46,0,originally_observed_only,93,24,False,1050
imputation,RFECA_SVR(k=10),0.0,8,3,,,0,5804,0,46,0,originally_observed_only,94,23,False,1050
imputation,RFECA_SVR(k=10),0.0,8,4,,,0,5804,0,46,0,originally_observed_only,94,23,False,1050
imputation,RFECA_SVR(k=10),0.0,8,5,,,0,5804,0,46,0,originally_observed_only,94,23,False,1050
imputation,RFECA_SVR(k=20),0.0,8,1,,,0,5804,0,46,0,originally_observed_only,93,24,False,1050
imputation,RFECA_SVR(k=20),0.0,8,2,,,0,5804,0,46,0,originally_observed_only,93,24,False,1050
imputation,RFECA_SVR(k=20),0.0,8,3,,,0,5804,0,46,0,originally_observed_only,94,23,False,1050
imputation,RFECA_SVR(k=20),0.0,8,4,,,0,5804,0,46,0,originally_observed_only,94,23,False,1050
imputation,RFECA_SVR(k=20),0.0,8,5,,,0,5804,0,46,0,originally_observed_only,94,23,False,1050
imputation,SimpleMean,0.0,9,1,,,0,5804,0,46,0,originally_observed_only,93,24,False,1051
imputation,SimpleMean,0.0,9,2,,,0,5804,0,46,0,originally_observed_only,93,24,False,1051
imputation,SimpleMean,0.0,9,3,,,0,5804,0,46,0,originally_observed_only,94,23,False,1051
imputation,SimpleMean,0.0,9,4,,,0,5804,0,46,0,originally_observed_only,94,23,False,1051
imputation,SimpleMean,0.0,9,5,,,0,5804,0,46,0,originally_observed_only,94,23,False,1051
imputation,"KNN(k=5,dist)",0.0,9,1,,,0,5804,0,46,0,originally_observed_only,93,24,False,1051
imputation,"KNN(k=5,dist)",0.0,9,2,,,0,5804,0,46,0,originally_observed_only,93,24,False,1051
imputation,"KNN(k=5,dist)",0.0,9,3,,,0,5804,0,46,0,originally_observed_only,94,23,False,1051
imputation,"KNN(k=5,dist)",0.0,9,4,,,0,5804,0,46,0,originally_observed_only,94,23,False,1051
imputation,"KNN(k=5,dist)",0.0,9,5,,,0,5804,0,46,0,originally_observed_only,94,23,False,1051
imputation,RFECA_SVR(k=5),0.0,9,1,,,0,5804,0,46,0,originally_observed_only,93,24,False,1051
imputation,RFECA_SVR(k=5),0.0,9,2,,,0,5804,0,46,0,originally_observed_only,93,24,False,1051
imputation,RFECA_SVR(k=5),0.0,9,3,,,0,5804,0,46,0,originally_observed_only,94,23,False,1051
imputation,RFECA_SVR(k=5),0.0,9,4,,,0,5804,0,46,0,originally_observed_only,94,23,False,1051
imputation,RFECA_SVR(k=5),0.0,9,5,,,0,5804,0,46,0,originally_observed_only,94,23,False,1051
imputation,RFECA_SVR(k=10),0.0,9,1,,,0,5804,0,46,0,originally_observed_only,93,24,False,1051
imputation,RFECA_SVR(k=10),0.0,9,2,,,0,5804,0,46,0,originally_observed_only,93,24,False,1051
imputation,RFECA_SVR(k=10),0.0,9,3,,,0,5804,0,46,0,originally_observed_only,94,23,False,1051
imputation,RFECA_SVR(k=10),0.0,9,4,,,0,5804,0,46,0,originally_observed_only,94,23,False,1051
imputation,RFECA_SVR(k=10),0.0,9,5,,,0,5804,0,46,0,originally_observed_only,94,23,False,1051
imputation,RFECA_SVR(k=20),0.0,9,1,,,0,5804,0,46,0,originally_observed_only,93,24,False,1051
imputation,RFECA_SVR(k=20),0.0,9,2,,,0,5804,0,46,0,originally_observed_only,93,24,False,1051
imputation,RFECA_SVR(k=20),0.0,9,3,,,0,5804,0,46,0,originally_observed_only,94,23,False,1051
imputation,RFECA_SVR(k=20),0.0,9,4,,,0,5804,0,46,0,originally_observed_only,94,23,False,1051
imputation,RFECA_SVR(k=20),0.0,9,5,,,0,5804,0,46,0,originally_observed_only,94,23,False,1051
imputation,SimpleMean,0.05,0,1,2.389148085368367,1.7720921969614913,49,5804,290,46,0,originally_observed_only,93,24,False,1047
imputation,SimpleMean,0.05,0,2,3.361824097089668,2.579717209600599,53,5804,290,46,0,originally_observed_only,93,24,False,1047
imputation,SimpleMean,0.05,0,3,3.1960334897233404,2.199117833244873,59,5804,290,46,0,originally_observed_only,94,23,False,1047
imputation,SimpleMean,0.05,0,4,3.460103736254831,2.4748980301116217,69,5804,290,46,0,originally_observed_only,94,23,False,1047
imputation,SimpleMean,0.05,0,5,2.690920828872958,1.996306554992227,60,5804,290,46,0,originally_observed_only,94,23,False,1047
imputation,"KNN(k=5,dist)",0.05,0,1,2.1707349935093148,1.3924229686890157,49,5804,290,46,0,originally_observed_only,93,24,False,1047
imputation,"KNN(k=5,dist)",0.05,0,2,1.927186991085274,1.311792524971972,53,5804,290,46,0,originally_observed_only,93,24,False,1047
imputation,"KNN(k=5,dist)",0.05,0,3,2.165561720993653,1.4963216852188377,59,5804,290,46,0,originally_observed_only,94,23,False,1047
imputation,"KNN(k=5,dist)",0.05,0,4,2.493313257257415,1.7550197296785854,69,5804,290,46,0,originally_observed_only,94,23,False,1047
imputation,"KNN(k=5,dist)",0.05,0,5,2.263679464794678,1.5519781075898855,60,5804,290,46,0,originally_observed_only,94,23,False,1047
imputation,RFECA_SVR(k=5),0.05,0,1,1.9505078622127094,1.2418787871035395,49,5804,290,46,0,originally_observed_only,93,24,False,1047
imputation,RFECA_SVR(k=5),0.05,0,2,1.496898960379807,1.0998465723868875,53,5804,290,46,0,originally_observed_only,93,24,False,1047
imputation,RFECA_SVR(k=5),0.05,0,3,1.714031733848471,1.2822895137132024,59,5804,290,46,0,originally_observed_only,94,23,False,1047
imputation,RFECA_SVR(k=5),0.05,0,4,2.4742148055132884,1.6034655366114068,69,5804,290,46,0,originally_observed_only,94,23,False,1047
imputation,RFECA_SVR(k=5),0.05,0,5,1.64574606608117,1.220224246973393,60,5804,290,46,0,originally_observed_only,94,23,False,1047
imputation,RFECA_SVR(k=10),0.05,0,1,1.7734440442898998,1.216247035033098,49,5804,290,46,0,originally_observed_only,93,24,False,1047
imputation,RFECA_SVR(k=10),0.05,0,2,1.6173341716155045,1.2688530651249177,53,5804,290,46,0,originally_observed_only,93,24,False,1047
imputation,RFECA_SVR(k=10),0.05,0,3,2.251016989549127,1.5267069962126574,59,5804,290,46,0,originally_observed_only,94,23,False,1047
imputation,RFECA_SVR(k=10),0.05,0,4,2.7511811347979096,1.879174698080556,69,5804,290,46,0,originally_observed_only,94,23,False,1047
imputation,RFECA_SVR(k=10),0.05,0,5,1.708018113354758,1.2636154198684266,60,5804,290,46,0,originally_observed_only,94,23,False,1047
imputation,RFECA_SVR(k=20),0.05,0,1,2.270717063795119,1.3826667323288582,49,5804,290,46,0,originally_observed_only,93,24,False,1047
imputation,RFECA_SVR(k=20),0.05,0,2,2.652585072176877,1.7966418764630434,53,5804,290,46,0,originally_observed_only,93,24,False,1047
imputation,RFECA_SVR(k=20),0.05,0,3,2.1432934065300078,1.4869961396517442,59,5804,290,46,0,originally_observed_only,94,23,False,1047
imputation,RFECA_SVR(k=20),0.05,0,4,2.9747575048464094,2.0031072555454483,69,5804,290,46,0,originally_observed_only,94,23,False,1047
imputation,RFECA_SVR(k=20),0.05,0,5,2.1967247748714605,1.6789846210255435,60,5804,290,46,0,originally_observed_only,94,23,False,1047
imputation,SimpleMean,0.05,1,1,2.110525869523965,1.5745054076675213,66,5804,290,46,0,originally_observed_only,93,24,False,1048
imputation,SimpleMean,0.05,1,2,2.471476980454238,1.8835081782750538,59,5804,290,46,0,originally_observed_only,93,24,False,1048
imputation,SimpleMean,0.05,1,3,3.0381715414644783,2.1386388982184608,51,5804,290,46,0,originally_observed_only,94,23,False,1048
imputation,SimpleMean,0.05,1,4,3.7783163138031313,2.5761704523411133,57,5804,290,46,0,originally_observed_only,94,23,False,1048
imputation,SimpleMean,0.05,1,5,3.4706310626974077,2.1326008944889923,57,5804,290,46,0,originally_observed_only,94,23,False,1048
imputation,"KNN(k=5,dist)",0.05,1,1,1.78794496428017,1.2394682868489006,66,5804,290,46,0,originally_observed_only,93,24,False,1048
imputation,"KNN(k=5,dist)",0.05,1,2,1.4514326898226448,1.1259384729075672,59,5804,290,46,0,originally_observed_only,93,24,False,1048
imputation,"KNN(k=5,dist)",0.05,1,3,2.0029136198671953,1.5277126832665702,51,5804,290,46,0,originally_observed_only,94,23,False,1048
imputation,"KNN(k=5,dist)",0.05,1,4,2.8305703588768947,1.6869201773887998,57,5804,290,46,0,originally_observed_only,94,23,False,1048
imputation,"KNN(k=5,dist)",0.05,1,5,2.882598961951415,1.5460980433766283,57,5804,290,46,0,originally_observed_only,94,23,False,1048
imputation,RFECA_SVR(k=5),0.05,1,1,2.0662705229618923,1.261674144470096,66,5804,290,46,0,originally_observed_only,93,24,False,1048
imputation,RFECA_SVR(k=5),0.05,1,2,1.599714509942878,1.1295121248951614,59,5804,290,46,0,originally_observed_only,93,24,False,1048
imputation,RFECA_SVR(k=5),0.05,1,3,1.651388509840793,1.047264532483251,51,5804,290,46,0,originally_observed_only,94,23,False,1048
imputation,RFECA_SVR(k=5),0.05,1,4,2.714420261727144,1.5391411519594924,57,5804,290,46,0,originally_observed_only,94,23,False,1048
imputation,RFECA_SVR(k=5),0.05,1,5,1.9006162994321425,1.3115401996408589,57,5804,290,46,0,originally_observed_only,94,23,False,1048
imputation,RFECA_SVR(k=10),0.05,1,1,1.6229460716194624,1.1360401297731493,66,5804,290,46,0,originally_observed_only,93,24,False,1048
imputation,RFECA_SVR(k=10),0.05,1,2,1.6165705484462944,1.1481956510067697,59,5804,290,46,0,originally_observed_only,93,24,False,1048
imputation,RFECA_SVR(k=10),0.05,1,3,1.732124898908536,1.1832740356907983,51,5804,290,46,0,originally_observed_only,94,23,False,1048
imputation,RFECA_SVR(k=10),0.05,1,4,2.872403528634048,1.762857438337998,57,5804,290,46,0,originally_observed_only,94,23,False,1048
imputation,RFECA_SVR(k=10),0.05,1,5,1.9684237655806123,1.3842389819419096,57,5804,290,46,0,originally_observed_only,94,23,False,1048
imputation,RFECA_SVR(k=20),0.05,1,1,2.0397964673386983,1.3913562567473086,66,5804,290,46,0,originally_observed_only,93,24,False,1048
imputation,RFECA_SVR(k=20),0.05,1,2,2.0068861049634186,1.3512358991146651,59,5804,290,46,0,originally_observed_only,93,24,False,1048
imputation,RFECA_SVR(k=20),0.05,1,3,1.8513035518955243,1.3310759380524526,51,5804,290,46,0,originally_observed_only,94,23,False,1048
imputation,RFECA_SVR(k=20),0.05,1,4,3.5691315738264606,2.2111915595406617,57,5804,290,46,0,originally_observed_only,94,23,False,1048
imputation,RFECA_SVR(k=20),0.05,1,5,2.3369501639890418,1.7543613268206102,57,5804,290,46,0,originally_observed_only,94,23,False,1048
imputation,SimpleMean,0.05,2,1,2.131838036828488,1.6082193357174215,63,5804,290,46,0,originally_observed_only,93,24,False,1049
imputation,SimpleMean,0.05,2,2,2.854435787877961,2.2076377877118105,67,5804,290,46,0,originally_observed_only,93,24,False,1049
imputation,SimpleMean,0.05,2,3,3.175024908488017,2.2669836996663064,51,5804,290,46,0,originally_observed_only,94,23,False,1049
imputation,SimpleMean,0.05,2,4,2.977868553923536,2.2119593998356035,56,5804,290,46,0,originally_observed_only,94,23,False,1049
imputation,SimpleMean,0.05,2,5,2.3643952402492925,1.6936616441528423,53,5804,290,46,0,originally_observed_only,94,23,False,1049
imputation,"KNN(k=5,dist)",0.05,2,1,2.426718967836933,1.490143933309118,63,5804,290,46,0,originally_observed_only,93,24,False,1049
imputation,"KNN(k=5,dist)",0.05,2,2,1.7564818223337888,1.2165215919515167,67,5804,290,46,0,originally_observed_only,93,24,False,1049
imputation,"KNN(k=5,dist)",0.05,2,3,2.1948295806338978,1.585296682324818,51,5804,290,46,0,originally_observed_only,94,23,False,1049
imputation,"KNN(k=5,dist)",0.05,2,4,1.7695350181937148,1.2693491148995342,56,5804,290,46,0,originally_observed_only,94,23,False,1049
imputation,"KNN(k=5,dist)",0.05,2,5,1.5612839791441973,1.0854233949876775,53,5804,290,46,0,originally_observed_only,94,23,False,1049
imputation,RFECA_SVR(k=5),0.05,2,1,2.199019873555804,1.3119232181466742,63,5804,290,46,0,originally_observed_only,93,24,False,1049
imputation,RFECA_SVR(k=5),0.05,2,2,1.9588701052257131,1.3726868188868713,67,5804,290,46,0,originally_observed_only,93,24,False,1049
imputation,RFECA_SVR(k=5),0.05,2,3,1.8769116231539964,1.3661688429904906,51,5804,290,46,0,originally_observed_only,94,23,False,1049
imputation,RFECA_SVR(k=5),0.05,2,4,2.181479648763864,1.5116811606308391,56,5804,290,46,0,originally_observed_only,94,23,False,1049
imputation,RFECA_SVR(k=5),0.05,2,5,1.9181434811078055,1.3502147859532663,53,5804,290,46,0,originally_observed_only,94,23,False,1049
imputation,RFECA_SVR(k=10),0.05,2,1,2.566179440903928,1.4012963311809128,63,5804,290,46,0,originally_observed_only,93,24,False,1049
imputation,RFECA_SVR(k=10),0.05,2,2,1.8726734724453566,1.3662789796960944,67,5804,290,46,0,originally_observed_only,93,24,False,1049
imputation,RFECA_SVR(k=10),0.05,2,3,1.9533978410255972,1.3013085893655159,51,5804,290,46,0,originally_observed_only,94,23,False,1049
imputation,RFECA_SVR(k=10),0.05,2,4,2.237373128708809,1.5683835390742813,56,5804,290,46,0,originally_observed_only,94,23,False,1049
imputation,RFECA_SVR(k=10),0.05,2,5,2.077613968602867,1.4455622626519706,53,5804,290,46,0,originally_observed_only,94,23,False,1049
imputation,RFECA_SVR(k=20),0.05,2,1,2.2874261266471345,1.5609069139402196,63,5804,290,46,0,originally_observed_only,93,24,False,1049
imputation,RFECA_SVR(k=20),0.05,2,2,1.7941873995570616,1.4189457026925278,67,5804,290,46,0,originally_observed_only,93,24,False,1049
imputation,RFECA_SVR(k=20),0.05,2,3,2.268964595712892,1.5433267326261,51,5804,290,46,0,originally_observed_only,94,23,False,1049
imputation,RFECA_SVR(k=20),0.05,2,4,2.419464997240836,1.7378452656668546,56,5804,290,46,0,originally_observed_only,94,23,False,1049
imputation,RFECA_SVR(k=20),0.05,2,5,2.230822078245229,1.6055071545531119,53,5804,290,46,0,originally_observed_only,94,23,False,1049
imputation,SimpleMean,0.05,3,1,2.5593130046850856,1.9240228037477343,71,5804,290,46,0,originally_observed_only,93,24,False,1050
imputation,SimpleMean,0.05,3,2,2.963001780208917,2.3250904720597325,58,5804,290,46,0,originally_observed_only,93,24,False,1050
imputation,SimpleMean,0.05,3,3,2.606521177987088,1.8717133771096426,47,5804,290,46,0,originally_observed_only,94,23,False,1050
imputation,SimpleMean,0.05,3,4,3.793646754367447,2.725214165540438,54,5804,290,46,0,originally_observed_only,94,23,False,1050
imputation,SimpleMean,0.05,3,5,2.8460005737729412,2.2279002540257937,60,5804,290,46,0,originally_observed_only,94,23,False,1050
imputation,"KNN(k=5,dist)",0.05,3,1,2.2245039830064073,1.502799435375255,71,5804,290,46,0,originally_observed_only,93,24,False,1050
imputation,"KNN(k=5,dist)",0.05,3,2,1.993672666637959,1.4723577703579833,58,5804,290,46,0,originally_observed_only,93,24,False,1050
imputation,"KNN(k=5,dist)",0.05,3,3,1.1875309468134558,0.8762062086381209,47,5804,290,46,0,originally_observed_only,94,23,False,1050
imputation,"KNN(k=5,dist)",0.05,3,4,2.1706745062263333,1.5091785471699082,54,5804,290,46,0,originally_observed_only,94,23,False,1050
imputation,"KNN(k=5,dist)",0.05,3,5,1.7763283138137926,1.2550294924324232,60,5804,290,46,0,originally_observed_only,94,23,False,1050
imputation,RFECA_SVR(k=5),0.05,3,1,1.9846573125642066,1.4912042968108874,71,5804,290,46,0,originally_observed_only,93,24,False,1050
imputation,RFECA_SVR(k=5),0.05,3,2,2.062716077170072,1.6380383624527308,58,5804,290,46,0,originally_observed_only,93,24,False,1050
imputation,RFECA_SVR(k=5),0.05,3,3,1.635069812720217,1.0892985097092238,47,5804,290,46,0,originally_observed_only,94,23,False,1050
imputation,RFECA_SVR(k=5),0.05,3,4,1.8184406453059054,1.308843737221388,54,5804,290,46,0,originally_observed_only,94,23,False,1050
imputation,RFECA_SVR(k=5),0.05,3,5,2.2030678330275744,1.790897383124934,60,5804,290,46,0,originally_observed_only,94,23,False,1050
imputation,RFECA_SVR(k=10),0.05,3,1,2.0593551888249135,1.5755021613365034,71,5804,290,46,0,originally_observed_only,93,24,False,1050
imputation,RFECA_SVR(k=10),0.05,3,2,2.025849694867436,1.5516458446604662,58,5804,290,46,0,originally_observed_only,93,24,False,1050
imputation,RFECA_SVR(k=10),0.05,3,3,1.877194706536828,1.2301339120137753,47,5804,290,46,0,originally_observed_only,94,23,False,1050
imputation,RFECA_SVR(k=10),0.05,3,4,2.118811891779567,1.5720969898296,54,5804,290,46,0,originally_observed_only,94,23,False,1050
imputation,RFECA_SVR(k=10),0.05,3,5,2.0136257404986524,1.5880269938744143,60,5804,290,46,0,originally_observed_only,94,23,False,1050
imputation,RFECA_SVR(k=20),0.05,3,1,2.301365725103546,1.640096806238437,71,5804,290,46,0,originally_observed_only,93,24,False,1050
imputation,RFECA_SVR(k=20),0.05,3,2,2.1490969543258727,1.5006549611550097,58,5804,290,46,0,originally_observed_only,93,24,False,1050
imputation,RFECA_SVR(k=20),0.05,3,3,2.2361272255486564,1.4930556941240016,47,5804,290,46,0,originally_observed_only,94,23,False,1050
imputation,RFECA_SVR(k=20),0.05,3,4,2.079356895229114,1.5846202102196765,54,5804,290,46,0,originally_observed_only,94,23,False,1050
imputation,RFECA_SVR(k=20),0.05,3,5,2.4728529128385457,1.9289934235486366,60,5804,290,46,0,originally_observed_only,94,23,False,1050
imputation,SimpleMean,0.05,4,1,2.439912824031861,1.838684353109887,56,5804,290,46,0,originally_observed_only,93,24,False,1051
imputation,SimpleMean,0.05,4,2,2.872207549169251,2.2192150792858025,59,5804,290,46,0,originally_observed_only,93,24,False,1051
imputation,SimpleMean,0.05,4,3,2.3334030090670126,1.745075759026287,57,5804,290,46,0,originally_observed_only,94,23,False,1051
imputation,SimpleMean,0.05,4,4,3.024486497805048,2.3247357566242326,58,5804,290,46,0,originally_observed_only,94,23,False,1051
imputation,SimpleMean,0.05,4,5,2.642606650609999,2.0333927373904177,60,5804,290,46,0,originally_observed_only,94,23,False,1051
imputation,"KNN(k=5,dist)",0.05,4,1,1.8966087005009298,1.2513779516353545,56,5804,290,46,0,originally_observed_only,93,24,False,1051
imputation,"KNN(k=5,dist)",0.05,4,2,1.8012968471948654,1.222861737605689,59,5804,290,46,0,originally_observed_only,93,24,False,1051
imputation,"KNN(k=5,dist)",0.05,4,3,1.8810287117702609,1.3119965923170662,57,5804,290,46,0,originally_observed_only,94,23,False,1051
imputation,"KNN(k=5,dist)",0.05,4,4,2.2283079796465612,1.5788304729590383,58,5804,290,46,0,originally_observed_only,94,23,False,1051
imputation,"KNN(k=5,dist)",0.05,4,5,2.043623871938125,1.4106632110539836,60,5804,290,46,0,originally_observed_only,94,23,False,1051
imputation,RFECA_SVR(k=5),0.05,4,1,2.034178597456263,1.1173973142908806,56,5804,290,46,0,originally_observed_only,93,24,False,1051
imputation,RFECA_SVR(k=5),0.05,4,2,1.8131439914207819,1.2611535752489789,59,5804,290,46,0,originally_observed_only,93,24,False,1051
imputation,RFECA_SVR(k=5),0.05,4,3,2.1194770739195543,1.3678414778650423,57,5804,290,46,0,originally_observed_only,94,23,False,1051
imputation,RFECA_SVR(k=5),0.05,4,4,2.1309265105899784,1.4544404218207154,58,5804,290,46,0,originally_observed_only,94,23,False,1051
imputation,RFECA_SVR(k=5),0.05,4,5,2.7576808955858927,1.4857913748946443,60,5804,290,46,0,originally_observed_only,94,23,False,1051
imputation,RFECA_SVR(k=10),0.05,4,1,1.8293843072162426,1.069309001740675,56,5804,290,46,0,originally_observed_only,93,24,False,1051
imputation,RFECA_SVR(k=10),0.05,4,2,1.679914306988426,1.1451607767470036,59,5804,290,46,0,originally_observed_only,93,24,False,1051
imputation,RFECA_SVR(k=10),0.05,4,3,1.809160215098197,1.1574750917188017,57,5804,290,46,0,originally_observed_only,94,23,False,1051
imputation,RFECA_SVR(k=10),0.05,4,4,2.0597569507125764,1.441073106085918,58,5804,290,46,0,originally_observed_only,94,23,False,1051
imputation,RFECA_SVR(k=10),0.05,4,5,2.5191574997649107,1.4796037778171394,60,5804,290,46,0,originally_observed_only,94,23,False,1051
imputation,RFECA_SVR(k=20),0.05,4,1,2.9437563460279415,1.3600339251461147,56,5804,290,46,0,originally_observed_only,93,24,False,1051
imputation,RFECA_SVR(k=20),0.05,4,2,2.46568163210206,1.506659591758221,59,5804,290,46,0,originally_observed_only,93,24,False,1051
imputation,RFECA_SVR(k=20),0.05,4,3,2.316684106002379,1.501722975039994,57,5804,290,46,0,originally_observed_only,94,23,False,1051
imputation,RFECA_SVR(k=20),0.05,4,4,2.443010254971018,1.5554095606476068,58,5804,290,46,0,originally_observed_only,94,23,False,1051
imputation,RFECA_SVR(k=20),0.05,4,5,2.6328347769050673,1.7015668657427894,60,5804,290,46,0,originally_observed_only,94,23,False,1051
imputation,SimpleMean,0.05,5,1,1.939886807585028,1.44168138702982,48,5804,290,46,0,originally_observed_only,93,24,False,1052
imputation,SimpleMean,0.05,5,2,2.804566441054774,2.021124595489912,64,5804,290,46,0,originally_observed_only,93,24,False,1052
imputation,SimpleMean,0.05,5,3,2.7746950241823747,2.0181840620740856,68,5804,290,46,0,originally_observed_only,94,23,False,1052
imputation,SimpleMean,0.05,5,4,2.592165793372717,1.991071565825071,49,5804,290,46,0,originally_observed_only,94,23,False,1052
imputation,SimpleMean,0.05,5,5,2.7424827340944438,1.9747785373638158,61,5804,290,46,0,originally_observed_only,94,23,False,1052
imputation,"KNN(k=5,dist)",0.05,5,1,1.5911056627934559,1.1920316473612635,48,5804,290,46,0,originally_observed_only,93,24,False,1052
imputation,"KNN(k=5,dist)",0.05,5,2,1.9428047611808996,1.4130421778554203,64,5804,290,46,0,originally_observed_only,93,24,False,1052
imputation,"KNN(k=5,dist)",0.05,5,3,2.2377709611582826,1.6118282863262954,68,5804,290,46,0,originally_observed_only,94,23,False,1052
imputation,"KNN(k=5,dist)",0.05,5,4,2.1897716004847947,1.4976912208827644,49,5804,290,46,0,originally_observed_only,94,23,False,1052
imputation,"KNN(k=5,dist)",0.05,5,5,1.8407215738228044,1.1646408153278278,61,5804,290,46,0,originally_observed_only,94,23,False,1052
imputation,RFECA_SVR(k=5),0.05,5,1,1.4872003092852955,1.0171175832035546,48,5804,290,46,0,originally_observed_only,93,24,False,1052
imputation,RFECA_SVR(k=5),0.05,5,2,2.1073120493327826,1.426791260397627,64,5804,290,46,0,originally_observed_only,93,24,False,1052
imputation,RFECA_SVR(k=5),0.05,5,3,1.8066951043074555,1.2985770674595103,68,5804,290,46,0,originally_observed_only,94,23,False,1052
imputation,RFECA_SVR(k=5),0.05,5,4,2.137450991992422,1.578997713809063,49,5804,290,46,0,originally_observed_only,94,23,False,1052
imputation,RFECA_SVR(k=5),0.05,5,5,1.7649499503826238,1.2704925151504716,61,5804,290,46,0,originally_observed_only,94,23,False,1052
imputation,RFECA_SVR(k=10),0.05,5,1,1.2779927535643874,0.9965147436998215,48,5804,290,46,0,originally_observed_only,93,24,False,1052
imputation,RFECA_SVR(k=10),0.05,5,2,2.085066093930432,1.5012435492143164,64,5804,290,46,0,originally_observed_only,93,24,False,1052
imputation,RFECA_SVR(k=10),0.05,5,3,1.8054811017234982,1.3827333023094979,68,5804,290,46,0,originally_observed_only,94,23,False,1052
imputation,RFECA_SVR(k=10),0.05,5,4,2.1484962679539077,1.579824648710717,49,5804,290,46,0,originally_observed_only,94,23,False,1052
imputation,RFECA_SVR(k=10),0.05,5,5,2.1261781197625655,1.484806219126953,61,5804,290,46,0,originally_observed_only,94,23,False,1052
imputation,RFECA_SVR(k=20),0.05,5,1,1.7312189654759986,1.2780009366650937,48,5804,290,46,0,originally_observed_only,93,24,False,1052
imputation,RFECA_SVR(k=20),0.05,5,2,2.514659857031153,1.7680652369707979,64,5804,290,46,0,originally_observed_only,93,24,False,1052
imputation,RFECA_SVR(k=20),0.05,5,3,2.285595741805605,1.7786038166879978,68,5804,290,46,0,originally_observed_only,94,23,False,1052
imputation,RFECA_SVR(k=20),0.05,5,4,2.1550977278929193,1.671222472041689,49,5804,290,46,0,originally_observed_only,94,23,False,1052
imputation,RFECA_SVR(k=20),0.05,5,5,2.3740757111335298,1.7411961382975798,61,5804,290,46,0,originally_observed_only,94,23,False,1052
imputation,SimpleMean,0.05,6,1,2.7172777146531875,1.9069546113737847,56,5804,290,46,0,originally_observed_only,93,24,False,1053
imputation,SimpleMean,0.05,6,2,2.9592861738921674,2.2629243184418155,58,5804,290,46,0,originally_observed_only,93,24,False,1053
imputation,SimpleMean,0.05,6,3,1.9732634719547026,1.4118468545579836,58,5804,290,46,0,originally_observed_only,94,23,False,1053
imputation,SimpleMean,0.05,6,4,2.275527723902159,1.7522135025065129,49,5804,290,46,0,originally_observed_only,94,23,False,1053
imputation,SimpleMean,0.05,6,5,3.0371512505379323,2.207251793792249,69,5804,290,46,0,originally_observed_only,94,23,False,1053
imputation,"KNN(k=5,dist)",0.05,6,1,2.411215626432131,1.5458475931590738,56,5804,290,46,0,originally_observed_only,93,24,False,1053
imputation,"KNN(k=5,dist)",0.05,6,2,2.1170180989908913,1.5161445692345465,58,5804,290,46,0,originally_observed_only,93,24,False,1053
imputation,"KNN(k=5,dist)",0.05,6,3,1.5620193667531088,1.1390251443421429,58,5804,290,46,0,originally_observed_only,94,23,False,1053
imputation,"KNN(k=5,dist)",0.05,6,4,1.6875645498044411,1.182261183810037,49,5804,290,46,0,originally_observed_only,94,23,False,1053
imputation,"KNN(k=5,dist)",0.05,6,5,1.8210556175833494,1.3289354903372037,69,5804,290,46,0,originally_observed_only,94,23,False,1053
imputation,RFECA_SVR(k=5),0.05,6,1,2.989694351113863,1.7064004364569378,56,5804,290,46,0,originally_observed_only,93,24,False,1053
imputation,RFECA_SVR(k=5),0.05,6,2,2.1337878076675385,1.5058701280757962,58,5804,290,46,0,originally_observed_only,93,24,False,1053
imputation,RFECA_SVR(k=5),0.05,6,3,1.3735022314372776,0.9644548079767614,58,5804,290,46,0,originally_observed_only,94,23,False,1053
imputation,RFECA_SVR(k=5),0.05,6,4,2.3458031062323546,1.6081998394547716,49,5804,290,46,0,originally_observed_only,94,23,False,1053
imputation,RFECA_SVR(k=5),0.05,6,5,2.2133001177865155,1.4387745674012455,69,5804,290,46,0,originally_observed_only,94,23,False,1053
imputation,RFECA_SVR(k=10),0.05,6,1,2.808912170263307,1.6431873655129547,56,5804,290,46,0,originally_observed_only,93,24,False,1053
imputation,RFECA_SVR(k=10),0.05,6,2,1.9466241415017604,1.4188694089558551,58,5804,290,46,0,originally_observed_only,93,24,False,1053
imputation,RFECA_SVR(k=10),0.05,6,3,1.642176205360087,1.1736969872820586,58,5804,290,46,0,originally_observed_only,94,23,False,1053
imputation,RFECA_SVR(k=10),0.05,6,4,3.3709697947717485,1.9963780617514175,49,5804,290,46,0,originally_observed_only,94,23,False,1053
imputation,RFECA_SVR(k=10),0.05,6,5,2.0875682925581036,1.4949107383177542,69,5804,290,46,0,originally_observed_only,94,23,False,1053
imputation,RFECA_SVR(k=20),0.05,6,1,3.211668211632651,1.8578514478880401,56,5804,290,46,0,originally_observed_only,93,24,False,1053
imputation,RFECA_SVR(k=20),0.05,6,2,2.0054309422193333,1.6116719451593393,58,5804,290,46,0,originally_observed_only,93,24,False,1053
imputation,RFECA_SVR(k=20),0.05,6,3,1.9532153998735036,1.4469949241279823,58,5804,290,46,0,originally_observed_only,94,23,False,1053
imputation,RFECA_SVR(k=20),0.05,6,4,3.0100640626978525,2.13263070854569,49,5804,290,46,0,originally_observed_only,94,23,False,1053
imputation,RFECA_SVR(k=20),0.05,6,5,2.4704532285340908,1.8192569736335038,69,5804,290,46,0,originally_observed_only,94,23,False,1053
imputation,SimpleMean,0.05,7,1,2.3203165782275788,1.6401899240188407,56,5804,290,46,0,originally_observed_only,93,24,False,1054
imputation,SimpleMean,0.05,7,2,2.865186464668127,2.1933791954959805,52,5804,290,46,0,originally_observed_only,93,24,False,1054
imputation,SimpleMean,0.05,7,3,2.832760075478282,1.891621125978824,66,5804,290,46,0,originally_observed_only,94,23,False,1054
imputation,SimpleMean,0.05,7,4,2.761714631788499,1.9770686129027435,59,5804,290,46,0,originally_observed_only,94,23,False,1054
imputation,SimpleMean,0.05,7,5,2.5656635721962293,1.79467699414115,57,5804,290,46,0,originally_observed_only,94,23,False,1054
imputation,"KNN(k=5,dist)",0.05,7,1,1.841791830129657,1.1615602960732243,56,5804,290,46,0,originally_observed_only,93,24,False,1054
imputation,"KNN(k=5,dist)",0.05,7,2,1.6856298595629595,1.3015214508522246,52,5804,290,46,0,originally_observed_only,93,24,False,1054
imputation,"KNN(k=5,dist)",0.05,7,3,2.499924860755774,1.5054942208800475,66,5804,290,46,0,originally_observed_only,94,23,False,1054
imputation,"KNN(k=5,dist)",0.05,7,4,1.7993162979927964,1.1946087609963312,59,5804,290,46,0,originally_observed_only,94,23,False,1054
imputation,"KNN(k=5,dist)",0.05,7,5,1.8569830298452137,1.2891977241939896,57,5804,290,46,0,originally_observed_only,94,23,False,1054
imputation,RFECA_SVR(k=5),0.05,7,1,1.900527964387099,1.359817907261423,56,5804,290,46,0,originally_observed_only,93,24,False,1054
imputation,RFECA_SVR(k=5),0.05,7,2,2.192183187263068,1.6087063430772697,52,5804,290,46,0,originally_observed_only,93,24,False,1054
imputation,RFECA_SVR(k=5),0.05,7,3,2.412486800352308,1.2554541035138418,66,5804,290,46,0,originally_observed_only,94,23,False,1054
imputation,RFECA_SVR(k=5),0.05,7,4,1.7772290978585763,1.2700785962776169,59,5804,290,46,0,originally_observed_only,94,23,False,1054
imputation,RFECA_SVR(k=5),0.05,7,5,1.9810032751973752,1.2488865884614226,57,5804,290,46,0,originally_observed_only,94,23,False,1054
imputation,RFECA_SVR(k=10),0.05,7,1,1.8771526850670648,1.313316021178623,56,5804,290,46,0,originally_observed_only,93,24,False,1054
imputation,RFECA_SVR(k=10),0.05,7,2,2.282721589613515,1.5546418192443714,52,5804,290,46,0,originally_observed_only,93,24,False,1054
imputation,RFECA_SVR(k=10),0.05,7,3,2.9174694202760043,1.657142934814905,66,5804,290,46,0,originally_observed_only,94,23,False,1054
imputation,RFECA_SVR(k=10),0.05,7,4,2.7113673017693976,1.5917150253634467,59,5804,290,46,0,originally_observed_only,94,23,False,1054
imputation,RFECA_SVR(k=10),0.05,7,5,2.2583509799670365,1.5069619428645673,57,5804,290,46,0,originally_observed_only,94,23,False,1054
imputation,RFECA_SVR(k=20),0.05,7,1,2.0682837863912638,1.5456168419295406,56,5804,290,46,0,originally_observed_only,93,24,False,1054
imputation,RFECA_SVR(k=20),0.05,7,2,2.664734400142518,1.8151864951739194,52,5804,290,46,0,originally_observed_only,93,24,False,1054
imputation,RFECA_SVR(k=20),0.05,7,3,2.4334385474711304,1.4894042672966472,66,5804,290,46,0,originally_observed_only,94,23,False,1054
imputation,RFECA_SVR(k=20),0.05,7,4,2.9732464362347275,2.027189127047451,59,5804,290,46,0,originally_observed_only,94,23,False,1054
imputation,RFECA_SVR(k=20),0.05,7,5,2.3064229188789223,1.6677741827415629,57,5804,290,46,0,originally_observed_only,94,23,False,1054
imputation,SimpleMean,0.05,8,1,2.322496371310722,1.6957046493041716,64,5804,290,46,0,originally_observed_only,93,24,False,1055
imputation,SimpleMean,0.05,8,2,3.361137950684652,2.523676570640644,58,5804,290,46,0,originally_observed_only,93,24,False,1055
imputation,SimpleMean,0.05,8,3,2.9509836268523437,2.0622349892617144,43,5804,290,46,0,originally_observed_only,94,23,False,1055
imputation,SimpleMean,0.05,8,4,3.662732492900497,2.7221105298227024,68,5804,290,46,0,originally_observed_only,94,23,False,1055
imputation,SimpleMean,0.05,8,5,2.782209734236705,2.229682725678149,57,5804,290,46,0,originally_observed_only,94,23,False,1055
imputation,"KNN(k=5,dist)",0.05,8,1,2.0883449504394984,1.3882888899709656,64,5804,290,46,0,originally_observed_only,93,24,False,1055
imputation,"KNN(k=5,dist)",0.05,8,2,2.3417985344018555,1.6256794448825225,58,5804,290,46,0,originally_observed_only,93,24,False,1055
imputation,"KNN(k=5,dist)",0.05,8,3,1.9517417984092194,1.3955176798396278,43,5804,290,46,0,originally_observed_only,94,23,False,1055
imputation,"KNN(k=5,dist)",0.05,8,4,2.424350633148009,1.697969941424601,68,5804,290,46,0,originally_observed_only,94,23,False,1055
imputation,"KNN(k=5,dist)",0.05,8,5,1.8974007072596089,1.3243912859763918,57,5804,290,46,0,originally_observed_only,94,23,False,1055
imputation,RFECA_SVR(k=5),0.05,8,1,1.8242038056090377,1.2586267420224058,64,5804,290,46,0,originally_observed_only,93,24,False,1055
imputation,RFECA_SVR(k=5),0.05,8,2,2.2817519121977514,1.4473122889451284,58,5804,290,46,0,originally_observed_only,93,24,False,1055
imputation,RFECA_SVR(k=5),0.05,8,3,1.8093678068255052,1.1314166955801428,43,5804,290,46,0,originally_observed_only,94,23,False,1055
imputation,RFECA_SVR(k=5),0.05,8,4,2.331022821442855,1.495546285835661,68,5804,290,46,0,originally_observed_only,94,23,False,1055
imputation,RFECA_SVR(k=5),0.05,8,5,2.404773429545903,1.4839688833467763,57,5804,290,46,0,originally_observed_only,94,23,False,1055
imputation,RFECA_SVR(k=10),0.05,8,1,1.97106776631181,1.215163666439484,64,5804,290,46,0,originally_observed_only,93,24,False,1055
imputation,RFECA_SVR(k=10),0.05,8,2,2.065235633095049,1.3841918466837193,58,5804,290,46,0,originally_observed_only,93,24,False,1055
imputation,RFECA_SVR(k=10),0.05,8,3,2.4778928047225297,1.5490735487645269,43,5804,290,46,0,originally_observed_only,94,23,False,1055
imputation,RFECA_SVR(k=10),0.05,8,4,2.644917816281734,1.6677023100623487,68,5804,290,46,0,originally_observed_only,94,23,False,1055
imputation,RFECA_SVR(k=10),0.05,8,5,2.706298010289936,1.7995598319573085,57,5804,290,46,0,originally_observed_only,94,23,False,1055
imputation,RFECA_SVR(k=20),0.05,8,1,1.8504595125712957,1.2253945390346241,64,5804,290,46,0,originally_observed_only,93,24,False,1055
imputation,RFECA_SVR(k=20),0.05,8,2,2.179332106588137,1.364851111442778,58,5804,290,46,0,originally_observed_only,93,24,False,1055
imputation,RFECA_SVR(k=20),0.05,8,3,2.165440643800009,1.383397447365777,43,5804,290,46,0,originally_observed_only,94,23,False,1055
imputation,RFECA_SVR(k=20),0.05,8,4,3.182928650605953,2.2032311765887584,68,5804,290,46,0,originally_observed_only,94,23,False,1055
imputation,RFECA_SVR(k=20),0.05,8,5,2.5676764254851356,1.8290492370548335,57,5804,290,46,0,originally_observed_only,94,23,False,1055
imputation,SimpleMean,0.05,9,1,2.998892910787629,1.9743467386215456,45,5804,290,46,0,originally_observed_only,93,24,False,1056
imputation,SimpleMean,0.05,9,2,2.5744364765530987,2.0670470530264042,59,5804,290,46,0,originally_observed_only,93,24,False,1056
imputation,SimpleMean,0.05,9,3,2.194596524772657,1.5833308330731306,57,5804,290,46,0,originally_observed_only,94,23,False,1056
imputation,SimpleMean,0.05,9,4,3.195048538842176,2.386038325496247,67,5804,290,46,0,originally_observed_only,94,23,False,1056
imputation,SimpleMean,0.05,9,5,3.6501354906437387,2.6722738660919076,62,5804,290,46,0,originally_observed_only,94,23,False,1056
imputation,"KNN(k=5,dist)",0.05,9,1,2.180223767482641,1.2938890441664983,45,5804,290,46,0,originally_observed_only,93,24,False,1056
imputation,"KNN(k=5,dist)",0.05,9,2,1.838706546817378,1.3205207147952085,59,5804,290,46,0,originally_observed_only,93,24,False,1056
imputation,"KNN(k=5,dist)",0.05,9,3,1.6210428532025738,1.1720879366582646,57,5804,290,46,0,originally_observed_only,94,23,False,1056
imputation,"KNN(k=5,dist)",0.05,9,4,2.511649072728336,1.7578579460262567,67,5804,290,46,0,originally_observed_only,94,23,False,1056
imputation,"KNN(k=5,dist)",0.05,9,5,2.0213002844470838,1.443384487032689,62,5804,290,46,0,originally_observed_only,94,23,False,1056
imputation,RFECA_SVR(k=5),0.05,9,1,2.2331213045178817,1.5023310769547489,45,5804,290,46,0,originally_observed_only,93,24,False,1056
imputation,RFECA_SVR(k=5),0.05,9,2,2.0670465632373722,1.414577059857829,59,5804,290,46,0,originally_observed_only,93,24,False,1056
imputation,RFECA_SVR(k=5),0.05,9,3,1.542204204900197,1.1099371847852526,57,5804,290,46,0,originally_observed_only,94,23,False,1056
imputation,RFECA_SVR(k=5),0.05,9,4,1.9385272777077989,1.438474505909175,67,5804,290,46,0,originally_observed_only,94,23,False,1056
imputation,RFECA_SVR(k=5),0.05,9,5,3.0688111201360764,1.7309532282616593,62,5804,290,46,0,originally_observed_only,94,23,False,1056
imputation,RFECA_SVR(k=10),0.05,9,1,1.9753941129315733,1.3176413834934557,45,5804,290,46,0,originally_observed_only,93,24,False,1056
imputation,RFECA_SVR(k=10),0.05,9,2,2.2652186586682985,1.5777608238819807,59,5804,290,46,0,originally_observed_only,93,24,False,1056
imputation,RFECA_SVR(k=10),0.05,9,3,1.8341999815724759,1.353065021354871,57,5804,290,46,0,originally_observed_only,94,23,False,1056
imputation,RFECA_SVR(k=10),0.05,9,4,2.2894663598549903,1.6271628596812453,67,5804,290,46,0,originally_observed_only,94,23,False,1056
imputation,RFECA_SVR(k=10),0.05,9,5,3.1941814889763624,1.9290222083736583,62,5804,290,46,0,originally_observed_only,94,23,False,1056
imputation,RFECA_SVR(k=20),0.05,9,1,1.9028709615103918,1.4184799237757348,45,5804,290,46,0,originally_observed_only,93,24,False,1056
imputation,RFECA_SVR(k=20),0.05,9,2,2.5729582928871935,1.7769105688685836,59,5804,290,46,0,originally_observed_only,93,24,False,1056
imputation,RFECA_SVR(k=20),0.05,9,3,2.1243872461769455,1.4596027227965331,57,5804,290,46,0,originally_observed_only,94,23,False,1056
imputation,RFECA_SVR(k=20),0.05,9,4,2.419505865108947,1.8889569889042301,67,5804,290,46,0,originally_observed_only,94,23,False,1056
imputation,RFECA_SVR(k=20),0.05,9,5,3.195430743613098,1.9979859035610577,62,5804,290,46,0,originally_observed_only,94,23,False,1056
imputation,SimpleMean,0.1,0,1,2.620481157101976,2.0179042685233095,128,5804,580,46,0,originally_observed_only,93,24,False,1052
imputation,SimpleMean,0.1,0,2,2.7861660312632432,2.1406157391721496,108,5804,580,46,0,originally_observed_only,93,24,False,1052
imputation,SimpleMean,0.1,0,3,2.490531796426634,1.8208076358831506,130,5804,580,46,0,originally_observed_only,94,23,False,1052
imputation,SimpleMean,0.1,0,4,3.4786238541472017,2.4412927366446358,99,5804,580,46,0,originally_observed_only,94,23,False,1052
imputation,SimpleMean,0.1,0,5,2.8154213013877385,1.9032284627397162,115,5804,580,46,0,originally_observed_only,94,23,False,1052
imputation,"KNN(k=5,dist)",0.1,0,1,1.8939196626733883,1.2623773881148463,128,5804,580,46,0,originally_observed_only,93,24,False,1052
imputation,"KNN(k=5,dist)",0.1,0,2,1.901291146329,1.3059372927185617,108,5804,580,46,0,originally_observed_only,93,24,False,1052
imputation,"KNN(k=5,dist)",0.1,0,3,1.8276016721905384,1.282018868867277,130,5804,580,46,0,originally_observed_only,94,23,False,1052
imputation,"KNN(k=5,dist)",0.1,0,4,2.300911913843626,1.5417814710776114,99,5804,580,46,0,originally_observed_only,94,23,False,1052
imputation,"KNN(k=5,dist)",0.1,0,5,1.7718284509846172,1.1664348491753664,115,5804,580,46,0,originally_observed_only,94,23,False,1052
imputation,RFECA_SVR(k=5),0.1,0,1,2.2799933486908412,1.5160990444943048,128,5804,580,46,0,originally_observed_only,93,24,False,1052
imputation,RFECA_SVR(k=5),0.1,0,2,2.0782523245287354,1.462294832041061,108,5804,580,46,0,originally_observed_only,93,24,False,1052
imputation,RFECA_SVR(k=5),0.1,0,3,1.6448137044579696,1.1369582904721127,130,5804,580,46,0,originally_observed_only,94,23,False,1052
imputation,RFECA_SVR(k=5),0.1,0,4,2.3987855974682692,1.6907745685080133,99,5804,580,46,0,originally_observed_only,94,23,False,1052
imputation,RFECA_SVR(k=5),0.1,0,5,2.124172872077924,1.3136806400384693,115,5804,580,46,0,originally_observed_only,94,23,False,1052
imputation,RFECA_SVR(k=10),0.1,0,1,1.999650405092969,1.3828944273143688,128,5804,580,46,0,originally_observed_only,93,24,False,1052
imputation,RFECA_SVR(k=10),0.1,0,2,2.0848819628625983,1.46520025931826,108,5804,580,46,0,originally_observed_only,93,24,False,1052
imputation,RFECA_SVR(k=10),0.1,0,3,1.9308069315728895,1.4088733333406755,130,5804,580,46,0,originally_observed_only,94,23,False,1052
imputation,RFECA_SVR(k=10),0.1,0,4,2.496592252756434,1.712434352272103,99,5804,580,46,0,originally_observed_only,94,23,False,1052
imputation,RFECA_SVR(k=10),0.1,0,5,2.1634375705293465,1.3856481516320396,115,5804,580,46,0,originally_observed_only,94,23,False,1052
imputation,RFECA_SVR(k=20),0.1,0,1,2.285167485258369,1.5923656041290113,128,5804,580,46,0,originally_observed_only,93,24,False,1052
imputation,RFECA_SVR(k=20),0.1,0,2,2.2550842576955437,1.5776806854251206,108,5804,580,46,0,originally_observed_only,93,24,False,1052
imputation,RFECA_SVR(k=20),0.1,0,3,2.0632731430455613,1.5867671300208401,130,5804,580,46,0,originally_observed_only,94,23,False,1052
imputation,RFECA_SVR(k=20),0.1,0,4,2.651974020198367,1.9396865479554344,99,5804,580,46,0,originally_observed_only,94,23,False,1052
imputation,RFECA_SVR(k=20),0.1,0,5,2.21536966974219,1.482987801814408,115,5804,580,46,0,originally_observed_only,94,23,False,1052
imputation,SimpleMean,0.1,1,1,2.7214115648182444,2.062252151148122,127,5804,580,46,0,originally_observed_only,93,24,False,1053
imputation,SimpleMean,0.1,1,2,2.530846276832162,1.9070956375322186,111,5804,580,46,0,originally_observed_only,93,24,False,1053
imputation,SimpleMean,0.1,1,3,2.1308533684197877,1.6372909502743638,124,5804,580,46,0,originally_observed_only,94,23,False,1053
imputation,SimpleMean,0.1,1,4,3.0095068359463273,2.2013821190147276,107,5804,580,46,0,originally_observed_only,94,23,False,1053
imputation,SimpleMean,0.1,1,5,3.2766610673289547,2.4310251204983997,111,5804,580,46,0,originally_observed_only,94,23,False,1053
imputation,"KNN(k=5,dist)",0.1,1,1,1.9523083793969724,1.4020253886050638,127,5804,580,46,0,originally_observed_only,93,24,False,1053
imputation,"KNN(k=5,dist)",0.1,1,2,1.7675572089254938,1.2306121682499669,111,5804,580,46,0,originally_observed_only,93,24,False,1053
imputation,"KNN(k=5,dist)",0.1,1,3,1.9410004794276432,1.199328599964536,124,5804,580,46,0,originally_observed_only,94,23,False,1053
imputation,"KNN(k=5,dist)",0.1,1,4,1.8465176937389831,1.3239407637612834,107,5804,580,46,0,originally_observed_only,94,23,False,1053
imputation,"KNN(k=5,dist)",0.1,1,5,2.3559949735478227,1.6067182234242587,111,5804,580,46,0,originally_observed_only,94,23,False,1053
imputation,RFECA_SVR(k=5),0.1,1,1,2.1856763598501145,1.4516025180018517,127,5804,580,46,0,originally_observed_only,93,24,False,1053
imputation,RFECA_SVR(k=5),0.1,1,2,1.8072931856306713,1.2807140546967477,111,5804,580,46,0,originally_observed_only,93,24,False,1053
imputation,RFECA_SVR(k=5),0.1,1,3,1.7711667518820038,1.2061574778184894,124,5804,580,46,0,originally_observed_only,94,23,False,1053
imputation,RFECA_SVR(k=5),0.1,1,4,2.301500052109055,1.6410719220052576,107,5804,580,46,0,originally_observed_only,94,23,False,1053
imputation,RFECA_SVR(k=5),0.1,1,5,2.36884845560458,1.6605457784706246,111,5804,580,46,0,originally_observed_only,94,23,False,1053
imputation,RFECA_SVR(k=10),0.1,1,1,2.274535747939953,1.5452328780833966,127,5804,580,46,0,originally_observed_only,93,24,False,1053
imputation,RFECA_SVR(k=10),0.1,1,2,1.8633547866635867,1.4228477618683788,111,5804,580,46,0,originally_observed_only,93,24,False,1053
imputation,RFECA_SVR(k=10),0.1,1,3,2.1224008705960595,1.419643229928753,124,5804,580,46,0,originally_observed_only,94,23,False,1053
imputation,RFECA_SVR(k=10),0.1,1,4,2.817115222977442,1.8222933609599934,107,5804,580,46,0,originally_observed_only,94,23,False,1053
imputation,RFECA_SVR(k=10),0.1,1,5,2.6261628333657354,1.764781477048609,111,5804,580,46,0,originally_observed_only,94,23,False,1053
imputation,RFECA_SVR(k=20),0.1,1,1,2.387756237226387,1.6455611882613665,127,5804,580,46,0,originally_observed_only,93,24,False,1053
imputation,RFECA_SVR(k=20),0.1,1,2,2.0969782579212155,1.5669852283029908,111,5804,580,46,0,originally_observed_only,93,24,False,1053
imputation,RFECA_SVR(k=20),0.1,1,3,2.3599622736896917,1.5587074549180149,124,5804,580,46,0,originally_observed_only,94,23,False,1053
imputation,RFECA_SVR(k=20),0.1,1,4,3.039191104872258,2.0150977362218097,107,5804,580,46,0,originally_observed_only,94,23,False,1053
imputation,RFECA_SVR(k=20),0.1,1,5,2.6423007050850758,1.9026925452008034,111,5804,580,46,0,originally_observed_only,94,23,False,1053
imputation,SimpleMean,0.1,2,1,3.132822859177722,2.2815117639601654,119,5804,580,46,0,originally_observed_only,93,24,False,1054
imputation,SimpleMean,0.1,2,2,2.9184736171434427,2.109217518163101,126,5804,580,46,0,originally_observed_only,93,24,False,1054
imputation,SimpleMean,0.1,2,3,2.757740460874952,2.0159969893768848,123,5804,580,46,0,originally_observed_only,94,23,False,1054
imputation,SimpleMean,0.1,2,4,3.3677683418560993,2.5038422481512552,108,5804,580,46,0,originally_observed_only,94,23,False,1054
imputation,SimpleMean,0.1,2,5,2.96557150340642,2.2207654265865506,104,5804,580,46,0,originally_observed_only,94,23,False,1054
imputation,"KNN(k=5,dist)",0.1,2,1,2.7020121838716715,1.6446852013551159,119,5804,580,46,0,originally_observed_only,93,24,False,1054
imputation,"KNN(k=5,dist)",0.1,2,2,2.1075108843460595,1.3485379584490973,126,5804,580,46,0,originally_observed_only,93,24,False,1054
imputation,"KNN(k=5,dist)",0.1,2,3,2.01645102216735,1.3987353091623396,123,5804,580,46,0,originally_observed_only,94,23,False,1054
imputation,"KNN(k=5,dist)",0.1,2,4,2.3894233440600208,1.5908396360640678,108,5804,580,46,0,originally_observed_only,94,23,False,1054
imputation,"KNN(k=5,dist)",0.1,2,5,2.362013092291214,1.5291801601005266,104,5804,580,46,0,originally_observed_only,94,23,False,1054
imputation,RFECA_SVR(k=5),0.1,2,1,2.6117956985887316,1.6434301147750052,119,5804,580,46,0,originally_observed_only,93,24,False,1054
imputation,RFECA_SVR(k=5),0.1,2,2,2.1773644744295972,1.4270556543920083,126,5804,580,46,0,originally_observed_only,93,24,False,1054
imputation,RFECA_SVR(k=5),0.1,2,3,1.886848063840441,1.259360430817301,123,5804,580,46,0,originally_observed_only,94,23,False,1054
imputation,RFECA_SVR(k=5),0.1,2,4,2.192759305145352,1.479961098939212,108,5804,580,46,0,originally_observed_only,94,23,False,1054
imputation,RFECA_SVR(k=5),0.1,2,5,2.214778845916937,1.5879845487883781,104,5804,580,46,0,originally_observed_only,94,23,False,1054
imputation,RFECA_SVR(k=10),0.1,2,1,2.774622665495339,1.717137358657692,119,5804,580,46,0,originally_observed_only,93,24,False,1054
imputation,RFECA_SVR(k=10),0.1,2,2,2.170941897409588,1.4910434423669914,126,5804,580,46,0,originally_observed_only,93,24,False,1054
imputation,RFECA_SVR(k=10),0.1,2,3,1.9748217018583372,1.3958058783856782,123,5804,580,46,0,originally_observed_only,94,23,False,1054
imputation,RFECA_SVR(k=10),0.1,2,4,2.751045703555439,1.6814872739877442,108,5804,580,46,0,originally_observed_only,94,23,False,1054
imputation,RFECA_SVR(k=10),0.1,2,5,2.445437927495309,1.6546521789799016,104,5804,580,46,0,originally_observed_only,94,23,False,1054
imputation,RFECA_SVR(k=20),0.1,2,1,2.854829030089565,1.767068366922868,119,5804,580,46,0,originally_observed_only,93,24,False,1054
imputation,RFECA_SVR(k=20),0.1,2,2,2.2028701956069825,1.6000197664001659,126,5804,580,46,0,originally_observed_only,93,24,False,1054
imputation,RFECA_SVR(k=20),0.1,2,3,2.3559578012525417,1.6243715446360665,123,5804,580,46,0,originally_observed_only,94,23,False,1054
imputation,RFECA_SVR(k=20),0.1,2,4,2.755618764442965,1.9212756501480752,108,5804,580,46,0,originally_observed_only,94,23,False,1054
imputation,RFECA_SVR(k=20),0.1,2,5,2.5138404535911283,1.7737479302150092,104,5804,580,46,0,originally_observed_only,94,23,False,1054
imputation,SimpleMean,0.1,3,1,2.431899111448484,1.8660704462248046,124,5804,580,46,0,originally_observed_only,93,24,False,1055
imputation,SimpleMean,0.1,3,2,2.536235968971801,1.9592645921449732,103,5804,580,46,0,originally_observed_only,93,24,False,1055
imputation,SimpleMean,0.1,3,3,2.671554460877649,1.9250405159053958,121,5804,580,46,0,originally_observed_only,94,23,False,1055
imputation,SimpleMean,0.1,3,4,3.060848655845153,2.2975337632031927,104,5804,580,46,0,originally_observed_only,94,23,False,1055
imputation,SimpleMean,0.1,3,5,3.0302569135909976,2.182149306326691,128,5804,580,46,0,originally_observed_only,94,23,False,1055
imputation,"KNN(k=5,dist)",0.1,3,1,2.1283157877010463,1.3928097654114486,124,5804,580,46,0,originally_observed_only,93,24,False,1055
imputation,"KNN(k=5,dist)",0.1,3,2,2.1292251451160773,1.4279125722816004,103,5804,580,46,0,originally_observed_only,93,24,False,1055
imputation,"KNN(k=5,dist)",0.1,3,3,2.0555153550068406,1.4689750928924354,121,5804,580,46,0,originally_observed_only,94,23,False,1055
imputation,"KNN(k=5,dist)",0.1,3,4,2.2397071803378292,1.573629724507184,104,5804,580,46,0,originally_observed_only,94,23,False,1055
imputation,"KNN(k=5,dist)",0.1,3,5,2.3064992959194104,1.4483795250691358,128,5804,580,46,0,originally_observed_only,94,23,False,1055
imputation,RFECA_SVR(k=5),0.1,3,1,1.9434597704339076,1.193660004897059,124,5804,580,46,0,originally_observed_only,93,24,False,1055
imputation,RFECA_SVR(k=5),0.1,3,2,2.532075482243182,1.596245034456205,103,5804,580,46,0,originally_observed_only,93,24,False,1055
imputation,RFECA_SVR(k=5),0.1,3,3,1.6538895220623493,1.1490509830230888,121,5804,580,46,0,originally_observed_only,94,23,False,1055
imputation,RFECA_SVR(k=5),0.1,3,4,2.3672524060790736,1.5270990021903794,104,5804,580,46,0,originally_observed_only,94,23,False,1055
imputation,RFECA_SVR(k=5),0.1,3,5,1.8001435940946928,1.3204110161921596,128,5804,580,46,0,originally_observed_only,94,23,False,1055
imputation,RFECA_SVR(k=10),0.1,3,1,2.0799731897268567,1.356583043546112,124,5804,580,46,0,originally_observed_only,93,24,False,1055
imputation,RFECA_SVR(k=10),0.1,3,2,2.6082824229523904,1.727949081307245,103,5804,580,46,0,originally_observed_only,93,24,False,1055
imputation,RFECA_SVR(k=10),0.1,3,3,1.896397429763873,1.3665641871594678,121,5804,580,46,0,originally_observed_only,94,23,False,1055
imputation,RFECA_SVR(k=10),0.1,3,4,2.3171294535519142,1.52626432969563,104,5804,580,46,0,originally_observed_only,94,23,False,1055
imputation,RFECA_SVR(k=10),0.1,3,5,2.0066640224258507,1.472337250052674,128,5804,580,46,0,originally_observed_only,94,23,False,1055
imputation,RFECA_SVR(k=20),0.1,3,1,2.236200763056938,1.4419942126026855,124,5804,580,46,0,originally_observed_only,93,24,False,1055
imputation,RFECA_SVR(k=20),0.1,3,2,2.4348312182889726,1.8133851172112934,103,5804,580,46,0,originally_observed_only,93,24,False,1055
imputation,RFECA_SVR(k=20),0.1,3,3,1.984198044702941,1.4406805365158903,121,5804,580,46,0,originally_observed_only,94,23,False,1055
imputation,RFECA_SVR(k=20),0.1,3,4,2.5751884929868267,1.628281963082466,104,5804,580,46,0,originally_observed_only,94,23,False,1055
imputation,RFECA_SVR(k=20),0.1,3,5,2.2591377603386293,1.6742499434311446,128,5804,580,46,0,originally_observed_only,94,23,False,1055
imputation,SimpleMean,0.1,4,1,2.342876511233976,1.7609851514085397,120,5804,580,46,0,originally_observed_only,93,24,False,1056
imputation,SimpleMean,0.1,4,2,2.62305317715871,2.0508355317592133,124,5804,580,46,0,originally_observed_only,93,24,False,1056
imputation,SimpleMean,0.1,4,3,3.0872564086496253,2.211626358863724,110,5804,580,46,0,originally_observed_only,94,23,False,1056
imputation,SimpleMean,0.1,4,4,3.105500487532174,2.339396857053512,116,5804,580,46,0,originally_observed_only,94,23,False,1056
imputation,SimpleMean,0.1,4,5,3.1275908506242707,2.2659782365690666,110,5804,580,46,0,originally_observed_only,94,23,False,1056
imputation,"KNN(k=5,dist)",0.1,4,1,1.6518512840009596,1.1467339710367948,120,5804,580,46,0,originally_observed_only,93,24,False,1056
imputation,"KNN(k=5,dist)",0.1,4,2,2.07934020804108,1.475306543088181,124,5804,580,46,0,originally_observed_only,93,24,False,1056
imputation,"KNN(k=5,dist)",0.1,4,3,2.653345410809071,1.691802584937739,110,5804,580,46,0,originally_observed_only,94,23,False,1056
imputation,"KNN(k=5,dist)",0.1,4,4,2.3791780749460076,1.5562727387650834,116,5804,580,46,0,originally_observed_only,94,23,False,1056
imputation,"KNN(k=5,dist)",0.1,4,5,1.9763464370781134,1.4031079306728553,110,5804,580,46,0,originally_observed_only,94,23,False,1056
imputation,RFECA_SVR(k=5),0.1,4,1,1.7207676290552862,1.221430781237484,120,5804,580,46,0,originally_observed_only,93,24,False,1056
imputation,RFECA_SVR(k=5),0.1,4,2,2.1781840939809314,1.4965309896575405,124,5804,580,46,0,originally_observed_only,93,24,False,1056
imputation,RFECA_SVR(k=5),0.1,4,3,2.8041205932209188,1.6923279101474333,110,5804,580,46,0,originally_observed_only,94,23,False,1056
imputation,RFECA_SVR(k=5),0.1,4,4,2.5058030061192325,1.6800154290932123,116,5804,580,46,0,originally_observed_only,94,23,False,1056
imputation,RFECA_SVR(k=5),0.1,4,5,2.152159370364106,1.488254966692054,110,5804,580,46,0,originally_observed_only,94,23,False,1056
imputation,RFECA_SVR(k=10),0.1,4,1,1.8764586832338188,1.3915595671641383,120,5804,580,46,0,originally_observed_only,93,24,False,1056
imputation,RFECA_SVR(k=10),0.1,4,2,2.3293976230768374,1.6738656552109088,124,5804,580,46,0,originally_observed_only,93,24,False,1056
imputation,RFECA_SVR(k=10),0.1,4,3,3.026255053021253,1.8606634776754625,110,5804,580,46,0,originally_observed_only,94,23,False,1056
imputation,RFECA_SVR(k=10),0.1,4,4,2.6583818599046083,1.7926022669505348,116,5804,580,46,0,originally_observed_only,94,23,False,1056
imputation,RFECA_SVR(k=10),0.1,4,5,2.3473191446523765,1.6013556373116287,110,5804,580,46,0,originally_observed_only,94,23,False,1056
imputation,RFECA_SVR(k=20),0.1,4,1,2.0688910544666643,1.4969394841298358,120,5804,580,46,0,originally_observed_only,93,24,False,1056
imputation,RFECA_SVR(k=20),0.1,4,2,2.5386708481838958,1.7681790910328887,124,5804,580,46,0,originally_observed_only,93,24,False,1056
imputation,RFECA_SVR(k=20),0.1,4,3,3.4430736700798,2.0298146821867276,110,5804,580,46,0,originally_observed_only,94,23,False,1056
imputation,RFECA_SVR(k=20),0.1,4,4,2.9373236372700724,2.0323144790443424,116,5804,580,46,0,originally_observed_only,94,23,False,1056
imputation,RFECA_SVR(k=20),0.1,4,5,2.679874409356811,1.8826384467282378,110,5804,580,46,0,originally_observed_only,94,23,False,1056
imputation,SimpleMean,0.1,5,1,2.6097847476805796,1.8098271676829374,128,5804,580,46,0,originally_observed_only,93,24,False,1057
imputation,SimpleMean,0.1,5,2,2.774026127723841,2.110489897166194,114,5804,580,46,0,originally_observed_only,93,24,False,1057
imputation,SimpleMean,0.1,5,3,2.9047601456329817,2.0419245379250923,123,5804,580,46,0,originally_observed_only,94,23,False,1057
imputation,SimpleMean,0.1,5,4,2.824200810039662,2.1381524701953047,99,5804,580,46,0,originally_observed_only,94,23,False,1057
imputation,SimpleMean,0.1,5,5,2.950220620675119,2.103090716923406,116,5804,580,46,0,originally_observed_only,94,23,False,1057
imputation,"KNN(k=5,dist)",0.1,5,1,2.2293810354295704,1.439105900152792,128,5804,580,46,0,originally_observed_only,93,24,False,1057
imputation,"KNN(k=5,dist)",0.1,5,2,1.6111982638523976,1.1375658290767676,114,5804,580,46,0,originally_observed_only,93,24,False,1057
imputation,"KNN(k=5,dist)",0.1,5,3,2.0105877989043583,1.3803918040330845,123,5804,580,46,0,originally_observed_only,94,23,False,1057
imputation,"KNN(k=5,dist)",0.1,5,4,2.0512529757688642,1.4047005477536971,99,5804,580,46,0,originally_observed_only,94,23,False,1057
imputation,"KNN(k=5,dist)",0.1,5,5,1.941346088041116,1.2643027182674058,116,5804,580,46,0,originally_observed_only,94,23,False,1057
imputation,RFECA_SVR(k=5),0.1,5,1,2.0888104567222174,1.3762838706416627,128,5804,580,46,0,originally_observed_only,93,24,False,1057
imputation,RFECA_SVR(k=5),0.1,5,2,1.781702162970203,1.2864012575423593,114,5804,580,46,0,originally_observed_only,93,24,False,1057
imputation,RFECA_SVR(k=5),0.1,5,3,1.743403829085569,1.2291954064677644,123,5804,580,46,0,originally_observed_only,94,23,False,1057
imputation,RFECA_SVR(k=5),0.1,5,4,2.1761318127987193,1.523499932141448,99,5804,580,46,0,originally_observed_only,94,23,False,1057
imputation,RFECA_SVR(k=5),0.1,5,5,1.8082860353170118,1.2971602496536854,116,5804,580,46,0,originally_observed_only,94,23,False,1057
imputation,RFECA_SVR(k=10),0.1,5,1,2.140184701689561,1.3119024491901201,128,5804,580,46,0,originally_observed_only,93,24,False,1057
imputation,RFECA_SVR(k=10),0.1,5,2,1.8924169334344783,1.3488337195505768,114,5804,580,46,0,originally_observed_only,93,24,False,1057
imputation,RFECA_SVR(k=10),0.1,5,3,2.0098759794103103,1.4030100130087044,123,5804,580,46,0,originally_observed_only,94,23,False,1057
imputation,RFECA_SVR(k=10),0.1,5,4,2.236884805391376,1.626482017327325,99,5804,580,46,0,originally_observed_only,94,23,False,1057
imputation,RFECA_SVR(k=10),0.1,5,5,1.8552115660619948,1.3256147665049454,116,5804,580,46,0,originally_observed_only,94,23,False,1057
imputation,RFECA_SVR(k=20),0.1,5,1,2.202438720959917,1.5174614653001999,128,5804,580,46,0,originally_observed_only,93,24,False,1057
imputation,RFECA_SVR(k=20),0.1,5,2,2.1163181868140075,1.4934503557094494,114,5804,580,46,0,originally_observed_only,93,24,False,1057
imputation,RFECA_SVR(k=20),0.1,5,3,2.4591267997274686,1.6027238754861044,123,5804,580,46,0,originally_observed_only,94,23,False,1057
imputation,RFECA_SVR(k=20),0.1,5,4,2.564509959608021,1.7767250153191188,99,5804,580,46,0,originally_observed_only,94,23,False,1057
imputation,RFECA_SVR(k=20),0.1,5,5,1.9672649744976138,1.4697825894763352,116,5804,580,46,0,originally_observed_only,94,23,False,1057
imputation,SimpleMean,0.1,6,1,2.2823965201266567,1.6915409410851536,127,5804,580,46,0,originally_observed_only,93,24,False,1058
imputation,SimpleMean,0.1,6,2,3.036728632206017,2.1965281524639275,108,5804,580,46,0,originally_observed_only,93,24,False,1058
imputation,SimpleMean,0.1,6,3,2.9665825186752106,2.1111338295162527,115,5804,580,46,0,originally_observed_only,94,23,False,1058
imputation,SimpleMean,0.1,6,4,3.4111127979037783,2.521779199261132,99,5804,580,46,0,originally_observed_only,94,23,False,1058
imputation,SimpleMean,0.1,6,5,2.8593619958787797,2.14422631393823,131,5804,580,46,0,originally_observed_only,94,23,False,1058
imputation,"KNN(k=5,dist)",0.1,6,1,2.1356853361314636,1.4351933719251566,127,5804,580,46,0,originally_observed_only,93,24,False,1058
imputation,"KNN(k=5,dist)",0.1,6,2,2.3175793328391525,1.5097021867861915,108,5804,580,46,0,originally_observed_only,93,24,False,1058
imputation,"KNN(k=5,dist)",0.1,6,3,2.0868447490658584,1.444196924486455,115,5804,580,46,0,originally_observed_only,94,23,False,1058
imputation,"KNN(k=5,dist)",0.1,6,4,2.312871462799954,1.6147985200223265,99,5804,580,46,0,originally_observed_only,94,23,False,1058
imputation,"KNN(k=5,dist)",0.1,6,5,1.8391051945251826,1.3469042197270351,131,5804,580,46,0,originally_observed_only,94,23,False,1058
imputation,RFECA_SVR(k=5),0.1,6,1,1.7560210835241563,1.25935236536221,127,5804,580,46,0,originally_observed_only,93,24,False,1058
imputation,RFECA_SVR(k=5),0.1,6,2,2.0340307617523945,1.4418119752007617,108,5804,580,46,0,originally_observed_only,93,24,False,1058
imputation,RFECA_SVR(k=5),0.1,6,3,1.8841270439220126,1.3429901027129643,115,5804,580,46,0,originally_observed_only,94,23,False,1058
imputation,RFECA_SVR(k=5),0.1,6,4,2.3226046790094173,1.5647753999124812,99,5804,580,46,0,originally_observed_only,94,23,False,1058
imputation,RFECA_SVR(k=5),0.1,6,5,1.9293711313451345,1.3693759810309416,131,5804,580,46,0,originally_observed_only,94,23,False,1058
imputation,RFECA_SVR(k=10),0.1,6,1,1.7373013946849132,1.2190638189114928,127,5804,580,46,0,originally_observed_only,93,24,False,1058
imputation,RFECA_SVR(k=10),0.1,6,2,2.121532466672397,1.5896696673571258,108,5804,580,46,0,originally_observed_only,93,24,False,1058
imputation,RFECA_SVR(k=10),0.1,6,3,2.1666842285521426,1.5376948890562552,115,5804,580,46,0,originally_observed_only,94,23,False,1058
imputation,RFECA_SVR(k=10),0.1,6,4,2.892787911213505,1.897019766338513,99,5804,580,46,0,originally_observed_only,94,23,False,1058
imputation,RFECA_SVR(k=10),0.1,6,5,2.249982882612627,1.699667913667099,131,5804,580,46,0,originally_observed_only,94,23,False,1058
imputation,RFECA_SVR(k=20),0.1,6,1,2.4695066412205557,1.6806726690123934,127,5804,580,46,0,originally_observed_only,93,24,False,1058
imputation,RFECA_SVR(k=20),0.1,6,2,2.451671747151023,1.7502821188029105,108,5804,580,46,0,originally_observed_only,93,24,False,1058
imputation,RFECA_SVR(k=20),0.1,6,3,2.5972819403645326,1.8110760990608799,115,5804,580,46,0,originally_observed_only,94,23,False,1058
imputation,RFECA_SVR(k=20),0.1,6,4,2.8548729267806903,1.895026911859166,99,5804,580,46,0,originally_observed_only,94,23,False,1058
imputation,RFECA_SVR(k=20),0.1,6,5,2.530368656856934,1.6901829305787224,131,5804,580,46,0,originally_observed_only,94,23,False,1058
imputation,SimpleMean,0.1,7,1,2.9689320326499544,2.049292276954214,120,5804,580,46,0,originally_observed_only,93,24,False,1059
imputation,SimpleMean,0.1,7,2,3.0325153990701845,2.2282447623057884,129,5804,580,46,0,originally_observed_only,93,24,False,1059
imputation,SimpleMean,0.1,7,3,2.2463923026835686,1.6589990572638575,113,5804,580,46,0,originally_observed_only,94,23,False,1059
imputation,SimpleMean,0.1,7,4,2.8518211252772603,2.2314040743231414,109,5804,580,46,0,originally_observed_only,94,23,False,1059
imputation,SimpleMean,0.1,7,5,2.7631123851181814,2.128603035509581,109,5804,580,46,0,originally_observed_only,94,23,False,1059
imputation,"KNN(k=5,dist)",0.1,7,1,2.422564389774207,1.4831495517454367,120,5804,580,46,0,originally_observed_only,93,24,False,1059
imputation,"KNN(k=5,dist)",0.1,7,2,2.0408863512351028,1.3977452050231332,129,5804,580,46,0,originally_observed_only,93,24,False,1059
imputation,"KNN(k=5,dist)",0.1,7,3,1.8029404410517196,1.188712757638009,113,5804,580,46,0,originally_observed_only,94,23,False,1059
imputation,"KNN(k=5,dist)",0.1,7,4,1.9886789435570695,1.4676382824658043,109,5804,580,46,0,originally_observed_only,94,23,False,1059
imputation,"KNN(k=5,dist)",0.1,7,5,2.142505983774146,1.3449041330544143,109,5804,580,46,0,originally_observed_only,94,23,False,1059
imputation,RFECA_SVR(k=5),0.1,7,1,2.2572276442115133,1.5679192166417844,120,5804,580,46,0,originally_observed_only,93,24,False,1059
imputation,RFECA_SVR(k=5),0.1,7,2,2.221849006336215,1.5328301458710396,129,5804,580,46,0,originally_observed_only,93,24,False,1059
imputation,RFECA_SVR(k=5),0.1,7,3,1.7671651601561384,1.1615679749601158,113,5804,580,46,0,originally_observed_only,94,23,False,1059
imputation,RFECA_SVR(k=5),0.1,7,4,2.062334874263355,1.4368585912087852,109,5804,580,46,0,originally_observed_only,94,23,False,1059
imputation,RFECA_SVR(k=5),0.1,7,5,2.59794128435211,1.5507772579654127,109,5804,580,46,0,originally_observed_only,94,23,False,1059
imputation,RFECA_SVR(k=10),0.1,7,1,2.247386221946156,1.5865938119448624,120,5804,580,46,0,originally_observed_only,93,24,False,1059
imputation,RFECA_SVR(k=10),0.1,7,2,2.4294581721212976,1.6853278876739501,129,5804,580,46,0,originally_observed_only,93,24,False,1059
imputation,RFECA_SVR(k=10),0.1,7,3,1.8191330777529353,1.20170427017616,113,5804,580,46,0,originally_observed_only,94,23,False,1059
imputation,RFECA_SVR(k=10),0.1,7,4,2.1509274222076025,1.4845226466056878,109,5804,580,46,0,originally_observed_only,94,23,False,1059
imputation,RFECA_SVR(k=10),0.1,7,5,2.7354178171223635,1.6687788554166043,109,5804,580,46,0,originally_observed_only,94,23,False,1059
imputation,RFECA_SVR(k=20),0.1,7,1,2.650742329010034,1.7027145728510675,120,5804,580,46,0,originally_observed_only,93,24,False,1059
imputation,RFECA_SVR(k=20),0.1,7,2,2.486122094128803,1.7272937292322714,129,5804,580,46,0,originally_observed_only,93,24,False,1059
imputation,RFECA_SVR(k=20),0.1,7,3,2.271958840050264,1.4918992681348933,113,5804,580,46,0,originally_observed_only,94,23,False,1059
imputation,RFECA_SVR(k=20),0.1,7,4,2.539234233584878,1.8055154473019226,109,5804,580,46,0,originally_observed_only,94,23,False,1059
imputation,RFECA_SVR(k=20),0.1,7,5,3.0091204370537934,1.8496081733733245,109,5804,580,46,0,originally_observed_only,94,23,False,1059
imputation,SimpleMean,0.1,8,1,2.8101314767547447,1.996486414937453,126,5804,580,46,0,originally_observed_only,93,24,False,1060
imputation,SimpleMean,0.1,8,2,2.9996434166817005,2.331026552323712,120,5804,580,46,0,originally_observed_only,93,24,False,1060
imputation,SimpleMean,0.1,8,3,2.7295524894044347,1.973530783596693,119,5804,580,46,0,originally_observed_only,94,23,False,1060
imputation,SimpleMean,0.1,8,4,3.1462170836340113,2.2146013534992983,116,5804,580,46,0,originally_observed_only,94,23,False,1060
imputation,SimpleMean,0.1,8,5,2.9649571416283718,2.0481476543243247,99,5804,580,46,0,originally_observed_only,94,23,False,1060
imputation,"KNN(k=5,dist)",0.1,8,1,2.2254681236734513,1.5130112902267063,126,5804,580,46,0,originally_observed_only,93,24,False,1060
imputation,"KNN(k=5,dist)",0.1,8,2,2.082236867222943,1.5210619438461386,120,5804,580,46,0,originally_observed_only,93,24,False,1060
imputation,"KNN(k=5,dist)",0.1,8,3,1.7997855298664376,1.307118337679865,119,5804,580,46,0,originally_observed_only,94,23,False,1060
imputation,"KNN(k=5,dist)",0.1,8,4,2.075951818014231,1.563619918731584,116,5804,580,46,0,originally_observed_only,94,23,False,1060
imputation,"KNN(k=5,dist)",0.1,8,5,2.1591973511798166,1.4156647007718393,99,5804,580,46,0,originally_observed_only,94,23,False,1060
imputation,RFECA_SVR(k=5),0.1,8,1,2.371473324681734,1.6277774127764486,126,5804,580,46,0,originally_observed_only,93,24,False,1060
imputation,RFECA_SVR(k=5),0.1,8,2,2.197914978652176,1.5199592685227374,120,5804,580,46,0,originally_observed_only,93,24,False,1060
imputation,RFECA_SVR(k=5),0.1,8,3,2.0197467705797854,1.3402639860332122,119,5804,580,46,0,originally_observed_only,94,23,False,1060
imputation,RFECA_SVR(k=5),0.1,8,4,2.089912100109513,1.4760293454377524,116,5804,580,46,0,originally_observed_only,94,23,False,1060
imputation,RFECA_SVR(k=5),0.1,8,5,1.4905941225578594,1.101795375402747,99,5804,580,46,0,originally_observed_only,94,23,False,1060
imputation,RFECA_SVR(k=10),0.1,8,1,2.7272318680432233,1.806729195662964,126,5804,580,46,0,originally_observed_only,93,24,False,1060
imputation,RFECA_SVR(k=10),0.1,8,2,2.1736070674505914,1.5390538592981031,120,5804,580,46,0,originally_observed_only,93,24,False,1060
imputation,RFECA_SVR(k=10),0.1,8,3,2.201871843435036,1.399492698128472,119,5804,580,46,0,originally_observed_only,94,23,False,1060
imputation,RFECA_SVR(k=10),0.1,8,4,2.2498959372489455,1.5837192860828009,116,5804,580,46,0,originally_observed_only,94,23,False,1060
imputation,RFECA_SVR(k=10),0.1,8,5,1.7750305294800177,1.3108774169005477,99,5804,580,46,0,originally_observed_only,94,23,False,1060
imputation,RFECA_SVR(k=20),0.1,8,1,2.4785306934713947,1.6000165839002636,126,5804,580,46,0,originally_observed_only,93,24,False,1060
imputation,RFECA_SVR(k=20),0.1,8,2,2.662036936949274,1.9219693471348367,120,5804,580,46,0,originally_observed_only,93,24,False,1060
imputation,RFECA_SVR(k=20),0.1,8,3,2.622335487074733,1.6453791824675839,119,5804,580,46,0,originally_observed_only,94,23,False,1060
imputation,RFECA_SVR(k=20),0.1,8,4,2.467573090895822,1.7032008209182188,116,5804,580,46,0,originally_observed_only,94,23,False,1060
imputation,RFECA_SVR(k=20),0.1,8,5,2.244553219094447,1.6139871195489728,99,5804,580,46,0,originally_observed_only,94,23,False,1060
imputation,SimpleMean,0.1,9,1,3.0855686002189264,2.1802235079975683,127,5804,580,46,0,originally_observed_only,93,24,False,1061
imputation,SimpleMean,0.1,9,2,2.8457811638120294,2.0803834507844203,118,5804,580,46,0,originally_observed_only,93,24,False,1061
imputation,SimpleMean,0.1,9,3,2.845355492758561,2.0448969051595323,95,5804,580,46,0,originally_observed_only,94,23,False,1061
imputation,SimpleMean,0.1,9,4,2.842074103520303,2.2575374211073784,120,5804,580,46,0,originally_observed_only,94,23,False,1061
imputation,SimpleMean,0.1,9,5,2.644257218593436,2.028370889660918,120,5804,580,46,0,originally_observed_only,94,23,False,1061
imputation,"KNN(k=5,dist)",0.1,9,1,2.4435691215125446,1.578071727807819,127,5804,580,46,0,originally_observed_only,93,24,False,1061
imputation,"KNN(k=5,dist)",0.1,9,2,1.9446420915343006,1.3544197840486365,118,5804,580,46,0,originally_observed_only,93,24,False,1061
imputation,"KNN(k=5,dist)",0.1,9,3,1.9086589907858185,1.385557623634178,95,5804,580,46,0,originally_observed_only,94,23,False,1061
imputation,"KNN(k=5,dist)",0.1,9,4,2.213128607418819,1.5005596923291433,120,5804,580,46,0,originally_observed_only,94,23,False,1061
imputation,"KNN(k=5,dist)",0.1,9,5,1.7321595949203163,1.220878458824406,120,5804,580,46,0,originally_observed_only,94,23,False,1061
imputation,RFECA_SVR(k=5),0.1,9,1,2.5554960324280267,1.7063575847795829,127,5804,580,46,0,originally_observed_only,93,24,False,1061
imputation,RFECA_SVR(k=5),0.1,9,2,2.1204220056061165,1.4393080379596732,118,5804,580,46,0,originally_observed_only,93,24,False,1061
imputation,RFECA_SVR(k=5),0.1,9,3,1.7913311944255712,1.2546938114090425,95,5804,580,46,0,originally_observed_only,94,23,False,1061
imputation,RFECA_SVR(k=5),0.1,9,4,2.251255932537086,1.454527723774259,120,5804,580,46,0,originally_observed_only,94,23,False,1061
imputation,RFECA_SVR(k=5),0.1,9,5,1.7789647926744,1.2497775469689054,120,5804,580,46,0,originally_observed_only,94,23,False,1061
imputation,RFECA_SVR(k=10),0.1,9,1,2.6563548925054987,1.7406578133536035,127,5804,580,46,0,originally_observed_only,93,24,False,1061
imputation,RFECA_SVR(k=10),0.1,9,2,2.3137346963080305,1.5764882720531184,118,5804,580,46,0,originally_observed_only,93,24,False,1061
imputation,RFECA_SVR(k=10),0.1,9,3,1.9099447568806025,1.3987865316121981,95,5804,580,46,0,originally_observed_only,94,23,False,1061
imputation,RFECA_SVR(k=10),0.1,9,4,2.292033860198789,1.6610398855749662,120,5804,580,46,0,originally_observed_only,94,23,False,1061
imputation,RFECA_SVR(k=10),0.1,9,5,1.905701547466615,1.3135136385517814,120,5804,580,46,0,originally_observed_only,94,23,False,1061
imputation,RFECA_SVR(k=20),0.1,9,1,2.8204682156336003,1.822951558668446,127,5804,580,46,0,originally_observed_only,93,24,False,1061
imputation,RFECA_SVR(k=20),0.1,9,2,2.383704620810449,1.643440574565952,118,5804,580,46,0,originally_observed_only,93,24,False,1061
imputation,RFECA_SVR(k=20),0.1,9,3,2.375662679560811,1.7363818385669985,95,5804,580,46,0,originally_observed_only,94,23,False,1061
imputation,RFECA_SVR(k=20),0.1,9,4,2.832239487257089,1.9799578944439693,120,5804,580,46,0,originally_observed_only,94,23,False,1061
imputation,RFECA_SVR(k=20),0.1,9,5,2.0648340441956567,1.4424553343262534,120,5804,580,46,0,originally_observed_only,94,23,False,1061
imputation,SimpleMean,0.2,0,1,2.70024968964374,1.8988464469168906,253,5804,1161,46,0,originally_observed_only,93,24,False,1062
imputation,SimpleMean,0.2,0,2,2.9562938672936334,2.1918351963712124,239,5804,1161,46,0,originally_observed_only,93,24,False,1062
imputation,SimpleMean,0.2,0,3,2.372657283241674,1.7505519081587164,222,5804,1161,46,0,originally_observed_only,94,23,False,1062
imputation,SimpleMean,0.2,0,4,2.8343614631007314,2.1502088524970704,231,5804,1161,46,0,originally_observed_only,94,23,False,1062
imputation,SimpleMean,0.2,0,5,3.0159165108163073,2.2213258520862955,216,5804,1161,46,0,originally_observed_only,94,23,False,1062
imputation,"KNN(k=5,dist)",0.2,0,1,2.156542413817929,1.345899721667301,253,5804,1161,46,0,originally_observed_only,93,24,False,1062
imputation,"KNN(k=5,dist)",0.2,0,2,2.2134898048719167,1.5991117501223258,239,5804,1161,46,0,originally_observed_only,93,24,False,1062
imputation,"KNN(k=5,dist)",0.2,0,3,2.05105562926517,1.3225309015307085,222,5804,1161,46,0,originally_observed_only,94,23,False,1062
imputation,"KNN(k=5,dist)",0.2,0,4,2.118767398225058,1.4719387241929982,231,5804,1161,46,0,originally_observed_only,94,23,False,1062
imputation,"KNN(k=5,dist)",0.2,0,5,2.2770818774315567,1.4841882681736889,216,5804,1161,46,0,originally_observed_only,94,23,False,1062
imputation,RFECA_SVR(k=5),0.2,0,1,2.3133260362894976,1.4734916316565403,253,5804,1161,46,0,originally_observed_only,93,24,False,1062
imputation,RFECA_SVR(k=5),0.2,0,2,2.2833338905000904,1.5931448982292518,239,5804,1161,46,0,originally_observed_only,93,24,False,1062
imputation,RFECA_SVR(k=5),0.2,0,3,2.3487700294832528,1.402580400082073,222,5804,1161,46,0,originally_observed_only,94,23,False,1062
imputation,RFECA_SVR(k=5),0.2,0,4,2.283018933482048,1.5638738538936166,231,5804,1161,46,0,originally_observed_only,94,23,False,1062
imputation,RFECA_SVR(k=5),0.2,0,5,2.1476453472059505,1.4914940203670437,216,5804,1161,46,0,originally_observed_only,94,23,False,1062
imputation,RFECA_SVR(k=10),0.2,0,1,2.360029665775608,1.506787170796948,253,5804,1161,46,0,originally_observed_only,93,24,False,1062
imputation,RFECA_SVR(k=10),0.2,0,2,2.4243552217291016,1.7193709666454495,239,5804,1161,46,0,originally_observed_only,93,24,False,1062
imputation,RFECA_SVR(k=10),0.2,0,3,2.3080645671525875,1.466039851640135,222,5804,1161,46,0,originally_observed_only,94,23,False,1062
imputation,RFECA_SVR(k=10),0.2,0,4,2.5240649674620146,1.7410019096390945,231,5804,1161,46,0,originally_observed_only,94,23,False,1062
imputation,RFECA_SVR(k=10),0.2,0,5,2.2080307646294908,1.5275503658804728,216,5804,1161,46,0,originally_observed_only,94,23,False,1062
imputation,RFECA_SVR(k=20),0.2,0,1,2.4796321806551793,1.7033488400484957,253,5804,1161,46,0,originally_observed_only,93,24,False,1062
imputation,RFECA_SVR(k=20),0.2,0,2,2.8136278159698493,1.9532684574836843,239,5804,1161,46,0,originally_observed_only,93,24,False,1062
imputation,RFECA_SVR(k=20),0.2,0,3,2.805967618159338,1.8328714435783444,222,5804,1161,46,0,originally_observed_only,94,23,False,1062
imputation,RFECA_SVR(k=20),0.2,0,4,3.020320113267826,2.145241435512376,231,5804,1161,46,0,originally_observed_only,94,23,False,1062
imputation,RFECA_SVR(k=20),0.2,0,5,2.6131393521772237,1.8756139337444084,216,5804,1161,46,0,originally_observed_only,94,23,False,1062
imputation,SimpleMean,0.2,1,1,2.4570003663805484,1.7909542600165127,249,5804,1161,46,0,originally_observed_only,93,24,False,1063
imputation,SimpleMean,0.2,1,2,2.9879780060822982,2.242058112257462,253,5804,1161,46,0,originally_observed_only,93,24,False,1063
imputation,SimpleMean,0.2,1,3,2.791987793847665,1.9678934024521941,228,5804,1161,46,0,originally_observed_only,94,23,False,1063
imputation,SimpleMean,0.2,1,4,3.0170190994136035,2.2795074963741118,206,5804,1161,46,0,originally_observed_only,94,23,False,1063
imputation,SimpleMean,0.2,1,5,2.790564697696959,2.0988381858045604,225,5804,1161,46,0,originally_observed_only,94,23,False,1063
imputation,"KNN(k=5,dist)",0.2,1,1,2.097451514140276,1.4332860522311297,249,5804,1161,46,0,originally_observed_only,93,24,False,1063
imputation,"KNN(k=5,dist)",0.2,1,2,2.018653369025834,1.441963661455364,253,5804,1161,46,0,originally_observed_only,93,24,False,1063
imputation,"KNN(k=5,dist)",0.2,1,3,2.2176543483620055,1.4566795565457453,228,5804,1161,46,0,originally_observed_only,94,23,False,1063
imputation,"KNN(k=5,dist)",0.2,1,4,2.0781883364190703,1.4117381564434224,206,5804,1161,46,0,originally_observed_only,94,23,False,1063
imputation,"KNN(k=5,dist)",0.2,1,5,2.0352946767048623,1.3244871498559934,225,5804,1161,46,0,originally_observed_only,94,23,False,1063
imputation,RFECA_SVR(k=5),0.2,1,1,2.404590056425041,1.6433614087340929,249,5804,1161,46,0,originally_observed_only,93,24,False,1063
imputation,RFECA_SVR(k=5),0.2,1,2,2.2565845094499806,1.5630151281011642,253,5804,1161,46,0,originally_observed_only,93,24,False,1063
imputation,RFECA_SVR(k=5),0.2,1,3,2.3133036875066355,1.4995851451568425,228,5804,1161,46,0,originally_observed_only,94,23,False,1063
imputation,RFECA_SVR(k=5),0.2,1,4,2.1988860407253,1.4837615100905468,206,5804,1161,46,0,originally_observed_only,94,23,False,1063
imputation,RFECA_SVR(k=5),0.2,1,5,2.2579064595536926,1.502262943371411,225,5804,1161,46,0,originally_observed_only,94,23,False,1063
imputation,RFECA_SVR(k=10),0.2,1,1,2.454964730429059,1.689606026242238,249,5804,1161,46,0,originally_observed_only,93,24,False,1063
imputation,RFECA_SVR(k=10),0.2,1,2,2.492218555048919,1.6728110397484797,253,5804,1161,46,0,originally_observed_only,93,24,False,1063
imputation,RFECA_SVR(k=10),0.2,1,3,2.2245327624085722,1.4740139079680261,228,5804,1161,46,0,originally_observed_only,94,23,False,1063
imputation,RFECA_SVR(k=10),0.2,1,4,2.2995048042320834,1.6375078570135178,206,5804,1161,46,0,originally_observed_only,94,23,False,1063
imputation,RFECA_SVR(k=10),0.2,1,5,2.5958063480629243,1.7419098889385567,225,5804,1161,46,0,originally_observed_only,94,23,False,1063
imputation,RFECA_SVR(k=20),0.2,1,1,2.5006931969991073,1.7392590768624943,249,5804,1161,46,0,originally_observed_only,93,24,False,1063
imputation,RFECA_SVR(k=20),0.2,1,2,2.7123099375672894,1.9515162346223585,253,5804,1161,46,0,originally_observed_only,93,24,False,1063
imputation,RFECA_SVR(k=20),0.2,1,3,2.7027979448766297,1.7897916905961104,228,5804,1161,46,0,originally_observed_only,94,23,False,1063
imputation,RFECA_SVR(k=20),0.2,1,4,2.796565173426463,1.9823713923413702,206,5804,1161,46,0,originally_observed_only,94,23,False,1063
imputation,RFECA_SVR(k=20),0.2,1,5,2.515218398045389,1.778965695370642,225,5804,1161,46,0,originally_observed_only,94,23,False,1063
imputation,SimpleMean,0.2,2,1,2.5188630987889633,1.8584430324906638,257,5804,1161,46,0,originally_observed_only,93,24,False,1064
imputation,SimpleMean,0.2,2,2,3.0837724469939385,2.3137088171160802,245,5804,1161,46,0,originally_observed_only,93,24,False,1064
imputation,SimpleMean,0.2,2,3,2.4367182790097477,1.7552485619675733,214,5804,1161,46,0,originally_observed_only,94,23,False,1064
imputation,SimpleMean,0.2,2,4,3.2286563561244,2.4411031599119766,222,5804,1161,46,0,originally_observed_only,94,23,False,1064
imputation,SimpleMean,0.2,2,5,2.7888729122956346,2.051927082835411,223,5804,1161,46,0,originally_observed_only,94,23,False,1064
imputation,"KNN(k=5,dist)",0.2,2,1,2.171622751354606,1.4351924619753282,257,5804,1161,46,0,originally_observed_only,93,24,False,1064
imputation,"KNN(k=5,dist)",0.2,2,2,2.1569840403531844,1.5195608070522815,245,5804,1161,46,0,originally_observed_only,93,24,False,1064
imputation,"KNN(k=5,dist)",0.2,2,3,1.9919246364295577,1.2996119373199624,214,5804,1161,46,0,originally_observed_only,94,23,False,1064
imputation,"KNN(k=5,dist)",0.2,2,4,2.3845181551906434,1.673992637671793,222,5804,1161,46,0,originally_observed_only,94,23,False,1064
imputation,"KNN(k=5,dist)",0.2,2,5,1.9037090304250788,1.317297253094891,223,5804,1161,46,0,originally_observed_only,94,23,False,1064
imputation,RFECA_SVR(k=5),0.2,2,1,2.4522331410486036,1.5903521265496787,257,5804,1161,46,0,originally_observed_only,93,24,False,1064
imputation,RFECA_SVR(k=5),0.2,2,2,2.0534363627171617,1.4796380598163477,245,5804,1161,46,0,originally_observed_only,93,24,False,1064
imputation,RFECA_SVR(k=5),0.2,2,3,2.1298003805628207,1.3637185150576552,214,5804,1161,46,0,originally_observed_only,94,23,False,1064
imputation,RFECA_SVR(k=5),0.2,2,4,2.4469767228359354,1.7294135625648084,222,5804,1161,46,0,originally_observed_only,94,23,False,1064
imputation,RFECA_SVR(k=5),0.2,2,5,1.8734995046236538,1.3560003098648838,223,5804,1161,46,0,originally_observed_only,94,23,False,1064
imputation,RFECA_SVR(k=10),0.2,2,1,2.851010545226475,1.8332887022620348,257,5804,1161,46,0,originally_observed_only,93,24,False,1064
imputation,RFECA_SVR(k=10),0.2,2,2,2.275549937614457,1.715146760204614,245,5804,1161,46,0,originally_observed_only,93,24,False,1064
imputation,RFECA_SVR(k=10),0.2,2,3,2.3167859157222543,1.4398898772491622,214,5804,1161,46,0,originally_observed_only,94,23,False,1064
imputation,RFECA_SVR(k=10),0.2,2,4,2.6250486834667477,1.9017854463314505,222,5804,1161,46,0,originally_observed_only,94,23,False,1064
imputation,RFECA_SVR(k=10),0.2,2,5,2.0842142773940053,1.5002262350151387,223,5804,1161,46,0,originally_observed_only,94,23,False,1064
imputation,RFECA_SVR(k=20),0.2,2,1,2.962046073934984,1.8854530351177052,257,5804,1161,46,0,originally_observed_only,93,24,False,1064
imputation,RFECA_SVR(k=20),0.2,2,2,2.7197029731807922,1.8997941965630096,245,5804,1161,46,0,originally_observed_only,93,24,False,1064
imputation,RFECA_SVR(k=20),0.2,2,3,2.8647727981592133,1.7542079725510629,214,5804,1161,46,0,originally_observed_only,94,23,False,1064
imputation,RFECA_SVR(k=20),0.2,2,4,2.9568166242279132,2.15691329250429,222,5804,1161,46,0,originally_observed_only,94,23,False,1064
imputation,RFECA_SVR(k=20),0.2,2,5,2.5859054429512494,1.763364634861094,223,5804,1161,46,0,originally_observed_only,94,23,False,1064
imputation,SimpleMean,0.2,3,1,2.437800555321932,1.8277898791349314,237,5804,1161,46,0,originally_observed_only,93,24,False,1065
imputation,SimpleMean,0.2,3,2,2.7996427925485547,2.0798399857740004,234,5804,1161,46,0,originally_observed_only,93,24,False,1065
imputation,SimpleMean,0.2,3,3,2.853286354121523,2.0659785503337647,227,5804,1161,46,0,originally_observed_only,94,23,False,1065
imputation,SimpleMean,0.2,3,4,3.0388140917152686,2.2134249489440436,217,5804,1161,46,0,originally_observed_only,94,23,False,1065
imputation,SimpleMean,0.2,3,5,2.7511613882714347,1.9582274931143886,246,5804,1161,46,0,originally_observed_only,94,23,False,1065
imputation,"KNN(k=5,dist)",0.2,3,1,2.1660991196255357,1.4184240076676153,237,5804,1161,46,0,originally_observed_only,93,24,False,1065
imputation,"KNN(k=5,dist)",0.2,3,2,2.0660952996477566,1.4201927656739568,234,5804,1161,46,0,originally_observed_only,93,24,False,1065
imputation,"KNN(k=5,dist)",0.2,3,3,2.147810791838978,1.5011574911591679,227,5804,1161,46,0,originally_observed_only,94,23,False,1065
imputation,"KNN(k=5,dist)",0.2,3,4,2.3654767021990137,1.635130850644981,217,5804,1161,46,0,originally_observed_only,94,23,False,1065
imputation,"KNN(k=5,dist)",0.2,3,5,2.24953465391074,1.4374309022286789,246,5804,1161,46,0,originally_observed_only,94,23,False,1065
imputation,RFECA_SVR(k=5),0.2,3,1,2.3513047637186943,1.4818705505166554,237,5804,1161,46,0,originally_observed_only,93,24,False,1065
imputation,RFECA_SVR(k=5),0.2,3,2,2.4707324416423644,1.6690729072845962,234,5804,1161,46,0,originally_observed_only,93,24,False,1065
imputation,RFECA_SVR(k=5),0.2,3,3,2.2186751450476345,1.5618136646720953,227,5804,1161,46,0,originally_observed_only,94,23,False,1065
imputation,RFECA_SVR(k=5),0.2,3,4,2.4211848778895657,1.6489925992558923,217,5804,1161,46,0,originally_observed_only,94,23,False,1065
imputation,RFECA_SVR(k=5),0.2,3,5,1.8955957502699816,1.3670914585746086,246,5804,1161,46,0,originally_observed_only,94,23,False,1065
imputation,RFECA_SVR(k=10),0.2,3,1,2.4664414186861476,1.6061260154632906,237,5804,1161,46,0,originally_observed_only,93,24,False,1065
imputation,RFECA_SVR(k=10),0.2,3,2,2.4273019134568012,1.6189490856617808,234,5804,1161,46,0,originally_observed_only,93,24,False,1065
imputation,RFECA_SVR(k=10),0.2,3,3,2.340275329006545,1.6279020771657762,227,5804,1161,46,0,originally_observed_only,94,23,False,1065
imputation,RFECA_SVR(k=10),0.2,3,4,2.6118182950283644,1.805312263735076,217,5804,1161,46,0,originally_observed_only,94,23,False,1065
imputation,RFECA_SVR(k=10),0.2,3,5,1.876358675521627,1.36129457475752,246,5804,1161,46,0,originally_observed_only,94,23,False,1065
imputation,RFECA_SVR(k=20),0.2,3,1,2.5296992409153054,1.7242731232995208,237,5804,1161,46,0,originally_observed_only,93,24,False,1065
imputation,RFECA_SVR(k=20),0.2,3,2,2.4435267413662225,1.6415016103006808,234,5804,1161,46,0,originally_observed_only,93,24,False,1065
imputation,RFECA_SVR(k=20),0.2,3,3,2.608680749955306,1.8676896016996125,227,5804,1161,46,0,originally_observed_only,94,23,False,1065
imputation,RFECA_SVR(k=20),0.2,3,4,2.904454787250523,1.9921042109513545,217,5804,1161,46,0,originally_observed_only,94,23,False,1065
imputation,RFECA_SVR(k=20),0.2,3,5,2.277132559623417,1.6122201994724543,246,5804,1161,46,0,originally_observed_only,94,23,False,1065
imputation,SimpleMean,0.2,4,1,2.570399046904844,1.8613723764086698,248,5804,1161,46,0,originally_observed_only,93,24,False,1066
imputation,SimpleMean,0.2,4,2,3.150360804645487,2.307021935150057,246,5804,1161,46,0,originally_observed_only,93,24,False,1066
imputation,SimpleMean,0.2,4,3,2.7967729039068563,2.0016817490173517,227,5804,1161,46,0,originally_observed_only,94,23,False,1066
imputation,SimpleMean,0.2,4,4,2.896122304957249,2.215278670596533,232,5804,1161,46,0,originally_observed_only,94,23,False,1066
imputation,SimpleMean,0.2,4,5,2.9502804361061328,2.2204706191683976,208,5804,1161,46,0,originally_observed_only,94,23,False,1066
imputation,"KNN(k=5,dist)",0.2,4,1,1.8648614703204545,1.2776699087129157,248,5804,1161,46,0,originally_observed_only,93,24,False,1066
imputation,"KNN(k=5,dist)",0.2,4,2,1.9897247385297063,1.3741612193407546,246,5804,1161,46,0,originally_observed_only,93,24,False,1066
imputation,"KNN(k=5,dist)",0.2,4,3,1.9942441537853386,1.4313991670987334,227,5804,1161,46,0,originally_observed_only,94,23,False,1066
imputation,"KNN(k=5,dist)",0.2,4,4,2.1134043276185683,1.5345532086080684,232,5804,1161,46,0,originally_observed_only,94,23,False,1066
imputation,"KNN(k=5,dist)",0.2,4,5,2.249320810402462,1.4263158096930983,208,5804,1161,46,0,originally_observed_only,94,23,False,1066
imputation,RFECA_SVR(k=5),0.2,4,1,1.9980888882269374,1.3553797513697332,248,5804,1161,46,0,originally_observed_only,93,24,False,1066
imputation,RFECA_SVR(k=5),0.2,4,2,2.2773205613327794,1.6321548695929577,246,5804,1161,46,0,originally_observed_only,93,24,False,1066
imputation,RFECA_SVR(k=5),0.2,4,3,2.1932043937113708,1.490825926712171,227,5804,1161,46,0,originally_observed_only,94,23,False,1066
imputation,RFECA_SVR(k=5),0.2,4,4,2.2677027301788026,1.6217421559489182,232,5804,1161,46,0,originally_observed_only,94,23,False,1066
imputation,RFECA_SVR(k=5),0.2,4,5,2.44267195661095,1.5174877673879528,208,5804,1161,46,0,originally_observed_only,94,23,False,1066
imputation,RFECA_SVR(k=10),0.2,4,1,2.116819922330293,1.4658369488720546,248,5804,1161,46,0,originally_observed_only,93,24,False,1066
imputation,RFECA_SVR(k=10),0.2,4,2,2.4371046368273475,1.7191723806543975,246,5804,1161,46,0,originally_observed_only,93,24,False,1066
imputation,RFECA_SVR(k=10),0.2,4,3,2.344861354290237,1.6129584216505097,227,5804,1161,46,0,originally_observed_only,94,23,False,1066
imputation,RFECA_SVR(k=10),0.2,4,4,2.552367763058937,1.7801747937946326,232,5804,1161,46,0,originally_observed_only,94,23,False,1066
imputation,RFECA_SVR(k=10),0.2,4,5,2.3836466081356766,1.555244712891007,208,5804,1161,46,0,originally_observed_only,94,23,False,1066
imputation,RFECA_SVR(k=20),0.2,4,1,2.6470993017567004,1.7700938542739204,248,5804,1161,46,0,originally_observed_only,93,24,False,1066
imputation,RFECA_SVR(k=20),0.2,4,2,3.003523003621898,1.9927282262076558,246,5804,1161,46,0,originally_observed_only,93,24,False,1066
imputation,RFECA_SVR(k=20),0.2,4,3,2.7673377169562965,1.933017979605754,227,5804,1161,46,0,originally_observed_only,94,23,False,1066
imputation,RFECA_SVR(k=20),0.2,4,4,2.913536273926432,2.0569901462610813,232,5804,1161,46,0,originally_observed_only,94,23,False,1066
imputation,RFECA_SVR(k=20),0.2,4,5,2.7262735481520077,1.8783218801717707,208,5804,1161,46,0,originally_observed_only,94,23,False,1066
imputation,SimpleMean,0.2,5,1,2.819120798864338,2.0846870660714494,239,5804,1161,46,0,originally_observed_only,93,24,False,1067
imputation,SimpleMean,0.2,5,2,2.85648788727673,2.172671093278904,255,5804,1161,46,0,originally_observed_only,93,24,False,1067
imputation,SimpleMean,0.2,5,3,2.3649717608065095,1.7802379020376335,213,5804,1161,46,0,originally_observed_only,94,23,False,1067
imputation,SimpleMean,0.2,5,4,3.2340084547353234,2.440613925236799,221,5804,1161,46,0,originally_observed_only,94,23,False,1067
imputation,SimpleMean,0.2,5,5,3.0147081003852465,2.2189160066685045,233,5804,1161,46,0,originally_observed_only,94,23,False,1067
imputation,"KNN(k=5,dist)",0.2,5,1,2.0695847638419558,1.3873411175010486,239,5804,1161,46,0,originally_observed_only,93,24,False,1067
imputation,"KNN(k=5,dist)",0.2,5,2,1.9750325856589854,1.4108995389159789,255,5804,1161,46,0,originally_observed_only,93,24,False,1067
imputation,"KNN(k=5,dist)",0.2,5,3,1.9118592228343125,1.3332803167712346,213,5804,1161,46,0,originally_observed_only,94,23,False,1067
imputation,"KNN(k=5,dist)",0.2,5,4,2.01710031923561,1.4619065740509665,221,5804,1161,46,0,originally_observed_only,94,23,False,1067
imputation,"KNN(k=5,dist)",0.2,5,5,2.2083081516918823,1.4938712467978819,233,5804,1161,46,0,originally_observed_only,94,23,False,1067
imputation,RFECA_SVR(k=5),0.2,5,1,2.288724094133636,1.5903613651378337,239,5804,1161,46,0,originally_observed_only,93,24,False,1067
imputation,RFECA_SVR(k=5),0.2,5,2,2.249759437335966,1.530905139798278,255,5804,1161,46,0,originally_observed_only,93,24,False,1067
imputation,RFECA_SVR(k=5),0.2,5,3,2.021710413411407,1.3771917641155462,213,5804,1161,46,0,originally_observed_only,94,23,False,1067
imputation,RFECA_SVR(k=5),0.2,5,4,2.17031158746698,1.592668403155418,221,5804,1161,46,0,originally_observed_only,94,23,False,1067
imputation,RFECA_SVR(k=5),0.2,5,5,1.9013162609240348,1.3428654702032976,233,5804,1161,46,0,originally_observed_only,94,23,False,1067
imputation,RFECA_SVR(k=10),0.2,5,1,2.192662307338663,1.5622765413374726,239,5804,1161,46,0,originally_observed_only,93,24,False,1067
imputation,RFECA_SVR(k=10),0.2,5,2,2.317058713528976,1.5856486389076112,255,5804,1161,46,0,originally_observed_only,93,24,False,1067
imputation,RFECA_SVR(k=10),0.2,5,3,2.356948294343482,1.5520985060706967,213,5804,1161,46,0,originally_observed_only,94,23,False,1067
imputation,RFECA_SVR(k=10),0.2,5,4,2.5685369981105017,1.7376991409462714,221,5804,1161,46,0,originally_observed_only,94,23,False,1067
imputation,RFECA_SVR(k=10),0.2,5,5,2.0255508792121923,1.409245405919836,233,5804,1161,46,0,originally_observed_only,94,23,False,1067
imputation,RFECA_SVR(k=20),0.2,5,1,2.7314413414800076,1.894179181869881,239,5804,1161,46,0,originally_observed_only,93,24,False,1067
imputation,RFECA_SVR(k=20),0.2,5,2,2.5674831414108854,1.7823766441366182,255,5804,1161,46,0,originally_observed_only,93,24,False,1067
imputation,RFECA_SVR(k=20),0.2,5,3,2.3670285832061815,1.6811051976279332,213,5804,1161,46,0,originally_observed_only,94,23,False,1067
imputation,RFECA_SVR(k=20),0.2,5,4,2.7192139465015757,1.8607847636250248,221,5804,1161,46,0,originally_observed_only,94,23,False,1067
imputation,RFECA_SVR(k=20),0.2,5,5,2.402161640500467,1.7360634537204036,233,5804,1161,46,0,originally_observed_only,94,23,False,1067
imputation,SimpleMean,0.2,6,1,2.3088892425602188,1.7139223147012015,236,5804,1161,46,0,originally_observed_only,93,24,False,1068
imputation,SimpleMean,0.2,6,2,2.722601924749032,2.034005921604416,244,5804,1161,46,0,originally_observed_only,93,24,False,1068
imputation,SimpleMean,0.2,6,3,2.3871565314546155,1.7997039284390404,219,5804,1161,46,0,originally_observed_only,94,23,False,1068
imputation,SimpleMean,0.2,6,4,3.041192321763535,2.2562634143039735,237,5804,1161,46,0,originally_observed_only,94,23,False,1068
imputation,SimpleMean,0.2,6,5,2.9787201687849496,2.149788659963887,225,5804,1161,46,0,originally_observed_only,94,23,False,1068
imputation,"KNN(k=5,dist)",0.2,6,1,1.816507919166947,1.2189986410185278,236,5804,1161,46,0,originally_observed_only,93,24,False,1068
imputation,"KNN(k=5,dist)",0.2,6,2,1.8796221998222082,1.3439851983905942,244,5804,1161,46,0,originally_observed_only,93,24,False,1068
imputation,"KNN(k=5,dist)",0.2,6,3,1.7755886484311982,1.2976073146376723,219,5804,1161,46,0,originally_observed_only,94,23,False,1068
imputation,"KNN(k=5,dist)",0.2,6,4,2.0713715407948485,1.453845018612168,237,5804,1161,46,0,originally_observed_only,94,23,False,1068
imputation,"KNN(k=5,dist)",0.2,6,5,2.2727494216308086,1.4587846985232775,225,5804,1161,46,0,originally_observed_only,94,23,False,1068
imputation,RFECA_SVR(k=5),0.2,6,1,2.0056967151183343,1.3526196784958497,236,5804,1161,46,0,originally_observed_only,93,24,False,1068
imputation,RFECA_SVR(k=5),0.2,6,2,1.9698119808677916,1.3370384858683924,244,5804,1161,46,0,originally_observed_only,93,24,False,1068
imputation,RFECA_SVR(k=5),0.2,6,3,1.819036058418172,1.294532141409662,219,5804,1161,46,0,originally_observed_only,94,23,False,1068
imputation,RFECA_SVR(k=5),0.2,6,4,2.1715213334271786,1.5029350477380274,237,5804,1161,46,0,originally_observed_only,94,23,False,1068
imputation,RFECA_SVR(k=5),0.2,6,5,1.9534934257295744,1.4074491220615881,225,5804,1161,46,0,originally_observed_only,94,23,False,1068
imputation,RFECA_SVR(k=10),0.2,6,1,2.1302062900712806,1.4443509047771752,236,5804,1161,46,0,originally_observed_only,93,24,False,1068
imputation,RFECA_SVR(k=10),0.2,6,2,2.3544293673063366,1.5789501902596845,244,5804,1161,46,0,originally_observed_only,93,24,False,1068
imputation,RFECA_SVR(k=10),0.2,6,3,2.1720380284401792,1.5836062180983208,219,5804,1161,46,0,originally_observed_only,94,23,False,1068
imputation,RFECA_SVR(k=10),0.2,6,4,2.286989502154755,1.534072577755793,237,5804,1161,46,0,originally_observed_only,94,23,False,1068
imputation,RFECA_SVR(k=10),0.2,6,5,2.138871270501244,1.5430135411327808,225,5804,1161,46,0,originally_observed_only,94,23,False,1068
imputation,RFECA_SVR(k=20),0.2,6,1,2.5786813298798927,1.6405960870231382,236,5804,1161,46,0,originally_observed_only,93,24,False,1068
imputation,RFECA_SVR(k=20),0.2,6,2,2.6512672394887367,1.820205662721513,244,5804,1161,46,0,originally_observed_only,93,24,False,1068
imputation,RFECA_SVR(k=20),0.2,6,3,2.4176183789252215,1.6286598865884923,219,5804,1161,46,0,originally_observed_only,94,23,False,1068
imputation,RFECA_SVR(k=20),0.2,6,4,2.737907934144153,1.9326765142752262,237,5804,1161,46,0,originally_observed_only,94,23,False,1068
imputation,RFECA_SVR(k=20),0.2,6,5,2.2162665598813622,1.5766441585163127,225,5804,1161,46,0,originally_observed_only,94,23,False,1068
imputation,SimpleMean,0.2,7,1,2.4292251211252243,1.829254042341764,217,5804,1161,46,0,originally_observed_only,93,24,False,1069
imputation,SimpleMean,0.2,7,2,3.014307604453796,2.164273145393127,220,5804,1161,46,0,originally_observed_only,93,24,False,1069
imputation,SimpleMean,0.2,7,3,2.6095649998029686,1.8893119397000575,250,5804,1161,46,0,originally_observed_only,94,23,False,1069
imputation,SimpleMean,0.2,7,4,3.1219522402610673,2.343741859419426,239,5804,1161,46,0,originally_observed_only,94,23,False,1069
imputation,SimpleMean,0.2,7,5,2.9248479640423253,2.1156514493224106,235,5804,1161,46,0,originally_observed_only,94,23,False,1069
imputation,"KNN(k=5,dist)",0.2,7,1,1.9944497200615152,1.3064204654220775,217,5804,1161,46,0,originally_observed_only,93,24,False,1069
imputation,"KNN(k=5,dist)",0.2,7,2,2.1863511342732806,1.5213021754363345,220,5804,1161,46,0,originally_observed_only,93,24,False,1069
imputation,"KNN(k=5,dist)",0.2,7,3,1.9981249953328173,1.3874099206085904,250,5804,1161,46,0,originally_observed_only,94,23,False,1069
imputation,"KNN(k=5,dist)",0.2,7,4,2.3025401838664625,1.5765232324378955,239,5804,1161,46,0,originally_observed_only,94,23,False,1069
imputation,"KNN(k=5,dist)",0.2,7,5,1.8305323188796618,1.3185091938008937,235,5804,1161,46,0,originally_observed_only,94,23,False,1069
imputation,RFECA_SVR(k=5),0.2,7,1,1.9235920906775346,1.253120595852016,217,5804,1161,46,0,originally_observed_only,93,24,False,1069
imputation,RFECA_SVR(k=5),0.2,7,2,2.160060666958648,1.4957650025885314,220,5804,1161,46,0,originally_observed_only,93,24,False,1069
imputation,RFECA_SVR(k=5),0.2,7,3,2.3848449034105417,1.5175556462376194,250,5804,1161,46,0,originally_observed_only,94,23,False,1069
imputation,RFECA_SVR(k=5),0.2,7,4,2.1475433042855867,1.4663811776978588,239,5804,1161,46,0,originally_observed_only,94,23,False,1069
imputation,RFECA_SVR(k=5),0.2,7,5,1.8949852568326149,1.343963242965106,235,5804,1161,46,0,originally_observed_only,94,23,False,1069
imputation,RFECA_SVR(k=10),0.2,7,1,2.183828168260106,1.4927409463303876,217,5804,1161,46,0,originally_observed_only,93,24,False,1069
imputation,RFECA_SVR(k=10),0.2,7,2,2.242410794812526,1.530593753085616,220,5804,1161,46,0,originally_observed_only,93,24,False,1069
imputation,RFECA_SVR(k=10),0.2,7,3,2.4602093556626126,1.5695396817439293,250,5804,1161,46,0,originally_observed_only,94,23,False,1069
imputation,RFECA_SVR(k=10),0.2,7,4,2.486453197306797,1.7195933924091962,239,5804,1161,46,0,originally_observed_only,94,23,False,1069
imputation,RFECA_SVR(k=10),0.2,7,5,2.1226127641176205,1.5248949685099027,235,5804,1161,46,0,originally_observed_only,94,23,False,1069
imputation,RFECA_SVR(k=20),0.2,7,1,2.5860773796226737,1.8380913647583441,217,5804,1161,46,0,originally_observed_only,93,24,False,1069
imputation,RFECA_SVR(k=20),0.2,7,2,2.5205007123182672,1.75235199866407,220,5804,1161,46,0,originally_observed_only,93,24,False,1069
imputation,RFECA_SVR(k=20),0.2,7,3,2.6344858551851504,1.7740260889125317,250,5804,1161,46,0,originally_observed_only,94,23,False,1069
imputation,RFECA_SVR(k=20),0.2,7,4,2.5085348976566273,1.8097295828306843,239,5804,1161,46,0,originally_observed_only,94,23,False,1069
imputation,RFECA_SVR(k=20),0.2,7,5,2.447450451797122,1.7286138081319575,235,5804,1161,46,0,originally_observed_only,94,23,False,1069
imputation,SimpleMean,0.2,8,1,2.3553943747559734,1.6949155478898394,248,5804,1161,46,0,originally_observed_only,93,24,False,1070
imputation,SimpleMean,0.2,8,2,2.684221068612746,2.089576644708672,230,5804,1161,46,0,originally_observed_only,93,24,False,1070
imputation,SimpleMean,0.2,8,3,3.0046387815629836,2.1940796573219807,216,5804,1161,46,0,originally_observed_only,94,23,False,1070
imputation,SimpleMean,0.2,8,4,3.1889509834154692,2.362536288776332,253,5804,1161,46,0,originally_observed_only,94,23,False,1070
imputation,SimpleMean,0.2,8,5,2.689726452916598,1.959901626283772,214,5804,1161,46,0,originally_observed_only,94,23,False,1070
imputation,"KNN(k=5,dist)",0.2,8,1,2.0474090402006317,1.3209954182748818,248,5804,1161,46,0,originally_observed_only,93,24,False,1070
imputation,"KNN(k=5,dist)",0.2,8,2,2.1401367301728476,1.4399868789103643,230,5804,1161,46,0,originally_observed_only,93,24,False,1070
imputation,"KNN(k=5,dist)",0.2,8,3,2.166454409275934,1.455208002674446,216,5804,1161,46,0,originally_observed_only,94,23,False,1070
imputation,"KNN(k=5,dist)",0.2,8,4,2.159042605541757,1.5343229287935491,253,5804,1161,46,0,originally_observed_only,94,23,False,1070
imputation,"KNN(k=5,dist)",0.2,8,5,1.6751079771148152,1.1531561222283278,214,5804,1161,46,0,originally_observed_only,94,23,False,1070
imputation,RFECA_SVR(k=5),0.2,8,1,2.0348770604484616,1.3281645960673056,248,5804,1161,46,0,originally_observed_only,93,24,False,1070
imputation,RFECA_SVR(k=5),0.2,8,2,2.0279040535231325,1.4306249184681414,230,5804,1161,46,0,originally_observed_only,93,24,False,1070
imputation,RFECA_SVR(k=5),0.2,8,3,2.584976138200434,1.6602947804563584,216,5804,1161,46,0,originally_observed_only,94,23,False,1070
imputation,RFECA_SVR(k=5),0.2,8,4,2.1369224041586476,1.5048533151119132,253,5804,1161,46,0,originally_observed_only,94,23,False,1070
imputation,RFECA_SVR(k=5),0.2,8,5,1.9791467291352676,1.4371240733468893,214,5804,1161,46,0,originally_observed_only,94,23,False,1070
imputation,RFECA_SVR(k=10),0.2,8,1,1.9189179993172307,1.3483001865817765,248,5804,1161,46,0,originally_observed_only,93,24,False,1070
imputation,RFECA_SVR(k=10),0.2,8,2,2.2473390724024602,1.6107884470275062,230,5804,1161,46,0,originally_observed_only,93,24,False,1070
imputation,RFECA_SVR(k=10),0.2,8,3,2.6567297123469675,1.844717255908567,216,5804,1161,46,0,originally_observed_only,94,23,False,1070
imputation,RFECA_SVR(k=10),0.2,8,4,2.2597131508255828,1.583913591420941,253,5804,1161,46,0,originally_observed_only,94,23,False,1070
imputation,RFECA_SVR(k=10),0.2,8,5,2.11615746699249,1.4247043042313206,214,5804,1161,46,0,originally_observed_only,94,23,False,1070
imputation,RFECA_SVR(k=20),0.2,8,1,2.3784829600906496,1.582056008915003,248,5804,1161,46,0,originally_observed_only,93,24,False,1070
imputation,RFECA_SVR(k=20),0.2,8,2,2.4057940688861894,1.763847684368026,230,5804,1161,46,0,originally_observed_only,93,24,False,1070
imputation,RFECA_SVR(k=20),0.2,8,3,2.7615963135339388,1.932592800777944,216,5804,1161,46,0,originally_observed_only,94,23,False,1070
imputation,RFECA_SVR(k=20),0.2,8,4,2.6839543162015973,1.8845107142971222,253,5804,1161,46,0,originally_observed_only,94,23,False,1070
imputation,RFECA_SVR(k=20),0.2,8,5,2.3296952614939315,1.7205873932797726,214,5804,1161,46,0,originally_observed_only,94,23,False,1070
imputation,SimpleMean,0.2,9,1,2.6497647616005002,1.8945760602372743,240,5804,1161,46,0,originally_observed_only,93,24,False,1071
imputation,SimpleMean,0.2,9,2,2.7355385742941944,2.081782935592259,264,5804,1161,46,0,originally_observed_only,93,24,False,1071
imputation,SimpleMean,0.2,9,3,2.626391982448352,1.8659811310995906,244,5804,1161,46,0,originally_observed_only,94,23,False,1071
imputation,SimpleMean,0.2,9,4,3.0539161278343716,2.2317254185264095,201,5804,1161,46,0,originally_observed_only,94,23,False,1071
imputation,SimpleMean,0.2,9,5,2.7615947297705503,2.0154283229975607,212,5804,1161,46,0,originally_observed_only,94,23,False,1071
imputation,"KNN(k=5,dist)",0.2,9,1,2.1872149010650292,1.4664820950443107,240,5804,1161,46,0,originally_observed_only,93,24,False,1071
imputation,"KNN(k=5,dist)",0.2,9,2,1.9015847744715064,1.3692370125705045,264,5804,1161,46,0,originally_observed_only,93,24,False,1071
imputation,"KNN(k=5,dist)",0.2,9,3,2.2524539879850094,1.4823443880120881,244,5804,1161,46,0,originally_observed_only,94,23,False,1071
imputation,"KNN(k=5,dist)",0.2,9,4,2.102782797957659,1.516949308433375,201,5804,1161,46,0,originally_observed_only,94,23,False,1071
imputation,"KNN(k=5,dist)",0.2,9,5,1.8929109091932275,1.315458552670572,212,5804,1161,46,0,originally_observed_only,94,23,False,1071
imputation,RFECA_SVR(k=5),0.2,9,1,2.3332005851873547,1.536329838858579,240,5804,1161,46,0,originally_observed_only,93,24,False,1071
imputation,RFECA_SVR(k=5),0.2,9,2,2.098033412425754,1.5149113833560244,264,5804,1161,46,0,originally_observed_only,93,24,False,1071
imputation,RFECA_SVR(k=5),0.2,9,3,2.1240992488247703,1.46464815103858,244,5804,1161,46,0,originally_observed_only,94,23,False,1071
imputation,RFECA_SVR(k=5),0.2,9,4,2.233673709323519,1.5504213178459887,201,5804,1161,46,0,originally_observed_only,94,23,False,1071
imputation,RFECA_SVR(k=5),0.2,9,5,1.7999898965229368,1.252966837802281,212,5804,1161,46,0,originally_observed_only,94,23,False,1071
imputation,RFECA_SVR(k=10),0.2,9,1,2.4661460287201122,1.607422762964859,240,5804,1161,46,0,originally_observed_only,93,24,False,1071
imputation,RFECA_SVR(k=10),0.2,9,2,2.275026748819343,1.577677242090003,264,5804,1161,46,0,originally_observed_only,93,24,False,1071
imputation,RFECA_SVR(k=10),0.2,9,3,2.2668600944440316,1.5102207014150923,244,5804,1161,46,0,originally_observed_only,94,23,False,1071
imputation,RFECA_SVR(k=10),0.2,9,4,2.2966781176620024,1.6290573862933817,201,5804,1161,46,0,originally_observed_only,94,23,False,1071
imputation,RFECA_SVR(k=10),0.2,9,5,1.9917041697674325,1.36232558940132,212,5804,1161,46,0,originally_observed_only,94,23,False,1071
imputation,RFECA_SVR(k=20),0.2,9,1,2.6453180494012782,1.8671167452685713,240,5804,1161,46,0,originally_observed_only,93,24,False,1071
imputation,RFECA_SVR(k=20),0.2,9,2,2.7563883383141436,1.9853157135856832,264,5804,1161,46,0,originally_observed_only,93,24,False,1071
imputation,RFECA_SVR(k=20),0.2,9,3,2.4586078309545543,1.6326337199597514,244,5804,1161,46,0,originally_observed_only,94,23,False,1071
imputation,RFECA_SVR(k=20),0.2,9,4,2.5366416433035273,1.7835455141478065,201,5804,1161,46,0,originally_observed_only,94,23,False,1071
imputation,RFECA_SVR(k=20),0.2,9,5,2.3895107229081334,1.6532827741797624,212,5804,1161,46,0,originally_observed_only,94,23,False,1071
imputation,SimpleMean,0.3,0,1,2.7887172328725796,2.044839102809635,368,5804,1741,46,0,originally_observed_only,93,24,False,1072
imputation,SimpleMean,0.3,0,2,3.1709157165372432,2.3319143005205825,329,5804,1741,46,0,originally_observed_only,93,24,False,1072
imputation,SimpleMean,0.3,0,3,2.5873130250222127,1.9265787142411401,363,5804,1741,46,0,originally_observed_only,94,23,False,1072
imputation,SimpleMean,0.3,0,4,3.0770166064060063,2.3235343139374818,353,5804,1741,46,0,originally_observed_only,94,23,False,1072
imputation,SimpleMean,0.3,0,5,2.764996933804335,2.0380588690398747,328,5804,1741,46,0,originally_observed_only,94,23,False,1072
imputation,"KNN(k=5,dist)",0.3,0,1,2.3701036360511565,1.524222746062963,368,5804,1741,46,0,originally_observed_only,93,24,False,1072
imputation,"KNN(k=5,dist)",0.3,0,2,2.259346042879683,1.5287011819678664,329,5804,1741,46,0,originally_observed_only,93,24,False,1072
imputation,"KNN(k=5,dist)",0.3,0,3,1.7848758418508586,1.3254646606072253,363,5804,1741,46,0,originally_observed_only,94,23,False,1072
imputation,"KNN(k=5,dist)",0.3,0,4,2.2652140327478683,1.582954055049268,353,5804,1741,46,0,originally_observed_only,94,23,False,1072
imputation,"KNN(k=5,dist)",0.3,0,5,2.2169820878662456,1.4935500169502136,328,5804,1741,46,0,originally_observed_only,94,23,False,1072
imputation,RFECA_SVR(k=5),0.3,0,1,2.6949410258396194,1.719241688433592,368,5804,1741,46,0,originally_observed_only,93,24,False,1072
imputation,RFECA_SVR(k=5),0.3,0,2,2.1202516133659026,1.4844607587737249,329,5804,1741,46,0,originally_observed_only,93,24,False,1072
imputation,RFECA_SVR(k=5),0.3,0,3,2.444547149036148,1.668462504712836,363,5804,1741,46,0,originally_observed_only,94,23,False,1072
imputation,RFECA_SVR(k=5),0.3,0,4,2.3802252972797615,1.6460481337261377,353,5804,1741,46,0,originally_observed_only,94,23,False,1072
imputation,RFECA_SVR(k=5),0.3,0,5,2.1854517131897704,1.5675987770028477,328,5804,1741,46,0,originally_observed_only,94,23,False,1072
imputation,RFECA_SVR(k=10),0.3,0,1,2.7811244649551843,1.8170620774397208,368,5804,1741,46,0,originally_observed_only,93,24,False,1072
imputation,RFECA_SVR(k=10),0.3,0,2,2.3578779275693122,1.649301572167926,329,5804,1741,46,0,originally_observed_only,93,24,False,1072
imputation,RFECA_SVR(k=10),0.3,0,3,2.3798162807403913,1.67121831400447,363,5804,1741,46,0,originally_observed_only,94,23,False,1072
imputation,RFECA_SVR(k=10),0.3,0,4,2.724791684979708,1.8418871300690918,353,5804,1741,46,0,originally_observed_only,94,23,False,1072
imputation,RFECA_SVR(k=10),0.3,0,5,2.213631231446994,1.5949435439608688,328,5804,1741,46,0,originally_observed_only,94,23,False,1072
imputation,RFECA_SVR(k=20),0.3,0,1,2.9162905885820303,1.9958831399130035,368,5804,1741,46,0,originally_observed_only,93,24,False,1072
imputation,RFECA_SVR(k=20),0.3,0,2,2.8063753453167437,1.9290298396784404,329,5804,1741,46,0,originally_observed_only,93,24,False,1072
imputation,RFECA_SVR(k=20),0.3,0,3,2.8820104449553106,2.042571497980096,363,5804,1741,46,0,originally_observed_only,94,23,False,1072
imputation,RFECA_SVR(k=20),0.3,0,4,3.3103708277140256,2.2009620299420045,353,5804,1741,46,0,originally_observed_only,94,23,False,1072
imputation,RFECA_SVR(k=20),0.3,0,5,2.371279020192242,1.773588520876789,328,5804,1741,46,0,originally_observed_only,94,23,False,1072
imputation,SimpleMean,0.3,1,1,2.6489324752779697,1.957072615520413,336,5804,1741,46,0,originally_observed_only,93,24,False,1073
imputation,SimpleMean,0.3,1,2,2.9645199541025447,2.1704036914813427,357,5804,1741,46,0,originally_observed_only,93,24,False,1073
imputation,SimpleMean,0.3,1,3,2.5629996764138454,1.9003439617062479,366,5804,1741,46,0,originally_observed_only,94,23,False,1073
imputation,SimpleMean,0.3,1,4,2.9062159960911096,2.200697573961245,346,5804,1741,46,0,originally_observed_only,94,23,False,1073
imputation,SimpleMean,0.3,1,5,2.9632858970778053,2.1509525649422154,336,5804,1741,46,0,originally_observed_only,94,23,False,1073
imputation,"KNN(k=5,dist)",0.3,1,1,2.0446881168325315,1.3942330979954456,336,5804,1741,46,0,originally_observed_only,93,24,False,1073
imputation,"KNN(k=5,dist)",0.3,1,2,2.1550525688572795,1.412226993519969,357,5804,1741,46,0,originally_observed_only,93,24,False,1073
imputation,"KNN(k=5,dist)",0.3,1,3,2.0477888313535755,1.4393378786880442,366,5804,1741,46,0,originally_observed_only,94,23,False,1073
imputation,"KNN(k=5,dist)",0.3,1,4,2.247851607770766,1.5451127224555652,346,5804,1741,46,0,originally_observed_only,94,23,False,1073
imputation,"KNN(k=5,dist)",0.3,1,5,2.339958811063228,1.507082163176036,336,5804,1741,46,0,originally_observed_only,94,23,False,1073
imputation,RFECA_SVR(k=5),0.3,1,1,2.3045569111891133,1.5928992130340511,336,5804,1741,46,0,originally_observed_only,93,24,False,1073
imputation,RFECA_SVR(k=5),0.3,1,2,2.4052706477103403,1.6088061006456758,357,5804,1741,46,0,originally_observed_only,93,24,False,1073
imputation,RFECA_SVR(k=5),0.3,1,3,2.326410949286294,1.6283443196727643,366,5804,1741,46,0,originally_observed_only,94,23,False,1073
imputation,RFECA_SVR(k=5),0.3,1,4,2.3700780905216865,1.704475979086708,346,5804,1741,46,0,originally_observed_only,94,23,False,1073
imputation,RFECA_SVR(k=5),0.3,1,5,2.441428945607661,1.6153970731571212,336,5804,1741,46,0,originally_observed_only,94,23,False,1073
imputation,RFECA_SVR(k=10),0.3,1,1,2.451083709046009,1.6485880594632643,336,5804,1741,46,0,originally_observed_only,93,24,False,1073
imputation,RFECA_SVR(k=10),0.3,1,2,2.5334680509821186,1.7230029491191527,357,5804,1741,46,0,originally_observed_only,93,24,False,1073
imputation,RFECA_SVR(k=10),0.3,1,3,2.4483085995949523,1.7206545983005574,366,5804,1741,46,0,originally_observed_only,94,23,False,1073
imputation,RFECA_SVR(k=10),0.3,1,4,2.5934757891665363,1.868662985500787,346,5804,1741,46,0,originally_observed_only,94,23,False,1073
imputation,RFECA_SVR(k=10),0.3,1,5,2.499943134405986,1.7768907862341659,336,5804,1741,46,0,originally_observed_only,94,23,False,1073
imputation,RFECA_SVR(k=20),0.3,1,1,2.9208767568741436,1.9405571486908204,336,5804,1741,46,0,originally_observed_only,93,24,False,1073
imputation,RFECA_SVR(k=20),0.3,1,2,2.7032706160142763,1.9609082971488285,357,5804,1741,46,0,originally_observed_only,93,24,False,1073
imputation,RFECA_SVR(k=20),0.3,1,3,2.8560355844557295,1.9443816981852586,366,5804,1741,46,0,originally_observed_only,94,23,False,1073
imputation,RFECA_SVR(k=20),0.3,1,4,2.731270565234919,1.9552778418815382,346,5804,1741,46,0,originally_observed_only,94,23,False,1073
imputation,RFECA_SVR(k=20),0.3,1,5,2.803522422284097,1.981180151033084,336,5804,1741,46,0,originally_observed_only,94,23,False,1073
imputation,SimpleMean,0.3,2,1,2.6529483884841203,1.9013510421313773,339,5804,1741,46,0,originally_observed_only,93,24,False,1074
imputation,SimpleMean,0.3,2,2,3.0126553285866517,2.2563726362711565,372,5804,1741,46,0,originally_observed_only,93,24,False,1074
imputation,SimpleMean,0.3,2,3,2.615455819169177,1.9169550479668014,343,5804,1741,46,0,originally_observed_only,94,23,False,1074
imputation,SimpleMean,0.3,2,4,2.945628542688287,2.260264801029151,327,5804,1741,46,0,originally_observed_only,94,23,False,1074
imputation,SimpleMean,0.3,2,5,2.861627197131767,2.1795397766428684,360,5804,1741,46,0,originally_observed_only,94,23,False,1074
imputation,"KNN(k=5,dist)",0.3,2,1,2.363581872611645,1.5144918124161764,339,5804,1741,46,0,originally_observed_only,93,24,False,1074
imputation,"KNN(k=5,dist)",0.3,2,2,2.237997277589525,1.5355757803752705,372,5804,1741,46,0,originally_observed_only,93,24,False,1074
imputation,"KNN(k=5,dist)",0.3,2,3,2.172344188488522,1.4703369099925456,343,5804,1741,46,0,originally_observed_only,94,23,False,1074
imputation,"KNN(k=5,dist)",0.3,2,4,2.1120957882033786,1.4830447066112602,327,5804,1741,46,0,originally_observed_only,94,23,False,1074
imputation,"KNN(k=5,dist)",0.3,2,5,1.946221685150814,1.3685036505811379,360,5804,1741,46,0,originally_observed_only,94,23,False,1074
imputation,RFECA_SVR(k=5),0.3,2,1,2.428144017819345,1.5844671446585665,339,5804,1741,46,0,originally_observed_only,93,24,False,1074
imputation,RFECA_SVR(k=5),0.3,2,2,2.3401337043669574,1.6316953032241437,372,5804,1741,46,0,originally_observed_only,93,24,False,1074
imputation,RFECA_SVR(k=5),0.3,2,3,2.328235102002522,1.5432480263860777,343,5804,1741,46,0,originally_observed_only,94,23,False,1074
imputation,RFECA_SVR(k=5),0.3,2,4,2.2181360967869046,1.552777897141744,327,5804,1741,46,0,originally_observed_only,94,23,False,1074
imputation,RFECA_SVR(k=5),0.3,2,5,2.525212251225518,1.6841502645910889,360,5804,1741,46,0,originally_observed_only,94,23,False,1074
imputation,RFECA_SVR(k=10),0.3,2,1,2.631029672810312,1.7512427825715609,339,5804,1741,46,0,originally_observed_only,93,24,False,1074
imputation,RFECA_SVR(k=10),0.3,2,2,2.552362865439416,1.8363997296515435,372,5804,1741,46,0,originally_observed_only,93,24,False,1074
imputation,RFECA_SVR(k=10),0.3,2,3,2.6125187619523493,1.7610929718848758,343,5804,1741,46,0,originally_observed_only,94,23,False,1074
imputation,RFECA_SVR(k=10),0.3,2,4,2.721590904558671,1.797320351618878,327,5804,1741,46,0,originally_observed_only,94,23,False,1074
imputation,RFECA_SVR(k=10),0.3,2,5,2.6286900600944403,1.7918547462864018,360,5804,1741,46,0,originally_observed_only,94,23,False,1074
imputation,RFECA_SVR(k=20),0.3,2,1,3.1522300317825764,1.9149902831964831,339,5804,1741,46,0,originally_observed_only,93,24,False,1074
imputation,RFECA_SVR(k=20),0.3,2,2,2.805388618579733,1.9822239235524397,372,5804,1741,46,0,originally_observed_only,93,24,False,1074
imputation,RFECA_SVR(k=20),0.3,2,3,2.722082143415054,1.8030171690475503,343,5804,1741,46,0,originally_observed_only,94,23,False,1074
imputation,RFECA_SVR(k=20),0.3,2,4,2.8864173563582787,2.0375566542349732,327,5804,1741,46,0,originally_observed_only,94,23,False,1074
imputation,RFECA_SVR(k=20),0.3,2,5,2.932101281815199,2.0016479240835667,360,5804,1741,46,0,originally_observed_only,94,23,False,1074
imputation,SimpleMean,0.3,3,1,2.6444603429302487,1.9943072598079779,371,5804,1741,46,0,originally_observed_only,93,24,False,1075
imputation,SimpleMean,0.3,3,2,3.101482342160724,2.3231520222556727,358,5804,1741,46,0,originally_observed_only,93,24,False,1075
imputation,SimpleMean,0.3,3,3,2.5020801288586503,1.8412510984674808,337,5804,1741,46,0,originally_observed_only,94,23,False,1075
imputation,SimpleMean,0.3,3,4,2.8987063298963403,2.20508734515271,329,5804,1741,46,0,originally_observed_only,94,23,False,1075
imputation,SimpleMean,0.3,3,5,2.913380280620625,2.049280425980585,346,5804,1741,46,0,originally_observed_only,94,23,False,1075
imputation,"KNN(k=5,dist)",0.3,3,1,2.3032124549723734,1.5853921172154455,371,5804,1741,46,0,originally_observed_only,93,24,False,1075
imputation,"KNN(k=5,dist)",0.3,3,2,2.335241213630239,1.5465390223451991,358,5804,1741,46,0,originally_observed_only,93,24,False,1075
imputation,"KNN(k=5,dist)",0.3,3,3,2.310354583631278,1.535695128461053,337,5804,1741,46,0,originally_observed_only,94,23,False,1075
imputation,"KNN(k=5,dist)",0.3,3,4,2.0209357641071186,1.4860146566814132,329,5804,1741,46,0,originally_observed_only,94,23,False,1075
imputation,"KNN(k=5,dist)",0.3,3,5,2.5585682274463353,1.5240191709927657,346,5804,1741,46,0,originally_observed_only,94,23,False,1075
imputation,RFECA_SVR(k=5),0.3,3,1,2.2330162558848277,1.5396731303312536,371,5804,1741,46,0,originally_observed_only,93,24,False,1075
imputation,RFECA_SVR(k=5),0.3,3,2,2.3806425366347974,1.6103119924259228,358,5804,1741,46,0,originally_observed_only,93,24,False,1075
imputation,RFECA_SVR(k=5),0.3,3,3,2.1665369970594344,1.4516524033322307,337,5804,1741,46,0,originally_observed_only,94,23,False,1075
imputation,RFECA_SVR(k=5),0.3,3,4,2.1694896890278503,1.5452934168201553,329,5804,1741,46,0,originally_observed_only,94,23,False,1075
imputation,RFECA_SVR(k=5),0.3,3,5,2.2227884103795024,1.501504718231512,346,5804,1741,46,0,originally_observed_only,94,23,False,1075
imputation,RFECA_SVR(k=10),0.3,3,1,2.3184015542879632,1.6804675444447967,371,5804,1741,46,0,originally_observed_only,93,24,False,1075
imputation,RFECA_SVR(k=10),0.3,3,2,2.935741762589635,1.9665731023391886,358,5804,1741,46,0,originally_observed_only,93,24,False,1075
imputation,RFECA_SVR(k=10),0.3,3,3,2.397250278411703,1.639243576742089,337,5804,1741,46,0,originally_observed_only,94,23,False,1075
imputation,RFECA_SVR(k=10),0.3,3,4,2.4832746458350705,1.764720183688034,329,5804,1741,46,0,originally_observed_only,94,23,False,1075
imputation,RFECA_SVR(k=10),0.3,3,5,2.4893983633901824,1.7024815909961986,346,5804,1741,46,0,originally_observed_only,94,23,False,1075
imputation,RFECA_SVR(k=20),0.3,3,1,2.476423603060325,1.8264629324579524,371,5804,1741,46,0,originally_observed_only,93,24,False,1075
imputation,RFECA_SVR(k=20),0.3,3,2,3.0741590398439675,2.1536450116156742,358,5804,1741,46,0,originally_observed_only,93,24,False,1075
imputation,RFECA_SVR(k=20),0.3,3,3,2.714140129020722,1.9086396805625723,337,5804,1741,46,0,originally_observed_only,94,23,False,1075
imputation,RFECA_SVR(k=20),0.3,3,4,2.760360852287627,2.001882062885201,329,5804,1741,46,0,originally_observed_only,94,23,False,1075
imputation,RFECA_SVR(k=20),0.3,3,5,2.535788483118473,1.8434000184082218,346,5804,1741,46,0,originally_observed_only,94,23,False,1075
imputation,SimpleMean,0.3,4,1,2.7332407254199844,1.9978595665316274,369,5804,1741,46,0,originally_observed_only,93,24,False,1076
imputation,SimpleMean,0.3,4,2,2.7740721434161326,2.0921571564636503,378,5804,1741,46,0,originally_observed_only,93,24,False,1076
imputation,SimpleMean,0.3,4,3,2.3941060612058243,1.7843583120705186,350,5804,1741,46,0,originally_observed_only,94,23,False,1076
imputation,SimpleMean,0.3,4,4,3.0020025177202148,2.255575845303312,344,5804,1741,46,0,originally_observed_only,94,23,False,1076
imputation,SimpleMean,0.3,4,5,2.926250410489991,2.2144571658671075,300,5804,1741,46,0,originally_observed_only,94,23,False,1076
imputation,"KNN(k=5,dist)",0.3,4,1,2.1183337528737165,1.4036809485105326,369,5804,1741,46,0,originally_observed_only,93,24,False,1076
imputation,"KNN(k=5,dist)",0.3,4,2,1.9375791675515808,1.3563557628856147,378,5804,1741,46,0,originally_observed_only,93,24,False,1076
imputation,"KNN(k=5,dist)",0.3,4,3,1.8449791730193414,1.317118509068595,350,5804,1741,46,0,originally_observed_only,94,23,False,1076
imputation,"KNN(k=5,dist)",0.3,4,4,2.2358357372146362,1.544099702420388,344,5804,1741,46,0,originally_observed_only,94,23,False,1076
imputation,"KNN(k=5,dist)",0.3,4,5,2.047124250408682,1.4927494752339583,300,5804,1741,46,0,originally_observed_only,94,23,False,1076
imputation,RFECA_SVR(k=5),0.3,4,1,2.3856093047186455,1.6231241920788275,369,5804,1741,46,0,originally_observed_only,93,24,False,1076
imputation,RFECA_SVR(k=5),0.3,4,2,2.3730012755600507,1.649422880122822,378,5804,1741,46,0,originally_observed_only,93,24,False,1076
imputation,RFECA_SVR(k=5),0.3,4,3,2.09063099771599,1.3611157943529328,350,5804,1741,46,0,originally_observed_only,94,23,False,1076
imputation,RFECA_SVR(k=5),0.3,4,4,2.3469494886250564,1.6712163900647026,344,5804,1741,46,0,originally_observed_only,94,23,False,1076
imputation,RFECA_SVR(k=5),0.3,4,5,2.1320323558266288,1.5569972192510675,300,5804,1741,46,0,originally_observed_only,94,23,False,1076
imputation,RFECA_SVR(k=10),0.3,4,1,2.7133404677371575,1.8271411398120223,369,5804,1741,46,0,originally_observed_only,93,24,False,1076
imputation,RFECA_SVR(k=10),0.3,4,2,2.9362663100258777,1.9579241403054743,378,5804,1741,46,0,originally_observed_only,93,24,False,1076
imputation,RFECA_SVR(k=10),0.3,4,3,2.3490468592840075,1.5716071878870987,350,5804,1741,46,0,originally_observed_only,94,23,False,1076
imputation,RFECA_SVR(k=10),0.3,4,4,2.4586485520421113,1.7447952604889756,344,5804,1741,46,0,originally_observed_only,94,23,False,1076
imputation,RFECA_SVR(k=10),0.3,4,5,2.1672238952926977,1.5656669861049461,300,5804,1741,46,0,originally_observed_only,94,23,False,1076
imputation,RFECA_SVR(k=20),0.3,4,1,2.8898016799879738,1.9132249325746313,369,5804,1741,46,0,originally_observed_only,93,24,False,1076
imputation,RFECA_SVR(k=20),0.3,4,2,2.672150846335647,1.9493886995311671,378,5804,1741,46,0,originally_observed_only,93,24,False,1076
imputation,RFECA_SVR(k=20),0.3,4,3,2.5036128216599067,1.7596913638029148,350,5804,1741,46,0,originally_observed_only,94,23,False,1076
imputation,RFECA_SVR(k=20),0.3,4,4,3.218017359633914,2.180664918017955,344,5804,1741,46,0,originally_observed_only,94,23,False,1076
imputation,RFECA_SVR(k=20),0.3,4,5,2.4713470658753542,1.8032529349879984,300,5804,1741,46,0,originally_observed_only,94,23,False,1076
imputation,SimpleMean,0.3,5,1,2.268297316613688,1.7272485241889073,334,5804,1741,46,0,originally_observed_only,93,24,False,1077
imputation,SimpleMean,0.3,5,2,2.5488579268442546,1.926330053052773,365,5804,1741,46,0,originally_observed_only,93,24,False,1077
imputation,SimpleMean,0.3,5,3,2.706488890416072,1.9524677106439694,341,5804,1741,46,0,originally_observed_only,94,23,False,1077
imputation,SimpleMean,0.3,5,4,3.065495583324168,2.3292834300926013,344,5804,1741,46,0,originally_observed_only,94,23,False,1077
imputation,SimpleMean,0.3,5,5,2.6141821959688825,1.8915072304880758,357,5804,1741,46,0,originally_observed_only,94,23,False,1077
imputation,"KNN(k=5,dist)",0.3,5,1,1.9248404470305378,1.4106931314691613,334,5804,1741,46,0,originally_observed_only,93,24,False,1077
imputation,"KNN(k=5,dist)",0.3,5,2,1.9055240709293115,1.2997492461835887,365,5804,1741,46,0,originally_observed_only,93,24,False,1077
imputation,"KNN(k=5,dist)",0.3,5,3,2.094310281413871,1.3929975695042207,341,5804,1741,46,0,originally_observed_only,94,23,False,1077
imputation,"KNN(k=5,dist)",0.3,5,4,2.3269935598998726,1.6232795320029425,344,5804,1741,46,0,originally_observed_only,94,23,False,1077
imputation,"KNN(k=5,dist)",0.3,5,5,2.08475950755016,1.386625905351354,357,5804,1741,46,0,originally_observed_only,94,23,False,1077
imputation,RFECA_SVR(k=5),0.3,5,1,1.8829941013958091,1.4065599440111947,334,5804,1741,46,0,originally_observed_only,93,24,False,1077
imputation,RFECA_SVR(k=5),0.3,5,2,2.3788956175683595,1.6279256988350377,365,5804,1741,46,0,originally_observed_only,93,24,False,1077
imputation,RFECA_SVR(k=5),0.3,5,3,2.308949073192232,1.5578354941306247,341,5804,1741,46,0,originally_observed_only,94,23,False,1077
imputation,RFECA_SVR(k=5),0.3,5,4,2.5566709225848405,1.797442531690628,344,5804,1741,46,0,originally_observed_only,94,23,False,1077
imputation,RFECA_SVR(k=5),0.3,5,5,2.173849482332549,1.5591173762011523,357,5804,1741,46,0,originally_observed_only,94,23,False,1077
imputation,RFECA_SVR(k=10),0.3,5,1,2.363812799092327,1.595824040234047,334,5804,1741,46,0,originally_observed_only,93,24,False,1077
imputation,RFECA_SVR(k=10),0.3,5,2,2.5691878181300556,1.80068356639667,365,5804,1741,46,0,originally_observed_only,93,24,False,1077
imputation,RFECA_SVR(k=10),0.3,5,3,3.9323697647704394,2.018704276801021,341,5804,1741,46,0,originally_observed_only,94,23,False,1077
imputation,RFECA_SVR(k=10),0.3,5,4,2.5057311331083714,1.786182767578728,344,5804,1741,46,0,originally_observed_only,94,23,False,1077
imputation,RFECA_SVR(k=10),0.3,5,5,2.1760813699472643,1.5783677035855717,357,5804,1741,46,0,originally_observed_only,94,23,False,1077
imputation,RFECA_SVR(k=20),0.3,5,1,2.4945706091735103,1.7907791657666883,334,5804,1741,46,0,originally_observed_only,93,24,False,1077
imputation,RFECA_SVR(k=20),0.3,5,2,2.7806416979812387,1.9468494931602436,365,5804,1741,46,0,originally_observed_only,93,24,False,1077
imputation,RFECA_SVR(k=20),0.3,5,3,3.4907154214254237,2.2821455382914917,341,5804,1741,46,0,originally_observed_only,94,23,False,1077
imputation,RFECA_SVR(k=20),0.3,5,4,3.014234541966247,2.1429231095384678,344,5804,1741,46,0,originally_observed_only,94,23,False,1077
imputation,RFECA_SVR(k=20),0.3,5,5,2.5321737886911095,1.799419771858236,357,5804,1741,46,0,originally_observed_only,94,23,False,1077
imputation,SimpleMean,0.3,6,1,2.6678933550404174,1.945496328778051,358,5804,1741,46,0,originally_observed_only,93,24,False,1078
imputation,SimpleMean,0.3,6,2,2.8876590213501645,2.1944198534096664,374,5804,1741,46,0,originally_observed_only,93,24,False,1078
imputation,SimpleMean,0.3,6,3,2.544334223371887,1.8082167465997419,368,5804,1741,46,0,originally_observed_only,94,23,False,1078
imputation,SimpleMean,0.3,6,4,2.8352783399687516,2.1211205872506618,339,5804,1741,46,0,originally_observed_only,94,23,False,1078
imputation,SimpleMean,0.3,6,5,2.8042534306751126,2.1312434523795,302,5804,1741,46,0,originally_observed_only,94,23,False,1078
imputation,"KNN(k=5,dist)",0.3,6,1,2.1821507134653477,1.436163595238702,358,5804,1741,46,0,originally_observed_only,93,24,False,1078
imputation,"KNN(k=5,dist)",0.3,6,2,2.196459666241626,1.4601268579688733,374,5804,1741,46,0,originally_observed_only,93,24,False,1078
imputation,"KNN(k=5,dist)",0.3,6,3,1.749755875529502,1.2469947809732214,368,5804,1741,46,0,originally_observed_only,94,23,False,1078
imputation,"KNN(k=5,dist)",0.3,6,4,2.225025375235582,1.555475804013433,339,5804,1741,46,0,originally_observed_only,94,23,False,1078
imputation,"KNN(k=5,dist)",0.3,6,5,2.207953692917773,1.4785669355185125,302,5804,1741,46,0,originally_observed_only,94,23,False,1078
imputation,RFECA_SVR(k=5),0.3,6,1,2.432532420204105,1.6372448484727242,358,5804,1741,46,0,originally_observed_only,93,24,False,1078
imputation,RFECA_SVR(k=5),0.3,6,2,2.3008601493320686,1.5118783877289899,374,5804,1741,46,0,originally_observed_only,93,24,False,1078
imputation,RFECA_SVR(k=5),0.3,6,3,2.105578999488633,1.4034001317355251,368,5804,1741,46,0,originally_observed_only,94,23,False,1078
imputation,RFECA_SVR(k=5),0.3,6,4,2.365989497421535,1.698666656570805,339,5804,1741,46,0,originally_observed_only,94,23,False,1078
imputation,RFECA_SVR(k=5),0.3,6,5,2.2394558192381018,1.4837197207701036,302,5804,1741,46,0,originally_observed_only,94,23,False,1078
imputation,RFECA_SVR(k=10),0.3,6,1,2.4134602123439883,1.6156589358460962,358,5804,1741,46,0,originally_observed_only,93,24,False,1078
imputation,RFECA_SVR(k=10),0.3,6,2,2.5202319614435034,1.6942460796878014,374,5804,1741,46,0,originally_observed_only,93,24,False,1078
imputation,RFECA_SVR(k=10),0.3,6,3,2.4967709785570413,1.7246831753672145,368,5804,1741,46,0,originally_observed_only,94,23,False,1078
imputation,RFECA_SVR(k=10),0.3,6,4,2.5762426705055166,1.8419954293702174,339,5804,1741,46,0,originally_observed_only,94,23,False,1078
imputation,RFECA_SVR(k=10),0.3,6,5,2.3982921751337485,1.5585500012024724,302,5804,1741,46,0,originally_observed_only,94,23,False,1078
imputation,RFECA_SVR(k=20),0.3,6,1,2.6826282880968,1.7632039204725476,358,5804,1741,46,0,originally_observed_only,93,24,False,1078
imputation,RFECA_SVR(k=20),0.3,6,2,2.940977842368567,2.039686851837023,374,5804,1741,46,0,originally_observed_only,93,24,False,1078
imputation,RFECA_SVR(k=20),0.3,6,3,2.9210576520383777,1.9156856292347175,368,5804,1741,46,0,originally_observed_only,94,23,False,1078
imputation,RFECA_SVR(k=20),0.3,6,4,2.687728457490989,1.9856872122958196,339,5804,1741,46,0,originally_observed_only,94,23,False,1078
imputation,RFECA_SVR(k=20),0.3,6,5,2.8211503065157264,1.8451980069494895,302,5804,1741,46,0,originally_observed_only,94,23,False,1078
imputation,SimpleMean,0.3,7,1,2.460707808146978,1.8115699227259552,361,5804,1741,46,0,originally_observed_only,93,24,False,1079
imputation,SimpleMean,0.3,7,2,2.901106947232678,2.1911938494433767,364,5804,1741,46,0,originally_observed_only,93,24,False,1079
imputation,SimpleMean,0.3,7,3,2.4175789839711355,1.8280060916968237,342,5804,1741,46,0,originally_observed_only,94,23,False,1079
imputation,SimpleMean,0.3,7,4,3.1313729657408342,2.360535419883043,310,5804,1741,46,0,originally_observed_only,94,23,False,1079
imputation,SimpleMean,0.3,7,5,2.980962033655781,2.1622116923584915,364,5804,1741,46,0,originally_observed_only,94,23,False,1079
imputation,"KNN(k=5,dist)",0.3,7,1,2.0130397856983477,1.3808086772516948,361,5804,1741,46,0,originally_observed_only,93,24,False,1079
imputation,"KNN(k=5,dist)",0.3,7,2,2.199068751774881,1.5691172474173176,364,5804,1741,46,0,originally_observed_only,93,24,False,1079
imputation,"KNN(k=5,dist)",0.3,7,3,1.8430174297362802,1.3523774450819501,342,5804,1741,46,0,originally_observed_only,94,23,False,1079
imputation,"KNN(k=5,dist)",0.3,7,4,2.4165081102647443,1.7208663371606874,310,5804,1741,46,0,originally_observed_only,94,23,False,1079
imputation,"KNN(k=5,dist)",0.3,7,5,2.1203466314174335,1.4185947703022659,364,5804,1741,46,0,originally_observed_only,94,23,False,1079
imputation,RFECA_SVR(k=5),0.3,7,1,2.146816527761043,1.473568687012182,361,5804,1741,46,0,originally_observed_only,93,24,False,1079
imputation,RFECA_SVR(k=5),0.3,7,2,2.4733432769914603,1.7182863854833061,364,5804,1741,46,0,originally_observed_only,93,24,False,1079
imputation,RFECA_SVR(k=5),0.3,7,3,2.1268278401690224,1.4172882788245054,342,5804,1741,46,0,originally_observed_only,94,23,False,1079
imputation,RFECA_SVR(k=5),0.3,7,4,2.4998718425843043,1.7570343301087457,310,5804,1741,46,0,originally_observed_only,94,23,False,1079
imputation,RFECA_SVR(k=5),0.3,7,5,2.4229499936262666,1.6808061226683366,364,5804,1741,46,0,originally_observed_only,94,23,False,1079
imputation,RFECA_SVR(k=10),0.3,7,1,2.8921779825066034,1.7671601673204747,361,5804,1741,46,0,originally_observed_only,93,24,False,1079
imputation,RFECA_SVR(k=10),0.3,7,2,2.7713592421493995,1.8972212225205043,364,5804,1741,46,0,originally_observed_only,93,24,False,1079
imputation,RFECA_SVR(k=10),0.3,7,3,2.3939679975202357,1.6118449769773338,342,5804,1741,46,0,originally_observed_only,94,23,False,1079
imputation,RFECA_SVR(k=10),0.3,7,4,2.6092357050865815,1.8101130655528366,310,5804,1741,46,0,originally_observed_only,94,23,False,1079
imputation,RFECA_SVR(k=10),0.3,7,5,2.49761499867451,1.7696241317852863,364,5804,1741,46,0,originally_observed_only,94,23,False,1079
imputation,RFECA_SVR(k=20),0.3,7,1,2.6577907295246295,1.800105251756372,361,5804,1741,46,0,originally_observed_only,93,24,False,1079
imputation,RFECA_SVR(k=20),0.3,7,2,2.898963755111597,2.016806763897196,364,5804,1741,46,0,originally_observed_only,93,24,False,1079
imputation,RFECA_SVR(k=20),0.3,7,3,2.693284089172316,1.7922251389136483,342,5804,1741,46,0,originally_observed_only,94,23,False,1079
imputation,RFECA_SVR(k=20),0.3,7,4,3.1343438809674184,2.1832763183020676,310,5804,1741,46,0,originally_observed_only,94,23,False,1079
imputation,RFECA_SVR(k=20),0.3,7,5,2.566977601156729,1.8494589604608045,364,5804,1741,46,0,originally_observed_only,94,23,False,1079
imputation,SimpleMean,0.3,8,1,2.4945654783580395,1.835184724867101,345,5804,1741,46,0,originally_observed_only,93,24,False,1080
imputation,SimpleMean,0.3,8,2,2.890871162600506,2.1739910162504,366,5804,1741,46,0,originally_observed_only,93,24,False,1080
imputation,SimpleMean,0.3,8,3,2.523909458913357,1.8591706071837915,322,5804,1741,46,0,originally_observed_only,94,23,False,1080
imputation,SimpleMean,0.3,8,4,3.003269233285682,2.259690830262666,364,5804,1741,46,0,originally_observed_only,94,23,False,1080
imputation,SimpleMean,0.3,8,5,2.8942437308100435,2.156995311755187,344,5804,1741,46,0,originally_observed_only,94,23,False,1080
imputation,"KNN(k=5,dist)",0.3,8,1,2.066963198219671,1.332488567445432,345,5804,1741,46,0,originally_observed_only,93,24,False,1080
imputation,"KNN(k=5,dist)",0.3,8,2,2.2700826597258557,1.501617879272946,366,5804,1741,46,0,originally_observed_only,93,24,False,1080
imputation,"KNN(k=5,dist)",0.3,8,3,1.8455157367086226,1.2842044399449646,322,5804,1741,46,0,originally_observed_only,94,23,False,1080
imputation,"KNN(k=5,dist)",0.3,8,4,2.32385723935613,1.579930272740042,364,5804,1741,46,0,originally_observed_only,94,23,False,1080
imputation,"KNN(k=5,dist)",0.3,8,5,2.170993128737835,1.4994433904862285,344,5804,1741,46,0,originally_observed_only,94,23,False,1080
imputation,RFECA_SVR(k=5),0.3,8,1,2.10733525373891,1.3870054305972042,345,5804,1741,46,0,originally_observed_only,93,24,False,1080
imputation,RFECA_SVR(k=5),0.3,8,2,2.551705281521772,1.7172439718552972,366,5804,1741,46,0,originally_observed_only,93,24,False,1080
imputation,RFECA_SVR(k=5),0.3,8,3,1.9406797055267357,1.3505168312987854,322,5804,1741,46,0,originally_observed_only,94,23,False,1080
imputation,RFECA_SVR(k=5),0.3,8,4,2.3551280772585788,1.6793094498625685,364,5804,1741,46,0,originally_observed_only,94,23,False,1080
imputation,RFECA_SVR(k=5),0.3,8,5,2.414050800884709,1.6770171878937337,344,5804,1741,46,0,originally_observed_only,94,23,False,1080
imputation,RFECA_SVR(k=10),0.3,8,1,2.2586207579507365,1.4943144599353924,345,5804,1741,46,0,originally_observed_only,93,24,False,1080
imputation,RFECA_SVR(k=10),0.3,8,2,2.737582135293319,1.795520173050353,366,5804,1741,46,0,originally_observed_only,93,24,False,1080
imputation,RFECA_SVR(k=10),0.3,8,3,2.1701671481439413,1.5711918460783567,322,5804,1741,46,0,originally_observed_only,94,23,False,1080
imputation,RFECA_SVR(k=10),0.3,8,4,2.6054465734144605,1.8183278040925985,364,5804,1741,46,0,originally_observed_only,94,23,False,1080
imputation,RFECA_SVR(k=10),0.3,8,5,2.5506879553437183,1.8296113324607317,344,5804,1741,46,0,originally_observed_only,94,23,False,1080
imputation,RFECA_SVR(k=20),0.3,8,1,2.378150222837191,1.6739930212185459,345,5804,1741,46,0,originally_observed_only,93,24,False,1080
imputation,RFECA_SVR(k=20),0.3,8,2,2.94632236297618,1.971979331750805,366,5804,1741,46,0,originally_observed_only,93,24,False,1080
imputation,RFECA_SVR(k=20),0.3,8,3,2.42890434328145,1.835436905452278,322,5804,1741,46,0,originally_observed_only,94,23,False,1080
imputation,RFECA_SVR(k=20),0.3,8,4,3.2147871789744897,2.22948180732218,364,5804,1741,46,0,originally_observed_only,94,23,False,1080
imputation,RFECA_SVR(k=20),0.3,8,5,2.841034559451303,2.0825815008070347,344,5804,1741,46,0,originally_observed_only,94,23,False,1080
imputation,SimpleMean,0.3,9,1,2.8665073688756832,2.0489427509517566,357,5804,1741,46,0,originally_observed_only,93,24,False,1081
imputation,SimpleMean,0.3,9,2,3.1052918386938217,2.247275676679349,344,5804,1741,46,0,originally_observed_only,93,24,False,1081
imputation,SimpleMean,0.3,9,3,2.666211998169951,1.9347746379348552,351,5804,1741,46,0,originally_observed_only,94,23,False,1081
imputation,SimpleMean,0.3,9,4,3.004572654802207,2.2444009465743084,330,5804,1741,46,0,originally_observed_only,94,23,False,1081
imputation,SimpleMean,0.3,9,5,2.5941494062936536,1.9426512956523783,359,5804,1741,46,0,originally_observed_only,94,23,False,1081
imputation,"KNN(k=5,dist)",0.3,9,1,2.389741814018077,1.5991048459631187,357,5804,1741,46,0,originally_observed_only,93,24,False,1081
imputation,"KNN(k=5,dist)",0.3,9,2,2.4190179762747746,1.6092331973255918,344,5804,1741,46,0,originally_observed_only,93,24,False,1081
imputation,"KNN(k=5,dist)",0.3,9,3,2.14670989357475,1.4157111758161576,351,5804,1741,46,0,originally_observed_only,94,23,False,1081
imputation,"KNN(k=5,dist)",0.3,9,4,2.3773163752053494,1.668603240826453,330,5804,1741,46,0,originally_observed_only,94,23,False,1081
imputation,"KNN(k=5,dist)",0.3,9,5,1.932353661101452,1.352952853273206,359,5804,1741,46,0,originally_observed_only,94,23,False,1081
imputation,RFECA_SVR(k=5),0.3,9,1,2.634545783515916,1.6812791508996512,357,5804,1741,46,0,originally_observed_only,93,24,False,1081
imputation,RFECA_SVR(k=5),0.3,9,2,2.385460820848228,1.7142216986995322,344,5804,1741,46,0,originally_observed_only,93,24,False,1081
imputation,RFECA_SVR(k=5),0.3,9,3,2.163294140666335,1.5177557031989102,351,5804,1741,46,0,originally_observed_only,94,23,False,1081
imputation,RFECA_SVR(k=5),0.3,9,4,2.715686850666575,1.8907736779074749,330,5804,1741,46,0,originally_observed_only,94,23,False,1081
imputation,RFECA_SVR(k=5),0.3,9,5,2.320311050069468,1.6202646055886984,359,5804,1741,46,0,originally_observed_only,94,23,False,1081
imputation,RFECA_SVR(k=10),0.3,9,1,2.8495683172179564,1.9220980261581497,357,5804,1741,46,0,originally_observed_only,93,24,False,1081
imputation,RFECA_SVR(k=10),0.3,9,2,2.683621984847675,1.878036931282056,344,5804,1741,46,0,originally_observed_only,93,24,False,1081
imputation,RFECA_SVR(k=10),0.3,9,3,2.527956374711421,1.7179188351757737,351,5804,1741,46,0,originally_observed_only,94,23,False,1081
imputation,RFECA_SVR(k=10),0.3,9,4,2.7295860376370813,1.9074606173767024,330,5804,1741,46,0,originally_observed_only,94,23,False,1081
imputation,RFECA_SVR(k=10),0.3,9,5,2.3512872362603554,1.6209592086862301,359,5804,1741,46,0,originally_observed_only,94,23,False,1081
imputation,RFECA_SVR(k=20),0.3,9,1,3.073493955169889,2.016388872103434,357,5804,1741,46,0,originally_observed_only,93,24,False,1081
imputation,RFECA_SVR(k=20),0.3,9,2,3.1472400342211047,2.167267583694539,344,5804,1741,46,0,originally_observed_only,93,24,False,1081
imputation,RFECA_SVR(k=20),0.3,9,3,3.084262904456768,2.0495725298884295,351,5804,1741,46,0,originally_observed_only,94,23,False,1081
imputation,RFECA_SVR(k=20),0.3,9,4,2.9206931921351424,2.045062461801018,330,5804,1741,46,0,originally_observed_only,94,23,False,1081
imputation,RFECA_SVR(k=20),0.3,9,5,2.822226083766257,2.0171707986734497,359,5804,1741,46,0,originally_observed_only,94,23,False,1081
