cohort,mechanism,missing_rate,metric,higher_is_better,method_a,method_b,mean_a,mean_b,delta_a_minus_b,delta_ci95_low,delta_ci95_high,wilcoxon_stat,p_value,rank_biserial_r,n_pairs,n_boot,note,p_holm
discovery,mcar,0.05,f1_macro,True,SimpleMean,"KNN(k=5,dist)",0.923444767792594,0.9245413077260902,-0.0010965399334964,-0.0108748141351402,0.0087340873800112,27.0,1.0,0.0181818181818181,10,5000,,1.0
discovery,mcar,0.05,f1_macro,True,SimpleMean,RFECA_SVR(k=5),0.923444767792594,0.922263169197952,0.001181598594642,-0.0120287470983123,0.0135129250580337,14.0,0.640625,0.2222222222222222,10,5000,,1.0
discovery,mcar,0.05,f1_macro,True,SimpleMean,RFECA_SVR(k=10),0.923444767792594,0.9195475816454076,0.0038971861471861,-0.0039492659514398,0.011580127752682,20.0,0.4921875,0.2727272727272727,10,5000,,1.0
discovery,mcar,0.05,f1_macro,True,SimpleMean,RFECA_SVR(k=20),0.923444767792594,0.9186194493911886,0.0048253184014053,-0.0054477268806073,0.0159787423928728,20.0,0.4921875,0.2727272727272727,10,5000,,1.0
discovery,mcar,0.05,f1_macro,True,SimpleMean,MissForest,0.923444767792594,0.9223843028951724,0.0010604648974214,-0.0120144688343057,0.0135754270186335,20.0,0.8203125,0.1111111111111111,10,5000,,1.0
discovery,mcar,0.05,f1_macro,True,"KNN(k=5,dist)",RFECA_SVR(k=5),0.9245413077260902,0.922263169197952,0.0022781385281384,-0.0080679994824016,0.0117008316864294,19.0,0.734375,0.1555555555555555,10,5000,,1.0
discovery,mcar,0.05,f1_macro,True,"KNN(k=5,dist)",RFECA_SVR(k=10),0.9245413077260902,0.9195475816454076,0.0049937260806825,-0.004583896809712,0.014306993067319,19.0,0.431640625,0.3090909090909091,10,5000,,1.0
discovery,mcar,0.05,f1_macro,True,"KNN(k=5,dist)",RFECA_SVR(k=20),0.9245413077260902,0.9186194493911886,0.0059218583349017,-0.0034735624882364,0.015077499372608,14.0,0.359375,0.3777777777777777,10,5000,,1.0
discovery,mcar,0.05,f1_macro,True,"KNN(k=5,dist)",MissForest,0.9245413077260902,0.9223843028951724,0.0021570048309178,-0.007506167654809,0.0109018574722378,21.0,0.556640625,0.2363636363636363,10,5000,,1.0
discovery,mcar,0.05,f1_macro,True,RFECA_SVR(k=5),RFECA_SVR(k=10),0.922263169197952,0.9195475816454076,0.002715587552544,-0.0102359291674509,0.0153404087458435,25.0,0.845703125,0.0909090909090909,10,5000,,1.0
discovery,mcar,0.05,f1_macro,True,RFECA_SVR(k=5),RFECA_SVR(k=20),0.922263169197952,0.9186194493911886,0.0036437198067632,-0.005970992141916,0.013257334211682,16.5,0.51171875,0.2888888888888888,10,5000,,1.0
discovery,mcar,0.05,f1_macro,True,RFECA_SVR(k=5),MissForest,0.922263169197952,0.9223843028951724,-0.0001211336972206,-0.0094126329286655,0.0098712262375305,17.0,0.9453125,-0.0555555555555555,10,5000,,1.0
discovery,mcar,0.05,f1_macro,True,RFECA_SVR(k=10),RFECA_SVR(k=20),0.9195475816454076,0.9186194493911886,0.0009281322542192,-0.0109785220214568,0.0140069993412385,26.0,0.921875,0.0545454545454545,10,5000,,1.0
discovery,mcar,0.05,f1_macro,True,RFECA_SVR(k=10),MissForest,0.9195475816454076,0.9223843028951724,-0.0028367212497647,-0.0132258250203902,0.0085853151075977,25.0,0.845703125,-0.0909090909090908,10,5000,,1.0
discovery,mcar,0.05,f1_macro,True,RFECA_SVR(k=20),MissForest,0.9186194493911886,0.9223843028951724,-0.0037648535039839,-0.0152247592383461,0.0065403628678085,15.0,0.42578125,-0.3333333333333332,10,5000,,1.0
discovery,mcar,0.1,f1_macro,True,SimpleMean,"KNN(k=5,dist)",0.9172617594965422,0.9250435506522464,-0.0077817911557042,-0.0155916123007427,-0.0003456132756133,8.0,0.1953125,-0.5555555555555556,10,5000,,1.0
discovery,mcar,0.1,f1_macro,True,SimpleMean,RFECA_SVR(k=5),0.9172617594965422,0.9176499720086676,-0.0003882125121255,-0.013595064681695,0.012776681488801,27.0,1.0,0.0181818181818181,10,5000,,1.0
discovery,mcar,0.1,f1_macro,True,SimpleMean,RFECA_SVR(k=10),0.9172617594965422,0.9101142379359772,0.007147521560565,-0.0064342013602339,0.0231489674094021,15.0,0.42578125,0.3333333333333333,10,5000,,1.0
discovery,mcar,0.1,f1_macro,True,SimpleMean,RFECA_SVR(k=20),0.9172617594965422,0.9181455018411538,-0.0008837423446119,-0.0132832809883353,0.0112128272633163,26.0,0.921875,-0.0545454545454544,10,5000,,1.0
discovery,mcar,0.1,f1_macro,True,SimpleMean,MissForest,0.9172617594965422,0.9184111521328912,-0.0011493926363491,-0.0150637838610664,0.0127582385187276,25.0,0.845703125,-0.0909090909090908,10,5000,,1.0
discovery,mcar,0.1,f1_macro,True,"KNN(k=5,dist)",RFECA_SVR(k=5),0.9250435506522464,0.9176499720086676,0.0073935786435786,-0.0038061625572494,0.019595054583098,18.0,0.375,0.3454545454545454,10,5000,,1.0
discovery,mcar,0.1,f1_macro,True,"KNN(k=5,dist)",RFECA_SVR(k=10),0.9250435506522464,0.9101142379359772,0.0149293127162692,0.0040426661744053,0.0266515459178502,5.0,0.0390625,0.7777777777777778,10,5000,,0.5859375
discovery,mcar,0.1,f1_macro,True,"KNN(k=5,dist)",RFECA_SVR(k=20),0.9250435506522464,0.9181455018411538,0.0068980488110922,-0.0001676293211619,0.0149483762312566,14.0,0.193359375,0.4909090909090909,10,5000,,1.0
discovery,mcar,0.1,f1_macro,True,"KNN(k=5,dist)",MissForest,0.9250435506522464,0.9184111521328912,0.006632398519355,-0.0062562378442812,0.0198882247161051,20.0,0.4921875,0.2727272727272727,10,5000,,1.0
discovery,mcar,0.1,f1_macro,True,RFECA_SVR(k=5),RFECA_SVR(k=10),0.9176499720086676,0.9101142379359772,0.0075357340726905,-0.0040920021645021,0.0199795835143117,14.0,0.359375,0.3777777777777777,10,5000,,1.0
discovery,mcar,0.1,f1_macro,True,RFECA_SVR(k=5),RFECA_SVR(k=20),0.9176499720086676,0.9181455018411538,-0.0004955298324863,-0.008872968034381,0.0071394860875838,26.0,0.921875,-0.0545454545454544,10,5000,,1.0
discovery,mcar,0.1,f1_macro,True,RFECA_SVR(k=5),MissForest,0.9176499720086676,0.9184111521328912,-0.0007611801242236,-0.0081985863291297,0.0059749086360499,15.0,0.7421875,-0.1666666666666667,10,5000,,1.0
discovery,mcar,0.1,f1_macro,True,RFECA_SVR(k=10),RFECA_SVR(k=20),0.9101142379359772,0.9181455018411538,-0.0080312639051769,-0.0159268855962877,-0.0004752953145887,9.0,0.12890625,-0.6000000000000001,10,5000,,1.0
discovery,mcar,0.1,f1_macro,True,RFECA_SVR(k=10),MissForest,0.9101142379359772,0.9184111521328912,-0.0082969141969141,-0.0171769289406245,0.000479959225557,6.0,0.109375,-0.6666666666666667,10,5000,,1.0
discovery,mcar,0.1,f1_macro,True,RFECA_SVR(k=20),MissForest,0.9181455018411538,0.9184111521328912,-0.0002656502917372,-0.0086389685676642,0.0077047764916243,22.0,1.0,-0.0222222222222221,10,5000,,1.0
discovery,mcar,0.2,f1_macro,True,SimpleMean,"KNN(k=5,dist)",0.8913581700907788,0.9122281597629424,-0.0208699896721636,-0.0380674225894877,-0.0043586881717316,7.0,0.07421875,-0.6888888888888889,10,5000,,0.96484375
discovery,mcar,0.2,f1_macro,True,SimpleMean,RFECA_SVR(k=5),0.8913581700907788,0.8989780446606535,-0.0076198745698745,-0.0262541969684904,0.0108304892148914,18.0,0.375,-0.3454545454545454,10,5000,,1.0
discovery,mcar,0.2,f1_macro,True,SimpleMean,RFECA_SVR(k=10),0.8913581700907788,0.8916600081078343,-0.0003018380170554,-0.0143448567615959,0.0141343135306722,27.0,1.0,-0.018181818181818,10,5000,,1.0
discovery,mcar,0.2,f1_macro,True,SimpleMean,RFECA_SVR(k=20),0.8913581700907788,0.8938904054882315,-0.0025322353974527,-0.0249299772811729,0.021690027762093,26.0,0.921875,-0.0545454545454544,10,5000,,1.0
discovery,mcar,0.2,f1_macro,True,SimpleMean,MissForest,0.8913581700907788,0.9083100667448492,-0.0169518966540705,-0.0399873885836385,0.0065889600737427,16.0,0.275390625,-0.4181818181818182,10,5000,,1.0
discovery,mcar,0.2,f1_macro,True,"KNN(k=5,dist)",RFECA_SVR(k=5),0.9122281597629424,0.8989780446606535,0.013250115102289,-0.0085511240993305,0.0331015523606827,15.0,0.232421875,0.4545454545454546,10,5000,,1.0
discovery,mcar,0.2,f1_macro,True,"KNN(k=5,dist)",RFECA_SVR(k=10),0.9122281597629424,0.8916600081078343,0.0205681516551081,0.0040802003371024,0.0345454995306625,10.0,0.083984375,0.6363636363636364,10,5000,,1.0
discovery,mcar,0.2,f1_macro,True,"KNN(k=5,dist)",RFECA_SVR(k=20),0.9122281597629424,0.8938904054882315,0.0183377542747108,-0.0001656042266911,0.0375761402848359,12.0,0.130859375,0.5636363636363637,10,5000,,1.0
discovery,mcar,0.2,f1_macro,True,"KNN(k=5,dist)",MissForest,0.9122281597629424,0.9083100667448492,0.003918093018093,-0.0130571248920162,0.0204048239622696,22.0,0.625,0.1999999999999999,10,5000,,1.0
discovery,mcar,0.2,f1_macro,True,RFECA_SVR(k=5),RFECA_SVR(k=10),0.8989780446606535,0.8916600081078343,0.0073180365528191,-0.0019268827488936,0.0180374080629515,12.0,0.25,0.4666666666666667,10,5000,,1.0
discovery,mcar,0.2,f1_macro,True,RFECA_SVR(k=5),RFECA_SVR(k=20),0.8989780446606535,0.8938904054882315,0.0050876391724217,-0.0141093577135425,0.0242034162516227,23.0,0.6953125,0.1636363636363637,10,5000,,1.0
discovery,mcar,0.2,f1_macro,True,RFECA_SVR(k=5),MissForest,0.8989780446606535,0.9083100667448492,-0.009332022084196,-0.0240089111371719,0.0047202919483896,17.0,0.322265625,-0.3818181818181818,10,5000,,1.0
discovery,mcar,0.2,f1_macro,True,RFECA_SVR(k=10),RFECA_SVR(k=20),0.8916600081078343,0.8938904054882315,-0.0022303973803973,-0.0164372518423605,0.0140675709013208,21.0,0.556640625,-0.2363636363636363,10,5000,,1.0
discovery,mcar,0.2,f1_macro,True,RFECA_SVR(k=10),MissForest,0.8916600081078343,0.9083100667448492,-0.0166500586370151,-0.0291744075610379,-0.0039773514408297,8.0,0.048828125,-0.709090909090909,10,5000,,0.732421875
discovery,mcar,0.2,f1_macro,True,RFECA_SVR(k=20),MissForest,0.8938904054882315,0.9083100667448492,-0.0144196612566177,-0.0252910676823176,-0.001943491514524,9.0,0.064453125,-0.6727272727272726,10,5000,,0.90234375
discovery,mcar,0.3,f1_macro,True,SimpleMean,"KNN(k=5,dist)",0.8885768499616326,0.908421312745226,-0.0198444627835932,-0.0320174984435854,-0.0091218908446625,3.0,0.009765625,-0.8909090909090909,10,5000,,0.126953125
discovery,mcar,0.3,f1_macro,True,SimpleMean,RFECA_SVR(k=5),0.8885768499616326,0.8972075574184271,-0.0086307074567944,-0.0298162665353969,0.0117246974402408,22.0,0.625,-0.1999999999999999,10,5000,,1.0
discovery,mcar,0.3,f1_macro,True,SimpleMean,RFECA_SVR(k=10),0.8885768499616326,0.8952167742885134,-0.0066399243268808,-0.0196055406007036,0.0068207593734767,17.0,0.322265625,-0.3818181818181818,10,5000,,1.0
discovery,mcar,0.3,f1_macro,True,SimpleMean,RFECA_SVR(k=20),0.8885768499616326,0.8827573771638988,0.0058194727977336,-0.015670153385262,0.0288346758796758,26.0,0.921875,0.0545454545454545,10,5000,,1.0
discovery,mcar,0.3,f1_macro,True,SimpleMean,MissForest,0.8885768499616326,0.9158477886847454,-0.0272709387231126,-0.0418290422982814,-0.0121799250990556,3.0,0.009765625,-0.8909090909090909,10,5000,,0.126953125
discovery,mcar,0.3,f1_macro,True,"KNN(k=5,dist)",RFECA_SVR(k=5),0.908421312745226,0.8972075574184271,0.0112137553267987,-0.0058193711180124,0.0263620951391602,13.0,0.16015625,0.5272727272727273,10,5000,,1.0
discovery,mcar,0.3,f1_macro,True,"KNN(k=5,dist)",RFECA_SVR(k=10),0.908421312745226,0.8952167742885134,0.0132045384567123,-0.0012936754006863,0.0271884965758878,13.0,0.16015625,0.5272727272727273,10,5000,,1.0
discovery,mcar,0.3,f1_macro,True,"KNN(k=5,dist)",RFECA_SVR(k=20),0.908421312745226,0.8827573771638988,0.0256639355813268,0.0123604467814793,0.0393575672395237,3.0,0.009765625,0.8909090909090909,10,5000,,0.126953125
discovery,mcar,0.3,f1_macro,True,"KNN(k=5,dist)",MissForest,0.908421312745226,0.9158477886847454,-0.0074264759395194,-0.0166545502927025,0.0032606672856129,15.0,0.232421875,-0.4545454545454546,10,5000,,1.0
discovery,mcar,0.3,f1_macro,True,RFECA_SVR(k=5),RFECA_SVR(k=10),0.8972075574184271,0.8952167742885134,0.0019907831299135,-0.0193616072876398,0.0225286618996945,24.0,0.76953125,0.1272727272727273,10,5000,,1.0
discovery,mcar,0.3,f1_macro,True,RFECA_SVR(k=5),RFECA_SVR(k=20),0.8972075574184271,0.8827573771638988,0.014450180254528,-0.004164709541666,0.0328971960889352,14.0,0.193359375,0.4909090909090909,10,5000,,1.0
discovery,mcar,0.3,f1_macro,True,RFECA_SVR(k=5),MissForest,0.8972075574184271,0.9158477886847454,-0.0186402312663182,-0.0351126103606538,-0.0028329831702114,10.0,0.083984375,-0.6363636363636365,10,5000,,0.83984375
discovery,mcar,0.3,f1_macro,True,RFECA_SVR(k=10),RFECA_SVR(k=20),0.8952167742885134,0.8827573771638988,0.0124593971246144,-0.0073781850395981,0.0336964316359968,18.0,0.375,0.3454545454545454,10,5000,,1.0
discovery,mcar,0.3,f1_macro,True,RFECA_SVR(k=10),MissForest,0.8952167742885134,0.9158477886847454,-0.0206310143962318,-0.0304886947955426,-0.0107846794932121,1.0,0.00390625,-0.9636363636363636,10,5000,,0.05859375
discovery,mcar,0.3,f1_macro,True,RFECA_SVR(k=20),MissForest,0.8827573771638988,0.9158477886847454,-0.0330904115208463,-0.0476964028362941,-0.019827315625196,0.0,0.00390625,-1.0,10,5000,,0.05859375
discovery,mcar,0.05,rmse,False,SimpleMean,"KNN(k=5,dist)",2.8081285785899355,2.016992315275133,0.7911362633148022,0.7185596829733212,0.8737000728405334,0.0,0.001953125,1.0,10,5000,,0.029296875
discovery,mcar,0.05,rmse,False,SimpleMean,RFECA_SVR(k=5),2.8081285785899355,2.0406309920844974,0.7674975865054379,0.6222167048616986,0.9073702590591451,0.0,0.001953125,1.0,10,5000,,0.029296875
discovery,mcar,0.05,rmse,False,SimpleMean,RFECA_SVR(k=10),2.8081285785899355,2.1476662234311603,0.6604623551587745,0.4917599194589043,0.8174149850020246,0.0,0.001953125,1.0,10,5000,,0.029296875
discovery,mcar,0.05,rmse,False,SimpleMean,RFECA_SVR(k=20),2.8081285785899355,2.388047481929054,0.4200810966608815,0.2862460652940621,0.550326215152204,0.0,0.001953125,1.0,10,5000,,0.029296875
discovery,mcar,0.05,rmse,False,SimpleMean,MissForest,2.8081285785899355,1.7610788481651167,1.0470497304248183,0.940611993880386,1.1550640551689266,0.0,0.001953125,1.0,10,5000,,0.029296875
discovery,mcar,0.05,rmse,False,"KNN(k=5,dist)",RFECA_SVR(k=5),2.016992315275133,2.0406309920844974,-0.0236386768093642,-0.1315610659057034,0.095683092024215,23.0,0.6953125,-0.1636363636363635,10,5000,,0.6953125
discovery,mcar,0.05,rmse,False,"KNN(k=5,dist)",RFECA_SVR(k=10),2.016992315275133,2.1476662234311603,-0.1306739081560278,-0.2703165390967707,0.0131533450796549,12.0,0.130859375,-0.5636363636363637,10,5000,,0.26171875
discovery,mcar,0.05,rmse,False,"KNN(k=5,dist)",RFECA_SVR(k=20),2.016992315275133,2.388047481929054,-0.3710551666539208,-0.4687231685962292,-0.2788003530411375,0.0,0.001953125,-1.0,10,5000,,0.029296875
discovery,mcar,0.05,rmse,False,"KNN(k=5,dist)",MissForest,2.016992315275133,1.7610788481651167,0.2559134671100161,0.180140449567545,0.3401236676576907,0.0,0.001953125,1.0,10,5000,,0.029296875
discovery,mcar,0.05,rmse,False,RFECA_SVR(k=5),RFECA_SVR(k=10),2.0406309920844974,2.1476662234311603,-0.1070352313466635,-0.1907899747994431,-0.0171226613020306,9.0,0.064453125,-0.6727272727272726,10,5000,,0.193359375
discovery,mcar,0.05,rmse,False,RFECA_SVR(k=5),RFECA_SVR(k=20),2.0406309920844974,2.388047481929054,-0.3474164898445565,-0.4183849623438207,-0.2851417143054735,0.0,0.001953125,-1.0,10,5000,,0.029296875
discovery,mcar,0.05,rmse,False,RFECA_SVR(k=5),MissForest,2.0406309920844974,1.7610788481651167,0.2795521439193805,0.2019024805308885,0.3535194381652576,0.0,0.001953125,1.0,10,5000,,0.029296875
discovery,mcar,0.05,rmse,False,RFECA_SVR(k=10),RFECA_SVR(k=20),2.1476662234311603,2.388047481929054,-0.240381258497893,-0.3552554148494979,-0.1350206976021207,0.0,0.001953125,-1.0,10,5000,,0.029296875
discovery,mcar,0.05,rmse,False,RFECA_SVR(k=10),MissForest,2.1476662234311603,1.7610788481651167,0.386587375266044,0.2688358086931907,0.5018224970909365,0.0,0.001953125,1.0,10,5000,,0.029296875
discovery,mcar,0.05,rmse,False,RFECA_SVR(k=20),MissForest,2.388047481929054,1.7610788481651167,0.6269686337639371,0.5525507280605064,0.6993213857083599,0.0,0.001953125,1.0,10,5000,,0.029296875
discovery,mcar,0.1,rmse,False,SimpleMean,"KNN(k=5,dist)",2.8483087786082413,2.0850778545925936,0.7632309240156472,0.7031581371276231,0.8174416262033751,0.0,0.001953125,1.0,10,5000,,0.029296875
discovery,mcar,0.1,rmse,False,SimpleMean,RFECA_SVR(k=5),2.8483087786082413,2.0960004545578665,0.7523083240503741,0.677543986952895,0.8265186823795867,0.0,0.001953125,1.0,10,5000,,0.029296875
discovery,mcar,0.1,rmse,False,SimpleMean,RFECA_SVR(k=10),2.8483087786082413,2.250653198847436,0.5976555797608045,0.5190203291329836,0.67162479964308,0.0,0.001953125,1.0,10,5000,,0.029296875
discovery,mcar,0.1,rmse,False,SimpleMean,RFECA_SVR(k=20),2.8483087786082413,2.4792008052240244,0.3691079733842167,0.2752480641444615,0.4564140903326593,0.0,0.001953125,1.0,10,5000,,0.029296875
discovery,mcar,0.1,rmse,False,SimpleMean,MissForest,2.8483087786082413,1.833383794390508,1.0149249842177333,0.9508544793424992,1.080522081794881,0.0,0.001953125,1.0,10,5000,,0.029296875
discovery,mcar,0.1,rmse,False,"KNN(k=5,dist)",RFECA_SVR(k=5),2.0850778545925936,2.0960004545578665,-0.0109225999652731,-0.0765337011781989,0.0568034984266719,22.0,0.625,-0.1999999999999999,10,5000,,0.625
discovery,mcar,0.1,rmse,False,"KNN(k=5,dist)",RFECA_SVR(k=10),2.0850778545925936,2.250653198847436,-0.1655753442548426,-0.2323874529032361,-0.1063863691159109,0.0,0.001953125,-1.0,10,5000,,0.029296875
discovery,mcar,0.1,rmse,False,"KNN(k=5,dist)",RFECA_SVR(k=20),2.0850778545925936,2.4792008052240244,-0.3941229506314305,-0.475809246126147,-0.3039620834104002,0.0,0.001953125,-1.0,10,5000,,0.029296875
discovery,mcar,0.1,rmse,False,"KNN(k=5,dist)",MissForest,2.0850778545925936,1.833383794390508,0.2516940602020859,0.2081623573430472,0.2954843355954918,0.0,0.001953125,1.0,10,5000,,0.029296875
discovery,mcar,0.1,rmse,False,RFECA_SVR(k=5),RFECA_SVR(k=10),2.0960004545578665,2.250653198847436,-0.1546527442895695,-0.1979570356620062,-0.1123236612397072,0.0,0.001953125,-1.0,10,5000,,0.029296875
discovery,mcar,0.1,rmse,False,RFECA_SVR(k=5),RFECA_SVR(k=20),2.0960004545578665,2.4792008052240244,-0.3832003506661574,-0.4522634543797402,-0.3149865174260842,0.0,0.001953125,-1.0,10,5000,,0.029296875
discovery,mcar,0.1,rmse,False,RFECA_SVR(k=5),MissForest,2.0960004545578665,1.833383794390508,0.2626166601673591,0.2204524936605573,0.3036471386032139,0.0,0.001953125,1.0,10,5000,,0.029296875
discovery,mcar,0.1,rmse,False,RFECA_SVR(k=10),RFECA_SVR(k=20),2.250653198847436,2.4792008052240244,-0.2285476063765878,-0.2777555334818281,-0.1772510310001411,0.0,0.001953125,-1.0,10,5000,,0.029296875
discovery,mcar,0.1,rmse,False,RFECA_SVR(k=10),MissForest,2.250653198847436,1.833383794390508,0.4172694044569285,0.3691003728967036,0.472842469858839,0.0,0.001953125,1.0,10,5000,,0.029296875
discovery,mcar,0.1,rmse,False,RFECA_SVR(k=20),MissForest,2.4792008052240244,1.833383794390508,0.6458170108335165,0.5718046098933418,0.715605505620173,0.0,0.001953125,1.0,10,5000,,0.029296875
discovery,mcar,0.2,rmse,False,SimpleMean,"KNN(k=5,dist)",2.7960689101501357,2.0782866261679245,0.7177822839822106,0.671213341285623,0.7628355829608703,0.0,0.001953125,1.0,10,5000,,0.029296875
discovery,mcar,0.2,rmse,False,SimpleMean,RFECA_SVR(k=5),2.7960689101501357,2.1743004675557405,0.6217684425943943,0.5707499582903819,0.6704818776275081,0.0,0.001953125,1.0,10,5000,,0.029296875
discovery,mcar,0.2,rmse,False,SimpleMean,RFECA_SVR(k=10),2.7960689101501357,2.322705123103224,0.4733637870469108,0.4341244790730308,0.5120380646497589,0.0,0.001953125,1.0,10,5000,,0.029296875
discovery,mcar,0.2,rmse,False,SimpleMean,RFECA_SVR(k=20),2.7960689101501357,2.626057769284176,0.1700111408659583,0.1027778219498068,0.2303257029500823,1.0,0.00390625,0.9636363636363636,10,5000,,0.029296875
discovery,mcar,0.2,rmse,False,SimpleMean,MissForest,2.7960689101501357,1.8573458378272776,0.9387230723228568,0.9134110560480656,0.9656250943431028,0.0,0.001953125,1.0,10,5000,,0.029296875
discovery,mcar,0.2,rmse,False,"KNN(k=5,dist)",RFECA_SVR(k=5),2.0782866261679245,2.1743004675557405,-0.0960138413878162,-0.131809990467826,-0.0623991001585842,0.0,0.001953125,-1.0,10,5000,,0.029296875
discovery,mcar,0.2,rmse,False,"KNN(k=5,dist)",RFECA_SVR(k=10),2.0782866261679245,2.322705123103224,-0.2444184969352997,-0.281173014850606,-0.2089540286008614,0.0,0.001953125,-1.0,10,5000,,0.029296875
discovery,mcar,0.2,rmse,False,"KNN(k=5,dist)",RFECA_SVR(k=20),2.0782866261679245,2.626057769284176,-0.5477711431162522,-0.6204844132859335,-0.4813356745288044,0.0,0.001953125,-1.0,10,5000,,0.029296875
discovery,mcar,0.2,rmse,False,"KNN(k=5,dist)",MissForest,2.0782866261679245,1.8573458378272776,0.2209407883406461,0.1832354517908751,0.266934220446776,0.0,0.001953125,1.0,10,5000,,0.029296875
discovery,mcar,0.2,rmse,False,RFECA_SVR(k=5),RFECA_SVR(k=10),2.1743004675557405,2.322705123103224,-0.1484046555474834,-0.1828063543967101,-0.1140731301151901,0.0,0.001953125,-1.0,10,5000,,0.029296875
discovery,mcar,0.2,rmse,False,RFECA_SVR(k=5),RFECA_SVR(k=20),2.1743004675557405,2.626057769284176,-0.4517573017284359,-0.5157047836777549,-0.3912293090631161,0.0,0.001953125,-1.0,10,5000,,0.029296875
discovery,mcar,0.2,rmse,False,RFECA_SVR(k=5),MissForest,2.1743004675557405,1.8573458378272776,0.3169546297284624,0.2637946830488034,0.3719003761838724,0.0,0.001953125,1.0,10,5000,,0.029296875
discovery,mcar,0.2,rmse,False,RFECA_SVR(k=10),RFECA_SVR(k=20),2.322705123103224,2.626057769284176,-0.3033526461809525,-0.3507659997329753,-0.260090325449661,0.0,0.001953125,-1.0,10,5000,,0.029296875
discovery,mcar,0.2,rmse,False,RFECA_SVR(k=10),MissForest,2.322705123103224,1.8573458378272776,0.4653592852759459,0.4361720705364691,0.4933324917025992,0.0,0.001953125,1.0,10,5000,,0.029296875
discovery,mcar,0.2,rmse,False,RFECA_SVR(k=20),MissForest,2.626057769284176,1.8573458378272776,0.7687119314568983,0.7107241729763176,0.8304199599224696,0.0,0.001953125,1.0,10,5000,,0.029296875
discovery,mcar,0.3,rmse,False,SimpleMean,"KNN(k=5,dist)",2.785821428510163,2.154171445924004,0.6316499825861595,0.5925896446496502,0.6678854124408267,0.0,0.001953125,1.0,10,5000,,0.029296875
discovery,mcar,0.3,rmse,False,SimpleMean,RFECA_SVR(k=5),2.785821428510163,2.320350083104958,0.465471345405205,0.4339044413072694,0.5004000759651095,0.0,0.001953125,1.0,10,5000,,0.029296875
discovery,mcar,0.3,rmse,False,SimpleMean,RFECA_SVR(k=10),2.785821428510163,2.5591873431285808,0.2266340853815819,0.1448568413451474,0.2889583916922065,1.0,0.00390625,0.9636363636363636,10,5000,,0.029296875
discovery,mcar,0.3,rmse,False,SimpleMean,RFECA_SVR(k=20),2.785821428510163,2.825793539666974,-0.0399721111568116,-0.0996341886140367,0.0133431231503462,19.0,0.431640625,-0.3090909090909091,10,5000,,0.431640625
discovery,mcar,0.3,rmse,False,SimpleMean,MissForest,2.785821428510163,1.925343403590792,0.8604780249193708,0.8300732866609523,0.8903435264012851,0.0,0.001953125,1.0,10,5000,,0.029296875
discovery,mcar,0.3,rmse,False,"KNN(k=5,dist)",RFECA_SVR(k=5),2.154171445924004,2.320350083104958,-0.1661786371809544,-0.2039275487422765,-0.1092965041931087,1.0,0.00390625,-0.9636363636363636,10,5000,,0.029296875
discovery,mcar,0.3,rmse,False,"KNN(k=5,dist)",RFECA_SVR(k=10),2.154171445924004,2.5591873431285808,-0.4050158972045775,-0.4798967023595406,-0.334550280291728,0.0,0.001953125,-1.0,10,5000,,0.029296875
discovery,mcar,0.3,rmse,False,"KNN(k=5,dist)",RFECA_SVR(k=20),2.154171445924004,2.825793539666974,-0.6716220937429711,-0.7234575382046701,-0.6025943257990287,0.0,0.001953125,-1.0,10,5000,,0.029296875
discovery,mcar,0.3,rmse,False,"KNN(k=5,dist)",MissForest,2.154171445924004,1.925343403590792,0.2288280423332113,0.1826417779978444,0.2837250398878949,0.0,0.001953125,1.0,10,5000,,0.029296875
discovery,mcar,0.3,rmse,False,RFECA_SVR(k=5),RFECA_SVR(k=10),2.320350083104958,2.5591873431285808,-0.2388372600236231,-0.2999434708107873,-0.1865369442238413,0.0,0.001953125,-1.0,10,5000,,0.029296875
discovery,mcar,0.3,rmse,False,RFECA_SVR(k=5),RFECA_SVR(k=20),2.320350083104958,2.825793539666974,-0.5054434565620166,-0.5357112946698153,-0.4768772867835862,0.0,0.001953125,-1.0,10,5000,,0.029296875
discovery,mcar,0.3,rmse,False,RFECA_SVR(k=5),MissForest,2.320350083104958,1.925343403590792,0.3950066795141657,0.364165601303981,0.4320574508420507,0.0,0.001953125,1.0,10,5000,,0.029296875
discovery,mcar,0.3,rmse,False,RFECA_SVR(k=10),RFECA_SVR(k=20),2.5591873431285808,2.825793539666974,-0.2666061965383935,-0.3146941693861721,-0.2180778817274012,0.0,0.001953125,-1.0,10,5000,,0.029296875
discovery,mcar,0.3,rmse,False,RFECA_SVR(k=10),MissForest,2.5591873431285808,1.925343403590792,0.6338439395377888,0.5655861690099226,0.7193533237570556,0.0,0.001953125,1.0,10,5000,,0.029296875
discovery,mcar,0.3,rmse,False,RFECA_SVR(k=20),MissForest,2.825793539666974,1.925343403590792,0.9004501360761823,0.8457299159371793,0.964179874445568,0.0,0.001953125,1.0,10,5000,,0.029296875
discovery,mcar,0.05,corr_rv,True,SimpleMean,"KNN(k=5,dist)",0.991395823608008,0.9957050645445056,-0.0043092409364976,-0.0050238003203954,-0.0036895451849646,0.0,0.001953125,-1.0,10,5000,,0.029296875
discovery,mcar,0.05,corr_rv,True,SimpleMean,RFECA_SVR(k=5),0.991395823608008,0.9955150706972308,-0.0041192470892227,-0.004874748884751,-0.0034077453999464,0.0,0.001953125,-1.0,10,5000,,0.029296875
discovery,mcar,0.05,corr_rv,True,SimpleMean,RFECA_SVR(k=10),0.991395823608008,0.9949992664452652,-0.0036034428372571,-0.0043318881309233,-0.0028138962173225,0.0,0.001953125,-1.0,10,5000,,0.029296875
discovery,mcar,0.05,corr_rv,True,SimpleMean,RFECA_SVR(k=20),0.991395823608008,0.993347926375142,-0.0019521027671339,-0.002690229070905,-0.0012772761228715,0.0,0.001953125,-1.0,10,5000,,0.029296875
discovery,mcar,0.05,corr_rv,True,SimpleMean,MissForest,0.991395823608008,0.9965444435856412,-0.005148619977633,-0.0058341958560787,-0.0045201565528814,0.0,0.001953125,-1.0,10,5000,,0.029296875
discovery,mcar,0.05,corr_rv,True,"KNN(k=5,dist)",RFECA_SVR(k=5),0.9957050645445056,0.9955150706972308,0.0001899938472748,-9.233446206535156e-05,0.0004578257950913,16.0,0.275390625,0.4181818181818182,10,5000,,0.275390625
discovery,mcar,0.05,corr_rv,True,"KNN(k=5,dist)",RFECA_SVR(k=10),0.9957050645445056,0.9949992664452652,0.0007057980992405,0.0001867122390366,0.0011691700922466,6.0,0.02734375,0.7818181818181819,10,5000,,0.08203125
discovery,mcar,0.05,corr_rv,True,"KNN(k=5,dist)",RFECA_SVR(k=20),0.9957050645445056,0.993347926375142,0.0023571381693636,0.0019089399981008,0.0028210549267241,0.0,0.001953125,1.0,10,5000,,0.029296875
discovery,mcar,0.05,corr_rv,True,"KNN(k=5,dist)",MissForest,0.9957050645445056,0.9965444435856412,-0.0008393790411354,-0.0009357693404447,-0.0007313715790417,0.0,0.001953125,-1.0,10,5000,,0.029296875
discovery,mcar,0.05,corr_rv,True,RFECA_SVR(k=5),RFECA_SVR(k=10),0.9955150706972308,0.9949992664452652,0.0005158042519656,3.016455354666187e-05,0.0009900066771998,10.0,0.083984375,0.6363636363636364,10,5000,,0.16796875
discovery,mcar,0.05,corr_rv,True,RFECA_SVR(k=5),RFECA_SVR(k=20),0.9955150706972308,0.993347926375142,0.0021671443220888,0.0017928795774022,0.0025509995095273,0.0,0.001953125,1.0,10,5000,,0.029296875
discovery,mcar,0.05,corr_rv,True,RFECA_SVR(k=5),MissForest,0.9955150706972308,0.9965444435856412,-0.0010293728884102,-0.001250980878059,-0.0008024062235987,0.0,0.001953125,-1.0,10,5000,,0.029296875
discovery,mcar,0.05,corr_rv,True,RFECA_SVR(k=10),RFECA_SVR(k=20),0.9949992664452652,0.993347926375142,0.0016513400701231,0.001001432023704,0.0023384837541745,1.0,0.00390625,0.9636363636363636,10,5000,,0.029296875
discovery,mcar,0.05,corr_rv,True,RFECA_SVR(k=10),MissForest,0.9949992664452652,0.9965444435856412,-0.0015451771403759,-0.0020080159058859,-0.0010215007173351,1.0,0.00390625,-0.9636363636363636,10,5000,,0.029296875
discovery,mcar,0.05,corr_rv,True,RFECA_SVR(k=20),MissForest,0.993347926375142,0.9965444435856412,-0.003196517210499,-0.0036066712652301,-0.0027891502628188,0.0,0.001953125,-1.0,10,5000,,0.029296875
discovery,mcar,0.1,corr_rv,True,SimpleMean,"KNN(k=5,dist)",0.981064191399268,0.9910019525176054,-0.0099377611183374,-0.0105115344803218,-0.0092724658679928,0.0,0.001953125,-1.0,10,5000,,0.029296875
discovery,mcar,0.1,corr_rv,True,SimpleMean,RFECA_SVR(k=5),0.981064191399268,0.990267457217902,-0.0092032658186338,-0.0098993738049651,-0.0084870821652884,0.0,0.001953125,-1.0,10,5000,,0.029296875
discovery,mcar,0.1,corr_rv,True,SimpleMean,RFECA_SVR(k=10),0.981064191399268,0.9887258934007797,-0.0076617020015116,-0.008380777881848,-0.0069327868645886,0.0,0.001953125,-1.0,10,5000,,0.029296875
discovery,mcar,0.1,corr_rv,True,SimpleMean,RFECA_SVR(k=20),0.981064191399268,0.9857749182836556,-0.0047107268843874,-0.0058992809569727,-0.003729787582267,0.0,0.001953125,-1.0,10,5000,,0.029296875
discovery,mcar,0.1,corr_rv,True,SimpleMean,MissForest,0.981064191399268,0.9929716829525848,-0.0119074915533168,-0.0125444310226045,-0.0111768124014636,0.0,0.001953125,-1.0,10,5000,,0.029296875
discovery,mcar,0.1,corr_rv,True,"KNN(k=5,dist)",RFECA_SVR(k=5),0.9910019525176054,0.990267457217902,0.0007344952997035,0.0001827687216409,0.0013273315461445,10.0,0.083984375,0.6363636363636364,10,5000,,0.083984375
discovery,mcar,0.1,corr_rv,True,"KNN(k=5,dist)",RFECA_SVR(k=10),0.9910019525176054,0.9887258934007797,0.0022760591168257,0.0016677520738038,0.002909442922452,0.0,0.001953125,1.0,10,5000,,0.029296875
discovery,mcar,0.1,corr_rv,True,"KNN(k=5,dist)",RFECA_SVR(k=20),0.9910019525176054,0.9857749182836556,0.0052270342339499,0.0041626404264775,0.0061849327644844,0.0,0.001953125,1.0,10,5000,,0.029296875
discovery,mcar,0.1,corr_rv,True,"KNN(k=5,dist)",MissForest,0.9910019525176054,0.9929716829525848,-0.0019697304349794,-0.0022758291174782,-0.0016513055400043,0.0,0.001953125,-1.0,10,5000,,0.029296875
discovery,mcar,0.1,corr_rv,True,RFECA_SVR(k=5),RFECA_SVR(k=10),0.990267457217902,0.9887258934007797,0.0015415638171221,0.0010781386513564,0.0019885139693446,0.0,0.001953125,1.0,10,5000,,0.029296875
discovery,mcar,0.1,corr_rv,True,RFECA_SVR(k=5),RFECA_SVR(k=20),0.990267457217902,0.9857749182836556,0.0044925389342463,0.0036744357268215,0.0052613980753592,0.0,0.001953125,1.0,10,5000,,0.029296875
discovery,mcar,0.1,corr_rv,True,RFECA_SVR(k=5),MissForest,0.990267457217902,0.9929716829525848,-0.0027042257346829,-0.0030435809324259,-0.0023691981604259,0.0,0.001953125,-1.0,10,5000,,0.029296875
discovery,mcar,0.1,corr_rv,True,RFECA_SVR(k=10),RFECA_SVR(k=20),0.9887258934007797,0.9857749182836556,0.0029509751171241,0.0019628080915744,0.0038853346623957,0.0,0.001953125,1.0,10,5000,,0.029296875
discovery,mcar,0.1,corr_rv,True,RFECA_SVR(k=10),MissForest,0.9887258934007797,0.9929716829525848,-0.0042457895518051,-0.0046254226359362,-0.0038854778779524,0.0,0.001953125,-1.0,10,5000,,0.029296875
discovery,mcar,0.1,corr_rv,True,RFECA_SVR(k=20),MissForest,0.9857749182836556,0.9929716829525848,-0.0071967646689293,-0.0080193829843934,-0.006240573268242,0.0,0.001953125,-1.0,10,5000,,0.029296875
discovery,mcar,0.2,corr_rv,True,SimpleMean,"KNN(k=5,dist)",0.9559710813457654,0.9806961092133688,-0.0247250278676032,-0.026586917217046,-0.0227002128650081,0.0,0.001953125,-1.0,10,5000,,0.029296875
discovery,mcar,0.2,corr_rv,True,SimpleMean,RFECA_SVR(k=5),0.9559710813457654,0.9770641406279326,-0.021093059282167,-0.0231124261301141,-0.0187547207385442,0.0,0.001953125,-1.0,10,5000,,0.029296875
discovery,mcar,0.2,corr_rv,True,SimpleMean,RFECA_SVR(k=10),0.9559710813457654,0.9723549038949544,-0.0163838225491889,-0.0184597711720804,-0.0137999312807775,0.0,0.001953125,-1.0,10,5000,,0.029296875
discovery,mcar,0.2,corr_rv,True,SimpleMean,RFECA_SVR(k=20),0.9559710813457654,0.9654728799402584,-0.0095017985944926,-0.0117349763236419,-0.0070399195793636,0.0,0.001953125,-1.0,10,5000,,0.029296875
discovery,mcar,0.2,corr_rv,True,SimpleMean,MissForest,0.9559710813457654,0.9847160971369704,-0.028745015791205,-0.0304160988890343,-0.0266697694965802,0.0,0.001953125,-1.0,10,5000,,0.029296875
discovery,mcar,0.2,corr_rv,True,"KNN(k=5,dist)",RFECA_SVR(k=5),0.9806961092133688,0.9770641406279326,0.0036319685854361,0.0024629063605384,0.0047582952812604,0.0,0.001953125,1.0,10,5000,,0.029296875
discovery,mcar,0.2,corr_rv,True,"KNN(k=5,dist)",RFECA_SVR(k=10),0.9806961092133688,0.9723549038949544,0.0083412053184143,0.0070303802869866,0.0096356090236957,0.0,0.001953125,1.0,10,5000,,0.029296875
discovery,mcar,0.2,corr_rv,True,"KNN(k=5,dist)",RFECA_SVR(k=20),0.9806961092133688,0.9654728799402584,0.0152232292731105,0.0131157048495326,0.0172078648203139,0.0,0.001953125,1.0,10,5000,,0.029296875
discovery,mcar,0.2,corr_rv,True,"KNN(k=5,dist)",MissForest,0.9806961092133688,0.9847160971369704,-0.0040199879236018,-0.0047898498175402,-0.0032855752181575,0.0,0.001953125,-1.0,10,5000,,0.029296875
discovery,mcar,0.2,corr_rv,True,RFECA_SVR(k=5),RFECA_SVR(k=10),0.9770641406279326,0.9723549038949544,0.0047092367329781,0.0039226253877048,0.005441572112764,0.0,0.001953125,1.0,10,5000,,0.029296875
discovery,mcar,0.2,corr_rv,True,RFECA_SVR(k=5),RFECA_SVR(k=20),0.9770641406279326,0.9654728799402584,0.0115912606876743,0.0103240262207827,0.0129240661842274,0.0,0.001953125,1.0,10,5000,,0.029296875
discovery,mcar,0.2,corr_rv,True,RFECA_SVR(k=5),MissForest,0.9770641406279326,0.9847160971369704,-0.007651956509038,-0.0085544010856678,-0.0067705096823611,0.0,0.001953125,-1.0,10,5000,,0.029296875
discovery,mcar,0.2,corr_rv,True,RFECA_SVR(k=10),RFECA_SVR(k=20),0.9723549038949544,0.9654728799402584,0.0068820239546962,0.0052653771384405,0.008690696977435,0.0,0.001953125,1.0,10,5000,,0.029296875
discovery,mcar,0.2,corr_rv,True,RFECA_SVR(k=10),MissForest,0.9723549038949544,0.9847160971369704,-0.0123611932420161,-0.0133548381754482,-0.011371014845437,0.0,0.001953125,-1.0,10,5000,,0.029296875
discovery,mcar,0.2,corr_rv,True,RFECA_SVR(k=20),MissForest,0.9654728799402584,0.9847160971369704,-0.0192432171967123,-0.021010210598839,-0.0175864828924916,0.0,0.001953125,-1.0,10,5000,,0.029296875
discovery,mcar,0.3,corr_rv,True,SimpleMean,"KNN(k=5,dist)",0.9191185000117372,0.9677730567841588,-0.0486545567724219,-0.0514149650376814,-0.0458965363331316,0.0,0.001953125,-1.0,10,5000,,0.029296875
discovery,mcar,0.3,corr_rv,True,SimpleMean,RFECA_SVR(k=5),0.9191185000117372,0.9576778831883758,-0.0385593831766386,-0.0415509322352798,-0.0356582962147531,0.0,0.001953125,-1.0,10,5000,,0.029296875
discovery,mcar,0.3,corr_rv,True,SimpleMean,RFECA_SVR(k=10),0.9191185000117372,0.946074424253494,-0.0269559242417567,-0.0306531364125314,-0.0225601835860134,0.0,0.001953125,-1.0,10,5000,,0.029296875
discovery,mcar,0.3,corr_rv,True,SimpleMean,RFECA_SVR(k=20),0.9191185000117372,0.9332244060327104,-0.0141059060209733,-0.0170811735770281,-0.0108760567023372,0.0,0.001953125,-1.0,10,5000,,0.029296875
discovery,mcar,0.3,corr_rv,True,SimpleMean,MissForest,0.9191185000117372,0.97596488818435,-0.0568463881726129,-0.059276045487107,-0.0541923636665812,0.0,0.001953125,-1.0,10,5000,,0.029296875
discovery,mcar,0.3,corr_rv,True,"KNN(k=5,dist)",RFECA_SVR(k=5),0.9677730567841588,0.9576778831883758,0.0100951735957833,0.0069416686074282,0.0135740883478474,0.0,0.001953125,1.0,10,5000,,0.029296875
discovery,mcar,0.3,corr_rv,True,"KNN(k=5,dist)",RFECA_SVR(k=10),0.9677730567841588,0.946074424253494,0.0216986325306651,0.0184550711250754,0.0253100779503327,0.0,0.001953125,1.0,10,5000,,0.029296875
discovery,mcar,0.3,corr_rv,True,"KNN(k=5,dist)",RFECA_SVR(k=20),0.9677730567841588,0.9332244060327104,0.0345486507514485,0.0309882785169262,0.0381965584092153,0.0,0.001953125,1.0,10,5000,,0.029296875
discovery,mcar,0.3,corr_rv,True,"KNN(k=5,dist)",MissForest,0.9677730567841588,0.97596488818435,-0.008191831400191,-0.010013935955475,-0.0066938550565213,0.0,0.001953125,-1.0,10,5000,,0.029296875
discovery,mcar,0.3,corr_rv,True,RFECA_SVR(k=5),RFECA_SVR(k=10),0.9576778831883758,0.946074424253494,0.0116034589348818,0.0081416018748221,0.014608680885045,1.0,0.00390625,0.9636363636363636,10,5000,,0.029296875
discovery,mcar,0.3,corr_rv,True,RFECA_SVR(k=5),RFECA_SVR(k=20),0.9576778831883758,0.9332244060327104,0.0244534771556652,0.0223505811422662,0.0265111171577182,0.0,0.001953125,1.0,10,5000,,0.029296875
discovery,mcar,0.3,corr_rv,True,RFECA_SVR(k=5),MissForest,0.9576778831883758,0.97596488818435,-0.0182870049959743,-0.020909848851742,-0.0157657573871076,0.0,0.001953125,-1.0,10,5000,,0.029296875
discovery,mcar,0.3,corr_rv,True,RFECA_SVR(k=10),RFECA_SVR(k=20),0.946074424253494,0.9332244060327104,0.0128500182207834,0.0093810892018668,0.0163416747846279,0.0,0.001953125,1.0,10,5000,,0.029296875
discovery,mcar,0.3,corr_rv,True,RFECA_SVR(k=10),MissForest,0.946074424253494,0.97596488818435,-0.0298904639308561,-0.0333454219752135,-0.0268892743456856,0.0,0.001953125,-1.0,10,5000,,0.029296875
discovery,mcar,0.3,corr_rv,True,RFECA_SVR(k=20),MissForest,0.9332244060327104,0.97596488818435,-0.0427404821516395,-0.0458378220265963,-0.0397258510911599,0.0,0.001953125,-1.0,10,5000,,0.029296875
metabric,mcar,0.05,f1_macro,True,SimpleMean,"KNN(k=5,dist)",0.878740165462206,0.8812234101019347,-0.0024832446397287,-0.0049370656315046,-0.0001510047092943,10.0,0.083984375,-0.6363636363636365,10,5000,,1.0
metabric,mcar,0.05,f1_macro,True,SimpleMean,RFECA_SVR(k=5),0.878740165462206,0.881190811925919,-0.002450646463713,-0.00500556190966,1.96088422061208e-05,11.0,0.10546875,-0.6000000000000001,10,5000,,1.0
metabric,mcar,0.05,f1_macro,True,SimpleMean,RFECA_SVR(k=10),0.878740165462206,0.8821873344317991,-0.0034471689695931,-0.0053678722950297,-0.0014187278809929,5.0,0.01953125,-0.8181818181818181,10,5000,,0.29296875
metabric,mcar,0.05,f1_macro,True,SimpleMean,RFECA_SVR(k=20),0.878740165462206,0.8822424970815849,-0.0035023316193787,-0.0059270603730819,-0.0012907231683899,5.0,0.01953125,-0.8181818181818181,10,5000,,0.29296875
metabric,mcar,0.05,f1_macro,True,SimpleMean,MissForest,0.878740165462206,0.881212014345808,-0.0024718488836017,-0.0052635615573064,0.0007250507592956,13.0,0.16015625,-0.5272727272727273,10,5000,,1.0
metabric,mcar,0.05,f1_macro,True,"KNN(k=5,dist)",RFECA_SVR(k=5),0.8812234101019347,0.881190811925919,3.259817601569681e-05,-0.0017292587846826,0.0023583086406196,22.0,0.625,-0.1999999999999999,10,5000,,1.0
metabric,mcar,0.05,f1_macro,True,"KNN(k=5,dist)",RFECA_SVR(k=10),0.8812234101019347,0.8821873344317991,-0.0009639243298643,-0.0028458595134685,0.000594322481015,19.0,0.431640625,-0.3090909090909091,10,5000,,1.0
metabric,mcar,0.05,f1_macro,True,"KNN(k=5,dist)",RFECA_SVR(k=20),0.8812234101019347,0.8822424970815849,-0.00101908697965,-0.0023063894461142,0.0002529699509269,12.0,0.130859375,-0.5636363636363637,10,5000,,1.0
metabric,mcar,0.05,f1_macro,True,"KNN(k=5,dist)",MissForest,0.8812234101019347,0.881212014345808,1.1395756126952873e-05,-0.0012647197269372,0.0014791127296178,24.0,0.76953125,-0.1272727272727272,10,5000,,1.0
metabric,mcar,0.05,f1_macro,True,RFECA_SVR(k=5),RFECA_SVR(k=10),0.881190811925919,0.8821873344317991,-0.00099652250588,-0.0030660695747015,0.0010032874330369,21.0,0.556640625,-0.2363636363636363,10,5000,,1.0
metabric,mcar,0.05,f1_macro,True,RFECA_SVR(k=5),RFECA_SVR(k=20),0.881190811925919,0.8822424970815849,-0.0010516851556657,-0.0027182647437799,0.0005233926549074,17.0,0.322265625,-0.3818181818181818,10,5000,,1.0
metabric,mcar,0.05,f1_macro,True,RFECA_SVR(k=5),MissForest,0.881190811925919,0.881212014345808,-2.120241988874394e-05,-0.0031079255093865,0.0028112787098205,24.0,0.76953125,0.1272727272727273,10,5000,,1.0
metabric,mcar,0.05,f1_macro,True,RFECA_SVR(k=10),RFECA_SVR(k=20),0.8821873344317991,0.8822424970815849,-5.5162649785667206e-05,-0.0009746209367336,0.0008449338619951,27.0,1.0,0.0181818181818181,10,5000,,1.0
metabric,mcar,0.05,f1_macro,True,RFECA_SVR(k=10),MissForest,0.8821873344317991,0.881212014345808,0.0009753200859913,-0.0009065000210218,0.0030293468187929,20.0,0.4921875,0.2727272727272727,10,5000,,1.0
metabric,mcar,0.05,f1_macro,True,RFECA_SVR(k=20),MissForest,0.8822424970815849,0.881212014345808,0.001030482735777,-0.0008670558274601,0.0028425655646734,17.0,0.322265625,0.3818181818181818,10,5000,,1.0
metabric,mcar,0.1,f1_macro,True,SimpleMean,"KNN(k=5,dist)",0.8747997280647162,0.8756739489033232,-0.0008742208386069,-0.0033785283619866,0.0013935639132175,24.0,0.76953125,-0.1272727272727272,10,5000,,1.0
metabric,mcar,0.1,f1_macro,True,SimpleMean,RFECA_SVR(k=5),0.8747997280647162,0.8770501697569497,-0.0022504416922335,-0.0047036447592502,0.0001894942816132,14.0,0.193359375,-0.4909090909090909,10,5000,,1.0
metabric,mcar,0.1,f1_macro,True,SimpleMean,RFECA_SVR(k=10),0.8747997280647162,0.8780695701858203,-0.003269842121104,-0.0056245144045931,-0.0006890279164488,7.0,0.037109375,-0.7454545454545454,10,5000,,0.482421875
metabric,mcar,0.1,f1_macro,True,SimpleMean,RFECA_SVR(k=20),0.8747997280647162,0.8788408255873517,-0.0040410975226355,-0.0062185755223726,-0.0020513575702467,2.0,0.005859375,-0.9272727272727272,10,5000,,0.087890625
metabric,mcar,0.1,f1_macro,True,SimpleMean,MissForest,0.8747997280647162,0.8786664667109548,-0.0038667386462386,-0.0067310993534047,-0.0009471496209303,8.0,0.048828125,-0.709090909090909,10,5000,,0.5859375
metabric,mcar,0.1,f1_macro,True,"KNN(k=5,dist)",RFECA_SVR(k=5),0.8756739489033232,0.8770501697569497,-0.0013762208536265,-0.0030679288245924,0.0003724369408759,13.0,0.16015625,-0.5272727272727273,10,5000,,1.0
metabric,mcar,0.1,f1_macro,True,"KNN(k=5,dist)",RFECA_SVR(k=10),0.8756739489033232,0.8780695701858203,-0.002395621282497,-0.0041404813780481,-0.0007408496367615,10.0,0.083984375,-0.6363636363636365,10,5000,,0.923828125
metabric,mcar,0.1,f1_macro,True,"KNN(k=5,dist)",RFECA_SVR(k=20),0.8756739489033232,0.8788408255873517,-0.0031668766840285,-0.0050793848508698,-0.00152327489339,2.0,0.005859375,-0.9272727272727272,10,5000,,0.087890625
metabric,mcar,0.1,f1_macro,True,"KNN(k=5,dist)",MissForest,0.8756739489033232,0.8786664667109548,-0.0029925178076316,-0.0065164945062739,0.0003449714790991,15.0,0.232421875,-0.4545454545454546,10,5000,,1.0
metabric,mcar,0.1,f1_macro,True,RFECA_SVR(k=5),RFECA_SVR(k=10),0.8770501697569497,0.8780695701858203,-0.0010194004288704,-0.002691305909464,0.0007006717373616,16.0,0.275390625,-0.4181818181818182,10,5000,,1.0
metabric,mcar,0.1,f1_macro,True,RFECA_SVR(k=5),RFECA_SVR(k=20),0.8770501697569497,0.8788408255873517,-0.0017906558304019,-0.003655769995624,0.0002042842023096,14.0,0.193359375,-0.4909090909090909,10,5000,,1.0
metabric,mcar,0.1,f1_macro,True,RFECA_SVR(k=5),MissForest,0.8770501697569497,0.8786664667109548,-0.0016162969540051,-0.0052629114037631,0.002069529781794,21.0,0.556640625,-0.2363636363636363,10,5000,,1.0
metabric,mcar,0.1,f1_macro,True,RFECA_SVR(k=10),RFECA_SVR(k=20),0.8780695701858203,0.8788408255873517,-0.0007712554015314,-0.0025492495314458,0.0010220588589644,21.0,0.556640625,-0.2363636363636363,10,5000,,1.0
metabric,mcar,0.1,f1_macro,True,RFECA_SVR(k=10),MissForest,0.8780695701858203,0.8786664667109548,-0.0005968965251346,-0.0038170841776526,0.0026659145664542,27.0,1.0,-0.018181818181818,10,5000,,1.0
metabric,mcar,0.1,f1_macro,True,RFECA_SVR(k=20),MissForest,0.8788408255873517,0.8786664667109548,0.0001743588763968,-0.0029547907045821,0.0027944309874348,26.0,0.921875,0.0545454545454545,10,5000,,1.0
metabric,mcar,0.2,f1_macro,True,SimpleMean,"KNN(k=5,dist)",0.8660736598153809,0.8691416635535306,-0.0030680037381498,-0.0051638159707451,-0.0007655295052882,8.0,0.048828125,-0.709090909090909,10,5000,,0.296875
metabric,mcar,0.2,f1_macro,True,SimpleMean,RFECA_SVR(k=5),0.8660736598153809,0.8699658920139648,-0.0038922321985838,-0.0058498322772447,-0.0020420495663965,2.0,0.005859375,-0.9272727272727272,10,5000,,0.076171875
metabric,mcar,0.2,f1_macro,True,SimpleMean,RFECA_SVR(k=10),0.8660736598153809,0.8699883418704252,-0.0039146820550443,-0.0066751241262724,-0.0009823718686095,7.0,0.037109375,-0.7454545454545454,10,5000,,0.296875
metabric,mcar,0.2,f1_macro,True,SimpleMean,RFECA_SVR(k=20),0.8660736598153809,0.8748686891553614,-0.0087950293399804,-0.0116177287021286,-0.0057976373041125,0.0,0.001953125,-1.0,10,5000,,0.029296875
metabric,mcar,0.2,f1_macro,True,SimpleMean,MissForest,0.8660736598153809,0.8741775961522379,-0.0081039363368569,-0.0103135905545507,-0.00587813831106,0.0,0.001953125,-1.0,10,5000,,0.029296875
metabric,mcar,0.2,f1_macro,True,"KNN(k=5,dist)",RFECA_SVR(k=5),0.8691416635535306,0.8699658920139648,-0.0008242284604339,-0.003357752195255,0.0014953584810981,21.0,0.556640625,-0.2363636363636363,10,5000,,1.0
metabric,mcar,0.2,f1_macro,True,"KNN(k=5,dist)",RFECA_SVR(k=10),0.8691416635535306,0.8699883418704252,-0.0008466783168944,-0.0041529939192271,0.0025188571655833,24.0,0.76953125,-0.1272727272727272,10,5000,,1.0
metabric,mcar,0.2,f1_macro,True,"KNN(k=5,dist)",RFECA_SVR(k=20),0.8691416635535306,0.8748686891553614,-0.0057270256018306,-0.0089075365359167,-0.0028943370051718,2.0,0.005859375,-0.9272727272727272,10,5000,,0.076171875
metabric,mcar,0.2,f1_macro,True,"KNN(k=5,dist)",MissForest,0.8691416635535306,0.8741775961522379,-0.005035932598707,-0.0073396068431029,-0.0024833571421865,3.0,0.009765625,-0.8909090909090909,10,5000,,0.09765625
metabric,mcar,0.2,f1_macro,True,RFECA_SVR(k=5),RFECA_SVR(k=10),0.8699658920139648,0.8699883418704252,-2.244985646050468e-05,-0.0022490391703293,0.0020438167685636,26.0,0.921875,0.0545454545454545,10,5000,,1.0
metabric,mcar,0.2,f1_macro,True,RFECA_SVR(k=5),RFECA_SVR(k=20),0.8699658920139648,0.8748686891553614,-0.0049027971413966,-0.0076937313867975,-0.0020120593496697,5.0,0.01953125,-0.8181818181818181,10,5000,,0.17578125
metabric,mcar,0.2,f1_macro,True,RFECA_SVR(k=5),MissForest,0.8699658920139648,0.8741775961522379,-0.0042117041382731,-0.0067400495090993,-0.0014967079006973,7.0,0.037109375,-0.7454545454545454,10,5000,,0.296875
metabric,mcar,0.2,f1_macro,True,RFECA_SVR(k=10),RFECA_SVR(k=20),0.8699883418704252,0.8748686891553614,-0.0048803472849361,-0.0071313249435341,-0.0026620275291469,2.0,0.005859375,-0.9272727272727272,10,5000,,0.076171875
metabric,mcar,0.2,f1_macro,True,RFECA_SVR(k=10),MissForest,0.8699883418704252,0.8741775961522379,-0.0041892542818126,-0.0081033312072952,-0.0001724127839567,11.0,0.10546875,-0.6000000000000001,10,5000,,0.52734375
metabric,mcar,0.2,f1_macro,True,RFECA_SVR(k=20),MissForest,0.8748686891553614,0.8741775961522379,0.0006910930031235,-0.0024068544311089,0.0039443110186558,23.0,0.6953125,0.1636363636363637,10,5000,,1.0
metabric,mcar,0.3,f1_macro,True,SimpleMean,"KNN(k=5,dist)",0.8550846750816824,0.8582261234591261,-0.0031414483774437,-0.0086814465354462,0.0016927707100033,24.0,0.76953125,-0.1272727272727272,10,5000,,1.0
metabric,mcar,0.3,f1_macro,True,SimpleMean,RFECA_SVR(k=5),0.8550846750816824,0.8611557612545108,-0.0060710861728285,-0.0102673089386276,-0.0023776226089187,4.0,0.013671875,-0.8545454545454545,10,5000,,0.1640625
metabric,mcar,0.3,f1_macro,True,SimpleMean,RFECA_SVR(k=10),0.8550846750816824,0.863862901789948,-0.0087782267082654,-0.0126055901814988,-0.0053953114637545,0.0,0.001953125,-1.0,10,5000,,0.029296875
metabric,mcar,0.3,f1_macro,True,SimpleMean,RFECA_SVR(k=20),0.8550846750816824,0.8627088318455878,-0.0076241567639054,-0.0127832676101342,-0.0028229265244764,5.0,0.01953125,-0.8181818181818181,10,5000,,0.1953125
metabric,mcar,0.3,f1_macro,True,SimpleMean,MissForest,0.8550846750816824,0.8662237147375468,-0.0111390396558643,-0.0140901278574348,-0.008548934442425,0.0,0.001953125,-1.0,10,5000,,0.029296875
metabric,mcar,0.3,f1_macro,True,"KNN(k=5,dist)",RFECA_SVR(k=5),0.8582261234591261,0.8611557612545108,-0.0029296377953847,-0.0057397292428188,-1.0373226353032902e-05,11.0,0.10546875,-0.6000000000000001,10,5000,,0.6328125
metabric,mcar,0.3,f1_macro,True,"KNN(k=5,dist)",RFECA_SVR(k=10),0.8582261234591261,0.863862901789948,-0.0056367783308216,-0.0086244970562276,-0.0023292884652161,4.0,0.013671875,-0.8545454545454545,10,5000,,0.1640625
metabric,mcar,0.3,f1_macro,True,"KNN(k=5,dist)",RFECA_SVR(k=20),0.8582261234591261,0.8627088318455878,-0.0044827083864616,-0.0082920929852863,-0.0005359401760494,8.0,0.048828125,-0.709090909090909,10,5000,,0.341796875
metabric,mcar,0.3,f1_macro,True,"KNN(k=5,dist)",MissForest,0.8582261234591261,0.8662237147375468,-0.0079975912784205,-0.0113921849560194,-0.0043381348979639,2.0,0.005859375,-0.9272727272727272,10,5000,,0.076171875
metabric,mcar,0.3,f1_macro,True,RFECA_SVR(k=5),RFECA_SVR(k=10),0.8611557612545108,0.863862901789948,-0.0027071405354369,-0.0043201058215912,-0.0011499013451108,6.0,0.02734375,-0.7818181818181817,10,5000,,0.24609375
metabric,mcar,0.3,f1_macro,True,RFECA_SVR(k=5),RFECA_SVR(k=20),0.8611557612545108,0.8627088318455878,-0.0015530705910769,-0.004309403483332,0.0014332249190276,16.0,0.275390625,-0.4181818181818182,10,5000,,0.9296875
metabric,mcar,0.3,f1_macro,True,RFECA_SVR(k=5),MissForest,0.8611557612545108,0.8662237147375468,-0.0050679534830358,-0.0084418286768554,-0.0016216227344689,6.0,0.02734375,-0.7818181818181817,10,5000,,0.24609375
metabric,mcar,0.3,f1_macro,True,RFECA_SVR(k=10),RFECA_SVR(k=20),0.863862901789948,0.8627088318455878,0.00115406994436,-0.0016313922972246,0.0043556954659475,23.0,0.6953125,0.1636363636363637,10,5000,,1.0
metabric,mcar,0.3,f1_macro,True,RFECA_SVR(k=10),MissForest,0.863862901789948,0.8662237147375468,-0.0023608129475988,-0.0053116638763186,0.0002512325484747,15.0,0.232421875,-0.4545454545454546,10,5000,,0.9296875
metabric,mcar,0.3,f1_macro,True,RFECA_SVR(k=20),MissForest,0.8627088318455878,0.8662237147375468,-0.0035148828919588,-0.0072742766337965,0.0005105665798666,12.0,0.130859375,-0.5636363636363637,10,5000,,0.654296875
metabric,mcar,0.05,rmse,False,SimpleMean,"KNN(k=5,dist)",1.0667378370555554,0.6795133633865713,0.3872244736689841,0.3762791630175492,0.3978266979332276,0.0,0.001953125,1.0,10,5000,,0.029296875
metabric,mcar,0.05,rmse,False,SimpleMean,RFECA_SVR(k=5),1.0667378370555554,0.6931456736171708,0.3735921634383845,0.3613634463822491,0.3853701525359486,0.0,0.001953125,1.0,10,5000,,0.029296875
metabric,mcar,0.05,rmse,False,SimpleMean,RFECA_SVR(k=10),1.0667378370555554,0.6778398115407647,0.3888980255147907,0.3760660407996745,0.4007283441643008,0.0,0.001953125,1.0,10,5000,,0.029296875
metabric,mcar,0.05,rmse,False,SimpleMean,RFECA_SVR(k=20),1.0667378370555554,0.6734393084175554,0.3932985286379999,0.3833339917389978,0.4024617855877379,0.0,0.001953125,1.0,10,5000,,0.029296875
metabric,mcar,0.05,rmse,False,SimpleMean,MissForest,1.0667378370555554,0.6172462402652915,0.4494915967902638,0.4378009635950985,0.4602836701610698,0.0,0.001953125,1.0,10,5000,,0.029296875
metabric,mcar,0.05,rmse,False,"KNN(k=5,dist)",RFECA_SVR(k=5),0.6795133633865713,0.6931456736171708,-0.0136323102305995,-0.0199841221974727,-0.0066957978271458,5.0,0.01953125,-0.8181818181818181,10,5000,,0.078125
metabric,mcar,0.05,rmse,False,"KNN(k=5,dist)",RFECA_SVR(k=10),0.6795133633865713,0.6778398115407647,0.0016735518458066,-0.0046315347280174,0.0085090161314593,23.0,0.6953125,0.1636363636363637,10,5000,,0.6953125
metabric,mcar,0.05,rmse,False,"KNN(k=5,dist)",RFECA_SVR(k=20),0.6795133633865713,0.6734393084175554,0.0060740549690158,-0.0002098286135061,0.0120148885413229,10.0,0.083984375,0.6363636363636364,10,5000,,0.16796875
metabric,mcar,0.05,rmse,False,"KNN(k=5,dist)",MissForest,0.6795133633865713,0.6172462402652915,0.0622671231212797,0.0580034310884354,0.0663964555552876,0.0,0.001953125,1.0,10,5000,,0.029296875
metabric,mcar,0.05,rmse,False,RFECA_SVR(k=5),RFECA_SVR(k=10),0.6931456736171708,0.6778398115407647,0.0153058620764062,0.0131506426415225,0.0176298509875851,0.0,0.001953125,1.0,10,5000,,0.029296875
metabric,mcar,0.05,rmse,False,RFECA_SVR(k=5),RFECA_SVR(k=20),0.6931456736171708,0.6734393084175554,0.0197063651996154,0.0157382980323569,0.0246062893006013,0.0,0.001953125,1.0,10,5000,,0.029296875
metabric,mcar,0.05,rmse,False,RFECA_SVR(k=5),MissForest,0.6931456736171708,0.6172462402652915,0.0758994333518793,0.0718586625593466,0.080044889677538,0.0,0.001953125,1.0,10,5000,,0.029296875
metabric,mcar,0.05,rmse,False,RFECA_SVR(k=10),RFECA_SVR(k=20),0.6778398115407647,0.6734393084175554,0.0044005031232092,0.000772391071256,0.0089176394089234,8.0,0.048828125,0.7090909090909091,10,5000,,0.146484375
metabric,mcar,0.05,rmse,False,RFECA_SVR(k=10),MissForest,0.6778398115407647,0.6172462402652915,0.0605935712754731,0.0570886513471131,0.063931972386485,0.0,0.001953125,1.0,10,5000,,0.029296875
metabric,mcar,0.05,rmse,False,RFECA_SVR(k=20),MissForest,0.6734393084175554,0.6172462402652915,0.0561930681522638,0.0515354093777575,0.060920441138476,0.0,0.001953125,1.0,10,5000,,0.029296875
metabric,mcar,0.1,rmse,False,SimpleMean,"KNN(k=5,dist)",1.0632839529894025,0.6914800654508626,0.3718038875385395,0.362162104731109,0.3833019593883548,0.0,0.001953125,1.0,10,5000,,0.029296875
metabric,mcar,0.1,rmse,False,SimpleMean,RFECA_SVR(k=5),1.0632839529894025,0.7057575081677976,0.3575264448216045,0.3500682779896911,0.3653789855688157,0.0,0.001953125,1.0,10,5000,,0.029296875
metabric,mcar,0.1,rmse,False,SimpleMean,RFECA_SVR(k=10),1.0632839529894025,0.6890601949888076,0.3742237580005946,0.3667178493510083,0.3825222734857683,0.0,0.001953125,1.0,10,5000,,0.029296875
metabric,mcar,0.1,rmse,False,SimpleMean,RFECA_SVR(k=20),1.0632839529894025,0.6858574707692758,0.3774264822201262,0.3703135673573117,0.385925814312983,0.0,0.001953125,1.0,10,5000,,0.029296875
metabric,mcar,0.1,rmse,False,SimpleMean,MissForest,1.0632839529894025,0.6236001728353093,0.4396837801540927,0.4302134942893907,0.4498982766435359,0.0,0.001953125,1.0,10,5000,,0.029296875
metabric,mcar,0.1,rmse,False,"KNN(k=5,dist)",RFECA_SVR(k=5),0.6914800654508626,0.7057575081677976,-0.0142774427169349,-0.0204657878740839,-0.0085819586667536,1.0,0.00390625,-0.9636363636363636,10,5000,,0.029296875
metabric,mcar,0.1,rmse,False,"KNN(k=5,dist)",RFECA_SVR(k=10),0.6914800654508626,0.6890601949888076,0.0024198704620551,-0.0026870118549655,0.0075246741502393,16.0,0.275390625,0.4181818181818182,10,5000,,0.275390625
metabric,mcar,0.1,rmse,False,"KNN(k=5,dist)",RFECA_SVR(k=20),0.6914800654508626,0.6858574707692758,0.0056225946815867,-0.0004998559533141,0.0116819473166112,12.0,0.130859375,0.5636363636363637,10,5000,,0.26171875
metabric,mcar,0.1,rmse,False,"KNN(k=5,dist)",MissForest,0.6914800654508626,0.6236001728353093,0.0678798926155532,0.0639269440484507,0.071694783698947,0.0,0.001953125,1.0,10,5000,,0.029296875
metabric,mcar,0.1,rmse,False,RFECA_SVR(k=5),RFECA_SVR(k=10),0.7057575081677976,0.6890601949888076,0.01669731317899,0.0154841740937205,0.0178590516265786,0.0,0.001953125,1.0,10,5000,,0.029296875
metabric,mcar,0.1,rmse,False,RFECA_SVR(k=5),RFECA_SVR(k=20),0.7057575081677976,0.6858574707692758,0.0199000373985217,0.017229427648948,0.0224077997326419,0.0,0.001953125,1.0,10,5000,,0.029296875
metabric,mcar,0.1,rmse,False,RFECA_SVR(k=5),MissForest,0.7057575081677976,0.6236001728353093,0.0821573353324881,0.0781482080436701,0.086018872878008,0.0,0.001953125,1.0,10,5000,,0.029296875
metabric,mcar,0.1,rmse,False,RFECA_SVR(k=10),RFECA_SVR(k=20),0.6890601949888076,0.6858574707692758,0.0032027242195316,0.0010682246466243,0.005592801839641,7.0,0.037109375,0.7454545454545455,10,5000,,0.111328125
metabric,mcar,0.1,rmse,False,RFECA_SVR(k=10),MissForest,0.6890601949888076,0.6236001728353093,0.0654600221534981,0.0617764557389013,0.0689962653623045,0.0,0.001953125,1.0,10,5000,,0.029296875
metabric,mcar,0.1,rmse,False,RFECA_SVR(k=20),MissForest,0.6858574707692758,0.6236001728353093,0.0622572979339664,0.0576994260184751,0.0664774318193739,0.0,0.001953125,1.0,10,5000,,0.029296875
metabric,mcar,0.2,rmse,False,SimpleMean,"KNN(k=5,dist)",1.0675325388276042,0.7095707550674925,0.3579617837601116,0.3529137406058617,0.3630872536443161,0.0,0.001953125,1.0,10,5000,,0.029296875
metabric,mcar,0.2,rmse,False,SimpleMean,RFECA_SVR(k=5),1.0675325388276042,0.7231464675236974,0.3443860713039068,0.3394390098721754,0.3495120843449186,0.0,0.001953125,1.0,10,5000,,0.029296875
metabric,mcar,0.2,rmse,False,SimpleMean,RFECA_SVR(k=10),1.0675325388276042,0.7059020033174648,0.3616305355101393,0.358595410436038,0.3648137303785811,0.0,0.001953125,1.0,10,5000,,0.029296875
metabric,mcar,0.2,rmse,False,SimpleMean,RFECA_SVR(k=20),1.0675325388276042,0.7059426056470143,0.3615899331805898,0.3585550193084948,0.3643990679830043,0.0,0.001953125,1.0,10,5000,,0.029296875
metabric,mcar,0.2,rmse,False,SimpleMean,MissForest,1.0675325388276042,0.6371393598958995,0.4303931789317047,0.4256812424097549,0.4349873324118594,0.0,0.001953125,1.0,10,5000,,0.029296875
metabric,mcar,0.2,rmse,False,"KNN(k=5,dist)",RFECA_SVR(k=5),0.7095707550674925,0.7231464675236974,-0.0135757124562048,-0.0175225396948016,-0.0095368232128009,0.0,0.001953125,-1.0,10,5000,,0.029296875
metabric,mcar,0.2,rmse,False,"KNN(k=5,dist)",RFECA_SVR(k=10),0.7095707550674925,0.7059020033174648,0.0036687517500276,-0.0001248201406597,0.0073847568828199,12.0,0.130859375,0.5636363636363637,10,5000,,0.392578125
metabric,mcar,0.2,rmse,False,"KNN(k=5,dist)",RFECA_SVR(k=20),0.7095707550674925,0.7059426056470143,0.0036281494204782,-0.0003116088204328,0.0072300772527285,12.0,0.130859375,0.5636363636363637,10,5000,,0.392578125
metabric,mcar,0.2,rmse,False,"KNN(k=5,dist)",MissForest,0.7095707550674925,0.6371393598958995,0.072431395171593,0.0708784791904863,0.0741927542626587,0.0,0.001953125,1.0,10,5000,,0.029296875
metabric,mcar,0.2,rmse,False,RFECA_SVR(k=5),RFECA_SVR(k=10),0.7231464675236974,0.7059020033174648,0.0172444642062324,0.014781972915509,0.0196275166792547,0.0,0.001953125,1.0,10,5000,,0.029296875
metabric,mcar,0.2,rmse,False,RFECA_SVR(k=5),RFECA_SVR(k=20),0.7231464675236974,0.7059426056470143,0.017203861876683,0.0138580474354345,0.0204305150096944,0.0,0.001953125,1.0,10,5000,,0.029296875
metabric,mcar,0.2,rmse,False,RFECA_SVR(k=5),MissForest,0.7231464675236974,0.6371393598958995,0.0860071076277978,0.0823494479425143,0.0891812427351352,0.0,0.001953125,1.0,10,5000,,0.029296875
metabric,mcar,0.2,rmse,False,RFECA_SVR(k=10),RFECA_SVR(k=20),0.7059020033174648,0.7059426056470143,-4.060232954942178e-05,-0.0012938768908302,0.0014557854539489,22.0,0.625,-0.1999999999999999,10,5000,,0.625
metabric,mcar,0.2,rmse,False,RFECA_SVR(k=10),MissForest,0.7059020033174648,0.6371393598958995,0.0687626434215654,0.0655022974616784,0.0720860604091173,0.0,0.001953125,1.0,10,5000,,0.029296875
metabric,mcar,0.2,rmse,False,RFECA_SVR(k=20),MissForest,0.7059426056470143,0.6371393598958995,0.0688032457511148,0.0652448978970278,0.0723820369457941,0.0,0.001953125,1.0,10,5000,,0.029296875
metabric,mcar,0.3,rmse,False,SimpleMean,"KNN(k=5,dist)",1.068808469877248,0.7335889223533446,0.3352195475239032,0.3307097814482839,0.3396807738341926,0.0,0.001953125,1.0,10,5000,,0.029296875
metabric,mcar,0.3,rmse,False,SimpleMean,RFECA_SVR(k=5),1.068808469877248,0.7433308152272196,0.3254776546500283,0.3227349020531822,0.3284451692148097,0.0,0.001953125,1.0,10,5000,,0.029296875
metabric,mcar,0.3,rmse,False,SimpleMean,RFECA_SVR(k=10),1.068808469877248,0.7293349315575418,0.339473538319706,0.336494755882143,0.3425706369845339,0.0,0.001953125,1.0,10,5000,,0.029296875
metabric,mcar,0.3,rmse,False,SimpleMean,RFECA_SVR(k=20),1.068808469877248,0.7360615266759072,0.3327469432013407,0.3291341233035614,0.3366329597513398,0.0,0.001953125,1.0,10,5000,,0.029296875
metabric,mcar,0.3,rmse,False,SimpleMean,MissForest,1.068808469877248,0.6532032377531888,0.415605232124059,0.4117775678882014,0.4189431473910839,0.0,0.001953125,1.0,10,5000,,0.029296875
metabric,mcar,0.3,rmse,False,"KNN(k=5,dist)",RFECA_SVR(k=5),0.7335889223533446,0.7433308152272196,-0.009741892873875,-0.0139330282971573,-0.0062959444094447,0.0,0.001953125,-1.0,10,5000,,0.029296875
metabric,mcar,0.3,rmse,False,"KNN(k=5,dist)",RFECA_SVR(k=10),0.7335889223533446,0.7293349315575418,0.0042539907958027,0.0016715125106991,0.0067873851926157,6.0,0.02734375,0.7818181818181819,10,5000,,0.0546875
metabric,mcar,0.3,rmse,False,"KNN(k=5,dist)",RFECA_SVR(k=20),0.7335889223533446,0.7360615266759072,-0.0024726043225626,-0.0050058599814053,0.000171288901789,11.0,0.10546875,-0.6000000000000001,10,5000,,0.10546875
metabric,mcar,0.3,rmse,False,"KNN(k=5,dist)",MissForest,0.7335889223533446,0.6532032377531888,0.0803856846001558,0.0775453895470423,0.083602147310491,0.0,0.001953125,1.0,10,5000,,0.029296875
metabric,mcar,0.3,rmse,False,RFECA_SVR(k=5),RFECA_SVR(k=10),0.7433308152272196,0.7293349315575418,0.0139958836696778,0.0123885879481539,0.0158876459545292,0.0,0.001953125,1.0,10,5000,,0.029296875
metabric,mcar,0.3,rmse,False,RFECA_SVR(k=5),RFECA_SVR(k=20),0.7433308152272196,0.7360615266759072,0.0072692885513123,0.0049170195481172,0.0097193355783031,0.0,0.001953125,1.0,10,5000,,0.029296875
metabric,mcar,0.3,rmse,False,RFECA_SVR(k=5),MissForest,0.7433308152272196,0.6532032377531888,0.0901275774740308,0.0872808262679457,0.0931802128046683,0.0,0.001953125,1.0,10,5000,,0.029296875
metabric,mcar,0.3,rmse,False,RFECA_SVR(k=10),RFECA_SVR(k=20),0.7293349315575418,0.7360615266759072,-0.0067265951183654,-0.0080692923360927,-0.0054712097461916,0.0,0.001953125,-1.0,10,5000,,0.029296875
metabric,mcar,0.3,rmse,False,RFECA_SVR(k=10),MissForest,0.7293349315575418,0.6532032377531888,0.076131693804353,0.073395769471709,0.0794765490537367,0.0,0.001953125,1.0,10,5000,,0.029296875
metabric,mcar,0.3,rmse,False,RFECA_SVR(k=20),MissForest,0.7360615266759072,0.6532032377531888,0.0828582889227184,0.0798615657096514,0.0865713417213981,0.0,0.001953125,1.0,10,5000,,0.029296875
metabric,mcar,0.05,corr_rv,True,SimpleMean,"KNN(k=5,dist)",0.9985714920820682,0.9994371221355808,-0.0008656300535126,-0.0009062873288459,-0.0008233339573329,0.0,0.001953125,-1.0,10,5000,,0.029296875
metabric,mcar,0.05,corr_rv,True,SimpleMean,RFECA_SVR(k=5),0.9985714920820682,0.9993813614743444,-0.0008098693922764,-0.0008525049582898,-0.0007665749831547,0.0,0.001953125,-1.0,10,5000,,0.029296875
metabric,mcar,0.05,corr_rv,True,SimpleMean,RFECA_SVR(k=10),0.9985714920820682,0.9994263158697696,-0.0008548237877013,-0.0008980097158831,-0.0008101472879596,0.0,0.001953125,-1.0,10,5000,,0.029296875
metabric,mcar,0.05,corr_rv,True,SimpleMean,RFECA_SVR(k=20),0.9985714920820682,0.9994486358123824,-0.0008771437303144,-0.0009144533639526,-0.0008408406803679,0.0,0.001953125,-1.0,10,5000,,0.029296875
metabric,mcar,0.05,corr_rv,True,SimpleMean,MissForest,0.9985714920820682,0.9995316108810928,-0.0009601187990245,-0.0010022156929733,-0.0009169443942394,0.0,0.001953125,-1.0,10,5000,,0.029296875
metabric,mcar,0.05,corr_rv,True,"KNN(k=5,dist)",RFECA_SVR(k=5),0.9994371221355808,0.9993813614743444,5.576066123621493e-05,4.135407589339752e-05,7.111053920639071e-05,0.0,0.001953125,1.0,10,5000,,0.029296875
metabric,mcar,0.05,corr_rv,True,"KNN(k=5,dist)",RFECA_SVR(k=10),0.9994371221355808,0.9994263158697696,1.0806265811325045e-05,-1.2338680780060728e-06,2.202780149209077e-05,13.0,0.16015625,0.5272727272727273,10,5000,,0.3203125
metabric,mcar,0.05,corr_rv,True,"KNN(k=5,dist)",RFECA_SVR(k=20),0.9994371221355808,0.9994486358123824,-1.151367680178872e-05,-2.8379069395632894e-05,5.828147619806845e-06,16.0,0.275390625,-0.4181818181818182,10,5000,,0.3203125
metabric,mcar,0.05,corr_rv,True,"KNN(k=5,dist)",MissForest,0.9994371221355808,0.9995316108810928,-9.448874551193363e-05,-0.00010263716369,-8.658875591271403e-05,0.0,0.001953125,-1.0,10,5000,,0.029296875
metabric,mcar,0.05,corr_rv,True,RFECA_SVR(k=5),RFECA_SVR(k=10),0.9993813614743444,0.9994263158697696,-4.495439542488989e-05,-5.279561659959409e-05,-3.770382893453883e-05,0.0,0.001953125,-1.0,10,5000,,0.029296875
metabric,mcar,0.05,corr_rv,True,RFECA_SVR(k=5),RFECA_SVR(k=20),0.9993813614743444,0.9994486358123824,-6.727433803800364e-05,-8.723497629672727e-05,-5.032232711055576e-05,0.0,0.001953125,-1.0,10,5000,,0.029296875
metabric,mcar,0.05,corr_rv,True,RFECA_SVR(k=5),MissForest,0.9993813614743444,0.9995316108810928,-0.0001502494067481,-0.0001665355447533,-0.0001354599892109,0.0,0.001953125,-1.0,10,5000,,0.029296875
metabric,mcar,0.05,corr_rv,True,RFECA_SVR(k=10),RFECA_SVR(k=20),0.9994263158697696,0.9994486358123824,-2.2319942613113765e-05,-3.733579725477637e-05,-8.339563597787319e-06,3.0,0.009765625,-0.8909090909090909,10,5000,,0.029296875
metabric,mcar,0.05,corr_rv,True,RFECA_SVR(k=10),MissForest,0.9994263158697696,0.9995316108810928,-0.0001052950113232,-0.0001146389082835,-9.470788137775996e-05,0.0,0.001953125,-1.0,10,5000,,0.029296875
metabric,mcar,0.05,corr_rv,True,RFECA_SVR(k=20),MissForest,0.9994486358123824,0.9995316108810928,-8.297506871014493e-05,-9.77783278119046e-05,-6.906953299899821e-05,0.0,0.001953125,-1.0,10,5000,,0.029296875
metabric,mcar,0.1,corr_rv,True,SimpleMean,"KNN(k=5,dist)",0.996612494297328,0.9987166407340518,-0.0021041464367238,-0.0022043222594507,-0.0020200365348595,0.0,0.001953125,-1.0,10,5000,,0.029296875
metabric,mcar,0.1,corr_rv,True,SimpleMean,RFECA_SVR(k=5),0.996612494297328,0.9985293604097596,-0.0019168661124319,-0.0019936382720855,-0.0018410533053033,0.0,0.001953125,-1.0,10,5000,,0.029296875
metabric,mcar,0.1,corr_rv,True,SimpleMean,RFECA_SVR(k=10),0.996612494297328,0.9986628614222304,-0.0020503671249025,-0.002132950873273,-0.0019715213357798,0.0,0.001953125,-1.0,10,5000,,0.029296875
metabric,mcar,0.1,corr_rv,True,SimpleMean,RFECA_SVR(k=20),0.996612494297328,0.9987456566432924,-0.0021331623459645,-0.0022131017694991,-0.0020628364202675,0.0,0.001953125,-1.0,10,5000,,0.029296875
metabric,mcar,0.1,corr_rv,True,SimpleMean,MissForest,0.996612494297328,0.9989516647384128,-0.0023391704410852,-0.0024232335298852,-0.002260549350686,0.0,0.001953125,-1.0,10,5000,,0.029296875
metabric,mcar,0.1,corr_rv,True,"KNN(k=5,dist)",RFECA_SVR(k=5),0.9987166407340518,0.9985293604097596,0.0001872803242918,0.000143365687591,0.0002321415556328,0.0,0.001953125,1.0,10,5000,,0.029296875
metabric,mcar,0.1,corr_rv,True,"KNN(k=5,dist)",RFECA_SVR(k=10),0.9987166407340518,0.9986628614222304,5.377931182126705e-05,1.3285261720938356e-05,9.225607514816214e-05,8.0,0.048828125,0.7090909090909091,10,5000,,0.09765625
metabric,mcar,0.1,corr_rv,True,"KNN(k=5,dist)",RFECA_SVR(k=20),0.9987166407340518,0.9987456566432924,-2.901590924069275e-05,-7.116172560306582e-05,1.3461983265835843e-05,16.0,0.275390625,-0.4181818181818182,10,5000,,0.275390625
metabric,mcar,0.1,corr_rv,True,"KNN(k=5,dist)",MissForest,0.9987166407340518,0.9989516647384128,-0.0002350240043613,-0.0002632862345564,-0.0002079021789964,0.0,0.001953125,-1.0,10,5000,,0.029296875
metabric,mcar,0.1,corr_rv,True,RFECA_SVR(k=5),RFECA_SVR(k=10),0.9985293604097596,0.9986628614222304,-0.0001335010124706,-0.0001490861305786,-0.0001180152943309,0.0,0.001953125,-1.0,10,5000,,0.029296875
metabric,mcar,0.1,corr_rv,True,RFECA_SVR(k=5),RFECA_SVR(k=20),0.9985293604097596,0.9987456566432924,-0.0002162962335325,-0.0002439382934428,-0.0001959550123117,0.0,0.001953125,-1.0,10,5000,,0.029296875
metabric,mcar,0.1,corr_rv,True,RFECA_SVR(k=5),MissForest,0.9985293604097596,0.9989516647384128,-0.0004223043286532,-0.000454654288472,-0.0003922935571948,0.0,0.001953125,-1.0,10,5000,,0.029296875
metabric,mcar,0.1,corr_rv,True,RFECA_SVR(k=10),RFECA_SVR(k=20),0.9986628614222304,0.9987456566432924,-8.27952210619598e-05,-0.0001038171898561,-6.46803318881925e-05,0.0,0.001953125,-1.0,10,5000,,0.029296875
metabric,mcar,0.1,corr_rv,True,RFECA_SVR(k=10),MissForest,0.9986628614222304,0.9989516647384128,-0.0002888033161826,-0.0003112592934596,-0.0002665244968651,0.0,0.001953125,-1.0,10,5000,,0.029296875
metabric,mcar,0.1,corr_rv,True,RFECA_SVR(k=20),MissForest,0.9987456566432924,0.9989516647384128,-0.0002060080951206,-0.0002256771436682,-0.0001893659370152,0.0,0.001953125,-1.0,10,5000,,0.029296875
metabric,mcar,0.2,corr_rv,True,SimpleMean,"KNN(k=5,dist)",0.9903330879887284,0.9969743661175772,-0.0066412781288487,-0.0069771841056777,-0.006333905546094,0.0,0.001953125,-1.0,10,5000,,0.029296875
metabric,mcar,0.2,corr_rv,True,SimpleMean,RFECA_SVR(k=5),0.9903330879887284,0.9962548502595416,-0.005921762270813,-0.0062520932962711,-0.0055914001570382,0.0,0.001953125,-1.0,10,5000,,0.029296875
metabric,mcar,0.2,corr_rv,True,SimpleMean,RFECA_SVR(k=10),0.9903330879887284,0.9965909314014978,-0.0062578434127692,-0.0065879256258731,-0.0059454328392566,0.0,0.001953125,-1.0,10,5000,,0.029296875
metabric,mcar,0.2,corr_rv,True,SimpleMean,RFECA_SVR(k=20),0.9903330879887284,0.9968489212066768,-0.0065158332179482,-0.0068198340883169,-0.0062205328292586,0.0,0.001953125,-1.0,10,5000,,0.029296875
metabric,mcar,0.2,corr_rv,True,SimpleMean,MissForest,0.9903330879887284,0.9976544752451604,-0.0073213872564318,-0.0076461476898089,-0.00700854048625,0.0,0.001953125,-1.0,10,5000,,0.029296875
metabric,mcar,0.2,corr_rv,True,"KNN(k=5,dist)",RFECA_SVR(k=5),0.9969743661175772,0.9962548502595416,0.0007195158580357,0.0006619313587449,0.00077791044129,0.0,0.001953125,1.0,10,5000,,0.029296875
metabric,mcar,0.2,corr_rv,True,"KNN(k=5,dist)",RFECA_SVR(k=10),0.9969743661175772,0.9965909314014978,0.0003834347160795,0.0002980709830916,0.0004685134353704,0.0,0.001953125,1.0,10,5000,,0.029296875
metabric,mcar,0.2,corr_rv,True,"KNN(k=5,dist)",RFECA_SVR(k=20),0.9969743661175772,0.9968489212066768,0.0001254449109004,5.876352913071703e-05,0.0001971420061674,5.0,0.01953125,0.8181818181818181,10,5000,,0.029296875
metabric,mcar,0.2,corr_rv,True,"KNN(k=5,dist)",MissForest,0.9969743661175772,0.9976544752451604,-0.000680109127583,-0.0007551721143644,-0.000600726748871,0.0,0.001953125,-1.0,10,5000,,0.029296875
metabric,mcar,0.2,corr_rv,True,RFECA_SVR(k=5),RFECA_SVR(k=10),0.9962548502595416,0.9965909314014978,-0.0003360811419561,-0.0003891162670068,-0.0002815973145355,0.0,0.001953125,-1.0,10,5000,,0.029296875
metabric,mcar,0.2,corr_rv,True,RFECA_SVR(k=5),RFECA_SVR(k=20),0.9962548502595416,0.9968489212066768,-0.0005940709471352,-0.0006553002876786,-0.0005392393557478,0.0,0.001953125,-1.0,10,5000,,0.029296875
metabric,mcar,0.2,corr_rv,True,RFECA_SVR(k=5),MissForest,0.9962548502595416,0.9976544752451604,-0.0013996249856188,-0.0014478759022968,-0.0013507007887488,0.0,0.001953125,-1.0,10,5000,,0.029296875
metabric,mcar,0.2,corr_rv,True,RFECA_SVR(k=10),RFECA_SVR(k=20),0.9965909314014978,0.9968489212066768,-0.000257989805179,-0.0003054337809889,-0.0002093551858496,0.0,0.001953125,-1.0,10,5000,,0.029296875
metabric,mcar,0.2,corr_rv,True,RFECA_SVR(k=10),MissForest,0.9965909314014978,0.9976544752451604,-0.0010635438436626,-0.0011402323987112,-0.0009895406541687,0.0,0.001953125,-1.0,10,5000,,0.029296875
metabric,mcar,0.2,corr_rv,True,RFECA_SVR(k=20),MissForest,0.9968489212066768,0.9976544752451604,-0.0008055540384835,-0.0008708912740747,-0.0007491353889574,0.0,0.001953125,-1.0,10,5000,,0.029296875
metabric,mcar,0.3,corr_rv,True,SimpleMean,"KNN(k=5,dist)",0.9795621827478052,0.9945285305584186,-0.0149663478106136,-0.0152806201140741,-0.014589985665658,0.0,0.001953125,-1.0,10,5000,,0.029296875
metabric,mcar,0.3,corr_rv,True,SimpleMean,RFECA_SVR(k=5),0.9795621827478052,0.9930525068504292,-0.0134903241026243,-0.0136842531266833,-0.0132545841253885,0.0,0.001953125,-1.0,10,5000,,0.029296875
metabric,mcar,0.3,corr_rv,True,SimpleMean,RFECA_SVR(k=10),0.9795621827478052,0.9936388041852792,-0.0140766214374743,-0.0143208732261048,-0.0138073663353001,0.0,0.001953125,-1.0,10,5000,,0.029296875
metabric,mcar,0.3,corr_rv,True,SimpleMean,RFECA_SVR(k=20),0.9795621827478052,0.9941441473759676,-0.0145819646281625,-0.0148682841027769,-0.0142798877115521,0.0,0.001953125,-1.0,10,5000,,0.029296875
metabric,mcar,0.3,corr_rv,True,SimpleMean,MissForest,0.9795621827478052,0.9958367736412236,-0.0162745908934186,-0.0165295001032759,-0.0160049304726898,0.0,0.001953125,-1.0,10,5000,,0.029296875
metabric,mcar,0.3,corr_rv,True,"KNN(k=5,dist)",RFECA_SVR(k=5),0.9945285305584186,0.9930525068504292,0.0014760237079892,0.0013124316012244,0.0016658356029485,0.0,0.001953125,1.0,10,5000,,0.029296875
metabric,mcar,0.3,corr_rv,True,"KNN(k=5,dist)",RFECA_SVR(k=10),0.9945285305584186,0.9936388041852792,0.0008897263731392,0.0007323538504269,0.0010489577986946,0.0,0.001953125,1.0,10,5000,,0.029296875
metabric,mcar,0.3,corr_rv,True,"KNN(k=5,dist)",RFECA_SVR(k=20),0.9945285305584186,0.9941441473759676,0.000384383182451,0.0002020585894965,0.0005717346130363,2.0,0.005859375,0.9272727272727272,10,5000,,0.029296875
metabric,mcar,0.3,corr_rv,True,"KNN(k=5,dist)",MissForest,0.9945285305584186,0.9958367736412236,-0.001308243082805,-0.0014447547637156,-0.0011905584727711,0.0,0.001953125,-1.0,10,5000,,0.029296875
metabric,mcar,0.3,corr_rv,True,RFECA_SVR(k=5),RFECA_SVR(k=10),0.9930525068504292,0.9936388041852792,-0.00058629733485,-0.0007155138854416,-0.0004657223207147,0.0,0.001953125,-1.0,10,5000,,0.029296875
metabric,mcar,0.3,corr_rv,True,RFECA_SVR(k=5),RFECA_SVR(k=20),0.9930525068504292,0.9941441473759676,-0.0010916405255382,-0.0012966395197527,-0.0008888726046654,0.0,0.001953125,-1.0,10,5000,,0.029296875
metabric,mcar,0.3,corr_rv,True,RFECA_SVR(k=5),MissForest,0.9930525068504292,0.9958367736412236,-0.0027842667907943,-0.0029387305404838,-0.0026439369810746,0.0,0.001953125,-1.0,10,5000,,0.029296875
metabric,mcar,0.3,corr_rv,True,RFECA_SVR(k=10),RFECA_SVR(k=20),0.9936388041852792,0.9941441473759676,-0.0005053431906882,-0.0006255037130208,-0.0003970492501578,0.0,0.001953125,-1.0,10,5000,,0.029296875
metabric,mcar,0.3,corr_rv,True,RFECA_SVR(k=10),MissForest,0.9936388041852792,0.9958367736412236,-0.0021979694559443,-0.0023187515140618,-0.002085838720476,0.0,0.001953125,-1.0,10,5000,,0.029296875
metabric,mcar,0.3,corr_rv,True,RFECA_SVR(k=20),MissForest,0.9941441473759676,0.9958367736412236,-0.001692626265256,-0.0018506746600158,-0.0015570731081576,0.0,0.001953125,-1.0,10,5000,,0.029296875
discovery,mar,0.05,f1_macro,True,SimpleMean,"KNN(k=5,dist)",0.9220299644799644,0.9341653399740356,-0.012135375494071,-0.0228522008124724,-0.0019631171183887,9.0,0.064453125,-0.6727272727272726,10,5000,,0.7109375
discovery,mar,0.05,f1_macro,True,SimpleMean,RFECA_SVR(k=5),0.9220299644799644,0.9190361160578552,0.0029938484221093,-0.0069954059225797,0.0127573651891586,18.0,0.65234375,0.1999999999999999,10,5000,,1.0
discovery,mar,0.05,f1_macro,True,SimpleMean,RFECA_SVR(k=10),0.9220299644799644,0.9268685867272825,-0.0048386222473178,-0.0151981327247631,0.0050961073467595,16.0,0.49609375,-0.288888888888889,10,5000,,1.0
discovery,mar,0.05,f1_macro,True,SimpleMean,RFECA_SVR(k=20),0.9220299644799644,0.9232721252177776,-0.0012421607378129,-0.0184755732009536,0.0153147821381516,25.0,0.845703125,-0.0909090909090908,10,5000,,1.0
discovery,mar,0.05,f1_macro,True,SimpleMean,MissForest,0.9220299644799644,0.928858846467542,-0.0068288819875776,-0.0172162525879916,0.0039599738848108,16.0,0.275390625,-0.4181818181818182,10,5000,,1.0
discovery,mar,0.05,f1_macro,True,"KNN(k=5,dist)",RFECA_SVR(k=5),0.9341653399740356,0.9190361160578552,0.0151292239161804,0.010196726425748,0.0208901033628207,0.0,0.001953125,1.0,10,5000,,0.029296875
discovery,mar,0.05,f1_macro,True,"KNN(k=5,dist)",RFECA_SVR(k=10),0.9341653399740356,0.9268685867272825,0.0072967532467532,0.0015977246847354,0.0143265880858271,6.0,0.0546875,0.7333333333333334,10,5000,,0.7109375
discovery,mar,0.05,f1_macro,True,"KNN(k=5,dist)",RFECA_SVR(k=20),0.9341653399740356,0.9232721252177776,0.0108932147562581,0.0019880971202709,0.0214573564840955,6.0,0.0546875,0.7333333333333334,10,5000,,0.7109375
discovery,mar,0.05,f1_macro,True,"KNN(k=5,dist)",MissForest,0.9341653399740356,0.928858846467542,0.0053064935064934,-0.0011530441056528,0.0122908578016186,7.0,0.1484375,0.6111111111111112,10,5000,,1.0
discovery,mar,0.05,f1_macro,True,RFECA_SVR(k=5),RFECA_SVR(k=10),0.9190361160578552,0.9268685867272825,-0.0078324706694271,-0.0136265273072338,-0.0023926606907585,1.0,0.0625,-0.9047619047619048,10,5000,,0.7109375
discovery,mar,0.05,f1_macro,True,RFECA_SVR(k=5),RFECA_SVR(k=20),0.9190361160578552,0.9232721252177776,-0.0042360091599222,-0.0131359593606876,0.0043939139061421,18.0,0.375,-0.3454545454545454,10,5000,,1.0
discovery,mar,0.05,f1_macro,True,RFECA_SVR(k=5),MissForest,0.9190361160578552,0.928858846467542,-0.0098227304096869,-0.0166684202271158,-0.0036990867526193,1.0,0.015625,-0.9444444444444444,10,5000,,0.21875
discovery,mar,0.05,f1_macro,True,RFECA_SVR(k=10),RFECA_SVR(k=20),0.9268685867272825,0.9232721252177776,0.0035964615095049,-0.0054243749607881,0.0135580459094045,19.5,0.75390625,0.1111111111111111,10,5000,,1.0
discovery,mar,0.05,f1_macro,True,RFECA_SVR(k=10),MissForest,0.9268685867272825,0.928858846467542,-0.0019902597402597,-0.0085823930296755,0.0048627258610953,16.5,0.515625,-0.2444444444444444,10,5000,,1.0
discovery,mar,0.05,f1_macro,True,RFECA_SVR(k=20),MissForest,0.9232721252177776,0.928858846467542,-0.0055867212497646,-0.0145470406706819,0.002508060809963,16.0,0.271484375,-0.4181818181818182,10,5000,,1.0
discovery,mar,0.1,f1_macro,True,SimpleMean,"KNN(k=5,dist)",0.911672984744724,0.9241778115604202,-0.0125048268156963,-0.0239044537648341,-0.0013825297226927,14.0,0.193359375,-0.4909090909090909,10,5000,,1.0
discovery,mar,0.1,f1_macro,True,SimpleMean,RFECA_SVR(k=5),0.911672984744724,0.919097001307871,-0.0074240165631469,-0.016027927072927,0.0016460113557939,11.0,0.203125,-0.5111111111111111,10,5000,,1.0
discovery,mar,0.1,f1_macro,True,SimpleMean,RFECA_SVR(k=10),0.911672984744724,0.917757707751186,-0.0060847230064621,-0.0159971980374698,0.0033575865740539,14.0,0.359375,-0.3777777777777777,10,5000,,1.0
discovery,mar,0.1,f1_macro,True,SimpleMean,RFECA_SVR(k=20),0.911672984744724,0.9192542916021176,-0.0075813068573938,-0.0210198993759863,0.0047654336786401,20.0,0.4921875,-0.2727272727272727,10,5000,,1.0
discovery,mar,0.1,f1_macro,True,SimpleMean,MissForest,0.911672984744724,0.926001954567172,-0.014328969822448,-0.0279364002302045,-0.0020862526121221,11.0,0.10546875,-0.6000000000000001,10,5000,,1.0
discovery,mar,0.1,f1_macro,True,"KNN(k=5,dist)",RFECA_SVR(k=5),0.9241778115604202,0.919097001307871,0.0050808102525493,-0.0100461088066522,0.0194014533051489,20.5,0.5078125,0.2727272727272727,10,5000,,1.0
discovery,mar,0.1,f1_macro,True,"KNN(k=5,dist)",RFECA_SVR(k=10),0.9241778115604202,0.917757707751186,0.0064201038092342,-0.0078204008250203,0.0200412826002499,19.0,0.431640625,0.3090909090909091,10,5000,,1.0
discovery,mar,0.1,f1_macro,True,"KNN(k=5,dist)",RFECA_SVR(k=20),0.9241778115604202,0.9192542916021176,0.0049235199583025,-0.0106351471716689,0.0190129780485215,16.0,0.49609375,0.2888888888888888,10,5000,,1.0
discovery,mar,0.1,f1_macro,True,"KNN(k=5,dist)",MissForest,0.9241778115604202,0.926001954567172,-0.0018241430067517,-0.0148880713429083,0.0113616733869994,24.0,0.76953125,-0.1272727272727272,10,5000,,1.0
discovery,mar,0.1,f1_macro,True,RFECA_SVR(k=5),RFECA_SVR(k=10),0.919097001307871,0.917757707751186,0.0013392935566848,-0.0069455757105213,0.0106988643421795,22.0,1.0,-0.0222222222222221,10,5000,,1.0
discovery,mar,0.1,f1_macro,True,RFECA_SVR(k=5),RFECA_SVR(k=20),0.919097001307871,0.9192542916021176,-0.0001572902942468,-0.0125506469979296,0.0141753176171653,17.0,0.9453125,-0.0555555555555555,10,5000,,1.0
discovery,mar,0.1,f1_macro,True,RFECA_SVR(k=5),MissForest,0.919097001307871,0.926001954567172,-0.006904953259301,-0.0212623839324925,0.0093531564872325,14.0,0.359375,-0.3777777777777777,10,5000,,1.0
discovery,mar,0.1,f1_macro,True,RFECA_SVR(k=10),RFECA_SVR(k=20),0.917757707751186,0.9192542916021176,-0.0014965838509316,-0.0095898409561452,0.0064935903287532,20.0,0.796875,-0.1111111111111111,10,5000,,1.0
discovery,mar,0.1,f1_macro,True,RFECA_SVR(k=10),MissForest,0.917757707751186,0.926001954567172,-0.0082442468159859,-0.0186857417341112,0.0006927467218771,11.0,0.203125,-0.5111111111111111,10,5000,,1.0
discovery,mar,0.1,f1_macro,True,RFECA_SVR(k=20),MissForest,0.9192542916021176,0.926001954567172,-0.0067476629650542,-0.0170496510132379,0.0016075734048559,16.0,0.275390625,-0.4181818181818182,10,5000,,1.0
discovery,mar,0.2,f1_macro,True,SimpleMean,"KNN(k=5,dist)",0.8978391977587629,0.9283549399875486,-0.0305157422287856,-0.0433796112221111,-0.0170802076425989,2.0,0.005859375,-0.9272727272727272,10,5000,,0.076171875
discovery,mar,0.2,f1_macro,True,SimpleMean,RFECA_SVR(k=5),0.8978391977587629,0.904445165945166,-0.006605968186403,-0.0224323218810175,0.0089963611086979,20.0,0.4921875,-0.2727272727272727,10,5000,,1.0
discovery,mar,0.2,f1_macro,True,SimpleMean,RFECA_SVR(k=10),0.8978391977587629,0.9092047734873824,-0.0113655757286192,-0.0284947025800287,0.0052682236242019,16.0,0.275390625,-0.4181818181818182,10,5000,,1.0
discovery,mar,0.2,f1_macro,True,SimpleMean,RFECA_SVR(k=20),0.8978391977587629,0.8932843813191639,0.004554816439599,-0.0087947826629891,0.0190907507830334,23.0,0.6953125,0.1636363636363637,10,5000,,1.0
discovery,mar,0.2,f1_macro,True,SimpleMean,MissForest,0.8978391977587629,0.926764894525764,-0.0289256967670011,-0.0398964492150361,-0.0181929103384538,1.0,0.00390625,-0.9636363636363636,10,5000,,0.0546875
discovery,mar,0.2,f1_macro,True,"KNN(k=5,dist)",RFECA_SVR(k=5),0.9283549399875486,0.904445165945166,0.0239097740423826,0.0078971112583068,0.0386870714249517,7.0,0.037109375,0.7454545454545455,10,5000,,0.333984375
discovery,mar,0.2,f1_macro,True,"KNN(k=5,dist)",RFECA_SVR(k=10),0.9283549399875486,0.9092047734873824,0.0191501665001664,0.004161823255247,0.032727003371025,6.0,0.02734375,0.7818181818181819,10,5000,,0.30078125
discovery,mar,0.2,f1_macro,True,"KNN(k=5,dist)",RFECA_SVR(k=20),0.9283549399875486,0.8932843813191639,0.0350705586683847,0.0160426209056642,0.0544226829933351,5.0,0.01953125,0.8181818181818181,10,5000,,0.234375
discovery,mar,0.2,f1_macro,True,"KNN(k=5,dist)",MissForest,0.9283549399875486,0.926764894525764,0.0015900454617845,-0.0118531440660788,0.0148139516039515,25.0,0.845703125,0.0909090909090909,10,5000,,1.0
discovery,mar,0.2,f1_macro,True,RFECA_SVR(k=5),RFECA_SVR(k=10),0.904445165945166,0.9092047734873824,-0.0047596075422162,-0.0212386657062743,0.0096288178910461,25.0,0.845703125,-0.0909090909090908,10,5000,,1.0
discovery,mar,0.2,f1_macro,True,RFECA_SVR(k=5),RFECA_SVR(k=20),0.904445165945166,0.8932843813191639,0.011160784626002,-0.0066569818587209,0.0283719633989199,17.0,0.322265625,0.3818181818181818,10,5000,,1.0
discovery,mar,0.2,f1_macro,True,RFECA_SVR(k=5),MissForest,0.904445165945166,0.926764894525764,-0.0223197285805981,-0.036992707232381,-0.0072592860340142,6.0,0.0546875,-0.7333333333333334,10,5000,,0.4375
discovery,mar,0.2,f1_macro,True,RFECA_SVR(k=10),RFECA_SVR(k=20),0.9092047734873824,0.8932843813191639,0.0159203921682182,0.001035936352295,0.0300436523078371,8.0,0.09765625,0.6444444444444444,10,5000,,0.68359375
discovery,mar,0.2,f1_macro,True,RFECA_SVR(k=10),MissForest,0.9092047734873824,0.926764894525764,-0.0175601210383819,-0.0290009121313469,-0.0064568775487797,4.0,0.02734375,-0.8222222222222222,10,5000,,0.30078125
discovery,mar,0.2,f1_macro,True,RFECA_SVR(k=20),MissForest,0.8932843813191639,0.926764894525764,-0.0334805132066001,-0.0449632149131062,-0.0234175992847731,0.0,0.001953125,-1.0,10,5000,,0.029296875
discovery,mar,0.3,f1_macro,True,SimpleMean,"KNN(k=5,dist)",0.8735600879796532,0.8891159432355085,-0.0155558552558552,-0.0273857090192416,-0.0035342639787748,9.0,0.064453125,-0.6727272727272726,10,5000,,0.837890625
discovery,mar,0.3,f1_macro,True,SimpleMean,RFECA_SVR(k=5),0.8735600879796532,0.8902480753545972,-0.0166879873749438,-0.0317503691356951,-0.0019106549368506,12.0,0.130859375,-0.5636363636363637,10,5000,,1.0
discovery,mar,0.3,f1_macro,True,SimpleMean,RFECA_SVR(k=10),0.8735600879796532,0.8802132140806054,-0.0066531261009522,-0.0206428910340866,0.0051360678813938,23.0,0.6953125,-0.1636363636363635,10,5000,,1.0
discovery,mar,0.3,f1_macro,True,SimpleMean,RFECA_SVR(k=20),0.8735600879796532,0.8738902317489273,-0.0003301437692742,-0.0179231775470905,0.0188338719312088,27.0,1.0,0.0181818181818181,10,5000,,1.0
discovery,mar,0.3,f1_macro,True,SimpleMean,MissForest,0.8735600879796532,0.8960713607648392,-0.0225112727851858,-0.0349495809383853,-0.0124088363327493,0.0,0.001953125,-1.0,10,5000,,0.029296875
discovery,mar,0.3,f1_macro,True,"KNN(k=5,dist)",RFECA_SVR(k=5),0.8891159432355085,0.8902480753545972,-0.0011321321190886,-0.0178246314675662,0.0155682862970362,27.0,1.0,0.0181818181818181,10,5000,,1.0
discovery,mar,0.3,f1_macro,True,"KNN(k=5,dist)",RFECA_SVR(k=10),0.8891159432355085,0.8802132140806054,0.008902729154903,-0.0085100619549532,0.0237592166710101,13.0,0.16015625,0.5272727272727273,10,5000,,1.0
discovery,mar,0.3,f1_macro,True,"KNN(k=5,dist)",RFECA_SVR(k=20),0.8891159432355085,0.8738902317489273,0.015225711486581,-0.0043215727448879,0.0347005571421331,10.0,0.083984375,0.6363636363636364,10,5000,,0.923828125
discovery,mar,0.3,f1_macro,True,"KNN(k=5,dist)",MissForest,0.8891159432355085,0.8960713607648392,-0.0069554175293305,-0.0205699928332536,0.0060029805761871,20.0,0.4921875,-0.2727272727272727,10,5000,,1.0
discovery,mar,0.3,f1_macro,True,RFECA_SVR(k=5),RFECA_SVR(k=10),0.8902480753545972,0.8802132140806054,0.0100348612739916,-0.0062146224065789,0.0274294445771618,18.0,0.375,0.3454545454545454,10,5000,,1.0
discovery,mar,0.3,f1_macro,True,RFECA_SVR(k=5),RFECA_SVR(k=20),0.8902480753545972,0.8738902317489273,0.0163578436056696,0.0029177325271346,0.0304104065258412,10.0,0.083984375,0.6363636363636364,10,5000,,0.923828125
discovery,mar,0.3,f1_macro,True,RFECA_SVR(k=5),MissForest,0.8902480753545972,0.8960713607648392,-0.0058232854102419,-0.0201848616842095,0.0086768728011119,21.0,0.556640625,-0.2363636363636363,10,5000,,1.0
discovery,mar,0.3,f1_macro,True,RFECA_SVR(k=10),RFECA_SVR(k=20),0.8802132140806054,0.8738902317489273,0.0063229823316779,-0.0087921328791981,0.0219522682812356,21.0,0.556640625,0.2363636363636363,10,5000,,1.0
discovery,mar,0.3,f1_macro,True,RFECA_SVR(k=10),MissForest,0.8802132140806054,0.8960713607648392,-0.0158581466842336,-0.0265672591538896,-0.0046840148378191,7.0,0.037109375,-0.7454545454545454,10,5000,,0.51953125
discovery,mar,0.3,f1_macro,True,RFECA_SVR(k=20),MissForest,0.8738902317489273,0.8960713607648392,-0.0221811290159116,-0.0381346998472542,-0.005675122914525,9.0,0.064453125,-0.6727272727272726,10,5000,,0.837890625
discovery,mar,0.05,rmse,False,SimpleMean,"KNN(k=5,dist)",3.033038672853724,2.1041907285185983,0.9288479443351252,0.8760464455489371,0.976300000877106,0.0,0.001953125,1.0,10,5000,,0.029296875
discovery,mar,0.05,rmse,False,SimpleMean,RFECA_SVR(k=5),3.033038672853724,2.100681616263148,0.932357056590576,0.8509442173354504,1.0189195258277968,0.0,0.001953125,1.0,10,5000,,0.029296875
discovery,mar,0.05,rmse,False,SimpleMean,RFECA_SVR(k=10),3.033038672853724,2.202111806783716,0.8309268660700082,0.7435416180050259,0.9214800047220212,0.0,0.001953125,1.0,10,5000,,0.029296875
discovery,mar,0.05,rmse,False,SimpleMean,RFECA_SVR(k=20),3.033038672853724,2.4614301454742744,0.57160852737945,0.4914619848689722,0.6519172971599169,0.0,0.001953125,1.0,10,5000,,0.029296875
discovery,mar,0.05,rmse,False,SimpleMean,MissForest,3.033038672853724,1.91850080044768,1.1145378724060444,1.0451596409755035,1.17579556494873,0.0,0.001953125,1.0,10,5000,,0.029296875
discovery,mar,0.05,rmse,False,"KNN(k=5,dist)",RFECA_SVR(k=5),2.1041907285185983,2.100681616263148,0.0035091122554506,-0.0758905717871672,0.0808574016701405,27.0,1.0,0.0181818181818181,10,5000,,1.0
discovery,mar,0.05,rmse,False,"KNN(k=5,dist)",RFECA_SVR(k=10),2.1041907285185983,2.202111806783716,-0.0979210782651171,-0.1797040548061144,-0.0085956351073214,8.0,0.048828125,-0.709090909090909,10,5000,,0.09765625
discovery,mar,0.05,rmse,False,"KNN(k=5,dist)",RFECA_SVR(k=20),2.1041907285185983,2.4614301454742744,-0.3572394169556754,-0.4500805676405503,-0.2717202843421755,0.0,0.001953125,-1.0,10,5000,,0.029296875
discovery,mar,0.05,rmse,False,"KNN(k=5,dist)",MissForest,2.1041907285185983,1.91850080044768,0.185689928070919,0.1164305007298386,0.2568471064372998,0.0,0.001953125,1.0,10,5000,,0.029296875
discovery,mar,0.05,rmse,False,RFECA_SVR(k=5),RFECA_SVR(k=10),2.100681616263148,2.202111806783716,-0.1014301905205678,-0.1483375091889889,-0.0456655216234615,4.0,0.013671875,-0.8545454545454545,10,5000,,0.041015625
discovery,mar,0.05,rmse,False,RFECA_SVR(k=5),RFECA_SVR(k=20),2.100681616263148,2.4614301454742744,-0.3607485292111261,-0.4125417249523372,-0.310652915560365,0.0,0.001953125,-1.0,10,5000,,0.029296875
discovery,mar,0.05,rmse,False,RFECA_SVR(k=5),MissForest,2.100681616263148,1.91850080044768,0.1821808158154683,0.0943400939370757,0.2679025973813273,3.0,0.009765625,0.8909090909090909,10,5000,,0.0390625
discovery,mar,0.05,rmse,False,RFECA_SVR(k=10),RFECA_SVR(k=20),2.202111806783716,2.4614301454742744,-0.2593183386905583,-0.313493703248928,-0.2053752797790992,0.0,0.001953125,-1.0,10,5000,,0.029296875
discovery,mar,0.05,rmse,False,RFECA_SVR(k=10),MissForest,2.202111806783716,1.91850080044768,0.2836110063360362,0.19590201523833,0.3789295047671565,0.0,0.001953125,1.0,10,5000,,0.029296875
discovery,mar,0.05,rmse,False,RFECA_SVR(k=20),MissForest,2.4614301454742744,1.91850080044768,0.5429293450265945,0.4617645191077912,0.6302487453828611,0.0,0.001953125,1.0,10,5000,,0.029296875
discovery,mar,0.1,rmse,False,SimpleMean,"KNN(k=5,dist)",2.9893512602003467,2.197807683695989,0.7915435765043576,0.7449843288675497,0.8368091617626481,0.0,0.001953125,1.0,10,5000,,0.029296875
discovery,mar,0.1,rmse,False,SimpleMean,RFECA_SVR(k=5),2.9893512602003467,2.299340362759831,0.6900108974405156,0.6006683960563217,0.7820271323990194,0.0,0.001953125,1.0,10,5000,,0.029296875
discovery,mar,0.1,rmse,False,SimpleMean,RFECA_SVR(k=10),2.9893512602003467,2.4673704994704417,0.5219807607299047,0.418367394600475,0.6238748608345576,0.0,0.001953125,1.0,10,5000,,0.029296875
discovery,mar,0.1,rmse,False,SimpleMean,RFECA_SVR(k=20),2.9893512602003467,2.7391707486616017,0.2501805115387449,0.1468182748675604,0.3545906823537029,1.0,0.00390625,0.9636363636363636,10,5000,,0.029296875
discovery,mar,0.1,rmse,False,SimpleMean,MissForest,2.9893512602003467,2.018421128757418,0.970930131442929,0.9076290130597312,1.038048484218945,0.0,0.001953125,1.0,10,5000,,0.029296875
discovery,mar,0.1,rmse,False,"KNN(k=5,dist)",RFECA_SVR(k=5),2.197807683695989,2.299340362759831,-0.101532679063842,-0.1754110021756675,-0.0265784875758353,9.0,0.064453125,-0.6727272727272726,10,5000,,0.064453125
discovery,mar,0.1,rmse,False,"KNN(k=5,dist)",RFECA_SVR(k=10),2.197807683695989,2.4673704994704417,-0.2695628157744529,-0.3502221853782921,-0.1837117134124933,0.0,0.001953125,-1.0,10,5000,,0.029296875
discovery,mar,0.1,rmse,False,"KNN(k=5,dist)",RFECA_SVR(k=20),2.197807683695989,2.7391707486616017,-0.5413630649656127,-0.6295673115514888,-0.4409687093035371,0.0,0.001953125,-1.0,10,5000,,0.029296875
discovery,mar,0.1,rmse,False,"KNN(k=5,dist)",MissForest,2.197807683695989,2.018421128757418,0.1793865549385714,0.1229177871744591,0.2330626872505452,0.0,0.001953125,1.0,10,5000,,0.029296875
discovery,mar,0.1,rmse,False,RFECA_SVR(k=5),RFECA_SVR(k=10),2.299340362759831,2.4673704994704417,-0.1680301367106109,-0.2079160562261136,-0.1285975045209816,0.0,0.001953125,-1.0,10,5000,,0.029296875
discovery,mar,0.1,rmse,False,RFECA_SVR(k=5),RFECA_SVR(k=20),2.299340362759831,2.7391707486616017,-0.4398303859017707,-0.4911213758146701,-0.3871190399603115,0.0,0.001953125,-1.0,10,5000,,0.029296875
discovery,mar,0.1,rmse,False,RFECA_SVR(k=5),MissForest,2.299340362759831,2.018421128757418,0.2809192340024134,0.2229774811633508,0.3427575432750668,0.0,0.001953125,1.0,10,5000,,0.029296875
discovery,mar,0.1,rmse,False,RFECA_SVR(k=10),RFECA_SVR(k=20),2.4673704994704417,2.7391707486616017,-0.2718002491911598,-0.3216428762103134,-0.218482292383532,0.0,0.001953125,-1.0,10,5000,,0.029296875
discovery,mar,0.1,rmse,False,RFECA_SVR(k=10),MissForest,2.4673704994704417,2.018421128757418,0.4489493707130242,0.3822214933213058,0.519100628537275,0.0,0.001953125,1.0,10,5000,,0.029296875
discovery,mar,0.1,rmse,False,RFECA_SVR(k=20),MissForest,2.7391707486616017,2.018421128757418,0.7207496199041842,0.6428089577482076,0.7881591713949787,0.0,0.001953125,1.0,10,5000,,0.029296875
discovery,mar,0.2,rmse,False,SimpleMean,"KNN(k=5,dist)",2.944471595191907,2.202264428425988,0.742207166765919,0.7147276109567727,0.7711232595527343,0.0,0.001953125,1.0,10,5000,,0.029296875
discovery,mar,0.2,rmse,False,SimpleMean,RFECA_SVR(k=5),2.944471595191907,2.4281262483168207,0.516345346875086,0.4536273159216648,0.5790808079180763,0.0,0.001953125,1.0,10,5000,,0.029296875
discovery,mar,0.2,rmse,False,SimpleMean,RFECA_SVR(k=10),2.944471595191907,2.532989989419828,0.4114816057720786,0.3612103476566595,0.463870016044568,0.0,0.001953125,1.0,10,5000,,0.029296875
discovery,mar,0.2,rmse,False,SimpleMean,RFECA_SVR(k=20),2.944471595191907,2.875325803708043,0.0691457914838638,0.0156843050795744,0.1239745746612367,9.0,0.064453125,0.6727272727272727,10,5000,,0.064453125
discovery,mar,0.2,rmse,False,SimpleMean,MissForest,2.944471595191907,2.1148904888293627,0.8295811063625445,0.7880721473116165,0.8735916354293877,0.0,0.001953125,1.0,10,5000,,0.029296875
discovery,mar,0.2,rmse,False,"KNN(k=5,dist)",RFECA_SVR(k=5),2.202264428425988,2.4281262483168207,-0.2258618198908329,-0.282445033186244,-0.1684260734220158,0.0,0.001953125,-1.0,10,5000,,0.029296875
discovery,mar,0.2,rmse,False,"KNN(k=5,dist)",RFECA_SVR(k=10),2.202264428425988,2.532989989419828,-0.3307255609938403,-0.3754502902053356,-0.2874002517804875,0.0,0.001953125,-1.0,10,5000,,0.029296875
discovery,mar,0.2,rmse,False,"KNN(k=5,dist)",RFECA_SVR(k=20),2.202264428425988,2.875325803708043,-0.6730613752820551,-0.7271766390420729,-0.6101607341958707,0.0,0.001953125,-1.0,10,5000,,0.029296875
discovery,mar,0.2,rmse,False,"KNN(k=5,dist)",MissForest,2.202264428425988,2.1148904888293627,0.0873739395966256,0.0484504617197903,0.1248019072887258,2.0,0.005859375,0.9272727272727272,10,5000,,0.029296875
discovery,mar,0.2,rmse,False,RFECA_SVR(k=5),RFECA_SVR(k=10),2.4281262483168207,2.532989989419828,-0.1048637411030073,-0.1535944519488834,-0.0679187959327783,0.0,0.001953125,-1.0,10,5000,,0.029296875
discovery,mar,0.2,rmse,False,RFECA_SVR(k=5),RFECA_SVR(k=20),2.4281262483168207,2.875325803708043,-0.4471995553912222,-0.497376100488719,-0.3963359995983113,0.0,0.001953125,-1.0,10,5000,,0.029296875
discovery,mar,0.2,rmse,False,RFECA_SVR(k=5),MissForest,2.4281262483168207,2.1148904888293627,0.3132357594874586,0.2644989179950366,0.3721556286000959,0.0,0.001953125,1.0,10,5000,,0.029296875
discovery,mar,0.2,rmse,False,RFECA_SVR(k=10),RFECA_SVR(k=20),2.532989989419828,2.875325803708043,-0.3423358142882148,-0.3968294354429776,-0.2849794417529721,0.0,0.001953125,-1.0,10,5000,,0.029296875
discovery,mar,0.2,rmse,False,RFECA_SVR(k=10),MissForest,2.532989989419828,2.1148904888293627,0.4180995005904659,0.3790102364727839,0.468343747664908,0.0,0.001953125,1.0,10,5000,,0.029296875
discovery,mar,0.2,rmse,False,RFECA_SVR(k=20),MissForest,2.875325803708043,2.1148904888293627,0.7604353148786809,0.7053977524924387,0.8152607541214603,0.0,0.001953125,1.0,10,5000,,0.029296875
discovery,mar,0.3,rmse,False,SimpleMean,"KNN(k=5,dist)",2.93204585025975,2.284470673693334,0.6475751765664157,0.6178299881187875,0.6815965266198335,0.0,0.001953125,1.0,10,5000,,0.029296875
discovery,mar,0.3,rmse,False,SimpleMean,RFECA_SVR(k=5),2.93204585025975,2.5556382894695586,0.376407560790191,0.3250191046543481,0.4215901507637809,0.0,0.001953125,1.0,10,5000,,0.029296875
discovery,mar,0.3,rmse,False,SimpleMean,RFECA_SVR(k=10),2.93204585025975,2.802024652502145,0.130021197757604,0.042571616293001,0.2062986977144175,7.0,0.037109375,0.7454545454545455,10,5000,,0.037109375
discovery,mar,0.3,rmse,False,SimpleMean,RFECA_SVR(k=20),2.93204585025975,3.067212971178624,-0.1351671209188734,-0.2056077347662011,-0.0750501425973709,1.0,0.00390625,-0.9636363636363636,10,5000,,0.029296875
discovery,mar,0.3,rmse,False,SimpleMean,MissForest,2.93204585025975,2.152384195473986,0.779661654785764,0.7480054074319584,0.8115307180889906,0.0,0.001953125,1.0,10,5000,,0.029296875
discovery,mar,0.3,rmse,False,"KNN(k=5,dist)",RFECA_SVR(k=5),2.284470673693334,2.5556382894695586,-0.2711676157762248,-0.3247181517085496,-0.2182852677481246,0.0,0.001953125,-1.0,10,5000,,0.029296875
discovery,mar,0.3,rmse,False,"KNN(k=5,dist)",RFECA_SVR(k=10),2.284470673693334,2.802024652502145,-0.5175539788088118,-0.6111386245609622,-0.4410143759319003,0.0,0.001953125,-1.0,10,5000,,0.029296875
discovery,mar,0.3,rmse,False,"KNN(k=5,dist)",RFECA_SVR(k=20),2.284470673693334,3.067212971178624,-0.7827422974852892,-0.8482552692477359,-0.717925457493061,0.0,0.001953125,-1.0,10,5000,,0.029296875
discovery,mar,0.3,rmse,False,"KNN(k=5,dist)",MissForest,2.284470673693334,2.152384195473986,0.1320864782193482,0.1026690750360051,0.1631866074800639,0.0,0.001953125,1.0,10,5000,,0.029296875
discovery,mar,0.3,rmse,False,RFECA_SVR(k=5),RFECA_SVR(k=10),2.5556382894695586,2.802024652502145,-0.2463863630325869,-0.301408979865843,-0.1948174622588366,0.0,0.001953125,-1.0,10,5000,,0.029296875
discovery,mar,0.3,rmse,False,RFECA_SVR(k=5),RFECA_SVR(k=20),2.5556382894695586,3.067212971178624,-0.5115746817090645,-0.5711754907845157,-0.4597654377149784,0.0,0.001953125,-1.0,10,5000,,0.029296875
discovery,mar,0.3,rmse,False,RFECA_SVR(k=5),MissForest,2.5556382894695586,2.152384195473986,0.403254093995573,0.3564074001300852,0.455098300858596,0.0,0.001953125,1.0,10,5000,,0.029296875
discovery,mar,0.3,rmse,False,RFECA_SVR(k=10),RFECA_SVR(k=20),2.802024652502145,3.067212971178624,-0.2651883186764775,-0.3367948811795693,-0.1898253587754481,0.0,0.001953125,-1.0,10,5000,,0.029296875
discovery,mar,0.3,rmse,False,RFECA_SVR(k=10),MissForest,2.802024652502145,2.152384195473986,0.64964045702816,0.5739566504926398,0.7315874681217823,0.0,0.001953125,1.0,10,5000,,0.029296875
discovery,mar,0.3,rmse,False,RFECA_SVR(k=20),MissForest,3.067212971178624,2.152384195473986,0.9148287757046376,0.8579422643198003,0.9751848276801436,0.0,0.001953125,1.0,10,5000,,0.029296875
discovery,mar,0.05,corr_rv,True,SimpleMean,"KNN(k=5,dist)",0.9878405996994146,0.9943017860791958,-0.0064611863797812,-0.0069909631614189,-0.0059349947243431,0.0,0.001953125,-1.0,10,5000,,0.029296875
discovery,mar,0.05,corr_rv,True,SimpleMean,RFECA_SVR(k=5),0.9878405996994146,0.9936628057456756,-0.005822206046261,-0.0064486354598779,-0.0050971542785954,0.0,0.001953125,-1.0,10,5000,,0.029296875
discovery,mar,0.05,corr_rv,True,SimpleMean,RFECA_SVR(k=10),0.9878405996994146,0.9922723901812828,-0.0044317904818683,-0.0052159590146338,-0.0036559057932662,0.0,0.001953125,-1.0,10,5000,,0.029296875
discovery,mar,0.05,corr_rv,True,SimpleMean,RFECA_SVR(k=20),0.9878405996994146,0.9899348508292556,-0.0020942511298409,-0.0030812471286273,-0.0010565310625415,2.0,0.005859375,-0.9272727272727272,10,5000,,0.029296875
discovery,mar,0.05,corr_rv,True,SimpleMean,MissForest,0.9878405996994146,0.9953590366828836,-0.0075184369834688,-0.008047865405223,-0.007018819019799,0.0,0.001953125,-1.0,10,5000,,0.029296875
discovery,mar,0.05,corr_rv,True,"KNN(k=5,dist)",RFECA_SVR(k=5),0.9943017860791958,0.9936628057456756,0.0006389803335202,5.406861848422068e-05,0.0013209831249058,12.0,0.130859375,0.5636363636363637,10,5000,,0.130859375
discovery,mar,0.05,corr_rv,True,"KNN(k=5,dist)",RFECA_SVR(k=10),0.9943017860791958,0.9922723901812828,0.0020293958979129,0.0013561171154203,0.0026536959823772,0.0,0.001953125,1.0,10,5000,,0.029296875
discovery,mar,0.05,corr_rv,True,"KNN(k=5,dist)",RFECA_SVR(k=20),0.9943017860791958,0.9899348508292556,0.0043669352499402,0.0031980619464367,0.0056184592963721,0.0,0.001953125,1.0,10,5000,,0.029296875
discovery,mar,0.05,corr_rv,True,"KNN(k=5,dist)",MissForest,0.9943017860791958,0.9953590366828836,-0.0010572506036875,-0.001269289175167,-0.0008205631039891,0.0,0.001953125,-1.0,10,5000,,0.029296875
discovery,mar,0.05,corr_rv,True,RFECA_SVR(k=5),RFECA_SVR(k=10),0.9936628057456756,0.9922723901812828,0.0013904155643926,0.0008181554930839,0.0019699547446091,0.0,0.001953125,1.0,10,5000,,0.029296875
discovery,mar,0.05,corr_rv,True,RFECA_SVR(k=5),RFECA_SVR(k=20),0.9936628057456756,0.9899348508292556,0.00372795491642,0.0029167990486931,0.0044266956991937,0.0,0.001953125,1.0,10,5000,,0.029296875
discovery,mar,0.05,corr_rv,True,RFECA_SVR(k=5),MissForest,0.9936628057456756,0.9953590366828836,-0.0016962309372078,-0.0024264660414385,-0.0010723914101303,0.0,0.001953125,-1.0,10,5000,,0.029296875
discovery,mar,0.05,corr_rv,True,RFECA_SVR(k=10),RFECA_SVR(k=20),0.9922723901812828,0.9899348508292556,0.0023375393520273,0.0011530578070142,0.0032936728016846,4.0,0.013671875,0.8545454545454545,10,5000,,0.029296875
discovery,mar,0.05,corr_rv,True,RFECA_SVR(k=10),MissForest,0.9922723901812828,0.9953590366828836,-0.0030866465016005,-0.0036871626470785,-0.0024615359439089,0.0,0.001953125,-1.0,10,5000,,0.029296875
discovery,mar,0.05,corr_rv,True,RFECA_SVR(k=20),MissForest,0.9899348508292556,0.9953590366828836,-0.0054241858536278,-0.0066737964194214,-0.0041844908983019,0.0,0.001953125,-1.0,10,5000,,0.029296875
discovery,mar,0.1,corr_rv,True,SimpleMean,"KNN(k=5,dist)",0.9767277308923916,0.9881625295888018,-0.0114347986964102,-0.0120244717049933,-0.0108391495141207,0.0,0.001953125,-1.0,10,5000,,0.029296875
discovery,mar,0.1,corr_rv,True,SimpleMean,RFECA_SVR(k=5),0.9767277308923916,0.9867367373314816,-0.01000900643909,-0.010867442475038,-0.0091399297949155,0.0,0.001953125,-1.0,10,5000,,0.029296875
discovery,mar,0.1,corr_rv,True,SimpleMean,RFECA_SVR(k=10),0.9767277308923916,0.984118505000293,-0.0073907741079012,-0.0083831339097977,-0.0064611034225828,0.0,0.001953125,-1.0,10,5000,,0.029296875
discovery,mar,0.1,corr_rv,True,SimpleMean,RFECA_SVR(k=20),0.9767277308923916,0.9794746924902072,-0.0027469615978154,-0.0042953293020186,-0.0012979967553488,1.0,0.00390625,-0.9636363636363636,10,5000,,0.029296875
discovery,mar,0.1,corr_rv,True,SimpleMean,MissForest,0.9767277308923916,0.9902940253436092,-0.0135662944512176,-0.0142190812232683,-0.0129082413094486,0.0,0.001953125,-1.0,10,5000,,0.029296875
discovery,mar,0.1,corr_rv,True,"KNN(k=5,dist)",RFECA_SVR(k=5),0.9881625295888018,0.9867367373314816,0.0014257922573202,0.0007876110096901,0.002035009344753,2.0,0.005859375,0.9272727272727272,10,5000,,0.029296875
discovery,mar,0.1,corr_rv,True,"KNN(k=5,dist)",RFECA_SVR(k=10),0.9881625295888018,0.984118505000293,0.004044024588509,0.0032293767982624,0.0048221817466164,0.0,0.001953125,1.0,10,5000,,0.029296875
discovery,mar,0.1,corr_rv,True,"KNN(k=5,dist)",RFECA_SVR(k=20),0.9881625295888018,0.9794746924902072,0.0086878370985947,0.0068519021777493,0.0103362327301849,0.0,0.001953125,1.0,10,5000,,0.029296875
discovery,mar,0.1,corr_rv,True,"KNN(k=5,dist)",MissForest,0.9881625295888018,0.9902940253436092,-0.0021314957548074,-0.0023723839842947,-0.0019234162447474,0.0,0.001953125,-1.0,10,5000,,0.029296875
discovery,mar,0.1,corr_rv,True,RFECA_SVR(k=5),RFECA_SVR(k=10),0.9867367373314816,0.984118505000293,0.0026182323311887,0.0019843711515047,0.0032219462183248,0.0,0.001953125,1.0,10,5000,,0.029296875
discovery,mar,0.1,corr_rv,True,RFECA_SVR(k=5),RFECA_SVR(k=20),0.9867367373314816,0.9794746924902072,0.0072620448412745,0.0053716572715508,0.0091029208329482,0.0,0.001953125,1.0,10,5000,,0.029296875
discovery,mar,0.1,corr_rv,True,RFECA_SVR(k=5),MissForest,0.9867367373314816,0.9902940253436092,-0.0035572880121276,-0.0040645965631258,-0.0030401923363668,0.0,0.001953125,-1.0,10,5000,,0.029296875
discovery,mar,0.1,corr_rv,True,RFECA_SVR(k=10),RFECA_SVR(k=20),0.984118505000293,0.9794746924902072,0.0046438125100857,0.0030731995552702,0.0063553553883466,0.0,0.001953125,1.0,10,5000,,0.029296875
discovery,mar,0.1,corr_rv,True,RFECA_SVR(k=10),MissForest,0.984118505000293,0.9902940253436092,-0.0061755203433164,-0.006944878039295,-0.005436723708788,0.0,0.001953125,-1.0,10,5000,,0.029296875
discovery,mar,0.1,corr_rv,True,RFECA_SVR(k=20),MissForest,0.9794746924902072,0.9902940253436092,-0.0108193328534022,-0.0125523344581432,-0.0088898615097751,0.0,0.001953125,-1.0,10,5000,,0.029296875
discovery,mar,0.2,corr_rv,True,SimpleMean,"KNN(k=5,dist)",0.948716014990462,0.976715868551162,-0.0279998535606998,-0.0293340818578935,-0.0265230285615446,0.0,0.001953125,-1.0,10,5000,,0.029296875
discovery,mar,0.2,corr_rv,True,SimpleMean,RFECA_SVR(k=5),0.948716014990462,0.9718248027986196,-0.0231087878081576,-0.0257872717541418,-0.0203261759566997,0.0,0.001953125,-1.0,10,5000,,0.029296875
discovery,mar,0.2,corr_rv,True,SimpleMean,RFECA_SVR(k=10),0.948716014990462,0.9663473544422616,-0.0176313394517994,-0.0199140910507212,-0.015162178552842,0.0,0.001953125,-1.0,10,5000,,0.029296875
discovery,mar,0.2,corr_rv,True,SimpleMean,RFECA_SVR(k=20),0.948716014990462,0.9533145528376432,-0.0045985378471813,-0.0072150707104534,-0.0019362424464278,4.0,0.013671875,-0.8545454545454545,10,5000,,0.029296875
discovery,mar,0.2,corr_rv,True,SimpleMean,MissForest,0.948716014990462,0.9819462641031208,-0.0332302491126587,-0.0347041169709402,-0.0317085241042037,0.0,0.001953125,-1.0,10,5000,,0.029296875
discovery,mar,0.2,corr_rv,True,"KNN(k=5,dist)",RFECA_SVR(k=5),0.976715868551162,0.9718248027986196,0.0048910657525421,0.0033527329646917,0.006284225629767,0.0,0.001953125,1.0,10,5000,,0.029296875
discovery,mar,0.2,corr_rv,True,"KNN(k=5,dist)",RFECA_SVR(k=10),0.976715868551162,0.9663473544422616,0.0103685141089003,0.0086953529745838,0.0119119815112921,0.0,0.001953125,1.0,10,5000,,0.029296875
discovery,mar,0.2,corr_rv,True,"KNN(k=5,dist)",RFECA_SVR(k=20),0.976715868551162,0.9533145528376432,0.0234013157135185,0.0213420718308845,0.0253159898614323,0.0,0.001953125,1.0,10,5000,,0.029296875
discovery,mar,0.2,corr_rv,True,"KNN(k=5,dist)",MissForest,0.976715868551162,0.9819462641031208,-0.0052303955519588,-0.0060147578279259,-0.0044478680910077,0.0,0.001953125,-1.0,10,5000,,0.029296875
discovery,mar,0.2,corr_rv,True,RFECA_SVR(k=5),RFECA_SVR(k=10),0.9718248027986196,0.9663473544422616,0.0054774483563582,0.0036826618532427,0.0073866003912626,0.0,0.001953125,1.0,10,5000,,0.029296875
discovery,mar,0.2,corr_rv,True,RFECA_SVR(k=5),RFECA_SVR(k=20),0.9718248027986196,0.9533145528376432,0.0185102499609763,0.0163768053587386,0.0207760915261347,0.0,0.001953125,1.0,10,5000,,0.029296875
discovery,mar,0.2,corr_rv,True,RFECA_SVR(k=5),MissForest,0.9718248027986196,0.9819462641031208,-0.010121461304501,-0.0118175206169158,-0.0082348957259245,0.0,0.001953125,-1.0,10,5000,,0.029296875
discovery,mar,0.2,corr_rv,True,RFECA_SVR(k=10),RFECA_SVR(k=20),0.9663473544422616,0.9533145528376432,0.0130328016046181,0.0121519893664257,0.0139024242065521,0.0,0.001953125,1.0,10,5000,,0.029296875
discovery,mar,0.2,corr_rv,True,RFECA_SVR(k=10),MissForest,0.9663473544422616,0.9819462641031208,-0.0155989096608592,-0.0169103343801043,-0.0141929001445914,0.0,0.001953125,-1.0,10,5000,,0.029296875
discovery,mar,0.2,corr_rv,True,RFECA_SVR(k=20),MissForest,0.9533145528376432,0.9819462641031208,-0.0286317112654774,-0.030392244557006,-0.0267560889589601,0.0,0.001953125,-1.0,10,5000,,0.029296875
discovery,mar,0.3,corr_rv,True,SimpleMean,"KNN(k=5,dist)",0.911659835749014,0.9633384089117574,-0.0516785731627435,-0.0539604514719723,-0.0492792464264245,0.0,0.001953125,-1.0,10,5000,,0.029296875
discovery,mar,0.3,corr_rv,True,SimpleMean,RFECA_SVR(k=5),0.911659835749014,0.9463820415615004,-0.0347222058124866,-0.0389404777125834,-0.0286800787215009,0.0,0.001953125,-1.0,10,5000,,0.029296875
discovery,mar,0.3,corr_rv,True,SimpleMean,RFECA_SVR(k=10),0.911659835749014,0.9295804394756876,-0.0179206037266736,-0.0234261154148202,-0.0121831454684361,1.0,0.00390625,-0.9636363636363636,10,5000,,0.029296875
discovery,mar,0.3,corr_rv,True,SimpleMean,RFECA_SVR(k=20),0.911659835749014,0.9139264296406088,-0.0022665938915947,-0.008029367132237,0.0039514696602179,21.0,0.556640625,-0.2363636363636363,10,5000,,0.556640625
discovery,mar,0.3,corr_rv,True,SimpleMean,MissForest,0.911659835749014,0.9711386610011562,-0.0594788252521422,-0.0612791617391355,-0.0578960347068551,0.0,0.001953125,-1.0,10,5000,,0.029296875
discovery,mar,0.3,corr_rv,True,"KNN(k=5,dist)",RFECA_SVR(k=5),0.9633384089117574,0.9463820415615004,0.0169563673502568,0.0129711674788408,0.0221191749236019,0.0,0.001953125,1.0,10,5000,,0.029296875
discovery,mar,0.3,corr_rv,True,"KNN(k=5,dist)",RFECA_SVR(k=10),0.9633384089117574,0.9295804394756876,0.0337579694360698,0.0284547447445229,0.0389986762279016,0.0,0.001953125,1.0,10,5000,,0.029296875
discovery,mar,0.3,corr_rv,True,"KNN(k=5,dist)",RFECA_SVR(k=20),0.9633384089117574,0.9139264296406088,0.0494119792711487,0.0437361854292863,0.0546972591359886,0.0,0.001953125,1.0,10,5000,,0.029296875
discovery,mar,0.3,corr_rv,True,"KNN(k=5,dist)",MissForest,0.9633384089117574,0.9711386610011562,-0.0078002520893987,-0.009410335334381,-0.0062366369187895,0.0,0.001953125,-1.0,10,5000,,0.029296875
discovery,mar,0.3,corr_rv,True,RFECA_SVR(k=5),RFECA_SVR(k=10),0.9463820415615004,0.9295804394756876,0.0168016020858129,0.0129434178894889,0.020820464787084,0.0,0.001953125,1.0,10,5000,,0.029296875
discovery,mar,0.3,corr_rv,True,RFECA_SVR(k=5),RFECA_SVR(k=20),0.9463820415615004,0.9139264296406088,0.0324556119208918,0.0280327594835992,0.0373046934040328,0.0,0.001953125,1.0,10,5000,,0.029296875
discovery,mar,0.3,corr_rv,True,RFECA_SVR(k=5),MissForest,0.9463820415615004,0.9711386610011562,-0.0247566194396556,-0.0308610260785179,-0.0202458108734092,0.0,0.001953125,-1.0,10,5000,,0.029296875
discovery,mar,0.3,corr_rv,True,RFECA_SVR(k=10),RFECA_SVR(k=20),0.9295804394756876,0.9139264296406088,0.0156540098350789,0.0123179569838477,0.0189680499518279,0.0,0.001953125,1.0,10,5000,,0.029296875
discovery,mar,0.3,corr_rv,True,RFECA_SVR(k=10),MissForest,0.9295804394756876,0.9711386610011562,-0.0415582215254685,-0.0472369385358048,-0.035927571917178,0.0,0.001953125,-1.0,10,5000,,0.029296875
discovery,mar,0.3,corr_rv,True,RFECA_SVR(k=20),MissForest,0.9139264296406088,0.9711386610011562,-0.0572122313605474,-0.0631836213346884,-0.0513993129516261,0.0,0.001953125,-1.0,10,5000,,0.029296875
metabric,mar,0.05,f1_macro,True,SimpleMean,"KNN(k=5,dist)",0.8807230463647768,0.8803363082962823,0.0003867380684944,-0.0023263072210735,0.002967816662662,21.0,0.556640625,0.2363636363636363,10,5000,,1.0
metabric,mar,0.05,f1_macro,True,SimpleMean,RFECA_SVR(k=5),0.8807230463647768,0.8801272587714714,0.0005957875933053,-0.0022651634485993,0.0028678829010342,18.0,0.375,0.3454545454545454,10,5000,,1.0
metabric,mar,0.05,f1_macro,True,SimpleMean,RFECA_SVR(k=10),0.8807230463647768,0.8812410534187956,-0.0005180070540189,-0.0024581272224597,0.0013848329734346,18.0,0.375,-0.3454545454545454,10,5000,,1.0
metabric,mar,0.05,f1_macro,True,SimpleMean,RFECA_SVR(k=20),0.8807230463647768,0.8816077162833883,-0.0008846699186116,-0.0047903543097725,0.0019594307540218,25.0,0.845703125,0.0909090909090909,10,5000,,1.0
metabric,mar,0.05,f1_macro,True,SimpleMean,MissForest,0.8807230463647768,0.8805805867748587,0.000142459589918,-0.0020634090323014,0.0020926511866239,24.0,0.76953125,0.1272727272727273,10,5000,,1.0
metabric,mar,0.05,f1_macro,True,"KNN(k=5,dist)",RFECA_SVR(k=5),0.8803363082962823,0.8801272587714714,0.0002090495248109,-0.0017194753347022,0.0019948724415243,26.0,0.921875,0.0545454545454545,10,5000,,1.0
metabric,mar,0.05,f1_macro,True,"KNN(k=5,dist)",RFECA_SVR(k=10),0.8803363082962823,0.8812410534187956,-0.0009047451225133,-0.0030514436671241,0.0012673748887609,21.0,0.556640625,-0.2363636363636363,10,5000,,1.0
metabric,mar,0.05,f1_macro,True,"KNN(k=5,dist)",RFECA_SVR(k=20),0.8803363082962823,0.8816077162833883,-0.001271407987106,-0.0037107332755698,0.0011883348584437,20.0,0.4921875,-0.2727272727272727,10,5000,,1.0
metabric,mar,0.05,f1_macro,True,"KNN(k=5,dist)",MissForest,0.8803363082962823,0.8805805867748587,-0.0002442784785764,-0.0026893232404346,0.0022191949937709,23.0,0.6953125,-0.1636363636363635,10,5000,,1.0
metabric,mar,0.05,f1_macro,True,RFECA_SVR(k=5),RFECA_SVR(k=10),0.8801272587714714,0.8812410534187956,-0.0011137946473243,-0.0029396026751121,0.0007478537832365,17.0,0.322265625,-0.3818181818181818,10,5000,,1.0
metabric,mar,0.05,f1_macro,True,RFECA_SVR(k=5),RFECA_SVR(k=20),0.8801272587714714,0.8816077162833883,-0.0014804575119169,-0.0033393503954513,0.0002203534471964,15.0,0.232421875,-0.4545454545454546,10,5000,,1.0
metabric,mar,0.05,f1_macro,True,RFECA_SVR(k=5),MissForest,0.8801272587714714,0.8805805867748587,-0.0004533280033873,-0.001717394934508,0.0010270694933479,19.0,0.431640625,-0.3090909090909091,10,5000,,1.0
metabric,mar,0.05,f1_macro,True,RFECA_SVR(k=10),RFECA_SVR(k=20),0.8812410534187956,0.8816077162833883,-0.0003666628645926,-0.002728339788282,0.0015402158395777,27.0,1.0,-0.018181818181818,10,5000,,1.0
metabric,mar,0.05,f1_macro,True,RFECA_SVR(k=10),MissForest,0.8812410534187956,0.8805805867748587,0.0006604666439369,-0.0012390199641352,0.0025856584535922,21.0,0.556640625,0.2363636363636363,10,5000,,1.0
metabric,mar,0.05,f1_macro,True,RFECA_SVR(k=20),MissForest,0.8816077162833883,0.8805805867748587,0.0010271295085296,-0.0010139441671272,0.0031705096884642,20.0,0.4921875,0.2727272727272727,10,5000,,1.0
metabric,mar,0.1,f1_macro,True,SimpleMean,"KNN(k=5,dist)",0.8743290626841953,0.8778545991857504,-0.003525536501555,-0.0063522186096633,-0.0005836089453752,12.0,0.130859375,-0.5636363636363637,10,5000,,1.0
metabric,mar,0.1,f1_macro,True,SimpleMean,RFECA_SVR(k=5),0.8743290626841953,0.8787595376156411,-0.0044304749314457,-0.007497743900414,-0.0010839935134236,8.0,0.048828125,-0.709090909090909,10,5000,,0.68359375
metabric,mar,0.1,f1_macro,True,SimpleMean,RFECA_SVR(k=10),0.8743290626841953,0.8768648126699196,-0.0025357499857243,-0.0057749133041246,0.0012902593617204,13.0,0.16015625,-0.5272727272727273,10,5000,,1.0
metabric,mar,0.1,f1_macro,True,SimpleMean,RFECA_SVR(k=20),0.8743290626841953,0.8779987803856862,-0.003669717701491,-0.0069162117770342,8.297510591392735e-05,10.0,0.083984375,-0.6363636363636365,10,5000,,1.0
metabric,mar,0.1,f1_macro,True,SimpleMean,MissForest,0.8743290626841953,0.8791786876085735,-0.0048496249243784,-0.0081871032743709,-0.0010141124294703,6.0,0.02734375,-0.7818181818181817,10,5000,,0.41015625
metabric,mar,0.1,f1_macro,True,"KNN(k=5,dist)",RFECA_SVR(k=5),0.8778545991857504,0.8787595376156411,-0.0009049384298907,-0.0024867976031122,0.0009822264103554,15.0,0.232421875,-0.4545454545454546,10,5000,,1.0
metabric,mar,0.1,f1_macro,True,"KNN(k=5,dist)",RFECA_SVR(k=10),0.8778545991857504,0.8768648126699196,0.0009897865158306,-0.0007429095985591,0.0028960651173579,18.0,0.375,0.3454545454545454,10,5000,,1.0
metabric,mar,0.1,f1_macro,True,"KNN(k=5,dist)",RFECA_SVR(k=20),0.8778545991857504,0.8779987803856862,-0.000144181199936,-0.0025586846307046,0.002290172297468,25.0,0.845703125,-0.0909090909090908,10,5000,,1.0
metabric,mar,0.1,f1_macro,True,"KNN(k=5,dist)",MissForest,0.8778545991857504,0.8791786876085735,-0.0013240884228233,-0.003333589958583,0.0005480579396068,17.0,0.322265625,-0.3818181818181818,10,5000,,1.0
metabric,mar,0.1,f1_macro,True,RFECA_SVR(k=5),RFECA_SVR(k=10),0.8787595376156411,0.8768648126699196,0.0018947249457213,-0.0005707555068528,0.0042618796171867,15.0,0.232421875,0.4545454545454546,10,5000,,1.0
metabric,mar,0.1,f1_macro,True,RFECA_SVR(k=5),RFECA_SVR(k=20),0.8787595376156411,0.8779987803856862,0.0007607572299547,-0.0027374984274383,0.0042994992372129,23.0,0.6953125,0.1636363636363637,10,5000,,1.0
metabric,mar,0.1,f1_macro,True,RFECA_SVR(k=5),MissForest,0.8787595376156411,0.8791786876085735,-0.0004191499929326,-0.0036245235014562,0.0024824950174637,27.0,1.0,-0.018181818181818,10,5000,,1.0
metabric,mar,0.1,f1_macro,True,RFECA_SVR(k=10),RFECA_SVR(k=20),0.8768648126699196,0.8779987803856862,-0.0011339677157666,-0.0028409503882343,0.0007087379206256,15.0,0.232421875,-0.4545454545454546,10,5000,,1.0
metabric,mar,0.1,f1_macro,True,RFECA_SVR(k=10),MissForest,0.8768648126699196,0.8791786876085735,-0.002313874938654,-0.004057329078032,-0.0007065093918336,9.0,0.064453125,-0.6727272727272726,10,5000,,0.837890625
metabric,mar,0.1,f1_macro,True,RFECA_SVR(k=20),MissForest,0.8779987803856862,0.8791786876085735,-0.0011799072228873,-0.0027580566116663,0.0004496456640801,13.0,0.16015625,-0.5272727272727273,10,5000,,1.0
metabric,mar,0.2,f1_macro,True,SimpleMean,"KNN(k=5,dist)",0.8635717320954566,0.8721681465435436,-0.0085964144480871,-0.009888495546424,-0.0067961502867693,0.0,0.001953125,-1.0,10,5000,,0.029296875
metabric,mar,0.2,f1_macro,True,SimpleMean,RFECA_SVR(k=5),0.8635717320954566,0.8708808668237511,-0.0073091347282945,-0.0099213303436063,-0.0049444892515329,0.0,0.001953125,-1.0,10,5000,,0.029296875
metabric,mar,0.2,f1_macro,True,SimpleMean,RFECA_SVR(k=10),0.8635717320954566,0.8709077508526741,-0.0073360187572175,-0.0112298081070421,-0.0038672690187053,1.0,0.00390625,-0.9636363636363636,10,5000,,0.046875
metabric,mar,0.2,f1_macro,True,SimpleMean,RFECA_SVR(k=20),0.8635717320954566,0.8710153657068591,-0.0074436336114025,-0.0112054988562423,-0.0045234423125546,0.0,0.001953125,-1.0,10,5000,,0.029296875
metabric,mar,0.2,f1_macro,True,SimpleMean,MissForest,0.8635717320954566,0.8707923202001207,-0.0072205881046641,-0.0109829945241219,-0.0039461190679284,1.0,0.00390625,-0.9636363636363636,10,5000,,0.046875
metabric,mar,0.2,f1_macro,True,"KNN(k=5,dist)",RFECA_SVR(k=5),0.8721681465435436,0.8708808668237511,0.0012872797197926,-0.0011662085924804,0.0035696642960964,18.0,0.375,0.3454545454545454,10,5000,,1.0
metabric,mar,0.2,f1_macro,True,"KNN(k=5,dist)",RFECA_SVR(k=10),0.8721681465435436,0.8709077508526741,0.0012603956908696,-0.0022867545099221,0.0042743011334196,16.0,0.275390625,0.4181818181818182,10,5000,,1.0
metabric,mar,0.2,f1_macro,True,"KNN(k=5,dist)",RFECA_SVR(k=20),0.8721681465435436,0.8710153657068591,0.0011527808366846,-0.0025333953124666,0.004150699800992,19.0,0.431640625,0.3090909090909091,10,5000,,1.0
metabric,mar,0.2,f1_macro,True,"KNN(k=5,dist)",MissForest,0.8721681465435436,0.8707923202001207,0.001375826343423,-0.0019003646047935,0.0044168895645137,19.0,0.431640625,0.3090909090909091,10,5000,,1.0
metabric,mar,0.2,f1_macro,True,RFECA_SVR(k=5),RFECA_SVR(k=10),0.8708808668237511,0.8709077508526741,-2.6884028923024327e-05,-0.0027448856536946,0.0024338458091029,26.0,0.921875,0.0545454545454545,10,5000,,1.0
metabric,mar,0.2,f1_macro,True,RFECA_SVR(k=5),RFECA_SVR(k=20),0.8708808668237511,0.8710153657068591,-0.000134498883108,-0.0029052725023602,0.0026187245372902,26.0,0.921875,-0.0545454545454544,10,5000,,1.0
metabric,mar,0.2,f1_macro,True,RFECA_SVR(k=5),MissForest,0.8708808668237511,0.8707923202001207,8.854662363043664e-05,-0.0026577687703738,0.0027050972451945,27.0,1.0,0.0181818181818181,10,5000,,1.0
metabric,mar,0.2,f1_macro,True,RFECA_SVR(k=10),RFECA_SVR(k=20),0.8709077508526741,0.8710153657068591,-0.0001076148541849,-0.0019234947402147,0.0017091187460646,25.0,0.845703125,-0.0909090909090908,10,5000,,1.0
metabric,mar,0.2,f1_macro,True,RFECA_SVR(k=10),MissForest,0.8709077508526741,0.8707923202001207,0.0001154306525534,-0.0026757010132291,0.0036425129079221,20.0,0.4921875,-0.2727272727272727,10,5000,,1.0
metabric,mar,0.2,f1_macro,True,RFECA_SVR(k=20),MissForest,0.8710153657068591,0.8707923202001207,0.0002230455067384,-0.0028455597606014,0.0037061732369166,27.0,1.0,-0.018181818181818,10,5000,,1.0
metabric,mar,0.3,f1_macro,True,SimpleMean,"KNN(k=5,dist)",0.8480200851951301,0.848245423395533,-0.0002253382004031,-0.0049890127350627,0.0056066138082672,25.0,0.845703125,-0.0909090909090908,10,5000,,1.0
metabric,mar,0.3,f1_macro,True,SimpleMean,RFECA_SVR(k=5),0.8480200851951301,0.8557480643509361,-0.0077279791558062,-0.0128668820003032,-0.0031354258235025,3.0,0.009765625,-0.8909090909090909,10,5000,,0.087890625
metabric,mar,0.3,f1_macro,True,SimpleMean,RFECA_SVR(k=10),0.8480200851951301,0.8576248921493402,-0.0096048069542103,-0.014528622179787,-0.0052001689099859,0.0,0.001953125,-1.0,10,5000,,0.029296875
metabric,mar,0.3,f1_macro,True,SimpleMean,RFECA_SVR(k=20),0.8480200851951301,0.8585895875390565,-0.0105695023439263,-0.0171093900691745,-0.0048435033684722,3.0,0.009765625,-0.8909090909090909,10,5000,,0.087890625
metabric,mar,0.3,f1_macro,True,SimpleMean,MissForest,0.8480200851951301,0.8606189427022096,-0.0125988575070796,-0.0172290604351675,-0.0085581907982866,0.0,0.001953125,-1.0,10,5000,,0.029296875
metabric,mar,0.3,f1_macro,True,"KNN(k=5,dist)",RFECA_SVR(k=5),0.848245423395533,0.8557480643509361,-0.0075026409554031,-0.0113327599679953,-0.0042550634429359,0.0,0.001953125,-1.0,10,5000,,0.029296875
metabric,mar,0.3,f1_macro,True,"KNN(k=5,dist)",RFECA_SVR(k=10),0.848245423395533,0.8576248921493402,-0.0093794687538071,-0.0139397400071485,-0.0051590143110899,1.0,0.00390625,-0.9636363636363636,10,5000,,0.04296875
metabric,mar,0.3,f1_macro,True,"KNN(k=5,dist)",RFECA_SVR(k=20),0.848245423395533,0.8585895875390565,-0.0103441641435231,-0.0146646553180645,-0.0057217210984084,2.0,0.005859375,-0.9272727272727272,10,5000,,0.05859375
metabric,mar,0.3,f1_macro,True,"KNN(k=5,dist)",MissForest,0.848245423395533,0.8606189427022096,-0.0123735193066764,-0.0161712272186974,-0.0087198444415691,0.0,0.001953125,-1.0,10,5000,,0.029296875
metabric,mar,0.3,f1_macro,True,RFECA_SVR(k=5),RFECA_SVR(k=10),0.8557480643509361,0.8576248921493402,-0.001876827798404,-0.0038324368488685,0.0004542270151552,13.0,0.16015625,-0.5272727272727273,10,5000,,0.9609375
metabric,mar,0.3,f1_macro,True,RFECA_SVR(k=5),RFECA_SVR(k=20),0.8557480643509361,0.8585895875390565,-0.00284152318812,-0.0054666160104114,0.0002647307044308,15.0,0.232421875,-0.4545454545454546,10,5000,,0.9609375
metabric,mar,0.3,f1_macro,True,RFECA_SVR(k=5),MissForest,0.8557480643509361,0.8606189427022096,-0.0048708783512733,-0.0083192642572404,-0.001825214456086,5.0,0.01953125,-0.8181818181818181,10,5000,,0.13671875
metabric,mar,0.3,f1_macro,True,RFECA_SVR(k=10),RFECA_SVR(k=20),0.8576248921493402,0.8585895875390565,-0.000964695389716,-0.0029028984990392,0.001202823910794,20.0,0.4921875,-0.2727272727272727,10,5000,,1.0
metabric,mar,0.3,f1_macro,True,RFECA_SVR(k=10),MissForest,0.8576248921493402,0.8606189427022096,-0.0029940505528693,-0.0061260605442798,0.0003190192419276,13.0,0.16015625,-0.5272727272727273,10,5000,,0.9609375
metabric,mar,0.3,f1_macro,True,RFECA_SVR(k=20),MissForest,0.8585895875390565,0.8606189427022096,-0.0020293551631533,-0.0059765918292237,0.0015962982675143,21.0,0.556640625,-0.2363636363636363,10,5000,,1.0
metabric,mar,0.05,rmse,False,SimpleMean,"KNN(k=5,dist)",1.1688933346254948,0.699695891558898,0.4691974430665969,0.4600558427342908,0.4789911582543935,0.0,0.001953125,1.0,10,5000,,0.029296875
metabric,mar,0.05,rmse,False,SimpleMean,RFECA_SVR(k=5),1.1688933346254948,0.7213461886337341,0.4475471459917607,0.4358480866916343,0.4580990657786012,0.0,0.001953125,1.0,10,5000,,0.029296875
metabric,mar,0.05,rmse,False,SimpleMean,RFECA_SVR(k=10),1.1688933346254948,0.7054996376019977,0.4633936970234971,0.4540733538734198,0.4721243405107684,0.0,0.001953125,1.0,10,5000,,0.029296875
metabric,mar,0.05,rmse,False,SimpleMean,RFECA_SVR(k=20),1.1688933346254948,0.7002640860420702,0.4686292485834246,0.460795955159487,0.4759399591824587,0.0,0.001953125,1.0,10,5000,,0.029296875
metabric,mar,0.05,rmse,False,SimpleMean,MissForest,1.1688933346254948,0.6290763935180603,0.5398169411074345,0.529729027910454,0.5503744686788291,0.0,0.001953125,1.0,10,5000,,0.029296875
metabric,mar,0.05,rmse,False,"KNN(k=5,dist)",RFECA_SVR(k=5),0.699695891558898,0.7213461886337341,-0.021650297074836,-0.0283408491393685,-0.0154861308366813,0.0,0.001953125,-1.0,10,5000,,0.029296875
metabric,mar,0.05,rmse,False,"KNN(k=5,dist)",RFECA_SVR(k=10),0.699695891558898,0.7054996376019977,-0.0058037460430997,-0.010966719821816,-0.0008156062170779,9.0,0.064453125,-0.6727272727272726,10,5000,,0.12890625
metabric,mar,0.05,rmse,False,"KNN(k=5,dist)",RFECA_SVR(k=20),0.699695891558898,0.7002640860420702,-0.0005681944831722,-0.0071559491631677,0.0047658841818605,23.0,0.6953125,0.1636363636363637,10,5000,,0.6953125
metabric,mar,0.05,rmse,False,"KNN(k=5,dist)",MissForest,0.699695891558898,0.6290763935180603,0.0706194980408376,0.0659734730920957,0.0760646067540271,0.0,0.001953125,1.0,10,5000,,0.029296875
metabric,mar,0.05,rmse,False,RFECA_SVR(k=5),RFECA_SVR(k=10),0.7213461886337341,0.7054996376019977,0.0158465510317363,0.0127762901893599,0.0192438794910285,0.0,0.001953125,1.0,10,5000,,0.029296875
metabric,mar,0.05,rmse,False,RFECA_SVR(k=5),RFECA_SVR(k=20),0.7213461886337341,0.7002640860420702,0.0210821025916638,0.0163029639090126,0.0261800441703384,0.0,0.001953125,1.0,10,5000,,0.029296875
metabric,mar,0.05,rmse,False,RFECA_SVR(k=5),MissForest,0.7213461886337341,0.6290763935180603,0.0922697951156737,0.0854461136769857,0.0983302320904416,0.0,0.001953125,1.0,10,5000,,0.029296875
metabric,mar,0.05,rmse,False,RFECA_SVR(k=10),RFECA_SVR(k=20),0.7054996376019977,0.7002640860420702,0.0052355515599274,0.0021599314438627,0.0088720091086175,4.0,0.013671875,0.8545454545454545,10,5000,,0.041015625
metabric,mar,0.05,rmse,False,RFECA_SVR(k=10),MissForest,0.7054996376019977,0.6290763935180603,0.0764232440839373,0.0701168580446722,0.0830744454611549,0.0,0.001953125,1.0,10,5000,,0.029296875
metabric,mar,0.05,rmse,False,RFECA_SVR(k=20),MissForest,0.7002640860420702,0.6290763935180603,0.0711876925240098,0.0646136015524881,0.0787055173653655,0.0,0.001953125,1.0,10,5000,,0.029296875
metabric,mar,0.1,rmse,False,SimpleMean,"KNN(k=5,dist)",1.1602141435329831,0.7098662056262381,0.450347937906745,0.4453996077103513,0.4547867074982126,0.0,0.001953125,1.0,10,5000,,0.029296875
metabric,mar,0.1,rmse,False,SimpleMean,RFECA_SVR(k=5),1.1602141435329831,0.7413737203136193,0.4188404232193639,0.4134122319338639,0.4237319757619194,0.0,0.001953125,1.0,10,5000,,0.029296875
metabric,mar,0.1,rmse,False,SimpleMean,RFECA_SVR(k=10),1.1602141435329831,0.7191646774100003,0.4410494661229828,0.4359695460992689,0.4457556490820749,0.0,0.001953125,1.0,10,5000,,0.029296875
metabric,mar,0.1,rmse,False,SimpleMean,RFECA_SVR(k=20),1.1602141435329831,0.717180193815534,0.443033949717449,0.4379014813491685,0.4481726424603798,0.0,0.001953125,1.0,10,5000,,0.029296875
metabric,mar,0.1,rmse,False,SimpleMean,MissForest,1.1602141435329831,0.6427895028879883,0.5174246406449948,0.5123869852481238,0.5226064728121859,0.0,0.001953125,1.0,10,5000,,0.029296875
metabric,mar,0.1,rmse,False,"KNN(k=5,dist)",RFECA_SVR(k=5),0.7098662056262381,0.7413737203136193,-0.031507514687381,-0.0358721218246381,-0.0273999386002484,0.0,0.001953125,-1.0,10,5000,,0.029296875
metabric,mar,0.1,rmse,False,"KNN(k=5,dist)",RFECA_SVR(k=10),0.7098662056262381,0.7191646774100003,-0.0092984717837621,-0.0127419682755806,-0.0061007570872673,0.0,0.001953125,-1.0,10,5000,,0.029296875
metabric,mar,0.1,rmse,False,"KNN(k=5,dist)",RFECA_SVR(k=20),0.7098662056262381,0.717180193815534,-0.0073139881892959,-0.0110553360602545,-0.0039087352389506,1.0,0.00390625,-0.9636363636363636,10,5000,,0.029296875
metabric,mar,0.1,rmse,False,"KNN(k=5,dist)",MissForest,0.7098662056262381,0.6427895028879883,0.0670767027382498,0.0640082386096508,0.0698397475414734,0.0,0.001953125,1.0,10,5000,,0.029296875
metabric,mar,0.1,rmse,False,RFECA_SVR(k=5),RFECA_SVR(k=10),0.7413737203136193,0.7191646774100003,0.0222090429036188,0.0203170478649064,0.0241379683952444,0.0,0.001953125,1.0,10,5000,,0.029296875
metabric,mar,0.1,rmse,False,RFECA_SVR(k=5),RFECA_SVR(k=20),0.7413737203136193,0.717180193815534,0.0241935264980851,0.0203425771901484,0.0281837374975574,0.0,0.001953125,1.0,10,5000,,0.029296875
metabric,mar,0.1,rmse,False,RFECA_SVR(k=5),MissForest,0.7413737203136193,0.6427895028879883,0.0985842174256308,0.0944476115572297,0.1028129716067612,0.0,0.001953125,1.0,10,5000,,0.029296875
metabric,mar,0.1,rmse,False,RFECA_SVR(k=10),RFECA_SVR(k=20),0.7191646774100003,0.717180193815534,0.0019844835944662,-0.000740990851758,0.0048626577589142,13.0,0.16015625,0.5272727272727273,10,5000,,0.16015625
metabric,mar,0.1,rmse,False,RFECA_SVR(k=10),MissForest,0.7191646774100003,0.6427895028879883,0.0763751745220119,0.0731546544967876,0.0795119579362033,0.0,0.001953125,1.0,10,5000,,0.029296875
metabric,mar,0.1,rmse,False,RFECA_SVR(k=20),MissForest,0.717180193815534,0.6427895028879883,0.0743906909275457,0.0706956369887903,0.0785067924086614,0.0,0.001953125,1.0,10,5000,,0.029296875
metabric,mar,0.2,rmse,False,SimpleMean,"KNN(k=5,dist)",1.1491114075405715,0.7507455341014431,0.3983658734391282,0.3912154577573486,0.4052527115422985,0.0,0.001953125,1.0,10,5000,,0.029296875
metabric,mar,0.2,rmse,False,SimpleMean,RFECA_SVR(k=5),1.1491114075405715,0.7872681454981779,0.3618432620423935,0.3575204572183367,0.3664476715497754,0.0,0.001953125,1.0,10,5000,,0.029296875
metabric,mar,0.2,rmse,False,SimpleMean,RFECA_SVR(k=10),1.1491114075405715,0.7637784680682839,0.3853329394722875,0.3806285075164013,0.3896447117476881,0.0,0.001953125,1.0,10,5000,,0.029296875
metabric,mar,0.2,rmse,False,SimpleMean,RFECA_SVR(k=20),1.1491114075405715,0.767282303725871,0.3818291038147003,0.3774739928071219,0.3860432657456119,0.0,0.001953125,1.0,10,5000,,0.029296875
metabric,mar,0.2,rmse,False,SimpleMean,MissForest,1.1491114075405715,0.6721495670652327,0.4769618404753387,0.4724825763669077,0.4820602754426821,0.0,0.001953125,1.0,10,5000,,0.029296875
metabric,mar,0.2,rmse,False,"KNN(k=5,dist)",RFECA_SVR(k=5),0.7507455341014431,0.7872681454981779,-0.0365226113967348,-0.0456976133633236,-0.0271797699841369,0.0,0.001953125,-1.0,10,5000,,0.029296875
metabric,mar,0.2,rmse,False,"KNN(k=5,dist)",RFECA_SVR(k=10),0.7507455341014431,0.7637784680682839,-0.0130329339668407,-0.0212019750757972,-0.0043879930895742,5.0,0.01953125,-0.8181818181818181,10,5000,,0.029296875
metabric,mar,0.2,rmse,False,"KNN(k=5,dist)",RFECA_SVR(k=20),0.7507455341014431,0.767282303725871,-0.0165367696244278,-0.0249880115704381,-0.0079957973628286,3.0,0.009765625,-0.8909090909090909,10,5000,,0.029296875
metabric,mar,0.2,rmse,False,"KNN(k=5,dist)",MissForest,0.7507455341014431,0.6721495670652327,0.0785959670362105,0.0708921529362562,0.0862627479467351,0.0,0.001953125,1.0,10,5000,,0.029296875
metabric,mar,0.2,rmse,False,RFECA_SVR(k=5),RFECA_SVR(k=10),0.7872681454981779,0.7637784680682839,0.023489677429894,0.0208329078496613,0.0263585564770686,0.0,0.001953125,1.0,10,5000,,0.029296875
metabric,mar,0.2,rmse,False,RFECA_SVR(k=5),RFECA_SVR(k=20),0.7872681454981779,0.767282303725871,0.0199858417723069,0.0179132682677714,0.0221878820358298,0.0,0.001953125,1.0,10,5000,,0.029296875
metabric,mar,0.2,rmse,False,RFECA_SVR(k=5),MissForest,0.7872681454981779,0.6721495670652327,0.1151185784329453,0.1105586133252843,0.1194650624133145,0.0,0.001953125,1.0,10,5000,,0.029296875
metabric,mar,0.2,rmse,False,RFECA_SVR(k=10),RFECA_SVR(k=20),0.7637784680682839,0.767282303725871,-0.003503835657587,-0.0050661862773127,-0.0019702253531265,3.0,0.009765625,-0.8909090909090909,10,5000,,0.029296875
metabric,mar,0.2,rmse,False,RFECA_SVR(k=10),MissForest,0.7637784680682839,0.6721495670652327,0.0916289010030513,0.0884833561298091,0.0944937497102791,0.0,0.001953125,1.0,10,5000,,0.029296875
metabric,mar,0.2,rmse,False,RFECA_SVR(k=20),MissForest,0.767282303725871,0.6721495670652327,0.0951327366606383,0.0911004928742352,0.0990110197964928,0.0,0.001953125,1.0,10,5000,,0.029296875
metabric,mar,0.3,rmse,False,SimpleMean,"KNN(k=5,dist)",1.143003217234177,0.856710260394444,0.2862929568397331,0.274257444182072,0.2972834094829421,0.0,0.001953125,1.0,10,5000,,0.029296875
metabric,mar,0.3,rmse,False,SimpleMean,RFECA_SVR(k=5),1.143003217234177,0.8350534197823981,0.3079497974517788,0.3043659210351822,0.3117651775295142,0.0,0.001953125,1.0,10,5000,,0.029296875
metabric,mar,0.3,rmse,False,SimpleMean,RFECA_SVR(k=10),1.143003217234177,0.8100384200337606,0.3329647972004163,0.3306285627314375,0.3353195868203309,0.0,0.001953125,1.0,10,5000,,0.029296875
metabric,mar,0.3,rmse,False,SimpleMean,RFECA_SVR(k=20),1.143003217234177,0.8155719327206805,0.3274312845134964,0.3244003805149232,0.3302713336027927,0.0,0.001953125,1.0,10,5000,,0.029296875
metabric,mar,0.3,rmse,False,SimpleMean,MissForest,1.143003217234177,0.7052613170597014,0.4377419001744757,0.4335196450347666,0.4414920891758678,0.0,0.001953125,1.0,10,5000,,0.029296875
metabric,mar,0.3,rmse,False,"KNN(k=5,dist)",RFECA_SVR(k=5),0.856710260394444,0.8350534197823981,0.0216568406120456,0.0098150352067067,0.0343946467765379,3.0,0.009765625,0.8909090909090909,10,5000,,0.029296875
metabric,mar,0.3,rmse,False,"KNN(k=5,dist)",RFECA_SVR(k=10),0.856710260394444,0.8100384200337606,0.0466718403606831,0.0367655321898206,0.0580746405792098,0.0,0.001953125,1.0,10,5000,,0.029296875
metabric,mar,0.3,rmse,False,"KNN(k=5,dist)",RFECA_SVR(k=20),0.856710260394444,0.8155719327206805,0.0411383276737632,0.0314922618841034,0.0529996198158356,0.0,0.001953125,1.0,10,5000,,0.029296875
metabric,mar,0.3,rmse,False,"KNN(k=5,dist)",MissForest,0.856710260394444,0.7052613170597014,0.1514489433347425,0.1425440203929285,0.1614773927928766,0.0,0.001953125,1.0,10,5000,,0.029296875
metabric,mar,0.3,rmse,False,RFECA_SVR(k=5),RFECA_SVR(k=10),0.8350534197823981,0.8100384200337606,0.0250149997486374,0.0222259990447572,0.0282336327293329,0.0,0.001953125,1.0,10,5000,,0.029296875
metabric,mar,0.3,rmse,False,RFECA_SVR(k=5),RFECA_SVR(k=20),0.8350534197823981,0.8155719327206805,0.0194814870617175,0.0152970184613917,0.0240285640242773,0.0,0.001953125,1.0,10,5000,,0.029296875
metabric,mar,0.3,rmse,False,RFECA_SVR(k=5),MissForest,0.8350534197823981,0.7052613170597014,0.1297921027226968,0.1240938898409323,0.1359183092503543,0.0,0.001953125,1.0,10,5000,,0.029296875
metabric,mar,0.3,rmse,False,RFECA_SVR(k=10),RFECA_SVR(k=20),0.8100384200337606,0.8155719327206805,-0.0055335126869198,-0.0077128070542902,-0.0035371212887931,0.0,0.001953125,-1.0,10,5000,,0.029296875
metabric,mar,0.3,rmse,False,RFECA_SVR(k=10),MissForest,0.8100384200337606,0.7052613170597014,0.1047771029740593,0.100819559471509,0.1087230499398057,0.0,0.001953125,1.0,10,5000,,0.029296875
metabric,mar,0.3,rmse,False,RFECA_SVR(k=20),MissForest,0.8155719327206805,0.7052613170597014,0.1103106156609792,0.1072092718102124,0.1134419558781641,0.0,0.001953125,1.0,10,5000,,0.029296875
metabric,mar,0.05,corr_rv,True,SimpleMean,"KNN(k=5,dist)",0.997764744198776,0.9993058780812966,-0.0015411338825204,-0.0016291383854074,-0.0014534999787831,0.0,0.001953125,-1.0,10,5000,,0.029296875
metabric,mar,0.05,corr_rv,True,SimpleMean,RFECA_SVR(k=5),0.997764744198776,0.9992451360003856,-0.0014803918016093,-0.0015686460560242,-0.0013963644151188,0.0,0.001953125,-1.0,10,5000,,0.029296875
metabric,mar,0.05,corr_rv,True,SimpleMean,RFECA_SVR(k=10),0.997764744198776,0.9992936555593148,-0.0015289113605384,-0.0016124193963043,-0.0014473935467083,0.0,0.001953125,-1.0,10,5000,,0.029296875
metabric,mar,0.05,corr_rv,True,SimpleMean,RFECA_SVR(k=20),0.997764744198776,0.9993210733502712,-0.0015563291514948,-0.0016301635351597,-0.0014813486914418,0.0,0.001953125,-1.0,10,5000,,0.029296875
metabric,mar,0.05,corr_rv,True,SimpleMean,MissForest,0.997764744198776,0.9994367754978134,-0.0016720312990371,-0.0017631753684232,-0.0015825368265318,0.0,0.001953125,-1.0,10,5000,,0.029296875
metabric,mar,0.05,corr_rv,True,"KNN(k=5,dist)",RFECA_SVR(k=5),0.9993058780812966,0.9992451360003856,6.074208091104705e-05,4.700036359565424e-05,7.558898938316877e-05,0.0,0.001953125,1.0,10,5000,,0.029296875
metabric,mar,0.05,corr_rv,True,"KNN(k=5,dist)",RFECA_SVR(k=10),0.9993058780812966,0.9992936555593148,1.222252198190832e-05,-9.895297630982402e-07,2.7303989232354275e-05,15.0,0.232421875,0.4545454545454546,10,5000,,0.232421875
metabric,mar,0.05,corr_rv,True,"KNN(k=5,dist)",RFECA_SVR(k=20),0.9993058780812966,0.9993210733502712,-1.5195268974488308e-05,-2.7956711546874293e-05,-7.115702866455961e-07,9.0,0.064453125,-0.6727272727272726,10,5000,,0.12890625
metabric,mar,0.05,corr_rv,True,"KNN(k=5,dist)",MissForest,0.9993058780812966,0.9994367754978134,-0.0001308974165166,-0.0001488645109199,-0.0001118233865225,0.0,0.001953125,-1.0,10,5000,,0.029296875
metabric,mar,0.05,corr_rv,True,RFECA_SVR(k=5),RFECA_SVR(k=10),0.9992451360003856,0.9992936555593148,-4.851955892913873e-05,-5.731706988532703e-05,-4.057187985685663e-05,0.0,0.001953125,-1.0,10,5000,,0.029296875
metabric,mar,0.05,corr_rv,True,RFECA_SVR(k=5),RFECA_SVR(k=20),0.9992451360003856,0.9993210733502712,-7.593734988553535e-05,-9.073178331750364e-05,-5.798986874639146e-05,0.0,0.001953125,-1.0,10,5000,,0.029296875
metabric,mar,0.05,corr_rv,True,RFECA_SVR(k=5),MissForest,0.9992451360003856,0.9994367754978134,-0.0001916394974277,-0.0002096808725371,-0.0001729403928329,0.0,0.001953125,-1.0,10,5000,,0.029296875
metabric,mar,0.05,corr_rv,True,RFECA_SVR(k=10),RFECA_SVR(k=20),0.9992936555593148,0.9993210733502712,-2.7417790956396627e-05,-4.205141197002326e-05,-1.2968096574156882e-05,4.0,0.013671875,-0.8545454545454545,10,5000,,0.041015625
metabric,mar,0.05,corr_rv,True,RFECA_SVR(k=10),MissForest,0.9992936555593148,0.9994367754978134,-0.0001431199384986,-0.0001618475973126,-0.0001227780068261,0.0,0.001953125,-1.0,10,5000,,0.029296875
metabric,mar,0.05,corr_rv,True,RFECA_SVR(k=20),MissForest,0.9993210733502712,0.9994367754978134,-0.0001157021475422,-0.0001362993438379,-9.415685392443504e-05,0.0,0.001953125,-1.0,10,5000,,0.029296875
metabric,mar,0.1,corr_rv,True,SimpleMean,"KNN(k=5,dist)",0.9942925728728254,0.9984620111159136,-0.0041694382430884,-0.0042923120543806,-0.0040187486933097,0.0,0.001953125,-1.0,10,5000,,0.029296875
metabric,mar,0.1,corr_rv,True,SimpleMean,RFECA_SVR(k=5),0.9942925728728254,0.9982069623234302,-0.0039143894506049,-0.004044466165736,-0.0037645910088088,0.0,0.001953125,-1.0,10,5000,,0.029296875
metabric,mar,0.1,corr_rv,True,SimpleMean,RFECA_SVR(k=10),0.9942925728728254,0.9983846503651442,-0.0040920774923189,-0.0042194942197457,-0.0039356913667394,0.0,0.001953125,-1.0,10,5000,,0.029296875
metabric,mar,0.1,corr_rv,True,SimpleMean,RFECA_SVR(k=20),0.9942925728728254,0.998448242547688,-0.0041556696748628,-0.004302810908361,-0.0039936040503228,0.0,0.001953125,-1.0,10,5000,,0.029296875
metabric,mar,0.1,corr_rv,True,SimpleMean,MissForest,0.9942925728728254,0.998757066163964,-0.0044644932911388,-0.004605207976964,-0.0042952842324623,0.0,0.001953125,-1.0,10,5000,,0.029296875
metabric,mar,0.1,corr_rv,True,"KNN(k=5,dist)",RFECA_SVR(k=5),0.9984620111159136,0.9982069623234302,0.0002550487924835,0.000213948418836,0.000292236281082,0.0,0.001953125,1.0,10,5000,,0.029296875
metabric,mar,0.1,corr_rv,True,"KNN(k=5,dist)",RFECA_SVR(k=10),0.9984620111159136,0.9983846503651442,7.736075076952842e-05,5.386418252707997e-05,0.0001031830189067,0.0,0.001953125,1.0,10,5000,,0.029296875
metabric,mar,0.1,corr_rv,True,"KNN(k=5,dist)",RFECA_SVR(k=20),0.9984620111159136,0.998448242547688,1.376856822568051e-05,-3.494650674744721e-05,6.751527792718481e-05,24.0,0.76953125,0.1272727272727273,10,5000,,0.76953125
metabric,mar,0.1,corr_rv,True,"KNN(k=5,dist)",MissForest,0.9984620111159136,0.998757066163964,-0.0002950550480503,-0.0003248267653817,-0.0002660694684076,0.0,0.001953125,-1.0,10,5000,,0.029296875
metabric,mar,0.1,corr_rv,True,RFECA_SVR(k=5),RFECA_SVR(k=10),0.9982069623234302,0.9983846503651442,-0.000177688041714,-0.0002031568516378,-0.0001527048515103,0.0,0.001953125,-1.0,10,5000,,0.029296875
metabric,mar,0.1,corr_rv,True,RFECA_SVR(k=5),RFECA_SVR(k=20),0.9982069623234302,0.998448242547688,-0.0002412802242578,-0.0002885961997854,-0.0001928444138739,0.0,0.001953125,-1.0,10,5000,,0.029296875
metabric,mar,0.1,corr_rv,True,RFECA_SVR(k=5),MissForest,0.9982069623234302,0.998757066163964,-0.0005501038405338,-0.0005922324688465,-0.000509072421831,0.0,0.001953125,-1.0,10,5000,,0.029296875
metabric,mar,0.1,corr_rv,True,RFECA_SVR(k=10),RFECA_SVR(k=20),0.9983846503651442,0.998448242547688,-6.359218254384791e-05,-0.0001027292493979,-2.287988268381198e-05,7.0,0.037109375,-0.7454545454545454,10,5000,,0.07421875
metabric,mar,0.1,corr_rv,True,RFECA_SVR(k=10),MissForest,0.9983846503651442,0.998757066163964,-0.0003724157988198,-0.0003955095359521,-0.0003460937317754,0.0,0.001953125,-1.0,10,5000,,0.029296875
metabric,mar,0.1,corr_rv,True,RFECA_SVR(k=20),MissForest,0.998448242547688,0.998757066163964,-0.000308823616276,-0.0003586856048485,-0.0002622421733046,0.0,0.001953125,-1.0,10,5000,,0.029296875
metabric,mar,0.2,corr_rv,True,SimpleMean,"KNN(k=5,dist)",0.9830501684053312,0.9961800963159358,-0.0131299279106046,-0.0134100917106386,-0.0128791215085654,0.0,0.001953125,-1.0,10,5000,,0.029296875
metabric,mar,0.2,corr_rv,True,SimpleMean,RFECA_SVR(k=5),0.9830501684053312,0.9953430321793106,-0.0122928637739792,-0.0125856798052036,-0.0120283572146913,0.0,0.001953125,-1.0,10,5000,,0.029296875
metabric,mar,0.2,corr_rv,True,SimpleMean,RFECA_SVR(k=10),0.9830501684053312,0.9958903125169472,-0.012840144111616,-0.0131443005206667,-0.0125530847234122,0.0,0.001953125,-1.0,10,5000,,0.029296875
metabric,mar,0.2,corr_rv,True,SimpleMean,RFECA_SVR(k=20),0.9830501684053312,0.9959980552093294,-0.0129478868039979,-0.0132838045566294,-0.0126365602277844,0.0,0.001953125,-1.0,10,5000,,0.029296875
metabric,mar,0.2,corr_rv,True,SimpleMean,MissForest,0.9830501684053312,0.9971128483385948,-0.0140626799332635,-0.0143991993000952,-0.0137681670858629,0.0,0.001953125,-1.0,10,5000,,0.029296875
metabric,mar,0.2,corr_rv,True,"KNN(k=5,dist)",RFECA_SVR(k=5),0.9961800963159358,0.9953430321793106,0.0008370641366253,0.0007035356662105,0.0009726217368609,0.0,0.001953125,1.0,10,5000,,0.029296875
metabric,mar,0.2,corr_rv,True,"KNN(k=5,dist)",RFECA_SVR(k=10),0.9961800963159358,0.9958903125169472,0.0002897837989885,0.0001708682968755,0.000388682970779,2.0,0.005859375,0.9272727272727272,10,5000,,0.029296875
metabric,mar,0.2,corr_rv,True,"KNN(k=5,dist)",RFECA_SVR(k=20),0.9961800963159358,0.9959980552093294,0.0001820411066066,3.537083986509176e-05,0.0003297095697925,7.0,0.037109375,0.7454545454545455,10,5000,,0.0546875
metabric,mar,0.2,corr_rv,True,"KNN(k=5,dist)",MissForest,0.9961800963159358,0.9971128483385948,-0.0009327520226589,-0.0010600943293629,-0.0008130744837875,0.0,0.001953125,-1.0,10,5000,,0.029296875
metabric,mar,0.2,corr_rv,True,RFECA_SVR(k=5),RFECA_SVR(k=10),0.9953430321793106,0.9958903125169472,-0.0005472803376368,-0.000618427845831,-0.0004663919967687,0.0,0.001953125,-1.0,10,5000,,0.029296875
metabric,mar,0.2,corr_rv,True,RFECA_SVR(k=5),RFECA_SVR(k=20),0.9953430321793106,0.9959980552093294,-0.0006550230300186,-0.0007564855935901,-0.0005616692580005,0.0,0.001953125,-1.0,10,5000,,0.029296875
metabric,mar,0.2,corr_rv,True,RFECA_SVR(k=5),MissForest,0.9953430321793106,0.9971128483385948,-0.0017698161592842,-0.0018890167927398,-0.0016422901324737,0.0,0.001953125,-1.0,10,5000,,0.029296875
metabric,mar,0.2,corr_rv,True,RFECA_SVR(k=10),RFECA_SVR(k=20),0.9958903125169472,0.9959980552093294,-0.0001077426923818,-0.0001818985910584,-3.083823656685944e-05,6.0,0.02734375,-0.7818181818181817,10,5000,,0.0546875
metabric,mar,0.2,corr_rv,True,RFECA_SVR(k=10),MissForest,0.9958903125169472,0.9971128483385948,-0.0012225358216474,-0.0013227316889638,-0.0011236093032445,0.0,0.001953125,-1.0,10,5000,,0.029296875
metabric,mar,0.2,corr_rv,True,RFECA_SVR(k=20),MissForest,0.9959980552093294,0.9971128483385948,-0.0011147931292655,-0.0012376958376833,-0.0009957753745514,0.0,0.001953125,-1.0,10,5000,,0.029296875
metabric,mar,0.3,corr_rv,True,SimpleMean,"KNN(k=5,dist)",0.966421453522794,0.9924434633760824,-0.0260220098532884,-0.0267939913369526,-0.0252110975077106,0.0,0.001953125,-1.0,10,5000,,0.029296875
metabric,mar,0.3,corr_rv,True,SimpleMean,RFECA_SVR(k=5),0.966421453522794,0.9909994644331804,-0.0245780109103864,-0.0252109382170458,-0.023963916552456,0.0,0.001953125,-1.0,10,5000,,0.029296875
metabric,mar,0.3,corr_rv,True,SimpleMean,RFECA_SVR(k=10),0.966421453522794,0.9919643916604056,-0.0255429381376115,-0.0260699049882942,-0.0250095887480108,0.0,0.001953125,-1.0,10,5000,,0.029296875
metabric,mar,0.3,corr_rv,True,SimpleMean,RFECA_SVR(k=20),0.966421453522794,0.9922312231768948,-0.0258097696541009,-0.026282034158081,-0.0253096504364188,0.0,0.001953125,-1.0,10,5000,,0.029296875
metabric,mar,0.3,corr_rv,True,SimpleMean,MissForest,0.966421453522794,0.9950398714454506,-0.0286184179226565,-0.0292048014416297,-0.0280215278106217,0.0,0.001953125,-1.0,10,5000,,0.029296875
metabric,mar,0.3,corr_rv,True,"KNN(k=5,dist)",RFECA_SVR(k=5),0.9924434633760824,0.9909994644331804,0.0014439989429019,0.0006836626637293,0.0021522574140751,3.0,0.009765625,0.8909090909090909,10,5000,,0.0390625
metabric,mar,0.3,corr_rv,True,"KNN(k=5,dist)",RFECA_SVR(k=10),0.9924434633760824,0.9919643916604056,0.0004790717156768,-0.0002127005706395,0.0011153590287772,15.0,0.232421875,0.4545454545454546,10,5000,,0.46484375
metabric,mar,0.3,corr_rv,True,"KNN(k=5,dist)",RFECA_SVR(k=20),0.9924434633760824,0.9922312231768948,0.0002122401991875,-0.0004734094050729,0.0008171799746974,20.0,0.4921875,0.2727272727272727,10,5000,,0.4921875
metabric,mar,0.3,corr_rv,True,"KNN(k=5,dist)",MissForest,0.9924434633760824,0.9950398714454506,-0.002596408069368,-0.0029374786395467,-0.0022465037089403,0.0,0.001953125,-1.0,10,5000,,0.029296875
metabric,mar,0.3,corr_rv,True,RFECA_SVR(k=5),RFECA_SVR(k=10),0.9909994644331804,0.9919643916604056,-0.000964927227225,-0.0011560613372219,-0.0007359244650302,0.0,0.001953125,-1.0,10,5000,,0.029296875
metabric,mar,0.3,corr_rv,True,RFECA_SVR(k=5),RFECA_SVR(k=20),0.9909994644331804,0.9922312231768948,-0.0012317587437144,-0.001453758145072,-0.0009849810772958,0.0,0.001953125,-1.0,10,5000,,0.029296875
metabric,mar,0.3,corr_rv,True,RFECA_SVR(k=5),MissForest,0.9909994644331804,0.9950398714454506,-0.00404040701227,-0.0044478165337733,-0.0035889552652027,0.0,0.001953125,-1.0,10,5000,,0.029296875
metabric,mar,0.3,corr_rv,True,RFECA_SVR(k=10),RFECA_SVR(k=20),0.9919643916604056,0.9922312231768948,-0.0002668315164893,-0.0004128639788903,-0.0001300498419871,4.0,0.013671875,-0.8545454545454545,10,5000,,0.041015625
metabric,mar,0.3,corr_rv,True,RFECA_SVR(k=10),MissForest,0.9919643916604056,0.9950398714454506,-0.0030754797850449,-0.0034741099775787,-0.0026651990790249,0.0,0.001953125,-1.0,10,5000,,0.029296875
metabric,mar,0.3,corr_rv,True,RFECA_SVR(k=20),MissForest,0.9922312231768948,0.9950398714454506,-0.0028086482685556,-0.0032231446519697,-0.00238990564637,0.0,0.001953125,-1.0,10,5000,,0.029296875
