stage,imputer,model,missing_rate,replicate,fold,f1_macro,bal_acc,n_train,n_test,train_class_distribution,test_class_distribution,n_unique_predictions,degenerate_single_class_preds,f1_LumA,precision_LumA,recall_LumA,f1_LumB,precision_LumB,recall_LumB,f1_Her2,precision_Her2,recall_Her2,f1_Basal,precision_Basal,recall_Basal,seed
classification,RFECA_SVR(k=5),EnsembleSoft,0.0,0,1,0.8726542614495549,0.8678884711779449,1286,322,"{'Basal': 167, 'Her2': 179, 'LumA': 560, 'LumB': 380}","{'Basal': 42, 'Her2': 45, 'LumA': 140, 'LumB': 95}",4,False,0.9124087591240876,0.9328358208955224,0.8928571428571429,0.88,0.8380952380952381,0.9263157894736842,0.8297872340425532,0.7959183673469388,0.8666666666666667,0.868421052631579,0.9705882352941176,0.7857142857142857,17042
classification,RFECA_SVR(k=5),EnsembleSoft,0.0,0,2,0.9124523158699873,0.8965956558061822,1286,322,"{'Basal': 167, 'Her2': 179, 'LumA': 560, 'LumB': 380}","{'Basal': 42, 'Her2': 45, 'LumA': 140, 'LumB': 95}",4,False,0.9387755102040817,0.8961038961038961,0.9857142857142858,0.9021739130434783,0.9325842696629213,0.8736842105263158,0.8705882352941177,0.925,0.8222222222222222,0.9382716049382716,0.9743589743589743,0.9047619047619048,17042
classification,RFECA_SVR(k=5),EnsembleSoft,0.0,0,3,0.8801446219833877,0.8765977443609023,1286,322,"{'Basal': 167, 'Her2': 179, 'LumA': 560, 'LumB': 380}","{'Basal': 42, 'Her2': 45, 'LumA': 140, 'LumB': 95}",4,False,0.9225352112676056,0.9097222222222222,0.9357142857142857,0.8556149732620321,0.8695652173913043,0.8421052631578947,0.7912087912087912,0.782608695652174,0.8,0.9512195121951219,0.975,0.9285714285714286,17042
classification,RFECA_SVR(k=5),EnsembleSoft,0.0,0,4,0.883751255883811,0.8779165902561281,1287,321,"{'Basal': 168, 'Her2': 179, 'LumA': 560, 'LumB': 380}","{'Basal': 41, 'Her2': 45, 'LumA': 140, 'LumB': 95}",4,False,0.9323843416370107,0.9290780141843972,0.9357142857142857,0.8969072164948454,0.8787878787878788,0.9157894736842105,0.7674418604651163,0.8048780487804879,0.7333333333333333,0.9382716049382716,0.95,0.926829268292683,17042
classification,RFECA_SVR(k=5),EnsembleSoft,0.0,0,5,0.8806775926001528,0.8572339940760993,1287,321,"{'Basal': 167, 'Her2': 180, 'LumA': 560, 'LumB': 380}","{'Basal': 42, 'Her2': 44, 'LumA': 140, 'LumB': 95}",4,False,0.9220338983050848,0.8774193548387097,0.9714285714285714,0.8947368421052632,0.8947368421052632,0.8947368421052632,0.7692307692307693,0.8823529411764706,0.6818181818181818,0.9367088607594937,1.0,0.8809523809523809,17042
classification,RFECA_SVR(k=10),EnsembleSoft,0.0,0,1,0.8726542614495549,0.8678884711779449,1286,322,"{'Basal': 167, 'Her2': 179, 'LumA': 560, 'LumB': 380}","{'Basal': 42, 'Her2': 45, 'LumA': 140, 'LumB': 95}",4,False,0.9124087591240876,0.9328358208955224,0.8928571428571429,0.88,0.8380952380952381,0.9263157894736842,0.8297872340425532,0.7959183673469388,0.8666666666666667,0.868421052631579,0.9705882352941176,0.7857142857142857,17042
classification,RFECA_SVR(k=10),EnsembleSoft,0.0,0,2,0.9124523158699873,0.8965956558061822,1286,322,"{'Basal': 167, 'Her2': 179, 'LumA': 560, 'LumB': 380}","{'Basal': 42, 'Her2': 45, 'LumA': 140, 'LumB': 95}",4,False,0.9387755102040817,0.8961038961038961,0.9857142857142858,0.9021739130434783,0.9325842696629213,0.8736842105263158,0.8705882352941177,0.925,0.8222222222222222,0.9382716049382716,0.9743589743589743,0.9047619047619048,17042
classification,RFECA_SVR(k=10),EnsembleSoft,0.0,0,3,0.8801446219833877,0.8765977443609023,1286,322,"{'Basal': 167, 'Her2': 179, 'LumA': 560, 'LumB': 380}","{'Basal': 42, 'Her2': 45, 'LumA': 140, 'LumB': 95}",4,False,0.9225352112676056,0.9097222222222222,0.9357142857142857,0.8556149732620321,0.8695652173913043,0.8421052631578947,0.7912087912087912,0.782608695652174,0.8,0.9512195121951219,0.975,0.9285714285714286,17042
classification,RFECA_SVR(k=10),EnsembleSoft,0.0,0,4,0.883751255883811,0.8779165902561281,1287,321,"{'Basal': 168, 'Her2': 179, 'LumA': 560, 'LumB': 380}","{'Basal': 41, 'Her2': 45, 'LumA': 140, 'LumB': 95}",4,False,0.9323843416370107,0.9290780141843972,0.9357142857142857,0.8969072164948454,0.8787878787878788,0.9157894736842105,0.7674418604651163,0.8048780487804879,0.7333333333333333,0.9382716049382716,0.95,0.926829268292683,17042
classification,RFECA_SVR(k=10),EnsembleSoft,0.0,0,5,0.8806775926001528,0.8572339940760993,1287,321,"{'Basal': 167, 'Her2': 180, 'LumA': 560, 'LumB': 380}","{'Basal': 42, 'Her2': 44, 'LumA': 140, 'LumB': 95}",4,False,0.9220338983050848,0.8774193548387097,0.9714285714285714,0.8947368421052632,0.8947368421052632,0.8947368421052632,0.7692307692307693,0.8823529411764706,0.6818181818181818,0.9367088607594937,1.0,0.8809523809523809,17042
classification,RFECA_SVR(k=20),EnsembleSoft,0.0,0,1,0.8726542614495549,0.8678884711779449,1286,322,"{'Basal': 167, 'Her2': 179, 'LumA': 560, 'LumB': 380}","{'Basal': 42, 'Her2': 45, 'LumA': 140, 'LumB': 95}",4,False,0.9124087591240876,0.9328358208955224,0.8928571428571429,0.88,0.8380952380952381,0.9263157894736842,0.8297872340425532,0.7959183673469388,0.8666666666666667,0.868421052631579,0.9705882352941176,0.7857142857142857,17042
classification,RFECA_SVR(k=20),EnsembleSoft,0.0,0,2,0.9124523158699873,0.8965956558061822,1286,322,"{'Basal': 167, 'Her2': 179, 'LumA': 560, 'LumB': 380}","{'Basal': 42, 'Her2': 45, 'LumA': 140, 'LumB': 95}",4,False,0.9387755102040817,0.8961038961038961,0.9857142857142858,0.9021739130434783,0.9325842696629213,0.8736842105263158,0.8705882352941177,0.925,0.8222222222222222,0.9382716049382716,0.9743589743589743,0.9047619047619048,17042
classification,RFECA_SVR(k=20),EnsembleSoft,0.0,0,3,0.8801446219833877,0.8765977443609023,1286,322,"{'Basal': 167, 'Her2': 179, 'LumA': 560, 'LumB': 380}","{'Basal': 42, 'Her2': 45, 'LumA': 140, 'LumB': 95}",4,False,0.9225352112676056,0.9097222222222222,0.9357142857142857,0.8556149732620321,0.8695652173913043,0.8421052631578947,0.7912087912087912,0.782608695652174,0.8,0.9512195121951219,0.975,0.9285714285714286,17042
classification,RFECA_SVR(k=20),EnsembleSoft,0.0,0,4,0.883751255883811,0.8779165902561281,1287,321,"{'Basal': 168, 'Her2': 179, 'LumA': 560, 'LumB': 380}","{'Basal': 41, 'Her2': 45, 'LumA': 140, 'LumB': 95}",4,False,0.9323843416370107,0.9290780141843972,0.9357142857142857,0.8969072164948454,0.8787878787878788,0.9157894736842105,0.7674418604651163,0.8048780487804879,0.7333333333333333,0.9382716049382716,0.95,0.926829268292683,17042
classification,RFECA_SVR(k=20),EnsembleSoft,0.0,0,5,0.8806775926001528,0.8572339940760993,1287,321,"{'Basal': 167, 'Her2': 180, 'LumA': 560, 'LumB': 380}","{'Basal': 42, 'Her2': 44, 'LumA': 140, 'LumB': 95}",4,False,0.9220338983050848,0.8774193548387097,0.9714285714285714,0.8947368421052632,0.8947368421052632,0.8947368421052632,0.7692307692307693,0.8823529411764706,0.6818181818181818,0.9367088607594937,1.0,0.8809523809523809,17042
classification,RFECA_SVR(k=5),EnsembleSoft,0.0,1,1,0.8726542614495549,0.8678884711779449,1286,322,"{'Basal': 167, 'Her2': 179, 'LumA': 560, 'LumB': 380}","{'Basal': 42, 'Her2': 45, 'LumA': 140, 'LumB': 95}",4,False,0.9124087591240876,0.9328358208955224,0.8928571428571429,0.88,0.8380952380952381,0.9263157894736842,0.8297872340425532,0.7959183673469388,0.8666666666666667,0.868421052631579,0.9705882352941176,0.7857142857142857,1017045
classification,RFECA_SVR(k=5),EnsembleSoft,0.0,1,2,0.9124523158699873,0.8965956558061822,1286,322,"{'Basal': 167, 'Her2': 179, 'LumA': 560, 'LumB': 380}","{'Basal': 42, 'Her2': 45, 'LumA': 140, 'LumB': 95}",4,False,0.9387755102040817,0.8961038961038961,0.9857142857142858,0.9021739130434783,0.9325842696629213,0.8736842105263158,0.8705882352941177,0.925,0.8222222222222222,0.9382716049382716,0.9743589743589743,0.9047619047619048,1017045
classification,RFECA_SVR(k=5),EnsembleSoft,0.0,1,3,0.8801446219833877,0.8765977443609023,1286,322,"{'Basal': 167, 'Her2': 179, 'LumA': 560, 'LumB': 380}","{'Basal': 42, 'Her2': 45, 'LumA': 140, 'LumB': 95}",4,False,0.9225352112676056,0.9097222222222222,0.9357142857142857,0.8556149732620321,0.8695652173913043,0.8421052631578947,0.7912087912087912,0.782608695652174,0.8,0.9512195121951219,0.975,0.9285714285714286,1017045
classification,RFECA_SVR(k=5),EnsembleSoft,0.0,1,4,0.883751255883811,0.8779165902561281,1287,321,"{'Basal': 168, 'Her2': 179, 'LumA': 560, 'LumB': 380}","{'Basal': 41, 'Her2': 45, 'LumA': 140, 'LumB': 95}",4,False,0.9323843416370107,0.9290780141843972,0.9357142857142857,0.8969072164948454,0.8787878787878788,0.9157894736842105,0.7674418604651163,0.8048780487804879,0.7333333333333333,0.9382716049382716,0.95,0.926829268292683,1017045
classification,RFECA_SVR(k=5),EnsembleSoft,0.0,1,5,0.8806775926001528,0.8572339940760993,1287,321,"{'Basal': 167, 'Her2': 180, 'LumA': 560, 'LumB': 380}","{'Basal': 42, 'Her2': 44, 'LumA': 140, 'LumB': 95}",4,False,0.9220338983050848,0.8774193548387097,0.9714285714285714,0.8947368421052632,0.8947368421052632,0.8947368421052632,0.7692307692307693,0.8823529411764706,0.6818181818181818,0.9367088607594937,1.0,0.8809523809523809,1017045
classification,RFECA_SVR(k=10),EnsembleSoft,0.0,1,1,0.8726542614495549,0.8678884711779449,1286,322,"{'Basal': 167, 'Her2': 179, 'LumA': 560, 'LumB': 380}","{'Basal': 42, 'Her2': 45, 'LumA': 140, 'LumB': 95}",4,False,0.9124087591240876,0.9328358208955224,0.8928571428571429,0.88,0.8380952380952381,0.9263157894736842,0.8297872340425532,0.7959183673469388,0.8666666666666667,0.868421052631579,0.9705882352941176,0.7857142857142857,1017045
classification,RFECA_SVR(k=10),EnsembleSoft,0.0,1,2,0.9124523158699873,0.8965956558061822,1286,322,"{'Basal': 167, 'Her2': 179, 'LumA': 560, 'LumB': 380}","{'Basal': 42, 'Her2': 45, 'LumA': 140, 'LumB': 95}",4,False,0.9387755102040817,0.8961038961038961,0.9857142857142858,0.9021739130434783,0.9325842696629213,0.8736842105263158,0.8705882352941177,0.925,0.8222222222222222,0.9382716049382716,0.9743589743589743,0.9047619047619048,1017045
classification,RFECA_SVR(k=10),EnsembleSoft,0.0,1,3,0.8801446219833877,0.8765977443609023,1286,322,"{'Basal': 167, 'Her2': 179, 'LumA': 560, 'LumB': 380}","{'Basal': 42, 'Her2': 45, 'LumA': 140, 'LumB': 95}",4,False,0.9225352112676056,0.9097222222222222,0.9357142857142857,0.8556149732620321,0.8695652173913043,0.8421052631578947,0.7912087912087912,0.782608695652174,0.8,0.9512195121951219,0.975,0.9285714285714286,1017045
classification,RFECA_SVR(k=10),EnsembleSoft,0.0,1,4,0.883751255883811,0.8779165902561281,1287,321,"{'Basal': 168, 'Her2': 179, 'LumA': 560, 'LumB': 380}","{'Basal': 41, 'Her2': 45, 'LumA': 140, 'LumB': 95}",4,False,0.9323843416370107,0.9290780141843972,0.9357142857142857,0.8969072164948454,0.8787878787878788,0.9157894736842105,0.7674418604651163,0.8048780487804879,0.7333333333333333,0.9382716049382716,0.95,0.926829268292683,1017045
classification,RFECA_SVR(k=10),EnsembleSoft,0.0,1,5,0.8806775926001528,0.8572339940760993,1287,321,"{'Basal': 167, 'Her2': 180, 'LumA': 560, 'LumB': 380}","{'Basal': 42, 'Her2': 44, 'LumA': 140, 'LumB': 95}",4,False,0.9220338983050848,0.8774193548387097,0.9714285714285714,0.8947368421052632,0.8947368421052632,0.8947368421052632,0.7692307692307693,0.8823529411764706,0.6818181818181818,0.9367088607594937,1.0,0.8809523809523809,1017045
classification,RFECA_SVR(k=20),EnsembleSoft,0.0,1,1,0.8726542614495549,0.8678884711779449,1286,322,"{'Basal': 167, 'Her2': 179, 'LumA': 560, 'LumB': 380}","{'Basal': 42, 'Her2': 45, 'LumA': 140, 'LumB': 95}",4,False,0.9124087591240876,0.9328358208955224,0.8928571428571429,0.88,0.8380952380952381,0.9263157894736842,0.8297872340425532,0.7959183673469388,0.8666666666666667,0.868421052631579,0.9705882352941176,0.7857142857142857,1017045
classification,RFECA_SVR(k=20),EnsembleSoft,0.0,1,2,0.9124523158699873,0.8965956558061822,1286,322,"{'Basal': 167, 'Her2': 179, 'LumA': 560, 'LumB': 380}","{'Basal': 42, 'Her2': 45, 'LumA': 140, 'LumB': 95}",4,False,0.9387755102040817,0.8961038961038961,0.9857142857142858,0.9021739130434783,0.9325842696629213,0.8736842105263158,0.8705882352941177,0.925,0.8222222222222222,0.9382716049382716,0.9743589743589743,0.9047619047619048,1017045
classification,RFECA_SVR(k=20),EnsembleSoft,0.0,1,3,0.8801446219833877,0.8765977443609023,1286,322,"{'Basal': 167, 'Her2': 179, 'LumA': 560, 'LumB': 380}","{'Basal': 42, 'Her2': 45, 'LumA': 140, 'LumB': 95}",4,False,0.9225352112676056,0.9097222222222222,0.9357142857142857,0.8556149732620321,0.8695652173913043,0.8421052631578947,0.7912087912087912,0.782608695652174,0.8,0.9512195121951219,0.975,0.9285714285714286,1017045
classification,RFECA_SVR(k=20),EnsembleSoft,0.0,1,4,0.883751255883811,0.8779165902561281,1287,321,"{'Basal': 168, 'Her2': 179, 'LumA': 560, 'LumB': 380}","{'Basal': 41, 'Her2': 45, 'LumA': 140, 'LumB': 95}",4,False,0.9323843416370107,0.9290780141843972,0.9357142857142857,0.8969072164948454,0.8787878787878788,0.9157894736842105,0.7674418604651163,0.8048780487804879,0.7333333333333333,0.9382716049382716,0.95,0.926829268292683,1017045
classification,RFECA_SVR(k=20),EnsembleSoft,0.0,1,5,0.8806775926001528,0.8572339940760993,1287,321,"{'Basal': 167, 'Her2': 180, 'LumA': 560, 'LumB': 380}","{'Basal': 42, 'Her2': 44, 'LumA': 140, 'LumB': 95}",4,False,0.9220338983050848,0.8774193548387097,0.9714285714285714,0.8947368421052632,0.8947368421052632,0.8947368421052632,0.7692307692307693,0.8823529411764706,0.6818181818181818,0.9367088607594937,1.0,0.8809523809523809,1017045
classification,RFECA_SVR(k=5),EnsembleSoft,0.0,2,1,0.8726542614495549,0.8678884711779449,1286,322,"{'Basal': 167, 'Her2': 179, 'LumA': 560, 'LumB': 380}","{'Basal': 42, 'Her2': 45, 'LumA': 140, 'LumB': 95}",4,False,0.9124087591240876,0.9328358208955224,0.8928571428571429,0.88,0.8380952380952381,0.9263157894736842,0.8297872340425532,0.7959183673469388,0.8666666666666667,0.868421052631579,0.9705882352941176,0.7857142857142857,2017048
classification,RFECA_SVR(k=5),EnsembleSoft,0.0,2,2,0.9124523158699873,0.8965956558061822,1286,322,"{'Basal': 167, 'Her2': 179, 'LumA': 560, 'LumB': 380}","{'Basal': 42, 'Her2': 45, 'LumA': 140, 'LumB': 95}",4,False,0.9387755102040817,0.8961038961038961,0.9857142857142858,0.9021739130434783,0.9325842696629213,0.8736842105263158,0.8705882352941177,0.925,0.8222222222222222,0.9382716049382716,0.9743589743589743,0.9047619047619048,2017048
classification,RFECA_SVR(k=5),EnsembleSoft,0.0,2,3,0.8801446219833877,0.8765977443609023,1286,322,"{'Basal': 167, 'Her2': 179, 'LumA': 560, 'LumB': 380}","{'Basal': 42, 'Her2': 45, 'LumA': 140, 'LumB': 95}",4,False,0.9225352112676056,0.9097222222222222,0.9357142857142857,0.8556149732620321,0.8695652173913043,0.8421052631578947,0.7912087912087912,0.782608695652174,0.8,0.9512195121951219,0.975,0.9285714285714286,2017048
classification,RFECA_SVR(k=5),EnsembleSoft,0.0,2,4,0.883751255883811,0.8779165902561281,1287,321,"{'Basal': 168, 'Her2': 179, 'LumA': 560, 'LumB': 380}","{'Basal': 41, 'Her2': 45, 'LumA': 140, 'LumB': 95}",4,False,0.9323843416370107,0.9290780141843972,0.9357142857142857,0.8969072164948454,0.8787878787878788,0.9157894736842105,0.7674418604651163,0.8048780487804879,0.7333333333333333,0.9382716049382716,0.95,0.926829268292683,2017048
classification,RFECA_SVR(k=5),EnsembleSoft,0.0,2,5,0.8806775926001528,0.8572339940760993,1287,321,"{'Basal': 167, 'Her2': 180, 'LumA': 560, 'LumB': 380}","{'Basal': 42, 'Her2': 44, 'LumA': 140, 'LumB': 95}",4,False,0.9220338983050848,0.8774193548387097,0.9714285714285714,0.8947368421052632,0.8947368421052632,0.8947368421052632,0.7692307692307693,0.8823529411764706,0.6818181818181818,0.9367088607594937,1.0,0.8809523809523809,2017048
classification,RFECA_SVR(k=10),EnsembleSoft,0.0,2,1,0.8726542614495549,0.8678884711779449,1286,322,"{'Basal': 167, 'Her2': 179, 'LumA': 560, 'LumB': 380}","{'Basal': 42, 'Her2': 45, 'LumA': 140, 'LumB': 95}",4,False,0.9124087591240876,0.9328358208955224,0.8928571428571429,0.88,0.8380952380952381,0.9263157894736842,0.8297872340425532,0.7959183673469388,0.8666666666666667,0.868421052631579,0.9705882352941176,0.7857142857142857,2017048
classification,RFECA_SVR(k=10),EnsembleSoft,0.0,2,2,0.9124523158699873,0.8965956558061822,1286,322,"{'Basal': 167, 'Her2': 179, 'LumA': 560, 'LumB': 380}","{'Basal': 42, 'Her2': 45, 'LumA': 140, 'LumB': 95}",4,False,0.9387755102040817,0.8961038961038961,0.9857142857142858,0.9021739130434783,0.9325842696629213,0.8736842105263158,0.8705882352941177,0.925,0.8222222222222222,0.9382716049382716,0.9743589743589743,0.9047619047619048,2017048
classification,RFECA_SVR(k=10),EnsembleSoft,0.0,2,3,0.8801446219833877,0.8765977443609023,1286,322,"{'Basal': 167, 'Her2': 179, 'LumA': 560, 'LumB': 380}","{'Basal': 42, 'Her2': 45, 'LumA': 140, 'LumB': 95}",4,False,0.9225352112676056,0.9097222222222222,0.9357142857142857,0.8556149732620321,0.8695652173913043,0.8421052631578947,0.7912087912087912,0.782608695652174,0.8,0.9512195121951219,0.975,0.9285714285714286,2017048
classification,RFECA_SVR(k=10),EnsembleSoft,0.0,2,4,0.883751255883811,0.8779165902561281,1287,321,"{'Basal': 168, 'Her2': 179, 'LumA': 560, 'LumB': 380}","{'Basal': 41, 'Her2': 45, 'LumA': 140, 'LumB': 95}",4,False,0.9323843416370107,0.9290780141843972,0.9357142857142857,0.8969072164948454,0.8787878787878788,0.9157894736842105,0.7674418604651163,0.8048780487804879,0.7333333333333333,0.9382716049382716,0.95,0.926829268292683,2017048
classification,RFECA_SVR(k=10),EnsembleSoft,0.0,2,5,0.8806775926001528,0.8572339940760993,1287,321,"{'Basal': 167, 'Her2': 180, 'LumA': 560, 'LumB': 380}","{'Basal': 42, 'Her2': 44, 'LumA': 140, 'LumB': 95}",4,False,0.9220338983050848,0.8774193548387097,0.9714285714285714,0.8947368421052632,0.8947368421052632,0.8947368421052632,0.7692307692307693,0.8823529411764706,0.6818181818181818,0.9367088607594937,1.0,0.8809523809523809,2017048
classification,RFECA_SVR(k=20),EnsembleSoft,0.0,2,1,0.8726542614495549,0.8678884711779449,1286,322,"{'Basal': 167, 'Her2': 179, 'LumA': 560, 'LumB': 380}","{'Basal': 42, 'Her2': 45, 'LumA': 140, 'LumB': 95}",4,False,0.9124087591240876,0.9328358208955224,0.8928571428571429,0.88,0.8380952380952381,0.9263157894736842,0.8297872340425532,0.7959183673469388,0.8666666666666667,0.868421052631579,0.9705882352941176,0.7857142857142857,2017048
classification,RFECA_SVR(k=20),EnsembleSoft,0.0,2,2,0.9124523158699873,0.8965956558061822,1286,322,"{'Basal': 167, 'Her2': 179, 'LumA': 560, 'LumB': 380}","{'Basal': 42, 'Her2': 45, 'LumA': 140, 'LumB': 95}",4,False,0.9387755102040817,0.8961038961038961,0.9857142857142858,0.9021739130434783,0.9325842696629213,0.8736842105263158,0.8705882352941177,0.925,0.8222222222222222,0.9382716049382716,0.9743589743589743,0.9047619047619048,2017048
classification,RFECA_SVR(k=20),EnsembleSoft,0.0,2,3,0.8801446219833877,0.8765977443609023,1286,322,"{'Basal': 167, 'Her2': 179, 'LumA': 560, 'LumB': 380}","{'Basal': 42, 'Her2': 45, 'LumA': 140, 'LumB': 95}",4,False,0.9225352112676056,0.9097222222222222,0.9357142857142857,0.8556149732620321,0.8695652173913043,0.8421052631578947,0.7912087912087912,0.782608695652174,0.8,0.9512195121951219,0.975,0.9285714285714286,2017048
classification,RFECA_SVR(k=20),EnsembleSoft,0.0,2,4,0.883751255883811,0.8779165902561281,1287,321,"{'Basal': 168, 'Her2': 179, 'LumA': 560, 'LumB': 380}","{'Basal': 41, 'Her2': 45, 'LumA': 140, 'LumB': 95}",4,False,0.9323843416370107,0.9290780141843972,0.9357142857142857,0.8969072164948454,0.8787878787878788,0.9157894736842105,0.7674418604651163,0.8048780487804879,0.7333333333333333,0.9382716049382716,0.95,0.926829268292683,2017048
classification,RFECA_SVR(k=20),EnsembleSoft,0.0,2,5,0.8806775926001528,0.8572339940760993,1287,321,"{'Basal': 167, 'Her2': 180, 'LumA': 560, 'LumB': 380}","{'Basal': 42, 'Her2': 44, 'LumA': 140, 'LumB': 95}",4,False,0.9220338983050848,0.8774193548387097,0.9714285714285714,0.8947368421052632,0.8947368421052632,0.8947368421052632,0.7692307692307693,0.8823529411764706,0.6818181818181818,0.9367088607594937,1.0,0.8809523809523809,2017048
classification,RFECA_SVR(k=5),EnsembleSoft,0.0,3,1,0.8726542614495549,0.8678884711779449,1286,322,"{'Basal': 167, 'Her2': 179, 'LumA': 560, 'LumB': 380}","{'Basal': 42, 'Her2': 45, 'LumA': 140, 'LumB': 95}",4,False,0.9124087591240876,0.9328358208955224,0.8928571428571429,0.88,0.8380952380952381,0.9263157894736842,0.8297872340425532,0.7959183673469388,0.8666666666666667,0.868421052631579,0.9705882352941176,0.7857142857142857,3017051
classification,RFECA_SVR(k=5),EnsembleSoft,0.0,3,2,0.9124523158699873,0.8965956558061822,1286,322,"{'Basal': 167, 'Her2': 179, 'LumA': 560, 'LumB': 380}","{'Basal': 42, 'Her2': 45, 'LumA': 140, 'LumB': 95}",4,False,0.9387755102040817,0.8961038961038961,0.9857142857142858,0.9021739130434783,0.9325842696629213,0.8736842105263158,0.8705882352941177,0.925,0.8222222222222222,0.9382716049382716,0.9743589743589743,0.9047619047619048,3017051
classification,RFECA_SVR(k=5),EnsembleSoft,0.0,3,3,0.8801446219833877,0.8765977443609023,1286,322,"{'Basal': 167, 'Her2': 179, 'LumA': 560, 'LumB': 380}","{'Basal': 42, 'Her2': 45, 'LumA': 140, 'LumB': 95}",4,False,0.9225352112676056,0.9097222222222222,0.9357142857142857,0.8556149732620321,0.8695652173913043,0.8421052631578947,0.7912087912087912,0.782608695652174,0.8,0.9512195121951219,0.975,0.9285714285714286,3017051
classification,RFECA_SVR(k=5),EnsembleSoft,0.0,3,4,0.883751255883811,0.8779165902561281,1287,321,"{'Basal': 168, 'Her2': 179, 'LumA': 560, 'LumB': 380}","{'Basal': 41, 'Her2': 45, 'LumA': 140, 'LumB': 95}",4,False,0.9323843416370107,0.9290780141843972,0.9357142857142857,0.8969072164948454,0.8787878787878788,0.9157894736842105,0.7674418604651163,0.8048780487804879,0.7333333333333333,0.9382716049382716,0.95,0.926829268292683,3017051
classification,RFECA_SVR(k=5),EnsembleSoft,0.0,3,5,0.8806775926001528,0.8572339940760993,1287,321,"{'Basal': 167, 'Her2': 180, 'LumA': 560, 'LumB': 380}","{'Basal': 42, 'Her2': 44, 'LumA': 140, 'LumB': 95}",4,False,0.9220338983050848,0.8774193548387097,0.9714285714285714,0.8947368421052632,0.8947368421052632,0.8947368421052632,0.7692307692307693,0.8823529411764706,0.6818181818181818,0.9367088607594937,1.0,0.8809523809523809,3017051
classification,RFECA_SVR(k=10),EnsembleSoft,0.0,3,1,0.8726542614495549,0.8678884711779449,1286,322,"{'Basal': 167, 'Her2': 179, 'LumA': 560, 'LumB': 380}","{'Basal': 42, 'Her2': 45, 'LumA': 140, 'LumB': 95}",4,False,0.9124087591240876,0.9328358208955224,0.8928571428571429,0.88,0.8380952380952381,0.9263157894736842,0.8297872340425532,0.7959183673469388,0.8666666666666667,0.868421052631579,0.9705882352941176,0.7857142857142857,3017051
classification,RFECA_SVR(k=10),EnsembleSoft,0.0,3,2,0.9124523158699873,0.8965956558061822,1286,322,"{'Basal': 167, 'Her2': 179, 'LumA': 560, 'LumB': 380}","{'Basal': 42, 'Her2': 45, 'LumA': 140, 'LumB': 95}",4,False,0.9387755102040817,0.8961038961038961,0.9857142857142858,0.9021739130434783,0.9325842696629213,0.8736842105263158,0.8705882352941177,0.925,0.8222222222222222,0.9382716049382716,0.9743589743589743,0.9047619047619048,3017051
classification,RFECA_SVR(k=10),EnsembleSoft,0.0,3,3,0.8801446219833877,0.8765977443609023,1286,322,"{'Basal': 167, 'Her2': 179, 'LumA': 560, 'LumB': 380}","{'Basal': 42, 'Her2': 45, 'LumA': 140, 'LumB': 95}",4,False,0.9225352112676056,0.9097222222222222,0.9357142857142857,0.8556149732620321,0.8695652173913043,0.8421052631578947,0.7912087912087912,0.782608695652174,0.8,0.9512195121951219,0.975,0.9285714285714286,3017051
classification,RFECA_SVR(k=10),EnsembleSoft,0.0,3,4,0.883751255883811,0.8779165902561281,1287,321,"{'Basal': 168, 'Her2': 179, 'LumA': 560, 'LumB': 380}","{'Basal': 41, 'Her2': 45, 'LumA': 140, 'LumB': 95}",4,False,0.9323843416370107,0.9290780141843972,0.9357142857142857,0.8969072164948454,0.8787878787878788,0.9157894736842105,0.7674418604651163,0.8048780487804879,0.7333333333333333,0.9382716049382716,0.95,0.926829268292683,3017051
classification,RFECA_SVR(k=10),EnsembleSoft,0.0,3,5,0.8806775926001528,0.8572339940760993,1287,321,"{'Basal': 167, 'Her2': 180, 'LumA': 560, 'LumB': 380}","{'Basal': 42, 'Her2': 44, 'LumA': 140, 'LumB': 95}",4,False,0.9220338983050848,0.8774193548387097,0.9714285714285714,0.8947368421052632,0.8947368421052632,0.8947368421052632,0.7692307692307693,0.8823529411764706,0.6818181818181818,0.9367088607594937,1.0,0.8809523809523809,3017051
classification,RFECA_SVR(k=20),EnsembleSoft,0.0,3,1,0.8726542614495549,0.8678884711779449,1286,322,"{'Basal': 167, 'Her2': 179, 'LumA': 560, 'LumB': 380}","{'Basal': 42, 'Her2': 45, 'LumA': 140, 'LumB': 95}",4,False,0.9124087591240876,0.9328358208955224,0.8928571428571429,0.88,0.8380952380952381,0.9263157894736842,0.8297872340425532,0.7959183673469388,0.8666666666666667,0.868421052631579,0.9705882352941176,0.7857142857142857,3017051
classification,RFECA_SVR(k=20),EnsembleSoft,0.0,3,2,0.9124523158699873,0.8965956558061822,1286,322,"{'Basal': 167, 'Her2': 179, 'LumA': 560, 'LumB': 380}","{'Basal': 42, 'Her2': 45, 'LumA': 140, 'LumB': 95}",4,False,0.9387755102040817,0.8961038961038961,0.9857142857142858,0.9021739130434783,0.9325842696629213,0.8736842105263158,0.8705882352941177,0.925,0.8222222222222222,0.9382716049382716,0.9743589743589743,0.9047619047619048,3017051
classification,RFECA_SVR(k=20),EnsembleSoft,0.0,3,3,0.8801446219833877,0.8765977443609023,1286,322,"{'Basal': 167, 'Her2': 179, 'LumA': 560, 'LumB': 380}","{'Basal': 42, 'Her2': 45, 'LumA': 140, 'LumB': 95}",4,False,0.9225352112676056,0.9097222222222222,0.9357142857142857,0.8556149732620321,0.8695652173913043,0.8421052631578947,0.7912087912087912,0.782608695652174,0.8,0.9512195121951219,0.975,0.9285714285714286,3017051
classification,RFECA_SVR(k=20),EnsembleSoft,0.0,3,4,0.883751255883811,0.8779165902561281,1287,321,"{'Basal': 168, 'Her2': 179, 'LumA': 560, 'LumB': 380}","{'Basal': 41, 'Her2': 45, 'LumA': 140, 'LumB': 95}",4,False,0.9323843416370107,0.9290780141843972,0.9357142857142857,0.8969072164948454,0.8787878787878788,0.9157894736842105,0.7674418604651163,0.8048780487804879,0.7333333333333333,0.9382716049382716,0.95,0.926829268292683,3017051
classification,RFECA_SVR(k=20),EnsembleSoft,0.0,3,5,0.8806775926001528,0.8572339940760993,1287,321,"{'Basal': 167, 'Her2': 180, 'LumA': 560, 'LumB': 380}","{'Basal': 42, 'Her2': 44, 'LumA': 140, 'LumB': 95}",4,False,0.9220338983050848,0.8774193548387097,0.9714285714285714,0.8947368421052632,0.8947368421052632,0.8947368421052632,0.7692307692307693,0.8823529411764706,0.6818181818181818,0.9367088607594937,1.0,0.8809523809523809,3017051
classification,RFECA_SVR(k=5),EnsembleSoft,0.0,4,1,0.8726542614495549,0.8678884711779449,1286,322,"{'Basal': 167, 'Her2': 179, 'LumA': 560, 'LumB': 380}","{'Basal': 42, 'Her2': 45, 'LumA': 140, 'LumB': 95}",4,False,0.9124087591240876,0.9328358208955224,0.8928571428571429,0.88,0.8380952380952381,0.9263157894736842,0.8297872340425532,0.7959183673469388,0.8666666666666667,0.868421052631579,0.9705882352941176,0.7857142857142857,4017054
classification,RFECA_SVR(k=5),EnsembleSoft,0.0,4,2,0.9124523158699873,0.8965956558061822,1286,322,"{'Basal': 167, 'Her2': 179, 'LumA': 560, 'LumB': 380}","{'Basal': 42, 'Her2': 45, 'LumA': 140, 'LumB': 95}",4,False,0.9387755102040817,0.8961038961038961,0.9857142857142858,0.9021739130434783,0.9325842696629213,0.8736842105263158,0.8705882352941177,0.925,0.8222222222222222,0.9382716049382716,0.9743589743589743,0.9047619047619048,4017054
classification,RFECA_SVR(k=5),EnsembleSoft,0.0,4,3,0.8801446219833877,0.8765977443609023,1286,322,"{'Basal': 167, 'Her2': 179, 'LumA': 560, 'LumB': 380}","{'Basal': 42, 'Her2': 45, 'LumA': 140, 'LumB': 95}",4,False,0.9225352112676056,0.9097222222222222,0.9357142857142857,0.8556149732620321,0.8695652173913043,0.8421052631578947,0.7912087912087912,0.782608695652174,0.8,0.9512195121951219,0.975,0.9285714285714286,4017054
classification,RFECA_SVR(k=5),EnsembleSoft,0.0,4,4,0.883751255883811,0.8779165902561281,1287,321,"{'Basal': 168, 'Her2': 179, 'LumA': 560, 'LumB': 380}","{'Basal': 41, 'Her2': 45, 'LumA': 140, 'LumB': 95}",4,False,0.9323843416370107,0.9290780141843972,0.9357142857142857,0.8969072164948454,0.8787878787878788,0.9157894736842105,0.7674418604651163,0.8048780487804879,0.7333333333333333,0.9382716049382716,0.95,0.926829268292683,4017054
classification,RFECA_SVR(k=5),EnsembleSoft,0.0,4,5,0.8806775926001528,0.8572339940760993,1287,321,"{'Basal': 167, 'Her2': 180, 'LumA': 560, 'LumB': 380}","{'Basal': 42, 'Her2': 44, 'LumA': 140, 'LumB': 95}",4,False,0.9220338983050848,0.8774193548387097,0.9714285714285714,0.8947368421052632,0.8947368421052632,0.8947368421052632,0.7692307692307693,0.8823529411764706,0.6818181818181818,0.9367088607594937,1.0,0.8809523809523809,4017054
classification,RFECA_SVR(k=10),EnsembleSoft,0.0,4,1,0.8726542614495549,0.8678884711779449,1286,322,"{'Basal': 167, 'Her2': 179, 'LumA': 560, 'LumB': 380}","{'Basal': 42, 'Her2': 45, 'LumA': 140, 'LumB': 95}",4,False,0.9124087591240876,0.9328358208955224,0.8928571428571429,0.88,0.8380952380952381,0.9263157894736842,0.8297872340425532,0.7959183673469388,0.8666666666666667,0.868421052631579,0.9705882352941176,0.7857142857142857,4017054
classification,RFECA_SVR(k=10),EnsembleSoft,0.0,4,2,0.9124523158699873,0.8965956558061822,1286,322,"{'Basal': 167, 'Her2': 179, 'LumA': 560, 'LumB': 380}","{'Basal': 42, 'Her2': 45, 'LumA': 140, 'LumB': 95}",4,False,0.9387755102040817,0.8961038961038961,0.9857142857142858,0.9021739130434783,0.9325842696629213,0.8736842105263158,0.8705882352941177,0.925,0.8222222222222222,0.9382716049382716,0.9743589743589743,0.9047619047619048,4017054
classification,RFECA_SVR(k=10),EnsembleSoft,0.0,4,3,0.8801446219833877,0.8765977443609023,1286,322,"{'Basal': 167, 'Her2': 179, 'LumA': 560, 'LumB': 380}","{'Basal': 42, 'Her2': 45, 'LumA': 140, 'LumB': 95}",4,False,0.9225352112676056,0.9097222222222222,0.9357142857142857,0.8556149732620321,0.8695652173913043,0.8421052631578947,0.7912087912087912,0.782608695652174,0.8,0.9512195121951219,0.975,0.9285714285714286,4017054
classification,RFECA_SVR(k=10),EnsembleSoft,0.0,4,4,0.883751255883811,0.8779165902561281,1287,321,"{'Basal': 168, 'Her2': 179, 'LumA': 560, 'LumB': 380}","{'Basal': 41, 'Her2': 45, 'LumA': 140, 'LumB': 95}",4,False,0.9323843416370107,0.9290780141843972,0.9357142857142857,0.8969072164948454,0.8787878787878788,0.9157894736842105,0.7674418604651163,0.8048780487804879,0.7333333333333333,0.9382716049382716,0.95,0.926829268292683,4017054
classification,RFECA_SVR(k=10),EnsembleSoft,0.0,4,5,0.8806775926001528,0.8572339940760993,1287,321,"{'Basal': 167, 'Her2': 180, 'LumA': 560, 'LumB': 380}","{'Basal': 42, 'Her2': 44, 'LumA': 140, 'LumB': 95}",4,False,0.9220338983050848,0.8774193548387097,0.9714285714285714,0.8947368421052632,0.8947368421052632,0.8947368421052632,0.7692307692307693,0.8823529411764706,0.6818181818181818,0.9367088607594937,1.0,0.8809523809523809,4017054
classification,RFECA_SVR(k=20),EnsembleSoft,0.0,4,1,0.8726542614495549,0.8678884711779449,1286,322,"{'Basal': 167, 'Her2': 179, 'LumA': 560, 'LumB': 380}","{'Basal': 42, 'Her2': 45, 'LumA': 140, 'LumB': 95}",4,False,0.9124087591240876,0.9328358208955224,0.8928571428571429,0.88,0.8380952380952381,0.9263157894736842,0.8297872340425532,0.7959183673469388,0.8666666666666667,0.868421052631579,0.9705882352941176,0.7857142857142857,4017054
classification,RFECA_SVR(k=20),EnsembleSoft,0.0,4,2,0.9124523158699873,0.8965956558061822,1286,322,"{'Basal': 167, 'Her2': 179, 'LumA': 560, 'LumB': 380}","{'Basal': 42, 'Her2': 45, 'LumA': 140, 'LumB': 95}",4,False,0.9387755102040817,0.8961038961038961,0.9857142857142858,0.9021739130434783,0.9325842696629213,0.8736842105263158,0.8705882352941177,0.925,0.8222222222222222,0.9382716049382716,0.9743589743589743,0.9047619047619048,4017054
classification,RFECA_SVR(k=20),EnsembleSoft,0.0,4,3,0.8801446219833877,0.8765977443609023,1286,322,"{'Basal': 167, 'Her2': 179, 'LumA': 560, 'LumB': 380}","{'Basal': 42, 'Her2': 45, 'LumA': 140, 'LumB': 95}",4,False,0.9225352112676056,0.9097222222222222,0.9357142857142857,0.8556149732620321,0.8695652173913043,0.8421052631578947,0.7912087912087912,0.782608695652174,0.8,0.9512195121951219,0.975,0.9285714285714286,4017054
classification,RFECA_SVR(k=20),EnsembleSoft,0.0,4,4,0.883751255883811,0.8779165902561281,1287,321,"{'Basal': 168, 'Her2': 179, 'LumA': 560, 'LumB': 380}","{'Basal': 41, 'Her2': 45, 'LumA': 140, 'LumB': 95}",4,False,0.9323843416370107,0.9290780141843972,0.9357142857142857,0.8969072164948454,0.8787878787878788,0.9157894736842105,0.7674418604651163,0.8048780487804879,0.7333333333333333,0.9382716049382716,0.95,0.926829268292683,4017054
classification,RFECA_SVR(k=20),EnsembleSoft,0.0,4,5,0.8806775926001528,0.8572339940760993,1287,321,"{'Basal': 167, 'Her2': 180, 'LumA': 560, 'LumB': 380}","{'Basal': 42, 'Her2': 44, 'LumA': 140, 'LumB': 95}",4,False,0.9220338983050848,0.8774193548387097,0.9714285714285714,0.8947368421052632,0.8947368421052632,0.8947368421052632,0.7692307692307693,0.8823529411764706,0.6818181818181818,0.9367088607594937,1.0,0.8809523809523809,4017054
classification,RFECA_SVR(k=5),EnsembleSoft,0.0,5,1,0.8726542614495549,0.8678884711779449,1286,322,"{'Basal': 167, 'Her2': 179, 'LumA': 560, 'LumB': 380}","{'Basal': 42, 'Her2': 45, 'LumA': 140, 'LumB': 95}",4,False,0.9124087591240876,0.9328358208955224,0.8928571428571429,0.88,0.8380952380952381,0.9263157894736842,0.8297872340425532,0.7959183673469388,0.8666666666666667,0.868421052631579,0.9705882352941176,0.7857142857142857,5017057
classification,RFECA_SVR(k=5),EnsembleSoft,0.0,5,2,0.9124523158699873,0.8965956558061822,1286,322,"{'Basal': 167, 'Her2': 179, 'LumA': 560, 'LumB': 380}","{'Basal': 42, 'Her2': 45, 'LumA': 140, 'LumB': 95}",4,False,0.9387755102040817,0.8961038961038961,0.9857142857142858,0.9021739130434783,0.9325842696629213,0.8736842105263158,0.8705882352941177,0.925,0.8222222222222222,0.9382716049382716,0.9743589743589743,0.9047619047619048,5017057
classification,RFECA_SVR(k=5),EnsembleSoft,0.0,5,3,0.8801446219833877,0.8765977443609023,1286,322,"{'Basal': 167, 'Her2': 179, 'LumA': 560, 'LumB': 380}","{'Basal': 42, 'Her2': 45, 'LumA': 140, 'LumB': 95}",4,False,0.9225352112676056,0.9097222222222222,0.9357142857142857,0.8556149732620321,0.8695652173913043,0.8421052631578947,0.7912087912087912,0.782608695652174,0.8,0.9512195121951219,0.975,0.9285714285714286,5017057
classification,RFECA_SVR(k=5),EnsembleSoft,0.0,5,4,0.883751255883811,0.8779165902561281,1287,321,"{'Basal': 168, 'Her2': 179, 'LumA': 560, 'LumB': 380}","{'Basal': 41, 'Her2': 45, 'LumA': 140, 'LumB': 95}",4,False,0.9323843416370107,0.9290780141843972,0.9357142857142857,0.8969072164948454,0.8787878787878788,0.9157894736842105,0.7674418604651163,0.8048780487804879,0.7333333333333333,0.9382716049382716,0.95,0.926829268292683,5017057
classification,RFECA_SVR(k=5),EnsembleSoft,0.0,5,5,0.8806775926001528,0.8572339940760993,1287,321,"{'Basal': 167, 'Her2': 180, 'LumA': 560, 'LumB': 380}","{'Basal': 42, 'Her2': 44, 'LumA': 140, 'LumB': 95}",4,False,0.9220338983050848,0.8774193548387097,0.9714285714285714,0.8947368421052632,0.8947368421052632,0.8947368421052632,0.7692307692307693,0.8823529411764706,0.6818181818181818,0.9367088607594937,1.0,0.8809523809523809,5017057
classification,RFECA_SVR(k=10),EnsembleSoft,0.0,5,1,0.8726542614495549,0.8678884711779449,1286,322,"{'Basal': 167, 'Her2': 179, 'LumA': 560, 'LumB': 380}","{'Basal': 42, 'Her2': 45, 'LumA': 140, 'LumB': 95}",4,False,0.9124087591240876,0.9328358208955224,0.8928571428571429,0.88,0.8380952380952381,0.9263157894736842,0.8297872340425532,0.7959183673469388,0.8666666666666667,0.868421052631579,0.9705882352941176,0.7857142857142857,5017057
classification,RFECA_SVR(k=10),EnsembleSoft,0.0,5,2,0.9124523158699873,0.8965956558061822,1286,322,"{'Basal': 167, 'Her2': 179, 'LumA': 560, 'LumB': 380}","{'Basal': 42, 'Her2': 45, 'LumA': 140, 'LumB': 95}",4,False,0.9387755102040817,0.8961038961038961,0.9857142857142858,0.9021739130434783,0.9325842696629213,0.8736842105263158,0.8705882352941177,0.925,0.8222222222222222,0.9382716049382716,0.9743589743589743,0.9047619047619048,5017057
classification,RFECA_SVR(k=10),EnsembleSoft,0.0,5,3,0.8801446219833877,0.8765977443609023,1286,322,"{'Basal': 167, 'Her2': 179, 'LumA': 560, 'LumB': 380}","{'Basal': 42, 'Her2': 45, 'LumA': 140, 'LumB': 95}",4,False,0.9225352112676056,0.9097222222222222,0.9357142857142857,0.8556149732620321,0.8695652173913043,0.8421052631578947,0.7912087912087912,0.782608695652174,0.8,0.9512195121951219,0.975,0.9285714285714286,5017057
classification,RFECA_SVR(k=10),EnsembleSoft,0.0,5,4,0.883751255883811,0.8779165902561281,1287,321,"{'Basal': 168, 'Her2': 179, 'LumA': 560, 'LumB': 380}","{'Basal': 41, 'Her2': 45, 'LumA': 140, 'LumB': 95}",4,False,0.9323843416370107,0.9290780141843972,0.9357142857142857,0.8969072164948454,0.8787878787878788,0.9157894736842105,0.7674418604651163,0.8048780487804879,0.7333333333333333,0.9382716049382716,0.95,0.926829268292683,5017057
classification,RFECA_SVR(k=10),EnsembleSoft,0.0,5,5,0.8806775926001528,0.8572339940760993,1287,321,"{'Basal': 167, 'Her2': 180, 'LumA': 560, 'LumB': 380}","{'Basal': 42, 'Her2': 44, 'LumA': 140, 'LumB': 95}",4,False,0.9220338983050848,0.8774193548387097,0.9714285714285714,0.8947368421052632,0.8947368421052632,0.8947368421052632,0.7692307692307693,0.8823529411764706,0.6818181818181818,0.9367088607594937,1.0,0.8809523809523809,5017057
classification,RFECA_SVR(k=20),EnsembleSoft,0.0,5,1,0.8726542614495549,0.8678884711779449,1286,322,"{'Basal': 167, 'Her2': 179, 'LumA': 560, 'LumB': 380}","{'Basal': 42, 'Her2': 45, 'LumA': 140, 'LumB': 95}",4,False,0.9124087591240876,0.9328358208955224,0.8928571428571429,0.88,0.8380952380952381,0.9263157894736842,0.8297872340425532,0.7959183673469388,0.8666666666666667,0.868421052631579,0.9705882352941176,0.7857142857142857,5017057
classification,RFECA_SVR(k=20),EnsembleSoft,0.0,5,2,0.9124523158699873,0.8965956558061822,1286,322,"{'Basal': 167, 'Her2': 179, 'LumA': 560, 'LumB': 380}","{'Basal': 42, 'Her2': 45, 'LumA': 140, 'LumB': 95}",4,False,0.9387755102040817,0.8961038961038961,0.9857142857142858,0.9021739130434783,0.9325842696629213,0.8736842105263158,0.8705882352941177,0.925,0.8222222222222222,0.9382716049382716,0.9743589743589743,0.9047619047619048,5017057
classification,RFECA_SVR(k=20),EnsembleSoft,0.0,5,3,0.8801446219833877,0.8765977443609023,1286,322,"{'Basal': 167, 'Her2': 179, 'LumA': 560, 'LumB': 380}","{'Basal': 42, 'Her2': 45, 'LumA': 140, 'LumB': 95}",4,False,0.9225352112676056,0.9097222222222222,0.9357142857142857,0.8556149732620321,0.8695652173913043,0.8421052631578947,0.7912087912087912,0.782608695652174,0.8,0.9512195121951219,0.975,0.9285714285714286,5017057
classification,RFECA_SVR(k=20),EnsembleSoft,0.0,5,4,0.883751255883811,0.8779165902561281,1287,321,"{'Basal': 168, 'Her2': 179, 'LumA': 560, 'LumB': 380}","{'Basal': 41, 'Her2': 45, 'LumA': 140, 'LumB': 95}",4,False,0.9323843416370107,0.9290780141843972,0.9357142857142857,0.8969072164948454,0.8787878787878788,0.9157894736842105,0.7674418604651163,0.8048780487804879,0.7333333333333333,0.9382716049382716,0.95,0.926829268292683,5017057
classification,RFECA_SVR(k=20),EnsembleSoft,0.0,5,5,0.8806775926001528,0.8572339940760993,1287,321,"{'Basal': 167, 'Her2': 180, 'LumA': 560, 'LumB': 380}","{'Basal': 42, 'Her2': 44, 'LumA': 140, 'LumB': 95}",4,False,0.9220338983050848,0.8774193548387097,0.9714285714285714,0.8947368421052632,0.8947368421052632,0.8947368421052632,0.7692307692307693,0.8823529411764706,0.6818181818181818,0.9367088607594937,1.0,0.8809523809523809,5017057
classification,RFECA_SVR(k=5),EnsembleSoft,0.0,6,1,0.8726542614495549,0.8678884711779449,1286,322,"{'Basal': 167, 'Her2': 179, 'LumA': 560, 'LumB': 380}","{'Basal': 42, 'Her2': 45, 'LumA': 140, 'LumB': 95}",4,False,0.9124087591240876,0.9328358208955224,0.8928571428571429,0.88,0.8380952380952381,0.9263157894736842,0.8297872340425532,0.7959183673469388,0.8666666666666667,0.868421052631579,0.9705882352941176,0.7857142857142857,6017060
classification,RFECA_SVR(k=5),EnsembleSoft,0.0,6,2,0.9124523158699873,0.8965956558061822,1286,322,"{'Basal': 167, 'Her2': 179, 'LumA': 560, 'LumB': 380}","{'Basal': 42, 'Her2': 45, 'LumA': 140, 'LumB': 95}",4,False,0.9387755102040817,0.8961038961038961,0.9857142857142858,0.9021739130434783,0.9325842696629213,0.8736842105263158,0.8705882352941177,0.925,0.8222222222222222,0.9382716049382716,0.9743589743589743,0.9047619047619048,6017060
classification,RFECA_SVR(k=5),EnsembleSoft,0.0,6,3,0.8801446219833877,0.8765977443609023,1286,322,"{'Basal': 167, 'Her2': 179, 'LumA': 560, 'LumB': 380}","{'Basal': 42, 'Her2': 45, 'LumA': 140, 'LumB': 95}",4,False,0.9225352112676056,0.9097222222222222,0.9357142857142857,0.8556149732620321,0.8695652173913043,0.8421052631578947,0.7912087912087912,0.782608695652174,0.8,0.9512195121951219,0.975,0.9285714285714286,6017060
classification,RFECA_SVR(k=5),EnsembleSoft,0.0,6,4,0.883751255883811,0.8779165902561281,1287,321,"{'Basal': 168, 'Her2': 179, 'LumA': 560, 'LumB': 380}","{'Basal': 41, 'Her2': 45, 'LumA': 140, 'LumB': 95}",4,False,0.9323843416370107,0.9290780141843972,0.9357142857142857,0.8969072164948454,0.8787878787878788,0.9157894736842105,0.7674418604651163,0.8048780487804879,0.7333333333333333,0.9382716049382716,0.95,0.926829268292683,6017060
classification,RFECA_SVR(k=5),EnsembleSoft,0.0,6,5,0.8806775926001528,0.8572339940760993,1287,321,"{'Basal': 167, 'Her2': 180, 'LumA': 560, 'LumB': 380}","{'Basal': 42, 'Her2': 44, 'LumA': 140, 'LumB': 95}",4,False,0.9220338983050848,0.8774193548387097,0.9714285714285714,0.8947368421052632,0.8947368421052632,0.8947368421052632,0.7692307692307693,0.8823529411764706,0.6818181818181818,0.9367088607594937,1.0,0.8809523809523809,6017060
classification,RFECA_SVR(k=10),EnsembleSoft,0.0,6,1,0.8726542614495549,0.8678884711779449,1286,322,"{'Basal': 167, 'Her2': 179, 'LumA': 560, 'LumB': 380}","{'Basal': 42, 'Her2': 45, 'LumA': 140, 'LumB': 95}",4,False,0.9124087591240876,0.9328358208955224,0.8928571428571429,0.88,0.8380952380952381,0.9263157894736842,0.8297872340425532,0.7959183673469388,0.8666666666666667,0.868421052631579,0.9705882352941176,0.7857142857142857,6017060
classification,RFECA_SVR(k=10),EnsembleSoft,0.0,6,2,0.9124523158699873,0.8965956558061822,1286,322,"{'Basal': 167, 'Her2': 179, 'LumA': 560, 'LumB': 380}","{'Basal': 42, 'Her2': 45, 'LumA': 140, 'LumB': 95}",4,False,0.9387755102040817,0.8961038961038961,0.9857142857142858,0.9021739130434783,0.9325842696629213,0.8736842105263158,0.8705882352941177,0.925,0.8222222222222222,0.9382716049382716,0.9743589743589743,0.9047619047619048,6017060
classification,RFECA_SVR(k=10),EnsembleSoft,0.0,6,3,0.8801446219833877,0.8765977443609023,1286,322,"{'Basal': 167, 'Her2': 179, 'LumA': 560, 'LumB': 380}","{'Basal': 42, 'Her2': 45, 'LumA': 140, 'LumB': 95}",4,False,0.9225352112676056,0.9097222222222222,0.9357142857142857,0.8556149732620321,0.8695652173913043,0.8421052631578947,0.7912087912087912,0.782608695652174,0.8,0.9512195121951219,0.975,0.9285714285714286,6017060
classification,RFECA_SVR(k=10),EnsembleSoft,0.0,6,4,0.883751255883811,0.8779165902561281,1287,321,"{'Basal': 168, 'Her2': 179, 'LumA': 560, 'LumB': 380}","{'Basal': 41, 'Her2': 45, 'LumA': 140, 'LumB': 95}",4,False,0.9323843416370107,0.9290780141843972,0.9357142857142857,0.8969072164948454,0.8787878787878788,0.9157894736842105,0.7674418604651163,0.8048780487804879,0.7333333333333333,0.9382716049382716,0.95,0.926829268292683,6017060
classification,RFECA_SVR(k=10),EnsembleSoft,0.0,6,5,0.8806775926001528,0.8572339940760993,1287,321,"{'Basal': 167, 'Her2': 180, 'LumA': 560, 'LumB': 380}","{'Basal': 42, 'Her2': 44, 'LumA': 140, 'LumB': 95}",4,False,0.9220338983050848,0.8774193548387097,0.9714285714285714,0.8947368421052632,0.8947368421052632,0.8947368421052632,0.7692307692307693,0.8823529411764706,0.6818181818181818,0.9367088607594937,1.0,0.8809523809523809,6017060
classification,RFECA_SVR(k=20),EnsembleSoft,0.0,6,1,0.8726542614495549,0.8678884711779449,1286,322,"{'Basal': 167, 'Her2': 179, 'LumA': 560, 'LumB': 380}","{'Basal': 42, 'Her2': 45, 'LumA': 140, 'LumB': 95}",4,False,0.9124087591240876,0.9328358208955224,0.8928571428571429,0.88,0.8380952380952381,0.9263157894736842,0.8297872340425532,0.7959183673469388,0.8666666666666667,0.868421052631579,0.9705882352941176,0.7857142857142857,6017060
classification,RFECA_SVR(k=20),EnsembleSoft,0.0,6,2,0.9124523158699873,0.8965956558061822,1286,322,"{'Basal': 167, 'Her2': 179, 'LumA': 560, 'LumB': 380}","{'Basal': 42, 'Her2': 45, 'LumA': 140, 'LumB': 95}",4,False,0.9387755102040817,0.8961038961038961,0.9857142857142858,0.9021739130434783,0.9325842696629213,0.8736842105263158,0.8705882352941177,0.925,0.8222222222222222,0.9382716049382716,0.9743589743589743,0.9047619047619048,6017060
classification,RFECA_SVR(k=20),EnsembleSoft,0.0,6,3,0.8801446219833877,0.8765977443609023,1286,322,"{'Basal': 167, 'Her2': 179, 'LumA': 560, 'LumB': 380}","{'Basal': 42, 'Her2': 45, 'LumA': 140, 'LumB': 95}",4,False,0.9225352112676056,0.9097222222222222,0.9357142857142857,0.8556149732620321,0.8695652173913043,0.8421052631578947,0.7912087912087912,0.782608695652174,0.8,0.9512195121951219,0.975,0.9285714285714286,6017060
classification,RFECA_SVR(k=20),EnsembleSoft,0.0,6,4,0.883751255883811,0.8779165902561281,1287,321,"{'Basal': 168, 'Her2': 179, 'LumA': 560, 'LumB': 380}","{'Basal': 41, 'Her2': 45, 'LumA': 140, 'LumB': 95}",4,False,0.9323843416370107,0.9290780141843972,0.9357142857142857,0.8969072164948454,0.8787878787878788,0.9157894736842105,0.7674418604651163,0.8048780487804879,0.7333333333333333,0.9382716049382716,0.95,0.926829268292683,6017060
classification,RFECA_SVR(k=20),EnsembleSoft,0.0,6,5,0.8806775926001528,0.8572339940760993,1287,321,"{'Basal': 167, 'Her2': 180, 'LumA': 560, 'LumB': 380}","{'Basal': 42, 'Her2': 44, 'LumA': 140, 'LumB': 95}",4,False,0.9220338983050848,0.8774193548387097,0.9714285714285714,0.8947368421052632,0.8947368421052632,0.8947368421052632,0.7692307692307693,0.8823529411764706,0.6818181818181818,0.9367088607594937,1.0,0.8809523809523809,6017060
classification,RFECA_SVR(k=5),EnsembleSoft,0.0,7,1,0.8726542614495549,0.8678884711779449,1286,322,"{'Basal': 167, 'Her2': 179, 'LumA': 560, 'LumB': 380}","{'Basal': 42, 'Her2': 45, 'LumA': 140, 'LumB': 95}",4,False,0.9124087591240876,0.9328358208955224,0.8928571428571429,0.88,0.8380952380952381,0.9263157894736842,0.8297872340425532,0.7959183673469388,0.8666666666666667,0.868421052631579,0.9705882352941176,0.7857142857142857,7017063
classification,RFECA_SVR(k=5),EnsembleSoft,0.0,7,2,0.9124523158699873,0.8965956558061822,1286,322,"{'Basal': 167, 'Her2': 179, 'LumA': 560, 'LumB': 380}","{'Basal': 42, 'Her2': 45, 'LumA': 140, 'LumB': 95}",4,False,0.9387755102040817,0.8961038961038961,0.9857142857142858,0.9021739130434783,0.9325842696629213,0.8736842105263158,0.8705882352941177,0.925,0.8222222222222222,0.9382716049382716,0.9743589743589743,0.9047619047619048,7017063
classification,RFECA_SVR(k=5),EnsembleSoft,0.0,7,3,0.8801446219833877,0.8765977443609023,1286,322,"{'Basal': 167, 'Her2': 179, 'LumA': 560, 'LumB': 380}","{'Basal': 42, 'Her2': 45, 'LumA': 140, 'LumB': 95}",4,False,0.9225352112676056,0.9097222222222222,0.9357142857142857,0.8556149732620321,0.8695652173913043,0.8421052631578947,0.7912087912087912,0.782608695652174,0.8,0.9512195121951219,0.975,0.9285714285714286,7017063
classification,RFECA_SVR(k=5),EnsembleSoft,0.0,7,4,0.883751255883811,0.8779165902561281,1287,321,"{'Basal': 168, 'Her2': 179, 'LumA': 560, 'LumB': 380}","{'Basal': 41, 'Her2': 45, 'LumA': 140, 'LumB': 95}",4,False,0.9323843416370107,0.9290780141843972,0.9357142857142857,0.8969072164948454,0.8787878787878788,0.9157894736842105,0.7674418604651163,0.8048780487804879,0.7333333333333333,0.9382716049382716,0.95,0.926829268292683,7017063
classification,RFECA_SVR(k=5),EnsembleSoft,0.0,7,5,0.8806775926001528,0.8572339940760993,1287,321,"{'Basal': 167, 'Her2': 180, 'LumA': 560, 'LumB': 380}","{'Basal': 42, 'Her2': 44, 'LumA': 140, 'LumB': 95}",4,False,0.9220338983050848,0.8774193548387097,0.9714285714285714,0.8947368421052632,0.8947368421052632,0.8947368421052632,0.7692307692307693,0.8823529411764706,0.6818181818181818,0.9367088607594937,1.0,0.8809523809523809,7017063
classification,RFECA_SVR(k=10),EnsembleSoft,0.0,7,1,0.8726542614495549,0.8678884711779449,1286,322,"{'Basal': 167, 'Her2': 179, 'LumA': 560, 'LumB': 380}","{'Basal': 42, 'Her2': 45, 'LumA': 140, 'LumB': 95}",4,False,0.9124087591240876,0.9328358208955224,0.8928571428571429,0.88,0.8380952380952381,0.9263157894736842,0.8297872340425532,0.7959183673469388,0.8666666666666667,0.868421052631579,0.9705882352941176,0.7857142857142857,7017063
classification,RFECA_SVR(k=10),EnsembleSoft,0.0,7,2,0.9124523158699873,0.8965956558061822,1286,322,"{'Basal': 167, 'Her2': 179, 'LumA': 560, 'LumB': 380}","{'Basal': 42, 'Her2': 45, 'LumA': 140, 'LumB': 95}",4,False,0.9387755102040817,0.8961038961038961,0.9857142857142858,0.9021739130434783,0.9325842696629213,0.8736842105263158,0.8705882352941177,0.925,0.8222222222222222,0.9382716049382716,0.9743589743589743,0.9047619047619048,7017063
classification,RFECA_SVR(k=10),EnsembleSoft,0.0,7,3,0.8801446219833877,0.8765977443609023,1286,322,"{'Basal': 167, 'Her2': 179, 'LumA': 560, 'LumB': 380}","{'Basal': 42, 'Her2': 45, 'LumA': 140, 'LumB': 95}",4,False,0.9225352112676056,0.9097222222222222,0.9357142857142857,0.8556149732620321,0.8695652173913043,0.8421052631578947,0.7912087912087912,0.782608695652174,0.8,0.9512195121951219,0.975,0.9285714285714286,7017063
classification,RFECA_SVR(k=10),EnsembleSoft,0.0,7,4,0.883751255883811,0.8779165902561281,1287,321,"{'Basal': 168, 'Her2': 179, 'LumA': 560, 'LumB': 380}","{'Basal': 41, 'Her2': 45, 'LumA': 140, 'LumB': 95}",4,False,0.9323843416370107,0.9290780141843972,0.9357142857142857,0.8969072164948454,0.8787878787878788,0.9157894736842105,0.7674418604651163,0.8048780487804879,0.7333333333333333,0.9382716049382716,0.95,0.926829268292683,7017063
classification,RFECA_SVR(k=10),EnsembleSoft,0.0,7,5,0.8806775926001528,0.8572339940760993,1287,321,"{'Basal': 167, 'Her2': 180, 'LumA': 560, 'LumB': 380}","{'Basal': 42, 'Her2': 44, 'LumA': 140, 'LumB': 95}",4,False,0.9220338983050848,0.8774193548387097,0.9714285714285714,0.8947368421052632,0.8947368421052632,0.8947368421052632,0.7692307692307693,0.8823529411764706,0.6818181818181818,0.9367088607594937,1.0,0.8809523809523809,7017063
classification,RFECA_SVR(k=20),EnsembleSoft,0.0,7,1,0.8726542614495549,0.8678884711779449,1286,322,"{'Basal': 167, 'Her2': 179, 'LumA': 560, 'LumB': 380}","{'Basal': 42, 'Her2': 45, 'LumA': 140, 'LumB': 95}",4,False,0.9124087591240876,0.9328358208955224,0.8928571428571429,0.88,0.8380952380952381,0.9263157894736842,0.8297872340425532,0.7959183673469388,0.8666666666666667,0.868421052631579,0.9705882352941176,0.7857142857142857,7017063
classification,RFECA_SVR(k=20),EnsembleSoft,0.0,7,2,0.9124523158699873,0.8965956558061822,1286,322,"{'Basal': 167, 'Her2': 179, 'LumA': 560, 'LumB': 380}","{'Basal': 42, 'Her2': 45, 'LumA': 140, 'LumB': 95}",4,False,0.9387755102040817,0.8961038961038961,0.9857142857142858,0.9021739130434783,0.9325842696629213,0.8736842105263158,0.8705882352941177,0.925,0.8222222222222222,0.9382716049382716,0.9743589743589743,0.9047619047619048,7017063
classification,RFECA_SVR(k=20),EnsembleSoft,0.0,7,3,0.8801446219833877,0.8765977443609023,1286,322,"{'Basal': 167, 'Her2': 179, 'LumA': 560, 'LumB': 380}","{'Basal': 42, 'Her2': 45, 'LumA': 140, 'LumB': 95}",4,False,0.9225352112676056,0.9097222222222222,0.9357142857142857,0.8556149732620321,0.8695652173913043,0.8421052631578947,0.7912087912087912,0.782608695652174,0.8,0.9512195121951219,0.975,0.9285714285714286,7017063
classification,RFECA_SVR(k=20),EnsembleSoft,0.0,7,4,0.883751255883811,0.8779165902561281,1287,321,"{'Basal': 168, 'Her2': 179, 'LumA': 560, 'LumB': 380}","{'Basal': 41, 'Her2': 45, 'LumA': 140, 'LumB': 95}",4,False,0.9323843416370107,0.9290780141843972,0.9357142857142857,0.8969072164948454,0.8787878787878788,0.9157894736842105,0.7674418604651163,0.8048780487804879,0.7333333333333333,0.9382716049382716,0.95,0.926829268292683,7017063
classification,RFECA_SVR(k=20),EnsembleSoft,0.0,7,5,0.8806775926001528,0.8572339940760993,1287,321,"{'Basal': 167, 'Her2': 180, 'LumA': 560, 'LumB': 380}","{'Basal': 42, 'Her2': 44, 'LumA': 140, 'LumB': 95}",4,False,0.9220338983050848,0.8774193548387097,0.9714285714285714,0.8947368421052632,0.8947368421052632,0.8947368421052632,0.7692307692307693,0.8823529411764706,0.6818181818181818,0.9367088607594937,1.0,0.8809523809523809,7017063
classification,RFECA_SVR(k=5),EnsembleSoft,0.0,8,1,0.8726542614495549,0.8678884711779449,1286,322,"{'Basal': 167, 'Her2': 179, 'LumA': 560, 'LumB': 380}","{'Basal': 42, 'Her2': 45, 'LumA': 140, 'LumB': 95}",4,False,0.9124087591240876,0.9328358208955224,0.8928571428571429,0.88,0.8380952380952381,0.9263157894736842,0.8297872340425532,0.7959183673469388,0.8666666666666667,0.868421052631579,0.9705882352941176,0.7857142857142857,8017066
classification,RFECA_SVR(k=5),EnsembleSoft,0.0,8,2,0.9124523158699873,0.8965956558061822,1286,322,"{'Basal': 167, 'Her2': 179, 'LumA': 560, 'LumB': 380}","{'Basal': 42, 'Her2': 45, 'LumA': 140, 'LumB': 95}",4,False,0.9387755102040817,0.8961038961038961,0.9857142857142858,0.9021739130434783,0.9325842696629213,0.8736842105263158,0.8705882352941177,0.925,0.8222222222222222,0.9382716049382716,0.9743589743589743,0.9047619047619048,8017066
classification,RFECA_SVR(k=5),EnsembleSoft,0.0,8,3,0.8801446219833877,0.8765977443609023,1286,322,"{'Basal': 167, 'Her2': 179, 'LumA': 560, 'LumB': 380}","{'Basal': 42, 'Her2': 45, 'LumA': 140, 'LumB': 95}",4,False,0.9225352112676056,0.9097222222222222,0.9357142857142857,0.8556149732620321,0.8695652173913043,0.8421052631578947,0.7912087912087912,0.782608695652174,0.8,0.9512195121951219,0.975,0.9285714285714286,8017066
classification,RFECA_SVR(k=5),EnsembleSoft,0.0,8,4,0.883751255883811,0.8779165902561281,1287,321,"{'Basal': 168, 'Her2': 179, 'LumA': 560, 'LumB': 380}","{'Basal': 41, 'Her2': 45, 'LumA': 140, 'LumB': 95}",4,False,0.9323843416370107,0.9290780141843972,0.9357142857142857,0.8969072164948454,0.8787878787878788,0.9157894736842105,0.7674418604651163,0.8048780487804879,0.7333333333333333,0.9382716049382716,0.95,0.926829268292683,8017066
classification,RFECA_SVR(k=5),EnsembleSoft,0.0,8,5,0.8806775926001528,0.8572339940760993,1287,321,"{'Basal': 167, 'Her2': 180, 'LumA': 560, 'LumB': 380}","{'Basal': 42, 'Her2': 44, 'LumA': 140, 'LumB': 95}",4,False,0.9220338983050848,0.8774193548387097,0.9714285714285714,0.8947368421052632,0.8947368421052632,0.8947368421052632,0.7692307692307693,0.8823529411764706,0.6818181818181818,0.9367088607594937,1.0,0.8809523809523809,8017066
classification,RFECA_SVR(k=10),EnsembleSoft,0.0,8,1,0.8726542614495549,0.8678884711779449,1286,322,"{'Basal': 167, 'Her2': 179, 'LumA': 560, 'LumB': 380}","{'Basal': 42, 'Her2': 45, 'LumA': 140, 'LumB': 95}",4,False,0.9124087591240876,0.9328358208955224,0.8928571428571429,0.88,0.8380952380952381,0.9263157894736842,0.8297872340425532,0.7959183673469388,0.8666666666666667,0.868421052631579,0.9705882352941176,0.7857142857142857,8017066
classification,RFECA_SVR(k=10),EnsembleSoft,0.0,8,2,0.9124523158699873,0.8965956558061822,1286,322,"{'Basal': 167, 'Her2': 179, 'LumA': 560, 'LumB': 380}","{'Basal': 42, 'Her2': 45, 'LumA': 140, 'LumB': 95}",4,False,0.9387755102040817,0.8961038961038961,0.9857142857142858,0.9021739130434783,0.9325842696629213,0.8736842105263158,0.8705882352941177,0.925,0.8222222222222222,0.9382716049382716,0.9743589743589743,0.9047619047619048,8017066
classification,RFECA_SVR(k=10),EnsembleSoft,0.0,8,3,0.8801446219833877,0.8765977443609023,1286,322,"{'Basal': 167, 'Her2': 179, 'LumA': 560, 'LumB': 380}","{'Basal': 42, 'Her2': 45, 'LumA': 140, 'LumB': 95}",4,False,0.9225352112676056,0.9097222222222222,0.9357142857142857,0.8556149732620321,0.8695652173913043,0.8421052631578947,0.7912087912087912,0.782608695652174,0.8,0.9512195121951219,0.975,0.9285714285714286,8017066
classification,RFECA_SVR(k=10),EnsembleSoft,0.0,8,4,0.883751255883811,0.8779165902561281,1287,321,"{'Basal': 168, 'Her2': 179, 'LumA': 560, 'LumB': 380}","{'Basal': 41, 'Her2': 45, 'LumA': 140, 'LumB': 95}",4,False,0.9323843416370107,0.9290780141843972,0.9357142857142857,0.8969072164948454,0.8787878787878788,0.9157894736842105,0.7674418604651163,0.8048780487804879,0.7333333333333333,0.9382716049382716,0.95,0.926829268292683,8017066
classification,RFECA_SVR(k=10),EnsembleSoft,0.0,8,5,0.8806775926001528,0.8572339940760993,1287,321,"{'Basal': 167, 'Her2': 180, 'LumA': 560, 'LumB': 380}","{'Basal': 42, 'Her2': 44, 'LumA': 140, 'LumB': 95}",4,False,0.9220338983050848,0.8774193548387097,0.9714285714285714,0.8947368421052632,0.8947368421052632,0.8947368421052632,0.7692307692307693,0.8823529411764706,0.6818181818181818,0.9367088607594937,1.0,0.8809523809523809,8017066
classification,RFECA_SVR(k=20),EnsembleSoft,0.0,8,1,0.8726542614495549,0.8678884711779449,1286,322,"{'Basal': 167, 'Her2': 179, 'LumA': 560, 'LumB': 380}","{'Basal': 42, 'Her2': 45, 'LumA': 140, 'LumB': 95}",4,False,0.9124087591240876,0.9328358208955224,0.8928571428571429,0.88,0.8380952380952381,0.9263157894736842,0.8297872340425532,0.7959183673469388,0.8666666666666667,0.868421052631579,0.9705882352941176,0.7857142857142857,8017066
classification,RFECA_SVR(k=20),EnsembleSoft,0.0,8,2,0.9124523158699873,0.8965956558061822,1286,322,"{'Basal': 167, 'Her2': 179, 'LumA': 560, 'LumB': 380}","{'Basal': 42, 'Her2': 45, 'LumA': 140, 'LumB': 95}",4,False,0.9387755102040817,0.8961038961038961,0.9857142857142858,0.9021739130434783,0.9325842696629213,0.8736842105263158,0.8705882352941177,0.925,0.8222222222222222,0.9382716049382716,0.9743589743589743,0.9047619047619048,8017066
classification,RFECA_SVR(k=20),EnsembleSoft,0.0,8,3,0.8801446219833877,0.8765977443609023,1286,322,"{'Basal': 167, 'Her2': 179, 'LumA': 560, 'LumB': 380}","{'Basal': 42, 'Her2': 45, 'LumA': 140, 'LumB': 95}",4,False,0.9225352112676056,0.9097222222222222,0.9357142857142857,0.8556149732620321,0.8695652173913043,0.8421052631578947,0.7912087912087912,0.782608695652174,0.8,0.9512195121951219,0.975,0.9285714285714286,8017066
classification,RFECA_SVR(k=20),EnsembleSoft,0.0,8,4,0.883751255883811,0.8779165902561281,1287,321,"{'Basal': 168, 'Her2': 179, 'LumA': 560, 'LumB': 380}","{'Basal': 41, 'Her2': 45, 'LumA': 140, 'LumB': 95}",4,False,0.9323843416370107,0.9290780141843972,0.9357142857142857,0.8969072164948454,0.8787878787878788,0.9157894736842105,0.7674418604651163,0.8048780487804879,0.7333333333333333,0.9382716049382716,0.95,0.926829268292683,8017066
classification,RFECA_SVR(k=20),EnsembleSoft,0.0,8,5,0.8806775926001528,0.8572339940760993,1287,321,"{'Basal': 167, 'Her2': 180, 'LumA': 560, 'LumB': 380}","{'Basal': 42, 'Her2': 44, 'LumA': 140, 'LumB': 95}",4,False,0.9220338983050848,0.8774193548387097,0.9714285714285714,0.8947368421052632,0.8947368421052632,0.8947368421052632,0.7692307692307693,0.8823529411764706,0.6818181818181818,0.9367088607594937,1.0,0.8809523809523809,8017066
classification,RFECA_SVR(k=5),EnsembleSoft,0.0,9,1,0.8726542614495549,0.8678884711779449,1286,322,"{'Basal': 167, 'Her2': 179, 'LumA': 560, 'LumB': 380}","{'Basal': 42, 'Her2': 45, 'LumA': 140, 'LumB': 95}",4,False,0.9124087591240876,0.9328358208955224,0.8928571428571429,0.88,0.8380952380952381,0.9263157894736842,0.8297872340425532,0.7959183673469388,0.8666666666666667,0.868421052631579,0.9705882352941176,0.7857142857142857,9017069
classification,RFECA_SVR(k=5),EnsembleSoft,0.0,9,2,0.9124523158699873,0.8965956558061822,1286,322,"{'Basal': 167, 'Her2': 179, 'LumA': 560, 'LumB': 380}","{'Basal': 42, 'Her2': 45, 'LumA': 140, 'LumB': 95}",4,False,0.9387755102040817,0.8961038961038961,0.9857142857142858,0.9021739130434783,0.9325842696629213,0.8736842105263158,0.8705882352941177,0.925,0.8222222222222222,0.9382716049382716,0.9743589743589743,0.9047619047619048,9017069
classification,RFECA_SVR(k=5),EnsembleSoft,0.0,9,3,0.8801446219833877,0.8765977443609023,1286,322,"{'Basal': 167, 'Her2': 179, 'LumA': 560, 'LumB': 380}","{'Basal': 42, 'Her2': 45, 'LumA': 140, 'LumB': 95}",4,False,0.9225352112676056,0.9097222222222222,0.9357142857142857,0.8556149732620321,0.8695652173913043,0.8421052631578947,0.7912087912087912,0.782608695652174,0.8,0.9512195121951219,0.975,0.9285714285714286,9017069
classification,RFECA_SVR(k=5),EnsembleSoft,0.0,9,4,0.883751255883811,0.8779165902561281,1287,321,"{'Basal': 168, 'Her2': 179, 'LumA': 560, 'LumB': 380}","{'Basal': 41, 'Her2': 45, 'LumA': 140, 'LumB': 95}",4,False,0.9323843416370107,0.9290780141843972,0.9357142857142857,0.8969072164948454,0.8787878787878788,0.9157894736842105,0.7674418604651163,0.8048780487804879,0.7333333333333333,0.9382716049382716,0.95,0.926829268292683,9017069
classification,RFECA_SVR(k=5),EnsembleSoft,0.0,9,5,0.8806775926001528,0.8572339940760993,1287,321,"{'Basal': 167, 'Her2': 180, 'LumA': 560, 'LumB': 380}","{'Basal': 42, 'Her2': 44, 'LumA': 140, 'LumB': 95}",4,False,0.9220338983050848,0.8774193548387097,0.9714285714285714,0.8947368421052632,0.8947368421052632,0.8947368421052632,0.7692307692307693,0.8823529411764706,0.6818181818181818,0.9367088607594937,1.0,0.8809523809523809,9017069
classification,RFECA_SVR(k=10),EnsembleSoft,0.0,9,1,0.8726542614495549,0.8678884711779449,1286,322,"{'Basal': 167, 'Her2': 179, 'LumA': 560, 'LumB': 380}","{'Basal': 42, 'Her2': 45, 'LumA': 140, 'LumB': 95}",4,False,0.9124087591240876,0.9328358208955224,0.8928571428571429,0.88,0.8380952380952381,0.9263157894736842,0.8297872340425532,0.7959183673469388,0.8666666666666667,0.868421052631579,0.9705882352941176,0.7857142857142857,9017069
classification,RFECA_SVR(k=10),EnsembleSoft,0.0,9,2,0.9124523158699873,0.8965956558061822,1286,322,"{'Basal': 167, 'Her2': 179, 'LumA': 560, 'LumB': 380}","{'Basal': 42, 'Her2': 45, 'LumA': 140, 'LumB': 95}",4,False,0.9387755102040817,0.8961038961038961,0.9857142857142858,0.9021739130434783,0.9325842696629213,0.8736842105263158,0.8705882352941177,0.925,0.8222222222222222,0.9382716049382716,0.9743589743589743,0.9047619047619048,9017069
classification,RFECA_SVR(k=10),EnsembleSoft,0.0,9,3,0.8801446219833877,0.8765977443609023,1286,322,"{'Basal': 167, 'Her2': 179, 'LumA': 560, 'LumB': 380}","{'Basal': 42, 'Her2': 45, 'LumA': 140, 'LumB': 95}",4,False,0.9225352112676056,0.9097222222222222,0.9357142857142857,0.8556149732620321,0.8695652173913043,0.8421052631578947,0.7912087912087912,0.782608695652174,0.8,0.9512195121951219,0.975,0.9285714285714286,9017069
classification,RFECA_SVR(k=10),EnsembleSoft,0.0,9,4,0.883751255883811,0.8779165902561281,1287,321,"{'Basal': 168, 'Her2': 179, 'LumA': 560, 'LumB': 380}","{'Basal': 41, 'Her2': 45, 'LumA': 140, 'LumB': 95}",4,False,0.9323843416370107,0.9290780141843972,0.9357142857142857,0.8969072164948454,0.8787878787878788,0.9157894736842105,0.7674418604651163,0.8048780487804879,0.7333333333333333,0.9382716049382716,0.95,0.926829268292683,9017069
classification,RFECA_SVR(k=10),EnsembleSoft,0.0,9,5,0.8806775926001528,0.8572339940760993,1287,321,"{'Basal': 167, 'Her2': 180, 'LumA': 560, 'LumB': 380}","{'Basal': 42, 'Her2': 44, 'LumA': 140, 'LumB': 95}",4,False,0.9220338983050848,0.8774193548387097,0.9714285714285714,0.8947368421052632,0.8947368421052632,0.8947368421052632,0.7692307692307693,0.8823529411764706,0.6818181818181818,0.9367088607594937,1.0,0.8809523809523809,9017069
classification,RFECA_SVR(k=20),EnsembleSoft,0.0,9,1,0.8726542614495549,0.8678884711779449,1286,322,"{'Basal': 167, 'Her2': 179, 'LumA': 560, 'LumB': 380}","{'Basal': 42, 'Her2': 45, 'LumA': 140, 'LumB': 95}",4,False,0.9124087591240876,0.9328358208955224,0.8928571428571429,0.88,0.8380952380952381,0.9263157894736842,0.8297872340425532,0.7959183673469388,0.8666666666666667,0.868421052631579,0.9705882352941176,0.7857142857142857,9017069
classification,RFECA_SVR(k=20),EnsembleSoft,0.0,9,2,0.9124523158699873,0.8965956558061822,1286,322,"{'Basal': 167, 'Her2': 179, 'LumA': 560, 'LumB': 380}","{'Basal': 42, 'Her2': 45, 'LumA': 140, 'LumB': 95}",4,False,0.9387755102040817,0.8961038961038961,0.9857142857142858,0.9021739130434783,0.9325842696629213,0.8736842105263158,0.8705882352941177,0.925,0.8222222222222222,0.9382716049382716,0.9743589743589743,0.9047619047619048,9017069
classification,RFECA_SVR(k=20),EnsembleSoft,0.0,9,3,0.8801446219833877,0.8765977443609023,1286,322,"{'Basal': 167, 'Her2': 179, 'LumA': 560, 'LumB': 380}","{'Basal': 42, 'Her2': 45, 'LumA': 140, 'LumB': 95}",4,False,0.9225352112676056,0.9097222222222222,0.9357142857142857,0.8556149732620321,0.8695652173913043,0.8421052631578947,0.7912087912087912,0.782608695652174,0.8,0.9512195121951219,0.975,0.9285714285714286,9017069
classification,RFECA_SVR(k=20),EnsembleSoft,0.0,9,4,0.883751255883811,0.8779165902561281,1287,321,"{'Basal': 168, 'Her2': 179, 'LumA': 560, 'LumB': 380}","{'Basal': 41, 'Her2': 45, 'LumA': 140, 'LumB': 95}",4,False,0.9323843416370107,0.9290780141843972,0.9357142857142857,0.8969072164948454,0.8787878787878788,0.9157894736842105,0.7674418604651163,0.8048780487804879,0.7333333333333333,0.9382716049382716,0.95,0.926829268292683,9017069
classification,RFECA_SVR(k=20),EnsembleSoft,0.0,9,5,0.8806775926001528,0.8572339940760993,1287,321,"{'Basal': 167, 'Her2': 180, 'LumA': 560, 'LumB': 380}","{'Basal': 42, 'Her2': 44, 'LumA': 140, 'LumB': 95}",4,False,0.9220338983050848,0.8774193548387097,0.9714285714285714,0.8947368421052632,0.8947368421052632,0.8947368421052632,0.7692307692307693,0.8823529411764706,0.6818181818181818,0.9367088607594937,1.0,0.8809523809523809,9017069
classification,RFECA_SVR(k=5),EnsembleSoft,0.05,0,1,0.8768132057140465,0.8696741854636592,1286,322,"{'Basal': 167, 'Her2': 179, 'LumA': 560, 'LumB': 380}","{'Basal': 42, 'Her2': 45, 'LumA': 140, 'LumB': 95}",4,False,0.9130434782608695,0.9264705882352942,0.9,0.8844221105527639,0.8461538461538461,0.9263157894736842,0.8297872340425532,0.7959183673469388,0.8666666666666667,0.88,1.0,0.7857142857142857,67042
classification,RFECA_SVR(k=5),EnsembleSoft,0.05,0,2,0.9023744072957877,0.8884085213032582,1286,322,"{'Basal': 167, 'Her2': 179, 'LumA': 560, 'LumB': 380}","{'Basal': 42, 'Her2': 45, 'LumA': 140, 'LumB': 95}",4,False,0.9355932203389831,0.8903225806451613,0.9857142857142858,0.9010989010989011,0.9425287356321839,0.8631578947368421,0.8571428571428571,0.9230769230769231,0.8,0.9156626506024096,0.926829268292683,0.9047619047619048,67042
classification,RFECA_SVR(k=5),EnsembleSoft,0.05,0,3,0.881837480750738,0.8797827903091062,1286,322,"{'Basal': 167, 'Her2': 179, 'LumA': 560, 'LumB': 380}","{'Basal': 42, 'Her2': 45, 'LumA': 140, 'LumB': 95}",4,False,0.931899641577061,0.935251798561151,0.9285714285714286,0.875,0.865979381443299,0.8842105263157894,0.7692307692307693,0.7608695652173914,0.7777777777777778,0.9512195121951219,0.975,0.9285714285714286,67042
classification,RFECA_SVR(k=5),EnsembleSoft,0.05,0,4,0.880714073681846,0.8718190292805184,1287,321,"{'Basal': 168, 'Her2': 179, 'LumA': 560, 'LumB': 380}","{'Basal': 41, 'Her2': 45, 'LumA': 140, 'LumB': 95}",4,False,0.9290780141843972,0.9225352112676056,0.9357142857142857,0.8923076923076924,0.87,0.9157894736842105,0.7764705882352941,0.825,0.7333333333333333,0.925,0.9487179487179487,0.9024390243902439,67042
classification,RFECA_SVR(k=5),EnsembleSoft,0.05,0,5,0.8726810119573769,0.850455684666211,1287,321,"{'Basal': 167, 'Her2': 180, 'LumA': 560, 'LumB': 380}","{'Basal': 42, 'Her2': 44, 'LumA': 140, 'LumB': 95}",4,False,0.9183673469387755,0.8766233766233766,0.9642857142857143,0.8691099476439791,0.8645833333333334,0.8736842105263158,0.7532467532467533,0.8787878787878788,0.6590909090909091,0.95,1.0,0.9047619047619048,67042
classification,RFECA_SVR(k=10),EnsembleSoft,0.05,0,1,0.8735235065050722,0.8708124477861319,1286,322,"{'Basal': 167, 'Her2': 179, 'LumA': 560, 'LumB': 380}","{'Basal': 42, 'Her2': 45, 'LumA': 140, 'LumB': 95}",4,False,0.9090909090909091,0.9259259259259259,0.8928571428571429,0.883248730964467,0.8529411764705882,0.9157894736842105,0.8333333333333334,0.7843137254901961,0.8888888888888888,0.868421052631579,0.9705882352941176,0.7857142857142857,67042
classification,RFECA_SVR(k=10),EnsembleSoft,0.05,0,2,0.8985124802843867,0.8866228070175439,1286,322,"{'Basal': 167, 'Her2': 179, 'LumA': 560, 'LumB': 380}","{'Basal': 42, 'Her2': 45, 'LumA': 140, 'LumB': 95}",4,False,0.9351535836177475,0.8954248366013072,0.9785714285714285,0.8961748633879781,0.9318181818181818,0.8631578947368421,0.8470588235294118,0.9,0.8,0.9156626506024096,0.926829268292683,0.9047619047619048,67042
classification,RFECA_SVR(k=10),EnsembleSoft,0.05,0,3,0.8814132244426317,0.8780910609857979,1286,322,"{'Basal': 167, 'Her2': 179, 'LumA': 560, 'LumB': 380}","{'Basal': 42, 'Her2': 45, 'LumA': 140, 'LumB': 95}",4,False,0.9328621908127208,0.9230769230769231,0.9428571428571428,0.8723404255319149,0.8817204301075269,0.8631578947368421,0.7692307692307693,0.7608695652173914,0.7777777777777778,0.9512195121951219,0.975,0.9285714285714286,67042
classification,RFECA_SVR(k=10),EnsembleSoft,0.05,0,4,0.8754748867836399,0.8683415856714959,1287,321,"{'Basal': 168, 'Her2': 179, 'LumA': 560, 'LumB': 380}","{'Basal': 41, 'Her2': 45, 'LumA': 140, 'LumB': 95}",4,False,0.9328621908127208,0.9230769230769231,0.9428571428571428,0.8854166666666666,0.8762886597938144,0.8947368421052632,0.7586206896551724,0.7857142857142857,0.7333333333333333,0.925,0.9487179487179487,0.9024390243902439,67042
classification,RFECA_SVR(k=10),EnsembleSoft,0.05,0,5,0.8806556410461116,0.8590396445659604,1287,321,"{'Basal': 167, 'Her2': 180, 'LumA': 560, 'LumB': 380}","{'Basal': 42, 'Her2': 44, 'LumA': 140, 'LumB': 95}",4,False,0.9215017064846417,0.8823529411764706,0.9642857142857143,0.875,0.865979381443299,0.8842105263157894,0.7631578947368421,0.90625,0.6590909090909091,0.9629629629629629,1.0,0.9285714285714286,67042
classification,RFECA_SVR(k=20),EnsembleSoft,0.05,0,1,0.8735490738191534,0.8688283208020049,1286,322,"{'Basal': 167, 'Her2': 179, 'LumA': 560, 'LumB': 380}","{'Basal': 42, 'Her2': 45, 'LumA': 140, 'LumB': 95}",4,False,0.9169675090252708,0.927007299270073,0.9071428571428571,0.8877551020408163,0.8613861386138614,0.9157894736842105,0.8210526315789474,0.78,0.8666666666666667,0.868421052631579,0.9705882352941176,0.7857142857142857,67042
classification,RFECA_SVR(k=20),EnsembleSoft,0.05,0,2,0.9025332511016231,0.8892543859649124,1286,322,"{'Basal': 167, 'Her2': 179, 'LumA': 560, 'LumB': 380}","{'Basal': 42, 'Her2': 45, 'LumA': 140, 'LumB': 95}",4,False,0.9351535836177475,0.8954248366013072,0.9785714285714285,0.9021739130434783,0.9325842696629213,0.8736842105263158,0.8571428571428571,0.9230769230769231,0.8,0.9156626506024096,0.926829268292683,0.9047619047619048,67042
classification,RFECA_SVR(k=20),EnsembleSoft,0.05,0,3,0.8800415516790789,0.8733813700918964,1286,322,"{'Basal': 167, 'Her2': 179, 'LumA': 560, 'LumB': 380}","{'Basal': 42, 'Her2': 45, 'LumA': 140, 'LumB': 95}",4,False,0.9225352112676056,0.9097222222222222,0.9357142857142857,0.8736842105263158,0.8736842105263158,0.8736842105263158,0.7727272727272727,0.7906976744186046,0.7555555555555555,0.9512195121951219,0.975,0.9285714285714286,67042
classification,RFECA_SVR(k=20),EnsembleSoft,0.05,0,4,0.8877505243444392,0.8762363225136012,1287,321,"{'Basal': 168, 'Her2': 179, 'LumA': 560, 'LumB': 380}","{'Basal': 41, 'Her2': 45, 'LumA': 140, 'LumB': 95}",4,False,0.9328621908127208,0.9230769230769231,0.9428571428571428,0.8979591836734694,0.8712871287128713,0.9263157894736842,0.7951807228915663,0.868421052631579,0.7333333333333333,0.925,0.9487179487179487,0.9024390243902439,67042
classification,RFECA_SVR(k=20),EnsembleSoft,0.05,0,5,0.8749371149328486,0.8530872636135794,1287,321,"{'Basal': 167, 'Her2': 180, 'LumA': 560, 'LumB': 380}","{'Basal': 42, 'Her2': 44, 'LumA': 140, 'LumB': 95}",4,False,0.9215017064846417,0.8823529411764706,0.9642857142857143,0.875,0.865979381443299,0.8842105263157894,0.7532467532467533,0.8787878787878788,0.6590909090909091,0.95,1.0,0.9047619047619048,67042
classification,RFECA_SVR(k=5),EnsembleSoft,0.05,1,1,0.8576774578182798,0.8561299081035922,1286,322,"{'Basal': 167, 'Her2': 179, 'LumA': 560, 'LumB': 380}","{'Basal': 42, 'Her2': 45, 'LumA': 140, 'LumB': 95}",4,False,0.9044117647058824,0.9318181818181818,0.8785714285714286,0.8743718592964824,0.8365384615384616,0.9157894736842105,0.7835051546391752,0.7307692307692307,0.8444444444444444,0.868421052631579,0.9705882352941176,0.7857142857142857,1067045
classification,RFECA_SVR(k=5),EnsembleSoft,0.05,1,2,0.9023853883757385,0.8892543859649124,1286,322,"{'Basal': 167, 'Her2': 179, 'LumA': 560, 'LumB': 380}","{'Basal': 42, 'Her2': 45, 'LumA': 140, 'LumB': 95}",4,False,0.9383561643835616,0.9013157894736842,0.9785714285714285,0.8972972972972973,0.9222222222222223,0.8736842105263158,0.8470588235294118,0.9,0.8,0.926829268292683,0.95,0.9047619047619048,1067045
classification,RFECA_SVR(k=5),EnsembleSoft,0.05,1,3,0.8581521601129445,0.8513471177944861,1286,322,"{'Basal': 167, 'Her2': 179, 'LumA': 560, 'LumB': 380}","{'Basal': 42, 'Her2': 45, 'LumA': 140, 'LumB': 95}",4,False,0.916083916083916,0.8972602739726028,0.9357142857142857,0.8449197860962567,0.8586956521739131,0.8315789473684211,0.7333333333333333,0.7333333333333333,0.7333333333333333,0.9382716049382716,0.9743589743589743,0.9047619047619048,1067045
classification,RFECA_SVR(k=5),EnsembleSoft,0.05,1,4,0.8759186898601061,0.8717135827373311,1287,321,"{'Basal': 168, 'Her2': 179, 'LumA': 560, 'LumB': 380}","{'Basal': 41, 'Her2': 45, 'LumA': 140, 'LumB': 95}",4,False,0.9247311827956989,0.9280575539568345,0.9214285714285714,0.882051282051282,0.86,0.9052631578947369,0.7586206896551724,0.7857142857142857,0.7333333333333333,0.9382716049382716,0.95,0.926829268292683,1067045
classification,RFECA_SVR(k=5),EnsembleSoft,0.05,1,5,0.8701190856625121,0.8501851218956482,1287,321,"{'Basal': 167, 'Her2': 180, 'LumA': 560, 'LumB': 380}","{'Basal': 42, 'Her2': 44, 'LumA': 140, 'LumB': 95}",4,False,0.9246575342465754,0.8881578947368421,0.9642857142857143,0.8691099476439791,0.8645833333333334,0.8736842105263158,0.75,0.8333333333333334,0.6818181818181818,0.9367088607594937,1.0,0.8809523809523809,1067045
classification,RFECA_SVR(k=10),EnsembleSoft,0.05,1,1,0.8631552365762891,0.8585630743525481,1286,322,"{'Basal': 167, 'Her2': 179, 'LumA': 560, 'LumB': 380}","{'Basal': 42, 'Her2': 45, 'LumA': 140, 'LumB': 95}",4,False,0.9163636363636364,0.9333333333333333,0.9,0.8888888888888888,0.8543689320388349,0.9263157894736842,0.7789473684210526,0.74,0.8222222222222222,0.868421052631579,0.9705882352941176,0.7857142857142857,1067045
classification,RFECA_SVR(k=10),EnsembleSoft,0.05,1,2,0.896109513968839,0.8839912280701755,1286,322,"{'Basal': 167, 'Her2': 179, 'LumA': 560, 'LumB': 380}","{'Basal': 42, 'Her2': 45, 'LumA': 140, 'LumB': 95}",4,False,0.9351535836177475,0.8954248366013072,0.9785714285714285,0.8852459016393442,0.9204545454545454,0.8526315789473684,0.8372093023255814,0.8780487804878049,0.8,0.926829268292683,0.95,0.9047619047619048,1067045
classification,RFECA_SVR(k=10),EnsembleSoft,0.05,1,3,0.8657886553260641,0.8599310776942355,1286,322,"{'Basal': 167, 'Her2': 179, 'LumA': 560, 'LumB': 380}","{'Basal': 42, 'Her2': 45, 'LumA': 140, 'LumB': 95}",4,False,0.9192982456140351,0.903448275862069,0.9357142857142857,0.851063829787234,0.8602150537634409,0.8421052631578947,0.7415730337078652,0.75,0.7333333333333333,0.9512195121951219,0.975,0.9285714285714286,1067045
classification,RFECA_SVR(k=10),EnsembleSoft,0.05,1,4,0.8762297010415863,0.8717135827373311,1287,321,"{'Basal': 168, 'Her2': 179, 'LumA': 560, 'LumB': 380}","{'Basal': 41, 'Her2': 45, 'LumA': 140, 'LumB': 95}",4,False,0.9214285714285714,0.9214285714285714,0.9214285714285714,0.8865979381443299,0.8686868686868687,0.9052631578947369,0.7586206896551724,0.7857142857142857,0.7333333333333333,0.9382716049382716,0.95,0.926829268292683,1067045
classification,RFECA_SVR(k=10),EnsembleSoft,0.05,1,5,0.8760278321323063,0.8546024151287309,1287,321,"{'Basal': 167, 'Her2': 180, 'LumA': 560, 'LumB': 380}","{'Basal': 42, 'Her2': 44, 'LumA': 140, 'LumB': 95}",4,False,0.9283276450511946,0.8888888888888888,0.9714285714285714,0.8795811518324608,0.875,0.8842105263157894,0.759493670886076,0.8571428571428571,0.6818181818181818,0.9367088607594937,1.0,0.8809523809523809,1067045
classification,RFECA_SVR(k=20),EnsembleSoft,0.05,1,1,0.8709436469962786,0.8667502088554719,1286,322,"{'Basal': 167, 'Her2': 179, 'LumA': 560, 'LumB': 380}","{'Basal': 42, 'Her2': 45, 'LumA': 140, 'LumB': 95}",4,False,0.9163636363636364,0.9333333333333333,0.9,0.898989898989899,0.8640776699029126,0.9368421052631579,0.8,0.76,0.8444444444444444,0.868421052631579,0.9705882352941176,0.7857142857142857,1067045
classification,RFECA_SVR(k=20),EnsembleSoft,0.05,1,2,0.9085975457245501,0.8948099415204679,1286,322,"{'Basal': 167, 'Her2': 179, 'LumA': 560, 'LumB': 380}","{'Basal': 42, 'Her2': 45, 'LumA': 140, 'LumB': 95}",4,False,0.9383561643835616,0.9013157894736842,0.9785714285714285,0.8972972972972973,0.9222222222222223,0.8736842105263158,0.8604651162790697,0.9024390243902439,0.8222222222222222,0.9382716049382716,0.9743589743589743,0.9047619047619048,1067045
classification,RFECA_SVR(k=20),EnsembleSoft,0.05,1,3,0.8676819363222872,0.8592418546365914,1286,322,"{'Basal': 167, 'Her2': 179, 'LumA': 560, 'LumB': 380}","{'Basal': 42, 'Her2': 45, 'LumA': 140, 'LumB': 95}",4,False,0.9192982456140351,0.903448275862069,0.9357142857142857,0.8631578947368421,0.8631578947368421,0.8631578947368421,0.75,0.7674418604651163,0.7333333333333333,0.9382716049382716,0.9743589743589743,0.9047619047619048,1067045
classification,RFECA_SVR(k=20),EnsembleSoft,0.05,1,4,0.8738266560885313,0.8699278684516168,1287,321,"{'Basal': 168, 'Her2': 179, 'LumA': 560, 'LumB': 380}","{'Basal': 41, 'Her2': 45, 'LumA': 140, 'LumB': 95}",4,False,0.920863309352518,0.927536231884058,0.9142857142857143,0.8775510204081632,0.8514851485148515,0.9052631578947369,0.7586206896551724,0.7857142857142857,0.7333333333333333,0.9382716049382716,0.95,0.926829268292683,1067045
classification,RFECA_SVR(k=20),EnsembleSoft,0.05,1,5,0.8712624560522273,0.8489205969469128,1287,321,"{'Basal': 167, 'Her2': 180, 'LumA': 560, 'LumB': 380}","{'Basal': 42, 'Her2': 44, 'LumA': 140, 'LumB': 95}",4,False,0.9251700680272109,0.8831168831168831,0.9714285714285714,0.8795811518324608,0.875,0.8842105263157894,0.7435897435897436,0.8529411764705882,0.6590909090909091,0.9367088607594937,1.0,0.8809523809523809,1067045
classification,RFECA_SVR(k=5),EnsembleSoft,0.05,2,1,0.8661312981985712,0.8594507101086049,1286,322,"{'Basal': 167, 'Her2': 179, 'LumA': 560, 'LumB': 380}","{'Basal': 42, 'Her2': 45, 'LumA': 140, 'LumB': 95}",4,False,0.9010989010989011,0.924812030075188,0.8785714285714286,0.8514851485148515,0.8037383177570093,0.9052631578947369,0.8172043010752689,0.7916666666666666,0.8444444444444444,0.8947368421052632,1.0,0.8095238095238095,2067048
classification,RFECA_SVR(k=5),EnsembleSoft,0.05,2,2,0.9109704440196176,0.8974415204678363,1286,322,"{'Basal': 167, 'Her2': 179, 'LumA': 560, 'LumB': 380}","{'Basal': 42, 'Her2': 45, 'LumA': 140, 'LumB': 95}",4,False,0.9383561643835616,0.9013157894736842,0.9785714285714285,0.9081081081081082,0.9333333333333333,0.8842105263157894,0.8705882352941177,0.925,0.8222222222222222,0.926829268292683,0.95,0.9047619047619048,2067048
classification,RFECA_SVR(k=5),EnsembleSoft,0.05,2,3,0.8827522141218102,0.8769945697577277,1286,322,"{'Basal': 167, 'Her2': 179, 'LumA': 560, 'LumB': 380}","{'Basal': 42, 'Her2': 45, 'LumA': 140, 'LumB': 95}",4,False,0.916083916083916,0.8972602739726028,0.9357142857142857,0.8556149732620321,0.8695652173913043,0.8421052631578947,0.7954545454545454,0.813953488372093,0.7777777777777778,0.963855421686747,0.975609756097561,0.9523809523809523,2067048
classification,RFECA_SVR(k=5),EnsembleSoft,0.05,2,4,0.8660280093469748,0.8600604662061658,1287,321,"{'Basal': 168, 'Her2': 179, 'LumA': 560, 'LumB': 380}","{'Basal': 41, 'Her2': 45, 'LumA': 140, 'LumB': 95}",4,False,0.9214285714285714,0.9214285714285714,0.9214285714285714,0.882051282051282,0.86,0.9052631578947369,0.735632183908046,0.7619047619047619,0.7111111111111111,0.925,0.9487179487179487,0.9024390243902439,2067048
classification,RFECA_SVR(k=5),EnsembleSoft,0.05,2,5,0.8864978799077818,0.8631863750284803,1287,321,"{'Basal': 167, 'Her2': 180, 'LumA': 560, 'LumB': 380}","{'Basal': 42, 'Her2': 44, 'LumA': 140, 'LumB': 95}",4,False,0.9220338983050848,0.8774193548387097,0.9714285714285714,0.8947368421052632,0.8947368421052632,0.8947368421052632,0.7792207792207793,0.9090909090909091,0.6818181818181818,0.95,1.0,0.9047619047619048,2067048
classification,RFECA_SVR(k=10),EnsembleSoft,0.05,2,1,0.8741552250190695,0.8656537176274017,1286,322,"{'Basal': 167, 'Her2': 179, 'LumA': 560, 'LumB': 380}","{'Basal': 42, 'Her2': 45, 'LumA': 140, 'LumB': 95}",4,False,0.9057971014492754,0.9191176470588235,0.8928571428571429,0.87,0.8285714285714286,0.9157894736842105,0.8260869565217391,0.8085106382978723,0.8444444444444444,0.8947368421052632,1.0,0.8095238095238095,2067048
classification,RFECA_SVR(k=10),EnsembleSoft,0.05,2,2,0.9089954163483576,0.8986842105263159,1286,322,"{'Basal': 167, 'Her2': 179, 'LumA': 560, 'LumB': 380}","{'Basal': 42, 'Her2': 45, 'LumA': 140, 'LumB': 95}",4,False,0.9411764705882353,0.912751677852349,0.9714285714285714,0.9090909090909091,0.9239130434782609,0.8947368421052632,0.8571428571428571,0.9230769230769231,0.8,0.9285714285714286,0.9285714285714286,0.9285714285714286,2067048
classification,RFECA_SVR(k=10),EnsembleSoft,0.05,2,3,0.8727457676666673,0.8658834586466164,1286,322,"{'Basal': 167, 'Her2': 179, 'LumA': 560, 'LumB': 380}","{'Basal': 42, 'Her2': 45, 'LumA': 140, 'LumB': 95}",4,False,0.9128919860627178,0.891156462585034,0.9357142857142857,0.8556149732620321,0.8695652173913043,0.8421052631578947,0.7586206896551724,0.7857142857142857,0.7333333333333333,0.963855421686747,0.975609756097561,0.9523809523809523,2067048
classification,RFECA_SVR(k=10),EnsembleSoft,0.05,2,4,0.8746327418436832,0.86794374146749,1287,321,"{'Basal': 168, 'Her2': 179, 'LumA': 560, 'LumB': 380}","{'Basal': 41, 'Her2': 45, 'LumA': 140, 'LumB': 95}",4,False,0.9252669039145908,0.9219858156028369,0.9285714285714286,0.882051282051282,0.86,0.9052631578947369,0.7529411764705882,0.8,0.7111111111111111,0.9382716049382716,0.95,0.926829268292683,2067048
classification,RFECA_SVR(k=10),EnsembleSoft,0.05,2,5,0.8864978799077818,0.8631863750284803,1287,321,"{'Basal': 167, 'Her2': 180, 'LumA': 560, 'LumB': 380}","{'Basal': 42, 'Her2': 44, 'LumA': 140, 'LumB': 95}",4,False,0.9220338983050848,0.8774193548387097,0.9714285714285714,0.8947368421052632,0.8947368421052632,0.8947368421052632,0.7792207792207793,0.9090909090909091,0.6818181818181818,0.95,1.0,0.9047619047619048,2067048
classification,RFECA_SVR(k=20),EnsembleSoft,0.05,2,1,0.8635294219850694,0.8586048454469507,1286,322,"{'Basal': 167, 'Her2': 179, 'LumA': 560, 'LumB': 380}","{'Basal': 42, 'Her2': 45, 'LumA': 140, 'LumB': 95}",4,False,0.9051094890510949,0.9253731343283582,0.8857142857142857,0.8542713567839196,0.8173076923076923,0.8947368421052632,0.8,0.76,0.8444444444444444,0.8947368421052632,1.0,0.8095238095238095,2067048
classification,RFECA_SVR(k=20),EnsembleSoft,0.05,2,2,0.902714645970224,0.893421052631579,1286,322,"{'Basal': 167, 'Her2': 179, 'LumA': 560, 'LumB': 380}","{'Basal': 42, 'Her2': 45, 'LumA': 140, 'LumB': 95}",4,False,0.9379310344827586,0.9066666666666666,0.9714285714285714,0.8972972972972973,0.9222222222222223,0.8736842105263158,0.8470588235294118,0.9,0.8,0.9285714285714286,0.9285714285714286,0.9285714285714286,2067048
classification,RFECA_SVR(k=20),EnsembleSoft,0.05,2,3,0.8747342615170338,0.8688074352548036,1286,322,"{'Basal': 167, 'Her2': 179, 'LumA': 560, 'LumB': 380}","{'Basal': 42, 'Her2': 45, 'LumA': 140, 'LumB': 95}",4,False,0.9128919860627178,0.891156462585034,0.9357142857142857,0.8494623655913979,0.8681318681318682,0.8315789473684211,0.7727272727272727,0.7906976744186046,0.7555555555555555,0.963855421686747,0.975609756097561,0.9523809523809523,2067048
classification,RFECA_SVR(k=20),EnsembleSoft,0.05,2,4,0.8809814666607383,0.8743451616846996,1287,321,"{'Basal': 168, 'Her2': 179, 'LumA': 560, 'LumB': 380}","{'Basal': 41, 'Her2': 45, 'LumA': 140, 'LumB': 95}",4,False,0.9214285714285714,0.9214285714285714,0.9214285714285714,0.8877551020408163,0.8613861386138614,0.9157894736842105,0.7764705882352941,0.825,0.7333333333333333,0.9382716049382716,0.95,0.926829268292683,2067048
classification,RFECA_SVR(k=20),EnsembleSoft,0.05,2,5,0.8911946762510672,0.8688681932102985,1287,321,"{'Basal': 167, 'Her2': 180, 'LumA': 560, 'LumB': 380}","{'Basal': 42, 'Her2': 44, 'LumA': 140, 'LumB': 95}",4,False,0.9251700680272109,0.8831168831168831,0.9714285714285714,0.8947368421052632,0.8947368421052632,0.8947368421052632,0.7948717948717948,0.9117647058823529,0.7045454545454546,0.95,1.0,0.9047619047619048,2067048
classification,RFECA_SVR(k=5),EnsembleSoft,0.05,3,1,0.8551009274204076,0.854438178780284,1286,322,"{'Basal': 167, 'Her2': 179, 'LumA': 560, 'LumB': 380}","{'Basal': 42, 'Her2': 45, 'LumA': 140, 'LumB': 95}",4,False,0.9124087591240876,0.9328358208955224,0.8928571428571429,0.8673469387755102,0.8415841584158416,0.8947368421052632,0.7835051546391752,0.7307692307692307,0.8444444444444444,0.8571428571428571,0.9428571428571428,0.7857142857142857,3067051
classification,RFECA_SVR(k=5),EnsembleSoft,0.05,3,2,0.8991566554963037,0.8892543859649124,1286,322,"{'Basal': 167, 'Her2': 179, 'LumA': 560, 'LumB': 380}","{'Basal': 42, 'Her2': 45, 'LumA': 140, 'LumB': 95}",4,False,0.9415807560137457,0.9072847682119205,0.9785714285714285,0.9021739130434783,0.9325842696629213,0.8736842105263158,0.8372093023255814,0.8780487804878049,0.8,0.9156626506024096,0.926829268292683,0.9047619047619048,3067051
classification,RFECA_SVR(k=5),EnsembleSoft,0.05,3,3,0.8753748516404528,0.8714390142021721,1286,322,"{'Basal': 167, 'Her2': 179, 'LumA': 560, 'LumB': 380}","{'Basal': 42, 'Her2': 45, 'LumA': 140, 'LumB': 95}",4,False,0.9225352112676056,0.9097222222222222,0.9357142857142857,0.851063829787234,0.8602150537634409,0.8421052631578947,0.7640449438202247,0.7727272727272727,0.7555555555555555,0.963855421686747,0.975609756097561,0.9523809523809523,3067051
classification,RFECA_SVR(k=5),EnsembleSoft,0.05,3,4,0.8863398613517111,0.8816864315259694,1287,321,"{'Basal': 168, 'Her2': 179, 'LumA': 560, 'LumB': 380}","{'Basal': 41, 'Her2': 45, 'LumA': 140, 'LumB': 95}",4,False,0.9285714285714286,0.9285714285714286,0.9285714285714286,0.8969072164948454,0.8787878787878788,0.9157894736842105,0.7816091954022989,0.8095238095238095,0.7555555555555555,0.9382716049382716,0.95,0.926829268292683,3067051
classification,RFECA_SVR(k=5),EnsembleSoft,0.05,3,5,0.8692000777084697,0.8471348826611985,1287,321,"{'Basal': 167, 'Her2': 180, 'LumA': 560, 'LumB': 380}","{'Basal': 42, 'Her2': 44, 'LumA': 140, 'LumB': 95}",4,False,0.9215017064846417,0.8823529411764706,0.9642857142857143,0.875,0.865979381443299,0.8842105263157894,0.7435897435897436,0.8529411764705882,0.6590909090909091,0.9367088607594937,1.0,0.8809523809523809,3067051
classification,RFECA_SVR(k=10),EnsembleSoft,0.05,3,1,0.8601258678573316,0.8599937343358396,1286,322,"{'Basal': 167, 'Her2': 179, 'LumA': 560, 'LumB': 380}","{'Basal': 42, 'Her2': 45, 'LumA': 140, 'LumB': 95}",4,False,0.9124087591240876,0.9328358208955224,0.8928571428571429,0.8717948717948718,0.85,0.8947368421052632,0.7878787878787878,0.7222222222222222,0.8666666666666667,0.868421052631579,0.9705882352941176,0.7857142857142857,3067051
classification,RFECA_SVR(k=10),EnsembleSoft,0.05,3,2,0.8951501552788194,0.8854845446950711,1286,322,"{'Basal': 167, 'Her2': 179, 'LumA': 560, 'LumB': 380}","{'Basal': 42, 'Her2': 45, 'LumA': 140, 'LumB': 95}",4,False,0.9452054794520548,0.9078947368421053,0.9857142857142858,0.907103825136612,0.9431818181818182,0.8736842105263158,0.8235294117647058,0.875,0.7777777777777778,0.9047619047619048,0.9047619047619048,0.9047619047619048,3067051
classification,RFECA_SVR(k=10),EnsembleSoft,0.05,3,3,0.8808257540864023,0.8758563074352548,1286,322,"{'Basal': 167, 'Her2': 179, 'LumA': 560, 'LumB': 380}","{'Basal': 42, 'Her2': 45, 'LumA': 140, 'LumB': 95}",4,False,0.9295774647887324,0.9166666666666666,0.9428571428571428,0.8571428571428571,0.8617021276595744,0.8526315789473684,0.7727272727272727,0.7906976744186046,0.7555555555555555,0.963855421686747,0.975609756097561,0.9523809523809523,3067051
classification,RFECA_SVR(k=10),EnsembleSoft,0.05,3,4,0.8797227477126961,0.8734992970230455,1287,321,"{'Basal': 168, 'Her2': 179, 'LumA': 560, 'LumB': 380}","{'Basal': 41, 'Her2': 45, 'LumA': 140, 'LumB': 95}",4,False,0.9219858156028369,0.9154929577464789,0.9285714285714286,0.8911917098445595,0.8775510204081632,0.9052631578947369,0.7674418604651163,0.8048780487804879,0.7333333333333333,0.9382716049382716,0.95,0.926829268292683,3067051
classification,RFECA_SVR(k=10),EnsembleSoft,0.05,3,5,0.866578077515226,0.8440846434267487,1287,321,"{'Basal': 167, 'Her2': 180, 'LumA': 560, 'LumB': 380}","{'Basal': 42, 'Her2': 44, 'LumA': 140, 'LumB': 95}",4,False,0.9215017064846417,0.8823529411764706,0.9642857142857143,0.8808290155440415,0.8673469387755102,0.8947368421052632,0.7272727272727273,0.8484848484848485,0.6363636363636364,0.9367088607594937,1.0,0.8809523809523809,3067051
classification,RFECA_SVR(k=20),EnsembleSoft,0.05,3,1,0.8563103563103563,0.8582080200501253,1286,322,"{'Basal': 167, 'Her2': 179, 'LumA': 560, 'LumB': 380}","{'Basal': 42, 'Her2': 45, 'LumA': 140, 'LumB': 95}",4,False,0.9084249084249084,0.9323308270676691,0.8857142857142857,0.8717948717948718,0.85,0.8947368421052632,0.7878787878787878,0.7222222222222222,0.8666666666666667,0.8571428571428571,0.9428571428571428,0.7857142857142857,3067051
classification,RFECA_SVR(k=20),EnsembleSoft,0.05,3,2,0.9051206010548907,0.8939640768588137,1286,322,"{'Basal': 167, 'Her2': 179, 'LumA': 560, 'LumB': 380}","{'Basal': 42, 'Her2': 45, 'LumA': 140, 'LumB': 95}",4,False,0.9419795221843004,0.9019607843137255,0.9857142857142858,0.9010989010989011,0.9425287356321839,0.8631578947368421,0.8505747126436781,0.8809523809523809,0.8222222222222222,0.926829268292683,0.95,0.9047619047619048,3067051
classification,RFECA_SVR(k=20),EnsembleSoft,0.05,3,3,0.8856923260873953,0.8784878863826232,1286,322,"{'Basal': 167, 'Her2': 179, 'LumA': 560, 'LumB': 380}","{'Basal': 42, 'Her2': 45, 'LumA': 140, 'LumB': 95}",4,False,0.9295774647887324,0.9166666666666666,0.9428571428571428,0.8586387434554974,0.8541666666666666,0.8631578947368421,0.7906976744186046,0.8292682926829268,0.7555555555555555,0.963855421686747,0.975609756097561,0.9523809523809523,3067051
classification,RFECA_SVR(k=20),EnsembleSoft,0.05,3,4,0.8747387938798823,0.8708677180756771,1287,321,"{'Basal': 168, 'Her2': 179, 'LumA': 560, 'LumB': 380}","{'Basal': 41, 'Her2': 45, 'LumA': 140, 'LumB': 95}",4,False,0.9252669039145908,0.9219858156028369,0.9285714285714286,0.8854166666666666,0.8762886597938144,0.8947368421052632,0.75,0.7674418604651163,0.7333333333333333,0.9382716049382716,0.95,0.926829268292683,3067051
classification,RFECA_SVR(k=20),EnsembleSoft,0.05,3,5,0.8695617757801184,0.8471348826611985,1287,321,"{'Basal': 167, 'Her2': 180, 'LumA': 560, 'LumB': 380}","{'Basal': 42, 'Her2': 44, 'LumA': 140, 'LumB': 95}",4,False,0.9183673469387755,0.8766233766233766,0.9642857142857143,0.8795811518324608,0.875,0.8842105263157894,0.7435897435897436,0.8529411764705882,0.6590909090909091,0.9367088607594937,1.0,0.8809523809523809,3067051
classification,RFECA_SVR(k=5),EnsembleSoft,0.05,4,1,0.8755939216583364,0.8705200501253132,1286,322,"{'Basal': 167, 'Her2': 179, 'LumA': 560, 'LumB': 380}","{'Basal': 42, 'Her2': 45, 'LumA': 140, 'LumB': 95}",4,False,0.9157509157509157,0.9398496240601504,0.8928571428571429,0.8855721393034826,0.839622641509434,0.9368421052631579,0.8210526315789474,0.78,0.8666666666666667,0.88,1.0,0.7857142857142857,4067054
classification,RFECA_SVR(k=5),EnsembleSoft,0.05,4,2,0.8995829856120412,0.8892543859649124,1286,322,"{'Basal': 167, 'Her2': 179, 'LumA': 560, 'LumB': 380}","{'Basal': 42, 'Her2': 45, 'LumA': 140, 'LumB': 95}",4,False,0.9383561643835616,0.9013157894736842,0.9785714285714285,0.907103825136612,0.9431818181818182,0.8736842105263158,0.8372093023255814,0.8780487804878049,0.8,0.9156626506024096,0.926829268292683,0.9047619047619048,4067054
classification,RFECA_SVR(k=5),EnsembleSoft,0.05,4,3,0.8778309273159819,0.8714390142021721,1286,322,"{'Basal': 167, 'Her2': 179, 'LumA': 560, 'LumB': 380}","{'Basal': 42, 'Her2': 45, 'LumA': 140, 'LumB': 95}",4,False,0.9192982456140351,0.903448275862069,0.9357142857142857,0.8465608465608465,0.851063829787234,0.8421052631578947,0.7816091954022989,0.8095238095238095,0.7555555555555555,0.963855421686747,0.975609756097561,0.9523809523809523,4067054
classification,RFECA_SVR(k=5),EnsembleSoft,0.05,4,4,0.8863428992861617,0.8779165902561281,1287,321,"{'Basal': 168, 'Her2': 179, 'LumA': 560, 'LumB': 380}","{'Basal': 41, 'Her2': 45, 'LumA': 140, 'LumB': 95}",4,False,0.9290780141843972,0.9225352112676056,0.9357142857142857,0.8923076923076924,0.87,0.9157894736842105,0.7857142857142857,0.8461538461538461,0.7333333333333333,0.9382716049382716,0.95,0.926829268292683,4067054
classification,RFECA_SVR(k=5),EnsembleSoft,0.05,4,5,0.8769523594665791,0.8575045568466622,1287,321,"{'Basal': 167, 'Her2': 180, 'LumA': 560, 'LumB': 380}","{'Basal': 42, 'Her2': 44, 'LumA': 140, 'LumB': 95}",4,False,0.9379310344827586,0.9066666666666666,0.9714285714285714,0.8762886597938144,0.8585858585858586,0.8947368421052632,0.7435897435897436,0.8529411764705882,0.6590909090909091,0.95,1.0,0.9047619047619048,4067054
classification,RFECA_SVR(k=10),EnsembleSoft,0.05,4,1,0.8829489569339141,0.875877192982456,1286,322,"{'Basal': 167, 'Her2': 179, 'LumA': 560, 'LumB': 380}","{'Basal': 42, 'Her2': 45, 'LumA': 140, 'LumB': 95}",4,False,0.927536231884058,0.9411764705882353,0.9142857142857143,0.8944723618090452,0.8557692307692307,0.9368421052631579,0.8297872340425532,0.7959183673469388,0.8666666666666667,0.88,1.0,0.7857142857142857,4067054
classification,RFECA_SVR(k=10),EnsembleSoft,0.05,4,2,0.905860780881807,0.895655806182122,1286,322,"{'Basal': 167, 'Her2': 179, 'LumA': 560, 'LumB': 380}","{'Basal': 42, 'Her2': 45, 'LumA': 140, 'LumB': 95}",4,False,0.9379310344827586,0.9066666666666666,0.9714285714285714,0.9081081081081082,0.9333333333333333,0.8842105263157894,0.8505747126436781,0.8809523809523809,0.8222222222222222,0.926829268292683,0.95,0.9047619047619048,4067054
classification,RFECA_SVR(k=10),EnsembleSoft,0.05,4,3,0.8891530749137231,0.8840434419381789,1286,322,"{'Basal': 167, 'Her2': 179, 'LumA': 560, 'LumB': 380}","{'Basal': 42, 'Her2': 45, 'LumA': 140, 'LumB': 95}",4,False,0.9295774647887324,0.9166666666666666,0.9428571428571428,0.8677248677248677,0.8723404255319149,0.8631578947368421,0.7954545454545454,0.813953488372093,0.7777777777777778,0.963855421686747,0.975609756097561,0.9523809523809523,4067054
classification,RFECA_SVR(k=10),EnsembleSoft,0.05,4,4,0.8863428992861617,0.8779165902561281,1287,321,"{'Basal': 168, 'Her2': 179, 'LumA': 560, 'LumB': 380}","{'Basal': 41, 'Her2': 45, 'LumA': 140, 'LumB': 95}",4,False,0.9290780141843972,0.9225352112676056,0.9357142857142857,0.8923076923076924,0.87,0.9157894736842105,0.7857142857142857,0.8461538461538461,0.7333333333333333,0.9382716049382716,0.95,0.926829268292683,4067054
classification,RFECA_SVR(k=10),EnsembleSoft,0.05,4,5,0.8782815119068262,0.8572339940760993,1287,321,"{'Basal': 167, 'Her2': 180, 'LumA': 560, 'LumB': 380}","{'Basal': 42, 'Her2': 44, 'LumA': 140, 'LumB': 95}",4,False,0.9315068493150684,0.8947368421052632,0.9714285714285714,0.8854166666666666,0.8762886597938144,0.8947368421052632,0.759493670886076,0.8571428571428571,0.6818181818181818,0.9367088607594937,1.0,0.8809523809523809,4067054
classification,RFECA_SVR(k=20),EnsembleSoft,0.05,4,1,0.8714122499275291,0.8669486215538846,1286,322,"{'Basal': 167, 'Her2': 179, 'LumA': 560, 'LumB': 380}","{'Basal': 42, 'Her2': 45, 'LumA': 140, 'LumB': 95}",4,False,0.9077490774907749,0.9389312977099237,0.8785714285714286,0.8768472906403941,0.8240740740740741,0.9368421052631579,0.8210526315789474,0.78,0.8666666666666667,0.88,1.0,0.7857142857142857,4067054
classification,RFECA_SVR(k=20),EnsembleSoft,0.05,4,2,0.9090944329731663,0.8965956558061822,1286,322,"{'Basal': 167, 'Her2': 179, 'LumA': 560, 'LumB': 380}","{'Basal': 42, 'Her2': 45, 'LumA': 140, 'LumB': 95}",4,False,0.9419795221843004,0.9019607843137255,0.9857142857142858,0.907103825136612,0.9431818181818182,0.8736842105263158,0.8604651162790697,0.9024390243902439,0.8222222222222222,0.926829268292683,0.95,0.9047619047619048,4067054
classification,RFECA_SVR(k=20),EnsembleSoft,0.05,4,3,0.8845499941536551,0.8784878863826232,1286,322,"{'Basal': 167, 'Her2': 179, 'LumA': 560, 'LumB': 380}","{'Basal': 42, 'Her2': 45, 'LumA': 140, 'LumB': 95}",4,False,0.9295774647887324,0.9166666666666666,0.9428571428571428,0.8631578947368421,0.8631578947368421,0.8631578947368421,0.7816091954022989,0.8095238095238095,0.7555555555555555,0.963855421686747,0.975609756097561,0.9523809523809523,4067054
classification,RFECA_SVR(k=20),EnsembleSoft,0.05,4,4,0.8863428992861617,0.8779165902561281,1287,321,"{'Basal': 168, 'Her2': 179, 'LumA': 560, 'LumB': 380}","{'Basal': 41, 'Her2': 45, 'LumA': 140, 'LumB': 95}",4,False,0.9290780141843972,0.9225352112676056,0.9357142857142857,0.8923076923076924,0.87,0.9157894736842105,0.7857142857142857,0.8461538461538461,0.7333333333333333,0.9382716049382716,0.95,0.926829268292683,4067054
classification,RFECA_SVR(k=20),EnsembleSoft,0.05,4,5,0.8820634302282191,0.8631863750284803,1287,321,"{'Basal': 167, 'Her2': 180, 'LumA': 560, 'LumB': 380}","{'Basal': 42, 'Her2': 44, 'LumA': 140, 'LumB': 95}",4,False,0.9379310344827586,0.9066666666666666,0.9714285714285714,0.8808290155440415,0.8673469387755102,0.8947368421052632,0.759493670886076,0.8571428571428571,0.6818181818181818,0.95,1.0,0.9047619047619048,4067054
classification,RFECA_SVR(k=5),EnsembleSoft,0.05,5,1,0.8651847665032494,0.8617898913951545,1286,322,"{'Basal': 167, 'Her2': 179, 'LumA': 560, 'LumB': 380}","{'Basal': 42, 'Her2': 45, 'LumA': 140, 'LumB': 95}",4,False,0.9077490774907749,0.9389312977099237,0.8785714285714286,0.8768472906403941,0.8240740740740741,0.9368421052631579,0.8043478260869565,0.7872340425531915,0.8222222222222222,0.8717948717948718,0.9444444444444444,0.8095238095238095,5067057
classification,RFECA_SVR(k=5),EnsembleSoft,0.05,5,2,0.9092458121734016,0.8974415204678363,1286,322,"{'Basal': 167, 'Her2': 179, 'LumA': 560, 'LumB': 380}","{'Basal': 42, 'Her2': 45, 'LumA': 140, 'LumB': 95}",4,False,0.9415807560137457,0.9072847682119205,0.9785714285714285,0.9081081081081082,0.9333333333333333,0.8842105263157894,0.8604651162790697,0.9024390243902439,0.8222222222222222,0.926829268292683,0.95,0.9047619047619048,5067057
classification,RFECA_SVR(k=5),EnsembleSoft,0.05,5,3,0.8732720921834078,0.8692564745196325,1286,322,"{'Basal': 167, 'Her2': 179, 'LumA': 560, 'LumB': 380}","{'Basal': 42, 'Her2': 45, 'LumA': 140, 'LumB': 95}",4,False,0.9219858156028369,0.9154929577464789,0.9285714285714286,0.8421052631578947,0.8421052631578947,0.8421052631578947,0.7777777777777778,0.7777777777777778,0.7777777777777778,0.9512195121951219,0.975,0.9285714285714286,5067057
classification,RFECA_SVR(k=5),EnsembleSoft,0.05,5,4,0.8739676940824139,0.8690820037899627,1287,321,"{'Basal': 168, 'Her2': 179, 'LumA': 560, 'LumB': 380}","{'Basal': 41, 'Her2': 45, 'LumA': 140, 'LumB': 95}",4,False,0.9181494661921709,0.9148936170212766,0.9214285714285714,0.8808290155440415,0.8673469387755102,0.8947368421052632,0.7586206896551724,0.7857142857142857,0.7333333333333333,0.9382716049382716,0.95,0.926829268292683,5067057
classification,RFECA_SVR(k=5),EnsembleSoft,0.05,5,5,0.8566889238114372,0.8379756208703577,1287,321,"{'Basal': 167, 'Her2': 180, 'LumA': 560, 'LumB': 380}","{'Basal': 42, 'Her2': 44, 'LumA': 140, 'LumB': 95}",4,False,0.9251700680272109,0.8831168831168831,0.9714285714285714,0.8677248677248677,0.8723404255319149,0.8631578947368421,0.7088607594936709,0.8,0.6363636363636364,0.925,0.9736842105263158,0.8809523809523809,5067057
classification,RFECA_SVR(k=10),EnsembleSoft,0.05,5,1,0.8666927129325942,0.8611946532999164,1286,322,"{'Basal': 167, 'Her2': 179, 'LumA': 560, 'LumB': 380}","{'Basal': 42, 'Her2': 45, 'LumA': 140, 'LumB': 95}",4,False,0.9197080291970803,0.9402985074626866,0.9,0.8855721393034826,0.839622641509434,0.9368421052631579,0.8043478260869565,0.7872340425531915,0.8222222222222222,0.8571428571428571,0.9428571428571428,0.7857142857142857,5067057
classification,RFECA_SVR(k=10),EnsembleSoft,0.05,5,2,0.9092458121734016,0.8974415204678363,1286,322,"{'Basal': 167, 'Her2': 179, 'LumA': 560, 'LumB': 380}","{'Basal': 42, 'Her2': 45, 'LumA': 140, 'LumB': 95}",4,False,0.9415807560137457,0.9072847682119205,0.9785714285714285,0.9081081081081082,0.9333333333333333,0.8842105263157894,0.8604651162790697,0.9024390243902439,0.8222222222222222,0.926829268292683,0.95,0.9047619047619048,5067057
classification,RFECA_SVR(k=10),EnsembleSoft,0.05,5,3,0.8839842954524542,0.8813074352548037,1286,322,"{'Basal': 167, 'Her2': 179, 'LumA': 560, 'LumB': 380}","{'Basal': 42, 'Her2': 45, 'LumA': 140, 'LumB': 95}",4,False,0.9263157894736842,0.9103448275862069,0.9428571428571428,0.8540540540540541,0.8777777777777778,0.8315789473684211,0.8043478260869565,0.7872340425531915,0.8222222222222222,0.9512195121951219,0.975,0.9285714285714286,5067057
classification,RFECA_SVR(k=10),EnsembleSoft,0.05,5,4,0.8737081023313431,0.8665558713857816,1287,321,"{'Basal': 168, 'Her2': 179, 'LumA': 560, 'LumB': 380}","{'Basal': 41, 'Her2': 45, 'LumA': 140, 'LumB': 95}",4,False,0.9257950530035336,0.916083916083916,0.9357142857142857,0.8854166666666666,0.8762886597938144,0.8947368421052632,0.7586206896551724,0.7857142857142857,0.7333333333333333,0.925,0.9487179487179487,0.9024390243902439,5067057
classification,RFECA_SVR(k=10),EnsembleSoft,0.05,5,5,0.8690041782951595,0.8462890179995444,1287,321,"{'Basal': 167, 'Her2': 180, 'LumA': 560, 'LumB': 380}","{'Basal': 42, 'Her2': 44, 'LumA': 140, 'LumB': 95}",4,False,0.9220338983050848,0.8774193548387097,0.9714285714285714,0.8736842105263158,0.8736842105263158,0.8736842105263158,0.7435897435897436,0.8529411764705882,0.6590909090909091,0.9367088607594937,1.0,0.8809523809523809,5067057
classification,RFECA_SVR(k=20),EnsembleSoft,0.05,5,1,0.8623428725484084,0.8580200501253132,1286,322,"{'Basal': 167, 'Her2': 179, 'LumA': 560, 'LumB': 380}","{'Basal': 42, 'Her2': 45, 'LumA': 140, 'LumB': 95}",4,False,0.9117647058823529,0.9393939393939394,0.8857142857142857,0.8768472906403941,0.8240740740740741,0.9368421052631579,0.8,0.8,0.8,0.8607594936708861,0.918918918918919,0.8095238095238095,5067057
classification,RFECA_SVR(k=20),EnsembleSoft,0.05,5,2,0.9092458121734016,0.8974415204678363,1286,322,"{'Basal': 167, 'Her2': 179, 'LumA': 560, 'LumB': 380}","{'Basal': 42, 'Her2': 45, 'LumA': 140, 'LumB': 95}",4,False,0.9415807560137457,0.9072847682119205,0.9785714285714285,0.9081081081081082,0.9333333333333333,0.8842105263157894,0.8604651162790697,0.9024390243902439,0.8222222222222222,0.926829268292683,0.95,0.9047619047619048,5067057
classification,RFECA_SVR(k=20),EnsembleSoft,0.05,5,3,0.8774708251919439,0.8739661654135339,1286,322,"{'Basal': 167, 'Her2': 179, 'LumA': 560, 'LumB': 380}","{'Basal': 42, 'Her2': 45, 'LumA': 140, 'LumB': 95}",4,False,0.9225352112676056,0.9097222222222222,0.9357142857142857,0.8449197860962567,0.8586956521739131,0.8315789473684211,0.7912087912087912,0.782608695652174,0.8,0.9512195121951219,0.975,0.9285714285714286,5067057
classification,RFECA_SVR(k=20),EnsembleSoft,0.05,5,4,0.870600620567376,0.8647701571000673,1287,321,"{'Basal': 168, 'Her2': 179, 'LumA': 560, 'LumB': 380}","{'Basal': 41, 'Her2': 45, 'LumA': 140, 'LumB': 95}",4,False,0.9219858156028369,0.9154929577464789,0.9285714285714286,0.8854166666666666,0.8762886597938144,0.8947368421052632,0.75,0.7674418604651163,0.7333333333333333,0.925,0.9487179487179487,0.9024390243902439,5067057
classification,RFECA_SVR(k=20),EnsembleSoft,0.05,5,5,0.8623746311246312,0.8406071998177261,1287,321,"{'Basal': 167, 'Her2': 180, 'LumA': 560, 'LumB': 380}","{'Basal': 42, 'Her2': 44, 'LumA': 140, 'LumB': 95}",4,False,0.918918918918919,0.8717948717948718,0.9714285714285714,0.8783068783068783,0.8829787234042553,0.8736842105263158,0.7272727272727273,0.8484848484848485,0.6363636363636364,0.925,0.9736842105263158,0.8809523809523809,5067057
classification,RFECA_SVR(k=5),EnsembleSoft,0.05,6,1,0.8551479755075327,0.8534043441938179,1286,322,"{'Basal': 167, 'Her2': 179, 'LumA': 560, 'LumB': 380}","{'Basal': 42, 'Her2': 45, 'LumA': 140, 'LumB': 95}",4,False,0.8921933085501859,0.9302325581395349,0.8571428571428571,0.8627450980392157,0.8073394495412844,0.9263157894736842,0.8085106382978723,0.7755102040816326,0.8444444444444444,0.8571428571428571,0.9428571428571428,0.7857142857142857,6067060
classification,RFECA_SVR(k=5),EnsembleSoft,0.05,6,2,0.8989875940527982,0.8884085213032582,1286,322,"{'Basal': 167, 'Her2': 179, 'LumA': 560, 'LumB': 380}","{'Basal': 42, 'Her2': 45, 'LumA': 140, 'LumB': 95}",4,False,0.9419795221843004,0.9019607843137255,0.9857142857142858,0.9010989010989011,0.9425287356321839,0.8631578947368421,0.8372093023255814,0.8780487804878049,0.8,0.9156626506024096,0.926829268292683,0.9047619047619048,6067060
classification,RFECA_SVR(k=5),EnsembleSoft,0.05,6,3,0.8711732826937808,0.8681182121971596,1286,322,"{'Basal': 167, 'Her2': 179, 'LumA': 560, 'LumB': 380}","{'Basal': 42, 'Her2': 45, 'LumA': 140, 'LumB': 95}",4,False,0.9290780141843972,0.9225352112676056,0.9357142857142857,0.8571428571428571,0.8617021276595744,0.8526315789473684,0.7472527472527473,0.7391304347826086,0.7555555555555555,0.9512195121951219,0.975,0.9285714285714286,6067060
classification,RFECA_SVR(k=5),EnsembleSoft,0.05,6,4,0.876053366124288,0.86794374146749,1287,321,"{'Basal': 168, 'Her2': 179, 'LumA': 560, 'LumB': 380}","{'Basal': 41, 'Her2': 45, 'LumA': 140, 'LumB': 95}",4,False,0.9219858156028369,0.9154929577464789,0.9285714285714286,0.882051282051282,0.86,0.9052631578947369,0.7619047619047619,0.8205128205128205,0.7111111111111111,0.9382716049382716,0.95,0.926829268292683,6067060
classification,RFECA_SVR(k=5),EnsembleSoft,0.05,6,5,0.8707767683599625,0.8514496468443837,1287,321,"{'Basal': 167, 'Her2': 180, 'LumA': 560, 'LumB': 380}","{'Basal': 42, 'Her2': 44, 'LumA': 140, 'LumB': 95}",4,False,0.9178082191780822,0.881578947368421,0.9571428571428572,0.8631578947368421,0.8631578947368421,0.8631578947368421,0.7654320987654321,0.8378378378378378,0.7045454545454546,0.9367088607594937,1.0,0.8809523809523809,6067060
classification,RFECA_SVR(k=10),EnsembleSoft,0.05,6,1,0.8561197363125705,0.8525584795321637,1286,322,"{'Basal': 167, 'Her2': 179, 'LumA': 560, 'LumB': 380}","{'Basal': 42, 'Her2': 45, 'LumA': 140, 'LumB': 95}",4,False,0.8929889298892989,0.9236641221374046,0.8642857142857143,0.8571428571428571,0.8055555555555556,0.9157894736842105,0.8172043010752689,0.7916666666666666,0.8444444444444444,0.8571428571428571,0.9428571428571428,0.7857142857142857,6067060
classification,RFECA_SVR(k=10),EnsembleSoft,0.05,6,2,0.8989875940527982,0.8884085213032582,1286,322,"{'Basal': 167, 'Her2': 179, 'LumA': 560, 'LumB': 380}","{'Basal': 42, 'Her2': 45, 'LumA': 140, 'LumB': 95}",4,False,0.9419795221843004,0.9019607843137255,0.9857142857142858,0.9010989010989011,0.9425287356321839,0.8631578947368421,0.8372093023255814,0.8780487804878049,0.8,0.9156626506024096,0.926829268292683,0.9047619047619048,6067060
classification,RFECA_SVR(k=10),EnsembleSoft,0.05,6,3,0.8721764576215985,0.8672723475355054,1286,322,"{'Basal': 167, 'Her2': 179, 'LumA': 560, 'LumB': 380}","{'Basal': 42, 'Her2': 45, 'LumA': 140, 'LumB': 95}",4,False,0.9263157894736842,0.9103448275862069,0.9428571428571428,0.8556149732620321,0.8695652173913043,0.8421052631578947,0.7555555555555555,0.7555555555555555,0.7555555555555555,0.9512195121951219,0.975,0.9285714285714286,6067060
classification,RFECA_SVR(k=10),EnsembleSoft,0.05,6,4,0.8858509322150241,0.8736047435662326,1287,321,"{'Basal': 168, 'Her2': 179, 'LumA': 560, 'LumB': 380}","{'Basal': 41, 'Her2': 45, 'LumA': 140, 'LumB': 95}",4,False,0.9263157894736842,0.9103448275862069,0.9428571428571428,0.8969072164948454,0.8787878787878788,0.9157894736842105,0.7951807228915663,0.868421052631579,0.7333333333333333,0.925,0.9487179487179487,0.9024390243902439,6067060
classification,RFECA_SVR(k=10),EnsembleSoft,0.05,6,5,0.8840967288126916,0.8650262018683071,1287,321,"{'Basal': 167, 'Her2': 180, 'LumA': 560, 'LumB': 380}","{'Basal': 42, 'Her2': 44, 'LumA': 140, 'LumB': 95}",4,False,0.9241379310344827,0.8933333333333333,0.9571428571428572,0.8854166666666666,0.8762886597938144,0.8947368421052632,0.7901234567901234,0.8648648648648649,0.7272727272727273,0.9367088607594937,1.0,0.8809523809523809,6067060
classification,RFECA_SVR(k=20),EnsembleSoft,0.05,6,1,0.8556951626804569,0.8496345029239767,1286,322,"{'Basal': 167, 'Her2': 179, 'LumA': 560, 'LumB': 380}","{'Basal': 42, 'Her2': 45, 'LumA': 140, 'LumB': 95}",4,False,0.8897058823529411,0.9166666666666666,0.8642857142857143,0.8627450980392157,0.8073394495412844,0.9263157894736842,0.8131868131868132,0.8043478260869565,0.8222222222222222,0.8571428571428571,0.9428571428571428,0.7857142857142857,6067060
classification,RFECA_SVR(k=20),EnsembleSoft,0.05,6,2,0.9005482390476357,0.8884085213032582,1286,322,"{'Basal': 167, 'Her2': 179, 'LumA': 560, 'LumB': 380}","{'Basal': 42, 'Her2': 45, 'LumA': 140, 'LumB': 95}",4,False,0.9419795221843004,0.9019607843137255,0.9857142857142858,0.8961748633879781,0.9318181818181818,0.8631578947368421,0.8372093023255814,0.8780487804878049,0.8,0.926829268292683,0.95,0.9047619047619048,6067060
classification,RFECA_SVR(k=20),EnsembleSoft,0.05,6,3,0.8787891426289542,0.8739243943191312,1286,322,"{'Basal': 167, 'Her2': 179, 'LumA': 560, 'LumB': 380}","{'Basal': 42, 'Her2': 45, 'LumA': 140, 'LumB': 95}",4,False,0.9399293286219081,0.9300699300699301,0.95,0.8677248677248677,0.8723404255319149,0.8631578947368421,0.7692307692307693,0.7608695652173914,0.7777777777777778,0.9382716049382716,0.9743589743589743,0.9047619047619048,6067060
classification,RFECA_SVR(k=20),EnsembleSoft,0.05,6,4,0.87564183864614,0.8644777594392485,1287,321,"{'Basal': 168, 'Her2': 179, 'LumA': 560, 'LumB': 380}","{'Basal': 41, 'Her2': 45, 'LumA': 140, 'LumB': 95}",4,False,0.9187279151943463,0.9090909090909091,0.9285714285714286,0.8877551020408163,0.8613861386138614,0.9157894736842105,0.7710843373493976,0.8421052631578947,0.7111111111111111,0.925,0.9487179487179487,0.9024390243902439,6067060
classification,RFECA_SVR(k=20),EnsembleSoft,0.05,6,5,0.8818439171736981,0.8623946229209387,1287,321,"{'Basal': 167, 'Her2': 180, 'LumA': 560, 'LumB': 380}","{'Basal': 42, 'Her2': 44, 'LumA': 140, 'LumB': 95}",4,False,0.9209621993127147,0.8874172185430463,0.9571428571428572,0.8795811518324608,0.875,0.8842105263157894,0.7901234567901234,0.8648648648648649,0.7272727272727273,0.9367088607594937,1.0,0.8809523809523809,6067060
classification,RFECA_SVR(k=5),EnsembleSoft,0.05,7,1,0.8565501414148892,0.8532059314954052,1286,322,"{'Basal': 167, 'Her2': 179, 'LumA': 560, 'LumB': 380}","{'Basal': 42, 'Her2': 45, 'LumA': 140, 'LumB': 95}",4,False,0.9044117647058824,0.9318181818181818,0.8785714285714286,0.8712871287128713,0.822429906542056,0.9263157894736842,0.8043478260869565,0.7872340425531915,0.8222222222222222,0.8461538461538461,0.9166666666666666,0.7857142857142857,7067063
classification,RFECA_SVR(k=5),EnsembleSoft,0.05,7,2,0.9050880910784411,0.8918859649122808,1286,322,"{'Basal': 167, 'Her2': 179, 'LumA': 560, 'LumB': 380}","{'Basal': 42, 'Her2': 45, 'LumA': 140, 'LumB': 95}",4,False,0.9383561643835616,0.9013157894736842,0.9785714285714285,0.9081081081081082,0.9333333333333333,0.8842105263157894,0.8470588235294118,0.9,0.8,0.926829268292683,0.95,0.9047619047619048,7067063
classification,RFECA_SVR(k=5),EnsembleSoft,0.05,7,3,0.8726701787801914,0.8689640768588137,1286,322,"{'Basal': 167, 'Her2': 179, 'LumA': 560, 'LumB': 380}","{'Basal': 42, 'Her2': 45, 'LumA': 140, 'LumB': 95}",4,False,0.9252669039145908,0.9219858156028369,0.9285714285714286,0.8586387434554974,0.8541666666666666,0.8631578947368421,0.7555555555555555,0.7555555555555555,0.7555555555555555,0.9512195121951219,0.975,0.9285714285714286,7067063
classification,RFECA_SVR(k=5),EnsembleSoft,0.05,7,4,0.88322880065495,0.8732068993622268,1287,321,"{'Basal': 168, 'Her2': 179, 'LumA': 560, 'LumB': 380}","{'Basal': 41, 'Her2': 45, 'LumA': 140, 'LumB': 95}",4,False,0.9252669039145908,0.9219858156028369,0.9285714285714286,0.8888888888888888,0.8543689320388349,0.9263157894736842,0.7804878048780488,0.8648648648648649,0.7111111111111111,0.9382716049382716,0.95,0.926829268292683,7067063
classification,RFECA_SVR(k=5),EnsembleSoft,0.05,7,5,0.880282102888486,0.8579232171337434,1287,321,"{'Basal': 167, 'Her2': 180, 'LumA': 560, 'LumB': 380}","{'Basal': 42, 'Her2': 44, 'LumA': 140, 'LumB': 95}",4,False,0.918918918918919,0.8717948717948718,0.9714285714285714,0.8829787234042553,0.8924731182795699,0.8736842105263158,0.7692307692307693,0.8823529411764706,0.6818181818181818,0.95,1.0,0.9047619047619048,7067063
classification,RFECA_SVR(k=10),EnsembleSoft,0.05,7,1,0.8587535699080059,0.8569757727652465,1286,322,"{'Basal': 167, 'Her2': 179, 'LumA': 560, 'LumB': 380}","{'Basal': 42, 'Her2': 45, 'LumA': 140, 'LumB': 95}",4,False,0.9003690036900369,0.9312977099236641,0.8714285714285714,0.8712871287128713,0.822429906542056,0.9263157894736842,0.8172043010752689,0.7916666666666666,0.8444444444444444,0.8461538461538461,0.9166666666666666,0.7857142857142857,7067063
classification,RFECA_SVR(k=10),EnsembleSoft,0.05,7,2,0.906230387170775,0.8910401002506266,1286,322,"{'Basal': 167, 'Her2': 179, 'LumA': 560, 'LumB': 380}","{'Basal': 42, 'Her2': 45, 'LumA': 140, 'LumB': 95}",4,False,0.9387755102040817,0.8961038961038961,0.9857142857142858,0.9021739130434783,0.9325842696629213,0.8736842105263158,0.8571428571428571,0.9230769230769231,0.8,0.926829268292683,0.95,0.9047619047619048,7067063
classification,RFECA_SVR(k=10),EnsembleSoft,0.05,7,3,0.877218770019331,0.8745196324143694,1286,322,"{'Basal': 167, 'Her2': 179, 'LumA': 560, 'LumB': 380}","{'Basal': 42, 'Her2': 45, 'LumA': 140, 'LumB': 95}",4,False,0.9252669039145908,0.9219858156028369,0.9285714285714286,0.8631578947368421,0.8631578947368421,0.8631578947368421,0.7692307692307693,0.7608695652173914,0.7777777777777778,0.9512195121951219,0.975,0.9285714285714286,7067063
classification,RFECA_SVR(k=10),EnsembleSoft,0.05,7,4,0.8788383672147249,0.8732068993622268,1287,321,"{'Basal': 168, 'Her2': 179, 'LumA': 560, 'LumB': 380}","{'Basal': 41, 'Her2': 45, 'LumA': 140, 'LumB': 95}",4,False,0.935251798561151,0.9420289855072463,0.9285714285714286,0.8888888888888888,0.8543689320388349,0.9263157894736842,0.7529411764705882,0.8,0.7111111111111111,0.9382716049382716,0.95,0.926829268292683,7067063
classification,RFECA_SVR(k=10),EnsembleSoft,0.05,7,5,0.880282102888486,0.8579232171337434,1287,321,"{'Basal': 167, 'Her2': 180, 'LumA': 560, 'LumB': 380}","{'Basal': 42, 'Her2': 44, 'LumA': 140, 'LumB': 95}",4,False,0.918918918918919,0.8717948717948718,0.9714285714285714,0.8829787234042553,0.8924731182795699,0.8736842105263158,0.7692307692307693,0.8823529411764706,0.6818181818181818,0.95,1.0,0.9047619047619048,7067063
classification,RFECA_SVR(k=20),EnsembleSoft,0.05,7,1,0.8533772258219844,0.851420217209691,1286,322,"{'Basal': 167, 'Her2': 179, 'LumA': 560, 'LumB': 380}","{'Basal': 42, 'Her2': 45, 'LumA': 140, 'LumB': 95}",4,False,0.9003690036900369,0.9312977099236641,0.8714285714285714,0.8712871287128713,0.822429906542056,0.9263157894736842,0.7956989247311828,0.7708333333333334,0.8222222222222222,0.8461538461538461,0.9166666666666666,0.7857142857142857,7067063
classification,RFECA_SVR(k=20),EnsembleSoft,0.05,7,2,0.8967324235418561,0.8845446950710109,1286,322,"{'Basal': 167, 'Her2': 179, 'LumA': 560, 'LumB': 380}","{'Basal': 42, 'Her2': 45, 'LumA': 140, 'LumB': 95}",4,False,0.9347079037800687,0.9006622516556292,0.9714285714285714,0.9032258064516129,0.9230769230769231,0.8842105263157894,0.8333333333333334,0.8974358974358975,0.7777777777777778,0.9156626506024096,0.926829268292683,0.9047619047619048,7067063
classification,RFECA_SVR(k=20),EnsembleSoft,0.05,7,3,0.8748947385428962,0.8718880534670009,1286,322,"{'Basal': 167, 'Her2': 179, 'LumA': 560, 'LumB': 380}","{'Basal': 42, 'Her2': 45, 'LumA': 140, 'LumB': 95}",4,False,0.9219858156028369,0.9154929577464789,0.9285714285714286,0.8571428571428571,0.8617021276595744,0.8526315789473684,0.7692307692307693,0.7608695652173914,0.7777777777777778,0.9512195121951219,0.975,0.9285714285714286,7067063
classification,RFECA_SVR(k=20),EnsembleSoft,0.05,7,4,0.8878007460336776,0.8794099068810237,1287,321,"{'Basal': 168, 'Her2': 179, 'LumA': 560, 'LumB': 380}","{'Basal': 41, 'Her2': 45, 'LumA': 140, 'LumB': 95}",4,False,0.9428571428571428,0.9428571428571428,0.9428571428571428,0.898989898989899,0.8640776699029126,0.9368421052631579,0.7710843373493976,0.8421052631578947,0.7111111111111111,0.9382716049382716,0.95,0.926829268292683,7067063
classification,RFECA_SVR(k=20),EnsembleSoft,0.05,7,5,0.880282102888486,0.8579232171337434,1287,321,"{'Basal': 167, 'Her2': 180, 'LumA': 560, 'LumB': 380}","{'Basal': 42, 'Her2': 44, 'LumA': 140, 'LumB': 95}",4,False,0.918918918918919,0.8717948717948718,0.9714285714285714,0.8829787234042553,0.8924731182795699,0.8736842105263158,0.7692307692307693,0.8823529411764706,0.6818181818181818,0.95,1.0,0.9047619047619048,7067063
classification,RFECA_SVR(k=5),EnsembleSoft,0.05,8,1,0.8790377176015474,0.8723057644110275,1286,322,"{'Basal': 167, 'Her2': 179, 'LumA': 560, 'LumB': 380}","{'Basal': 42, 'Her2': 45, 'LumA': 140, 'LumB': 95}",4,False,0.9163636363636364,0.9333333333333333,0.9,0.89,0.8476190476190476,0.9368421052631579,0.8297872340425532,0.7959183673469388,0.8666666666666667,0.88,1.0,0.7857142857142857,8067066
classification,RFECA_SVR(k=5),EnsembleSoft,0.05,8,2,0.9008540581356291,0.8903926482873852,1286,322,"{'Basal': 167, 'Her2': 179, 'LumA': 560, 'LumB': 380}","{'Basal': 42, 'Her2': 45, 'LumA': 140, 'LumB': 95}",4,False,0.9347079037800687,0.9006622516556292,0.9714285714285714,0.8913043478260869,0.9213483146067416,0.8631578947368421,0.8505747126436781,0.8809523809523809,0.8222222222222222,0.926829268292683,0.95,0.9047619047619048,8067066
classification,RFECA_SVR(k=5),EnsembleSoft,0.05,8,3,0.8954510823933662,0.8913847117794487,1286,322,"{'Basal': 167, 'Her2': 179, 'LumA': 560, 'LumB': 380}","{'Basal': 42, 'Her2': 45, 'LumA': 140, 'LumB': 95}",4,False,0.9366197183098591,0.9236111111111112,0.95,0.8723404255319149,0.8817204301075269,0.8631578947368421,0.8089887640449438,0.8181818181818182,0.8,0.963855421686747,0.975609756097561,0.9523809523809523,8067066
classification,RFECA_SVR(k=5),EnsembleSoft,0.05,8,4,0.887289697032841,0.8797023045418424,1287,321,"{'Basal': 168, 'Her2': 179, 'LumA': 560, 'LumB': 380}","{'Basal': 41, 'Her2': 45, 'LumA': 140, 'LumB': 95}",4,False,0.9328621908127208,0.9230769230769231,0.9428571428571428,0.9015544041450777,0.8877551020408163,0.9157894736842105,0.7764705882352941,0.825,0.7333333333333333,0.9382716049382716,0.95,0.926829268292683,8067066
classification,RFECA_SVR(k=5),EnsembleSoft,0.05,8,5,0.8674935930668315,0.8453491683754842,1287,321,"{'Basal': 167, 'Her2': 180, 'LumA': 560, 'LumB': 380}","{'Basal': 42, 'Her2': 44, 'LumA': 140, 'LumB': 95}",4,False,0.9146757679180887,0.8758169934640523,0.9571428571428572,0.875,0.865979381443299,0.8842105263157894,0.7435897435897436,0.8529411764705882,0.6590909090909091,0.9367088607594937,1.0,0.8809523809523809,8067066
classification,RFECA_SVR(k=10),EnsembleSoft,0.05,8,1,0.8694293594614628,0.8641186299081036,1286,322,"{'Basal': 167, 'Her2': 179, 'LumA': 560, 'LumB': 380}","{'Basal': 42, 'Her2': 45, 'LumA': 140, 'LumB': 95}",4,False,0.9163636363636364,0.9333333333333333,0.9,0.8844221105527639,0.8461538461538461,0.9263157894736842,0.8085106382978723,0.7755102040816326,0.8444444444444444,0.868421052631579,0.9705882352941176,0.7857142857142857,8067066
classification,RFECA_SVR(k=10),EnsembleSoft,0.05,8,2,0.8973387746566831,0.8877610693400168,1286,322,"{'Basal': 167, 'Her2': 179, 'LumA': 560, 'LumB': 380}","{'Basal': 42, 'Her2': 45, 'LumA': 140, 'LumB': 95}",4,False,0.9315068493150684,0.8947368421052632,0.9714285714285714,0.8901098901098901,0.9310344827586207,0.8526315789473684,0.8409090909090909,0.8604651162790697,0.8222222222222222,0.926829268292683,0.95,0.9047619047619048,8067066
classification,RFECA_SVR(k=10),EnsembleSoft,0.05,8,3,0.895674652255991,0.8922305764411028,1286,322,"{'Basal': 167, 'Her2': 179, 'LumA': 560, 'LumB': 380}","{'Basal': 42, 'Her2': 45, 'LumA': 140, 'LumB': 95}",4,False,0.9361702127659575,0.9295774647887324,0.9428571428571428,0.8736842105263158,0.8736842105263158,0.8736842105263158,0.8089887640449438,0.8181818181818182,0.8,0.963855421686747,0.975609756097561,0.9523809523809523,8067066
classification,RFECA_SVR(k=10),EnsembleSoft,0.05,8,4,0.8943221352462645,0.8841195977749252,1287,321,"{'Basal': 168, 'Her2': 179, 'LumA': 560, 'LumB': 380}","{'Basal': 41, 'Her2': 45, 'LumA': 140, 'LumB': 95}",4,False,0.9366197183098591,0.9236111111111112,0.95,0.9072164948453608,0.8888888888888888,0.9263157894736842,0.7951807228915663,0.868421052631579,0.7333333333333333,0.9382716049382716,0.95,0.926829268292683,8067066
classification,RFECA_SVR(k=10),EnsembleSoft,0.05,8,5,0.8697339597678403,0.8479807473228527,1287,321,"{'Basal': 167, 'Her2': 180, 'LumA': 560, 'LumB': 380}","{'Basal': 42, 'Her2': 44, 'LumA': 140, 'LumB': 95}",4,False,0.9178082191780822,0.881578947368421,0.9571428571428572,0.8808290155440415,0.8673469387755102,0.8947368421052632,0.7435897435897436,0.8529411764705882,0.6590909090909091,0.9367088607594937,1.0,0.8809523809523809,8067066
classification,RFECA_SVR(k=20),EnsembleSoft,0.05,8,1,0.8694293594614628,0.8641186299081036,1286,322,"{'Basal': 167, 'Her2': 179, 'LumA': 560, 'LumB': 380}","{'Basal': 42, 'Her2': 45, 'LumA': 140, 'LumB': 95}",4,False,0.9163636363636364,0.9333333333333333,0.9,0.8844221105527639,0.8461538461538461,0.9263157894736842,0.8085106382978723,0.7755102040816326,0.8444444444444444,0.868421052631579,0.9705882352941176,0.7857142857142857,8067066
classification,RFECA_SVR(k=20),EnsembleSoft,0.05,8,2,0.9019608266820026,0.8930242272347536,1286,322,"{'Basal': 167, 'Her2': 179, 'LumA': 560, 'LumB': 380}","{'Basal': 42, 'Her2': 45, 'LumA': 140, 'LumB': 95}",4,False,0.9379310344827586,0.9066666666666666,0.9714285714285714,0.9021739130434783,0.9325842696629213,0.8736842105263158,0.8409090909090909,0.8604651162790697,0.8222222222222222,0.926829268292683,0.95,0.9047619047619048,8067066
classification,RFECA_SVR(k=20),EnsembleSoft,0.05,8,3,0.8994471511167459,0.8948621553884712,1286,322,"{'Basal': 167, 'Her2': 179, 'LumA': 560, 'LumB': 380}","{'Basal': 42, 'Her2': 45, 'LumA': 140, 'LumB': 95}",4,False,0.9361702127659575,0.9295774647887324,0.9428571428571428,0.8795811518324608,0.875,0.8842105263157894,0.8181818181818182,0.8372093023255814,0.8,0.963855421686747,0.975609756097561,0.9523809523809523,8067066
classification,RFECA_SVR(k=20),EnsembleSoft,0.05,8,4,0.8840947204501051,0.8752850113087598,1287,321,"{'Basal': 168, 'Her2': 179, 'LumA': 560, 'LumB': 380}","{'Basal': 41, 'Her2': 45, 'LumA': 140, 'LumB': 95}",4,False,0.9257950530035336,0.916083916083916,0.9357142857142857,0.8865979381443299,0.8686868686868687,0.9052631578947369,0.7857142857142857,0.8461538461538461,0.7333333333333333,0.9382716049382716,0.95,0.926829268292683,8067066
classification,RFECA_SVR(k=20),EnsembleSoft,0.05,8,5,0.8780097471022128,0.8569833675096833,1287,321,"{'Basal': 167, 'Her2': 180, 'LumA': 560, 'LumB': 380}","{'Basal': 42, 'Her2': 44, 'LumA': 140, 'LumB': 95}",4,False,0.9178082191780822,0.881578947368421,0.9571428571428572,0.875,0.865979381443299,0.8842105263157894,0.7692307692307693,0.8823529411764706,0.6818181818181818,0.95,1.0,0.9047619047619048,8067066
classification,RFECA_SVR(k=5),EnsembleSoft,0.05,9,1,0.8718923069963989,0.8740392648287385,1286,322,"{'Basal': 167, 'Her2': 179, 'LumA': 560, 'LumB': 380}","{'Basal': 42, 'Her2': 45, 'LumA': 140, 'LumB': 95}",4,False,0.9037037037037037,0.9384615384615385,0.8714285714285714,0.8844221105527639,0.8461538461538461,0.9263157894736842,0.8163265306122449,0.7547169811320755,0.8888888888888888,0.8831168831168831,0.9714285714285714,0.8095238095238095,9067069
classification,RFECA_SVR(k=5),EnsembleSoft,0.05,9,2,0.9019854915288525,0.8892543859649124,1286,322,"{'Basal': 167, 'Her2': 179, 'LumA': 560, 'LumB': 380}","{'Basal': 42, 'Her2': 45, 'LumA': 140, 'LumB': 95}",4,False,0.9415807560137457,0.9072847682119205,0.9785714285714285,0.8924731182795699,0.9120879120879121,0.8736842105263158,0.8470588235294118,0.9,0.8,0.926829268292683,0.95,0.9047619047619048,9067069
classification,RFECA_SVR(k=5),EnsembleSoft,0.05,9,3,0.8856520461351427,0.8822577276524646,1286,322,"{'Basal': 167, 'Her2': 179, 'LumA': 560, 'LumB': 380}","{'Basal': 42, 'Her2': 45, 'LumA': 140, 'LumB': 95}",4,False,0.9290780141843972,0.9225352112676056,0.9357142857142857,0.8631578947368421,0.8631578947368421,0.8631578947368421,0.7865168539325843,0.7954545454545454,0.7777777777777778,0.963855421686747,0.975609756097561,0.9523809523809523,9067069
classification,RFECA_SVR(k=5),EnsembleSoft,0.05,9,4,0.8905497417494659,0.8797023045418424,1287,321,"{'Basal': 168, 'Her2': 179, 'LumA': 560, 'LumB': 380}","{'Basal': 41, 'Her2': 45, 'LumA': 140, 'LumB': 95}",4,False,0.9295774647887324,0.9166666666666666,0.9428571428571428,0.8969072164948454,0.8787878787878788,0.9157894736842105,0.7857142857142857,0.8461538461538461,0.7333333333333333,0.95,0.9743589743589743,0.926829268292683,9067069
classification,RFECA_SVR(k=5),EnsembleSoft,0.05,9,5,0.8710985264532899,0.8476560719981773,1287,321,"{'Basal': 167, 'Her2': 180, 'LumA': 560, 'LumB': 380}","{'Basal': 42, 'Her2': 44, 'LumA': 140, 'LumB': 95}",4,False,0.9256756756756757,0.8782051282051282,0.9785714285714285,0.8947368421052632,0.8947368421052632,0.8947368421052632,0.7272727272727273,0.8484848484848485,0.6363636363636364,0.9367088607594937,1.0,0.8809523809523809,9067069
classification,RFECA_SVR(k=10),EnsembleSoft,0.05,9,1,0.8717415706043052,0.869423558897243,1286,322,"{'Basal': 167, 'Her2': 179, 'LumA': 560, 'LumB': 380}","{'Basal': 42, 'Her2': 45, 'LumA': 140, 'LumB': 95}",4,False,0.9084249084249084,0.9323308270676691,0.8857142857142857,0.8743718592964824,0.8365384615384616,0.9157894736842105,0.8210526315789474,0.78,0.8666666666666667,0.8831168831168831,0.9714285714285714,0.8095238095238095,9067069
classification,RFECA_SVR(k=10),EnsembleSoft,0.05,9,2,0.9085975457245501,0.8948099415204679,1286,322,"{'Basal': 167, 'Her2': 179, 'LumA': 560, 'LumB': 380}","{'Basal': 42, 'Her2': 45, 'LumA': 140, 'LumB': 95}",4,False,0.9383561643835616,0.9013157894736842,0.9785714285714285,0.8972972972972973,0.9222222222222223,0.8736842105263158,0.8604651162790697,0.9024390243902439,0.8222222222222222,0.9382716049382716,0.9743589743589743,0.9047619047619048,9067069
classification,RFECA_SVR(k=10),EnsembleSoft,0.05,9,3,0.8737356311064524,0.8681182121971596,1286,322,"{'Basal': 167, 'Her2': 179, 'LumA': 560, 'LumB': 380}","{'Basal': 42, 'Her2': 45, 'LumA': 140, 'LumB': 95}",4,False,0.9225352112676056,0.9097222222222222,0.9357142857142857,0.8571428571428571,0.8617021276595744,0.8526315789473684,0.7640449438202247,0.7727272727272727,0.7555555555555555,0.9512195121951219,0.975,0.9285714285714286,9067069
classification,RFECA_SVR(k=10),EnsembleSoft,0.05,9,4,0.9003546689466424,0.8878894390447665,1287,321,"{'Basal': 168, 'Her2': 179, 'LumA': 560, 'LumB': 380}","{'Basal': 41, 'Her2': 45, 'LumA': 140, 'LumB': 95}",4,False,0.9295774647887324,0.9166666666666666,0.9428571428571428,0.9025641025641026,0.88,0.9263157894736842,0.8192771084337349,0.8947368421052632,0.7555555555555555,0.95,0.9743589743589743,0.926829268292683,9067069
classification,RFECA_SVR(k=10),EnsembleSoft,0.05,9,5,0.8737157922284505,0.8507063112326271,1287,321,"{'Basal': 167, 'Her2': 180, 'LumA': 560, 'LumB': 380}","{'Basal': 42, 'Her2': 44, 'LumA': 140, 'LumB': 95}",4,False,0.9256756756756757,0.8782051282051282,0.9785714285714285,0.8888888888888888,0.8936170212765957,0.8842105263157894,0.7435897435897436,0.8529411764705882,0.6590909090909091,0.9367088607594937,1.0,0.8809523809523809,9067069
classification,RFECA_SVR(k=20),EnsembleSoft,0.05,9,1,0.865496207779995,0.8672410192147033,1286,322,"{'Basal': 167, 'Her2': 179, 'LumA': 560, 'LumB': 380}","{'Basal': 42, 'Her2': 45, 'LumA': 140, 'LumB': 95}",4,False,0.9111111111111111,0.9461538461538461,0.8785714285714286,0.8743718592964824,0.8365384615384616,0.9157894736842105,0.8080808080808081,0.7407407407407407,0.8888888888888888,0.868421052631579,0.9705882352941176,0.7857142857142857,9067069
classification,RFECA_SVR(k=20),EnsembleSoft,0.05,9,2,0.8990109429239076,0.8874686716791981,1286,322,"{'Basal': 167, 'Her2': 179, 'LumA': 560, 'LumB': 380}","{'Basal': 42, 'Her2': 45, 'LumA': 140, 'LumB': 95}",4,False,0.9347079037800687,0.9006622516556292,0.9714285714285714,0.8972972972972973,0.9222222222222223,0.8736842105263158,0.8372093023255814,0.8780487804878049,0.8,0.926829268292683,0.95,0.9047619047619048,9067069
classification,RFECA_SVR(k=20),EnsembleSoft,0.05,9,3,0.8826228948134723,0.8789369256474521,1286,322,"{'Basal': 167, 'Her2': 179, 'LumA': 560, 'LumB': 380}","{'Basal': 42, 'Her2': 45, 'LumA': 140, 'LumB': 95}",4,False,0.9323843416370107,0.9290780141843972,0.9357142857142857,0.8691099476439791,0.8645833333333334,0.8736842105263158,0.7777777777777778,0.7777777777777778,0.7777777777777778,0.9512195121951219,0.975,0.9285714285714286,9067069
classification,RFECA_SVR(k=20),EnsembleSoft,0.05,9,4,0.9003546689466424,0.8878894390447665,1287,321,"{'Basal': 168, 'Her2': 179, 'LumA': 560, 'LumB': 380}","{'Basal': 41, 'Her2': 45, 'LumA': 140, 'LumB': 95}",4,False,0.9295774647887324,0.9166666666666666,0.9428571428571428,0.9025641025641026,0.88,0.9263157894736842,0.8192771084337349,0.8947368421052632,0.7555555555555555,0.95,0.9743589743589743,0.926829268292683,9067069
classification,RFECA_SVR(k=20),EnsembleSoft,0.05,9,5,0.8738802570993477,0.8515521758942812,1287,321,"{'Basal': 167, 'Her2': 180, 'LumA': 560, 'LumB': 380}","{'Basal': 42, 'Her2': 44, 'LumA': 140, 'LumB': 95}",4,False,0.9251700680272109,0.8831168831168831,0.9714285714285714,0.8900523560209425,0.8854166666666666,0.8947368421052632,0.7435897435897436,0.8529411764705882,0.6590909090909091,0.9367088607594937,1.0,0.8809523809523809,9067069
classification,RFECA_SVR(k=5),EnsembleSoft,0.1,0,1,0.8569715369755677,0.8575710108604846,1286,322,"{'Basal': 167, 'Her2': 179, 'LumA': 560, 'LumB': 380}","{'Basal': 42, 'Her2': 45, 'LumA': 140, 'LumB': 95}",4,False,0.8913857677902621,0.937007874015748,0.85,0.8585365853658536,0.8,0.9263157894736842,0.8172043010752689,0.7916666666666666,0.8444444444444444,0.8607594936708861,0.918918918918919,0.8095238095238095,117042
classification,RFECA_SVR(k=5),EnsembleSoft,0.1,0,2,0.8807782689938567,0.87109440267335,1286,322,"{'Basal': 167, 'Her2': 179, 'LumA': 560, 'LumB': 380}","{'Basal': 42, 'Her2': 45, 'LumA': 140, 'LumB': 95}",4,False,0.9315068493150684,0.8947368421052632,0.9714285714285714,0.8852459016393442,0.9204545454545454,0.8526315789473684,0.7906976744186046,0.8292682926829268,0.7555555555555555,0.9156626506024096,0.926829268292683,0.9047619047619048,117042
classification,RFECA_SVR(k=5),EnsembleSoft,0.1,0,3,0.8762116192059108,0.8688074352548036,1286,322,"{'Basal': 167, 'Her2': 179, 'LumA': 560, 'LumB': 380}","{'Basal': 42, 'Her2': 45, 'LumA': 140, 'LumB': 95}",4,False,0.916083916083916,0.8972602739726028,0.9357142857142857,0.8404255319148937,0.8494623655913979,0.8315789473684211,0.7727272727272727,0.7906976744186046,0.7555555555555555,0.975609756097561,1.0,0.9523809523809523,117042
classification,RFECA_SVR(k=5),EnsembleSoft,0.1,0,4,0.8708799281684905,0.86590841942254,1287,321,"{'Basal': 168, 'Her2': 179, 'LumA': 560, 'LumB': 380}","{'Basal': 41, 'Her2': 45, 'LumA': 140, 'LumB': 95}",4,False,0.9148936170212766,0.9084507042253521,0.9214285714285714,0.8795811518324608,0.875,0.8842105263157894,0.7640449438202247,0.7727272727272727,0.7555555555555555,0.925,0.9487179487179487,0.9024390243902439,117042
classification,RFECA_SVR(k=5),EnsembleSoft,0.1,0,5,0.8835584175494586,0.8619218500797449,1287,321,"{'Basal': 167, 'Her2': 180, 'LumA': 560, 'LumB': 380}","{'Basal': 42, 'Her2': 44, 'LumA': 140, 'LumB': 95}",4,False,0.9351535836177475,0.8954248366013072,0.9785714285714285,0.8958333333333334,0.8865979381443299,0.9052631578947369,0.7532467532467533,0.8787878787878788,0.6590909090909091,0.95,1.0,0.9047619047619048,117042
classification,RFECA_SVR(k=10),EnsembleSoft,0.1,0,1,0.8563828224996107,0.8582184628237259,1286,322,"{'Basal': 167, 'Her2': 179, 'LumA': 560, 'LumB': 380}","{'Basal': 42, 'Her2': 45, 'LumA': 140, 'LumB': 95}",4,False,0.9029850746268657,0.9453125,0.8642857142857143,0.8768472906403941,0.8240740740740741,0.9368421052631579,0.7956989247311828,0.7708333333333334,0.8222222222222222,0.85,0.8947368421052632,0.8095238095238095,117042
classification,RFECA_SVR(k=10),EnsembleSoft,0.1,0,2,0.8848026473168681,0.8736215538847117,1286,322,"{'Basal': 167, 'Her2': 179, 'LumA': 560, 'LumB': 380}","{'Basal': 42, 'Her2': 45, 'LumA': 140, 'LumB': 95}",4,False,0.9283276450511946,0.8888888888888888,0.9714285714285714,0.8791208791208791,0.9195402298850575,0.8421052631578947,0.8181818181818182,0.8372093023255814,0.8,0.9135802469135802,0.9487179487179487,0.8809523809523809,117042
classification,RFECA_SVR(k=10),EnsembleSoft,0.1,0,3,0.8828820614397335,0.8781328320802005,1286,322,"{'Basal': 167, 'Her2': 179, 'LumA': 560, 'LumB': 380}","{'Basal': 42, 'Her2': 45, 'LumA': 140, 'LumB': 95}",4,False,0.9154929577464789,0.9027777777777778,0.9285714285714286,0.8404255319148937,0.8494623655913979,0.8315789473684211,0.8,0.8,0.8,0.975609756097561,1.0,0.9523809523809523,117042
classification,RFECA_SVR(k=10),EnsembleSoft,0.1,0,4,0.8693371512123795,0.8621385781526989,1287,321,"{'Basal': 168, 'Her2': 179, 'LumA': 560, 'LumB': 380}","{'Basal': 41, 'Her2': 45, 'LumA': 140, 'LumB': 95}",4,False,0.9187279151943463,0.9090909090909091,0.9285714285714286,0.875,0.865979381443299,0.8842105263157894,0.7586206896551724,0.7857142857142857,0.7333333333333333,0.925,0.9487179487179487,0.9024390243902439,117042
classification,RFECA_SVR(k=10),EnsembleSoft,0.1,0,5,0.884231636735336,0.8616512873091821,1287,321,"{'Basal': 167, 'Her2': 180, 'LumA': 560, 'LumB': 380}","{'Basal': 42, 'Her2': 44, 'LumA': 140, 'LumB': 95}",4,False,0.9351535836177475,0.8954248366013072,0.9785714285714285,0.8958333333333334,0.8865979381443299,0.9052631578947369,0.7692307692307693,0.8823529411764706,0.6818181818181818,0.9367088607594937,1.0,0.8809523809523809,117042
classification,RFECA_SVR(k=20),EnsembleSoft,0.1,0,1,0.8633285031045073,0.8661549707602338,1286,322,"{'Basal': 167, 'Her2': 179, 'LumA': 560, 'LumB': 380}","{'Basal': 42, 'Her2': 45, 'LumA': 140, 'LumB': 95}",4,False,0.8947368421052632,0.9444444444444444,0.85,0.8682926829268293,0.8090909090909091,0.9368421052631579,0.8260869565217391,0.8085106382978723,0.8444444444444444,0.8641975308641975,0.8974358974358975,0.8333333333333334,117042
classification,RFECA_SVR(k=20),EnsembleSoft,0.1,0,2,0.8848026473168681,0.8736215538847117,1286,322,"{'Basal': 167, 'Her2': 179, 'LumA': 560, 'LumB': 380}","{'Basal': 42, 'Her2': 45, 'LumA': 140, 'LumB': 95}",4,False,0.9283276450511946,0.8888888888888888,0.9714285714285714,0.8791208791208791,0.9195402298850575,0.8421052631578947,0.8181818181818182,0.8372093023255814,0.8,0.9135802469135802,0.9487179487179487,0.8809523809523809,117042
classification,RFECA_SVR(k=20),EnsembleSoft,0.1,0,3,0.878004050202643,0.872577276524645,1286,322,"{'Basal': 167, 'Her2': 179, 'LumA': 560, 'LumB': 380}","{'Basal': 42, 'Her2': 45, 'LumA': 140, 'LumB': 95}",4,False,0.9122807017543859,0.896551724137931,0.9285714285714286,0.8404255319148937,0.8494623655913979,0.8315789473684211,0.7954545454545454,0.813953488372093,0.7777777777777778,0.963855421686747,0.975609756097561,0.9523809523809523,117042
classification,RFECA_SVR(k=20),EnsembleSoft,0.1,0,4,0.8734143647390491,0.863078427776759,1287,321,"{'Basal': 168, 'Her2': 179, 'LumA': 560, 'LumB': 380}","{'Basal': 41, 'Her2': 45, 'LumA': 140, 'LumB': 95}",4,False,0.9230769230769231,0.9041095890410958,0.9428571428571428,0.8691099476439791,0.8645833333333334,0.8736842105263158,0.7764705882352941,0.825,0.7333333333333333,0.925,0.9487179487179487,0.9024390243902439,117042
classification,RFECA_SVR(k=20),EnsembleSoft,0.1,0,5,0.8821595472874727,0.8598655730234678,1287,321,"{'Basal': 167, 'Her2': 180, 'LumA': 560, 'LumB': 380}","{'Basal': 42, 'Her2': 44, 'LumA': 140, 'LumB': 95}",4,False,0.9315068493150684,0.8947368421052632,0.9714285714285714,0.8911917098445595,0.8775510204081632,0.9052631578947369,0.7692307692307693,0.8823529411764706,0.6818181818181818,0.9367088607594937,1.0,0.8809523809523809,117042
classification,RFECA_SVR(k=5),EnsembleSoft,0.1,1,1,0.8806518168548243,0.8789473684210527,1286,322,"{'Basal': 167, 'Her2': 179, 'LumA': 560, 'LumB': 380}","{'Basal': 42, 'Her2': 45, 'LumA': 140, 'LumB': 95}",4,False,0.9163636363636364,0.9333333333333333,0.9,0.8877551020408163,0.8613861386138614,0.9157894736842105,0.8210526315789474,0.78,0.8666666666666667,0.8974358974358975,0.9722222222222222,0.8333333333333334,1117045
classification,RFECA_SVR(k=5),EnsembleSoft,0.1,1,2,0.8941310314742187,0.8866228070175439,1286,322,"{'Basal': 167, 'Her2': 179, 'LumA': 560, 'LumB': 380}","{'Basal': 42, 'Her2': 45, 'LumA': 140, 'LumB': 95}",4,False,0.9415807560137457,0.9072847682119205,0.9785714285714285,0.9010989010989011,0.9425287356321839,0.8631578947368421,0.8181818181818182,0.8372093023255814,0.8,0.9156626506024096,0.926829268292683,0.9047619047619048,1117045
classification,RFECA_SVR(k=5),EnsembleSoft,0.1,1,3,0.8837408381738144,0.880764411027569,1286,322,"{'Basal': 167, 'Her2': 179, 'LumA': 560, 'LumB': 380}","{'Basal': 42, 'Her2': 45, 'LumA': 140, 'LumB': 95}",4,False,0.9154929577464789,0.9027777777777778,0.9285714285714286,0.8556149732620321,0.8695652173913043,0.8421052631578947,0.8,0.8,0.8,0.963855421686747,0.975609756097561,0.9523809523809523,1117045
classification,RFECA_SVR(k=5),EnsembleSoft,0.1,1,4,0.8680598555211558,0.8583687368828576,1287,321,"{'Basal': 168, 'Her2': 179, 'LumA': 560, 'LumB': 380}","{'Basal': 41, 'Her2': 45, 'LumA': 140, 'LumB': 95}",4,False,0.9192982456140351,0.903448275862069,0.9357142857142857,0.875,0.865979381443299,0.8842105263157894,0.7529411764705882,0.8,0.7111111111111111,0.925,0.9487179487179487,0.9024390243902439,1117045
classification,RFECA_SVR(k=5),EnsembleSoft,0.1,1,5,0.888383965490557,0.8670824789245842,1287,321,"{'Basal': 167, 'Her2': 180, 'LumA': 560, 'LumB': 380}","{'Basal': 42, 'Her2': 44, 'LumA': 140, 'LumB': 95}",4,False,0.9278350515463918,0.8940397350993378,0.9642857142857143,0.8808290155440415,0.8673469387755102,0.8947368421052632,0.7948717948717948,0.9117647058823529,0.7045454545454546,0.95,1.0,0.9047619047619048,1117045
classification,RFECA_SVR(k=10),EnsembleSoft,0.1,1,1,0.8892448326179042,0.8833646616541353,1286,322,"{'Basal': 167, 'Her2': 179, 'LumA': 560, 'LumB': 380}","{'Basal': 42, 'Her2': 45, 'LumA': 140, 'LumB': 95}",4,False,0.9202898550724637,0.9338235294117647,0.9071428571428571,0.8888888888888888,0.8543689320388349,0.9263157894736842,0.8387096774193549,0.8125,0.8666666666666667,0.9090909090909091,1.0,0.8333333333333334,1117045
classification,RFECA_SVR(k=10),EnsembleSoft,0.1,1,2,0.8916411830756977,0.8828529657477027,1286,322,"{'Basal': 167, 'Her2': 179, 'LumA': 560, 'LumB': 380}","{'Basal': 42, 'Her2': 45, 'LumA': 140, 'LumB': 95}",4,False,0.9452054794520548,0.9078947368421053,0.9857142857142858,0.9010989010989011,0.9425287356321839,0.8631578947368421,0.8045977011494253,0.8333333333333334,0.7777777777777778,0.9156626506024096,0.926829268292683,0.9047619047619048,1117045
classification,RFECA_SVR(k=10),EnsembleSoft,0.1,1,3,0.878711450215122,0.8755012531328321,1286,322,"{'Basal': 167, 'Her2': 179, 'LumA': 560, 'LumB': 380}","{'Basal': 42, 'Her2': 45, 'LumA': 140, 'LumB': 95}",4,False,0.9122807017543859,0.896551724137931,0.9285714285714286,0.8387096774193549,0.8571428571428571,0.8210526315789474,0.8,0.8,0.8,0.963855421686747,0.975609756097561,0.9523809523809523,1117045
classification,RFECA_SVR(k=10),EnsembleSoft,0.1,1,4,0.8707614642741225,0.8638303074760071,1287,321,"{'Basal': 168, 'Her2': 179, 'LumA': 560, 'LumB': 380}","{'Basal': 41, 'Her2': 45, 'LumA': 140, 'LumB': 95}",4,False,0.9142857142857143,0.9142857142857143,0.9142857142857143,0.882051282051282,0.86,0.9052631578947369,0.75,0.7674418604651163,0.7333333333333333,0.9367088607594937,0.9736842105263158,0.9024390243902439,1117045
classification,RFECA_SVR(k=10),EnsembleSoft,0.1,1,5,0.8831040508447132,0.8644508999772158,1287,321,"{'Basal': 167, 'Her2': 180, 'LumA': 560, 'LumB': 380}","{'Basal': 42, 'Her2': 44, 'LumA': 140, 'LumB': 95}",4,False,0.9278350515463918,0.8940397350993378,0.9642857142857143,0.8795811518324608,0.875,0.8842105263157894,0.775,0.8611111111111112,0.7045454545454546,0.95,1.0,0.9047619047619048,1117045
classification,RFECA_SVR(k=20),EnsembleSoft,0.1,1,1,0.8780536179522775,0.874780701754386,1286,322,"{'Basal': 167, 'Her2': 179, 'LumA': 560, 'LumB': 380}","{'Basal': 42, 'Her2': 45, 'LumA': 140, 'LumB': 95}",4,False,0.9202898550724637,0.9338235294117647,0.9071428571428571,0.8877551020408163,0.8613861386138614,0.9157894736842105,0.8210526315789474,0.78,0.8666666666666667,0.8831168831168831,0.9714285714285714,0.8095238095238095,1117045
classification,RFECA_SVR(k=20),EnsembleSoft,0.1,1,2,0.8917967739582021,0.8813178780284043,1286,322,"{'Basal': 167, 'Her2': 179, 'LumA': 560, 'LumB': 380}","{'Basal': 42, 'Her2': 45, 'LumA': 140, 'LumB': 95}",4,False,0.9455782312925171,0.9025974025974026,0.9928571428571429,0.9171270718232044,0.9651162790697675,0.8736842105263158,0.8235294117647058,0.875,0.7777777777777778,0.8809523809523809,0.8809523809523809,0.8809523809523809,1117045
classification,RFECA_SVR(k=20),EnsembleSoft,0.1,1,3,0.8858421802660558,0.8825501253132833,1286,322,"{'Basal': 167, 'Her2': 179, 'LumA': 560, 'LumB': 380}","{'Basal': 42, 'Her2': 45, 'LumA': 140, 'LumB': 95}",4,False,0.9192982456140351,0.903448275862069,0.9357142857142857,0.8602150537634409,0.8791208791208791,0.8421052631578947,0.8,0.8,0.8,0.963855421686747,0.975609756097561,0.9523809523809523,1117045
classification,RFECA_SVR(k=20),EnsembleSoft,0.1,1,4,0.8718886477781418,0.8636318947775945,1287,321,"{'Basal': 168, 'Her2': 179, 'LumA': 560, 'LumB': 380}","{'Basal': 41, 'Her2': 45, 'LumA': 140, 'LumB': 95}",4,False,0.9225352112676056,0.9097222222222222,0.9357142857142857,0.8958333333333334,0.8865979381443299,0.9052631578947369,0.7441860465116279,0.7804878048780488,0.7111111111111111,0.925,0.9487179487179487,0.9024390243902439,1117045
classification,RFECA_SVR(k=20),EnsembleSoft,0.1,1,5,0.8761698969742584,0.8561375028480291,1287,321,"{'Basal': 167, 'Her2': 180, 'LumA': 560, 'LumB': 380}","{'Basal': 42, 'Her2': 44, 'LumA': 140, 'LumB': 95}",4,False,0.9215017064846417,0.8823529411764706,0.9642857142857143,0.8736842105263158,0.8736842105263158,0.8736842105263158,0.759493670886076,0.8571428571428571,0.6818181818181818,0.95,1.0,0.9047619047619048,1117045
classification,RFECA_SVR(k=5),EnsembleSoft,0.1,2,1,0.8607206742346061,0.8563283208020049,1286,322,"{'Basal': 167, 'Her2': 179, 'LumA': 560, 'LumB': 380}","{'Basal': 42, 'Her2': 45, 'LumA': 140, 'LumB': 95}",4,False,0.8888888888888888,0.9230769230769231,0.8571428571428571,0.8529411764705882,0.7981651376146789,0.9157894736842105,0.8210526315789474,0.78,0.8666666666666667,0.88,1.0,0.7857142857142857,2117048
classification,RFECA_SVR(k=5),EnsembleSoft,0.1,2,2,0.8919223092188928,0.8799289891395154,1286,322,"{'Basal': 167, 'Her2': 179, 'LumA': 560, 'LumB': 380}","{'Basal': 42, 'Her2': 45, 'LumA': 140, 'LumB': 95}",4,False,0.9452054794520548,0.9078947368421053,0.9857142857142858,0.8972972972972973,0.9222222222222223,0.8736842105263158,0.8095238095238095,0.8717948717948718,0.7555555555555555,0.9156626506024096,0.926829268292683,0.9047619047619048,2117048
classification,RFECA_SVR(k=5),EnsembleSoft,0.1,2,3,0.8785665575559192,0.8712928153717627,1286,322,"{'Basal': 167, 'Her2': 179, 'LumA': 560, 'LumB': 380}","{'Basal': 42, 'Her2': 45, 'LumA': 140, 'LumB': 95}",4,False,0.9333333333333333,0.9172413793103448,0.95,0.8617021276595744,0.8709677419354839,0.8526315789473684,0.7692307692307693,0.7608695652173914,0.7777777777777778,0.95,1.0,0.9047619047619048,2117048
classification,RFECA_SVR(k=5),EnsembleSoft,0.1,2,4,0.8821530398960997,0.8730512765653973,1287,321,"{'Basal': 168, 'Her2': 179, 'LumA': 560, 'LumB': 380}","{'Basal': 41, 'Her2': 45, 'LumA': 140, 'LumB': 95}",4,False,0.9333333333333333,0.9172413793103448,0.95,0.8795811518324608,0.875,0.8842105263157894,0.7906976744186046,0.8292682926829268,0.7555555555555555,0.925,0.9487179487179487,0.9024390243902439,2117048
classification,RFECA_SVR(k=5),EnsembleSoft,0.1,2,5,0.8727568340712293,0.8522413989519253,1287,321,"{'Basal': 167, 'Her2': 180, 'LumA': 560, 'LumB': 380}","{'Basal': 42, 'Her2': 44, 'LumA': 140, 'LumB': 95}",4,False,0.9283276450511946,0.8888888888888888,0.9714285714285714,0.8691099476439791,0.8645833333333334,0.8736842105263158,0.7435897435897436,0.8529411764705882,0.6590909090909091,0.95,1.0,0.9047619047619048,2117048
classification,RFECA_SVR(k=10),EnsembleSoft,0.1,2,1,0.8650235064786148,0.8607456140350878,1286,322,"{'Basal': 167, 'Her2': 179, 'LumA': 560, 'LumB': 380}","{'Basal': 42, 'Her2': 45, 'LumA': 140, 'LumB': 95}",4,False,0.8962962962962963,0.9307692307692308,0.8642857142857143,0.8627450980392157,0.8073394495412844,0.9263157894736842,0.8210526315789474,0.78,0.8666666666666667,0.88,1.0,0.7857142857142857,2117048
classification,RFECA_SVR(k=10),EnsembleSoft,0.1,2,2,0.8967883471447307,0.8888053467000836,1286,322,"{'Basal': 167, 'Her2': 179, 'LumA': 560, 'LumB': 380}","{'Basal': 42, 'Her2': 45, 'LumA': 140, 'LumB': 95}",4,False,0.9484536082474226,0.9139072847682119,0.9857142857142858,0.8961748633879781,0.9318181818181818,0.8631578947368421,0.813953488372093,0.8536585365853658,0.7777777777777778,0.9285714285714286,0.9285714285714286,0.9285714285714286,2117048
classification,RFECA_SVR(k=10),EnsembleSoft,0.1,2,3,0.8839440504334121,0.8772451963241438,1286,322,"{'Basal': 167, 'Her2': 179, 'LumA': 560, 'LumB': 380}","{'Basal': 42, 'Her2': 45, 'LumA': 140, 'LumB': 95}",4,False,0.9333333333333333,0.9172413793103448,0.95,0.8617021276595744,0.8709677419354839,0.8526315789473684,0.7777777777777778,0.7777777777777778,0.7777777777777778,0.9629629629629629,1.0,0.9285714285714286,2117048
classification,RFECA_SVR(k=10),EnsembleSoft,0.1,2,4,0.8793257420878302,0.869281435295556,1287,321,"{'Basal': 168, 'Her2': 179, 'LumA': 560, 'LumB': 380}","{'Basal': 41, 'Her2': 45, 'LumA': 140, 'LumB': 95}",4,False,0.9337979094076655,0.9115646258503401,0.9571428571428572,0.8842105263157894,0.8842105263157894,0.8842105263157894,0.7857142857142857,0.8461538461538461,0.7333333333333333,0.9135802469135802,0.925,0.9024390243902439,2117048
classification,RFECA_SVR(k=10),EnsembleSoft,0.1,2,5,0.8703395337055759,0.8491911597174755,1287,321,"{'Basal': 167, 'Her2': 180, 'LumA': 560, 'LumB': 380}","{'Basal': 42, 'Her2': 44, 'LumA': 140, 'LumB': 95}",4,False,0.9220338983050848,0.8774193548387097,0.9714285714285714,0.8842105263157894,0.8842105263157894,0.8842105263157894,0.7368421052631579,0.875,0.6363636363636364,0.9382716049382716,0.9743589743589743,0.9047619047619048,2117048
classification,RFECA_SVR(k=20),EnsembleSoft,0.1,2,1,0.8689266710401633,0.8663011695906433,1286,322,"{'Basal': 167, 'Her2': 179, 'LumA': 560, 'LumB': 380}","{'Basal': 42, 'Her2': 45, 'LumA': 140, 'LumB': 95}",4,False,0.8996282527881041,0.937984496124031,0.8642857142857143,0.8627450980392157,0.8073394495412844,0.9263157894736842,0.8333333333333334,0.7843137254901961,0.8888888888888888,0.88,1.0,0.7857142857142857,2117048
classification,RFECA_SVR(k=20),EnsembleSoft,0.1,2,2,0.9068004198455644,0.8936716791979951,1286,322,"{'Basal': 167, 'Her2': 179, 'LumA': 560, 'LumB': 380}","{'Basal': 42, 'Her2': 45, 'LumA': 140, 'LumB': 95}",4,False,0.9452054794520548,0.9078947368421053,0.9857142857142858,0.9081081081081082,0.9333333333333333,0.8842105263157894,0.8470588235294118,0.9,0.8,0.926829268292683,0.95,0.9047619047619048,2117048
classification,RFECA_SVR(k=20),EnsembleSoft,0.1,2,3,0.8832346158780221,0.8754594820384295,1286,322,"{'Basal': 167, 'Her2': 179, 'LumA': 560, 'LumB': 380}","{'Basal': 42, 'Her2': 45, 'LumA': 140, 'LumB': 95}",4,False,0.9263157894736842,0.9103448275862069,0.9428571428571428,0.8571428571428571,0.8617021276595744,0.8526315789473684,0.7865168539325843,0.7954545454545454,0.7777777777777778,0.9629629629629629,1.0,0.9285714285714286,2117048
classification,RFECA_SVR(k=20),EnsembleSoft,0.1,2,4,0.887139130027061,0.8786068321209528,1287,321,"{'Basal': 168, 'Her2': 179, 'LumA': 560, 'LumB': 380}","{'Basal': 41, 'Her2': 45, 'LumA': 140, 'LumB': 95}",4,False,0.9300699300699301,0.910958904109589,0.95,0.8888888888888888,0.8936170212765957,0.8842105263157894,0.8045977011494253,0.8333333333333334,0.7777777777777778,0.925,0.9487179487179487,0.9024390243902439,2117048
classification,RFECA_SVR(k=20),EnsembleSoft,0.1,2,5,0.8769994932766063,0.8548729778992937,1287,321,"{'Basal': 167, 'Her2': 180, 'LumA': 560, 'LumB': 380}","{'Basal': 42, 'Her2': 44, 'LumA': 140, 'LumB': 95}",4,False,0.9251700680272109,0.8831168831168831,0.9714285714285714,0.8795811518324608,0.875,0.8842105263157894,0.7532467532467533,0.8787878787878788,0.6590909090909091,0.95,1.0,0.9047619047619048,2117048
classification,RFECA_SVR(k=5),EnsembleSoft,0.1,3,1,0.8677027034309569,0.866499582289056,1286,322,"{'Basal': 167, 'Her2': 179, 'LumA': 560, 'LumB': 380}","{'Basal': 42, 'Her2': 45, 'LumA': 140, 'LumB': 95}",4,False,0.9084249084249084,0.9323308270676691,0.8857142857142857,0.8844221105527639,0.8461538461538461,0.9263157894736842,0.8172043010752689,0.7916666666666666,0.8444444444444444,0.8607594936708861,0.918918918918919,0.8095238095238095,3117051
classification,RFECA_SVR(k=5),EnsembleSoft,0.1,3,2,0.8868865501329757,0.8770989974937343,1286,322,"{'Basal': 167, 'Her2': 179, 'LumA': 560, 'LumB': 380}","{'Basal': 42, 'Her2': 45, 'LumA': 140, 'LumB': 95}",4,False,0.9310344827586207,0.9,0.9642857142857143,0.8864864864864865,0.9111111111111111,0.8631578947368421,0.8275862068965517,0.8571428571428571,0.8,0.9024390243902439,0.925,0.8809523809523809,3117051
classification,RFECA_SVR(k=5),EnsembleSoft,0.1,3,3,0.8772344297436097,0.8714390142021721,1286,322,"{'Basal': 167, 'Her2': 179, 'LumA': 560, 'LumB': 380}","{'Basal': 42, 'Her2': 45, 'LumA': 140, 'LumB': 95}",4,False,0.9192982456140351,0.903448275862069,0.9357142857142857,0.8465608465608465,0.851063829787234,0.8421052631578947,0.7906976744186046,0.8292682926829268,0.7555555555555555,0.9523809523809523,0.9523809523809523,0.9523809523809523,3117051
classification,RFECA_SVR(k=5),EnsembleSoft,0.1,3,4,0.8832969786729818,0.8749926136479411,1287,321,"{'Basal': 168, 'Her2': 179, 'LumA': 560, 'LumB': 380}","{'Basal': 41, 'Her2': 45, 'LumA': 140, 'LumB': 95}",4,False,0.9257950530035336,0.916083916083916,0.9357142857142857,0.9072164948453608,0.8888888888888888,0.9263157894736842,0.7619047619047619,0.8205128205128205,0.7111111111111111,0.9382716049382716,0.95,0.926829268292683,3117051
classification,RFECA_SVR(k=5),EnsembleSoft,0.1,3,5,0.8680991456907066,0.8474054454317612,1287,321,"{'Basal': 167, 'Her2': 180, 'LumA': 560, 'LumB': 380}","{'Basal': 42, 'Her2': 44, 'LumA': 140, 'LumB': 95}",4,False,0.9246575342465754,0.8881578947368421,0.9642857142857143,0.8704663212435233,0.8571428571428571,0.8842105263157894,0.7272727272727273,0.8484848484848485,0.6363636363636364,0.95,1.0,0.9047619047619048,3117051
classification,RFECA_SVR(k=10),EnsembleSoft,0.1,3,1,0.8747323644097837,0.8720551378446115,1286,322,"{'Basal': 167, 'Her2': 179, 'LumA': 560, 'LumB': 380}","{'Basal': 42, 'Her2': 45, 'LumA': 140, 'LumB': 95}",4,False,0.9084249084249084,0.9323308270676691,0.8857142857142857,0.88,0.8380952380952381,0.9263157894736842,0.8387096774193549,0.8125,0.8666666666666667,0.8717948717948718,0.9444444444444444,0.8095238095238095,3117051
classification,RFECA_SVR(k=10),EnsembleSoft,0.1,3,2,0.8913133907667129,0.881516290726817,1286,322,"{'Basal': 167, 'Her2': 179, 'LumA': 560, 'LumB': 380}","{'Basal': 42, 'Her2': 45, 'LumA': 140, 'LumB': 95}",4,False,0.9379310344827586,0.9066666666666666,0.9714285714285714,0.8972972972972973,0.9222222222222223,0.8736842105263158,0.8275862068965517,0.8571428571428571,0.8,0.9024390243902439,0.925,0.8809523809523809,3117051
classification,RFECA_SVR(k=10),EnsembleSoft,0.1,3,3,0.8876170888081347,0.8818609022556392,1286,322,"{'Basal': 167, 'Her2': 179, 'LumA': 560, 'LumB': 380}","{'Basal': 42, 'Her2': 45, 'LumA': 140, 'LumB': 95}",4,False,0.9225352112676056,0.9097222222222222,0.9357142857142857,0.8677248677248677,0.8723404255319149,0.8631578947368421,0.8089887640449438,0.8181818181818182,0.8,0.9512195121951219,0.975,0.9285714285714286,3117051
classification,RFECA_SVR(k=10),EnsembleSoft,0.1,3,4,0.8773953315024496,0.8697294557532043,1287,321,"{'Basal': 168, 'Her2': 179, 'LumA': 560, 'LumB': 380}","{'Basal': 41, 'Her2': 45, 'LumA': 140, 'LumB': 95}",4,False,0.9225352112676056,0.9097222222222222,0.9357142857142857,0.8958333333333334,0.8865979381443299,0.9052631578947369,0.7529411764705882,0.8,0.7111111111111111,0.9382716049382716,0.95,0.926829268292683,3117051
classification,RFECA_SVR(k=10),EnsembleSoft,0.1,3,5,0.8682565770023107,0.8443552061973115,1287,321,"{'Basal': 167, 'Her2': 180, 'LumA': 560, 'LumB': 380}","{'Basal': 42, 'Her2': 44, 'LumA': 140, 'LumB': 95}",4,False,0.9215017064846417,0.8823529411764706,0.9642857142857143,0.8717948717948718,0.85,0.8947368421052632,0.7297297297297297,0.9,0.6136363636363636,0.95,1.0,0.9047619047619048,3117051
classification,RFECA_SVR(k=20),EnsembleSoft,0.1,3,1,0.8714984676358268,0.8702694235588972,1286,322,"{'Basal': 167, 'Her2': 179, 'LumA': 560, 'LumB': 380}","{'Basal': 42, 'Her2': 45, 'LumA': 140, 'LumB': 95}",4,False,0.9044117647058824,0.9318181818181818,0.8785714285714286,0.88,0.8380952380952381,0.9263157894736842,0.8297872340425532,0.7959183673469388,0.8666666666666667,0.8717948717948718,0.9444444444444444,0.8095238095238095,3117051
classification,RFECA_SVR(k=20),EnsembleSoft,0.1,3,2,0.8891886012324218,0.8797305764411028,1286,322,"{'Basal': 167, 'Her2': 179, 'LumA': 560, 'LumB': 380}","{'Basal': 42, 'Her2': 45, 'LumA': 140, 'LumB': 95}",4,False,0.9342560553633218,0.9060402684563759,0.9642857142857143,0.8924731182795699,0.9120879120879121,0.8736842105263158,0.8275862068965517,0.8571428571428571,0.8,0.9024390243902439,0.925,0.8809523809523809,3117051
classification,RFECA_SVR(k=20),EnsembleSoft,0.1,3,3,0.8786560266216854,0.874122807017544,1286,322,"{'Basal': 167, 'Her2': 179, 'LumA': 560, 'LumB': 380}","{'Basal': 42, 'Her2': 45, 'LumA': 140, 'LumB': 95}",4,False,0.9219858156028369,0.9154929577464789,0.9285714285714286,0.8631578947368421,0.8631578947368421,0.8631578947368421,0.7912087912087912,0.782608695652174,0.8,0.9382716049382716,0.9743589743589743,0.9047619047619048,3117051
classification,RFECA_SVR(k=20),EnsembleSoft,0.1,3,4,0.8844396296017303,0.8779165902561281,1287,321,"{'Basal': 168, 'Her2': 179, 'LumA': 560, 'LumB': 380}","{'Basal': 41, 'Her2': 45, 'LumA': 140, 'LumB': 95}",4,False,0.9257950530035336,0.916083916083916,0.9357142857142857,0.90625,0.8969072164948454,0.9157894736842105,0.7674418604651163,0.8048780487804879,0.7333333333333333,0.9382716049382716,0.95,0.926829268292683,3117051
classification,RFECA_SVR(k=20),EnsembleSoft,0.1,3,5,0.8754780139414502,0.8561375028480291,1287,321,"{'Basal': 167, 'Her2': 180, 'LumA': 560, 'LumB': 380}","{'Basal': 42, 'Her2': 44, 'LumA': 140, 'LumB': 95}",4,False,0.9278350515463918,0.8940397350993378,0.9642857142857143,0.8645833333333334,0.8556701030927835,0.8736842105263158,0.759493670886076,0.8571428571428571,0.6818181818181818,0.95,1.0,0.9047619047619048,3117051
classification,RFECA_SVR(k=5),EnsembleSoft,0.1,4,1,0.8551771795195299,0.8565789473684211,1286,322,"{'Basal': 167, 'Her2': 179, 'LumA': 560, 'LumB': 380}","{'Basal': 42, 'Her2': 45, 'LumA': 140, 'LumB': 95}",4,False,0.9070631970260223,0.9457364341085271,0.8714285714285714,0.8756218905472637,0.8301886792452831,0.9263157894736842,0.7959183673469388,0.7358490566037735,0.8666666666666667,0.8421052631578947,0.9411764705882353,0.7619047619047619,4117054
classification,RFECA_SVR(k=5),EnsembleSoft,0.1,4,2,0.8874036907580712,0.877297410192147,1286,322,"{'Basal': 167, 'Her2': 179, 'LumA': 560, 'LumB': 380}","{'Basal': 42, 'Her2': 45, 'LumA': 140, 'LumB': 95}",4,False,0.9387755102040817,0.8961038961038961,0.9857142857142858,0.9060773480662984,0.9534883720930233,0.8631578947368421,0.8,0.85,0.7555555555555555,0.9047619047619048,0.9047619047619048,0.9047619047619048,4117054
classification,RFECA_SVR(k=5),EnsembleSoft,0.1,4,3,0.8808650113528163,0.8753028404344194,1286,322,"{'Basal': 167, 'Her2': 179, 'LumA': 560, 'LumB': 380}","{'Basal': 42, 'Her2': 45, 'LumA': 140, 'LumB': 95}",4,False,0.926829268292683,0.9047619047619048,0.95,0.8432432432432433,0.8666666666666667,0.8210526315789474,0.7777777777777778,0.7777777777777778,0.7777777777777778,0.975609756097561,1.0,0.9523809523809523,4117054
classification,RFECA_SVR(k=5),EnsembleSoft,0.1,4,4,0.8805927349149294,0.8761308759704138,1287,321,"{'Basal': 168, 'Her2': 179, 'LumA': 560, 'LumB': 380}","{'Basal': 41, 'Her2': 45, 'LumA': 140, 'LumB': 95}",4,False,0.9285714285714286,0.9285714285714286,0.9285714285714286,0.8969072164948454,0.8787878787878788,0.9157894736842105,0.7586206896551724,0.7857142857142857,0.7333333333333333,0.9382716049382716,0.95,0.926829268292683,4117054
classification,RFECA_SVR(k=5),EnsembleSoft,0.1,4,5,0.8637057689571982,0.8388214855320119,1287,321,"{'Basal': 167, 'Her2': 180, 'LumA': 560, 'LumB': 380}","{'Basal': 42, 'Her2': 44, 'LumA': 140, 'LumB': 95}",4,False,0.9121621621621622,0.8653846153846154,0.9642857142857143,0.8691099476439791,0.8645833333333334,0.8736842105263158,0.7368421052631579,0.875,0.6363636363636364,0.9367088607594937,1.0,0.8809523809523809,4117054
classification,RFECA_SVR(k=10),EnsembleSoft,0.1,4,1,0.8510524361259655,0.8504699248120301,1286,322,"{'Basal': 167, 'Her2': 179, 'LumA': 560, 'LumB': 380}","{'Basal': 42, 'Her2': 45, 'LumA': 140, 'LumB': 95}",4,False,0.9044117647058824,0.9318181818181818,0.8785714285714286,0.8585858585858586,0.8252427184466019,0.8947368421052632,0.7878787878787878,0.7222222222222222,0.8666666666666667,0.8533333333333334,0.9696969696969697,0.7619047619047619,4117054
classification,RFECA_SVR(k=10),EnsembleSoft,0.1,4,2,0.8907055860745375,0.8810672514619883,1286,322,"{'Basal': 167, 'Her2': 179, 'LumA': 560, 'LumB': 380}","{'Basal': 42, 'Her2': 45, 'LumA': 140, 'LumB': 95}",4,False,0.9383561643835616,0.9013157894736842,0.9785714285714285,0.8961748633879781,0.9318181818181818,0.8631578947368421,0.8235294117647058,0.875,0.7777777777777778,0.9047619047619048,0.9047619047619048,0.9047619047619048,4117054
classification,RFECA_SVR(k=10),EnsembleSoft,0.1,4,3,0.8874582798138375,0.8826441102756892,1286,322,"{'Basal': 167, 'Her2': 179, 'LumA': 560, 'LumB': 380}","{'Basal': 42, 'Her2': 45, 'LumA': 140, 'LumB': 95}",4,False,0.9305555555555556,0.9054054054054054,0.9571428571428572,0.8524590163934426,0.8863636363636364,0.8210526315789474,0.7912087912087912,0.782608695652174,0.8,0.975609756097561,1.0,0.9523809523809523,4117054
classification,RFECA_SVR(k=10),EnsembleSoft,0.1,4,4,0.8776046285608774,0.8751910263463536,1287,321,"{'Basal': 168, 'Her2': 179, 'LumA': 560, 'LumB': 380}","{'Basal': 41, 'Her2': 45, 'LumA': 140, 'LumB': 95}",4,False,0.924187725631769,0.9343065693430657,0.9142857142857143,0.8979591836734694,0.8712871287128713,0.9263157894736842,0.75,0.7674418604651163,0.7333333333333333,0.9382716049382716,0.95,0.926829268292683,4117054
classification,RFECA_SVR(k=10),EnsembleSoft,0.1,4,5,0.8637057689571982,0.8388214855320119,1287,321,"{'Basal': 167, 'Her2': 180, 'LumA': 560, 'LumB': 380}","{'Basal': 42, 'Her2': 44, 'LumA': 140, 'LumB': 95}",4,False,0.9121621621621622,0.8653846153846154,0.9642857142857143,0.8691099476439791,0.8645833333333334,0.8736842105263158,0.7368421052631579,0.875,0.6363636363636364,0.9367088607594937,1.0,0.8809523809523809,4117054
classification,RFECA_SVR(k=20),EnsembleSoft,0.1,4,1,0.8438816604708799,0.8451127819548873,1286,322,"{'Basal': 167, 'Her2': 179, 'LumA': 560, 'LumB': 380}","{'Basal': 42, 'Her2': 45, 'LumA': 140, 'LumB': 95}",4,False,0.8921933085501859,0.9302325581395349,0.8571428571428571,0.85,0.8095238095238095,0.8947368421052632,0.78,0.7090909090909091,0.8666666666666667,0.8533333333333334,0.9696969696969697,0.7619047619047619,4117054
classification,RFECA_SVR(k=20),EnsembleSoft,0.1,4,2,0.8862610168702557,0.8766499582289056,1286,322,"{'Basal': 167, 'Her2': 179, 'LumA': 560, 'LumB': 380}","{'Basal': 42, 'Her2': 45, 'LumA': 140, 'LumB': 95}",4,False,0.9315068493150684,0.8947368421052632,0.9714285714285714,0.8852459016393442,0.9204545454545454,0.8526315789473684,0.8235294117647058,0.875,0.7777777777777778,0.9047619047619048,0.9047619047619048,0.9047619047619048,4117054
classification,RFECA_SVR(k=20),EnsembleSoft,0.1,4,3,0.8843766841089651,0.880858395989975,1286,322,"{'Basal': 167, 'Her2': 179, 'LumA': 560, 'LumB': 380}","{'Basal': 42, 'Her2': 45, 'LumA': 140, 'LumB': 95}",4,False,0.926829268292683,0.9047619047619048,0.95,0.8524590163934426,0.8863636363636364,0.8210526315789474,0.782608695652174,0.7659574468085106,0.8,0.975609756097561,1.0,0.9523809523809523,4117054
classification,RFECA_SVR(k=20),EnsembleSoft,0.1,4,4,0.8749001814695752,0.8717135827373311,1287,321,"{'Basal': 168, 'Her2': 179, 'LumA': 560, 'LumB': 380}","{'Basal': 41, 'Her2': 45, 'LumA': 140, 'LumB': 95}",4,False,0.9247311827956989,0.9280575539568345,0.9214285714285714,0.8865979381443299,0.8686868686868687,0.9052631578947369,0.75,0.7674418604651163,0.7333333333333333,0.9382716049382716,0.95,0.926829268292683,4117054
classification,RFECA_SVR(k=20),EnsembleSoft,0.1,4,5,0.8637057689571982,0.8388214855320119,1287,321,"{'Basal': 167, 'Her2': 180, 'LumA': 560, 'LumB': 380}","{'Basal': 42, 'Her2': 44, 'LumA': 140, 'LumB': 95}",4,False,0.9121621621621622,0.8653846153846154,0.9642857142857143,0.8691099476439791,0.8645833333333334,0.8736842105263158,0.7368421052631579,0.875,0.6363636363636364,0.9367088607594937,1.0,0.8809523809523809,4117054
classification,RFECA_SVR(k=5),EnsembleSoft,0.1,5,1,0.8729972475176211,0.8667502088554719,1286,322,"{'Basal': 167, 'Her2': 179, 'LumA': 560, 'LumB': 380}","{'Basal': 42, 'Her2': 45, 'LumA': 140, 'LumB': 95}",4,False,0.9163636363636364,0.9333333333333333,0.9,0.89,0.8476190476190476,0.9368421052631579,0.8172043010752689,0.7916666666666666,0.8444444444444444,0.868421052631579,0.9705882352941176,0.7857142857142857,5117057
classification,RFECA_SVR(k=5),EnsembleSoft,0.1,5,2,0.8696993550313262,0.8623538011695906,1286,322,"{'Basal': 167, 'Her2': 179, 'LumA': 560, 'LumB': 380}","{'Basal': 42, 'Her2': 45, 'LumA': 140, 'LumB': 95}",4,False,0.9288135593220339,0.8838709677419355,0.9785714285714285,0.8651685393258427,0.927710843373494,0.8105263157894737,0.7906976744186046,0.8292682926829268,0.7555555555555555,0.8941176470588236,0.8837209302325582,0.9047619047619048,5117057
classification,RFECA_SVR(k=5),EnsembleSoft,0.1,5,3,0.8634678396301911,0.8590852130325813,1286,322,"{'Basal': 167, 'Her2': 179, 'LumA': 560, 'LumB': 380}","{'Basal': 42, 'Her2': 45, 'LumA': 140, 'LumB': 95}",4,False,0.9230769230769231,0.9041095890410958,0.9428571428571428,0.8494623655913979,0.8681318681318682,0.8315789473684211,0.7415730337078652,0.75,0.7333333333333333,0.9397590361445783,0.9512195121951219,0.9285714285714286,5117057
classification,RFECA_SVR(k=5),EnsembleSoft,0.1,5,4,0.8706546197159066,0.8626920451535343,1287,321,"{'Basal': 168, 'Her2': 179, 'LumA': 560, 'LumB': 380}","{'Basal': 41, 'Her2': 45, 'LumA': 140, 'LumB': 95}",4,False,0.9214285714285714,0.9214285714285714,0.9214285714285714,0.883248730964467,0.8529411764705882,0.9157894736842105,0.7529411764705882,0.8,0.7111111111111111,0.925,0.9487179487179487,0.9024390243902439,5117057
classification,RFECA_SVR(k=5),EnsembleSoft,0.1,5,5,0.8607057300162606,0.8379756208703577,1287,321,"{'Basal': 167, 'Her2': 180, 'LumA': 560, 'LumB': 380}","{'Basal': 42, 'Her2': 44, 'LumA': 140, 'LumB': 95}",4,False,0.9158249158249159,0.8662420382165605,0.9714285714285714,0.8723404255319149,0.8817204301075269,0.8631578947368421,0.717948717948718,0.8235294117647058,0.6363636363636364,0.9367088607594937,1.0,0.8809523809523809,5117057
classification,RFECA_SVR(k=10),EnsembleSoft,0.1,5,1,0.8684767950232215,0.8643170426065163,1286,322,"{'Basal': 167, 'Her2': 179, 'LumA': 560, 'LumB': 380}","{'Basal': 42, 'Her2': 45, 'LumA': 140, 'LumB': 95}",4,False,0.9044117647058824,0.9318181818181818,0.8785714285714286,0.8712871287128713,0.822429906542056,0.9263157894736842,0.8297872340425532,0.7959183673469388,0.8666666666666667,0.868421052631579,0.9705882352941176,0.7857142857142857,5117057
classification,RFECA_SVR(k=10),EnsembleSoft,0.1,5,2,0.8983386676511234,0.8869152046783626,1286,322,"{'Basal': 167, 'Her2': 179, 'LumA': 560, 'LumB': 380}","{'Basal': 42, 'Her2': 45, 'LumA': 140, 'LumB': 95}",4,False,0.9319727891156463,0.8896103896103896,0.9785714285714285,0.8839779005524862,0.9302325581395349,0.8421052631578947,0.8505747126436781,0.8809523809523809,0.8222222222222222,0.926829268292683,0.95,0.9047619047619048,5117057
classification,RFECA_SVR(k=10),EnsembleSoft,0.1,5,3,0.8532676078805397,0.8464807852965747,1286,322,"{'Basal': 167, 'Her2': 179, 'LumA': 560, 'LumB': 380}","{'Basal': 42, 'Her2': 45, 'LumA': 140, 'LumB': 95}",4,False,0.9097222222222222,0.8851351351351351,0.9357142857142857,0.8279569892473119,0.8461538461538461,0.8105263157894737,0.735632183908046,0.7619047619047619,0.7111111111111111,0.9397590361445783,0.9512195121951219,0.9285714285714286,5117057
classification,RFECA_SVR(k=10),EnsembleSoft,0.1,5,4,0.8671501143825815,0.8583801984636388,1287,321,"{'Basal': 168, 'Her2': 179, 'LumA': 560, 'LumB': 380}","{'Basal': 41, 'Her2': 45, 'LumA': 140, 'LumB': 95}",4,False,0.9252669039145908,0.9219858156028369,0.9285714285714286,0.8877551020408163,0.8613861386138614,0.9157894736842105,0.7441860465116279,0.7804878048780488,0.7111111111111111,0.9113924050632911,0.9473684210526315,0.8780487804878049,5117057
classification,RFECA_SVR(k=10),EnsembleSoft,0.1,5,5,0.8692654241392846,0.8450244930508088,1287,321,"{'Basal': 167, 'Her2': 180, 'LumA': 560, 'LumB': 380}","{'Basal': 42, 'Her2': 44, 'LumA': 140, 'LumB': 95}",4,False,0.9194630872483222,0.8670886075949367,0.9785714285714285,0.8936170212765957,0.9032258064516129,0.8842105263157894,0.7272727272727273,0.8484848484848485,0.6363636363636364,0.9367088607594937,1.0,0.8809523809523809,5117057
classification,RFECA_SVR(k=20),EnsembleSoft,0.1,5,1,0.8626209034315995,0.8559314954051795,1286,322,"{'Basal': 167, 'Her2': 179, 'LumA': 560, 'LumB': 380}","{'Basal': 42, 'Her2': 45, 'LumA': 140, 'LumB': 95}",4,False,0.9163636363636364,0.9333333333333333,0.9,0.87,0.8285714285714286,0.9157894736842105,0.7956989247311828,0.7708333333333334,0.8222222222222222,0.868421052631579,0.9705882352941176,0.7857142857142857,5117057
classification,RFECA_SVR(k=20),EnsembleSoft,0.1,5,2,0.8900801192750162,0.8795739348370928,1286,322,"{'Basal': 167, 'Her2': 179, 'LumA': 560, 'LumB': 380}","{'Basal': 42, 'Her2': 45, 'LumA': 140, 'LumB': 95}",4,False,0.9283276450511946,0.8888888888888888,0.9714285714285714,0.8791208791208791,0.9195402298850575,0.8421052631578947,0.8372093023255814,0.8780487804878049,0.8,0.9156626506024096,0.926829268292683,0.9047619047619048,5117057
classification,RFECA_SVR(k=20),EnsembleSoft,0.1,5,3,0.8603401749066628,0.8546679197994986,1286,322,"{'Basal': 167, 'Her2': 179, 'LumA': 560, 'LumB': 380}","{'Basal': 42, 'Her2': 45, 'LumA': 140, 'LumB': 95}",4,False,0.9128919860627178,0.891156462585034,0.9357142857142857,0.8387096774193549,0.8571428571428571,0.8210526315789474,0.75,0.7674418604651163,0.7333333333333333,0.9397590361445783,0.9512195121951219,0.9285714285714286,5117057
classification,RFECA_SVR(k=20),EnsembleSoft,0.1,5,4,0.8650639384919894,0.8565944841779245,1287,321,"{'Basal': 168, 'Her2': 179, 'LumA': 560, 'LumB': 380}","{'Basal': 41, 'Her2': 45, 'LumA': 140, 'LumB': 95}",4,False,0.9214285714285714,0.9214285714285714,0.9214285714285714,0.883248730964467,0.8529411764705882,0.9157894736842105,0.7441860465116279,0.7804878048780488,0.7111111111111111,0.9113924050632911,0.9473684210526315,0.8780487804878049,5117057
classification,RFECA_SVR(k=20),EnsembleSoft,0.1,5,5,0.8650488061678474,0.8423929141034404,1287,321,"{'Basal': 167, 'Her2': 180, 'LumA': 560, 'LumB': 380}","{'Basal': 42, 'Her2': 44, 'LumA': 140, 'LumB': 95}",4,False,0.9225589225589226,0.8726114649681529,0.9785714285714285,0.8829787234042553,0.8924731182795699,0.8736842105263158,0.717948717948718,0.8235294117647058,0.6363636363636364,0.9367088607594937,1.0,0.8809523809523809,5117057
classification,RFECA_SVR(k=5),EnsembleSoft,0.1,6,1,0.8789447102604997,0.8752297410192147,1286,322,"{'Basal': 167, 'Her2': 179, 'LumA': 560, 'LumB': 380}","{'Basal': 42, 'Her2': 45, 'LumA': 140, 'LumB': 95}",4,False,0.9163636363636364,0.9333333333333333,0.9,0.8888888888888888,0.8543689320388349,0.9263157894736842,0.8421052631578947,0.8,0.8888888888888888,0.868421052631579,0.9705882352941176,0.7857142857142857,6117060
classification,RFECA_SVR(k=5),EnsembleSoft,0.1,6,2,0.9002799804916818,0.8918859649122808,1286,322,"{'Basal': 167, 'Her2': 179, 'LumA': 560, 'LumB': 380}","{'Basal': 42, 'Her2': 45, 'LumA': 140, 'LumB': 95}",4,False,0.9448275862068966,0.9133333333333333,0.9785714285714285,0.9130434782608695,0.9438202247191011,0.8842105263157894,0.8275862068965517,0.8571428571428571,0.8,0.9156626506024096,0.926829268292683,0.9047619047619048,6117060
classification,RFECA_SVR(k=5),EnsembleSoft,0.1,6,3,0.8898788508669122,0.8860275689223058,1286,322,"{'Basal': 167, 'Her2': 179, 'LumA': 560, 'LumB': 380}","{'Basal': 42, 'Her2': 45, 'LumA': 140, 'LumB': 95}",4,False,0.9252669039145908,0.9219858156028369,0.9285714285714286,0.8586387434554974,0.8541666666666666,0.8631578947368421,0.8,0.8,0.8,0.975609756097561,1.0,0.9523809523809523,6117060
classification,RFECA_SVR(k=5),EnsembleSoft,0.1,6,4,0.8837561281282473,0.8761308759704138,1287,321,"{'Basal': 168, 'Her2': 179, 'LumA': 560, 'LumB': 380}","{'Basal': 41, 'Her2': 45, 'LumA': 140, 'LumB': 95}",4,False,0.9187279151943463,0.9090909090909091,0.9285714285714286,0.9015544041450777,0.8877551020408163,0.9157894736842105,0.7764705882352941,0.825,0.7333333333333333,0.9382716049382716,0.95,0.926829268292683,6117060
classification,RFECA_SVR(k=5),EnsembleSoft,0.1,6,5,0.8771922461359388,0.8554482797903851,1287,321,"{'Basal': 167, 'Her2': 180, 'LumA': 560, 'LumB': 380}","{'Basal': 42, 'Her2': 44, 'LumA': 140, 'LumB': 95}",4,False,0.9310344827586207,0.9,0.9642857142857143,0.8717948717948718,0.85,0.8947368421052632,0.7692307692307693,0.8823529411764706,0.6818181818181818,0.9367088607594937,1.0,0.8809523809523809,6117060
classification,RFECA_SVR(k=10),EnsembleSoft,0.1,6,1,0.8725099109307202,0.8670426065162906,1286,322,"{'Basal': 167, 'Her2': 179, 'LumA': 560, 'LumB': 380}","{'Basal': 42, 'Her2': 45, 'LumA': 140, 'LumB': 95}",4,False,0.9130434782608695,0.9264705882352942,0.9,0.8787878787878788,0.8446601941747572,0.9157894736842105,0.8297872340425532,0.7959183673469388,0.8666666666666667,0.868421052631579,0.9705882352941176,0.7857142857142857,6117060
classification,RFECA_SVR(k=10),EnsembleSoft,0.1,6,2,0.9064023559173849,0.8974415204678363,1286,322,"{'Basal': 167, 'Her2': 179, 'LumA': 560, 'LumB': 380}","{'Basal': 42, 'Her2': 45, 'LumA': 140, 'LumB': 95}",4,False,0.9448275862068966,0.9133333333333333,0.9785714285714285,0.9130434782608695,0.9438202247191011,0.8842105263157894,0.8409090909090909,0.8604651162790697,0.8222222222222222,0.926829268292683,0.95,0.9047619047619048,6117060
classification,RFECA_SVR(k=10),EnsembleSoft,0.1,6,3,0.8919614162547,0.8878132832080201,1286,322,"{'Basal': 167, 'Her2': 179, 'LumA': 560, 'LumB': 380}","{'Basal': 42, 'Her2': 45, 'LumA': 140, 'LumB': 95}",4,False,0.9290780141843972,0.9225352112676056,0.9357142857142857,0.8631578947368421,0.8631578947368421,0.8631578947368421,0.8,0.8,0.8,0.975609756097561,1.0,0.9523809523809523,6117060
classification,RFECA_SVR(k=10),EnsembleSoft,0.1,6,4,0.8781088990943859,0.8754834240071724,1287,321,"{'Basal': 168, 'Her2': 179, 'LumA': 560, 'LumB': 380}","{'Basal': 41, 'Her2': 45, 'LumA': 140, 'LumB': 95}",4,False,0.9142857142857143,0.9142857142857143,0.9142857142857143,0.8958333333333334,0.8865979381443299,0.9052631578947369,0.7640449438202247,0.7727272727272727,0.7555555555555555,0.9382716049382716,0.95,0.926829268292683,6117060
classification,RFECA_SVR(k=10),EnsembleSoft,0.1,6,5,0.8756773452401595,0.8546024151287309,1287,321,"{'Basal': 167, 'Her2': 180, 'LumA': 560, 'LumB': 380}","{'Basal': 42, 'Her2': 44, 'LumA': 140, 'LumB': 95}",4,False,0.9315068493150684,0.8947368421052632,0.9714285714285714,0.875,0.865979381443299,0.8842105263157894,0.759493670886076,0.8571428571428571,0.6818181818181818,0.9367088607594937,1.0,0.8809523809523809,6117060
classification,RFECA_SVR(k=20),EnsembleSoft,0.1,6,1,0.8808465748999827,0.8781537176274019,1286,322,"{'Basal': 167, 'Her2': 179, 'LumA': 560, 'LumB': 380}","{'Basal': 42, 'Her2': 45, 'LumA': 140, 'LumB': 95}",4,False,0.9130434782608695,0.9264705882352942,0.9,0.8877551020408163,0.8613861386138614,0.9157894736842105,0.8541666666666666,0.803921568627451,0.9111111111111111,0.868421052631579,0.9705882352941176,0.7857142857142857,6117060
classification,RFECA_SVR(k=20),EnsembleSoft,0.1,6,2,0.9052426079611864,0.8936716791979951,1286,322,"{'Basal': 167, 'Her2': 179, 'LumA': 560, 'LumB': 380}","{'Basal': 42, 'Her2': 45, 'LumA': 140, 'LumB': 95}",4,False,0.9452054794520548,0.9078947368421053,0.9857142857142858,0.9130434782608695,0.9438202247191011,0.8842105263157894,0.8470588235294118,0.9,0.8,0.9156626506024096,0.926829268292683,0.9047619047619048,6117060
classification,RFECA_SVR(k=20),EnsembleSoft,0.1,6,3,0.8954752131640262,0.8895989974937344,1286,322,"{'Basal': 167, 'Her2': 179, 'LumA': 560, 'LumB': 380}","{'Basal': 42, 'Her2': 45, 'LumA': 140, 'LumB': 95}",4,False,0.9295774647887324,0.9166666666666666,0.9428571428571428,0.8677248677248677,0.8723404255319149,0.8631578947368421,0.8089887640449438,0.8181818181818182,0.8,0.975609756097561,1.0,0.9523809523809523,6117060
classification,RFECA_SVR(k=20),EnsembleSoft,0.1,6,4,0.8833770633694513,0.879054852578601,1287,321,"{'Basal': 168, 'Her2': 179, 'LumA': 560, 'LumB': 380}","{'Basal': 41, 'Her2': 45, 'LumA': 140, 'LumB': 95}",4,False,0.9219858156028369,0.9154929577464789,0.9285714285714286,0.900523560209424,0.8958333333333334,0.9052631578947369,0.7727272727272727,0.7906976744186046,0.7555555555555555,0.9382716049382716,0.95,0.926829268292683,6117060
classification,RFECA_SVR(k=20),EnsembleSoft,0.1,6,5,0.8839346704045864,0.8629158122579176,1287,321,"{'Basal': 167, 'Her2': 180, 'LumA': 560, 'LumB': 380}","{'Basal': 42, 'Her2': 44, 'LumA': 140, 'LumB': 95}",4,False,0.9379310344827586,0.9066666666666666,0.9714285714285714,0.8762886597938144,0.8585858585858586,0.8947368421052632,0.7848101265822784,0.8857142857142857,0.7045454545454546,0.9367088607594937,1.0,0.8809523809523809,6117060
classification,RFECA_SVR(k=5),EnsembleSoft,0.1,7,1,0.8726345511168432,0.8702694235588972,1286,322,"{'Basal': 167, 'Her2': 179, 'LumA': 560, 'LumB': 380}","{'Basal': 42, 'Her2': 45, 'LumA': 140, 'LumB': 95}",4,False,0.9044117647058824,0.9318181818181818,0.8785714285714286,0.8756218905472637,0.8301886792452831,0.9263157894736842,0.8387096774193549,0.8125,0.8666666666666667,0.8717948717948718,0.9444444444444444,0.8095238095238095,7117063
classification,RFECA_SVR(k=5),EnsembleSoft,0.1,7,2,0.9041370349855006,0.8906432748538012,1286,322,"{'Basal': 167, 'Her2': 179, 'LumA': 560, 'LumB': 380}","{'Basal': 42, 'Her2': 45, 'LumA': 140, 'LumB': 95}",4,False,0.9452054794520548,0.9078947368421053,0.9857142857142858,0.8972972972972973,0.9222222222222223,0.8736842105263158,0.8604651162790697,0.9024390243902439,0.8222222222222222,0.9135802469135802,0.9487179487179487,0.8809523809523809,7117063
classification,RFECA_SVR(k=5),EnsembleSoft,0.1,7,3,0.8702753538059702,0.8650898078529657,1286,322,"{'Basal': 167, 'Her2': 179, 'LumA': 560, 'LumB': 380}","{'Basal': 42, 'Her2': 45, 'LumA': 140, 'LumB': 95}",4,False,0.9225352112676056,0.9097222222222222,0.9357142857142857,0.851063829787234,0.8602150537634409,0.8421052631578947,0.7692307692307693,0.7608695652173914,0.7777777777777778,0.9382716049382716,0.9743589743589743,0.9047619047619048,7117063
classification,RFECA_SVR(k=5),EnsembleSoft,0.1,7,4,0.8693928489681,0.8643723128960613,1287,321,"{'Basal': 168, 'Her2': 179, 'LumA': 560, 'LumB': 380}","{'Basal': 41, 'Her2': 45, 'LumA': 140, 'LumB': 95}",4,False,0.9175627240143369,0.920863309352518,0.9142857142857143,0.8775510204081632,0.8514851485148515,0.9052631578947369,0.7441860465116279,0.7804878048780488,0.7111111111111111,0.9382716049382716,0.95,0.926829268292683,7117063
classification,RFECA_SVR(k=5),EnsembleSoft,0.1,7,5,0.8892737250890639,0.8651201868307131,1287,321,"{'Basal': 167, 'Her2': 180, 'LumA': 560, 'LumB': 380}","{'Basal': 42, 'Her2': 44, 'LumA': 140, 'LumB': 95}",4,False,0.9225589225589226,0.8726114649681529,0.9785714285714285,0.8877005347593583,0.9021739130434783,0.8736842105263158,0.810126582278481,0.9142857142857143,0.7272727272727273,0.9367088607594937,1.0,0.8809523809523809,7117063
classification,RFECA_SVR(k=10),EnsembleSoft,0.1,7,1,0.8705615780964386,0.8680346700083541,1286,322,"{'Basal': 167, 'Her2': 179, 'LumA': 560, 'LumB': 380}","{'Basal': 42, 'Her2': 45, 'LumA': 140, 'LumB': 95}",4,False,0.9044117647058824,0.9318181818181818,0.8785714285714286,0.8656716417910447,0.8207547169811321,0.9157894736842105,0.8260869565217391,0.8085106382978723,0.8444444444444444,0.8860759493670886,0.9459459459459459,0.8333333333333334,7117063
classification,RFECA_SVR(k=10),EnsembleSoft,0.1,7,2,0.8849804573448754,0.8751148705096073,1286,322,"{'Basal': 167, 'Her2': 179, 'LumA': 560, 'LumB': 380}","{'Basal': 42, 'Her2': 45, 'LumA': 140, 'LumB': 95}",4,False,0.9415807560137457,0.9072847682119205,0.9785714285714285,0.8913043478260869,0.9213483146067416,0.8631578947368421,0.8045977011494253,0.8333333333333334,0.7777777777777778,0.9024390243902439,0.925,0.8809523809523809,7117063
classification,RFECA_SVR(k=10),EnsembleSoft,0.1,7,3,0.8743272910541647,0.8710421888053468,1286,322,"{'Basal': 167, 'Her2': 179, 'LumA': 560, 'LumB': 380}","{'Basal': 42, 'Her2': 45, 'LumA': 140, 'LumB': 95}",4,False,0.9257950530035336,0.916083916083916,0.9357142857142857,0.851063829787234,0.8602150537634409,0.8421052631578947,0.7692307692307693,0.7608695652173914,0.7777777777777778,0.9512195121951219,0.975,0.9285714285714286,7117063
classification,RFECA_SVR(k=10),EnsembleSoft,0.1,7,4,0.8701757699778299,0.8678382949243026,1287,321,"{'Basal': 168, 'Her2': 179, 'LumA': 560, 'LumB': 380}","{'Basal': 41, 'Her2': 45, 'LumA': 140, 'LumB': 95}",4,False,0.9175627240143369,0.920863309352518,0.9142857142857143,0.8762886597938144,0.8585858585858586,0.8947368421052632,0.735632183908046,0.7619047619047619,0.7111111111111111,0.9512195121951219,0.9512195121951219,0.9512195121951219,7117063
classification,RFECA_SVR(k=10),EnsembleSoft,0.1,7,5,0.8873399715504979,0.8623405103668261,1287,321,"{'Basal': 167, 'Her2': 180, 'LumA': 560, 'LumB': 380}","{'Basal': 42, 'Her2': 44, 'LumA': 140, 'LumB': 95}",4,False,0.9256756756756757,0.8782051282051282,0.9785714285714285,0.8842105263157894,0.8842105263157894,0.8842105263157894,0.7894736842105263,0.9375,0.6818181818181818,0.95,1.0,0.9047619047619048,7117063
classification,RFECA_SVR(k=20),EnsembleSoft,0.1,7,1,0.8708827145869783,0.8729427736006684,1286,322,"{'Basal': 167, 'Her2': 179, 'LumA': 560, 'LumB': 380}","{'Basal': 42, 'Her2': 45, 'LumA': 140, 'LumB': 95}",4,False,0.8996282527881041,0.937984496124031,0.8642857142857143,0.8557213930348259,0.8113207547169812,0.9052631578947369,0.8421052631578947,0.8,0.8888888888888888,0.8860759493670886,0.9459459459459459,0.8333333333333334,7117063
classification,RFECA_SVR(k=20),EnsembleSoft,0.1,7,2,0.8826968236311952,0.8717940685045948,1286,322,"{'Basal': 167, 'Her2': 179, 'LumA': 560, 'LumB': 380}","{'Basal': 42, 'Her2': 45, 'LumA': 140, 'LumB': 95}",4,False,0.9448275862068966,0.9133333333333333,0.9785714285714285,0.8924731182795699,0.9120879120879121,0.8736842105263158,0.8045977011494253,0.8333333333333334,0.7777777777777778,0.8888888888888888,0.9230769230769231,0.8571428571428571,7117063
classification,RFECA_SVR(k=20),EnsembleSoft,0.1,7,3,0.8782566639947498,0.8739661654135339,1286,322,"{'Basal': 167, 'Her2': 179, 'LumA': 560, 'LumB': 380}","{'Basal': 42, 'Her2': 45, 'LumA': 140, 'LumB': 95}",4,False,0.9225352112676056,0.9097222222222222,0.9357142857142857,0.8449197860962567,0.8586956521739131,0.8315789473684211,0.782608695652174,0.7659574468085106,0.8,0.9629629629629629,1.0,0.9285714285714286,7117063
classification,RFECA_SVR(k=20),EnsembleSoft,0.1,7,4,0.8626905918770245,0.8553507753122644,1287,321,"{'Basal': 168, 'Her2': 179, 'LumA': 560, 'LumB': 380}","{'Basal': 41, 'Her2': 45, 'LumA': 140, 'LumB': 95}",4,False,0.9175627240143369,0.920863309352518,0.9142857142857143,0.8787878787878788,0.8446601941747572,0.9157894736842105,0.7294117647058823,0.775,0.6888888888888889,0.925,0.9487179487179487,0.9024390243902439,7117063
classification,RFECA_SVR(k=20),EnsembleSoft,0.1,7,5,0.8670840769986344,0.8418717247664617,1287,321,"{'Basal': 167, 'Her2': 180, 'LumA': 560, 'LumB': 380}","{'Basal': 42, 'Her2': 44, 'LumA': 140, 'LumB': 95}",4,False,0.9060402684563759,0.8544303797468354,0.9642857142857143,0.8723404255319149,0.8817204301075269,0.8631578947368421,0.7532467532467533,0.8787878787878788,0.6590909090909091,0.9367088607594937,1.0,0.8809523809523809,7117063
classification,RFECA_SVR(k=5),EnsembleSoft,0.1,8,1,0.8638240856273298,0.8629281537176274,1286,322,"{'Basal': 167, 'Her2': 179, 'LumA': 560, 'LumB': 380}","{'Basal': 42, 'Her2': 45, 'LumA': 140, 'LumB': 95}",4,False,0.9037037037037037,0.9384615384615385,0.8714285714285714,0.8712871287128713,0.822429906542056,0.9263157894736842,0.8085106382978723,0.7755102040816326,0.8444444444444444,0.8717948717948718,0.9444444444444444,0.8095238095238095,8117066
classification,RFECA_SVR(k=5),EnsembleSoft,0.1,8,2,0.8967174608430019,0.8869152046783626,1286,322,"{'Basal': 167, 'Her2': 179, 'LumA': 560, 'LumB': 380}","{'Basal': 42, 'Her2': 45, 'LumA': 140, 'LumB': 95}",4,False,0.9351535836177475,0.8954248366013072,0.9785714285714285,0.8839779005524862,0.9302325581395349,0.8421052631578947,0.8409090909090909,0.8604651162790697,0.8222222222222222,0.926829268292683,0.95,0.9047619047619048,8117066
classification,RFECA_SVR(k=5),EnsembleSoft,0.1,8,3,0.8775930452542605,0.8718880534670009,1286,322,"{'Basal': 167, 'Her2': 179, 'LumA': 560, 'LumB': 380}","{'Basal': 42, 'Her2': 45, 'LumA': 140, 'LumB': 95}",4,False,0.9154929577464789,0.9027777777777778,0.9285714285714286,0.8571428571428571,0.8617021276595744,0.8526315789473684,0.7865168539325843,0.7954545454545454,0.7777777777777778,0.9512195121951219,0.975,0.9285714285714286,8117066
classification,RFECA_SVR(k=5),EnsembleSoft,0.1,8,4,0.8755231682426785,0.866805479145017,1287,321,"{'Basal': 168, 'Her2': 179, 'LumA': 560, 'LumB': 380}","{'Basal': 41, 'Her2': 45, 'LumA': 140, 'LumB': 95}",4,False,0.9290780141843972,0.9225352112676056,0.9357142857142857,0.8877551020408163,0.8613861386138614,0.9157894736842105,0.7469879518072289,0.8157894736842105,0.6888888888888889,0.9382716049382716,0.95,0.926829268292683,8117066
classification,RFECA_SVR(k=5),EnsembleSoft,0.1,8,5,0.8732885034355622,0.8513955342902711,1287,321,"{'Basal': 167, 'Her2': 180, 'LumA': 560, 'LumB': 380}","{'Basal': 42, 'Her2': 44, 'LumA': 140, 'LumB': 95}",4,False,0.9225589225589226,0.8726114649681529,0.9785714285714285,0.8770053475935828,0.8913043478260869,0.8631578947368421,0.7435897435897436,0.8529411764705882,0.6590909090909091,0.95,1.0,0.9047619047619048,8117066
classification,RFECA_SVR(k=10),EnsembleSoft,0.1,8,1,0.8594969862507255,0.8585108604845446,1286,322,"{'Basal': 167, 'Her2': 179, 'LumA': 560, 'LumB': 380}","{'Basal': 42, 'Her2': 45, 'LumA': 140, 'LumB': 95}",4,False,0.8962962962962963,0.9307692307692308,0.8642857142857143,0.8613861386138614,0.8130841121495327,0.9157894736842105,0.8085106382978723,0.7755102040816326,0.8444444444444444,0.8717948717948718,0.9444444444444444,0.8095238095238095,8117066
classification,RFECA_SVR(k=10),EnsembleSoft,0.1,8,2,0.8909570914500674,0.8798245614035088,1286,322,"{'Basal': 167, 'Her2': 179, 'LumA': 560, 'LumB': 380}","{'Basal': 42, 'Her2': 45, 'LumA': 140, 'LumB': 95}",4,False,0.9387755102040817,0.8961038961038961,0.9857142857142858,0.8950276243093923,0.9418604651162791,0.8526315789473684,0.8275862068965517,0.8571428571428571,0.8,0.9024390243902439,0.925,0.8809523809523809,8117066
classification,RFECA_SVR(k=10),EnsembleSoft,0.1,8,3,0.8783972884457233,0.8722848788638262,1286,322,"{'Basal': 167, 'Her2': 179, 'LumA': 560, 'LumB': 380}","{'Basal': 42, 'Her2': 45, 'LumA': 140, 'LumB': 95}",4,False,0.9154929577464789,0.9027777777777778,0.9285714285714286,0.8526315789473684,0.8526315789473684,0.8526315789473684,0.7816091954022989,0.8095238095238095,0.7555555555555555,0.963855421686747,0.975609756097561,0.9523809523809523,8117066
classification,RFECA_SVR(k=10),EnsembleSoft,0.1,8,4,0.87829959319961,0.8705753204148583,1287,321,"{'Basal': 168, 'Her2': 179, 'LumA': 560, 'LumB': 380}","{'Basal': 41, 'Her2': 45, 'LumA': 140, 'LumB': 95}",4,False,0.9252669039145908,0.9219858156028369,0.9285714285714286,0.8877551020408163,0.8613861386138614,0.9157894736842105,0.7619047619047619,0.8205128205128205,0.7111111111111111,0.9382716049382716,0.95,0.926829268292683,8117066
classification,RFECA_SVR(k=10),EnsembleSoft,0.1,8,5,0.8730993561647061,0.8480747322852586,1287,321,"{'Basal': 167, 'Her2': 180, 'LumA': 560, 'LumB': 380}","{'Basal': 42, 'Her2': 44, 'LumA': 140, 'LumB': 95}",4,False,0.9194630872483222,0.8670886075949367,0.9785714285714285,0.8829787234042553,0.8924731182795699,0.8736842105263158,0.7532467532467533,0.8787878787878788,0.6590909090909091,0.9367088607594937,1.0,0.8809523809523809,8117066
classification,RFECA_SVR(k=20),EnsembleSoft,0.1,8,1,0.8666692527330825,0.8632205513784461,1286,322,"{'Basal': 167, 'Her2': 179, 'LumA': 560, 'LumB': 380}","{'Basal': 42, 'Her2': 45, 'LumA': 140, 'LumB': 95}",4,False,0.8937728937728938,0.9172932330827067,0.8714285714285714,0.86,0.819047619047619,0.9052631578947369,0.8297872340425532,0.7959183673469388,0.8666666666666667,0.8831168831168831,0.9714285714285714,0.8095238095238095,8117066
classification,RFECA_SVR(k=20),EnsembleSoft,0.1,8,2,0.8865091319585063,0.875407268170426,1286,322,"{'Basal': 167, 'Her2': 179, 'LumA': 560, 'LumB': 380}","{'Basal': 42, 'Her2': 45, 'LumA': 140, 'LumB': 95}",4,False,0.9351535836177475,0.8954248366013072,0.9785714285714285,0.8791208791208791,0.9195402298850575,0.8421052631578947,0.8181818181818182,0.8372093023255814,0.8,0.9135802469135802,0.9487179487179487,0.8809523809523809,8117066
classification,RFECA_SVR(k=20),EnsembleSoft,0.1,8,3,0.8723222320208248,0.8670217209690894,1286,322,"{'Basal': 167, 'Her2': 179, 'LumA': 560, 'LumB': 380}","{'Basal': 42, 'Her2': 45, 'LumA': 140, 'LumB': 95}",4,False,0.9122807017543859,0.896551724137931,0.9285714285714286,0.8404255319148937,0.8494623655913979,0.8315789473684211,0.7727272727272727,0.7906976744186046,0.7555555555555555,0.963855421686747,0.975609756097561,0.9523809523809523,8117066
classification,RFECA_SVR(k=20),EnsembleSoft,0.1,8,4,0.880714073681846,0.8718190292805184,1287,321,"{'Basal': 168, 'Her2': 179, 'LumA': 560, 'LumB': 380}","{'Basal': 41, 'Her2': 45, 'LumA': 140, 'LumB': 95}",4,False,0.9290780141843972,0.9225352112676056,0.9357142857142857,0.8923076923076924,0.87,0.9157894736842105,0.7764705882352941,0.825,0.7333333333333333,0.925,0.9487179487179487,0.9024390243902439,8117066
classification,RFECA_SVR(k=20),EnsembleSoft,0.1,8,5,0.8768293301170218,0.8515521758942812,1287,321,"{'Basal': 167, 'Her2': 180, 'LumA': 560, 'LumB': 380}","{'Basal': 42, 'Her2': 44, 'LumA': 140, 'LumB': 95}",4,False,0.9220338983050848,0.8774193548387097,0.9714285714285714,0.8854166666666666,0.8762886597938144,0.8947368421052632,0.7631578947368421,0.90625,0.6590909090909091,0.9367088607594937,1.0,0.8809523809523809,8117066
classification,RFECA_SVR(k=5),EnsembleSoft,0.1,9,1,0.8951299995205735,0.8869883040935673,1286,322,"{'Basal': 167, 'Her2': 179, 'LumA': 560, 'LumB': 380}","{'Basal': 42, 'Her2': 45, 'LumA': 140, 'LumB': 95}",4,False,0.9051094890510949,0.9253731343283582,0.8857142857142857,0.8768472906403941,0.8240740740740741,0.9368421052631579,0.8735632183908046,0.9047619047619048,0.8444444444444444,0.925,0.9736842105263158,0.8809523809523809,9117069
classification,RFECA_SVR(k=5),EnsembleSoft,0.1,9,2,0.9165407683564899,0.9054720133667502,1286,322,"{'Basal': 167, 'Her2': 179, 'LumA': 560, 'LumB': 380}","{'Basal': 42, 'Her2': 45, 'LumA': 140, 'LumB': 95}",4,False,0.9452054794520548,0.9078947368421053,0.9857142857142858,0.8961748633879781,0.9318181818181818,0.8631578947368421,0.8735632183908046,0.9047619047619048,0.8444444444444444,0.9512195121951219,0.975,0.9285714285714286,9117069
classification,RFECA_SVR(k=5),EnsembleSoft,0.1,9,3,0.8836042575776375,0.8792293233082707,1286,322,"{'Basal': 167, 'Her2': 179, 'LumA': 560, 'LumB': 380}","{'Basal': 42, 'Her2': 45, 'LumA': 140, 'LumB': 95}",4,False,0.9225352112676056,0.9097222222222222,0.9357142857142857,0.8663101604278075,0.8804347826086957,0.8526315789473684,0.782608695652174,0.7659574468085106,0.8,0.9629629629629629,1.0,0.9285714285714286,9117069
classification,RFECA_SVR(k=5),EnsembleSoft,0.1,9,4,0.8707357354018913,0.8649685697984799,1287,321,"{'Basal': 168, 'Her2': 179, 'LumA': 560, 'LumB': 380}","{'Basal': 41, 'Her2': 45, 'LumA': 140, 'LumB': 95}",4,False,0.910394265232975,0.9136690647482014,0.9071428571428571,0.8717948717948718,0.85,0.8947368421052632,0.7640449438202247,0.7727272727272727,0.7555555555555555,0.9367088607594937,0.9736842105263158,0.9024390243902439,9117069
classification,RFECA_SVR(k=5),EnsembleSoft,0.1,9,5,0.8692000777084697,0.8471348826611985,1287,321,"{'Basal': 167, 'Her2': 180, 'LumA': 560, 'LumB': 380}","{'Basal': 42, 'Her2': 44, 'LumA': 140, 'LumB': 95}",4,False,0.9215017064846417,0.8823529411764706,0.9642857142857143,0.875,0.865979381443299,0.8842105263157894,0.7435897435897436,0.8529411764705882,0.6590909090909091,0.9367088607594937,1.0,0.8809523809523809,9117069
classification,RFECA_SVR(k=10),EnsembleSoft,0.1,9,1,0.8901087881232286,0.8833646616541353,1286,322,"{'Basal': 167, 'Her2': 179, 'LumA': 560, 'LumB': 380}","{'Basal': 42, 'Her2': 45, 'LumA': 140, 'LumB': 95}",4,False,0.9169675090252708,0.927007299270073,0.9071428571428571,0.8888888888888888,0.8543689320388349,0.9263157894736842,0.8571428571428571,0.8478260869565217,0.8666666666666667,0.8974358974358975,0.9722222222222222,0.8333333333333334,9117069
classification,RFECA_SVR(k=10),EnsembleSoft,0.1,9,2,0.9009675733086893,0.8921783625730995,1286,322,"{'Basal': 167, 'Her2': 179, 'LumA': 560, 'LumB': 380}","{'Basal': 42, 'Her2': 45, 'LumA': 140, 'LumB': 95}",4,False,0.9448275862068966,0.9133333333333333,0.9785714285714285,0.8913043478260869,0.9213483146067416,0.8631578947368421,0.8409090909090909,0.8604651162790697,0.8222222222222222,0.926829268292683,0.95,0.9047619047619048,9117069
classification,RFECA_SVR(k=10),EnsembleSoft,0.1,9,3,0.8767767377674498,0.8710421888053468,1286,322,"{'Basal': 167, 'Her2': 179, 'LumA': 560, 'LumB': 380}","{'Basal': 42, 'Her2': 45, 'LumA': 140, 'LumB': 95}",4,False,0.9192982456140351,0.903448275862069,0.9357142857142857,0.8556149732620321,0.8695652173913043,0.8421052631578947,0.7692307692307693,0.7608695652173914,0.7777777777777778,0.9629629629629629,1.0,0.9285714285714286,9117069
classification,RFECA_SVR(k=10),EnsembleSoft,0.1,9,4,0.8667152610034481,0.8611987285286387,1287,321,"{'Basal': 168, 'Her2': 179, 'LumA': 560, 'LumB': 380}","{'Basal': 41, 'Her2': 45, 'LumA': 140, 'LumB': 95}",4,False,0.9110320284697508,0.9078014184397163,0.9142857142857143,0.8808290155440415,0.8673469387755102,0.8947368421052632,0.75,0.7674418604651163,0.7333333333333333,0.925,0.9487179487179487,0.9024390243902439,9117069
classification,RFECA_SVR(k=10),EnsembleSoft,0.1,9,5,0.8646776840935538,0.8418717247664617,1287,321,"{'Basal': 167, 'Her2': 180, 'LumA': 560, 'LumB': 380}","{'Basal': 42, 'Her2': 44, 'LumA': 140, 'LumB': 95}",4,False,0.9152542372881356,0.8709677419354839,0.9642857142857143,0.8631578947368421,0.8631578947368421,0.8631578947368421,0.7435897435897436,0.8529411764705882,0.6590909090909091,0.9367088607594937,1.0,0.8809523809523809,9117069
classification,RFECA_SVR(k=20),EnsembleSoft,0.1,9,1,0.8885165187958253,0.8861946532999165,1286,322,"{'Basal': 167, 'Her2': 179, 'LumA': 560, 'LumB': 380}","{'Basal': 42, 'Her2': 45, 'LumA': 140, 'LumB': 95}",4,False,0.9084249084249084,0.9323308270676691,0.8857142857142857,0.89,0.8476190476190476,0.9368421052631579,0.8695652173913043,0.851063829787234,0.8888888888888888,0.8860759493670886,0.9459459459459459,0.8333333333333334,9117069
classification,RFECA_SVR(k=20),EnsembleSoft,0.1,9,2,0.8931759695364013,0.8844402673350041,1286,322,"{'Basal': 167, 'Her2': 179, 'LumA': 560, 'LumB': 380}","{'Basal': 42, 'Her2': 45, 'LumA': 140, 'LumB': 95}",4,False,0.9411764705882353,0.912751677852349,0.9714285714285714,0.8864864864864865,0.9111111111111111,0.8631578947368421,0.8314606741573034,0.8409090909090909,0.8222222222222222,0.9135802469135802,0.9487179487179487,0.8809523809523809,9117069
classification,RFECA_SVR(k=20),EnsembleSoft,0.1,9,3,0.8722201484799469,0.8654866332497911,1286,322,"{'Basal': 167, 'Her2': 179, 'LumA': 560, 'LumB': 380}","{'Basal': 42, 'Her2': 45, 'LumA': 140, 'LumB': 95}",4,False,0.9192982456140351,0.903448275862069,0.9357142857142857,0.851063829787234,0.8602150537634409,0.8421052631578947,0.7555555555555555,0.7555555555555555,0.7555555555555555,0.9629629629629629,1.0,0.9285714285714286,9117069
classification,RFECA_SVR(k=20),EnsembleSoft,0.1,9,4,0.867769043315426,0.8656160217617214,1287,321,"{'Basal': 168, 'Her2': 179, 'LumA': 560, 'LumB': 380}","{'Basal': 41, 'Her2': 45, 'LumA': 140, 'LumB': 95}",4,False,0.9247311827956989,0.9280575539568345,0.9214285714285714,0.8911917098445595,0.8775510204081632,0.9052631578947369,0.7415730337078652,0.75,0.7333333333333333,0.9135802469135802,0.925,0.9024390243902439,9117069
classification,RFECA_SVR(k=20),EnsembleSoft,0.1,9,5,0.866735597748256,0.8436574390521759,1287,321,"{'Basal': 167, 'Her2': 180, 'LumA': 560, 'LumB': 380}","{'Basal': 42, 'Her2': 44, 'LumA': 140, 'LumB': 95}",4,False,0.918918918918919,0.8717948717948718,0.9714285714285714,0.8677248677248677,0.8723404255319149,0.8631578947368421,0.7435897435897436,0.8529411764705882,0.6590909090909091,0.9367088607594937,1.0,0.8809523809523809,9117069
classification,RFECA_SVR(k=5),EnsembleSoft,0.2,0,1,0.876625311682783,0.8754281537176274,1286,322,"{'Basal': 167, 'Her2': 179, 'LumA': 560, 'LumB': 380}","{'Basal': 42, 'Her2': 45, 'LumA': 140, 'LumB': 95}",4,False,0.8814814814814815,0.9153846153846154,0.85,0.8669950738916257,0.8148148148148148,0.9263157894736842,0.8444444444444444,0.8444444444444444,0.8444444444444444,0.9135802469135802,0.9487179487179487,0.8809523809523809,217042
classification,RFECA_SVR(k=5),EnsembleSoft,0.2,0,2,0.8859608851836633,0.8750626566416041,1286,322,"{'Basal': 167, 'Her2': 179, 'LumA': 560, 'LumB': 380}","{'Basal': 42, 'Her2': 45, 'LumA': 140, 'LumB': 95}",4,False,0.9134948096885813,0.8859060402684564,0.9428571428571428,0.8663101604278075,0.8804347826086957,0.8526315789473684,0.8372093023255814,0.8780487804878049,0.8,0.926829268292683,0.95,0.9047619047619048,217042
classification,RFECA_SVR(k=5),EnsembleSoft,0.2,0,3,0.8646575219090433,0.8564536340852129,1286,322,"{'Basal': 167, 'Her2': 179, 'LumA': 560, 'LumB': 380}","{'Basal': 42, 'Her2': 45, 'LumA': 140, 'LumB': 95}",4,False,0.9103448275862069,0.88,0.9428571428571428,0.8432432432432433,0.8666666666666667,0.8210526315789474,0.7764705882352941,0.825,0.7333333333333333,0.9285714285714286,0.9285714285714286,0.9285714285714286,217042
classification,RFECA_SVR(k=5),EnsembleSoft,0.2,0,4,0.8764839421421942,0.8706295718972228,1287,321,"{'Basal': 168, 'Her2': 179, 'LumA': 560, 'LumB': 380}","{'Basal': 41, 'Her2': 45, 'LumA': 140, 'LumB': 95}",4,False,0.9214285714285714,0.9214285714285714,0.9214285714285714,0.8865979381443299,0.8686868686868687,0.9052631578947369,0.7865168539325843,0.7954545454545454,0.7777777777777778,0.9113924050632911,0.9473684210526315,0.8780487804878049,217042
classification,RFECA_SVR(k=5),EnsembleSoft,0.2,0,5,0.8527105365478759,0.833558327637275,1287,321,"{'Basal': 167, 'Her2': 180, 'LumA': 560, 'LumB': 380}","{'Basal': 42, 'Her2': 44, 'LumA': 140, 'LumB': 95}",4,False,0.9215017064846417,0.8823529411764706,0.9642857142857143,0.8526315789473684,0.8526315789473684,0.8526315789473684,0.7,0.7777777777777778,0.6363636363636364,0.9367088607594937,1.0,0.8809523809523809,217042
classification,RFECA_SVR(k=10),EnsembleSoft,0.2,0,1,0.8650468722140857,0.8626775271512113,1286,322,"{'Basal': 167, 'Her2': 179, 'LumA': 560, 'LumB': 380}","{'Basal': 42, 'Her2': 45, 'LumA': 140, 'LumB': 95}",4,False,0.8823529411764706,0.9090909090909091,0.8571428571428571,0.8656716417910447,0.8207547169811321,0.9157894736842105,0.8260869565217391,0.8085106382978723,0.8444444444444444,0.8860759493670886,0.9459459459459459,0.8333333333333334,217042
classification,RFECA_SVR(k=10),EnsembleSoft,0.2,0,2,0.9000981216708719,0.891436925647452,1286,322,"{'Basal': 167, 'Her2': 179, 'LumA': 560, 'LumB': 380}","{'Basal': 42, 'Her2': 45, 'LumA': 140, 'LumB': 95}",4,False,0.9263157894736842,0.9103448275862069,0.9428571428571428,0.8736842105263158,0.8736842105263158,0.8736842105263158,0.8735632183908046,0.9047619047619048,0.8444444444444444,0.926829268292683,0.95,0.9047619047619048,217042
classification,RFECA_SVR(k=10),EnsembleSoft,0.2,0,3,0.869795000926463,0.8628550543024227,1286,322,"{'Basal': 167, 'Her2': 179, 'LumA': 560, 'LumB': 380}","{'Basal': 42, 'Her2': 45, 'LumA': 140, 'LumB': 95}",4,False,0.9128919860627178,0.891156462585034,0.9357142857142857,0.8449197860962567,0.8586956521739131,0.8315789473684211,0.7816091954022989,0.8095238095238095,0.7555555555555555,0.9397590361445783,0.9512195121951219,0.9285714285714286,217042
classification,RFECA_SVR(k=10),EnsembleSoft,0.2,0,4,0.8826198513366068,0.8753392627911242,1287,321,"{'Basal': 168, 'Her2': 179, 'LumA': 560, 'LumB': 380}","{'Basal': 41, 'Her2': 45, 'LumA': 140, 'LumB': 95}",4,False,0.9219858156028369,0.9154929577464789,0.9285714285714286,0.8854166666666666,0.8762886597938144,0.8947368421052632,0.8,0.8,0.8,0.9230769230769231,0.972972972972973,0.8780487804878049,217042
classification,RFECA_SVR(k=10),EnsembleSoft,0.2,0,5,0.839966763780055,0.8216735019366599,1287,321,"{'Basal': 167, 'Her2': 180, 'LumA': 560, 'LumB': 380}","{'Basal': 42, 'Her2': 44, 'LumA': 140, 'LumB': 95}",4,False,0.9047619047619048,0.8636363636363636,0.95,0.8465608465608465,0.851063829787234,0.8421052631578947,0.6835443037974683,0.7714285714285715,0.6136363636363636,0.925,0.9736842105263158,0.8809523809523809,217042
classification,RFECA_SVR(k=20),EnsembleSoft,0.2,0,1,0.8763593638775642,0.873047201336675,1286,322,"{'Basal': 167, 'Her2': 179, 'LumA': 560, 'LumB': 380}","{'Basal': 42, 'Her2': 45, 'LumA': 140, 'LumB': 95}",4,False,0.8897058823529411,0.9166666666666666,0.8642857142857143,0.8712871287128713,0.822429906542056,0.9263157894736842,0.8444444444444444,0.8444444444444444,0.8444444444444444,0.9,0.9473684210526315,0.8571428571428571,217042
classification,RFECA_SVR(k=20),EnsembleSoft,0.2,0,2,0.8895699065534073,0.8776942355889725,1286,322,"{'Basal': 167, 'Her2': 179, 'LumA': 560, 'LumB': 380}","{'Basal': 42, 'Her2': 45, 'LumA': 140, 'LumB': 95}",4,False,0.9166666666666666,0.8918918918918919,0.9428571428571428,0.8677248677248677,0.8723404255319149,0.8631578947368421,0.8470588235294118,0.9,0.8,0.926829268292683,0.95,0.9047619047619048,217042
classification,RFECA_SVR(k=20),EnsembleSoft,0.2,0,3,0.8611112971695305,0.8546679197994986,1286,322,"{'Basal': 167, 'Her2': 179, 'LumA': 560, 'LumB': 380}","{'Basal': 42, 'Her2': 45, 'LumA': 140, 'LumB': 95}",4,False,0.9097222222222222,0.8851351351351351,0.9357142857142857,0.8387096774193549,0.8571428571428571,0.8210526315789474,0.7674418604651163,0.8048780487804879,0.7333333333333333,0.9285714285714286,0.9285714285714286,0.9285714285714286,217042
classification,RFECA_SVR(k=20),EnsembleSoft,0.2,0,4,0.8734779286985618,0.8689378425739145,1287,321,"{'Basal': 168, 'Her2': 179, 'LumA': 560, 'LumB': 380}","{'Basal': 41, 'Her2': 45, 'LumA': 140, 'LumB': 95}",4,False,0.9290780141843972,0.9225352112676056,0.9357142857142857,0.8842105263157894,0.8842105263157894,0.8842105263157894,0.7692307692307693,0.7608695652173914,0.7777777777777778,0.9113924050632911,0.9473684210526315,0.8780487804878049,217042
classification,RFECA_SVR(k=20),EnsembleSoft,0.2,0,5,0.8522596399687885,0.8332877648667122,1287,321,"{'Basal': 167, 'Her2': 180, 'LumA': 560, 'LumB': 380}","{'Basal': 42, 'Her2': 44, 'LumA': 140, 'LumB': 95}",4,False,0.9215017064846417,0.8823529411764706,0.9642857142857143,0.8571428571428571,0.8617021276595744,0.8526315789473684,0.7073170731707317,0.7631578947368421,0.6590909090909091,0.9230769230769231,1.0,0.8571428571428571,217042
classification,RFECA_SVR(k=5),EnsembleSoft,0.2,1,1,0.8435840147380467,0.8441207184628238,1286,322,"{'Basal': 167, 'Her2': 179, 'LumA': 560, 'LumB': 380}","{'Basal': 42, 'Her2': 45, 'LumA': 140, 'LumB': 95}",4,False,0.8847583643122676,0.9224806201550387,0.85,0.8415841584158416,0.794392523364486,0.8947368421052632,0.7872340425531915,0.7551020408163265,0.8222222222222222,0.8607594936708861,0.918918918918919,0.8095238095238095,1217045
classification,RFECA_SVR(k=5),EnsembleSoft,0.2,1,2,0.876352471770766,0.8675125313283207,1286,322,"{'Basal': 167, 'Her2': 179, 'LumA': 560, 'LumB': 380}","{'Basal': 42, 'Her2': 45, 'LumA': 140, 'LumB': 95}",4,False,0.9288135593220339,0.8838709677419355,0.9785714285714285,0.8651685393258427,0.927710843373494,0.8105263157894737,0.8089887640449438,0.8181818181818182,0.8,0.9024390243902439,0.925,0.8809523809523809,1217045
classification,RFECA_SVR(k=5),EnsembleSoft,0.2,1,3,0.866363140459526,0.8628550543024227,1286,322,"{'Basal': 167, 'Her2': 179, 'LumA': 560, 'LumB': 380}","{'Basal': 42, 'Her2': 45, 'LumA': 140, 'LumB': 95}",4,False,0.916083916083916,0.8972602739726028,0.9357142857142857,0.8540540540540541,0.8777777777777778,0.8315789473684211,0.7555555555555555,0.7555555555555555,0.7555555555555555,0.9397590361445783,0.9512195121951219,0.9285714285714286,1217045
classification,RFECA_SVR(k=5),EnsembleSoft,0.2,1,4,0.863864468864469,0.851884793284023,1287,321,"{'Basal': 168, 'Her2': 179, 'LumA': 560, 'LumB': 380}","{'Basal': 41, 'Her2': 45, 'LumA': 140, 'LumB': 95}",4,False,0.9142857142857143,0.9142857142857143,0.9142857142857143,0.88,0.8380952380952381,0.9263157894736842,0.7380952380952381,0.7948717948717948,0.6888888888888889,0.9230769230769231,0.972972972972973,0.8780487804878049,1217045
classification,RFECA_SVR(k=5),EnsembleSoft,0.2,1,5,0.8538348720498474,0.8321912736386421,1287,321,"{'Basal': 167, 'Her2': 180, 'LumA': 560, 'LumB': 380}","{'Basal': 42, 'Her2': 44, 'LumA': 140, 'LumB': 95}",4,False,0.9084745762711864,0.864516129032258,0.9571428571428572,0.8359788359788359,0.8404255319148937,0.8315789473684211,0.7341772151898734,0.8285714285714286,0.6590909090909091,0.9367088607594937,1.0,0.8809523809523809,1217045
classification,RFECA_SVR(k=10),EnsembleSoft,0.2,1,1,0.855140761570569,0.8562761069340017,1286,322,"{'Basal': 167, 'Her2': 179, 'LumA': 560, 'LumB': 380}","{'Basal': 42, 'Her2': 45, 'LumA': 140, 'LumB': 95}",4,False,0.8962962962962963,0.9307692307692308,0.8642857142857143,0.8557213930348259,0.8113207547169812,0.9052631578947369,0.8043478260869565,0.7872340425531915,0.8222222222222222,0.8641975308641975,0.8974358974358975,0.8333333333333334,1217045
classification,RFECA_SVR(k=10),EnsembleSoft,0.2,1,2,0.8828283445383422,0.8760964912280702,1286,322,"{'Basal': 167, 'Her2': 179, 'LumA': 560, 'LumB': 380}","{'Basal': 42, 'Her2': 45, 'LumA': 140, 'LumB': 95}",4,False,0.9351535836177475,0.8954248366013072,0.9785714285714285,0.8715083798882681,0.9285714285714286,0.8210526315789474,0.8089887640449438,0.8181818181818182,0.8,0.9156626506024096,0.926829268292683,0.9047619047619048,1217045
classification,RFECA_SVR(k=10),EnsembleSoft,0.2,1,3,0.8753713401904697,0.8678258145363408,1286,322,"{'Basal': 167, 'Her2': 179, 'LumA': 560, 'LumB': 380}","{'Basal': 42, 'Her2': 45, 'LumA': 140, 'LumB': 95}",4,False,0.9225352112676056,0.9097222222222222,0.9357142857142857,0.8691099476439791,0.8645833333333334,0.8736842105263158,0.7586206896551724,0.7857142857142857,0.7333333333333333,0.9512195121951219,0.975,0.9285714285714286,1217045
classification,RFECA_SVR(k=10),EnsembleSoft,0.2,1,4,0.8629822635942836,0.8548087698922102,1287,321,"{'Basal': 168, 'Her2': 179, 'LumA': 560, 'LumB': 380}","{'Basal': 41, 'Her2': 45, 'LumA': 140, 'LumB': 95}",4,False,0.9175627240143369,0.920863309352518,0.9142857142857143,0.8787878787878788,0.8446601941747572,0.9157894736842105,0.7441860465116279,0.7804878048780488,0.7111111111111111,0.9113924050632911,0.9473684210526315,0.8780487804878049,1217045
classification,RFECA_SVR(k=10),EnsembleSoft,0.2,1,5,0.8609493895881238,0.8409318751424014,1287,321,"{'Basal': 167, 'Her2': 180, 'LumA': 560, 'LumB': 380}","{'Basal': 42, 'Her2': 44, 'LumA': 140, 'LumB': 95}",4,False,0.9172413793103448,0.8866666666666667,0.95,0.8556701030927835,0.8383838383838383,0.8736842105263158,0.7341772151898734,0.8285714285714286,0.6590909090909091,0.9367088607594937,1.0,0.8809523809523809,1217045
classification,RFECA_SVR(k=20),EnsembleSoft,0.2,1,1,0.8585347943031669,0.8584586466165414,1286,322,"{'Basal': 167, 'Her2': 179, 'LumA': 560, 'LumB': 380}","{'Basal': 42, 'Her2': 45, 'LumA': 140, 'LumB': 95}",4,False,0.9003690036900369,0.9312977099236641,0.8714285714285714,0.8557213930348259,0.8113207547169812,0.9052631578947369,0.8,0.8,0.8,0.8780487804878049,0.9,0.8571428571428571,1217045
classification,RFECA_SVR(k=20),EnsembleSoft,0.2,1,2,0.8831435676267116,0.8749582289055974,1286,322,"{'Basal': 167, 'Her2': 179, 'LumA': 560, 'LumB': 380}","{'Basal': 42, 'Her2': 45, 'LumA': 140, 'LumB': 95}",4,False,0.9387755102040817,0.8961038961038961,0.9857142857142858,0.88268156424581,0.9404761904761905,0.8315789473684211,0.7954545454545454,0.813953488372093,0.7777777777777778,0.9156626506024096,0.926829268292683,0.9047619047619048,1217045
classification,RFECA_SVR(k=20),EnsembleSoft,0.2,1,3,0.8865495637542341,0.8793337510442774,1286,322,"{'Basal': 167, 'Her2': 179, 'LumA': 560, 'LumB': 380}","{'Basal': 42, 'Her2': 45, 'LumA': 140, 'LumB': 95}",4,False,0.9225352112676056,0.9097222222222222,0.9357142857142857,0.8691099476439791,0.8645833333333334,0.8736842105263158,0.7906976744186046,0.8292682926829268,0.7555555555555555,0.963855421686747,0.975609756097561,0.9523809523809523,1217045
classification,RFECA_SVR(k=20),EnsembleSoft,0.2,1,4,0.8784264543316231,0.8714754365588768,1287,321,"{'Basal': 168, 'Her2': 179, 'LumA': 560, 'LumB': 380}","{'Basal': 41, 'Her2': 45, 'LumA': 140, 'LumB': 95}",4,False,0.920863309352518,0.927536231884058,0.9142857142857143,0.883248730964467,0.8529411764705882,0.9157894736842105,0.7865168539325843,0.7954545454545454,0.7777777777777778,0.9230769230769231,0.972972972972973,0.8780487804878049,1217045
classification,RFECA_SVR(k=20),EnsembleSoft,0.2,1,5,0.8517819598578117,0.8317726133515607,1287,321,"{'Basal': 167, 'Her2': 180, 'LumA': 560, 'LumB': 380}","{'Basal': 42, 'Her2': 44, 'LumA': 140, 'LumB': 95}",4,False,0.9178082191780822,0.881578947368421,0.9571428571428572,0.84375,0.8350515463917526,0.8526315789473684,0.7088607594936709,0.8,0.6363636363636364,0.9367088607594937,1.0,0.8809523809523809,1217045
classification,RFECA_SVR(k=5),EnsembleSoft,0.2,2,1,0.8753299090086655,0.8770572263993317,1286,322,"{'Basal': 167, 'Her2': 179, 'LumA': 560, 'LumB': 380}","{'Basal': 42, 'Her2': 45, 'LumA': 140, 'LumB': 95}",4,False,0.9090909090909091,0.9259259259259259,0.8928571428571429,0.8808290155440415,0.8673469387755102,0.8947368421052632,0.8282828282828283,0.7592592592592593,0.9111111111111111,0.8831168831168831,0.9714285714285714,0.8095238095238095,2217048
classification,RFECA_SVR(k=5),EnsembleSoft,0.2,2,2,0.8813729477789201,0.8700083542188806,1286,322,"{'Basal': 167, 'Her2': 179, 'LumA': 560, 'LumB': 380}","{'Basal': 42, 'Her2': 45, 'LumA': 140, 'LumB': 95}",4,False,0.9347079037800687,0.9006622516556292,0.9714285714285714,0.8972972972972973,0.9222222222222223,0.8736842105263158,0.8045977011494253,0.8333333333333334,0.7777777777777778,0.8888888888888888,0.9230769230769231,0.8571428571428571,2217048
classification,RFECA_SVR(k=5),EnsembleSoft,0.2,2,3,0.8763245673114483,0.8733813700918964,1286,322,"{'Basal': 167, 'Her2': 179, 'LumA': 560, 'LumB': 380}","{'Basal': 42, 'Her2': 45, 'LumA': 140, 'LumB': 95}",4,False,0.9323843416370107,0.9290780141843972,0.9357142857142857,0.8691099476439791,0.8645833333333334,0.8736842105263158,0.7640449438202247,0.7727272727272727,0.7555555555555555,0.9397590361445783,0.9512195121951219,0.9285714285714286,2217048
classification,RFECA_SVR(k=5),EnsembleSoft,0.2,2,4,0.8876460751128306,0.8814368237667339,1287,321,"{'Basal': 168, 'Her2': 179, 'LumA': 560, 'LumB': 380}","{'Basal': 41, 'Her2': 45, 'LumA': 140, 'LumB': 95}",4,False,0.9219858156028369,0.9154929577464789,0.9285714285714286,0.8854166666666666,0.8762886597938144,0.8947368421052632,0.8181818181818182,0.8372093023255814,0.8,0.925,0.9487179487179487,0.9024390243902439,2217048
classification,RFECA_SVR(k=5),EnsembleSoft,0.2,2,5,0.863628881271109,0.8493591934381408,1287,321,"{'Basal': 167, 'Her2': 180, 'LumA': 560, 'LumB': 380}","{'Basal': 42, 'Her2': 44, 'LumA': 140, 'LumB': 95}",4,False,0.9273356401384083,0.8993288590604027,0.9571428571428572,0.8481675392670157,0.84375,0.8526315789473684,0.7160493827160493,0.7837837837837838,0.6590909090909091,0.9629629629629629,1.0,0.9285714285714286,2217048
classification,RFECA_SVR(k=10),EnsembleSoft,0.2,2,1,0.8753221416264895,0.8732873851294904,1286,322,"{'Basal': 167, 'Her2': 179, 'LumA': 560, 'LumB': 380}","{'Basal': 42, 'Her2': 45, 'LumA': 140, 'LumB': 95}",4,False,0.9130434782608695,0.9264705882352942,0.9,0.8717948717948718,0.85,0.8947368421052632,0.8333333333333334,0.7843137254901961,0.8888888888888888,0.8831168831168831,0.9714285714285714,0.8095238095238095,2217048
classification,RFECA_SVR(k=10),EnsembleSoft,0.2,2,2,0.8997229037156298,0.889703425229741,1286,322,"{'Basal': 167, 'Her2': 179, 'LumA': 560, 'LumB': 380}","{'Basal': 42, 'Her2': 45, 'LumA': 140, 'LumB': 95}",4,False,0.9411764705882353,0.912751677852349,0.9714285714285714,0.9032258064516129,0.9230769230769231,0.8842105263157894,0.8409090909090909,0.8604651162790697,0.8222222222222222,0.9135802469135802,0.9487179487179487,0.8809523809523809,2217048
classification,RFECA_SVR(k=10),EnsembleSoft,0.2,2,3,0.8677903310137212,0.8620718462823725,1286,322,"{'Basal': 167, 'Her2': 179, 'LumA': 560, 'LumB': 380}","{'Basal': 42, 'Her2': 45, 'LumA': 140, 'LumB': 95}",4,False,0.9175627240143369,0.920863309352518,0.9142857142857143,0.8512820512820513,0.83,0.8736842105263158,0.7640449438202247,0.7727272727272727,0.7555555555555555,0.9382716049382716,0.9743589743589743,0.9047619047619048,2217048
classification,RFECA_SVR(k=10),EnsembleSoft,0.2,2,4,0.8779897621664154,0.8694798479939687,1287,321,"{'Basal': 168, 'Her2': 179, 'LumA': 560, 'LumB': 380}","{'Basal': 41, 'Her2': 45, 'LumA': 140, 'LumB': 95}",4,False,0.9257950530035336,0.916083916083916,0.9357142857142857,0.8704663212435233,0.8571428571428571,0.8842105263157894,0.7906976744186046,0.8292682926829268,0.7555555555555555,0.925,0.9487179487179487,0.9024390243902439,2217048
classification,RFECA_SVR(k=10),EnsembleSoft,0.2,2,5,0.8664085880280432,0.8515635680109365,1287,321,"{'Basal': 167, 'Her2': 180, 'LumA': 560, 'LumB': 380}","{'Basal': 42, 'Her2': 44, 'LumA': 140, 'LumB': 95}",4,False,0.9215017064846417,0.8823529411764706,0.9642857142857143,0.8494623655913979,0.8681318681318682,0.8315789473684211,0.7317073170731707,0.7894736842105263,0.6818181818181818,0.9629629629629629,1.0,0.9285714285714286,2217048
classification,RFECA_SVR(k=20),EnsembleSoft,0.2,2,1,0.8653884200332043,0.8602443609022556,1286,322,"{'Basal': 167, 'Her2': 179, 'LumA': 560, 'LumB': 380}","{'Basal': 42, 'Her2': 45, 'LumA': 140, 'LumB': 95}",4,False,0.9136690647482014,0.9202898550724637,0.9071428571428571,0.882051282051282,0.86,0.9052631578947369,0.8125,0.7647058823529411,0.8666666666666667,0.8533333333333334,0.9696969696969697,0.7619047619047619,2217048
classification,RFECA_SVR(k=20),EnsembleSoft,0.2,2,2,0.895730443239767,0.8849937343358396,1286,322,"{'Basal': 167, 'Her2': 179, 'LumA': 560, 'LumB': 380}","{'Basal': 42, 'Her2': 45, 'LumA': 140, 'LumB': 95}",4,False,0.9375,0.9121621621621622,0.9642857142857143,0.9042553191489362,0.9139784946236559,0.8947368421052632,0.8275862068965517,0.8571428571428571,0.8,0.9135802469135802,0.9487179487179487,0.8809523809523809,2217048
classification,RFECA_SVR(k=20),EnsembleSoft,0.2,2,3,0.869145055581019,0.8609335839598997,1286,322,"{'Basal': 167, 'Her2': 179, 'LumA': 560, 'LumB': 380}","{'Basal': 42, 'Her2': 45, 'LumA': 140, 'LumB': 95}",4,False,0.9181494661921709,0.9148936170212766,0.9214285714285714,0.8615384615384616,0.84,0.8842105263157894,0.7586206896551724,0.7857142857142857,0.7333333333333333,0.9382716049382716,0.9743589743589743,0.9047619047619048,2217048
classification,RFECA_SVR(k=20),EnsembleSoft,0.2,2,4,0.886785390199637,0.8786068321209528,1287,321,"{'Basal': 168, 'Her2': 179, 'LumA': 560, 'LumB': 380}","{'Basal': 41, 'Her2': 45, 'LumA': 140, 'LumB': 95}",4,False,0.9333333333333333,0.9172413793103448,0.95,0.8842105263157894,0.8842105263157894,0.8842105263157894,0.8045977011494253,0.8333333333333334,0.7777777777777778,0.925,0.9487179487179487,0.9024390243902439,2217048
classification,RFECA_SVR(k=20),EnsembleSoft,0.2,2,5,0.8644670114648477,0.845463089542037,1287,321,"{'Basal': 167, 'Her2': 180, 'LumA': 560, 'LumB': 380}","{'Basal': 42, 'Her2': 44, 'LumA': 140, 'LumB': 95}",4,False,0.9152542372881356,0.8709677419354839,0.9642857142857143,0.8617021276595744,0.8709677419354839,0.8526315789473684,0.717948717948718,0.8235294117647058,0.6363636363636364,0.9629629629629629,1.0,0.9285714285714286,2217048
classification,RFECA_SVR(k=5),EnsembleSoft,0.2,3,1,0.8625961452308051,0.8591583124477862,1286,322,"{'Basal': 167, 'Her2': 179, 'LumA': 560, 'LumB': 380}","{'Basal': 42, 'Her2': 45, 'LumA': 140, 'LumB': 95}",4,False,0.9044117647058824,0.9318181818181818,0.8785714285714286,0.8756218905472637,0.8301886792452831,0.9263157894736842,0.7872340425531915,0.7551020408163265,0.8222222222222222,0.8831168831168831,0.9714285714285714,0.8095238095238095,3217051
classification,RFECA_SVR(k=5),EnsembleSoft,0.2,3,2,0.9112176416346899,0.8963032581453635,1286,322,"{'Basal': 167, 'Her2': 179, 'LumA': 560, 'LumB': 380}","{'Basal': 42, 'Her2': 45, 'LumA': 140, 'LumB': 95}",4,False,0.9419795221843004,0.9019607843137255,0.9857142857142858,0.918918918918919,0.9444444444444444,0.8947368421052632,0.8571428571428571,0.9230769230769231,0.8,0.926829268292683,0.95,0.9047619047619048,3217051
classification,RFECA_SVR(k=5),EnsembleSoft,0.2,3,3,0.8624744681016282,0.8576023391812865,1286,322,"{'Basal': 167, 'Her2': 179, 'LumA': 560, 'LumB': 380}","{'Basal': 42, 'Her2': 45, 'LumA': 140, 'LumB': 95}",4,False,0.9110320284697508,0.9078014184397163,0.9142857142857143,0.8393782383419689,0.826530612244898,0.8526315789473684,0.735632183908046,0.7619047619047619,0.7111111111111111,0.963855421686747,0.975609756097561,0.9523809523809523,3217051
classification,RFECA_SVR(k=5),EnsembleSoft,0.2,3,4,0.8551500720872247,0.8471636408093405,1287,321,"{'Basal': 168, 'Her2': 179, 'LumA': 560, 'LumB': 380}","{'Basal': 41, 'Her2': 45, 'LumA': 140, 'LumB': 95}",4,False,0.9110320284697508,0.9078014184397163,0.9142857142857143,0.8730964467005076,0.8431372549019608,0.9052631578947369,0.7228915662650602,0.7894736842105263,0.6666666666666666,0.9135802469135802,0.925,0.9024390243902439,3217051
classification,RFECA_SVR(k=5),EnsembleSoft,0.2,3,5,0.8592547563215862,0.8412964228753702,1287,321,"{'Basal': 167, 'Her2': 180, 'LumA': 560, 'LumB': 380}","{'Basal': 42, 'Her2': 44, 'LumA': 140, 'LumB': 95}",4,False,0.918918918918919,0.8717948717948718,0.9714285714285714,0.8709677419354839,0.8901098901098901,0.8526315789473684,0.7088607594936709,0.8,0.6363636363636364,0.9382716049382716,0.9743589743589743,0.9047619047619048,3217051
classification,RFECA_SVR(k=10),EnsembleSoft,0.2,3,1,0.8655175539937743,0.8638680033416875,1286,322,"{'Basal': 167, 'Her2': 179, 'LumA': 560, 'LumB': 380}","{'Basal': 42, 'Her2': 45, 'LumA': 140, 'LumB': 95}",4,False,0.9117647058823529,0.9393939393939394,0.8857142857142857,0.87,0.8285714285714286,0.9157894736842105,0.8085106382978723,0.7755102040816326,0.8444444444444444,0.8717948717948718,0.9444444444444444,0.8095238095238095,3217051
classification,RFECA_SVR(k=10),EnsembleSoft,0.2,3,2,0.8947666184175245,0.8828529657477027,1286,322,"{'Basal': 167, 'Her2': 179, 'LumA': 560, 'LumB': 380}","{'Basal': 42, 'Her2': 45, 'LumA': 140, 'LumB': 95}",4,False,0.9387755102040817,0.8961038961038961,0.9857142857142858,0.9010989010989011,0.9425287356321839,0.8631578947368421,0.8235294117647058,0.875,0.7777777777777778,0.9156626506024096,0.926829268292683,0.9047619047619048,3217051
classification,RFECA_SVR(k=10),EnsembleSoft,0.2,3,3,0.8575101174959129,0.8527882205513784,1286,322,"{'Basal': 167, 'Her2': 179, 'LumA': 560, 'LumB': 380}","{'Basal': 42, 'Her2': 45, 'LumA': 140, 'LumB': 95}",4,False,0.9039145907473309,0.900709219858156,0.9071428571428571,0.8333333333333334,0.8247422680412371,0.8421052631578947,0.7415730337078652,0.75,0.7333333333333333,0.9512195121951219,0.975,0.9285714285714286,3217051
classification,RFECA_SVR(k=10),EnsembleSoft,0.2,3,4,0.8484711431828085,0.8416080852537849,1287,321,"{'Basal': 168, 'Her2': 179, 'LumA': 560, 'LumB': 380}","{'Basal': 41, 'Her2': 45, 'LumA': 140, 'LumB': 95}",4,False,0.9110320284697508,0.9078014184397163,0.9142857142857143,0.8730964467005076,0.8431372549019608,0.9052631578947369,0.7073170731707317,0.7837837837837838,0.6444444444444445,0.9024390243902439,0.9024390243902439,0.9024390243902439,3217051
classification,RFECA_SVR(k=10),EnsembleSoft,0.2,3,5,0.8801457834237334,0.8636050353155617,1287,321,"{'Basal': 167, 'Her2': 180, 'LumA': 560, 'LumB': 380}","{'Basal': 42, 'Her2': 44, 'LumA': 140, 'LumB': 95}",4,False,0.9315068493150684,0.8947368421052632,0.9714285714285714,0.8829787234042553,0.8924731182795699,0.8736842105263158,0.7560975609756098,0.8157894736842105,0.7045454545454546,0.95,1.0,0.9047619047619048,3217051
classification,RFECA_SVR(k=20),EnsembleSoft,0.2,3,1,0.8606263378040168,0.8572159565580618,1286,322,"{'Basal': 167, 'Her2': 179, 'LumA': 560, 'LumB': 380}","{'Basal': 42, 'Her2': 45, 'LumA': 140, 'LumB': 95}",4,False,0.8978102189781022,0.917910447761194,0.8785714285714286,0.8542713567839196,0.8173076923076923,0.8947368421052632,0.8043478260869565,0.7872340425531915,0.8222222222222222,0.8860759493670886,0.9459459459459459,0.8333333333333334,3217051
classification,RFECA_SVR(k=20),EnsembleSoft,0.2,3,2,0.9097252668611633,0.8992272347535506,1286,322,"{'Basal': 167, 'Her2': 179, 'LumA': 560, 'LumB': 380}","{'Basal': 42, 'Her2': 45, 'LumA': 140, 'LumB': 95}",4,False,0.9484536082474226,0.9139072847682119,0.9857142857142858,0.9130434782608695,0.9438202247191011,0.8842105263157894,0.8505747126436781,0.8809523809523809,0.8222222222222222,0.926829268292683,0.95,0.9047619047619048,3217051
classification,RFECA_SVR(k=20),EnsembleSoft,0.2,3,3,0.8588614256678281,0.8554197994987468,1286,322,"{'Basal': 167, 'Her2': 179, 'LumA': 560, 'LumB': 380}","{'Basal': 42, 'Her2': 45, 'LumA': 140, 'LumB': 95}",4,False,0.9071428571428571,0.9071428571428571,0.9071428571428571,0.84375,0.8350515463917526,0.8526315789473684,0.7333333333333333,0.7333333333333333,0.7333333333333333,0.9512195121951219,0.975,0.9285714285714286,3217051
classification,RFECA_SVR(k=20),EnsembleSoft,0.2,3,4,0.8629426453054784,0.8533666483281375,1287,321,"{'Basal': 168, 'Her2': 179, 'LumA': 560, 'LumB': 380}","{'Basal': 41, 'Her2': 45, 'LumA': 140, 'LumB': 95}",4,False,0.9187279151943463,0.9090909090909091,0.9285714285714286,0.8877551020408163,0.8613861386138614,0.9157894736842105,0.7317073170731707,0.8108108108108109,0.6666666666666666,0.9135802469135802,0.925,0.9024390243902439,3217051
classification,RFECA_SVR(k=20),EnsembleSoft,0.2,3,5,0.8770371978578666,0.8579232171337434,1287,321,"{'Basal': 167, 'Her2': 180, 'LumA': 560, 'LumB': 380}","{'Basal': 42, 'Her2': 44, 'LumA': 140, 'LumB': 95}",4,False,0.9251700680272109,0.8831168831168831,0.9714285714285714,0.8829787234042553,0.8924731182795699,0.8736842105263158,0.75,0.8333333333333334,0.6818181818181818,0.95,1.0,0.9047619047619048,3217051
classification,RFECA_SVR(k=5),EnsembleSoft,0.2,4,1,0.8578859813926764,0.8538011695906433,1286,322,"{'Basal': 167, 'Her2': 179, 'LumA': 560, 'LumB': 380}","{'Basal': 42, 'Her2': 45, 'LumA': 140, 'LumB': 95}",4,False,0.8921933085501859,0.9302325581395349,0.8571428571428571,0.8543689320388349,0.7927927927927928,0.9263157894736842,0.8131868131868132,0.8043478260869565,0.8222222222222222,0.8717948717948718,0.9444444444444444,0.8095238095238095,4217054
classification,RFECA_SVR(k=5),EnsembleSoft,0.2,4,2,0.86969388277469,0.859983291562239,1286,322,"{'Basal': 167, 'Her2': 179, 'LumA': 560, 'LumB': 380}","{'Basal': 42, 'Her2': 45, 'LumA': 140, 'LumB': 95}",4,False,0.9283276450511946,0.8888888888888888,0.9714285714285714,0.8852459016393442,0.9204545454545454,0.8526315789473684,0.7710843373493976,0.8421052631578947,0.7111111111111111,0.8941176470588236,0.8837209302325582,0.9047619047619048,4217054
classification,RFECA_SVR(k=5),EnsembleSoft,0.2,4,3,0.8660473089737741,0.8595342522974101,1286,322,"{'Basal': 167, 'Her2': 179, 'LumA': 560, 'LumB': 380}","{'Basal': 42, 'Her2': 45, 'LumA': 140, 'LumB': 95}",4,False,0.9192982456140351,0.903448275862069,0.9357142857142857,0.851063829787234,0.8602150537634409,0.8421052631578947,0.7555555555555555,0.7555555555555555,0.7555555555555555,0.9382716049382716,0.9743589743589743,0.9047619047619048,4217054
classification,RFECA_SVR(k=5),EnsembleSoft,0.2,4,4,0.8559508437206279,0.850141868899892,1287,321,"{'Basal': 168, 'Her2': 179, 'LumA': 560, 'LumB': 380}","{'Basal': 41, 'Her2': 45, 'LumA': 140, 'LumB': 95}",4,False,0.9136690647482014,0.9202898550724637,0.9071428571428571,0.8571428571428571,0.8316831683168316,0.8842105263157894,0.7555555555555555,0.7555555555555555,0.7555555555555555,0.8974358974358975,0.9459459459459459,0.8536585365853658,4217054
classification,RFECA_SVR(k=5),EnsembleSoft,0.2,4,5,0.856780252477386,0.8388755980861243,1287,321,"{'Basal': 167, 'Her2': 180, 'LumA': 560, 'LumB': 380}","{'Basal': 42, 'Her2': 44, 'LumA': 140, 'LumB': 95}",4,False,0.9166666666666666,0.8918918918918919,0.9428571428571428,0.8556701030927835,0.8383838383838383,0.8736842105263158,0.7317073170731707,0.7894736842105263,0.6818181818181818,0.9230769230769231,1.0,0.8571428571428571,4217054
classification,RFECA_SVR(k=10),EnsembleSoft,0.2,4,1,0.8525264621542121,0.8476921470342523,1286,322,"{'Basal': 167, 'Her2': 179, 'LumA': 560, 'LumB': 380}","{'Basal': 42, 'Her2': 45, 'LumA': 140, 'LumB': 95}",4,False,0.8897058823529411,0.9166666666666666,0.8642857142857143,0.8415841584158416,0.794392523364486,0.8947368421052632,0.7956989247311828,0.7708333333333334,0.8222222222222222,0.8831168831168831,0.9714285714285714,0.8095238095238095,4217054
classification,RFECA_SVR(k=10),EnsembleSoft,0.2,4,2,0.8891726107924365,0.8784356725146198,1286,322,"{'Basal': 167, 'Her2': 179, 'LumA': 560, 'LumB': 380}","{'Basal': 42, 'Her2': 45, 'LumA': 140, 'LumB': 95}",4,False,0.9351535836177475,0.8954248366013072,0.9785714285714285,0.8901098901098901,0.9310344827586207,0.8526315789473684,0.8045977011494253,0.8333333333333334,0.7777777777777778,0.926829268292683,0.95,0.9047619047619048,4217054
classification,RFECA_SVR(k=10),EnsembleSoft,0.2,4,3,0.8608980867196854,0.8592836257309941,1286,322,"{'Basal': 167, 'Her2': 179, 'LumA': 560, 'LumB': 380}","{'Basal': 42, 'Her2': 45, 'LumA': 140, 'LumB': 95}",4,False,0.911660777385159,0.9020979020979021,0.9214285714285714,0.8449197860962567,0.8586956521739131,0.8315789473684211,0.7472527472527473,0.7391304347826086,0.7555555555555555,0.9397590361445783,0.9512195121951219,0.9285714285714286,4217054
classification,RFECA_SVR(k=10),EnsembleSoft,0.2,4,4,0.845013441962103,0.8377870489231208,1287,321,"{'Basal': 168, 'Her2': 179, 'LumA': 560, 'LumB': 380}","{'Basal': 41, 'Her2': 45, 'LumA': 140, 'LumB': 95}",4,False,0.9032258064516129,0.9064748201438849,0.9,0.8527918781725888,0.8235294117647058,0.8842105263157894,0.7126436781609196,0.7380952380952381,0.6888888888888889,0.9113924050632911,0.9473684210526315,0.8780487804878049,4217054
classification,RFECA_SVR(k=10),EnsembleSoft,0.2,4,5,0.8486751594987545,0.8336124401913875,1287,321,"{'Basal': 167, 'Her2': 180, 'LumA': 560, 'LumB': 380}","{'Basal': 42, 'Her2': 44, 'LumA': 140, 'LumB': 95}",4,False,0.9166666666666666,0.8918918918918919,0.9428571428571428,0.84375,0.8350515463917526,0.8526315789473684,0.7228915662650602,0.7692307692307693,0.6818181818181818,0.9113924050632911,0.972972972972973,0.8571428571428571,4217054
classification,RFECA_SVR(k=20),EnsembleSoft,0.2,4,1,0.833624332387219,0.8289891395154554,1286,322,"{'Basal': 167, 'Her2': 179, 'LumA': 560, 'LumB': 380}","{'Basal': 42, 'Her2': 45, 'LumA': 140, 'LumB': 95}",4,False,0.8937728937728938,0.9172932330827067,0.8714285714285714,0.84,0.8,0.8842105263157894,0.7628865979381443,0.7115384615384616,0.8222222222222222,0.8378378378378378,0.96875,0.7380952380952381,4217054
classification,RFECA_SVR(k=20),EnsembleSoft,0.2,4,2,0.9061601713418841,0.8948099415204679,1286,322,"{'Basal': 167, 'Her2': 179, 'LumA': 560, 'LumB': 380}","{'Basal': 42, 'Her2': 45, 'LumA': 140, 'LumB': 95}",4,False,0.9383561643835616,0.9013157894736842,0.9785714285714285,0.907103825136612,0.9431818181818182,0.8736842105263158,0.8409090909090909,0.8604651162790697,0.8222222222222222,0.9382716049382716,0.9743589743589743,0.9047619047619048,4217054
classification,RFECA_SVR(k=20),EnsembleSoft,0.2,4,3,0.8660772385778794,0.8648391812865497,1286,322,"{'Basal': 167, 'Her2': 179, 'LumA': 560, 'LumB': 380}","{'Basal': 42, 'Her2': 45, 'LumA': 140, 'LumB': 95}",4,False,0.9148936170212766,0.9084507042253521,0.9214285714285714,0.8404255319148937,0.8494623655913979,0.8315789473684211,0.7692307692307693,0.7608695652173914,0.7777777777777778,0.9397590361445783,0.9512195121951219,0.9285714285714286,4217054
classification,RFECA_SVR(k=20),EnsembleSoft,0.2,4,4,0.862139896867418,0.8562394298755017,1287,321,"{'Basal': 168, 'Her2': 179, 'LumA': 560, 'LumB': 380}","{'Basal': 41, 'Her2': 45, 'LumA': 140, 'LumB': 95}",4,False,0.9071428571428571,0.9071428571428571,0.9071428571428571,0.865979381443299,0.8484848484848485,0.8842105263157894,0.7640449438202247,0.7727272727272727,0.7555555555555555,0.9113924050632911,0.9473684210526315,0.8780487804878049,4217054
classification,RFECA_SVR(k=20),EnsembleSoft,0.2,4,5,0.8595919324577861,0.8435634540897698,1287,321,"{'Basal': 167, 'Her2': 180, 'LumA': 560, 'LumB': 380}","{'Basal': 42, 'Her2': 44, 'LumA': 140, 'LumB': 95}",4,False,0.926829268292683,0.9047619047619048,0.95,0.8615384615384616,0.84,0.8842105263157894,0.725,0.8055555555555556,0.6590909090909091,0.925,0.9736842105263158,0.8809523809523809,4217054
classification,RFECA_SVR(k=5),EnsembleSoft,0.2,5,1,0.8831568431568433,0.8764202172096909,1286,322,"{'Basal': 167, 'Her2': 179, 'LumA': 560, 'LumB': 380}","{'Basal': 42, 'Her2': 45, 'LumA': 140, 'LumB': 95}",4,False,0.9163636363636364,0.9333333333333333,0.9,0.88,0.8380952380952381,0.9263157894736842,0.8131868131868132,0.8043478260869565,0.8222222222222222,0.9230769230769231,1.0,0.8571428571428571,5217057
classification,RFECA_SVR(k=5),EnsembleSoft,0.2,5,2,0.8881517834507631,0.885421888053467,1286,322,"{'Basal': 167, 'Her2': 179, 'LumA': 560, 'LumB': 380}","{'Basal': 42, 'Her2': 45, 'LumA': 140, 'LumB': 95}",4,False,0.9379310344827586,0.9066666666666666,0.9714285714285714,0.8764044943820225,0.9397590361445783,0.8210526315789474,0.8,0.76,0.8444444444444444,0.9382716049382716,0.9743589743589743,0.9047619047619048,5217057
classification,RFECA_SVR(k=5),EnsembleSoft,0.2,5,3,0.8578713286024049,0.8488721804511278,1286,322,"{'Basal': 167, 'Her2': 179, 'LumA': 560, 'LumB': 380}","{'Basal': 42, 'Her2': 45, 'LumA': 140, 'LumB': 95}",4,False,0.9122807017543859,0.896551724137931,0.9285714285714286,0.8526315789473684,0.8526315789473684,0.8526315789473684,0.7415730337078652,0.75,0.7333333333333333,0.925,0.9736842105263158,0.8809523809523809,5217057
classification,RFECA_SVR(k=5),EnsembleSoft,0.2,5,4,0.8500621859024229,0.8462123296044991,1287,321,"{'Basal': 168, 'Her2': 179, 'LumA': 560, 'LumB': 380}","{'Basal': 41, 'Her2': 45, 'LumA': 140, 'LumB': 95}",4,False,0.910394265232975,0.9136690647482014,0.9071428571428571,0.8571428571428571,0.8316831683168316,0.8842105263157894,0.7058823529411765,0.75,0.6666666666666666,0.926829268292683,0.926829268292683,0.926829268292683,5217057
classification,RFECA_SVR(k=5),EnsembleSoft,0.2,5,5,0.861741318491319,0.8356487810435179,1287,321,"{'Basal': 167, 'Her2': 180, 'LumA': 560, 'LumB': 380}","{'Basal': 42, 'Her2': 44, 'LumA': 140, 'LumB': 95}",4,False,0.9060402684563759,0.8544303797468354,0.9642857142857143,0.8723404255319149,0.8817204301075269,0.8631578947368421,0.759493670886076,0.8571428571428571,0.6818181818181818,0.9090909090909091,1.0,0.8333333333333334,5217057
classification,RFECA_SVR(k=10),EnsembleSoft,0.2,5,1,0.8622045649881458,0.8582602339181287,1286,322,"{'Basal': 167, 'Her2': 179, 'LumA': 560, 'LumB': 380}","{'Basal': 42, 'Her2': 45, 'LumA': 140, 'LumB': 95}",4,False,0.9090909090909091,0.9259259259259259,0.8928571428571429,0.864321608040201,0.8269230769230769,0.9052631578947369,0.7865168539325843,0.7954545454545454,0.7777777777777778,0.8888888888888888,0.9230769230769231,0.8571428571428571,5217057
classification,RFECA_SVR(k=10),EnsembleSoft,0.2,5,2,0.8999772826907602,0.8940058479532164,1286,322,"{'Basal': 167, 'Her2': 179, 'LumA': 560, 'LumB': 380}","{'Basal': 42, 'Her2': 45, 'LumA': 140, 'LumB': 95}",4,False,0.9379310344827586,0.9066666666666666,0.9714285714285714,0.8729281767955801,0.9186046511627907,0.8315789473684211,0.8260869565217391,0.8085106382978723,0.8444444444444444,0.9629629629629629,1.0,0.9285714285714286,5217057
classification,RFECA_SVR(k=10),EnsembleSoft,0.2,5,3,0.8437864926192689,0.8324979114452798,1286,322,"{'Basal': 167, 'Her2': 179, 'LumA': 560, 'LumB': 380}","{'Basal': 42, 'Her2': 45, 'LumA': 140, 'LumB': 95}",4,False,0.9059233449477352,0.8843537414965986,0.9285714285714286,0.8315789473684211,0.8315789473684211,0.8315789473684211,0.7126436781609196,0.7380952380952381,0.6888888888888889,0.925,0.9736842105263158,0.8809523809523809,5217057
classification,RFECA_SVR(k=10),EnsembleSoft,0.2,5,4,0.8639496005349663,0.8561851783931373,1287,321,"{'Basal': 168, 'Her2': 179, 'LumA': 560, 'LumB': 380}","{'Basal': 41, 'Her2': 45, 'LumA': 140, 'LumB': 95}",4,False,0.9142857142857143,0.9142857142857143,0.9142857142857143,0.8585858585858586,0.8252427184466019,0.8947368421052632,0.7560975609756098,0.8378378378378378,0.6888888888888889,0.926829268292683,0.926829268292683,0.926829268292683,5217057
classification,RFECA_SVR(k=10),EnsembleSoft,0.2,5,5,0.8613500891981904,0.8356487810435179,1287,321,"{'Basal': 167, 'Her2': 180, 'LumA': 560, 'LumB': 380}","{'Basal': 42, 'Her2': 44, 'LumA': 140, 'LumB': 95}",4,False,0.9090909090909091,0.8598726114649682,0.9642857142857143,0.8677248677248677,0.8723404255319149,0.8631578947368421,0.759493670886076,0.8571428571428571,0.6818181818181818,0.9090909090909091,1.0,0.8333333333333334,5217057
classification,RFECA_SVR(k=20),EnsembleSoft,0.2,5,1,0.8636273612008906,0.862875939849624,1286,322,"{'Basal': 167, 'Her2': 179, 'LumA': 560, 'LumB': 380}","{'Basal': 42, 'Her2': 45, 'LumA': 140, 'LumB': 95}",4,False,0.9044117647058824,0.9318181818181818,0.8785714285714286,0.87,0.8285714285714286,0.9157894736842105,0.7912087912087912,0.782608695652174,0.8,0.8888888888888888,0.9230769230769231,0.8571428571428571,5217057
classification,RFECA_SVR(k=20),EnsembleSoft,0.2,5,2,0.9041083247869754,0.8987155388471177,1286,322,"{'Basal': 167, 'Her2': 179, 'LumA': 560, 'LumB': 380}","{'Basal': 42, 'Her2': 45, 'LumA': 140, 'LumB': 95}",4,False,0.9383561643835616,0.9013157894736842,0.9785714285714285,0.8764044943820225,0.9397590361445783,0.8210526315789474,0.8387096774193549,0.8125,0.8666666666666667,0.9629629629629629,1.0,0.9285714285714286,5217057
classification,RFECA_SVR(k=20),EnsembleSoft,0.2,5,3,0.8485437270498246,0.8380534670008354,1286,322,"{'Basal': 167, 'Her2': 179, 'LumA': 560, 'LumB': 380}","{'Basal': 42, 'Her2': 45, 'LumA': 140, 'LumB': 95}",4,False,0.9059233449477352,0.8843537414965986,0.9285714285714286,0.8359788359788359,0.8404255319148937,0.8315789473684211,0.7272727272727273,0.7441860465116279,0.7111111111111111,0.925,0.9736842105263158,0.8809523809523809,5217057
classification,RFECA_SVR(k=20),EnsembleSoft,0.2,5,4,0.8637172110937409,0.8579708926788516,1287,321,"{'Basal': 168, 'Her2': 179, 'LumA': 560, 'LumB': 380}","{'Basal': 41, 'Her2': 45, 'LumA': 140, 'LumB': 95}",4,False,0.9181494661921709,0.9148936170212766,0.9214285714285714,0.8717948717948718,0.85,0.8947368421052632,0.7380952380952381,0.7948717948717948,0.6888888888888889,0.926829268292683,0.926829268292683,0.926829268292683,5217057
classification,RFECA_SVR(k=20),EnsembleSoft,0.2,5,5,0.8636077381663658,0.8382803599908863,1287,321,"{'Basal': 167, 'Her2': 180, 'LumA': 560, 'LumB': 380}","{'Basal': 42, 'Her2': 44, 'LumA': 140, 'LumB': 95}",4,False,0.9121621621621622,0.8653846153846154,0.9642857142857143,0.8736842105263158,0.8736842105263158,0.8736842105263158,0.759493670886076,0.8571428571428571,0.6818181818181818,0.9090909090909091,1.0,0.8333333333333334,5217057
classification,RFECA_SVR(k=5),EnsembleSoft,0.2,6,1,0.8667078863274799,0.8663011695906433,1286,322,"{'Basal': 167, 'Her2': 179, 'LumA': 560, 'LumB': 380}","{'Basal': 42, 'Her2': 45, 'LumA': 140, 'LumB': 95}",4,False,0.8962962962962963,0.9307692307692308,0.8642857142857143,0.8712871287128713,0.822429906542056,0.9263157894736842,0.8421052631578947,0.8,0.8888888888888888,0.8571428571428571,0.9428571428571428,0.7857142857142857,6217060
classification,RFECA_SVR(k=5),EnsembleSoft,0.2,6,2,0.8814336375881036,0.8713763575605682,1286,322,"{'Basal': 167, 'Her2': 179, 'LumA': 560, 'LumB': 380}","{'Basal': 42, 'Her2': 45, 'LumA': 140, 'LumB': 95}",4,False,0.9297658862876255,0.8742138364779874,0.9928571428571429,0.8620689655172413,0.9493670886075949,0.7894736842105263,0.8314606741573034,0.8409090909090909,0.8222222222222222,0.9024390243902439,0.925,0.8809523809523809,6217060
classification,RFECA_SVR(k=5),EnsembleSoft,0.2,6,3,0.8734275081901546,0.86703216374269,1286,322,"{'Basal': 167, 'Her2': 179, 'LumA': 560, 'LumB': 380}","{'Basal': 42, 'Her2': 45, 'LumA': 140, 'LumB': 95}",4,False,0.9257950530035336,0.916083916083916,0.9357142857142857,0.8736842105263158,0.8736842105263158,0.8736842105263158,0.7692307692307693,0.7608695652173914,0.7777777777777778,0.925,0.9736842105263158,0.8809523809523809,6217060
classification,RFECA_SVR(k=5),EnsembleSoft,0.2,6,4,0.8804836516530066,0.8755888705503596,1287,321,"{'Basal': 168, 'Her2': 179, 'LumA': 560, 'LumB': 380}","{'Basal': 41, 'Her2': 45, 'LumA': 140, 'LumB': 95}",4,False,0.931899641577061,0.935251798561151,0.9285714285714286,0.8923076923076924,0.87,0.9157894736842105,0.7727272727272727,0.7906976744186046,0.7555555555555555,0.925,0.9487179487179487,0.9024390243902439,6217060
classification,RFECA_SVR(k=5),EnsembleSoft,0.2,6,5,0.8622536360511095,0.8429881521986785,1287,321,"{'Basal': 167, 'Her2': 180, 'LumA': 560, 'LumB': 380}","{'Basal': 42, 'Her2': 44, 'LumA': 140, 'LumB': 95}",4,False,0.9209621993127147,0.8874172185430463,0.9571428571428572,0.8601036269430051,0.8469387755102041,0.8736842105263158,0.717948717948718,0.8235294117647058,0.6363636363636364,0.95,1.0,0.9047619047619048,6217060
classification,RFECA_SVR(k=10),EnsembleSoft,0.2,6,1,0.857021738725973,0.8558792815371763,1286,322,"{'Basal': 167, 'Her2': 179, 'LumA': 560, 'LumB': 380}","{'Basal': 42, 'Her2': 45, 'LumA': 140, 'LumB': 95}",4,False,0.8962962962962963,0.9307692307692308,0.8642857142857143,0.8514851485148515,0.8037383177570093,0.9052631578947369,0.8085106382978723,0.7755102040816326,0.8444444444444444,0.8717948717948718,0.9444444444444444,0.8095238095238095,6217060
classification,RFECA_SVR(k=10),EnsembleSoft,0.2,6,2,0.8992155547946509,0.8871658312447787,1286,322,"{'Basal': 167, 'Her2': 179, 'LumA': 560, 'LumB': 380}","{'Basal': 42, 'Her2': 45, 'LumA': 140, 'LumB': 95}",4,False,0.9423728813559322,0.896774193548387,0.9928571428571429,0.9,0.9529411764705882,0.8526315789473684,0.8409090909090909,0.8604651162790697,0.8222222222222222,0.9135802469135802,0.9487179487179487,0.8809523809523809,6217060
classification,RFECA_SVR(k=10),EnsembleSoft,0.2,6,3,0.8716079914672229,0.8692564745196325,1286,322,"{'Basal': 167, 'Her2': 179, 'LumA': 560, 'LumB': 380}","{'Basal': 42, 'Her2': 45, 'LumA': 140, 'LumB': 95}",4,False,0.9187279151943463,0.9090909090909091,0.9285714285714286,0.8556149732620321,0.8695652173913043,0.8421052631578947,0.7608695652173914,0.7446808510638298,0.7777777777777778,0.9512195121951219,0.975,0.9285714285714286,6217060
classification,RFECA_SVR(k=10),EnsembleSoft,0.2,6,4,0.8885861361204335,0.8843180104733379,1287,321,"{'Basal': 168, 'Her2': 179, 'LumA': 560, 'LumB': 380}","{'Basal': 41, 'Her2': 45, 'LumA': 140, 'LumB': 95}",4,False,0.931899641577061,0.935251798561151,0.9285714285714286,0.9025641025641026,0.88,0.9263157894736842,0.7816091954022989,0.8095238095238095,0.7555555555555555,0.9382716049382716,0.95,0.926829268292683,6217060
classification,RFECA_SVR(k=10),EnsembleSoft,0.2,6,5,0.8721803160919541,0.8543517885623149,1287,321,"{'Basal': 167, 'Her2': 180, 'LumA': 560, 'LumB': 380}","{'Basal': 42, 'Her2': 44, 'LumA': 140, 'LumB': 95}",4,False,0.9241379310344827,0.8933333333333333,0.9571428571428572,0.8645833333333334,0.8556701030927835,0.8736842105263158,0.75,0.8333333333333334,0.6818181818181818,0.95,1.0,0.9047619047619048,6217060
classification,RFECA_SVR(k=20),EnsembleSoft,0.2,6,1,0.864081697614971,0.8602965747702589,1286,322,"{'Basal': 167, 'Her2': 179, 'LumA': 560, 'LumB': 380}","{'Basal': 42, 'Her2': 45, 'LumA': 140, 'LumB': 95}",4,False,0.8970588235294118,0.9242424242424242,0.8714285714285714,0.8613861386138614,0.8130841121495327,0.9157894736842105,0.8260869565217391,0.8085106382978723,0.8444444444444444,0.8717948717948718,0.9444444444444444,0.8095238095238095,6217060
classification,RFECA_SVR(k=20),EnsembleSoft,0.2,6,2,0.896704217886849,0.8853801169590644,1286,322,"{'Basal': 167, 'Her2': 179, 'LumA': 560, 'LumB': 380}","{'Basal': 42, 'Her2': 45, 'LumA': 140, 'LumB': 95}",4,False,0.9387755102040817,0.8961038961038961,0.9857142857142858,0.8950276243093923,0.9418604651162791,0.8526315789473684,0.8505747126436781,0.8809523809523809,0.8222222222222222,0.9024390243902439,0.925,0.8809523809523809,6217060
classification,RFECA_SVR(k=20),EnsembleSoft,0.2,6,3,0.8807145865644584,0.8774436090225565,1286,322,"{'Basal': 167, 'Her2': 179, 'LumA': 560, 'LumB': 380}","{'Basal': 42, 'Her2': 45, 'LumA': 140, 'LumB': 95}",4,False,0.9187279151943463,0.9090909090909091,0.9285714285714286,0.8617021276595744,0.8709677419354839,0.8526315789473684,0.7912087912087912,0.782608695652174,0.8,0.9512195121951219,0.975,0.9285714285714286,6217060
classification,RFECA_SVR(k=20),EnsembleSoft,0.2,6,4,0.8794019706708427,0.8781150029545408,1287,321,"{'Basal': 168, 'Her2': 179, 'LumA': 560, 'LumB': 380}","{'Basal': 41, 'Her2': 45, 'LumA': 140, 'LumB': 95}",4,False,0.927536231884058,0.9411764705882353,0.9142857142857143,0.8877551020408163,0.8613861386138614,0.9157894736842105,0.7640449438202247,0.7727272727272727,0.7555555555555555,0.9382716049382716,0.95,0.926829268292683,6217060
classification,RFECA_SVR(k=20),EnsembleSoft,0.2,6,5,0.8650656357990378,0.8468842560947824,1287,321,"{'Basal': 167, 'Her2': 180, 'LumA': 560, 'LumB': 380}","{'Basal': 42, 'Her2': 44, 'LumA': 140, 'LumB': 95}",4,False,0.9204152249134948,0.8926174496644296,0.95,0.8556701030927835,0.8383838383838383,0.8736842105263158,0.7341772151898734,0.8285714285714286,0.6590909090909091,0.95,1.0,0.9047619047619048,6217060
classification,RFECA_SVR(k=5),EnsembleSoft,0.2,7,1,0.8729909267779176,0.8675334168755221,1286,322,"{'Basal': 167, 'Her2': 179, 'LumA': 560, 'LumB': 380}","{'Basal': 42, 'Her2': 45, 'LumA': 140, 'LumB': 95}",4,False,0.9247311827956989,0.9280575539568345,0.9214285714285714,0.8808290155440415,0.8673469387755102,0.8947368421052632,0.7916666666666666,0.7450980392156863,0.8444444444444444,0.8947368421052632,1.0,0.8095238095238095,7217063
classification,RFECA_SVR(k=5),EnsembleSoft,0.2,7,2,0.8801455727405342,0.8705409356725146,1286,322,"{'Basal': 167, 'Her2': 179, 'LumA': 560, 'LumB': 380}","{'Basal': 42, 'Her2': 45, 'LumA': 140, 'LumB': 95}",4,False,0.9288135593220339,0.8838709677419355,0.9785714285714285,0.8715083798882681,0.9285714285714286,0.8210526315789474,0.8045977011494253,0.8333333333333334,0.7777777777777778,0.9156626506024096,0.926829268292683,0.9047619047619048,7217063
classification,RFECA_SVR(k=5),EnsembleSoft,0.2,7,3,0.8443161144495286,0.8442564745196324,1286,322,"{'Basal': 167, 'Her2': 179, 'LumA': 560, 'LumB': 380}","{'Basal': 42, 'Her2': 45, 'LumA': 140, 'LumB': 95}",4,False,0.9,0.9,0.9,0.8556149732620321,0.8695652173913043,0.8421052631578947,0.7216494845360825,0.6730769230769231,0.7777777777777778,0.9,0.9473684210526315,0.8571428571428571,7217063
classification,RFECA_SVR(k=5),EnsembleSoft,0.2,7,4,0.8730478999887392,0.8681306925851213,1287,321,"{'Basal': 168, 'Her2': 179, 'LumA': 560, 'LumB': 380}","{'Basal': 41, 'Her2': 45, 'LumA': 140, 'LumB': 95}",4,False,0.9175627240143369,0.920863309352518,0.9142857142857143,0.8469387755102041,0.8217821782178217,0.8736842105263158,0.7764705882352941,0.825,0.7333333333333333,0.9512195121951219,0.9512195121951219,0.9512195121951219,7217063
classification,RFECA_SVR(k=5),EnsembleSoft,0.2,7,5,0.8672540836045102,0.8479807473228527,1287,321,"{'Basal': 167, 'Her2': 180, 'LumA': 560, 'LumB': 380}","{'Basal': 42, 'Her2': 44, 'LumA': 140, 'LumB': 95}",4,False,0.9241379310344827,0.8933333333333333,0.9571428571428572,0.8762886597938144,0.8585858585858586,0.8947368421052632,0.7435897435897436,0.8529411764705882,0.6590909090909091,0.925,0.9736842105263158,0.8809523809523809,7217063
classification,RFECA_SVR(k=10),EnsembleSoft,0.2,7,1,0.8713875255806964,0.8650584795321636,1286,322,"{'Basal': 167, 'Her2': 179, 'LumA': 560, 'LumB': 380}","{'Basal': 42, 'Her2': 45, 'LumA': 140, 'LumB': 95}",4,False,0.920863309352518,0.927536231884058,0.9142857142857143,0.8877551020408163,0.8613861386138614,0.9157894736842105,0.8085106382978723,0.7755102040816326,0.8444444444444444,0.868421052631579,0.9705882352941176,0.7857142857142857,7217063
classification,RFECA_SVR(k=10),EnsembleSoft,0.2,7,2,0.8927996777951217,0.8804197994987469,1286,322,"{'Basal': 167, 'Her2': 179, 'LumA': 560, 'LumB': 380}","{'Basal': 42, 'Her2': 45, 'LumA': 140, 'LumB': 95}",4,False,0.9183673469387755,0.8766233766233766,0.9642857142857143,0.8901098901098901,0.9310344827586207,0.8526315789473684,0.8470588235294118,0.9,0.8,0.9156626506024096,0.926829268292683,0.9047619047619048,7217063
classification,RFECA_SVR(k=10),EnsembleSoft,0.2,7,3,0.8634140700796462,0.8615183792815372,1286,322,"{'Basal': 167, 'Her2': 179, 'LumA': 560, 'LumB': 380}","{'Basal': 42, 'Her2': 45, 'LumA': 140, 'LumB': 95}",4,False,0.9148936170212766,0.9084507042253521,0.9214285714285714,0.851063829787234,0.8602150537634409,0.8421052631578947,0.7608695652173914,0.7446808510638298,0.7777777777777778,0.926829268292683,0.95,0.9047619047619048,7217063
classification,RFECA_SVR(k=10),EnsembleSoft,0.2,7,4,0.8603637711839711,0.8527077347841148,1287,321,"{'Basal': 168, 'Her2': 179, 'LumA': 560, 'LumB': 380}","{'Basal': 41, 'Her2': 45, 'LumA': 140, 'LumB': 95}",4,False,0.9181494661921709,0.9148936170212766,0.9214285714285714,0.8469387755102041,0.8217821782178217,0.8736842105263158,0.7380952380952381,0.7948717948717948,0.6888888888888889,0.9382716049382716,0.95,0.926829268292683,7217063
classification,RFECA_SVR(k=10),EnsembleSoft,0.2,7,5,0.8649056342163643,0.8457678286625655,1287,321,"{'Basal': 167, 'Her2': 180, 'LumA': 560, 'LumB': 380}","{'Basal': 42, 'Her2': 44, 'LumA': 140, 'LumB': 95}",4,False,0.9209621993127147,0.8874172185430463,0.9571428571428572,0.8541666666666666,0.845360824742268,0.8631578947368421,0.759493670886076,0.8571428571428571,0.6818181818181818,0.925,0.9736842105263158,0.8809523809523809,7217063
classification,RFECA_SVR(k=20),EnsembleSoft,0.2,7,1,0.875739160588696,0.8701649958228905,1286,322,"{'Basal': 167, 'Her2': 179, 'LumA': 560, 'LumB': 380}","{'Basal': 42, 'Her2': 45, 'LumA': 140, 'LumB': 95}",4,False,0.9247311827956989,0.9280575539568345,0.9214285714285714,0.8865979381443299,0.8686868686868687,0.9052631578947369,0.8085106382978723,0.7755102040816326,0.8444444444444444,0.8831168831168831,0.9714285714285714,0.8095238095238095,7217063
classification,RFECA_SVR(k=20),EnsembleSoft,0.2,7,2,0.8789297813573647,0.8672201336675021,1286,322,"{'Basal': 167, 'Her2': 179, 'LumA': 560, 'LumB': 380}","{'Basal': 42, 'Her2': 45, 'LumA': 140, 'LumB': 95}",4,False,0.9225589225589226,0.8726114649681529,0.9785714285714285,0.8876404494382022,0.9518072289156626,0.8315789473684211,0.813953488372093,0.8536585365853658,0.7777777777777778,0.891566265060241,0.9024390243902439,0.8809523809523809,7217063
classification,RFECA_SVR(k=20),EnsembleSoft,0.2,7,3,0.8524887613615014,0.8503028404344193,1286,322,"{'Basal': 167, 'Her2': 179, 'LumA': 560, 'LumB': 380}","{'Basal': 42, 'Her2': 45, 'LumA': 140, 'LumB': 95}",4,False,0.9084507042253521,0.8958333333333334,0.9214285714285714,0.8432432432432433,0.8666666666666667,0.8210526315789474,0.7446808510638298,0.7142857142857143,0.7777777777777778,0.9135802469135802,0.9487179487179487,0.8809523809523809,7217063
classification,RFECA_SVR(k=20),EnsembleSoft,0.2,7,4,0.8670427139148696,0.8579594310980704,1287,321,"{'Basal': 168, 'Her2': 179, 'LumA': 560, 'LumB': 380}","{'Basal': 41, 'Her2': 45, 'LumA': 140, 'LumB': 95}",4,False,0.9154929577464789,0.9027777777777778,0.9285714285714286,0.845360824742268,0.8282828282828283,0.8631578947368421,0.7560975609756098,0.8378378378378378,0.6888888888888889,0.9512195121951219,0.9512195121951219,0.9512195121951219,7217063
classification,RFECA_SVR(k=20),EnsembleSoft,0.2,7,5,0.8598115167358604,0.8409318751424014,1287,321,"{'Basal': 167, 'Her2': 180, 'LumA': 560, 'LumB': 380}","{'Basal': 42, 'Her2': 44, 'LumA': 140, 'LumB': 95}",4,False,0.910958904109589,0.875,0.95,0.8691099476439791,0.8645833333333334,0.8736842105263158,0.7341772151898734,0.8285714285714286,0.6590909090909091,0.925,0.9736842105263158,0.8809523809523809,7217063
classification,RFECA_SVR(k=5),EnsembleSoft,0.2,8,1,0.8776740036154966,0.8740392648287385,1286,322,"{'Basal': 167, 'Her2': 179, 'LumA': 560, 'LumB': 380}","{'Basal': 42, 'Her2': 45, 'LumA': 140, 'LumB': 95}",4,False,0.9003690036900369,0.9312977099236641,0.8714285714285714,0.8669950738916257,0.8148148148148148,0.9263157894736842,0.8602150537634409,0.8333333333333334,0.8888888888888888,0.8831168831168831,0.9714285714285714,0.8095238095238095,8217066
classification,RFECA_SVR(k=5),EnsembleSoft,0.2,8,2,0.8787171380915493,0.8707393483709274,1286,322,"{'Basal': 167, 'Her2': 179, 'LumA': 560, 'LumB': 380}","{'Basal': 42, 'Her2': 45, 'LumA': 140, 'LumB': 95}",4,False,0.9241379310344827,0.8933333333333333,0.9571428571428572,0.8524590163934426,0.8863636363636364,0.8210526315789474,0.8,0.8,0.8,0.9382716049382716,0.9743589743589743,0.9047619047619048,8217066
classification,RFECA_SVR(k=5),EnsembleSoft,0.2,8,3,0.8369903118178301,0.8296157059314954,1286,322,"{'Basal': 167, 'Her2': 179, 'LumA': 560, 'LumB': 380}","{'Basal': 42, 'Her2': 45, 'LumA': 140, 'LumB': 95}",4,False,0.8982456140350877,0.8827586206896552,0.9142857142857143,0.8148148148148148,0.8191489361702128,0.8105263157894737,0.6966292134831461,0.7045454545454546,0.6888888888888889,0.9382716049382716,0.9743589743589743,0.9047619047619048,8217066
classification,RFECA_SVR(k=5),EnsembleSoft,0.2,8,4,0.8906938223217618,0.8866999816614707,1287,321,"{'Basal': 168, 'Her2': 179, 'LumA': 560, 'LumB': 380}","{'Basal': 41, 'Her2': 45, 'LumA': 140, 'LumB': 95}",4,False,0.9219858156028369,0.9154929577464789,0.9285714285714286,0.9157894736842105,0.9157894736842105,0.9157894736842105,0.8,0.8,0.8,0.925,0.9487179487179487,0.9024390243902439,8217066
classification,RFECA_SVR(k=5),EnsembleSoft,0.2,8,5,0.8699009491278931,0.8493392572339941,1287,321,"{'Basal': 167, 'Her2': 180, 'LumA': 560, 'LumB': 380}","{'Basal': 42, 'Her2': 44, 'LumA': 140, 'LumB': 95}",4,False,0.9251700680272109,0.8831168831168831,0.9714285714285714,0.8677248677248677,0.8723404255319149,0.8631578947368421,0.75,0.8333333333333334,0.6818181818181818,0.9367088607594937,1.0,0.8809523809523809,8217066
classification,RFECA_SVR(k=10),EnsembleSoft,0.2,8,1,0.8794805255744865,0.873297827903091,1286,322,"{'Basal': 167, 'Her2': 179, 'LumA': 560, 'LumB': 380}","{'Basal': 42, 'Her2': 45, 'LumA': 140, 'LumB': 95}",4,False,0.9077490774907749,0.9389312977099237,0.8785714285714286,0.8682926829268293,0.8090909090909091,0.9368421052631579,0.8444444444444444,0.8444444444444444,0.8444444444444444,0.8974358974358975,0.9722222222222222,0.8333333333333334,8217066
classification,RFECA_SVR(k=10),EnsembleSoft,0.2,8,2,0.8801901451067207,0.8749582289055974,1286,322,"{'Basal': 167, 'Her2': 179, 'LumA': 560, 'LumB': 380}","{'Basal': 42, 'Her2': 45, 'LumA': 140, 'LumB': 95}",4,False,0.9198606271777003,0.8979591836734694,0.9428571428571428,0.8586956521739131,0.8876404494382022,0.8315789473684211,0.8172043010752689,0.7916666666666666,0.8444444444444444,0.925,0.9736842105263158,0.8809523809523809,8217066
classification,RFECA_SVR(k=10),EnsembleSoft,0.2,8,3,0.8499217048349188,0.8425125313283207,1286,322,"{'Basal': 167, 'Her2': 179, 'LumA': 560, 'LumB': 380}","{'Basal': 42, 'Her2': 45, 'LumA': 140, 'LumB': 95}",4,False,0.9052631578947369,0.8896551724137931,0.9214285714285714,0.8191489361702128,0.8279569892473119,0.8105263157894737,0.7252747252747253,0.717391304347826,0.7333333333333333,0.95,1.0,0.9047619047619048,8217066
classification,RFECA_SVR(k=10),EnsembleSoft,0.2,8,4,0.8933630068381841,0.8919516779754264,1287,321,"{'Basal': 168, 'Her2': 179, 'LumA': 560, 'LumB': 380}","{'Basal': 41, 'Her2': 45, 'LumA': 140, 'LumB': 95}",4,False,0.9290780141843972,0.9225352112676056,0.9357142857142857,0.9148936170212766,0.9247311827956989,0.9052631578947369,0.7912087912087912,0.782608695652174,0.8,0.9382716049382716,0.95,0.926829268292683,8217066
classification,RFECA_SVR(k=10),EnsembleSoft,0.2,8,5,0.8688957740562709,0.8514496468443837,1287,321,"{'Basal': 167, 'Her2': 180, 'LumA': 560, 'LumB': 380}","{'Basal': 42, 'Her2': 44, 'LumA': 140, 'LumB': 95}",4,False,0.9241379310344827,0.8933333333333333,0.9571428571428572,0.8586387434554974,0.8541666666666666,0.8631578947368421,0.7560975609756098,0.8157894736842105,0.7045454545454546,0.9367088607594937,1.0,0.8809523809523809,8217066
classification,RFECA_SVR(k=20),EnsembleSoft,0.2,8,1,0.8678282411460184,0.8624791144527986,1286,322,"{'Basal': 167, 'Her2': 179, 'LumA': 560, 'LumB': 380}","{'Basal': 42, 'Her2': 45, 'LumA': 140, 'LumB': 95}",4,False,0.9077490774907749,0.9389312977099237,0.8785714285714286,0.8529411764705882,0.7981651376146789,0.9157894736842105,0.8131868131868132,0.8043478260869565,0.8222222222222222,0.8974358974358975,0.9722222222222222,0.8333333333333334,8217066
classification,RFECA_SVR(k=20),EnsembleSoft,0.2,8,2,0.8843683999934,0.8764515455304929,1286,322,"{'Basal': 167, 'Her2': 179, 'LumA': 560, 'LumB': 380}","{'Basal': 42, 'Her2': 45, 'LumA': 140, 'LumB': 95}",4,False,0.9236111111111112,0.8986486486486487,0.95,0.8756756756756757,0.9,0.8526315789473684,0.8131868131868132,0.8043478260869565,0.8222222222222222,0.925,0.9736842105263158,0.8809523809523809,8217066
classification,RFECA_SVR(k=20),EnsembleSoft,0.2,8,3,0.8508022690057333,0.844204260651629,1286,322,"{'Basal': 167, 'Her2': 179, 'LumA': 560, 'LumB': 380}","{'Basal': 42, 'Her2': 45, 'LumA': 140, 'LumB': 95}",4,False,0.900709219858156,0.8943661971830986,0.9071428571428571,0.8272251308900523,0.8229166666666666,0.8315789473684211,0.7252747252747253,0.717391304347826,0.7333333333333333,0.95,1.0,0.9047619047619048,8217066
classification,RFECA_SVR(k=20),EnsembleSoft,0.2,8,4,0.8912000525286408,0.8901659636897121,1287,321,"{'Basal': 168, 'Her2': 179, 'LumA': 560, 'LumB': 380}","{'Basal': 41, 'Her2': 45, 'LumA': 140, 'LumB': 95}",4,False,0.9252669039145908,0.9219858156028369,0.9285714285714286,0.91005291005291,0.9148936170212766,0.9052631578947369,0.7912087912087912,0.782608695652174,0.8,0.9382716049382716,0.95,0.926829268292683,8217066
classification,RFECA_SVR(k=20),EnsembleSoft,0.2,8,5,0.858208113594499,0.8389895192526771,1287,321,"{'Basal': 167, 'Her2': 180, 'LumA': 560, 'LumB': 380}","{'Basal': 42, 'Her2': 44, 'LumA': 140, 'LumB': 95}",4,False,0.910958904109589,0.875,0.95,0.837696335078534,0.8333333333333334,0.8421052631578947,0.7341772151898734,0.8285714285714286,0.6590909090909091,0.95,1.0,0.9047619047619048,8217066
classification,RFECA_SVR(k=5),EnsembleSoft,0.2,9,1,0.864929564652356,0.8637218045112782,1286,322,"{'Basal': 167, 'Her2': 179, 'LumA': 560, 'LumB': 380}","{'Basal': 42, 'Her2': 45, 'LumA': 140, 'LumB': 95}",4,False,0.8970588235294118,0.9242424242424242,0.8714285714285714,0.8756218905472637,0.8301886792452831,0.9263157894736842,0.8089887640449438,0.8181818181818182,0.8,0.8780487804878049,0.9,0.8571428571428571,9217069
classification,RFECA_SVR(k=5),EnsembleSoft,0.2,9,2,0.8979626734644057,0.8880116959064328,1286,322,"{'Basal': 167, 'Her2': 179, 'LumA': 560, 'LumB': 380}","{'Basal': 42, 'Her2': 45, 'LumA': 140, 'LumB': 95}",4,False,0.9484536082474226,0.9139072847682119,0.9857142857142858,0.8961748633879781,0.9318181818181818,0.8631578947368421,0.8222222222222222,0.8222222222222222,0.8222222222222222,0.925,0.9736842105263158,0.8809523809523809,9217069
classification,RFECA_SVR(k=5),EnsembleSoft,0.2,9,3,0.8586255960072777,0.8510025062656641,1286,322,"{'Basal': 167, 'Her2': 179, 'LumA': 560, 'LumB': 380}","{'Basal': 42, 'Her2': 45, 'LumA': 140, 'LumB': 95}",4,False,0.896797153024911,0.8936170212765957,0.9,0.8247422680412371,0.8080808080808081,0.8421052631578947,0.75,0.7674418604651163,0.7333333333333333,0.9629629629629629,1.0,0.9285714285714286,9217069
classification,RFECA_SVR(k=5),EnsembleSoft,0.2,9,4,0.8836519611267668,0.8738031562646453,1287,321,"{'Basal': 168, 'Her2': 179, 'LumA': 560, 'LumB': 380}","{'Basal': 41, 'Her2': 45, 'LumA': 140, 'LumB': 95}",4,False,0.9148936170212766,0.9084507042253521,0.9214285714285714,0.8923076923076924,0.87,0.9157894736842105,0.7906976744186046,0.8292682926829268,0.7555555555555555,0.9367088607594937,0.9736842105263158,0.9024390243902439,9217069
classification,RFECA_SVR(k=5),EnsembleSoft,0.2,9,5,0.8552376046842455,0.8370357712462976,1287,321,"{'Basal': 167, 'Her2': 180, 'LumA': 560, 'LumB': 380}","{'Basal': 42, 'Her2': 44, 'LumA': 140, 'LumB': 95}",4,False,0.9241379310344827,0.8933333333333333,0.9571428571428572,0.8601036269430051,0.8469387755102041,0.8736842105263158,0.7,0.7777777777777778,0.6363636363636364,0.9367088607594937,1.0,0.8809523809523809,9217069
classification,RFECA_SVR(k=10),EnsembleSoft,0.2,9,1,0.8686496111449994,0.8655075187969925,1286,322,"{'Basal': 167, 'Her2': 179, 'LumA': 560, 'LumB': 380}","{'Basal': 42, 'Her2': 45, 'LumA': 140, 'LumB': 95}",4,False,0.9010989010989011,0.924812030075188,0.8785714285714286,0.8756218905472637,0.8301886792452831,0.9263157894736842,0.8089887640449438,0.8181818181818182,0.8,0.8888888888888888,0.9230769230769231,0.8571428571428571,9217069
classification,RFECA_SVR(k=10),EnsembleSoft,0.2,9,2,0.8981933117356683,0.8864766081871345,1286,322,"{'Basal': 167, 'Her2': 179, 'LumA': 560, 'LumB': 380}","{'Basal': 42, 'Her2': 45, 'LumA': 140, 'LumB': 95}",4,False,0.952054794520548,0.9144736842105263,0.9928571428571429,0.907103825136612,0.9431818181818182,0.8736842105263158,0.8222222222222222,0.8222222222222222,0.8222222222222222,0.9113924050632911,0.972972972972973,0.8571428571428571,9217069
classification,RFECA_SVR(k=10),EnsembleSoft,0.2,9,3,0.8505200003439439,0.8433583959899749,1286,322,"{'Basal': 167, 'Her2': 179, 'LumA': 560, 'LumB': 380}","{'Basal': 42, 'Her2': 45, 'LumA': 140, 'LumB': 95}",4,False,0.9014084507042254,0.8888888888888888,0.9142857142857143,0.8253968253968254,0.8297872340425532,0.8210526315789474,0.7252747252747253,0.717391304347826,0.7333333333333333,0.95,1.0,0.9047619047619048,9217069
classification,RFECA_SVR(k=10),EnsembleSoft,0.2,9,4,0.8852657651626723,0.8799007172402551,1287,321,"{'Basal': 168, 'Her2': 179, 'LumA': 560, 'LumB': 380}","{'Basal': 41, 'Her2': 45, 'LumA': 140, 'LumB': 95}",4,False,0.9214285714285714,0.9214285714285714,0.9214285714285714,0.8969072164948454,0.8787878787878788,0.9157894736842105,0.7727272727272727,0.7906976744186046,0.7555555555555555,0.95,0.9743589743589743,0.926829268292683,9217069
classification,RFECA_SVR(k=10),EnsembleSoft,0.2,9,5,0.8636679478778587,0.8427175894281158,1287,321,"{'Basal': 167, 'Her2': 180, 'LumA': 560, 'LumB': 380}","{'Basal': 42, 'Her2': 44, 'LumA': 140, 'LumB': 95}",4,False,0.9146757679180887,0.8758169934640523,0.9571428571428572,0.8691099476439791,0.8645833333333334,0.8736842105263158,0.7341772151898734,0.8285714285714286,0.6590909090909091,0.9367088607594937,1.0,0.8809523809523809,9217069
classification,RFECA_SVR(k=20),EnsembleSoft,0.2,9,1,0.8627551789767981,0.8602443609022556,1286,322,"{'Basal': 167, 'Her2': 179, 'LumA': 560, 'LumB': 380}","{'Basal': 42, 'Her2': 45, 'LumA': 140, 'LumB': 95}",4,False,0.8978102189781022,0.917910447761194,0.8785714285714286,0.864321608040201,0.8269230769230769,0.9052631578947369,0.8,0.8,0.8,0.8888888888888888,0.9230769230769231,0.8571428571428571,9217069
classification,RFECA_SVR(k=20),EnsembleSoft,0.2,9,2,0.9015719119524507,0.8891081871345029,1286,322,"{'Basal': 167, 'Her2': 179, 'LumA': 560, 'LumB': 380}","{'Basal': 42, 'Her2': 45, 'LumA': 140, 'LumB': 95}",4,False,0.9553264604810997,0.9205298013245033,0.9928571428571429,0.9081081081081082,0.9333333333333333,0.8842105263157894,0.8314606741573034,0.8409090909090909,0.8222222222222222,0.9113924050632911,0.972972972972973,0.8571428571428571,9217069
classification,RFECA_SVR(k=20),EnsembleSoft,0.2,9,3,0.8493204940108418,0.8431077694235588,1286,322,"{'Basal': 167, 'Her2': 179, 'LumA': 560, 'LumB': 380}","{'Basal': 42, 'Her2': 45, 'LumA': 140, 'LumB': 95}",4,False,0.8904593639575972,0.8811188811188811,0.9,0.8105263157894737,0.8105263157894737,0.8105263157894737,0.7333333333333333,0.7333333333333333,0.7333333333333333,0.9629629629629629,1.0,0.9285714285714286,9217069
classification,RFECA_SVR(k=20),EnsembleSoft,0.2,9,4,0.8889004673487433,0.8825322961876234,1287,321,"{'Basal': 168, 'Her2': 179, 'LumA': 560, 'LumB': 380}","{'Basal': 41, 'Her2': 45, 'LumA': 140, 'LumB': 95}",4,False,0.9214285714285714,0.9214285714285714,0.9214285714285714,0.9025641025641026,0.88,0.9263157894736842,0.7816091954022989,0.8095238095238095,0.7555555555555555,0.95,0.9743589743589743,0.926829268292683,9217069
classification,RFECA_SVR(k=20),EnsembleSoft,0.2,9,5,0.8707767683599625,0.8514496468443837,1287,321,"{'Basal': 167, 'Her2': 180, 'LumA': 560, 'LumB': 380}","{'Basal': 42, 'Her2': 44, 'LumA': 140, 'LumB': 95}",4,False,0.9178082191780822,0.881578947368421,0.9571428571428572,0.8631578947368421,0.8631578947368421,0.8631578947368421,0.7654320987654321,0.8378378378378378,0.7045454545454546,0.9367088607594937,1.0,0.8809523809523809,9217069
classification,RFECA_SVR(k=5),EnsembleSoft,0.3,0,1,0.8503516624040921,0.8494778613199666,1286,322,"{'Basal': 167, 'Her2': 179, 'LumA': 560, 'LumB': 380}","{'Basal': 42, 'Her2': 45, 'LumA': 140, 'LumB': 95}",4,False,0.8970588235294118,0.9242424242424242,0.8714285714285714,0.85,0.8095238095238095,0.8947368421052632,0.8043478260869565,0.7872340425531915,0.8222222222222222,0.85,0.8947368421052632,0.8095238095238095,317042
classification,RFECA_SVR(k=5),EnsembleSoft,0.3,0,2,0.8656216649049909,0.8527255639097744,1286,322,"{'Basal': 167, 'Her2': 179, 'LumA': 560, 'LumB': 380}","{'Basal': 42, 'Her2': 45, 'LumA': 140, 'LumB': 95}",4,False,0.9060402684563759,0.8544303797468354,0.9642857142857143,0.847457627118644,0.9146341463414634,0.7894736842105263,0.8089887640449438,0.8181818181818182,0.8,0.9,0.9473684210526315,0.8571428571428571,317042
classification,RFECA_SVR(k=5),EnsembleSoft,0.3,0,3,0.8769961287960953,0.8744569757727652,1286,322,"{'Basal': 167, 'Her2': 179, 'LumA': 560, 'LumB': 380}","{'Basal': 42, 'Her2': 45, 'LumA': 140, 'LumB': 95}",4,False,0.8982456140350877,0.8827586206896552,0.9142857142857143,0.8324324324324325,0.8555555555555555,0.8105263157894737,0.8260869565217391,0.8085106382978723,0.8444444444444444,0.9512195121951219,0.975,0.9285714285714286,317042
classification,RFECA_SVR(k=5),EnsembleSoft,0.3,0,4,0.8737262501618781,0.8673902744666545,1287,321,"{'Basal': 168, 'Her2': 179, 'LumA': 560, 'LumB': 380}","{'Basal': 41, 'Her2': 45, 'LumA': 140, 'LumB': 95}",4,False,0.9257950530035336,0.916083916083916,0.9357142857142857,0.8691099476439791,0.8645833333333334,0.8736842105263158,0.75,0.7674418604651163,0.7333333333333333,0.95,0.9743589743589743,0.926829268292683,317042
classification,RFECA_SVR(k=5),EnsembleSoft,0.3,0,5,0.8457115543339726,0.8208703577124631,1287,321,"{'Basal': 167, 'Her2': 180, 'LumA': 560, 'LumB': 380}","{'Basal': 42, 'Her2': 44, 'LumA': 140, 'LumB': 95}",4,False,0.9072164948453608,0.8741721854304636,0.9428571428571428,0.8629441624365483,0.8333333333333334,0.8947368421052632,0.717948717948718,0.8235294117647058,0.6363636363636364,0.8947368421052632,1.0,0.8095238095238095,317042
classification,RFECA_SVR(k=10),EnsembleSoft,0.3,0,1,0.8735565791256374,0.8697263993316624,1286,322,"{'Basal': 167, 'Her2': 179, 'LumA': 560, 'LumB': 380}","{'Basal': 42, 'Her2': 45, 'LumA': 140, 'LumB': 95}",4,False,0.8996282527881041,0.937984496124031,0.8642857142857143,0.8640776699029126,0.8018018018018018,0.9368421052631579,0.8444444444444444,0.8444444444444444,0.8444444444444444,0.8860759493670886,0.9459459459459459,0.8333333333333334,317042
classification,RFECA_SVR(k=10),EnsembleSoft,0.3,0,2,0.8767664217804667,0.8633458646616541,1286,322,"{'Basal': 167, 'Her2': 179, 'LumA': 560, 'LumB': 380}","{'Basal': 42, 'Her2': 45, 'LumA': 140, 'LumB': 95}",4,False,0.9230769230769231,0.8679245283018868,0.9857142857142858,0.875,0.9506172839506173,0.8105263157894737,0.8089887640449438,0.8181818181818182,0.8,0.9,0.9473684210526315,0.8571428571428571,317042
classification,RFECA_SVR(k=10),EnsembleSoft,0.3,0,3,0.8810154793015185,0.879563492063492,1286,322,"{'Basal': 167, 'Her2': 179, 'LumA': 560, 'LumB': 380}","{'Basal': 42, 'Her2': 45, 'LumA': 140, 'LumB': 95}",4,False,0.8989547038327527,0.8775510204081632,0.9214285714285714,0.8351648351648352,0.8735632183908046,0.8,0.8260869565217391,0.8085106382978723,0.8444444444444444,0.963855421686747,0.975609756097561,0.9523809523809523,317042
classification,RFECA_SVR(k=10),EnsembleSoft,0.3,0,4,0.8769052941168217,0.8721114269413371,1287,321,"{'Basal': 168, 'Her2': 179, 'LumA': 560, 'LumB': 380}","{'Basal': 41, 'Her2': 45, 'LumA': 140, 'LumB': 95}",4,False,0.9390681003584229,0.9424460431654677,0.9357142857142857,0.8762886597938144,0.8585858585858586,0.8947368421052632,0.7555555555555555,0.7555555555555555,0.7555555555555555,0.9367088607594937,0.9736842105263158,0.9024390243902439,317042
classification,RFECA_SVR(k=10),EnsembleSoft,0.3,0,5,0.8468530002287341,0.8215595807701072,1287,321,"{'Basal': 167, 'Her2': 180, 'LumA': 560, 'LumB': 380}","{'Basal': 42, 'Her2': 44, 'LumA': 140, 'LumB': 95}",4,False,0.9041095890410958,0.868421052631579,0.9428571428571428,0.8469387755102041,0.8217821782178217,0.8736842105263158,0.7272727272727273,0.8484848484848485,0.6363636363636364,0.9090909090909091,1.0,0.8333333333333334,317042
classification,RFECA_SVR(k=20),EnsembleSoft,0.3,0,1,0.8636316771227257,0.8602965747702589,1286,322,"{'Basal': 167, 'Her2': 179, 'LumA': 560, 'LumB': 380}","{'Basal': 42, 'Her2': 45, 'LumA': 140, 'LumB': 95}",4,False,0.9037037037037037,0.9384615384615385,0.8714285714285714,0.8529411764705882,0.7981651376146789,0.9157894736842105,0.8260869565217391,0.8085106382978723,0.8444444444444444,0.8717948717948718,0.9444444444444444,0.8095238095238095,317042
classification,RFECA_SVR(k=20),EnsembleSoft,0.3,0,2,0.8709397664834725,0.8597744360902255,1286,322,"{'Basal': 167, 'Her2': 179, 'LumA': 560, 'LumB': 380}","{'Basal': 42, 'Her2': 45, 'LumA': 140, 'LumB': 95}",4,False,0.9158249158249159,0.8662420382165605,0.9714285714285714,0.8700564971751412,0.9390243902439024,0.8105263157894737,0.8089887640449438,0.8181818181818182,0.8,0.8888888888888888,0.9230769230769231,0.8571428571428571,317042
classification,RFECA_SVR(k=20),EnsembleSoft,0.3,0,3,0.8737927662818012,0.8740601503759398,1286,322,"{'Basal': 167, 'Her2': 179, 'LumA': 560, 'LumB': 380}","{'Basal': 42, 'Her2': 45, 'LumA': 140, 'LumB': 95}",4,False,0.8982456140350877,0.8827586206896552,0.9142857142857143,0.8461538461538461,0.8850574712643678,0.8105263157894737,0.8125,0.7647058823529411,0.8666666666666667,0.9382716049382716,0.9743589743589743,0.9047619047619048,317042
classification,RFECA_SVR(k=20),EnsembleSoft,0.3,0,4,0.8867198602760848,0.8826262811500296,1287,321,"{'Basal': 168, 'Her2': 179, 'LumA': 560, 'LumB': 380}","{'Basal': 41, 'Her2': 45, 'LumA': 140, 'LumB': 95}",4,False,0.946236559139785,0.9496402877697842,0.9428571428571428,0.8865979381443299,0.8686868686868687,0.9052631578947369,0.7640449438202247,0.7727272727272727,0.7555555555555555,0.95,0.9743589743589743,0.926829268292683,317042
classification,RFECA_SVR(k=20),EnsembleSoft,0.3,0,5,0.8384274047013369,0.8132461836409205,1287,321,"{'Basal': 167, 'Her2': 180, 'LumA': 560, 'LumB': 380}","{'Basal': 42, 'Her2': 44, 'LumA': 140, 'LumB': 95}",4,False,0.8979591836734694,0.8571428571428571,0.9428571428571428,0.845360824742268,0.8282828282828283,0.8631578947368421,0.7012987012987013,0.8181818181818182,0.6136363636363636,0.9090909090909091,1.0,0.8333333333333334,317042
classification,RFECA_SVR(k=5),EnsembleSoft,0.3,1,1,0.8442328280559759,0.847639933166249,1286,322,"{'Basal': 167, 'Her2': 179, 'LumA': 560, 'LumB': 380}","{'Basal': 42, 'Her2': 45, 'LumA': 140, 'LumB': 95}",4,False,0.8970588235294118,0.9242424242424242,0.8714285714285714,0.8571428571428571,0.8316831683168316,0.8842105263157894,0.7446808510638298,0.7142857142857143,0.7777777777777778,0.8780487804878049,0.9,0.8571428571428571,1317045
classification,RFECA_SVR(k=5),EnsembleSoft,0.3,1,2,0.8725498545724655,0.8604741019214702,1286,322,"{'Basal': 167, 'Her2': 179, 'LumA': 560, 'LumB': 380}","{'Basal': 42, 'Her2': 45, 'LumA': 140, 'LumB': 95}",4,False,0.910958904109589,0.875,0.95,0.8540540540540541,0.8777777777777778,0.8315789473684211,0.8095238095238095,0.8717948717948718,0.7555555555555555,0.9156626506024096,0.926829268292683,0.9047619047619048,1317045
classification,RFECA_SVR(k=5),EnsembleSoft,0.3,1,3,0.8586864503394092,0.8529344193817877,1286,322,"{'Basal': 167, 'Her2': 179, 'LumA': 560, 'LumB': 380}","{'Basal': 42, 'Her2': 45, 'LumA': 140, 'LumB': 95}",4,False,0.9084507042253521,0.8958333333333334,0.9214285714285714,0.8404255319148937,0.8494623655913979,0.8315789473684211,0.7608695652173914,0.7446808510638298,0.7777777777777778,0.925,0.9736842105263158,0.8809523809523809,1317045
classification,RFECA_SVR(k=5),EnsembleSoft,0.3,1,4,0.8488241067054074,0.8451168571836094,1287,321,"{'Basal': 168, 'Her2': 179, 'LumA': 560, 'LumB': 380}","{'Basal': 41, 'Her2': 45, 'LumA': 140, 'LumB': 95}",4,False,0.9045936395759717,0.8951048951048951,0.9142857142857143,0.8526315789473684,0.8526315789473684,0.8526315789473684,0.735632183908046,0.7619047619047619,0.7111111111111111,0.9024390243902439,0.9024390243902439,0.9024390243902439,1317045
classification,RFECA_SVR(k=5),EnsembleSoft,0.3,1,5,0.8268091889015802,0.7970380496696285,1287,321,"{'Basal': 167, 'Her2': 180, 'LumA': 560, 'LumB': 380}","{'Basal': 42, 'Her2': 44, 'LumA': 140, 'LumB': 95}",4,False,0.882943143812709,0.8301886792452831,0.9428571428571428,0.8125,0.8041237113402062,0.8210526315789474,0.7027027027027027,0.8666666666666667,0.5909090909090909,0.9090909090909091,1.0,0.8333333333333334,1317045
classification,RFECA_SVR(k=10),EnsembleSoft,0.3,1,1,0.8637585380719517,0.870655806182122,1286,322,"{'Basal': 167, 'Her2': 179, 'LumA': 560, 'LumB': 380}","{'Basal': 42, 'Her2': 45, 'LumA': 140, 'LumB': 95}",4,False,0.8970588235294118,0.9242424242424242,0.8714285714285714,0.865979381443299,0.8484848484848485,0.8842105263157894,0.7872340425531915,0.7551020408163265,0.8222222222222222,0.9047619047619048,0.9047619047619048,0.9047619047619048,1317045
classification,RFECA_SVR(k=10),EnsembleSoft,0.3,1,2,0.8618257771453527,0.850501253132832,1286,322,"{'Basal': 167, 'Her2': 179, 'LumA': 560, 'LumB': 380}","{'Basal': 42, 'Her2': 45, 'LumA': 140, 'LumB': 95}",4,False,0.9072164948453608,0.8741721854304636,0.9428571428571428,0.8387096774193549,0.8571428571428571,0.8210526315789474,0.7857142857142857,0.8461538461538461,0.7333333333333333,0.9156626506024096,0.926829268292683,0.9047619047619048,1317045
classification,RFECA_SVR(k=10),EnsembleSoft,0.3,1,3,0.8585631789348258,0.8541771094402673,1286,322,"{'Basal': 167, 'Her2': 179, 'LumA': 560, 'LumB': 380}","{'Basal': 42, 'Her2': 45, 'LumA': 140, 'LumB': 95}",4,False,0.9110320284697508,0.9078014184397163,0.9142857142857143,0.837696335078534,0.8333333333333334,0.8421052631578947,0.7472527472527473,0.7391304347826086,0.7555555555555555,0.9382716049382716,0.9743589743589743,0.9047619047619048,1317045
classification,RFECA_SVR(k=10),EnsembleSoft,0.3,1,4,0.8502563180146832,0.8465047272653178,1287,321,"{'Basal': 168, 'Her2': 179, 'LumA': 560, 'LumB': 380}","{'Basal': 41, 'Her2': 45, 'LumA': 140, 'LumB': 95}",4,False,0.9039145907473309,0.900709219858156,0.9071428571428571,0.845360824742268,0.8282828282828283,0.8631578947368421,0.7469879518072289,0.8157894736842105,0.6888888888888889,0.9047619047619048,0.8837209302325582,0.926829268292683,1317045
classification,RFECA_SVR(k=10),EnsembleSoft,0.3,1,5,0.8315889103243396,0.8042350193665984,1287,321,"{'Basal': 167, 'Her2': 180, 'LumA': 560, 'LumB': 380}","{'Basal': 42, 'Her2': 44, 'LumA': 140, 'LumB': 95}",4,False,0.8926174496644296,0.8417721518987342,0.95,0.8210526315789474,0.8210526315789474,0.8210526315789474,0.717948717948718,0.8235294117647058,0.6363636363636364,0.8947368421052632,1.0,0.8095238095238095,1317045
classification,RFECA_SVR(k=20),EnsembleSoft,0.3,1,1,0.8476177231576052,0.8522556390977444,1286,322,"{'Basal': 167, 'Her2': 179, 'LumA': 560, 'LumB': 380}","{'Basal': 42, 'Her2': 45, 'LumA': 140, 'LumB': 95}",4,False,0.8921933085501859,0.9302325581395349,0.8571428571428571,0.8542713567839196,0.8173076923076923,0.8947368421052632,0.7659574468085106,0.7346938775510204,0.8,0.8780487804878049,0.9,0.8571428571428571,1317045
classification,RFECA_SVR(k=20),EnsembleSoft,0.3,1,2,0.8811135395287004,0.8716896407685881,1286,322,"{'Basal': 167, 'Her2': 179, 'LumA': 560, 'LumB': 380}","{'Basal': 42, 'Her2': 45, 'LumA': 140, 'LumB': 95}",4,False,0.9172413793103448,0.8866666666666667,0.95,0.8709677419354839,0.8901098901098901,0.8526315789473684,0.8292682926829268,0.918918918918919,0.7555555555555555,0.9069767441860465,0.8863636363636364,0.9285714285714286,1317045
classification,RFECA_SVR(k=20),EnsembleSoft,0.3,1,3,0.8713502392187593,0.866530910609858,1286,322,"{'Basal': 167, 'Her2': 179, 'LumA': 560, 'LumB': 380}","{'Basal': 42, 'Her2': 45, 'LumA': 140, 'LumB': 95}",4,False,0.9039145907473309,0.900709219858156,0.9071428571428571,0.84375,0.8350515463917526,0.8526315789473684,0.7865168539325843,0.7954545454545454,0.7777777777777778,0.9512195121951219,0.975,0.9285714285714286,1317045
classification,RFECA_SVR(k=20),EnsembleSoft,0.3,1,4,0.8535533512823823,0.8514128308576319,1287,321,"{'Basal': 168, 'Her2': 179, 'LumA': 560, 'LumB': 380}","{'Basal': 41, 'Her2': 45, 'LumA': 140, 'LumB': 95}",4,False,0.8960573476702509,0.8992805755395683,0.8928571428571429,0.8350515463917526,0.8181818181818182,0.8526315789473684,0.7674418604651163,0.8048780487804879,0.7333333333333333,0.9156626506024096,0.9047619047619048,0.926829268292683,1317045
classification,RFECA_SVR(k=20),EnsembleSoft,0.3,1,5,0.8105260502325771,0.785551948051948,1287,321,"{'Basal': 167, 'Her2': 180, 'LumA': 560, 'LumB': 380}","{'Basal': 42, 'Her2': 44, 'LumA': 140, 'LumB': 95}",4,False,0.8859060402684564,0.8354430379746836,0.9428571428571428,0.8042328042328042,0.8085106382978723,0.8,0.6835443037974683,0.7714285714285715,0.6136363636363636,0.868421052631579,0.9705882352941176,0.7857142857142857,1317045
classification,RFECA_SVR(k=5),EnsembleSoft,0.3,2,1,0.8650764643149064,0.8618212197159565,1286,322,"{'Basal': 167, 'Her2': 179, 'LumA': 560, 'LumB': 380}","{'Basal': 42, 'Her2': 45, 'LumA': 140, 'LumB': 95}",4,False,0.8920863309352518,0.8985507246376812,0.8857142857142857,0.845360824742268,0.8282828282828283,0.8631578947368421,0.851063829787234,0.8163265306122449,0.8888888888888888,0.8717948717948718,0.9444444444444444,0.8095238095238095,2317048
classification,RFECA_SVR(k=5),EnsembleSoft,0.3,2,2,0.8807362401847849,0.8688178780284043,1286,322,"{'Basal': 167, 'Her2': 179, 'LumA': 560, 'LumB': 380}","{'Basal': 42, 'Her2': 45, 'LumA': 140, 'LumB': 95}",4,False,0.9103448275862069,0.88,0.9428571428571428,0.8877005347593583,0.9021739130434783,0.8736842105263158,0.8333333333333334,0.8974358974358975,0.7777777777777778,0.891566265060241,0.9024390243902439,0.8809523809523809,2317048
classification,RFECA_SVR(k=5),EnsembleSoft,0.3,2,3,0.8464832904758698,0.8423558897243106,1286,322,"{'Basal': 167, 'Her2': 179, 'LumA': 560, 'LumB': 380}","{'Basal': 42, 'Her2': 45, 'LumA': 140, 'LumB': 95}",4,False,0.8996539792387543,0.87248322147651,0.9285714285714286,0.8131868131868132,0.8505747126436781,0.7789473684210526,0.7333333333333333,0.7333333333333333,0.7333333333333333,0.9397590361445783,0.9512195121951219,0.9285714285714286,2317048
classification,RFECA_SVR(k=5),EnsembleSoft,0.3,2,4,0.8650483489411074,0.8599550196629786,1287,321,"{'Basal': 168, 'Her2': 179, 'LumA': 560, 'LumB': 380}","{'Basal': 41, 'Her2': 45, 'LumA': 140, 'LumB': 95}",4,False,0.9202898550724637,0.9338235294117647,0.9071428571428571,0.8542713567839196,0.8173076923076923,0.8947368421052632,0.735632183908046,0.7619047619047619,0.7111111111111111,0.95,0.9743589743589743,0.926829268292683,2317048
classification,RFECA_SVR(k=5),EnsembleSoft,0.3,2,5,0.8396455303723473,0.8205770107085897,1287,321,"{'Basal': 167, 'Her2': 180, 'LumA': 560, 'LumB': 380}","{'Basal': 42, 'Her2': 44, 'LumA': 140, 'LumB': 95}",4,False,0.8979591836734694,0.8571428571428571,0.9428571428571428,0.8210526315789474,0.8210526315789474,0.8210526315789474,0.7012987012987013,0.8181818181818182,0.6136363636363636,0.9382716049382716,0.9743589743589743,0.9047619047619048,2317048
classification,RFECA_SVR(k=10),EnsembleSoft,0.3,2,1,0.8553576450860713,0.8529448621553885,1286,322,"{'Basal': 167, 'Her2': 179, 'LumA': 560, 'LumB': 380}","{'Basal': 42, 'Her2': 45, 'LumA': 140, 'LumB': 95}",4,False,0.8985507246376812,0.9117647058823529,0.8857142857142857,0.8469387755102041,0.8217821782178217,0.8736842105263158,0.8297872340425532,0.7959183673469388,0.8666666666666667,0.8461538461538461,0.9166666666666666,0.7857142857142857,2317048
classification,RFECA_SVR(k=10),EnsembleSoft,0.3,2,2,0.8856148535777606,0.8750208855472014,1286,322,"{'Basal': 167, 'Her2': 179, 'LumA': 560, 'LumB': 380}","{'Basal': 42, 'Her2': 45, 'LumA': 140, 'LumB': 95}",4,False,0.9241379310344827,0.8933333333333333,0.9571428571428572,0.9032258064516129,0.9230769230769231,0.8842105263157894,0.8235294117647058,0.875,0.7777777777777778,0.891566265060241,0.9024390243902439,0.8809523809523809,2317048
classification,RFECA_SVR(k=10),EnsembleSoft,0.3,2,3,0.8342341072309326,0.831735588972431,1286,322,"{'Basal': 167, 'Her2': 179, 'LumA': 560, 'LumB': 380}","{'Basal': 42, 'Her2': 45, 'LumA': 140, 'LumB': 95}",4,False,0.8850174216027874,0.8639455782312925,0.9071428571428571,0.7868852459016393,0.8181818181818182,0.7578947368421053,0.7252747252747253,0.717391304347826,0.7333333333333333,0.9397590361445783,0.9512195121951219,0.9285714285714286,2317048
classification,RFECA_SVR(k=10),EnsembleSoft,0.3,2,4,0.8590186144872884,0.8575730484748456,1287,321,"{'Basal': 168, 'Her2': 179, 'LumA': 560, 'LumB': 380}","{'Basal': 41, 'Her2': 45, 'LumA': 140, 'LumB': 95}",4,False,0.9202898550724637,0.9338235294117647,0.9071428571428571,0.864321608040201,0.8269230769230769,0.9052631578947369,0.7228915662650602,0.7894736842105263,0.6666666666666666,0.9285714285714286,0.9069767441860465,0.9512195121951219,2317048
classification,RFECA_SVR(k=10),EnsembleSoft,0.3,2,5,0.848125764881084,0.8271986785144679,1287,321,"{'Basal': 167, 'Her2': 180, 'LumA': 560, 'LumB': 380}","{'Basal': 42, 'Her2': 44, 'LumA': 140, 'LumB': 95}",4,False,0.9054054054054054,0.8589743589743589,0.9571428571428572,0.8191489361702128,0.8279569892473119,0.8105263157894737,0.717948717948718,0.8235294117647058,0.6363636363636364,0.95,1.0,0.9047619047619048,2317048
classification,RFECA_SVR(k=20),EnsembleSoft,0.3,2,1,0.8531550765771894,0.8518483709273182,1286,322,"{'Basal': 167, 'Her2': 179, 'LumA': 560, 'LumB': 380}","{'Basal': 42, 'Her2': 45, 'LumA': 140, 'LumB': 95}",4,False,0.8913043478260869,0.9044117647058824,0.8785714285714286,0.8307692307692308,0.81,0.8526315789473684,0.8297872340425532,0.7959183673469388,0.8666666666666667,0.8607594936708861,0.918918918918919,0.8095238095238095,2317048
classification,RFECA_SVR(k=20),EnsembleSoft,0.3,2,2,0.8749132261876665,0.8611737677527151,1286,322,"{'Basal': 167, 'Her2': 179, 'LumA': 560, 'LumB': 380}","{'Basal': 42, 'Her2': 45, 'LumA': 140, 'LumB': 95}",4,False,0.9115646258503401,0.8701298701298701,0.9571428571428572,0.8852459016393442,0.9204545454545454,0.8526315789473684,0.813953488372093,0.8536585365853658,0.7777777777777778,0.8888888888888888,0.9230769230769231,0.8571428571428571,2317048
classification,RFECA_SVR(k=20),EnsembleSoft,0.3,2,3,0.8364783699928626,0.8302005012531328,1286,322,"{'Basal': 167, 'Her2': 179, 'LumA': 560, 'LumB': 380}","{'Basal': 42, 'Her2': 45, 'LumA': 140, 'LumB': 95}",4,False,0.8888888888888888,0.8648648648648649,0.9142857142857143,0.7934782608695652,0.8202247191011236,0.7684210526315789,0.7252747252747253,0.717391304347826,0.7333333333333333,0.9382716049382716,0.9743589743589743,0.9047619047619048,2317048
classification,RFECA_SVR(k=20),EnsembleSoft,0.3,2,4,0.8599845732445535,0.8543994641074231,1287,321,"{'Basal': 168, 'Her2': 179, 'LumA': 560, 'LumB': 380}","{'Basal': 41, 'Her2': 45, 'LumA': 140, 'LumB': 95}",4,False,0.9136690647482014,0.9202898550724637,0.9071428571428571,0.8585858585858586,0.8252427184466019,0.8947368421052632,0.7294117647058823,0.775,0.6888888888888889,0.9382716049382716,0.95,0.926829268292683,2317048
classification,RFECA_SVR(k=20),EnsembleSoft,0.3,2,5,0.8592263129027835,0.8372977899293689,1287,321,"{'Basal': 167, 'Her2': 180, 'LumA': 560, 'LumB': 380}","{'Basal': 42, 'Her2': 44, 'LumA': 140, 'LumB': 95}",4,False,0.9090909090909091,0.8598726114649682,0.9642857142857143,0.8342245989304813,0.8478260869565217,0.8210526315789474,0.7435897435897436,0.8529411764705882,0.6590909090909091,0.95,1.0,0.9047619047619048,2317048
classification,RFECA_SVR(k=5),EnsembleSoft,0.3,3,1,0.8349577323261533,0.8338450292397661,1286,322,"{'Basal': 167, 'Her2': 179, 'LumA': 560, 'LumB': 380}","{'Basal': 42, 'Her2': 45, 'LumA': 140, 'LumB': 95}",4,False,0.8864468864468864,0.9097744360902256,0.8642857142857143,0.8282828282828283,0.7961165048543689,0.8631578947368421,0.7789473684210526,0.74,0.8222222222222222,0.8461538461538461,0.9166666666666666,0.7857142857142857,3317051
classification,RFECA_SVR(k=5),EnsembleSoft,0.3,3,2,0.874413295835551,0.866969507101086,1286,322,"{'Basal': 167, 'Her2': 179, 'LumA': 560, 'LumB': 380}","{'Basal': 42, 'Her2': 45, 'LumA': 140, 'LumB': 95}",4,False,0.9246575342465754,0.8881578947368421,0.9642857142857143,0.861878453038674,0.9069767441860465,0.8210526315789474,0.7954545454545454,0.813953488372093,0.7777777777777778,0.9156626506024096,0.926829268292683,0.9047619047619048,3317051
classification,RFECA_SVR(k=5),EnsembleSoft,0.3,3,3,0.8517851736564284,0.8425229741019215,1286,322,"{'Basal': 167, 'Her2': 179, 'LumA': 560, 'LumB': 380}","{'Basal': 42, 'Her2': 45, 'LumA': 140, 'LumB': 95}",4,False,0.8811188811188811,0.863013698630137,0.9,0.8481675392670157,0.84375,0.8526315789473684,0.7380952380952381,0.7948717948717948,0.6888888888888889,0.9397590361445783,0.9512195121951219,0.9285714285714286,3317051
classification,RFECA_SVR(k=5),EnsembleSoft,0.3,3,4,0.8681741907254532,0.8612499235894615,1287,321,"{'Basal': 168, 'Her2': 179, 'LumA': 560, 'LumB': 380}","{'Basal': 41, 'Her2': 45, 'LumA': 140, 'LumB': 95}",4,False,0.9323843416370107,0.9290780141843972,0.9357142857142857,0.8877551020408163,0.8613861386138614,0.9157894736842105,0.7142857142857143,0.7692307692307693,0.6666666666666666,0.9382716049382716,0.95,0.926829268292683,3317051
classification,RFECA_SVR(k=5),EnsembleSoft,0.3,3,5,0.8626444311588599,0.8477842333105491,1287,321,"{'Basal': 167, 'Her2': 180, 'LumA': 560, 'LumB': 380}","{'Basal': 42, 'Her2': 44, 'LumA': 140, 'LumB': 95}",4,False,0.911660777385159,0.9020979020979021,0.9214285714285714,0.8484848484848485,0.8155339805825242,0.8842105263157894,0.7654320987654321,0.8378378378378378,0.7045454545454546,0.925,0.9736842105263158,0.8809523809523809,3317051
classification,RFECA_SVR(k=10),EnsembleSoft,0.3,3,1,0.8513666810192531,0.8501670843776107,1286,322,"{'Basal': 167, 'Her2': 179, 'LumA': 560, 'LumB': 380}","{'Basal': 42, 'Her2': 45, 'LumA': 140, 'LumB': 95}",4,False,0.8937728937728938,0.9172932330827067,0.8714285714285714,0.8383838383838383,0.8058252427184466,0.8736842105263158,0.7872340425531915,0.7551020408163265,0.8222222222222222,0.8860759493670886,0.9459459459459459,0.8333333333333334,3317051
classification,RFECA_SVR(k=10),EnsembleSoft,0.3,3,2,0.8645740521987391,0.8583855472013366,1286,322,"{'Basal': 167, 'Her2': 179, 'LumA': 560, 'LumB': 380}","{'Basal': 42, 'Her2': 45, 'LumA': 140, 'LumB': 95}",4,False,0.9246575342465754,0.8881578947368421,0.9642857142857143,0.8555555555555555,0.9058823529411765,0.8105263157894737,0.7865168539325843,0.7954545454545454,0.7777777777777778,0.891566265060241,0.9024390243902439,0.8809523809523809,3317051
classification,RFECA_SVR(k=10),EnsembleSoft,0.3,3,3,0.857484872803794,0.8518483709273182,1286,322,"{'Basal': 167, 'Her2': 179, 'LumA': 560, 'LumB': 380}","{'Basal': 42, 'Her2': 45, 'LumA': 140, 'LumB': 95}",4,False,0.8833922261484098,0.8741258741258742,0.8928571428571429,0.8481675392670157,0.84375,0.8526315789473684,0.7586206896551724,0.7857142857142857,0.7333333333333333,0.9397590361445783,0.9512195121951219,0.9285714285714286,3317051
classification,RFECA_SVR(k=10),EnsembleSoft,0.3,3,4,0.8677821941990026,0.8629416529127698,1287,321,"{'Basal': 168, 'Her2': 179, 'LumA': 560, 'LumB': 380}","{'Basal': 41, 'Her2': 45, 'LumA': 140, 'LumB': 95}",4,False,0.9314079422382672,0.9416058394160584,0.9214285714285714,0.89,0.8476190476190476,0.9368421052631579,0.7228915662650602,0.7894736842105263,0.6666666666666666,0.926829268292683,0.926829268292683,0.926829268292683,3317051
classification,RFECA_SVR(k=10),EnsembleSoft,0.3,3,5,0.8644294514601648,0.8506863750284803,1287,321,"{'Basal': 167, 'Her2': 180, 'LumA': 560, 'LumB': 380}","{'Basal': 42, 'Her2': 44, 'LumA': 140, 'LumB': 95}",4,False,0.9084507042253521,0.8958333333333334,0.9214285714285714,0.8629441624365483,0.8333333333333334,0.8947368421052632,0.759493670886076,0.8571428571428571,0.6818181818181818,0.926829268292683,0.95,0.9047619047619048,3317051
classification,RFECA_SVR(k=20),EnsembleSoft,0.3,3,1,0.8315305403978174,0.8292293233082707,1286,322,"{'Basal': 167, 'Her2': 179, 'LumA': 560, 'LumB': 380}","{'Basal': 42, 'Her2': 45, 'LumA': 140, 'LumB': 95}",4,False,0.8913043478260869,0.9044117647058824,0.8785714285714286,0.8307692307692308,0.81,0.8526315789473684,0.7578947368421053,0.72,0.8,0.8461538461538461,0.9166666666666666,0.7857142857142857,3317051
classification,RFECA_SVR(k=20),EnsembleSoft,0.3,3,2,0.8786713860571016,0.8727756892230576,1286,322,"{'Basal': 167, 'Her2': 179, 'LumA': 560, 'LumB': 380}","{'Basal': 42, 'Her2': 45, 'LumA': 140, 'LumB': 95}",4,False,0.9383561643835616,0.9013157894736842,0.9785714285714285,0.88268156424581,0.9404761904761905,0.8315789473684211,0.7912087912087912,0.782608695652174,0.8,0.9024390243902439,0.925,0.8809523809523809,3317051
classification,RFECA_SVR(k=20),EnsembleSoft,0.3,3,3,0.856851071887174,0.8485275689223057,1286,322,"{'Basal': 167, 'Her2': 179, 'LumA': 560, 'LumB': 380}","{'Basal': 42, 'Her2': 45, 'LumA': 140, 'LumB': 95}",4,False,0.8833922261484098,0.8741258741258742,0.8928571428571429,0.8497409326424871,0.8367346938775511,0.8631578947368421,0.7674418604651163,0.8048780487804879,0.7333333333333333,0.926829268292683,0.95,0.9047619047619048,3317051
classification,RFECA_SVR(k=20),EnsembleSoft,0.3,3,4,0.8661989746952049,0.8592146015445118,1287,321,"{'Basal': 168, 'Her2': 179, 'LumA': 560, 'LumB': 380}","{'Basal': 41, 'Her2': 45, 'LumA': 140, 'LumB': 95}",4,False,0.9219858156028369,0.9154929577464789,0.9285714285714286,0.8762886597938144,0.8585858585858586,0.8947368421052632,0.7529411764705882,0.8,0.7111111111111111,0.9135802469135802,0.925,0.9024390243902439,3317051
classification,RFECA_SVR(k=20),EnsembleSoft,0.3,3,5,0.8476506927202337,0.8346348826611985,1287,321,"{'Basal': 167, 'Her2': 180, 'LumA': 560, 'LumB': 380}","{'Basal': 42, 'Her2': 44, 'LumA': 140, 'LumB': 95}",4,False,0.9078014184397163,0.9014084507042254,0.9142857142857143,0.8442211055276382,0.8076923076923077,0.8842105263157894,0.725,0.8055555555555556,0.6590909090909091,0.9135802469135802,0.9487179487179487,0.8809523809523809,3317051
classification,RFECA_SVR(k=5),EnsembleSoft,0.3,4,1,0.8398122441406024,0.833061821219716,1286,322,"{'Basal': 167, 'Her2': 179, 'LumA': 560, 'LumB': 380}","{'Basal': 42, 'Her2': 45, 'LumA': 140, 'LumB': 95}",4,False,0.9018181818181819,0.9185185185185185,0.8857142857142857,0.8557213930348259,0.8113207547169812,0.9052631578947369,0.7555555555555555,0.7555555555555555,0.7555555555555555,0.8461538461538461,0.9166666666666666,0.7857142857142857,4317054
classification,RFECA_SVR(k=5),EnsembleSoft,0.3,4,2,0.8753298733286419,0.8720760233918129,1286,322,"{'Basal': 167, 'Her2': 179, 'LumA': 560, 'LumB': 380}","{'Basal': 42, 'Her2': 45, 'LumA': 140, 'LumB': 95}",4,False,0.9251700680272109,0.8831168831168831,0.9714285714285714,0.875,0.9506172839506173,0.8105263157894737,0.8045977011494253,0.8333333333333334,0.7777777777777778,0.896551724137931,0.8666666666666667,0.9285714285714286,4317054
classification,RFECA_SVR(k=5),EnsembleSoft,0.3,4,3,0.88818756159587,0.8863199665831245,1286,322,"{'Basal': 167, 'Her2': 179, 'LumA': 560, 'LumB': 380}","{'Basal': 42, 'Her2': 45, 'LumA': 140, 'LumB': 95}",4,False,0.9154929577464789,0.9027777777777778,0.9285714285714286,0.8602150537634409,0.8791208791208791,0.8421052631578947,0.8131868131868132,0.8043478260869565,0.8222222222222222,0.963855421686747,0.975609756097561,0.9523809523809523,4317054
classification,RFECA_SVR(k=5),EnsembleSoft,0.3,4,4,0.8668170218130318,0.8636308759704139,1287,321,"{'Basal': 168, 'Her2': 179, 'LumA': 560, 'LumB': 380}","{'Basal': 41, 'Her2': 45, 'LumA': 140, 'LumB': 95}",4,False,0.9044117647058824,0.9318181818181818,0.8785714285714286,0.8571428571428571,0.8055555555555556,0.9157894736842105,0.7674418604651163,0.8048780487804879,0.7333333333333333,0.9382716049382716,0.95,0.926829268292683,4317054
classification,RFECA_SVR(k=5),EnsembleSoft,0.3,4,5,0.8420151619107936,0.8204089769879244,1287,321,"{'Basal': 167, 'Her2': 180, 'LumA': 560, 'LumB': 380}","{'Basal': 42, 'Her2': 44, 'LumA': 140, 'LumB': 95}",4,False,0.9146757679180887,0.8758169934640523,0.9571428571428572,0.8350515463917526,0.8181818181818182,0.8526315789473684,0.6933333333333334,0.8387096774193549,0.5909090909090909,0.925,0.9736842105263158,0.8809523809523809,4317054
classification,RFECA_SVR(k=10),EnsembleSoft,0.3,4,1,0.8303594095673303,0.8250730994152047,1286,322,"{'Basal': 167, 'Her2': 179, 'LumA': 560, 'LumB': 380}","{'Basal': 42, 'Her2': 45, 'LumA': 140, 'LumB': 95}",4,False,0.8864468864468864,0.9097744360902256,0.8642857142857143,0.8415841584158416,0.794392523364486,0.8947368421052632,0.7472527472527473,0.7391304347826086,0.7555555555555555,0.8461538461538461,0.9166666666666666,0.7857142857142857,4317054
classification,RFECA_SVR(k=10),EnsembleSoft,0.3,4,2,0.8754232804232804,0.8675125313283207,1286,322,"{'Basal': 167, 'Her2': 179, 'LumA': 560, 'LumB': 380}","{'Basal': 42, 'Her2': 45, 'LumA': 140, 'LumB': 95}",4,False,0.9225589225589226,0.8726114649681529,0.9785714285714285,0.88,0.9625,0.8105263157894737,0.8181818181818182,0.8372093023255814,0.8,0.8809523809523809,0.8809523809523809,0.8809523809523809,4317054
classification,RFECA_SVR(k=10),EnsembleSoft,0.3,4,3,0.8890281362515737,0.8865705931495406,1286,322,"{'Basal': 167, 'Her2': 179, 'LumA': 560, 'LumB': 380}","{'Basal': 42, 'Her2': 45, 'LumA': 140, 'LumB': 95}",4,False,0.9295774647887324,0.9166666666666666,0.9428571428571428,0.8709677419354839,0.8901098901098901,0.8526315789473684,0.8043478260869565,0.7872340425531915,0.8222222222222222,0.9512195121951219,0.975,0.9285714285714286,4317054
classification,RFECA_SVR(k=10),EnsembleSoft,0.3,4,4,0.869737652349879,0.8655220367993153,1287,321,"{'Basal': 168, 'Her2': 179, 'LumA': 560, 'LumB': 380}","{'Basal': 41, 'Her2': 45, 'LumA': 140, 'LumB': 95}",4,False,0.9197080291970803,0.9402985074626866,0.9,0.8756218905472637,0.8301886792452831,0.9263157894736842,0.7586206896551724,0.7857142857142857,0.7333333333333333,0.925,0.9487179487179487,0.9024390243902439,4317054
classification,RFECA_SVR(k=10),EnsembleSoft,0.3,4,5,0.8342097424046959,0.8108851674641148,1287,321,"{'Basal': 167, 'Her2': 180, 'LumA': 560, 'LumB': 380}","{'Basal': 42, 'Her2': 44, 'LumA': 140, 'LumB': 95}",4,False,0.9072164948453608,0.8741721854304636,0.9428571428571428,0.8223350253807107,0.7941176470588235,0.8526315789473684,0.6842105263157895,0.8125,0.5909090909090909,0.9230769230769231,1.0,0.8571428571428571,4317054
classification,RFECA_SVR(k=20),EnsembleSoft,0.3,4,1,0.8243929983060418,0.8182748538011696,1286,322,"{'Basal': 167, 'Her2': 179, 'LumA': 560, 'LumB': 380}","{'Basal': 42, 'Her2': 45, 'LumA': 140, 'LumB': 95}",4,False,0.8872727272727273,0.9037037037037037,0.8714285714285714,0.84,0.8,0.8842105263157894,0.7391304347826086,0.723404255319149,0.7555555555555555,0.8311688311688312,0.9142857142857143,0.7619047619047619,4317054
classification,RFECA_SVR(k=20),EnsembleSoft,0.3,4,2,0.8651073928223834,0.859920634920635,1286,322,"{'Basal': 167, 'Her2': 179, 'LumA': 560, 'LumB': 380}","{'Basal': 42, 'Her2': 45, 'LumA': 140, 'LumB': 95}",4,False,0.9084745762711864,0.864516129032258,0.9571428571428572,0.8636363636363636,0.9382716049382716,0.8,0.8045977011494253,0.8333333333333334,0.7777777777777778,0.8837209302325582,0.8636363636363636,0.9047619047619048,4317054
classification,RFECA_SVR(k=20),EnsembleSoft,0.3,4,3,0.8732975931036007,0.8736737677527152,1286,322,"{'Basal': 167, 'Her2': 179, 'LumA': 560, 'LumB': 380}","{'Basal': 42, 'Her2': 45, 'LumA': 140, 'LumB': 95}",4,False,0.9290780141843972,0.9225352112676056,0.9357142857142857,0.8663101604278075,0.8804347826086957,0.8526315789473684,0.7692307692307693,0.7608695652173914,0.7777777777777778,0.9285714285714286,0.9285714285714286,0.9285714285714286,4317054
classification,RFECA_SVR(k=20),EnsembleSoft,0.3,4,4,0.8631778996865203,0.8584731646188642,1287,321,"{'Basal': 168, 'Her2': 179, 'LumA': 560, 'LumB': 380}","{'Basal': 41, 'Her2': 45, 'LumA': 140, 'LumB': 95}",4,False,0.9090909090909091,0.9259259259259259,0.8928571428571429,0.86,0.819047619047619,0.9052631578947369,0.7586206896551724,0.7857142857142857,0.7333333333333333,0.925,0.9487179487179487,0.9024390243902439,4317054
classification,RFECA_SVR(k=20),EnsembleSoft,0.3,4,5,0.8447015979849417,0.8219241285030758,1287,321,"{'Basal': 167, 'Her2': 180, 'LumA': 560, 'LumB': 380}","{'Basal': 42, 'Her2': 44, 'LumA': 140, 'LumB': 95}",4,False,0.9152542372881356,0.8709677419354839,0.9642857142857143,0.8481675392670157,0.84375,0.8526315789473684,0.6923076923076923,0.7941176470588235,0.6136363636363636,0.9230769230769231,1.0,0.8571428571428571,4317054
classification,RFECA_SVR(k=5),EnsembleSoft,0.3,5,1,0.8520197736304013,0.8486424394319132,1286,322,"{'Basal': 167, 'Her2': 179, 'LumA': 560, 'LumB': 380}","{'Basal': 42, 'Her2': 45, 'LumA': 140, 'LumB': 95}",4,False,0.8921933085501859,0.9302325581395349,0.8571428571428571,0.8543689320388349,0.7927927927927928,0.9263157894736842,0.7865168539325843,0.7954545454545454,0.7777777777777778,0.875,0.9210526315789473,0.8333333333333334,5317057
classification,RFECA_SVR(k=5),EnsembleSoft,0.3,5,2,0.8759044995637812,0.8654344193817878,1286,322,"{'Basal': 167, 'Her2': 179, 'LumA': 560, 'LumB': 380}","{'Basal': 42, 'Her2': 45, 'LumA': 140, 'LumB': 95}",4,False,0.9251700680272109,0.8831168831168831,0.9714285714285714,0.8729281767955801,0.9186046511627907,0.8315789473684211,0.813953488372093,0.8536585365853658,0.7777777777777778,0.891566265060241,0.9024390243902439,0.8809523809523809,5317057
classification,RFECA_SVR(k=5),EnsembleSoft,0.3,5,3,0.8507631717345573,0.8415726817042606,1286,322,"{'Basal': 167, 'Her2': 179, 'LumA': 560, 'LumB': 380}","{'Basal': 42, 'Her2': 45, 'LumA': 140, 'LumB': 95}",4,False,0.9236111111111112,0.8986486486486487,0.95,0.8253968253968254,0.8297872340425532,0.8210526315789474,0.7142857142857143,0.7692307692307693,0.6666666666666666,0.9397590361445783,0.9512195121951219,0.9285714285714286,5317057
classification,RFECA_SVR(k=5),EnsembleSoft,0.3,5,4,0.86985365102191,0.8583687368828576,1287,321,"{'Basal': 168, 'Her2': 179, 'LumA': 560, 'LumB': 380}","{'Basal': 41, 'Her2': 45, 'LumA': 140, 'LumB': 95}",4,False,0.9192982456140351,0.903448275862069,0.9357142857142857,0.8704663212435233,0.8571428571428571,0.8842105263157894,0.7529411764705882,0.8,0.7111111111111111,0.9367088607594937,0.9736842105263158,0.9024390243902439,5317057
classification,RFECA_SVR(k=5),EnsembleSoft,0.3,5,5,0.8598194799526095,0.8447055137844611,1287,321,"{'Basal': 167, 'Her2': 180, 'LumA': 560, 'LumB': 380}","{'Basal': 42, 'Her2': 44, 'LumA': 140, 'LumB': 95}",4,False,0.9103448275862069,0.88,0.9428571428571428,0.8571428571428571,0.8617021276595744,0.8526315789473684,0.7857142857142857,0.825,0.75,0.8860759493670886,0.9459459459459459,0.8333333333333334,5317057
classification,RFECA_SVR(k=10),EnsembleSoft,0.3,5,1,0.8524666878531859,0.8460108604845447,1286,322,"{'Basal': 167, 'Her2': 179, 'LumA': 560, 'LumB': 380}","{'Basal': 42, 'Her2': 45, 'LumA': 140, 'LumB': 95}",4,False,0.8856088560885609,0.916030534351145,0.8571428571428571,0.8446601941747572,0.7837837837837838,0.9157894736842105,0.8045977011494253,0.8333333333333334,0.7777777777777778,0.875,0.9210526315789473,0.8333333333333334,5317057
classification,RFECA_SVR(k=10),EnsembleSoft,0.3,5,2,0.8758967865333699,0.8678153717627402,1286,322,"{'Basal': 167, 'Her2': 179, 'LumA': 560, 'LumB': 380}","{'Basal': 42, 'Her2': 45, 'LumA': 140, 'LumB': 95}",4,False,0.9178082191780822,0.881578947368421,0.9571428571428572,0.8681318681318682,0.9080459770114943,0.8315789473684211,0.8235294117647058,0.875,0.7777777777777778,0.8941176470588236,0.8837209302325582,0.9047619047619048,5317057
classification,RFECA_SVR(k=10),EnsembleSoft,0.3,5,3,0.8493316985403568,0.8397869674185463,1286,322,"{'Basal': 167, 'Her2': 179, 'LumA': 560, 'LumB': 380}","{'Basal': 42, 'Her2': 45, 'LumA': 140, 'LumB': 95}",4,False,0.9134948096885813,0.8859060402684564,0.9428571428571428,0.8297872340425532,0.8387096774193549,0.8210526315789474,0.7142857142857143,0.7692307692307693,0.6666666666666666,0.9397590361445783,0.9512195121951219,0.9285714285714286,5317057
classification,RFECA_SVR(k=10),EnsembleSoft,0.3,5,4,0.8578056622035566,0.8486997473358192,1287,321,"{'Basal': 168, 'Her2': 179, 'LumA': 560, 'LumB': 380}","{'Basal': 41, 'Her2': 45, 'LumA': 140, 'LumB': 95}",4,False,0.9148936170212766,0.9084507042253521,0.9214285714285714,0.865979381443299,0.8484848484848485,0.8842105263157894,0.7272727272727273,0.7441860465116279,0.7111111111111111,0.9230769230769231,0.972972972972973,0.8780487804878049,5317057
classification,RFECA_SVR(k=10),EnsembleSoft,0.3,5,5,0.8608764460691438,0.8449760765550239,1287,321,"{'Basal': 167, 'Her2': 180, 'LumA': 560, 'LumB': 380}","{'Basal': 42, 'Her2': 44, 'LumA': 140, 'LumB': 95}",4,False,0.9103448275862069,0.88,0.9428571428571428,0.8571428571428571,0.8617021276595744,0.8526315789473684,0.7529411764705882,0.7804878048780488,0.7272727272727273,0.9230769230769231,1.0,0.8571428571428571,5317057
classification,RFECA_SVR(k=20),EnsembleSoft,0.3,5,1,0.8512039806141196,0.8445697577276525,1286,322,"{'Basal': 167, 'Her2': 179, 'LumA': 560, 'LumB': 380}","{'Basal': 42, 'Her2': 45, 'LumA': 140, 'LumB': 95}",4,False,0.9018181818181819,0.9185185185185185,0.8857142857142857,0.8557213930348259,0.8113207547169812,0.9052631578947369,0.7865168539325843,0.7954545454545454,0.7777777777777778,0.8607594936708861,0.918918918918919,0.8095238095238095,5317057
classification,RFECA_SVR(k=20),EnsembleSoft,0.3,5,2,0.8501101892067688,0.8479218880534669,1286,322,"{'Basal': 167, 'Her2': 179, 'LumA': 560, 'LumB': 380}","{'Basal': 42, 'Her2': 45, 'LumA': 140, 'LumB': 95}",4,False,0.9097222222222222,0.8851351351351351,0.9357142857142857,0.8571428571428571,0.896551724137931,0.8210526315789474,0.7865168539325843,0.7954545454545454,0.7777777777777778,0.8470588235294118,0.8372093023255814,0.8571428571428571,5317057
classification,RFECA_SVR(k=20),EnsembleSoft,0.3,5,3,0.8604729112505216,0.8538220551378445,1286,322,"{'Basal': 167, 'Her2': 179, 'LumA': 560, 'LumB': 380}","{'Basal': 42, 'Her2': 45, 'LumA': 140, 'LumB': 95}",4,False,0.9166666666666666,0.8918918918918919,0.9428571428571428,0.8324324324324325,0.8555555555555555,0.8105263157894737,0.7415730337078652,0.75,0.7333333333333333,0.9512195121951219,0.975,0.9285714285714286,5317057
classification,RFECA_SVR(k=20),EnsembleSoft,0.3,5,4,0.8577167803460906,0.8518733317032419,1287,321,"{'Basal': 168, 'Her2': 179, 'LumA': 560, 'LumB': 380}","{'Basal': 41, 'Her2': 45, 'LumA': 140, 'LumB': 95}",4,False,0.9214285714285714,0.9214285714285714,0.9214285714285714,0.8717948717948718,0.85,0.8947368421052632,0.7126436781609196,0.7380952380952381,0.6888888888888889,0.925,0.9487179487179487,0.9024390243902439,5317057
classification,RFECA_SVR(k=20),EnsembleSoft,0.3,5,5,0.8402895960009004,0.8235133287764866,1287,321,"{'Basal': 167, 'Her2': 180, 'LumA': 560, 'LumB': 380}","{'Basal': 42, 'Her2': 44, 'LumA': 140, 'LumB': 95}",4,False,0.9003436426116839,0.8675496688741722,0.9357142857142857,0.8421052631578947,0.8421052631578947,0.8421052631578947,0.7073170731707317,0.7631578947368421,0.6590909090909091,0.9113924050632911,0.972972972972973,0.8571428571428571,5317057
classification,RFECA_SVR(k=5),EnsembleSoft,0.3,6,1,0.8281776822065297,0.8296365914786967,1286,322,"{'Basal': 167, 'Her2': 179, 'LumA': 560, 'LumB': 380}","{'Basal': 42, 'Her2': 45, 'LumA': 140, 'LumB': 95}",4,False,0.8921933085501859,0.9302325581395349,0.8571428571428571,0.8415841584158416,0.794392523364486,0.8947368421052632,0.7252747252747253,0.717391304347826,0.7333333333333333,0.8536585365853658,0.875,0.8333333333333334,6317060
classification,RFECA_SVR(k=5),EnsembleSoft,0.3,6,2,0.8621774284210473,0.849906015037594,1286,322,"{'Basal': 167, 'Her2': 179, 'LumA': 560, 'LumB': 380}","{'Basal': 42, 'Her2': 45, 'LumA': 140, 'LumB': 95}",4,False,0.9121621621621622,0.8653846153846154,0.9642857142857143,0.8666666666666667,0.9176470588235294,0.8210526315789474,0.7674418604651163,0.8048780487804879,0.7333333333333333,0.9024390243902439,0.925,0.8809523809523809,6317060
classification,RFECA_SVR(k=5),EnsembleSoft,0.3,6,3,0.8584046110666678,0.8534774436090224,1286,322,"{'Basal': 167, 'Her2': 179, 'LumA': 560, 'LumB': 380}","{'Basal': 42, 'Her2': 45, 'LumA': 140, 'LumB': 95}",4,False,0.8943661971830986,0.8819444444444444,0.9071428571428571,0.8253968253968254,0.8297872340425532,0.8210526315789474,0.75,0.7674418604651163,0.7333333333333333,0.963855421686747,0.975609756097561,0.9523809523809523,6317060
classification,RFECA_SVR(k=5),EnsembleSoft,0.3,6,4,0.8679537321716614,0.8607079181694073,1287,321,"{'Basal': 168, 'Her2': 179, 'LumA': 560, 'LumB': 380}","{'Basal': 41, 'Her2': 45, 'LumA': 140, 'LumB': 95}",4,False,0.9323843416370107,0.9290780141843972,0.9357142857142857,0.8877551020408163,0.8613861386138614,0.9157894736842105,0.7380952380952381,0.7948717948717948,0.6888888888888889,0.9135802469135802,0.925,0.9024390243902439,6317060
classification,RFECA_SVR(k=5),EnsembleSoft,0.3,6,5,0.8672933304503396,0.8499344953292322,1287,321,"{'Basal': 167, 'Her2': 180, 'LumA': 560, 'LumB': 380}","{'Basal': 42, 'Her2': 44, 'LumA': 140, 'LumB': 95}",4,False,0.9172413793103448,0.8866666666666667,0.95,0.8541666666666666,0.845360824742268,0.8631578947368421,0.759493670886076,0.8571428571428571,0.6818181818181818,0.9382716049382716,0.9743589743589743,0.9047619047619048,6317060
classification,RFECA_SVR(k=10),EnsembleSoft,0.3,6,1,0.8402275959572783,0.8411445279866333,1286,322,"{'Basal': 167, 'Her2': 179, 'LumA': 560, 'LumB': 380}","{'Basal': 42, 'Her2': 45, 'LumA': 140, 'LumB': 95}",4,False,0.8856088560885609,0.916030534351145,0.8571428571428571,0.85,0.8095238095238095,0.8947368421052632,0.7472527472527473,0.7391304347826086,0.7555555555555555,0.8780487804878049,0.9,0.8571428571428571,6317060
classification,RFECA_SVR(k=10),EnsembleSoft,0.3,6,2,0.8775061425351866,0.8687552213868003,1286,322,"{'Basal': 167, 'Her2': 179, 'LumA': 560, 'LumB': 380}","{'Basal': 42, 'Her2': 45, 'LumA': 140, 'LumB': 95}",4,False,0.9251700680272109,0.8831168831168831,0.9714285714285714,0.8715083798882681,0.9285714285714286,0.8210526315789474,0.7865168539325843,0.7954545454545454,0.7777777777777778,0.926829268292683,0.95,0.9047619047619048,6317060
classification,RFECA_SVR(k=10),EnsembleSoft,0.3,6,3,0.8600604205221427,0.8564014202172097,1286,322,"{'Basal': 167, 'Her2': 179, 'LumA': 560, 'LumB': 380}","{'Basal': 42, 'Her2': 45, 'LumA': 140, 'LumB': 95}",4,False,0.8975265017667845,0.8881118881118881,0.9071428571428571,0.8148148148148148,0.8191489361702128,0.8105263157894737,0.7640449438202247,0.7727272727272727,0.7555555555555555,0.963855421686747,0.975609756097561,0.9523809523809523,6317060
classification,RFECA_SVR(k=10),EnsembleSoft,0.3,6,4,0.87380195929268,0.8700333149948041,1287,321,"{'Basal': 168, 'Her2': 179, 'LumA': 560, 'LumB': 380}","{'Basal': 41, 'Her2': 45, 'LumA': 140, 'LumB': 95}",4,False,0.935251798561151,0.9420289855072463,0.9285714285714286,0.8877551020408163,0.8613861386138614,0.9157894736842105,0.7586206896551724,0.7857142857142857,0.7333333333333333,0.9135802469135802,0.925,0.9024390243902439,6317060
classification,RFECA_SVR(k=10),EnsembleSoft,0.3,6,5,0.8611448577786924,0.8421964000911368,1287,321,"{'Basal': 167, 'Her2': 180, 'LumA': 560, 'LumB': 380}","{'Basal': 42, 'Her2': 44, 'LumA': 140, 'LumB': 95}",4,False,0.9103448275862069,0.88,0.9428571428571428,0.8497409326424871,0.8367346938775511,0.8631578947368421,0.759493670886076,0.8571428571428571,0.6818181818181818,0.925,0.9736842105263158,0.8809523809523809,6317060
classification,RFECA_SVR(k=20),EnsembleSoft,0.3,6,1,0.8475996789448567,0.8498224728487886,1286,322,"{'Basal': 167, 'Her2': 179, 'LumA': 560, 'LumB': 380}","{'Basal': 42, 'Her2': 45, 'LumA': 140, 'LumB': 95}",4,False,0.9010989010989011,0.924812030075188,0.8785714285714286,0.8527918781725888,0.8235294117647058,0.8842105263157894,0.7555555555555555,0.7555555555555555,0.7555555555555555,0.8809523809523809,0.8809523809523809,0.8809523809523809,6317060
classification,RFECA_SVR(k=20),EnsembleSoft,0.3,6,2,0.8722771451746465,0.8631996658312447,1286,322,"{'Basal': 167, 'Her2': 179, 'LumA': 560, 'LumB': 380}","{'Basal': 42, 'Her2': 45, 'LumA': 140, 'LumB': 95}",4,False,0.9251700680272109,0.8831168831168831,0.9714285714285714,0.8666666666666667,0.9176470588235294,0.8210526315789474,0.7816091954022989,0.8095238095238095,0.7555555555555555,0.9156626506024096,0.926829268292683,0.9047619047619048,6317060
classification,RFECA_SVR(k=20),EnsembleSoft,0.3,6,3,0.8542545590711064,0.8476294903926482,1286,322,"{'Basal': 167, 'Her2': 179, 'LumA': 560, 'LumB': 380}","{'Basal': 42, 'Her2': 45, 'LumA': 140, 'LumB': 95}",4,False,0.8975265017667845,0.8881118881118881,0.9071428571428571,0.8290155440414507,0.8163265306122449,0.8421052631578947,0.7380952380952381,0.7948717948717948,0.6888888888888889,0.9523809523809523,0.9523809523809523,0.9523809523809523,6317060
classification,RFECA_SVR(k=20),EnsembleSoft,0.3,6,4,0.8648055808756345,0.856938076899566,1287,321,"{'Basal': 168, 'Her2': 179, 'LumA': 560, 'LumB': 380}","{'Basal': 41, 'Her2': 45, 'LumA': 140, 'LumB': 95}",4,False,0.9395017793594306,0.9361702127659575,0.9428571428571428,0.883248730964467,0.8529411764705882,0.9157894736842105,0.7228915662650602,0.7894736842105263,0.6666666666666666,0.9135802469135802,0.925,0.9024390243902439,6317060
classification,RFECA_SVR(k=20),EnsembleSoft,0.3,6,5,0.8648015886953413,0.8468842560947824,1287,321,"{'Basal': 167, 'Her2': 180, 'LumA': 560, 'LumB': 380}","{'Basal': 42, 'Her2': 44, 'LumA': 140, 'LumB': 95}",4,False,0.9172413793103448,0.8866666666666667,0.95,0.8601036269430051,0.8469387755102041,0.8736842105263158,0.7435897435897436,0.8529411764705882,0.6590909090909091,0.9382716049382716,0.9743589743589743,0.9047619047619048,6317060
classification,RFECA_SVR(k=5),EnsembleSoft,0.3,7,1,0.856852159436157,0.854344193817878,1286,322,"{'Basal': 167, 'Her2': 179, 'LumA': 560, 'LumB': 380}","{'Basal': 42, 'Her2': 45, 'LumA': 140, 'LumB': 95}",4,False,0.9003690036900369,0.9312977099236641,0.8714285714285714,0.8613861386138614,0.8130841121495327,0.9157894736842105,0.8085106382978723,0.7755102040816326,0.8444444444444444,0.8571428571428571,0.9428571428571428,0.7857142857142857,7317063
classification,RFECA_SVR(k=5),EnsembleSoft,0.3,7,2,0.8593185550082102,0.8561507936507937,1286,322,"{'Basal': 167, 'Her2': 179, 'LumA': 560, 'LumB': 380}","{'Basal': 42, 'Her2': 45, 'LumA': 140, 'LumB': 95}",4,False,0.8896551724137931,0.86,0.9214285714285714,0.8444444444444444,0.8941176470588236,0.8,0.8222222222222222,0.8222222222222222,0.8222222222222222,0.8809523809523809,0.8809523809523809,0.8809523809523809,7317063
classification,RFECA_SVR(k=5),EnsembleSoft,0.3,7,3,0.880250053333567,0.8783416875522139,1286,322,"{'Basal': 167, 'Her2': 179, 'LumA': 560, 'LumB': 380}","{'Basal': 42, 'Her2': 45, 'LumA': 140, 'LumB': 95}",4,False,0.924187725631769,0.9343065693430657,0.9142857142857143,0.8601036269430051,0.8469387755102041,0.8736842105263158,0.8,0.76,0.8444444444444444,0.9367088607594937,1.0,0.8809523809523809,7317063
classification,RFECA_SVR(k=5),EnsembleSoft,0.3,7,4,0.8667734886857076,0.8577212849196161,1287,321,"{'Basal': 168, 'Her2': 179, 'LumA': 560, 'LumB': 380}","{'Basal': 41, 'Her2': 45, 'LumA': 140, 'LumB': 95}",4,False,0.911660777385159,0.9020979020979021,0.9214285714285714,0.8601036269430051,0.8469387755102041,0.8736842105263158,0.7586206896551724,0.7857142857142857,0.7333333333333333,0.9367088607594937,0.9736842105263158,0.9024390243902439,7317063
classification,RFECA_SVR(k=5),EnsembleSoft,0.3,7,5,0.8750853280289781,0.8607228298017772,1287,321,"{'Basal': 167, 'Her2': 180, 'LumA': 560, 'LumB': 380}","{'Basal': 42, 'Her2': 44, 'LumA': 140, 'LumB': 95}",4,False,0.9241379310344827,0.8933333333333333,0.9571428571428572,0.8571428571428571,0.8617021276595744,0.8526315789473684,0.7560975609756098,0.8157894736842105,0.7045454545454546,0.9629629629629629,1.0,0.9285714285714286,7317063
classification,RFECA_SVR(k=10),EnsembleSoft,0.3,7,1,0.8490570850408965,0.8450187969924812,1286,322,"{'Basal': 167, 'Her2': 179, 'LumA': 560, 'LumB': 380}","{'Basal': 42, 'Her2': 45, 'LumA': 140, 'LumB': 95}",4,False,0.9077490774907749,0.9389312977099237,0.8785714285714286,0.8571428571428571,0.8055555555555556,0.9157894736842105,0.7741935483870968,0.75,0.8,0.8571428571428571,0.9428571428571428,0.7857142857142857,7317063
classification,RFECA_SVR(k=10),EnsembleSoft,0.3,7,2,0.8766216745608436,0.8735693400167085,1286,322,"{'Basal': 167, 'Her2': 179, 'LumA': 560, 'LumB': 380}","{'Basal': 42, 'Her2': 45, 'LumA': 140, 'LumB': 95}",4,False,0.9065743944636678,0.8791946308724832,0.9357142857142857,0.8729281767955801,0.9186046511627907,0.8315789473684211,0.8222222222222222,0.8222222222222222,0.8222222222222222,0.9047619047619048,0.9047619047619048,0.9047619047619048,7317063
classification,RFECA_SVR(k=10),EnsembleSoft,0.3,7,3,0.8626580682156777,0.8605680868838763,1286,322,"{'Basal': 167, 'Her2': 179, 'LumA': 560, 'LumB': 380}","{'Basal': 42, 'Her2': 45, 'LumA': 140, 'LumB': 95}",4,False,0.9187279151943463,0.9090909090909091,0.9285714285714286,0.8279569892473119,0.8461538461538461,0.8105263157894737,0.7789473684210526,0.74,0.8222222222222222,0.925,0.9736842105263158,0.8809523809523809,7317063
classification,RFECA_SVR(k=10),EnsembleSoft,0.3,7,4,0.8491138046219167,0.8419004829146036,1287,321,"{'Basal': 168, 'Her2': 179, 'LumA': 560, 'LumB': 380}","{'Basal': 41, 'Her2': 45, 'LumA': 140, 'LumB': 95}",4,False,0.9078014184397163,0.9014084507042254,0.9142857142857143,0.865979381443299,0.8484848484848485,0.8842105263157894,0.6976744186046512,0.7317073170731707,0.6666666666666666,0.925,0.9487179487179487,0.9024390243902439,7317063
classification,RFECA_SVR(k=10),EnsembleSoft,0.3,7,5,0.8649530933821856,0.849088630667578,1287,321,"{'Basal': 167, 'Her2': 180, 'LumA': 560, 'LumB': 380}","{'Basal': 42, 'Her2': 44, 'LumA': 140, 'LumB': 95}",4,False,0.9209621993127147,0.8874172185430463,0.9571428571428572,0.8571428571428571,0.8617021276595744,0.8526315789473684,0.7317073170731707,0.7894736842105263,0.6818181818181818,0.95,1.0,0.9047619047619048,7317063
classification,RFECA_SVR(k=20),EnsembleSoft,0.3,7,1,0.8469953214260614,0.8432330827067669,1286,322,"{'Basal': 167, 'Her2': 179, 'LumA': 560, 'LumB': 380}","{'Basal': 42, 'Her2': 45, 'LumA': 140, 'LumB': 95}",4,False,0.9037037037037037,0.9384615384615385,0.8714285714285714,0.8529411764705882,0.7981651376146789,0.9157894736842105,0.7741935483870968,0.75,0.8,0.8571428571428571,0.9428571428571428,0.7857142857142857,7317063
classification,RFECA_SVR(k=20),EnsembleSoft,0.3,7,2,0.8779601616951014,0.8744152046783626,1286,322,"{'Basal': 167, 'Her2': 179, 'LumA': 560, 'LumB': 380}","{'Basal': 42, 'Her2': 45, 'LumA': 140, 'LumB': 95}",4,False,0.9090909090909091,0.8904109589041096,0.9285714285714286,0.8648648648648649,0.8888888888888888,0.8421052631578947,0.8222222222222222,0.8222222222222222,0.8222222222222222,0.9156626506024096,0.926829268292683,0.9047619047619048,7317063
classification,RFECA_SVR(k=20),EnsembleSoft,0.3,7,3,0.8674461328378883,0.8640455304928989,1286,322,"{'Basal': 167, 'Her2': 179, 'LumA': 560, 'LumB': 380}","{'Basal': 42, 'Her2': 45, 'LumA': 140, 'LumB': 95}",4,False,0.9181494661921709,0.9148936170212766,0.9214285714285714,0.8359788359788359,0.8404255319148937,0.8315789473684211,0.7789473684210526,0.74,0.8222222222222222,0.9367088607594937,1.0,0.8809523809523809,7317063
classification,RFECA_SVR(k=20),EnsembleSoft,0.3,7,4,0.8538184718331778,0.8437801821627239,1287,321,"{'Basal': 168, 'Her2': 179, 'LumA': 560, 'LumB': 380}","{'Basal': 41, 'Her2': 45, 'LumA': 140, 'LumB': 95}",4,False,0.9166666666666666,0.8918918918918919,0.9428571428571428,0.8677248677248677,0.8723404255319149,0.8631578947368421,0.7058823529411765,0.75,0.6666666666666666,0.925,0.9487179487179487,0.9024390243902439,7317063
classification,RFECA_SVR(k=20),EnsembleSoft,0.3,7,5,0.8589893899508739,0.8434068124857599,1287,321,"{'Basal': 167, 'Her2': 180, 'LumA': 560, 'LumB': 380}","{'Basal': 42, 'Her2': 44, 'LumA': 140, 'LumB': 95}",4,False,0.9178082191780822,0.881578947368421,0.9571428571428572,0.8571428571428571,0.8617021276595744,0.8526315789473684,0.7341772151898734,0.8285714285714286,0.6590909090909091,0.926829268292683,0.95,0.9047619047619048,7317063
classification,RFECA_SVR(k=5),EnsembleSoft,0.3,8,1,0.8412020199081192,0.8359335839598998,1286,322,"{'Basal': 167, 'Her2': 179, 'LumA': 560, 'LumB': 380}","{'Basal': 42, 'Her2': 45, 'LumA': 140, 'LumB': 95}",4,False,0.8945454545454545,0.9111111111111111,0.8785714285714286,0.8442211055276382,0.8076923076923077,0.8842105263157894,0.8041237113402062,0.75,0.8666666666666667,0.821917808219178,0.967741935483871,0.7142857142857143,8317066
classification,RFECA_SVR(k=5),EnsembleSoft,0.3,8,2,0.8803308819381291,0.8716791979949875,1286,322,"{'Basal': 167, 'Her2': 179, 'LumA': 560, 'LumB': 380}","{'Basal': 42, 'Her2': 45, 'LumA': 140, 'LumB': 95}",4,False,0.918918918918919,0.8717948717948718,0.9714285714285714,0.8700564971751412,0.9390243902439024,0.8105263157894737,0.8275862068965517,0.8571428571428571,0.8,0.9047619047619048,0.9047619047619048,0.9047619047619048,8317066
classification,RFECA_SVR(k=5),EnsembleSoft,0.3,8,3,0.8626394392281851,0.8555659983291561,1286,322,"{'Basal': 167, 'Her2': 179, 'LumA': 560, 'LumB': 380}","{'Basal': 42, 'Her2': 45, 'LumA': 140, 'LumB': 95}",4,False,0.9052631578947369,0.8896551724137931,0.9214285714285714,0.851063829787234,0.8602150537634409,0.8421052631578947,0.7692307692307693,0.7608695652173914,0.7777777777777778,0.925,0.9736842105263158,0.8809523809523809,8317066
classification,RFECA_SVR(k=5),EnsembleSoft,0.3,8,4,0.8553567071178021,0.8445435234427532,1287,321,"{'Basal': 168, 'Her2': 179, 'LumA': 560, 'LumB': 380}","{'Basal': 41, 'Her2': 45, 'LumA': 140, 'LumB': 95}",4,False,0.9071428571428571,0.9071428571428571,0.9071428571428571,0.88,0.8380952380952381,0.9263157894736842,0.7228915662650602,0.7894736842105263,0.6666666666666666,0.9113924050632911,0.9473684210526315,0.8780487804878049,8317066
classification,RFECA_SVR(k=5),EnsembleSoft,0.3,8,5,0.8503188816055839,0.8303941672362726,1287,321,"{'Basal': 167, 'Her2': 180, 'LumA': 560, 'LumB': 380}","{'Basal': 42, 'Her2': 44, 'LumA': 140, 'LumB': 95}",4,False,0.9209621993127147,0.8874172185430463,0.9571428571428572,0.8762886597938144,0.8585858585858586,0.8947368421052632,0.717948717948718,0.8235294117647058,0.6363636363636364,0.8860759493670886,0.9459459459459459,0.8333333333333334,8317066
classification,RFECA_SVR(k=10),EnsembleSoft,0.3,8,1,0.8642855425452621,0.8582080200501253,1286,322,"{'Basal': 167, 'Her2': 179, 'LumA': 560, 'LumB': 380}","{'Basal': 42, 'Her2': 45, 'LumA': 140, 'LumB': 95}",4,False,0.9018181818181819,0.9185185185185185,0.8857142857142857,0.8542713567839196,0.8173076923076923,0.8947368421052632,0.8210526315789474,0.78,0.8666666666666667,0.88,1.0,0.7857142857142857,8317066
classification,RFECA_SVR(k=10),EnsembleSoft,0.3,8,2,0.8872893995810959,0.8820488721804511,1286,322,"{'Basal': 167, 'Her2': 179, 'LumA': 560, 'LumB': 380}","{'Basal': 42, 'Her2': 45, 'LumA': 140, 'LumB': 95}",4,False,0.9319727891156463,0.8896103896103896,0.9785714285714285,0.8813559322033898,0.9512195121951219,0.8210526315789474,0.8181818181818182,0.8372093023255814,0.8,0.9176470588235294,0.9069767441860465,0.9285714285714286,8317066
classification,RFECA_SVR(k=10),EnsembleSoft,0.3,8,3,0.8473968700065762,0.8428049289891395,1286,322,"{'Basal': 167, 'Her2': 179, 'LumA': 560, 'LumB': 380}","{'Basal': 42, 'Her2': 45, 'LumA': 140, 'LumB': 95}",4,False,0.8958333333333334,0.8716216216216216,0.9214285714285714,0.819672131147541,0.8522727272727273,0.7894736842105263,0.7472527472527473,0.7391304347826086,0.7555555555555555,0.926829268292683,0.95,0.9047619047619048,8317066
classification,RFECA_SVR(k=10),EnsembleSoft,0.3,8,4,0.863913501514382,0.8539629052305561,1287,321,"{'Basal': 168, 'Her2': 179, 'LumA': 560, 'LumB': 380}","{'Basal': 41, 'Her2': 45, 'LumA': 140, 'LumB': 95}",4,False,0.9148936170212766,0.9084507042253521,0.9214285714285714,0.882051282051282,0.86,0.9052631578947369,0.735632183908046,0.7619047619047619,0.7111111111111111,0.9230769230769231,0.972972972972973,0.8780487804878049,8317066
classification,RFECA_SVR(k=10),EnsembleSoft,0.3,8,5,0.8627014700681799,0.8464655958077011,1287,321,"{'Basal': 167, 'Her2': 180, 'LumA': 560, 'LumB': 380}","{'Basal': 42, 'Her2': 44, 'LumA': 140, 'LumB': 95}",4,False,0.9204152249134948,0.8926174496644296,0.95,0.8762886597938144,0.8585858585858586,0.8947368421052632,0.7272727272727273,0.8484848484848485,0.6363636363636364,0.926829268292683,0.95,0.9047619047619048,8317066
classification,RFECA_SVR(k=20),EnsembleSoft,0.3,8,1,0.861762360446571,0.8573621553884712,1286,322,"{'Basal': 167, 'Her2': 179, 'LumA': 560, 'LumB': 380}","{'Basal': 42, 'Her2': 45, 'LumA': 140, 'LumB': 95}",4,False,0.9090909090909091,0.9259259259259259,0.8928571428571429,0.8484848484848485,0.8155339805825242,0.8842105263157894,0.8210526315789474,0.78,0.8666666666666667,0.868421052631579,0.9705882352941176,0.7857142857142857,8317066
classification,RFECA_SVR(k=20),EnsembleSoft,0.3,8,2,0.8784618725026745,0.8747076023391813,1286,322,"{'Basal': 167, 'Her2': 179, 'LumA': 560, 'LumB': 380}","{'Basal': 42, 'Her2': 45, 'LumA': 140, 'LumB': 95}",4,False,0.9283276450511946,0.8888888888888888,0.9714285714285714,0.8813559322033898,0.9512195121951219,0.8210526315789474,0.7865168539325843,0.7954545454545454,0.7777777777777778,0.9176470588235294,0.9069767441860465,0.9285714285714286,8317066
classification,RFECA_SVR(k=20),EnsembleSoft,0.3,8,3,0.8517552352266208,0.8490497076023391,1286,322,"{'Basal': 167, 'Her2': 179, 'LumA': 560, 'LumB': 380}","{'Basal': 42, 'Her2': 45, 'LumA': 140, 'LumB': 95}",4,False,0.8958333333333334,0.8716216216216216,0.9214285714285714,0.8021978021978022,0.8390804597701149,0.7684210526315789,0.7692307692307693,0.7608695652173914,0.7777777777777778,0.9397590361445783,0.9512195121951219,0.9285714285714286,8317066
classification,RFECA_SVR(k=20),EnsembleSoft,0.3,8,4,0.866806397625363,0.86090633086782,1287,321,"{'Basal': 168, 'Her2': 179, 'LumA': 560, 'LumB': 380}","{'Basal': 41, 'Her2': 45, 'LumA': 140, 'LumB': 95}",4,False,0.9142857142857143,0.9142857142857143,0.9142857142857143,0.8923076923076924,0.87,0.9157894736842105,0.735632183908046,0.7619047619047619,0.7111111111111111,0.925,0.9487179487179487,0.9024390243902439,8317066
classification,RFECA_SVR(k=20),EnsembleSoft,0.3,8,5,0.8635047608325988,0.8500370243791296,1287,321,"{'Basal': 167, 'Her2': 180, 'LumA': 560, 'LumB': 380}","{'Basal': 42, 'Her2': 44, 'LumA': 140, 'LumB': 95}",4,False,0.9375,0.9121621621621622,0.9642857142857143,0.8808290155440415,0.8673469387755102,0.8947368421052632,0.7088607594936709,0.8,0.6363636363636364,0.926829268292683,0.95,0.9047619047619048,8317066
classification,RFECA_SVR(k=5),EnsembleSoft,0.3,9,1,0.869623086482517,0.8569757727652465,1286,322,"{'Basal': 167, 'Her2': 179, 'LumA': 560, 'LumB': 380}","{'Basal': 42, 'Her2': 45, 'LumA': 140, 'LumB': 95}",4,False,0.9110320284697508,0.9078014184397163,0.9142857142857143,0.8888888888888888,0.8543689320388349,0.9263157894736842,0.7954545454545454,0.813953488372093,0.7777777777777778,0.8831168831168831,0.9714285714285714,0.8095238095238095,9317069
classification,RFECA_SVR(k=5),EnsembleSoft,0.3,9,2,0.8579084476110189,0.8470342522974103,1286,322,"{'Basal': 167, 'Her2': 179, 'LumA': 560, 'LumB': 380}","{'Basal': 42, 'Her2': 45, 'LumA': 140, 'LumB': 95}",4,False,0.9209621993127147,0.8874172185430463,0.9571428571428572,0.8648648648648649,0.8888888888888888,0.8421052631578947,0.7816091954022989,0.8095238095238095,0.7555555555555555,0.8641975308641975,0.8974358974358975,0.8333333333333334,9317069
classification,RFECA_SVR(k=5),EnsembleSoft,0.3,9,3,0.8654934057373082,0.8613617376775272,1286,322,"{'Basal': 167, 'Her2': 179, 'LumA': 560, 'LumB': 380}","{'Basal': 42, 'Her2': 45, 'LumA': 140, 'LumB': 95}",4,False,0.9090909090909091,0.8904109589041096,0.9285714285714286,0.8324324324324325,0.8555555555555555,0.8105263157894737,0.7692307692307693,0.7608695652173914,0.7777777777777778,0.9512195121951219,0.975,0.9285714285714286,9317069
classification,RFECA_SVR(k=5),EnsembleSoft,0.3,9,4,0.8545516112569455,0.8468085865069177,1287,321,"{'Basal': 168, 'Her2': 179, 'LumA': 560, 'LumB': 380}","{'Basal': 41, 'Her2': 45, 'LumA': 140, 'LumB': 95}",4,False,0.9032258064516129,0.9064748201438849,0.9,0.8426395939086294,0.8137254901960784,0.8736842105263158,0.735632183908046,0.7619047619047619,0.7111111111111111,0.9367088607594937,0.9736842105263158,0.9024390243902439,9317069
classification,RFECA_SVR(k=5),EnsembleSoft,0.3,9,5,0.8282508409090686,0.8057701070858966,1287,321,"{'Basal': 167, 'Her2': 180, 'LumA': 560, 'LumB': 380}","{'Basal': 42, 'Her2': 44, 'LumA': 140, 'LumB': 95}",4,False,0.8918918918918919,0.8461538461538461,0.9428571428571428,0.8148148148148148,0.8191489361702128,0.8105263157894737,0.7088607594936709,0.8,0.6363636363636364,0.8974358974358975,0.9722222222222222,0.8333333333333334,9317069
classification,RFECA_SVR(k=10),EnsembleSoft,0.3,9,1,0.873943677977507,0.8633771929824561,1286,322,"{'Basal': 167, 'Her2': 179, 'LumA': 560, 'LumB': 380}","{'Basal': 42, 'Her2': 45, 'LumA': 140, 'LumB': 95}",4,False,0.9136690647482014,0.9202898550724637,0.9071428571428571,0.89,0.8476190476190476,0.9368421052631579,0.8089887640449438,0.8181818181818182,0.8,0.8831168831168831,0.9714285714285714,0.8095238095238095,9317069
classification,RFECA_SVR(k=10),EnsembleSoft,0.3,9,2,0.8618187547921271,0.8509085213032581,1286,322,"{'Basal': 167, 'Her2': 179, 'LumA': 560, 'LumB': 380}","{'Basal': 42, 'Her2': 45, 'LumA': 140, 'LumB': 95}",4,False,0.9204152249134948,0.8926174496644296,0.95,0.8723404255319149,0.8817204301075269,0.8631578947368421,0.7764705882352941,0.825,0.7333333333333333,0.8780487804878049,0.9,0.8571428571428571,9317069
classification,RFECA_SVR(k=10),EnsembleSoft,0.3,9,3,0.8720342488900283,0.8675647451963242,1286,322,"{'Basal': 167, 'Her2': 179, 'LumA': 560, 'LumB': 380}","{'Basal': 42, 'Her2': 45, 'LumA': 140, 'LumB': 95}",4,False,0.9198606271777003,0.8979591836734694,0.9428571428571428,0.8478260869565217,0.8764044943820225,0.8210526315789474,0.7692307692307693,0.7608695652173914,0.7777777777777778,0.9512195121951219,0.975,0.9285714285714286,9317069
classification,RFECA_SVR(k=10),EnsembleSoft,0.3,9,4,0.8546598317767974,0.8492417527558734,1287,321,"{'Basal': 168, 'Her2': 179, 'LumA': 560, 'LumB': 380}","{'Basal': 41, 'Her2': 45, 'LumA': 140, 'LumB': 95}",4,False,0.9181494661921709,0.9148936170212766,0.9214285714285714,0.865979381443299,0.8484848484848485,0.8842105263157894,0.7209302325581395,0.7560975609756098,0.6888888888888889,0.9135802469135802,0.925,0.9024390243902439,9317069
classification,RFECA_SVR(k=10),EnsembleSoft,0.3,9,5,0.8398646120044426,0.8194605832763727,1287,321,"{'Basal': 167, 'Her2': 180, 'LumA': 560, 'LumB': 380}","{'Basal': 42, 'Her2': 44, 'LumA': 140, 'LumB': 95}",4,False,0.9016949152542373,0.8580645161290322,0.95,0.8148148148148148,0.8191489361702128,0.8105263157894737,0.717948717948718,0.8235294117647058,0.6363636363636364,0.925,0.9736842105263158,0.8809523809523809,9317069
classification,RFECA_SVR(k=20),EnsembleSoft,0.3,9,1,0.8890592740592741,0.8830722639933166,1286,322,"{'Basal': 167, 'Her2': 179, 'LumA': 560, 'LumB': 380}","{'Basal': 42, 'Her2': 45, 'LumA': 140, 'LumB': 95}",4,False,0.9236363636363636,0.9407407407407408,0.9071428571428571,0.9,0.8571428571428571,0.9473684210526315,0.8351648351648352,0.8260869565217391,0.8444444444444444,0.8974358974358975,0.9722222222222222,0.8333333333333334,9317069
classification,RFECA_SVR(k=20),EnsembleSoft,0.3,9,2,0.8593214822119177,0.8509085213032581,1286,322,"{'Basal': 167, 'Her2': 179, 'LumA': 560, 'LumB': 380}","{'Basal': 42, 'Her2': 45, 'LumA': 140, 'LumB': 95}",4,False,0.9236111111111112,0.8986486486486487,0.95,0.8770053475935828,0.8913043478260869,0.8631578947368421,0.7586206896551724,0.7857142857142857,0.7333333333333333,0.8780487804878049,0.9,0.8571428571428571,9317069
classification,RFECA_SVR(k=20),EnsembleSoft,0.3,9,3,0.8770427740759186,0.874812030075188,1286,322,"{'Basal': 167, 'Her2': 179, 'LumA': 560, 'LumB': 380}","{'Basal': 42, 'Her2': 45, 'LumA': 140, 'LumB': 95}",4,False,0.9187279151943463,0.9090909090909091,0.9285714285714286,0.8556149732620321,0.8695652173913043,0.8421052631578947,0.782608695652174,0.7659574468085106,0.8,0.9512195121951219,0.975,0.9285714285714286,9317069
classification,RFECA_SVR(k=20),EnsembleSoft,0.3,9,4,0.867780594104965,0.8565830225971434,1287,321,"{'Basal': 168, 'Her2': 179, 'LumA': 560, 'LumB': 380}","{'Basal': 41, 'Her2': 45, 'LumA': 140, 'LumB': 95}",4,False,0.9154929577464789,0.9027777777777778,0.9285714285714286,0.865979381443299,0.8484848484848485,0.8842105263157894,0.7529411764705882,0.8,0.7111111111111111,0.9367088607594937,0.9736842105263158,0.9024390243902439,9317069
classification,RFECA_SVR(k=20),EnsembleSoft,0.3,9,5,0.8462639003807597,0.8237838915470495,1287,321,"{'Basal': 167, 'Her2': 180, 'LumA': 560, 'LumB': 380}","{'Basal': 42, 'Her2': 44, 'LumA': 140, 'LumB': 95}",4,False,0.89419795221843,0.8562091503267973,0.9357142857142857,0.8290155440414507,0.8163265306122449,0.8421052631578947,0.7368421052631579,0.875,0.6363636363636364,0.925,0.9736842105263158,0.8809523809523809,9317069
