stage,imputer,missing_rate,replicate,fold,n_train,n_test,train_test_overlap,imputer_object_id,correlation_source,has_corr_csv_path
imputation,RFECA_SVR(k=5),0.0,0,1,1286,322,0,2081375630784,training_fold_X.corr(),False
imputation,RFECA_SVR(k=5),0.0,0,2,1286,322,0,2081948925456,training_fold_X.corr(),False
imputation,RFECA_SVR(k=5),0.0,0,3,1286,322,0,2081949833200,training_fold_X.corr(),False
imputation,RFECA_SVR(k=5),0.0,0,4,1287,321,0,2081949705328,training_fold_X.corr(),False
imputation,RFECA_SVR(k=5),0.0,0,5,1287,321,0,2081949705600,training_fold_X.corr(),False
imputation,RFECA_SVR(k=10),0.0,0,1,1286,322,0,2081949235792,training_fold_X.corr(),False
imputation,RFECA_SVR(k=10),0.0,0,2,1286,322,0,2081949236048,training_fold_X.corr(),False
imputation,RFECA_SVR(k=10),0.0,0,3,1286,322,0,2082000142656,training_fold_X.corr(),False
imputation,RFECA_SVR(k=10),0.0,0,4,1287,321,0,2082000142896,training_fold_X.corr(),False
imputation,RFECA_SVR(k=10),0.0,0,5,1287,321,0,2082000143136,training_fold_X.corr(),False
imputation,RFECA_SVR(k=20),0.0,0,1,1286,322,0,2082000143376,training_fold_X.corr(),False
imputation,RFECA_SVR(k=20),0.0,0,2,1286,322,0,2082000143616,training_fold_X.corr(),False
imputation,RFECA_SVR(k=20),0.0,0,3,1286,322,0,2082000143856,training_fold_X.corr(),False
imputation,RFECA_SVR(k=20),0.0,0,4,1287,321,0,2082000144096,training_fold_X.corr(),False
imputation,RFECA_SVR(k=20),0.0,0,5,1287,321,0,2082000144336,training_fold_X.corr(),False
classification,RFECA_SVR(k=5),0.0,0,1,1286,322,0,2082000144576,training_fold_X.corr(),False
classification,RFECA_SVR(k=5),0.0,0,2,1286,322,0,2082000150336,training_fold_X.corr(),False
classification,RFECA_SVR(k=5),0.0,0,3,1286,322,0,2082000147936,training_fold_X.corr(),False
classification,RFECA_SVR(k=5),0.0,0,4,1287,321,0,2082000145536,training_fold_X.corr(),False
classification,RFECA_SVR(k=5),0.0,0,5,1287,321,0,2082000154416,training_fold_X.corr(),False
classification,RFECA_SVR(k=10),0.0,0,1,1286,322,0,2082000157536,training_fold_X.corr(),False
classification,RFECA_SVR(k=10),0.0,0,2,1286,322,0,2082000145296,training_fold_X.corr(),False
classification,RFECA_SVR(k=10),0.0,0,3,1286,322,0,2082205812688,training_fold_X.corr(),False
classification,RFECA_SVR(k=10),0.0,0,4,1287,321,0,2082205815808,training_fold_X.corr(),False
classification,RFECA_SVR(k=10),0.0,0,5,1287,321,0,2082205816768,training_fold_X.corr(),False
classification,RFECA_SVR(k=20),0.0,0,1,1286,322,0,2081948825504,training_fold_X.corr(),False
classification,RFECA_SVR(k=20),0.0,0,2,1286,322,0,2082000147696,training_fold_X.corr(),False
classification,RFECA_SVR(k=20),0.0,0,3,1286,322,0,2082000149376,training_fold_X.corr(),False
classification,RFECA_SVR(k=20),0.0,0,4,1287,321,0,2082205815328,training_fold_X.corr(),False
classification,RFECA_SVR(k=20),0.0,0,5,1287,321,0,2082205814608,training_fold_X.corr(),False
imputation,RFECA_SVR(k=5),0.0,1,1,1286,322,0,2081948826704,training_fold_X.corr(),False
imputation,RFECA_SVR(k=5),0.0,1,2,1286,322,0,2081948827184,training_fold_X.corr(),False
imputation,RFECA_SVR(k=5),0.0,1,3,1286,322,0,2081948825504,training_fold_X.corr(),False
imputation,RFECA_SVR(k=5),0.0,1,4,1287,321,0,2082000147456,training_fold_X.corr(),False
imputation,RFECA_SVR(k=5),0.0,1,5,1287,321,0,2082000147216,training_fold_X.corr(),False
imputation,RFECA_SVR(k=10),0.0,1,1,1286,322,0,2082000146976,training_fold_X.corr(),False
imputation,RFECA_SVR(k=10),0.0,1,2,1286,322,0,2082000145776,training_fold_X.corr(),False
imputation,RFECA_SVR(k=10),0.0,1,3,1286,322,0,2082000156816,training_fold_X.corr(),False
imputation,RFECA_SVR(k=10),0.0,1,4,1287,321,0,2082000156336,training_fold_X.corr(),False
imputation,RFECA_SVR(k=10),0.0,1,5,1287,321,0,2082000156576,training_fold_X.corr(),False
imputation,RFECA_SVR(k=20),0.0,1,1,1286,322,0,2082000154896,training_fold_X.corr(),False
imputation,RFECA_SVR(k=20),0.0,1,2,1286,322,0,2082000155136,training_fold_X.corr(),False
imputation,RFECA_SVR(k=20),0.0,1,3,1286,322,0,2082000145056,training_fold_X.corr(),False
imputation,RFECA_SVR(k=20),0.0,1,4,1287,321,0,2082000149856,training_fold_X.corr(),False
imputation,RFECA_SVR(k=20),0.0,1,5,1287,321,0,2082000149616,training_fold_X.corr(),False
classification,RFECA_SVR(k=5),0.0,1,1,1286,322,0,2082000142896,training_fold_X.corr(),False
classification,RFECA_SVR(k=5),0.0,1,2,1286,322,0,2082000146736,training_fold_X.corr(),False
classification,RFECA_SVR(k=5),0.0,1,3,1286,322,0,2082000148896,training_fold_X.corr(),False
classification,RFECA_SVR(k=5),0.0,1,4,1287,321,0,2082000154656,training_fold_X.corr(),False
classification,RFECA_SVR(k=5),0.0,1,5,1287,321,0,2082000155856,training_fold_X.corr(),False
classification,RFECA_SVR(k=10),0.0,1,1,1286,322,0,2082000142416,training_fold_X.corr(),False
classification,RFECA_SVR(k=10),0.0,1,2,1286,322,0,2082086684144,training_fold_X.corr(),False
classification,RFECA_SVR(k=10),0.0,1,3,1286,322,0,2082086686064,training_fold_X.corr(),False
classification,RFECA_SVR(k=10),0.0,1,4,1287,321,0,2082086687984,training_fold_X.corr(),False
classification,RFECA_SVR(k=10),0.0,1,5,1287,321,0,2082086689904,training_fold_X.corr(),False
classification,RFECA_SVR(k=20),0.0,1,1,1286,322,0,2082000142656,training_fold_X.corr(),False
classification,RFECA_SVR(k=20),0.0,1,2,1286,322,0,2082086693744,training_fold_X.corr(),False
classification,RFECA_SVR(k=20),0.0,1,3,1286,322,0,2082086695664,training_fold_X.corr(),False
classification,RFECA_SVR(k=20),0.0,1,4,1287,321,0,2082086697584,training_fold_X.corr(),False
classification,RFECA_SVR(k=20),0.0,1,5,1287,321,0,2082000153696,training_fold_X.corr(),False
imputation,RFECA_SVR(k=5),0.0,2,1,1286,322,0,2081948827184,training_fold_X.corr(),False
imputation,RFECA_SVR(k=5),0.0,2,2,1286,322,0,2081948825504,training_fold_X.corr(),False
imputation,RFECA_SVR(k=5),0.0,2,3,1286,322,0,2081948827424,training_fold_X.corr(),False
imputation,RFECA_SVR(k=5),0.0,2,4,1287,321,0,2082086696624,training_fold_X.corr(),False
imputation,RFECA_SVR(k=5),0.0,2,5,1287,321,0,2082086697824,training_fold_X.corr(),False
imputation,RFECA_SVR(k=10),0.0,2,1,1286,322,0,2082086698064,training_fold_X.corr(),False
imputation,RFECA_SVR(k=10),0.0,2,2,1286,322,0,2082086698784,training_fold_X.corr(),False
imputation,RFECA_SVR(k=10),0.0,2,3,1286,322,0,2082086698544,training_fold_X.corr(),False
imputation,RFECA_SVR(k=10),0.0,2,4,1287,321,0,2082086682944,training_fold_X.corr(),False
imputation,RFECA_SVR(k=10),0.0,2,5,1287,321,0,2082086684144,training_fold_X.corr(),False
imputation,RFECA_SVR(k=20),0.0,2,1,1286,322,0,2082086684864,training_fold_X.corr(),False
imputation,RFECA_SVR(k=20),0.0,2,2,1286,322,0,2082086683904,training_fold_X.corr(),False
imputation,RFECA_SVR(k=20),0.0,2,3,1286,322,0,2082086686064,training_fold_X.corr(),False
imputation,RFECA_SVR(k=20),0.0,2,4,1287,321,0,2082086686784,training_fold_X.corr(),False
imputation,RFECA_SVR(k=20),0.0,2,5,1287,321,0,2082086685824,training_fold_X.corr(),False
classification,RFECA_SVR(k=5),0.0,2,1,1286,322,0,2082086687744,training_fold_X.corr(),False
classification,RFECA_SVR(k=5),0.0,2,2,1286,322,0,2082086698304,training_fold_X.corr(),False
classification,RFECA_SVR(k=5),0.0,2,3,1286,322,0,2082086693504,training_fold_X.corr(),False
classification,RFECA_SVR(k=5),0.0,2,4,1287,321,0,2082086694224,training_fold_X.corr(),False
classification,RFECA_SVR(k=5),0.0,2,5,1287,321,0,2082086690864,training_fold_X.corr(),False
classification,RFECA_SVR(k=10),0.0,2,1,1286,322,0,2082086687984,training_fold_X.corr(),False
classification,RFECA_SVR(k=10),0.0,2,2,1286,322,0,2082000156816,training_fold_X.corr(),False
classification,RFECA_SVR(k=10),0.0,2,3,1286,322,0,2082086683664,training_fold_X.corr(),False
classification,RFECA_SVR(k=10),0.0,2,4,1287,321,0,2082086685344,training_fold_X.corr(),False
classification,RFECA_SVR(k=10),0.0,2,5,1287,321,0,2082086690384,training_fold_X.corr(),False
classification,RFECA_SVR(k=20),0.0,2,1,1286,322,0,2082086688704,training_fold_X.corr(),False
classification,RFECA_SVR(k=20),0.0,2,2,1286,322,0,2082000143136,training_fold_X.corr(),False
classification,RFECA_SVR(k=20),0.0,2,3,1286,322,0,2082000147936,training_fold_X.corr(),False
classification,RFECA_SVR(k=20),0.0,2,4,1287,321,0,2082000153696,training_fold_X.corr(),False
classification,RFECA_SVR(k=20),0.0,2,5,1287,321,0,2082000143856,training_fold_X.corr(),False
imputation,RFECA_SVR(k=5),0.0,3,1,1286,322,0,2081948825504,training_fold_X.corr(),False
imputation,RFECA_SVR(k=5),0.0,3,2,1286,322,0,2081948827424,training_fold_X.corr(),False
imputation,RFECA_SVR(k=5),0.0,3,3,1286,322,0,2081948826704,training_fold_X.corr(),False
imputation,RFECA_SVR(k=5),0.0,3,4,1287,321,0,2082086689664,training_fold_X.corr(),False
imputation,RFECA_SVR(k=5),0.0,3,5,1287,321,0,2082086692544,training_fold_X.corr(),False
imputation,RFECA_SVR(k=10),0.0,3,1,1286,322,0,2082086691584,training_fold_X.corr(),False
imputation,RFECA_SVR(k=10),0.0,3,2,1286,322,0,2082086693744,training_fold_X.corr(),False
imputation,RFECA_SVR(k=10),0.0,3,3,1286,322,0,2082086697104,training_fold_X.corr(),False
imputation,RFECA_SVR(k=10),0.0,3,4,1287,321,0,2082086696624,training_fold_X.corr(),False
imputation,RFECA_SVR(k=10),0.0,3,5,1287,321,0,2082086697824,training_fold_X.corr(),False
imputation,RFECA_SVR(k=20),0.0,3,1,1286,322,0,2082086698064,training_fold_X.corr(),False
imputation,RFECA_SVR(k=20),0.0,3,2,1286,322,0,2082086690624,training_fold_X.corr(),False
imputation,RFECA_SVR(k=20),0.0,3,3,1286,322,0,2082086694944,training_fold_X.corr(),False
imputation,RFECA_SVR(k=20),0.0,3,4,1287,321,0,2082086696384,training_fold_X.corr(),False
imputation,RFECA_SVR(k=20),0.0,3,5,1287,321,0,2082086695424,training_fold_X.corr(),False
classification,RFECA_SVR(k=5),0.0,3,1,1286,322,0,2082086691824,training_fold_X.corr(),False
classification,RFECA_SVR(k=5),0.0,3,2,1286,322,0,2082086698784,training_fold_X.corr(),False
classification,RFECA_SVR(k=5),0.0,3,3,1286,322,0,2082086686544,training_fold_X.corr(),False
classification,RFECA_SVR(k=5),0.0,3,4,1287,321,0,2082086685824,training_fold_X.corr(),False
classification,RFECA_SVR(k=5),0.0,3,5,1287,321,0,2082086692064,training_fold_X.corr(),False
classification,RFECA_SVR(k=10),0.0,3,1,1286,322,0,2082086695904,training_fold_X.corr(),False
classification,RFECA_SVR(k=10),0.0,3,2,1286,322,0,2082000149376,training_fold_X.corr(),False
classification,RFECA_SVR(k=10),0.0,3,3,1286,322,0,2082000148896,training_fold_X.corr(),False
classification,RFECA_SVR(k=10),0.0,3,4,1287,321,0,2082000142896,training_fold_X.corr(),False
classification,RFECA_SVR(k=10),0.0,3,5,1287,321,0,2082000147936,training_fold_X.corr(),False
classification,RFECA_SVR(k=20),0.0,3,1,1286,322,0,2082086694704,training_fold_X.corr(),False
classification,RFECA_SVR(k=20),0.0,3,2,1286,322,0,2082086693264,training_fold_X.corr(),False
classification,RFECA_SVR(k=20),0.0,3,3,1286,322,0,2082086685584,training_fold_X.corr(),False
classification,RFECA_SVR(k=20),0.0,3,4,1287,321,0,2082086689424,training_fold_X.corr(),False
classification,RFECA_SVR(k=20),0.0,3,5,1287,321,0,2082086695184,training_fold_X.corr(),False
imputation,RFECA_SVR(k=5),0.0,4,1,1286,322,0,2081948827424,training_fold_X.corr(),False
imputation,RFECA_SVR(k=5),0.0,4,2,1286,322,0,2081948826704,training_fold_X.corr(),False
imputation,RFECA_SVR(k=5),0.0,4,3,1286,322,0,2081948827184,training_fold_X.corr(),False
imputation,RFECA_SVR(k=5),0.0,4,4,1287,321,0,2082086692784,training_fold_X.corr(),False
imputation,RFECA_SVR(k=5),0.0,4,5,1287,321,0,2082086693024,training_fold_X.corr(),False
imputation,RFECA_SVR(k=10),0.0,4,1,1286,322,0,2082086683184,training_fold_X.corr(),False
imputation,RFECA_SVR(k=10),0.0,4,2,1286,322,0,2082086684384,training_fold_X.corr(),False
imputation,RFECA_SVR(k=10),0.0,4,3,1286,322,0,2082086682944,training_fold_X.corr(),False
imputation,RFECA_SVR(k=10),0.0,4,4,1287,321,0,2082086689664,training_fold_X.corr(),False
imputation,RFECA_SVR(k=10),0.0,4,5,1287,321,0,2082086692544,training_fold_X.corr(),False
imputation,RFECA_SVR(k=20),0.0,4,1,1286,322,0,2082086691584,training_fold_X.corr(),False
imputation,RFECA_SVR(k=20),0.0,4,2,1286,322,0,2082086693744,training_fold_X.corr(),False
imputation,RFECA_SVR(k=20),0.0,4,3,1286,322,0,2082086697104,training_fold_X.corr(),False
imputation,RFECA_SVR(k=20),0.0,4,4,1287,321,0,2082086696624,training_fold_X.corr(),False
imputation,RFECA_SVR(k=20),0.0,4,5,1287,321,0,2082086697824,training_fold_X.corr(),False
classification,RFECA_SVR(k=5),0.0,4,1,1286,322,0,2082086694944,training_fold_X.corr(),False
classification,RFECA_SVR(k=5),0.0,4,2,1286,322,0,2082086691104,training_fold_X.corr(),False
classification,RFECA_SVR(k=5),0.0,4,3,1286,322,0,2082086698544,training_fold_X.corr(),False
classification,RFECA_SVR(k=5),0.0,4,4,1287,321,0,2082086694704,training_fold_X.corr(),False
classification,RFECA_SVR(k=5),0.0,4,5,1287,321,0,2082086684144,training_fold_X.corr(),False
classification,RFECA_SVR(k=10),0.0,4,1,1286,322,0,2082086698064,training_fold_X.corr(),False
classification,RFECA_SVR(k=10),0.0,4,2,1286,322,0,2082086686064,training_fold_X.corr(),False
classification,RFECA_SVR(k=10),0.0,4,3,1286,322,0,2082086691344,training_fold_X.corr(),False
classification,RFECA_SVR(k=10),0.0,4,4,1287,321,0,2082000147936,training_fold_X.corr(),False
classification,RFECA_SVR(k=10),0.0,4,5,1287,321,0,2082000150096,training_fold_X.corr(),False
classification,RFECA_SVR(k=20),0.0,4,1,1286,322,0,2082086690624,training_fold_X.corr(),False
classification,RFECA_SVR(k=20),0.0,4,2,1286,322,0,2082000155856,training_fold_X.corr(),False
classification,RFECA_SVR(k=20),0.0,4,3,1286,322,0,2082086694464,training_fold_X.corr(),False
classification,RFECA_SVR(k=20),0.0,4,4,1287,321,0,2082359905648,training_fold_X.corr(),False
classification,RFECA_SVR(k=20),0.0,4,5,1287,321,0,2082359907568,training_fold_X.corr(),False
imputation,RFECA_SVR(k=5),0.0,5,1,1286,322,0,2081948827184,training_fold_X.corr(),False
imputation,RFECA_SVR(k=5),0.0,5,2,1286,322,0,2081948825504,training_fold_X.corr(),False
imputation,RFECA_SVR(k=5),0.0,5,3,1286,322,0,2082000158256,training_fold_X.corr(),False
imputation,RFECA_SVR(k=5),0.0,5,4,1287,321,0,2082000157296,training_fold_X.corr(),False
imputation,RFECA_SVR(k=5),0.0,5,5,1287,321,0,2082000144816,training_fold_X.corr(),False
imputation,RFECA_SVR(k=10),0.0,5,1,1286,322,0,2082000149136,training_fold_X.corr(),False
imputation,RFECA_SVR(k=10),0.0,5,2,1286,322,0,2082000144096,training_fold_X.corr(),False
imputation,RFECA_SVR(k=10),0.0,5,3,1286,322,0,2082000153936,training_fold_X.corr(),False
imputation,RFECA_SVR(k=10),0.0,5,4,1287,321,0,2082000147936,training_fold_X.corr(),False
imputation,RFECA_SVR(k=10),0.0,5,5,1287,321,0,2082000154176,training_fold_X.corr(),False
imputation,RFECA_SVR(k=20),0.0,5,1,1286,322,0,2082000155136,training_fold_X.corr(),False
imputation,RFECA_SVR(k=20),0.0,5,2,1286,322,0,2082000150096,training_fold_X.corr(),False
imputation,RFECA_SVR(k=20),0.0,5,3,1286,322,0,2082000143616,training_fold_X.corr(),False
imputation,RFECA_SVR(k=20),0.0,5,4,1287,321,0,2082000157056,training_fold_X.corr(),False
imputation,RFECA_SVR(k=20),0.0,5,5,1287,321,0,2082000149856,training_fold_X.corr(),False
classification,RFECA_SVR(k=5),0.0,5,1,1286,322,0,2082000144336,training_fold_X.corr(),False
classification,RFECA_SVR(k=5),0.0,5,2,1286,322,0,2082000154656,training_fold_X.corr(),False
classification,RFECA_SVR(k=5),0.0,5,3,1286,322,0,2082000156816,training_fold_X.corr(),False
classification,RFECA_SVR(k=5),0.0,5,4,1287,321,0,2082086691584,training_fold_X.corr(),False
classification,RFECA_SVR(k=5),0.0,5,5,1287,321,0,2082086691104,training_fold_X.corr(),False
classification,RFECA_SVR(k=10),0.0,5,1,1286,322,0,2081948826704,training_fold_X.corr(),False
classification,RFECA_SVR(k=10),0.0,5,2,1286,322,0,2082086688224,training_fold_X.corr(),False
classification,RFECA_SVR(k=10),0.0,5,3,1286,322,0,2082000156096,training_fold_X.corr(),False
classification,RFECA_SVR(k=10),0.0,5,4,1287,321,0,2082000158496,training_fold_X.corr(),False
classification,RFECA_SVR(k=10),0.0,5,5,1287,321,0,2082086689424,training_fold_X.corr(),False
classification,RFECA_SVR(k=20),0.0,5,1,1286,322,0,2082086693264,training_fold_X.corr(),False
classification,RFECA_SVR(k=20),0.0,5,2,1286,322,0,2082086690144,training_fold_X.corr(),False
classification,RFECA_SVR(k=20),0.0,5,3,1286,322,0,2082086684624,training_fold_X.corr(),False
classification,RFECA_SVR(k=20),0.0,5,4,1287,321,0,2082086695904,training_fold_X.corr(),False
classification,RFECA_SVR(k=20),0.0,5,5,1287,321,0,2082000142416,training_fold_X.corr(),False
imputation,RFECA_SVR(k=5),0.0,6,1,1286,322,0,2082086691584,training_fold_X.corr(),False
imputation,RFECA_SVR(k=5),0.0,6,2,1286,322,0,2082086696624,training_fold_X.corr(),False
imputation,RFECA_SVR(k=5),0.0,6,3,1286,322,0,2082086693984,training_fold_X.corr(),False
imputation,RFECA_SVR(k=5),0.0,6,4,1287,321,0,2082086692544,training_fold_X.corr(),False
imputation,RFECA_SVR(k=5),0.0,6,5,1287,321,0,2082086691104,training_fold_X.corr(),False
imputation,RFECA_SVR(k=10),0.0,6,1,1286,322,0,2082086698544,training_fold_X.corr(),False
imputation,RFECA_SVR(k=10),0.0,6,2,1286,322,0,2082086696384,training_fold_X.corr(),False
imputation,RFECA_SVR(k=10),0.0,6,3,1286,322,0,2082086694224,training_fold_X.corr(),False
imputation,RFECA_SVR(k=10),0.0,6,4,1287,321,0,2082086695664,training_fold_X.corr(),False
imputation,RFECA_SVR(k=10),0.0,6,5,1287,321,0,2082086688224,training_fold_X.corr(),False
imputation,RFECA_SVR(k=20),0.0,6,1,1286,322,0,2082086696144,training_fold_X.corr(),False
imputation,RFECA_SVR(k=20),0.0,6,2,1286,322,0,2082086685584,training_fold_X.corr(),False
imputation,RFECA_SVR(k=20),0.0,6,3,1286,322,0,2082086688464,training_fold_X.corr(),False
imputation,RFECA_SVR(k=20),0.0,6,4,1287,321,0,2082086691824,training_fold_X.corr(),False
imputation,RFECA_SVR(k=20),0.0,6,5,1287,321,0,2082086687984,training_fold_X.corr(),False
classification,RFECA_SVR(k=5),0.0,6,1,1286,322,0,2082086688944,training_fold_X.corr(),False
classification,RFECA_SVR(k=5),0.0,6,2,1286,322,0,2082086694944,training_fold_X.corr(),False
classification,RFECA_SVR(k=5),0.0,6,3,1286,322,0,2082086692784,training_fold_X.corr(),False
classification,RFECA_SVR(k=5),0.0,6,4,1287,321,0,2082086686064,training_fold_X.corr(),False
classification,RFECA_SVR(k=5),0.0,6,5,1287,321,0,2082086684624,training_fold_X.corr(),False
classification,RFECA_SVR(k=10),0.0,6,1,1286,322,0,2082086683184,training_fold_X.corr(),False
classification,RFECA_SVR(k=10),0.0,6,2,1286,322,0,2082000144816,training_fold_X.corr(),False
classification,RFECA_SVR(k=10),0.0,6,3,1286,322,0,2082000143616,training_fold_X.corr(),False
classification,RFECA_SVR(k=10),0.0,6,4,1287,321,0,2082000143376,training_fold_X.corr(),False
classification,RFECA_SVR(k=10),0.0,6,5,1287,321,0,2082000142416,training_fold_X.corr(),False
classification,RFECA_SVR(k=20),0.0,6,1,1286,322,0,2082086698784,training_fold_X.corr(),False
classification,RFECA_SVR(k=20),0.0,6,2,1286,322,0,2082000154416,training_fold_X.corr(),False
classification,RFECA_SVR(k=20),0.0,6,3,1286,322,0,2082000158496,training_fold_X.corr(),False
classification,RFECA_SVR(k=20),0.0,6,4,1287,321,0,2082000142656,training_fold_X.corr(),False
classification,RFECA_SVR(k=20),0.0,6,5,1287,321,0,2082000157776,training_fold_X.corr(),False
imputation,RFECA_SVR(k=5),0.0,7,1,1286,322,0,2082000154896,training_fold_X.corr(),False
imputation,RFECA_SVR(k=5),0.0,7,2,1286,322,0,2082000157536,training_fold_X.corr(),False
imputation,RFECA_SVR(k=5),0.0,7,3,1286,322,0,2082000148176,training_fold_X.corr(),False
imputation,RFECA_SVR(k=5),0.0,7,4,1287,321,0,2082000153216,training_fold_X.corr(),False
imputation,RFECA_SVR(k=5),0.0,7,5,1287,321,0,2082000152976,training_fold_X.corr(),False
imputation,RFECA_SVR(k=10),0.0,7,1,1286,322,0,2082000152736,training_fold_X.corr(),False
imputation,RFECA_SVR(k=10),0.0,7,2,1286,322,0,2082000152496,training_fold_X.corr(),False
imputation,RFECA_SVR(k=10),0.0,7,3,1286,322,0,2082000144816,training_fold_X.corr(),False
imputation,RFECA_SVR(k=10),0.0,7,4,1287,321,0,2082000153936,training_fold_X.corr(),False
imputation,RFECA_SVR(k=10),0.0,7,5,1287,321,0,2082000157296,training_fold_X.corr(),False
imputation,RFECA_SVR(k=20),0.0,7,1,1286,322,0,2082000143616,training_fold_X.corr(),False
imputation,RFECA_SVR(k=20),0.0,7,2,1286,322,0,2082000144336,training_fold_X.corr(),False
imputation,RFECA_SVR(k=20),0.0,7,3,1286,322,0,2082000150096,training_fold_X.corr(),False
imputation,RFECA_SVR(k=20),0.0,7,4,1287,321,0,2082000143376,training_fold_X.corr(),False
imputation,RFECA_SVR(k=20),0.0,7,5,1287,321,0,2082000156096,training_fold_X.corr(),False
classification,RFECA_SVR(k=5),0.0,7,1,1286,322,0,2082000149376,training_fold_X.corr(),False
classification,RFECA_SVR(k=5),0.0,7,2,1286,322,0,2082000145296,training_fold_X.corr(),False
classification,RFECA_SVR(k=5),0.0,7,3,1286,322,0,2082000156576,training_fold_X.corr(),False
classification,RFECA_SVR(k=5),0.0,7,4,1287,321,0,2082000146256,training_fold_X.corr(),False
classification,RFECA_SVR(k=5),0.0,7,5,1287,321,0,2082000142896,training_fold_X.corr(),False
classification,RFECA_SVR(k=10),0.0,7,1,1286,322,0,2082000158016,training_fold_X.corr(),False
classification,RFECA_SVR(k=10),0.0,7,2,1286,322,0,2082086695664,training_fold_X.corr(),False
classification,RFECA_SVR(k=10),0.0,7,3,1286,322,0,2082086693024,training_fold_X.corr(),False
classification,RFECA_SVR(k=10),0.0,7,4,1287,321,0,2082086686064,training_fold_X.corr(),False
classification,RFECA_SVR(k=10),0.0,7,5,1287,321,0,2082086691344,training_fold_X.corr(),False
classification,RFECA_SVR(k=20),0.0,7,1,1286,322,0,2082000142416,training_fold_X.corr(),False
classification,RFECA_SVR(k=20),0.0,7,2,1286,322,0,2082086698304,training_fold_X.corr(),False
classification,RFECA_SVR(k=20),0.0,7,3,1286,322,0,2082086693744,training_fold_X.corr(),False
classification,RFECA_SVR(k=20),0.0,7,4,1287,321,0,2082000149616,training_fold_X.corr(),False
classification,RFECA_SVR(k=20),0.0,7,5,1287,321,0,2082000145056,training_fold_X.corr(),False
imputation,RFECA_SVR(k=5),0.0,8,1,1286,322,0,2082000157536,training_fold_X.corr(),False
imputation,RFECA_SVR(k=5),0.0,8,2,1286,322,0,2082000148176,training_fold_X.corr(),False
imputation,RFECA_SVR(k=5),0.0,8,3,1286,322,0,2081948827424,training_fold_X.corr(),False
imputation,RFECA_SVR(k=5),0.0,8,4,1287,321,0,2081948827184,training_fold_X.corr(),False
imputation,RFECA_SVR(k=5),0.0,8,5,1287,321,0,2081948825504,training_fold_X.corr(),False
imputation,RFECA_SVR(k=10),0.0,8,1,1286,322,0,2082000154896,training_fold_X.corr(),False
imputation,RFECA_SVR(k=10),0.0,8,2,1286,322,0,2082000147456,training_fold_X.corr(),False
imputation,RFECA_SVR(k=10),0.0,8,3,1286,322,0,2082000153216,training_fold_X.corr(),False
imputation,RFECA_SVR(k=10),0.0,8,4,1287,321,0,2082000152976,training_fold_X.corr(),False
imputation,RFECA_SVR(k=10),0.0,8,5,1287,321,0,2082000152736,training_fold_X.corr(),False
imputation,RFECA_SVR(k=20),0.0,8,1,1286,322,0,2082000152496,training_fold_X.corr(),False
imputation,RFECA_SVR(k=20),0.0,8,2,1286,322,0,2082000144816,training_fold_X.corr(),False
imputation,RFECA_SVR(k=20),0.0,8,3,1286,322,0,2082000153936,training_fold_X.corr(),False
imputation,RFECA_SVR(k=20),0.0,8,4,1287,321,0,2082000157296,training_fold_X.corr(),False
imputation,RFECA_SVR(k=20),0.0,8,5,1287,321,0,2082000143616,training_fold_X.corr(),False
classification,RFECA_SVR(k=5),0.0,8,1,1286,322,0,2082000143376,training_fold_X.corr(),False
classification,RFECA_SVR(k=5),0.0,8,2,1286,322,0,2082000155856,training_fold_X.corr(),False
classification,RFECA_SVR(k=5),0.0,8,3,1286,322,0,2082000156576,training_fold_X.corr(),False
classification,RFECA_SVR(k=5),0.0,8,4,1287,321,0,2082000151296,training_fold_X.corr(),False
classification,RFECA_SVR(k=5),0.0,8,5,1287,321,0,2082086686064,training_fold_X.corr(),False
classification,RFECA_SVR(k=10),0.0,8,1,1286,322,0,2082000144336,training_fold_X.corr(),False
classification,RFECA_SVR(k=10),0.0,8,2,1286,322,0,2082000150336,training_fold_X.corr(),False
classification,RFECA_SVR(k=10),0.0,8,3,1286,322,0,2082000142416,training_fold_X.corr(),False
classification,RFECA_SVR(k=10),0.0,8,4,1287,321,0,2082000149376,training_fold_X.corr(),False
classification,RFECA_SVR(k=10),0.0,8,5,1287,321,0,2082086695904,training_fold_X.corr(),False
classification,RFECA_SVR(k=20),0.0,8,1,1286,322,0,2082000150096,training_fold_X.corr(),False
classification,RFECA_SVR(k=20),0.0,8,2,1286,322,0,2082086693504,training_fold_X.corr(),False
classification,RFECA_SVR(k=20),0.0,8,3,1286,322,0,2082086698784,training_fold_X.corr(),False
classification,RFECA_SVR(k=20),0.0,8,4,1287,321,0,2082086688464,training_fold_X.corr(),False
classification,RFECA_SVR(k=20),0.0,8,5,1287,321,0,2082086693984,training_fold_X.corr(),False
imputation,RFECA_SVR(k=5),0.0,9,1,1286,322,0,2082086686064,training_fold_X.corr(),False
imputation,RFECA_SVR(k=5),0.0,9,2,1286,322,0,2082086691344,training_fold_X.corr(),False
imputation,RFECA_SVR(k=5),0.0,9,3,1286,322,0,2082086687264,training_fold_X.corr(),False
imputation,RFECA_SVR(k=5),0.0,9,4,1287,321,0,2082086688944,training_fold_X.corr(),False
imputation,RFECA_SVR(k=5),0.0,9,5,1287,321,0,2082086687504,training_fold_X.corr(),False
imputation,RFECA_SVR(k=10),0.0,9,1,1286,322,0,2082086691584,training_fold_X.corr(),False
imputation,RFECA_SVR(k=10),0.0,9,2,1286,322,0,2082086696624,training_fold_X.corr(),False
imputation,RFECA_SVR(k=10),0.0,9,3,1286,322,0,2082086688224,training_fold_X.corr(),False
imputation,RFECA_SVR(k=10),0.0,9,4,1287,321,0,2082086691104,training_fold_X.corr(),False
imputation,RFECA_SVR(k=10),0.0,9,5,1287,321,0,2082086698544,training_fold_X.corr(),False
imputation,RFECA_SVR(k=20),0.0,9,1,1286,322,0,2082086687984,training_fold_X.corr(),False
imputation,RFECA_SVR(k=20),0.0,9,2,1286,322,0,2082086691824,training_fold_X.corr(),False
imputation,RFECA_SVR(k=20),0.0,9,3,1286,322,0,2082086692784,training_fold_X.corr(),False
imputation,RFECA_SVR(k=20),0.0,9,4,1287,321,0,2082086686784,training_fold_X.corr(),False
imputation,RFECA_SVR(k=20),0.0,9,5,1287,321,0,2082086694944,training_fold_X.corr(),False
classification,RFECA_SVR(k=5),0.0,9,1,1286,322,0,2082086698064,training_fold_X.corr(),False
classification,RFECA_SVR(k=5),0.0,9,2,1286,322,0,2082086690624,training_fold_X.corr(),False
classification,RFECA_SVR(k=5),0.0,9,3,1286,322,0,2082086694464,training_fold_X.corr(),False
classification,RFECA_SVR(k=5),0.0,9,4,1287,321,0,2082086695904,training_fold_X.corr(),False
classification,RFECA_SVR(k=5),0.0,9,5,1287,321,0,2082086688464,training_fold_X.corr(),False
classification,RFECA_SVR(k=10),0.0,9,1,1286,322,0,2082086685584,training_fold_X.corr(),False
classification,RFECA_SVR(k=10),0.0,9,2,1286,322,0,2082000145776,training_fold_X.corr(),False
classification,RFECA_SVR(k=10),0.0,9,3,1286,322,0,2082000148176,training_fold_X.corr(),False
classification,RFECA_SVR(k=10),0.0,9,4,1287,321,0,2082000153936,training_fold_X.corr(),False
classification,RFECA_SVR(k=10),0.0,9,5,1287,321,0,2082086694704,training_fold_X.corr(),False
classification,RFECA_SVR(k=20),0.0,9,1,1286,322,0,2082086693504,training_fold_X.corr(),False
classification,RFECA_SVR(k=20),0.0,9,2,1286,322,0,2082086690144,training_fold_X.corr(),False
classification,RFECA_SVR(k=20),0.0,9,3,1286,322,0,2082000146976,training_fold_X.corr(),False
classification,RFECA_SVR(k=20),0.0,9,4,1287,321,0,2082000154176,training_fold_X.corr(),False
classification,RFECA_SVR(k=20),0.0,9,5,1287,321,0,2082000150576,training_fold_X.corr(),False
imputation,RFECA_SVR(k=5),0.05,0,1,1286,322,0,2082086691344,training_fold_X.corr(),False
imputation,RFECA_SVR(k=5),0.05,0,2,1286,322,0,2082086687264,training_fold_X.corr(),False
imputation,RFECA_SVR(k=5),0.05,0,3,1286,322,0,2081948825504,training_fold_X.corr(),False
imputation,RFECA_SVR(k=5),0.05,0,4,1287,321,0,2081948827184,training_fold_X.corr(),False
imputation,RFECA_SVR(k=5),0.05,0,5,1287,321,0,2081948827424,training_fold_X.corr(),False
imputation,RFECA_SVR(k=10),0.05,0,1,1286,322,0,2082086686064,training_fold_X.corr(),False
imputation,RFECA_SVR(k=10),0.05,0,2,1286,322,0,2082086692064,training_fold_X.corr(),False
imputation,RFECA_SVR(k=10),0.05,0,3,1286,322,0,2082086688944,training_fold_X.corr(),False
imputation,RFECA_SVR(k=10),0.05,0,4,1287,321,0,2082086687504,training_fold_X.corr(),False
imputation,RFECA_SVR(k=10),0.05,0,5,1287,321,0,2082086691584,training_fold_X.corr(),False
imputation,RFECA_SVR(k=20),0.05,0,1,1286,322,0,2082086696624,training_fold_X.corr(),False
imputation,RFECA_SVR(k=20),0.05,0,2,1286,322,0,2082086688224,training_fold_X.corr(),False
imputation,RFECA_SVR(k=20),0.05,0,3,1286,322,0,2082086691104,training_fold_X.corr(),False
imputation,RFECA_SVR(k=20),0.05,0,4,1287,321,0,2082086698544,training_fold_X.corr(),False
imputation,RFECA_SVR(k=20),0.05,0,5,1287,321,0,2082086687984,training_fold_X.corr(),False
classification,RFECA_SVR(k=5),0.05,0,1,1286,322,0,2082086686784,training_fold_X.corr(),False
classification,RFECA_SVR(k=5),0.05,0,2,1286,322,0,2082086697104,training_fold_X.corr(),False
classification,RFECA_SVR(k=5),0.05,0,3,1286,322,0,2082086698304,training_fold_X.corr(),False
classification,RFECA_SVR(k=5),0.05,0,4,1287,321,0,2082086688704,training_fold_X.corr(),False
classification,RFECA_SVR(k=5),0.05,0,5,1287,321,0,2082086690864,training_fold_X.corr(),False
classification,RFECA_SVR(k=10),0.05,0,1,1286,322,0,2082086691824,training_fold_X.corr(),False
classification,RFECA_SVR(k=10),0.05,0,2,1286,322,0,2082086687744,training_fold_X.corr(),False
classification,RFECA_SVR(k=10),0.05,0,3,1286,322,0,2082086692544,training_fold_X.corr(),False
classification,RFECA_SVR(k=10),0.05,0,4,1287,321,0,2082086695184,training_fold_X.corr(),False
classification,RFECA_SVR(k=10),0.05,0,5,1287,321,0,2082000156336,training_fold_X.corr(),False
classification,RFECA_SVR(k=20),0.05,0,1,1286,322,0,2082086692784,training_fold_X.corr(),False
classification,RFECA_SVR(k=20),0.05,0,2,1286,322,0,2082000157776,training_fold_X.corr(),False
classification,RFECA_SVR(k=20),0.05,0,3,1286,322,0,2082000145056,training_fold_X.corr(),False
classification,RFECA_SVR(k=20),0.05,0,4,1287,321,0,2082000142896,training_fold_X.corr(),False
classification,RFECA_SVR(k=20),0.05,0,5,1287,321,0,2082000155136,training_fold_X.corr(),False
imputation,RFECA_SVR(k=5),0.05,1,1,1286,322,0,2082086691344,training_fold_X.corr(),False
imputation,RFECA_SVR(k=5),0.05,1,2,1286,322,0,2082086687264,training_fold_X.corr(),False
imputation,RFECA_SVR(k=5),0.05,1,3,1286,322,0,2082086683664,training_fold_X.corr(),False
imputation,RFECA_SVR(k=5),0.05,1,4,1287,321,0,2082086693504,training_fold_X.corr(),False
imputation,RFECA_SVR(k=5),0.05,1,5,1287,321,0,2082086688464,training_fold_X.corr(),False
imputation,RFECA_SVR(k=10),0.05,1,1,1286,322,0,2082086694464,training_fold_X.corr(),False
imputation,RFECA_SVR(k=10),0.05,1,2,1286,322,0,2082086695424,training_fold_X.corr(),False
imputation,RFECA_SVR(k=10),0.05,1,3,1286,322,0,2082086690624,training_fold_X.corr(),False
imputation,RFECA_SVR(k=10),0.05,1,4,1287,321,0,2082086695904,training_fold_X.corr(),False
imputation,RFECA_SVR(k=10),0.05,1,5,1287,321,0,2082086694704,training_fold_X.corr(),False
imputation,RFECA_SVR(k=20),0.05,1,1,1286,322,0,2082086690144,training_fold_X.corr(),False
imputation,RFECA_SVR(k=20),0.05,1,2,1286,322,0,2082086686064,training_fold_X.corr(),False
imputation,RFECA_SVR(k=20),0.05,1,3,1286,322,0,2082086692064,training_fold_X.corr(),False
imputation,RFECA_SVR(k=20),0.05,1,4,1287,321,0,2082086688944,training_fold_X.corr(),False
imputation,RFECA_SVR(k=20),0.05,1,5,1287,321,0,2082086687504,training_fold_X.corr(),False
classification,RFECA_SVR(k=5),0.05,1,1,1286,322,0,2082086688224,training_fold_X.corr(),False
classification,RFECA_SVR(k=5),0.05,1,2,1286,322,0,2082086682704,training_fold_X.corr(),False
classification,RFECA_SVR(k=5),0.05,1,3,1286,322,0,2082086685584,training_fold_X.corr(),False
classification,RFECA_SVR(k=5),0.05,1,4,1287,321,0,2082086698784,training_fold_X.corr(),False
classification,RFECA_SVR(k=5),0.05,1,5,1287,321,0,2082086697344,training_fold_X.corr(),False
classification,RFECA_SVR(k=10),0.05,1,1,1286,322,0,2082086683424,training_fold_X.corr(),False
classification,RFECA_SVR(k=10),0.05,1,2,1286,322,0,2082086685824,training_fold_X.corr(),False
classification,RFECA_SVR(k=10),0.05,1,3,1286,322,0,2082086683184,training_fold_X.corr(),False
classification,RFECA_SVR(k=10),0.05,1,4,1287,321,0,2081948827184,training_fold_X.corr(),False
classification,RFECA_SVR(k=10),0.05,1,5,1287,321,0,2082000152256,training_fold_X.corr(),False
classification,RFECA_SVR(k=20),0.05,1,1,1286,322,0,2082086696624,training_fold_X.corr(),False
classification,RFECA_SVR(k=20),0.05,1,2,1286,322,0,2082000156336,training_fold_X.corr(),False
classification,RFECA_SVR(k=20),0.05,1,3,1286,322,0,2082000157776,training_fold_X.corr(),False
classification,RFECA_SVR(k=20),0.05,1,4,1287,321,0,2082000154896,training_fold_X.corr(),False
classification,RFECA_SVR(k=20),0.05,1,5,1287,321,0,2082000155136,training_fold_X.corr(),False
imputation,RFECA_SVR(k=5),0.05,2,1,1286,322,0,2081948827424,training_fold_X.corr(),False
imputation,RFECA_SVR(k=5),0.05,2,2,1286,322,0,2082086696144,training_fold_X.corr(),False
imputation,RFECA_SVR(k=5),0.05,2,3,1286,322,0,2081948826704,training_fold_X.corr(),False
imputation,RFECA_SVR(k=5),0.05,2,4,1287,321,0,2081948825504,training_fold_X.corr(),False
imputation,RFECA_SVR(k=5),0.05,2,5,1287,321,0,2082086684144,training_fold_X.corr(),False
imputation,RFECA_SVR(k=10),0.05,2,1,1286,322,0,2082086686304,training_fold_X.corr(),False
imputation,RFECA_SVR(k=10),0.05,2,2,1286,322,0,2082086698544,training_fold_X.corr(),False
imputation,RFECA_SVR(k=10),0.05,2,3,1286,322,0,2082086693984,training_fold_X.corr(),False
imputation,RFECA_SVR(k=10),0.05,2,4,1287,321,0,2082086689664,training_fold_X.corr(),False
imputation,RFECA_SVR(k=10),0.05,2,5,1287,321,0,2082086690384,training_fold_X.corr(),False
imputation,RFECA_SVR(k=20),0.05,2,1,1286,322,0,2082086692784,training_fold_X.corr(),False
imputation,RFECA_SVR(k=20),0.05,2,2,1286,322,0,2082086691344,training_fold_X.corr(),False
imputation,RFECA_SVR(k=20),0.05,2,3,1286,322,0,2082086687264,training_fold_X.corr(),False
imputation,RFECA_SVR(k=20),0.05,2,4,1287,321,0,2082086683664,training_fold_X.corr(),False
imputation,RFECA_SVR(k=20),0.05,2,5,1287,321,0,2082086693504,training_fold_X.corr(),False
classification,RFECA_SVR(k=5),0.05,2,1,1286,322,0,2082086695424,training_fold_X.corr(),False
classification,RFECA_SVR(k=5),0.05,2,2,1286,322,0,2082086698784,training_fold_X.corr(),False
classification,RFECA_SVR(k=5),0.05,2,3,1286,322,0,2082086697344,training_fold_X.corr(),False
classification,RFECA_SVR(k=5),0.05,2,4,1287,321,0,2082086683424,training_fold_X.corr(),False
classification,RFECA_SVR(k=5),0.05,2,5,1287,321,0,2082086685824,training_fold_X.corr(),False
classification,RFECA_SVR(k=10),0.05,2,1,1286,322,0,2082086688464,training_fold_X.corr(),False
classification,RFECA_SVR(k=10),0.05,2,2,1286,322,0,2082086683904,training_fold_X.corr(),False
classification,RFECA_SVR(k=10),0.05,2,3,1286,322,0,2082086685344,training_fold_X.corr(),False
classification,RFECA_SVR(k=10),0.05,2,4,1287,321,0,2082086698304,training_fold_X.corr(),False
classification,RFECA_SVR(k=10),0.05,2,5,1287,321,0,2082086691584,training_fold_X.corr(),False
classification,RFECA_SVR(k=20),0.05,2,1,1286,322,0,2082086694464,training_fold_X.corr(),False
classification,RFECA_SVR(k=20),0.05,2,2,1286,322,0,2082000149616,training_fold_X.corr(),False
classification,RFECA_SVR(k=20),0.05,2,3,1286,322,0,2082000147456,training_fold_X.corr(),False
classification,RFECA_SVR(k=20),0.05,2,4,1287,321,0,2082000157776,training_fold_X.corr(),False
classification,RFECA_SVR(k=20),0.05,2,5,1287,321,0,2082000142896,training_fold_X.corr(),False
imputation,RFECA_SVR(k=5),0.05,3,1,1286,322,0,2081948826704,training_fold_X.corr(),False
imputation,RFECA_SVR(k=5),0.05,3,2,1286,322,0,2081948825504,training_fold_X.corr(),False
imputation,RFECA_SVR(k=5),0.05,3,3,1286,322,0,2081948827184,training_fold_X.corr(),False
imputation,RFECA_SVR(k=5),0.05,3,4,1287,321,0,2082086696624,training_fold_X.corr(),False
imputation,RFECA_SVR(k=5),0.05,3,5,1287,321,0,2082086689424,training_fold_X.corr(),False
imputation,RFECA_SVR(k=10),0.05,3,1,1286,322,0,2082086695184,training_fold_X.corr(),False
imputation,RFECA_SVR(k=10),0.05,3,2,1286,322,0,2082086687744,training_fold_X.corr(),False
imputation,RFECA_SVR(k=10),0.05,3,3,1286,322,0,2082086692544,training_fold_X.corr(),False
imputation,RFECA_SVR(k=10),0.05,3,4,1287,321,0,2082086696384,training_fold_X.corr(),False
imputation,RFECA_SVR(k=10),0.05,3,5,1287,321,0,2082086698064,training_fold_X.corr(),False
imputation,RFECA_SVR(k=20),0.05,3,1,1286,322,0,2082086687024,training_fold_X.corr(),False
imputation,RFECA_SVR(k=20),0.05,3,2,1286,322,0,2082086697584,training_fold_X.corr(),False
imputation,RFECA_SVR(k=20),0.05,3,3,1286,322,0,2082086696144,training_fold_X.corr(),False
imputation,RFECA_SVR(k=20),0.05,3,4,1287,321,0,2082086684144,training_fold_X.corr(),False
imputation,RFECA_SVR(k=20),0.05,3,5,1287,321,0,2082086686304,training_fold_X.corr(),False
classification,RFECA_SVR(k=5),0.05,3,1,1286,322,0,2082086689664,training_fold_X.corr(),False
classification,RFECA_SVR(k=5),0.05,3,2,1286,322,0,2082086685104,training_fold_X.corr(),False
classification,RFECA_SVR(k=5),0.05,3,3,1286,322,0,2082086683664,training_fold_X.corr(),False
classification,RFECA_SVR(k=5),0.05,3,4,1287,321,0,2082086689904,training_fold_X.corr(),False
classification,RFECA_SVR(k=5),0.05,3,5,1287,321,0,2082086690864,training_fold_X.corr(),False
classification,RFECA_SVR(k=10),0.05,3,1,1286,322,0,2082086698544,training_fold_X.corr(),False
classification,RFECA_SVR(k=10),0.05,3,2,1286,322,0,2082086695664,training_fold_X.corr(),False
classification,RFECA_SVR(k=10),0.05,3,3,1286,322,0,2082086694464,training_fold_X.corr(),False
classification,RFECA_SVR(k=10),0.05,3,4,1287,321,0,2082086687504,training_fold_X.corr(),False
classification,RFECA_SVR(k=10),0.05,3,5,1287,321,0,2082086683184,training_fold_X.corr(),False
classification,RFECA_SVR(k=20),0.05,3,1,1286,322,0,2082086693984,training_fold_X.corr(),False
classification,RFECA_SVR(k=20),0.05,3,2,1286,322,0,2082206057728,training_fold_X.corr(),False
classification,RFECA_SVR(k=20),0.05,3,3,1286,322,0,2082086698784,training_fold_X.corr(),False
classification,RFECA_SVR(k=20),0.05,3,4,1287,321,0,2082086692064,training_fold_X.corr(),False
classification,RFECA_SVR(k=20),0.05,3,5,1287,321,0,2082086693744,training_fold_X.corr(),False
imputation,RFECA_SVR(k=5),0.05,4,1,1286,322,0,2081948825504,training_fold_X.corr(),False
imputation,RFECA_SVR(k=5),0.05,4,2,1286,322,0,2081948827184,training_fold_X.corr(),False
imputation,RFECA_SVR(k=5),0.05,4,3,1286,322,0,2081948827424,training_fold_X.corr(),False
imputation,RFECA_SVR(k=5),0.05,4,4,1287,321,0,2082086696624,training_fold_X.corr(),False
imputation,RFECA_SVR(k=5),0.05,4,5,1287,321,0,2082086689424,training_fold_X.corr(),False
imputation,RFECA_SVR(k=10),0.05,4,1,1286,322,0,2082086695184,training_fold_X.corr(),False
imputation,RFECA_SVR(k=10),0.05,4,2,1286,322,0,2082086687744,training_fold_X.corr(),False
imputation,RFECA_SVR(k=10),0.05,4,3,1286,322,0,2082086692544,training_fold_X.corr(),False
imputation,RFECA_SVR(k=10),0.05,4,4,1287,321,0,2082086696384,training_fold_X.corr(),False
imputation,RFECA_SVR(k=10),0.05,4,5,1287,321,0,2082086698064,training_fold_X.corr(),False
imputation,RFECA_SVR(k=20),0.05,4,1,1286,322,0,2082086687024,training_fold_X.corr(),False
imputation,RFECA_SVR(k=20),0.05,4,2,1286,322,0,2082086697584,training_fold_X.corr(),False
imputation,RFECA_SVR(k=20),0.05,4,3,1286,322,0,2082086696144,training_fold_X.corr(),False
imputation,RFECA_SVR(k=20),0.05,4,4,1287,321,0,2082086684144,training_fold_X.corr(),False
imputation,RFECA_SVR(k=20),0.05,4,5,1287,321,0,2082086686304,training_fold_X.corr(),False
classification,RFECA_SVR(k=5),0.05,4,1,1286,322,0,2082086690384,training_fold_X.corr(),False
classification,RFECA_SVR(k=5),0.05,4,2,1286,322,0,2082086691584,training_fold_X.corr(),False
classification,RFECA_SVR(k=5),0.05,4,3,1286,322,0,2082086694704,training_fold_X.corr(),False
classification,RFECA_SVR(k=5),0.05,4,4,1287,321,0,2082086688224,training_fold_X.corr(),False
classification,RFECA_SVR(k=5),0.05,4,5,1287,321,0,2082086693984,training_fold_X.corr(),False
classification,RFECA_SVR(k=10),0.05,4,1,1286,322,0,2082086689664,training_fold_X.corr(),False
classification,RFECA_SVR(k=10),0.05,4,2,1286,322,0,2082086692064,training_fold_X.corr(),False
classification,RFECA_SVR(k=10),0.05,4,3,1286,322,0,2082086693744,training_fold_X.corr(),False
classification,RFECA_SVR(k=10),0.05,4,4,1287,321,0,2082086694944,training_fold_X.corr(),False
classification,RFECA_SVR(k=10),0.05,4,5,1287,321,0,2082086692784,training_fold_X.corr(),False
classification,RFECA_SVR(k=20),0.05,4,1,1286,322,0,2082086695424,training_fold_X.corr(),False
classification,RFECA_SVR(k=20),0.05,4,2,1286,322,0,2082086693504,training_fold_X.corr(),False
classification,RFECA_SVR(k=20),0.05,4,3,1286,322,0,2082086683424,training_fold_X.corr(),False
classification,RFECA_SVR(k=20),0.05,4,4,1287,321,0,2083378086208,training_fold_X.corr(),False
classification,RFECA_SVR(k=20),0.05,4,5,1287,321,0,2083378086928,training_fold_X.corr(),False
imputation,RFECA_SVR(k=5),0.05,5,1,1286,322,0,2081948827184,training_fold_X.corr(),False
imputation,RFECA_SVR(k=5),0.05,5,2,1286,322,0,2081948827424,training_fold_X.corr(),False
imputation,RFECA_SVR(k=5),0.05,5,3,1286,322,0,2081948826704,training_fold_X.corr(),False
imputation,RFECA_SVR(k=5),0.05,5,4,1287,321,0,2082086696624,training_fold_X.corr(),False
imputation,RFECA_SVR(k=5),0.05,5,5,1287,321,0,2082086689424,training_fold_X.corr(),False
imputation,RFECA_SVR(k=10),0.05,5,1,1286,322,0,2082086695184,training_fold_X.corr(),False
imputation,RFECA_SVR(k=10),0.05,5,2,1286,322,0,2082086687744,training_fold_X.corr(),False
imputation,RFECA_SVR(k=10),0.05,5,3,1286,322,0,2082086692544,training_fold_X.corr(),False
imputation,RFECA_SVR(k=10),0.05,5,4,1287,321,0,2082086696384,training_fold_X.corr(),False
imputation,RFECA_SVR(k=10),0.05,5,5,1287,321,0,2082086698064,training_fold_X.corr(),False
imputation,RFECA_SVR(k=20),0.05,5,1,1286,322,0,2082086687024,training_fold_X.corr(),False
imputation,RFECA_SVR(k=20),0.05,5,2,1286,322,0,2082086697584,training_fold_X.corr(),False
imputation,RFECA_SVR(k=20),0.05,5,3,1286,322,0,2082086696144,training_fold_X.corr(),False
imputation,RFECA_SVR(k=20),0.05,5,4,1287,321,0,2082086684144,training_fold_X.corr(),False
imputation,RFECA_SVR(k=20),0.05,5,5,1287,321,0,2082086686304,training_fold_X.corr(),False
classification,RFECA_SVR(k=5),0.05,5,1,1286,322,0,2082086685104,training_fold_X.corr(),False
classification,RFECA_SVR(k=5),0.05,5,2,1286,322,0,2082086684384,training_fold_X.corr(),False
classification,RFECA_SVR(k=5),0.05,5,3,1286,322,0,2082086695904,training_fold_X.corr(),False
classification,RFECA_SVR(k=5),0.05,5,4,1287,321,0,2082086691104,training_fold_X.corr(),False
classification,RFECA_SVR(k=5),0.05,5,5,1287,321,0,2082086693264,training_fold_X.corr(),False
classification,RFECA_SVR(k=10),0.05,5,1,1286,322,0,2082086690384,training_fold_X.corr(),False
classification,RFECA_SVR(k=10),0.05,5,2,1286,322,0,2082086688944,training_fold_X.corr(),False
classification,RFECA_SVR(k=10),0.05,5,3,1286,322,0,2082086686544,training_fold_X.corr(),False
classification,RFECA_SVR(k=10),0.05,5,4,1287,321,0,2082086697104,training_fold_X.corr(),False
classification,RFECA_SVR(k=10),0.05,5,5,1287,321,0,2082086682944,training_fold_X.corr(),False
classification,RFECA_SVR(k=20),0.05,5,1,1286,322,0,2082086689904,training_fold_X.corr(),False
classification,RFECA_SVR(k=20),0.05,5,2,1286,322,0,2082086697344,training_fold_X.corr(),False
classification,RFECA_SVR(k=20),0.05,5,3,1286,322,0,2082086684864,training_fold_X.corr(),False
classification,RFECA_SVR(k=20),0.05,5,4,1287,321,0,2083444752704,training_fold_X.corr(),False
classification,RFECA_SVR(k=20),0.05,5,5,1287,321,0,2083444753424,training_fold_X.corr(),False
imputation,RFECA_SVR(k=5),0.05,6,1,1286,322,0,2081948827424,training_fold_X.corr(),False
imputation,RFECA_SVR(k=5),0.05,6,2,1286,322,0,2081948826704,training_fold_X.corr(),False
imputation,RFECA_SVR(k=5),0.05,6,3,1286,322,0,2081948825504,training_fold_X.corr(),False
imputation,RFECA_SVR(k=5),0.05,6,4,1287,321,0,2082086696624,training_fold_X.corr(),False
imputation,RFECA_SVR(k=5),0.05,6,5,1287,321,0,2082086689424,training_fold_X.corr(),False
imputation,RFECA_SVR(k=10),0.05,6,1,1286,322,0,2082086695184,training_fold_X.corr(),False
imputation,RFECA_SVR(k=10),0.05,6,2,1286,322,0,2082086687744,training_fold_X.corr(),False
imputation,RFECA_SVR(k=10),0.05,6,3,1286,322,0,2082086692544,training_fold_X.corr(),False
imputation,RFECA_SVR(k=10),0.05,6,4,1287,321,0,2082086696384,training_fold_X.corr(),False
imputation,RFECA_SVR(k=10),0.05,6,5,1287,321,0,2082086698064,training_fold_X.corr(),False
imputation,RFECA_SVR(k=20),0.05,6,1,1286,322,0,2082086687024,training_fold_X.corr(),False
imputation,RFECA_SVR(k=20),0.05,6,2,1286,322,0,2082086697584,training_fold_X.corr(),False
imputation,RFECA_SVR(k=20),0.05,6,3,1286,322,0,2082086696144,training_fold_X.corr(),False
imputation,RFECA_SVR(k=20),0.05,6,4,1287,321,0,2082086684144,training_fold_X.corr(),False
imputation,RFECA_SVR(k=20),0.05,6,5,1287,321,0,2082086686304,training_fold_X.corr(),False
classification,RFECA_SVR(k=5),0.05,6,1,1286,322,0,2082086691584,training_fold_X.corr(),False
classification,RFECA_SVR(k=5),0.05,6,2,1286,322,0,2082086683424,training_fold_X.corr(),False
classification,RFECA_SVR(k=5),0.05,6,3,1286,322,0,2082086690864,training_fold_X.corr(),False
classification,RFECA_SVR(k=5),0.05,6,4,1287,321,0,2082086685584,training_fold_X.corr(),False
classification,RFECA_SVR(k=5),0.05,6,5,1287,321,0,2082086688464,training_fold_X.corr(),False
classification,RFECA_SVR(k=10),0.05,6,1,1286,322,0,2082086685104,training_fold_X.corr(),False
classification,RFECA_SVR(k=10),0.05,6,2,1286,322,0,2082086697824,training_fold_X.corr(),False
classification,RFECA_SVR(k=10),0.05,6,3,1286,322,0,2082086698784,training_fold_X.corr(),False
classification,RFECA_SVR(k=10),0.05,6,4,1287,321,0,2082086682704,training_fold_X.corr(),False
classification,RFECA_SVR(k=10),0.05,6,5,1287,321,0,2082086695664,training_fold_X.corr(),False
classification,RFECA_SVR(k=20),0.05,6,1,1286,322,0,2082086688224,training_fold_X.corr(),False
classification,RFECA_SVR(k=20),0.05,6,2,1286,322,0,2082086687264,training_fold_X.corr(),False
classification,RFECA_SVR(k=20),0.05,6,3,1286,322,0,2082086692304,training_fold_X.corr(),False
classification,RFECA_SVR(k=20),0.05,6,4,1287,321,0,2083595059520,training_fold_X.corr(),False
classification,RFECA_SVR(k=20),0.05,6,5,1287,321,0,2083595060240,training_fold_X.corr(),False
imputation,RFECA_SVR(k=5),0.05,7,1,1286,322,0,2081948826704,training_fold_X.corr(),False
imputation,RFECA_SVR(k=5),0.05,7,2,1286,322,0,2081948825504,training_fold_X.corr(),False
imputation,RFECA_SVR(k=5),0.05,7,3,1286,322,0,2081948827184,training_fold_X.corr(),False
imputation,RFECA_SVR(k=5),0.05,7,4,1287,321,0,2082086696624,training_fold_X.corr(),False
imputation,RFECA_SVR(k=5),0.05,7,5,1287,321,0,2082086689424,training_fold_X.corr(),False
imputation,RFECA_SVR(k=10),0.05,7,1,1286,322,0,2082086695184,training_fold_X.corr(),False
imputation,RFECA_SVR(k=10),0.05,7,2,1286,322,0,2082086687744,training_fold_X.corr(),False
imputation,RFECA_SVR(k=10),0.05,7,3,1286,322,0,2082086692544,training_fold_X.corr(),False
imputation,RFECA_SVR(k=10),0.05,7,4,1287,321,0,2082086696384,training_fold_X.corr(),False
imputation,RFECA_SVR(k=10),0.05,7,5,1287,321,0,2082086698064,training_fold_X.corr(),False
imputation,RFECA_SVR(k=20),0.05,7,1,1286,322,0,2082086687024,training_fold_X.corr(),False
imputation,RFECA_SVR(k=20),0.05,7,2,1286,322,0,2082086697584,training_fold_X.corr(),False
imputation,RFECA_SVR(k=20),0.05,7,3,1286,322,0,2082086696144,training_fold_X.corr(),False
imputation,RFECA_SVR(k=20),0.05,7,4,1287,321,0,2082086684144,training_fold_X.corr(),False
imputation,RFECA_SVR(k=20),0.05,7,5,1287,321,0,2082086686304,training_fold_X.corr(),False
classification,RFECA_SVR(k=5),0.05,7,1,1286,322,0,2082086684384,training_fold_X.corr(),False
classification,RFECA_SVR(k=5),0.05,7,2,1286,322,0,2082086684864,training_fold_X.corr(),False
classification,RFECA_SVR(k=5),0.05,7,3,1286,322,0,2082086698544,training_fold_X.corr(),False
classification,RFECA_SVR(k=5),0.05,7,4,1287,321,0,2082086686784,training_fold_X.corr(),False
classification,RFECA_SVR(k=5),0.05,7,5,1287,321,0,2082086694224,training_fold_X.corr(),False
classification,RFECA_SVR(k=10),0.05,7,1,1286,322,0,2082086691584,training_fold_X.corr(),False
classification,RFECA_SVR(k=10),0.05,7,2,1286,322,0,2082086689184,training_fold_X.corr(),False
classification,RFECA_SVR(k=10),0.05,7,3,1286,322,0,2082086683904,training_fold_X.corr(),False
classification,RFECA_SVR(k=10),0.05,7,4,1287,321,0,2082086698304,training_fold_X.corr(),False
classification,RFECA_SVR(k=10),0.05,7,5,1287,321,0,2082086694704,training_fold_X.corr(),False
classification,RFECA_SVR(k=20),0.05,7,1,1286,322,0,2082086691104,training_fold_X.corr(),False
classification,RFECA_SVR(k=20),0.05,7,2,1286,322,0,2082086691824,training_fold_X.corr(),False
classification,RFECA_SVR(k=20),0.05,7,3,1286,322,0,2082086693984,training_fold_X.corr(),False
classification,RFECA_SVR(k=20),0.05,7,4,1287,321,0,2083595567424,training_fold_X.corr(),False
classification,RFECA_SVR(k=20),0.05,7,5,1287,321,0,2083595568144,training_fold_X.corr(),False
imputation,RFECA_SVR(k=5),0.05,8,1,1286,322,0,2081948825504,training_fold_X.corr(),False
imputation,RFECA_SVR(k=5),0.05,8,2,1286,322,0,2081948827184,training_fold_X.corr(),False
imputation,RFECA_SVR(k=5),0.05,8,3,1286,322,0,2081948827424,training_fold_X.corr(),False
imputation,RFECA_SVR(k=5),0.05,8,4,1287,321,0,2082086696624,training_fold_X.corr(),False
imputation,RFECA_SVR(k=5),0.05,8,5,1287,321,0,2082086689424,training_fold_X.corr(),False
imputation,RFECA_SVR(k=10),0.05,8,1,1286,322,0,2082086695184,training_fold_X.corr(),False
imputation,RFECA_SVR(k=10),0.05,8,2,1286,322,0,2082086687744,training_fold_X.corr(),False
imputation,RFECA_SVR(k=10),0.05,8,3,1286,322,0,2082086692544,training_fold_X.corr(),False
imputation,RFECA_SVR(k=10),0.05,8,4,1287,321,0,2082086696384,training_fold_X.corr(),False
imputation,RFECA_SVR(k=10),0.05,8,5,1287,321,0,2082086698064,training_fold_X.corr(),False
imputation,RFECA_SVR(k=20),0.05,8,1,1286,322,0,2082086687024,training_fold_X.corr(),False
imputation,RFECA_SVR(k=20),0.05,8,2,1286,322,0,2082086697584,training_fold_X.corr(),False
imputation,RFECA_SVR(k=20),0.05,8,3,1286,322,0,2082086696144,training_fold_X.corr(),False
imputation,RFECA_SVR(k=20),0.05,8,4,1287,321,0,2082086684144,training_fold_X.corr(),False
imputation,RFECA_SVR(k=20),0.05,8,5,1287,321,0,2082086686304,training_fold_X.corr(),False
classification,RFECA_SVR(k=5),0.05,8,1,1286,322,0,2082086683424,training_fold_X.corr(),False
classification,RFECA_SVR(k=5),0.05,8,2,1286,322,0,2082086692304,training_fold_X.corr(),False
classification,RFECA_SVR(k=5),0.05,8,3,1286,322,0,2082086693264,training_fold_X.corr(),False
classification,RFECA_SVR(k=5),0.05,8,4,1287,321,0,2082086685344,training_fold_X.corr(),False
classification,RFECA_SVR(k=5),0.05,8,5,1287,321,0,2082086687984,training_fold_X.corr(),False
classification,RFECA_SVR(k=10),0.05,8,1,1286,322,0,2082086684384,training_fold_X.corr(),False
classification,RFECA_SVR(k=10),0.05,8,2,1286,322,0,2082086683664,training_fold_X.corr(),False
classification,RFECA_SVR(k=10),0.05,8,3,1286,322,0,2082086684624,training_fold_X.corr(),False
classification,RFECA_SVR(k=10),0.05,8,4,1287,321,0,2082086683184,training_fold_X.corr(),False
classification,RFECA_SVR(k=10),0.05,8,5,1287,321,0,2082086692064,training_fold_X.corr(),False
classification,RFECA_SVR(k=20),0.05,8,1,1286,322,0,2082086685584,training_fold_X.corr(),False
classification,RFECA_SVR(k=20),0.05,8,2,1286,322,0,2082086693744,training_fold_X.corr(),False
classification,RFECA_SVR(k=20),0.05,8,3,1286,322,0,2082086689664,training_fold_X.corr(),False
classification,RFECA_SVR(k=20),0.05,8,4,1287,321,0,2083662725440,training_fold_X.corr(),False
classification,RFECA_SVR(k=20),0.05,8,5,1287,321,0,2083662726160,training_fold_X.corr(),False
imputation,RFECA_SVR(k=5),0.05,9,1,1286,322,0,2081948827184,training_fold_X.corr(),False
imputation,RFECA_SVR(k=5),0.05,9,2,1286,322,0,2081948827424,training_fold_X.corr(),False
imputation,RFECA_SVR(k=5),0.05,9,3,1286,322,0,2081948826704,training_fold_X.corr(),False
imputation,RFECA_SVR(k=5),0.05,9,4,1287,321,0,2082086696624,training_fold_X.corr(),False
imputation,RFECA_SVR(k=5),0.05,9,5,1287,321,0,2082086689424,training_fold_X.corr(),False
imputation,RFECA_SVR(k=10),0.05,9,1,1286,322,0,2082086695184,training_fold_X.corr(),False
imputation,RFECA_SVR(k=10),0.05,9,2,1286,322,0,2082086687744,training_fold_X.corr(),False
imputation,RFECA_SVR(k=10),0.05,9,3,1286,322,0,2082086692544,training_fold_X.corr(),False
imputation,RFECA_SVR(k=10),0.05,9,4,1287,321,0,2082086696384,training_fold_X.corr(),False
imputation,RFECA_SVR(k=10),0.05,9,5,1287,321,0,2082086698064,training_fold_X.corr(),False
imputation,RFECA_SVR(k=20),0.05,9,1,1286,322,0,2082086687024,training_fold_X.corr(),False
imputation,RFECA_SVR(k=20),0.05,9,2,1286,322,0,2082086697584,training_fold_X.corr(),False
imputation,RFECA_SVR(k=20),0.05,9,3,1286,322,0,2082086696144,training_fold_X.corr(),False
imputation,RFECA_SVR(k=20),0.05,9,4,1287,321,0,2082086684144,training_fold_X.corr(),False
imputation,RFECA_SVR(k=20),0.05,9,5,1287,321,0,2082086686304,training_fold_X.corr(),False
classification,RFECA_SVR(k=5),0.05,9,1,1286,322,0,2082086684864,training_fold_X.corr(),False
classification,RFECA_SVR(k=5),0.05,9,2,1286,322,0,2082086693984,training_fold_X.corr(),False
classification,RFECA_SVR(k=5),0.05,9,3,1286,322,0,2082086687504,training_fold_X.corr(),False
classification,RFECA_SVR(k=5),0.05,9,4,1287,321,0,2082086694464,training_fold_X.corr(),False
classification,RFECA_SVR(k=5),0.05,9,5,1287,321,0,2082086686064,training_fold_X.corr(),False
classification,RFECA_SVR(k=10),0.05,9,1,1286,322,0,2082086683424,training_fold_X.corr(),False
classification,RFECA_SVR(k=10),0.05,9,2,1286,322,0,2082086692784,training_fold_X.corr(),False
classification,RFECA_SVR(k=10),0.05,9,3,1286,322,0,2082086698784,training_fold_X.corr(),False
classification,RFECA_SVR(k=10),0.05,9,4,1287,321,0,2082086688944,training_fold_X.corr(),False
classification,RFECA_SVR(k=10),0.05,9,5,1287,321,0,2082086688704,training_fold_X.corr(),False
classification,RFECA_SVR(k=20),0.05,9,1,1286,322,0,2082086686784,training_fold_X.corr(),False
classification,RFECA_SVR(k=20),0.05,9,2,1286,322,0,2083227239680,training_fold_X.corr(),False
classification,RFECA_SVR(k=20),0.05,9,3,1286,322,0,2083227240400,training_fold_X.corr(),False
classification,RFECA_SVR(k=20),0.05,9,4,1287,321,0,2083227241120,training_fold_X.corr(),False
classification,RFECA_SVR(k=20),0.05,9,5,1287,321,0,2083227241840,training_fold_X.corr(),False
imputation,RFECA_SVR(k=5),0.1,0,1,1286,322,0,2081948827424,training_fold_X.corr(),False
imputation,RFECA_SVR(k=5),0.1,0,2,1286,322,0,2081948826704,training_fold_X.corr(),False
imputation,RFECA_SVR(k=5),0.1,0,3,1286,322,0,2081948825504,training_fold_X.corr(),False
imputation,RFECA_SVR(k=5),0.1,0,4,1287,321,0,2082086683664,training_fold_X.corr(),False
imputation,RFECA_SVR(k=5),0.1,0,5,1287,321,0,2082086691584,training_fold_X.corr(),False
imputation,RFECA_SVR(k=10),0.1,0,1,1286,322,0,2082086698544,training_fold_X.corr(),False
imputation,RFECA_SVR(k=10),0.1,0,2,1286,322,0,2082086687984,training_fold_X.corr(),False
imputation,RFECA_SVR(k=10),0.1,0,3,1286,322,0,2082086694704,training_fold_X.corr(),False
imputation,RFECA_SVR(k=10),0.1,0,4,1287,321,0,2082086693264,training_fold_X.corr(),False
imputation,RFECA_SVR(k=10),0.1,0,5,1287,321,0,2082086683904,training_fold_X.corr(),False
imputation,RFECA_SVR(k=20),0.1,0,1,1286,322,0,2082086688224,training_fold_X.corr(),False
imputation,RFECA_SVR(k=20),0.1,0,2,1286,322,0,2082086690144,training_fold_X.corr(),False
imputation,RFECA_SVR(k=20),0.1,0,3,1286,322,0,2082086687264,training_fold_X.corr(),False
imputation,RFECA_SVR(k=20),0.1,0,4,1287,321,0,2082086696624,training_fold_X.corr(),False
imputation,RFECA_SVR(k=20),0.1,0,5,1287,321,0,2082086689424,training_fold_X.corr(),False
classification,RFECA_SVR(k=5),0.1,0,1,1286,322,0,2082086692544,training_fold_X.corr(),False
classification,RFECA_SVR(k=5),0.1,0,2,1286,322,0,2082086684384,training_fold_X.corr(),False
classification,RFECA_SVR(k=5),0.1,0,3,1286,322,0,2082086697104,training_fold_X.corr(),False
classification,RFECA_SVR(k=5),0.1,0,4,1287,321,0,2082086691824,training_fold_X.corr(),False
classification,RFECA_SVR(k=5),0.1,0,5,1287,321,0,2082086694944,training_fold_X.corr(),False
classification,RFECA_SVR(k=10),0.1,0,1,1286,322,0,2082086695184,training_fold_X.corr(),False
classification,RFECA_SVR(k=10),0.1,0,2,1286,322,0,2082086693504,training_fold_X.corr(),False
classification,RFECA_SVR(k=10),0.1,0,3,1286,322,0,2082086697824,training_fold_X.corr(),False
classification,RFECA_SVR(k=10),0.1,0,4,1287,321,0,2082086685104,training_fold_X.corr(),False
classification,RFECA_SVR(k=10),0.1,0,5,1287,321,0,2082086695904,training_fold_X.corr(),False
classification,RFECA_SVR(k=20),0.1,0,1,1286,322,0,2082086687744,training_fold_X.corr(),False
classification,RFECA_SVR(k=20),0.1,0,2,1286,322,0,2082086694224,training_fold_X.corr(),False
classification,RFECA_SVR(k=20),0.1,0,3,1286,322,0,2082086689184,training_fold_X.corr(),False
classification,RFECA_SVR(k=20),0.1,0,4,1287,321,0,2083813245248,training_fold_X.corr(),False
classification,RFECA_SVR(k=20),0.1,0,5,1287,321,0,2083813245968,training_fold_X.corr(),False
imputation,RFECA_SVR(k=5),0.1,1,1,1286,322,0,2081948826704,training_fold_X.corr(),False
imputation,RFECA_SVR(k=5),0.1,1,2,1286,322,0,2081948825504,training_fold_X.corr(),False
imputation,RFECA_SVR(k=5),0.1,1,3,1286,322,0,2081948827184,training_fold_X.corr(),False
imputation,RFECA_SVR(k=5),0.1,1,4,1287,321,0,2082086683664,training_fold_X.corr(),False
imputation,RFECA_SVR(k=5),0.1,1,5,1287,321,0,2082086691584,training_fold_X.corr(),False
imputation,RFECA_SVR(k=10),0.1,1,1,1286,322,0,2082086698544,training_fold_X.corr(),False
imputation,RFECA_SVR(k=10),0.1,1,2,1286,322,0,2082086687984,training_fold_X.corr(),False
imputation,RFECA_SVR(k=10),0.1,1,3,1286,322,0,2082086694704,training_fold_X.corr(),False
imputation,RFECA_SVR(k=10),0.1,1,4,1287,321,0,2082086693264,training_fold_X.corr(),False
imputation,RFECA_SVR(k=10),0.1,1,5,1287,321,0,2082086683904,training_fold_X.corr(),False
imputation,RFECA_SVR(k=20),0.1,1,1,1286,322,0,2082086688224,training_fold_X.corr(),False
imputation,RFECA_SVR(k=20),0.1,1,2,1286,322,0,2082086690144,training_fold_X.corr(),False
imputation,RFECA_SVR(k=20),0.1,1,3,1286,322,0,2082086687264,training_fold_X.corr(),False
imputation,RFECA_SVR(k=20),0.1,1,4,1287,321,0,2082086696624,training_fold_X.corr(),False
imputation,RFECA_SVR(k=20),0.1,1,5,1287,321,0,2082086689424,training_fold_X.corr(),False
classification,RFECA_SVR(k=5),0.1,1,1,1286,322,0,2082086696384,training_fold_X.corr(),False
classification,RFECA_SVR(k=5),0.1,1,2,1286,322,0,2082086685824,training_fold_X.corr(),False
classification,RFECA_SVR(k=5),0.1,1,3,1286,322,0,2082086686784,training_fold_X.corr(),False
classification,RFECA_SVR(k=5),0.1,1,4,1287,321,0,2082086690864,training_fold_X.corr(),False
classification,RFECA_SVR(k=5),0.1,1,5,1287,321,0,2082086682944,training_fold_X.corr(),False
classification,RFECA_SVR(k=10),0.1,1,1,1286,322,0,2082086692544,training_fold_X.corr(),False
classification,RFECA_SVR(k=10),0.1,1,2,1286,322,0,2082086693024,training_fold_X.corr(),False
classification,RFECA_SVR(k=10),0.1,1,3,1286,322,0,2082086691344,training_fold_X.corr(),False
classification,RFECA_SVR(k=10),0.1,1,4,1287,321,0,2082086682704,training_fold_X.corr(),False
classification,RFECA_SVR(k=10),0.1,1,5,1287,321,0,2082086688704,training_fold_X.corr(),False
classification,RFECA_SVR(k=20),0.1,1,1,1286,322,0,2082086686304,training_fold_X.corr(),False
classification,RFECA_SVR(k=20),0.1,1,2,1286,322,0,2082086688944,training_fold_X.corr(),False
classification,RFECA_SVR(k=20),0.1,1,3,1286,322,0,2082086688464,training_fold_X.corr(),False
classification,RFECA_SVR(k=20),0.1,1,4,1287,321,0,2083880354112,training_fold_X.corr(),False
classification,RFECA_SVR(k=20),0.1,1,5,1287,321,0,2083880354832,training_fold_X.corr(),False
imputation,RFECA_SVR(k=5),0.1,2,1,1286,322,0,2081948825504,training_fold_X.corr(),False
imputation,RFECA_SVR(k=5),0.1,2,2,1286,322,0,2081948827184,training_fold_X.corr(),False
imputation,RFECA_SVR(k=5),0.1,2,3,1286,322,0,2081948827424,training_fold_X.corr(),False
imputation,RFECA_SVR(k=5),0.1,2,4,1287,321,0,2082086683664,training_fold_X.corr(),False
imputation,RFECA_SVR(k=5),0.1,2,5,1287,321,0,2082086691584,training_fold_X.corr(),False
imputation,RFECA_SVR(k=10),0.1,2,1,1286,322,0,2082086698544,training_fold_X.corr(),False
imputation,RFECA_SVR(k=10),0.1,2,2,1286,322,0,2082086687984,training_fold_X.corr(),False
imputation,RFECA_SVR(k=10),0.1,2,3,1286,322,0,2082086694704,training_fold_X.corr(),False
imputation,RFECA_SVR(k=10),0.1,2,4,1287,321,0,2082086693264,training_fold_X.corr(),False
imputation,RFECA_SVR(k=10),0.1,2,5,1287,321,0,2082086683904,training_fold_X.corr(),False
imputation,RFECA_SVR(k=20),0.1,2,1,1286,322,0,2082086688224,training_fold_X.corr(),False
imputation,RFECA_SVR(k=20),0.1,2,2,1286,322,0,2082086690144,training_fold_X.corr(),False
imputation,RFECA_SVR(k=20),0.1,2,3,1286,322,0,2082086687264,training_fold_X.corr(),False
imputation,RFECA_SVR(k=20),0.1,2,4,1287,321,0,2082086696624,training_fold_X.corr(),False
imputation,RFECA_SVR(k=20),0.1,2,5,1287,321,0,2082086689424,training_fold_X.corr(),False
classification,RFECA_SVR(k=5),0.1,2,1,1286,322,0,2082086684384,training_fold_X.corr(),False
classification,RFECA_SVR(k=5),0.1,2,2,1286,322,0,2082086689184,training_fold_X.corr(),False
classification,RFECA_SVR(k=5),0.1,2,3,1286,322,0,2082086698304,training_fold_X.corr(),False
classification,RFECA_SVR(k=5),0.1,2,4,1287,321,0,2082086695664,training_fold_X.corr(),False
classification,RFECA_SVR(k=5),0.1,2,5,1287,321,0,2082086698784,training_fold_X.corr(),False
classification,RFECA_SVR(k=10),0.1,2,1,1286,322,0,2082086696384,training_fold_X.corr(),False
classification,RFECA_SVR(k=10),0.1,2,2,1286,322,0,2082086690624,training_fold_X.corr(),False
classification,RFECA_SVR(k=10),0.1,2,3,1286,322,0,2082086697344,training_fold_X.corr(),False
classification,RFECA_SVR(k=10),0.1,2,4,1287,321,0,2082086695424,training_fold_X.corr(),False
classification,RFECA_SVR(k=10),0.1,2,5,1287,321,0,2082086684864,training_fold_X.corr(),False
classification,RFECA_SVR(k=20),0.1,2,1,1286,322,0,2082086691824,training_fold_X.corr(),False
classification,RFECA_SVR(k=20),0.1,2,2,1286,322,0,2082086693984,training_fold_X.corr(),False
classification,RFECA_SVR(k=20),0.1,2,3,1286,322,0,2082086692304,training_fold_X.corr(),False
classification,RFECA_SVR(k=20),0.1,2,4,1287,321,0,2084013752640,training_fold_X.corr(),False
classification,RFECA_SVR(k=20),0.1,2,5,1287,321,0,2084013753360,training_fold_X.corr(),False
imputation,RFECA_SVR(k=5),0.1,3,1,1286,322,0,2081948827184,training_fold_X.corr(),False
imputation,RFECA_SVR(k=5),0.1,3,2,1286,322,0,2081948827424,training_fold_X.corr(),False
imputation,RFECA_SVR(k=5),0.1,3,3,1286,322,0,2081948826704,training_fold_X.corr(),False
imputation,RFECA_SVR(k=5),0.1,3,4,1287,321,0,2082086683664,training_fold_X.corr(),False
imputation,RFECA_SVR(k=5),0.1,3,5,1287,321,0,2082086691584,training_fold_X.corr(),False
imputation,RFECA_SVR(k=10),0.1,3,1,1286,322,0,2082086698544,training_fold_X.corr(),False
imputation,RFECA_SVR(k=10),0.1,3,2,1286,322,0,2082086687984,training_fold_X.corr(),False
imputation,RFECA_SVR(k=10),0.1,3,3,1286,322,0,2082086694704,training_fold_X.corr(),False
imputation,RFECA_SVR(k=10),0.1,3,4,1287,321,0,2082086693264,training_fold_X.corr(),False
imputation,RFECA_SVR(k=10),0.1,3,5,1287,321,0,2082086683904,training_fold_X.corr(),False
imputation,RFECA_SVR(k=20),0.1,3,1,1286,322,0,2082086688224,training_fold_X.corr(),False
imputation,RFECA_SVR(k=20),0.1,3,2,1286,322,0,2082086690144,training_fold_X.corr(),False
imputation,RFECA_SVR(k=20),0.1,3,3,1286,322,0,2082086687264,training_fold_X.corr(),False
imputation,RFECA_SVR(k=20),0.1,3,4,1287,321,0,2082086696624,training_fold_X.corr(),False
imputation,RFECA_SVR(k=20),0.1,3,5,1287,321,0,2082086689424,training_fold_X.corr(),False
classification,RFECA_SVR(k=5),0.1,3,1,1286,322,0,2082086685824,training_fold_X.corr(),False
classification,RFECA_SVR(k=5),0.1,3,2,1286,322,0,2082086688464,training_fold_X.corr(),False
classification,RFECA_SVR(k=5),0.1,3,3,1286,322,0,2082086694944,training_fold_X.corr(),False
classification,RFECA_SVR(k=5),0.1,3,4,1287,321,0,2082086698064,training_fold_X.corr(),False
classification,RFECA_SVR(k=5),0.1,3,5,1287,321,0,2082086697584,training_fold_X.corr(),False
classification,RFECA_SVR(k=10),0.1,3,1,1286,322,0,2082086684384,training_fold_X.corr(),False
classification,RFECA_SVR(k=10),0.1,3,2,1286,322,0,2082086692784,training_fold_X.corr(),False
classification,RFECA_SVR(k=10),0.1,3,3,1286,322,0,2082086690384,training_fold_X.corr(),False
classification,RFECA_SVR(k=10),0.1,3,4,1287,321,0,2082086685344,training_fold_X.corr(),False
classification,RFECA_SVR(k=10),0.1,3,5,1287,321,0,2082086683184,training_fold_X.corr(),False
classification,RFECA_SVR(k=20),0.1,3,1,1286,322,0,2082086690864,training_fold_X.corr(),False
classification,RFECA_SVR(k=20),0.1,3,2,1286,322,0,2082086691104,training_fold_X.corr(),False
classification,RFECA_SVR(k=20),0.1,3,3,1286,322,0,2082086684624,training_fold_X.corr(),False
classification,RFECA_SVR(k=20),0.1,3,4,1287,321,0,2084014391616,training_fold_X.corr(),False
classification,RFECA_SVR(k=20),0.1,3,5,1287,321,0,2084014392336,training_fold_X.corr(),False
imputation,RFECA_SVR(k=5),0.1,4,1,1286,322,0,2082086691584,training_fold_X.corr(),False
imputation,RFECA_SVR(k=5),0.1,4,2,1286,322,0,2082086698544,training_fold_X.corr(),False
imputation,RFECA_SVR(k=5),0.1,4,3,1286,322,0,2082086687984,training_fold_X.corr(),False
imputation,RFECA_SVR(k=5),0.1,4,4,1287,321,0,2082086694704,training_fold_X.corr(),False
imputation,RFECA_SVR(k=5),0.1,4,5,1287,321,0,2082086693264,training_fold_X.corr(),False
imputation,RFECA_SVR(k=10),0.1,4,1,1286,322,0,2082086683904,training_fold_X.corr(),False
imputation,RFECA_SVR(k=10),0.1,4,2,1286,322,0,2082086688224,training_fold_X.corr(),False
imputation,RFECA_SVR(k=10),0.1,4,3,1286,322,0,2082086690144,training_fold_X.corr(),False
imputation,RFECA_SVR(k=10),0.1,4,4,1287,321,0,2082086687264,training_fold_X.corr(),False
imputation,RFECA_SVR(k=10),0.1,4,5,1287,321,0,2082086696624,training_fold_X.corr(),False
imputation,RFECA_SVR(k=20),0.1,4,1,1286,322,0,2082086689424,training_fold_X.corr(),False
imputation,RFECA_SVR(k=20),0.1,4,2,1286,322,0,2082086685824,training_fold_X.corr(),False
imputation,RFECA_SVR(k=20),0.1,4,3,1286,322,0,2082086695664,training_fold_X.corr(),False
imputation,RFECA_SVR(k=20),0.1,4,4,1287,321,0,2082086689184,training_fold_X.corr(),False
imputation,RFECA_SVR(k=20),0.1,4,5,1287,321,0,2082086688464,training_fold_X.corr(),False
classification,RFECA_SVR(k=5),0.1,4,1,1286,322,0,2082086694944,training_fold_X.corr(),False
classification,RFECA_SVR(k=5),0.1,4,2,1286,322,0,2082086685344,training_fold_X.corr(),False
classification,RFECA_SVR(k=5),0.1,4,3,1286,322,0,2082086683184,training_fold_X.corr(),False
classification,RFECA_SVR(k=5),0.1,4,4,1287,321,0,2082086690864,training_fold_X.corr(),False
classification,RFECA_SVR(k=5),0.1,4,5,1287,321,0,2082086691104,training_fold_X.corr(),False
classification,RFECA_SVR(k=10),0.1,4,1,1286,322,0,2082086683664,training_fold_X.corr(),False
classification,RFECA_SVR(k=10),0.1,4,2,1286,322,0,2082086698784,training_fold_X.corr(),False
classification,RFECA_SVR(k=10),0.1,4,3,1286,322,0,2082086697824,training_fold_X.corr(),False
classification,RFECA_SVR(k=10),0.1,4,4,1287,321,0,2082086686784,training_fold_X.corr(),False
classification,RFECA_SVR(k=10),0.1,4,5,1287,321,0,2082086689664,training_fold_X.corr(),False
classification,RFECA_SVR(k=20),0.1,4,1,1286,322,0,2082086697344,training_fold_X.corr(),False
classification,RFECA_SVR(k=20),0.1,4,2,1286,322,0,2082086683424,training_fold_X.corr(),False
classification,RFECA_SVR(k=20),0.1,4,3,1286,322,0,2081948826704,training_fold_X.corr(),False
classification,RFECA_SVR(k=20),0.1,4,4,1287,321,0,2084081402176,training_fold_X.corr(),False
classification,RFECA_SVR(k=20),0.1,4,5,1287,321,0,2084081402896,training_fold_X.corr(),False
imputation,RFECA_SVR(k=5),0.1,5,1,1286,322,0,2081948826704,training_fold_X.corr(),False
imputation,RFECA_SVR(k=5),0.1,5,2,1286,322,0,2081948825504,training_fold_X.corr(),False
imputation,RFECA_SVR(k=5),0.1,5,3,1286,322,0,2081948827424,training_fold_X.corr(),False
imputation,RFECA_SVR(k=5),0.1,5,4,1287,321,0,2082086691584,training_fold_X.corr(),False
imputation,RFECA_SVR(k=5),0.1,5,5,1287,321,0,2082086698544,training_fold_X.corr(),False
imputation,RFECA_SVR(k=10),0.1,5,1,1286,322,0,2082086687984,training_fold_X.corr(),False
imputation,RFECA_SVR(k=10),0.1,5,2,1286,322,0,2082086694704,training_fold_X.corr(),False
imputation,RFECA_SVR(k=10),0.1,5,3,1286,322,0,2082086693264,training_fold_X.corr(),False
imputation,RFECA_SVR(k=10),0.1,5,4,1287,321,0,2082086683904,training_fold_X.corr(),False
imputation,RFECA_SVR(k=10),0.1,5,5,1287,321,0,2082086688224,training_fold_X.corr(),False
imputation,RFECA_SVR(k=20),0.1,5,1,1286,322,0,2082086690144,training_fold_X.corr(),False
imputation,RFECA_SVR(k=20),0.1,5,2,1286,322,0,2082086687264,training_fold_X.corr(),False
imputation,RFECA_SVR(k=20),0.1,5,3,1286,322,0,2082086696624,training_fold_X.corr(),False
imputation,RFECA_SVR(k=20),0.1,5,4,1287,321,0,2082086689424,training_fold_X.corr(),False
imputation,RFECA_SVR(k=20),0.1,5,5,1287,321,0,2082086685824,training_fold_X.corr(),False
classification,RFECA_SVR(k=5),0.1,5,1,1286,322,0,2082086688464,training_fold_X.corr(),False
classification,RFECA_SVR(k=5),0.1,5,2,1286,322,0,2082086693024,training_fold_X.corr(),False
classification,RFECA_SVR(k=5),0.1,5,3,1286,322,0,2082086685104,training_fold_X.corr(),False
classification,RFECA_SVR(k=5),0.1,5,4,1287,321,0,2082086689904,training_fold_X.corr(),False
classification,RFECA_SVR(k=5),0.1,5,5,1287,321,0,2082086688704,training_fold_X.corr(),False
classification,RFECA_SVR(k=10),0.1,5,1,1286,322,0,2082086695664,training_fold_X.corr(),False
classification,RFECA_SVR(k=10),0.1,5,2,1286,322,0,2082086686544,training_fold_X.corr(),False
classification,RFECA_SVR(k=10),0.1,5,3,1286,322,0,2082086695424,training_fold_X.corr(),False
classification,RFECA_SVR(k=10),0.1,5,4,1287,321,0,2082086695904,training_fold_X.corr(),False
classification,RFECA_SVR(k=10),0.1,5,5,1287,321,0,2082086696144,training_fold_X.corr(),False
classification,RFECA_SVR(k=20),0.1,5,1,1286,322,0,2082086689184,training_fold_X.corr(),False
classification,RFECA_SVR(k=20),0.1,5,2,1286,322,0,2082086686064,training_fold_X.corr(),False
classification,RFECA_SVR(k=20),0.1,5,3,1286,322,0,2082086698064,training_fold_X.corr(),False
classification,RFECA_SVR(k=20),0.1,5,4,1287,321,0,2084214849856,training_fold_X.corr(),False
classification,RFECA_SVR(k=20),0.1,5,5,1287,321,0,2084214852976,training_fold_X.corr(),False
imputation,RFECA_SVR(k=5),0.1,6,1,1286,322,0,2081948825504,training_fold_X.corr(),False
imputation,RFECA_SVR(k=5),0.1,6,2,1286,322,0,2081948827424,training_fold_X.corr(),False
imputation,RFECA_SVR(k=5),0.1,6,3,1286,322,0,2081948827184,training_fold_X.corr(),False
imputation,RFECA_SVR(k=5),0.1,6,4,1287,321,0,2082086691584,training_fold_X.corr(),False
imputation,RFECA_SVR(k=5),0.1,6,5,1287,321,0,2082086698544,training_fold_X.corr(),False
imputation,RFECA_SVR(k=10),0.1,6,1,1286,322,0,2082086687984,training_fold_X.corr(),False
imputation,RFECA_SVR(k=10),0.1,6,2,1286,322,0,2082086694704,training_fold_X.corr(),False
imputation,RFECA_SVR(k=10),0.1,6,3,1286,322,0,2082086693264,training_fold_X.corr(),False
imputation,RFECA_SVR(k=10),0.1,6,4,1287,321,0,2082086683904,training_fold_X.corr(),False
imputation,RFECA_SVR(k=10),0.1,6,5,1287,321,0,2082086688224,training_fold_X.corr(),False
imputation,RFECA_SVR(k=20),0.1,6,1,1286,322,0,2082086690144,training_fold_X.corr(),False
imputation,RFECA_SVR(k=20),0.1,6,2,1286,322,0,2082086687264,training_fold_X.corr(),False
imputation,RFECA_SVR(k=20),0.1,6,3,1286,322,0,2082086696624,training_fold_X.corr(),False
imputation,RFECA_SVR(k=20),0.1,6,4,1287,321,0,2082086689424,training_fold_X.corr(),False
imputation,RFECA_SVR(k=20),0.1,6,5,1287,321,0,2082086685824,training_fold_X.corr(),False
classification,RFECA_SVR(k=5),0.1,6,1,1286,322,0,2082086694944,training_fold_X.corr(),False
classification,RFECA_SVR(k=5),0.1,6,2,1286,322,0,2082086691104,training_fold_X.corr(),False
classification,RFECA_SVR(k=5),0.1,6,3,1286,322,0,2082086692784,training_fold_X.corr(),False
classification,RFECA_SVR(k=5),0.1,6,4,1287,321,0,2082086684864,training_fold_X.corr(),False
classification,RFECA_SVR(k=5),0.1,6,5,1287,321,0,2082086685344,training_fold_X.corr(),False
classification,RFECA_SVR(k=10),0.1,6,1,1286,322,0,2082086688464,training_fold_X.corr(),False
classification,RFECA_SVR(k=10),0.1,6,2,1286,322,0,2082086682704,training_fold_X.corr(),False
classification,RFECA_SVR(k=10),0.1,6,3,1286,322,0,2082086683664,training_fold_X.corr(),False
classification,RFECA_SVR(k=10),0.1,6,4,1287,321,0,2082086696384,training_fold_X.corr(),False
classification,RFECA_SVR(k=10),0.1,6,5,1287,321,0,2082086691344,training_fold_X.corr(),False
classification,RFECA_SVR(k=20),0.1,6,1,1286,322,0,2082086683184,training_fold_X.corr(),False
classification,RFECA_SVR(k=20),0.1,6,2,1286,322,0,2082086682944,training_fold_X.corr(),False
classification,RFECA_SVR(k=20),0.1,6,3,1286,322,0,2082086685584,training_fold_X.corr(),False
classification,RFECA_SVR(k=20),0.1,6,4,1287,321,0,2084215472448,training_fold_X.corr(),False
classification,RFECA_SVR(k=20),0.1,6,5,1287,321,0,2084215473168,training_fold_X.corr(),False
imputation,RFECA_SVR(k=5),0.1,7,1,1286,322,0,2081948827424,training_fold_X.corr(),False
imputation,RFECA_SVR(k=5),0.1,7,2,1286,322,0,2081948827184,training_fold_X.corr(),False
imputation,RFECA_SVR(k=5),0.1,7,3,1286,322,0,2081948826704,training_fold_X.corr(),False
imputation,RFECA_SVR(k=5),0.1,7,4,1287,321,0,2082086691584,training_fold_X.corr(),False
imputation,RFECA_SVR(k=5),0.1,7,5,1287,321,0,2082086698544,training_fold_X.corr(),False
imputation,RFECA_SVR(k=10),0.1,7,1,1286,322,0,2082086687984,training_fold_X.corr(),False
imputation,RFECA_SVR(k=10),0.1,7,2,1286,322,0,2082086694704,training_fold_X.corr(),False
imputation,RFECA_SVR(k=10),0.1,7,3,1286,322,0,2082086693264,training_fold_X.corr(),False
imputation,RFECA_SVR(k=10),0.1,7,4,1287,321,0,2082086683904,training_fold_X.corr(),False
imputation,RFECA_SVR(k=10),0.1,7,5,1287,321,0,2082086688224,training_fold_X.corr(),False
imputation,RFECA_SVR(k=20),0.1,7,1,1286,322,0,2082086690144,training_fold_X.corr(),False
imputation,RFECA_SVR(k=20),0.1,7,2,1286,322,0,2082086687264,training_fold_X.corr(),False
imputation,RFECA_SVR(k=20),0.1,7,3,1286,322,0,2082086696624,training_fold_X.corr(),False
imputation,RFECA_SVR(k=20),0.1,7,4,1287,321,0,2082086689424,training_fold_X.corr(),False
imputation,RFECA_SVR(k=20),0.1,7,5,1287,321,0,2082086685824,training_fold_X.corr(),False
classification,RFECA_SVR(k=5),0.1,7,1,1286,322,0,2082086693024,training_fold_X.corr(),False
classification,RFECA_SVR(k=5),0.1,7,2,1286,322,0,2082086694464,training_fold_X.corr(),False
classification,RFECA_SVR(k=5),0.1,7,3,1286,322,0,2082086693744,training_fold_X.corr(),False
classification,RFECA_SVR(k=5),0.1,7,4,1287,321,0,2082086687024,training_fold_X.corr(),False
classification,RFECA_SVR(k=5),0.1,7,5,1287,321,0,2082086695184,training_fold_X.corr(),False
classification,RFECA_SVR(k=10),0.1,7,1,1286,322,0,2082086694944,training_fold_X.corr(),False
classification,RFECA_SVR(k=10),0.1,7,2,1286,322,0,2082086684624,training_fold_X.corr(),False
classification,RFECA_SVR(k=10),0.1,7,3,1286,322,0,2082086697104,training_fold_X.corr(),False
classification,RFECA_SVR(k=10),0.1,7,4,1287,321,0,2082086693504,training_fold_X.corr(),False
classification,RFECA_SVR(k=10),0.1,7,5,1287,321,0,2082086695424,training_fold_X.corr(),False
classification,RFECA_SVR(k=20),0.1,7,1,1286,322,0,2082086692304,training_fold_X.corr(),False
classification,RFECA_SVR(k=20),0.1,7,2,1286,322,0,2082086689184,training_fold_X.corr(),False
classification,RFECA_SVR(k=20),0.1,7,3,1286,322,0,2082086693984,training_fold_X.corr(),False
classification,RFECA_SVR(k=20),0.1,7,4,1287,321,0,2084299096384,training_fold_X.corr(),False
classification,RFECA_SVR(k=20),0.1,7,5,1287,321,0,2084299097104,training_fold_X.corr(),False
imputation,RFECA_SVR(k=5),0.1,8,1,1286,322,0,2081948827184,training_fold_X.corr(),False
imputation,RFECA_SVR(k=5),0.1,8,2,1286,322,0,2081948826704,training_fold_X.corr(),False
imputation,RFECA_SVR(k=5),0.1,8,3,1286,322,0,2081948825504,training_fold_X.corr(),False
imputation,RFECA_SVR(k=5),0.1,8,4,1287,321,0,2082086691584,training_fold_X.corr(),False
imputation,RFECA_SVR(k=5),0.1,8,5,1287,321,0,2082086698544,training_fold_X.corr(),False
imputation,RFECA_SVR(k=10),0.1,8,1,1286,322,0,2082086687984,training_fold_X.corr(),False
imputation,RFECA_SVR(k=10),0.1,8,2,1286,322,0,2082086694704,training_fold_X.corr(),False
imputation,RFECA_SVR(k=10),0.1,8,3,1286,322,0,2082086693264,training_fold_X.corr(),False
imputation,RFECA_SVR(k=10),0.1,8,4,1287,321,0,2082086683904,training_fold_X.corr(),False
imputation,RFECA_SVR(k=10),0.1,8,5,1287,321,0,2082086688224,training_fold_X.corr(),False
imputation,RFECA_SVR(k=20),0.1,8,1,1286,322,0,2082086690144,training_fold_X.corr(),False
imputation,RFECA_SVR(k=20),0.1,8,2,1286,322,0,2082086687264,training_fold_X.corr(),False
imputation,RFECA_SVR(k=20),0.1,8,3,1286,322,0,2082086696624,training_fold_X.corr(),False
imputation,RFECA_SVR(k=20),0.1,8,4,1287,321,0,2082086689424,training_fold_X.corr(),False
imputation,RFECA_SVR(k=20),0.1,8,5,1287,321,0,2082086685824,training_fold_X.corr(),False
classification,RFECA_SVR(k=5),0.1,8,1,1286,322,0,2082086691104,training_fold_X.corr(),False
classification,RFECA_SVR(k=5),0.1,8,2,1286,322,0,2082086685584,training_fold_X.corr(),False
classification,RFECA_SVR(k=5),0.1,8,3,1286,322,0,2082086692544,training_fold_X.corr(),False
classification,RFECA_SVR(k=5),0.1,8,4,1287,321,0,2082086686064,training_fold_X.corr(),False
classification,RFECA_SVR(k=5),0.1,8,5,1287,321,0,2082086695664,training_fold_X.corr(),False
classification,RFECA_SVR(k=10),0.1,8,1,1286,322,0,2082086693024,training_fold_X.corr(),False
classification,RFECA_SVR(k=10),0.1,8,2,1286,322,0,2082086698064,training_fold_X.corr(),False
classification,RFECA_SVR(k=10),0.1,8,3,1286,322,0,2082086690624,training_fold_X.corr(),False
classification,RFECA_SVR(k=10),0.1,8,4,1287,321,0,2082086695904,training_fold_X.corr(),False
classification,RFECA_SVR(k=10),0.1,8,5,1287,321,0,2082086691824,training_fold_X.corr(),False
classification,RFECA_SVR(k=20),0.1,8,1,1286,322,0,2082086684864,training_fold_X.corr(),False
classification,RFECA_SVR(k=20),0.1,8,2,1286,322,0,2082086687504,training_fold_X.corr(),False
classification,RFECA_SVR(k=20),0.1,8,3,1286,322,0,2082086684144,training_fold_X.corr(),False
classification,RFECA_SVR(k=20),0.1,8,4,1287,321,0,2084432527680,training_fold_X.corr(),False
classification,RFECA_SVR(k=20),0.1,8,5,1287,321,0,2084432528400,training_fold_X.corr(),False
imputation,RFECA_SVR(k=5),0.1,9,1,1286,322,0,2081948826704,training_fold_X.corr(),False
imputation,RFECA_SVR(k=5),0.1,9,2,1286,322,0,2081948825504,training_fold_X.corr(),False
imputation,RFECA_SVR(k=5),0.1,9,3,1286,322,0,2081948827424,training_fold_X.corr(),False
imputation,RFECA_SVR(k=5),0.1,9,4,1287,321,0,2082086691584,training_fold_X.corr(),False
imputation,RFECA_SVR(k=5),0.1,9,5,1287,321,0,2082086698544,training_fold_X.corr(),False
imputation,RFECA_SVR(k=10),0.1,9,1,1286,322,0,2082086687984,training_fold_X.corr(),False
imputation,RFECA_SVR(k=10),0.1,9,2,1286,322,0,2082086694704,training_fold_X.corr(),False
imputation,RFECA_SVR(k=10),0.1,9,3,1286,322,0,2082086693264,training_fold_X.corr(),False
imputation,RFECA_SVR(k=10),0.1,9,4,1287,321,0,2082086683904,training_fold_X.corr(),False
imputation,RFECA_SVR(k=10),0.1,9,5,1287,321,0,2082086688224,training_fold_X.corr(),False
imputation,RFECA_SVR(k=20),0.1,9,1,1286,322,0,2082086690144,training_fold_X.corr(),False
imputation,RFECA_SVR(k=20),0.1,9,2,1286,322,0,2082086687264,training_fold_X.corr(),False
imputation,RFECA_SVR(k=20),0.1,9,3,1286,322,0,2082086696624,training_fold_X.corr(),False
imputation,RFECA_SVR(k=20),0.1,9,4,1287,321,0,2082086689424,training_fold_X.corr(),False
imputation,RFECA_SVR(k=20),0.1,9,5,1287,321,0,2082086685824,training_fold_X.corr(),False
classification,RFECA_SVR(k=5),0.1,9,1,1286,322,0,2082086694464,training_fold_X.corr(),False
classification,RFECA_SVR(k=5),0.1,9,2,1286,322,0,2082086693984,training_fold_X.corr(),False
classification,RFECA_SVR(k=5),0.1,9,3,1286,322,0,2082086688464,training_fold_X.corr(),False
classification,RFECA_SVR(k=5),0.1,9,4,1287,321,0,2082086696144,training_fold_X.corr(),False
classification,RFECA_SVR(k=5),0.1,9,5,1287,321,0,2082086697824,training_fold_X.corr(),False
classification,RFECA_SVR(k=10),0.1,9,1,1286,322,0,2082086691104,training_fold_X.corr(),False
classification,RFECA_SVR(k=10),0.1,9,2,1286,322,0,2082086692064,training_fold_X.corr(),False
classification,RFECA_SVR(k=10),0.1,9,3,1286,322,0,2082086684384,training_fold_X.corr(),False
classification,RFECA_SVR(k=10),0.1,9,4,1287,321,0,2082086689904,training_fold_X.corr(),False
classification,RFECA_SVR(k=10),0.1,9,5,1287,321,0,2082086686784,training_fold_X.corr(),False
classification,RFECA_SVR(k=20),0.1,9,1,1286,322,0,2082086687024,training_fold_X.corr(),False
classification,RFECA_SVR(k=20),0.1,9,2,1286,322,0,2082086697344,training_fold_X.corr(),False
classification,RFECA_SVR(k=20),0.1,9,3,1286,322,0,2082086685344,training_fold_X.corr(),False
classification,RFECA_SVR(k=20),0.1,9,4,1287,321,0,2084433199424,training_fold_X.corr(),False
classification,RFECA_SVR(k=20),0.1,9,5,1287,321,0,2084433200144,training_fold_X.corr(),False
imputation,RFECA_SVR(k=5),0.2,0,1,1286,322,0,2081948825504,training_fold_X.corr(),False
imputation,RFECA_SVR(k=5),0.2,0,2,1286,322,0,2081948827424,training_fold_X.corr(),False
imputation,RFECA_SVR(k=5),0.2,0,3,1286,322,0,2081948827184,training_fold_X.corr(),False
imputation,RFECA_SVR(k=5),0.2,0,4,1287,321,0,2082086691584,training_fold_X.corr(),False
imputation,RFECA_SVR(k=5),0.2,0,5,1287,321,0,2082086698544,training_fold_X.corr(),False
imputation,RFECA_SVR(k=10),0.2,0,1,1286,322,0,2082086687984,training_fold_X.corr(),False
imputation,RFECA_SVR(k=10),0.2,0,2,1286,322,0,2082086694704,training_fold_X.corr(),False
imputation,RFECA_SVR(k=10),0.2,0,3,1286,322,0,2082086693264,training_fold_X.corr(),False
imputation,RFECA_SVR(k=10),0.2,0,4,1287,321,0,2082086683904,training_fold_X.corr(),False
imputation,RFECA_SVR(k=10),0.2,0,5,1287,321,0,2082086688224,training_fold_X.corr(),False
imputation,RFECA_SVR(k=20),0.2,0,1,1286,322,0,2082086690144,training_fold_X.corr(),False
imputation,RFECA_SVR(k=20),0.2,0,2,1286,322,0,2082086687264,training_fold_X.corr(),False
imputation,RFECA_SVR(k=20),0.2,0,3,1286,322,0,2082086696624,training_fold_X.corr(),False
imputation,RFECA_SVR(k=20),0.2,0,4,1287,321,0,2082086689424,training_fold_X.corr(),False
imputation,RFECA_SVR(k=20),0.2,0,5,1287,321,0,2082086685824,training_fold_X.corr(),False
classification,RFECA_SVR(k=5),0.2,0,1,1286,322,0,2082086685584,training_fold_X.corr(),False
classification,RFECA_SVR(k=5),0.2,0,2,1286,322,0,2082086684144,training_fold_X.corr(),False
classification,RFECA_SVR(k=5),0.2,0,3,1286,322,0,2082086698784,training_fold_X.corr(),False
classification,RFECA_SVR(k=5),0.2,0,4,1287,321,0,2082086688704,training_fold_X.corr(),False
classification,RFECA_SVR(k=5),0.2,0,5,1287,321,0,2082086692784,training_fold_X.corr(),False
classification,RFECA_SVR(k=10),0.2,0,1,1286,322,0,2082086694464,training_fold_X.corr(),False
classification,RFECA_SVR(k=10),0.2,0,2,1286,322,0,2082086688944,training_fold_X.corr(),False
classification,RFECA_SVR(k=10),0.2,0,3,1286,322,0,2082086686544,training_fold_X.corr(),False
classification,RFECA_SVR(k=10),0.2,0,4,1287,321,0,2082086698304,training_fold_X.corr(),False
classification,RFECA_SVR(k=10),0.2,0,5,1287,321,0,2082086682704,training_fold_X.corr(),False
classification,RFECA_SVR(k=20),0.2,0,1,1286,322,0,2082086686064,training_fold_X.corr(),False
classification,RFECA_SVR(k=20),0.2,0,2,1286,322,0,2082086690864,training_fold_X.corr(),False
classification,RFECA_SVR(k=20),0.2,0,3,1286,322,0,2082086691344,training_fold_X.corr(),False
classification,RFECA_SVR(k=20),0.2,0,4,1287,321,0,2084500226368,training_fold_X.corr(),False
classification,RFECA_SVR(k=20),0.2,0,5,1287,321,0,2084500227088,training_fold_X.corr(),False
imputation,RFECA_SVR(k=5),0.2,1,1,1286,322,0,2081948827424,training_fold_X.corr(),False
imputation,RFECA_SVR(k=5),0.2,1,2,1286,322,0,2081948827184,training_fold_X.corr(),False
imputation,RFECA_SVR(k=5),0.2,1,3,1286,322,0,2081948826704,training_fold_X.corr(),False
imputation,RFECA_SVR(k=5),0.2,1,4,1287,321,0,2082086691584,training_fold_X.corr(),False
imputation,RFECA_SVR(k=5),0.2,1,5,1287,321,0,2082086698544,training_fold_X.corr(),False
imputation,RFECA_SVR(k=10),0.2,1,1,1286,322,0,2082086687984,training_fold_X.corr(),False
imputation,RFECA_SVR(k=10),0.2,1,2,1286,322,0,2082086694704,training_fold_X.corr(),False
imputation,RFECA_SVR(k=10),0.2,1,3,1286,322,0,2082086693264,training_fold_X.corr(),False
imputation,RFECA_SVR(k=10),0.2,1,4,1287,321,0,2082086683904,training_fold_X.corr(),False
imputation,RFECA_SVR(k=10),0.2,1,5,1287,321,0,2082086688224,training_fold_X.corr(),False
imputation,RFECA_SVR(k=20),0.2,1,1,1286,322,0,2082086690144,training_fold_X.corr(),False
imputation,RFECA_SVR(k=20),0.2,1,2,1286,322,0,2082086687264,training_fold_X.corr(),False
imputation,RFECA_SVR(k=20),0.2,1,3,1286,322,0,2082086696624,training_fold_X.corr(),False
imputation,RFECA_SVR(k=20),0.2,1,4,1287,321,0,2082086689424,training_fold_X.corr(),False
imputation,RFECA_SVR(k=20),0.2,1,5,1287,321,0,2082086685824,training_fold_X.corr(),False
classification,RFECA_SVR(k=5),0.2,1,1,1286,322,0,2082086693984,training_fold_X.corr(),False
classification,RFECA_SVR(k=5),0.2,1,2,1286,322,0,2082086685344,training_fold_X.corr(),False
classification,RFECA_SVR(k=5),0.2,1,3,1286,322,0,2082086698064,training_fold_X.corr(),False
classification,RFECA_SVR(k=5),0.2,1,4,1287,321,0,2082086695184,training_fold_X.corr(),False
classification,RFECA_SVR(k=5),0.2,1,5,1287,321,0,2082086683424,training_fold_X.corr(),False
classification,RFECA_SVR(k=10),0.2,1,1,1286,322,0,2082086685584,training_fold_X.corr(),False
classification,RFECA_SVR(k=10),0.2,1,2,1286,322,0,2082086685104,training_fold_X.corr(),False
classification,RFECA_SVR(k=10),0.2,1,3,1286,322,0,2082086687744,training_fold_X.corr(),False
classification,RFECA_SVR(k=10),0.2,1,4,1287,321,0,2082086684624,training_fold_X.corr(),False
classification,RFECA_SVR(k=10),0.2,1,5,1287,321,0,2082086694944,training_fold_X.corr(),False
classification,RFECA_SVR(k=20),0.2,1,1,1286,322,0,2082086696144,training_fold_X.corr(),False
classification,RFECA_SVR(k=20),0.2,1,2,1286,322,0,2082086695424,training_fold_X.corr(),False
classification,RFECA_SVR(k=20),0.2,1,3,1286,322,0,2082086695664,training_fold_X.corr(),False
classification,RFECA_SVR(k=20),0.2,1,4,1287,321,0,2084616962368,training_fold_X.corr(),False
classification,RFECA_SVR(k=20),0.2,1,5,1287,321,0,2084616963088,training_fold_X.corr(),False
imputation,RFECA_SVR(k=5),0.2,2,1,1286,322,0,2081948827184,training_fold_X.corr(),False
imputation,RFECA_SVR(k=5),0.2,2,2,1286,322,0,2081948826704,training_fold_X.corr(),False
imputation,RFECA_SVR(k=5),0.2,2,3,1286,322,0,2081948825504,training_fold_X.corr(),False
imputation,RFECA_SVR(k=5),0.2,2,4,1287,321,0,2082086691584,training_fold_X.corr(),False
imputation,RFECA_SVR(k=5),0.2,2,5,1287,321,0,2082086698544,training_fold_X.corr(),False
imputation,RFECA_SVR(k=10),0.2,2,1,1286,322,0,2082086687984,training_fold_X.corr(),False
imputation,RFECA_SVR(k=10),0.2,2,2,1286,322,0,2082086694704,training_fold_X.corr(),False
imputation,RFECA_SVR(k=10),0.2,2,3,1286,322,0,2082086693264,training_fold_X.corr(),False
imputation,RFECA_SVR(k=10),0.2,2,4,1287,321,0,2082086683904,training_fold_X.corr(),False
imputation,RFECA_SVR(k=10),0.2,2,5,1287,321,0,2082086688224,training_fold_X.corr(),False
imputation,RFECA_SVR(k=20),0.2,2,1,1286,322,0,2082086690144,training_fold_X.corr(),False
imputation,RFECA_SVR(k=20),0.2,2,2,1286,322,0,2082086687264,training_fold_X.corr(),False
imputation,RFECA_SVR(k=20),0.2,2,3,1286,322,0,2082086696624,training_fold_X.corr(),False
imputation,RFECA_SVR(k=20),0.2,2,4,1287,321,0,2082086689424,training_fold_X.corr(),False
imputation,RFECA_SVR(k=20),0.2,2,5,1287,321,0,2082086685824,training_fold_X.corr(),False
classification,RFECA_SVR(k=5),0.2,2,1,1286,322,0,2082086684144,training_fold_X.corr(),False
classification,RFECA_SVR(k=5),0.2,2,2,1286,322,0,2082086685584,training_fold_X.corr(),False
classification,RFECA_SVR(k=5),0.2,2,3,1286,322,0,2082086690384,training_fold_X.corr(),False
classification,RFECA_SVR(k=5),0.2,2,4,1287,321,0,2082086696384,training_fold_X.corr(),False
classification,RFECA_SVR(k=5),0.2,2,5,1287,321,0,2082086684384,training_fold_X.corr(),False
classification,RFECA_SVR(k=10),0.2,2,1,1286,322,0,2082086693984,training_fold_X.corr(),False
classification,RFECA_SVR(k=10),0.2,2,2,1286,322,0,2082086691104,training_fold_X.corr(),False
classification,RFECA_SVR(k=10),0.2,2,3,1286,322,0,2082086689904,training_fold_X.corr(),False
classification,RFECA_SVR(k=10),0.2,2,4,1287,321,0,2082309063936,training_fold_X.corr(),False
classification,RFECA_SVR(k=10),0.2,2,5,1287,321,0,2082309065856,training_fold_X.corr(),False
classification,RFECA_SVR(k=20),0.2,2,1,1286,322,0,2082086688704,training_fold_X.corr(),False
classification,RFECA_SVR(k=20),0.2,2,2,1286,322,0,2082309069696,training_fold_X.corr(),False
classification,RFECA_SVR(k=20),0.2,2,3,1286,322,0,2082309071616,training_fold_X.corr(),False
classification,RFECA_SVR(k=20),0.2,2,4,1287,321,0,2082309073536,training_fold_X.corr(),False
classification,RFECA_SVR(k=20),0.2,2,5,1287,321,0,2082309075456,training_fold_X.corr(),False
imputation,RFECA_SVR(k=5),0.2,3,1,1286,322,0,2081948826704,training_fold_X.corr(),False
imputation,RFECA_SVR(k=5),0.2,3,2,1286,322,0,2081948825504,training_fold_X.corr(),False
imputation,RFECA_SVR(k=5),0.2,3,3,1286,322,0,2081948827424,training_fold_X.corr(),False
imputation,RFECA_SVR(k=5),0.2,3,4,1287,321,0,2082086691584,training_fold_X.corr(),False
imputation,RFECA_SVR(k=5),0.2,3,5,1287,321,0,2082086698544,training_fold_X.corr(),False
imputation,RFECA_SVR(k=10),0.2,3,1,1286,322,0,2082086687984,training_fold_X.corr(),False
imputation,RFECA_SVR(k=10),0.2,3,2,1286,322,0,2082086694704,training_fold_X.corr(),False
imputation,RFECA_SVR(k=10),0.2,3,3,1286,322,0,2082086693264,training_fold_X.corr(),False
imputation,RFECA_SVR(k=10),0.2,3,4,1287,321,0,2082086683904,training_fold_X.corr(),False
imputation,RFECA_SVR(k=10),0.2,3,5,1287,321,0,2082086688224,training_fold_X.corr(),False
imputation,RFECA_SVR(k=20),0.2,3,1,1286,322,0,2082086690144,training_fold_X.corr(),False
imputation,RFECA_SVR(k=20),0.2,3,2,1286,322,0,2082086687264,training_fold_X.corr(),False
imputation,RFECA_SVR(k=20),0.2,3,3,1286,322,0,2082086696624,training_fold_X.corr(),False
imputation,RFECA_SVR(k=20),0.2,3,4,1287,321,0,2082086689424,training_fold_X.corr(),False
imputation,RFECA_SVR(k=20),0.2,3,5,1287,321,0,2082086685824,training_fold_X.corr(),False
classification,RFECA_SVR(k=5),0.2,3,1,1286,322,0,2082086685344,training_fold_X.corr(),False
classification,RFECA_SVR(k=5),0.2,3,2,1286,322,0,2082086683424,training_fold_X.corr(),False
classification,RFECA_SVR(k=5),0.2,3,3,1286,322,0,2082086688704,training_fold_X.corr(),False
classification,RFECA_SVR(k=5),0.2,3,4,1287,321,0,2082086693024,training_fold_X.corr(),False
classification,RFECA_SVR(k=5),0.2,3,5,1287,321,0,2082086682944,training_fold_X.corr(),False
classification,RFECA_SVR(k=10),0.2,3,1,1286,322,0,2082086684144,training_fold_X.corr(),False
classification,RFECA_SVR(k=10),0.2,3,2,1286,322,0,2082086692064,training_fold_X.corr(),False
classification,RFECA_SVR(k=10),0.2,3,3,1286,322,0,2082086687744,training_fold_X.corr(),False
classification,RFECA_SVR(k=10),0.2,3,4,1287,321,0,2082086689184,training_fold_X.corr(),False
classification,RFECA_SVR(k=10),0.2,3,5,1287,321,0,2082086688464,training_fold_X.corr(),False
classification,RFECA_SVR(k=20),0.2,3,1,1286,322,0,2082086695184,training_fold_X.corr(),False
classification,RFECA_SVR(k=20),0.2,3,2,1286,322,0,2084500095056,training_fold_X.corr(),False
classification,RFECA_SVR(k=20),0.2,3,3,1286,322,0,2084500095776,training_fold_X.corr(),False
classification,RFECA_SVR(k=20),0.2,3,4,1287,321,0,2084500096496,training_fold_X.corr(),False
classification,RFECA_SVR(k=20),0.2,3,5,1287,321,0,2084500097216,training_fold_X.corr(),False
imputation,RFECA_SVR(k=5),0.2,4,1,1286,322,0,2081948825504,training_fold_X.corr(),False
imputation,RFECA_SVR(k=5),0.2,4,2,1286,322,0,2081948827424,training_fold_X.corr(),False
imputation,RFECA_SVR(k=5),0.2,4,3,1286,322,0,2081948827184,training_fold_X.corr(),False
imputation,RFECA_SVR(k=5),0.2,4,4,1287,321,0,2082086691584,training_fold_X.corr(),False
imputation,RFECA_SVR(k=5),0.2,4,5,1287,321,0,2082086698544,training_fold_X.corr(),False
imputation,RFECA_SVR(k=10),0.2,4,1,1286,322,0,2082086687984,training_fold_X.corr(),False
imputation,RFECA_SVR(k=10),0.2,4,2,1286,322,0,2082086694704,training_fold_X.corr(),False
imputation,RFECA_SVR(k=10),0.2,4,3,1286,322,0,2082086693264,training_fold_X.corr(),False
imputation,RFECA_SVR(k=10),0.2,4,4,1287,321,0,2082086683904,training_fold_X.corr(),False
imputation,RFECA_SVR(k=10),0.2,4,5,1287,321,0,2082086688224,training_fold_X.corr(),False
imputation,RFECA_SVR(k=20),0.2,4,1,1286,322,0,2082086690144,training_fold_X.corr(),False
imputation,RFECA_SVR(k=20),0.2,4,2,1286,322,0,2082086687264,training_fold_X.corr(),False
imputation,RFECA_SVR(k=20),0.2,4,3,1286,322,0,2082086696624,training_fold_X.corr(),False
imputation,RFECA_SVR(k=20),0.2,4,4,1287,321,0,2082086689424,training_fold_X.corr(),False
imputation,RFECA_SVR(k=20),0.2,4,5,1287,321,0,2082086685824,training_fold_X.corr(),False
classification,RFECA_SVR(k=5),0.2,4,1,1286,322,0,2082086685584,training_fold_X.corr(),False
classification,RFECA_SVR(k=5),0.2,4,2,1286,322,0,2082086695904,training_fold_X.corr(),False
classification,RFECA_SVR(k=5),0.2,4,3,1286,322,0,2082086690864,training_fold_X.corr(),False
classification,RFECA_SVR(k=5),0.2,4,4,1287,321,0,2082086683184,training_fold_X.corr(),False
classification,RFECA_SVR(k=5),0.2,4,5,1287,321,0,2082086697104,training_fold_X.corr(),False
classification,RFECA_SVR(k=10),0.2,4,1,1286,322,0,2082086685344,training_fold_X.corr(),False
classification,RFECA_SVR(k=10),0.2,4,2,1286,322,0,2082086686064,training_fold_X.corr(),False
classification,RFECA_SVR(k=10),0.2,4,3,1286,322,0,2082086683664,training_fold_X.corr(),False
classification,RFECA_SVR(k=10),0.2,4,4,1287,321,0,2082086692544,training_fold_X.corr(),False
classification,RFECA_SVR(k=10),0.2,4,5,1287,321,0,2082086686304,training_fold_X.corr(),False
classification,RFECA_SVR(k=20),0.2,4,1,1286,322,0,2082086696384,training_fold_X.corr(),False
classification,RFECA_SVR(k=20),0.2,4,2,1286,322,0,2084617224272,training_fold_X.corr(),False
classification,RFECA_SVR(k=20),0.2,4,3,1286,322,0,2084617224992,training_fold_X.corr(),False
classification,RFECA_SVR(k=20),0.2,4,4,1287,321,0,2084617225712,training_fold_X.corr(),False
classification,RFECA_SVR(k=20),0.2,4,5,1287,321,0,2084617226432,training_fold_X.corr(),False
imputation,RFECA_SVR(k=5),0.2,5,1,1286,322,0,2081948827424,training_fold_X.corr(),False
imputation,RFECA_SVR(k=5),0.2,5,2,1286,322,0,2081948827184,training_fold_X.corr(),False
imputation,RFECA_SVR(k=5),0.2,5,3,1286,322,0,2081948826704,training_fold_X.corr(),False
imputation,RFECA_SVR(k=5),0.2,5,4,1287,321,0,2082086691584,training_fold_X.corr(),False
imputation,RFECA_SVR(k=5),0.2,5,5,1287,321,0,2082086698544,training_fold_X.corr(),False
imputation,RFECA_SVR(k=10),0.2,5,1,1286,322,0,2082086687984,training_fold_X.corr(),False
imputation,RFECA_SVR(k=10),0.2,5,2,1286,322,0,2082086694704,training_fold_X.corr(),False
imputation,RFECA_SVR(k=10),0.2,5,3,1286,322,0,2082086693264,training_fold_X.corr(),False
imputation,RFECA_SVR(k=10),0.2,5,4,1287,321,0,2082086683904,training_fold_X.corr(),False
imputation,RFECA_SVR(k=10),0.2,5,5,1287,321,0,2082086688224,training_fold_X.corr(),False
imputation,RFECA_SVR(k=20),0.2,5,1,1286,322,0,2082086690144,training_fold_X.corr(),False
imputation,RFECA_SVR(k=20),0.2,5,2,1286,322,0,2082086687264,training_fold_X.corr(),False
imputation,RFECA_SVR(k=20),0.2,5,3,1286,322,0,2082086696624,training_fold_X.corr(),False
imputation,RFECA_SVR(k=20),0.2,5,4,1287,321,0,2082086689424,training_fold_X.corr(),False
imputation,RFECA_SVR(k=20),0.2,5,5,1287,321,0,2082086685824,training_fold_X.corr(),False
classification,RFECA_SVR(k=5),0.2,5,1,1286,322,0,2082086683424,training_fold_X.corr(),False
classification,RFECA_SVR(k=5),0.2,5,2,1286,322,0,2082086684624,training_fold_X.corr(),False
classification,RFECA_SVR(k=5),0.2,5,3,1286,322,0,2082086691344,training_fold_X.corr(),False
classification,RFECA_SVR(k=5),0.2,5,4,1287,321,0,2082086684384,training_fold_X.corr(),False
classification,RFECA_SVR(k=5),0.2,5,5,1287,321,0,2082086693504,training_fold_X.corr(),False
classification,RFECA_SVR(k=10),0.2,5,1,1286,322,0,2082086685584,training_fold_X.corr(),False
classification,RFECA_SVR(k=10),0.2,5,2,1286,322,0,2082086682944,training_fold_X.corr(),False
classification,RFECA_SVR(k=10),0.2,5,3,1286,322,0,2082086694464,training_fold_X.corr(),False
classification,RFECA_SVR(k=10),0.2,5,4,1287,321,0,2082086690384,training_fold_X.corr(),False
classification,RFECA_SVR(k=10),0.2,5,5,1287,321,0,2082086697584,training_fold_X.corr(),False
classification,RFECA_SVR(k=20),0.2,5,1,1286,322,0,2082086693024,training_fold_X.corr(),False
classification,RFECA_SVR(k=20),0.2,5,2,1286,322,0,2084617388112,training_fold_X.corr(),False
classification,RFECA_SVR(k=20),0.2,5,3,1286,322,0,2084617388832,training_fold_X.corr(),False
classification,RFECA_SVR(k=20),0.2,5,4,1287,321,0,2084617389552,training_fold_X.corr(),False
classification,RFECA_SVR(k=20),0.2,5,5,1287,321,0,2084617390272,training_fold_X.corr(),False
imputation,RFECA_SVR(k=5),0.2,6,1,1286,322,0,2081948827184,training_fold_X.corr(),False
imputation,RFECA_SVR(k=5),0.2,6,2,1286,322,0,2081948826704,training_fold_X.corr(),False
imputation,RFECA_SVR(k=5),0.2,6,3,1286,322,0,2081948825504,training_fold_X.corr(),False
imputation,RFECA_SVR(k=5),0.2,6,4,1287,321,0,2082086691584,training_fold_X.corr(),False
imputation,RFECA_SVR(k=5),0.2,6,5,1287,321,0,2082086698544,training_fold_X.corr(),False
imputation,RFECA_SVR(k=10),0.2,6,1,1286,322,0,2082086687984,training_fold_X.corr(),False
imputation,RFECA_SVR(k=10),0.2,6,2,1286,322,0,2082086694704,training_fold_X.corr(),False
imputation,RFECA_SVR(k=10),0.2,6,3,1286,322,0,2082086693264,training_fold_X.corr(),False
imputation,RFECA_SVR(k=10),0.2,6,4,1287,321,0,2082086683904,training_fold_X.corr(),False
imputation,RFECA_SVR(k=10),0.2,6,5,1287,321,0,2082086688224,training_fold_X.corr(),False
imputation,RFECA_SVR(k=20),0.2,6,1,1286,322,0,2082086690144,training_fold_X.corr(),False
imputation,RFECA_SVR(k=20),0.2,6,2,1286,322,0,2082086687264,training_fold_X.corr(),False
imputation,RFECA_SVR(k=20),0.2,6,3,1286,322,0,2082086696624,training_fold_X.corr(),False
imputation,RFECA_SVR(k=20),0.2,6,4,1287,321,0,2082086689424,training_fold_X.corr(),False
imputation,RFECA_SVR(k=20),0.2,6,5,1287,321,0,2082086685824,training_fold_X.corr(),False
classification,RFECA_SVR(k=5),0.2,6,1,1286,322,0,2082086695904,training_fold_X.corr(),False
classification,RFECA_SVR(k=5),0.2,6,2,1286,322,0,2082086693984,training_fold_X.corr(),False
classification,RFECA_SVR(k=5),0.2,6,3,1286,322,0,2082086688944,training_fold_X.corr(),False
classification,RFECA_SVR(k=5),0.2,6,4,1287,321,0,2082086697824,training_fold_X.corr(),False
classification,RFECA_SVR(k=5),0.2,6,5,1287,321,0,2082086692304,training_fold_X.corr(),False
classification,RFECA_SVR(k=10),0.2,6,1,1286,322,0,2082086683424,training_fold_X.corr(),False
classification,RFECA_SVR(k=10),0.2,6,2,1286,322,0,2082086697104,training_fold_X.corr(),False
classification,RFECA_SVR(k=10),0.2,6,3,1286,322,0,2082086687024,training_fold_X.corr(),False
classification,RFECA_SVR(k=10),0.2,6,4,1287,321,0,2082086688704,training_fold_X.corr(),False
classification,RFECA_SVR(k=10),0.2,6,5,1287,321,0,2082086689904,training_fold_X.corr(),False
classification,RFECA_SVR(k=20),0.2,6,1,1286,322,0,2082086683184,training_fold_X.corr(),False
classification,RFECA_SVR(k=20),0.2,6,2,1286,322,0,2082035761232,training_fold_X.corr(),False
classification,RFECA_SVR(k=20),0.2,6,3,1286,322,0,2082035761952,training_fold_X.corr(),False
classification,RFECA_SVR(k=20),0.2,6,4,1287,321,0,2082035762672,training_fold_X.corr(),False
classification,RFECA_SVR(k=20),0.2,6,5,1287,321,0,2082035763392,training_fold_X.corr(),False
imputation,RFECA_SVR(k=5),0.2,7,1,1286,322,0,2081948826704,training_fold_X.corr(),False
imputation,RFECA_SVR(k=5),0.2,7,2,1286,322,0,2081948825504,training_fold_X.corr(),False
imputation,RFECA_SVR(k=5),0.2,7,3,1286,322,0,2081948827424,training_fold_X.corr(),False
imputation,RFECA_SVR(k=5),0.2,7,4,1287,321,0,2082086691584,training_fold_X.corr(),False
imputation,RFECA_SVR(k=5),0.2,7,5,1287,321,0,2082086698544,training_fold_X.corr(),False
imputation,RFECA_SVR(k=10),0.2,7,1,1286,322,0,2082086687984,training_fold_X.corr(),False
imputation,RFECA_SVR(k=10),0.2,7,2,1286,322,0,2082086694704,training_fold_X.corr(),False
imputation,RFECA_SVR(k=10),0.2,7,3,1286,322,0,2082086693264,training_fold_X.corr(),False
imputation,RFECA_SVR(k=10),0.2,7,4,1287,321,0,2082086683904,training_fold_X.corr(),False
imputation,RFECA_SVR(k=10),0.2,7,5,1287,321,0,2082086688224,training_fold_X.corr(),False
imputation,RFECA_SVR(k=20),0.2,7,1,1286,322,0,2082086690144,training_fold_X.corr(),False
imputation,RFECA_SVR(k=20),0.2,7,2,1286,322,0,2082086687264,training_fold_X.corr(),False
imputation,RFECA_SVR(k=20),0.2,7,3,1286,322,0,2082086696624,training_fold_X.corr(),False
imputation,RFECA_SVR(k=20),0.2,7,4,1287,321,0,2082086689424,training_fold_X.corr(),False
imputation,RFECA_SVR(k=20),0.2,7,5,1287,321,0,2082086685824,training_fold_X.corr(),False
classification,RFECA_SVR(k=5),0.2,7,1,1286,322,0,2082086684624,training_fold_X.corr(),False
classification,RFECA_SVR(k=5),0.2,7,2,1286,322,0,2082086684144,training_fold_X.corr(),False
classification,RFECA_SVR(k=5),0.2,7,3,1286,322,0,2082086686784,training_fold_X.corr(),False
classification,RFECA_SVR(k=5),0.2,7,4,1287,321,0,2082086688464,training_fold_X.corr(),False
classification,RFECA_SVR(k=5),0.2,7,5,1287,321,0,2082086697344,training_fold_X.corr(),False
classification,RFECA_SVR(k=10),0.2,7,1,1286,322,0,2082086695904,training_fold_X.corr(),False
classification,RFECA_SVR(k=10),0.2,7,2,1286,322,0,2082086687504,training_fold_X.corr(),False
classification,RFECA_SVR(k=10),0.2,7,3,1286,322,0,2082086696144,training_fold_X.corr(),False
classification,RFECA_SVR(k=10),0.2,7,4,1287,321,0,2082086687744,training_fold_X.corr(),False
classification,RFECA_SVR(k=10),0.2,7,5,1287,321,0,2082086686064,training_fold_X.corr(),False
classification,RFECA_SVR(k=20),0.2,7,1,1286,322,0,2082086684384,training_fold_X.corr(),False
classification,RFECA_SVR(k=20),0.2,7,2,1286,322,0,2084768530512,training_fold_X.corr(),False
classification,RFECA_SVR(k=20),0.2,7,3,1286,322,0,2084768531232,training_fold_X.corr(),False
classification,RFECA_SVR(k=20),0.2,7,4,1287,321,0,2084768531952,training_fold_X.corr(),False
classification,RFECA_SVR(k=20),0.2,7,5,1287,321,0,2084768532672,training_fold_X.corr(),False
imputation,RFECA_SVR(k=5),0.2,8,1,1286,322,0,2081948825504,training_fold_X.corr(),False
imputation,RFECA_SVR(k=5),0.2,8,2,1286,322,0,2081948827424,training_fold_X.corr(),False
imputation,RFECA_SVR(k=5),0.2,8,3,1286,322,0,2081948827184,training_fold_X.corr(),False
imputation,RFECA_SVR(k=5),0.2,8,4,1287,321,0,2082086691584,training_fold_X.corr(),False
imputation,RFECA_SVR(k=5),0.2,8,5,1287,321,0,2082086698544,training_fold_X.corr(),False
imputation,RFECA_SVR(k=10),0.2,8,1,1286,322,0,2082086687984,training_fold_X.corr(),False
imputation,RFECA_SVR(k=10),0.2,8,2,1286,322,0,2082086694704,training_fold_X.corr(),False
imputation,RFECA_SVR(k=10),0.2,8,3,1286,322,0,2082086693264,training_fold_X.corr(),False
imputation,RFECA_SVR(k=10),0.2,8,4,1287,321,0,2082086683904,training_fold_X.corr(),False
imputation,RFECA_SVR(k=10),0.2,8,5,1287,321,0,2082086688224,training_fold_X.corr(),False
imputation,RFECA_SVR(k=20),0.2,8,1,1286,322,0,2082086690144,training_fold_X.corr(),False
imputation,RFECA_SVR(k=20),0.2,8,2,1286,322,0,2082086687264,training_fold_X.corr(),False
imputation,RFECA_SVR(k=20),0.2,8,3,1286,322,0,2082086696624,training_fold_X.corr(),False
imputation,RFECA_SVR(k=20),0.2,8,4,1287,321,0,2082086689424,training_fold_X.corr(),False
imputation,RFECA_SVR(k=20),0.2,8,5,1287,321,0,2082086685824,training_fold_X.corr(),False
classification,RFECA_SVR(k=5),0.2,8,1,1286,322,0,2082086693984,training_fold_X.corr(),False
classification,RFECA_SVR(k=5),0.2,8,2,1286,322,0,2082086686304,training_fold_X.corr(),False
classification,RFECA_SVR(k=5),0.2,8,3,1286,322,0,2082086691104,training_fold_X.corr(),False
classification,RFECA_SVR(k=5),0.2,8,4,1287,321,0,2082086693504,training_fold_X.corr(),False
classification,RFECA_SVR(k=5),0.2,8,5,1287,321,0,2082086691824,training_fold_X.corr(),False
classification,RFECA_SVR(k=10),0.2,8,1,1286,322,0,2082086684624,training_fold_X.corr(),False
classification,RFECA_SVR(k=10),0.2,8,2,1286,322,0,2082086692304,training_fold_X.corr(),False
classification,RFECA_SVR(k=10),0.2,8,3,1286,322,0,2082086689664,training_fold_X.corr(),False
classification,RFECA_SVR(k=10),0.2,8,4,1287,321,0,2082086695184,training_fold_X.corr(),False
classification,RFECA_SVR(k=10),0.2,8,5,1287,321,0,2082086683664,training_fold_X.corr(),False
classification,RFECA_SVR(k=20),0.2,8,1,1286,322,0,2082086697824,training_fold_X.corr(),False
classification,RFECA_SVR(k=20),0.2,8,2,1286,322,0,2082086695664,training_fold_X.corr(),False
classification,RFECA_SVR(k=20),0.2,8,3,1286,322,0,2082086698064,training_fold_X.corr(),False
classification,RFECA_SVR(k=20),0.2,8,4,1287,321,0,2084986798400,training_fold_X.corr(),False
classification,RFECA_SVR(k=20),0.2,8,5,1287,321,0,2084986799120,training_fold_X.corr(),False
imputation,RFECA_SVR(k=5),0.2,9,1,1286,322,0,2081948827424,training_fold_X.corr(),False
imputation,RFECA_SVR(k=5),0.2,9,2,1286,322,0,2081948827184,training_fold_X.corr(),False
imputation,RFECA_SVR(k=5),0.2,9,3,1286,322,0,2081948826704,training_fold_X.corr(),False
imputation,RFECA_SVR(k=5),0.2,9,4,1287,321,0,2082086691584,training_fold_X.corr(),False
imputation,RFECA_SVR(k=5),0.2,9,5,1287,321,0,2082086698544,training_fold_X.corr(),False
imputation,RFECA_SVR(k=10),0.2,9,1,1286,322,0,2082086687984,training_fold_X.corr(),False
imputation,RFECA_SVR(k=10),0.2,9,2,1286,322,0,2082086694704,training_fold_X.corr(),False
imputation,RFECA_SVR(k=10),0.2,9,3,1286,322,0,2082086693264,training_fold_X.corr(),False
imputation,RFECA_SVR(k=10),0.2,9,4,1287,321,0,2082086683904,training_fold_X.corr(),False
imputation,RFECA_SVR(k=10),0.2,9,5,1287,321,0,2082086688224,training_fold_X.corr(),False
imputation,RFECA_SVR(k=20),0.2,9,1,1286,322,0,2082086690144,training_fold_X.corr(),False
imputation,RFECA_SVR(k=20),0.2,9,2,1286,322,0,2082086687264,training_fold_X.corr(),False
imputation,RFECA_SVR(k=20),0.2,9,3,1286,322,0,2082086696624,training_fold_X.corr(),False
imputation,RFECA_SVR(k=20),0.2,9,4,1287,321,0,2082086689424,training_fold_X.corr(),False
imputation,RFECA_SVR(k=20),0.2,9,5,1287,321,0,2082086685824,training_fold_X.corr(),False
classification,RFECA_SVR(k=5),0.2,9,1,1286,322,0,2082086684144,training_fold_X.corr(),False
classification,RFECA_SVR(k=5),0.2,9,2,1286,322,0,2082086685584,training_fold_X.corr(),False
classification,RFECA_SVR(k=5),0.2,9,3,1286,322,0,2082086692784,training_fold_X.corr(),False
classification,RFECA_SVR(k=5),0.2,9,4,1287,321,0,2082086691344,training_fold_X.corr(),False
classification,RFECA_SVR(k=5),0.2,9,5,1287,321,0,2082086682944,training_fold_X.corr(),False
classification,RFECA_SVR(k=10),0.2,9,1,1286,322,0,2082086693984,training_fold_X.corr(),False
classification,RFECA_SVR(k=10),0.2,9,2,1286,322,0,2082086694944,training_fold_X.corr(),False
classification,RFECA_SVR(k=10),0.2,9,3,1286,322,0,2082086685104,training_fold_X.corr(),False
classification,RFECA_SVR(k=10),0.2,9,4,1287,321,0,2082086684864,training_fold_X.corr(),False
classification,RFECA_SVR(k=10),0.2,9,5,1287,321,0,2082086696384,training_fold_X.corr(),False
classification,RFECA_SVR(k=20),0.2,9,1,1286,322,0,2082086688464,training_fold_X.corr(),False
classification,RFECA_SVR(k=20),0.2,9,2,1286,322,0,2082086690624,training_fold_X.corr(),False
classification,RFECA_SVR(k=20),0.2,9,3,1286,322,0,2082086686544,training_fold_X.corr(),False
classification,RFECA_SVR(k=20),0.2,9,4,1287,321,0,2085136695616,training_fold_X.corr(),False
classification,RFECA_SVR(k=20),0.2,9,5,1287,321,0,2085136696336,training_fold_X.corr(),False
imputation,RFECA_SVR(k=5),0.3,0,1,1286,322,0,2081948827184,training_fold_X.corr(),False
imputation,RFECA_SVR(k=5),0.3,0,2,1286,322,0,2081948826704,training_fold_X.corr(),False
imputation,RFECA_SVR(k=5),0.3,0,3,1286,322,0,2081948825504,training_fold_X.corr(),False
imputation,RFECA_SVR(k=5),0.3,0,4,1287,321,0,2082086691584,training_fold_X.corr(),False
imputation,RFECA_SVR(k=5),0.3,0,5,1287,321,0,2082086698544,training_fold_X.corr(),False
imputation,RFECA_SVR(k=10),0.3,0,1,1286,322,0,2082086687984,training_fold_X.corr(),False
imputation,RFECA_SVR(k=10),0.3,0,2,1286,322,0,2082086694704,training_fold_X.corr(),False
imputation,RFECA_SVR(k=10),0.3,0,3,1286,322,0,2082086693264,training_fold_X.corr(),False
imputation,RFECA_SVR(k=10),0.3,0,4,1287,321,0,2082086683904,training_fold_X.corr(),False
imputation,RFECA_SVR(k=10),0.3,0,5,1287,321,0,2082086688224,training_fold_X.corr(),False
imputation,RFECA_SVR(k=20),0.3,0,1,1286,322,0,2082086690144,training_fold_X.corr(),False
imputation,RFECA_SVR(k=20),0.3,0,2,1286,322,0,2082086687264,training_fold_X.corr(),False
imputation,RFECA_SVR(k=20),0.3,0,3,1286,322,0,2082086696624,training_fold_X.corr(),False
imputation,RFECA_SVR(k=20),0.3,0,4,1287,321,0,2082086689424,training_fold_X.corr(),False
imputation,RFECA_SVR(k=20),0.3,0,5,1287,321,0,2082086685824,training_fold_X.corr(),False
classification,RFECA_SVR(k=5),0.3,0,1,1286,322,0,2082086686304,training_fold_X.corr(),False
classification,RFECA_SVR(k=5),0.3,0,2,1286,322,0,2082086698064,training_fold_X.corr(),False
classification,RFECA_SVR(k=5),0.3,0,3,1286,322,0,2082086697344,training_fold_X.corr(),False
classification,RFECA_SVR(k=5),0.3,0,4,1287,321,0,2082086697584,training_fold_X.corr(),False
classification,RFECA_SVR(k=5),0.3,0,5,1287,321,0,2082086694464,training_fold_X.corr(),False
classification,RFECA_SVR(k=10),0.3,0,1,1286,322,0,2082086684144,training_fold_X.corr(),False
classification,RFECA_SVR(k=10),0.3,0,2,1286,322,0,2082086685344,training_fold_X.corr(),False
classification,RFECA_SVR(k=10),0.3,0,3,1286,322,0,2082086695424,training_fold_X.corr(),False
classification,RFECA_SVR(k=10),0.3,0,4,1287,321,0,2082086690384,training_fold_X.corr(),False
classification,RFECA_SVR(k=10),0.3,0,5,1287,321,0,2082086698304,training_fold_X.corr(),False
classification,RFECA_SVR(k=20),0.3,0,1,1286,322,0,2082086693504,training_fold_X.corr(),False
classification,RFECA_SVR(k=20),0.3,0,2,1286,322,0,2082086692544,training_fold_X.corr(),False
classification,RFECA_SVR(k=20),0.3,0,3,1286,322,0,2082086689184,training_fold_X.corr(),False
classification,RFECA_SVR(k=20),0.3,0,4,1287,321,0,2085203755328,training_fold_X.corr(),False
classification,RFECA_SVR(k=20),0.3,0,5,1287,321,0,2085203756048,training_fold_X.corr(),False
imputation,RFECA_SVR(k=5),0.3,1,1,1286,322,0,2081948826704,training_fold_X.corr(),False
imputation,RFECA_SVR(k=5),0.3,1,2,1286,322,0,2081948825504,training_fold_X.corr(),False
imputation,RFECA_SVR(k=5),0.3,1,3,1286,322,0,2081948827424,training_fold_X.corr(),False
imputation,RFECA_SVR(k=5),0.3,1,4,1287,321,0,2082086691584,training_fold_X.corr(),False
imputation,RFECA_SVR(k=5),0.3,1,5,1287,321,0,2082086698544,training_fold_X.corr(),False
imputation,RFECA_SVR(k=10),0.3,1,1,1286,322,0,2082086687984,training_fold_X.corr(),False
imputation,RFECA_SVR(k=10),0.3,1,2,1286,322,0,2082086694704,training_fold_X.corr(),False
imputation,RFECA_SVR(k=10),0.3,1,3,1286,322,0,2082086693264,training_fold_X.corr(),False
imputation,RFECA_SVR(k=10),0.3,1,4,1287,321,0,2082086683904,training_fold_X.corr(),False
imputation,RFECA_SVR(k=10),0.3,1,5,1287,321,0,2082086688224,training_fold_X.corr(),False
imputation,RFECA_SVR(k=20),0.3,1,1,1286,322,0,2082086690144,training_fold_X.corr(),False
imputation,RFECA_SVR(k=20),0.3,1,2,1286,322,0,2082086687264,training_fold_X.corr(),False
imputation,RFECA_SVR(k=20),0.3,1,3,1286,322,0,2082086696624,training_fold_X.corr(),False
imputation,RFECA_SVR(k=20),0.3,1,4,1287,321,0,2082086689424,training_fold_X.corr(),False
imputation,RFECA_SVR(k=20),0.3,1,5,1287,321,0,2082086685824,training_fold_X.corr(),False
classification,RFECA_SVR(k=5),0.3,1,1,1286,322,0,2082086685584,training_fold_X.corr(),False
classification,RFECA_SVR(k=5),0.3,1,2,1286,322,0,2082086686544,training_fold_X.corr(),False
classification,RFECA_SVR(k=5),0.3,1,3,1286,322,0,2082086686784,training_fold_X.corr(),False
classification,RFECA_SVR(k=5),0.3,1,4,1287,321,0,2082086694224,training_fold_X.corr(),False
classification,RFECA_SVR(k=5),0.3,1,5,1287,321,0,2082086693024,training_fold_X.corr(),False
classification,RFECA_SVR(k=10),0.3,1,1,1286,322,0,2082086686304,training_fold_X.corr(),False
classification,RFECA_SVR(k=10),0.3,1,2,1286,322,0,2082086689904,training_fold_X.corr(),False
classification,RFECA_SVR(k=10),0.3,1,3,1286,322,0,2082086693744,training_fold_X.corr(),False
classification,RFECA_SVR(k=10),0.3,1,4,1287,321,0,2082086687504,training_fold_X.corr(),False
classification,RFECA_SVR(k=10),0.3,1,5,1287,321,0,2082086696144,training_fold_X.corr(),False
classification,RFECA_SVR(k=20),0.3,1,1,1286,322,0,2082086691344,training_fold_X.corr(),False
classification,RFECA_SVR(k=20),0.3,1,2,1286,322,0,2082086682704,training_fold_X.corr(),False
classification,RFECA_SVR(k=20),0.3,1,3,1286,322,0,2082086686064,training_fold_X.corr(),False
classification,RFECA_SVR(k=20),0.3,1,4,1287,321,0,2085204083008,training_fold_X.corr(),False
classification,RFECA_SVR(k=20),0.3,1,5,1287,321,0,2085204083728,training_fold_X.corr(),False
imputation,RFECA_SVR(k=5),0.3,2,1,1286,322,0,2081948825504,training_fold_X.corr(),False
imputation,RFECA_SVR(k=5),0.3,2,2,1286,322,0,2081948827424,training_fold_X.corr(),False
imputation,RFECA_SVR(k=5),0.3,2,3,1286,322,0,2081948827184,training_fold_X.corr(),False
imputation,RFECA_SVR(k=5),0.3,2,4,1287,321,0,2082086691584,training_fold_X.corr(),False
imputation,RFECA_SVR(k=5),0.3,2,5,1287,321,0,2082086698544,training_fold_X.corr(),False
imputation,RFECA_SVR(k=10),0.3,2,1,1286,322,0,2082086687984,training_fold_X.corr(),False
imputation,RFECA_SVR(k=10),0.3,2,2,1286,322,0,2082086694704,training_fold_X.corr(),False
imputation,RFECA_SVR(k=10),0.3,2,3,1286,322,0,2082086693264,training_fold_X.corr(),False
imputation,RFECA_SVR(k=10),0.3,2,4,1287,321,0,2082086683904,training_fold_X.corr(),False
imputation,RFECA_SVR(k=10),0.3,2,5,1287,321,0,2082086688224,training_fold_X.corr(),False
imputation,RFECA_SVR(k=20),0.3,2,1,1286,322,0,2082086690144,training_fold_X.corr(),False
imputation,RFECA_SVR(k=20),0.3,2,2,1286,322,0,2082086687264,training_fold_X.corr(),False
imputation,RFECA_SVR(k=20),0.3,2,3,1286,322,0,2082086696624,training_fold_X.corr(),False
imputation,RFECA_SVR(k=20),0.3,2,4,1287,321,0,2082086689424,training_fold_X.corr(),False
imputation,RFECA_SVR(k=20),0.3,2,5,1287,321,0,2082086685824,training_fold_X.corr(),False
classification,RFECA_SVR(k=5),0.3,2,1,1286,322,0,2082086698064,training_fold_X.corr(),False
classification,RFECA_SVR(k=5),0.3,2,2,1286,322,0,2082086689184,training_fold_X.corr(),False
classification,RFECA_SVR(k=5),0.3,2,3,1286,322,0,2082086682944,training_fold_X.corr(),False
classification,RFECA_SVR(k=5),0.3,2,4,1287,321,0,2082086683424,training_fold_X.corr(),False
classification,RFECA_SVR(k=5),0.3,2,5,1287,321,0,2082086691104,training_fold_X.corr(),False
classification,RFECA_SVR(k=10),0.3,2,1,1286,322,0,2082086685584,training_fold_X.corr(),False
classification,RFECA_SVR(k=10),0.3,2,2,1286,322,0,2082086691824,training_fold_X.corr(),False
classification,RFECA_SVR(k=10),0.3,2,3,1286,322,0,2082086692064,training_fold_X.corr(),False
classification,RFECA_SVR(k=10),0.3,2,4,1287,321,0,2082086683184,training_fold_X.corr(),False
classification,RFECA_SVR(k=10),0.3,2,5,1287,321,0,2082086684384,training_fold_X.corr(),False
classification,RFECA_SVR(k=20),0.3,2,1,1286,322,0,2082086697584,training_fold_X.corr(),False
classification,RFECA_SVR(k=20),0.3,2,2,1286,322,0,2082086683664,training_fold_X.corr(),False
classification,RFECA_SVR(k=20),0.3,2,3,1286,322,0,2082086684624,training_fold_X.corr(),False
classification,RFECA_SVR(k=20),0.3,2,4,1287,321,0,2085321277760,training_fold_X.corr(),False
classification,RFECA_SVR(k=20),0.3,2,5,1287,321,0,2085321278480,training_fold_X.corr(),False
imputation,RFECA_SVR(k=5),0.3,3,1,1286,322,0,2081948827424,training_fold_X.corr(),False
imputation,RFECA_SVR(k=5),0.3,3,2,1286,322,0,2081948827184,training_fold_X.corr(),False
imputation,RFECA_SVR(k=5),0.3,3,3,1286,322,0,2081948826704,training_fold_X.corr(),False
imputation,RFECA_SVR(k=5),0.3,3,4,1287,321,0,2082086691584,training_fold_X.corr(),False
imputation,RFECA_SVR(k=5),0.3,3,5,1287,321,0,2082086698544,training_fold_X.corr(),False
imputation,RFECA_SVR(k=10),0.3,3,1,1286,322,0,2082086687984,training_fold_X.corr(),False
imputation,RFECA_SVR(k=10),0.3,3,2,1286,322,0,2082086694704,training_fold_X.corr(),False
imputation,RFECA_SVR(k=10),0.3,3,3,1286,322,0,2082086693264,training_fold_X.corr(),False
imputation,RFECA_SVR(k=10),0.3,3,4,1287,321,0,2082086683904,training_fold_X.corr(),False
imputation,RFECA_SVR(k=10),0.3,3,5,1287,321,0,2082086688224,training_fold_X.corr(),False
imputation,RFECA_SVR(k=20),0.3,3,1,1286,322,0,2082086690144,training_fold_X.corr(),False
imputation,RFECA_SVR(k=20),0.3,3,2,1286,322,0,2082086687264,training_fold_X.corr(),False
imputation,RFECA_SVR(k=20),0.3,3,3,1286,322,0,2082086696624,training_fold_X.corr(),False
imputation,RFECA_SVR(k=20),0.3,3,4,1287,321,0,2082086689424,training_fold_X.corr(),False
imputation,RFECA_SVR(k=20),0.3,3,5,1287,321,0,2082086685824,training_fold_X.corr(),False
classification,RFECA_SVR(k=5),0.3,3,1,1286,322,0,2082086686544,training_fold_X.corr(),False
classification,RFECA_SVR(k=5),0.3,3,2,1286,322,0,2082086686064,training_fold_X.corr(),False
classification,RFECA_SVR(k=5),0.3,3,3,1286,322,0,2082086694464,training_fold_X.corr(),False
classification,RFECA_SVR(k=5),0.3,3,4,1287,321,0,2082086692304,training_fold_X.corr(),False
classification,RFECA_SVR(k=5),0.3,3,5,1287,321,0,2082086692784,training_fold_X.corr(),False
classification,RFECA_SVR(k=10),0.3,3,1,1286,322,0,2082086698064,training_fold_X.corr(),False
classification,RFECA_SVR(k=10),0.3,3,2,1286,322,0,2082086695904,training_fold_X.corr(),False
classification,RFECA_SVR(k=10),0.3,3,3,1286,322,0,2082086690864,training_fold_X.corr(),False
classification,RFECA_SVR(k=10),0.3,3,4,1287,321,0,2082086689664,training_fold_X.corr(),False
classification,RFECA_SVR(k=10),0.3,3,5,1287,321,0,2082086695664,training_fold_X.corr(),False
classification,RFECA_SVR(k=20),0.3,3,1,1286,322,0,2082086694224,training_fold_X.corr(),False
classification,RFECA_SVR(k=20),0.3,3,2,1286,322,0,2082086697824,training_fold_X.corr(),False
classification,RFECA_SVR(k=20),0.3,3,3,1286,322,0,2082086693984,training_fold_X.corr(),False
classification,RFECA_SVR(k=20),0.3,3,4,1287,321,0,2085387977024,training_fold_X.corr(),False
classification,RFECA_SVR(k=20),0.3,3,5,1287,321,0,2085387977744,training_fold_X.corr(),False
imputation,RFECA_SVR(k=5),0.3,4,1,1286,322,0,2081948827184,training_fold_X.corr(),False
imputation,RFECA_SVR(k=5),0.3,4,2,1286,322,0,2081948826704,training_fold_X.corr(),False
imputation,RFECA_SVR(k=5),0.3,4,3,1286,322,0,2081948825504,training_fold_X.corr(),False
imputation,RFECA_SVR(k=5),0.3,4,4,1287,321,0,2082086691584,training_fold_X.corr(),False
imputation,RFECA_SVR(k=5),0.3,4,5,1287,321,0,2082086698544,training_fold_X.corr(),False
imputation,RFECA_SVR(k=10),0.3,4,1,1286,322,0,2082086687984,training_fold_X.corr(),False
imputation,RFECA_SVR(k=10),0.3,4,2,1286,322,0,2082086694704,training_fold_X.corr(),False
imputation,RFECA_SVR(k=10),0.3,4,3,1286,322,0,2082086693264,training_fold_X.corr(),False
imputation,RFECA_SVR(k=10),0.3,4,4,1287,321,0,2082086683904,training_fold_X.corr(),False
imputation,RFECA_SVR(k=10),0.3,4,5,1287,321,0,2082086688224,training_fold_X.corr(),False
imputation,RFECA_SVR(k=20),0.3,4,1,1286,322,0,2082086690144,training_fold_X.corr(),False
imputation,RFECA_SVR(k=20),0.3,4,2,1286,322,0,2082086687264,training_fold_X.corr(),False
imputation,RFECA_SVR(k=20),0.3,4,3,1286,322,0,2082086696624,training_fold_X.corr(),False
imputation,RFECA_SVR(k=20),0.3,4,4,1287,321,0,2082086689424,training_fold_X.corr(),False
imputation,RFECA_SVR(k=20),0.3,4,5,1287,321,0,2082086685824,training_fold_X.corr(),False
classification,RFECA_SVR(k=5),0.3,4,1,1286,322,0,2082086689184,training_fold_X.corr(),False
classification,RFECA_SVR(k=5),0.3,4,2,1286,322,0,2082086684624,training_fold_X.corr(),False
classification,RFECA_SVR(k=5),0.3,4,3,1286,322,0,2082086695184,training_fold_X.corr(),False
classification,RFECA_SVR(k=5),0.3,4,4,1287,321,0,2082086697104,training_fold_X.corr(),False
classification,RFECA_SVR(k=5),0.3,4,5,1287,321,0,2082086685104,training_fold_X.corr(),False
classification,RFECA_SVR(k=10),0.3,4,1,1286,322,0,2082086686544,training_fold_X.corr(),False
classification,RFECA_SVR(k=10),0.3,4,2,1286,322,0,2082086696384,training_fold_X.corr(),False
classification,RFECA_SVR(k=10),0.3,4,3,1286,322,0,2082086687024,training_fold_X.corr(),False
classification,RFECA_SVR(k=10),0.3,4,4,1287,321,0,2082086687744,training_fold_X.corr(),False
classification,RFECA_SVR(k=10),0.3,4,5,1287,321,0,2082086688464,training_fold_X.corr(),False
classification,RFECA_SVR(k=20),0.3,4,1,1286,322,0,2082086683424,training_fold_X.corr(),False
classification,RFECA_SVR(k=20),0.3,4,2,1286,322,0,2082086684144,training_fold_X.corr(),False
classification,RFECA_SVR(k=20),0.3,4,3,1286,322,0,2082086698304,training_fold_X.corr(),False
classification,RFECA_SVR(k=20),0.3,4,4,1287,321,0,2085455413568,training_fold_X.corr(),False
classification,RFECA_SVR(k=20),0.3,4,5,1287,321,0,2085455414288,training_fold_X.corr(),False
imputation,RFECA_SVR(k=5),0.3,5,1,1286,322,0,2081948826704,training_fold_X.corr(),False
imputation,RFECA_SVR(k=5),0.3,5,2,1286,322,0,2081948825504,training_fold_X.corr(),False
imputation,RFECA_SVR(k=5),0.3,5,3,1286,322,0,2081948827424,training_fold_X.corr(),False
imputation,RFECA_SVR(k=5),0.3,5,4,1287,321,0,2082086691584,training_fold_X.corr(),False
imputation,RFECA_SVR(k=5),0.3,5,5,1287,321,0,2082086698544,training_fold_X.corr(),False
imputation,RFECA_SVR(k=10),0.3,5,1,1286,322,0,2082086687984,training_fold_X.corr(),False
imputation,RFECA_SVR(k=10),0.3,5,2,1286,322,0,2082086694704,training_fold_X.corr(),False
imputation,RFECA_SVR(k=10),0.3,5,3,1286,322,0,2082086693264,training_fold_X.corr(),False
imputation,RFECA_SVR(k=10),0.3,5,4,1287,321,0,2082086683904,training_fold_X.corr(),False
imputation,RFECA_SVR(k=10),0.3,5,5,1287,321,0,2082086688224,training_fold_X.corr(),False
imputation,RFECA_SVR(k=20),0.3,5,1,1286,322,0,2082086690144,training_fold_X.corr(),False
imputation,RFECA_SVR(k=20),0.3,5,2,1286,322,0,2082086687264,training_fold_X.corr(),False
imputation,RFECA_SVR(k=20),0.3,5,3,1286,322,0,2082086696624,training_fold_X.corr(),False
imputation,RFECA_SVR(k=20),0.3,5,4,1287,321,0,2082086689424,training_fold_X.corr(),False
imputation,RFECA_SVR(k=20),0.3,5,5,1287,321,0,2082086685824,training_fold_X.corr(),False
classification,RFECA_SVR(k=5),0.3,5,1,1286,322,0,2082086686064,training_fold_X.corr(),False
classification,RFECA_SVR(k=5),0.3,5,2,1286,322,0,2082086693984,training_fold_X.corr(),False
classification,RFECA_SVR(k=5),0.3,5,3,1286,322,0,2082086691104,training_fold_X.corr(),False
classification,RFECA_SVR(k=5),0.3,5,4,1287,321,0,2082086688704,training_fold_X.corr(),False
classification,RFECA_SVR(k=5),0.3,5,5,1287,321,0,2082086686784,training_fold_X.corr(),False
classification,RFECA_SVR(k=10),0.3,5,1,1286,322,0,2082086689184,training_fold_X.corr(),False
classification,RFECA_SVR(k=10),0.3,5,2,1286,322,0,2082086693024,training_fold_X.corr(),False
classification,RFECA_SVR(k=10),0.3,5,3,1286,322,0,2082086694944,training_fold_X.corr(),False
classification,RFECA_SVR(k=10),0.3,5,4,1287,321,0,2082086697344,training_fold_X.corr(),False
classification,RFECA_SVR(k=10),0.3,5,5,1287,321,0,2082086693504,training_fold_X.corr(),False
classification,RFECA_SVR(k=20),0.3,5,1,1286,322,0,2082086692304,training_fold_X.corr(),False
classification,RFECA_SVR(k=20),0.3,5,2,1286,322,0,2082086687504,training_fold_X.corr(),False
classification,RFECA_SVR(k=20),0.3,5,3,1286,322,0,2082086686304,training_fold_X.corr(),False
classification,RFECA_SVR(k=20),0.3,5,4,1287,321,0,2085456052544,training_fold_X.corr(),False
classification,RFECA_SVR(k=20),0.3,5,5,1287,321,0,2085456053264,training_fold_X.corr(),False
imputation,RFECA_SVR(k=5),0.3,6,1,1286,322,0,2081948825504,training_fold_X.corr(),False
imputation,RFECA_SVR(k=5),0.3,6,2,1286,322,0,2081948827424,training_fold_X.corr(),False
imputation,RFECA_SVR(k=5),0.3,6,3,1286,322,0,2081948827184,training_fold_X.corr(),False
imputation,RFECA_SVR(k=5),0.3,6,4,1287,321,0,2082086691584,training_fold_X.corr(),False
imputation,RFECA_SVR(k=5),0.3,6,5,1287,321,0,2082086698544,training_fold_X.corr(),False
imputation,RFECA_SVR(k=10),0.3,6,1,1286,322,0,2082086687984,training_fold_X.corr(),False
imputation,RFECA_SVR(k=10),0.3,6,2,1286,322,0,2082086694704,training_fold_X.corr(),False
imputation,RFECA_SVR(k=10),0.3,6,3,1286,322,0,2082086693264,training_fold_X.corr(),False
imputation,RFECA_SVR(k=10),0.3,6,4,1287,321,0,2082086683904,training_fold_X.corr(),False
imputation,RFECA_SVR(k=10),0.3,6,5,1287,321,0,2082086688224,training_fold_X.corr(),False
imputation,RFECA_SVR(k=20),0.3,6,1,1286,322,0,2082086690144,training_fold_X.corr(),False
imputation,RFECA_SVR(k=20),0.3,6,2,1286,322,0,2082086687264,training_fold_X.corr(),False
imputation,RFECA_SVR(k=20),0.3,6,3,1286,322,0,2082086696624,training_fold_X.corr(),False
imputation,RFECA_SVR(k=20),0.3,6,4,1287,321,0,2082086689424,training_fold_X.corr(),False
imputation,RFECA_SVR(k=20),0.3,6,5,1287,321,0,2082086685824,training_fold_X.corr(),False
classification,RFECA_SVR(k=5),0.3,6,1,1286,322,0,2082086684624,training_fold_X.corr(),False
classification,RFECA_SVR(k=5),0.3,6,2,1286,322,0,2082086698304,training_fold_X.corr(),False
classification,RFECA_SVR(k=5),0.3,6,3,1286,322,0,2082086692784,training_fold_X.corr(),False
classification,RFECA_SVR(k=5),0.3,6,4,1287,321,0,2082086690624,training_fold_X.corr(),False
classification,RFECA_SVR(k=5),0.3,6,5,1287,321,0,2082086693744,training_fold_X.corr(),False
classification,RFECA_SVR(k=10),0.3,6,1,1286,322,0,2082086686064,training_fold_X.corr(),False
classification,RFECA_SVR(k=10),0.3,6,2,1286,322,0,2082086696144,training_fold_X.corr(),False
classification,RFECA_SVR(k=10),0.3,6,3,1286,322,0,2082086685344,training_fold_X.corr(),False
classification,RFECA_SVR(k=10),0.3,6,4,1287,321,0,2082086691824,training_fold_X.corr(),False
classification,RFECA_SVR(k=10),0.3,6,5,1287,321,0,2082086688944,training_fold_X.corr(),False
classification,RFECA_SVR(k=20),0.3,6,1,1286,322,0,2082086697104,training_fold_X.corr(),False
classification,RFECA_SVR(k=20),0.3,6,2,1286,322,0,2082086690384,training_fold_X.corr(),False
classification,RFECA_SVR(k=20),0.3,6,3,1286,322,0,2082086684864,training_fold_X.corr(),False
classification,RFECA_SVR(k=20),0.3,6,4,1287,321,0,2085605605696,training_fold_X.corr(),False
classification,RFECA_SVR(k=20),0.3,6,5,1287,321,0,2085605606416,training_fold_X.corr(),False
imputation,RFECA_SVR(k=5),0.3,7,1,1286,322,0,2081948827424,training_fold_X.corr(),False
imputation,RFECA_SVR(k=5),0.3,7,2,1286,322,0,2081948827184,training_fold_X.corr(),False
imputation,RFECA_SVR(k=5),0.3,7,3,1286,322,0,2081948826704,training_fold_X.corr(),False
imputation,RFECA_SVR(k=5),0.3,7,4,1287,321,0,2082086691584,training_fold_X.corr(),False
imputation,RFECA_SVR(k=5),0.3,7,5,1287,321,0,2082086698544,training_fold_X.corr(),False
imputation,RFECA_SVR(k=10),0.3,7,1,1286,322,0,2082086687984,training_fold_X.corr(),False
imputation,RFECA_SVR(k=10),0.3,7,2,1286,322,0,2082086694704,training_fold_X.corr(),False
imputation,RFECA_SVR(k=10),0.3,7,3,1286,322,0,2082086693264,training_fold_X.corr(),False
imputation,RFECA_SVR(k=10),0.3,7,4,1287,321,0,2082086683904,training_fold_X.corr(),False
imputation,RFECA_SVR(k=10),0.3,7,5,1287,321,0,2082086688224,training_fold_X.corr(),False
imputation,RFECA_SVR(k=20),0.3,7,1,1286,322,0,2082086690144,training_fold_X.corr(),False
imputation,RFECA_SVR(k=20),0.3,7,2,1286,322,0,2082086687264,training_fold_X.corr(),False
imputation,RFECA_SVR(k=20),0.3,7,3,1286,322,0,2082086696624,training_fold_X.corr(),False
imputation,RFECA_SVR(k=20),0.3,7,4,1287,321,0,2082086689424,training_fold_X.corr(),False
imputation,RFECA_SVR(k=20),0.3,7,5,1287,321,0,2082086685824,training_fold_X.corr(),False
classification,RFECA_SVR(k=5),0.3,7,1,1286,322,0,2082086693984,training_fold_X.corr(),False
classification,RFECA_SVR(k=5),0.3,7,2,1286,322,0,2082086686304,training_fold_X.corr(),False
classification,RFECA_SVR(k=5),0.3,7,3,1286,322,0,2082086694464,training_fold_X.corr(),False
classification,RFECA_SVR(k=5),0.3,7,4,1287,321,0,2082086695424,training_fold_X.corr(),False
classification,RFECA_SVR(k=5),0.3,7,5,1287,321,0,2082086691344,training_fold_X.corr(),False
classification,RFECA_SVR(k=10),0.3,7,1,1286,322,0,2082086684624,training_fold_X.corr(),False
classification,RFECA_SVR(k=10),0.3,7,2,1286,322,0,2082086684384,training_fold_X.corr(),False
classification,RFECA_SVR(k=10),0.3,7,3,1286,322,0,2082086689904,training_fold_X.corr(),False
classification,RFECA_SVR(k=10),0.3,7,4,1287,321,0,2082086695904,training_fold_X.corr(),False
classification,RFECA_SVR(k=10),0.3,7,5,1287,321,0,2082086690864,training_fold_X.corr(),False
classification,RFECA_SVR(k=20),0.3,7,1,1286,322,0,2082086688704,training_fold_X.corr(),False
classification,RFECA_SVR(k=20),0.3,7,2,1286,322,0,2082086682704,training_fold_X.corr(),False
classification,RFECA_SVR(k=20),0.3,7,3,1286,322,0,2082086695664,training_fold_X.corr(),False
classification,RFECA_SVR(k=20),0.3,7,4,1287,321,0,2085674189120,training_fold_X.corr(),False
classification,RFECA_SVR(k=20),0.3,7,5,1287,321,0,2085674189840,training_fold_X.corr(),False
imputation,RFECA_SVR(k=5),0.3,8,1,1286,322,0,2081948827184,training_fold_X.corr(),False
imputation,RFECA_SVR(k=5),0.3,8,2,1286,322,0,2081948826704,training_fold_X.corr(),False
imputation,RFECA_SVR(k=5),0.3,8,3,1286,322,0,2081948825504,training_fold_X.corr(),False
imputation,RFECA_SVR(k=5),0.3,8,4,1287,321,0,2082086691584,training_fold_X.corr(),False
imputation,RFECA_SVR(k=5),0.3,8,5,1287,321,0,2082086698544,training_fold_X.corr(),False
imputation,RFECA_SVR(k=10),0.3,8,1,1286,322,0,2082086687984,training_fold_X.corr(),False
imputation,RFECA_SVR(k=10),0.3,8,2,1286,322,0,2082086694704,training_fold_X.corr(),False
imputation,RFECA_SVR(k=10),0.3,8,3,1286,322,0,2082086693264,training_fold_X.corr(),False
imputation,RFECA_SVR(k=10),0.3,8,4,1287,321,0,2082086683904,training_fold_X.corr(),False
imputation,RFECA_SVR(k=10),0.3,8,5,1287,321,0,2082086688224,training_fold_X.corr(),False
imputation,RFECA_SVR(k=20),0.3,8,1,1286,322,0,2082086690144,training_fold_X.corr(),False
imputation,RFECA_SVR(k=20),0.3,8,2,1286,322,0,2082086687264,training_fold_X.corr(),False
imputation,RFECA_SVR(k=20),0.3,8,3,1286,322,0,2082086696624,training_fold_X.corr(),False
imputation,RFECA_SVR(k=20),0.3,8,4,1287,321,0,2082086689424,training_fold_X.corr(),False
imputation,RFECA_SVR(k=20),0.3,8,5,1287,321,0,2082086685824,training_fold_X.corr(),False
classification,RFECA_SVR(k=5),0.3,8,1,1286,322,0,2082086698304,training_fold_X.corr(),False
classification,RFECA_SVR(k=5),0.3,8,2,1286,322,0,2082086684864,training_fold_X.corr(),False
classification,RFECA_SVR(k=5),0.3,8,3,1286,322,0,2082086686784,training_fold_X.corr(),False
classification,RFECA_SVR(k=5),0.3,8,4,1287,321,0,2082086685584,training_fold_X.corr(),False
classification,RFECA_SVR(k=5),0.3,8,5,1287,321,0,2082086695184,training_fold_X.corr(),False
classification,RFECA_SVR(k=10),0.3,8,1,1286,322,0,2082086693984,training_fold_X.corr(),False
classification,RFECA_SVR(k=10),0.3,8,2,1286,322,0,2082086685104,training_fold_X.corr(),False
classification,RFECA_SVR(k=10),0.3,8,3,1286,322,0,2082086692544,training_fold_X.corr(),False
classification,RFECA_SVR(k=10),0.3,8,4,1287,321,0,2082086697584,training_fold_X.corr(),False
classification,RFECA_SVR(k=10),0.3,8,5,1287,321,0,2082086694224,training_fold_X.corr(),False
classification,RFECA_SVR(k=20),0.3,8,1,1286,322,0,2082086690624,training_fold_X.corr(),False
classification,RFECA_SVR(k=20),0.3,8,2,1286,322,0,2082086688464,training_fold_X.corr(),False
classification,RFECA_SVR(k=20),0.3,8,3,1286,322,0,2082086686544,training_fold_X.corr(),False
classification,RFECA_SVR(k=20),0.3,8,4,1287,321,0,2085674402112,training_fold_X.corr(),False
classification,RFECA_SVR(k=20),0.3,8,5,1287,321,0,2085674402832,training_fold_X.corr(),False
imputation,RFECA_SVR(k=5),0.3,9,1,1286,322,0,2081948826704,training_fold_X.corr(),False
imputation,RFECA_SVR(k=5),0.3,9,2,1286,322,0,2081948825504,training_fold_X.corr(),False
imputation,RFECA_SVR(k=5),0.3,9,3,1286,322,0,2081948827424,training_fold_X.corr(),False
imputation,RFECA_SVR(k=5),0.3,9,4,1287,321,0,2082086691584,training_fold_X.corr(),False
imputation,RFECA_SVR(k=5),0.3,9,5,1287,321,0,2082086698544,training_fold_X.corr(),False
imputation,RFECA_SVR(k=10),0.3,9,1,1286,322,0,2082086687984,training_fold_X.corr(),False
imputation,RFECA_SVR(k=10),0.3,9,2,1286,322,0,2082086694704,training_fold_X.corr(),False
imputation,RFECA_SVR(k=10),0.3,9,3,1286,322,0,2082086693264,training_fold_X.corr(),False
imputation,RFECA_SVR(k=10),0.3,9,4,1287,321,0,2082086683904,training_fold_X.corr(),False
imputation,RFECA_SVR(k=10),0.3,9,5,1287,321,0,2082086688224,training_fold_X.corr(),False
imputation,RFECA_SVR(k=20),0.3,9,1,1286,322,0,2082086690144,training_fold_X.corr(),False
imputation,RFECA_SVR(k=20),0.3,9,2,1286,322,0,2082086687264,training_fold_X.corr(),False
imputation,RFECA_SVR(k=20),0.3,9,3,1286,322,0,2082086696624,training_fold_X.corr(),False
imputation,RFECA_SVR(k=20),0.3,9,4,1287,321,0,2082086689424,training_fold_X.corr(),False
imputation,RFECA_SVR(k=20),0.3,9,5,1287,321,0,2082086685824,training_fold_X.corr(),False
classification,RFECA_SVR(k=5),0.3,9,1,1286,322,0,2082086686304,training_fold_X.corr(),False
classification,RFECA_SVR(k=5),0.3,9,2,1286,322,0,2082086695664,training_fold_X.corr(),False
classification,RFECA_SVR(k=5),0.3,9,3,1286,322,0,2082086693744,training_fold_X.corr(),False
classification,RFECA_SVR(k=5),0.3,9,4,1287,321,0,2082086696384,training_fold_X.corr(),False
classification,RFECA_SVR(k=5),0.3,9,5,1287,321,0,2082086691104,training_fold_X.corr(),False
classification,RFECA_SVR(k=10),0.3,9,1,1286,322,0,2082086698304,training_fold_X.corr(),False
classification,RFECA_SVR(k=10),0.3,9,2,1286,322,0,2082086698064,training_fold_X.corr(),False
classification,RFECA_SVR(k=10),0.3,9,3,1286,322,0,2082086683664,training_fold_X.corr(),False
classification,RFECA_SVR(k=10),0.3,9,4,1287,321,0,2082086687024,training_fold_X.corr(),False
classification,RFECA_SVR(k=10),0.3,9,5,1287,321,0,2082086684144,training_fold_X.corr(),False
classification,RFECA_SVR(k=20),0.3,9,1,1286,322,0,2082086695424,training_fold_X.corr(),False
classification,RFECA_SVR(k=20),0.3,9,2,1286,322,0,2082086683424,training_fold_X.corr(),False
classification,RFECA_SVR(k=20),0.3,9,3,1286,322,0,2082086689184,training_fold_X.corr(),False
classification,RFECA_SVR(k=20),0.3,9,4,1287,321,0,2085673124160,training_fold_X.corr(),False
classification,RFECA_SVR(k=20),0.3,9,5,1287,321,0,2085673124880,training_fold_X.corr(),False
