stage,imputer,missing_rate,replicate,fold,rmse,mae,n_masked_test_values,n_eligible_cells,n_artificially_masked_cells,n_legacy_imputed_cells_in_cohort,n_legacy_imputed_cells_in_metric_target,target_cell_policy,n_train,n_test,degenerate_constant_preds,seed
imputation,SimpleMean,0.0,0,1,,,0,80400,0,0,0,originally_observed_only,1286,322,False,1042
imputation,SimpleMean,0.0,0,2,,,0,80400,0,0,0,originally_observed_only,1286,322,False,1042
imputation,SimpleMean,0.0,0,3,,,0,80400,0,0,0,originally_observed_only,1286,322,False,1042
imputation,SimpleMean,0.0,0,4,,,0,80400,0,0,0,originally_observed_only,1287,321,False,1042
imputation,SimpleMean,0.0,0,5,,,0,80400,0,0,0,originally_observed_only,1287,321,False,1042
imputation,"KNN(k=5,dist)",0.0,0,1,,,0,80400,0,0,0,originally_observed_only,1286,322,False,1042
imputation,"KNN(k=5,dist)",0.0,0,2,,,0,80400,0,0,0,originally_observed_only,1286,322,False,1042
imputation,"KNN(k=5,dist)",0.0,0,3,,,0,80400,0,0,0,originally_observed_only,1286,322,False,1042
imputation,"KNN(k=5,dist)",0.0,0,4,,,0,80400,0,0,0,originally_observed_only,1287,321,False,1042
imputation,"KNN(k=5,dist)",0.0,0,5,,,0,80400,0,0,0,originally_observed_only,1287,321,False,1042
imputation,RFECA_SVR(k=5),0.0,0,1,,,0,80400,0,0,0,originally_observed_only,1286,322,False,1042
imputation,RFECA_SVR(k=5),0.0,0,2,,,0,80400,0,0,0,originally_observed_only,1286,322,False,1042
imputation,RFECA_SVR(k=5),0.0,0,3,,,0,80400,0,0,0,originally_observed_only,1286,322,False,1042
imputation,RFECA_SVR(k=5),0.0,0,4,,,0,80400,0,0,0,originally_observed_only,1287,321,False,1042
imputation,RFECA_SVR(k=5),0.0,0,5,,,0,80400,0,0,0,originally_observed_only,1287,321,False,1042
imputation,RFECA_SVR(k=10),0.0,0,1,,,0,80400,0,0,0,originally_observed_only,1286,322,False,1042
imputation,RFECA_SVR(k=10),0.0,0,2,,,0,80400,0,0,0,originally_observed_only,1286,322,False,1042
imputation,RFECA_SVR(k=10),0.0,0,3,,,0,80400,0,0,0,originally_observed_only,1286,322,False,1042
imputation,RFECA_SVR(k=10),0.0,0,4,,,0,80400,0,0,0,originally_observed_only,1287,321,False,1042
imputation,RFECA_SVR(k=10),0.0,0,5,,,0,80400,0,0,0,originally_observed_only,1287,321,False,1042
imputation,RFECA_SVR(k=20),0.0,0,1,,,0,80400,0,0,0,originally_observed_only,1286,322,False,1042
imputation,RFECA_SVR(k=20),0.0,0,2,,,0,80400,0,0,0,originally_observed_only,1286,322,False,1042
imputation,RFECA_SVR(k=20),0.0,0,3,,,0,80400,0,0,0,originally_observed_only,1286,322,False,1042
imputation,RFECA_SVR(k=20),0.0,0,4,,,0,80400,0,0,0,originally_observed_only,1287,321,False,1042
imputation,RFECA_SVR(k=20),0.0,0,5,,,0,80400,0,0,0,originally_observed_only,1287,321,False,1042
imputation,SimpleMean,0.0,1,1,,,0,80400,0,0,0,originally_observed_only,1286,322,False,1043
imputation,SimpleMean,0.0,1,2,,,0,80400,0,0,0,originally_observed_only,1286,322,False,1043
imputation,SimpleMean,0.0,1,3,,,0,80400,0,0,0,originally_observed_only,1286,322,False,1043
imputation,SimpleMean,0.0,1,4,,,0,80400,0,0,0,originally_observed_only,1287,321,False,1043
imputation,SimpleMean,0.0,1,5,,,0,80400,0,0,0,originally_observed_only,1287,321,False,1043
imputation,"KNN(k=5,dist)",0.0,1,1,,,0,80400,0,0,0,originally_observed_only,1286,322,False,1043
imputation,"KNN(k=5,dist)",0.0,1,2,,,0,80400,0,0,0,originally_observed_only,1286,322,False,1043
imputation,"KNN(k=5,dist)",0.0,1,3,,,0,80400,0,0,0,originally_observed_only,1286,322,False,1043
imputation,"KNN(k=5,dist)",0.0,1,4,,,0,80400,0,0,0,originally_observed_only,1287,321,False,1043
imputation,"KNN(k=5,dist)",0.0,1,5,,,0,80400,0,0,0,originally_observed_only,1287,321,False,1043
imputation,RFECA_SVR(k=5),0.0,1,1,,,0,80400,0,0,0,originally_observed_only,1286,322,False,1043
imputation,RFECA_SVR(k=5),0.0,1,2,,,0,80400,0,0,0,originally_observed_only,1286,322,False,1043
imputation,RFECA_SVR(k=5),0.0,1,3,,,0,80400,0,0,0,originally_observed_only,1286,322,False,1043
imputation,RFECA_SVR(k=5),0.0,1,4,,,0,80400,0,0,0,originally_observed_only,1287,321,False,1043
imputation,RFECA_SVR(k=5),0.0,1,5,,,0,80400,0,0,0,originally_observed_only,1287,321,False,1043
imputation,RFECA_SVR(k=10),0.0,1,1,,,0,80400,0,0,0,originally_observed_only,1286,322,False,1043
imputation,RFECA_SVR(k=10),0.0,1,2,,,0,80400,0,0,0,originally_observed_only,1286,322,False,1043
imputation,RFECA_SVR(k=10),0.0,1,3,,,0,80400,0,0,0,originally_observed_only,1286,322,False,1043
imputation,RFECA_SVR(k=10),0.0,1,4,,,0,80400,0,0,0,originally_observed_only,1287,321,False,1043
imputation,RFECA_SVR(k=10),0.0,1,5,,,0,80400,0,0,0,originally_observed_only,1287,321,False,1043
imputation,RFECA_SVR(k=20),0.0,1,1,,,0,80400,0,0,0,originally_observed_only,1286,322,False,1043
imputation,RFECA_SVR(k=20),0.0,1,2,,,0,80400,0,0,0,originally_observed_only,1286,322,False,1043
imputation,RFECA_SVR(k=20),0.0,1,3,,,0,80400,0,0,0,originally_observed_only,1286,322,False,1043
imputation,RFECA_SVR(k=20),0.0,1,4,,,0,80400,0,0,0,originally_observed_only,1287,321,False,1043
imputation,RFECA_SVR(k=20),0.0,1,5,,,0,80400,0,0,0,originally_observed_only,1287,321,False,1043
imputation,SimpleMean,0.0,2,1,,,0,80400,0,0,0,originally_observed_only,1286,322,False,1044
imputation,SimpleMean,0.0,2,2,,,0,80400,0,0,0,originally_observed_only,1286,322,False,1044
imputation,SimpleMean,0.0,2,3,,,0,80400,0,0,0,originally_observed_only,1286,322,False,1044
imputation,SimpleMean,0.0,2,4,,,0,80400,0,0,0,originally_observed_only,1287,321,False,1044
imputation,SimpleMean,0.0,2,5,,,0,80400,0,0,0,originally_observed_only,1287,321,False,1044
imputation,"KNN(k=5,dist)",0.0,2,1,,,0,80400,0,0,0,originally_observed_only,1286,322,False,1044
imputation,"KNN(k=5,dist)",0.0,2,2,,,0,80400,0,0,0,originally_observed_only,1286,322,False,1044
imputation,"KNN(k=5,dist)",0.0,2,3,,,0,80400,0,0,0,originally_observed_only,1286,322,False,1044
imputation,"KNN(k=5,dist)",0.0,2,4,,,0,80400,0,0,0,originally_observed_only,1287,321,False,1044
imputation,"KNN(k=5,dist)",0.0,2,5,,,0,80400,0,0,0,originally_observed_only,1287,321,False,1044
imputation,RFECA_SVR(k=5),0.0,2,1,,,0,80400,0,0,0,originally_observed_only,1286,322,False,1044
imputation,RFECA_SVR(k=5),0.0,2,2,,,0,80400,0,0,0,originally_observed_only,1286,322,False,1044
imputation,RFECA_SVR(k=5),0.0,2,3,,,0,80400,0,0,0,originally_observed_only,1286,322,False,1044
imputation,RFECA_SVR(k=5),0.0,2,4,,,0,80400,0,0,0,originally_observed_only,1287,321,False,1044
imputation,RFECA_SVR(k=5),0.0,2,5,,,0,80400,0,0,0,originally_observed_only,1287,321,False,1044
imputation,RFECA_SVR(k=10),0.0,2,1,,,0,80400,0,0,0,originally_observed_only,1286,322,False,1044
imputation,RFECA_SVR(k=10),0.0,2,2,,,0,80400,0,0,0,originally_observed_only,1286,322,False,1044
imputation,RFECA_SVR(k=10),0.0,2,3,,,0,80400,0,0,0,originally_observed_only,1286,322,False,1044
imputation,RFECA_SVR(k=10),0.0,2,4,,,0,80400,0,0,0,originally_observed_only,1287,321,False,1044
imputation,RFECA_SVR(k=10),0.0,2,5,,,0,80400,0,0,0,originally_observed_only,1287,321,False,1044
imputation,RFECA_SVR(k=20),0.0,2,1,,,0,80400,0,0,0,originally_observed_only,1286,322,False,1044
imputation,RFECA_SVR(k=20),0.0,2,2,,,0,80400,0,0,0,originally_observed_only,1286,322,False,1044
imputation,RFECA_SVR(k=20),0.0,2,3,,,0,80400,0,0,0,originally_observed_only,1286,322,False,1044
imputation,RFECA_SVR(k=20),0.0,2,4,,,0,80400,0,0,0,originally_observed_only,1287,321,False,1044
imputation,RFECA_SVR(k=20),0.0,2,5,,,0,80400,0,0,0,originally_observed_only,1287,321,False,1044
imputation,SimpleMean,0.0,3,1,,,0,80400,0,0,0,originally_observed_only,1286,322,False,1045
imputation,SimpleMean,0.0,3,2,,,0,80400,0,0,0,originally_observed_only,1286,322,False,1045
imputation,SimpleMean,0.0,3,3,,,0,80400,0,0,0,originally_observed_only,1286,322,False,1045
imputation,SimpleMean,0.0,3,4,,,0,80400,0,0,0,originally_observed_only,1287,321,False,1045
imputation,SimpleMean,0.0,3,5,,,0,80400,0,0,0,originally_observed_only,1287,321,False,1045
imputation,"KNN(k=5,dist)",0.0,3,1,,,0,80400,0,0,0,originally_observed_only,1286,322,False,1045
imputation,"KNN(k=5,dist)",0.0,3,2,,,0,80400,0,0,0,originally_observed_only,1286,322,False,1045
imputation,"KNN(k=5,dist)",0.0,3,3,,,0,80400,0,0,0,originally_observed_only,1286,322,False,1045
imputation,"KNN(k=5,dist)",0.0,3,4,,,0,80400,0,0,0,originally_observed_only,1287,321,False,1045
imputation,"KNN(k=5,dist)",0.0,3,5,,,0,80400,0,0,0,originally_observed_only,1287,321,False,1045
imputation,RFECA_SVR(k=5),0.0,3,1,,,0,80400,0,0,0,originally_observed_only,1286,322,False,1045
imputation,RFECA_SVR(k=5),0.0,3,2,,,0,80400,0,0,0,originally_observed_only,1286,322,False,1045
imputation,RFECA_SVR(k=5),0.0,3,3,,,0,80400,0,0,0,originally_observed_only,1286,322,False,1045
imputation,RFECA_SVR(k=5),0.0,3,4,,,0,80400,0,0,0,originally_observed_only,1287,321,False,1045
imputation,RFECA_SVR(k=5),0.0,3,5,,,0,80400,0,0,0,originally_observed_only,1287,321,False,1045
imputation,RFECA_SVR(k=10),0.0,3,1,,,0,80400,0,0,0,originally_observed_only,1286,322,False,1045
imputation,RFECA_SVR(k=10),0.0,3,2,,,0,80400,0,0,0,originally_observed_only,1286,322,False,1045
imputation,RFECA_SVR(k=10),0.0,3,3,,,0,80400,0,0,0,originally_observed_only,1286,322,False,1045
imputation,RFECA_SVR(k=10),0.0,3,4,,,0,80400,0,0,0,originally_observed_only,1287,321,False,1045
imputation,RFECA_SVR(k=10),0.0,3,5,,,0,80400,0,0,0,originally_observed_only,1287,321,False,1045
imputation,RFECA_SVR(k=20),0.0,3,1,,,0,80400,0,0,0,originally_observed_only,1286,322,False,1045
imputation,RFECA_SVR(k=20),0.0,3,2,,,0,80400,0,0,0,originally_observed_only,1286,322,False,1045
imputation,RFECA_SVR(k=20),0.0,3,3,,,0,80400,0,0,0,originally_observed_only,1286,322,False,1045
imputation,RFECA_SVR(k=20),0.0,3,4,,,0,80400,0,0,0,originally_observed_only,1287,321,False,1045
imputation,RFECA_SVR(k=20),0.0,3,5,,,0,80400,0,0,0,originally_observed_only,1287,321,False,1045
imputation,SimpleMean,0.0,4,1,,,0,80400,0,0,0,originally_observed_only,1286,322,False,1046
imputation,SimpleMean,0.0,4,2,,,0,80400,0,0,0,originally_observed_only,1286,322,False,1046
imputation,SimpleMean,0.0,4,3,,,0,80400,0,0,0,originally_observed_only,1286,322,False,1046
imputation,SimpleMean,0.0,4,4,,,0,80400,0,0,0,originally_observed_only,1287,321,False,1046
imputation,SimpleMean,0.0,4,5,,,0,80400,0,0,0,originally_observed_only,1287,321,False,1046
imputation,"KNN(k=5,dist)",0.0,4,1,,,0,80400,0,0,0,originally_observed_only,1286,322,False,1046
imputation,"KNN(k=5,dist)",0.0,4,2,,,0,80400,0,0,0,originally_observed_only,1286,322,False,1046
imputation,"KNN(k=5,dist)",0.0,4,3,,,0,80400,0,0,0,originally_observed_only,1286,322,False,1046
imputation,"KNN(k=5,dist)",0.0,4,4,,,0,80400,0,0,0,originally_observed_only,1287,321,False,1046
imputation,"KNN(k=5,dist)",0.0,4,5,,,0,80400,0,0,0,originally_observed_only,1287,321,False,1046
imputation,RFECA_SVR(k=5),0.0,4,1,,,0,80400,0,0,0,originally_observed_only,1286,322,False,1046
imputation,RFECA_SVR(k=5),0.0,4,2,,,0,80400,0,0,0,originally_observed_only,1286,322,False,1046
imputation,RFECA_SVR(k=5),0.0,4,3,,,0,80400,0,0,0,originally_observed_only,1286,322,False,1046
imputation,RFECA_SVR(k=5),0.0,4,4,,,0,80400,0,0,0,originally_observed_only,1287,321,False,1046
imputation,RFECA_SVR(k=5),0.0,4,5,,,0,80400,0,0,0,originally_observed_only,1287,321,False,1046
imputation,RFECA_SVR(k=10),0.0,4,1,,,0,80400,0,0,0,originally_observed_only,1286,322,False,1046
imputation,RFECA_SVR(k=10),0.0,4,2,,,0,80400,0,0,0,originally_observed_only,1286,322,False,1046
imputation,RFECA_SVR(k=10),0.0,4,3,,,0,80400,0,0,0,originally_observed_only,1286,322,False,1046
imputation,RFECA_SVR(k=10),0.0,4,4,,,0,80400,0,0,0,originally_observed_only,1287,321,False,1046
imputation,RFECA_SVR(k=10),0.0,4,5,,,0,80400,0,0,0,originally_observed_only,1287,321,False,1046
imputation,RFECA_SVR(k=20),0.0,4,1,,,0,80400,0,0,0,originally_observed_only,1286,322,False,1046
imputation,RFECA_SVR(k=20),0.0,4,2,,,0,80400,0,0,0,originally_observed_only,1286,322,False,1046
imputation,RFECA_SVR(k=20),0.0,4,3,,,0,80400,0,0,0,originally_observed_only,1286,322,False,1046
imputation,RFECA_SVR(k=20),0.0,4,4,,,0,80400,0,0,0,originally_observed_only,1287,321,False,1046
imputation,RFECA_SVR(k=20),0.0,4,5,,,0,80400,0,0,0,originally_observed_only,1287,321,False,1046
imputation,SimpleMean,0.0,5,1,,,0,80400,0,0,0,originally_observed_only,1286,322,False,1047
imputation,SimpleMean,0.0,5,2,,,0,80400,0,0,0,originally_observed_only,1286,322,False,1047
imputation,SimpleMean,0.0,5,3,,,0,80400,0,0,0,originally_observed_only,1286,322,False,1047
imputation,SimpleMean,0.0,5,4,,,0,80400,0,0,0,originally_observed_only,1287,321,False,1047
imputation,SimpleMean,0.0,5,5,,,0,80400,0,0,0,originally_observed_only,1287,321,False,1047
imputation,"KNN(k=5,dist)",0.0,5,1,,,0,80400,0,0,0,originally_observed_only,1286,322,False,1047
imputation,"KNN(k=5,dist)",0.0,5,2,,,0,80400,0,0,0,originally_observed_only,1286,322,False,1047
imputation,"KNN(k=5,dist)",0.0,5,3,,,0,80400,0,0,0,originally_observed_only,1286,322,False,1047
imputation,"KNN(k=5,dist)",0.0,5,4,,,0,80400,0,0,0,originally_observed_only,1287,321,False,1047
imputation,"KNN(k=5,dist)",0.0,5,5,,,0,80400,0,0,0,originally_observed_only,1287,321,False,1047
imputation,RFECA_SVR(k=5),0.0,5,1,,,0,80400,0,0,0,originally_observed_only,1286,322,False,1047
imputation,RFECA_SVR(k=5),0.0,5,2,,,0,80400,0,0,0,originally_observed_only,1286,322,False,1047
imputation,RFECA_SVR(k=5),0.0,5,3,,,0,80400,0,0,0,originally_observed_only,1286,322,False,1047
imputation,RFECA_SVR(k=5),0.0,5,4,,,0,80400,0,0,0,originally_observed_only,1287,321,False,1047
imputation,RFECA_SVR(k=5),0.0,5,5,,,0,80400,0,0,0,originally_observed_only,1287,321,False,1047
imputation,RFECA_SVR(k=10),0.0,5,1,,,0,80400,0,0,0,originally_observed_only,1286,322,False,1047
imputation,RFECA_SVR(k=10),0.0,5,2,,,0,80400,0,0,0,originally_observed_only,1286,322,False,1047
imputation,RFECA_SVR(k=10),0.0,5,3,,,0,80400,0,0,0,originally_observed_only,1286,322,False,1047
imputation,RFECA_SVR(k=10),0.0,5,4,,,0,80400,0,0,0,originally_observed_only,1287,321,False,1047
imputation,RFECA_SVR(k=10),0.0,5,5,,,0,80400,0,0,0,originally_observed_only,1287,321,False,1047
imputation,RFECA_SVR(k=20),0.0,5,1,,,0,80400,0,0,0,originally_observed_only,1286,322,False,1047
imputation,RFECA_SVR(k=20),0.0,5,2,,,0,80400,0,0,0,originally_observed_only,1286,322,False,1047
imputation,RFECA_SVR(k=20),0.0,5,3,,,0,80400,0,0,0,originally_observed_only,1286,322,False,1047
imputation,RFECA_SVR(k=20),0.0,5,4,,,0,80400,0,0,0,originally_observed_only,1287,321,False,1047
imputation,RFECA_SVR(k=20),0.0,5,5,,,0,80400,0,0,0,originally_observed_only,1287,321,False,1047
imputation,SimpleMean,0.0,6,1,,,0,80400,0,0,0,originally_observed_only,1286,322,False,1048
imputation,SimpleMean,0.0,6,2,,,0,80400,0,0,0,originally_observed_only,1286,322,False,1048
imputation,SimpleMean,0.0,6,3,,,0,80400,0,0,0,originally_observed_only,1286,322,False,1048
imputation,SimpleMean,0.0,6,4,,,0,80400,0,0,0,originally_observed_only,1287,321,False,1048
imputation,SimpleMean,0.0,6,5,,,0,80400,0,0,0,originally_observed_only,1287,321,False,1048
imputation,"KNN(k=5,dist)",0.0,6,1,,,0,80400,0,0,0,originally_observed_only,1286,322,False,1048
imputation,"KNN(k=5,dist)",0.0,6,2,,,0,80400,0,0,0,originally_observed_only,1286,322,False,1048
imputation,"KNN(k=5,dist)",0.0,6,3,,,0,80400,0,0,0,originally_observed_only,1286,322,False,1048
imputation,"KNN(k=5,dist)",0.0,6,4,,,0,80400,0,0,0,originally_observed_only,1287,321,False,1048
imputation,"KNN(k=5,dist)",0.0,6,5,,,0,80400,0,0,0,originally_observed_only,1287,321,False,1048
imputation,RFECA_SVR(k=5),0.0,6,1,,,0,80400,0,0,0,originally_observed_only,1286,322,False,1048
imputation,RFECA_SVR(k=5),0.0,6,2,,,0,80400,0,0,0,originally_observed_only,1286,322,False,1048
imputation,RFECA_SVR(k=5),0.0,6,3,,,0,80400,0,0,0,originally_observed_only,1286,322,False,1048
imputation,RFECA_SVR(k=5),0.0,6,4,,,0,80400,0,0,0,originally_observed_only,1287,321,False,1048
imputation,RFECA_SVR(k=5),0.0,6,5,,,0,80400,0,0,0,originally_observed_only,1287,321,False,1048
imputation,RFECA_SVR(k=10),0.0,6,1,,,0,80400,0,0,0,originally_observed_only,1286,322,False,1048
imputation,RFECA_SVR(k=10),0.0,6,2,,,0,80400,0,0,0,originally_observed_only,1286,322,False,1048
imputation,RFECA_SVR(k=10),0.0,6,3,,,0,80400,0,0,0,originally_observed_only,1286,322,False,1048
imputation,RFECA_SVR(k=10),0.0,6,4,,,0,80400,0,0,0,originally_observed_only,1287,321,False,1048
imputation,RFECA_SVR(k=10),0.0,6,5,,,0,80400,0,0,0,originally_observed_only,1287,321,False,1048
imputation,RFECA_SVR(k=20),0.0,6,1,,,0,80400,0,0,0,originally_observed_only,1286,322,False,1048
imputation,RFECA_SVR(k=20),0.0,6,2,,,0,80400,0,0,0,originally_observed_only,1286,322,False,1048
imputation,RFECA_SVR(k=20),0.0,6,3,,,0,80400,0,0,0,originally_observed_only,1286,322,False,1048
imputation,RFECA_SVR(k=20),0.0,6,4,,,0,80400,0,0,0,originally_observed_only,1287,321,False,1048
imputation,RFECA_SVR(k=20),0.0,6,5,,,0,80400,0,0,0,originally_observed_only,1287,321,False,1048
imputation,SimpleMean,0.0,7,1,,,0,80400,0,0,0,originally_observed_only,1286,322,False,1049
imputation,SimpleMean,0.0,7,2,,,0,80400,0,0,0,originally_observed_only,1286,322,False,1049
imputation,SimpleMean,0.0,7,3,,,0,80400,0,0,0,originally_observed_only,1286,322,False,1049
imputation,SimpleMean,0.0,7,4,,,0,80400,0,0,0,originally_observed_only,1287,321,False,1049
imputation,SimpleMean,0.0,7,5,,,0,80400,0,0,0,originally_observed_only,1287,321,False,1049
imputation,"KNN(k=5,dist)",0.0,7,1,,,0,80400,0,0,0,originally_observed_only,1286,322,False,1049
imputation,"KNN(k=5,dist)",0.0,7,2,,,0,80400,0,0,0,originally_observed_only,1286,322,False,1049
imputation,"KNN(k=5,dist)",0.0,7,3,,,0,80400,0,0,0,originally_observed_only,1286,322,False,1049
imputation,"KNN(k=5,dist)",0.0,7,4,,,0,80400,0,0,0,originally_observed_only,1287,321,False,1049
imputation,"KNN(k=5,dist)",0.0,7,5,,,0,80400,0,0,0,originally_observed_only,1287,321,False,1049
imputation,RFECA_SVR(k=5),0.0,7,1,,,0,80400,0,0,0,originally_observed_only,1286,322,False,1049
imputation,RFECA_SVR(k=5),0.0,7,2,,,0,80400,0,0,0,originally_observed_only,1286,322,False,1049
imputation,RFECA_SVR(k=5),0.0,7,3,,,0,80400,0,0,0,originally_observed_only,1286,322,False,1049
imputation,RFECA_SVR(k=5),0.0,7,4,,,0,80400,0,0,0,originally_observed_only,1287,321,False,1049
imputation,RFECA_SVR(k=5),0.0,7,5,,,0,80400,0,0,0,originally_observed_only,1287,321,False,1049
imputation,RFECA_SVR(k=10),0.0,7,1,,,0,80400,0,0,0,originally_observed_only,1286,322,False,1049
imputation,RFECA_SVR(k=10),0.0,7,2,,,0,80400,0,0,0,originally_observed_only,1286,322,False,1049
imputation,RFECA_SVR(k=10),0.0,7,3,,,0,80400,0,0,0,originally_observed_only,1286,322,False,1049
imputation,RFECA_SVR(k=10),0.0,7,4,,,0,80400,0,0,0,originally_observed_only,1287,321,False,1049
imputation,RFECA_SVR(k=10),0.0,7,5,,,0,80400,0,0,0,originally_observed_only,1287,321,False,1049
imputation,RFECA_SVR(k=20),0.0,7,1,,,0,80400,0,0,0,originally_observed_only,1286,322,False,1049
imputation,RFECA_SVR(k=20),0.0,7,2,,,0,80400,0,0,0,originally_observed_only,1286,322,False,1049
imputation,RFECA_SVR(k=20),0.0,7,3,,,0,80400,0,0,0,originally_observed_only,1286,322,False,1049
imputation,RFECA_SVR(k=20),0.0,7,4,,,0,80400,0,0,0,originally_observed_only,1287,321,False,1049
imputation,RFECA_SVR(k=20),0.0,7,5,,,0,80400,0,0,0,originally_observed_only,1287,321,False,1049
imputation,SimpleMean,0.0,8,1,,,0,80400,0,0,0,originally_observed_only,1286,322,False,1050
imputation,SimpleMean,0.0,8,2,,,0,80400,0,0,0,originally_observed_only,1286,322,False,1050
imputation,SimpleMean,0.0,8,3,,,0,80400,0,0,0,originally_observed_only,1286,322,False,1050
imputation,SimpleMean,0.0,8,4,,,0,80400,0,0,0,originally_observed_only,1287,321,False,1050
imputation,SimpleMean,0.0,8,5,,,0,80400,0,0,0,originally_observed_only,1287,321,False,1050
imputation,"KNN(k=5,dist)",0.0,8,1,,,0,80400,0,0,0,originally_observed_only,1286,322,False,1050
imputation,"KNN(k=5,dist)",0.0,8,2,,,0,80400,0,0,0,originally_observed_only,1286,322,False,1050
imputation,"KNN(k=5,dist)",0.0,8,3,,,0,80400,0,0,0,originally_observed_only,1286,322,False,1050
imputation,"KNN(k=5,dist)",0.0,8,4,,,0,80400,0,0,0,originally_observed_only,1287,321,False,1050
imputation,"KNN(k=5,dist)",0.0,8,5,,,0,80400,0,0,0,originally_observed_only,1287,321,False,1050
imputation,RFECA_SVR(k=5),0.0,8,1,,,0,80400,0,0,0,originally_observed_only,1286,322,False,1050
imputation,RFECA_SVR(k=5),0.0,8,2,,,0,80400,0,0,0,originally_observed_only,1286,322,False,1050
imputation,RFECA_SVR(k=5),0.0,8,3,,,0,80400,0,0,0,originally_observed_only,1286,322,False,1050
imputation,RFECA_SVR(k=5),0.0,8,4,,,0,80400,0,0,0,originally_observed_only,1287,321,False,1050
imputation,RFECA_SVR(k=5),0.0,8,5,,,0,80400,0,0,0,originally_observed_only,1287,321,False,1050
imputation,RFECA_SVR(k=10),0.0,8,1,,,0,80400,0,0,0,originally_observed_only,1286,322,False,1050
imputation,RFECA_SVR(k=10),0.0,8,2,,,0,80400,0,0,0,originally_observed_only,1286,322,False,1050
imputation,RFECA_SVR(k=10),0.0,8,3,,,0,80400,0,0,0,originally_observed_only,1286,322,False,1050
imputation,RFECA_SVR(k=10),0.0,8,4,,,0,80400,0,0,0,originally_observed_only,1287,321,False,1050
imputation,RFECA_SVR(k=10),0.0,8,5,,,0,80400,0,0,0,originally_observed_only,1287,321,False,1050
imputation,RFECA_SVR(k=20),0.0,8,1,,,0,80400,0,0,0,originally_observed_only,1286,322,False,1050
imputation,RFECA_SVR(k=20),0.0,8,2,,,0,80400,0,0,0,originally_observed_only,1286,322,False,1050
imputation,RFECA_SVR(k=20),0.0,8,3,,,0,80400,0,0,0,originally_observed_only,1286,322,False,1050
imputation,RFECA_SVR(k=20),0.0,8,4,,,0,80400,0,0,0,originally_observed_only,1287,321,False,1050
imputation,RFECA_SVR(k=20),0.0,8,5,,,0,80400,0,0,0,originally_observed_only,1287,321,False,1050
imputation,SimpleMean,0.0,9,1,,,0,80400,0,0,0,originally_observed_only,1286,322,False,1051
imputation,SimpleMean,0.0,9,2,,,0,80400,0,0,0,originally_observed_only,1286,322,False,1051
imputation,SimpleMean,0.0,9,3,,,0,80400,0,0,0,originally_observed_only,1286,322,False,1051
imputation,SimpleMean,0.0,9,4,,,0,80400,0,0,0,originally_observed_only,1287,321,False,1051
imputation,SimpleMean,0.0,9,5,,,0,80400,0,0,0,originally_observed_only,1287,321,False,1051
imputation,"KNN(k=5,dist)",0.0,9,1,,,0,80400,0,0,0,originally_observed_only,1286,322,False,1051
imputation,"KNN(k=5,dist)",0.0,9,2,,,0,80400,0,0,0,originally_observed_only,1286,322,False,1051
imputation,"KNN(k=5,dist)",0.0,9,3,,,0,80400,0,0,0,originally_observed_only,1286,322,False,1051
imputation,"KNN(k=5,dist)",0.0,9,4,,,0,80400,0,0,0,originally_observed_only,1287,321,False,1051
imputation,"KNN(k=5,dist)",0.0,9,5,,,0,80400,0,0,0,originally_observed_only,1287,321,False,1051
imputation,RFECA_SVR(k=5),0.0,9,1,,,0,80400,0,0,0,originally_observed_only,1286,322,False,1051
imputation,RFECA_SVR(k=5),0.0,9,2,,,0,80400,0,0,0,originally_observed_only,1286,322,False,1051
imputation,RFECA_SVR(k=5),0.0,9,3,,,0,80400,0,0,0,originally_observed_only,1286,322,False,1051
imputation,RFECA_SVR(k=5),0.0,9,4,,,0,80400,0,0,0,originally_observed_only,1287,321,False,1051
imputation,RFECA_SVR(k=5),0.0,9,5,,,0,80400,0,0,0,originally_observed_only,1287,321,False,1051
imputation,RFECA_SVR(k=10),0.0,9,1,,,0,80400,0,0,0,originally_observed_only,1286,322,False,1051
imputation,RFECA_SVR(k=10),0.0,9,2,,,0,80400,0,0,0,originally_observed_only,1286,322,False,1051
imputation,RFECA_SVR(k=10),0.0,9,3,,,0,80400,0,0,0,originally_observed_only,1286,322,False,1051
imputation,RFECA_SVR(k=10),0.0,9,4,,,0,80400,0,0,0,originally_observed_only,1287,321,False,1051
imputation,RFECA_SVR(k=10),0.0,9,5,,,0,80400,0,0,0,originally_observed_only,1287,321,False,1051
imputation,RFECA_SVR(k=20),0.0,9,1,,,0,80400,0,0,0,originally_observed_only,1286,322,False,1051
imputation,RFECA_SVR(k=20),0.0,9,2,,,0,80400,0,0,0,originally_observed_only,1286,322,False,1051
imputation,RFECA_SVR(k=20),0.0,9,3,,,0,80400,0,0,0,originally_observed_only,1286,322,False,1051
imputation,RFECA_SVR(k=20),0.0,9,4,,,0,80400,0,0,0,originally_observed_only,1287,321,False,1051
imputation,RFECA_SVR(k=20),0.0,9,5,,,0,80400,0,0,0,originally_observed_only,1287,321,False,1051
imputation,SimpleMean,0.05,0,1,1.04505267818648,0.7625715194596406,783,80400,4020,0,0,originally_observed_only,1286,322,False,1047
imputation,SimpleMean,0.05,0,2,1.084437665934908,0.754849848348638,768,80400,4020,0,0,originally_observed_only,1286,322,False,1047
imputation,SimpleMean,0.05,0,3,1.0770537711987291,0.7489736249639763,862,80400,4020,0,0,originally_observed_only,1286,322,False,1047
imputation,SimpleMean,0.05,0,4,1.0835376854865595,0.7623552571316878,814,80400,4020,0,0,originally_observed_only,1287,321,False,1047
imputation,SimpleMean,0.05,0,5,1.0473512765331425,0.7399901071043797,793,80400,4020,0,0,originally_observed_only,1287,321,False,1047
imputation,"KNN(k=5,dist)",0.05,0,1,0.6838948932183309,0.47809884084215587,783,80400,4020,0,0,originally_observed_only,1286,322,False,1047
imputation,"KNN(k=5,dist)",0.05,0,2,0.6348829985330952,0.4459149637616712,768,80400,4020,0,0,originally_observed_only,1286,322,False,1047
imputation,"KNN(k=5,dist)",0.05,0,3,0.6593667824337174,0.4572791585957349,862,80400,4020,0,0,originally_observed_only,1286,322,False,1047
imputation,"KNN(k=5,dist)",0.05,0,4,0.6611439467173353,0.45091568387638786,814,80400,4020,0,0,originally_observed_only,1287,321,False,1047
imputation,"KNN(k=5,dist)",0.05,0,5,0.6362225888059039,0.43226170554728444,793,80400,4020,0,0,originally_observed_only,1287,321,False,1047
imputation,RFECA_SVR(k=5),0.05,0,1,0.6488677329711627,0.45066291580569406,783,80400,4020,0,0,originally_observed_only,1286,322,False,1047
imputation,RFECA_SVR(k=5),0.05,0,2,0.6473292660227892,0.44385062820084936,768,80400,4020,0,0,originally_observed_only,1286,322,False,1047
imputation,RFECA_SVR(k=5),0.05,0,3,0.7044434189305101,0.47502829903935473,862,80400,4020,0,0,originally_observed_only,1286,322,False,1047
imputation,RFECA_SVR(k=5),0.05,0,4,0.6960424448740844,0.45866311071831695,814,80400,4020,0,0,originally_observed_only,1287,321,False,1047
imputation,RFECA_SVR(k=5),0.05,0,5,0.6795085165033757,0.44269110160100456,793,80400,4020,0,0,originally_observed_only,1287,321,False,1047
imputation,RFECA_SVR(k=10),0.05,0,1,0.6403562533995867,0.4405173463917011,783,80400,4020,0,0,originally_observed_only,1286,322,False,1047
imputation,RFECA_SVR(k=10),0.05,0,2,0.6119058956802473,0.4202030137051979,768,80400,4020,0,0,originally_observed_only,1286,322,False,1047
imputation,RFECA_SVR(k=10),0.05,0,3,0.6797084625006279,0.4583057180456533,862,80400,4020,0,0,originally_observed_only,1286,322,False,1047
imputation,RFECA_SVR(k=10),0.05,0,4,0.6608861744305594,0.44140561133392275,814,80400,4020,0,0,originally_observed_only,1287,321,False,1047
imputation,RFECA_SVR(k=10),0.05,0,5,0.67301429012644,0.43497162161203984,793,80400,4020,0,0,originally_observed_only,1287,321,False,1047
imputation,RFECA_SVR(k=20),0.05,0,1,0.6537971404553604,0.44676912951411357,783,80400,4020,0,0,originally_observed_only,1286,322,False,1047
imputation,RFECA_SVR(k=20),0.05,0,2,0.6249567827300186,0.425847132081511,768,80400,4020,0,0,originally_observed_only,1286,322,False,1047
imputation,RFECA_SVR(k=20),0.05,0,3,0.6727293989382627,0.4543750494198792,862,80400,4020,0,0,originally_observed_only,1286,322,False,1047
imputation,RFECA_SVR(k=20),0.05,0,4,0.6579966401637452,0.441012864102311,814,80400,4020,0,0,originally_observed_only,1287,321,False,1047
imputation,RFECA_SVR(k=20),0.05,0,5,0.6642674805535216,0.4417346930162413,793,80400,4020,0,0,originally_observed_only,1287,321,False,1047
imputation,SimpleMean,0.05,1,1,1.0905130496091067,0.7736646482929957,810,80400,4020,0,0,originally_observed_only,1286,322,False,1048
imputation,SimpleMean,0.05,1,2,1.0299911653918146,0.7164600566328437,838,80400,4020,0,0,originally_observed_only,1286,322,False,1048
imputation,SimpleMean,0.05,1,3,1.0585589595190459,0.741810715321497,839,80400,4020,0,0,originally_observed_only,1286,322,False,1048
imputation,SimpleMean,0.05,1,4,1.031075352601515,0.7133055295434093,759,80400,4020,0,0,originally_observed_only,1287,321,False,1048
imputation,SimpleMean,0.05,1,5,1.0629427948665513,0.7439115556448814,774,80400,4020,0,0,originally_observed_only,1287,321,False,1048
imputation,"KNN(k=5,dist)",0.05,1,1,0.7278624850917168,0.49726717014099964,810,80400,4020,0,0,originally_observed_only,1286,322,False,1048
imputation,"KNN(k=5,dist)",0.05,1,2,0.6465877416033744,0.43872106384052334,838,80400,4020,0,0,originally_observed_only,1286,322,False,1048
imputation,"KNN(k=5,dist)",0.05,1,3,0.6344109047794176,0.4310313764313595,839,80400,4020,0,0,originally_observed_only,1286,322,False,1048
imputation,"KNN(k=5,dist)",0.05,1,4,0.6840711989469835,0.4676389875622772,759,80400,4020,0,0,originally_observed_only,1287,321,False,1048
imputation,"KNN(k=5,dist)",0.05,1,5,0.7239181179514753,0.47357775849353745,774,80400,4020,0,0,originally_observed_only,1287,321,False,1048
imputation,RFECA_SVR(k=5),0.05,1,1,0.7689800422295506,0.5049547774464282,810,80400,4020,0,0,originally_observed_only,1286,322,False,1048
imputation,RFECA_SVR(k=5),0.05,1,2,0.6466821447924875,0.4228917913499282,838,80400,4020,0,0,originally_observed_only,1286,322,False,1048
imputation,RFECA_SVR(k=5),0.05,1,3,0.6454894445245394,0.4279538900662567,839,80400,4020,0,0,originally_observed_only,1286,322,False,1048
imputation,RFECA_SVR(k=5),0.05,1,4,0.6453625844106436,0.44349782642513075,759,80400,4020,0,0,originally_observed_only,1287,321,False,1048
imputation,RFECA_SVR(k=5),0.05,1,5,0.7190322808263722,0.4613441145283753,774,80400,4020,0,0,originally_observed_only,1287,321,False,1048
imputation,RFECA_SVR(k=10),0.05,1,1,0.7406394811881692,0.4898238049398446,810,80400,4020,0,0,originally_observed_only,1286,322,False,1048
imputation,RFECA_SVR(k=10),0.05,1,2,0.6222782467492621,0.40070836784238323,838,80400,4020,0,0,originally_observed_only,1286,322,False,1048
imputation,RFECA_SVR(k=10),0.05,1,3,0.6332180861004278,0.42591996019123596,839,80400,4020,0,0,originally_observed_only,1286,322,False,1048
imputation,RFECA_SVR(k=10),0.05,1,4,0.6517386669781233,0.445444033688056,759,80400,4020,0,0,originally_observed_only,1287,321,False,1048
imputation,RFECA_SVR(k=10),0.05,1,5,0.7093993543751819,0.4508200712056189,774,80400,4020,0,0,originally_observed_only,1287,321,False,1048
imputation,RFECA_SVR(k=20),0.05,1,1,0.7268668751917606,0.485655584788647,810,80400,4020,0,0,originally_observed_only,1286,322,False,1048
imputation,RFECA_SVR(k=20),0.05,1,2,0.6241157430170504,0.40381642697314185,838,80400,4020,0,0,originally_observed_only,1286,322,False,1048
imputation,RFECA_SVR(k=20),0.05,1,3,0.618506977981281,0.4191131728227362,839,80400,4020,0,0,originally_observed_only,1286,322,False,1048
imputation,RFECA_SVR(k=20),0.05,1,4,0.6533355037764014,0.4437281132370386,759,80400,4020,0,0,originally_observed_only,1287,321,False,1048
imputation,RFECA_SVR(k=20),0.05,1,5,0.712994036304135,0.45839802987068906,774,80400,4020,0,0,originally_observed_only,1287,321,False,1048
imputation,SimpleMean,0.05,2,1,1.1335844575829943,0.7742993594082216,805,80400,4020,0,0,originally_observed_only,1286,322,False,1049
imputation,SimpleMean,0.05,2,2,1.0926930716942163,0.7487453426470846,799,80400,4020,0,0,originally_observed_only,1286,322,False,1049
imputation,SimpleMean,0.05,2,3,0.9904124025250644,0.7128010454828893,812,80400,4020,0,0,originally_observed_only,1286,322,False,1049
imputation,SimpleMean,0.05,2,4,1.1221840765899005,0.7911807928310574,817,80400,4020,0,0,originally_observed_only,1287,321,False,1049
imputation,SimpleMean,0.05,2,5,1.067147577763327,0.7491409186722922,787,80400,4020,0,0,originally_observed_only,1287,321,False,1049
imputation,"KNN(k=5,dist)",0.05,2,1,0.7313477903024111,0.5025049658222258,805,80400,4020,0,0,originally_observed_only,1286,322,False,1049
imputation,"KNN(k=5,dist)",0.05,2,2,0.6562838467474449,0.447728864035775,799,80400,4020,0,0,originally_observed_only,1286,322,False,1049
imputation,"KNN(k=5,dist)",0.05,2,3,0.6532931785178363,0.4519822038652039,812,80400,4020,0,0,originally_observed_only,1286,322,False,1049
imputation,"KNN(k=5,dist)",0.05,2,4,0.7227051334859288,0.4918099135480094,817,80400,4020,0,0,originally_observed_only,1287,321,False,1049
imputation,"KNN(k=5,dist)",0.05,2,5,0.6918886124641026,0.4667861205858621,787,80400,4020,0,0,originally_observed_only,1287,321,False,1049
imputation,RFECA_SVR(k=5),0.05,2,1,0.7634970266708001,0.5090983852711098,805,80400,4020,0,0,originally_observed_only,1286,322,False,1049
imputation,RFECA_SVR(k=5),0.05,2,2,0.6691284723884966,0.44906984606141453,799,80400,4020,0,0,originally_observed_only,1286,322,False,1049
imputation,RFECA_SVR(k=5),0.05,2,3,0.6451500333378195,0.44696906480514453,812,80400,4020,0,0,originally_observed_only,1286,322,False,1049
imputation,RFECA_SVR(k=5),0.05,2,4,0.7134223588043115,0.46659528070570533,817,80400,4020,0,0,originally_observed_only,1287,321,False,1049
imputation,RFECA_SVR(k=5),0.05,2,5,0.6439809553686521,0.440357133710832,787,80400,4020,0,0,originally_observed_only,1287,321,False,1049
imputation,RFECA_SVR(k=10),0.05,2,1,0.7472863396498436,0.5011282928763903,805,80400,4020,0,0,originally_observed_only,1286,322,False,1049
imputation,RFECA_SVR(k=10),0.05,2,2,0.655769956944813,0.43743221453949543,799,80400,4020,0,0,originally_observed_only,1286,322,False,1049
imputation,RFECA_SVR(k=10),0.05,2,3,0.6221952946748973,0.4275741838119807,812,80400,4020,0,0,originally_observed_only,1286,322,False,1049
imputation,RFECA_SVR(k=10),0.05,2,4,0.6984146265823765,0.4612110556295333,817,80400,4020,0,0,originally_observed_only,1287,321,False,1049
imputation,RFECA_SVR(k=10),0.05,2,5,0.6344780133332535,0.43805930301618956,787,80400,4020,0,0,originally_observed_only,1287,321,False,1049
imputation,RFECA_SVR(k=20),0.05,2,1,0.7541263227424005,0.502773963977184,805,80400,4020,0,0,originally_observed_only,1286,322,False,1049
imputation,RFECA_SVR(k=20),0.05,2,2,0.6571008757123883,0.44252413342333435,799,80400,4020,0,0,originally_observed_only,1286,322,False,1049
imputation,RFECA_SVR(k=20),0.05,2,3,0.623266377032299,0.43134618529088087,812,80400,4020,0,0,originally_observed_only,1286,322,False,1049
imputation,RFECA_SVR(k=20),0.05,2,4,0.6882969221331503,0.45405184713540625,817,80400,4020,0,0,originally_observed_only,1287,321,False,1049
imputation,RFECA_SVR(k=20),0.05,2,5,0.6550429718698488,0.453770273519337,787,80400,4020,0,0,originally_observed_only,1287,321,False,1049
imputation,SimpleMean,0.05,3,1,1.1074487930314754,0.767662173886705,779,80400,4020,0,0,originally_observed_only,1286,322,False,1050
imputation,SimpleMean,0.05,3,2,1.08235067044947,0.7497447796380619,784,80400,4020,0,0,originally_observed_only,1286,322,False,1050
imputation,SimpleMean,0.05,3,3,1.0565426042115604,0.7619382296650001,818,80400,4020,0,0,originally_observed_only,1286,322,False,1050
imputation,SimpleMean,0.05,3,4,1.1174137371305037,0.7748602007896814,833,80400,4020,0,0,originally_observed_only,1287,321,False,1050
imputation,SimpleMean,0.05,3,5,1.0762450485197113,0.7516587748582011,806,80400,4020,0,0,originally_observed_only,1287,321,False,1050
imputation,"KNN(k=5,dist)",0.05,3,1,0.6916380924172795,0.4881504280207054,779,80400,4020,0,0,originally_observed_only,1286,322,False,1050
imputation,"KNN(k=5,dist)",0.05,3,2,0.6560839808885429,0.4470265251808523,784,80400,4020,0,0,originally_observed_only,1286,322,False,1050
imputation,"KNN(k=5,dist)",0.05,3,3,0.6995140560760448,0.47413759356787566,818,80400,4020,0,0,originally_observed_only,1286,322,False,1050
imputation,"KNN(k=5,dist)",0.05,3,4,0.6645526574870787,0.4656022156227752,833,80400,4020,0,0,originally_observed_only,1287,321,False,1050
imputation,"KNN(k=5,dist)",0.05,3,5,0.6778482248732265,0.4430500960449795,806,80400,4020,0,0,originally_observed_only,1287,321,False,1050
imputation,RFECA_SVR(k=5),0.05,3,1,0.7397169118014726,0.49183173329913193,779,80400,4020,0,0,originally_observed_only,1286,322,False,1050
imputation,RFECA_SVR(k=5),0.05,3,2,0.6985011902197787,0.45698446807006493,784,80400,4020,0,0,originally_observed_only,1286,322,False,1050
imputation,RFECA_SVR(k=5),0.05,3,3,0.7036922206420595,0.4678638450507479,818,80400,4020,0,0,originally_observed_only,1286,322,False,1050
imputation,RFECA_SVR(k=5),0.05,3,4,0.6917172788301469,0.46380701219610654,833,80400,4020,0,0,originally_observed_only,1287,321,False,1050
imputation,RFECA_SVR(k=5),0.05,3,5,0.6459409494976843,0.42934784343084326,806,80400,4020,0,0,originally_observed_only,1287,321,False,1050
imputation,RFECA_SVR(k=10),0.05,3,1,0.7274432303313068,0.4783200803855293,779,80400,4020,0,0,originally_observed_only,1286,322,False,1050
imputation,RFECA_SVR(k=10),0.05,3,2,0.680479911268148,0.4434574476295085,784,80400,4020,0,0,originally_observed_only,1286,322,False,1050
imputation,RFECA_SVR(k=10),0.05,3,3,0.7040786770793604,0.4639242953662269,818,80400,4020,0,0,originally_observed_only,1286,322,False,1050
imputation,RFECA_SVR(k=10),0.05,3,4,0.7041548705119015,0.4648253086043155,833,80400,4020,0,0,originally_observed_only,1287,321,False,1050
imputation,RFECA_SVR(k=10),0.05,3,5,0.6211248604876294,0.4126723670521703,806,80400,4020,0,0,originally_observed_only,1287,321,False,1050
imputation,RFECA_SVR(k=20),0.05,3,1,0.7239327922547205,0.4723029548207763,779,80400,4020,0,0,originally_observed_only,1286,322,False,1050
imputation,RFECA_SVR(k=20),0.05,3,2,0.6850702274214481,0.4488340435358819,784,80400,4020,0,0,originally_observed_only,1286,322,False,1050
imputation,RFECA_SVR(k=20),0.05,3,3,0.6686070227708341,0.44705981960171903,818,80400,4020,0,0,originally_observed_only,1286,322,False,1050
imputation,RFECA_SVR(k=20),0.05,3,4,0.7105130039648857,0.46523510868375956,833,80400,4020,0,0,originally_observed_only,1287,321,False,1050
imputation,RFECA_SVR(k=20),0.05,3,5,0.6200345436326141,0.4047299490997013,806,80400,4020,0,0,originally_observed_only,1287,321,False,1050
imputation,SimpleMean,0.05,4,1,1.02355413930146,0.7263797728365117,786,80400,4020,0,0,originally_observed_only,1286,322,False,1051
imputation,SimpleMean,0.05,4,2,1.1205631721945848,0.7887275968194807,828,80400,4020,0,0,originally_observed_only,1286,322,False,1051
imputation,SimpleMean,0.05,4,3,1.1082433218237389,0.7671587078899481,813,80400,4020,0,0,originally_observed_only,1286,322,False,1051
imputation,SimpleMean,0.05,4,4,1.0367859404080617,0.7377364717202286,803,80400,4020,0,0,originally_observed_only,1287,321,False,1051
imputation,SimpleMean,0.05,4,5,1.0386847082203245,0.7422702253496859,790,80400,4020,0,0,originally_observed_only,1287,321,False,1051
imputation,"KNN(k=5,dist)",0.05,4,1,0.6945111264662426,0.4662330507171354,786,80400,4020,0,0,originally_observed_only,1286,322,False,1051
imputation,"KNN(k=5,dist)",0.05,4,2,0.6751519581242237,0.4832527980176453,828,80400,4020,0,0,originally_observed_only,1286,322,False,1051
imputation,"KNN(k=5,dist)",0.05,4,3,0.6520370486889183,0.4432638680630612,813,80400,4020,0,0,originally_observed_only,1286,322,False,1051
imputation,"KNN(k=5,dist)",0.05,4,4,0.6935058486912303,0.4740105464564389,803,80400,4020,0,0,originally_observed_only,1287,321,False,1051
imputation,"KNN(k=5,dist)",0.05,4,5,0.6585662410570786,0.4539958860277119,790,80400,4020,0,0,originally_observed_only,1287,321,False,1051
imputation,RFECA_SVR(k=5),0.05,4,1,0.6514840823570078,0.447682501281702,786,80400,4020,0,0,originally_observed_only,1286,322,False,1051
imputation,RFECA_SVR(k=5),0.05,4,2,0.6803328072193451,0.4641497777107919,828,80400,4020,0,0,originally_observed_only,1286,322,False,1051
imputation,RFECA_SVR(k=5),0.05,4,3,0.7112118294626243,0.46472628222349965,813,80400,4020,0,0,originally_observed_only,1286,322,False,1051
imputation,RFECA_SVR(k=5),0.05,4,4,0.6704475270349062,0.46736653747785817,803,80400,4020,0,0,originally_observed_only,1287,321,False,1051
imputation,RFECA_SVR(k=5),0.05,4,5,0.6488951444657947,0.445104302762685,790,80400,4020,0,0,originally_observed_only,1287,321,False,1051
imputation,RFECA_SVR(k=10),0.05,4,1,0.638584911000126,0.43137271680106704,786,80400,4020,0,0,originally_observed_only,1286,322,False,1051
imputation,RFECA_SVR(k=10),0.05,4,2,0.6612614214721212,0.44869230637631824,828,80400,4020,0,0,originally_observed_only,1286,322,False,1051
imputation,RFECA_SVR(k=10),0.05,4,3,0.6852881439317434,0.4455370039696084,813,80400,4020,0,0,originally_observed_only,1286,322,False,1051
imputation,RFECA_SVR(k=10),0.05,4,4,0.6692779663104492,0.46766021304182825,803,80400,4020,0,0,originally_observed_only,1287,321,False,1051
imputation,RFECA_SVR(k=10),0.05,4,5,0.6417615948244589,0.43878616627768696,790,80400,4020,0,0,originally_observed_only,1287,321,False,1051
imputation,RFECA_SVR(k=20),0.05,4,1,0.6446297324831439,0.42689396887803777,786,80400,4020,0,0,originally_observed_only,1286,322,False,1051
imputation,RFECA_SVR(k=20),0.05,4,2,0.6569161122959873,0.44745182366726943,828,80400,4020,0,0,originally_observed_only,1286,322,False,1051
imputation,RFECA_SVR(k=20),0.05,4,3,0.6775721649162689,0.4358899828160131,813,80400,4020,0,0,originally_observed_only,1286,322,False,1051
imputation,RFECA_SVR(k=20),0.05,4,4,0.6726388428811333,0.4638347923448625,803,80400,4020,0,0,originally_observed_only,1287,321,False,1051
imputation,RFECA_SVR(k=20),0.05,4,5,0.6392420991367468,0.4331212807066533,790,80400,4020,0,0,originally_observed_only,1287,321,False,1051
imputation,SimpleMean,0.05,5,1,1.0907925356845523,0.768446799754911,808,80400,4020,0,0,originally_observed_only,1286,322,False,1052
imputation,SimpleMean,0.05,5,2,1.1209829146311094,0.7693595126219975,843,80400,4020,0,0,originally_observed_only,1286,322,False,1052
imputation,SimpleMean,0.05,5,3,1.1055082336885804,0.7584685931660252,798,80400,4020,0,0,originally_observed_only,1286,322,False,1052
imputation,SimpleMean,0.05,5,4,1.1380182626516313,0.8082994581780628,796,80400,4020,0,0,originally_observed_only,1287,321,False,1052
imputation,SimpleMean,0.05,5,5,1.0194806238257197,0.7324664887680085,775,80400,4020,0,0,originally_observed_only,1287,321,False,1052
imputation,"KNN(k=5,dist)",0.05,5,1,0.676861442983989,0.4779565351908853,808,80400,4020,0,0,originally_observed_only,1286,322,False,1052
imputation,"KNN(k=5,dist)",0.05,5,2,0.7517130649192251,0.485576047471207,843,80400,4020,0,0,originally_observed_only,1286,322,False,1052
imputation,"KNN(k=5,dist)",0.05,5,3,0.6930138827073696,0.4655516521673313,798,80400,4020,0,0,originally_observed_only,1286,322,False,1052
imputation,"KNN(k=5,dist)",0.05,5,4,0.7351588918712871,0.5027479761675347,796,80400,4020,0,0,originally_observed_only,1287,321,False,1052
imputation,"KNN(k=5,dist)",0.05,5,5,0.6327907293829397,0.41455793460848084,775,80400,4020,0,0,originally_observed_only,1287,321,False,1052
imputation,RFECA_SVR(k=5),0.05,5,1,0.7285256055304637,0.4771081909109659,808,80400,4020,0,0,originally_observed_only,1286,322,False,1052
imputation,RFECA_SVR(k=5),0.05,5,2,0.7847728962479767,0.4898738173082737,843,80400,4020,0,0,originally_observed_only,1286,322,False,1052
imputation,RFECA_SVR(k=5),0.05,5,3,0.6877388512368154,0.4543446483426478,798,80400,4020,0,0,originally_observed_only,1286,322,False,1052
imputation,RFECA_SVR(k=5),0.05,5,4,0.7338183783600156,0.48901694951099195,796,80400,4020,0,0,originally_observed_only,1287,321,False,1052
imputation,RFECA_SVR(k=5),0.05,5,5,0.6406989198575815,0.42736111971303914,775,80400,4020,0,0,originally_observed_only,1287,321,False,1052
imputation,RFECA_SVR(k=10),0.05,5,1,0.7274604514823919,0.47316623867211244,808,80400,4020,0,0,originally_observed_only,1286,322,False,1052
imputation,RFECA_SVR(k=10),0.05,5,2,0.7387225087820538,0.4670778996203283,843,80400,4020,0,0,originally_observed_only,1286,322,False,1052
imputation,RFECA_SVR(k=10),0.05,5,3,0.6573263013459151,0.4393143376561513,798,80400,4020,0,0,originally_observed_only,1286,322,False,1052
imputation,RFECA_SVR(k=10),0.05,5,4,0.7187977576512948,0.47927550947266623,796,80400,4020,0,0,originally_observed_only,1287,321,False,1052
imputation,RFECA_SVR(k=10),0.05,5,5,0.6291625378327621,0.41380055891274026,775,80400,4020,0,0,originally_observed_only,1287,321,False,1052
imputation,RFECA_SVR(k=20),0.05,5,1,0.7271175326718639,0.4726209978379098,808,80400,4020,0,0,originally_observed_only,1286,322,False,1052
imputation,RFECA_SVR(k=20),0.05,5,2,0.7387018028890098,0.465628996560739,843,80400,4020,0,0,originally_observed_only,1286,322,False,1052
imputation,RFECA_SVR(k=20),0.05,5,3,0.6433872956096032,0.4350231273317835,798,80400,4020,0,0,originally_observed_only,1286,322,False,1052
imputation,RFECA_SVR(k=20),0.05,5,4,0.6946428314182075,0.4671469246554764,796,80400,4020,0,0,originally_observed_only,1287,321,False,1052
imputation,RFECA_SVR(k=20),0.05,5,5,0.6316386778151571,0.4127038325748792,775,80400,4020,0,0,originally_observed_only,1287,321,False,1052
imputation,SimpleMean,0.05,6,1,1.0989813819289,0.7740423317155091,843,80400,4020,0,0,originally_observed_only,1286,322,False,1053
imputation,SimpleMean,0.05,6,2,1.0683345760242624,0.7661314102770183,829,80400,4020,0,0,originally_observed_only,1286,322,False,1053
imputation,SimpleMean,0.05,6,3,1.1100469160368684,0.7755531317512139,785,80400,4020,0,0,originally_observed_only,1286,322,False,1053
imputation,SimpleMean,0.05,6,4,1.0928431735125572,0.7680840956671586,800,80400,4020,0,0,originally_observed_only,1287,321,False,1053
imputation,SimpleMean,0.05,6,5,0.9363797054148606,0.6626101244312212,763,80400,4020,0,0,originally_observed_only,1287,321,False,1053
imputation,"KNN(k=5,dist)",0.05,6,1,0.7303177315522138,0.4715258483313785,843,80400,4020,0,0,originally_observed_only,1286,322,False,1053
imputation,"KNN(k=5,dist)",0.05,6,2,0.7305599782621519,0.49703443393059155,829,80400,4020,0,0,originally_observed_only,1286,322,False,1053
imputation,"KNN(k=5,dist)",0.05,6,3,0.7171596973624127,0.47497761491691703,785,80400,4020,0,0,originally_observed_only,1286,322,False,1053
imputation,"KNN(k=5,dist)",0.05,6,4,0.6561405137691363,0.45370135748257345,800,80400,4020,0,0,originally_observed_only,1287,321,False,1053
imputation,"KNN(k=5,dist)",0.05,6,5,0.6846322596404825,0.4466933644449599,763,80400,4020,0,0,originally_observed_only,1287,321,False,1053
imputation,RFECA_SVR(k=5),0.05,6,1,0.7459511228360898,0.4740977633557515,843,80400,4020,0,0,originally_observed_only,1286,322,False,1053
imputation,RFECA_SVR(k=5),0.05,6,2,0.7459659084205003,0.48979873390027495,829,80400,4020,0,0,originally_observed_only,1286,322,False,1053
imputation,RFECA_SVR(k=5),0.05,6,3,0.7571851196800814,0.4984643089963059,785,80400,4020,0,0,originally_observed_only,1286,322,False,1053
imputation,RFECA_SVR(k=5),0.05,6,4,0.6952773040885137,0.4529261580997954,800,80400,4020,0,0,originally_observed_only,1287,321,False,1053
imputation,RFECA_SVR(k=5),0.05,6,5,0.6930901740386286,0.4531774267104433,763,80400,4020,0,0,originally_observed_only,1287,321,False,1053
imputation,RFECA_SVR(k=10),0.05,6,1,0.7365883856792346,0.4678879525669159,843,80400,4020,0,0,originally_observed_only,1286,322,False,1053
imputation,RFECA_SVR(k=10),0.05,6,2,0.7214534499904203,0.4717473438937766,829,80400,4020,0,0,originally_observed_only,1286,322,False,1053
imputation,RFECA_SVR(k=10),0.05,6,3,0.7245848867547722,0.48167304337700767,785,80400,4020,0,0,originally_observed_only,1286,322,False,1053
imputation,RFECA_SVR(k=10),0.05,6,4,0.6847689554744495,0.4477891287715022,800,80400,4020,0,0,originally_observed_only,1287,321,False,1053
imputation,RFECA_SVR(k=10),0.05,6,5,0.6884164761219245,0.4464884615508205,763,80400,4020,0,0,originally_observed_only,1287,321,False,1053
imputation,RFECA_SVR(k=20),0.05,6,1,0.7074182771828255,0.4578900466339004,843,80400,4020,0,0,originally_observed_only,1286,322,False,1053
imputation,RFECA_SVR(k=20),0.05,6,2,0.7001049003576755,0.4652297724841519,829,80400,4020,0,0,originally_observed_only,1286,322,False,1053
imputation,RFECA_SVR(k=20),0.05,6,3,0.7039174737310696,0.4736472031749453,785,80400,4020,0,0,originally_observed_only,1286,322,False,1053
imputation,RFECA_SVR(k=20),0.05,6,4,0.6718324633738211,0.43948544709620074,800,80400,4020,0,0,originally_observed_only,1287,321,False,1053
imputation,RFECA_SVR(k=20),0.05,6,5,0.6674058991188632,0.43769722497987656,763,80400,4020,0,0,originally_observed_only,1287,321,False,1053
imputation,SimpleMean,0.05,7,1,1.0040654234787985,0.7202797382544864,830,80400,4020,0,0,originally_observed_only,1286,322,False,1054
imputation,SimpleMean,0.05,7,2,1.0381179621853724,0.7493118794460176,800,80400,4020,0,0,originally_observed_only,1286,322,False,1054
imputation,SimpleMean,0.05,7,3,1.027389257201161,0.7376106023958419,832,80400,4020,0,0,originally_observed_only,1286,322,False,1054
imputation,SimpleMean,0.05,7,4,1.075809686939563,0.7543012600503899,786,80400,4020,0,0,originally_observed_only,1287,321,False,1054
imputation,SimpleMean,0.05,7,5,1.0863512520862149,0.7773666042521764,772,80400,4020,0,0,originally_observed_only,1287,321,False,1054
imputation,"KNN(k=5,dist)",0.05,7,1,0.6969440075870523,0.4843501747987398,830,80400,4020,0,0,originally_observed_only,1286,322,False,1054
imputation,"KNN(k=5,dist)",0.05,7,2,0.7025197839501814,0.4762073646555398,800,80400,4020,0,0,originally_observed_only,1286,322,False,1054
imputation,"KNN(k=5,dist)",0.05,7,3,0.655760360890358,0.44676299455721574,832,80400,4020,0,0,originally_observed_only,1286,322,False,1054
imputation,"KNN(k=5,dist)",0.05,7,4,0.6634450300565071,0.45941732160532656,786,80400,4020,0,0,originally_observed_only,1287,321,False,1054
imputation,"KNN(k=5,dist)",0.05,7,5,0.683320757528461,0.4685225348705586,772,80400,4020,0,0,originally_observed_only,1287,321,False,1054
imputation,RFECA_SVR(k=5),0.05,7,1,0.661565090371382,0.4563999627260088,830,80400,4020,0,0,originally_observed_only,1286,322,False,1054
imputation,RFECA_SVR(k=5),0.05,7,2,0.7413933508725462,0.48463734297610517,800,80400,4020,0,0,originally_observed_only,1286,322,False,1054
imputation,RFECA_SVR(k=5),0.05,7,3,0.672299338831761,0.4508806949744772,832,80400,4020,0,0,originally_observed_only,1286,322,False,1054
imputation,RFECA_SVR(k=5),0.05,7,4,0.6945901455664437,0.4568093597473413,786,80400,4020,0,0,originally_observed_only,1287,321,False,1054
imputation,RFECA_SVR(k=5),0.05,7,5,0.6931527596394547,0.4661523903679048,772,80400,4020,0,0,originally_observed_only,1287,321,False,1054
imputation,RFECA_SVR(k=10),0.05,7,1,0.6609887224318515,0.4510956301418409,830,80400,4020,0,0,originally_observed_only,1286,322,False,1054
imputation,RFECA_SVR(k=10),0.05,7,2,0.721553111533164,0.47163579945454825,800,80400,4020,0,0,originally_observed_only,1286,322,False,1054
imputation,RFECA_SVR(k=10),0.05,7,3,0.6434866241059152,0.43894908981369707,832,80400,4020,0,0,originally_observed_only,1286,322,False,1054
imputation,RFECA_SVR(k=10),0.05,7,4,0.6732477875767096,0.45046583871857226,786,80400,4020,0,0,originally_observed_only,1287,321,False,1054
imputation,RFECA_SVR(k=10),0.05,7,5,0.6944764101724088,0.46954798226945876,772,80400,4020,0,0,originally_observed_only,1287,321,False,1054
imputation,RFECA_SVR(k=20),0.05,7,1,0.664516319545903,0.45708499496323063,830,80400,4020,0,0,originally_observed_only,1286,322,False,1054
imputation,RFECA_SVR(k=20),0.05,7,2,0.7088011628387948,0.4609863118154547,800,80400,4020,0,0,originally_observed_only,1286,322,False,1054
imputation,RFECA_SVR(k=20),0.05,7,3,0.629995383170873,0.4278167364132225,832,80400,4020,0,0,originally_observed_only,1286,322,False,1054
imputation,RFECA_SVR(k=20),0.05,7,4,0.6686409798321419,0.4408309127612446,786,80400,4020,0,0,originally_observed_only,1287,321,False,1054
imputation,RFECA_SVR(k=20),0.05,7,5,0.6910226679339916,0.4682506207618621,772,80400,4020,0,0,originally_observed_only,1287,321,False,1054
imputation,SimpleMean,0.05,8,1,1.047226332883984,0.7353966513866337,808,80400,4020,0,0,originally_observed_only,1286,322,False,1055
imputation,SimpleMean,0.05,8,2,1.0232489820748392,0.7044920605559933,775,80400,4020,0,0,originally_observed_only,1286,322,False,1055
imputation,SimpleMean,0.05,8,3,1.0686390241486503,0.7424570922052304,805,80400,4020,0,0,originally_observed_only,1286,322,False,1055
imputation,SimpleMean,0.05,8,4,1.1155688179775964,0.8025911320383298,828,80400,4020,0,0,originally_observed_only,1287,321,False,1055
imputation,SimpleMean,0.05,8,5,1.0428758353758658,0.7357410917226188,804,80400,4020,0,0,originally_observed_only,1287,321,False,1055
imputation,"KNN(k=5,dist)",0.05,8,1,0.7043546498023213,0.47610882364272705,808,80400,4020,0,0,originally_observed_only,1286,322,False,1055
imputation,"KNN(k=5,dist)",0.05,8,2,0.6683172501214779,0.468217059852514,775,80400,4020,0,0,originally_observed_only,1286,322,False,1055
imputation,"KNN(k=5,dist)",0.05,8,3,0.6673397618223371,0.45073678565922287,805,80400,4020,0,0,originally_observed_only,1286,322,False,1055
imputation,"KNN(k=5,dist)",0.05,8,4,0.68274436564477,0.4837277639274787,828,80400,4020,0,0,originally_observed_only,1287,321,False,1055
imputation,"KNN(k=5,dist)",0.05,8,5,0.6630479988392657,0.4497953419697592,804,80400,4020,0,0,originally_observed_only,1287,321,False,1055
imputation,RFECA_SVR(k=5),0.05,8,1,0.7373321309879264,0.4806309433600907,808,80400,4020,0,0,originally_observed_only,1286,322,False,1055
imputation,RFECA_SVR(k=5),0.05,8,2,0.6873950055264194,0.45745493364018014,775,80400,4020,0,0,originally_observed_only,1286,322,False,1055
imputation,RFECA_SVR(k=5),0.05,8,3,0.674253115880044,0.4512985299995375,805,80400,4020,0,0,originally_observed_only,1286,322,False,1055
imputation,RFECA_SVR(k=5),0.05,8,4,0.7076595913262781,0.47029460776873655,828,80400,4020,0,0,originally_observed_only,1287,321,False,1055
imputation,RFECA_SVR(k=5),0.05,8,5,0.6978867803011823,0.46022571289862174,804,80400,4020,0,0,originally_observed_only,1287,321,False,1055
imputation,RFECA_SVR(k=10),0.05,8,1,0.7353500058196508,0.4786987803187346,808,80400,4020,0,0,originally_observed_only,1286,322,False,1055
imputation,RFECA_SVR(k=10),0.05,8,2,0.6637954290166891,0.4394524166645093,775,80400,4020,0,0,originally_observed_only,1286,322,False,1055
imputation,RFECA_SVR(k=10),0.05,8,3,0.6498117414951656,0.443903301058946,805,80400,4020,0,0,originally_observed_only,1286,322,False,1055
imputation,RFECA_SVR(k=10),0.05,8,4,0.6944124869174563,0.4710030818041066,828,80400,4020,0,0,originally_observed_only,1287,321,False,1055
imputation,RFECA_SVR(k=10),0.05,8,5,0.682283987896389,0.4512232574686607,804,80400,4020,0,0,originally_observed_only,1287,321,False,1055
imputation,RFECA_SVR(k=20),0.05,8,1,0.6963829221049411,0.4624490600039968,808,80400,4020,0,0,originally_observed_only,1286,322,False,1055
imputation,RFECA_SVR(k=20),0.05,8,2,0.6732754403718987,0.4515403765694288,775,80400,4020,0,0,originally_observed_only,1286,322,False,1055
imputation,RFECA_SVR(k=20),0.05,8,3,0.6648846266046083,0.4532883408764803,805,80400,4020,0,0,originally_observed_only,1286,322,False,1055
imputation,RFECA_SVR(k=20),0.05,8,4,0.711216913611586,0.4706578540990481,828,80400,4020,0,0,originally_observed_only,1287,321,False,1055
imputation,RFECA_SVR(k=20),0.05,8,5,0.6732234924900848,0.44372634932811855,804,80400,4020,0,0,originally_observed_only,1287,321,False,1055
imputation,SimpleMean,0.05,9,1,1.0174537664017458,0.720178142947306,789,80400,4020,0,0,originally_observed_only,1286,322,False,1056
imputation,SimpleMean,0.05,9,2,1.0213983930266866,0.7251178018939084,786,80400,4020,0,0,originally_observed_only,1286,322,False,1056
imputation,SimpleMean,0.05,9,3,1.0323560073475935,0.7308044846128784,807,80400,4020,0,0,originally_observed_only,1286,322,False,1056
imputation,SimpleMean,0.05,9,4,1.1047180724177141,0.7882257735151834,862,80400,4020,0,0,originally_observed_only,1287,321,False,1056
imputation,SimpleMean,0.05,9,5,1.0659365950586952,0.7441614551818903,776,80400,4020,0,0,originally_observed_only,1287,321,False,1056
imputation,"KNN(k=5,dist)",0.05,9,1,0.6587528600137595,0.45928786724161175,789,80400,4020,0,0,originally_observed_only,1286,322,False,1056
imputation,"KNN(k=5,dist)",0.05,9,2,0.7015864415335202,0.4600350924500823,786,80400,4020,0,0,originally_observed_only,1286,322,False,1056
imputation,"KNN(k=5,dist)",0.05,9,3,0.6481183873407871,0.4540064580393653,807,80400,4020,0,0,originally_observed_only,1286,322,False,1056
imputation,"KNN(k=5,dist)",0.05,9,4,0.6361050983400872,0.44217795785577907,862,80400,4020,0,0,originally_observed_only,1287,321,False,1056
imputation,"KNN(k=5,dist)",0.05,9,5,0.6236737690375319,0.42994240774226006,776,80400,4020,0,0,originally_observed_only,1287,321,False,1056
imputation,RFECA_SVR(k=5),0.05,9,1,0.6786296961797212,0.45081265575856744,789,80400,4020,0,0,originally_observed_only,1286,322,False,1056
imputation,RFECA_SVR(k=5),0.05,9,2,0.76453989902727,0.47085812261728044,786,80400,4020,0,0,originally_observed_only,1286,322,False,1056
imputation,RFECA_SVR(k=5),0.05,9,3,0.6571639621851932,0.43851342062074233,807,80400,4020,0,0,originally_observed_only,1286,322,False,1056
imputation,RFECA_SVR(k=5),0.05,9,4,0.6469377037584731,0.43945525807275265,862,80400,4020,0,0,originally_observed_only,1287,321,False,1056
imputation,RFECA_SVR(k=5),0.05,9,5,0.6506041659213656,0.43572827000044867,776,80400,4020,0,0,originally_observed_only,1287,321,False,1056
imputation,RFECA_SVR(k=10),0.05,9,1,0.6766442089893402,0.44443466050488384,789,80400,4020,0,0,originally_observed_only,1286,322,False,1056
imputation,RFECA_SVR(k=10),0.05,9,2,0.7464698494777772,0.46225945464610574,786,80400,4020,0,0,originally_observed_only,1286,322,False,1056
imputation,RFECA_SVR(k=10),0.05,9,3,0.6334273984249212,0.4243838021793239,807,80400,4020,0,0,originally_observed_only,1286,322,False,1056
imputation,RFECA_SVR(k=10),0.05,9,4,0.6241366623478296,0.42560658476453045,862,80400,4020,0,0,originally_observed_only,1287,321,False,1056
imputation,RFECA_SVR(k=10),0.05,9,5,0.6498797097866915,0.4287421082582741,776,80400,4020,0,0,originally_observed_only,1287,321,False,1056
imputation,RFECA_SVR(k=20),0.05,9,1,0.6745181915233192,0.43984272567330507,789,80400,4020,0,0,originally_observed_only,1286,322,False,1056
imputation,RFECA_SVR(k=20),0.05,9,2,0.7323321610304285,0.4593578916231689,786,80400,4020,0,0,originally_observed_only,1286,322,False,1056
imputation,RFECA_SVR(k=20),0.05,9,3,0.6427064663632178,0.42937714598664967,807,80400,4020,0,0,originally_observed_only,1286,322,False,1056
imputation,RFECA_SVR(k=20),0.05,9,4,0.6266911580026607,0.43020076934317397,862,80400,4020,0,0,originally_observed_only,1287,321,False,1056
imputation,RFECA_SVR(k=20),0.05,9,5,0.6410337909258202,0.42277615855917816,776,80400,4020,0,0,originally_observed_only,1287,321,False,1056
imputation,SimpleMean,0.1,0,1,1.0730811121608035,0.7459046150685472,1600,80400,8040,0,0,originally_observed_only,1286,322,False,1052
imputation,SimpleMean,0.1,0,2,1.0473673733956526,0.7394447348376268,1615,80400,8040,0,0,originally_observed_only,1286,322,False,1052
imputation,SimpleMean,0.1,0,3,1.0898463290730591,0.7543019757145866,1594,80400,8040,0,0,originally_observed_only,1286,322,False,1052
imputation,SimpleMean,0.1,0,4,1.1024745782057717,0.7810767189399713,1637,80400,8040,0,0,originally_observed_only,1287,321,False,1052
imputation,SimpleMean,0.1,0,5,1.0434419399464676,0.7534223338109648,1594,80400,8040,0,0,originally_observed_only,1287,321,False,1052
imputation,"KNN(k=5,dist)",0.1,0,1,0.7212054027241787,0.4938508093472938,1600,80400,8040,0,0,originally_observed_only,1286,322,False,1052
imputation,"KNN(k=5,dist)",0.1,0,2,0.701070017820585,0.4760700816330975,1615,80400,8040,0,0,originally_observed_only,1286,322,False,1052
imputation,"KNN(k=5,dist)",0.1,0,3,0.6894002450483007,0.46845110852735333,1594,80400,8040,0,0,originally_observed_only,1286,322,False,1052
imputation,"KNN(k=5,dist)",0.1,0,4,0.7026921210332285,0.4836744467189415,1637,80400,8040,0,0,originally_observed_only,1287,321,False,1052
imputation,"KNN(k=5,dist)",0.1,0,5,0.662897357866496,0.45543241182120336,1594,80400,8040,0,0,originally_observed_only,1287,321,False,1052
imputation,RFECA_SVR(k=5),0.1,0,1,0.7100247518114328,0.47028855534905856,1600,80400,8040,0,0,originally_observed_only,1286,322,False,1052
imputation,RFECA_SVR(k=5),0.1,0,2,0.7189379003102964,0.4685291376883396,1615,80400,8040,0,0,originally_observed_only,1286,322,False,1052
imputation,RFECA_SVR(k=5),0.1,0,3,0.7060154124219667,0.4678259282383679,1594,80400,8040,0,0,originally_observed_only,1286,322,False,1052
imputation,RFECA_SVR(k=5),0.1,0,4,0.7125372859684088,0.477120347349282,1637,80400,8040,0,0,originally_observed_only,1287,321,False,1052
imputation,RFECA_SVR(k=5),0.1,0,5,0.6604436304743854,0.4567604858139875,1594,80400,8040,0,0,originally_observed_only,1287,321,False,1052
imputation,RFECA_SVR(k=10),0.1,0,1,0.7002452417041294,0.4601615051413255,1600,80400,8040,0,0,originally_observed_only,1286,322,False,1052
imputation,RFECA_SVR(k=10),0.1,0,2,0.6908573246287055,0.4571027953532637,1615,80400,8040,0,0,originally_observed_only,1286,322,False,1052
imputation,RFECA_SVR(k=10),0.1,0,3,0.6778046667407205,0.45214009631781704,1594,80400,8040,0,0,originally_observed_only,1286,322,False,1052
imputation,RFECA_SVR(k=10),0.1,0,4,0.7076373328017762,0.47734228200313394,1637,80400,8040,0,0,originally_observed_only,1287,321,False,1052
imputation,RFECA_SVR(k=10),0.1,0,5,0.6614397046615054,0.45267691466474286,1594,80400,8040,0,0,originally_observed_only,1287,321,False,1052
imputation,RFECA_SVR(k=20),0.1,0,1,0.7032694676146983,0.45982485698619824,1600,80400,8040,0,0,originally_observed_only,1286,322,False,1052
imputation,RFECA_SVR(k=20),0.1,0,2,0.7003660096782308,0.4543295409992715,1615,80400,8040,0,0,originally_observed_only,1286,322,False,1052
imputation,RFECA_SVR(k=20),0.1,0,3,0.6846321452591366,0.45653142498677773,1594,80400,8040,0,0,originally_observed_only,1286,322,False,1052
imputation,RFECA_SVR(k=20),0.1,0,4,0.6916735737493144,0.4694788926832078,1637,80400,8040,0,0,originally_observed_only,1287,321,False,1052
imputation,RFECA_SVR(k=20),0.1,0,5,0.6655002835129269,0.45514902677123026,1594,80400,8040,0,0,originally_observed_only,1287,321,False,1052
imputation,SimpleMean,0.1,1,1,1.098089729980021,0.7706858655477213,1661,80400,8040,0,0,originally_observed_only,1286,322,False,1053
imputation,SimpleMean,0.1,1,2,1.0526317097643472,0.766310142286763,1607,80400,8040,0,0,originally_observed_only,1286,322,False,1053
imputation,SimpleMean,0.1,1,3,1.0752165935816425,0.7592254882946154,1583,80400,8040,0,0,originally_observed_only,1286,322,False,1053
imputation,SimpleMean,0.1,1,4,1.0908731244024221,0.7772851760606756,1587,80400,8040,0,0,originally_observed_only,1287,321,False,1053
imputation,SimpleMean,0.1,1,5,0.977497858566672,0.6871593076760638,1602,80400,8040,0,0,originally_observed_only,1287,321,False,1053
imputation,"KNN(k=5,dist)",0.1,1,1,0.7097927074869462,0.47628536561262647,1661,80400,8040,0,0,originally_observed_only,1286,322,False,1053
imputation,"KNN(k=5,dist)",0.1,1,2,0.7163474777756037,0.5000503517157046,1607,80400,8040,0,0,originally_observed_only,1286,322,False,1053
imputation,"KNN(k=5,dist)",0.1,1,3,0.6960851080759264,0.4706013582204812,1583,80400,8040,0,0,originally_observed_only,1286,322,False,1053
imputation,"KNN(k=5,dist)",0.1,1,4,0.6932759724091994,0.4724803318999103,1587,80400,8040,0,0,originally_observed_only,1287,321,False,1053
imputation,"KNN(k=5,dist)",0.1,1,5,0.6946234240701321,0.460872945264708,1602,80400,8040,0,0,originally_observed_only,1287,321,False,1053
imputation,RFECA_SVR(k=5),0.1,1,1,0.7572857807632302,0.476718975162278,1661,80400,8040,0,0,originally_observed_only,1286,322,False,1053
imputation,RFECA_SVR(k=5),0.1,1,2,0.7114435854214951,0.47734704749273194,1607,80400,8040,0,0,originally_observed_only,1286,322,False,1053
imputation,RFECA_SVR(k=5),0.1,1,3,0.7107047637288602,0.47423189755796796,1583,80400,8040,0,0,originally_observed_only,1286,322,False,1053
imputation,RFECA_SVR(k=5),0.1,1,4,0.695092272889655,0.46315191928813354,1587,80400,8040,0,0,originally_observed_only,1287,321,False,1053
imputation,RFECA_SVR(k=5),0.1,1,5,0.7014421438052354,0.46418654304524826,1602,80400,8040,0,0,originally_observed_only,1287,321,False,1053
imputation,RFECA_SVR(k=10),0.1,1,1,0.7513648022681908,0.4779206069403156,1661,80400,8040,0,0,originally_observed_only,1286,322,False,1053
imputation,RFECA_SVR(k=10),0.1,1,2,0.6866445754509658,0.46206986613434375,1607,80400,8040,0,0,originally_observed_only,1286,322,False,1053
imputation,RFECA_SVR(k=10),0.1,1,3,0.688614380431895,0.458832308151287,1583,80400,8040,0,0,originally_observed_only,1286,322,False,1053
imputation,RFECA_SVR(k=10),0.1,1,4,0.6799395035257685,0.45922262289214066,1587,80400,8040,0,0,originally_observed_only,1287,321,False,1053
imputation,RFECA_SVR(k=10),0.1,1,5,0.6886975550613684,0.45677872625961247,1602,80400,8040,0,0,originally_observed_only,1287,321,False,1053
imputation,RFECA_SVR(k=20),0.1,1,1,0.7321436735389153,0.4674161934709893,1661,80400,8040,0,0,originally_observed_only,1286,322,False,1053
imputation,RFECA_SVR(k=20),0.1,1,2,0.6796927063195137,0.459176405136255,1607,80400,8040,0,0,originally_observed_only,1286,322,False,1053
imputation,RFECA_SVR(k=20),0.1,1,3,0.6677723490680088,0.4540076935402174,1583,80400,8040,0,0,originally_observed_only,1286,322,False,1053
imputation,RFECA_SVR(k=20),0.1,1,4,0.6877474808504334,0.4567522176094619,1587,80400,8040,0,0,originally_observed_only,1287,321,False,1053
imputation,RFECA_SVR(k=20),0.1,1,5,0.6764627938983854,0.450834804301371,1602,80400,8040,0,0,originally_observed_only,1287,321,False,1053
imputation,SimpleMean,0.1,2,1,1.0181525746858424,0.7215298766346168,1604,80400,8040,0,0,originally_observed_only,1286,322,False,1054
imputation,SimpleMean,0.1,2,2,1.0570730504384143,0.7484175942517515,1613,80400,8040,0,0,originally_observed_only,1286,322,False,1054
imputation,SimpleMean,0.1,2,3,1.0226695505287664,0.7256708462899042,1673,80400,8040,0,0,originally_observed_only,1286,322,False,1054
imputation,SimpleMean,0.1,2,4,1.0672358049790347,0.7455382828022061,1603,80400,8040,0,0,originally_observed_only,1287,321,False,1054
imputation,SimpleMean,0.1,2,5,1.087827320560288,0.7823452903781853,1547,80400,8040,0,0,originally_observed_only,1287,321,False,1054
imputation,"KNN(k=5,dist)",0.1,2,1,0.6806096217528379,0.47451935347982893,1604,80400,8040,0,0,originally_observed_only,1286,322,False,1054
imputation,"KNN(k=5,dist)",0.1,2,2,0.690194730834898,0.4669256357049496,1613,80400,8040,0,0,originally_observed_only,1286,322,False,1054
imputation,"KNN(k=5,dist)",0.1,2,3,0.6888863524658434,0.4695497942109882,1673,80400,8040,0,0,originally_observed_only,1286,322,False,1054
imputation,"KNN(k=5,dist)",0.1,2,4,0.6755194897049589,0.4553158847206961,1603,80400,8040,0,0,originally_observed_only,1287,321,False,1054
imputation,"KNN(k=5,dist)",0.1,2,5,0.701451756852144,0.4717734763275619,1547,80400,8040,0,0,originally_observed_only,1287,321,False,1054
imputation,RFECA_SVR(k=5),0.1,2,1,0.6720254651895069,0.46416791962693005,1604,80400,8040,0,0,originally_observed_only,1286,322,False,1054
imputation,RFECA_SVR(k=5),0.1,2,2,0.726224568224387,0.4746101514285663,1613,80400,8040,0,0,originally_observed_only,1286,322,False,1054
imputation,RFECA_SVR(k=5),0.1,2,3,0.6983494160367818,0.46283454729552653,1673,80400,8040,0,0,originally_observed_only,1286,322,False,1054
imputation,RFECA_SVR(k=5),0.1,2,4,0.7157754369907094,0.4624858323225757,1603,80400,8040,0,0,originally_observed_only,1287,321,False,1054
imputation,RFECA_SVR(k=5),0.1,2,5,0.7123867721531806,0.4709001830123724,1547,80400,8040,0,0,originally_observed_only,1287,321,False,1054
imputation,RFECA_SVR(k=10),0.1,2,1,0.6540883867841016,0.45130574820570407,1604,80400,8040,0,0,originally_observed_only,1286,322,False,1054
imputation,RFECA_SVR(k=10),0.1,2,2,0.7080642081124696,0.4636938066553396,1613,80400,8040,0,0,originally_observed_only,1286,322,False,1054
imputation,RFECA_SVR(k=10),0.1,2,3,0.6741212679256272,0.44808551864042234,1673,80400,8040,0,0,originally_observed_only,1286,322,False,1054
imputation,RFECA_SVR(k=10),0.1,2,4,0.6996060873441108,0.45176660625707377,1603,80400,8040,0,0,originally_observed_only,1287,321,False,1054
imputation,RFECA_SVR(k=10),0.1,2,5,0.7010157185952617,0.46672878609333607,1547,80400,8040,0,0,originally_observed_only,1287,321,False,1054
imputation,RFECA_SVR(k=20),0.1,2,1,0.6532048941731571,0.4531810866223455,1604,80400,8040,0,0,originally_observed_only,1286,322,False,1054
imputation,RFECA_SVR(k=20),0.1,2,2,0.7036797022234442,0.45875103306640685,1613,80400,8040,0,0,originally_observed_only,1286,322,False,1054
imputation,RFECA_SVR(k=20),0.1,2,3,0.6503914219229131,0.4309723215443695,1673,80400,8040,0,0,originally_observed_only,1286,322,False,1054
imputation,RFECA_SVR(k=20),0.1,2,4,0.703855549677252,0.44935218326753035,1603,80400,8040,0,0,originally_observed_only,1287,321,False,1054
imputation,RFECA_SVR(k=20),0.1,2,5,0.7015577128104018,0.4677266529893558,1547,80400,8040,0,0,originally_observed_only,1287,321,False,1054
imputation,SimpleMean,0.1,3,1,1.0333410847065019,0.7320486642881741,1600,80400,8040,0,0,originally_observed_only,1286,322,False,1055
imputation,SimpleMean,0.1,3,2,1.037683846007504,0.7227682904186028,1545,80400,8040,0,0,originally_observed_only,1286,322,False,1055
imputation,SimpleMean,0.1,3,3,1.0653435165907588,0.7399295257258222,1602,80400,8040,0,0,originally_observed_only,1286,322,False,1055
imputation,SimpleMean,0.1,3,4,1.0615783304276418,0.7498881686494098,1697,80400,8040,0,0,originally_observed_only,1287,321,False,1055
imputation,SimpleMean,0.1,3,5,1.0315490869612483,0.725907528998367,1596,80400,8040,0,0,originally_observed_only,1287,321,False,1055
imputation,"KNN(k=5,dist)",0.1,3,1,0.7289702705539289,0.48773704641450183,1600,80400,8040,0,0,originally_observed_only,1286,322,False,1055
imputation,"KNN(k=5,dist)",0.1,3,2,0.689456874781922,0.4721702208354112,1545,80400,8040,0,0,originally_observed_only,1286,322,False,1055
imputation,"KNN(k=5,dist)",0.1,3,3,0.6870349897686014,0.464461788602043,1602,80400,8040,0,0,originally_observed_only,1286,322,False,1055
imputation,"KNN(k=5,dist)",0.1,3,4,0.6467970368609076,0.45175536164299995,1697,80400,8040,0,0,originally_observed_only,1287,321,False,1055
imputation,"KNN(k=5,dist)",0.1,3,5,0.6778860938891549,0.4575016035485404,1596,80400,8040,0,0,originally_observed_only,1287,321,False,1055
imputation,RFECA_SVR(k=5),0.1,3,1,0.7247439201027639,0.47852787250632495,1600,80400,8040,0,0,originally_observed_only,1286,322,False,1055
imputation,RFECA_SVR(k=5),0.1,3,2,0.7004224763246217,0.46259309885952826,1545,80400,8040,0,0,originally_observed_only,1286,322,False,1055
imputation,RFECA_SVR(k=5),0.1,3,3,0.7075521849341865,0.47069834163727364,1602,80400,8040,0,0,originally_observed_only,1286,322,False,1055
imputation,RFECA_SVR(k=5),0.1,3,4,0.6861138819992311,0.46193178384658007,1697,80400,8040,0,0,originally_observed_only,1287,321,False,1055
imputation,RFECA_SVR(k=5),0.1,3,5,0.7047235949666646,0.46602744311531613,1596,80400,8040,0,0,originally_observed_only,1287,321,False,1055
imputation,RFECA_SVR(k=10),0.1,3,1,0.7238260101864319,0.4749991111623645,1600,80400,8040,0,0,originally_observed_only,1286,322,False,1055
imputation,RFECA_SVR(k=10),0.1,3,2,0.6737012239441348,0.4471533219933808,1545,80400,8040,0,0,originally_observed_only,1286,322,False,1055
imputation,RFECA_SVR(k=10),0.1,3,3,0.6934308768566038,0.46409518487496654,1602,80400,8040,0,0,originally_observed_only,1286,322,False,1055
imputation,RFECA_SVR(k=10),0.1,3,4,0.6525392524598258,0.4484258158323886,1697,80400,8040,0,0,originally_observed_only,1287,321,False,1055
imputation,RFECA_SVR(k=10),0.1,3,5,0.6863352837230907,0.4549333013761861,1596,80400,8040,0,0,originally_observed_only,1287,321,False,1055
imputation,RFECA_SVR(k=20),0.1,3,1,0.7120254926096523,0.47262627931249995,1600,80400,8040,0,0,originally_observed_only,1286,322,False,1055
imputation,RFECA_SVR(k=20),0.1,3,2,0.6778365749389325,0.4514745237017917,1545,80400,8040,0,0,originally_observed_only,1286,322,False,1055
imputation,RFECA_SVR(k=20),0.1,3,3,0.6893900699151314,0.4621717633411355,1602,80400,8040,0,0,originally_observed_only,1286,322,False,1055
imputation,RFECA_SVR(k=20),0.1,3,4,0.6571580950296776,0.4499509766141893,1697,80400,8040,0,0,originally_observed_only,1287,321,False,1055
imputation,RFECA_SVR(k=20),0.1,3,5,0.684139567909524,0.4521800909261279,1596,80400,8040,0,0,originally_observed_only,1287,321,False,1055
imputation,SimpleMean,0.1,4,1,1.0287031607388357,0.7172522729313383,1554,80400,8040,0,0,originally_observed_only,1286,322,False,1056
imputation,SimpleMean,0.1,4,2,1.0330837890843267,0.7254889498094115,1568,80400,8040,0,0,originally_observed_only,1286,322,False,1056
imputation,SimpleMean,0.1,4,3,1.0295044970093419,0.7219506013134669,1612,80400,8040,0,0,originally_observed_only,1286,322,False,1056
imputation,SimpleMean,0.1,4,4,1.0655502172234688,0.7537657925297149,1693,80400,8040,0,0,originally_observed_only,1287,321,False,1056
imputation,SimpleMean,0.1,4,5,1.0668617684268924,0.7449012307815459,1613,80400,8040,0,0,originally_observed_only,1287,321,False,1056
imputation,"KNN(k=5,dist)",0.1,4,1,0.684343315193774,0.4651579303645409,1554,80400,8040,0,0,originally_observed_only,1286,322,False,1056
imputation,"KNN(k=5,dist)",0.1,4,2,0.7116954155444111,0.4710673095114816,1568,80400,8040,0,0,originally_observed_only,1286,322,False,1056
imputation,"KNN(k=5,dist)",0.1,4,3,0.6810126673033993,0.46470993284413575,1612,80400,8040,0,0,originally_observed_only,1286,322,False,1056
imputation,"KNN(k=5,dist)",0.1,4,4,0.6580507580856434,0.45689662633991973,1693,80400,8040,0,0,originally_observed_only,1287,321,False,1056
imputation,"KNN(k=5,dist)",0.1,4,5,0.6545783625381002,0.4498991417881896,1613,80400,8040,0,0,originally_observed_only,1287,321,False,1056
imputation,RFECA_SVR(k=5),0.1,4,1,0.6850506409544411,0.4494625590886665,1554,80400,8040,0,0,originally_observed_only,1286,322,False,1056
imputation,RFECA_SVR(k=5),0.1,4,2,0.7457607571657273,0.47802250273506475,1568,80400,8040,0,0,originally_observed_only,1286,322,False,1056
imputation,RFECA_SVR(k=5),0.1,4,3,0.6827904771353253,0.4541312285593909,1612,80400,8040,0,0,originally_observed_only,1286,322,False,1056
imputation,RFECA_SVR(k=5),0.1,4,4,0.6635809368891705,0.44701636327224803,1693,80400,8040,0,0,originally_observed_only,1287,321,False,1056
imputation,RFECA_SVR(k=5),0.1,4,5,0.6921404355138072,0.4586997677603459,1613,80400,8040,0,0,originally_observed_only,1287,321,False,1056
imputation,RFECA_SVR(k=10),0.1,4,1,0.6779518027917552,0.44410724784788924,1554,80400,8040,0,0,originally_observed_only,1286,322,False,1056
imputation,RFECA_SVR(k=10),0.1,4,2,0.7286065258021064,0.466728938945658,1568,80400,8040,0,0,originally_observed_only,1286,322,False,1056
imputation,RFECA_SVR(k=10),0.1,4,3,0.6527900964676421,0.44172946751891407,1612,80400,8040,0,0,originally_observed_only,1286,322,False,1056
imputation,RFECA_SVR(k=10),0.1,4,4,0.6408558358109523,0.4319219547236835,1693,80400,8040,0,0,originally_observed_only,1287,321,False,1056
imputation,RFECA_SVR(k=10),0.1,4,5,0.6774829012988663,0.44851677159509445,1613,80400,8040,0,0,originally_observed_only,1287,321,False,1056
imputation,RFECA_SVR(k=20),0.1,4,1,0.6658428173153813,0.4384037342943921,1554,80400,8040,0,0,originally_observed_only,1286,322,False,1056
imputation,RFECA_SVR(k=20),0.1,4,2,0.7218164853396586,0.4643915801129,1568,80400,8040,0,0,originally_observed_only,1286,322,False,1056
imputation,RFECA_SVR(k=20),0.1,4,3,0.6604858541357949,0.44113830859002173,1612,80400,8040,0,0,originally_observed_only,1286,322,False,1056
imputation,RFECA_SVR(k=20),0.1,4,4,0.6367941438421718,0.4357723766598321,1693,80400,8040,0,0,originally_observed_only,1287,321,False,1056
imputation,RFECA_SVR(k=20),0.1,4,5,0.6927972994470509,0.4506908675416066,1613,80400,8040,0,0,originally_observed_only,1287,321,False,1056
imputation,SimpleMean,0.1,5,1,1.084051335601693,0.7574321913309237,1611,80400,8040,0,0,originally_observed_only,1286,322,False,1057
imputation,SimpleMean,0.1,5,2,1.0940639297321744,0.7717462425388147,1554,80400,8040,0,0,originally_observed_only,1286,322,False,1057
imputation,SimpleMean,0.1,5,3,1.100295985569656,0.7634548253242864,1693,80400,8040,0,0,originally_observed_only,1286,322,False,1057
imputation,SimpleMean,0.1,5,4,1.13256150893254,0.7858546335932538,1613,80400,8040,0,0,originally_observed_only,1287,321,False,1057
imputation,SimpleMean,0.1,5,5,1.0622349072391875,0.7477575331845006,1569,80400,8040,0,0,originally_observed_only,1287,321,False,1057
imputation,"KNN(k=5,dist)",0.1,5,1,0.699062898002058,0.4767288566654016,1611,80400,8040,0,0,originally_observed_only,1286,322,False,1057
imputation,"KNN(k=5,dist)",0.1,5,2,0.7153790345517693,0.47973823806765875,1554,80400,8040,0,0,originally_observed_only,1286,322,False,1057
imputation,"KNN(k=5,dist)",0.1,5,3,0.7175087890839827,0.47825347651222866,1693,80400,8040,0,0,originally_observed_only,1286,322,False,1057
imputation,"KNN(k=5,dist)",0.1,5,4,0.7130821128605188,0.4724311457818509,1613,80400,8040,0,0,originally_observed_only,1287,321,False,1057
imputation,"KNN(k=5,dist)",0.1,5,5,0.7103790260769024,0.47740819475628926,1569,80400,8040,0,0,originally_observed_only,1287,321,False,1057
imputation,RFECA_SVR(k=5),0.1,5,1,0.6993826623148983,0.4738674771873925,1611,80400,8040,0,0,originally_observed_only,1286,322,False,1057
imputation,RFECA_SVR(k=5),0.1,5,2,0.7407758203154962,0.4868872174600183,1554,80400,8040,0,0,originally_observed_only,1286,322,False,1057
imputation,RFECA_SVR(k=5),0.1,5,3,0.7431606272903108,0.48033961895020477,1693,80400,8040,0,0,originally_observed_only,1286,322,False,1057
imputation,RFECA_SVR(k=5),0.1,5,4,0.7121192142830761,0.4614827568138739,1613,80400,8040,0,0,originally_observed_only,1287,321,False,1057
imputation,RFECA_SVR(k=5),0.1,5,5,0.7016777715742405,0.47462778602983785,1569,80400,8040,0,0,originally_observed_only,1287,321,False,1057
imputation,RFECA_SVR(k=10),0.1,5,1,0.6837416024965088,0.46165117644385667,1611,80400,8040,0,0,originally_observed_only,1286,322,False,1057
imputation,RFECA_SVR(k=10),0.1,5,2,0.7257420493395864,0.4721379813058927,1554,80400,8040,0,0,originally_observed_only,1286,322,False,1057
imputation,RFECA_SVR(k=10),0.1,5,3,0.7253056900596563,0.4707576112332551,1693,80400,8040,0,0,originally_observed_only,1286,322,False,1057
imputation,RFECA_SVR(k=10),0.1,5,4,0.6962392766409732,0.45396702080687373,1613,80400,8040,0,0,originally_observed_only,1287,321,False,1057
imputation,RFECA_SVR(k=10),0.1,5,5,0.6818963098226627,0.4649677338919398,1569,80400,8040,0,0,originally_observed_only,1287,321,False,1057
imputation,RFECA_SVR(k=20),0.1,5,1,0.6803809695331774,0.4608074883168564,1611,80400,8040,0,0,originally_observed_only,1286,322,False,1057
imputation,RFECA_SVR(k=20),0.1,5,2,0.703257419126095,0.4613937635793289,1554,80400,8040,0,0,originally_observed_only,1286,322,False,1057
imputation,RFECA_SVR(k=20),0.1,5,3,0.7172619709220833,0.46227269133711296,1693,80400,8040,0,0,originally_observed_only,1286,322,False,1057
imputation,RFECA_SVR(k=20),0.1,5,4,0.704492163707243,0.45724937688572653,1613,80400,8040,0,0,originally_observed_only,1287,321,False,1057
imputation,RFECA_SVR(k=20),0.1,5,5,0.6669199149718328,0.45241578874076005,1569,80400,8040,0,0,originally_observed_only,1287,321,False,1057
imputation,SimpleMean,0.1,6,1,1.1214725261208884,0.7683543845692036,1558,80400,8040,0,0,originally_observed_only,1286,322,False,1058
imputation,SimpleMean,0.1,6,2,1.0883177006330742,0.7583958808065803,1670,80400,8040,0,0,originally_observed_only,1286,322,False,1058
imputation,SimpleMean,0.1,6,3,0.9909802603860327,0.7108841748619579,1641,80400,8040,0,0,originally_observed_only,1286,322,False,1058
imputation,SimpleMean,0.1,6,4,1.0502978037931971,0.7448574154252167,1590,80400,8040,0,0,originally_observed_only,1287,321,False,1058
imputation,SimpleMean,0.1,6,5,1.092245741049421,0.7552089602793717,1581,80400,8040,0,0,originally_observed_only,1287,321,False,1058
imputation,"KNN(k=5,dist)",0.1,6,1,0.6941012699355578,0.4625240388185755,1558,80400,8040,0,0,originally_observed_only,1286,322,False,1058
imputation,"KNN(k=5,dist)",0.1,6,2,0.7067969274885165,0.4728726154230277,1670,80400,8040,0,0,originally_observed_only,1286,322,False,1058
imputation,"KNN(k=5,dist)",0.1,6,3,0.6538637919916394,0.4541592000371977,1641,80400,8040,0,0,originally_observed_only,1286,322,False,1058
imputation,"KNN(k=5,dist)",0.1,6,4,0.655257432706007,0.4506560185979593,1590,80400,8040,0,0,originally_observed_only,1287,321,False,1058
imputation,"KNN(k=5,dist)",0.1,6,5,0.7036004722145442,0.45785677036721806,1581,80400,8040,0,0,originally_observed_only,1287,321,False,1058
imputation,RFECA_SVR(k=5),0.1,6,1,0.707233127492187,0.4687623402863084,1558,80400,8040,0,0,originally_observed_only,1286,322,False,1058
imputation,RFECA_SVR(k=5),0.1,6,2,0.7359737719237349,0.4821150580566376,1670,80400,8040,0,0,originally_observed_only,1286,322,False,1058
imputation,RFECA_SVR(k=5),0.1,6,3,0.6628304846408009,0.44263302944279526,1641,80400,8040,0,0,originally_observed_only,1286,322,False,1058
imputation,RFECA_SVR(k=5),0.1,6,4,0.6969510835295195,0.45670652030617714,1590,80400,8040,0,0,originally_observed_only,1287,321,False,1058
imputation,RFECA_SVR(k=5),0.1,6,5,0.726797340140052,0.4703123065525885,1581,80400,8040,0,0,originally_observed_only,1287,321,False,1058
imputation,RFECA_SVR(k=10),0.1,6,1,0.6902350186649094,0.4578297895135705,1558,80400,8040,0,0,originally_observed_only,1286,322,False,1058
imputation,RFECA_SVR(k=10),0.1,6,2,0.7059782385204383,0.4664020616822435,1670,80400,8040,0,0,originally_observed_only,1286,322,False,1058
imputation,RFECA_SVR(k=10),0.1,6,3,0.6575583106091598,0.43192132414298007,1641,80400,8040,0,0,originally_observed_only,1286,322,False,1058
imputation,RFECA_SVR(k=10),0.1,6,4,0.6688630059417346,0.4414133626521956,1590,80400,8040,0,0,originally_observed_only,1287,321,False,1058
imputation,RFECA_SVR(k=10),0.1,6,5,0.7199993227862485,0.45540971498270977,1581,80400,8040,0,0,originally_observed_only,1287,321,False,1058
imputation,RFECA_SVR(k=20),0.1,6,1,0.6898075992477115,0.45616056595465393,1558,80400,8040,0,0,originally_observed_only,1286,322,False,1058
imputation,RFECA_SVR(k=20),0.1,6,2,0.7005849880088258,0.4663473672966975,1670,80400,8040,0,0,originally_observed_only,1286,322,False,1058
imputation,RFECA_SVR(k=20),0.1,6,3,0.6570111771444367,0.4323339136578557,1641,80400,8040,0,0,originally_observed_only,1286,322,False,1058
imputation,RFECA_SVR(k=20),0.1,6,4,0.6716423672720072,0.44888291329501684,1590,80400,8040,0,0,originally_observed_only,1287,321,False,1058
imputation,RFECA_SVR(k=20),0.1,6,5,0.7244926901576767,0.45870848135800163,1581,80400,8040,0,0,originally_observed_only,1287,321,False,1058
imputation,SimpleMean,0.1,7,1,1.0169766547087726,0.7250541405899636,1630,80400,8040,0,0,originally_observed_only,1286,322,False,1059
imputation,SimpleMean,0.1,7,2,1.0934364444628308,0.7647453319809939,1617,80400,8040,0,0,originally_observed_only,1286,322,False,1059
imputation,SimpleMean,0.1,7,3,1.053597427268698,0.7436155106847865,1595,80400,8040,0,0,originally_observed_only,1286,322,False,1059
imputation,SimpleMean,0.1,7,4,1.0119849806588987,0.7053864008344617,1605,80400,8040,0,0,originally_observed_only,1287,321,False,1059
imputation,SimpleMean,0.1,7,5,1.08451288283789,0.7593515728966813,1593,80400,8040,0,0,originally_observed_only,1287,321,False,1059
imputation,"KNN(k=5,dist)",0.1,7,1,0.6805025842177651,0.462170544738125,1630,80400,8040,0,0,originally_observed_only,1286,322,False,1059
imputation,"KNN(k=5,dist)",0.1,7,2,0.7062165302758081,0.48514364406830796,1617,80400,8040,0,0,originally_observed_only,1286,322,False,1059
imputation,"KNN(k=5,dist)",0.1,7,3,0.6816113118160843,0.4642295017692909,1595,80400,8040,0,0,originally_observed_only,1286,322,False,1059
imputation,"KNN(k=5,dist)",0.1,7,4,0.6614763067185814,0.44527350033527935,1605,80400,8040,0,0,originally_observed_only,1287,321,False,1059
imputation,"KNN(k=5,dist)",0.1,7,5,0.7117701203249521,0.4728897658694443,1593,80400,8040,0,0,originally_observed_only,1287,321,False,1059
imputation,RFECA_SVR(k=5),0.1,7,1,0.7110743893628313,0.46670157255103856,1630,80400,8040,0,0,originally_observed_only,1286,322,False,1059
imputation,RFECA_SVR(k=5),0.1,7,2,0.697749310825836,0.46342695092007413,1617,80400,8040,0,0,originally_observed_only,1286,322,False,1059
imputation,RFECA_SVR(k=5),0.1,7,3,0.6871109292579327,0.4559807506336694,1595,80400,8040,0,0,originally_observed_only,1286,322,False,1059
imputation,RFECA_SVR(k=5),0.1,7,4,0.6627531303207799,0.44315112811362084,1605,80400,8040,0,0,originally_observed_only,1287,321,False,1059
imputation,RFECA_SVR(k=5),0.1,7,5,0.7251494509913687,0.48472544301140347,1593,80400,8040,0,0,originally_observed_only,1287,321,False,1059
imputation,RFECA_SVR(k=10),0.1,7,1,0.7065446674985479,0.4617511288137272,1630,80400,8040,0,0,originally_observed_only,1286,322,False,1059
imputation,RFECA_SVR(k=10),0.1,7,2,0.6781953763392135,0.4488599405020312,1617,80400,8040,0,0,originally_observed_only,1286,322,False,1059
imputation,RFECA_SVR(k=10),0.1,7,3,0.679819711217023,0.44665705851588056,1595,80400,8040,0,0,originally_observed_only,1286,322,False,1059
imputation,RFECA_SVR(k=10),0.1,7,4,0.6411067688509586,0.43141198707095224,1605,80400,8040,0,0,originally_observed_only,1287,321,False,1059
imputation,RFECA_SVR(k=10),0.1,7,5,0.7124015302073174,0.47028473881169713,1593,80400,8040,0,0,originally_observed_only,1287,321,False,1059
imputation,RFECA_SVR(k=20),0.1,7,1,0.7116350930895169,0.47030590431159314,1630,80400,8040,0,0,originally_observed_only,1286,322,False,1059
imputation,RFECA_SVR(k=20),0.1,7,2,0.668632664883182,0.44173323435838796,1617,80400,8040,0,0,originally_observed_only,1286,322,False,1059
imputation,RFECA_SVR(k=20),0.1,7,3,0.679988385826907,0.44500002421838364,1595,80400,8040,0,0,originally_observed_only,1286,322,False,1059
imputation,RFECA_SVR(k=20),0.1,7,4,0.6431417829481206,0.4304207981898524,1605,80400,8040,0,0,originally_observed_only,1287,321,False,1059
imputation,RFECA_SVR(k=20),0.1,7,5,0.7122186127097749,0.4716994631720949,1593,80400,8040,0,0,originally_observed_only,1287,321,False,1059
imputation,SimpleMean,0.1,8,1,1.0955428260379825,0.7627065045864787,1625,80400,8040,0,0,originally_observed_only,1286,322,False,1060
imputation,SimpleMean,0.1,8,2,1.1104136956971689,0.7810773162687622,1590,80400,8040,0,0,originally_observed_only,1286,322,False,1060
imputation,SimpleMean,0.1,8,3,1.1160697553671242,0.7592828691058349,1630,80400,8040,0,0,originally_observed_only,1286,322,False,1060
imputation,SimpleMean,0.1,8,4,1.0754053990429615,0.7523687469182693,1586,80400,8040,0,0,originally_observed_only,1287,321,False,1060
imputation,SimpleMean,0.1,8,5,1.0803569710709748,0.7535476211869543,1609,80400,8040,0,0,originally_observed_only,1287,321,False,1060
imputation,"KNN(k=5,dist)",0.1,8,1,0.7036065434480242,0.48377315017443273,1625,80400,8040,0,0,originally_observed_only,1286,322,False,1060
imputation,"KNN(k=5,dist)",0.1,8,2,0.671003558655966,0.46476787530051716,1590,80400,8040,0,0,originally_observed_only,1286,322,False,1060
imputation,"KNN(k=5,dist)",0.1,8,3,0.6792112421891223,0.4585638970325265,1630,80400,8040,0,0,originally_observed_only,1286,322,False,1060
imputation,"KNN(k=5,dist)",0.1,8,4,0.6779049779672695,0.4563728713677541,1586,80400,8040,0,0,originally_observed_only,1287,321,False,1060
imputation,"KNN(k=5,dist)",0.1,8,5,0.6865051749201011,0.4670486796372587,1609,80400,8040,0,0,originally_observed_only,1287,321,False,1060
imputation,RFECA_SVR(k=5),0.1,8,1,0.7634846520850472,0.4965586557073696,1625,80400,8040,0,0,originally_observed_only,1286,322,False,1060
imputation,RFECA_SVR(k=5),0.1,8,2,0.7061782356483378,0.47447650501430516,1590,80400,8040,0,0,originally_observed_only,1286,322,False,1060
imputation,RFECA_SVR(k=5),0.1,8,3,0.6998636723907004,0.46524326029805363,1630,80400,8040,0,0,originally_observed_only,1286,322,False,1060
imputation,RFECA_SVR(k=5),0.1,8,4,0.7088277534724343,0.4627656837025896,1586,80400,8040,0,0,originally_observed_only,1287,321,False,1060
imputation,RFECA_SVR(k=5),0.1,8,5,0.7113254456253114,0.473102689144696,1609,80400,8040,0,0,originally_observed_only,1287,321,False,1060
imputation,RFECA_SVR(k=10),0.1,8,1,0.7136372021993505,0.4696288548116543,1625,80400,8040,0,0,originally_observed_only,1286,322,False,1060
imputation,RFECA_SVR(k=10),0.1,8,2,0.7052140830380071,0.4695559550499576,1590,80400,8040,0,0,originally_observed_only,1286,322,False,1060
imputation,RFECA_SVR(k=10),0.1,8,3,0.6678656424452315,0.4461243336001029,1630,80400,8040,0,0,originally_observed_only,1286,322,False,1060
imputation,RFECA_SVR(k=10),0.1,8,4,0.7034003615564716,0.455268276989474,1586,80400,8040,0,0,originally_observed_only,1287,321,False,1060
imputation,RFECA_SVR(k=10),0.1,8,5,0.7018200248312537,0.45972512069098137,1609,80400,8040,0,0,originally_observed_only,1287,321,False,1060
imputation,RFECA_SVR(k=20),0.1,8,1,0.7170057140320126,0.4735175765214928,1625,80400,8040,0,0,originally_observed_only,1286,322,False,1060
imputation,RFECA_SVR(k=20),0.1,8,2,0.7051217118984724,0.4706935964218591,1590,80400,8040,0,0,originally_observed_only,1286,322,False,1060
imputation,RFECA_SVR(k=20),0.1,8,3,0.6632583464718641,0.4469726020739457,1630,80400,8040,0,0,originally_observed_only,1286,322,False,1060
imputation,RFECA_SVR(k=20),0.1,8,4,0.6907842058740298,0.45561929589369676,1586,80400,8040,0,0,originally_observed_only,1287,321,False,1060
imputation,RFECA_SVR(k=20),0.1,8,5,0.7001547539506053,0.459177599394352,1609,80400,8040,0,0,originally_observed_only,1287,321,False,1060
imputation,SimpleMean,0.1,9,1,1.0561369468203647,0.7305052694497735,1614,80400,8040,0,0,originally_observed_only,1286,322,False,1061
imputation,SimpleMean,0.1,9,2,1.0452778535451224,0.7307113317673853,1609,80400,8040,0,0,originally_observed_only,1286,322,False,1061
imputation,SimpleMean,0.1,9,3,1.057427010030898,0.7463375308900241,1575,80400,8040,0,0,originally_observed_only,1286,322,False,1061
imputation,SimpleMean,0.1,9,4,1.0295271026402615,0.7249898257969428,1629,80400,8040,0,0,originally_observed_only,1287,321,False,1061
imputation,SimpleMean,0.1,9,5,1.0643320527765674,0.7457374764409863,1613,80400,8040,0,0,originally_observed_only,1287,321,False,1061
imputation,"KNN(k=5,dist)",0.1,9,1,0.6570132334531388,0.44837917759707707,1614,80400,8040,0,0,originally_observed_only,1286,322,False,1061
imputation,"KNN(k=5,dist)",0.1,9,2,0.7100920372754939,0.477763882259183,1609,80400,8040,0,0,originally_observed_only,1286,322,False,1061
imputation,"KNN(k=5,dist)",0.1,9,3,0.7215680111075453,0.48704839631881763,1575,80400,8040,0,0,originally_observed_only,1286,322,False,1061
imputation,"KNN(k=5,dist)",0.1,9,4,0.6894456624904295,0.4699995534121249,1629,80400,8040,0,0,originally_observed_only,1287,321,False,1061
imputation,"KNN(k=5,dist)",0.1,9,5,0.7231666523302317,0.4865537635229455,1613,80400,8040,0,0,originally_observed_only,1287,321,False,1061
imputation,RFECA_SVR(k=5),0.1,9,1,0.6843785141327275,0.4481007501119519,1614,80400,8040,0,0,originally_observed_only,1286,322,False,1061
imputation,RFECA_SVR(k=5),0.1,9,2,0.698637381897033,0.4512370851178371,1609,80400,8040,0,0,originally_observed_only,1286,322,False,1061
imputation,RFECA_SVR(k=5),0.1,9,3,0.6955609192117493,0.45623046511017384,1575,80400,8040,0,0,originally_observed_only,1286,322,False,1061
imputation,RFECA_SVR(k=5),0.1,9,4,0.6802929118004334,0.4605069903749756,1629,80400,8040,0,0,originally_observed_only,1287,321,False,1061
imputation,RFECA_SVR(k=5),0.1,9,5,0.7270183156875685,0.4800224867802815,1613,80400,8040,0,0,originally_observed_only,1287,321,False,1061
imputation,RFECA_SVR(k=10),0.1,9,1,0.6649330130660899,0.433878956560401,1614,80400,8040,0,0,originally_observed_only,1286,322,False,1061
imputation,RFECA_SVR(k=10),0.1,9,2,0.6814504228243057,0.44281148180796387,1609,80400,8040,0,0,originally_observed_only,1286,322,False,1061
imputation,RFECA_SVR(k=10),0.1,9,3,0.6737256996563579,0.4493618568048381,1575,80400,8040,0,0,originally_observed_only,1286,322,False,1061
imputation,RFECA_SVR(k=10),0.1,9,4,0.6715895250214499,0.4519421082803216,1629,80400,8040,0,0,originally_observed_only,1287,321,False,1061
imputation,RFECA_SVR(k=10),0.1,9,5,0.7180863304289135,0.4720246994327936,1613,80400,8040,0,0,originally_observed_only,1287,321,False,1061
imputation,RFECA_SVR(k=20),0.1,9,1,0.656764549469893,0.43517334320746603,1614,80400,8040,0,0,originally_observed_only,1286,322,False,1061
imputation,RFECA_SVR(k=20),0.1,9,2,0.6861671060467686,0.4455205720826153,1609,80400,8040,0,0,originally_observed_only,1286,322,False,1061
imputation,RFECA_SVR(k=20),0.1,9,3,0.665441108165009,0.44895279477280287,1575,80400,8040,0,0,originally_observed_only,1286,322,False,1061
imputation,RFECA_SVR(k=20),0.1,9,4,0.665183615783291,0.44834948338376573,1629,80400,8040,0,0,originally_observed_only,1287,321,False,1061
imputation,RFECA_SVR(k=20),0.1,9,5,0.7112884624435488,0.46363755166311915,1613,80400,8040,0,0,originally_observed_only,1287,321,False,1061
imputation,SimpleMean,0.2,0,1,1.0988163120357206,0.7626237795511722,3229,80400,16080,0,0,originally_observed_only,1286,322,False,1062
imputation,SimpleMean,0.2,0,2,1.074238703019207,0.7587289286506513,3239,80400,16080,0,0,originally_observed_only,1286,322,False,1062
imputation,SimpleMean,0.2,0,3,1.0597995968945044,0.7346638933221471,3215,80400,16080,0,0,originally_observed_only,1286,322,False,1062
imputation,SimpleMean,0.2,0,4,1.073536241636737,0.7521420489713543,3133,80400,16080,0,0,originally_observed_only,1287,321,False,1062
imputation,SimpleMean,0.2,0,5,1.0527174902598153,0.7496848124973557,3264,80400,16080,0,0,originally_observed_only,1287,321,False,1062
imputation,"KNN(k=5,dist)",0.2,0,1,0.7107781646692494,0.4841747073068088,3229,80400,16080,0,0,originally_observed_only,1286,322,False,1062
imputation,"KNN(k=5,dist)",0.2,0,2,0.6977160950588869,0.4848328752214179,3239,80400,16080,0,0,originally_observed_only,1286,322,False,1062
imputation,"KNN(k=5,dist)",0.2,0,3,0.7089796901661177,0.47560283106351936,3215,80400,16080,0,0,originally_observed_only,1286,322,False,1062
imputation,"KNN(k=5,dist)",0.2,0,4,0.6933315063936467,0.4753652244346701,3133,80400,16080,0,0,originally_observed_only,1287,321,False,1062
imputation,"KNN(k=5,dist)",0.2,0,5,0.7088534148843294,0.4757050065319712,3264,80400,16080,0,0,originally_observed_only,1287,321,False,1062
imputation,RFECA_SVR(k=5),0.2,0,1,0.7450873586585032,0.48443217140883416,3229,80400,16080,0,0,originally_observed_only,1286,322,False,1062
imputation,RFECA_SVR(k=5),0.2,0,2,0.7295363937741931,0.4977277556907,3239,80400,16080,0,0,originally_observed_only,1286,322,False,1062
imputation,RFECA_SVR(k=5),0.2,0,3,0.7126936657574079,0.4741744698865184,3215,80400,16080,0,0,originally_observed_only,1286,322,False,1062
imputation,RFECA_SVR(k=5),0.2,0,4,0.7274319969069208,0.48321296317356605,3133,80400,16080,0,0,originally_observed_only,1287,321,False,1062
imputation,RFECA_SVR(k=5),0.2,0,5,0.7266222500695154,0.4851745845226607,3264,80400,16080,0,0,originally_observed_only,1287,321,False,1062
imputation,RFECA_SVR(k=10),0.2,0,1,0.7289705394179248,0.4778418019990691,3229,80400,16080,0,0,originally_observed_only,1286,322,False,1062
imputation,RFECA_SVR(k=10),0.2,0,2,0.7116116201294552,0.48328538196512083,3239,80400,16080,0,0,originally_observed_only,1286,322,False,1062
imputation,RFECA_SVR(k=10),0.2,0,3,0.6871577468038033,0.4591516598719014,3215,80400,16080,0,0,originally_observed_only,1286,322,False,1062
imputation,RFECA_SVR(k=10),0.2,0,4,0.7075786014298341,0.4698896974675059,3133,80400,16080,0,0,originally_observed_only,1287,321,False,1062
imputation,RFECA_SVR(k=10),0.2,0,5,0.7056630230314974,0.4693146462561575,3264,80400,16080,0,0,originally_observed_only,1287,321,False,1062
imputation,RFECA_SVR(k=20),0.2,0,1,0.7388991656878156,0.48080913073866055,3229,80400,16080,0,0,originally_observed_only,1286,322,False,1062
imputation,RFECA_SVR(k=20),0.2,0,2,0.7067258768845772,0.4775386813168296,3239,80400,16080,0,0,originally_observed_only,1286,322,False,1062
imputation,RFECA_SVR(k=20),0.2,0,3,0.6842396514380258,0.46128478282660135,3215,80400,16080,0,0,originally_observed_only,1286,322,False,1062
imputation,RFECA_SVR(k=20),0.2,0,4,0.7134330084281484,0.4728132258904414,3133,80400,16080,0,0,originally_observed_only,1287,321,False,1062
imputation,RFECA_SVR(k=20),0.2,0,5,0.6979569578889137,0.4647091272842172,3264,80400,16080,0,0,originally_observed_only,1287,321,False,1062
imputation,SimpleMean,0.2,1,1,1.1183214922332285,0.7819261782118908,3175,80400,16080,0,0,originally_observed_only,1286,322,False,1063
imputation,SimpleMean,0.2,1,2,1.0594884811068277,0.7498005603911362,3239,80400,16080,0,0,originally_observed_only,1286,322,False,1063
imputation,SimpleMean,0.2,1,3,1.0556676690757794,0.7515268350447563,3261,80400,16080,0,0,originally_observed_only,1286,322,False,1063
imputation,SimpleMean,0.2,1,4,1.0803055336702097,0.7540833553779155,3183,80400,16080,0,0,originally_observed_only,1287,321,False,1063
imputation,SimpleMean,0.2,1,5,1.0522662093264405,0.7416093812822476,3222,80400,16080,0,0,originally_observed_only,1287,321,False,1063
imputation,"KNN(k=5,dist)",0.2,1,1,0.7471794949043098,0.5075066629559527,3175,80400,16080,0,0,originally_observed_only,1286,322,False,1063
imputation,"KNN(k=5,dist)",0.2,1,2,0.7379234587289635,0.4955580031057417,3239,80400,16080,0,0,originally_observed_only,1286,322,False,1063
imputation,"KNN(k=5,dist)",0.2,1,3,0.7085204306557493,0.4851713737111694,3261,80400,16080,0,0,originally_observed_only,1286,322,False,1063
imputation,"KNN(k=5,dist)",0.2,1,4,0.7080798329720809,0.4804398500349557,3183,80400,16080,0,0,originally_observed_only,1287,321,False,1063
imputation,"KNN(k=5,dist)",0.2,1,5,0.7037548343552797,0.4706149654890246,3222,80400,16080,0,0,originally_observed_only,1287,321,False,1063
imputation,RFECA_SVR(k=5),0.2,1,1,0.7721054034389457,0.5078616749910595,3175,80400,16080,0,0,originally_observed_only,1286,322,False,1063
imputation,RFECA_SVR(k=5),0.2,1,2,0.7222749678895156,0.4831597966042296,3239,80400,16080,0,0,originally_observed_only,1286,322,False,1063
imputation,RFECA_SVR(k=5),0.2,1,3,0.7331047011352445,0.4823147926402775,3261,80400,16080,0,0,originally_observed_only,1286,322,False,1063
imputation,RFECA_SVR(k=5),0.2,1,4,0.7290560392001995,0.47938476980616634,3183,80400,16080,0,0,originally_observed_only,1287,321,False,1063
imputation,RFECA_SVR(k=5),0.2,1,5,0.7256124769045791,0.4818827272487118,3222,80400,16080,0,0,originally_observed_only,1287,321,False,1063
imputation,RFECA_SVR(k=10),0.2,1,1,0.7560056562192417,0.4975826770525664,3175,80400,16080,0,0,originally_observed_only,1286,322,False,1063
imputation,RFECA_SVR(k=10),0.2,1,2,0.7041799507542839,0.46643339001977496,3239,80400,16080,0,0,originally_observed_only,1286,322,False,1063
imputation,RFECA_SVR(k=10),0.2,1,3,0.7132768175911546,0.47276155689375254,3261,80400,16080,0,0,originally_observed_only,1286,322,False,1063
imputation,RFECA_SVR(k=10),0.2,1,4,0.704135443889197,0.46678216787010207,3183,80400,16080,0,0,originally_observed_only,1287,321,False,1063
imputation,RFECA_SVR(k=10),0.2,1,5,0.6991450808149812,0.466819966269792,3222,80400,16080,0,0,originally_observed_only,1287,321,False,1063
imputation,RFECA_SVR(k=20),0.2,1,1,0.7548533652959007,0.4965890734840946,3175,80400,16080,0,0,originally_observed_only,1286,322,False,1063
imputation,RFECA_SVR(k=20),0.2,1,2,0.698701862601549,0.4650192582239697,3239,80400,16080,0,0,originally_observed_only,1286,322,False,1063
imputation,RFECA_SVR(k=20),0.2,1,3,0.7130996326601451,0.46961114921680525,3261,80400,16080,0,0,originally_observed_only,1286,322,False,1063
imputation,RFECA_SVR(k=20),0.2,1,4,0.6979068259032526,0.4617424970841653,3183,80400,16080,0,0,originally_observed_only,1287,321,False,1063
imputation,RFECA_SVR(k=20),0.2,1,5,0.7026128575773014,0.4703361657706502,3222,80400,16080,0,0,originally_observed_only,1287,321,False,1063
imputation,SimpleMean,0.2,2,1,1.0957868324758488,0.7690426788331762,3250,80400,16080,0,0,originally_observed_only,1286,322,False,1064
imputation,SimpleMean,0.2,2,2,1.0909028604692455,0.7705709604210289,3211,80400,16080,0,0,originally_observed_only,1286,322,False,1064
imputation,SimpleMean,0.2,2,3,1.081169104081662,0.7605686611632798,3248,80400,16080,0,0,originally_observed_only,1286,322,False,1064
imputation,SimpleMean,0.2,2,4,1.0682156905677116,0.7524696789451197,3136,80400,16080,0,0,originally_observed_only,1287,321,False,1064
imputation,SimpleMean,0.2,2,5,1.0684721977186145,0.7579511223566829,3235,80400,16080,0,0,originally_observed_only,1287,321,False,1064
imputation,"KNN(k=5,dist)",0.2,2,1,0.7317824391675477,0.5053785134531138,3250,80400,16080,0,0,originally_observed_only,1286,322,False,1064
imputation,"KNN(k=5,dist)",0.2,2,2,0.7223095643168641,0.4904282017461315,3211,80400,16080,0,0,originally_observed_only,1286,322,False,1064
imputation,"KNN(k=5,dist)",0.2,2,3,0.7280044415776384,0.49333333472655305,3248,80400,16080,0,0,originally_observed_only,1286,322,False,1064
imputation,"KNN(k=5,dist)",0.2,2,4,0.7009869301039071,0.4778320876415515,3136,80400,16080,0,0,originally_observed_only,1287,321,False,1064
imputation,"KNN(k=5,dist)",0.2,2,5,0.7301422310776,0.49210641966334245,3235,80400,16080,0,0,originally_observed_only,1287,321,False,1064
imputation,RFECA_SVR(k=5),0.2,2,1,0.7408238025043571,0.4924052238614513,3250,80400,16080,0,0,originally_observed_only,1286,322,False,1064
imputation,RFECA_SVR(k=5),0.2,2,2,0.7355772503785862,0.4853166708559831,3211,80400,16080,0,0,originally_observed_only,1286,322,False,1064
imputation,RFECA_SVR(k=5),0.2,2,3,0.742007987810811,0.49393243529471825,3248,80400,16080,0,0,originally_observed_only,1286,322,False,1064
imputation,RFECA_SVR(k=5),0.2,2,4,0.6984800380733428,0.47126843280780334,3136,80400,16080,0,0,originally_observed_only,1287,321,False,1064
imputation,RFECA_SVR(k=5),0.2,2,5,0.7094729674554454,0.48107625129480364,3235,80400,16080,0,0,originally_observed_only,1287,321,False,1064
imputation,RFECA_SVR(k=10),0.2,2,1,0.7221149369789083,0.4829472052088864,3250,80400,16080,0,0,originally_observed_only,1286,322,False,1064
imputation,RFECA_SVR(k=10),0.2,2,2,0.7127152510430969,0.4628271561873571,3211,80400,16080,0,0,originally_observed_only,1286,322,False,1064
imputation,RFECA_SVR(k=10),0.2,2,3,0.7203408868555367,0.48013947493128584,3248,80400,16080,0,0,originally_observed_only,1286,322,False,1064
imputation,RFECA_SVR(k=10),0.2,2,4,0.6885432637256811,0.4647950017428129,3136,80400,16080,0,0,originally_observed_only,1287,321,False,1064
imputation,RFECA_SVR(k=10),0.2,2,5,0.7136019027785253,0.47610246552900864,3235,80400,16080,0,0,originally_observed_only,1287,321,False,1064
imputation,RFECA_SVR(k=20),0.2,2,1,0.7387013930694777,0.4942955348203948,3250,80400,16080,0,0,originally_observed_only,1286,322,False,1064
imputation,RFECA_SVR(k=20),0.2,2,2,0.7170577084657882,0.467047847994283,3211,80400,16080,0,0,originally_observed_only,1286,322,False,1064
imputation,RFECA_SVR(k=20),0.2,2,3,0.7221139137278184,0.48382834954074067,3248,80400,16080,0,0,originally_observed_only,1286,322,False,1064
imputation,RFECA_SVR(k=20),0.2,2,4,0.6840506524597206,0.4680391602335644,3136,80400,16080,0,0,originally_observed_only,1287,321,False,1064
imputation,RFECA_SVR(k=20),0.2,2,5,0.7107122904906531,0.47373446879137376,3235,80400,16080,0,0,originally_observed_only,1287,321,False,1064
imputation,SimpleMean,0.2,3,1,1.009720052039596,0.7160110138201765,3207,80400,16080,0,0,originally_observed_only,1286,322,False,1065
imputation,SimpleMean,0.2,3,2,1.101418227858061,0.7750863371936982,3254,80400,16080,0,0,originally_observed_only,1286,322,False,1065
imputation,SimpleMean,0.2,3,3,1.0994469854644326,0.7585200180001322,3212,80400,16080,0,0,originally_observed_only,1286,322,False,1065
imputation,SimpleMean,0.2,3,4,1.0926689116218997,0.7621647027225159,3166,80400,16080,0,0,originally_observed_only,1287,321,False,1065
imputation,SimpleMean,0.2,3,5,1.0629612332183223,0.7481913141768965,3241,80400,16080,0,0,originally_observed_only,1287,321,False,1065
imputation,"KNN(k=5,dist)",0.2,3,1,0.70148601687518,0.47719940603485367,3207,80400,16080,0,0,originally_observed_only,1286,322,False,1065
imputation,"KNN(k=5,dist)",0.2,3,2,0.7307413842428159,0.4916982587929687,3254,80400,16080,0,0,originally_observed_only,1286,322,False,1065
imputation,"KNN(k=5,dist)",0.2,3,3,0.6948151628014543,0.4699953352152991,3212,80400,16080,0,0,originally_observed_only,1286,322,False,1065
imputation,"KNN(k=5,dist)",0.2,3,4,0.7094673782430851,0.4823084832300955,3166,80400,16080,0,0,originally_observed_only,1287,321,False,1065
imputation,"KNN(k=5,dist)",0.2,3,5,0.6893209016353823,0.47131587927717095,3241,80400,16080,0,0,originally_observed_only,1287,321,False,1065
imputation,RFECA_SVR(k=5),0.2,3,1,0.7052482581525069,0.46972339506319166,3207,80400,16080,0,0,originally_observed_only,1286,322,False,1065
imputation,RFECA_SVR(k=5),0.2,3,2,0.7393702519838495,0.48910491362247394,3254,80400,16080,0,0,originally_observed_only,1286,322,False,1065
imputation,RFECA_SVR(k=5),0.2,3,3,0.7177287467447946,0.48177417515303533,3212,80400,16080,0,0,originally_observed_only,1286,322,False,1065
imputation,RFECA_SVR(k=5),0.2,3,4,0.7292078248394829,0.4811097230230199,3166,80400,16080,0,0,originally_observed_only,1287,321,False,1065
imputation,RFECA_SVR(k=5),0.2,3,5,0.7265848979397516,0.4877606941761957,3241,80400,16080,0,0,originally_observed_only,1287,321,False,1065
imputation,RFECA_SVR(k=10),0.2,3,1,0.696217465900508,0.46444705993856805,3207,80400,16080,0,0,originally_observed_only,1286,322,False,1065
imputation,RFECA_SVR(k=10),0.2,3,2,0.7288338971047413,0.4792042953274434,3254,80400,16080,0,0,originally_observed_only,1286,322,False,1065
imputation,RFECA_SVR(k=10),0.2,3,3,0.6963236949004407,0.46679833408740995,3212,80400,16080,0,0,originally_observed_only,1286,322,False,1065
imputation,RFECA_SVR(k=10),0.2,3,4,0.7186986302549352,0.47576378156063526,3166,80400,16080,0,0,originally_observed_only,1287,321,False,1065
imputation,RFECA_SVR(k=10),0.2,3,5,0.7243209513396651,0.48163760285382523,3241,80400,16080,0,0,originally_observed_only,1287,321,False,1065
imputation,RFECA_SVR(k=20),0.2,3,1,0.6964993701181379,0.4606061854329434,3207,80400,16080,0,0,originally_observed_only,1286,322,False,1065
imputation,RFECA_SVR(k=20),0.2,3,2,0.7264132642106497,0.47624442922736,3254,80400,16080,0,0,originally_observed_only,1286,322,False,1065
imputation,RFECA_SVR(k=20),0.2,3,3,0.7017589322139761,0.4695615523015056,3212,80400,16080,0,0,originally_observed_only,1286,322,False,1065
imputation,RFECA_SVR(k=20),0.2,3,4,0.7178963464993852,0.4755085365284231,3166,80400,16080,0,0,originally_observed_only,1287,321,False,1065
imputation,RFECA_SVR(k=20),0.2,3,5,0.7256079148938713,0.4856933591003585,3241,80400,16080,0,0,originally_observed_only,1287,321,False,1065
imputation,SimpleMean,0.2,4,1,1.0480032053970485,0.7413480386923147,3222,80400,16080,0,0,originally_observed_only,1286,322,False,1066
imputation,SimpleMean,0.2,4,2,1.0942799356420911,0.7739761906172175,3252,80400,16080,0,0,originally_observed_only,1286,322,False,1066
imputation,SimpleMean,0.2,4,3,1.0577025417319459,0.7423228078097815,3217,80400,16080,0,0,originally_observed_only,1286,322,False,1066
imputation,SimpleMean,0.2,4,4,1.0552219183130316,0.7434677733846391,3148,80400,16080,0,0,originally_observed_only,1287,321,False,1066
imputation,SimpleMean,0.2,4,5,1.0504703064805874,0.7442721011704138,3241,80400,16080,0,0,originally_observed_only,1287,321,False,1066
imputation,"KNN(k=5,dist)",0.2,4,1,0.7124028741559898,0.4896263207749143,3222,80400,16080,0,0,originally_observed_only,1286,322,False,1066
imputation,"KNN(k=5,dist)",0.2,4,2,0.7246355499011545,0.4840468045684681,3252,80400,16080,0,0,originally_observed_only,1286,322,False,1066
imputation,"KNN(k=5,dist)",0.2,4,3,0.6918023879968476,0.4707075909622815,3217,80400,16080,0,0,originally_observed_only,1286,322,False,1066
imputation,"KNN(k=5,dist)",0.2,4,4,0.6948080354503227,0.4744553553072756,3148,80400,16080,0,0,originally_observed_only,1287,321,False,1066
imputation,"KNN(k=5,dist)",0.2,4,5,0.6840592571997764,0.47014659424070304,3241,80400,16080,0,0,originally_observed_only,1287,321,False,1066
imputation,RFECA_SVR(k=5),0.2,4,1,0.7165033570736007,0.4827824661544906,3222,80400,16080,0,0,originally_observed_only,1286,322,False,1066
imputation,RFECA_SVR(k=5),0.2,4,2,0.7469115653230518,0.49049791273260823,3252,80400,16080,0,0,originally_observed_only,1286,322,False,1066
imputation,RFECA_SVR(k=5),0.2,4,3,0.7098219884842651,0.4751197316309301,3217,80400,16080,0,0,originally_observed_only,1286,322,False,1066
imputation,RFECA_SVR(k=5),0.2,4,4,0.7142817915853829,0.4771173743350949,3148,80400,16080,0,0,originally_observed_only,1287,321,False,1066
imputation,RFECA_SVR(k=5),0.2,4,5,0.6998847999742237,0.47162304006503647,3241,80400,16080,0,0,originally_observed_only,1287,321,False,1066
imputation,RFECA_SVR(k=10),0.2,4,1,0.694971918221691,0.46806600926131287,3222,80400,16080,0,0,originally_observed_only,1286,322,False,1066
imputation,RFECA_SVR(k=10),0.2,4,2,0.7252470119405888,0.47938850327512145,3252,80400,16080,0,0,originally_observed_only,1286,322,False,1066
imputation,RFECA_SVR(k=10),0.2,4,3,0.6963797466826273,0.4629428477572073,3217,80400,16080,0,0,originally_observed_only,1286,322,False,1066
imputation,RFECA_SVR(k=10),0.2,4,4,0.6957315897315385,0.46434660260611643,3148,80400,16080,0,0,originally_observed_only,1287,321,False,1066
imputation,RFECA_SVR(k=10),0.2,4,5,0.6844686655655932,0.4614260936842231,3241,80400,16080,0,0,originally_observed_only,1287,321,False,1066
imputation,RFECA_SVR(k=20),0.2,4,1,0.6853038211964669,0.46007450439975645,3222,80400,16080,0,0,originally_observed_only,1286,322,False,1066
imputation,RFECA_SVR(k=20),0.2,4,2,0.7135843448917946,0.47389159225234134,3252,80400,16080,0,0,originally_observed_only,1286,322,False,1066
imputation,RFECA_SVR(k=20),0.2,4,3,0.6942268329059489,0.4615748593481862,3217,80400,16080,0,0,originally_observed_only,1286,322,False,1066
imputation,RFECA_SVR(k=20),0.2,4,4,0.6935954772276024,0.4646929510033913,3148,80400,16080,0,0,originally_observed_only,1287,321,False,1066
imputation,RFECA_SVR(k=20),0.2,4,5,0.6838591978427307,0.4628510069297369,3241,80400,16080,0,0,originally_observed_only,1287,321,False,1066
imputation,SimpleMean,0.2,5,1,1.0133925707125855,0.7201788020949982,3275,80400,16080,0,0,originally_observed_only,1286,322,False,1067
imputation,SimpleMean,0.2,5,2,1.0706866899917618,0.7511708046602046,3207,80400,16080,0,0,originally_observed_only,1286,322,False,1067
imputation,SimpleMean,0.2,5,3,1.0842248111899895,0.7569712104117474,3138,80400,16080,0,0,originally_observed_only,1286,322,False,1067
imputation,SimpleMean,0.2,5,4,1.0666757654260406,0.7483932561073445,3228,80400,16080,0,0,originally_observed_only,1287,321,False,1067
imputation,SimpleMean,0.2,5,5,1.023026245096834,0.7293716829809139,3232,80400,16080,0,0,originally_observed_only,1287,321,False,1067
imputation,"KNN(k=5,dist)",0.2,5,1,0.7309445099207044,0.4924545740257898,3275,80400,16080,0,0,originally_observed_only,1286,322,False,1067
imputation,"KNN(k=5,dist)",0.2,5,2,0.7020724377807723,0.4795306035763918,3207,80400,16080,0,0,originally_observed_only,1286,322,False,1067
imputation,"KNN(k=5,dist)",0.2,5,3,0.7032611130828518,0.47990098011302584,3138,80400,16080,0,0,originally_observed_only,1286,322,False,1067
imputation,"KNN(k=5,dist)",0.2,5,4,0.7159087163245781,0.4862103148727841,3228,80400,16080,0,0,originally_observed_only,1287,321,False,1067
imputation,"KNN(k=5,dist)",0.2,5,5,0.6922425215309468,0.4732751727391915,3232,80400,16080,0,0,originally_observed_only,1287,321,False,1067
imputation,RFECA_SVR(k=5),0.2,5,1,0.7099957197692844,0.473549129542938,3275,80400,16080,0,0,originally_observed_only,1286,322,False,1067
imputation,RFECA_SVR(k=5),0.2,5,2,0.7123599084188426,0.47778919831843036,3207,80400,16080,0,0,originally_observed_only,1286,322,False,1067
imputation,RFECA_SVR(k=5),0.2,5,3,0.7160180499415871,0.4756399347074287,3138,80400,16080,0,0,originally_observed_only,1286,322,False,1067
imputation,RFECA_SVR(k=5),0.2,5,4,0.7421432854016718,0.48555741208203673,3228,80400,16080,0,0,originally_observed_only,1287,321,False,1067
imputation,RFECA_SVR(k=5),0.2,5,5,0.7127286526148217,0.479089326267989,3232,80400,16080,0,0,originally_observed_only,1287,321,False,1067
imputation,RFECA_SVR(k=10),0.2,5,1,0.7036011580458507,0.46174599360943547,3275,80400,16080,0,0,originally_observed_only,1286,322,False,1067
imputation,RFECA_SVR(k=10),0.2,5,2,0.683292615211055,0.4579714305159685,3207,80400,16080,0,0,originally_observed_only,1286,322,False,1067
imputation,RFECA_SVR(k=10),0.2,5,3,0.6901281890049266,0.46318317567750444,3138,80400,16080,0,0,originally_observed_only,1286,322,False,1067
imputation,RFECA_SVR(k=10),0.2,5,4,0.7222808353072682,0.4737278629027012,3228,80400,16080,0,0,originally_observed_only,1287,321,False,1067
imputation,RFECA_SVR(k=10),0.2,5,5,0.6890025625471635,0.4656412006764393,3232,80400,16080,0,0,originally_observed_only,1287,321,False,1067
imputation,RFECA_SVR(k=20),0.2,5,1,0.7096140278971094,0.4693823241920243,3275,80400,16080,0,0,originally_observed_only,1286,322,False,1067
imputation,RFECA_SVR(k=20),0.2,5,2,0.6898303604970522,0.46468545587293886,3207,80400,16080,0,0,originally_observed_only,1286,322,False,1067
imputation,RFECA_SVR(k=20),0.2,5,3,0.6866160401743379,0.46159197361835197,3138,80400,16080,0,0,originally_observed_only,1286,322,False,1067
imputation,RFECA_SVR(k=20),0.2,5,4,0.7179829150903465,0.4742797110980983,3228,80400,16080,0,0,originally_observed_only,1287,321,False,1067
imputation,RFECA_SVR(k=20),0.2,5,5,0.6927384937532179,0.46526469802473813,3232,80400,16080,0,0,originally_observed_only,1287,321,False,1067
imputation,SimpleMean,0.2,6,1,1.0430550959361238,0.7311556974399275,3241,80400,16080,0,0,originally_observed_only,1286,322,False,1068
imputation,SimpleMean,0.2,6,2,1.090671171123889,0.7676825609371345,3240,80400,16080,0,0,originally_observed_only,1286,322,False,1068
imputation,SimpleMean,0.2,6,3,1.0782310328258653,0.748157239507864,3291,80400,16080,0,0,originally_observed_only,1286,322,False,1068
imputation,SimpleMean,0.2,6,4,1.0517886476124028,0.7365668832297585,3066,80400,16080,0,0,originally_observed_only,1287,321,False,1068
imputation,SimpleMean,0.2,6,5,1.0560936108774355,0.7446799089684764,3242,80400,16080,0,0,originally_observed_only,1287,321,False,1068
imputation,"KNN(k=5,dist)",0.2,6,1,0.6945243060350834,0.4801633521307749,3241,80400,16080,0,0,originally_observed_only,1286,322,False,1068
imputation,"KNN(k=5,dist)",0.2,6,2,0.7075208931822604,0.48291718889023766,3240,80400,16080,0,0,originally_observed_only,1286,322,False,1068
imputation,"KNN(k=5,dist)",0.2,6,3,0.6839464171605981,0.4752562908913522,3291,80400,16080,0,0,originally_observed_only,1286,322,False,1068
imputation,"KNN(k=5,dist)",0.2,6,4,0.6807852813721212,0.4713830087558122,3066,80400,16080,0,0,originally_observed_only,1287,321,False,1068
imputation,"KNN(k=5,dist)",0.2,6,5,0.7033026690178499,0.47204310830056856,3242,80400,16080,0,0,originally_observed_only,1287,321,False,1068
imputation,RFECA_SVR(k=5),0.2,6,1,0.7187284896147615,0.48137627388243104,3241,80400,16080,0,0,originally_observed_only,1286,322,False,1068
imputation,RFECA_SVR(k=5),0.2,6,2,0.7335248091252055,0.48782262788012554,3240,80400,16080,0,0,originally_observed_only,1286,322,False,1068
imputation,RFECA_SVR(k=5),0.2,6,3,0.6947843689461284,0.47410707194264357,3291,80400,16080,0,0,originally_observed_only,1286,322,False,1068
imputation,RFECA_SVR(k=5),0.2,6,4,0.6686212413790492,0.45251237646307324,3066,80400,16080,0,0,originally_observed_only,1287,321,False,1068
imputation,RFECA_SVR(k=5),0.2,6,5,0.7173819382482836,0.4766460152628788,3242,80400,16080,0,0,originally_observed_only,1287,321,False,1068
imputation,RFECA_SVR(k=10),0.2,6,1,0.7077211797051669,0.4750368169202504,3241,80400,16080,0,0,originally_observed_only,1286,322,False,1068
imputation,RFECA_SVR(k=10),0.2,6,2,0.7292049373227438,0.478575415187074,3240,80400,16080,0,0,originally_observed_only,1286,322,False,1068
imputation,RFECA_SVR(k=10),0.2,6,3,0.682171732618134,0.4637703744763087,3291,80400,16080,0,0,originally_observed_only,1286,322,False,1068
imputation,RFECA_SVR(k=10),0.2,6,4,0.6530263276864801,0.4399374407369598,3066,80400,16080,0,0,originally_observed_only,1287,321,False,1068
imputation,RFECA_SVR(k=10),0.2,6,5,0.6971733525957253,0.4646567697506575,3242,80400,16080,0,0,originally_observed_only,1287,321,False,1068
imputation,RFECA_SVR(k=20),0.2,6,1,0.7176253333465373,0.47831263721716827,3241,80400,16080,0,0,originally_observed_only,1286,322,False,1068
imputation,RFECA_SVR(k=20),0.2,6,2,0.7295726858155436,0.480976212300884,3240,80400,16080,0,0,originally_observed_only,1286,322,False,1068
imputation,RFECA_SVR(k=20),0.2,6,3,0.6844064252424225,0.46478474258745656,3291,80400,16080,0,0,originally_observed_only,1286,322,False,1068
imputation,RFECA_SVR(k=20),0.2,6,4,0.6587176059097811,0.4466277842680421,3066,80400,16080,0,0,originally_observed_only,1287,321,False,1068
imputation,RFECA_SVR(k=20),0.2,6,5,0.6902717991514037,0.4616251274675073,3242,80400,16080,0,0,originally_observed_only,1287,321,False,1068
imputation,SimpleMean,0.2,7,1,1.0646574141434726,0.7486178825490278,3292,80400,16080,0,0,originally_observed_only,1286,322,False,1069
imputation,SimpleMean,0.2,7,2,1.0376692380203432,0.7391938313575274,3215,80400,16080,0,0,originally_observed_only,1286,322,False,1069
imputation,SimpleMean,0.2,7,3,1.1006751933512704,0.7617037515822149,3197,80400,16080,0,0,originally_observed_only,1286,322,False,1069
imputation,SimpleMean,0.2,7,4,1.1081391384263357,0.7706489098821818,3201,80400,16080,0,0,originally_observed_only,1287,321,False,1069
imputation,SimpleMean,0.2,7,5,1.0578215954655334,0.7359030234393587,3175,80400,16080,0,0,originally_observed_only,1287,321,False,1069
imputation,"KNN(k=5,dist)",0.2,7,1,0.7254322885490159,0.4897907881700109,3292,80400,16080,0,0,originally_observed_only,1286,322,False,1069
imputation,"KNN(k=5,dist)",0.2,7,2,0.734542978281396,0.4908922283283212,3215,80400,16080,0,0,originally_observed_only,1286,322,False,1069
imputation,"KNN(k=5,dist)",0.2,7,3,0.6896115060461439,0.4697784382265791,3197,80400,16080,0,0,originally_observed_only,1286,322,False,1069
imputation,"KNN(k=5,dist)",0.2,7,4,0.7198301506737677,0.4829896198139035,3201,80400,16080,0,0,originally_observed_only,1287,321,False,1069
imputation,"KNN(k=5,dist)",0.2,7,5,0.7225944511026587,0.47782362021861813,3175,80400,16080,0,0,originally_observed_only,1287,321,False,1069
imputation,RFECA_SVR(k=5),0.2,7,1,0.7485002930017604,0.49134459250825807,3292,80400,16080,0,0,originally_observed_only,1286,322,False,1069
imputation,RFECA_SVR(k=5),0.2,7,2,0.7542208723868349,0.4941401340432383,3215,80400,16080,0,0,originally_observed_only,1286,322,False,1069
imputation,RFECA_SVR(k=5),0.2,7,3,0.7275269522128294,0.47753634307450077,3197,80400,16080,0,0,originally_observed_only,1286,322,False,1069
imputation,RFECA_SVR(k=5),0.2,7,4,0.740140450608041,0.48407382946921745,3201,80400,16080,0,0,originally_observed_only,1287,321,False,1069
imputation,RFECA_SVR(k=5),0.2,7,5,0.7200495286135594,0.4773610615720251,3175,80400,16080,0,0,originally_observed_only,1287,321,False,1069
imputation,RFECA_SVR(k=10),0.2,7,1,0.7264569873652276,0.4795526147479348,3292,80400,16080,0,0,originally_observed_only,1286,322,False,1069
imputation,RFECA_SVR(k=10),0.2,7,2,0.7139587617525006,0.47113037100650074,3215,80400,16080,0,0,originally_observed_only,1286,322,False,1069
imputation,RFECA_SVR(k=10),0.2,7,3,0.7017271687455416,0.4595038730493767,3197,80400,16080,0,0,originally_observed_only,1286,322,False,1069
imputation,RFECA_SVR(k=10),0.2,7,4,0.7292344240078058,0.4777008529773228,3201,80400,16080,0,0,originally_observed_only,1287,321,False,1069
imputation,RFECA_SVR(k=10),0.2,7,5,0.7027849836679417,0.46295939148257903,3175,80400,16080,0,0,originally_observed_only,1287,321,False,1069
imputation,RFECA_SVR(k=20),0.2,7,1,0.7231811723849353,0.47981287194679884,3292,80400,16080,0,0,originally_observed_only,1286,322,False,1069
imputation,RFECA_SVR(k=20),0.2,7,2,0.7176768231142492,0.47393025332849453,3215,80400,16080,0,0,originally_observed_only,1286,322,False,1069
imputation,RFECA_SVR(k=20),0.2,7,3,0.6994722493427358,0.4609601435205047,3197,80400,16080,0,0,originally_observed_only,1286,322,False,1069
imputation,RFECA_SVR(k=20),0.2,7,4,0.7283122103454787,0.4760605431882687,3201,80400,16080,0,0,originally_observed_only,1287,321,False,1069
imputation,RFECA_SVR(k=20),0.2,7,5,0.701126067430024,0.46003183922456936,3175,80400,16080,0,0,originally_observed_only,1287,321,False,1069
imputation,SimpleMean,0.2,8,1,1.0635589489122161,0.7440273331489898,3227,80400,16080,0,0,originally_observed_only,1286,322,False,1070
imputation,SimpleMean,0.2,8,2,1.0724314095551362,0.7583195276494028,3192,80400,16080,0,0,originally_observed_only,1286,322,False,1070
imputation,SimpleMean,0.2,8,3,1.0654900135565635,0.7510386621189137,3234,80400,16080,0,0,originally_observed_only,1286,322,False,1070
imputation,SimpleMean,0.2,8,4,1.049200941578663,0.7309815102643239,3299,80400,16080,0,0,originally_observed_only,1287,321,False,1070
imputation,SimpleMean,0.2,8,5,1.0422682547890094,0.734767388859799,3128,80400,16080,0,0,originally_observed_only,1287,321,False,1070
imputation,"KNN(k=5,dist)",0.2,8,1,0.7238559841905077,0.48940909134079336,3227,80400,16080,0,0,originally_observed_only,1286,322,False,1070
imputation,"KNN(k=5,dist)",0.2,8,2,0.7456608083377766,0.5003129195956072,3192,80400,16080,0,0,originally_observed_only,1286,322,False,1070
imputation,"KNN(k=5,dist)",0.2,8,3,0.708894267178316,0.48533454661400544,3234,80400,16080,0,0,originally_observed_only,1286,322,False,1070
imputation,"KNN(k=5,dist)",0.2,8,4,0.664618056928028,0.4591339654816899,3299,80400,16080,0,0,originally_observed_only,1287,321,False,1070
imputation,"KNN(k=5,dist)",0.2,8,5,0.6891465188085601,0.4649229160046431,3128,80400,16080,0,0,originally_observed_only,1287,321,False,1070
imputation,RFECA_SVR(k=5),0.2,8,1,0.7159766887804765,0.4794841521478236,3227,80400,16080,0,0,originally_observed_only,1286,322,False,1070
imputation,RFECA_SVR(k=5),0.2,8,2,0.7453732477264616,0.4962712797432073,3192,80400,16080,0,0,originally_observed_only,1286,322,False,1070
imputation,RFECA_SVR(k=5),0.2,8,3,0.7159600553887551,0.4826455730360614,3234,80400,16080,0,0,originally_observed_only,1286,322,False,1070
imputation,RFECA_SVR(k=5),0.2,8,4,0.6992025763524929,0.4682738396989762,3299,80400,16080,0,0,originally_observed_only,1287,321,False,1070
imputation,RFECA_SVR(k=5),0.2,8,5,0.7234718064131437,0.47827826919195476,3128,80400,16080,0,0,originally_observed_only,1287,321,False,1070
imputation,RFECA_SVR(k=10),0.2,8,1,0.7158027958176877,0.48041285696212765,3227,80400,16080,0,0,originally_observed_only,1286,322,False,1070
imputation,RFECA_SVR(k=10),0.2,8,2,0.7099168912803434,0.4766708650303575,3192,80400,16080,0,0,originally_observed_only,1286,322,False,1070
imputation,RFECA_SVR(k=10),0.2,8,3,0.6943633323461528,0.4676690159054854,3234,80400,16080,0,0,originally_observed_only,1286,322,False,1070
imputation,RFECA_SVR(k=10),0.2,8,4,0.687378885722396,0.4599931997579567,3299,80400,16080,0,0,originally_observed_only,1287,321,False,1070
imputation,RFECA_SVR(k=10),0.2,8,5,0.7053685056719471,0.46890724306055254,3128,80400,16080,0,0,originally_observed_only,1287,321,False,1070
imputation,RFECA_SVR(k=20),0.2,8,1,0.7106538880887973,0.47734495837731744,3227,80400,16080,0,0,originally_observed_only,1286,322,False,1070
imputation,RFECA_SVR(k=20),0.2,8,2,0.708343129437994,0.4750732094943265,3192,80400,16080,0,0,originally_observed_only,1286,322,False,1070
imputation,RFECA_SVR(k=20),0.2,8,3,0.7105790084310988,0.47890658330762714,3234,80400,16080,0,0,originally_observed_only,1286,322,False,1070
imputation,RFECA_SVR(k=20),0.2,8,4,0.6826910515995784,0.45598937062189937,3299,80400,16080,0,0,originally_observed_only,1287,321,False,1070
imputation,RFECA_SVR(k=20),0.2,8,5,0.7024150656358733,0.4704198773626917,3128,80400,16080,0,0,originally_observed_only,1287,321,False,1070
imputation,SimpleMean,0.2,9,1,1.06250148231013,0.748920938180861,3184,80400,16080,0,0,originally_observed_only,1286,322,False,1071
imputation,SimpleMean,0.2,9,2,1.100895910764889,0.7709310479748358,3275,80400,16080,0,0,originally_observed_only,1286,322,False,1071
imputation,SimpleMean,0.2,9,3,1.0480912547185437,0.748273447470803,3222,80400,16080,0,0,originally_observed_only,1286,322,False,1071
imputation,SimpleMean,0.2,9,4,1.0670563428618498,0.744355440278163,3213,80400,16080,0,0,originally_observed_only,1287,321,False,1071
imputation,SimpleMean,0.2,9,5,1.0567264297947545,0.756211565811105,3186,80400,16080,0,0,originally_observed_only,1287,321,False,1071
imputation,"KNN(k=5,dist)",0.2,9,1,0.7192013651891175,0.4928485218993933,3184,80400,16080,0,0,originally_observed_only,1286,322,False,1071
imputation,"KNN(k=5,dist)",0.2,9,2,0.7509286704066782,0.49943902061945905,3275,80400,16080,0,0,originally_observed_only,1286,322,False,1071
imputation,"KNN(k=5,dist)",0.2,9,3,0.7001326941369744,0.4746639285768372,3222,80400,16080,0,0,originally_observed_only,1286,322,False,1071
imputation,"KNN(k=5,dist)",0.2,9,4,0.6919615799954858,0.47138933637050673,3213,80400,16080,0,0,originally_observed_only,1287,321,False,1071
imputation,"KNN(k=5,dist)",0.2,9,5,0.7057360906082522,0.473607062899904,3186,80400,16080,0,0,originally_observed_only,1287,321,False,1071
imputation,RFECA_SVR(k=5),0.2,9,1,0.7101175298497377,0.48031358567033383,3184,80400,16080,0,0,originally_observed_only,1286,322,False,1071
imputation,RFECA_SVR(k=5),0.2,9,2,0.7486543681666938,0.49083169080643174,3275,80400,16080,0,0,originally_observed_only,1286,322,False,1071
imputation,RFECA_SVR(k=5),0.2,9,3,0.7233584019123778,0.4756834797513633,3222,80400,16080,0,0,originally_observed_only,1286,322,False,1071
imputation,RFECA_SVR(k=5),0.2,9,4,0.7011187843515782,0.4739287560371866,3213,80400,16080,0,0,originally_observed_only,1287,321,False,1071
imputation,RFECA_SVR(k=5),0.2,9,5,0.7019345749020112,0.47454253016566755,3186,80400,16080,0,0,originally_observed_only,1287,321,False,1071
imputation,RFECA_SVR(k=10),0.2,9,1,0.6951796764114372,0.4716275443989847,3184,80400,16080,0,0,originally_observed_only,1286,322,False,1071
imputation,RFECA_SVR(k=10),0.2,9,2,0.7306097707693905,0.4770463447102133,3275,80400,16080,0,0,originally_observed_only,1286,322,False,1071
imputation,RFECA_SVR(k=10),0.2,9,3,0.7083285150439503,0.4696128477382142,3222,80400,16080,0,0,originally_observed_only,1286,322,False,1071
imputation,RFECA_SVR(k=10),0.2,9,4,0.6900155082658457,0.4679783060854771,3213,80400,16080,0,0,originally_observed_only,1287,321,False,1071
imputation,RFECA_SVR(k=10),0.2,9,5,0.6901367758551102,0.466323866646684,3186,80400,16080,0,0,originally_observed_only,1287,321,False,1071
imputation,RFECA_SVR(k=20),0.2,9,1,0.6911079902903311,0.47227060677504235,3184,80400,16080,0,0,originally_observed_only,1286,322,False,1071
imputation,RFECA_SVR(k=20),0.2,9,2,0.7331821317527895,0.4758242484169943,3275,80400,16080,0,0,originally_observed_only,1286,322,False,1071
imputation,RFECA_SVR(k=20),0.2,9,3,0.7069118596717958,0.46846517849030717,3222,80400,16080,0,0,originally_observed_only,1286,322,False,1071
imputation,RFECA_SVR(k=20),0.2,9,4,0.6965691615555953,0.4721554849521997,3213,80400,16080,0,0,originally_observed_only,1287,321,False,1071
imputation,RFECA_SVR(k=20),0.2,9,5,0.6877221218120338,0.464166566022946,3186,80400,16080,0,0,originally_observed_only,1287,321,False,1071
imputation,SimpleMean,0.3,0,1,1.0661461299639656,0.7521138934777943,4861,80400,24120,0,0,originally_observed_only,1286,322,False,1072
imputation,SimpleMean,0.3,0,2,1.1219979397434519,0.7865116374183658,4819,80400,24120,0,0,originally_observed_only,1286,322,False,1072
imputation,SimpleMean,0.3,0,3,1.0706992663996246,0.7564579193972556,4771,80400,24120,0,0,originally_observed_only,1286,322,False,1072
imputation,SimpleMean,0.3,0,4,1.0775609276929072,0.750624157053958,4862,80400,24120,0,0,originally_observed_only,1287,321,False,1072
imputation,SimpleMean,0.3,0,5,1.0465535090057707,0.748606395942802,4807,80400,24120,0,0,originally_observed_only,1287,321,False,1072
imputation,"KNN(k=5,dist)",0.3,0,1,0.745091482836764,0.509424165830071,4861,80400,24120,0,0,originally_observed_only,1286,322,False,1072
imputation,"KNN(k=5,dist)",0.3,0,2,0.7768869164807181,0.519162617475367,4819,80400,24120,0,0,originally_observed_only,1286,322,False,1072
imputation,"KNN(k=5,dist)",0.3,0,3,0.7196743893003076,0.49497612884975656,4771,80400,24120,0,0,originally_observed_only,1286,322,False,1072
imputation,"KNN(k=5,dist)",0.3,0,4,0.7479702296168211,0.49655037436656707,4862,80400,24120,0,0,originally_observed_only,1287,321,False,1072
imputation,"KNN(k=5,dist)",0.3,0,5,0.7277019257763766,0.49360285782660135,4807,80400,24120,0,0,originally_observed_only,1287,321,False,1072
imputation,RFECA_SVR(k=5),0.3,0,1,0.7625432418937613,0.511831479309883,4861,80400,24120,0,0,originally_observed_only,1286,322,False,1072
imputation,RFECA_SVR(k=5),0.3,0,2,0.7777375269284053,0.5164825085087986,4819,80400,24120,0,0,originally_observed_only,1286,322,False,1072
imputation,RFECA_SVR(k=5),0.3,0,3,0.7377754767532753,0.49590812454799754,4771,80400,24120,0,0,originally_observed_only,1286,322,False,1072
imputation,RFECA_SVR(k=5),0.3,0,4,0.7460651361216669,0.49076303676965166,4862,80400,24120,0,0,originally_observed_only,1287,321,False,1072
imputation,RFECA_SVR(k=5),0.3,0,5,0.7387174084863604,0.49927568193534155,4807,80400,24120,0,0,originally_observed_only,1287,321,False,1072
imputation,RFECA_SVR(k=10),0.3,0,1,0.750351904849954,0.5018405415514212,4861,80400,24120,0,0,originally_observed_only,1286,322,False,1072
imputation,RFECA_SVR(k=10),0.3,0,2,0.7746242843679397,0.5089516229551474,4819,80400,24120,0,0,originally_observed_only,1286,322,False,1072
imputation,RFECA_SVR(k=10),0.3,0,3,0.7211347080982071,0.4833501992014162,4771,80400,24120,0,0,originally_observed_only,1286,322,False,1072
imputation,RFECA_SVR(k=10),0.3,0,4,0.7296586066012335,0.48194041835294976,4862,80400,24120,0,0,originally_observed_only,1287,321,False,1072
imputation,RFECA_SVR(k=10),0.3,0,5,0.7287138380203769,0.4889051814254229,4807,80400,24120,0,0,originally_observed_only,1287,321,False,1072
imputation,RFECA_SVR(k=20),0.3,0,1,0.7557942775657698,0.5062100314069055,4861,80400,24120,0,0,originally_observed_only,1286,322,False,1072
imputation,RFECA_SVR(k=20),0.3,0,2,0.772629658425367,0.5103376211185787,4819,80400,24120,0,0,originally_observed_only,1286,322,False,1072
imputation,RFECA_SVR(k=20),0.3,0,3,0.7329678380737865,0.49057056824579603,4771,80400,24120,0,0,originally_observed_only,1286,322,False,1072
imputation,RFECA_SVR(k=20),0.3,0,4,0.7358868329734628,0.4864381537917613,4862,80400,24120,0,0,originally_observed_only,1287,321,False,1072
imputation,RFECA_SVR(k=20),0.3,0,5,0.7312105308280381,0.49438597130892314,4807,80400,24120,0,0,originally_observed_only,1287,321,False,1072
imputation,SimpleMean,0.3,1,1,1.0724435255875266,0.7606597304072614,4936,80400,24120,0,0,originally_observed_only,1286,322,False,1073
imputation,SimpleMean,0.3,1,2,1.0622418961983564,0.7508544257986546,4811,80400,24120,0,0,originally_observed_only,1286,322,False,1073
imputation,SimpleMean,0.3,1,3,1.0704614566113249,0.7536406082418923,4816,80400,24120,0,0,originally_observed_only,1286,322,False,1073
imputation,SimpleMean,0.3,1,4,1.0979800816033152,0.7666028661555354,4776,80400,24120,0,0,originally_observed_only,1287,321,False,1073
imputation,SimpleMean,0.3,1,5,1.0696156903832275,0.7540411617341972,4781,80400,24120,0,0,originally_observed_only,1287,321,False,1073
imputation,"KNN(k=5,dist)",0.3,1,1,0.7558028555583871,0.5162954862328039,4936,80400,24120,0,0,originally_observed_only,1286,322,False,1073
imputation,"KNN(k=5,dist)",0.3,1,2,0.7479769454691544,0.5035105874537897,4811,80400,24120,0,0,originally_observed_only,1286,322,False,1073
imputation,"KNN(k=5,dist)",0.3,1,3,0.7495713012468573,0.5042963610103284,4816,80400,24120,0,0,originally_observed_only,1286,322,False,1073
imputation,"KNN(k=5,dist)",0.3,1,4,0.740020177902702,0.5022009339691037,4776,80400,24120,0,0,originally_observed_only,1287,321,False,1073
imputation,"KNN(k=5,dist)",0.3,1,5,0.7228109505285653,0.4902060081616207,4781,80400,24120,0,0,originally_observed_only,1287,321,False,1073
imputation,RFECA_SVR(k=5),0.3,1,1,0.7610026829151767,0.5123991913536649,4936,80400,24120,0,0,originally_observed_only,1286,322,False,1073
imputation,RFECA_SVR(k=5),0.3,1,2,0.7508022797249597,0.49500607758246234,4811,80400,24120,0,0,originally_observed_only,1286,322,False,1073
imputation,RFECA_SVR(k=5),0.3,1,3,0.7485994408847341,0.4977928161377548,4816,80400,24120,0,0,originally_observed_only,1286,322,False,1073
imputation,RFECA_SVR(k=5),0.3,1,4,0.7542774278344343,0.5001190673448778,4776,80400,24120,0,0,originally_observed_only,1287,321,False,1073
imputation,RFECA_SVR(k=5),0.3,1,5,0.7303415560594426,0.4930842901818172,4781,80400,24120,0,0,originally_observed_only,1287,321,False,1073
imputation,RFECA_SVR(k=10),0.3,1,1,0.7472353806659647,0.49755558513951764,4936,80400,24120,0,0,originally_observed_only,1286,322,False,1073
imputation,RFECA_SVR(k=10),0.3,1,2,0.7321010291097338,0.4858507677023702,4811,80400,24120,0,0,originally_observed_only,1286,322,False,1073
imputation,RFECA_SVR(k=10),0.3,1,3,0.741889931055788,0.4926516362777455,4816,80400,24120,0,0,originally_observed_only,1286,322,False,1073
imputation,RFECA_SVR(k=10),0.3,1,4,0.7475850823189707,0.49744228075535246,4776,80400,24120,0,0,originally_observed_only,1287,321,False,1073
imputation,RFECA_SVR(k=10),0.3,1,5,0.7295240408747508,0.48778817100224114,4781,80400,24120,0,0,originally_observed_only,1287,321,False,1073
imputation,RFECA_SVR(k=20),0.3,1,1,0.7557562537894398,0.506775284765615,4936,80400,24120,0,0,originally_observed_only,1286,322,False,1073
imputation,RFECA_SVR(k=20),0.3,1,2,0.7373790928578396,0.49128271006384383,4811,80400,24120,0,0,originally_observed_only,1286,322,False,1073
imputation,RFECA_SVR(k=20),0.3,1,3,0.7510634202728804,0.49780891238762676,4816,80400,24120,0,0,originally_observed_only,1286,322,False,1073
imputation,RFECA_SVR(k=20),0.3,1,4,0.7562277587844053,0.5021459304625413,4776,80400,24120,0,0,originally_observed_only,1287,321,False,1073
imputation,RFECA_SVR(k=20),0.3,1,5,0.7412618733190334,0.4977579451474896,4781,80400,24120,0,0,originally_observed_only,1287,321,False,1073
imputation,SimpleMean,0.3,2,1,1.0912975288350424,0.7671878647246759,4843,80400,24120,0,0,originally_observed_only,1286,322,False,1074
imputation,SimpleMean,0.3,2,2,1.067964584485527,0.7544304375232737,4832,80400,24120,0,0,originally_observed_only,1286,322,False,1074
imputation,SimpleMean,0.3,2,3,1.0767960160462142,0.7578450671207092,4896,80400,24120,0,0,originally_observed_only,1286,322,False,1074
imputation,SimpleMean,0.3,2,4,1.0647445956706096,0.7445573255405097,4721,80400,24120,0,0,originally_observed_only,1287,321,False,1074
imputation,SimpleMean,0.3,2,5,1.0773910881755147,0.7637128199143767,4828,80400,24120,0,0,originally_observed_only,1287,321,False,1074
imputation,"KNN(k=5,dist)",0.3,2,1,0.7372298909343369,0.506688777569345,4843,80400,24120,0,0,originally_observed_only,1286,322,False,1074
imputation,"KNN(k=5,dist)",0.3,2,2,0.7417963305464186,0.5106436279067843,4832,80400,24120,0,0,originally_observed_only,1286,322,False,1074
imputation,"KNN(k=5,dist)",0.3,2,3,0.7119224180836197,0.48399692947620354,4896,80400,24120,0,0,originally_observed_only,1286,322,False,1074
imputation,"KNN(k=5,dist)",0.3,2,4,0.7031749136381549,0.4814627121150027,4721,80400,24120,0,0,originally_observed_only,1287,321,False,1074
imputation,"KNN(k=5,dist)",0.3,2,5,0.7440540304416708,0.5023667404312948,4828,80400,24120,0,0,originally_observed_only,1287,321,False,1074
imputation,RFECA_SVR(k=5),0.3,2,1,0.7648126793429016,0.5089452037560974,4843,80400,24120,0,0,originally_observed_only,1286,322,False,1074
imputation,RFECA_SVR(k=5),0.3,2,2,0.7644831845668201,0.5073737129834637,4832,80400,24120,0,0,originally_observed_only,1286,322,False,1074
imputation,RFECA_SVR(k=5),0.3,2,3,0.7281239985189482,0.4874527824082606,4896,80400,24120,0,0,originally_observed_only,1286,322,False,1074
imputation,RFECA_SVR(k=5),0.3,2,4,0.732938971595852,0.4890051360977259,4721,80400,24120,0,0,originally_observed_only,1287,321,False,1074
imputation,RFECA_SVR(k=5),0.3,2,5,0.775011615987313,0.5112086380259885,4828,80400,24120,0,0,originally_observed_only,1287,321,False,1074
imputation,RFECA_SVR(k=10),0.3,2,1,0.741862938995756,0.496842435761197,4843,80400,24120,0,0,originally_observed_only,1286,322,False,1074
imputation,RFECA_SVR(k=10),0.3,2,2,0.7391926763997836,0.49571303281500256,4832,80400,24120,0,0,originally_observed_only,1286,322,False,1074
imputation,RFECA_SVR(k=10),0.3,2,3,0.7109067250381864,0.4758460289407067,4896,80400,24120,0,0,originally_observed_only,1286,322,False,1074
imputation,RFECA_SVR(k=10),0.3,2,4,0.7184548754338783,0.48021785919441845,4721,80400,24120,0,0,originally_observed_only,1287,321,False,1074
imputation,RFECA_SVR(k=10),0.3,2,5,0.7505867106899229,0.4964132146445977,4828,80400,24120,0,0,originally_observed_only,1287,321,False,1074
imputation,RFECA_SVR(k=20),0.3,2,1,0.7551461714083303,0.5069673613952617,4843,80400,24120,0,0,originally_observed_only,1286,322,False,1074
imputation,RFECA_SVR(k=20),0.3,2,2,0.7369577677050617,0.49532496422033184,4832,80400,24120,0,0,originally_observed_only,1286,322,False,1074
imputation,RFECA_SVR(k=20),0.3,2,3,0.719513474698709,0.48120139212456925,4896,80400,24120,0,0,originally_observed_only,1286,322,False,1074
imputation,RFECA_SVR(k=20),0.3,2,4,0.7234602137379997,0.4850238860293151,4721,80400,24120,0,0,originally_observed_only,1287,321,False,1074
imputation,RFECA_SVR(k=20),0.3,2,5,0.7554925204241043,0.5005707860633185,4828,80400,24120,0,0,originally_observed_only,1287,321,False,1074
imputation,SimpleMean,0.3,3,1,1.085164486788124,0.759498963405749,4933,80400,24120,0,0,originally_observed_only,1286,322,False,1075
imputation,SimpleMean,0.3,3,2,1.0614292500308227,0.7555195274710814,4748,80400,24120,0,0,originally_observed_only,1286,322,False,1075
imputation,SimpleMean,0.3,3,3,1.0678742629546607,0.7516296978928767,4836,80400,24120,0,0,originally_observed_only,1286,322,False,1075
imputation,SimpleMean,0.3,3,4,1.0686358246884076,0.7450906807484896,4779,80400,24120,0,0,originally_observed_only,1287,321,False,1075
imputation,SimpleMean,0.3,3,5,1.0684901089946952,0.7554891449480144,4824,80400,24120,0,0,originally_observed_only,1287,321,False,1075
imputation,"KNN(k=5,dist)",0.3,3,1,0.758272169949381,0.5116679808351423,4933,80400,24120,0,0,originally_observed_only,1286,322,False,1075
imputation,"KNN(k=5,dist)",0.3,3,2,0.7345617439355535,0.5075395082999199,4748,80400,24120,0,0,originally_observed_only,1286,322,False,1075
imputation,"KNN(k=5,dist)",0.3,3,3,0.7198198577473421,0.49204912872670825,4836,80400,24120,0,0,originally_observed_only,1286,322,False,1075
imputation,"KNN(k=5,dist)",0.3,3,4,0.7090086124471208,0.47907388626788455,4779,80400,24120,0,0,originally_observed_only,1287,321,False,1075
imputation,"KNN(k=5,dist)",0.3,3,5,0.7204431195453753,0.4925264414525629,4824,80400,24120,0,0,originally_observed_only,1287,321,False,1075
imputation,RFECA_SVR(k=5),0.3,3,1,0.7459895253183351,0.4999791637495721,4933,80400,24120,0,0,originally_observed_only,1286,322,False,1075
imputation,RFECA_SVR(k=5),0.3,3,2,0.7512920229827976,0.5053584666294668,4748,80400,24120,0,0,originally_observed_only,1286,322,False,1075
imputation,RFECA_SVR(k=5),0.3,3,3,0.7285955231391569,0.49177963225489935,4836,80400,24120,0,0,originally_observed_only,1286,322,False,1075
imputation,RFECA_SVR(k=5),0.3,3,4,0.7309312069646343,0.4848644119311426,4779,80400,24120,0,0,originally_observed_only,1287,321,False,1075
imputation,RFECA_SVR(k=5),0.3,3,5,0.7397109853921087,0.49677648120490037,4824,80400,24120,0,0,originally_observed_only,1287,321,False,1075
imputation,RFECA_SVR(k=10),0.3,3,1,0.7299861188438767,0.4905441738774672,4933,80400,24120,0,0,originally_observed_only,1286,322,False,1075
imputation,RFECA_SVR(k=10),0.3,3,2,0.7368100731247951,0.4926081675127034,4748,80400,24120,0,0,originally_observed_only,1286,322,False,1075
imputation,RFECA_SVR(k=10),0.3,3,3,0.7105262448129374,0.48025795646607294,4836,80400,24120,0,0,originally_observed_only,1286,322,False,1075
imputation,RFECA_SVR(k=10),0.3,3,4,0.7247216309195913,0.4824476866519121,4779,80400,24120,0,0,originally_observed_only,1287,321,False,1075
imputation,RFECA_SVR(k=10),0.3,3,5,0.7272896710445663,0.4869607552927068,4824,80400,24120,0,0,originally_observed_only,1287,321,False,1075
imputation,RFECA_SVR(k=20),0.3,3,1,0.7439760824966635,0.501056853334045,4933,80400,24120,0,0,originally_observed_only,1286,322,False,1075
imputation,RFECA_SVR(k=20),0.3,3,2,0.7383326507225989,0.4952704127261376,4748,80400,24120,0,0,originally_observed_only,1286,322,False,1075
imputation,RFECA_SVR(k=20),0.3,3,3,0.7168875891551569,0.482715712680915,4836,80400,24120,0,0,originally_observed_only,1286,322,False,1075
imputation,RFECA_SVR(k=20),0.3,3,4,0.7286177557660903,0.48632424572446575,4779,80400,24120,0,0,originally_observed_only,1287,321,False,1075
imputation,RFECA_SVR(k=20),0.3,3,5,0.720659769802918,0.4901885548857103,4824,80400,24120,0,0,originally_observed_only,1287,321,False,1075
imputation,SimpleMean,0.3,4,1,1.0601502342085718,0.7458899393783298,4807,80400,24120,0,0,originally_observed_only,1286,322,False,1076
imputation,SimpleMean,0.3,4,2,1.092303503200637,0.7673866234088276,4790,80400,24120,0,0,originally_observed_only,1286,322,False,1076
imputation,SimpleMean,0.3,4,3,1.07264249982584,0.7560896097804826,4799,80400,24120,0,0,originally_observed_only,1286,322,False,1076
imputation,SimpleMean,0.3,4,4,1.0855722443171891,0.7622737578849632,4909,80400,24120,0,0,originally_observed_only,1287,321,False,1076
imputation,SimpleMean,0.3,4,5,1.084056065953043,0.7616978845086294,4815,80400,24120,0,0,originally_observed_only,1287,321,False,1076
imputation,"KNN(k=5,dist)",0.3,4,1,0.7394573094312824,0.5025802873292813,4807,80400,24120,0,0,originally_observed_only,1286,322,False,1076
imputation,"KNN(k=5,dist)",0.3,4,2,0.7529136755045572,0.5076081546020463,4790,80400,24120,0,0,originally_observed_only,1286,322,False,1076
imputation,"KNN(k=5,dist)",0.3,4,3,0.7352308418056567,0.5047817325409487,4799,80400,24120,0,0,originally_observed_only,1286,322,False,1076
imputation,"KNN(k=5,dist)",0.3,4,4,0.7328218608332214,0.5029579579471619,4909,80400,24120,0,0,originally_observed_only,1287,321,False,1076
imputation,"KNN(k=5,dist)",0.3,4,5,0.723529815081018,0.4927209179094893,4815,80400,24120,0,0,originally_observed_only,1287,321,False,1076
imputation,RFECA_SVR(k=5),0.3,4,1,0.7574296953210851,0.5057230708850029,4807,80400,24120,0,0,originally_observed_only,1286,322,False,1076
imputation,RFECA_SVR(k=5),0.3,4,2,0.7600543750404134,0.5013507862960648,4790,80400,24120,0,0,originally_observed_only,1286,322,False,1076
imputation,RFECA_SVR(k=5),0.3,4,3,0.7286817248619021,0.49993660275928326,4799,80400,24120,0,0,originally_observed_only,1286,322,False,1076
imputation,RFECA_SVR(k=5),0.3,4,4,0.7413513624298392,0.49787256650312645,4909,80400,24120,0,0,originally_observed_only,1287,321,False,1076
imputation,RFECA_SVR(k=5),0.3,4,5,0.7399435861597239,0.5012539117950893,4815,80400,24120,0,0,originally_observed_only,1287,321,False,1076
imputation,RFECA_SVR(k=10),0.3,4,1,0.7486570739978489,0.49954723459084416,4807,80400,24120,0,0,originally_observed_only,1286,322,False,1076
imputation,RFECA_SVR(k=10),0.3,4,2,0.742723793611482,0.49001042035745956,4790,80400,24120,0,0,originally_observed_only,1286,322,False,1076
imputation,RFECA_SVR(k=10),0.3,4,3,0.7063557731515943,0.48622272547515344,4799,80400,24120,0,0,originally_observed_only,1286,322,False,1076
imputation,RFECA_SVR(k=10),0.3,4,4,0.7365285847263322,0.49197195404550437,4909,80400,24120,0,0,originally_observed_only,1287,321,False,1076
imputation,RFECA_SVR(k=10),0.3,4,5,0.7210114487574965,0.4897703203692803,4815,80400,24120,0,0,originally_observed_only,1287,321,False,1076
imputation,RFECA_SVR(k=20),0.3,4,1,0.7470743940539982,0.5010918556718718,4807,80400,24120,0,0,originally_observed_only,1286,322,False,1076
imputation,RFECA_SVR(k=20),0.3,4,2,0.7544586798504487,0.4928200134147398,4790,80400,24120,0,0,originally_observed_only,1286,322,False,1076
imputation,RFECA_SVR(k=20),0.3,4,3,0.705390587244987,0.4856318964172447,4799,80400,24120,0,0,originally_observed_only,1286,322,False,1076
imputation,RFECA_SVR(k=20),0.3,4,4,0.737648766271509,0.4967200671761671,4909,80400,24120,0,0,originally_observed_only,1287,321,False,1076
imputation,RFECA_SVR(k=20),0.3,4,5,0.7299570945665226,0.49633941689273575,4815,80400,24120,0,0,originally_observed_only,1287,321,False,1076
imputation,SimpleMean,0.3,5,1,1.0470480906940562,0.7437635694002771,4859,80400,24120,0,0,originally_observed_only,1286,322,False,1077
imputation,SimpleMean,0.3,5,2,1.0877355701592635,0.7672230076235048,4780,80400,24120,0,0,originally_observed_only,1286,322,False,1077
imputation,SimpleMean,0.3,5,3,1.050692516449105,0.744547892586447,4915,80400,24120,0,0,originally_observed_only,1286,322,False,1077
imputation,SimpleMean,0.3,5,4,1.069534259953532,0.7540573621027945,4809,80400,24120,0,0,originally_observed_only,1287,321,False,1077
imputation,SimpleMean,0.3,5,5,1.0324033559448822,0.7418105422619081,4757,80400,24120,0,0,originally_observed_only,1287,321,False,1077
imputation,"KNN(k=5,dist)",0.3,5,1,0.7642459202370161,0.5106503355864759,4859,80400,24120,0,0,originally_observed_only,1286,322,False,1077
imputation,"KNN(k=5,dist)",0.3,5,2,0.7488075694249627,0.5094456098028929,4780,80400,24120,0,0,originally_observed_only,1286,322,False,1077
imputation,"KNN(k=5,dist)",0.3,5,3,0.7180803962349643,0.49128396418114867,4915,80400,24120,0,0,originally_observed_only,1286,322,False,1077
imputation,"KNN(k=5,dist)",0.3,5,4,0.7187347831739417,0.48951921147869765,4809,80400,24120,0,0,originally_observed_only,1287,321,False,1077
imputation,"KNN(k=5,dist)",0.3,5,5,0.7355070526388482,0.49632974851866946,4757,80400,24120,0,0,originally_observed_only,1287,321,False,1077
imputation,RFECA_SVR(k=5),0.3,5,1,0.7600203981133603,0.5048250244396277,4859,80400,24120,0,0,originally_observed_only,1286,322,False,1077
imputation,RFECA_SVR(k=5),0.3,5,2,0.751682300810894,0.5024608017369486,4780,80400,24120,0,0,originally_observed_only,1286,322,False,1077
imputation,RFECA_SVR(k=5),0.3,5,3,0.726925574518937,0.4905174882389844,4915,80400,24120,0,0,originally_observed_only,1286,322,False,1077
imputation,RFECA_SVR(k=5),0.3,5,4,0.7183707368150233,0.4844944803276958,4809,80400,24120,0,0,originally_observed_only,1287,321,False,1077
imputation,RFECA_SVR(k=5),0.3,5,5,0.7297221405366722,0.497699810412539,4757,80400,24120,0,0,originally_observed_only,1287,321,False,1077
imputation,RFECA_SVR(k=10),0.3,5,1,0.7517859379316831,0.49988855210936006,4859,80400,24120,0,0,originally_observed_only,1286,322,False,1077
imputation,RFECA_SVR(k=10),0.3,5,2,0.7343066789347718,0.48955211373101765,4780,80400,24120,0,0,originally_observed_only,1286,322,False,1077
imputation,RFECA_SVR(k=10),0.3,5,3,0.7084858254670116,0.47867983099456696,4915,80400,24120,0,0,originally_observed_only,1286,322,False,1077
imputation,RFECA_SVR(k=10),0.3,5,4,0.7047665949243807,0.47579390540853017,4809,80400,24120,0,0,originally_observed_only,1287,321,False,1077
imputation,RFECA_SVR(k=10),0.3,5,5,0.7233195006936932,0.4958156508866608,4757,80400,24120,0,0,originally_observed_only,1287,321,False,1077
imputation,RFECA_SVR(k=20),0.3,5,1,0.7601572343918626,0.5056443215726959,4859,80400,24120,0,0,originally_observed_only,1286,322,False,1077
imputation,RFECA_SVR(k=20),0.3,5,2,0.7300839709196423,0.494570812255038,4780,80400,24120,0,0,originally_observed_only,1286,322,False,1077
imputation,RFECA_SVR(k=20),0.3,5,3,0.7172461278499914,0.4863966498536518,4915,80400,24120,0,0,originally_observed_only,1286,322,False,1077
imputation,RFECA_SVR(k=20),0.3,5,4,0.7168409095653515,0.4803545310382822,4809,80400,24120,0,0,originally_observed_only,1287,321,False,1077
imputation,RFECA_SVR(k=20),0.3,5,5,0.7333914604238178,0.5010740252811186,4757,80400,24120,0,0,originally_observed_only,1287,321,False,1077
imputation,SimpleMean,0.3,6,1,1.0547274421083903,0.7405175044983432,4844,80400,24120,0,0,originally_observed_only,1286,322,False,1078
imputation,SimpleMean,0.3,6,2,1.0947344227131433,0.7762311680659431,4842,80400,24120,0,0,originally_observed_only,1286,322,False,1078
imputation,SimpleMean,0.3,6,3,1.0568953155484193,0.7397876449687207,4851,80400,24120,0,0,originally_observed_only,1286,322,False,1078
imputation,SimpleMean,0.3,6,4,1.084153358637936,0.7576997200138772,4824,80400,24120,0,0,originally_observed_only,1287,321,False,1078
imputation,SimpleMean,0.3,6,5,1.0484145318647626,0.7433149074453523,4759,80400,24120,0,0,originally_observed_only,1287,321,False,1078
imputation,"KNN(k=5,dist)",0.3,6,1,0.7244766038923431,0.500307492246203,4844,80400,24120,0,0,originally_observed_only,1286,322,False,1078
imputation,"KNN(k=5,dist)",0.3,6,2,0.7591971840709175,0.5143452029041987,4842,80400,24120,0,0,originally_observed_only,1286,322,False,1078
imputation,"KNN(k=5,dist)",0.3,6,3,0.7109953807380431,0.48351018344752783,4851,80400,24120,0,0,originally_observed_only,1286,322,False,1078
imputation,"KNN(k=5,dist)",0.3,6,4,0.743995614085496,0.5012402016669012,4824,80400,24120,0,0,originally_observed_only,1287,321,False,1078
imputation,"KNN(k=5,dist)",0.3,6,5,0.7161011162995506,0.49264550453003003,4759,80400,24120,0,0,originally_observed_only,1287,321,False,1078
imputation,RFECA_SVR(k=5),0.3,6,1,0.7494088151442527,0.5004917355115733,4844,80400,24120,0,0,originally_observed_only,1286,322,False,1078
imputation,RFECA_SVR(k=5),0.3,6,2,0.7532810215469853,0.4997726668890049,4842,80400,24120,0,0,originally_observed_only,1286,322,False,1078
imputation,RFECA_SVR(k=5),0.3,6,3,0.7272412213700473,0.4884226759853112,4851,80400,24120,0,0,originally_observed_only,1286,322,False,1078
imputation,RFECA_SVR(k=5),0.3,6,4,0.7541358719145096,0.5007446722819245,4824,80400,24120,0,0,originally_observed_only,1287,321,False,1078
imputation,RFECA_SVR(k=5),0.3,6,5,0.7290362647726165,0.4930999549421992,4759,80400,24120,0,0,originally_observed_only,1287,321,False,1078
imputation,RFECA_SVR(k=10),0.3,6,1,0.7300128457539624,0.48899662978699066,4844,80400,24120,0,0,originally_observed_only,1286,322,False,1078
imputation,RFECA_SVR(k=10),0.3,6,2,0.7248348670288872,0.4842138948523104,4842,80400,24120,0,0,originally_observed_only,1286,322,False,1078
imputation,RFECA_SVR(k=10),0.3,6,3,0.7115827079655251,0.4792512763805948,4851,80400,24120,0,0,originally_observed_only,1286,322,False,1078
imputation,RFECA_SVR(k=10),0.3,6,4,0.7422101367347141,0.4891958730639008,4824,80400,24120,0,0,originally_observed_only,1287,321,False,1078
imputation,RFECA_SVR(k=10),0.3,6,5,0.7283194050242187,0.48849121518666727,4759,80400,24120,0,0,originally_observed_only,1287,321,False,1078
imputation,RFECA_SVR(k=20),0.3,6,1,0.7327133893102499,0.4947141600998797,4844,80400,24120,0,0,originally_observed_only,1286,322,False,1078
imputation,RFECA_SVR(k=20),0.3,6,2,0.7410198590849524,0.4971767338387299,4842,80400,24120,0,0,originally_observed_only,1286,322,False,1078
imputation,RFECA_SVR(k=20),0.3,6,3,0.7158647796127475,0.48428446980282003,4851,80400,24120,0,0,originally_observed_only,1286,322,False,1078
imputation,RFECA_SVR(k=20),0.3,6,4,0.7453394220674874,0.49233868912971207,4824,80400,24120,0,0,originally_observed_only,1287,321,False,1078
imputation,RFECA_SVR(k=20),0.3,6,5,0.7333534614551876,0.4893015913607387,4759,80400,24120,0,0,originally_observed_only,1287,321,False,1078
imputation,SimpleMean,0.3,7,1,1.0870260380210914,0.7571684227101323,4828,80400,24120,0,0,originally_observed_only,1286,322,False,1079
imputation,SimpleMean,0.3,7,2,1.0530071535748942,0.7568213737558136,4801,80400,24120,0,0,originally_observed_only,1286,322,False,1079
imputation,SimpleMean,0.3,7,3,1.0807775425886779,0.761995599300144,4821,80400,24120,0,0,originally_observed_only,1286,322,False,1079
imputation,SimpleMean,0.3,7,4,1.064185646604739,0.7475091193217382,4836,80400,24120,0,0,originally_observed_only,1287,321,False,1079
imputation,SimpleMean,0.3,7,5,1.0374416606698005,0.7367435995435583,4834,80400,24120,0,0,originally_observed_only,1287,321,False,1079
imputation,"KNN(k=5,dist)",0.3,7,1,0.7703558479479455,0.5120122069940003,4828,80400,24120,0,0,originally_observed_only,1286,322,False,1079
imputation,"KNN(k=5,dist)",0.3,7,2,0.7299207080847707,0.5033404786345915,4801,80400,24120,0,0,originally_observed_only,1286,322,False,1079
imputation,"KNN(k=5,dist)",0.3,7,3,0.7311965429398718,0.4960140726532881,4821,80400,24120,0,0,originally_observed_only,1286,322,False,1079
imputation,"KNN(k=5,dist)",0.3,7,4,0.7233029148332496,0.4926195642805486,4836,80400,24120,0,0,originally_observed_only,1287,321,False,1079
imputation,"KNN(k=5,dist)",0.3,7,5,0.707704969487083,0.4809429514474223,4834,80400,24120,0,0,originally_observed_only,1287,321,False,1079
imputation,RFECA_SVR(k=5),0.3,7,1,0.7894345225758055,0.5059710160087089,4828,80400,24120,0,0,originally_observed_only,1286,322,False,1079
imputation,RFECA_SVR(k=5),0.3,7,2,0.7353142287344662,0.49784238734803465,4801,80400,24120,0,0,originally_observed_only,1286,322,False,1079
imputation,RFECA_SVR(k=5),0.3,7,3,0.7361849297976564,0.4937996816813561,4821,80400,24120,0,0,originally_observed_only,1286,322,False,1079
imputation,RFECA_SVR(k=5),0.3,7,4,0.7430256878024559,0.48851635736084165,4836,80400,24120,0,0,originally_observed_only,1287,321,False,1079
imputation,RFECA_SVR(k=5),0.3,7,5,0.7213361322092651,0.485429035496067,4834,80400,24120,0,0,originally_observed_only,1287,321,False,1079
imputation,RFECA_SVR(k=10),0.3,7,1,0.7765023123143269,0.5000465867531599,4828,80400,24120,0,0,originally_observed_only,1286,322,False,1079
imputation,RFECA_SVR(k=10),0.3,7,2,0.7288790593884406,0.4871928189694272,4801,80400,24120,0,0,originally_observed_only,1286,322,False,1079
imputation,RFECA_SVR(k=10),0.3,7,3,0.7217392647090197,0.4853459852460067,4821,80400,24120,0,0,originally_observed_only,1286,322,False,1079
imputation,RFECA_SVR(k=10),0.3,7,4,0.7177172296431634,0.47363098634807266,4836,80400,24120,0,0,originally_observed_only,1287,321,False,1079
imputation,RFECA_SVR(k=10),0.3,7,5,0.7068641348696811,0.4768841939559842,4834,80400,24120,0,0,originally_observed_only,1287,321,False,1079
imputation,RFECA_SVR(k=20),0.3,7,1,0.7894184386625631,0.5092114899373693,4828,80400,24120,0,0,originally_observed_only,1286,322,False,1079
imputation,RFECA_SVR(k=20),0.3,7,2,0.7322306648489394,0.4919685984194867,4801,80400,24120,0,0,originally_observed_only,1286,322,False,1079
imputation,RFECA_SVR(k=20),0.3,7,3,0.7226949003774115,0.49065027459693245,4821,80400,24120,0,0,originally_observed_only,1286,322,False,1079
imputation,RFECA_SVR(k=20),0.3,7,4,0.7243106381701109,0.47937679010184386,4836,80400,24120,0,0,originally_observed_only,1287,321,False,1079
imputation,RFECA_SVR(k=20),0.3,7,5,0.7269247159479446,0.48927369459337616,4834,80400,24120,0,0,originally_observed_only,1287,321,False,1079
imputation,SimpleMean,0.3,8,1,1.0686773151386437,0.7501909279345137,4778,80400,24120,0,0,originally_observed_only,1286,322,False,1080
imputation,SimpleMean,0.3,8,2,1.0720315847860995,0.7626987236779676,4825,80400,24120,0,0,originally_observed_only,1286,322,False,1080
imputation,SimpleMean,0.3,8,3,1.0637641025131903,0.7498574751009931,4805,80400,24120,0,0,originally_observed_only,1286,322,False,1080
imputation,SimpleMean,0.3,8,4,1.0578474459856717,0.7484159572883923,4911,80400,24120,0,0,originally_observed_only,1287,321,False,1080
imputation,SimpleMean,0.3,8,5,1.0562989231873614,0.7471320359724798,4801,80400,24120,0,0,originally_observed_only,1287,321,False,1080
imputation,"KNN(k=5,dist)",0.3,8,1,0.7546754973101422,0.5107389052289931,4778,80400,24120,0,0,originally_observed_only,1286,322,False,1080
imputation,"KNN(k=5,dist)",0.3,8,2,0.7328042420822726,0.5024214302583769,4825,80400,24120,0,0,originally_observed_only,1286,322,False,1080
imputation,"KNN(k=5,dist)",0.3,8,3,0.742154805992666,0.5043498056934324,4805,80400,24120,0,0,originally_observed_only,1286,322,False,1080
imputation,"KNN(k=5,dist)",0.3,8,4,0.7164400584848498,0.4948077356494825,4911,80400,24120,0,0,originally_observed_only,1287,321,False,1080
imputation,"KNN(k=5,dist)",0.3,8,5,0.7241392007254601,0.48991021428287995,4801,80400,24120,0,0,originally_observed_only,1287,321,False,1080
imputation,RFECA_SVR(k=5),0.3,8,1,0.7697255819921451,0.5092190408019261,4778,80400,24120,0,0,originally_observed_only,1286,322,False,1080
imputation,RFECA_SVR(k=5),0.3,8,2,0.7474290547221083,0.5008510771965885,4825,80400,24120,0,0,originally_observed_only,1286,322,False,1080
imputation,RFECA_SVR(k=5),0.3,8,3,0.7412024227418996,0.49188038417449764,4805,80400,24120,0,0,originally_observed_only,1286,322,False,1080
imputation,RFECA_SVR(k=5),0.3,8,4,0.7166466815394829,0.4795247931594199,4911,80400,24120,0,0,originally_observed_only,1287,321,False,1080
imputation,RFECA_SVR(k=5),0.3,8,5,0.7322799503784629,0.49466120204947117,4801,80400,24120,0,0,originally_observed_only,1287,321,False,1080
imputation,RFECA_SVR(k=10),0.3,8,1,0.7572999759148522,0.500791573839736,4778,80400,24120,0,0,originally_observed_only,1286,322,False,1080
imputation,RFECA_SVR(k=10),0.3,8,2,0.7283173514948549,0.48771096824069804,4825,80400,24120,0,0,originally_observed_only,1286,322,False,1080
imputation,RFECA_SVR(k=10),0.3,8,3,0.719033967780361,0.47791051797507905,4805,80400,24120,0,0,originally_observed_only,1286,322,False,1080
imputation,RFECA_SVR(k=10),0.3,8,4,0.7136059460159662,0.47368093112020176,4911,80400,24120,0,0,originally_observed_only,1287,321,False,1080
imputation,RFECA_SVR(k=10),0.3,8,5,0.7157096903047298,0.4833656710869478,4801,80400,24120,0,0,originally_observed_only,1287,321,False,1080
imputation,RFECA_SVR(k=20),0.3,8,1,0.7662682172006026,0.508626669131455,4778,80400,24120,0,0,originally_observed_only,1286,322,False,1080
imputation,RFECA_SVR(k=20),0.3,8,2,0.7297891520203905,0.49413589617969794,4825,80400,24120,0,0,originally_observed_only,1286,322,False,1080
imputation,RFECA_SVR(k=20),0.3,8,3,0.7320968889730597,0.4897294066819701,4805,80400,24120,0,0,originally_observed_only,1286,322,False,1080
imputation,RFECA_SVR(k=20),0.3,8,4,0.7192641517074877,0.479514913503223,4911,80400,24120,0,0,originally_observed_only,1287,321,False,1080
imputation,RFECA_SVR(k=20),0.3,8,5,0.72502526716141,0.48622920976264794,4801,80400,24120,0,0,originally_observed_only,1287,321,False,1080
imputation,SimpleMean,0.3,9,1,1.0669342748518273,0.7463574144851731,4819,80400,24120,0,0,originally_observed_only,1286,322,False,1081
imputation,SimpleMean,0.3,9,2,1.0551575300448575,0.7550773131603178,4901,80400,24120,0,0,originally_observed_only,1286,322,False,1081
imputation,SimpleMean,0.3,9,3,1.0401441064611887,0.7319114147424881,4822,80400,24120,0,0,originally_observed_only,1286,322,False,1081
imputation,SimpleMean,0.3,9,4,1.0723430976148265,0.7529669920205552,4849,80400,24120,0,0,originally_observed_only,1287,321,False,1081
imputation,SimpleMean,0.3,9,5,1.0582354903816624,0.7518181381388861,4729,80400,24120,0,0,originally_observed_only,1287,321,False,1081
imputation,"KNN(k=5,dist)",0.3,9,1,0.7384725900592147,0.5078641562040139,4819,80400,24120,0,0,originally_observed_only,1286,322,False,1081
imputation,"KNN(k=5,dist)",0.3,9,2,0.7229329245113878,0.5017774132052172,4901,80400,24120,0,0,originally_observed_only,1286,322,False,1081
imputation,"KNN(k=5,dist)",0.3,9,3,0.7070983248876244,0.4860502409788395,4822,80400,24120,0,0,originally_observed_only,1286,322,False,1081
imputation,"KNN(k=5,dist)",0.3,9,4,0.7317986319982026,0.4964824081337088,4849,80400,24120,0,0,originally_observed_only,1287,321,False,1081
imputation,"KNN(k=5,dist)",0.3,9,5,0.7085634728850414,0.48299678483309305,4729,80400,24120,0,0,originally_observed_only,1287,321,False,1081
imputation,RFECA_SVR(k=5),0.3,9,1,0.7565338901285367,0.5027289977272787,4819,80400,24120,0,0,originally_observed_only,1286,322,False,1081
imputation,RFECA_SVR(k=5),0.3,9,2,0.7225919507387738,0.48528040608682627,4901,80400,24120,0,0,originally_observed_only,1286,322,False,1081
imputation,RFECA_SVR(k=5),0.3,9,3,0.6912245857827356,0.47350130203342083,4822,80400,24120,0,0,originally_observed_only,1286,322,False,1081
imputation,RFECA_SVR(k=5),0.3,9,4,0.7296639965315208,0.4856346550565632,4849,80400,24120,0,0,originally_observed_only,1287,321,False,1081
imputation,RFECA_SVR(k=5),0.3,9,5,0.7369101649183187,0.4927389693491922,4729,80400,24120,0,0,originally_observed_only,1287,321,False,1081
imputation,RFECA_SVR(k=10),0.3,9,1,0.7405611653560317,0.49543961772724665,4819,80400,24120,0,0,originally_observed_only,1286,322,False,1081
imputation,RFECA_SVR(k=10),0.3,9,2,0.7134441626437177,0.4795966231784242,4901,80400,24120,0,0,originally_observed_only,1286,322,False,1081
imputation,RFECA_SVR(k=10),0.3,9,3,0.6781076618298496,0.4643738941337883,4822,80400,24120,0,0,originally_observed_only,1286,322,False,1081
imputation,RFECA_SVR(k=10),0.3,9,4,0.7268893706458822,0.48266439367438624,4849,80400,24120,0,0,originally_observed_only,1287,321,False,1081
imputation,RFECA_SVR(k=10),0.3,9,5,0.7140176389963964,0.48019653767488507,4729,80400,24120,0,0,originally_observed_only,1287,321,False,1081
imputation,RFECA_SVR(k=20),0.3,9,1,0.7472317307509387,0.4993604851861257,4819,80400,24120,0,0,originally_observed_only,1286,322,False,1081
imputation,RFECA_SVR(k=20),0.3,9,2,0.7310838259037277,0.4902998135648994,4901,80400,24120,0,0,originally_observed_only,1286,322,False,1081
imputation,RFECA_SVR(k=20),0.3,9,3,0.6953637729821455,0.4759303215666058,4822,80400,24120,0,0,originally_observed_only,1286,322,False,1081
imputation,RFECA_SVR(k=20),0.3,9,4,0.7344914545372827,0.4873805288636814,4849,80400,24120,0,0,originally_observed_only,1287,321,False,1081
imputation,RFECA_SVR(k=20),0.3,9,5,0.7171208450749348,0.4851515771292347,4729,80400,24120,0,0,originally_observed_only,1287,321,False,1081
